# shape A mode both ntri 2
# select hard 0 soft 0
# v0 40.0000000 40.0000000
# v1 200.0000000 40.0000000
# v2 200.0000000 180.0000000
# v3 40.0000000 180.0000000
# t0 0 1 2
# t1 0 2 3
# counters drawn=2 software=0 declined=0 warp=2
# mode hardware
P 40 40 255 0 0
P 41 40 0 255 0
P 42 40 0 255 0
P 43 40 0 255 0
P 44 40 0 255 0
P 45 40 0 255 0
P 46 40 0 255 0
P 47 40 0 255 0
P 48 40 0 255 0
P 49 40 0 255 0
P 50 40 0 255 0
P 51 40 0 255 0
P 52 40 0 255 0
P 53 40 0 255 0
P 54 40 0 255 0
P 55 40 0 255 0
P 56 40 0 255 0
P 57 40 0 255 0
P 58 40 0 255 0
P 59 40 0 255 0
P 60 40 0 255 0
P 61 40 0 255 0
P 62 40 0 255 0
P 63 40 0 255 0
P 64 40 0 255 0
P 65 40 0 255 0
P 66 40 0 255 0
P 67 40 0 255 0
P 68 40 0 255 0
P 69 40 0 255 0
P 70 40 0 255 0
P 71 40 0 255 0
P 72 40 0 255 0
P 73 40 0 255 0
P 74 40 0 255 0
P 75 40 0 255 0
P 76 40 0 255 0
P 77 40 0 255 0
P 78 40 0 255 0
P 79 40 0 255 0
P 80 40 0 255 0
P 81 40 0 255 0
P 82 40 0 255 0
P 83 40 0 255 0
P 84 40 0 255 0
P 85 40 0 255 0
P 86 40 0 255 0
P 87 40 0 255 0
P 88 40 0 255 0
P 89 40 0 255 0
P 90 40 0 255 0
P 91 40 0 255 0
P 92 40 0 255 0
P 93 40 0 255 0
P 94 40 0 255 0
P 95 40 0 255 0
P 96 40 0 255 0
P 97 40 0 255 0
P 98 40 0 255 0
P 99 40 0 255 0
P 100 40 0 255 0
P 101 40 0 255 0
P 102 40 0 255 0
P 103 40 0 255 0
P 104 40 0 255 0
P 105 40 0 255 0
P 106 40 0 255 0
P 107 40 0 255 0
P 108 40 0 255 0
P 109 40 0 255 0
P 110 40 0 255 0
P 111 40 0 255 0
P 112 40 0 255 0
P 113 40 0 255 0
P 114 40 0 255 0
P 115 40 0 255 0
P 116 40 0 255 0
P 117 40 0 255 0
P 118 40 0 255 0
P 119 40 0 255 0
P 120 40 0 255 0
P 121 40 0 255 0
P 122 40 0 255 0
P 123 40 0 255 0
P 124 40 0 255 0
P 125 40 0 255 0
P 126 40 0 255 0
P 127 40 0 255 0
P 128 40 0 255 0
P 129 40 0 255 0
P 130 40 0 255 0
P 131 40 0 255 0
P 132 40 0 255 0
P 133 40 0 255 0
P 134 40 0 255 0
P 135 40 0 255 0
P 136 40 0 255 0
P 137 40 0 255 0
P 138 40 0 255 0
P 139 40 0 255 0
P 140 40 0 255 0
P 141 40 0 255 0
P 142 40 0 255 0
P 143 40 0 255 0
P 144 40 0 255 0
P 145 40 0 255 0
P 146 40 0 255 0
P 147 40 0 255 0
P 148 40 0 255 0
P 149 40 0 255 0
P 150 40 0 255 0
P 151 40 0 255 0
P 152 40 0 255 0
P 153 40 0 255 0
P 154 40 0 255 0
P 155 40 0 255 0
P 156 40 0 255 0
P 157 40 0 255 0
P 158 40 0 255 0
P 159 40 0 255 0
P 160 40 0 255 0
P 161 40 0 255 0
P 162 40 0 255 0
P 163 40 0 255 0
P 164 40 0 255 0
P 165 40 0 255 0
P 166 40 0 255 0
P 167 40 0 255 0
P 168 40 0 255 0
P 169 40 0 255 0
P 170 40 0 255 0
P 171 40 0 255 0
P 172 40 0 255 0
P 173 40 0 255 0
P 174 40 0 255 0
P 175 40 0 255 0
P 176 40 0 255 0
P 177 40 0 255 0
P 178 40 0 255 0
P 179 40 0 255 0
P 180 40 0 255 0
P 181 40 0 255 0
P 182 40 0 255 0
P 183 40 0 255 0
P 184 40 0 255 0
P 185 40 0 255 0
P 186 40 0 255 0
P 187 40 0 255 0
P 188 40 0 255 0
P 189 40 0 255 0
P 190 40 0 255 0
P 191 40 0 255 0
P 192 40 0 255 0
P 193 40 0 255 0
P 194 40 0 255 0
P 195 40 0 255 0
P 196 40 0 255 0
P 197 40 0 255 0
P 198 40 0 255 0
P 199 40 0 255 0
P 40 41 255 0 0
P 41 41 255 0 0
P 42 41 0 255 0
P 43 41 0 255 0
P 44 41 0 255 0
P 45 41 0 255 0
P 46 41 0 255 0
P 47 41 0 255 0
P 48 41 0 255 0
P 49 41 0 255 0
P 50 41 0 255 0
P 51 41 0 255 0
P 52 41 0 255 0
P 53 41 0 255 0
P 54 41 0 255 0
P 55 41 0 255 0
P 56 41 0 255 0
P 57 41 0 255 0
P 58 41 0 255 0
P 59 41 0 255 0
P 60 41 0 255 0
P 61 41 0 255 0
P 62 41 0 255 0
P 63 41 0 255 0
P 64 41 0 255 0
P 65 41 0 255 0
P 66 41 0 255 0
P 67 41 0 255 0
P 68 41 0 255 0
P 69 41 0 255 0
P 70 41 0 255 0
P 71 41 0 255 0
P 72 41 0 255 0
P 73 41 0 255 0
P 74 41 0 255 0
P 75 41 0 255 0
P 76 41 0 255 0
P 77 41 0 255 0
P 78 41 0 255 0
P 79 41 0 255 0
P 80 41 0 255 0
P 81 41 0 255 0
P 82 41 0 255 0
P 83 41 0 255 0
P 84 41 0 255 0
P 85 41 0 255 0
P 86 41 0 255 0
P 87 41 0 255 0
P 88 41 0 255 0
P 89 41 0 255 0
P 90 41 0 255 0
P 91 41 0 255 0
P 92 41 0 255 0
P 93 41 0 255 0
P 94 41 0 255 0
P 95 41 0 255 0
P 96 41 0 255 0
P 97 41 0 255 0
P 98 41 0 255 0
P 99 41 0 255 0
P 100 41 0 255 0
P 101 41 0 255 0
P 102 41 0 255 0
P 103 41 0 255 0
P 104 41 0 255 0
P 105 41 0 255 0
P 106 41 0 255 0
P 107 41 0 255 0
P 108 41 0 255 0
P 109 41 0 255 0
P 110 41 0 255 0
P 111 41 0 255 0
P 112 41 0 255 0
P 113 41 0 255 0
P 114 41 0 255 0
P 115 41 0 255 0
P 116 41 0 255 0
P 117 41 0 255 0
P 118 41 0 255 0
P 119 41 0 255 0
P 120 41 0 255 0
P 121 41 0 255 0
P 122 41 0 255 0
P 123 41 0 255 0
P 124 41 0 255 0
P 125 41 0 255 0
P 126 41 0 255 0
P 127 41 0 255 0
P 128 41 0 255 0
P 129 41 0 255 0
P 130 41 0 255 0
P 131 41 0 255 0
P 132 41 0 255 0
P 133 41 0 255 0
P 134 41 0 255 0
P 135 41 0 255 0
P 136 41 0 255 0
P 137 41 0 255 0
P 138 41 0 255 0
P 139 41 0 255 0
P 140 41 0 255 0
P 141 41 0 255 0
P 142 41 0 255 0
P 143 41 0 255 0
P 144 41 0 255 0
P 145 41 0 255 0
P 146 41 0 255 0
P 147 41 0 255 0
P 148 41 0 255 0
P 149 41 0 255 0
P 150 41 0 255 0
P 151 41 0 255 0
P 152 41 0 255 0
P 153 41 0 255 0
P 154 41 0 255 0
P 155 41 0 255 0
P 156 41 0 255 0
P 157 41 0 255 0
P 158 41 0 255 0
P 159 41 0 255 0
P 160 41 0 255 0
P 161 41 0 255 0
P 162 41 0 255 0
P 163 41 0 255 0
P 164 41 0 255 0
P 165 41 0 255 0
P 166 41 0 255 0
P 167 41 0 255 0
P 168 41 0 255 0
P 169 41 0 255 0
P 170 41 0 255 0
P 171 41 0 255 0
P 172 41 0 255 0
P 173 41 0 255 0
P 174 41 0 255 0
P 175 41 0 255 0
P 176 41 0 255 0
P 177 41 0 255 0
P 178 41 0 255 0
P 179 41 0 255 0
P 180 41 0 255 0
P 181 41 0 255 0
P 182 41 0 255 0
P 183 41 0 255 0
P 184 41 0 255 0
P 185 41 0 255 0
P 186 41 0 255 0
P 187 41 0 255 0
P 188 41 0 255 0
P 189 41 0 255 0
P 190 41 0 255 0
P 191 41 0 255 0
P 192 41 0 255 0
P 193 41 0 255 0
P 194 41 0 255 0
P 195 41 0 255 0
P 196 41 0 255 0
P 197 41 0 255 0
P 198 41 0 255 0
P 199 41 0 255 0
P 40 42 255 0 0
P 41 42 255 0 0
P 42 42 255 0 0
P 43 42 0 255 0
P 44 42 0 255 0
P 45 42 0 255 0
P 46 42 0 255 0
P 47 42 0 255 0
P 48 42 0 255 0
P 49 42 0 255 0
P 50 42 0 255 0
P 51 42 0 255 0
P 52 42 0 255 0
P 53 42 0 255 0
P 54 42 0 255 0
P 55 42 0 255 0
P 56 42 0 255 0
P 57 42 0 255 0
P 58 42 0 255 0
P 59 42 0 255 0
P 60 42 0 255 0
P 61 42 0 255 0
P 62 42 0 255 0
P 63 42 0 255 0
P 64 42 0 255 0
P 65 42 0 255 0
P 66 42 0 255 0
P 67 42 0 255 0
P 68 42 0 255 0
P 69 42 0 255 0
P 70 42 0 255 0
P 71 42 0 255 0
P 72 42 0 255 0
P 73 42 0 255 0
P 74 42 0 255 0
P 75 42 0 255 0
P 76 42 0 255 0
P 77 42 0 255 0
P 78 42 0 255 0
P 79 42 0 255 0
P 80 42 0 255 0
P 81 42 0 255 0
P 82 42 0 255 0
P 83 42 0 255 0
P 84 42 0 255 0
P 85 42 0 255 0
P 86 42 0 255 0
P 87 42 0 255 0
P 88 42 0 255 0
P 89 42 0 255 0
P 90 42 0 255 0
P 91 42 0 255 0
P 92 42 0 255 0
P 93 42 0 255 0
P 94 42 0 255 0
P 95 42 0 255 0
P 96 42 0 255 0
P 97 42 0 255 0
P 98 42 0 255 0
P 99 42 0 255 0
P 100 42 0 255 0
P 101 42 0 255 0
P 102 42 0 255 0
P 103 42 0 255 0
P 104 42 0 255 0
P 105 42 0 255 0
P 106 42 0 255 0
P 107 42 0 255 0
P 108 42 0 255 0
P 109 42 0 255 0
P 110 42 0 255 0
P 111 42 0 255 0
P 112 42 0 255 0
P 113 42 0 255 0
P 114 42 0 255 0
P 115 42 0 255 0
P 116 42 0 255 0
P 117 42 0 255 0
P 118 42 0 255 0
P 119 42 0 255 0
P 120 42 0 255 0
P 121 42 0 255 0
P 122 42 0 255 0
P 123 42 0 255 0
P 124 42 0 255 0
P 125 42 0 255 0
P 126 42 0 255 0
P 127 42 0 255 0
P 128 42 0 255 0
P 129 42 0 255 0
P 130 42 0 255 0
P 131 42 0 255 0
P 132 42 0 255 0
P 133 42 0 255 0
P 134 42 0 255 0
P 135 42 0 255 0
P 136 42 0 255 0
P 137 42 0 255 0
P 138 42 0 255 0
P 139 42 0 255 0
P 140 42 0 255 0
P 141 42 0 255 0
P 142 42 0 255 0
P 143 42 0 255 0
P 144 42 0 255 0
P 145 42 0 255 0
P 146 42 0 255 0
P 147 42 0 255 0
P 148 42 0 255 0
P 149 42 0 255 0
P 150 42 0 255 0
P 151 42 0 255 0
P 152 42 0 255 0
P 153 42 0 255 0
P 154 42 0 255 0
P 155 42 0 255 0
P 156 42 0 255 0
P 157 42 0 255 0
P 158 42 0 255 0
P 159 42 0 255 0
P 160 42 0 255 0
P 161 42 0 255 0
P 162 42 0 255 0
P 163 42 0 255 0
P 164 42 0 255 0
P 165 42 0 255 0
P 166 42 0 255 0
P 167 42 0 255 0
P 168 42 0 255 0
P 169 42 0 255 0
P 170 42 0 255 0
P 171 42 0 255 0
P 172 42 0 255 0
P 173 42 0 255 0
P 174 42 0 255 0
P 175 42 0 255 0
P 176 42 0 255 0
P 177 42 0 255 0
P 178 42 0 255 0
P 179 42 0 255 0
P 180 42 0 255 0
P 181 42 0 255 0
P 182 42 0 255 0
P 183 42 0 255 0
P 184 42 0 255 0
P 185 42 0 255 0
P 186 42 0 255 0
P 187 42 0 255 0
P 188 42 0 255 0
P 189 42 0 255 0
P 190 42 0 255 0
P 191 42 0 255 0
P 192 42 0 255 0
P 193 42 0 255 0
P 194 42 0 255 0
P 195 42 0 255 0
P 196 42 0 255 0
P 197 42 0 255 0
P 198 42 0 255 0
P 199 42 0 255 0
P 40 43 255 0 0
P 41 43 255 0 0
P 42 43 255 0 0
P 43 43 255 0 0
P 44 43 0 255 0
P 45 43 0 255 0
P 46 43 0 255 0
P 47 43 0 255 0
P 48 43 0 255 0
P 49 43 0 255 0
P 50 43 0 255 0
P 51 43 0 255 0
P 52 43 0 255 0
P 53 43 0 255 0
P 54 43 0 255 0
P 55 43 0 255 0
P 56 43 0 255 0
P 57 43 0 255 0
P 58 43 0 255 0
P 59 43 0 255 0
P 60 43 0 255 0
P 61 43 0 255 0
P 62 43 0 255 0
P 63 43 0 255 0
P 64 43 0 255 0
P 65 43 0 255 0
P 66 43 0 255 0
P 67 43 0 255 0
P 68 43 0 255 0
P 69 43 0 255 0
P 70 43 0 255 0
P 71 43 0 255 0
P 72 43 0 255 0
P 73 43 0 255 0
P 74 43 0 255 0
P 75 43 0 255 0
P 76 43 0 255 0
P 77 43 0 255 0
P 78 43 0 255 0
P 79 43 0 255 0
P 80 43 0 255 0
P 81 43 0 255 0
P 82 43 0 255 0
P 83 43 0 255 0
P 84 43 0 255 0
P 85 43 0 255 0
P 86 43 0 255 0
P 87 43 0 255 0
P 88 43 0 255 0
P 89 43 0 255 0
P 90 43 0 255 0
P 91 43 0 255 0
P 92 43 0 255 0
P 93 43 0 255 0
P 94 43 0 255 0
P 95 43 0 255 0
P 96 43 0 255 0
P 97 43 0 255 0
P 98 43 0 255 0
P 99 43 0 255 0
P 100 43 0 255 0
P 101 43 0 255 0
P 102 43 0 255 0
P 103 43 0 255 0
P 104 43 0 255 0
P 105 43 0 255 0
P 106 43 0 255 0
P 107 43 0 255 0
P 108 43 0 255 0
P 109 43 0 255 0
P 110 43 0 255 0
P 111 43 0 255 0
P 112 43 0 255 0
P 113 43 0 255 0
P 114 43 0 255 0
P 115 43 0 255 0
P 116 43 0 255 0
P 117 43 0 255 0
P 118 43 0 255 0
P 119 43 0 255 0
P 120 43 0 255 0
P 121 43 0 255 0
P 122 43 0 255 0
P 123 43 0 255 0
P 124 43 0 255 0
P 125 43 0 255 0
P 126 43 0 255 0
P 127 43 0 255 0
P 128 43 0 255 0
P 129 43 0 255 0
P 130 43 0 255 0
P 131 43 0 255 0
P 132 43 0 255 0
P 133 43 0 255 0
P 134 43 0 255 0
P 135 43 0 255 0
P 136 43 0 255 0
P 137 43 0 255 0
P 138 43 0 255 0
P 139 43 0 255 0
P 140 43 0 255 0
P 141 43 0 255 0
P 142 43 0 255 0
P 143 43 0 255 0
P 144 43 0 255 0
P 145 43 0 255 0
P 146 43 0 255 0
P 147 43 0 255 0
P 148 43 0 255 0
P 149 43 0 255 0
P 150 43 0 255 0
P 151 43 0 255 0
P 152 43 0 255 0
P 153 43 0 255 0
P 154 43 0 255 0
P 155 43 0 255 0
P 156 43 0 255 0
P 157 43 0 255 0
P 158 43 0 255 0
P 159 43 0 255 0
P 160 43 0 255 0
P 161 43 0 255 0
P 162 43 0 255 0
P 163 43 0 255 0
P 164 43 0 255 0
P 165 43 0 255 0
P 166 43 0 255 0
P 167 43 0 255 0
P 168 43 0 255 0
P 169 43 0 255 0
P 170 43 0 255 0
P 171 43 0 255 0
P 172 43 0 255 0
P 173 43 0 255 0
P 174 43 0 255 0
P 175 43 0 255 0
P 176 43 0 255 0
P 177 43 0 255 0
P 178 43 0 255 0
P 179 43 0 255 0
P 180 43 0 255 0
P 181 43 0 255 0
P 182 43 0 255 0
P 183 43 0 255 0
P 184 43 0 255 0
P 185 43 0 255 0
P 186 43 0 255 0
P 187 43 0 255 0
P 188 43 0 255 0
P 189 43 0 255 0
P 190 43 0 255 0
P 191 43 0 255 0
P 192 43 0 255 0
P 193 43 0 255 0
P 194 43 0 255 0
P 195 43 0 255 0
P 196 43 0 255 0
P 197 43 0 255 0
P 198 43 0 255 0
P 199 43 0 255 0
P 40 44 255 0 0
P 41 44 255 0 0
P 42 44 255 0 0
P 43 44 255 0 0
P 44 44 255 0 0
P 45 44 0 255 0
P 46 44 0 255 0
P 47 44 0 255 0
P 48 44 0 255 0
P 49 44 0 255 0
P 50 44 0 255 0
P 51 44 0 255 0
P 52 44 0 255 0
P 53 44 0 255 0
P 54 44 0 255 0
P 55 44 0 255 0
P 56 44 0 255 0
P 57 44 0 255 0
P 58 44 0 255 0
P 59 44 0 255 0
P 60 44 0 255 0
P 61 44 0 255 0
P 62 44 0 255 0
P 63 44 0 255 0
P 64 44 0 255 0
P 65 44 0 255 0
P 66 44 0 255 0
P 67 44 0 255 0
P 68 44 0 255 0
P 69 44 0 255 0
P 70 44 0 255 0
P 71 44 0 255 0
P 72 44 0 255 0
P 73 44 0 255 0
P 74 44 0 255 0
P 75 44 0 255 0
P 76 44 0 255 0
P 77 44 0 255 0
P 78 44 0 255 0
P 79 44 0 255 0
P 80 44 0 255 0
P 81 44 0 255 0
P 82 44 0 255 0
P 83 44 0 255 0
P 84 44 0 255 0
P 85 44 0 255 0
P 86 44 0 255 0
P 87 44 0 255 0
P 88 44 0 255 0
P 89 44 0 255 0
P 90 44 0 255 0
P 91 44 0 255 0
P 92 44 0 255 0
P 93 44 0 255 0
P 94 44 0 255 0
P 95 44 0 255 0
P 96 44 0 255 0
P 97 44 0 255 0
P 98 44 0 255 0
P 99 44 0 255 0
P 100 44 0 255 0
P 101 44 0 255 0
P 102 44 0 255 0
P 103 44 0 255 0
P 104 44 0 255 0
P 105 44 0 255 0
P 106 44 0 255 0
P 107 44 0 255 0
P 108 44 0 255 0
P 109 44 0 255 0
P 110 44 0 255 0
P 111 44 0 255 0
P 112 44 0 255 0
P 113 44 0 255 0
P 114 44 0 255 0
P 115 44 0 255 0
P 116 44 0 255 0
P 117 44 0 255 0
P 118 44 0 255 0
P 119 44 0 255 0
P 120 44 0 255 0
P 121 44 0 255 0
P 122 44 0 255 0
P 123 44 0 255 0
P 124 44 0 255 0
P 125 44 0 255 0
P 126 44 0 255 0
P 127 44 0 255 0
P 128 44 0 255 0
P 129 44 0 255 0
P 130 44 0 255 0
P 131 44 0 255 0
P 132 44 0 255 0
P 133 44 0 255 0
P 134 44 0 255 0
P 135 44 0 255 0
P 136 44 0 255 0
P 137 44 0 255 0
P 138 44 0 255 0
P 139 44 0 255 0
P 140 44 0 255 0
P 141 44 0 255 0
P 142 44 0 255 0
P 143 44 0 255 0
P 144 44 0 255 0
P 145 44 0 255 0
P 146 44 0 255 0
P 147 44 0 255 0
P 148 44 0 255 0
P 149 44 0 255 0
P 150 44 0 255 0
P 151 44 0 255 0
P 152 44 0 255 0
P 153 44 0 255 0
P 154 44 0 255 0
P 155 44 0 255 0
P 156 44 0 255 0
P 157 44 0 255 0
P 158 44 0 255 0
P 159 44 0 255 0
P 160 44 0 255 0
P 161 44 0 255 0
P 162 44 0 255 0
P 163 44 0 255 0
P 164 44 0 255 0
P 165 44 0 255 0
P 166 44 0 255 0
P 167 44 0 255 0
P 168 44 0 255 0
P 169 44 0 255 0
P 170 44 0 255 0
P 171 44 0 255 0
P 172 44 0 255 0
P 173 44 0 255 0
P 174 44 0 255 0
P 175 44 0 255 0
P 176 44 0 255 0
P 177 44 0 255 0
P 178 44 0 255 0
P 179 44 0 255 0
P 180 44 0 255 0
P 181 44 0 255 0
P 182 44 0 255 0
P 183 44 0 255 0
P 184 44 0 255 0
P 185 44 0 255 0
P 186 44 0 255 0
P 187 44 0 255 0
P 188 44 0 255 0
P 189 44 0 255 0
P 190 44 0 255 0
P 191 44 0 255 0
P 192 44 0 255 0
P 193 44 0 255 0
P 194 44 0 255 0
P 195 44 0 255 0
P 196 44 0 255 0
P 197 44 0 255 0
P 198 44 0 255 0
P 199 44 0 255 0
P 40 45 255 0 0
P 41 45 255 0 0
P 42 45 255 0 0
P 43 45 255 0 0
P 44 45 255 0 0
P 45 45 255 0 0
P 46 45 0 255 0
P 47 45 0 255 0
P 48 45 0 255 0
P 49 45 0 255 0
P 50 45 0 255 0
P 51 45 0 255 0
P 52 45 0 255 0
P 53 45 0 255 0
P 54 45 0 255 0
P 55 45 0 255 0
P 56 45 0 255 0
P 57 45 0 255 0
P 58 45 0 255 0
P 59 45 0 255 0
P 60 45 0 255 0
P 61 45 0 255 0
P 62 45 0 255 0
P 63 45 0 255 0
P 64 45 0 255 0
P 65 45 0 255 0
P 66 45 0 255 0
P 67 45 0 255 0
P 68 45 0 255 0
P 69 45 0 255 0
P 70 45 0 255 0
P 71 45 0 255 0
P 72 45 0 255 0
P 73 45 0 255 0
P 74 45 0 255 0
P 75 45 0 255 0
P 76 45 0 255 0
P 77 45 0 255 0
P 78 45 0 255 0
P 79 45 0 255 0
P 80 45 0 255 0
P 81 45 0 255 0
P 82 45 0 255 0
P 83 45 0 255 0
P 84 45 0 255 0
P 85 45 0 255 0
P 86 45 0 255 0
P 87 45 0 255 0
P 88 45 0 255 0
P 89 45 0 255 0
P 90 45 0 255 0
P 91 45 0 255 0
P 92 45 0 255 0
P 93 45 0 255 0
P 94 45 0 255 0
P 95 45 0 255 0
P 96 45 0 255 0
P 97 45 0 255 0
P 98 45 0 255 0
P 99 45 0 255 0
P 100 45 0 255 0
P 101 45 0 255 0
P 102 45 0 255 0
P 103 45 0 255 0
P 104 45 0 255 0
P 105 45 0 255 0
P 106 45 0 255 0
P 107 45 0 255 0
P 108 45 0 255 0
P 109 45 0 255 0
P 110 45 0 255 0
P 111 45 0 255 0
P 112 45 0 255 0
P 113 45 0 255 0
P 114 45 0 255 0
P 115 45 0 255 0
P 116 45 0 255 0
P 117 45 0 255 0
P 118 45 0 255 0
P 119 45 0 255 0
P 120 45 0 255 0
P 121 45 0 255 0
P 122 45 0 255 0
P 123 45 0 255 0
P 124 45 0 255 0
P 125 45 0 255 0
P 126 45 0 255 0
P 127 45 0 255 0
P 128 45 0 255 0
P 129 45 0 255 0
P 130 45 0 255 0
P 131 45 0 255 0
P 132 45 0 255 0
P 133 45 0 255 0
P 134 45 0 255 0
P 135 45 0 255 0
P 136 45 0 255 0
P 137 45 0 255 0
P 138 45 0 255 0
P 139 45 0 255 0
P 140 45 0 255 0
P 141 45 0 255 0
P 142 45 0 255 0
P 143 45 0 255 0
P 144 45 0 255 0
P 145 45 0 255 0
P 146 45 0 255 0
P 147 45 0 255 0
P 148 45 0 255 0
P 149 45 0 255 0
P 150 45 0 255 0
P 151 45 0 255 0
P 152 45 0 255 0
P 153 45 0 255 0
P 154 45 0 255 0
P 155 45 0 255 0
P 156 45 0 255 0
P 157 45 0 255 0
P 158 45 0 255 0
P 159 45 0 255 0
P 160 45 0 255 0
P 161 45 0 255 0
P 162 45 0 255 0
P 163 45 0 255 0
P 164 45 0 255 0
P 165 45 0 255 0
P 166 45 0 255 0
P 167 45 0 255 0
P 168 45 0 255 0
P 169 45 0 255 0
P 170 45 0 255 0
P 171 45 0 255 0
P 172 45 0 255 0
P 173 45 0 255 0
P 174 45 0 255 0
P 175 45 0 255 0
P 176 45 0 255 0
P 177 45 0 255 0
P 178 45 0 255 0
P 179 45 0 255 0
P 180 45 0 255 0
P 181 45 0 255 0
P 182 45 0 255 0
P 183 45 0 255 0
P 184 45 0 255 0
P 185 45 0 255 0
P 186 45 0 255 0
P 187 45 0 255 0
P 188 45 0 255 0
P 189 45 0 255 0
P 190 45 0 255 0
P 191 45 0 255 0
P 192 45 0 255 0
P 193 45 0 255 0
P 194 45 0 255 0
P 195 45 0 255 0
P 196 45 0 255 0
P 197 45 0 255 0
P 198 45 0 255 0
P 199 45 0 255 0
P 40 46 255 0 0
P 41 46 255 0 0
P 42 46 255 0 0
P 43 46 255 0 0
P 44 46 255 0 0
P 45 46 255 0 0
P 46 46 255 0 0
P 47 46 0 255 0
P 48 46 0 255 0
P 49 46 0 255 0
P 50 46 0 255 0
P 51 46 0 255 0
P 52 46 0 255 0
P 53 46 0 255 0
P 54 46 0 255 0
P 55 46 0 255 0
P 56 46 0 255 0
P 57 46 0 255 0
P 58 46 0 255 0
P 59 46 0 255 0
P 60 46 0 255 0
P 61 46 0 255 0
P 62 46 0 255 0
P 63 46 0 255 0
P 64 46 0 255 0
P 65 46 0 255 0
P 66 46 0 255 0
P 67 46 0 255 0
P 68 46 0 255 0
P 69 46 0 255 0
P 70 46 0 255 0
P 71 46 0 255 0
P 72 46 0 255 0
P 73 46 0 255 0
P 74 46 0 255 0
P 75 46 0 255 0
P 76 46 0 255 0
P 77 46 0 255 0
P 78 46 0 255 0
P 79 46 0 255 0
P 80 46 0 255 0
P 81 46 0 255 0
P 82 46 0 255 0
P 83 46 0 255 0
P 84 46 0 255 0
P 85 46 0 255 0
P 86 46 0 255 0
P 87 46 0 255 0
P 88 46 0 255 0
P 89 46 0 255 0
P 90 46 0 255 0
P 91 46 0 255 0
P 92 46 0 255 0
P 93 46 0 255 0
P 94 46 0 255 0
P 95 46 0 255 0
P 96 46 0 255 0
P 97 46 0 255 0
P 98 46 0 255 0
P 99 46 0 255 0
P 100 46 0 255 0
P 101 46 0 255 0
P 102 46 0 255 0
P 103 46 0 255 0
P 104 46 0 255 0
P 105 46 0 255 0
P 106 46 0 255 0
P 107 46 0 255 0
P 108 46 0 255 0
P 109 46 0 255 0
P 110 46 0 255 0
P 111 46 0 255 0
P 112 46 0 255 0
P 113 46 0 255 0
P 114 46 0 255 0
P 115 46 0 255 0
P 116 46 0 255 0
P 117 46 0 255 0
P 118 46 0 255 0
P 119 46 0 255 0
P 120 46 0 255 0
P 121 46 0 255 0
P 122 46 0 255 0
P 123 46 0 255 0
P 124 46 0 255 0
P 125 46 0 255 0
P 126 46 0 255 0
P 127 46 0 255 0
P 128 46 0 255 0
P 129 46 0 255 0
P 130 46 0 255 0
P 131 46 0 255 0
P 132 46 0 255 0
P 133 46 0 255 0
P 134 46 0 255 0
P 135 46 0 255 0
P 136 46 0 255 0
P 137 46 0 255 0
P 138 46 0 255 0
P 139 46 0 255 0
P 140 46 0 255 0
P 141 46 0 255 0
P 142 46 0 255 0
P 143 46 0 255 0
P 144 46 0 255 0
P 145 46 0 255 0
P 146 46 0 255 0
P 147 46 0 255 0
P 148 46 0 255 0
P 149 46 0 255 0
P 150 46 0 255 0
P 151 46 0 255 0
P 152 46 0 255 0
P 153 46 0 255 0
P 154 46 0 255 0
P 155 46 0 255 0
P 156 46 0 255 0
P 157 46 0 255 0
P 158 46 0 255 0
P 159 46 0 255 0
P 160 46 0 255 0
P 161 46 0 255 0
P 162 46 0 255 0
P 163 46 0 255 0
P 164 46 0 255 0
P 165 46 0 255 0
P 166 46 0 255 0
P 167 46 0 255 0
P 168 46 0 255 0
P 169 46 0 255 0
P 170 46 0 255 0
P 171 46 0 255 0
P 172 46 0 255 0
P 173 46 0 255 0
P 174 46 0 255 0
P 175 46 0 255 0
P 176 46 0 255 0
P 177 46 0 255 0
P 178 46 0 255 0
P 179 46 0 255 0
P 180 46 0 255 0
P 181 46 0 255 0
P 182 46 0 255 0
P 183 46 0 255 0
P 184 46 0 255 0
P 185 46 0 255 0
P 186 46 0 255 0
P 187 46 0 255 0
P 188 46 0 255 0
P 189 46 0 255 0
P 190 46 0 255 0
P 191 46 0 255 0
P 192 46 0 255 0
P 193 46 0 255 0
P 194 46 0 255 0
P 195 46 0 255 0
P 196 46 0 255 0
P 197 46 0 255 0
P 198 46 0 255 0
P 199 46 0 255 0
P 40 47 255 0 0
P 41 47 255 0 0
P 42 47 255 0 0
P 43 47 255 0 0
P 44 47 255 0 0
P 45 47 255 0 0
P 46 47 255 0 0
P 47 47 255 0 0
P 48 47 255 0 0
P 49 47 0 255 0
P 50 47 0 255 0
P 51 47 0 255 0
P 52 47 0 255 0
P 53 47 0 255 0
P 54 47 0 255 0
P 55 47 0 255 0
P 56 47 0 255 0
P 57 47 0 255 0
P 58 47 0 255 0
P 59 47 0 255 0
P 60 47 0 255 0
P 61 47 0 255 0
P 62 47 0 255 0
P 63 47 0 255 0
P 64 47 0 255 0
P 65 47 0 255 0
P 66 47 0 255 0
P 67 47 0 255 0
P 68 47 0 255 0
P 69 47 0 255 0
P 70 47 0 255 0
P 71 47 0 255 0
P 72 47 0 255 0
P 73 47 0 255 0
P 74 47 0 255 0
P 75 47 0 255 0
P 76 47 0 255 0
P 77 47 0 255 0
P 78 47 0 255 0
P 79 47 0 255 0
P 80 47 0 255 0
P 81 47 0 255 0
P 82 47 0 255 0
P 83 47 0 255 0
P 84 47 0 255 0
P 85 47 0 255 0
P 86 47 0 255 0
P 87 47 0 255 0
P 88 47 0 255 0
P 89 47 0 255 0
P 90 47 0 255 0
P 91 47 0 255 0
P 92 47 0 255 0
P 93 47 0 255 0
P 94 47 0 255 0
P 95 47 0 255 0
P 96 47 0 255 0
P 97 47 0 255 0
P 98 47 0 255 0
P 99 47 0 255 0
P 100 47 0 255 0
P 101 47 0 255 0
P 102 47 0 255 0
P 103 47 0 255 0
P 104 47 0 255 0
P 105 47 0 255 0
P 106 47 0 255 0
P 107 47 0 255 0
P 108 47 0 255 0
P 109 47 0 255 0
P 110 47 0 255 0
P 111 47 0 255 0
P 112 47 0 255 0
P 113 47 0 255 0
P 114 47 0 255 0
P 115 47 0 255 0
P 116 47 0 255 0
P 117 47 0 255 0
P 118 47 0 255 0
P 119 47 0 255 0
P 120 47 0 255 0
P 121 47 0 255 0
P 122 47 0 255 0
P 123 47 0 255 0
P 124 47 0 255 0
P 125 47 0 255 0
P 126 47 0 255 0
P 127 47 0 255 0
P 128 47 0 255 0
P 129 47 0 255 0
P 130 47 0 255 0
P 131 47 0 255 0
P 132 47 0 255 0
P 133 47 0 255 0
P 134 47 0 255 0
P 135 47 0 255 0
P 136 47 0 255 0
P 137 47 0 255 0
P 138 47 0 255 0
P 139 47 0 255 0
P 140 47 0 255 0
P 141 47 0 255 0
P 142 47 0 255 0
P 143 47 0 255 0
P 144 47 0 255 0
P 145 47 0 255 0
P 146 47 0 255 0
P 147 47 0 255 0
P 148 47 0 255 0
P 149 47 0 255 0
P 150 47 0 255 0
P 151 47 0 255 0
P 152 47 0 255 0
P 153 47 0 255 0
P 154 47 0 255 0
P 155 47 0 255 0
P 156 47 0 255 0
P 157 47 0 255 0
P 158 47 0 255 0
P 159 47 0 255 0
P 160 47 0 255 0
P 161 47 0 255 0
P 162 47 0 255 0
P 163 47 0 255 0
P 164 47 0 255 0
P 165 47 0 255 0
P 166 47 0 255 0
P 167 47 0 255 0
P 168 47 0 255 0
P 169 47 0 255 0
P 170 47 0 255 0
P 171 47 0 255 0
P 172 47 0 255 0
P 173 47 0 255 0
P 174 47 0 255 0
P 175 47 0 255 0
P 176 47 0 255 0
P 177 47 0 255 0
P 178 47 0 255 0
P 179 47 0 255 0
P 180 47 0 255 0
P 181 47 0 255 0
P 182 47 0 255 0
P 183 47 0 255 0
P 184 47 0 255 0
P 185 47 0 255 0
P 186 47 0 255 0
P 187 47 0 255 0
P 188 47 0 255 0
P 189 47 0 255 0
P 190 47 0 255 0
P 191 47 0 255 0
P 192 47 0 255 0
P 193 47 0 255 0
P 194 47 0 255 0
P 195 47 0 255 0
P 196 47 0 255 0
P 197 47 0 255 0
P 198 47 0 255 0
P 199 47 0 255 0
P 40 48 255 0 0
P 41 48 255 0 0
P 42 48 255 0 0
P 43 48 255 0 0
P 44 48 255 0 0
P 45 48 255 0 0
P 46 48 255 0 0
P 47 48 255 0 0
P 48 48 255 0 0
P 49 48 255 0 0
P 50 48 0 255 0
P 51 48 0 255 0
P 52 48 0 255 0
P 53 48 0 255 0
P 54 48 0 255 0
P 55 48 0 255 0
P 56 48 0 255 0
P 57 48 0 255 0
P 58 48 0 255 0
P 59 48 0 255 0
P 60 48 0 255 0
P 61 48 0 255 0
P 62 48 0 255 0
P 63 48 0 255 0
P 64 48 0 255 0
P 65 48 0 255 0
P 66 48 0 255 0
P 67 48 0 255 0
P 68 48 0 255 0
P 69 48 0 255 0
P 70 48 0 255 0
P 71 48 0 255 0
P 72 48 0 255 0
P 73 48 0 255 0
P 74 48 0 255 0
P 75 48 0 255 0
P 76 48 0 255 0
P 77 48 0 255 0
P 78 48 0 255 0
P 79 48 0 255 0
P 80 48 0 255 0
P 81 48 0 255 0
P 82 48 0 255 0
P 83 48 0 255 0
P 84 48 0 255 0
P 85 48 0 255 0
P 86 48 0 255 0
P 87 48 0 255 0
P 88 48 0 255 0
P 89 48 0 255 0
P 90 48 0 255 0
P 91 48 0 255 0
P 92 48 0 255 0
P 93 48 0 255 0
P 94 48 0 255 0
P 95 48 0 255 0
P 96 48 0 255 0
P 97 48 0 255 0
P 98 48 0 255 0
P 99 48 0 255 0
P 100 48 0 255 0
P 101 48 0 255 0
P 102 48 0 255 0
P 103 48 0 255 0
P 104 48 0 255 0
P 105 48 0 255 0
P 106 48 0 255 0
P 107 48 0 255 0
P 108 48 0 255 0
P 109 48 0 255 0
P 110 48 0 255 0
P 111 48 0 255 0
P 112 48 0 255 0
P 113 48 0 255 0
P 114 48 0 255 0
P 115 48 0 255 0
P 116 48 0 255 0
P 117 48 0 255 0
P 118 48 0 255 0
P 119 48 0 255 0
P 120 48 0 255 0
P 121 48 0 255 0
P 122 48 0 255 0
P 123 48 0 255 0
P 124 48 0 255 0
P 125 48 0 255 0
P 126 48 0 255 0
P 127 48 0 255 0
P 128 48 0 255 0
P 129 48 0 255 0
P 130 48 0 255 0
P 131 48 0 255 0
P 132 48 0 255 0
P 133 48 0 255 0
P 134 48 0 255 0
P 135 48 0 255 0
P 136 48 0 255 0
P 137 48 0 255 0
P 138 48 0 255 0
P 139 48 0 255 0
P 140 48 0 255 0
P 141 48 0 255 0
P 142 48 0 255 0
P 143 48 0 255 0
P 144 48 0 255 0
P 145 48 0 255 0
P 146 48 0 255 0
P 147 48 0 255 0
P 148 48 0 255 0
P 149 48 0 255 0
P 150 48 0 255 0
P 151 48 0 255 0
P 152 48 0 255 0
P 153 48 0 255 0
P 154 48 0 255 0
P 155 48 0 255 0
P 156 48 0 255 0
P 157 48 0 255 0
P 158 48 0 255 0
P 159 48 0 255 0
P 160 48 0 255 0
P 161 48 0 255 0
P 162 48 0 255 0
P 163 48 0 255 0
P 164 48 0 255 0
P 165 48 0 255 0
P 166 48 0 255 0
P 167 48 0 255 0
P 168 48 0 255 0
P 169 48 0 255 0
P 170 48 0 255 0
P 171 48 0 255 0
P 172 48 0 255 0
P 173 48 0 255 0
P 174 48 0 255 0
P 175 48 0 255 0
P 176 48 0 255 0
P 177 48 0 255 0
P 178 48 0 255 0
P 179 48 0 255 0
P 180 48 0 255 0
P 181 48 0 255 0
P 182 48 0 255 0
P 183 48 0 255 0
P 184 48 0 255 0
P 185 48 0 255 0
P 186 48 0 255 0
P 187 48 0 255 0
P 188 48 0 255 0
P 189 48 0 255 0
P 190 48 0 255 0
P 191 48 0 255 0
P 192 48 0 255 0
P 193 48 0 255 0
P 194 48 0 255 0
P 195 48 0 255 0
P 196 48 0 255 0
P 197 48 0 255 0
P 198 48 0 255 0
P 199 48 0 255 0
P 40 49 255 0 0
P 41 49 255 0 0
P 42 49 255 0 0
P 43 49 255 0 0
P 44 49 255 0 0
P 45 49 255 0 0
P 46 49 255 0 0
P 47 49 255 0 0
P 48 49 255 0 0
P 49 49 255 0 0
P 50 49 255 0 0
P 51 49 0 255 0
P 52 49 0 255 0
P 53 49 0 255 0
P 54 49 0 255 0
P 55 49 0 255 0
P 56 49 0 255 0
P 57 49 0 255 0
P 58 49 0 255 0
P 59 49 0 255 0
P 60 49 0 255 0
P 61 49 0 255 0
P 62 49 0 255 0
P 63 49 0 255 0
P 64 49 0 255 0
P 65 49 0 255 0
P 66 49 0 255 0
P 67 49 0 255 0
P 68 49 0 255 0
P 69 49 0 255 0
P 70 49 0 255 0
P 71 49 0 255 0
P 72 49 0 255 0
P 73 49 0 255 0
P 74 49 0 255 0
P 75 49 0 255 0
P 76 49 0 255 0
P 77 49 0 255 0
P 78 49 0 255 0
P 79 49 0 255 0
P 80 49 0 255 0
P 81 49 0 255 0
P 82 49 0 255 0
P 83 49 0 255 0
P 84 49 0 255 0
P 85 49 0 255 0
P 86 49 0 255 0
P 87 49 0 255 0
P 88 49 0 255 0
P 89 49 0 255 0
P 90 49 0 255 0
P 91 49 0 255 0
P 92 49 0 255 0
P 93 49 0 255 0
P 94 49 0 255 0
P 95 49 0 255 0
P 96 49 0 255 0
P 97 49 0 255 0
P 98 49 0 255 0
P 99 49 0 255 0
P 100 49 0 255 0
P 101 49 0 255 0
P 102 49 0 255 0
P 103 49 0 255 0
P 104 49 0 255 0
P 105 49 0 255 0
P 106 49 0 255 0
P 107 49 0 255 0
P 108 49 0 255 0
P 109 49 0 255 0
P 110 49 0 255 0
P 111 49 0 255 0
P 112 49 0 255 0
P 113 49 0 255 0
P 114 49 0 255 0
P 115 49 0 255 0
P 116 49 0 255 0
P 117 49 0 255 0
P 118 49 0 255 0
P 119 49 0 255 0
P 120 49 0 255 0
P 121 49 0 255 0
P 122 49 0 255 0
P 123 49 0 255 0
P 124 49 0 255 0
P 125 49 0 255 0
P 126 49 0 255 0
P 127 49 0 255 0
P 128 49 0 255 0
P 129 49 0 255 0
P 130 49 0 255 0
P 131 49 0 255 0
P 132 49 0 255 0
P 133 49 0 255 0
P 134 49 0 255 0
P 135 49 0 255 0
P 136 49 0 255 0
P 137 49 0 255 0
P 138 49 0 255 0
P 139 49 0 255 0
P 140 49 0 255 0
P 141 49 0 255 0
P 142 49 0 255 0
P 143 49 0 255 0
P 144 49 0 255 0
P 145 49 0 255 0
P 146 49 0 255 0
P 147 49 0 255 0
P 148 49 0 255 0
P 149 49 0 255 0
P 150 49 0 255 0
P 151 49 0 255 0
P 152 49 0 255 0
P 153 49 0 255 0
P 154 49 0 255 0
P 155 49 0 255 0
P 156 49 0 255 0
P 157 49 0 255 0
P 158 49 0 255 0
P 159 49 0 255 0
P 160 49 0 255 0
P 161 49 0 255 0
P 162 49 0 255 0
P 163 49 0 255 0
P 164 49 0 255 0
P 165 49 0 255 0
P 166 49 0 255 0
P 167 49 0 255 0
P 168 49 0 255 0
P 169 49 0 255 0
P 170 49 0 255 0
P 171 49 0 255 0
P 172 49 0 255 0
P 173 49 0 255 0
P 174 49 0 255 0
P 175 49 0 255 0
P 176 49 0 255 0
P 177 49 0 255 0
P 178 49 0 255 0
P 179 49 0 255 0
P 180 49 0 255 0
P 181 49 0 255 0
P 182 49 0 255 0
P 183 49 0 255 0
P 184 49 0 255 0
P 185 49 0 255 0
P 186 49 0 255 0
P 187 49 0 255 0
P 188 49 0 255 0
P 189 49 0 255 0
P 190 49 0 255 0
P 191 49 0 255 0
P 192 49 0 255 0
P 193 49 0 255 0
P 194 49 0 255 0
P 195 49 0 255 0
P 196 49 0 255 0
P 197 49 0 255 0
P 198 49 0 255 0
P 199 49 0 255 0
P 40 50 255 0 0
P 41 50 255 0 0
P 42 50 255 0 0
P 43 50 255 0 0
P 44 50 255 0 0
P 45 50 255 0 0
P 46 50 255 0 0
P 47 50 255 0 0
P 48 50 255 0 0
P 49 50 255 0 0
P 50 50 255 0 0
P 51 50 255 0 0
P 52 50 0 255 0
P 53 50 0 255 0
P 54 50 0 255 0
P 55 50 0 255 0
P 56 50 0 255 0
P 57 50 0 255 0
P 58 50 0 255 0
P 59 50 0 255 0
P 60 50 0 255 0
P 61 50 0 255 0
P 62 50 0 255 0
P 63 50 0 255 0
P 64 50 0 255 0
P 65 50 0 255 0
P 66 50 0 255 0
P 67 50 0 255 0
P 68 50 0 255 0
P 69 50 0 255 0
P 70 50 0 255 0
P 71 50 0 255 0
P 72 50 0 255 0
P 73 50 0 255 0
P 74 50 0 255 0
P 75 50 0 255 0
P 76 50 0 255 0
P 77 50 0 255 0
P 78 50 0 255 0
P 79 50 0 255 0
P 80 50 0 255 0
P 81 50 0 255 0
P 82 50 0 255 0
P 83 50 0 255 0
P 84 50 0 255 0
P 85 50 0 255 0
P 86 50 0 255 0
P 87 50 0 255 0
P 88 50 0 255 0
P 89 50 0 255 0
P 90 50 0 255 0
P 91 50 0 255 0
P 92 50 0 255 0
P 93 50 0 255 0
P 94 50 0 255 0
P 95 50 0 255 0
P 96 50 0 255 0
P 97 50 0 255 0
P 98 50 0 255 0
P 99 50 0 255 0
P 100 50 0 255 0
P 101 50 0 255 0
P 102 50 0 255 0
P 103 50 0 255 0
P 104 50 0 255 0
P 105 50 0 255 0
P 106 50 0 255 0
P 107 50 0 255 0
P 108 50 0 255 0
P 109 50 0 255 0
P 110 50 0 255 0
P 111 50 0 255 0
P 112 50 0 255 0
P 113 50 0 255 0
P 114 50 0 255 0
P 115 50 0 255 0
P 116 50 0 255 0
P 117 50 0 255 0
P 118 50 0 255 0
P 119 50 0 255 0
P 120 50 0 255 0
P 121 50 0 255 0
P 122 50 0 255 0
P 123 50 0 255 0
P 124 50 0 255 0
P 125 50 0 255 0
P 126 50 0 255 0
P 127 50 0 255 0
P 128 50 0 255 0
P 129 50 0 255 0
P 130 50 0 255 0
P 131 50 0 255 0
P 132 50 0 255 0
P 133 50 0 255 0
P 134 50 0 255 0
P 135 50 0 255 0
P 136 50 0 255 0
P 137 50 0 255 0
P 138 50 0 255 0
P 139 50 0 255 0
P 140 50 0 255 0
P 141 50 0 255 0
P 142 50 0 255 0
P 143 50 0 255 0
P 144 50 0 255 0
P 145 50 0 255 0
P 146 50 0 255 0
P 147 50 0 255 0
P 148 50 0 255 0
P 149 50 0 255 0
P 150 50 0 255 0
P 151 50 0 255 0
P 152 50 0 255 0
P 153 50 0 255 0
P 154 50 0 255 0
P 155 50 0 255 0
P 156 50 0 255 0
P 157 50 0 255 0
P 158 50 0 255 0
P 159 50 0 255 0
P 160 50 0 255 0
P 161 50 0 255 0
P 162 50 0 255 0
P 163 50 0 255 0
P 164 50 0 255 0
P 165 50 0 255 0
P 166 50 0 255 0
P 167 50 0 255 0
P 168 50 0 255 0
P 169 50 0 255 0
P 170 50 0 255 0
P 171 50 0 255 0
P 172 50 0 255 0
P 173 50 0 255 0
P 174 50 0 255 0
P 175 50 0 255 0
P 176 50 0 255 0
P 177 50 0 255 0
P 178 50 0 255 0
P 179 50 0 255 0
P 180 50 0 255 0
P 181 50 0 255 0
P 182 50 0 255 0
P 183 50 0 255 0
P 184 50 0 255 0
P 185 50 0 255 0
P 186 50 0 255 0
P 187 50 0 255 0
P 188 50 0 255 0
P 189 50 0 255 0
P 190 50 0 255 0
P 191 50 0 255 0
P 192 50 0 255 0
P 193 50 0 255 0
P 194 50 0 255 0
P 195 50 0 255 0
P 196 50 0 255 0
P 197 50 0 255 0
P 198 50 0 255 0
P 199 50 0 255 0
P 40 51 255 0 0
P 41 51 255 0 0
P 42 51 255 0 0
P 43 51 255 0 0
P 44 51 255 0 0
P 45 51 255 0 0
P 46 51 255 0 0
P 47 51 255 0 0
P 48 51 255 0 0
P 49 51 255 0 0
P 50 51 255 0 0
P 51 51 255 0 0
P 52 51 255 0 0
P 53 51 0 255 0
P 54 51 0 255 0
P 55 51 0 255 0
P 56 51 0 255 0
P 57 51 0 255 0
P 58 51 0 255 0
P 59 51 0 255 0
P 60 51 0 255 0
P 61 51 0 255 0
P 62 51 0 255 0
P 63 51 0 255 0
P 64 51 0 255 0
P 65 51 0 255 0
P 66 51 0 255 0
P 67 51 0 255 0
P 68 51 0 255 0
P 69 51 0 255 0
P 70 51 0 255 0
P 71 51 0 255 0
P 72 51 0 255 0
P 73 51 0 255 0
P 74 51 0 255 0
P 75 51 0 255 0
P 76 51 0 255 0
P 77 51 0 255 0
P 78 51 0 255 0
P 79 51 0 255 0
P 80 51 0 255 0
P 81 51 0 255 0
P 82 51 0 255 0
P 83 51 0 255 0
P 84 51 0 255 0
P 85 51 0 255 0
P 86 51 0 255 0
P 87 51 0 255 0
P 88 51 0 255 0
P 89 51 0 255 0
P 90 51 0 255 0
P 91 51 0 255 0
P 92 51 0 255 0
P 93 51 0 255 0
P 94 51 0 255 0
P 95 51 0 255 0
P 96 51 0 255 0
P 97 51 0 255 0
P 98 51 0 255 0
P 99 51 0 255 0
P 100 51 0 255 0
P 101 51 0 255 0
P 102 51 0 255 0
P 103 51 0 255 0
P 104 51 0 255 0
P 105 51 0 255 0
P 106 51 0 255 0
P 107 51 0 255 0
P 108 51 0 255 0
P 109 51 0 255 0
P 110 51 0 255 0
P 111 51 0 255 0
P 112 51 0 255 0
P 113 51 0 255 0
P 114 51 0 255 0
P 115 51 0 255 0
P 116 51 0 255 0
P 117 51 0 255 0
P 118 51 0 255 0
P 119 51 0 255 0
P 120 51 0 255 0
P 121 51 0 255 0
P 122 51 0 255 0
P 123 51 0 255 0
P 124 51 0 255 0
P 125 51 0 255 0
P 126 51 0 255 0
P 127 51 0 255 0
P 128 51 0 255 0
P 129 51 0 255 0
P 130 51 0 255 0
P 131 51 0 255 0
P 132 51 0 255 0
P 133 51 0 255 0
P 134 51 0 255 0
P 135 51 0 255 0
P 136 51 0 255 0
P 137 51 0 255 0
P 138 51 0 255 0
P 139 51 0 255 0
P 140 51 0 255 0
P 141 51 0 255 0
P 142 51 0 255 0
P 143 51 0 255 0
P 144 51 0 255 0
P 145 51 0 255 0
P 146 51 0 255 0
P 147 51 0 255 0
P 148 51 0 255 0
P 149 51 0 255 0
P 150 51 0 255 0
P 151 51 0 255 0
P 152 51 0 255 0
P 153 51 0 255 0
P 154 51 0 255 0
P 155 51 0 255 0
P 156 51 0 255 0
P 157 51 0 255 0
P 158 51 0 255 0
P 159 51 0 255 0
P 160 51 0 255 0
P 161 51 0 255 0
P 162 51 0 255 0
P 163 51 0 255 0
P 164 51 0 255 0
P 165 51 0 255 0
P 166 51 0 255 0
P 167 51 0 255 0
P 168 51 0 255 0
P 169 51 0 255 0
P 170 51 0 255 0
P 171 51 0 255 0
P 172 51 0 255 0
P 173 51 0 255 0
P 174 51 0 255 0
P 175 51 0 255 0
P 176 51 0 255 0
P 177 51 0 255 0
P 178 51 0 255 0
P 179 51 0 255 0
P 180 51 0 255 0
P 181 51 0 255 0
P 182 51 0 255 0
P 183 51 0 255 0
P 184 51 0 255 0
P 185 51 0 255 0
P 186 51 0 255 0
P 187 51 0 255 0
P 188 51 0 255 0
P 189 51 0 255 0
P 190 51 0 255 0
P 191 51 0 255 0
P 192 51 0 255 0
P 193 51 0 255 0
P 194 51 0 255 0
P 195 51 0 255 0
P 196 51 0 255 0
P 197 51 0 255 0
P 198 51 0 255 0
P 199 51 0 255 0
P 40 52 255 0 0
P 41 52 255 0 0
P 42 52 255 0 0
P 43 52 255 0 0
P 44 52 255 0 0
P 45 52 255 0 0
P 46 52 255 0 0
P 47 52 255 0 0
P 48 52 255 0 0
P 49 52 255 0 0
P 50 52 255 0 0
P 51 52 255 0 0
P 52 52 255 0 0
P 53 52 255 0 0
P 54 52 0 255 0
P 55 52 0 255 0
P 56 52 0 255 0
P 57 52 0 255 0
P 58 52 0 255 0
P 59 52 0 255 0
P 60 52 0 255 0
P 61 52 0 255 0
P 62 52 0 255 0
P 63 52 0 255 0
P 64 52 0 255 0
P 65 52 0 255 0
P 66 52 0 255 0
P 67 52 0 255 0
P 68 52 0 255 0
P 69 52 0 255 0
P 70 52 0 255 0
P 71 52 0 255 0
P 72 52 0 255 0
P 73 52 0 255 0
P 74 52 0 255 0
P 75 52 0 255 0
P 76 52 0 255 0
P 77 52 0 255 0
P 78 52 0 255 0
P 79 52 0 255 0
P 80 52 0 255 0
P 81 52 0 255 0
P 82 52 0 255 0
P 83 52 0 255 0
P 84 52 0 255 0
P 85 52 0 255 0
P 86 52 0 255 0
P 87 52 0 255 0
P 88 52 0 255 0
P 89 52 0 255 0
P 90 52 0 255 0
P 91 52 0 255 0
P 92 52 0 255 0
P 93 52 0 255 0
P 94 52 0 255 0
P 95 52 0 255 0
P 96 52 0 255 0
P 97 52 0 255 0
P 98 52 0 255 0
P 99 52 0 255 0
P 100 52 0 255 0
P 101 52 0 255 0
P 102 52 0 255 0
P 103 52 0 255 0
P 104 52 0 255 0
P 105 52 0 255 0
P 106 52 0 255 0
P 107 52 0 255 0
P 108 52 0 255 0
P 109 52 0 255 0
P 110 52 0 255 0
P 111 52 0 255 0
P 112 52 0 255 0
P 113 52 0 255 0
P 114 52 0 255 0
P 115 52 0 255 0
P 116 52 0 255 0
P 117 52 0 255 0
P 118 52 0 255 0
P 119 52 0 255 0
P 120 52 0 255 0
P 121 52 0 255 0
P 122 52 0 255 0
P 123 52 0 255 0
P 124 52 0 255 0
P 125 52 0 255 0
P 126 52 0 255 0
P 127 52 0 255 0
P 128 52 0 255 0
P 129 52 0 255 0
P 130 52 0 255 0
P 131 52 0 255 0
P 132 52 0 255 0
P 133 52 0 255 0
P 134 52 0 255 0
P 135 52 0 255 0
P 136 52 0 255 0
P 137 52 0 255 0
P 138 52 0 255 0
P 139 52 0 255 0
P 140 52 0 255 0
P 141 52 0 255 0
P 142 52 0 255 0
P 143 52 0 255 0
P 144 52 0 255 0
P 145 52 0 255 0
P 146 52 0 255 0
P 147 52 0 255 0
P 148 52 0 255 0
P 149 52 0 255 0
P 150 52 0 255 0
P 151 52 0 255 0
P 152 52 0 255 0
P 153 52 0 255 0
P 154 52 0 255 0
P 155 52 0 255 0
P 156 52 0 255 0
P 157 52 0 255 0
P 158 52 0 255 0
P 159 52 0 255 0
P 160 52 0 255 0
P 161 52 0 255 0
P 162 52 0 255 0
P 163 52 0 255 0
P 164 52 0 255 0
P 165 52 0 255 0
P 166 52 0 255 0
P 167 52 0 255 0
P 168 52 0 255 0
P 169 52 0 255 0
P 170 52 0 255 0
P 171 52 0 255 0
P 172 52 0 255 0
P 173 52 0 255 0
P 174 52 0 255 0
P 175 52 0 255 0
P 176 52 0 255 0
P 177 52 0 255 0
P 178 52 0 255 0
P 179 52 0 255 0
P 180 52 0 255 0
P 181 52 0 255 0
P 182 52 0 255 0
P 183 52 0 255 0
P 184 52 0 255 0
P 185 52 0 255 0
P 186 52 0 255 0
P 187 52 0 255 0
P 188 52 0 255 0
P 189 52 0 255 0
P 190 52 0 255 0
P 191 52 0 255 0
P 192 52 0 255 0
P 193 52 0 255 0
P 194 52 0 255 0
P 195 52 0 255 0
P 196 52 0 255 0
P 197 52 0 255 0
P 198 52 0 255 0
P 199 52 0 255 0
P 40 53 255 0 0
P 41 53 255 0 0
P 42 53 255 0 0
P 43 53 255 0 0
P 44 53 255 0 0
P 45 53 255 0 0
P 46 53 255 0 0
P 47 53 255 0 0
P 48 53 255 0 0
P 49 53 255 0 0
P 50 53 255 0 0
P 51 53 255 0 0
P 52 53 255 0 0
P 53 53 255 0 0
P 54 53 255 0 0
P 55 53 0 255 0
P 56 53 0 255 0
P 57 53 0 255 0
P 58 53 0 255 0
P 59 53 0 255 0
P 60 53 0 255 0
P 61 53 0 255 0
P 62 53 0 255 0
P 63 53 0 255 0
P 64 53 0 255 0
P 65 53 0 255 0
P 66 53 0 255 0
P 67 53 0 255 0
P 68 53 0 255 0
P 69 53 0 255 0
P 70 53 0 255 0
P 71 53 0 255 0
P 72 53 0 255 0
P 73 53 0 255 0
P 74 53 0 255 0
P 75 53 0 255 0
P 76 53 0 255 0
P 77 53 0 255 0
P 78 53 0 255 0
P 79 53 0 255 0
P 80 53 0 255 0
P 81 53 0 255 0
P 82 53 0 255 0
P 83 53 0 255 0
P 84 53 0 255 0
P 85 53 0 255 0
P 86 53 0 255 0
P 87 53 0 255 0
P 88 53 0 255 0
P 89 53 0 255 0
P 90 53 0 255 0
P 91 53 0 255 0
P 92 53 0 255 0
P 93 53 0 255 0
P 94 53 0 255 0
P 95 53 0 255 0
P 96 53 0 255 0
P 97 53 0 255 0
P 98 53 0 255 0
P 99 53 0 255 0
P 100 53 0 255 0
P 101 53 0 255 0
P 102 53 0 255 0
P 103 53 0 255 0
P 104 53 0 255 0
P 105 53 0 255 0
P 106 53 0 255 0
P 107 53 0 255 0
P 108 53 0 255 0
P 109 53 0 255 0
P 110 53 0 255 0
P 111 53 0 255 0
P 112 53 0 255 0
P 113 53 0 255 0
P 114 53 0 255 0
P 115 53 0 255 0
P 116 53 0 255 0
P 117 53 0 255 0
P 118 53 0 255 0
P 119 53 0 255 0
P 120 53 0 255 0
P 121 53 0 255 0
P 122 53 0 255 0
P 123 53 0 255 0
P 124 53 0 255 0
P 125 53 0 255 0
P 126 53 0 255 0
P 127 53 0 255 0
P 128 53 0 255 0
P 129 53 0 255 0
P 130 53 0 255 0
P 131 53 0 255 0
P 132 53 0 255 0
P 133 53 0 255 0
P 134 53 0 255 0
P 135 53 0 255 0
P 136 53 0 255 0
P 137 53 0 255 0
P 138 53 0 255 0
P 139 53 0 255 0
P 140 53 0 255 0
P 141 53 0 255 0
P 142 53 0 255 0
P 143 53 0 255 0
P 144 53 0 255 0
P 145 53 0 255 0
P 146 53 0 255 0
P 147 53 0 255 0
P 148 53 0 255 0
P 149 53 0 255 0
P 150 53 0 255 0
P 151 53 0 255 0
P 152 53 0 255 0
P 153 53 0 255 0
P 154 53 0 255 0
P 155 53 0 255 0
P 156 53 0 255 0
P 157 53 0 255 0
P 158 53 0 255 0
P 159 53 0 255 0
P 160 53 0 255 0
P 161 53 0 255 0
P 162 53 0 255 0
P 163 53 0 255 0
P 164 53 0 255 0
P 165 53 0 255 0
P 166 53 0 255 0
P 167 53 0 255 0
P 168 53 0 255 0
P 169 53 0 255 0
P 170 53 0 255 0
P 171 53 0 255 0
P 172 53 0 255 0
P 173 53 0 255 0
P 174 53 0 255 0
P 175 53 0 255 0
P 176 53 0 255 0
P 177 53 0 255 0
P 178 53 0 255 0
P 179 53 0 255 0
P 180 53 0 255 0
P 181 53 0 255 0
P 182 53 0 255 0
P 183 53 0 255 0
P 184 53 0 255 0
P 185 53 0 255 0
P 186 53 0 255 0
P 187 53 0 255 0
P 188 53 0 255 0
P 189 53 0 255 0
P 190 53 0 255 0
P 191 53 0 255 0
P 192 53 0 255 0
P 193 53 0 255 0
P 194 53 0 255 0
P 195 53 0 255 0
P 196 53 0 255 0
P 197 53 0 255 0
P 198 53 0 255 0
P 199 53 0 255 0
P 40 54 255 0 0
P 41 54 255 0 0
P 42 54 255 0 0
P 43 54 255 0 0
P 44 54 255 0 0
P 45 54 255 0 0
P 46 54 255 0 0
P 47 54 255 0 0
P 48 54 255 0 0
P 49 54 255 0 0
P 50 54 255 0 0
P 51 54 255 0 0
P 52 54 255 0 0
P 53 54 255 0 0
P 54 54 255 0 0
P 55 54 255 0 0
P 56 54 255 0 0
P 57 54 0 255 0
P 58 54 0 255 0
P 59 54 0 255 0
P 60 54 0 255 0
P 61 54 0 255 0
P 62 54 0 255 0
P 63 54 0 255 0
P 64 54 0 255 0
P 65 54 0 255 0
P 66 54 0 255 0
P 67 54 0 255 0
P 68 54 0 255 0
P 69 54 0 255 0
P 70 54 0 255 0
P 71 54 0 255 0
P 72 54 0 255 0
P 73 54 0 255 0
P 74 54 0 255 0
P 75 54 0 255 0
P 76 54 0 255 0
P 77 54 0 255 0
P 78 54 0 255 0
P 79 54 0 255 0
P 80 54 0 255 0
P 81 54 0 255 0
P 82 54 0 255 0
P 83 54 0 255 0
P 84 54 0 255 0
P 85 54 0 255 0
P 86 54 0 255 0
P 87 54 0 255 0
P 88 54 0 255 0
P 89 54 0 255 0
P 90 54 0 255 0
P 91 54 0 255 0
P 92 54 0 255 0
P 93 54 0 255 0
P 94 54 0 255 0
P 95 54 0 255 0
P 96 54 0 255 0
P 97 54 0 255 0
P 98 54 0 255 0
P 99 54 0 255 0
P 100 54 0 255 0
P 101 54 0 255 0
P 102 54 0 255 0
P 103 54 0 255 0
P 104 54 0 255 0
P 105 54 0 255 0
P 106 54 0 255 0
P 107 54 0 255 0
P 108 54 0 255 0
P 109 54 0 255 0
P 110 54 0 255 0
P 111 54 0 255 0
P 112 54 0 255 0
P 113 54 0 255 0
P 114 54 0 255 0
P 115 54 0 255 0
P 116 54 0 255 0
P 117 54 0 255 0
P 118 54 0 255 0
P 119 54 0 255 0
P 120 54 0 255 0
P 121 54 0 255 0
P 122 54 0 255 0
P 123 54 0 255 0
P 124 54 0 255 0
P 125 54 0 255 0
P 126 54 0 255 0
P 127 54 0 255 0
P 128 54 0 255 0
P 129 54 0 255 0
P 130 54 0 255 0
P 131 54 0 255 0
P 132 54 0 255 0
P 133 54 0 255 0
P 134 54 0 255 0
P 135 54 0 255 0
P 136 54 0 255 0
P 137 54 0 255 0
P 138 54 0 255 0
P 139 54 0 255 0
P 140 54 0 255 0
P 141 54 0 255 0
P 142 54 0 255 0
P 143 54 0 255 0
P 144 54 0 255 0
P 145 54 0 255 0
P 146 54 0 255 0
P 147 54 0 255 0
P 148 54 0 255 0
P 149 54 0 255 0
P 150 54 0 255 0
P 151 54 0 255 0
P 152 54 0 255 0
P 153 54 0 255 0
P 154 54 0 255 0
P 155 54 0 255 0
P 156 54 0 255 0
P 157 54 0 255 0
P 158 54 0 255 0
P 159 54 0 255 0
P 160 54 0 255 0
P 161 54 0 255 0
P 162 54 0 255 0
P 163 54 0 255 0
P 164 54 0 255 0
P 165 54 0 255 0
P 166 54 0 255 0
P 167 54 0 255 0
P 168 54 0 255 0
P 169 54 0 255 0
P 170 54 0 255 0
P 171 54 0 255 0
P 172 54 0 255 0
P 173 54 0 255 0
P 174 54 0 255 0
P 175 54 0 255 0
P 176 54 0 255 0
P 177 54 0 255 0
P 178 54 0 255 0
P 179 54 0 255 0
P 180 54 0 255 0
P 181 54 0 255 0
P 182 54 0 255 0
P 183 54 0 255 0
P 184 54 0 255 0
P 185 54 0 255 0
P 186 54 0 255 0
P 187 54 0 255 0
P 188 54 0 255 0
P 189 54 0 255 0
P 190 54 0 255 0
P 191 54 0 255 0
P 192 54 0 255 0
P 193 54 0 255 0
P 194 54 0 255 0
P 195 54 0 255 0
P 196 54 0 255 0
P 197 54 0 255 0
P 198 54 0 255 0
P 199 54 0 255 0
P 40 55 255 0 0
P 41 55 255 0 0
P 42 55 255 0 0
P 43 55 255 0 0
P 44 55 255 0 0
P 45 55 255 0 0
P 46 55 255 0 0
P 47 55 255 0 0
P 48 55 255 0 0
P 49 55 255 0 0
P 50 55 255 0 0
P 51 55 255 0 0
P 52 55 255 0 0
P 53 55 255 0 0
P 54 55 255 0 0
P 55 55 255 0 0
P 56 55 255 0 0
P 57 55 255 0 0
P 58 55 0 255 0
P 59 55 0 255 0
P 60 55 0 255 0
P 61 55 0 255 0
P 62 55 0 255 0
P 63 55 0 255 0
P 64 55 0 255 0
P 65 55 0 255 0
P 66 55 0 255 0
P 67 55 0 255 0
P 68 55 0 255 0
P 69 55 0 255 0
P 70 55 0 255 0
P 71 55 0 255 0
P 72 55 0 255 0
P 73 55 0 255 0
P 74 55 0 255 0
P 75 55 0 255 0
P 76 55 0 255 0
P 77 55 0 255 0
P 78 55 0 255 0
P 79 55 0 255 0
P 80 55 0 255 0
P 81 55 0 255 0
P 82 55 0 255 0
P 83 55 0 255 0
P 84 55 0 255 0
P 85 55 0 255 0
P 86 55 0 255 0
P 87 55 0 255 0
P 88 55 0 255 0
P 89 55 0 255 0
P 90 55 0 255 0
P 91 55 0 255 0
P 92 55 0 255 0
P 93 55 0 255 0
P 94 55 0 255 0
P 95 55 0 255 0
P 96 55 0 255 0
P 97 55 0 255 0
P 98 55 0 255 0
P 99 55 0 255 0
P 100 55 0 255 0
P 101 55 0 255 0
P 102 55 0 255 0
P 103 55 0 255 0
P 104 55 0 255 0
P 105 55 0 255 0
P 106 55 0 255 0
P 107 55 0 255 0
P 108 55 0 255 0
P 109 55 0 255 0
P 110 55 0 255 0
P 111 55 0 255 0
P 112 55 0 255 0
P 113 55 0 255 0
P 114 55 0 255 0
P 115 55 0 255 0
P 116 55 0 255 0
P 117 55 0 255 0
P 118 55 0 255 0
P 119 55 0 255 0
P 120 55 0 255 0
P 121 55 0 255 0
P 122 55 0 255 0
P 123 55 0 255 0
P 124 55 0 255 0
P 125 55 0 255 0
P 126 55 0 255 0
P 127 55 0 255 0
P 128 55 0 255 0
P 129 55 0 255 0
P 130 55 0 255 0
P 131 55 0 255 0
P 132 55 0 255 0
P 133 55 0 255 0
P 134 55 0 255 0
P 135 55 0 255 0
P 136 55 0 255 0
P 137 55 0 255 0
P 138 55 0 255 0
P 139 55 0 255 0
P 140 55 0 255 0
P 141 55 0 255 0
P 142 55 0 255 0
P 143 55 0 255 0
P 144 55 0 255 0
P 145 55 0 255 0
P 146 55 0 255 0
P 147 55 0 255 0
P 148 55 0 255 0
P 149 55 0 255 0
P 150 55 0 255 0
P 151 55 0 255 0
P 152 55 0 255 0
P 153 55 0 255 0
P 154 55 0 255 0
P 155 55 0 255 0
P 156 55 0 255 0
P 157 55 0 255 0
P 158 55 0 255 0
P 159 55 0 255 0
P 160 55 0 255 0
P 161 55 0 255 0
P 162 55 0 255 0
P 163 55 0 255 0
P 164 55 0 255 0
P 165 55 0 255 0
P 166 55 0 255 0
P 167 55 0 255 0
P 168 55 0 255 0
P 169 55 0 255 0
P 170 55 0 255 0
P 171 55 0 255 0
P 172 55 0 255 0
P 173 55 0 255 0
P 174 55 0 255 0
P 175 55 0 255 0
P 176 55 0 255 0
P 177 55 0 255 0
P 178 55 0 255 0
P 179 55 0 255 0
P 180 55 0 255 0
P 181 55 0 255 0
P 182 55 0 255 0
P 183 55 0 255 0
P 184 55 0 255 0
P 185 55 0 255 0
P 186 55 0 255 0
P 187 55 0 255 0
P 188 55 0 255 0
P 189 55 0 255 0
P 190 55 0 255 0
P 191 55 0 255 0
P 192 55 0 255 0
P 193 55 0 255 0
P 194 55 0 255 0
P 195 55 0 255 0
P 196 55 0 255 0
P 197 55 0 255 0
P 198 55 0 255 0
P 199 55 0 255 0
P 40 56 255 0 0
P 41 56 255 0 0
P 42 56 255 0 0
P 43 56 255 0 0
P 44 56 255 0 0
P 45 56 255 0 0
P 46 56 255 0 0
P 47 56 255 0 0
P 48 56 255 0 0
P 49 56 255 0 0
P 50 56 255 0 0
P 51 56 255 0 0
P 52 56 255 0 0
P 53 56 255 0 0
P 54 56 255 0 0
P 55 56 255 0 0
P 56 56 255 0 0
P 57 56 255 0 0
P 58 56 255 0 0
P 59 56 0 255 0
P 60 56 0 255 0
P 61 56 0 255 0
P 62 56 0 255 0
P 63 56 0 255 0
P 64 56 0 255 0
P 65 56 0 255 0
P 66 56 0 255 0
P 67 56 0 255 0
P 68 56 0 255 0
P 69 56 0 255 0
P 70 56 0 255 0
P 71 56 0 255 0
P 72 56 0 255 0
P 73 56 0 255 0
P 74 56 0 255 0
P 75 56 0 255 0
P 76 56 0 255 0
P 77 56 0 255 0
P 78 56 0 255 0
P 79 56 0 255 0
P 80 56 0 255 0
P 81 56 0 255 0
P 82 56 0 255 0
P 83 56 0 255 0
P 84 56 0 255 0
P 85 56 0 255 0
P 86 56 0 255 0
P 87 56 0 255 0
P 88 56 0 255 0
P 89 56 0 255 0
P 90 56 0 255 0
P 91 56 0 255 0
P 92 56 0 255 0
P 93 56 0 255 0
P 94 56 0 255 0
P 95 56 0 255 0
P 96 56 0 255 0
P 97 56 0 255 0
P 98 56 0 255 0
P 99 56 0 255 0
P 100 56 0 255 0
P 101 56 0 255 0
P 102 56 0 255 0
P 103 56 0 255 0
P 104 56 0 255 0
P 105 56 0 255 0
P 106 56 0 255 0
P 107 56 0 255 0
P 108 56 0 255 0
P 109 56 0 255 0
P 110 56 0 255 0
P 111 56 0 255 0
P 112 56 0 255 0
P 113 56 0 255 0
P 114 56 0 255 0
P 115 56 0 255 0
P 116 56 0 255 0
P 117 56 0 255 0
P 118 56 0 255 0
P 119 56 0 255 0
P 120 56 0 255 0
P 121 56 0 255 0
P 122 56 0 255 0
P 123 56 0 255 0
P 124 56 0 255 0
P 125 56 0 255 0
P 126 56 0 255 0
P 127 56 0 255 0
P 128 56 0 255 0
P 129 56 0 255 0
P 130 56 0 255 0
P 131 56 0 255 0
P 132 56 0 255 0
P 133 56 0 255 0
P 134 56 0 255 0
P 135 56 0 255 0
P 136 56 0 255 0
P 137 56 0 255 0
P 138 56 0 255 0
P 139 56 0 255 0
P 140 56 0 255 0
P 141 56 0 255 0
P 142 56 0 255 0
P 143 56 0 255 0
P 144 56 0 255 0
P 145 56 0 255 0
P 146 56 0 255 0
P 147 56 0 255 0
P 148 56 0 255 0
P 149 56 0 255 0
P 150 56 0 255 0
P 151 56 0 255 0
P 152 56 0 255 0
P 153 56 0 255 0
P 154 56 0 255 0
P 155 56 0 255 0
P 156 56 0 255 0
P 157 56 0 255 0
P 158 56 0 255 0
P 159 56 0 255 0
P 160 56 0 255 0
P 161 56 0 255 0
P 162 56 0 255 0
P 163 56 0 255 0
P 164 56 0 255 0
P 165 56 0 255 0
P 166 56 0 255 0
P 167 56 0 255 0
P 168 56 0 255 0
P 169 56 0 255 0
P 170 56 0 255 0
P 171 56 0 255 0
P 172 56 0 255 0
P 173 56 0 255 0
P 174 56 0 255 0
P 175 56 0 255 0
P 176 56 0 255 0
P 177 56 0 255 0
P 178 56 0 255 0
P 179 56 0 255 0
P 180 56 0 255 0
P 181 56 0 255 0
P 182 56 0 255 0
P 183 56 0 255 0
P 184 56 0 255 0
P 185 56 0 255 0
P 186 56 0 255 0
P 187 56 0 255 0
P 188 56 0 255 0
P 189 56 0 255 0
P 190 56 0 255 0
P 191 56 0 255 0
P 192 56 0 255 0
P 193 56 0 255 0
P 194 56 0 255 0
P 195 56 0 255 0
P 196 56 0 255 0
P 197 56 0 255 0
P 198 56 0 255 0
P 199 56 0 255 0
P 40 57 255 0 0
P 41 57 255 0 0
P 42 57 255 0 0
P 43 57 255 0 0
P 44 57 255 0 0
P 45 57 255 0 0
P 46 57 255 0 0
P 47 57 255 0 0
P 48 57 255 0 0
P 49 57 255 0 0
P 50 57 255 0 0
P 51 57 255 0 0
P 52 57 255 0 0
P 53 57 255 0 0
P 54 57 255 0 0
P 55 57 255 0 0
P 56 57 255 0 0
P 57 57 255 0 0
P 58 57 255 0 0
P 59 57 255 0 0
P 60 57 0 255 0
P 61 57 0 255 0
P 62 57 0 255 0
P 63 57 0 255 0
P 64 57 0 255 0
P 65 57 0 255 0
P 66 57 0 255 0
P 67 57 0 255 0
P 68 57 0 255 0
P 69 57 0 255 0
P 70 57 0 255 0
P 71 57 0 255 0
P 72 57 0 255 0
P 73 57 0 255 0
P 74 57 0 255 0
P 75 57 0 255 0
P 76 57 0 255 0
P 77 57 0 255 0
P 78 57 0 255 0
P 79 57 0 255 0
P 80 57 0 255 0
P 81 57 0 255 0
P 82 57 0 255 0
P 83 57 0 255 0
P 84 57 0 255 0
P 85 57 0 255 0
P 86 57 0 255 0
P 87 57 0 255 0
P 88 57 0 255 0
P 89 57 0 255 0
P 90 57 0 255 0
P 91 57 0 255 0
P 92 57 0 255 0
P 93 57 0 255 0
P 94 57 0 255 0
P 95 57 0 255 0
P 96 57 0 255 0
P 97 57 0 255 0
P 98 57 0 255 0
P 99 57 0 255 0
P 100 57 0 255 0
P 101 57 0 255 0
P 102 57 0 255 0
P 103 57 0 255 0
P 104 57 0 255 0
P 105 57 0 255 0
P 106 57 0 255 0
P 107 57 0 255 0
P 108 57 0 255 0
P 109 57 0 255 0
P 110 57 0 255 0
P 111 57 0 255 0
P 112 57 0 255 0
P 113 57 0 255 0
P 114 57 0 255 0
P 115 57 0 255 0
P 116 57 0 255 0
P 117 57 0 255 0
P 118 57 0 255 0
P 119 57 0 255 0
P 120 57 0 255 0
P 121 57 0 255 0
P 122 57 0 255 0
P 123 57 0 255 0
P 124 57 0 255 0
P 125 57 0 255 0
P 126 57 0 255 0
P 127 57 0 255 0
P 128 57 0 255 0
P 129 57 0 255 0
P 130 57 0 255 0
P 131 57 0 255 0
P 132 57 0 255 0
P 133 57 0 255 0
P 134 57 0 255 0
P 135 57 0 255 0
P 136 57 0 255 0
P 137 57 0 255 0
P 138 57 0 255 0
P 139 57 0 255 0
P 140 57 0 255 0
P 141 57 0 255 0
P 142 57 0 255 0
P 143 57 0 255 0
P 144 57 0 255 0
P 145 57 0 255 0
P 146 57 0 255 0
P 147 57 0 255 0
P 148 57 0 255 0
P 149 57 0 255 0
P 150 57 0 255 0
P 151 57 0 255 0
P 152 57 0 255 0
P 153 57 0 255 0
P 154 57 0 255 0
P 155 57 0 255 0
P 156 57 0 255 0
P 157 57 0 255 0
P 158 57 0 255 0
P 159 57 0 255 0
P 160 57 0 255 0
P 161 57 0 255 0
P 162 57 0 255 0
P 163 57 0 255 0
P 164 57 0 255 0
P 165 57 0 255 0
P 166 57 0 255 0
P 167 57 0 255 0
P 168 57 0 255 0
P 169 57 0 255 0
P 170 57 0 255 0
P 171 57 0 255 0
P 172 57 0 255 0
P 173 57 0 255 0
P 174 57 0 255 0
P 175 57 0 255 0
P 176 57 0 255 0
P 177 57 0 255 0
P 178 57 0 255 0
P 179 57 0 255 0
P 180 57 0 255 0
P 181 57 0 255 0
P 182 57 0 255 0
P 183 57 0 255 0
P 184 57 0 255 0
P 185 57 0 255 0
P 186 57 0 255 0
P 187 57 0 255 0
P 188 57 0 255 0
P 189 57 0 255 0
P 190 57 0 255 0
P 191 57 0 255 0
P 192 57 0 255 0
P 193 57 0 255 0
P 194 57 0 255 0
P 195 57 0 255 0
P 196 57 0 255 0
P 197 57 0 255 0
P 198 57 0 255 0
P 199 57 0 255 0
P 40 58 255 0 0
P 41 58 255 0 0
P 42 58 255 0 0
P 43 58 255 0 0
P 44 58 255 0 0
P 45 58 255 0 0
P 46 58 255 0 0
P 47 58 255 0 0
P 48 58 255 0 0
P 49 58 255 0 0
P 50 58 255 0 0
P 51 58 255 0 0
P 52 58 255 0 0
P 53 58 255 0 0
P 54 58 255 0 0
P 55 58 255 0 0
P 56 58 255 0 0
P 57 58 255 0 0
P 58 58 255 0 0
P 59 58 255 0 0
P 60 58 255 0 0
P 61 58 0 255 0
P 62 58 0 255 0
P 63 58 0 255 0
P 64 58 0 255 0
P 65 58 0 255 0
P 66 58 0 255 0
P 67 58 0 255 0
P 68 58 0 255 0
P 69 58 0 255 0
P 70 58 0 255 0
P 71 58 0 255 0
P 72 58 0 255 0
P 73 58 0 255 0
P 74 58 0 255 0
P 75 58 0 255 0
P 76 58 0 255 0
P 77 58 0 255 0
P 78 58 0 255 0
P 79 58 0 255 0
P 80 58 0 255 0
P 81 58 0 255 0
P 82 58 0 255 0
P 83 58 0 255 0
P 84 58 0 255 0
P 85 58 0 255 0
P 86 58 0 255 0
P 87 58 0 255 0
P 88 58 0 255 0
P 89 58 0 255 0
P 90 58 0 255 0
P 91 58 0 255 0
P 92 58 0 255 0
P 93 58 0 255 0
P 94 58 0 255 0
P 95 58 0 255 0
P 96 58 0 255 0
P 97 58 0 255 0
P 98 58 0 255 0
P 99 58 0 255 0
P 100 58 0 255 0
P 101 58 0 255 0
P 102 58 0 255 0
P 103 58 0 255 0
P 104 58 0 255 0
P 105 58 0 255 0
P 106 58 0 255 0
P 107 58 0 255 0
P 108 58 0 255 0
P 109 58 0 255 0
P 110 58 0 255 0
P 111 58 0 255 0
P 112 58 0 255 0
P 113 58 0 255 0
P 114 58 0 255 0
P 115 58 0 255 0
P 116 58 0 255 0
P 117 58 0 255 0
P 118 58 0 255 0
P 119 58 0 255 0
P 120 58 0 255 0
P 121 58 0 255 0
P 122 58 0 255 0
P 123 58 0 255 0
P 124 58 0 255 0
P 125 58 0 255 0
P 126 58 0 255 0
P 127 58 0 255 0
P 128 58 0 255 0
P 129 58 0 255 0
P 130 58 0 255 0
P 131 58 0 255 0
P 132 58 0 255 0
P 133 58 0 255 0
P 134 58 0 255 0
P 135 58 0 255 0
P 136 58 0 255 0
P 137 58 0 255 0
P 138 58 0 255 0
P 139 58 0 255 0
P 140 58 0 255 0
P 141 58 0 255 0
P 142 58 0 255 0
P 143 58 0 255 0
P 144 58 0 255 0
P 145 58 0 255 0
P 146 58 0 255 0
P 147 58 0 255 0
P 148 58 0 255 0
P 149 58 0 255 0
P 150 58 0 255 0
P 151 58 0 255 0
P 152 58 0 255 0
P 153 58 0 255 0
P 154 58 0 255 0
P 155 58 0 255 0
P 156 58 0 255 0
P 157 58 0 255 0
P 158 58 0 255 0
P 159 58 0 255 0
P 160 58 0 255 0
P 161 58 0 255 0
P 162 58 0 255 0
P 163 58 0 255 0
P 164 58 0 255 0
P 165 58 0 255 0
P 166 58 0 255 0
P 167 58 0 255 0
P 168 58 0 255 0
P 169 58 0 255 0
P 170 58 0 255 0
P 171 58 0 255 0
P 172 58 0 255 0
P 173 58 0 255 0
P 174 58 0 255 0
P 175 58 0 255 0
P 176 58 0 255 0
P 177 58 0 255 0
P 178 58 0 255 0
P 179 58 0 255 0
P 180 58 0 255 0
P 181 58 0 255 0
P 182 58 0 255 0
P 183 58 0 255 0
P 184 58 0 255 0
P 185 58 0 255 0
P 186 58 0 255 0
P 187 58 0 255 0
P 188 58 0 255 0
P 189 58 0 255 0
P 190 58 0 255 0
P 191 58 0 255 0
P 192 58 0 255 0
P 193 58 0 255 0
P 194 58 0 255 0
P 195 58 0 255 0
P 196 58 0 255 0
P 197 58 0 255 0
P 198 58 0 255 0
P 199 58 0 255 0
P 40 59 255 0 0
P 41 59 255 0 0
P 42 59 255 0 0
P 43 59 255 0 0
P 44 59 255 0 0
P 45 59 255 0 0
P 46 59 255 0 0
P 47 59 255 0 0
P 48 59 255 0 0
P 49 59 255 0 0
P 50 59 255 0 0
P 51 59 255 0 0
P 52 59 255 0 0
P 53 59 255 0 0
P 54 59 255 0 0
P 55 59 255 0 0
P 56 59 255 0 0
P 57 59 255 0 0
P 58 59 255 0 0
P 59 59 255 0 0
P 60 59 255 0 0
P 61 59 255 0 0
P 62 59 0 255 0
P 63 59 0 255 0
P 64 59 0 255 0
P 65 59 0 255 0
P 66 59 0 255 0
P 67 59 0 255 0
P 68 59 0 255 0
P 69 59 0 255 0
P 70 59 0 255 0
P 71 59 0 255 0
P 72 59 0 255 0
P 73 59 0 255 0
P 74 59 0 255 0
P 75 59 0 255 0
P 76 59 0 255 0
P 77 59 0 255 0
P 78 59 0 255 0
P 79 59 0 255 0
P 80 59 0 255 0
P 81 59 0 255 0
P 82 59 0 255 0
P 83 59 0 255 0
P 84 59 0 255 0
P 85 59 0 255 0
P 86 59 0 255 0
P 87 59 0 255 0
P 88 59 0 255 0
P 89 59 0 255 0
P 90 59 0 255 0
P 91 59 0 255 0
P 92 59 0 255 0
P 93 59 0 255 0
P 94 59 0 255 0
P 95 59 0 255 0
P 96 59 0 255 0
P 97 59 0 255 0
P 98 59 0 255 0
P 99 59 0 255 0
P 100 59 0 255 0
P 101 59 0 255 0
P 102 59 0 255 0
P 103 59 0 255 0
P 104 59 0 255 0
P 105 59 0 255 0
P 106 59 0 255 0
P 107 59 0 255 0
P 108 59 0 255 0
P 109 59 0 255 0
P 110 59 0 255 0
P 111 59 0 255 0
P 112 59 0 255 0
P 113 59 0 255 0
P 114 59 0 255 0
P 115 59 0 255 0
P 116 59 0 255 0
P 117 59 0 255 0
P 118 59 0 255 0
P 119 59 0 255 0
P 120 59 0 255 0
P 121 59 0 255 0
P 122 59 0 255 0
P 123 59 0 255 0
P 124 59 0 255 0
P 125 59 0 255 0
P 126 59 0 255 0
P 127 59 0 255 0
P 128 59 0 255 0
P 129 59 0 255 0
P 130 59 0 255 0
P 131 59 0 255 0
P 132 59 0 255 0
P 133 59 0 255 0
P 134 59 0 255 0
P 135 59 0 255 0
P 136 59 0 255 0
P 137 59 0 255 0
P 138 59 0 255 0
P 139 59 0 255 0
P 140 59 0 255 0
P 141 59 0 255 0
P 142 59 0 255 0
P 143 59 0 255 0
P 144 59 0 255 0
P 145 59 0 255 0
P 146 59 0 255 0
P 147 59 0 255 0
P 148 59 0 255 0
P 149 59 0 255 0
P 150 59 0 255 0
P 151 59 0 255 0
P 152 59 0 255 0
P 153 59 0 255 0
P 154 59 0 255 0
P 155 59 0 255 0
P 156 59 0 255 0
P 157 59 0 255 0
P 158 59 0 255 0
P 159 59 0 255 0
P 160 59 0 255 0
P 161 59 0 255 0
P 162 59 0 255 0
P 163 59 0 255 0
P 164 59 0 255 0
P 165 59 0 255 0
P 166 59 0 255 0
P 167 59 0 255 0
P 168 59 0 255 0
P 169 59 0 255 0
P 170 59 0 255 0
P 171 59 0 255 0
P 172 59 0 255 0
P 173 59 0 255 0
P 174 59 0 255 0
P 175 59 0 255 0
P 176 59 0 255 0
P 177 59 0 255 0
P 178 59 0 255 0
P 179 59 0 255 0
P 180 59 0 255 0
P 181 59 0 255 0
P 182 59 0 255 0
P 183 59 0 255 0
P 184 59 0 255 0
P 185 59 0 255 0
P 186 59 0 255 0
P 187 59 0 255 0
P 188 59 0 255 0
P 189 59 0 255 0
P 190 59 0 255 0
P 191 59 0 255 0
P 192 59 0 255 0
P 193 59 0 255 0
P 194 59 0 255 0
P 195 59 0 255 0
P 196 59 0 255 0
P 197 59 0 255 0
P 198 59 0 255 0
P 199 59 0 255 0
P 40 60 255 0 0
P 41 60 255 0 0
P 42 60 255 0 0
P 43 60 255 0 0
P 44 60 255 0 0
P 45 60 255 0 0
P 46 60 255 0 0
P 47 60 255 0 0
P 48 60 255 0 0
P 49 60 255 0 0
P 50 60 255 0 0
P 51 60 255 0 0
P 52 60 255 0 0
P 53 60 255 0 0
P 54 60 255 0 0
P 55 60 255 0 0
P 56 60 255 0 0
P 57 60 255 0 0
P 58 60 255 0 0
P 59 60 255 0 0
P 60 60 255 0 0
P 61 60 255 0 0
P 62 60 255 0 0
P 63 60 0 255 0
P 64 60 0 255 0
P 65 60 0 255 0
P 66 60 0 255 0
P 67 60 0 255 0
P 68 60 0 255 0
P 69 60 0 255 0
P 70 60 0 255 0
P 71 60 0 255 0
P 72 60 0 255 0
P 73 60 0 255 0
P 74 60 0 255 0
P 75 60 0 255 0
P 76 60 0 255 0
P 77 60 0 255 0
P 78 60 0 255 0
P 79 60 0 255 0
P 80 60 0 255 0
P 81 60 0 255 0
P 82 60 0 255 0
P 83 60 0 255 0
P 84 60 0 255 0
P 85 60 0 255 0
P 86 60 0 255 0
P 87 60 0 255 0
P 88 60 0 255 0
P 89 60 0 255 0
P 90 60 0 255 0
P 91 60 0 255 0
P 92 60 0 255 0
P 93 60 0 255 0
P 94 60 0 255 0
P 95 60 0 255 0
P 96 60 0 255 0
P 97 60 0 255 0
P 98 60 0 255 0
P 99 60 0 255 0
P 100 60 0 255 0
P 101 60 0 255 0
P 102 60 0 255 0
P 103 60 0 255 0
P 104 60 0 255 0
P 105 60 0 255 0
P 106 60 0 255 0
P 107 60 0 255 0
P 108 60 0 255 0
P 109 60 0 255 0
P 110 60 0 255 0
P 111 60 0 255 0
P 112 60 0 255 0
P 113 60 0 255 0
P 114 60 0 255 0
P 115 60 0 255 0
P 116 60 0 255 0
P 117 60 0 255 0
P 118 60 0 255 0
P 119 60 0 255 0
P 120 60 0 255 0
P 121 60 0 255 0
P 122 60 0 255 0
P 123 60 0 255 0
P 124 60 0 255 0
P 125 60 0 255 0
P 126 60 0 255 0
P 127 60 0 255 0
P 128 60 0 255 0
P 129 60 0 255 0
P 130 60 0 255 0
P 131 60 0 255 0
P 132 60 0 255 0
P 133 60 0 255 0
P 134 60 0 255 0
P 135 60 0 255 0
P 136 60 0 255 0
P 137 60 0 255 0
P 138 60 0 255 0
P 139 60 0 255 0
P 140 60 0 255 0
P 141 60 0 255 0
P 142 60 0 255 0
P 143 60 0 255 0
P 144 60 0 255 0
P 145 60 0 255 0
P 146 60 0 255 0
P 147 60 0 255 0
P 148 60 0 255 0
P 149 60 0 255 0
P 150 60 0 255 0
P 151 60 0 255 0
P 152 60 0 255 0
P 153 60 0 255 0
P 154 60 0 255 0
P 155 60 0 255 0
P 156 60 0 255 0
P 157 60 0 255 0
P 158 60 0 255 0
P 159 60 0 255 0
P 160 60 0 255 0
P 161 60 0 255 0
P 162 60 0 255 0
P 163 60 0 255 0
P 164 60 0 255 0
P 165 60 0 255 0
P 166 60 0 255 0
P 167 60 0 255 0
P 168 60 0 255 0
P 169 60 0 255 0
P 170 60 0 255 0
P 171 60 0 255 0
P 172 60 0 255 0
P 173 60 0 255 0
P 174 60 0 255 0
P 175 60 0 255 0
P 176 60 0 255 0
P 177 60 0 255 0
P 178 60 0 255 0
P 179 60 0 255 0
P 180 60 0 255 0
P 181 60 0 255 0
P 182 60 0 255 0
P 183 60 0 255 0
P 184 60 0 255 0
P 185 60 0 255 0
P 186 60 0 255 0
P 187 60 0 255 0
P 188 60 0 255 0
P 189 60 0 255 0
P 190 60 0 255 0
P 191 60 0 255 0
P 192 60 0 255 0
P 193 60 0 255 0
P 194 60 0 255 0
P 195 60 0 255 0
P 196 60 0 255 0
P 197 60 0 255 0
P 198 60 0 255 0
P 199 60 0 255 0
P 40 61 255 0 0
P 41 61 255 0 0
P 42 61 255 0 0
P 43 61 255 0 0
P 44 61 255 0 0
P 45 61 255 0 0
P 46 61 255 0 0
P 47 61 255 0 0
P 48 61 255 0 0
P 49 61 255 0 0
P 50 61 255 0 0
P 51 61 255 0 0
P 52 61 255 0 0
P 53 61 255 0 0
P 54 61 255 0 0
P 55 61 255 0 0
P 56 61 255 0 0
P 57 61 255 0 0
P 58 61 255 0 0
P 59 61 255 0 0
P 60 61 255 0 0
P 61 61 255 0 0
P 62 61 255 0 0
P 63 61 255 0 0
P 64 61 255 0 0
P 65 61 0 255 0
P 66 61 0 255 0
P 67 61 0 255 0
P 68 61 0 255 0
P 69 61 0 255 0
P 70 61 0 255 0
P 71 61 0 255 0
P 72 61 0 255 0
P 73 61 0 255 0
P 74 61 0 255 0
P 75 61 0 255 0
P 76 61 0 255 0
P 77 61 0 255 0
P 78 61 0 255 0
P 79 61 0 255 0
P 80 61 0 255 0
P 81 61 0 255 0
P 82 61 0 255 0
P 83 61 0 255 0
P 84 61 0 255 0
P 85 61 0 255 0
P 86 61 0 255 0
P 87 61 0 255 0
P 88 61 0 255 0
P 89 61 0 255 0
P 90 61 0 255 0
P 91 61 0 255 0
P 92 61 0 255 0
P 93 61 0 255 0
P 94 61 0 255 0
P 95 61 0 255 0
P 96 61 0 255 0
P 97 61 0 255 0
P 98 61 0 255 0
P 99 61 0 255 0
P 100 61 0 255 0
P 101 61 0 255 0
P 102 61 0 255 0
P 103 61 0 255 0
P 104 61 0 255 0
P 105 61 0 255 0
P 106 61 0 255 0
P 107 61 0 255 0
P 108 61 0 255 0
P 109 61 0 255 0
P 110 61 0 255 0
P 111 61 0 255 0
P 112 61 0 255 0
P 113 61 0 255 0
P 114 61 0 255 0
P 115 61 0 255 0
P 116 61 0 255 0
P 117 61 0 255 0
P 118 61 0 255 0
P 119 61 0 255 0
P 120 61 0 255 0
P 121 61 0 255 0
P 122 61 0 255 0
P 123 61 0 255 0
P 124 61 0 255 0
P 125 61 0 255 0
P 126 61 0 255 0
P 127 61 0 255 0
P 128 61 0 255 0
P 129 61 0 255 0
P 130 61 0 255 0
P 131 61 0 255 0
P 132 61 0 255 0
P 133 61 0 255 0
P 134 61 0 255 0
P 135 61 0 255 0
P 136 61 0 255 0
P 137 61 0 255 0
P 138 61 0 255 0
P 139 61 0 255 0
P 140 61 0 255 0
P 141 61 0 255 0
P 142 61 0 255 0
P 143 61 0 255 0
P 144 61 0 255 0
P 145 61 0 255 0
P 146 61 0 255 0
P 147 61 0 255 0
P 148 61 0 255 0
P 149 61 0 255 0
P 150 61 0 255 0
P 151 61 0 255 0
P 152 61 0 255 0
P 153 61 0 255 0
P 154 61 0 255 0
P 155 61 0 255 0
P 156 61 0 255 0
P 157 61 0 255 0
P 158 61 0 255 0
P 159 61 0 255 0
P 160 61 0 255 0
P 161 61 0 255 0
P 162 61 0 255 0
P 163 61 0 255 0
P 164 61 0 255 0
P 165 61 0 255 0
P 166 61 0 255 0
P 167 61 0 255 0
P 168 61 0 255 0
P 169 61 0 255 0
P 170 61 0 255 0
P 171 61 0 255 0
P 172 61 0 255 0
P 173 61 0 255 0
P 174 61 0 255 0
P 175 61 0 255 0
P 176 61 0 255 0
P 177 61 0 255 0
P 178 61 0 255 0
P 179 61 0 255 0
P 180 61 0 255 0
P 181 61 0 255 0
P 182 61 0 255 0
P 183 61 0 255 0
P 184 61 0 255 0
P 185 61 0 255 0
P 186 61 0 255 0
P 187 61 0 255 0
P 188 61 0 255 0
P 189 61 0 255 0
P 190 61 0 255 0
P 191 61 0 255 0
P 192 61 0 255 0
P 193 61 0 255 0
P 194 61 0 255 0
P 195 61 0 255 0
P 196 61 0 255 0
P 197 61 0 255 0
P 198 61 0 255 0
P 199 61 0 255 0
P 40 62 255 0 0
P 41 62 255 0 0
P 42 62 255 0 0
P 43 62 255 0 0
P 44 62 255 0 0
P 45 62 255 0 0
P 46 62 255 0 0
P 47 62 255 0 0
P 48 62 255 0 0
P 49 62 255 0 0
P 50 62 255 0 0
P 51 62 255 0 0
P 52 62 255 0 0
P 53 62 255 0 0
P 54 62 255 0 0
P 55 62 255 0 0
P 56 62 255 0 0
P 57 62 255 0 0
P 58 62 255 0 0
P 59 62 255 0 0
P 60 62 255 0 0
P 61 62 255 0 0
P 62 62 255 0 0
P 63 62 255 0 0
P 64 62 255 0 0
P 65 62 255 0 0
P 66 62 0 255 0
P 67 62 0 255 0
P 68 62 0 255 0
P 69 62 0 255 0
P 70 62 0 255 0
P 71 62 0 255 0
P 72 62 0 255 0
P 73 62 0 255 0
P 74 62 0 255 0
P 75 62 0 255 0
P 76 62 0 255 0
P 77 62 0 255 0
P 78 62 0 255 0
P 79 62 0 255 0
P 80 62 0 255 0
P 81 62 0 255 0
P 82 62 0 255 0
P 83 62 0 255 0
P 84 62 0 255 0
P 85 62 0 255 0
P 86 62 0 255 0
P 87 62 0 255 0
P 88 62 0 255 0
P 89 62 0 255 0
P 90 62 0 255 0
P 91 62 0 255 0
P 92 62 0 255 0
P 93 62 0 255 0
P 94 62 0 255 0
P 95 62 0 255 0
P 96 62 0 255 0
P 97 62 0 255 0
P 98 62 0 255 0
P 99 62 0 255 0
P 100 62 0 255 0
P 101 62 0 255 0
P 102 62 0 255 0
P 103 62 0 255 0
P 104 62 0 255 0
P 105 62 0 255 0
P 106 62 0 255 0
P 107 62 0 255 0
P 108 62 0 255 0
P 109 62 0 255 0
P 110 62 0 255 0
P 111 62 0 255 0
P 112 62 0 255 0
P 113 62 0 255 0
P 114 62 0 255 0
P 115 62 0 255 0
P 116 62 0 255 0
P 117 62 0 255 0
P 118 62 0 255 0
P 119 62 0 255 0
P 120 62 0 255 0
P 121 62 0 255 0
P 122 62 0 255 0
P 123 62 0 255 0
P 124 62 0 255 0
P 125 62 0 255 0
P 126 62 0 255 0
P 127 62 0 255 0
P 128 62 0 255 0
P 129 62 0 255 0
P 130 62 0 255 0
P 131 62 0 255 0
P 132 62 0 255 0
P 133 62 0 255 0
P 134 62 0 255 0
P 135 62 0 255 0
P 136 62 0 255 0
P 137 62 0 255 0
P 138 62 0 255 0
P 139 62 0 255 0
P 140 62 0 255 0
P 141 62 0 255 0
P 142 62 0 255 0
P 143 62 0 255 0
P 144 62 0 255 0
P 145 62 0 255 0
P 146 62 0 255 0
P 147 62 0 255 0
P 148 62 0 255 0
P 149 62 0 255 0
P 150 62 0 255 0
P 151 62 0 255 0
P 152 62 0 255 0
P 153 62 0 255 0
P 154 62 0 255 0
P 155 62 0 255 0
P 156 62 0 255 0
P 157 62 0 255 0
P 158 62 0 255 0
P 159 62 0 255 0
P 160 62 0 255 0
P 161 62 0 255 0
P 162 62 0 255 0
P 163 62 0 255 0
P 164 62 0 255 0
P 165 62 0 255 0
P 166 62 0 255 0
P 167 62 0 255 0
P 168 62 0 255 0
P 169 62 0 255 0
P 170 62 0 255 0
P 171 62 0 255 0
P 172 62 0 255 0
P 173 62 0 255 0
P 174 62 0 255 0
P 175 62 0 255 0
P 176 62 0 255 0
P 177 62 0 255 0
P 178 62 0 255 0
P 179 62 0 255 0
P 180 62 0 255 0
P 181 62 0 255 0
P 182 62 0 255 0
P 183 62 0 255 0
P 184 62 0 255 0
P 185 62 0 255 0
P 186 62 0 255 0
P 187 62 0 255 0
P 188 62 0 255 0
P 189 62 0 255 0
P 190 62 0 255 0
P 191 62 0 255 0
P 192 62 0 255 0
P 193 62 0 255 0
P 194 62 0 255 0
P 195 62 0 255 0
P 196 62 0 255 0
P 197 62 0 255 0
P 198 62 0 255 0
P 199 62 0 255 0
P 40 63 255 0 0
P 41 63 255 0 0
P 42 63 255 0 0
P 43 63 255 0 0
P 44 63 255 0 0
P 45 63 255 0 0
P 46 63 255 0 0
P 47 63 255 0 0
P 48 63 255 0 0
P 49 63 255 0 0
P 50 63 255 0 0
P 51 63 255 0 0
P 52 63 255 0 0
P 53 63 255 0 0
P 54 63 255 0 0
P 55 63 255 0 0
P 56 63 255 0 0
P 57 63 255 0 0
P 58 63 255 0 0
P 59 63 255 0 0
P 60 63 255 0 0
P 61 63 255 0 0
P 62 63 255 0 0
P 63 63 255 0 0
P 64 63 255 0 0
P 65 63 255 0 0
P 66 63 255 0 0
P 67 63 0 255 0
P 68 63 0 255 0
P 69 63 0 255 0
P 70 63 0 255 0
P 71 63 0 255 0
P 72 63 0 255 0
P 73 63 0 255 0
P 74 63 0 255 0
P 75 63 0 255 0
P 76 63 0 255 0
P 77 63 0 255 0
P 78 63 0 255 0
P 79 63 0 255 0
P 80 63 0 255 0
P 81 63 0 255 0
P 82 63 0 255 0
P 83 63 0 255 0
P 84 63 0 255 0
P 85 63 0 255 0
P 86 63 0 255 0
P 87 63 0 255 0
P 88 63 0 255 0
P 89 63 0 255 0
P 90 63 0 255 0
P 91 63 0 255 0
P 92 63 0 255 0
P 93 63 0 255 0
P 94 63 0 255 0
P 95 63 0 255 0
P 96 63 0 255 0
P 97 63 0 255 0
P 98 63 0 255 0
P 99 63 0 255 0
P 100 63 0 255 0
P 101 63 0 255 0
P 102 63 0 255 0
P 103 63 0 255 0
P 104 63 0 255 0
P 105 63 0 255 0
P 106 63 0 255 0
P 107 63 0 255 0
P 108 63 0 255 0
P 109 63 0 255 0
P 110 63 0 255 0
P 111 63 0 255 0
P 112 63 0 255 0
P 113 63 0 255 0
P 114 63 0 255 0
P 115 63 0 255 0
P 116 63 0 255 0
P 117 63 0 255 0
P 118 63 0 255 0
P 119 63 0 255 0
P 120 63 0 255 0
P 121 63 0 255 0
P 122 63 0 255 0
P 123 63 0 255 0
P 124 63 0 255 0
P 125 63 0 255 0
P 126 63 0 255 0
P 127 63 0 255 0
P 128 63 0 255 0
P 129 63 0 255 0
P 130 63 0 255 0
P 131 63 0 255 0
P 132 63 0 255 0
P 133 63 0 255 0
P 134 63 0 255 0
P 135 63 0 255 0
P 136 63 0 255 0
P 137 63 0 255 0
P 138 63 0 255 0
P 139 63 0 255 0
P 140 63 0 255 0
P 141 63 0 255 0
P 142 63 0 255 0
P 143 63 0 255 0
P 144 63 0 255 0
P 145 63 0 255 0
P 146 63 0 255 0
P 147 63 0 255 0
P 148 63 0 255 0
P 149 63 0 255 0
P 150 63 0 255 0
P 151 63 0 255 0
P 152 63 0 255 0
P 153 63 0 255 0
P 154 63 0 255 0
P 155 63 0 255 0
P 156 63 0 255 0
P 157 63 0 255 0
P 158 63 0 255 0
P 159 63 0 255 0
P 160 63 0 255 0
P 161 63 0 255 0
P 162 63 0 255 0
P 163 63 0 255 0
P 164 63 0 255 0
P 165 63 0 255 0
P 166 63 0 255 0
P 167 63 0 255 0
P 168 63 0 255 0
P 169 63 0 255 0
P 170 63 0 255 0
P 171 63 0 255 0
P 172 63 0 255 0
P 173 63 0 255 0
P 174 63 0 255 0
P 175 63 0 255 0
P 176 63 0 255 0
P 177 63 0 255 0
P 178 63 0 255 0
P 179 63 0 255 0
P 180 63 0 255 0
P 181 63 0 255 0
P 182 63 0 255 0
P 183 63 0 255 0
P 184 63 0 255 0
P 185 63 0 255 0
P 186 63 0 255 0
P 187 63 0 255 0
P 188 63 0 255 0
P 189 63 0 255 0
P 190 63 0 255 0
P 191 63 0 255 0
P 192 63 0 255 0
P 193 63 0 255 0
P 194 63 0 255 0
P 195 63 0 255 0
P 196 63 0 255 0
P 197 63 0 255 0
P 198 63 0 255 0
P 199 63 0 255 0
P 40 64 255 0 0
P 41 64 255 0 0
P 42 64 255 0 0
P 43 64 255 0 0
P 44 64 255 0 0
P 45 64 255 0 0
P 46 64 255 0 0
P 47 64 255 0 0
P 48 64 255 0 0
P 49 64 255 0 0
P 50 64 255 0 0
P 51 64 255 0 0
P 52 64 255 0 0
P 53 64 255 0 0
P 54 64 255 0 0
P 55 64 255 0 0
P 56 64 255 0 0
P 57 64 255 0 0
P 58 64 255 0 0
P 59 64 255 0 0
P 60 64 255 0 0
P 61 64 255 0 0
P 62 64 255 0 0
P 63 64 255 0 0
P 64 64 255 0 0
P 65 64 255 0 0
P 66 64 255 0 0
P 67 64 255 0 0
P 68 64 0 255 0
P 69 64 0 255 0
P 70 64 0 255 0
P 71 64 0 255 0
P 72 64 0 255 0
P 73 64 0 255 0
P 74 64 0 255 0
P 75 64 0 255 0
P 76 64 0 255 0
P 77 64 0 255 0
P 78 64 0 255 0
P 79 64 0 255 0
P 80 64 0 255 0
P 81 64 0 255 0
P 82 64 0 255 0
P 83 64 0 255 0
P 84 64 0 255 0
P 85 64 0 255 0
P 86 64 0 255 0
P 87 64 0 255 0
P 88 64 0 255 0
P 89 64 0 255 0
P 90 64 0 255 0
P 91 64 0 255 0
P 92 64 0 255 0
P 93 64 0 255 0
P 94 64 0 255 0
P 95 64 0 255 0
P 96 64 0 255 0
P 97 64 0 255 0
P 98 64 0 255 0
P 99 64 0 255 0
P 100 64 0 255 0
P 101 64 0 255 0
P 102 64 0 255 0
P 103 64 0 255 0
P 104 64 0 255 0
P 105 64 0 255 0
P 106 64 0 255 0
P 107 64 0 255 0
P 108 64 0 255 0
P 109 64 0 255 0
P 110 64 0 255 0
P 111 64 0 255 0
P 112 64 0 255 0
P 113 64 0 255 0
P 114 64 0 255 0
P 115 64 0 255 0
P 116 64 0 255 0
P 117 64 0 255 0
P 118 64 0 255 0
P 119 64 0 255 0
P 120 64 0 255 0
P 121 64 0 255 0
P 122 64 0 255 0
P 123 64 0 255 0
P 124 64 0 255 0
P 125 64 0 255 0
P 126 64 0 255 0
P 127 64 0 255 0
P 128 64 0 255 0
P 129 64 0 255 0
P 130 64 0 255 0
P 131 64 0 255 0
P 132 64 0 255 0
P 133 64 0 255 0
P 134 64 0 255 0
P 135 64 0 255 0
P 136 64 0 255 0
P 137 64 0 255 0
P 138 64 0 255 0
P 139 64 0 255 0
P 140 64 0 255 0
P 141 64 0 255 0
P 142 64 0 255 0
P 143 64 0 255 0
P 144 64 0 255 0
P 145 64 0 255 0
P 146 64 0 255 0
P 147 64 0 255 0
P 148 64 0 255 0
P 149 64 0 255 0
P 150 64 0 255 0
P 151 64 0 255 0
P 152 64 0 255 0
P 153 64 0 255 0
P 154 64 0 255 0
P 155 64 0 255 0
P 156 64 0 255 0
P 157 64 0 255 0
P 158 64 0 255 0
P 159 64 0 255 0
P 160 64 0 255 0
P 161 64 0 255 0
P 162 64 0 255 0
P 163 64 0 255 0
P 164 64 0 255 0
P 165 64 0 255 0
P 166 64 0 255 0
P 167 64 0 255 0
P 168 64 0 255 0
P 169 64 0 255 0
P 170 64 0 255 0
P 171 64 0 255 0
P 172 64 0 255 0
P 173 64 0 255 0
P 174 64 0 255 0
P 175 64 0 255 0
P 176 64 0 255 0
P 177 64 0 255 0
P 178 64 0 255 0
P 179 64 0 255 0
P 180 64 0 255 0
P 181 64 0 255 0
P 182 64 0 255 0
P 183 64 0 255 0
P 184 64 0 255 0
P 185 64 0 255 0
P 186 64 0 255 0
P 187 64 0 255 0
P 188 64 0 255 0
P 189 64 0 255 0
P 190 64 0 255 0
P 191 64 0 255 0
P 192 64 0 255 0
P 193 64 0 255 0
P 194 64 0 255 0
P 195 64 0 255 0
P 196 64 0 255 0
P 197 64 0 255 0
P 198 64 0 255 0
P 199 64 0 255 0
P 40 65 255 0 0
P 41 65 255 0 0
P 42 65 255 0 0
P 43 65 255 0 0
P 44 65 255 0 0
P 45 65 255 0 0
P 46 65 255 0 0
P 47 65 255 0 0
P 48 65 255 0 0
P 49 65 255 0 0
P 50 65 255 0 0
P 51 65 255 0 0
P 52 65 255 0 0
P 53 65 255 0 0
P 54 65 255 0 0
P 55 65 255 0 0
P 56 65 255 0 0
P 57 65 255 0 0
P 58 65 255 0 0
P 59 65 255 0 0
P 60 65 255 0 0
P 61 65 255 0 0
P 62 65 255 0 0
P 63 65 255 0 0
P 64 65 255 0 0
P 65 65 255 0 0
P 66 65 255 0 0
P 67 65 255 0 0
P 68 65 255 0 0
P 69 65 0 255 0
P 70 65 0 255 0
P 71 65 0 255 0
P 72 65 0 255 0
P 73 65 0 255 0
P 74 65 0 255 0
P 75 65 0 255 0
P 76 65 0 255 0
P 77 65 0 255 0
P 78 65 0 255 0
P 79 65 0 255 0
P 80 65 0 255 0
P 81 65 0 255 0
P 82 65 0 255 0
P 83 65 0 255 0
P 84 65 0 255 0
P 85 65 0 255 0
P 86 65 0 255 0
P 87 65 0 255 0
P 88 65 0 255 0
P 89 65 0 255 0
P 90 65 0 255 0
P 91 65 0 255 0
P 92 65 0 255 0
P 93 65 0 255 0
P 94 65 0 255 0
P 95 65 0 255 0
P 96 65 0 255 0
P 97 65 0 255 0
P 98 65 0 255 0
P 99 65 0 255 0
P 100 65 0 255 0
P 101 65 0 255 0
P 102 65 0 255 0
P 103 65 0 255 0
P 104 65 0 255 0
P 105 65 0 255 0
P 106 65 0 255 0
P 107 65 0 255 0
P 108 65 0 255 0
P 109 65 0 255 0
P 110 65 0 255 0
P 111 65 0 255 0
P 112 65 0 255 0
P 113 65 0 255 0
P 114 65 0 255 0
P 115 65 0 255 0
P 116 65 0 255 0
P 117 65 0 255 0
P 118 65 0 255 0
P 119 65 0 255 0
P 120 65 0 255 0
P 121 65 0 255 0
P 122 65 0 255 0
P 123 65 0 255 0
P 124 65 0 255 0
P 125 65 0 255 0
P 126 65 0 255 0
P 127 65 0 255 0
P 128 65 0 255 0
P 129 65 0 255 0
P 130 65 0 255 0
P 131 65 0 255 0
P 132 65 0 255 0
P 133 65 0 255 0
P 134 65 0 255 0
P 135 65 0 255 0
P 136 65 0 255 0
P 137 65 0 255 0
P 138 65 0 255 0
P 139 65 0 255 0
P 140 65 0 255 0
P 141 65 0 255 0
P 142 65 0 255 0
P 143 65 0 255 0
P 144 65 0 255 0
P 145 65 0 255 0
P 146 65 0 255 0
P 147 65 0 255 0
P 148 65 0 255 0
P 149 65 0 255 0
P 150 65 0 255 0
P 151 65 0 255 0
P 152 65 0 255 0
P 153 65 0 255 0
P 154 65 0 255 0
P 155 65 0 255 0
P 156 65 0 255 0
P 157 65 0 255 0
P 158 65 0 255 0
P 159 65 0 255 0
P 160 65 0 255 0
P 161 65 0 255 0
P 162 65 0 255 0
P 163 65 0 255 0
P 164 65 0 255 0
P 165 65 0 255 0
P 166 65 0 255 0
P 167 65 0 255 0
P 168 65 0 255 0
P 169 65 0 255 0
P 170 65 0 255 0
P 171 65 0 255 0
P 172 65 0 255 0
P 173 65 0 255 0
P 174 65 0 255 0
P 175 65 0 255 0
P 176 65 0 255 0
P 177 65 0 255 0
P 178 65 0 255 0
P 179 65 0 255 0
P 180 65 0 255 0
P 181 65 0 255 0
P 182 65 0 255 0
P 183 65 0 255 0
P 184 65 0 255 0
P 185 65 0 255 0
P 186 65 0 255 0
P 187 65 0 255 0
P 188 65 0 255 0
P 189 65 0 255 0
P 190 65 0 255 0
P 191 65 0 255 0
P 192 65 0 255 0
P 193 65 0 255 0
P 194 65 0 255 0
P 195 65 0 255 0
P 196 65 0 255 0
P 197 65 0 255 0
P 198 65 0 255 0
P 199 65 0 255 0
P 40 66 255 0 0
P 41 66 255 0 0
P 42 66 255 0 0
P 43 66 255 0 0
P 44 66 255 0 0
P 45 66 255 0 0
P 46 66 255 0 0
P 47 66 255 0 0
P 48 66 255 0 0
P 49 66 255 0 0
P 50 66 255 0 0
P 51 66 255 0 0
P 52 66 255 0 0
P 53 66 255 0 0
P 54 66 255 0 0
P 55 66 255 0 0
P 56 66 255 0 0
P 57 66 255 0 0
P 58 66 255 0 0
P 59 66 255 0 0
P 60 66 255 0 0
P 61 66 255 0 0
P 62 66 255 0 0
P 63 66 255 0 0
P 64 66 255 0 0
P 65 66 255 0 0
P 66 66 255 0 0
P 67 66 255 0 0
P 68 66 255 0 0
P 69 66 255 0 0
P 70 66 0 255 0
P 71 66 0 255 0
P 72 66 0 255 0
P 73 66 0 255 0
P 74 66 0 255 0
P 75 66 0 255 0
P 76 66 0 255 0
P 77 66 0 255 0
P 78 66 0 255 0
P 79 66 0 255 0
P 80 66 0 255 0
P 81 66 0 255 0
P 82 66 0 255 0
P 83 66 0 255 0
P 84 66 0 255 0
P 85 66 0 255 0
P 86 66 0 255 0
P 87 66 0 255 0
P 88 66 0 255 0
P 89 66 0 255 0
P 90 66 0 255 0
P 91 66 0 255 0
P 92 66 0 255 0
P 93 66 0 255 0
P 94 66 0 255 0
P 95 66 0 255 0
P 96 66 0 255 0
P 97 66 0 255 0
P 98 66 0 255 0
P 99 66 0 255 0
P 100 66 0 255 0
P 101 66 0 255 0
P 102 66 0 255 0
P 103 66 0 255 0
P 104 66 0 255 0
P 105 66 0 255 0
P 106 66 0 255 0
P 107 66 0 255 0
P 108 66 0 255 0
P 109 66 0 255 0
P 110 66 0 255 0
P 111 66 0 255 0
P 112 66 0 255 0
P 113 66 0 255 0
P 114 66 0 255 0
P 115 66 0 255 0
P 116 66 0 255 0
P 117 66 0 255 0
P 118 66 0 255 0
P 119 66 0 255 0
P 120 66 0 255 0
P 121 66 0 255 0
P 122 66 0 255 0
P 123 66 0 255 0
P 124 66 0 255 0
P 125 66 0 255 0
P 126 66 0 255 0
P 127 66 0 255 0
P 128 66 0 255 0
P 129 66 0 255 0
P 130 66 0 255 0
P 131 66 0 255 0
P 132 66 0 255 0
P 133 66 0 255 0
P 134 66 0 255 0
P 135 66 0 255 0
P 136 66 0 255 0
P 137 66 0 255 0
P 138 66 0 255 0
P 139 66 0 255 0
P 140 66 0 255 0
P 141 66 0 255 0
P 142 66 0 255 0
P 143 66 0 255 0
P 144 66 0 255 0
P 145 66 0 255 0
P 146 66 0 255 0
P 147 66 0 255 0
P 148 66 0 255 0
P 149 66 0 255 0
P 150 66 0 255 0
P 151 66 0 255 0
P 152 66 0 255 0
P 153 66 0 255 0
P 154 66 0 255 0
P 155 66 0 255 0
P 156 66 0 255 0
P 157 66 0 255 0
P 158 66 0 255 0
P 159 66 0 255 0
P 160 66 0 255 0
P 161 66 0 255 0
P 162 66 0 255 0
P 163 66 0 255 0
P 164 66 0 255 0
P 165 66 0 255 0
P 166 66 0 255 0
P 167 66 0 255 0
P 168 66 0 255 0
P 169 66 0 255 0
P 170 66 0 255 0
P 171 66 0 255 0
P 172 66 0 255 0
P 173 66 0 255 0
P 174 66 0 255 0
P 175 66 0 255 0
P 176 66 0 255 0
P 177 66 0 255 0
P 178 66 0 255 0
P 179 66 0 255 0
P 180 66 0 255 0
P 181 66 0 255 0
P 182 66 0 255 0
P 183 66 0 255 0
P 184 66 0 255 0
P 185 66 0 255 0
P 186 66 0 255 0
P 187 66 0 255 0
P 188 66 0 255 0
P 189 66 0 255 0
P 190 66 0 255 0
P 191 66 0 255 0
P 192 66 0 255 0
P 193 66 0 255 0
P 194 66 0 255 0
P 195 66 0 255 0
P 196 66 0 255 0
P 197 66 0 255 0
P 198 66 0 255 0
P 199 66 0 255 0
P 40 67 255 0 0
P 41 67 255 0 0
P 42 67 255 0 0
P 43 67 255 0 0
P 44 67 255 0 0
P 45 67 255 0 0
P 46 67 255 0 0
P 47 67 255 0 0
P 48 67 255 0 0
P 49 67 255 0 0
P 50 67 255 0 0
P 51 67 255 0 0
P 52 67 255 0 0
P 53 67 255 0 0
P 54 67 255 0 0
P 55 67 255 0 0
P 56 67 255 0 0
P 57 67 255 0 0
P 58 67 255 0 0
P 59 67 255 0 0
P 60 67 255 0 0
P 61 67 255 0 0
P 62 67 255 0 0
P 63 67 255 0 0
P 64 67 255 0 0
P 65 67 255 0 0
P 66 67 255 0 0
P 67 67 255 0 0
P 68 67 255 0 0
P 69 67 255 0 0
P 70 67 255 0 0
P 71 67 0 255 0
P 72 67 0 255 0
P 73 67 0 255 0
P 74 67 0 255 0
P 75 67 0 255 0
P 76 67 0 255 0
P 77 67 0 255 0
P 78 67 0 255 0
P 79 67 0 255 0
P 80 67 0 255 0
P 81 67 0 255 0
P 82 67 0 255 0
P 83 67 0 255 0
P 84 67 0 255 0
P 85 67 0 255 0
P 86 67 0 255 0
P 87 67 0 255 0
P 88 67 0 255 0
P 89 67 0 255 0
P 90 67 0 255 0
P 91 67 0 255 0
P 92 67 0 255 0
P 93 67 0 255 0
P 94 67 0 255 0
P 95 67 0 255 0
P 96 67 0 255 0
P 97 67 0 255 0
P 98 67 0 255 0
P 99 67 0 255 0
P 100 67 0 255 0
P 101 67 0 255 0
P 102 67 0 255 0
P 103 67 0 255 0
P 104 67 0 255 0
P 105 67 0 255 0
P 106 67 0 255 0
P 107 67 0 255 0
P 108 67 0 255 0
P 109 67 0 255 0
P 110 67 0 255 0
P 111 67 0 255 0
P 112 67 0 255 0
P 113 67 0 255 0
P 114 67 0 255 0
P 115 67 0 255 0
P 116 67 0 255 0
P 117 67 0 255 0
P 118 67 0 255 0
P 119 67 0 255 0
P 120 67 0 255 0
P 121 67 0 255 0
P 122 67 0 255 0
P 123 67 0 255 0
P 124 67 0 255 0
P 125 67 0 255 0
P 126 67 0 255 0
P 127 67 0 255 0
P 128 67 0 255 0
P 129 67 0 255 0
P 130 67 0 255 0
P 131 67 0 255 0
P 132 67 0 255 0
P 133 67 0 255 0
P 134 67 0 255 0
P 135 67 0 255 0
P 136 67 0 255 0
P 137 67 0 255 0
P 138 67 0 255 0
P 139 67 0 255 0
P 140 67 0 255 0
P 141 67 0 255 0
P 142 67 0 255 0
P 143 67 0 255 0
P 144 67 0 255 0
P 145 67 0 255 0
P 146 67 0 255 0
P 147 67 0 255 0
P 148 67 0 255 0
P 149 67 0 255 0
P 150 67 0 255 0
P 151 67 0 255 0
P 152 67 0 255 0
P 153 67 0 255 0
P 154 67 0 255 0
P 155 67 0 255 0
P 156 67 0 255 0
P 157 67 0 255 0
P 158 67 0 255 0
P 159 67 0 255 0
P 160 67 0 255 0
P 161 67 0 255 0
P 162 67 0 255 0
P 163 67 0 255 0
P 164 67 0 255 0
P 165 67 0 255 0
P 166 67 0 255 0
P 167 67 0 255 0
P 168 67 0 255 0
P 169 67 0 255 0
P 170 67 0 255 0
P 171 67 0 255 0
P 172 67 0 255 0
P 173 67 0 255 0
P 174 67 0 255 0
P 175 67 0 255 0
P 176 67 0 255 0
P 177 67 0 255 0
P 178 67 0 255 0
P 179 67 0 255 0
P 180 67 0 255 0
P 181 67 0 255 0
P 182 67 0 255 0
P 183 67 0 255 0
P 184 67 0 255 0
P 185 67 0 255 0
P 186 67 0 255 0
P 187 67 0 255 0
P 188 67 0 255 0
P 189 67 0 255 0
P 190 67 0 255 0
P 191 67 0 255 0
P 192 67 0 255 0
P 193 67 0 255 0
P 194 67 0 255 0
P 195 67 0 255 0
P 196 67 0 255 0
P 197 67 0 255 0
P 198 67 0 255 0
P 199 67 0 255 0
P 40 68 255 0 0
P 41 68 255 0 0
P 42 68 255 0 0
P 43 68 255 0 0
P 44 68 255 0 0
P 45 68 255 0 0
P 46 68 255 0 0
P 47 68 255 0 0
P 48 68 255 0 0
P 49 68 255 0 0
P 50 68 255 0 0
P 51 68 255 0 0
P 52 68 255 0 0
P 53 68 255 0 0
P 54 68 255 0 0
P 55 68 255 0 0
P 56 68 255 0 0
P 57 68 255 0 0
P 58 68 255 0 0
P 59 68 255 0 0
P 60 68 255 0 0
P 61 68 255 0 0
P 62 68 255 0 0
P 63 68 255 0 0
P 64 68 255 0 0
P 65 68 255 0 0
P 66 68 255 0 0
P 67 68 255 0 0
P 68 68 255 0 0
P 69 68 255 0 0
P 70 68 255 0 0
P 71 68 255 0 0
P 72 68 255 0 0
P 73 68 0 255 0
P 74 68 0 255 0
P 75 68 0 255 0
P 76 68 0 255 0
P 77 68 0 255 0
P 78 68 0 255 0
P 79 68 0 255 0
P 80 68 0 255 0
P 81 68 0 255 0
P 82 68 0 255 0
P 83 68 0 255 0
P 84 68 0 255 0
P 85 68 0 255 0
P 86 68 0 255 0
P 87 68 0 255 0
P 88 68 0 255 0
P 89 68 0 255 0
P 90 68 0 255 0
P 91 68 0 255 0
P 92 68 0 255 0
P 93 68 0 255 0
P 94 68 0 255 0
P 95 68 0 255 0
P 96 68 0 255 0
P 97 68 0 255 0
P 98 68 0 255 0
P 99 68 0 255 0
P 100 68 0 255 0
P 101 68 0 255 0
P 102 68 0 255 0
P 103 68 0 255 0
P 104 68 0 255 0
P 105 68 0 255 0
P 106 68 0 255 0
P 107 68 0 255 0
P 108 68 0 255 0
P 109 68 0 255 0
P 110 68 0 255 0
P 111 68 0 255 0
P 112 68 0 255 0
P 113 68 0 255 0
P 114 68 0 255 0
P 115 68 0 255 0
P 116 68 0 255 0
P 117 68 0 255 0
P 118 68 0 255 0
P 119 68 0 255 0
P 120 68 0 255 0
P 121 68 0 255 0
P 122 68 0 255 0
P 123 68 0 255 0
P 124 68 0 255 0
P 125 68 0 255 0
P 126 68 0 255 0
P 127 68 0 255 0
P 128 68 0 255 0
P 129 68 0 255 0
P 130 68 0 255 0
P 131 68 0 255 0
P 132 68 0 255 0
P 133 68 0 255 0
P 134 68 0 255 0
P 135 68 0 255 0
P 136 68 0 255 0
P 137 68 0 255 0
P 138 68 0 255 0
P 139 68 0 255 0
P 140 68 0 255 0
P 141 68 0 255 0
P 142 68 0 255 0
P 143 68 0 255 0
P 144 68 0 255 0
P 145 68 0 255 0
P 146 68 0 255 0
P 147 68 0 255 0
P 148 68 0 255 0
P 149 68 0 255 0
P 150 68 0 255 0
P 151 68 0 255 0
P 152 68 0 255 0
P 153 68 0 255 0
P 154 68 0 255 0
P 155 68 0 255 0
P 156 68 0 255 0
P 157 68 0 255 0
P 158 68 0 255 0
P 159 68 0 255 0
P 160 68 0 255 0
P 161 68 0 255 0
P 162 68 0 255 0
P 163 68 0 255 0
P 164 68 0 255 0
P 165 68 0 255 0
P 166 68 0 255 0
P 167 68 0 255 0
P 168 68 0 255 0
P 169 68 0 255 0
P 170 68 0 255 0
P 171 68 0 255 0
P 172 68 0 255 0
P 173 68 0 255 0
P 174 68 0 255 0
P 175 68 0 255 0
P 176 68 0 255 0
P 177 68 0 255 0
P 178 68 0 255 0
P 179 68 0 255 0
P 180 68 0 255 0
P 181 68 0 255 0
P 182 68 0 255 0
P 183 68 0 255 0
P 184 68 0 255 0
P 185 68 0 255 0
P 186 68 0 255 0
P 187 68 0 255 0
P 188 68 0 255 0
P 189 68 0 255 0
P 190 68 0 255 0
P 191 68 0 255 0
P 192 68 0 255 0
P 193 68 0 255 0
P 194 68 0 255 0
P 195 68 0 255 0
P 196 68 0 255 0
P 197 68 0 255 0
P 198 68 0 255 0
P 199 68 0 255 0
P 40 69 255 0 0
P 41 69 255 0 0
P 42 69 255 0 0
P 43 69 255 0 0
P 44 69 255 0 0
P 45 69 255 0 0
P 46 69 255 0 0
P 47 69 255 0 0
P 48 69 255 0 0
P 49 69 255 0 0
P 50 69 255 0 0
P 51 69 255 0 0
P 52 69 255 0 0
P 53 69 255 0 0
P 54 69 255 0 0
P 55 69 255 0 0
P 56 69 255 0 0
P 57 69 255 0 0
P 58 69 255 0 0
P 59 69 255 0 0
P 60 69 255 0 0
P 61 69 255 0 0
P 62 69 255 0 0
P 63 69 255 0 0
P 64 69 255 0 0
P 65 69 255 0 0
P 66 69 255 0 0
P 67 69 255 0 0
P 68 69 255 0 0
P 69 69 255 0 0
P 70 69 255 0 0
P 71 69 255 0 0
P 72 69 255 0 0
P 73 69 255 0 0
P 74 69 0 255 0
P 75 69 0 255 0
P 76 69 0 255 0
P 77 69 0 255 0
P 78 69 0 255 0
P 79 69 0 255 0
P 80 69 0 255 0
P 81 69 0 255 0
P 82 69 0 255 0
P 83 69 0 255 0
P 84 69 0 255 0
P 85 69 0 255 0
P 86 69 0 255 0
P 87 69 0 255 0
P 88 69 0 255 0
P 89 69 0 255 0
P 90 69 0 255 0
P 91 69 0 255 0
P 92 69 0 255 0
P 93 69 0 255 0
P 94 69 0 255 0
P 95 69 0 255 0
P 96 69 0 255 0
P 97 69 0 255 0
P 98 69 0 255 0
P 99 69 0 255 0
P 100 69 0 255 0
P 101 69 0 255 0
P 102 69 0 255 0
P 103 69 0 255 0
P 104 69 0 255 0
P 105 69 0 255 0
P 106 69 0 255 0
P 107 69 0 255 0
P 108 69 0 255 0
P 109 69 0 255 0
P 110 69 0 255 0
P 111 69 0 255 0
P 112 69 0 255 0
P 113 69 0 255 0
P 114 69 0 255 0
P 115 69 0 255 0
P 116 69 0 255 0
P 117 69 0 255 0
P 118 69 0 255 0
P 119 69 0 255 0
P 120 69 0 255 0
P 121 69 0 255 0
P 122 69 0 255 0
P 123 69 0 255 0
P 124 69 0 255 0
P 125 69 0 255 0
P 126 69 0 255 0
P 127 69 0 255 0
P 128 69 0 255 0
P 129 69 0 255 0
P 130 69 0 255 0
P 131 69 0 255 0
P 132 69 0 255 0
P 133 69 0 255 0
P 134 69 0 255 0
P 135 69 0 255 0
P 136 69 0 255 0
P 137 69 0 255 0
P 138 69 0 255 0
P 139 69 0 255 0
P 140 69 0 255 0
P 141 69 0 255 0
P 142 69 0 255 0
P 143 69 0 255 0
P 144 69 0 255 0
P 145 69 0 255 0
P 146 69 0 255 0
P 147 69 0 255 0
P 148 69 0 255 0
P 149 69 0 255 0
P 150 69 0 255 0
P 151 69 0 255 0
P 152 69 0 255 0
P 153 69 0 255 0
P 154 69 0 255 0
P 155 69 0 255 0
P 156 69 0 255 0
P 157 69 0 255 0
P 158 69 0 255 0
P 159 69 0 255 0
P 160 69 0 255 0
P 161 69 0 255 0
P 162 69 0 255 0
P 163 69 0 255 0
P 164 69 0 255 0
P 165 69 0 255 0
P 166 69 0 255 0
P 167 69 0 255 0
P 168 69 0 255 0
P 169 69 0 255 0
P 170 69 0 255 0
P 171 69 0 255 0
P 172 69 0 255 0
P 173 69 0 255 0
P 174 69 0 255 0
P 175 69 0 255 0
P 176 69 0 255 0
P 177 69 0 255 0
P 178 69 0 255 0
P 179 69 0 255 0
P 180 69 0 255 0
P 181 69 0 255 0
P 182 69 0 255 0
P 183 69 0 255 0
P 184 69 0 255 0
P 185 69 0 255 0
P 186 69 0 255 0
P 187 69 0 255 0
P 188 69 0 255 0
P 189 69 0 255 0
P 190 69 0 255 0
P 191 69 0 255 0
P 192 69 0 255 0
P 193 69 0 255 0
P 194 69 0 255 0
P 195 69 0 255 0
P 196 69 0 255 0
P 197 69 0 255 0
P 198 69 0 255 0
P 199 69 0 255 0
P 40 70 255 0 0
P 41 70 255 0 0
P 42 70 255 0 0
P 43 70 255 0 0
P 44 70 255 0 0
P 45 70 255 0 0
P 46 70 255 0 0
P 47 70 255 0 0
P 48 70 255 0 0
P 49 70 255 0 0
P 50 70 255 0 0
P 51 70 255 0 0
P 52 70 255 0 0
P 53 70 255 0 0
P 54 70 255 0 0
P 55 70 255 0 0
P 56 70 255 0 0
P 57 70 255 0 0
P 58 70 255 0 0
P 59 70 255 0 0
P 60 70 255 0 0
P 61 70 255 0 0
P 62 70 255 0 0
P 63 70 255 0 0
P 64 70 255 0 0
P 65 70 255 0 0
P 66 70 255 0 0
P 67 70 255 0 0
P 68 70 255 0 0
P 69 70 255 0 0
P 70 70 255 0 0
P 71 70 255 0 0
P 72 70 255 0 0
P 73 70 255 0 0
P 74 70 255 0 0
P 75 70 0 255 0
P 76 70 0 255 0
P 77 70 0 255 0
P 78 70 0 255 0
P 79 70 0 255 0
P 80 70 0 255 0
P 81 70 0 255 0
P 82 70 0 255 0
P 83 70 0 255 0
P 84 70 0 255 0
P 85 70 0 255 0
P 86 70 0 255 0
P 87 70 0 255 0
P 88 70 0 255 0
P 89 70 0 255 0
P 90 70 0 255 0
P 91 70 0 255 0
P 92 70 0 255 0
P 93 70 0 255 0
P 94 70 0 255 0
P 95 70 0 255 0
P 96 70 0 255 0
P 97 70 0 255 0
P 98 70 0 255 0
P 99 70 0 255 0
P 100 70 0 255 0
P 101 70 0 255 0
P 102 70 0 255 0
P 103 70 0 255 0
P 104 70 0 255 0
P 105 70 0 255 0
P 106 70 0 255 0
P 107 70 0 255 0
P 108 70 0 255 0
P 109 70 0 255 0
P 110 70 0 255 0
P 111 70 0 255 0
P 112 70 0 255 0
P 113 70 0 255 0
P 114 70 0 255 0
P 115 70 0 255 0
P 116 70 0 255 0
P 117 70 0 255 0
P 118 70 0 255 0
P 119 70 0 255 0
P 120 70 0 255 0
P 121 70 0 255 0
P 122 70 0 255 0
P 123 70 0 255 0
P 124 70 0 255 0
P 125 70 0 255 0
P 126 70 0 255 0
P 127 70 0 255 0
P 128 70 0 255 0
P 129 70 0 255 0
P 130 70 0 255 0
P 131 70 0 255 0
P 132 70 0 255 0
P 133 70 0 255 0
P 134 70 0 255 0
P 135 70 0 255 0
P 136 70 0 255 0
P 137 70 0 255 0
P 138 70 0 255 0
P 139 70 0 255 0
P 140 70 0 255 0
P 141 70 0 255 0
P 142 70 0 255 0
P 143 70 0 255 0
P 144 70 0 255 0
P 145 70 0 255 0
P 146 70 0 255 0
P 147 70 0 255 0
P 148 70 0 255 0
P 149 70 0 255 0
P 150 70 0 255 0
P 151 70 0 255 0
P 152 70 0 255 0
P 153 70 0 255 0
P 154 70 0 255 0
P 155 70 0 255 0
P 156 70 0 255 0
P 157 70 0 255 0
P 158 70 0 255 0
P 159 70 0 255 0
P 160 70 0 255 0
P 161 70 0 255 0
P 162 70 0 255 0
P 163 70 0 255 0
P 164 70 0 255 0
P 165 70 0 255 0
P 166 70 0 255 0
P 167 70 0 255 0
P 168 70 0 255 0
P 169 70 0 255 0
P 170 70 0 255 0
P 171 70 0 255 0
P 172 70 0 255 0
P 173 70 0 255 0
P 174 70 0 255 0
P 175 70 0 255 0
P 176 70 0 255 0
P 177 70 0 255 0
P 178 70 0 255 0
P 179 70 0 255 0
P 180 70 0 255 0
P 181 70 0 255 0
P 182 70 0 255 0
P 183 70 0 255 0
P 184 70 0 255 0
P 185 70 0 255 0
P 186 70 0 255 0
P 187 70 0 255 0
P 188 70 0 255 0
P 189 70 0 255 0
P 190 70 0 255 0
P 191 70 0 255 0
P 192 70 0 255 0
P 193 70 0 255 0
P 194 70 0 255 0
P 195 70 0 255 0
P 196 70 0 255 0
P 197 70 0 255 0
P 198 70 0 255 0
P 199 70 0 255 0
P 40 71 255 0 0
P 41 71 255 0 0
P 42 71 255 0 0
P 43 71 255 0 0
P 44 71 255 0 0
P 45 71 255 0 0
P 46 71 255 0 0
P 47 71 255 0 0
P 48 71 255 0 0
P 49 71 255 0 0
P 50 71 255 0 0
P 51 71 255 0 0
P 52 71 255 0 0
P 53 71 255 0 0
P 54 71 255 0 0
P 55 71 255 0 0
P 56 71 255 0 0
P 57 71 255 0 0
P 58 71 255 0 0
P 59 71 255 0 0
P 60 71 255 0 0
P 61 71 255 0 0
P 62 71 255 0 0
P 63 71 255 0 0
P 64 71 255 0 0
P 65 71 255 0 0
P 66 71 255 0 0
P 67 71 255 0 0
P 68 71 255 0 0
P 69 71 255 0 0
P 70 71 255 0 0
P 71 71 255 0 0
P 72 71 255 0 0
P 73 71 255 0 0
P 74 71 255 0 0
P 75 71 255 0 0
P 76 71 0 255 0
P 77 71 0 255 0
P 78 71 0 255 0
P 79 71 0 255 0
P 80 71 0 255 0
P 81 71 0 255 0
P 82 71 0 255 0
P 83 71 0 255 0
P 84 71 0 255 0
P 85 71 0 255 0
P 86 71 0 255 0
P 87 71 0 255 0
P 88 71 0 255 0
P 89 71 0 255 0
P 90 71 0 255 0
P 91 71 0 255 0
P 92 71 0 255 0
P 93 71 0 255 0
P 94 71 0 255 0
P 95 71 0 255 0
P 96 71 0 255 0
P 97 71 0 255 0
P 98 71 0 255 0
P 99 71 0 255 0
P 100 71 0 255 0
P 101 71 0 255 0
P 102 71 0 255 0
P 103 71 0 255 0
P 104 71 0 255 0
P 105 71 0 255 0
P 106 71 0 255 0
P 107 71 0 255 0
P 108 71 0 255 0
P 109 71 0 255 0
P 110 71 0 255 0
P 111 71 0 255 0
P 112 71 0 255 0
P 113 71 0 255 0
P 114 71 0 255 0
P 115 71 0 255 0
P 116 71 0 255 0
P 117 71 0 255 0
P 118 71 0 255 0
P 119 71 0 255 0
P 120 71 0 255 0
P 121 71 0 255 0
P 122 71 0 255 0
P 123 71 0 255 0
P 124 71 0 255 0
P 125 71 0 255 0
P 126 71 0 255 0
P 127 71 0 255 0
P 128 71 0 255 0
P 129 71 0 255 0
P 130 71 0 255 0
P 131 71 0 255 0
P 132 71 0 255 0
P 133 71 0 255 0
P 134 71 0 255 0
P 135 71 0 255 0
P 136 71 0 255 0
P 137 71 0 255 0
P 138 71 0 255 0
P 139 71 0 255 0
P 140 71 0 255 0
P 141 71 0 255 0
P 142 71 0 255 0
P 143 71 0 255 0
P 144 71 0 255 0
P 145 71 0 255 0
P 146 71 0 255 0
P 147 71 0 255 0
P 148 71 0 255 0
P 149 71 0 255 0
P 150 71 0 255 0
P 151 71 0 255 0
P 152 71 0 255 0
P 153 71 0 255 0
P 154 71 0 255 0
P 155 71 0 255 0
P 156 71 0 255 0
P 157 71 0 255 0
P 158 71 0 255 0
P 159 71 0 255 0
P 160 71 0 255 0
P 161 71 0 255 0
P 162 71 0 255 0
P 163 71 0 255 0
P 164 71 0 255 0
P 165 71 0 255 0
P 166 71 0 255 0
P 167 71 0 255 0
P 168 71 0 255 0
P 169 71 0 255 0
P 170 71 0 255 0
P 171 71 0 255 0
P 172 71 0 255 0
P 173 71 0 255 0
P 174 71 0 255 0
P 175 71 0 255 0
P 176 71 0 255 0
P 177 71 0 255 0
P 178 71 0 255 0
P 179 71 0 255 0
P 180 71 0 255 0
P 181 71 0 255 0
P 182 71 0 255 0
P 183 71 0 255 0
P 184 71 0 255 0
P 185 71 0 255 0
P 186 71 0 255 0
P 187 71 0 255 0
P 188 71 0 255 0
P 189 71 0 255 0
P 190 71 0 255 0
P 191 71 0 255 0
P 192 71 0 255 0
P 193 71 0 255 0
P 194 71 0 255 0
P 195 71 0 255 0
P 196 71 0 255 0
P 197 71 0 255 0
P 198 71 0 255 0
P 199 71 0 255 0
P 40 72 255 0 0
P 41 72 255 0 0
P 42 72 255 0 0
P 43 72 255 0 0
P 44 72 255 0 0
P 45 72 255 0 0
P 46 72 255 0 0
P 47 72 255 0 0
P 48 72 255 0 0
P 49 72 255 0 0
P 50 72 255 0 0
P 51 72 255 0 0
P 52 72 255 0 0
P 53 72 255 0 0
P 54 72 255 0 0
P 55 72 255 0 0
P 56 72 255 0 0
P 57 72 255 0 0
P 58 72 255 0 0
P 59 72 255 0 0
P 60 72 255 0 0
P 61 72 255 0 0
P 62 72 255 0 0
P 63 72 255 0 0
P 64 72 255 0 0
P 65 72 255 0 0
P 66 72 255 0 0
P 67 72 255 0 0
P 68 72 255 0 0
P 69 72 255 0 0
P 70 72 255 0 0
P 71 72 255 0 0
P 72 72 255 0 0
P 73 72 255 0 0
P 74 72 255 0 0
P 75 72 255 0 0
P 76 72 255 0 0
P 77 72 0 255 0
P 78 72 0 255 0
P 79 72 0 255 0
P 80 72 0 255 0
P 81 72 0 255 0
P 82 72 0 255 0
P 83 72 0 255 0
P 84 72 0 255 0
P 85 72 0 255 0
P 86 72 0 255 0
P 87 72 0 255 0
P 88 72 0 255 0
P 89 72 0 255 0
P 90 72 0 255 0
P 91 72 0 255 0
P 92 72 0 255 0
P 93 72 0 255 0
P 94 72 0 255 0
P 95 72 0 255 0
P 96 72 0 255 0
P 97 72 0 255 0
P 98 72 0 255 0
P 99 72 0 255 0
P 100 72 0 255 0
P 101 72 0 255 0
P 102 72 0 255 0
P 103 72 0 255 0
P 104 72 0 255 0
P 105 72 0 255 0
P 106 72 0 255 0
P 107 72 0 255 0
P 108 72 0 255 0
P 109 72 0 255 0
P 110 72 0 255 0
P 111 72 0 255 0
P 112 72 0 255 0
P 113 72 0 255 0
P 114 72 0 255 0
P 115 72 0 255 0
P 116 72 0 255 0
P 117 72 0 255 0
P 118 72 0 255 0
P 119 72 0 255 0
P 120 72 0 255 0
P 121 72 0 255 0
P 122 72 0 255 0
P 123 72 0 255 0
P 124 72 0 255 0
P 125 72 0 255 0
P 126 72 0 255 0
P 127 72 0 255 0
P 128 72 0 255 0
P 129 72 0 255 0
P 130 72 0 255 0
P 131 72 0 255 0
P 132 72 0 255 0
P 133 72 0 255 0
P 134 72 0 255 0
P 135 72 0 255 0
P 136 72 0 255 0
P 137 72 0 255 0
P 138 72 0 255 0
P 139 72 0 255 0
P 140 72 0 255 0
P 141 72 0 255 0
P 142 72 0 255 0
P 143 72 0 255 0
P 144 72 0 255 0
P 145 72 0 255 0
P 146 72 0 255 0
P 147 72 0 255 0
P 148 72 0 255 0
P 149 72 0 255 0
P 150 72 0 255 0
P 151 72 0 255 0
P 152 72 0 255 0
P 153 72 0 255 0
P 154 72 0 255 0
P 155 72 0 255 0
P 156 72 0 255 0
P 157 72 0 255 0
P 158 72 0 255 0
P 159 72 0 255 0
P 160 72 0 255 0
P 161 72 0 255 0
P 162 72 0 255 0
P 163 72 0 255 0
P 164 72 0 255 0
P 165 72 0 255 0
P 166 72 0 255 0
P 167 72 0 255 0
P 168 72 0 255 0
P 169 72 0 255 0
P 170 72 0 255 0
P 171 72 0 255 0
P 172 72 0 255 0
P 173 72 0 255 0
P 174 72 0 255 0
P 175 72 0 255 0
P 176 72 0 255 0
P 177 72 0 255 0
P 178 72 0 255 0
P 179 72 0 255 0
P 180 72 0 255 0
P 181 72 0 255 0
P 182 72 0 255 0
P 183 72 0 255 0
P 184 72 0 255 0
P 185 72 0 255 0
P 186 72 0 255 0
P 187 72 0 255 0
P 188 72 0 255 0
P 189 72 0 255 0
P 190 72 0 255 0
P 191 72 0 255 0
P 192 72 0 255 0
P 193 72 0 255 0
P 194 72 0 255 0
P 195 72 0 255 0
P 196 72 0 255 0
P 197 72 0 255 0
P 198 72 0 255 0
P 199 72 0 255 0
P 40 73 255 0 0
P 41 73 255 0 0
P 42 73 255 0 0
P 43 73 255 0 0
P 44 73 255 0 0
P 45 73 255 0 0
P 46 73 255 0 0
P 47 73 255 0 0
P 48 73 255 0 0
P 49 73 255 0 0
P 50 73 255 0 0
P 51 73 255 0 0
P 52 73 255 0 0
P 53 73 255 0 0
P 54 73 255 0 0
P 55 73 255 0 0
P 56 73 255 0 0
P 57 73 255 0 0
P 58 73 255 0 0
P 59 73 255 0 0
P 60 73 255 0 0
P 61 73 255 0 0
P 62 73 255 0 0
P 63 73 255 0 0
P 64 73 255 0 0
P 65 73 255 0 0
P 66 73 255 0 0
P 67 73 255 0 0
P 68 73 255 0 0
P 69 73 255 0 0
P 70 73 255 0 0
P 71 73 255 0 0
P 72 73 255 0 0
P 73 73 255 0 0
P 74 73 255 0 0
P 75 73 255 0 0
P 76 73 255 0 0
P 77 73 255 0 0
P 78 73 0 255 0
P 79 73 0 255 0
P 80 73 0 255 0
P 81 73 0 255 0
P 82 73 0 255 0
P 83 73 0 255 0
P 84 73 0 255 0
P 85 73 0 255 0
P 86 73 0 255 0
P 87 73 0 255 0
P 88 73 0 255 0
P 89 73 0 255 0
P 90 73 0 255 0
P 91 73 0 255 0
P 92 73 0 255 0
P 93 73 0 255 0
P 94 73 0 255 0
P 95 73 0 255 0
P 96 73 0 255 0
P 97 73 0 255 0
P 98 73 0 255 0
P 99 73 0 255 0
P 100 73 0 255 0
P 101 73 0 255 0
P 102 73 0 255 0
P 103 73 0 255 0
P 104 73 0 255 0
P 105 73 0 255 0
P 106 73 0 255 0
P 107 73 0 255 0
P 108 73 0 255 0
P 109 73 0 255 0
P 110 73 0 255 0
P 111 73 0 255 0
P 112 73 0 255 0
P 113 73 0 255 0
P 114 73 0 255 0
P 115 73 0 255 0
P 116 73 0 255 0
P 117 73 0 255 0
P 118 73 0 255 0
P 119 73 0 255 0
P 120 73 0 255 0
P 121 73 0 255 0
P 122 73 0 255 0
P 123 73 0 255 0
P 124 73 0 255 0
P 125 73 0 255 0
P 126 73 0 255 0
P 127 73 0 255 0
P 128 73 0 255 0
P 129 73 0 255 0
P 130 73 0 255 0
P 131 73 0 255 0
P 132 73 0 255 0
P 133 73 0 255 0
P 134 73 0 255 0
P 135 73 0 255 0
P 136 73 0 255 0
P 137 73 0 255 0
P 138 73 0 255 0
P 139 73 0 255 0
P 140 73 0 255 0
P 141 73 0 255 0
P 142 73 0 255 0
P 143 73 0 255 0
P 144 73 0 255 0
P 145 73 0 255 0
P 146 73 0 255 0
P 147 73 0 255 0
P 148 73 0 255 0
P 149 73 0 255 0
P 150 73 0 255 0
P 151 73 0 255 0
P 152 73 0 255 0
P 153 73 0 255 0
P 154 73 0 255 0
P 155 73 0 255 0
P 156 73 0 255 0
P 157 73 0 255 0
P 158 73 0 255 0
P 159 73 0 255 0
P 160 73 0 255 0
P 161 73 0 255 0
P 162 73 0 255 0
P 163 73 0 255 0
P 164 73 0 255 0
P 165 73 0 255 0
P 166 73 0 255 0
P 167 73 0 255 0
P 168 73 0 255 0
P 169 73 0 255 0
P 170 73 0 255 0
P 171 73 0 255 0
P 172 73 0 255 0
P 173 73 0 255 0
P 174 73 0 255 0
P 175 73 0 255 0
P 176 73 0 255 0
P 177 73 0 255 0
P 178 73 0 255 0
P 179 73 0 255 0
P 180 73 0 255 0
P 181 73 0 255 0
P 182 73 0 255 0
P 183 73 0 255 0
P 184 73 0 255 0
P 185 73 0 255 0
P 186 73 0 255 0
P 187 73 0 255 0
P 188 73 0 255 0
P 189 73 0 255 0
P 190 73 0 255 0
P 191 73 0 255 0
P 192 73 0 255 0
P 193 73 0 255 0
P 194 73 0 255 0
P 195 73 0 255 0
P 196 73 0 255 0
P 197 73 0 255 0
P 198 73 0 255 0
P 199 73 0 255 0
P 40 74 255 0 0
P 41 74 255 0 0
P 42 74 255 0 0
P 43 74 255 0 0
P 44 74 255 0 0
P 45 74 255 0 0
P 46 74 255 0 0
P 47 74 255 0 0
P 48 74 255 0 0
P 49 74 255 0 0
P 50 74 255 0 0
P 51 74 255 0 0
P 52 74 255 0 0
P 53 74 255 0 0
P 54 74 255 0 0
P 55 74 255 0 0
P 56 74 255 0 0
P 57 74 255 0 0
P 58 74 255 0 0
P 59 74 255 0 0
P 60 74 255 0 0
P 61 74 255 0 0
P 62 74 255 0 0
P 63 74 255 0 0
P 64 74 255 0 0
P 65 74 255 0 0
P 66 74 255 0 0
P 67 74 255 0 0
P 68 74 255 0 0
P 69 74 255 0 0
P 70 74 255 0 0
P 71 74 255 0 0
P 72 74 255 0 0
P 73 74 255 0 0
P 74 74 255 0 0
P 75 74 255 0 0
P 76 74 255 0 0
P 77 74 255 0 0
P 78 74 255 0 0
P 79 74 0 255 0
P 80 74 0 255 0
P 81 74 0 255 0
P 82 74 0 255 0
P 83 74 0 255 0
P 84 74 0 255 0
P 85 74 0 255 0
P 86 74 0 255 0
P 87 74 0 255 0
P 88 74 0 255 0
P 89 74 0 255 0
P 90 74 0 255 0
P 91 74 0 255 0
P 92 74 0 255 0
P 93 74 0 255 0
P 94 74 0 255 0
P 95 74 0 255 0
P 96 74 0 255 0
P 97 74 0 255 0
P 98 74 0 255 0
P 99 74 0 255 0
P 100 74 0 255 0
P 101 74 0 255 0
P 102 74 0 255 0
P 103 74 0 255 0
P 104 74 0 255 0
P 105 74 0 255 0
P 106 74 0 255 0
P 107 74 0 255 0
P 108 74 0 255 0
P 109 74 0 255 0
P 110 74 0 255 0
P 111 74 0 255 0
P 112 74 0 255 0
P 113 74 0 255 0
P 114 74 0 255 0
P 115 74 0 255 0
P 116 74 0 255 0
P 117 74 0 255 0
P 118 74 0 255 0
P 119 74 0 255 0
P 120 74 0 255 0
P 121 74 0 255 0
P 122 74 0 255 0
P 123 74 0 255 0
P 124 74 0 255 0
P 125 74 0 255 0
P 126 74 0 255 0
P 127 74 0 255 0
P 128 74 0 255 0
P 129 74 0 255 0
P 130 74 0 255 0
P 131 74 0 255 0
P 132 74 0 255 0
P 133 74 0 255 0
P 134 74 0 255 0
P 135 74 0 255 0
P 136 74 0 255 0
P 137 74 0 255 0
P 138 74 0 255 0
P 139 74 0 255 0
P 140 74 0 255 0
P 141 74 0 255 0
P 142 74 0 255 0
P 143 74 0 255 0
P 144 74 0 255 0
P 145 74 0 255 0
P 146 74 0 255 0
P 147 74 0 255 0
P 148 74 0 255 0
P 149 74 0 255 0
P 150 74 0 255 0
P 151 74 0 255 0
P 152 74 0 255 0
P 153 74 0 255 0
P 154 74 0 255 0
P 155 74 0 255 0
P 156 74 0 255 0
P 157 74 0 255 0
P 158 74 0 255 0
P 159 74 0 255 0
P 160 74 0 255 0
P 161 74 0 255 0
P 162 74 0 255 0
P 163 74 0 255 0
P 164 74 0 255 0
P 165 74 0 255 0
P 166 74 0 255 0
P 167 74 0 255 0
P 168 74 0 255 0
P 169 74 0 255 0
P 170 74 0 255 0
P 171 74 0 255 0
P 172 74 0 255 0
P 173 74 0 255 0
P 174 74 0 255 0
P 175 74 0 255 0
P 176 74 0 255 0
P 177 74 0 255 0
P 178 74 0 255 0
P 179 74 0 255 0
P 180 74 0 255 0
P 181 74 0 255 0
P 182 74 0 255 0
P 183 74 0 255 0
P 184 74 0 255 0
P 185 74 0 255 0
P 186 74 0 255 0
P 187 74 0 255 0
P 188 74 0 255 0
P 189 74 0 255 0
P 190 74 0 255 0
P 191 74 0 255 0
P 192 74 0 255 0
P 193 74 0 255 0
P 194 74 0 255 0
P 195 74 0 255 0
P 196 74 0 255 0
P 197 74 0 255 0
P 198 74 0 255 0
P 199 74 0 255 0
P 40 75 255 0 0
P 41 75 255 0 0
P 42 75 255 0 0
P 43 75 255 0 0
P 44 75 255 0 0
P 45 75 255 0 0
P 46 75 255 0 0
P 47 75 255 0 0
P 48 75 255 0 0
P 49 75 255 0 0
P 50 75 255 0 0
P 51 75 255 0 0
P 52 75 255 0 0
P 53 75 255 0 0
P 54 75 255 0 0
P 55 75 255 0 0
P 56 75 255 0 0
P 57 75 255 0 0
P 58 75 255 0 0
P 59 75 255 0 0
P 60 75 255 0 0
P 61 75 255 0 0
P 62 75 255 0 0
P 63 75 255 0 0
P 64 75 255 0 0
P 65 75 255 0 0
P 66 75 255 0 0
P 67 75 255 0 0
P 68 75 255 0 0
P 69 75 255 0 0
P 70 75 255 0 0
P 71 75 255 0 0
P 72 75 255 0 0
P 73 75 255 0 0
P 74 75 255 0 0
P 75 75 255 0 0
P 76 75 255 0 0
P 77 75 255 0 0
P 78 75 255 0 0
P 79 75 255 0 0
P 80 75 255 0 0
P 81 75 0 255 0
P 82 75 0 255 0
P 83 75 0 255 0
P 84 75 0 255 0
P 85 75 0 255 0
P 86 75 0 255 0
P 87 75 0 255 0
P 88 75 0 255 0
P 89 75 0 255 0
P 90 75 0 255 0
P 91 75 0 255 0
P 92 75 0 255 0
P 93 75 0 255 0
P 94 75 0 255 0
P 95 75 0 255 0
P 96 75 0 255 0
P 97 75 0 255 0
P 98 75 0 255 0
P 99 75 0 255 0
P 100 75 0 255 0
P 101 75 0 255 0
P 102 75 0 255 0
P 103 75 0 255 0
P 104 75 0 255 0
P 105 75 0 255 0
P 106 75 0 255 0
P 107 75 0 255 0
P 108 75 0 255 0
P 109 75 0 255 0
P 110 75 0 255 0
P 111 75 0 255 0
P 112 75 0 255 0
P 113 75 0 255 0
P 114 75 0 255 0
P 115 75 0 255 0
P 116 75 0 255 0
P 117 75 0 255 0
P 118 75 0 255 0
P 119 75 0 255 0
P 120 75 0 255 0
P 121 75 0 255 0
P 122 75 0 255 0
P 123 75 0 255 0
P 124 75 0 255 0
P 125 75 0 255 0
P 126 75 0 255 0
P 127 75 0 255 0
P 128 75 0 255 0
P 129 75 0 255 0
P 130 75 0 255 0
P 131 75 0 255 0
P 132 75 0 255 0
P 133 75 0 255 0
P 134 75 0 255 0
P 135 75 0 255 0
P 136 75 0 255 0
P 137 75 0 255 0
P 138 75 0 255 0
P 139 75 0 255 0
P 140 75 0 255 0
P 141 75 0 255 0
P 142 75 0 255 0
P 143 75 0 255 0
P 144 75 0 255 0
P 145 75 0 255 0
P 146 75 0 255 0
P 147 75 0 255 0
P 148 75 0 255 0
P 149 75 0 255 0
P 150 75 0 255 0
P 151 75 0 255 0
P 152 75 0 255 0
P 153 75 0 255 0
P 154 75 0 255 0
P 155 75 0 255 0
P 156 75 0 255 0
P 157 75 0 255 0
P 158 75 0 255 0
P 159 75 0 255 0
P 160 75 0 255 0
P 161 75 0 255 0
P 162 75 0 255 0
P 163 75 0 255 0
P 164 75 0 255 0
P 165 75 0 255 0
P 166 75 0 255 0
P 167 75 0 255 0
P 168 75 0 255 0
P 169 75 0 255 0
P 170 75 0 255 0
P 171 75 0 255 0
P 172 75 0 255 0
P 173 75 0 255 0
P 174 75 0 255 0
P 175 75 0 255 0
P 176 75 0 255 0
P 177 75 0 255 0
P 178 75 0 255 0
P 179 75 0 255 0
P 180 75 0 255 0
P 181 75 0 255 0
P 182 75 0 255 0
P 183 75 0 255 0
P 184 75 0 255 0
P 185 75 0 255 0
P 186 75 0 255 0
P 187 75 0 255 0
P 188 75 0 255 0
P 189 75 0 255 0
P 190 75 0 255 0
P 191 75 0 255 0
P 192 75 0 255 0
P 193 75 0 255 0
P 194 75 0 255 0
P 195 75 0 255 0
P 196 75 0 255 0
P 197 75 0 255 0
P 198 75 0 255 0
P 199 75 0 255 0
P 40 76 255 0 0
P 41 76 255 0 0
P 42 76 255 0 0
P 43 76 255 0 0
P 44 76 255 0 0
P 45 76 255 0 0
P 46 76 255 0 0
P 47 76 255 0 0
P 48 76 255 0 0
P 49 76 255 0 0
P 50 76 255 0 0
P 51 76 255 0 0
P 52 76 255 0 0
P 53 76 255 0 0
P 54 76 255 0 0
P 55 76 255 0 0
P 56 76 255 0 0
P 57 76 255 0 0
P 58 76 255 0 0
P 59 76 255 0 0
P 60 76 255 0 0
P 61 76 255 0 0
P 62 76 255 0 0
P 63 76 255 0 0
P 64 76 255 0 0
P 65 76 255 0 0
P 66 76 255 0 0
P 67 76 255 0 0
P 68 76 255 0 0
P 69 76 255 0 0
P 70 76 255 0 0
P 71 76 255 0 0
P 72 76 255 0 0
P 73 76 255 0 0
P 74 76 255 0 0
P 75 76 255 0 0
P 76 76 255 0 0
P 77 76 255 0 0
P 78 76 255 0 0
P 79 76 255 0 0
P 80 76 255 0 0
P 81 76 255 0 0
P 82 76 0 255 0
P 83 76 0 255 0
P 84 76 0 255 0
P 85 76 0 255 0
P 86 76 0 255 0
P 87 76 0 255 0
P 88 76 0 255 0
P 89 76 0 255 0
P 90 76 0 255 0
P 91 76 0 255 0
P 92 76 0 255 0
P 93 76 0 255 0
P 94 76 0 255 0
P 95 76 0 255 0
P 96 76 0 255 0
P 97 76 0 255 0
P 98 76 0 255 0
P 99 76 0 255 0
P 100 76 0 255 0
P 101 76 0 255 0
P 102 76 0 255 0
P 103 76 0 255 0
P 104 76 0 255 0
P 105 76 0 255 0
P 106 76 0 255 0
P 107 76 0 255 0
P 108 76 0 255 0
P 109 76 0 255 0
P 110 76 0 255 0
P 111 76 0 255 0
P 112 76 0 255 0
P 113 76 0 255 0
P 114 76 0 255 0
P 115 76 0 255 0
P 116 76 0 255 0
P 117 76 0 255 0
P 118 76 0 255 0
P 119 76 0 255 0
P 120 76 0 255 0
P 121 76 0 255 0
P 122 76 0 255 0
P 123 76 0 255 0
P 124 76 0 255 0
P 125 76 0 255 0
P 126 76 0 255 0
P 127 76 0 255 0
P 128 76 0 255 0
P 129 76 0 255 0
P 130 76 0 255 0
P 131 76 0 255 0
P 132 76 0 255 0
P 133 76 0 255 0
P 134 76 0 255 0
P 135 76 0 255 0
P 136 76 0 255 0
P 137 76 0 255 0
P 138 76 0 255 0
P 139 76 0 255 0
P 140 76 0 255 0
P 141 76 0 255 0
P 142 76 0 255 0
P 143 76 0 255 0
P 144 76 0 255 0
P 145 76 0 255 0
P 146 76 0 255 0
P 147 76 0 255 0
P 148 76 0 255 0
P 149 76 0 255 0
P 150 76 0 255 0
P 151 76 0 255 0
P 152 76 0 255 0
P 153 76 0 255 0
P 154 76 0 255 0
P 155 76 0 255 0
P 156 76 0 255 0
P 157 76 0 255 0
P 158 76 0 255 0
P 159 76 0 255 0
P 160 76 0 255 0
P 161 76 0 255 0
P 162 76 0 255 0
P 163 76 0 255 0
P 164 76 0 255 0
P 165 76 0 255 0
P 166 76 0 255 0
P 167 76 0 255 0
P 168 76 0 255 0
P 169 76 0 255 0
P 170 76 0 255 0
P 171 76 0 255 0
P 172 76 0 255 0
P 173 76 0 255 0
P 174 76 0 255 0
P 175 76 0 255 0
P 176 76 0 255 0
P 177 76 0 255 0
P 178 76 0 255 0
P 179 76 0 255 0
P 180 76 0 255 0
P 181 76 0 255 0
P 182 76 0 255 0
P 183 76 0 255 0
P 184 76 0 255 0
P 185 76 0 255 0
P 186 76 0 255 0
P 187 76 0 255 0
P 188 76 0 255 0
P 189 76 0 255 0
P 190 76 0 255 0
P 191 76 0 255 0
P 192 76 0 255 0
P 193 76 0 255 0
P 194 76 0 255 0
P 195 76 0 255 0
P 196 76 0 255 0
P 197 76 0 255 0
P 198 76 0 255 0
P 199 76 0 255 0
P 40 77 255 0 0
P 41 77 255 0 0
P 42 77 255 0 0
P 43 77 255 0 0
P 44 77 255 0 0
P 45 77 255 0 0
P 46 77 255 0 0
P 47 77 255 0 0
P 48 77 255 0 0
P 49 77 255 0 0
P 50 77 255 0 0
P 51 77 255 0 0
P 52 77 255 0 0
P 53 77 255 0 0
P 54 77 255 0 0
P 55 77 255 0 0
P 56 77 255 0 0
P 57 77 255 0 0
P 58 77 255 0 0
P 59 77 255 0 0
P 60 77 255 0 0
P 61 77 255 0 0
P 62 77 255 0 0
P 63 77 255 0 0
P 64 77 255 0 0
P 65 77 255 0 0
P 66 77 255 0 0
P 67 77 255 0 0
P 68 77 255 0 0
P 69 77 255 0 0
P 70 77 255 0 0
P 71 77 255 0 0
P 72 77 255 0 0
P 73 77 255 0 0
P 74 77 255 0 0
P 75 77 255 0 0
P 76 77 255 0 0
P 77 77 255 0 0
P 78 77 255 0 0
P 79 77 255 0 0
P 80 77 255 0 0
P 81 77 255 0 0
P 82 77 255 0 0
P 83 77 0 255 0
P 84 77 0 255 0
P 85 77 0 255 0
P 86 77 0 255 0
P 87 77 0 255 0
P 88 77 0 255 0
P 89 77 0 255 0
P 90 77 0 255 0
P 91 77 0 255 0
P 92 77 0 255 0
P 93 77 0 255 0
P 94 77 0 255 0
P 95 77 0 255 0
P 96 77 0 255 0
P 97 77 0 255 0
P 98 77 0 255 0
P 99 77 0 255 0
P 100 77 0 255 0
P 101 77 0 255 0
P 102 77 0 255 0
P 103 77 0 255 0
P 104 77 0 255 0
P 105 77 0 255 0
P 106 77 0 255 0
P 107 77 0 255 0
P 108 77 0 255 0
P 109 77 0 255 0
P 110 77 0 255 0
P 111 77 0 255 0
P 112 77 0 255 0
P 113 77 0 255 0
P 114 77 0 255 0
P 115 77 0 255 0
P 116 77 0 255 0
P 117 77 0 255 0
P 118 77 0 255 0
P 119 77 0 255 0
P 120 77 0 255 0
P 121 77 0 255 0
P 122 77 0 255 0
P 123 77 0 255 0
P 124 77 0 255 0
P 125 77 0 255 0
P 126 77 0 255 0
P 127 77 0 255 0
P 128 77 0 255 0
P 129 77 0 255 0
P 130 77 0 255 0
P 131 77 0 255 0
P 132 77 0 255 0
P 133 77 0 255 0
P 134 77 0 255 0
P 135 77 0 255 0
P 136 77 0 255 0
P 137 77 0 255 0
P 138 77 0 255 0
P 139 77 0 255 0
P 140 77 0 255 0
P 141 77 0 255 0
P 142 77 0 255 0
P 143 77 0 255 0
P 144 77 0 255 0
P 145 77 0 255 0
P 146 77 0 255 0
P 147 77 0 255 0
P 148 77 0 255 0
P 149 77 0 255 0
P 150 77 0 255 0
P 151 77 0 255 0
P 152 77 0 255 0
P 153 77 0 255 0
P 154 77 0 255 0
P 155 77 0 255 0
P 156 77 0 255 0
P 157 77 0 255 0
P 158 77 0 255 0
P 159 77 0 255 0
P 160 77 0 255 0
P 161 77 0 255 0
P 162 77 0 255 0
P 163 77 0 255 0
P 164 77 0 255 0
P 165 77 0 255 0
P 166 77 0 255 0
P 167 77 0 255 0
P 168 77 0 255 0
P 169 77 0 255 0
P 170 77 0 255 0
P 171 77 0 255 0
P 172 77 0 255 0
P 173 77 0 255 0
P 174 77 0 255 0
P 175 77 0 255 0
P 176 77 0 255 0
P 177 77 0 255 0
P 178 77 0 255 0
P 179 77 0 255 0
P 180 77 0 255 0
P 181 77 0 255 0
P 182 77 0 255 0
P 183 77 0 255 0
P 184 77 0 255 0
P 185 77 0 255 0
P 186 77 0 255 0
P 187 77 0 255 0
P 188 77 0 255 0
P 189 77 0 255 0
P 190 77 0 255 0
P 191 77 0 255 0
P 192 77 0 255 0
P 193 77 0 255 0
P 194 77 0 255 0
P 195 77 0 255 0
P 196 77 0 255 0
P 197 77 0 255 0
P 198 77 0 255 0
P 199 77 0 255 0
P 40 78 255 0 0
P 41 78 255 0 0
P 42 78 255 0 0
P 43 78 255 0 0
P 44 78 255 0 0
P 45 78 255 0 0
P 46 78 255 0 0
P 47 78 255 0 0
P 48 78 255 0 0
P 49 78 255 0 0
P 50 78 255 0 0
P 51 78 255 0 0
P 52 78 255 0 0
P 53 78 255 0 0
P 54 78 255 0 0
P 55 78 255 0 0
P 56 78 255 0 0
P 57 78 255 0 0
P 58 78 255 0 0
P 59 78 255 0 0
P 60 78 255 0 0
P 61 78 255 0 0
P 62 78 255 0 0
P 63 78 255 0 0
P 64 78 255 0 0
P 65 78 255 0 0
P 66 78 255 0 0
P 67 78 255 0 0
P 68 78 255 0 0
P 69 78 255 0 0
P 70 78 255 0 0
P 71 78 255 0 0
P 72 78 255 0 0
P 73 78 255 0 0
P 74 78 255 0 0
P 75 78 255 0 0
P 76 78 255 0 0
P 77 78 255 0 0
P 78 78 255 0 0
P 79 78 255 0 0
P 80 78 255 0 0
P 81 78 255 0 0
P 82 78 255 0 0
P 83 78 255 0 0
P 84 78 0 255 0
P 85 78 0 255 0
P 86 78 0 255 0
P 87 78 0 255 0
P 88 78 0 255 0
P 89 78 0 255 0
P 90 78 0 255 0
P 91 78 0 255 0
P 92 78 0 255 0
P 93 78 0 255 0
P 94 78 0 255 0
P 95 78 0 255 0
P 96 78 0 255 0
P 97 78 0 255 0
P 98 78 0 255 0
P 99 78 0 255 0
P 100 78 0 255 0
P 101 78 0 255 0
P 102 78 0 255 0
P 103 78 0 255 0
P 104 78 0 255 0
P 105 78 0 255 0
P 106 78 0 255 0
P 107 78 0 255 0
P 108 78 0 255 0
P 109 78 0 255 0
P 110 78 0 255 0
P 111 78 0 255 0
P 112 78 0 255 0
P 113 78 0 255 0
P 114 78 0 255 0
P 115 78 0 255 0
P 116 78 0 255 0
P 117 78 0 255 0
P 118 78 0 255 0
P 119 78 0 255 0
P 120 78 0 255 0
P 121 78 0 255 0
P 122 78 0 255 0
P 123 78 0 255 0
P 124 78 0 255 0
P 125 78 0 255 0
P 126 78 0 255 0
P 127 78 0 255 0
P 128 78 0 255 0
P 129 78 0 255 0
P 130 78 0 255 0
P 131 78 0 255 0
P 132 78 0 255 0
P 133 78 0 255 0
P 134 78 0 255 0
P 135 78 0 255 0
P 136 78 0 255 0
P 137 78 0 255 0
P 138 78 0 255 0
P 139 78 0 255 0
P 140 78 0 255 0
P 141 78 0 255 0
P 142 78 0 255 0
P 143 78 0 255 0
P 144 78 0 255 0
P 145 78 0 255 0
P 146 78 0 255 0
P 147 78 0 255 0
P 148 78 0 255 0
P 149 78 0 255 0
P 150 78 0 255 0
P 151 78 0 255 0
P 152 78 0 255 0
P 153 78 0 255 0
P 154 78 0 255 0
P 155 78 0 255 0
P 156 78 0 255 0
P 157 78 0 255 0
P 158 78 0 255 0
P 159 78 0 255 0
P 160 78 0 255 0
P 161 78 0 255 0
P 162 78 0 255 0
P 163 78 0 255 0
P 164 78 0 255 0
P 165 78 0 255 0
P 166 78 0 255 0
P 167 78 0 255 0
P 168 78 0 255 0
P 169 78 0 255 0
P 170 78 0 255 0
P 171 78 0 255 0
P 172 78 0 255 0
P 173 78 0 255 0
P 174 78 0 255 0
P 175 78 0 255 0
P 176 78 0 255 0
P 177 78 0 255 0
P 178 78 0 255 0
P 179 78 0 255 0
P 180 78 0 255 0
P 181 78 0 255 0
P 182 78 0 255 0
P 183 78 0 255 0
P 184 78 0 255 0
P 185 78 0 255 0
P 186 78 0 255 0
P 187 78 0 255 0
P 188 78 0 255 0
P 189 78 0 255 0
P 190 78 0 255 0
P 191 78 0 255 0
P 192 78 0 255 0
P 193 78 0 255 0
P 194 78 0 255 0
P 195 78 0 255 0
P 196 78 0 255 0
P 197 78 0 255 0
P 198 78 0 255 0
P 199 78 0 255 0
P 40 79 255 0 0
P 41 79 255 0 0
P 42 79 255 0 0
P 43 79 255 0 0
P 44 79 255 0 0
P 45 79 255 0 0
P 46 79 255 0 0
P 47 79 255 0 0
P 48 79 255 0 0
P 49 79 255 0 0
P 50 79 255 0 0
P 51 79 255 0 0
P 52 79 255 0 0
P 53 79 255 0 0
P 54 79 255 0 0
P 55 79 255 0 0
P 56 79 255 0 0
P 57 79 255 0 0
P 58 79 255 0 0
P 59 79 255 0 0
P 60 79 255 0 0
P 61 79 255 0 0
P 62 79 255 0 0
P 63 79 255 0 0
P 64 79 255 0 0
P 65 79 255 0 0
P 66 79 255 0 0
P 67 79 255 0 0
P 68 79 255 0 0
P 69 79 255 0 0
P 70 79 255 0 0
P 71 79 255 0 0
P 72 79 255 0 0
P 73 79 255 0 0
P 74 79 255 0 0
P 75 79 255 0 0
P 76 79 255 0 0
P 77 79 255 0 0
P 78 79 255 0 0
P 79 79 255 0 0
P 80 79 255 0 0
P 81 79 255 0 0
P 82 79 255 0 0
P 83 79 255 0 0
P 84 79 255 0 0
P 85 79 0 255 0
P 86 79 0 255 0
P 87 79 0 255 0
P 88 79 0 255 0
P 89 79 0 255 0
P 90 79 0 255 0
P 91 79 0 255 0
P 92 79 0 255 0
P 93 79 0 255 0
P 94 79 0 255 0
P 95 79 0 255 0
P 96 79 0 255 0
P 97 79 0 255 0
P 98 79 0 255 0
P 99 79 0 255 0
P 100 79 0 255 0
P 101 79 0 255 0
P 102 79 0 255 0
P 103 79 0 255 0
P 104 79 0 255 0
P 105 79 0 255 0
P 106 79 0 255 0
P 107 79 0 255 0
P 108 79 0 255 0
P 109 79 0 255 0
P 110 79 0 255 0
P 111 79 0 255 0
P 112 79 0 255 0
P 113 79 0 255 0
P 114 79 0 255 0
P 115 79 0 255 0
P 116 79 0 255 0
P 117 79 0 255 0
P 118 79 0 255 0
P 119 79 0 255 0
P 120 79 0 255 0
P 121 79 0 255 0
P 122 79 0 255 0
P 123 79 0 255 0
P 124 79 0 255 0
P 125 79 0 255 0
P 126 79 0 255 0
P 127 79 0 255 0
P 128 79 0 255 0
P 129 79 0 255 0
P 130 79 0 255 0
P 131 79 0 255 0
P 132 79 0 255 0
P 133 79 0 255 0
P 134 79 0 255 0
P 135 79 0 255 0
P 136 79 0 255 0
P 137 79 0 255 0
P 138 79 0 255 0
P 139 79 0 255 0
P 140 79 0 255 0
P 141 79 0 255 0
P 142 79 0 255 0
P 143 79 0 255 0
P 144 79 0 255 0
P 145 79 0 255 0
P 146 79 0 255 0
P 147 79 0 255 0
P 148 79 0 255 0
P 149 79 0 255 0
P 150 79 0 255 0
P 151 79 0 255 0
P 152 79 0 255 0
P 153 79 0 255 0
P 154 79 0 255 0
P 155 79 0 255 0
P 156 79 0 255 0
P 157 79 0 255 0
P 158 79 0 255 0
P 159 79 0 255 0
P 160 79 0 255 0
P 161 79 0 255 0
P 162 79 0 255 0
P 163 79 0 255 0
P 164 79 0 255 0
P 165 79 0 255 0
P 166 79 0 255 0
P 167 79 0 255 0
P 168 79 0 255 0
P 169 79 0 255 0
P 170 79 0 255 0
P 171 79 0 255 0
P 172 79 0 255 0
P 173 79 0 255 0
P 174 79 0 255 0
P 175 79 0 255 0
P 176 79 0 255 0
P 177 79 0 255 0
P 178 79 0 255 0
P 179 79 0 255 0
P 180 79 0 255 0
P 181 79 0 255 0
P 182 79 0 255 0
P 183 79 0 255 0
P 184 79 0 255 0
P 185 79 0 255 0
P 186 79 0 255 0
P 187 79 0 255 0
P 188 79 0 255 0
P 189 79 0 255 0
P 190 79 0 255 0
P 191 79 0 255 0
P 192 79 0 255 0
P 193 79 0 255 0
P 194 79 0 255 0
P 195 79 0 255 0
P 196 79 0 255 0
P 197 79 0 255 0
P 198 79 0 255 0
P 199 79 0 255 0
P 40 80 255 0 0
P 41 80 255 0 0
P 42 80 255 0 0
P 43 80 255 0 0
P 44 80 255 0 0
P 45 80 255 0 0
P 46 80 255 0 0
P 47 80 255 0 0
P 48 80 255 0 0
P 49 80 255 0 0
P 50 80 255 0 0
P 51 80 255 0 0
P 52 80 255 0 0
P 53 80 255 0 0
P 54 80 255 0 0
P 55 80 255 0 0
P 56 80 255 0 0
P 57 80 255 0 0
P 58 80 255 0 0
P 59 80 255 0 0
P 60 80 255 0 0
P 61 80 255 0 0
P 62 80 255 0 0
P 63 80 255 0 0
P 64 80 255 0 0
P 65 80 255 0 0
P 66 80 255 0 0
P 67 80 255 0 0
P 68 80 255 0 0
P 69 80 255 0 0
P 70 80 255 0 0
P 71 80 255 0 0
P 72 80 255 0 0
P 73 80 255 0 0
P 74 80 255 0 0
P 75 80 255 0 0
P 76 80 255 0 0
P 77 80 255 0 0
P 78 80 255 0 0
P 79 80 255 0 0
P 80 80 255 0 0
P 81 80 255 0 0
P 82 80 255 0 0
P 83 80 255 0 0
P 84 80 255 0 0
P 85 80 255 0 0
P 86 80 0 255 0
P 87 80 0 255 0
P 88 80 0 255 0
P 89 80 0 255 0
P 90 80 0 255 0
P 91 80 0 255 0
P 92 80 0 255 0
P 93 80 0 255 0
P 94 80 0 255 0
P 95 80 0 255 0
P 96 80 0 255 0
P 97 80 0 255 0
P 98 80 0 255 0
P 99 80 0 255 0
P 100 80 0 255 0
P 101 80 0 255 0
P 102 80 0 255 0
P 103 80 0 255 0
P 104 80 0 255 0
P 105 80 0 255 0
P 106 80 0 255 0
P 107 80 0 255 0
P 108 80 0 255 0
P 109 80 0 255 0
P 110 80 0 255 0
P 111 80 0 255 0
P 112 80 0 255 0
P 113 80 0 255 0
P 114 80 0 255 0
P 115 80 0 255 0
P 116 80 0 255 0
P 117 80 0 255 0
P 118 80 0 255 0
P 119 80 0 255 0
P 120 80 0 255 0
P 121 80 0 255 0
P 122 80 0 255 0
P 123 80 0 255 0
P 124 80 0 255 0
P 125 80 0 255 0
P 126 80 0 255 0
P 127 80 0 255 0
P 128 80 0 255 0
P 129 80 0 255 0
P 130 80 0 255 0
P 131 80 0 255 0
P 132 80 0 255 0
P 133 80 0 255 0
P 134 80 0 255 0
P 135 80 0 255 0
P 136 80 0 255 0
P 137 80 0 255 0
P 138 80 0 255 0
P 139 80 0 255 0
P 140 80 0 255 0
P 141 80 0 255 0
P 142 80 0 255 0
P 143 80 0 255 0
P 144 80 0 255 0
P 145 80 0 255 0
P 146 80 0 255 0
P 147 80 0 255 0
P 148 80 0 255 0
P 149 80 0 255 0
P 150 80 0 255 0
P 151 80 0 255 0
P 152 80 0 255 0
P 153 80 0 255 0
P 154 80 0 255 0
P 155 80 0 255 0
P 156 80 0 255 0
P 157 80 0 255 0
P 158 80 0 255 0
P 159 80 0 255 0
P 160 80 0 255 0
P 161 80 0 255 0
P 162 80 0 255 0
P 163 80 0 255 0
P 164 80 0 255 0
P 165 80 0 255 0
P 166 80 0 255 0
P 167 80 0 255 0
P 168 80 0 255 0
P 169 80 0 255 0
P 170 80 0 255 0
P 171 80 0 255 0
P 172 80 0 255 0
P 173 80 0 255 0
P 174 80 0 255 0
P 175 80 0 255 0
P 176 80 0 255 0
P 177 80 0 255 0
P 178 80 0 255 0
P 179 80 0 255 0
P 180 80 0 255 0
P 181 80 0 255 0
P 182 80 0 255 0
P 183 80 0 255 0
P 184 80 0 255 0
P 185 80 0 255 0
P 186 80 0 255 0
P 187 80 0 255 0
P 188 80 0 255 0
P 189 80 0 255 0
P 190 80 0 255 0
P 191 80 0 255 0
P 192 80 0 255 0
P 193 80 0 255 0
P 194 80 0 255 0
P 195 80 0 255 0
P 196 80 0 255 0
P 197 80 0 255 0
P 198 80 0 255 0
P 199 80 0 255 0
P 40 81 255 0 0
P 41 81 255 0 0
P 42 81 255 0 0
P 43 81 255 0 0
P 44 81 255 0 0
P 45 81 255 0 0
P 46 81 255 0 0
P 47 81 255 0 0
P 48 81 255 0 0
P 49 81 255 0 0
P 50 81 255 0 0
P 51 81 255 0 0
P 52 81 255 0 0
P 53 81 255 0 0
P 54 81 255 0 0
P 55 81 255 0 0
P 56 81 255 0 0
P 57 81 255 0 0
P 58 81 255 0 0
P 59 81 255 0 0
P 60 81 255 0 0
P 61 81 255 0 0
P 62 81 255 0 0
P 63 81 255 0 0
P 64 81 255 0 0
P 65 81 255 0 0
P 66 81 255 0 0
P 67 81 255 0 0
P 68 81 255 0 0
P 69 81 255 0 0
P 70 81 255 0 0
P 71 81 255 0 0
P 72 81 255 0 0
P 73 81 255 0 0
P 74 81 255 0 0
P 75 81 255 0 0
P 76 81 255 0 0
P 77 81 255 0 0
P 78 81 255 0 0
P 79 81 255 0 0
P 80 81 255 0 0
P 81 81 255 0 0
P 82 81 255 0 0
P 83 81 255 0 0
P 84 81 255 0 0
P 85 81 255 0 0
P 86 81 255 0 0
P 87 81 0 255 0
P 88 81 0 255 0
P 89 81 0 255 0
P 90 81 0 255 0
P 91 81 0 255 0
P 92 81 0 255 0
P 93 81 0 255 0
P 94 81 0 255 0
P 95 81 0 255 0
P 96 81 0 255 0
P 97 81 0 255 0
P 98 81 0 255 0
P 99 81 0 255 0
P 100 81 0 255 0
P 101 81 0 255 0
P 102 81 0 255 0
P 103 81 0 255 0
P 104 81 0 255 0
P 105 81 0 255 0
P 106 81 0 255 0
P 107 81 0 255 0
P 108 81 0 255 0
P 109 81 0 255 0
P 110 81 0 255 0
P 111 81 0 255 0
P 112 81 0 255 0
P 113 81 0 255 0
P 114 81 0 255 0
P 115 81 0 255 0
P 116 81 0 255 0
P 117 81 0 255 0
P 118 81 0 255 0
P 119 81 0 255 0
P 120 81 0 255 0
P 121 81 0 255 0
P 122 81 0 255 0
P 123 81 0 255 0
P 124 81 0 255 0
P 125 81 0 255 0
P 126 81 0 255 0
P 127 81 0 255 0
P 128 81 0 255 0
P 129 81 0 255 0
P 130 81 0 255 0
P 131 81 0 255 0
P 132 81 0 255 0
P 133 81 0 255 0
P 134 81 0 255 0
P 135 81 0 255 0
P 136 81 0 255 0
P 137 81 0 255 0
P 138 81 0 255 0
P 139 81 0 255 0
P 140 81 0 255 0
P 141 81 0 255 0
P 142 81 0 255 0
P 143 81 0 255 0
P 144 81 0 255 0
P 145 81 0 255 0
P 146 81 0 255 0
P 147 81 0 255 0
P 148 81 0 255 0
P 149 81 0 255 0
P 150 81 0 255 0
P 151 81 0 255 0
P 152 81 0 255 0
P 153 81 0 255 0
P 154 81 0 255 0
P 155 81 0 255 0
P 156 81 0 255 0
P 157 81 0 255 0
P 158 81 0 255 0
P 159 81 0 255 0
P 160 81 0 255 0
P 161 81 0 255 0
P 162 81 0 255 0
P 163 81 0 255 0
P 164 81 0 255 0
P 165 81 0 255 0
P 166 81 0 255 0
P 167 81 0 255 0
P 168 81 0 255 0
P 169 81 0 255 0
P 170 81 0 255 0
P 171 81 0 255 0
P 172 81 0 255 0
P 173 81 0 255 0
P 174 81 0 255 0
P 175 81 0 255 0
P 176 81 0 255 0
P 177 81 0 255 0
P 178 81 0 255 0
P 179 81 0 255 0
P 180 81 0 255 0
P 181 81 0 255 0
P 182 81 0 255 0
P 183 81 0 255 0
P 184 81 0 255 0
P 185 81 0 255 0
P 186 81 0 255 0
P 187 81 0 255 0
P 188 81 0 255 0
P 189 81 0 255 0
P 190 81 0 255 0
P 191 81 0 255 0
P 192 81 0 255 0
P 193 81 0 255 0
P 194 81 0 255 0
P 195 81 0 255 0
P 196 81 0 255 0
P 197 81 0 255 0
P 198 81 0 255 0
P 199 81 0 255 0
P 40 82 255 0 0
P 41 82 255 0 0
P 42 82 255 0 0
P 43 82 255 0 0
P 44 82 255 0 0
P 45 82 255 0 0
P 46 82 255 0 0
P 47 82 255 0 0
P 48 82 255 0 0
P 49 82 255 0 0
P 50 82 255 0 0
P 51 82 255 0 0
P 52 82 255 0 0
P 53 82 255 0 0
P 54 82 255 0 0
P 55 82 255 0 0
P 56 82 255 0 0
P 57 82 255 0 0
P 58 82 255 0 0
P 59 82 255 0 0
P 60 82 255 0 0
P 61 82 255 0 0
P 62 82 255 0 0
P 63 82 255 0 0
P 64 82 255 0 0
P 65 82 255 0 0
P 66 82 255 0 0
P 67 82 255 0 0
P 68 82 255 0 0
P 69 82 255 0 0
P 70 82 255 0 0
P 71 82 255 0 0
P 72 82 255 0 0
P 73 82 255 0 0
P 74 82 255 0 0
P 75 82 255 0 0
P 76 82 255 0 0
P 77 82 255 0 0
P 78 82 255 0 0
P 79 82 255 0 0
P 80 82 255 0 0
P 81 82 255 0 0
P 82 82 255 0 0
P 83 82 255 0 0
P 84 82 255 0 0
P 85 82 255 0 0
P 86 82 255 0 0
P 87 82 255 0 0
P 88 82 255 0 0
P 89 82 0 255 0
P 90 82 0 255 0
P 91 82 0 255 0
P 92 82 0 255 0
P 93 82 0 255 0
P 94 82 0 255 0
P 95 82 0 255 0
P 96 82 0 255 0
P 97 82 0 255 0
P 98 82 0 255 0
P 99 82 0 255 0
P 100 82 0 255 0
P 101 82 0 255 0
P 102 82 0 255 0
P 103 82 0 255 0
P 104 82 0 255 0
P 105 82 0 255 0
P 106 82 0 255 0
P 107 82 0 255 0
P 108 82 0 255 0
P 109 82 0 255 0
P 110 82 0 255 0
P 111 82 0 255 0
P 112 82 0 255 0
P 113 82 0 255 0
P 114 82 0 255 0
P 115 82 0 255 0
P 116 82 0 255 0
P 117 82 0 255 0
P 118 82 0 255 0
P 119 82 0 255 0
P 120 82 0 255 0
P 121 82 0 255 0
P 122 82 0 255 0
P 123 82 0 255 0
P 124 82 0 255 0
P 125 82 0 255 0
P 126 82 0 255 0
P 127 82 0 255 0
P 128 82 0 255 0
P 129 82 0 255 0
P 130 82 0 255 0
P 131 82 0 255 0
P 132 82 0 255 0
P 133 82 0 255 0
P 134 82 0 255 0
P 135 82 0 255 0
P 136 82 0 255 0
P 137 82 0 255 0
P 138 82 0 255 0
P 139 82 0 255 0
P 140 82 0 255 0
P 141 82 0 255 0
P 142 82 0 255 0
P 143 82 0 255 0
P 144 82 0 255 0
P 145 82 0 255 0
P 146 82 0 255 0
P 147 82 0 255 0
P 148 82 0 255 0
P 149 82 0 255 0
P 150 82 0 255 0
P 151 82 0 255 0
P 152 82 0 255 0
P 153 82 0 255 0
P 154 82 0 255 0
P 155 82 0 255 0
P 156 82 0 255 0
P 157 82 0 255 0
P 158 82 0 255 0
P 159 82 0 255 0
P 160 82 0 255 0
P 161 82 0 255 0
P 162 82 0 255 0
P 163 82 0 255 0
P 164 82 0 255 0
P 165 82 0 255 0
P 166 82 0 255 0
P 167 82 0 255 0
P 168 82 0 255 0
P 169 82 0 255 0
P 170 82 0 255 0
P 171 82 0 255 0
P 172 82 0 255 0
P 173 82 0 255 0
P 174 82 0 255 0
P 175 82 0 255 0
P 176 82 0 255 0
P 177 82 0 255 0
P 178 82 0 255 0
P 179 82 0 255 0
P 180 82 0 255 0
P 181 82 0 255 0
P 182 82 0 255 0
P 183 82 0 255 0
P 184 82 0 255 0
P 185 82 0 255 0
P 186 82 0 255 0
P 187 82 0 255 0
P 188 82 0 255 0
P 189 82 0 255 0
P 190 82 0 255 0
P 191 82 0 255 0
P 192 82 0 255 0
P 193 82 0 255 0
P 194 82 0 255 0
P 195 82 0 255 0
P 196 82 0 255 0
P 197 82 0 255 0
P 198 82 0 255 0
P 199 82 0 255 0
P 40 83 255 0 0
P 41 83 255 0 0
P 42 83 255 0 0
P 43 83 255 0 0
P 44 83 255 0 0
P 45 83 255 0 0
P 46 83 255 0 0
P 47 83 255 0 0
P 48 83 255 0 0
P 49 83 255 0 0
P 50 83 255 0 0
P 51 83 255 0 0
P 52 83 255 0 0
P 53 83 255 0 0
P 54 83 255 0 0
P 55 83 255 0 0
P 56 83 255 0 0
P 57 83 255 0 0
P 58 83 255 0 0
P 59 83 255 0 0
P 60 83 255 0 0
P 61 83 255 0 0
P 62 83 255 0 0
P 63 83 255 0 0
P 64 83 255 0 0
P 65 83 255 0 0
P 66 83 255 0 0
P 67 83 255 0 0
P 68 83 255 0 0
P 69 83 255 0 0
P 70 83 255 0 0
P 71 83 255 0 0
P 72 83 255 0 0
P 73 83 255 0 0
P 74 83 255 0 0
P 75 83 255 0 0
P 76 83 255 0 0
P 77 83 255 0 0
P 78 83 255 0 0
P 79 83 255 0 0
P 80 83 255 0 0
P 81 83 255 0 0
P 82 83 255 0 0
P 83 83 255 0 0
P 84 83 255 0 0
P 85 83 255 0 0
P 86 83 255 0 0
P 87 83 255 0 0
P 88 83 255 0 0
P 89 83 255 0 0
P 90 83 0 255 0
P 91 83 0 255 0
P 92 83 0 255 0
P 93 83 0 255 0
P 94 83 0 255 0
P 95 83 0 255 0
P 96 83 0 255 0
P 97 83 0 255 0
P 98 83 0 255 0
P 99 83 0 255 0
P 100 83 0 255 0
P 101 83 0 255 0
P 102 83 0 255 0
P 103 83 0 255 0
P 104 83 0 255 0
P 105 83 0 255 0
P 106 83 0 255 0
P 107 83 0 255 0
P 108 83 0 255 0
P 109 83 0 255 0
P 110 83 0 255 0
P 111 83 0 255 0
P 112 83 0 255 0
P 113 83 0 255 0
P 114 83 0 255 0
P 115 83 0 255 0
P 116 83 0 255 0
P 117 83 0 255 0
P 118 83 0 255 0
P 119 83 0 255 0
P 120 83 0 255 0
P 121 83 0 255 0
P 122 83 0 255 0
P 123 83 0 255 0
P 124 83 0 255 0
P 125 83 0 255 0
P 126 83 0 255 0
P 127 83 0 255 0
P 128 83 0 255 0
P 129 83 0 255 0
P 130 83 0 255 0
P 131 83 0 255 0
P 132 83 0 255 0
P 133 83 0 255 0
P 134 83 0 255 0
P 135 83 0 255 0
P 136 83 0 255 0
P 137 83 0 255 0
P 138 83 0 255 0
P 139 83 0 255 0
P 140 83 0 255 0
P 141 83 0 255 0
P 142 83 0 255 0
P 143 83 0 255 0
P 144 83 0 255 0
P 145 83 0 255 0
P 146 83 0 255 0
P 147 83 0 255 0
P 148 83 0 255 0
P 149 83 0 255 0
P 150 83 0 255 0
P 151 83 0 255 0
P 152 83 0 255 0
P 153 83 0 255 0
P 154 83 0 255 0
P 155 83 0 255 0
P 156 83 0 255 0
P 157 83 0 255 0
P 158 83 0 255 0
P 159 83 0 255 0
P 160 83 0 255 0
P 161 83 0 255 0
P 162 83 0 255 0
P 163 83 0 255 0
P 164 83 0 255 0
P 165 83 0 255 0
P 166 83 0 255 0
P 167 83 0 255 0
P 168 83 0 255 0
P 169 83 0 255 0
P 170 83 0 255 0
P 171 83 0 255 0
P 172 83 0 255 0
P 173 83 0 255 0
P 174 83 0 255 0
P 175 83 0 255 0
P 176 83 0 255 0
P 177 83 0 255 0
P 178 83 0 255 0
P 179 83 0 255 0
P 180 83 0 255 0
P 181 83 0 255 0
P 182 83 0 255 0
P 183 83 0 255 0
P 184 83 0 255 0
P 185 83 0 255 0
P 186 83 0 255 0
P 187 83 0 255 0
P 188 83 0 255 0
P 189 83 0 255 0
P 190 83 0 255 0
P 191 83 0 255 0
P 192 83 0 255 0
P 193 83 0 255 0
P 194 83 0 255 0
P 195 83 0 255 0
P 196 83 0 255 0
P 197 83 0 255 0
P 198 83 0 255 0
P 199 83 0 255 0
P 40 84 255 0 0
P 41 84 255 0 0
P 42 84 255 0 0
P 43 84 255 0 0
P 44 84 255 0 0
P 45 84 255 0 0
P 46 84 255 0 0
P 47 84 255 0 0
P 48 84 255 0 0
P 49 84 255 0 0
P 50 84 255 0 0
P 51 84 255 0 0
P 52 84 255 0 0
P 53 84 255 0 0
P 54 84 255 0 0
P 55 84 255 0 0
P 56 84 255 0 0
P 57 84 255 0 0
P 58 84 255 0 0
P 59 84 255 0 0
P 60 84 255 0 0
P 61 84 255 0 0
P 62 84 255 0 0
P 63 84 255 0 0
P 64 84 255 0 0
P 65 84 255 0 0
P 66 84 255 0 0
P 67 84 255 0 0
P 68 84 255 0 0
P 69 84 255 0 0
P 70 84 255 0 0
P 71 84 255 0 0
P 72 84 255 0 0
P 73 84 255 0 0
P 74 84 255 0 0
P 75 84 255 0 0
P 76 84 255 0 0
P 77 84 255 0 0
P 78 84 255 0 0
P 79 84 255 0 0
P 80 84 255 0 0
P 81 84 255 0 0
P 82 84 255 0 0
P 83 84 255 0 0
P 84 84 255 0 0
P 85 84 255 0 0
P 86 84 255 0 0
P 87 84 255 0 0
P 88 84 255 0 0
P 89 84 255 0 0
P 90 84 255 0 0
P 91 84 0 255 0
P 92 84 0 255 0
P 93 84 0 255 0
P 94 84 0 255 0
P 95 84 0 255 0
P 96 84 0 255 0
P 97 84 0 255 0
P 98 84 0 255 0
P 99 84 0 255 0
P 100 84 0 255 0
P 101 84 0 255 0
P 102 84 0 255 0
P 103 84 0 255 0
P 104 84 0 255 0
P 105 84 0 255 0
P 106 84 0 255 0
P 107 84 0 255 0
P 108 84 0 255 0
P 109 84 0 255 0
P 110 84 0 255 0
P 111 84 0 255 0
P 112 84 0 255 0
P 113 84 0 255 0
P 114 84 0 255 0
P 115 84 0 255 0
P 116 84 0 255 0
P 117 84 0 255 0
P 118 84 0 255 0
P 119 84 0 255 0
P 120 84 0 255 0
P 121 84 0 255 0
P 122 84 0 255 0
P 123 84 0 255 0
P 124 84 0 255 0
P 125 84 0 255 0
P 126 84 0 255 0
P 127 84 0 255 0
P 128 84 0 255 0
P 129 84 0 255 0
P 130 84 0 255 0
P 131 84 0 255 0
P 132 84 0 255 0
P 133 84 0 255 0
P 134 84 0 255 0
P 135 84 0 255 0
P 136 84 0 255 0
P 137 84 0 255 0
P 138 84 0 255 0
P 139 84 0 255 0
P 140 84 0 255 0
P 141 84 0 255 0
P 142 84 0 255 0
P 143 84 0 255 0
P 144 84 0 255 0
P 145 84 0 255 0
P 146 84 0 255 0
P 147 84 0 255 0
P 148 84 0 255 0
P 149 84 0 255 0
P 150 84 0 255 0
P 151 84 0 255 0
P 152 84 0 255 0
P 153 84 0 255 0
P 154 84 0 255 0
P 155 84 0 255 0
P 156 84 0 255 0
P 157 84 0 255 0
P 158 84 0 255 0
P 159 84 0 255 0
P 160 84 0 255 0
P 161 84 0 255 0
P 162 84 0 255 0
P 163 84 0 255 0
P 164 84 0 255 0
P 165 84 0 255 0
P 166 84 0 255 0
P 167 84 0 255 0
P 168 84 0 255 0
P 169 84 0 255 0
P 170 84 0 255 0
P 171 84 0 255 0
P 172 84 0 255 0
P 173 84 0 255 0
P 174 84 0 255 0
P 175 84 0 255 0
P 176 84 0 255 0
P 177 84 0 255 0
P 178 84 0 255 0
P 179 84 0 255 0
P 180 84 0 255 0
P 181 84 0 255 0
P 182 84 0 255 0
P 183 84 0 255 0
P 184 84 0 255 0
P 185 84 0 255 0
P 186 84 0 255 0
P 187 84 0 255 0
P 188 84 0 255 0
P 189 84 0 255 0
P 190 84 0 255 0
P 191 84 0 255 0
P 192 84 0 255 0
P 193 84 0 255 0
P 194 84 0 255 0
P 195 84 0 255 0
P 196 84 0 255 0
P 197 84 0 255 0
P 198 84 0 255 0
P 199 84 0 255 0
P 40 85 255 0 0
P 41 85 255 0 0
P 42 85 255 0 0
P 43 85 255 0 0
P 44 85 255 0 0
P 45 85 255 0 0
P 46 85 255 0 0
P 47 85 255 0 0
P 48 85 255 0 0
P 49 85 255 0 0
P 50 85 255 0 0
P 51 85 255 0 0
P 52 85 255 0 0
P 53 85 255 0 0
P 54 85 255 0 0
P 55 85 255 0 0
P 56 85 255 0 0
P 57 85 255 0 0
P 58 85 255 0 0
P 59 85 255 0 0
P 60 85 255 0 0
P 61 85 255 0 0
P 62 85 255 0 0
P 63 85 255 0 0
P 64 85 255 0 0
P 65 85 255 0 0
P 66 85 255 0 0
P 67 85 255 0 0
P 68 85 255 0 0
P 69 85 255 0 0
P 70 85 255 0 0
P 71 85 255 0 0
P 72 85 255 0 0
P 73 85 255 0 0
P 74 85 255 0 0
P 75 85 255 0 0
P 76 85 255 0 0
P 77 85 255 0 0
P 78 85 255 0 0
P 79 85 255 0 0
P 80 85 255 0 0
P 81 85 255 0 0
P 82 85 255 0 0
P 83 85 255 0 0
P 84 85 255 0 0
P 85 85 255 0 0
P 86 85 255 0 0
P 87 85 255 0 0
P 88 85 255 0 0
P 89 85 255 0 0
P 90 85 255 0 0
P 91 85 255 0 0
P 92 85 0 255 0
P 93 85 0 255 0
P 94 85 0 255 0
P 95 85 0 255 0
P 96 85 0 255 0
P 97 85 0 255 0
P 98 85 0 255 0
P 99 85 0 255 0
P 100 85 0 255 0
P 101 85 0 255 0
P 102 85 0 255 0
P 103 85 0 255 0
P 104 85 0 255 0
P 105 85 0 255 0
P 106 85 0 255 0
P 107 85 0 255 0
P 108 85 0 255 0
P 109 85 0 255 0
P 110 85 0 255 0
P 111 85 0 255 0
P 112 85 0 255 0
P 113 85 0 255 0
P 114 85 0 255 0
P 115 85 0 255 0
P 116 85 0 255 0
P 117 85 0 255 0
P 118 85 0 255 0
P 119 85 0 255 0
P 120 85 0 255 0
P 121 85 0 255 0
P 122 85 0 255 0
P 123 85 0 255 0
P 124 85 0 255 0
P 125 85 0 255 0
P 126 85 0 255 0
P 127 85 0 255 0
P 128 85 0 255 0
P 129 85 0 255 0
P 130 85 0 255 0
P 131 85 0 255 0
P 132 85 0 255 0
P 133 85 0 255 0
P 134 85 0 255 0
P 135 85 0 255 0
P 136 85 0 255 0
P 137 85 0 255 0
P 138 85 0 255 0
P 139 85 0 255 0
P 140 85 0 255 0
P 141 85 0 255 0
P 142 85 0 255 0
P 143 85 0 255 0
P 144 85 0 255 0
P 145 85 0 255 0
P 146 85 0 255 0
P 147 85 0 255 0
P 148 85 0 255 0
P 149 85 0 255 0
P 150 85 0 255 0
P 151 85 0 255 0
P 152 85 0 255 0
P 153 85 0 255 0
P 154 85 0 255 0
P 155 85 0 255 0
P 156 85 0 255 0
P 157 85 0 255 0
P 158 85 0 255 0
P 159 85 0 255 0
P 160 85 0 255 0
P 161 85 0 255 0
P 162 85 0 255 0
P 163 85 0 255 0
P 164 85 0 255 0
P 165 85 0 255 0
P 166 85 0 255 0
P 167 85 0 255 0
P 168 85 0 255 0
P 169 85 0 255 0
P 170 85 0 255 0
P 171 85 0 255 0
P 172 85 0 255 0
P 173 85 0 255 0
P 174 85 0 255 0
P 175 85 0 255 0
P 176 85 0 255 0
P 177 85 0 255 0
P 178 85 0 255 0
P 179 85 0 255 0
P 180 85 0 255 0
P 181 85 0 255 0
P 182 85 0 255 0
P 183 85 0 255 0
P 184 85 0 255 0
P 185 85 0 255 0
P 186 85 0 255 0
P 187 85 0 255 0
P 188 85 0 255 0
P 189 85 0 255 0
P 190 85 0 255 0
P 191 85 0 255 0
P 192 85 0 255 0
P 193 85 0 255 0
P 194 85 0 255 0
P 195 85 0 255 0
P 196 85 0 255 0
P 197 85 0 255 0
P 198 85 0 255 0
P 199 85 0 255 0
P 40 86 255 0 0
P 41 86 255 0 0
P 42 86 255 0 0
P 43 86 255 0 0
P 44 86 255 0 0
P 45 86 255 0 0
P 46 86 255 0 0
P 47 86 255 0 0
P 48 86 255 0 0
P 49 86 255 0 0
P 50 86 255 0 0
P 51 86 255 0 0
P 52 86 255 0 0
P 53 86 255 0 0
P 54 86 255 0 0
P 55 86 255 0 0
P 56 86 255 0 0
P 57 86 255 0 0
P 58 86 255 0 0
P 59 86 255 0 0
P 60 86 255 0 0
P 61 86 255 0 0
P 62 86 255 0 0
P 63 86 255 0 0
P 64 86 255 0 0
P 65 86 255 0 0
P 66 86 255 0 0
P 67 86 255 0 0
P 68 86 255 0 0
P 69 86 255 0 0
P 70 86 255 0 0
P 71 86 255 0 0
P 72 86 255 0 0
P 73 86 255 0 0
P 74 86 255 0 0
P 75 86 255 0 0
P 76 86 255 0 0
P 77 86 255 0 0
P 78 86 255 0 0
P 79 86 255 0 0
P 80 86 255 0 0
P 81 86 255 0 0
P 82 86 255 0 0
P 83 86 255 0 0
P 84 86 255 0 0
P 85 86 255 0 0
P 86 86 255 0 0
P 87 86 255 0 0
P 88 86 255 0 0
P 89 86 255 0 0
P 90 86 255 0 0
P 91 86 255 0 0
P 92 86 255 0 0
P 93 86 0 255 0
P 94 86 0 255 0
P 95 86 0 255 0
P 96 86 0 255 0
P 97 86 0 255 0
P 98 86 0 255 0
P 99 86 0 255 0
P 100 86 0 255 0
P 101 86 0 255 0
P 102 86 0 255 0
P 103 86 0 255 0
P 104 86 0 255 0
P 105 86 0 255 0
P 106 86 0 255 0
P 107 86 0 255 0
P 108 86 0 255 0
P 109 86 0 255 0
P 110 86 0 255 0
P 111 86 0 255 0
P 112 86 0 255 0
P 113 86 0 255 0
P 114 86 0 255 0
P 115 86 0 255 0
P 116 86 0 255 0
P 117 86 0 255 0
P 118 86 0 255 0
P 119 86 0 255 0
P 120 86 0 255 0
P 121 86 0 255 0
P 122 86 0 255 0
P 123 86 0 255 0
P 124 86 0 255 0
P 125 86 0 255 0
P 126 86 0 255 0
P 127 86 0 255 0
P 128 86 0 255 0
P 129 86 0 255 0
P 130 86 0 255 0
P 131 86 0 255 0
P 132 86 0 255 0
P 133 86 0 255 0
P 134 86 0 255 0
P 135 86 0 255 0
P 136 86 0 255 0
P 137 86 0 255 0
P 138 86 0 255 0
P 139 86 0 255 0
P 140 86 0 255 0
P 141 86 0 255 0
P 142 86 0 255 0
P 143 86 0 255 0
P 144 86 0 255 0
P 145 86 0 255 0
P 146 86 0 255 0
P 147 86 0 255 0
P 148 86 0 255 0
P 149 86 0 255 0
P 150 86 0 255 0
P 151 86 0 255 0
P 152 86 0 255 0
P 153 86 0 255 0
P 154 86 0 255 0
P 155 86 0 255 0
P 156 86 0 255 0
P 157 86 0 255 0
P 158 86 0 255 0
P 159 86 0 255 0
P 160 86 0 255 0
P 161 86 0 255 0
P 162 86 0 255 0
P 163 86 0 255 0
P 164 86 0 255 0
P 165 86 0 255 0
P 166 86 0 255 0
P 167 86 0 255 0
P 168 86 0 255 0
P 169 86 0 255 0
P 170 86 0 255 0
P 171 86 0 255 0
P 172 86 0 255 0
P 173 86 0 255 0
P 174 86 0 255 0
P 175 86 0 255 0
P 176 86 0 255 0
P 177 86 0 255 0
P 178 86 0 255 0
P 179 86 0 255 0
P 180 86 0 255 0
P 181 86 0 255 0
P 182 86 0 255 0
P 183 86 0 255 0
P 184 86 0 255 0
P 185 86 0 255 0
P 186 86 0 255 0
P 187 86 0 255 0
P 188 86 0 255 0
P 189 86 0 255 0
P 190 86 0 255 0
P 191 86 0 255 0
P 192 86 0 255 0
P 193 86 0 255 0
P 194 86 0 255 0
P 195 86 0 255 0
P 196 86 0 255 0
P 197 86 0 255 0
P 198 86 0 255 0
P 199 86 0 255 0
P 40 87 255 0 0
P 41 87 255 0 0
P 42 87 255 0 0
P 43 87 255 0 0
P 44 87 255 0 0
P 45 87 255 0 0
P 46 87 255 0 0
P 47 87 255 0 0
P 48 87 255 0 0
P 49 87 255 0 0
P 50 87 255 0 0
P 51 87 255 0 0
P 52 87 255 0 0
P 53 87 255 0 0
P 54 87 255 0 0
P 55 87 255 0 0
P 56 87 255 0 0
P 57 87 255 0 0
P 58 87 255 0 0
P 59 87 255 0 0
P 60 87 255 0 0
P 61 87 255 0 0
P 62 87 255 0 0
P 63 87 255 0 0
P 64 87 255 0 0
P 65 87 255 0 0
P 66 87 255 0 0
P 67 87 255 0 0
P 68 87 255 0 0
P 69 87 255 0 0
P 70 87 255 0 0
P 71 87 255 0 0
P 72 87 255 0 0
P 73 87 255 0 0
P 74 87 255 0 0
P 75 87 255 0 0
P 76 87 255 0 0
P 77 87 255 0 0
P 78 87 255 0 0
P 79 87 255 0 0
P 80 87 255 0 0
P 81 87 255 0 0
P 82 87 255 0 0
P 83 87 255 0 0
P 84 87 255 0 0
P 85 87 255 0 0
P 86 87 255 0 0
P 87 87 255 0 0
P 88 87 255 0 0
P 89 87 255 0 0
P 90 87 255 0 0
P 91 87 255 0 0
P 92 87 255 0 0
P 93 87 255 0 0
P 94 87 0 255 0
P 95 87 0 255 0
P 96 87 0 255 0
P 97 87 0 255 0
P 98 87 0 255 0
P 99 87 0 255 0
P 100 87 0 255 0
P 101 87 0 255 0
P 102 87 0 255 0
P 103 87 0 255 0
P 104 87 0 255 0
P 105 87 0 255 0
P 106 87 0 255 0
P 107 87 0 255 0
P 108 87 0 255 0
P 109 87 0 255 0
P 110 87 0 255 0
P 111 87 0 255 0
P 112 87 0 255 0
P 113 87 0 255 0
P 114 87 0 255 0
P 115 87 0 255 0
P 116 87 0 255 0
P 117 87 0 255 0
P 118 87 0 255 0
P 119 87 0 255 0
P 120 87 0 255 0
P 121 87 0 255 0
P 122 87 0 255 0
P 123 87 0 255 0
P 124 87 0 255 0
P 125 87 0 255 0
P 126 87 0 255 0
P 127 87 0 255 0
P 128 87 0 255 0
P 129 87 0 255 0
P 130 87 0 255 0
P 131 87 0 255 0
P 132 87 0 255 0
P 133 87 0 255 0
P 134 87 0 255 0
P 135 87 0 255 0
P 136 87 0 255 0
P 137 87 0 255 0
P 138 87 0 255 0
P 139 87 0 255 0
P 140 87 0 255 0
P 141 87 0 255 0
P 142 87 0 255 0
P 143 87 0 255 0
P 144 87 0 255 0
P 145 87 0 255 0
P 146 87 0 255 0
P 147 87 0 255 0
P 148 87 0 255 0
P 149 87 0 255 0
P 150 87 0 255 0
P 151 87 0 255 0
P 152 87 0 255 0
P 153 87 0 255 0
P 154 87 0 255 0
P 155 87 0 255 0
P 156 87 0 255 0
P 157 87 0 255 0
P 158 87 0 255 0
P 159 87 0 255 0
P 160 87 0 255 0
P 161 87 0 255 0
P 162 87 0 255 0
P 163 87 0 255 0
P 164 87 0 255 0
P 165 87 0 255 0
P 166 87 0 255 0
P 167 87 0 255 0
P 168 87 0 255 0
P 169 87 0 255 0
P 170 87 0 255 0
P 171 87 0 255 0
P 172 87 0 255 0
P 173 87 0 255 0
P 174 87 0 255 0
P 175 87 0 255 0
P 176 87 0 255 0
P 177 87 0 255 0
P 178 87 0 255 0
P 179 87 0 255 0
P 180 87 0 255 0
P 181 87 0 255 0
P 182 87 0 255 0
P 183 87 0 255 0
P 184 87 0 255 0
P 185 87 0 255 0
P 186 87 0 255 0
P 187 87 0 255 0
P 188 87 0 255 0
P 189 87 0 255 0
P 190 87 0 255 0
P 191 87 0 255 0
P 192 87 0 255 0
P 193 87 0 255 0
P 194 87 0 255 0
P 195 87 0 255 0
P 196 87 0 255 0
P 197 87 0 255 0
P 198 87 0 255 0
P 199 87 0 255 0
P 40 88 255 0 0
P 41 88 255 0 0
P 42 88 255 0 0
P 43 88 255 0 0
P 44 88 255 0 0
P 45 88 255 0 0
P 46 88 255 0 0
P 47 88 255 0 0
P 48 88 255 0 0
P 49 88 255 0 0
P 50 88 255 0 0
P 51 88 255 0 0
P 52 88 255 0 0
P 53 88 255 0 0
P 54 88 255 0 0
P 55 88 255 0 0
P 56 88 255 0 0
P 57 88 255 0 0
P 58 88 255 0 0
P 59 88 255 0 0
P 60 88 255 0 0
P 61 88 255 0 0
P 62 88 255 0 0
P 63 88 255 0 0
P 64 88 255 0 0
P 65 88 255 0 0
P 66 88 255 0 0
P 67 88 255 0 0
P 68 88 255 0 0
P 69 88 255 0 0
P 70 88 255 0 0
P 71 88 255 0 0
P 72 88 255 0 0
P 73 88 255 0 0
P 74 88 255 0 0
P 75 88 255 0 0
P 76 88 255 0 0
P 77 88 255 0 0
P 78 88 255 0 0
P 79 88 255 0 0
P 80 88 255 0 0
P 81 88 255 0 0
P 82 88 255 0 0
P 83 88 255 0 0
P 84 88 255 0 0
P 85 88 255 0 0
P 86 88 255 0 0
P 87 88 255 0 0
P 88 88 255 0 0
P 89 88 255 0 0
P 90 88 255 0 0
P 91 88 255 0 0
P 92 88 255 0 0
P 93 88 255 0 0
P 94 88 255 0 0
P 95 88 0 255 0
P 96 88 0 255 0
P 97 88 0 255 0
P 98 88 0 255 0
P 99 88 0 255 0
P 100 88 0 255 0
P 101 88 0 255 0
P 102 88 0 255 0
P 103 88 0 255 0
P 104 88 0 255 0
P 105 88 0 255 0
P 106 88 0 255 0
P 107 88 0 255 0
P 108 88 0 255 0
P 109 88 0 255 0
P 110 88 0 255 0
P 111 88 0 255 0
P 112 88 0 255 0
P 113 88 0 255 0
P 114 88 0 255 0
P 115 88 0 255 0
P 116 88 0 255 0
P 117 88 0 255 0
P 118 88 0 255 0
P 119 88 0 255 0
P 120 88 0 255 0
P 121 88 0 255 0
P 122 88 0 255 0
P 123 88 0 255 0
P 124 88 0 255 0
P 125 88 0 255 0
P 126 88 0 255 0
P 127 88 0 255 0
P 128 88 0 255 0
P 129 88 0 255 0
P 130 88 0 255 0
P 131 88 0 255 0
P 132 88 0 255 0
P 133 88 0 255 0
P 134 88 0 255 0
P 135 88 0 255 0
P 136 88 0 255 0
P 137 88 0 255 0
P 138 88 0 255 0
P 139 88 0 255 0
P 140 88 0 255 0
P 141 88 0 255 0
P 142 88 0 255 0
P 143 88 0 255 0
P 144 88 0 255 0
P 145 88 0 255 0
P 146 88 0 255 0
P 147 88 0 255 0
P 148 88 0 255 0
P 149 88 0 255 0
P 150 88 0 255 0
P 151 88 0 255 0
P 152 88 0 255 0
P 153 88 0 255 0
P 154 88 0 255 0
P 155 88 0 255 0
P 156 88 0 255 0
P 157 88 0 255 0
P 158 88 0 255 0
P 159 88 0 255 0
P 160 88 0 255 0
P 161 88 0 255 0
P 162 88 0 255 0
P 163 88 0 255 0
P 164 88 0 255 0
P 165 88 0 255 0
P 166 88 0 255 0
P 167 88 0 255 0
P 168 88 0 255 0
P 169 88 0 255 0
P 170 88 0 255 0
P 171 88 0 255 0
P 172 88 0 255 0
P 173 88 0 255 0
P 174 88 0 255 0
P 175 88 0 255 0
P 176 88 0 255 0
P 177 88 0 255 0
P 178 88 0 255 0
P 179 88 0 255 0
P 180 88 0 255 0
P 181 88 0 255 0
P 182 88 0 255 0
P 183 88 0 255 0
P 184 88 0 255 0
P 185 88 0 255 0
P 186 88 0 255 0
P 187 88 0 255 0
P 188 88 0 255 0
P 189 88 0 255 0
P 190 88 0 255 0
P 191 88 0 255 0
P 192 88 0 255 0
P 193 88 0 255 0
P 194 88 0 255 0
P 195 88 0 255 0
P 196 88 0 255 0
P 197 88 0 255 0
P 198 88 0 255 0
P 199 88 0 255 0
P 40 89 255 0 0
P 41 89 255 0 0
P 42 89 255 0 0
P 43 89 255 0 0
P 44 89 255 0 0
P 45 89 255 0 0
P 46 89 255 0 0
P 47 89 255 0 0
P 48 89 255 0 0
P 49 89 255 0 0
P 50 89 255 0 0
P 51 89 255 0 0
P 52 89 255 0 0
P 53 89 255 0 0
P 54 89 255 0 0
P 55 89 255 0 0
P 56 89 255 0 0
P 57 89 255 0 0
P 58 89 255 0 0
P 59 89 255 0 0
P 60 89 255 0 0
P 61 89 255 0 0
P 62 89 255 0 0
P 63 89 255 0 0
P 64 89 255 0 0
P 65 89 255 0 0
P 66 89 255 0 0
P 67 89 255 0 0
P 68 89 255 0 0
P 69 89 255 0 0
P 70 89 255 0 0
P 71 89 255 0 0
P 72 89 255 0 0
P 73 89 255 0 0
P 74 89 255 0 0
P 75 89 255 0 0
P 76 89 255 0 0
P 77 89 255 0 0
P 78 89 255 0 0
P 79 89 255 0 0
P 80 89 255 0 0
P 81 89 255 0 0
P 82 89 255 0 0
P 83 89 255 0 0
P 84 89 255 0 0
P 85 89 255 0 0
P 86 89 255 0 0
P 87 89 255 0 0
P 88 89 255 0 0
P 89 89 255 0 0
P 90 89 255 0 0
P 91 89 255 0 0
P 92 89 255 0 0
P 93 89 255 0 0
P 94 89 255 0 0
P 95 89 255 0 0
P 96 89 255 0 0
P 97 89 0 255 0
P 98 89 0 255 0
P 99 89 0 255 0
P 100 89 0 255 0
P 101 89 0 255 0
P 102 89 0 255 0
P 103 89 0 255 0
P 104 89 0 255 0
P 105 89 0 255 0
P 106 89 0 255 0
P 107 89 0 255 0
P 108 89 0 255 0
P 109 89 0 255 0
P 110 89 0 255 0
P 111 89 0 255 0
P 112 89 0 255 0
P 113 89 0 255 0
P 114 89 0 255 0
P 115 89 0 255 0
P 116 89 0 255 0
P 117 89 0 255 0
P 118 89 0 255 0
P 119 89 0 255 0
P 120 89 0 255 0
P 121 89 0 255 0
P 122 89 0 255 0
P 123 89 0 255 0
P 124 89 0 255 0
P 125 89 0 255 0
P 126 89 0 255 0
P 127 89 0 255 0
P 128 89 0 255 0
P 129 89 0 255 0
P 130 89 0 255 0
P 131 89 0 255 0
P 132 89 0 255 0
P 133 89 0 255 0
P 134 89 0 255 0
P 135 89 0 255 0
P 136 89 0 255 0
P 137 89 0 255 0
P 138 89 0 255 0
P 139 89 0 255 0
P 140 89 0 255 0
P 141 89 0 255 0
P 142 89 0 255 0
P 143 89 0 255 0
P 144 89 0 255 0
P 145 89 0 255 0
P 146 89 0 255 0
P 147 89 0 255 0
P 148 89 0 255 0
P 149 89 0 255 0
P 150 89 0 255 0
P 151 89 0 255 0
P 152 89 0 255 0
P 153 89 0 255 0
P 154 89 0 255 0
P 155 89 0 255 0
P 156 89 0 255 0
P 157 89 0 255 0
P 158 89 0 255 0
P 159 89 0 255 0
P 160 89 0 255 0
P 161 89 0 255 0
P 162 89 0 255 0
P 163 89 0 255 0
P 164 89 0 255 0
P 165 89 0 255 0
P 166 89 0 255 0
P 167 89 0 255 0
P 168 89 0 255 0
P 169 89 0 255 0
P 170 89 0 255 0
P 171 89 0 255 0
P 172 89 0 255 0
P 173 89 0 255 0
P 174 89 0 255 0
P 175 89 0 255 0
P 176 89 0 255 0
P 177 89 0 255 0
P 178 89 0 255 0
P 179 89 0 255 0
P 180 89 0 255 0
P 181 89 0 255 0
P 182 89 0 255 0
P 183 89 0 255 0
P 184 89 0 255 0
P 185 89 0 255 0
P 186 89 0 255 0
P 187 89 0 255 0
P 188 89 0 255 0
P 189 89 0 255 0
P 190 89 0 255 0
P 191 89 0 255 0
P 192 89 0 255 0
P 193 89 0 255 0
P 194 89 0 255 0
P 195 89 0 255 0
P 196 89 0 255 0
P 197 89 0 255 0
P 198 89 0 255 0
P 199 89 0 255 0
P 40 90 255 0 0
P 41 90 255 0 0
P 42 90 255 0 0
P 43 90 255 0 0
P 44 90 255 0 0
P 45 90 255 0 0
P 46 90 255 0 0
P 47 90 255 0 0
P 48 90 255 0 0
P 49 90 255 0 0
P 50 90 255 0 0
P 51 90 255 0 0
P 52 90 255 0 0
P 53 90 255 0 0
P 54 90 255 0 0
P 55 90 255 0 0
P 56 90 255 0 0
P 57 90 255 0 0
P 58 90 255 0 0
P 59 90 255 0 0
P 60 90 255 0 0
P 61 90 255 0 0
P 62 90 255 0 0
P 63 90 255 0 0
P 64 90 255 0 0
P 65 90 255 0 0
P 66 90 255 0 0
P 67 90 255 0 0
P 68 90 255 0 0
P 69 90 255 0 0
P 70 90 255 0 0
P 71 90 255 0 0
P 72 90 255 0 0
P 73 90 255 0 0
P 74 90 255 0 0
P 75 90 255 0 0
P 76 90 255 0 0
P 77 90 255 0 0
P 78 90 255 0 0
P 79 90 255 0 0
P 80 90 255 0 0
P 81 90 255 0 0
P 82 90 255 0 0
P 83 90 255 0 0
P 84 90 255 0 0
P 85 90 255 0 0
P 86 90 255 0 0
P 87 90 255 0 0
P 88 90 255 0 0
P 89 90 255 0 0
P 90 90 255 0 0
P 91 90 255 0 0
P 92 90 255 0 0
P 93 90 255 0 0
P 94 90 255 0 0
P 95 90 255 0 0
P 96 90 255 0 0
P 97 90 255 0 0
P 98 90 0 255 0
P 99 90 0 255 0
P 100 90 0 255 0
P 101 90 0 255 0
P 102 90 0 255 0
P 103 90 0 255 0
P 104 90 0 255 0
P 105 90 0 255 0
P 106 90 0 255 0
P 107 90 0 255 0
P 108 90 0 255 0
P 109 90 0 255 0
P 110 90 0 255 0
P 111 90 0 255 0
P 112 90 0 255 0
P 113 90 0 255 0
P 114 90 0 255 0
P 115 90 0 255 0
P 116 90 0 255 0
P 117 90 0 255 0
P 118 90 0 255 0
P 119 90 0 255 0
P 120 90 0 255 0
P 121 90 0 255 0
P 122 90 0 255 0
P 123 90 0 255 0
P 124 90 0 255 0
P 125 90 0 255 0
P 126 90 0 255 0
P 127 90 0 255 0
P 128 90 0 255 0
P 129 90 0 255 0
P 130 90 0 255 0
P 131 90 0 255 0
P 132 90 0 255 0
P 133 90 0 255 0
P 134 90 0 255 0
P 135 90 0 255 0
P 136 90 0 255 0
P 137 90 0 255 0
P 138 90 0 255 0
P 139 90 0 255 0
P 140 90 0 255 0
P 141 90 0 255 0
P 142 90 0 255 0
P 143 90 0 255 0
P 144 90 0 255 0
P 145 90 0 255 0
P 146 90 0 255 0
P 147 90 0 255 0
P 148 90 0 255 0
P 149 90 0 255 0
P 150 90 0 255 0
P 151 90 0 255 0
P 152 90 0 255 0
P 153 90 0 255 0
P 154 90 0 255 0
P 155 90 0 255 0
P 156 90 0 255 0
P 157 90 0 255 0
P 158 90 0 255 0
P 159 90 0 255 0
P 160 90 0 255 0
P 161 90 0 255 0
P 162 90 0 255 0
P 163 90 0 255 0
P 164 90 0 255 0
P 165 90 0 255 0
P 166 90 0 255 0
P 167 90 0 255 0
P 168 90 0 255 0
P 169 90 0 255 0
P 170 90 0 255 0
P 171 90 0 255 0
P 172 90 0 255 0
P 173 90 0 255 0
P 174 90 0 255 0
P 175 90 0 255 0
P 176 90 0 255 0
P 177 90 0 255 0
P 178 90 0 255 0
P 179 90 0 255 0
P 180 90 0 255 0
P 181 90 0 255 0
P 182 90 0 255 0
P 183 90 0 255 0
P 184 90 0 255 0
P 185 90 0 255 0
P 186 90 0 255 0
P 187 90 0 255 0
P 188 90 0 255 0
P 189 90 0 255 0
P 190 90 0 255 0
P 191 90 0 255 0
P 192 90 0 255 0
P 193 90 0 255 0
P 194 90 0 255 0
P 195 90 0 255 0
P 196 90 0 255 0
P 197 90 0 255 0
P 198 90 0 255 0
P 199 90 0 255 0
P 40 91 255 0 0
P 41 91 255 0 0
P 42 91 255 0 0
P 43 91 255 0 0
P 44 91 255 0 0
P 45 91 255 0 0
P 46 91 255 0 0
P 47 91 255 0 0
P 48 91 255 0 0
P 49 91 255 0 0
P 50 91 255 0 0
P 51 91 255 0 0
P 52 91 255 0 0
P 53 91 255 0 0
P 54 91 255 0 0
P 55 91 255 0 0
P 56 91 255 0 0
P 57 91 255 0 0
P 58 91 255 0 0
P 59 91 255 0 0
P 60 91 255 0 0
P 61 91 255 0 0
P 62 91 255 0 0
P 63 91 255 0 0
P 64 91 255 0 0
P 65 91 255 0 0
P 66 91 255 0 0
P 67 91 255 0 0
P 68 91 255 0 0
P 69 91 255 0 0
P 70 91 255 0 0
P 71 91 255 0 0
P 72 91 255 0 0
P 73 91 255 0 0
P 74 91 255 0 0
P 75 91 255 0 0
P 76 91 255 0 0
P 77 91 255 0 0
P 78 91 255 0 0
P 79 91 255 0 0
P 80 91 255 0 0
P 81 91 255 0 0
P 82 91 255 0 0
P 83 91 255 0 0
P 84 91 255 0 0
P 85 91 255 0 0
P 86 91 255 0 0
P 87 91 255 0 0
P 88 91 255 0 0
P 89 91 255 0 0
P 90 91 255 0 0
P 91 91 255 0 0
P 92 91 255 0 0
P 93 91 255 0 0
P 94 91 255 0 0
P 95 91 255 0 0
P 96 91 255 0 0
P 97 91 255 0 0
P 98 91 255 0 0
P 99 91 0 255 0
P 100 91 0 255 0
P 101 91 0 255 0
P 102 91 0 255 0
P 103 91 0 255 0
P 104 91 0 255 0
P 105 91 0 255 0
P 106 91 0 255 0
P 107 91 0 255 0
P 108 91 0 255 0
P 109 91 0 255 0
P 110 91 0 255 0
P 111 91 0 255 0
P 112 91 0 255 0
P 113 91 0 255 0
P 114 91 0 255 0
P 115 91 0 255 0
P 116 91 0 255 0
P 117 91 0 255 0
P 118 91 0 255 0
P 119 91 0 255 0
P 120 91 0 255 0
P 121 91 0 255 0
P 122 91 0 255 0
P 123 91 0 255 0
P 124 91 0 255 0
P 125 91 0 255 0
P 126 91 0 255 0
P 127 91 0 255 0
P 128 91 0 255 0
P 129 91 0 255 0
P 130 91 0 255 0
P 131 91 0 255 0
P 132 91 0 255 0
P 133 91 0 255 0
P 134 91 0 255 0
P 135 91 0 255 0
P 136 91 0 255 0
P 137 91 0 255 0
P 138 91 0 255 0
P 139 91 0 255 0
P 140 91 0 255 0
P 141 91 0 255 0
P 142 91 0 255 0
P 143 91 0 255 0
P 144 91 0 255 0
P 145 91 0 255 0
P 146 91 0 255 0
P 147 91 0 255 0
P 148 91 0 255 0
P 149 91 0 255 0
P 150 91 0 255 0
P 151 91 0 255 0
P 152 91 0 255 0
P 153 91 0 255 0
P 154 91 0 255 0
P 155 91 0 255 0
P 156 91 0 255 0
P 157 91 0 255 0
P 158 91 0 255 0
P 159 91 0 255 0
P 160 91 0 255 0
P 161 91 0 255 0
P 162 91 0 255 0
P 163 91 0 255 0
P 164 91 0 255 0
P 165 91 0 255 0
P 166 91 0 255 0
P 167 91 0 255 0
P 168 91 0 255 0
P 169 91 0 255 0
P 170 91 0 255 0
P 171 91 0 255 0
P 172 91 0 255 0
P 173 91 0 255 0
P 174 91 0 255 0
P 175 91 0 255 0
P 176 91 0 255 0
P 177 91 0 255 0
P 178 91 0 255 0
P 179 91 0 255 0
P 180 91 0 255 0
P 181 91 0 255 0
P 182 91 0 255 0
P 183 91 0 255 0
P 184 91 0 255 0
P 185 91 0 255 0
P 186 91 0 255 0
P 187 91 0 255 0
P 188 91 0 255 0
P 189 91 0 255 0
P 190 91 0 255 0
P 191 91 0 255 0
P 192 91 0 255 0
P 193 91 0 255 0
P 194 91 0 255 0
P 195 91 0 255 0
P 196 91 0 255 0
P 197 91 0 255 0
P 198 91 0 255 0
P 199 91 0 255 0
P 40 92 255 0 0
P 41 92 255 0 0
P 42 92 255 0 0
P 43 92 255 0 0
P 44 92 255 0 0
P 45 92 255 0 0
P 46 92 255 0 0
P 47 92 255 0 0
P 48 92 255 0 0
P 49 92 255 0 0
P 50 92 255 0 0
P 51 92 255 0 0
P 52 92 255 0 0
P 53 92 255 0 0
P 54 92 255 0 0
P 55 92 255 0 0
P 56 92 255 0 0
P 57 92 255 0 0
P 58 92 255 0 0
P 59 92 255 0 0
P 60 92 255 0 0
P 61 92 255 0 0
P 62 92 255 0 0
P 63 92 255 0 0
P 64 92 255 0 0
P 65 92 255 0 0
P 66 92 255 0 0
P 67 92 255 0 0
P 68 92 255 0 0
P 69 92 255 0 0
P 70 92 255 0 0
P 71 92 255 0 0
P 72 92 255 0 0
P 73 92 255 0 0
P 74 92 255 0 0
P 75 92 255 0 0
P 76 92 255 0 0
P 77 92 255 0 0
P 78 92 255 0 0
P 79 92 255 0 0
P 80 92 255 0 0
P 81 92 255 0 0
P 82 92 255 0 0
P 83 92 255 0 0
P 84 92 255 0 0
P 85 92 255 0 0
P 86 92 255 0 0
P 87 92 255 0 0
P 88 92 255 0 0
P 89 92 255 0 0
P 90 92 255 0 0
P 91 92 255 0 0
P 92 92 255 0 0
P 93 92 255 0 0
P 94 92 255 0 0
P 95 92 255 0 0
P 96 92 255 0 0
P 97 92 255 0 0
P 98 92 255 0 0
P 99 92 255 0 0
P 100 92 0 255 0
P 101 92 0 255 0
P 102 92 0 255 0
P 103 92 0 255 0
P 104 92 0 255 0
P 105 92 0 255 0
P 106 92 0 255 0
P 107 92 0 255 0
P 108 92 0 255 0
P 109 92 0 255 0
P 110 92 0 255 0
P 111 92 0 255 0
P 112 92 0 255 0
P 113 92 0 255 0
P 114 92 0 255 0
P 115 92 0 255 0
P 116 92 0 255 0
P 117 92 0 255 0
P 118 92 0 255 0
P 119 92 0 255 0
P 120 92 0 255 0
P 121 92 0 255 0
P 122 92 0 255 0
P 123 92 0 255 0
P 124 92 0 255 0
P 125 92 0 255 0
P 126 92 0 255 0
P 127 92 0 255 0
P 128 92 0 255 0
P 129 92 0 255 0
P 130 92 0 255 0
P 131 92 0 255 0
P 132 92 0 255 0
P 133 92 0 255 0
P 134 92 0 255 0
P 135 92 0 255 0
P 136 92 0 255 0
P 137 92 0 255 0
P 138 92 0 255 0
P 139 92 0 255 0
P 140 92 0 255 0
P 141 92 0 255 0
P 142 92 0 255 0
P 143 92 0 255 0
P 144 92 0 255 0
P 145 92 0 255 0
P 146 92 0 255 0
P 147 92 0 255 0
P 148 92 0 255 0
P 149 92 0 255 0
P 150 92 0 255 0
P 151 92 0 255 0
P 152 92 0 255 0
P 153 92 0 255 0
P 154 92 0 255 0
P 155 92 0 255 0
P 156 92 0 255 0
P 157 92 0 255 0
P 158 92 0 255 0
P 159 92 0 255 0
P 160 92 0 255 0
P 161 92 0 255 0
P 162 92 0 255 0
P 163 92 0 255 0
P 164 92 0 255 0
P 165 92 0 255 0
P 166 92 0 255 0
P 167 92 0 255 0
P 168 92 0 255 0
P 169 92 0 255 0
P 170 92 0 255 0
P 171 92 0 255 0
P 172 92 0 255 0
P 173 92 0 255 0
P 174 92 0 255 0
P 175 92 0 255 0
P 176 92 0 255 0
P 177 92 0 255 0
P 178 92 0 255 0
P 179 92 0 255 0
P 180 92 0 255 0
P 181 92 0 255 0
P 182 92 0 255 0
P 183 92 0 255 0
P 184 92 0 255 0
P 185 92 0 255 0
P 186 92 0 255 0
P 187 92 0 255 0
P 188 92 0 255 0
P 189 92 0 255 0
P 190 92 0 255 0
P 191 92 0 255 0
P 192 92 0 255 0
P 193 92 0 255 0
P 194 92 0 255 0
P 195 92 0 255 0
P 196 92 0 255 0
P 197 92 0 255 0
P 198 92 0 255 0
P 199 92 0 255 0
P 40 93 255 0 0
P 41 93 255 0 0
P 42 93 255 0 0
P 43 93 255 0 0
P 44 93 255 0 0
P 45 93 255 0 0
P 46 93 255 0 0
P 47 93 255 0 0
P 48 93 255 0 0
P 49 93 255 0 0
P 50 93 255 0 0
P 51 93 255 0 0
P 52 93 255 0 0
P 53 93 255 0 0
P 54 93 255 0 0
P 55 93 255 0 0
P 56 93 255 0 0
P 57 93 255 0 0
P 58 93 255 0 0
P 59 93 255 0 0
P 60 93 255 0 0
P 61 93 255 0 0
P 62 93 255 0 0
P 63 93 255 0 0
P 64 93 255 0 0
P 65 93 255 0 0
P 66 93 255 0 0
P 67 93 255 0 0
P 68 93 255 0 0
P 69 93 255 0 0
P 70 93 255 0 0
P 71 93 255 0 0
P 72 93 255 0 0
P 73 93 255 0 0
P 74 93 255 0 0
P 75 93 255 0 0
P 76 93 255 0 0
P 77 93 255 0 0
P 78 93 255 0 0
P 79 93 255 0 0
P 80 93 255 0 0
P 81 93 255 0 0
P 82 93 255 0 0
P 83 93 255 0 0
P 84 93 255 0 0
P 85 93 255 0 0
P 86 93 255 0 0
P 87 93 255 0 0
P 88 93 255 0 0
P 89 93 255 0 0
P 90 93 255 0 0
P 91 93 255 0 0
P 92 93 255 0 0
P 93 93 255 0 0
P 94 93 255 0 0
P 95 93 255 0 0
P 96 93 255 0 0
P 97 93 255 0 0
P 98 93 255 0 0
P 99 93 255 0 0
P 100 93 255 0 0
P 101 93 0 255 0
P 102 93 0 255 0
P 103 93 0 255 0
P 104 93 0 255 0
P 105 93 0 255 0
P 106 93 0 255 0
P 107 93 0 255 0
P 108 93 0 255 0
P 109 93 0 255 0
P 110 93 0 255 0
P 111 93 0 255 0
P 112 93 0 255 0
P 113 93 0 255 0
P 114 93 0 255 0
P 115 93 0 255 0
P 116 93 0 255 0
P 117 93 0 255 0
P 118 93 0 255 0
P 119 93 0 255 0
P 120 93 0 255 0
P 121 93 0 255 0
P 122 93 0 255 0
P 123 93 0 255 0
P 124 93 0 255 0
P 125 93 0 255 0
P 126 93 0 255 0
P 127 93 0 255 0
P 128 93 0 255 0
P 129 93 0 255 0
P 130 93 0 255 0
P 131 93 0 255 0
P 132 93 0 255 0
P 133 93 0 255 0
P 134 93 0 255 0
P 135 93 0 255 0
P 136 93 0 255 0
P 137 93 0 255 0
P 138 93 0 255 0
P 139 93 0 255 0
P 140 93 0 255 0
P 141 93 0 255 0
P 142 93 0 255 0
P 143 93 0 255 0
P 144 93 0 255 0
P 145 93 0 255 0
P 146 93 0 255 0
P 147 93 0 255 0
P 148 93 0 255 0
P 149 93 0 255 0
P 150 93 0 255 0
P 151 93 0 255 0
P 152 93 0 255 0
P 153 93 0 255 0
P 154 93 0 255 0
P 155 93 0 255 0
P 156 93 0 255 0
P 157 93 0 255 0
P 158 93 0 255 0
P 159 93 0 255 0
P 160 93 0 255 0
P 161 93 0 255 0
P 162 93 0 255 0
P 163 93 0 255 0
P 164 93 0 255 0
P 165 93 0 255 0
P 166 93 0 255 0
P 167 93 0 255 0
P 168 93 0 255 0
P 169 93 0 255 0
P 170 93 0 255 0
P 171 93 0 255 0
P 172 93 0 255 0
P 173 93 0 255 0
P 174 93 0 255 0
P 175 93 0 255 0
P 176 93 0 255 0
P 177 93 0 255 0
P 178 93 0 255 0
P 179 93 0 255 0
P 180 93 0 255 0
P 181 93 0 255 0
P 182 93 0 255 0
P 183 93 0 255 0
P 184 93 0 255 0
P 185 93 0 255 0
P 186 93 0 255 0
P 187 93 0 255 0
P 188 93 0 255 0
P 189 93 0 255 0
P 190 93 0 255 0
P 191 93 0 255 0
P 192 93 0 255 0
P 193 93 0 255 0
P 194 93 0 255 0
P 195 93 0 255 0
P 196 93 0 255 0
P 197 93 0 255 0
P 198 93 0 255 0
P 199 93 0 255 0
P 40 94 255 0 0
P 41 94 255 0 0
P 42 94 255 0 0
P 43 94 255 0 0
P 44 94 255 0 0
P 45 94 255 0 0
P 46 94 255 0 0
P 47 94 255 0 0
P 48 94 255 0 0
P 49 94 255 0 0
P 50 94 255 0 0
P 51 94 255 0 0
P 52 94 255 0 0
P 53 94 255 0 0
P 54 94 255 0 0
P 55 94 255 0 0
P 56 94 255 0 0
P 57 94 255 0 0
P 58 94 255 0 0
P 59 94 255 0 0
P 60 94 255 0 0
P 61 94 255 0 0
P 62 94 255 0 0
P 63 94 255 0 0
P 64 94 255 0 0
P 65 94 255 0 0
P 66 94 255 0 0
P 67 94 255 0 0
P 68 94 255 0 0
P 69 94 255 0 0
P 70 94 255 0 0
P 71 94 255 0 0
P 72 94 255 0 0
P 73 94 255 0 0
P 74 94 255 0 0
P 75 94 255 0 0
P 76 94 255 0 0
P 77 94 255 0 0
P 78 94 255 0 0
P 79 94 255 0 0
P 80 94 255 0 0
P 81 94 255 0 0
P 82 94 255 0 0
P 83 94 255 0 0
P 84 94 255 0 0
P 85 94 255 0 0
P 86 94 255 0 0
P 87 94 255 0 0
P 88 94 255 0 0
P 89 94 255 0 0
P 90 94 255 0 0
P 91 94 255 0 0
P 92 94 255 0 0
P 93 94 255 0 0
P 94 94 255 0 0
P 95 94 255 0 0
P 96 94 255 0 0
P 97 94 255 0 0
P 98 94 255 0 0
P 99 94 255 0 0
P 100 94 255 0 0
P 101 94 255 0 0
P 102 94 0 255 0
P 103 94 0 255 0
P 104 94 0 255 0
P 105 94 0 255 0
P 106 94 0 255 0
P 107 94 0 255 0
P 108 94 0 255 0
P 109 94 0 255 0
P 110 94 0 255 0
P 111 94 0 255 0
P 112 94 0 255 0
P 113 94 0 255 0
P 114 94 0 255 0
P 115 94 0 255 0
P 116 94 0 255 0
P 117 94 0 255 0
P 118 94 0 255 0
P 119 94 0 255 0
P 120 94 0 255 0
P 121 94 0 255 0
P 122 94 0 255 0
P 123 94 0 255 0
P 124 94 0 255 0
P 125 94 0 255 0
P 126 94 0 255 0
P 127 94 0 255 0
P 128 94 0 255 0
P 129 94 0 255 0
P 130 94 0 255 0
P 131 94 0 255 0
P 132 94 0 255 0
P 133 94 0 255 0
P 134 94 0 255 0
P 135 94 0 255 0
P 136 94 0 255 0
P 137 94 0 255 0
P 138 94 0 255 0
P 139 94 0 255 0
P 140 94 0 255 0
P 141 94 0 255 0
P 142 94 0 255 0
P 143 94 0 255 0
P 144 94 0 255 0
P 145 94 0 255 0
P 146 94 0 255 0
P 147 94 0 255 0
P 148 94 0 255 0
P 149 94 0 255 0
P 150 94 0 255 0
P 151 94 0 255 0
P 152 94 0 255 0
P 153 94 0 255 0
P 154 94 0 255 0
P 155 94 0 255 0
P 156 94 0 255 0
P 157 94 0 255 0
P 158 94 0 255 0
P 159 94 0 255 0
P 160 94 0 255 0
P 161 94 0 255 0
P 162 94 0 255 0
P 163 94 0 255 0
P 164 94 0 255 0
P 165 94 0 255 0
P 166 94 0 255 0
P 167 94 0 255 0
P 168 94 0 255 0
P 169 94 0 255 0
P 170 94 0 255 0
P 171 94 0 255 0
P 172 94 0 255 0
P 173 94 0 255 0
P 174 94 0 255 0
P 175 94 0 255 0
P 176 94 0 255 0
P 177 94 0 255 0
P 178 94 0 255 0
P 179 94 0 255 0
P 180 94 0 255 0
P 181 94 0 255 0
P 182 94 0 255 0
P 183 94 0 255 0
P 184 94 0 255 0
P 185 94 0 255 0
P 186 94 0 255 0
P 187 94 0 255 0
P 188 94 0 255 0
P 189 94 0 255 0
P 190 94 0 255 0
P 191 94 0 255 0
P 192 94 0 255 0
P 193 94 0 255 0
P 194 94 0 255 0
P 195 94 0 255 0
P 196 94 0 255 0
P 197 94 0 255 0
P 198 94 0 255 0
P 199 94 0 255 0
P 40 95 255 0 0
P 41 95 255 0 0
P 42 95 255 0 0
P 43 95 255 0 0
P 44 95 255 0 0
P 45 95 255 0 0
P 46 95 255 0 0
P 47 95 255 0 0
P 48 95 255 0 0
P 49 95 255 0 0
P 50 95 255 0 0
P 51 95 255 0 0
P 52 95 255 0 0
P 53 95 255 0 0
P 54 95 255 0 0
P 55 95 255 0 0
P 56 95 255 0 0
P 57 95 255 0 0
P 58 95 255 0 0
P 59 95 255 0 0
P 60 95 255 0 0
P 61 95 255 0 0
P 62 95 255 0 0
P 63 95 255 0 0
P 64 95 255 0 0
P 65 95 255 0 0
P 66 95 255 0 0
P 67 95 255 0 0
P 68 95 255 0 0
P 69 95 255 0 0
P 70 95 255 0 0
P 71 95 255 0 0
P 72 95 255 0 0
P 73 95 255 0 0
P 74 95 255 0 0
P 75 95 255 0 0
P 76 95 255 0 0
P 77 95 255 0 0
P 78 95 255 0 0
P 79 95 255 0 0
P 80 95 255 0 0
P 81 95 255 0 0
P 82 95 255 0 0
P 83 95 255 0 0
P 84 95 255 0 0
P 85 95 255 0 0
P 86 95 255 0 0
P 87 95 255 0 0
P 88 95 255 0 0
P 89 95 255 0 0
P 90 95 255 0 0
P 91 95 255 0 0
P 92 95 255 0 0
P 93 95 255 0 0
P 94 95 255 0 0
P 95 95 255 0 0
P 96 95 255 0 0
P 97 95 255 0 0
P 98 95 255 0 0
P 99 95 255 0 0
P 100 95 255 0 0
P 101 95 255 0 0
P 102 95 255 0 0
P 103 95 0 255 0
P 104 95 0 255 0
P 105 95 0 255 0
P 106 95 0 255 0
P 107 95 0 255 0
P 108 95 0 255 0
P 109 95 0 255 0
P 110 95 0 255 0
P 111 95 0 255 0
P 112 95 0 255 0
P 113 95 0 255 0
P 114 95 0 255 0
P 115 95 0 255 0
P 116 95 0 255 0
P 117 95 0 255 0
P 118 95 0 255 0
P 119 95 0 255 0
P 120 95 0 255 0
P 121 95 0 255 0
P 122 95 0 255 0
P 123 95 0 255 0
P 124 95 0 255 0
P 125 95 0 255 0
P 126 95 0 255 0
P 127 95 0 255 0
P 128 95 0 255 0
P 129 95 0 255 0
P 130 95 0 255 0
P 131 95 0 255 0
P 132 95 0 255 0
P 133 95 0 255 0
P 134 95 0 255 0
P 135 95 0 255 0
P 136 95 0 255 0
P 137 95 0 255 0
P 138 95 0 255 0
P 139 95 0 255 0
P 140 95 0 255 0
P 141 95 0 255 0
P 142 95 0 255 0
P 143 95 0 255 0
P 144 95 0 255 0
P 145 95 0 255 0
P 146 95 0 255 0
P 147 95 0 255 0
P 148 95 0 255 0
P 149 95 0 255 0
P 150 95 0 255 0
P 151 95 0 255 0
P 152 95 0 255 0
P 153 95 0 255 0
P 154 95 0 255 0
P 155 95 0 255 0
P 156 95 0 255 0
P 157 95 0 255 0
P 158 95 0 255 0
P 159 95 0 255 0
P 160 95 0 255 0
P 161 95 0 255 0
P 162 95 0 255 0
P 163 95 0 255 0
P 164 95 0 255 0
P 165 95 0 255 0
P 166 95 0 255 0
P 167 95 0 255 0
P 168 95 0 255 0
P 169 95 0 255 0
P 170 95 0 255 0
P 171 95 0 255 0
P 172 95 0 255 0
P 173 95 0 255 0
P 174 95 0 255 0
P 175 95 0 255 0
P 176 95 0 255 0
P 177 95 0 255 0
P 178 95 0 255 0
P 179 95 0 255 0
P 180 95 0 255 0
P 181 95 0 255 0
P 182 95 0 255 0
P 183 95 0 255 0
P 184 95 0 255 0
P 185 95 0 255 0
P 186 95 0 255 0
P 187 95 0 255 0
P 188 95 0 255 0
P 189 95 0 255 0
P 190 95 0 255 0
P 191 95 0 255 0
P 192 95 0 255 0
P 193 95 0 255 0
P 194 95 0 255 0
P 195 95 0 255 0
P 196 95 0 255 0
P 197 95 0 255 0
P 198 95 0 255 0
P 199 95 0 255 0
P 40 96 255 0 0
P 41 96 255 0 0
P 42 96 255 0 0
P 43 96 255 0 0
P 44 96 255 0 0
P 45 96 255 0 0
P 46 96 255 0 0
P 47 96 255 0 0
P 48 96 255 0 0
P 49 96 255 0 0
P 50 96 255 0 0
P 51 96 255 0 0
P 52 96 255 0 0
P 53 96 255 0 0
P 54 96 255 0 0
P 55 96 255 0 0
P 56 96 255 0 0
P 57 96 255 0 0
P 58 96 255 0 0
P 59 96 255 0 0
P 60 96 255 0 0
P 61 96 255 0 0
P 62 96 255 0 0
P 63 96 255 0 0
P 64 96 255 0 0
P 65 96 255 0 0
P 66 96 255 0 0
P 67 96 255 0 0
P 68 96 255 0 0
P 69 96 255 0 0
P 70 96 255 0 0
P 71 96 255 0 0
P 72 96 255 0 0
P 73 96 255 0 0
P 74 96 255 0 0
P 75 96 255 0 0
P 76 96 255 0 0
P 77 96 255 0 0
P 78 96 255 0 0
P 79 96 255 0 0
P 80 96 255 0 0
P 81 96 255 0 0
P 82 96 255 0 0
P 83 96 255 0 0
P 84 96 255 0 0
P 85 96 255 0 0
P 86 96 255 0 0
P 87 96 255 0 0
P 88 96 255 0 0
P 89 96 255 0 0
P 90 96 255 0 0
P 91 96 255 0 0
P 92 96 255 0 0
P 93 96 255 0 0
P 94 96 255 0 0
P 95 96 255 0 0
P 96 96 255 0 0
P 97 96 255 0 0
P 98 96 255 0 0
P 99 96 255 0 0
P 100 96 255 0 0
P 101 96 255 0 0
P 102 96 255 0 0
P 103 96 255 0 0
P 104 96 255 0 0
P 105 96 0 255 0
P 106 96 0 255 0
P 107 96 0 255 0
P 108 96 0 255 0
P 109 96 0 255 0
P 110 96 0 255 0
P 111 96 0 255 0
P 112 96 0 255 0
P 113 96 0 255 0
P 114 96 0 255 0
P 115 96 0 255 0
P 116 96 0 255 0
P 117 96 0 255 0
P 118 96 0 255 0
P 119 96 0 255 0
P 120 96 0 255 0
P 121 96 0 255 0
P 122 96 0 255 0
P 123 96 0 255 0
P 124 96 0 255 0
P 125 96 0 255 0
P 126 96 0 255 0
P 127 96 0 255 0
P 128 96 0 255 0
P 129 96 0 255 0
P 130 96 0 255 0
P 131 96 0 255 0
P 132 96 0 255 0
P 133 96 0 255 0
P 134 96 0 255 0
P 135 96 0 255 0
P 136 96 0 255 0
P 137 96 0 255 0
P 138 96 0 255 0
P 139 96 0 255 0
P 140 96 0 255 0
P 141 96 0 255 0
P 142 96 0 255 0
P 143 96 0 255 0
P 144 96 0 255 0
P 145 96 0 255 0
P 146 96 0 255 0
P 147 96 0 255 0
P 148 96 0 255 0
P 149 96 0 255 0
P 150 96 0 255 0
P 151 96 0 255 0
P 152 96 0 255 0
P 153 96 0 255 0
P 154 96 0 255 0
P 155 96 0 255 0
P 156 96 0 255 0
P 157 96 0 255 0
P 158 96 0 255 0
P 159 96 0 255 0
P 160 96 0 255 0
P 161 96 0 255 0
P 162 96 0 255 0
P 163 96 0 255 0
P 164 96 0 255 0
P 165 96 0 255 0
P 166 96 0 255 0
P 167 96 0 255 0
P 168 96 0 255 0
P 169 96 0 255 0
P 170 96 0 255 0
P 171 96 0 255 0
P 172 96 0 255 0
P 173 96 0 255 0
P 174 96 0 255 0
P 175 96 0 255 0
P 176 96 0 255 0
P 177 96 0 255 0
P 178 96 0 255 0
P 179 96 0 255 0
P 180 96 0 255 0
P 181 96 0 255 0
P 182 96 0 255 0
P 183 96 0 255 0
P 184 96 0 255 0
P 185 96 0 255 0
P 186 96 0 255 0
P 187 96 0 255 0
P 188 96 0 255 0
P 189 96 0 255 0
P 190 96 0 255 0
P 191 96 0 255 0
P 192 96 0 255 0
P 193 96 0 255 0
P 194 96 0 255 0
P 195 96 0 255 0
P 196 96 0 255 0
P 197 96 0 255 0
P 198 96 0 255 0
P 199 96 0 255 0
P 40 97 255 0 0
P 41 97 255 0 0
P 42 97 255 0 0
P 43 97 255 0 0
P 44 97 255 0 0
P 45 97 255 0 0
P 46 97 255 0 0
P 47 97 255 0 0
P 48 97 255 0 0
P 49 97 255 0 0
P 50 97 255 0 0
P 51 97 255 0 0
P 52 97 255 0 0
P 53 97 255 0 0
P 54 97 255 0 0
P 55 97 255 0 0
P 56 97 255 0 0
P 57 97 255 0 0
P 58 97 255 0 0
P 59 97 255 0 0
P 60 97 255 0 0
P 61 97 255 0 0
P 62 97 255 0 0
P 63 97 255 0 0
P 64 97 255 0 0
P 65 97 255 0 0
P 66 97 255 0 0
P 67 97 255 0 0
P 68 97 255 0 0
P 69 97 255 0 0
P 70 97 255 0 0
P 71 97 255 0 0
P 72 97 255 0 0
P 73 97 255 0 0
P 74 97 255 0 0
P 75 97 255 0 0
P 76 97 255 0 0
P 77 97 255 0 0
P 78 97 255 0 0
P 79 97 255 0 0
P 80 97 255 0 0
P 81 97 255 0 0
P 82 97 255 0 0
P 83 97 255 0 0
P 84 97 255 0 0
P 85 97 255 0 0
P 86 97 255 0 0
P 87 97 255 0 0
P 88 97 255 0 0
P 89 97 255 0 0
P 90 97 255 0 0
P 91 97 255 0 0
P 92 97 255 0 0
P 93 97 255 0 0
P 94 97 255 0 0
P 95 97 255 0 0
P 96 97 255 0 0
P 97 97 255 0 0
P 98 97 255 0 0
P 99 97 255 0 0
P 100 97 255 0 0
P 101 97 255 0 0
P 102 97 255 0 0
P 103 97 255 0 0
P 104 97 255 0 0
P 105 97 255 0 0
P 106 97 0 255 0
P 107 97 0 255 0
P 108 97 0 255 0
P 109 97 0 255 0
P 110 97 0 255 0
P 111 97 0 255 0
P 112 97 0 255 0
P 113 97 0 255 0
P 114 97 0 255 0
P 115 97 0 255 0
P 116 97 0 255 0
P 117 97 0 255 0
P 118 97 0 255 0
P 119 97 0 255 0
P 120 97 0 255 0
P 121 97 0 255 0
P 122 97 0 255 0
P 123 97 0 255 0
P 124 97 0 255 0
P 125 97 0 255 0
P 126 97 0 255 0
P 127 97 0 255 0
P 128 97 0 255 0
P 129 97 0 255 0
P 130 97 0 255 0
P 131 97 0 255 0
P 132 97 0 255 0
P 133 97 0 255 0
P 134 97 0 255 0
P 135 97 0 255 0
P 136 97 0 255 0
P 137 97 0 255 0
P 138 97 0 255 0
P 139 97 0 255 0
P 140 97 0 255 0
P 141 97 0 255 0
P 142 97 0 255 0
P 143 97 0 255 0
P 144 97 0 255 0
P 145 97 0 255 0
P 146 97 0 255 0
P 147 97 0 255 0
P 148 97 0 255 0
P 149 97 0 255 0
P 150 97 0 255 0
P 151 97 0 255 0
P 152 97 0 255 0
P 153 97 0 255 0
P 154 97 0 255 0
P 155 97 0 255 0
P 156 97 0 255 0
P 157 97 0 255 0
P 158 97 0 255 0
P 159 97 0 255 0
P 160 97 0 255 0
P 161 97 0 255 0
P 162 97 0 255 0
P 163 97 0 255 0
P 164 97 0 255 0
P 165 97 0 255 0
P 166 97 0 255 0
P 167 97 0 255 0
P 168 97 0 255 0
P 169 97 0 255 0
P 170 97 0 255 0
P 171 97 0 255 0
P 172 97 0 255 0
P 173 97 0 255 0
P 174 97 0 255 0
P 175 97 0 255 0
P 176 97 0 255 0
P 177 97 0 255 0
P 178 97 0 255 0
P 179 97 0 255 0
P 180 97 0 255 0
P 181 97 0 255 0
P 182 97 0 255 0
P 183 97 0 255 0
P 184 97 0 255 0
P 185 97 0 255 0
P 186 97 0 255 0
P 187 97 0 255 0
P 188 97 0 255 0
P 189 97 0 255 0
P 190 97 0 255 0
P 191 97 0 255 0
P 192 97 0 255 0
P 193 97 0 255 0
P 194 97 0 255 0
P 195 97 0 255 0
P 196 97 0 255 0
P 197 97 0 255 0
P 198 97 0 255 0
P 199 97 0 255 0
P 40 98 255 0 0
P 41 98 255 0 0
P 42 98 255 0 0
P 43 98 255 0 0
P 44 98 255 0 0
P 45 98 255 0 0
P 46 98 255 0 0
P 47 98 255 0 0
P 48 98 255 0 0
P 49 98 255 0 0
P 50 98 255 0 0
P 51 98 255 0 0
P 52 98 255 0 0
P 53 98 255 0 0
P 54 98 255 0 0
P 55 98 255 0 0
P 56 98 255 0 0
P 57 98 255 0 0
P 58 98 255 0 0
P 59 98 255 0 0
P 60 98 255 0 0
P 61 98 255 0 0
P 62 98 255 0 0
P 63 98 255 0 0
P 64 98 255 0 0
P 65 98 255 0 0
P 66 98 255 0 0
P 67 98 255 0 0
P 68 98 255 0 0
P 69 98 255 0 0
P 70 98 255 0 0
P 71 98 255 0 0
P 72 98 255 0 0
P 73 98 255 0 0
P 74 98 255 0 0
P 75 98 255 0 0
P 76 98 255 0 0
P 77 98 255 0 0
P 78 98 255 0 0
P 79 98 255 0 0
P 80 98 255 0 0
P 81 98 255 0 0
P 82 98 255 0 0
P 83 98 255 0 0
P 84 98 255 0 0
P 85 98 255 0 0
P 86 98 255 0 0
P 87 98 255 0 0
P 88 98 255 0 0
P 89 98 255 0 0
P 90 98 255 0 0
P 91 98 255 0 0
P 92 98 255 0 0
P 93 98 255 0 0
P 94 98 255 0 0
P 95 98 255 0 0
P 96 98 255 0 0
P 97 98 255 0 0
P 98 98 255 0 0
P 99 98 255 0 0
P 100 98 255 0 0
P 101 98 255 0 0
P 102 98 255 0 0
P 103 98 255 0 0
P 104 98 255 0 0
P 105 98 255 0 0
P 106 98 255 0 0
P 107 98 0 255 0
P 108 98 0 255 0
P 109 98 0 255 0
P 110 98 0 255 0
P 111 98 0 255 0
P 112 98 0 255 0
P 113 98 0 255 0
P 114 98 0 255 0
P 115 98 0 255 0
P 116 98 0 255 0
P 117 98 0 255 0
P 118 98 0 255 0
P 119 98 0 255 0
P 120 98 0 255 0
P 121 98 0 255 0
P 122 98 0 255 0
P 123 98 0 255 0
P 124 98 0 255 0
P 125 98 0 255 0
P 126 98 0 255 0
P 127 98 0 255 0
P 128 98 0 255 0
P 129 98 0 255 0
P 130 98 0 255 0
P 131 98 0 255 0
P 132 98 0 255 0
P 133 98 0 255 0
P 134 98 0 255 0
P 135 98 0 255 0
P 136 98 0 255 0
P 137 98 0 255 0
P 138 98 0 255 0
P 139 98 0 255 0
P 140 98 0 255 0
P 141 98 0 255 0
P 142 98 0 255 0
P 143 98 0 255 0
P 144 98 0 255 0
P 145 98 0 255 0
P 146 98 0 255 0
P 147 98 0 255 0
P 148 98 0 255 0
P 149 98 0 255 0
P 150 98 0 255 0
P 151 98 0 255 0
P 152 98 0 255 0
P 153 98 0 255 0
P 154 98 0 255 0
P 155 98 0 255 0
P 156 98 0 255 0
P 157 98 0 255 0
P 158 98 0 255 0
P 159 98 0 255 0
P 160 98 0 255 0
P 161 98 0 255 0
P 162 98 0 255 0
P 163 98 0 255 0
P 164 98 0 255 0
P 165 98 0 255 0
P 166 98 0 255 0
P 167 98 0 255 0
P 168 98 0 255 0
P 169 98 0 255 0
P 170 98 0 255 0
P 171 98 0 255 0
P 172 98 0 255 0
P 173 98 0 255 0
P 174 98 0 255 0
P 175 98 0 255 0
P 176 98 0 255 0
P 177 98 0 255 0
P 178 98 0 255 0
P 179 98 0 255 0
P 180 98 0 255 0
P 181 98 0 255 0
P 182 98 0 255 0
P 183 98 0 255 0
P 184 98 0 255 0
P 185 98 0 255 0
P 186 98 0 255 0
P 187 98 0 255 0
P 188 98 0 255 0
P 189 98 0 255 0
P 190 98 0 255 0
P 191 98 0 255 0
P 192 98 0 255 0
P 193 98 0 255 0
P 194 98 0 255 0
P 195 98 0 255 0
P 196 98 0 255 0
P 197 98 0 255 0
P 198 98 0 255 0
P 199 98 0 255 0
P 40 99 255 0 0
P 41 99 255 0 0
P 42 99 255 0 0
P 43 99 255 0 0
P 44 99 255 0 0
P 45 99 255 0 0
P 46 99 255 0 0
P 47 99 255 0 0
P 48 99 255 0 0
P 49 99 255 0 0
P 50 99 255 0 0
P 51 99 255 0 0
P 52 99 255 0 0
P 53 99 255 0 0
P 54 99 255 0 0
P 55 99 255 0 0
P 56 99 255 0 0
P 57 99 255 0 0
P 58 99 255 0 0
P 59 99 255 0 0
P 60 99 255 0 0
P 61 99 255 0 0
P 62 99 255 0 0
P 63 99 255 0 0
P 64 99 255 0 0
P 65 99 255 0 0
P 66 99 255 0 0
P 67 99 255 0 0
P 68 99 255 0 0
P 69 99 255 0 0
P 70 99 255 0 0
P 71 99 255 0 0
P 72 99 255 0 0
P 73 99 255 0 0
P 74 99 255 0 0
P 75 99 255 0 0
P 76 99 255 0 0
P 77 99 255 0 0
P 78 99 255 0 0
P 79 99 255 0 0
P 80 99 255 0 0
P 81 99 255 0 0
P 82 99 255 0 0
P 83 99 255 0 0
P 84 99 255 0 0
P 85 99 255 0 0
P 86 99 255 0 0
P 87 99 255 0 0
P 88 99 255 0 0
P 89 99 255 0 0
P 90 99 255 0 0
P 91 99 255 0 0
P 92 99 255 0 0
P 93 99 255 0 0
P 94 99 255 0 0
P 95 99 255 0 0
P 96 99 255 0 0
P 97 99 255 0 0
P 98 99 255 0 0
P 99 99 255 0 0
P 100 99 255 0 0
P 101 99 255 0 0
P 102 99 255 0 0
P 103 99 255 0 0
P 104 99 255 0 0
P 105 99 255 0 0
P 106 99 255 0 0
P 107 99 255 0 0
P 108 99 0 255 0
P 109 99 0 255 0
P 110 99 0 255 0
P 111 99 0 255 0
P 112 99 0 255 0
P 113 99 0 255 0
P 114 99 0 255 0
P 115 99 0 255 0
P 116 99 0 255 0
P 117 99 0 255 0
P 118 99 0 255 0
P 119 99 0 255 0
P 120 99 0 255 0
P 121 99 0 255 0
P 122 99 0 255 0
P 123 99 0 255 0
P 124 99 0 255 0
P 125 99 0 255 0
P 126 99 0 255 0
P 127 99 0 255 0
P 128 99 0 255 0
P 129 99 0 255 0
P 130 99 0 255 0
P 131 99 0 255 0
P 132 99 0 255 0
P 133 99 0 255 0
P 134 99 0 255 0
P 135 99 0 255 0
P 136 99 0 255 0
P 137 99 0 255 0
P 138 99 0 255 0
P 139 99 0 255 0
P 140 99 0 255 0
P 141 99 0 255 0
P 142 99 0 255 0
P 143 99 0 255 0
P 144 99 0 255 0
P 145 99 0 255 0
P 146 99 0 255 0
P 147 99 0 255 0
P 148 99 0 255 0
P 149 99 0 255 0
P 150 99 0 255 0
P 151 99 0 255 0
P 152 99 0 255 0
P 153 99 0 255 0
P 154 99 0 255 0
P 155 99 0 255 0
P 156 99 0 255 0
P 157 99 0 255 0
P 158 99 0 255 0
P 159 99 0 255 0
P 160 99 0 255 0
P 161 99 0 255 0
P 162 99 0 255 0
P 163 99 0 255 0
P 164 99 0 255 0
P 165 99 0 255 0
P 166 99 0 255 0
P 167 99 0 255 0
P 168 99 0 255 0
P 169 99 0 255 0
P 170 99 0 255 0
P 171 99 0 255 0
P 172 99 0 255 0
P 173 99 0 255 0
P 174 99 0 255 0
P 175 99 0 255 0
P 176 99 0 255 0
P 177 99 0 255 0
P 178 99 0 255 0
P 179 99 0 255 0
P 180 99 0 255 0
P 181 99 0 255 0
P 182 99 0 255 0
P 183 99 0 255 0
P 184 99 0 255 0
P 185 99 0 255 0
P 186 99 0 255 0
P 187 99 0 255 0
P 188 99 0 255 0
P 189 99 0 255 0
P 190 99 0 255 0
P 191 99 0 255 0
P 192 99 0 255 0
P 193 99 0 255 0
P 194 99 0 255 0
P 195 99 0 255 0
P 196 99 0 255 0
P 197 99 0 255 0
P 198 99 0 255 0
P 199 99 0 255 0
P 40 100 255 0 0
P 41 100 255 0 0
P 42 100 255 0 0
P 43 100 255 0 0
P 44 100 255 0 0
P 45 100 255 0 0
P 46 100 255 0 0
P 47 100 255 0 0
P 48 100 255 0 0
P 49 100 255 0 0
P 50 100 255 0 0
P 51 100 255 0 0
P 52 100 255 0 0
P 53 100 255 0 0
P 54 100 255 0 0
P 55 100 255 0 0
P 56 100 255 0 0
P 57 100 255 0 0
P 58 100 255 0 0
P 59 100 255 0 0
P 60 100 255 0 0
P 61 100 255 0 0
P 62 100 255 0 0
P 63 100 255 0 0
P 64 100 255 0 0
P 65 100 255 0 0
P 66 100 255 0 0
P 67 100 255 0 0
P 68 100 255 0 0
P 69 100 255 0 0
P 70 100 255 0 0
P 71 100 255 0 0
P 72 100 255 0 0
P 73 100 255 0 0
P 74 100 255 0 0
P 75 100 255 0 0
P 76 100 255 0 0
P 77 100 255 0 0
P 78 100 255 0 0
P 79 100 255 0 0
P 80 100 255 0 0
P 81 100 255 0 0
P 82 100 255 0 0
P 83 100 255 0 0
P 84 100 255 0 0
P 85 100 255 0 0
P 86 100 255 0 0
P 87 100 255 0 0
P 88 100 255 0 0
P 89 100 255 0 0
P 90 100 255 0 0
P 91 100 255 0 0
P 92 100 255 0 0
P 93 100 255 0 0
P 94 100 255 0 0
P 95 100 255 0 0
P 96 100 255 0 0
P 97 100 255 0 0
P 98 100 255 0 0
P 99 100 255 0 0
P 100 100 255 0 0
P 101 100 255 0 0
P 102 100 255 0 0
P 103 100 255 0 0
P 104 100 255 0 0
P 105 100 255 0 0
P 106 100 255 0 0
P 107 100 255 0 0
P 108 100 255 0 0
P 109 100 0 255 0
P 110 100 0 255 0
P 111 100 0 255 0
P 112 100 0 255 0
P 113 100 0 255 0
P 114 100 0 255 0
P 115 100 0 255 0
P 116 100 0 255 0
P 117 100 0 255 0
P 118 100 0 255 0
P 119 100 0 255 0
P 120 100 0 255 0
P 121 100 0 255 0
P 122 100 0 255 0
P 123 100 0 255 0
P 124 100 0 255 0
P 125 100 0 255 0
P 126 100 0 255 0
P 127 100 0 255 0
P 128 100 0 255 0
P 129 100 0 255 0
P 130 100 0 255 0
P 131 100 0 255 0
P 132 100 0 255 0
P 133 100 0 255 0
P 134 100 0 255 0
P 135 100 0 255 0
P 136 100 0 255 0
P 137 100 0 255 0
P 138 100 0 255 0
P 139 100 0 255 0
P 140 100 0 255 0
P 141 100 0 255 0
P 142 100 0 255 0
P 143 100 0 255 0
P 144 100 0 255 0
P 145 100 0 255 0
P 146 100 0 255 0
P 147 100 0 255 0
P 148 100 0 255 0
P 149 100 0 255 0
P 150 100 0 255 0
P 151 100 0 255 0
P 152 100 0 255 0
P 153 100 0 255 0
P 154 100 0 255 0
P 155 100 0 255 0
P 156 100 0 255 0
P 157 100 0 255 0
P 158 100 0 255 0
P 159 100 0 255 0
P 160 100 0 255 0
P 161 100 0 255 0
P 162 100 0 255 0
P 163 100 0 255 0
P 164 100 0 255 0
P 165 100 0 255 0
P 166 100 0 255 0
P 167 100 0 255 0
P 168 100 0 255 0
P 169 100 0 255 0
P 170 100 0 255 0
P 171 100 0 255 0
P 172 100 0 255 0
P 173 100 0 255 0
P 174 100 0 255 0
P 175 100 0 255 0
P 176 100 0 255 0
P 177 100 0 255 0
P 178 100 0 255 0
P 179 100 0 255 0
P 180 100 0 255 0
P 181 100 0 255 0
P 182 100 0 255 0
P 183 100 0 255 0
P 184 100 0 255 0
P 185 100 0 255 0
P 186 100 0 255 0
P 187 100 0 255 0
P 188 100 0 255 0
P 189 100 0 255 0
P 190 100 0 255 0
P 191 100 0 255 0
P 192 100 0 255 0
P 193 100 0 255 0
P 194 100 0 255 0
P 195 100 0 255 0
P 196 100 0 255 0
P 197 100 0 255 0
P 198 100 0 255 0
P 199 100 0 255 0
P 40 101 255 0 0
P 41 101 255 0 0
P 42 101 255 0 0
P 43 101 255 0 0
P 44 101 255 0 0
P 45 101 255 0 0
P 46 101 255 0 0
P 47 101 255 0 0
P 48 101 255 0 0
P 49 101 255 0 0
P 50 101 255 0 0
P 51 101 255 0 0
P 52 101 255 0 0
P 53 101 255 0 0
P 54 101 255 0 0
P 55 101 255 0 0
P 56 101 255 0 0
P 57 101 255 0 0
P 58 101 255 0 0
P 59 101 255 0 0
P 60 101 255 0 0
P 61 101 255 0 0
P 62 101 255 0 0
P 63 101 255 0 0
P 64 101 255 0 0
P 65 101 255 0 0
P 66 101 255 0 0
P 67 101 255 0 0
P 68 101 255 0 0
P 69 101 255 0 0
P 70 101 255 0 0
P 71 101 255 0 0
P 72 101 255 0 0
P 73 101 255 0 0
P 74 101 255 0 0
P 75 101 255 0 0
P 76 101 255 0 0
P 77 101 255 0 0
P 78 101 255 0 0
P 79 101 255 0 0
P 80 101 255 0 0
P 81 101 255 0 0
P 82 101 255 0 0
P 83 101 255 0 0
P 84 101 255 0 0
P 85 101 255 0 0
P 86 101 255 0 0
P 87 101 255 0 0
P 88 101 255 0 0
P 89 101 255 0 0
P 90 101 255 0 0
P 91 101 255 0 0
P 92 101 255 0 0
P 93 101 255 0 0
P 94 101 255 0 0
P 95 101 255 0 0
P 96 101 255 0 0
P 97 101 255 0 0
P 98 101 255 0 0
P 99 101 255 0 0
P 100 101 255 0 0
P 101 101 255 0 0
P 102 101 255 0 0
P 103 101 255 0 0
P 104 101 255 0 0
P 105 101 255 0 0
P 106 101 255 0 0
P 107 101 255 0 0
P 108 101 255 0 0
P 109 101 255 0 0
P 110 101 0 255 0
P 111 101 0 255 0
P 112 101 0 255 0
P 113 101 0 255 0
P 114 101 0 255 0
P 115 101 0 255 0
P 116 101 0 255 0
P 117 101 0 255 0
P 118 101 0 255 0
P 119 101 0 255 0
P 120 101 0 255 0
P 121 101 0 255 0
P 122 101 0 255 0
P 123 101 0 255 0
P 124 101 0 255 0
P 125 101 0 255 0
P 126 101 0 255 0
P 127 101 0 255 0
P 128 101 0 255 0
P 129 101 0 255 0
P 130 101 0 255 0
P 131 101 0 255 0
P 132 101 0 255 0
P 133 101 0 255 0
P 134 101 0 255 0
P 135 101 0 255 0
P 136 101 0 255 0
P 137 101 0 255 0
P 138 101 0 255 0
P 139 101 0 255 0
P 140 101 0 255 0
P 141 101 0 255 0
P 142 101 0 255 0
P 143 101 0 255 0
P 144 101 0 255 0
P 145 101 0 255 0
P 146 101 0 255 0
P 147 101 0 255 0
P 148 101 0 255 0
P 149 101 0 255 0
P 150 101 0 255 0
P 151 101 0 255 0
P 152 101 0 255 0
P 153 101 0 255 0
P 154 101 0 255 0
P 155 101 0 255 0
P 156 101 0 255 0
P 157 101 0 255 0
P 158 101 0 255 0
P 159 101 0 255 0
P 160 101 0 255 0
P 161 101 0 255 0
P 162 101 0 255 0
P 163 101 0 255 0
P 164 101 0 255 0
P 165 101 0 255 0
P 166 101 0 255 0
P 167 101 0 255 0
P 168 101 0 255 0
P 169 101 0 255 0
P 170 101 0 255 0
P 171 101 0 255 0
P 172 101 0 255 0
P 173 101 0 255 0
P 174 101 0 255 0
P 175 101 0 255 0
P 176 101 0 255 0
P 177 101 0 255 0
P 178 101 0 255 0
P 179 101 0 255 0
P 180 101 0 255 0
P 181 101 0 255 0
P 182 101 0 255 0
P 183 101 0 255 0
P 184 101 0 255 0
P 185 101 0 255 0
P 186 101 0 255 0
P 187 101 0 255 0
P 188 101 0 255 0
P 189 101 0 255 0
P 190 101 0 255 0
P 191 101 0 255 0
P 192 101 0 255 0
P 193 101 0 255 0
P 194 101 0 255 0
P 195 101 0 255 0
P 196 101 0 255 0
P 197 101 0 255 0
P 198 101 0 255 0
P 199 101 0 255 0
P 40 102 255 0 0
P 41 102 255 0 0
P 42 102 255 0 0
P 43 102 255 0 0
P 44 102 255 0 0
P 45 102 255 0 0
P 46 102 255 0 0
P 47 102 255 0 0
P 48 102 255 0 0
P 49 102 255 0 0
P 50 102 255 0 0
P 51 102 255 0 0
P 52 102 255 0 0
P 53 102 255 0 0
P 54 102 255 0 0
P 55 102 255 0 0
P 56 102 255 0 0
P 57 102 255 0 0
P 58 102 255 0 0
P 59 102 255 0 0
P 60 102 255 0 0
P 61 102 255 0 0
P 62 102 255 0 0
P 63 102 255 0 0
P 64 102 255 0 0
P 65 102 255 0 0
P 66 102 255 0 0
P 67 102 255 0 0
P 68 102 255 0 0
P 69 102 255 0 0
P 70 102 255 0 0
P 71 102 255 0 0
P 72 102 255 0 0
P 73 102 255 0 0
P 74 102 255 0 0
P 75 102 255 0 0
P 76 102 255 0 0
P 77 102 255 0 0
P 78 102 255 0 0
P 79 102 255 0 0
P 80 102 255 0 0
P 81 102 255 0 0
P 82 102 255 0 0
P 83 102 255 0 0
P 84 102 255 0 0
P 85 102 255 0 0
P 86 102 255 0 0
P 87 102 255 0 0
P 88 102 255 0 0
P 89 102 255 0 0
P 90 102 255 0 0
P 91 102 255 0 0
P 92 102 255 0 0
P 93 102 255 0 0
P 94 102 255 0 0
P 95 102 255 0 0
P 96 102 255 0 0
P 97 102 255 0 0
P 98 102 255 0 0
P 99 102 255 0 0
P 100 102 255 0 0
P 101 102 255 0 0
P 102 102 255 0 0
P 103 102 255 0 0
P 104 102 255 0 0
P 105 102 255 0 0
P 106 102 255 0 0
P 107 102 255 0 0
P 108 102 255 0 0
P 109 102 255 0 0
P 110 102 255 0 0
P 111 102 0 255 0
P 112 102 0 255 0
P 113 102 0 255 0
P 114 102 0 255 0
P 115 102 0 255 0
P 116 102 0 255 0
P 117 102 0 255 0
P 118 102 0 255 0
P 119 102 0 255 0
P 120 102 0 255 0
P 121 102 0 255 0
P 122 102 0 255 0
P 123 102 0 255 0
P 124 102 0 255 0
P 125 102 0 255 0
P 126 102 0 255 0
P 127 102 0 255 0
P 128 102 0 255 0
P 129 102 0 255 0
P 130 102 0 255 0
P 131 102 0 255 0
P 132 102 0 255 0
P 133 102 0 255 0
P 134 102 0 255 0
P 135 102 0 255 0
P 136 102 0 255 0
P 137 102 0 255 0
P 138 102 0 255 0
P 139 102 0 255 0
P 140 102 0 255 0
P 141 102 0 255 0
P 142 102 0 255 0
P 143 102 0 255 0
P 144 102 0 255 0
P 145 102 0 255 0
P 146 102 0 255 0
P 147 102 0 255 0
P 148 102 0 255 0
P 149 102 0 255 0
P 150 102 0 255 0
P 151 102 0 255 0
P 152 102 0 255 0
P 153 102 0 255 0
P 154 102 0 255 0
P 155 102 0 255 0
P 156 102 0 255 0
P 157 102 0 255 0
P 158 102 0 255 0
P 159 102 0 255 0
P 160 102 0 255 0
P 161 102 0 255 0
P 162 102 0 255 0
P 163 102 0 255 0
P 164 102 0 255 0
P 165 102 0 255 0
P 166 102 0 255 0
P 167 102 0 255 0
P 168 102 0 255 0
P 169 102 0 255 0
P 170 102 0 255 0
P 171 102 0 255 0
P 172 102 0 255 0
P 173 102 0 255 0
P 174 102 0 255 0
P 175 102 0 255 0
P 176 102 0 255 0
P 177 102 0 255 0
P 178 102 0 255 0
P 179 102 0 255 0
P 180 102 0 255 0
P 181 102 0 255 0
P 182 102 0 255 0
P 183 102 0 255 0
P 184 102 0 255 0
P 185 102 0 255 0
P 186 102 0 255 0
P 187 102 0 255 0
P 188 102 0 255 0
P 189 102 0 255 0
P 190 102 0 255 0
P 191 102 0 255 0
P 192 102 0 255 0
P 193 102 0 255 0
P 194 102 0 255 0
P 195 102 0 255 0
P 196 102 0 255 0
P 197 102 0 255 0
P 198 102 0 255 0
P 199 102 0 255 0
P 40 103 255 0 0
P 41 103 255 0 0
P 42 103 255 0 0
P 43 103 255 0 0
P 44 103 255 0 0
P 45 103 255 0 0
P 46 103 255 0 0
P 47 103 255 0 0
P 48 103 255 0 0
P 49 103 255 0 0
P 50 103 255 0 0
P 51 103 255 0 0
P 52 103 255 0 0
P 53 103 255 0 0
P 54 103 255 0 0
P 55 103 255 0 0
P 56 103 255 0 0
P 57 103 255 0 0
P 58 103 255 0 0
P 59 103 255 0 0
P 60 103 255 0 0
P 61 103 255 0 0
P 62 103 255 0 0
P 63 103 255 0 0
P 64 103 255 0 0
P 65 103 255 0 0
P 66 103 255 0 0
P 67 103 255 0 0
P 68 103 255 0 0
P 69 103 255 0 0
P 70 103 255 0 0
P 71 103 255 0 0
P 72 103 255 0 0
P 73 103 255 0 0
P 74 103 255 0 0
P 75 103 255 0 0
P 76 103 255 0 0
P 77 103 255 0 0
P 78 103 255 0 0
P 79 103 255 0 0
P 80 103 255 0 0
P 81 103 255 0 0
P 82 103 255 0 0
P 83 103 255 0 0
P 84 103 255 0 0
P 85 103 255 0 0
P 86 103 255 0 0
P 87 103 255 0 0
P 88 103 255 0 0
P 89 103 255 0 0
P 90 103 255 0 0
P 91 103 255 0 0
P 92 103 255 0 0
P 93 103 255 0 0
P 94 103 255 0 0
P 95 103 255 0 0
P 96 103 255 0 0
P 97 103 255 0 0
P 98 103 255 0 0
P 99 103 255 0 0
P 100 103 255 0 0
P 101 103 255 0 0
P 102 103 255 0 0
P 103 103 255 0 0
P 104 103 255 0 0
P 105 103 255 0 0
P 106 103 255 0 0
P 107 103 255 0 0
P 108 103 255 0 0
P 109 103 255 0 0
P 110 103 255 0 0
P 111 103 255 0 0
P 112 103 255 0 0
P 113 103 0 255 0
P 114 103 0 255 0
P 115 103 0 255 0
P 116 103 0 255 0
P 117 103 0 255 0
P 118 103 0 255 0
P 119 103 0 255 0
P 120 103 0 255 0
P 121 103 0 255 0
P 122 103 0 255 0
P 123 103 0 255 0
P 124 103 0 255 0
P 125 103 0 255 0
P 126 103 0 255 0
P 127 103 0 255 0
P 128 103 0 255 0
P 129 103 0 255 0
P 130 103 0 255 0
P 131 103 0 255 0
P 132 103 0 255 0
P 133 103 0 255 0
P 134 103 0 255 0
P 135 103 0 255 0
P 136 103 0 255 0
P 137 103 0 255 0
P 138 103 0 255 0
P 139 103 0 255 0
P 140 103 0 255 0
P 141 103 0 255 0
P 142 103 0 255 0
P 143 103 0 255 0
P 144 103 0 255 0
P 145 103 0 255 0
P 146 103 0 255 0
P 147 103 0 255 0
P 148 103 0 255 0
P 149 103 0 255 0
P 150 103 0 255 0
P 151 103 0 255 0
P 152 103 0 255 0
P 153 103 0 255 0
P 154 103 0 255 0
P 155 103 0 255 0
P 156 103 0 255 0
P 157 103 0 255 0
P 158 103 0 255 0
P 159 103 0 255 0
P 160 103 0 255 0
P 161 103 0 255 0
P 162 103 0 255 0
P 163 103 0 255 0
P 164 103 0 255 0
P 165 103 0 255 0
P 166 103 0 255 0
P 167 103 0 255 0
P 168 103 0 255 0
P 169 103 0 255 0
P 170 103 0 255 0
P 171 103 0 255 0
P 172 103 0 255 0
P 173 103 0 255 0
P 174 103 0 255 0
P 175 103 0 255 0
P 176 103 0 255 0
P 177 103 0 255 0
P 178 103 0 255 0
P 179 103 0 255 0
P 180 103 0 255 0
P 181 103 0 255 0
P 182 103 0 255 0
P 183 103 0 255 0
P 184 103 0 255 0
P 185 103 0 255 0
P 186 103 0 255 0
P 187 103 0 255 0
P 188 103 0 255 0
P 189 103 0 255 0
P 190 103 0 255 0
P 191 103 0 255 0
P 192 103 0 255 0
P 193 103 0 255 0
P 194 103 0 255 0
P 195 103 0 255 0
P 196 103 0 255 0
P 197 103 0 255 0
P 198 103 0 255 0
P 199 103 0 255 0
P 40 104 255 0 0
P 41 104 255 0 0
P 42 104 255 0 0
P 43 104 255 0 0
P 44 104 255 0 0
P 45 104 255 0 0
P 46 104 255 0 0
P 47 104 255 0 0
P 48 104 255 0 0
P 49 104 255 0 0
P 50 104 255 0 0
P 51 104 255 0 0
P 52 104 255 0 0
P 53 104 255 0 0
P 54 104 255 0 0
P 55 104 255 0 0
P 56 104 255 0 0
P 57 104 255 0 0
P 58 104 255 0 0
P 59 104 255 0 0
P 60 104 255 0 0
P 61 104 255 0 0
P 62 104 255 0 0
P 63 104 255 0 0
P 64 104 255 0 0
P 65 104 255 0 0
P 66 104 255 0 0
P 67 104 255 0 0
P 68 104 255 0 0
P 69 104 255 0 0
P 70 104 255 0 0
P 71 104 255 0 0
P 72 104 255 0 0
P 73 104 255 0 0
P 74 104 255 0 0
P 75 104 255 0 0
P 76 104 255 0 0
P 77 104 255 0 0
P 78 104 255 0 0
P 79 104 255 0 0
P 80 104 255 0 0
P 81 104 255 0 0
P 82 104 255 0 0
P 83 104 255 0 0
P 84 104 255 0 0
P 85 104 255 0 0
P 86 104 255 0 0
P 87 104 255 0 0
P 88 104 255 0 0
P 89 104 255 0 0
P 90 104 255 0 0
P 91 104 255 0 0
P 92 104 255 0 0
P 93 104 255 0 0
P 94 104 255 0 0
P 95 104 255 0 0
P 96 104 255 0 0
P 97 104 255 0 0
P 98 104 255 0 0
P 99 104 255 0 0
P 100 104 255 0 0
P 101 104 255 0 0
P 102 104 255 0 0
P 103 104 255 0 0
P 104 104 255 0 0
P 105 104 255 0 0
P 106 104 255 0 0
P 107 104 255 0 0
P 108 104 255 0 0
P 109 104 255 0 0
P 110 104 255 0 0
P 111 104 255 0 0
P 112 104 255 0 0
P 113 104 255 0 0
P 114 104 0 255 0
P 115 104 0 255 0
P 116 104 0 255 0
P 117 104 0 255 0
P 118 104 0 255 0
P 119 104 0 255 0
P 120 104 0 255 0
P 121 104 0 255 0
P 122 104 0 255 0
P 123 104 0 255 0
P 124 104 0 255 0
P 125 104 0 255 0
P 126 104 0 255 0
P 127 104 0 255 0
P 128 104 0 255 0
P 129 104 0 255 0
P 130 104 0 255 0
P 131 104 0 255 0
P 132 104 0 255 0
P 133 104 0 255 0
P 134 104 0 255 0
P 135 104 0 255 0
P 136 104 0 255 0
P 137 104 0 255 0
P 138 104 0 255 0
P 139 104 0 255 0
P 140 104 0 255 0
P 141 104 0 255 0
P 142 104 0 255 0
P 143 104 0 255 0
P 144 104 0 255 0
P 145 104 0 255 0
P 146 104 0 255 0
P 147 104 0 255 0
P 148 104 0 255 0
P 149 104 0 255 0
P 150 104 0 255 0
P 151 104 0 255 0
P 152 104 0 255 0
P 153 104 0 255 0
P 154 104 0 255 0
P 155 104 0 255 0
P 156 104 0 255 0
P 157 104 0 255 0
P 158 104 0 255 0
P 159 104 0 255 0
P 160 104 0 255 0
P 161 104 0 255 0
P 162 104 0 255 0
P 163 104 0 255 0
P 164 104 0 255 0
P 165 104 0 255 0
P 166 104 0 255 0
P 167 104 0 255 0
P 168 104 0 255 0
P 169 104 0 255 0
P 170 104 0 255 0
P 171 104 0 255 0
P 172 104 0 255 0
P 173 104 0 255 0
P 174 104 0 255 0
P 175 104 0 255 0
P 176 104 0 255 0
P 177 104 0 255 0
P 178 104 0 255 0
P 179 104 0 255 0
P 180 104 0 255 0
P 181 104 0 255 0
P 182 104 0 255 0
P 183 104 0 255 0
P 184 104 0 255 0
P 185 104 0 255 0
P 186 104 0 255 0
P 187 104 0 255 0
P 188 104 0 255 0
P 189 104 0 255 0
P 190 104 0 255 0
P 191 104 0 255 0
P 192 104 0 255 0
P 193 104 0 255 0
P 194 104 0 255 0
P 195 104 0 255 0
P 196 104 0 255 0
P 197 104 0 255 0
P 198 104 0 255 0
P 199 104 0 255 0
P 40 105 255 0 0
P 41 105 255 0 0
P 42 105 255 0 0
P 43 105 255 0 0
P 44 105 255 0 0
P 45 105 255 0 0
P 46 105 255 0 0
P 47 105 255 0 0
P 48 105 255 0 0
P 49 105 255 0 0
P 50 105 255 0 0
P 51 105 255 0 0
P 52 105 255 0 0
P 53 105 255 0 0
P 54 105 255 0 0
P 55 105 255 0 0
P 56 105 255 0 0
P 57 105 255 0 0
P 58 105 255 0 0
P 59 105 255 0 0
P 60 105 255 0 0
P 61 105 255 0 0
P 62 105 255 0 0
P 63 105 255 0 0
P 64 105 255 0 0
P 65 105 255 0 0
P 66 105 255 0 0
P 67 105 255 0 0
P 68 105 255 0 0
P 69 105 255 0 0
P 70 105 255 0 0
P 71 105 255 0 0
P 72 105 255 0 0
P 73 105 255 0 0
P 74 105 255 0 0
P 75 105 255 0 0
P 76 105 255 0 0
P 77 105 255 0 0
P 78 105 255 0 0
P 79 105 255 0 0
P 80 105 255 0 0
P 81 105 255 0 0
P 82 105 255 0 0
P 83 105 255 0 0
P 84 105 255 0 0
P 85 105 255 0 0
P 86 105 255 0 0
P 87 105 255 0 0
P 88 105 255 0 0
P 89 105 255 0 0
P 90 105 255 0 0
P 91 105 255 0 0
P 92 105 255 0 0
P 93 105 255 0 0
P 94 105 255 0 0
P 95 105 255 0 0
P 96 105 255 0 0
P 97 105 255 0 0
P 98 105 255 0 0
P 99 105 255 0 0
P 100 105 255 0 0
P 101 105 255 0 0
P 102 105 255 0 0
P 103 105 255 0 0
P 104 105 255 0 0
P 105 105 255 0 0
P 106 105 255 0 0
P 107 105 255 0 0
P 108 105 255 0 0
P 109 105 255 0 0
P 110 105 255 0 0
P 111 105 255 0 0
P 112 105 255 0 0
P 113 105 255 0 0
P 114 105 255 0 0
P 115 105 0 255 0
P 116 105 0 255 0
P 117 105 0 255 0
P 118 105 0 255 0
P 119 105 0 255 0
P 120 105 0 255 0
P 121 105 0 255 0
P 122 105 0 255 0
P 123 105 0 255 0
P 124 105 0 255 0
P 125 105 0 255 0
P 126 105 0 255 0
P 127 105 0 255 0
P 128 105 0 255 0
P 129 105 0 255 0
P 130 105 0 255 0
P 131 105 0 255 0
P 132 105 0 255 0
P 133 105 0 255 0
P 134 105 0 255 0
P 135 105 0 255 0
P 136 105 0 255 0
P 137 105 0 255 0
P 138 105 0 255 0
P 139 105 0 255 0
P 140 105 0 255 0
P 141 105 0 255 0
P 142 105 0 255 0
P 143 105 0 255 0
P 144 105 0 255 0
P 145 105 0 255 0
P 146 105 0 255 0
P 147 105 0 255 0
P 148 105 0 255 0
P 149 105 0 255 0
P 150 105 0 255 0
P 151 105 0 255 0
P 152 105 0 255 0
P 153 105 0 255 0
P 154 105 0 255 0
P 155 105 0 255 0
P 156 105 0 255 0
P 157 105 0 255 0
P 158 105 0 255 0
P 159 105 0 255 0
P 160 105 0 255 0
P 161 105 0 255 0
P 162 105 0 255 0
P 163 105 0 255 0
P 164 105 0 255 0
P 165 105 0 255 0
P 166 105 0 255 0
P 167 105 0 255 0
P 168 105 0 255 0
P 169 105 0 255 0
P 170 105 0 255 0
P 171 105 0 255 0
P 172 105 0 255 0
P 173 105 0 255 0
P 174 105 0 255 0
P 175 105 0 255 0
P 176 105 0 255 0
P 177 105 0 255 0
P 178 105 0 255 0
P 179 105 0 255 0
P 180 105 0 255 0
P 181 105 0 255 0
P 182 105 0 255 0
P 183 105 0 255 0
P 184 105 0 255 0
P 185 105 0 255 0
P 186 105 0 255 0
P 187 105 0 255 0
P 188 105 0 255 0
P 189 105 0 255 0
P 190 105 0 255 0
P 191 105 0 255 0
P 192 105 0 255 0
P 193 105 0 255 0
P 194 105 0 255 0
P 195 105 0 255 0
P 196 105 0 255 0
P 197 105 0 255 0
P 198 105 0 255 0
P 199 105 0 255 0
P 40 106 255 0 0
P 41 106 255 0 0
P 42 106 255 0 0
P 43 106 255 0 0
P 44 106 255 0 0
P 45 106 255 0 0
P 46 106 255 0 0
P 47 106 255 0 0
P 48 106 255 0 0
P 49 106 255 0 0
P 50 106 255 0 0
P 51 106 255 0 0
P 52 106 255 0 0
P 53 106 255 0 0
P 54 106 255 0 0
P 55 106 255 0 0
P 56 106 255 0 0
P 57 106 255 0 0
P 58 106 255 0 0
P 59 106 255 0 0
P 60 106 255 0 0
P 61 106 255 0 0
P 62 106 255 0 0
P 63 106 255 0 0
P 64 106 255 0 0
P 65 106 255 0 0
P 66 106 255 0 0
P 67 106 255 0 0
P 68 106 255 0 0
P 69 106 255 0 0
P 70 106 255 0 0
P 71 106 255 0 0
P 72 106 255 0 0
P 73 106 255 0 0
P 74 106 255 0 0
P 75 106 255 0 0
P 76 106 255 0 0
P 77 106 255 0 0
P 78 106 255 0 0
P 79 106 255 0 0
P 80 106 255 0 0
P 81 106 255 0 0
P 82 106 255 0 0
P 83 106 255 0 0
P 84 106 255 0 0
P 85 106 255 0 0
P 86 106 255 0 0
P 87 106 255 0 0
P 88 106 255 0 0
P 89 106 255 0 0
P 90 106 255 0 0
P 91 106 255 0 0
P 92 106 255 0 0
P 93 106 255 0 0
P 94 106 255 0 0
P 95 106 255 0 0
P 96 106 255 0 0
P 97 106 255 0 0
P 98 106 255 0 0
P 99 106 255 0 0
P 100 106 255 0 0
P 101 106 255 0 0
P 102 106 255 0 0
P 103 106 255 0 0
P 104 106 255 0 0
P 105 106 255 0 0
P 106 106 255 0 0
P 107 106 255 0 0
P 108 106 255 0 0
P 109 106 255 0 0
P 110 106 255 0 0
P 111 106 255 0 0
P 112 106 255 0 0
P 113 106 255 0 0
P 114 106 255 0 0
P 115 106 255 0 0
P 116 106 0 255 0
P 117 106 0 255 0
P 118 106 0 255 0
P 119 106 0 255 0
P 120 106 0 255 0
P 121 106 0 255 0
P 122 106 0 255 0
P 123 106 0 255 0
P 124 106 0 255 0
P 125 106 0 255 0
P 126 106 0 255 0
P 127 106 0 255 0
P 128 106 0 255 0
P 129 106 0 255 0
P 130 106 0 255 0
P 131 106 0 255 0
P 132 106 0 255 0
P 133 106 0 255 0
P 134 106 0 255 0
P 135 106 0 255 0
P 136 106 0 255 0
P 137 106 0 255 0
P 138 106 0 255 0
P 139 106 0 255 0
P 140 106 0 255 0
P 141 106 0 255 0
P 142 106 0 255 0
P 143 106 0 255 0
P 144 106 0 255 0
P 145 106 0 255 0
P 146 106 0 255 0
P 147 106 0 255 0
P 148 106 0 255 0
P 149 106 0 255 0
P 150 106 0 255 0
P 151 106 0 255 0
P 152 106 0 255 0
P 153 106 0 255 0
P 154 106 0 255 0
P 155 106 0 255 0
P 156 106 0 255 0
P 157 106 0 255 0
P 158 106 0 255 0
P 159 106 0 255 0
P 160 106 0 255 0
P 161 106 0 255 0
P 162 106 0 255 0
P 163 106 0 255 0
P 164 106 0 255 0
P 165 106 0 255 0
P 166 106 0 255 0
P 167 106 0 255 0
P 168 106 0 255 0
P 169 106 0 255 0
P 170 106 0 255 0
P 171 106 0 255 0
P 172 106 0 255 0
P 173 106 0 255 0
P 174 106 0 255 0
P 175 106 0 255 0
P 176 106 0 255 0
P 177 106 0 255 0
P 178 106 0 255 0
P 179 106 0 255 0
P 180 106 0 255 0
P 181 106 0 255 0
P 182 106 0 255 0
P 183 106 0 255 0
P 184 106 0 255 0
P 185 106 0 255 0
P 186 106 0 255 0
P 187 106 0 255 0
P 188 106 0 255 0
P 189 106 0 255 0
P 190 106 0 255 0
P 191 106 0 255 0
P 192 106 0 255 0
P 193 106 0 255 0
P 194 106 0 255 0
P 195 106 0 255 0
P 196 106 0 255 0
P 197 106 0 255 0
P 198 106 0 255 0
P 199 106 0 255 0
P 40 107 255 0 0
P 41 107 255 0 0
P 42 107 255 0 0
P 43 107 255 0 0
P 44 107 255 0 0
P 45 107 255 0 0
P 46 107 255 0 0
P 47 107 255 0 0
P 48 107 255 0 0
P 49 107 255 0 0
P 50 107 255 0 0
P 51 107 255 0 0
P 52 107 255 0 0
P 53 107 255 0 0
P 54 107 255 0 0
P 55 107 255 0 0
P 56 107 255 0 0
P 57 107 255 0 0
P 58 107 255 0 0
P 59 107 255 0 0
P 60 107 255 0 0
P 61 107 255 0 0
P 62 107 255 0 0
P 63 107 255 0 0
P 64 107 255 0 0
P 65 107 255 0 0
P 66 107 255 0 0
P 67 107 255 0 0
P 68 107 255 0 0
P 69 107 255 0 0
P 70 107 255 0 0
P 71 107 255 0 0
P 72 107 255 0 0
P 73 107 255 0 0
P 74 107 255 0 0
P 75 107 255 0 0
P 76 107 255 0 0
P 77 107 255 0 0
P 78 107 255 0 0
P 79 107 255 0 0
P 80 107 255 0 0
P 81 107 255 0 0
P 82 107 255 0 0
P 83 107 255 0 0
P 84 107 255 0 0
P 85 107 255 0 0
P 86 107 255 0 0
P 87 107 255 0 0
P 88 107 255 0 0
P 89 107 255 0 0
P 90 107 255 0 0
P 91 107 255 0 0
P 92 107 255 0 0
P 93 107 255 0 0
P 94 107 255 0 0
P 95 107 255 0 0
P 96 107 255 0 0
P 97 107 255 0 0
P 98 107 255 0 0
P 99 107 255 0 0
P 100 107 255 0 0
P 101 107 255 0 0
P 102 107 255 0 0
P 103 107 255 0 0
P 104 107 255 0 0
P 105 107 255 0 0
P 106 107 255 0 0
P 107 107 255 0 0
P 108 107 255 0 0
P 109 107 255 0 0
P 110 107 255 0 0
P 111 107 255 0 0
P 112 107 255 0 0
P 113 107 255 0 0
P 114 107 255 0 0
P 115 107 255 0 0
P 116 107 255 0 0
P 117 107 0 255 0
P 118 107 0 255 0
P 119 107 0 255 0
P 120 107 0 255 0
P 121 107 0 255 0
P 122 107 0 255 0
P 123 107 0 255 0
P 124 107 0 255 0
P 125 107 0 255 0
P 126 107 0 255 0
P 127 107 0 255 0
P 128 107 0 255 0
P 129 107 0 255 0
P 130 107 0 255 0
P 131 107 0 255 0
P 132 107 0 255 0
P 133 107 0 255 0
P 134 107 0 255 0
P 135 107 0 255 0
P 136 107 0 255 0
P 137 107 0 255 0
P 138 107 0 255 0
P 139 107 0 255 0
P 140 107 0 255 0
P 141 107 0 255 0
P 142 107 0 255 0
P 143 107 0 255 0
P 144 107 0 255 0
P 145 107 0 255 0
P 146 107 0 255 0
P 147 107 0 255 0
P 148 107 0 255 0
P 149 107 0 255 0
P 150 107 0 255 0
P 151 107 0 255 0
P 152 107 0 255 0
P 153 107 0 255 0
P 154 107 0 255 0
P 155 107 0 255 0
P 156 107 0 255 0
P 157 107 0 255 0
P 158 107 0 255 0
P 159 107 0 255 0
P 160 107 0 255 0
P 161 107 0 255 0
P 162 107 0 255 0
P 163 107 0 255 0
P 164 107 0 255 0
P 165 107 0 255 0
P 166 107 0 255 0
P 167 107 0 255 0
P 168 107 0 255 0
P 169 107 0 255 0
P 170 107 0 255 0
P 171 107 0 255 0
P 172 107 0 255 0
P 173 107 0 255 0
P 174 107 0 255 0
P 175 107 0 255 0
P 176 107 0 255 0
P 177 107 0 255 0
P 178 107 0 255 0
P 179 107 0 255 0
P 180 107 0 255 0
P 181 107 0 255 0
P 182 107 0 255 0
P 183 107 0 255 0
P 184 107 0 255 0
P 185 107 0 255 0
P 186 107 0 255 0
P 187 107 0 255 0
P 188 107 0 255 0
P 189 107 0 255 0
P 190 107 0 255 0
P 191 107 0 255 0
P 192 107 0 255 0
P 193 107 0 255 0
P 194 107 0 255 0
P 195 107 0 255 0
P 196 107 0 255 0
P 197 107 0 255 0
P 198 107 0 255 0
P 199 107 0 255 0
P 40 108 255 0 0
P 41 108 255 0 0
P 42 108 255 0 0
P 43 108 255 0 0
P 44 108 255 0 0
P 45 108 255 0 0
P 46 108 255 0 0
P 47 108 255 0 0
P 48 108 255 0 0
P 49 108 255 0 0
P 50 108 255 0 0
P 51 108 255 0 0
P 52 108 255 0 0
P 53 108 255 0 0
P 54 108 255 0 0
P 55 108 255 0 0
P 56 108 255 0 0
P 57 108 255 0 0
P 58 108 255 0 0
P 59 108 255 0 0
P 60 108 255 0 0
P 61 108 255 0 0
P 62 108 255 0 0
P 63 108 255 0 0
P 64 108 255 0 0
P 65 108 255 0 0
P 66 108 255 0 0
P 67 108 255 0 0
P 68 108 255 0 0
P 69 108 255 0 0
P 70 108 255 0 0
P 71 108 255 0 0
P 72 108 255 0 0
P 73 108 255 0 0
P 74 108 255 0 0
P 75 108 255 0 0
P 76 108 255 0 0
P 77 108 255 0 0
P 78 108 255 0 0
P 79 108 255 0 0
P 80 108 255 0 0
P 81 108 255 0 0
P 82 108 255 0 0
P 83 108 255 0 0
P 84 108 255 0 0
P 85 108 255 0 0
P 86 108 255 0 0
P 87 108 255 0 0
P 88 108 255 0 0
P 89 108 255 0 0
P 90 108 255 0 0
P 91 108 255 0 0
P 92 108 255 0 0
P 93 108 255 0 0
P 94 108 255 0 0
P 95 108 255 0 0
P 96 108 255 0 0
P 97 108 255 0 0
P 98 108 255 0 0
P 99 108 255 0 0
P 100 108 255 0 0
P 101 108 255 0 0
P 102 108 255 0 0
P 103 108 255 0 0
P 104 108 255 0 0
P 105 108 255 0 0
P 106 108 255 0 0
P 107 108 255 0 0
P 108 108 255 0 0
P 109 108 255 0 0
P 110 108 255 0 0
P 111 108 255 0 0
P 112 108 255 0 0
P 113 108 255 0 0
P 114 108 255 0 0
P 115 108 255 0 0
P 116 108 255 0 0
P 117 108 255 0 0
P 118 108 0 255 0
P 119 108 0 255 0
P 120 108 0 255 0
P 121 108 0 255 0
P 122 108 0 255 0
P 123 108 0 255 0
P 124 108 0 255 0
P 125 108 0 255 0
P 126 108 0 255 0
P 127 108 0 255 0
P 128 108 0 255 0
P 129 108 0 255 0
P 130 108 0 255 0
P 131 108 0 255 0
P 132 108 0 255 0
P 133 108 0 255 0
P 134 108 0 255 0
P 135 108 0 255 0
P 136 108 0 255 0
P 137 108 0 255 0
P 138 108 0 255 0
P 139 108 0 255 0
P 140 108 0 255 0
P 141 108 0 255 0
P 142 108 0 255 0
P 143 108 0 255 0
P 144 108 0 255 0
P 145 108 0 255 0
P 146 108 0 255 0
P 147 108 0 255 0
P 148 108 0 255 0
P 149 108 0 255 0
P 150 108 0 255 0
P 151 108 0 255 0
P 152 108 0 255 0
P 153 108 0 255 0
P 154 108 0 255 0
P 155 108 0 255 0
P 156 108 0 255 0
P 157 108 0 255 0
P 158 108 0 255 0
P 159 108 0 255 0
P 160 108 0 255 0
P 161 108 0 255 0
P 162 108 0 255 0
P 163 108 0 255 0
P 164 108 0 255 0
P 165 108 0 255 0
P 166 108 0 255 0
P 167 108 0 255 0
P 168 108 0 255 0
P 169 108 0 255 0
P 170 108 0 255 0
P 171 108 0 255 0
P 172 108 0 255 0
P 173 108 0 255 0
P 174 108 0 255 0
P 175 108 0 255 0
P 176 108 0 255 0
P 177 108 0 255 0
P 178 108 0 255 0
P 179 108 0 255 0
P 180 108 0 255 0
P 181 108 0 255 0
P 182 108 0 255 0
P 183 108 0 255 0
P 184 108 0 255 0
P 185 108 0 255 0
P 186 108 0 255 0
P 187 108 0 255 0
P 188 108 0 255 0
P 189 108 0 255 0
P 190 108 0 255 0
P 191 108 0 255 0
P 192 108 0 255 0
P 193 108 0 255 0
P 194 108 0 255 0
P 195 108 0 255 0
P 196 108 0 255 0
P 197 108 0 255 0
P 198 108 0 255 0
P 199 108 0 255 0
P 40 109 255 0 0
P 41 109 255 0 0
P 42 109 255 0 0
P 43 109 255 0 0
P 44 109 255 0 0
P 45 109 255 0 0
P 46 109 255 0 0
P 47 109 255 0 0
P 48 109 255 0 0
P 49 109 255 0 0
P 50 109 255 0 0
P 51 109 255 0 0
P 52 109 255 0 0
P 53 109 255 0 0
P 54 109 255 0 0
P 55 109 255 0 0
P 56 109 255 0 0
P 57 109 255 0 0
P 58 109 255 0 0
P 59 109 255 0 0
P 60 109 255 0 0
P 61 109 255 0 0
P 62 109 255 0 0
P 63 109 255 0 0
P 64 109 255 0 0
P 65 109 255 0 0
P 66 109 255 0 0
P 67 109 255 0 0
P 68 109 255 0 0
P 69 109 255 0 0
P 70 109 255 0 0
P 71 109 255 0 0
P 72 109 255 0 0
P 73 109 255 0 0
P 74 109 255 0 0
P 75 109 255 0 0
P 76 109 255 0 0
P 77 109 255 0 0
P 78 109 255 0 0
P 79 109 255 0 0
P 80 109 255 0 0
P 81 109 255 0 0
P 82 109 255 0 0
P 83 109 255 0 0
P 84 109 255 0 0
P 85 109 255 0 0
P 86 109 255 0 0
P 87 109 255 0 0
P 88 109 255 0 0
P 89 109 255 0 0
P 90 109 255 0 0
P 91 109 255 0 0
P 92 109 255 0 0
P 93 109 255 0 0
P 94 109 255 0 0
P 95 109 255 0 0
P 96 109 255 0 0
P 97 109 255 0 0
P 98 109 255 0 0
P 99 109 255 0 0
P 100 109 255 0 0
P 101 109 255 0 0
P 102 109 255 0 0
P 103 109 255 0 0
P 104 109 255 0 0
P 105 109 255 0 0
P 106 109 255 0 0
P 107 109 255 0 0
P 108 109 255 0 0
P 109 109 255 0 0
P 110 109 255 0 0
P 111 109 255 0 0
P 112 109 255 0 0
P 113 109 255 0 0
P 114 109 255 0 0
P 115 109 255 0 0
P 116 109 255 0 0
P 117 109 255 0 0
P 118 109 255 0 0
P 119 109 0 255 0
P 120 109 0 255 0
P 121 109 0 255 0
P 122 109 0 255 0
P 123 109 0 255 0
P 124 109 0 255 0
P 125 109 0 255 0
P 126 109 0 255 0
P 127 109 0 255 0
P 128 109 0 255 0
P 129 109 0 255 0
P 130 109 0 255 0
P 131 109 0 255 0
P 132 109 0 255 0
P 133 109 0 255 0
P 134 109 0 255 0
P 135 109 0 255 0
P 136 109 0 255 0
P 137 109 0 255 0
P 138 109 0 255 0
P 139 109 0 255 0
P 140 109 0 255 0
P 141 109 0 255 0
P 142 109 0 255 0
P 143 109 0 255 0
P 144 109 0 255 0
P 145 109 0 255 0
P 146 109 0 255 0
P 147 109 0 255 0
P 148 109 0 255 0
P 149 109 0 255 0
P 150 109 0 255 0
P 151 109 0 255 0
P 152 109 0 255 0
P 153 109 0 255 0
P 154 109 0 255 0
P 155 109 0 255 0
P 156 109 0 255 0
P 157 109 0 255 0
P 158 109 0 255 0
P 159 109 0 255 0
P 160 109 0 255 0
P 161 109 0 255 0
P 162 109 0 255 0
P 163 109 0 255 0
P 164 109 0 255 0
P 165 109 0 255 0
P 166 109 0 255 0
P 167 109 0 255 0
P 168 109 0 255 0
P 169 109 0 255 0
P 170 109 0 255 0
P 171 109 0 255 0
P 172 109 0 255 0
P 173 109 0 255 0
P 174 109 0 255 0
P 175 109 0 255 0
P 176 109 0 255 0
P 177 109 0 255 0
P 178 109 0 255 0
P 179 109 0 255 0
P 180 109 0 255 0
P 181 109 0 255 0
P 182 109 0 255 0
P 183 109 0 255 0
P 184 109 0 255 0
P 185 109 0 255 0
P 186 109 0 255 0
P 187 109 0 255 0
P 188 109 0 255 0
P 189 109 0 255 0
P 190 109 0 255 0
P 191 109 0 255 0
P 192 109 0 255 0
P 193 109 0 255 0
P 194 109 0 255 0
P 195 109 0 255 0
P 196 109 0 255 0
P 197 109 0 255 0
P 198 109 0 255 0
P 199 109 0 255 0
P 40 110 255 0 0
P 41 110 255 0 0
P 42 110 255 0 0
P 43 110 255 0 0
P 44 110 255 0 0
P 45 110 255 0 0
P 46 110 255 0 0
P 47 110 255 0 0
P 48 110 255 0 0
P 49 110 255 0 0
P 50 110 255 0 0
P 51 110 255 0 0
P 52 110 255 0 0
P 53 110 255 0 0
P 54 110 255 0 0
P 55 110 255 0 0
P 56 110 255 0 0
P 57 110 255 0 0
P 58 110 255 0 0
P 59 110 255 0 0
P 60 110 255 0 0
P 61 110 255 0 0
P 62 110 255 0 0
P 63 110 255 0 0
P 64 110 255 0 0
P 65 110 255 0 0
P 66 110 255 0 0
P 67 110 255 0 0
P 68 110 255 0 0
P 69 110 255 0 0
P 70 110 255 0 0
P 71 110 255 0 0
P 72 110 255 0 0
P 73 110 255 0 0
P 74 110 255 0 0
P 75 110 255 0 0
P 76 110 255 0 0
P 77 110 255 0 0
P 78 110 255 0 0
P 79 110 255 0 0
P 80 110 255 0 0
P 81 110 255 0 0
P 82 110 255 0 0
P 83 110 255 0 0
P 84 110 255 0 0
P 85 110 255 0 0
P 86 110 255 0 0
P 87 110 255 0 0
P 88 110 255 0 0
P 89 110 255 0 0
P 90 110 255 0 0
P 91 110 255 0 0
P 92 110 255 0 0
P 93 110 255 0 0
P 94 110 255 0 0
P 95 110 255 0 0
P 96 110 255 0 0
P 97 110 255 0 0
P 98 110 255 0 0
P 99 110 255 0 0
P 100 110 255 0 0
P 101 110 255 0 0
P 102 110 255 0 0
P 103 110 255 0 0
P 104 110 255 0 0
P 105 110 255 0 0
P 106 110 255 0 0
P 107 110 255 0 0
P 108 110 255 0 0
P 109 110 255 0 0
P 110 110 255 0 0
P 111 110 255 0 0
P 112 110 255 0 0
P 113 110 255 0 0
P 114 110 255 0 0
P 115 110 255 0 0
P 116 110 255 0 0
P 117 110 255 0 0
P 118 110 255 0 0
P 119 110 255 0 0
P 120 110 255 0 0
P 121 110 0 255 0
P 122 110 0 255 0
P 123 110 0 255 0
P 124 110 0 255 0
P 125 110 0 255 0
P 126 110 0 255 0
P 127 110 0 255 0
P 128 110 0 255 0
P 129 110 0 255 0
P 130 110 0 255 0
P 131 110 0 255 0
P 132 110 0 255 0
P 133 110 0 255 0
P 134 110 0 255 0
P 135 110 0 255 0
P 136 110 0 255 0
P 137 110 0 255 0
P 138 110 0 255 0
P 139 110 0 255 0
P 140 110 0 255 0
P 141 110 0 255 0
P 142 110 0 255 0
P 143 110 0 255 0
P 144 110 0 255 0
P 145 110 0 255 0
P 146 110 0 255 0
P 147 110 0 255 0
P 148 110 0 255 0
P 149 110 0 255 0
P 150 110 0 255 0
P 151 110 0 255 0
P 152 110 0 255 0
P 153 110 0 255 0
P 154 110 0 255 0
P 155 110 0 255 0
P 156 110 0 255 0
P 157 110 0 255 0
P 158 110 0 255 0
P 159 110 0 255 0
P 160 110 0 255 0
P 161 110 0 255 0
P 162 110 0 255 0
P 163 110 0 255 0
P 164 110 0 255 0
P 165 110 0 255 0
P 166 110 0 255 0
P 167 110 0 255 0
P 168 110 0 255 0
P 169 110 0 255 0
P 170 110 0 255 0
P 171 110 0 255 0
P 172 110 0 255 0
P 173 110 0 255 0
P 174 110 0 255 0
P 175 110 0 255 0
P 176 110 0 255 0
P 177 110 0 255 0
P 178 110 0 255 0
P 179 110 0 255 0
P 180 110 0 255 0
P 181 110 0 255 0
P 182 110 0 255 0
P 183 110 0 255 0
P 184 110 0 255 0
P 185 110 0 255 0
P 186 110 0 255 0
P 187 110 0 255 0
P 188 110 0 255 0
P 189 110 0 255 0
P 190 110 0 255 0
P 191 110 0 255 0
P 192 110 0 255 0
P 193 110 0 255 0
P 194 110 0 255 0
P 195 110 0 255 0
P 196 110 0 255 0
P 197 110 0 255 0
P 198 110 0 255 0
P 199 110 0 255 0
P 40 111 255 0 0
P 41 111 255 0 0
P 42 111 255 0 0
P 43 111 255 0 0
P 44 111 255 0 0
P 45 111 255 0 0
P 46 111 255 0 0
P 47 111 255 0 0
P 48 111 255 0 0
P 49 111 255 0 0
P 50 111 255 0 0
P 51 111 255 0 0
P 52 111 255 0 0
P 53 111 255 0 0
P 54 111 255 0 0
P 55 111 255 0 0
P 56 111 255 0 0
P 57 111 255 0 0
P 58 111 255 0 0
P 59 111 255 0 0
P 60 111 255 0 0
P 61 111 255 0 0
P 62 111 255 0 0
P 63 111 255 0 0
P 64 111 255 0 0
P 65 111 255 0 0
P 66 111 255 0 0
P 67 111 255 0 0
P 68 111 255 0 0
P 69 111 255 0 0
P 70 111 255 0 0
P 71 111 255 0 0
P 72 111 255 0 0
P 73 111 255 0 0
P 74 111 255 0 0
P 75 111 255 0 0
P 76 111 255 0 0
P 77 111 255 0 0
P 78 111 255 0 0
P 79 111 255 0 0
P 80 111 255 0 0
P 81 111 255 0 0
P 82 111 255 0 0
P 83 111 255 0 0
P 84 111 255 0 0
P 85 111 255 0 0
P 86 111 255 0 0
P 87 111 255 0 0
P 88 111 255 0 0
P 89 111 255 0 0
P 90 111 255 0 0
P 91 111 255 0 0
P 92 111 255 0 0
P 93 111 255 0 0
P 94 111 255 0 0
P 95 111 255 0 0
P 96 111 255 0 0
P 97 111 255 0 0
P 98 111 255 0 0
P 99 111 255 0 0
P 100 111 255 0 0
P 101 111 255 0 0
P 102 111 255 0 0
P 103 111 255 0 0
P 104 111 255 0 0
P 105 111 255 0 0
P 106 111 255 0 0
P 107 111 255 0 0
P 108 111 255 0 0
P 109 111 255 0 0
P 110 111 255 0 0
P 111 111 255 0 0
P 112 111 255 0 0
P 113 111 255 0 0
P 114 111 255 0 0
P 115 111 255 0 0
P 116 111 255 0 0
P 117 111 255 0 0
P 118 111 255 0 0
P 119 111 255 0 0
P 120 111 255 0 0
P 121 111 255 0 0
P 122 111 0 255 0
P 123 111 0 255 0
P 124 111 0 255 0
P 125 111 0 255 0
P 126 111 0 255 0
P 127 111 0 255 0
P 128 111 0 255 0
P 129 111 0 255 0
P 130 111 0 255 0
P 131 111 0 255 0
P 132 111 0 255 0
P 133 111 0 255 0
P 134 111 0 255 0
P 135 111 0 255 0
P 136 111 0 255 0
P 137 111 0 255 0
P 138 111 0 255 0
P 139 111 0 255 0
P 140 111 0 255 0
P 141 111 0 255 0
P 142 111 0 255 0
P 143 111 0 255 0
P 144 111 0 255 0
P 145 111 0 255 0
P 146 111 0 255 0
P 147 111 0 255 0
P 148 111 0 255 0
P 149 111 0 255 0
P 150 111 0 255 0
P 151 111 0 255 0
P 152 111 0 255 0
P 153 111 0 255 0
P 154 111 0 255 0
P 155 111 0 255 0
P 156 111 0 255 0
P 157 111 0 255 0
P 158 111 0 255 0
P 159 111 0 255 0
P 160 111 0 255 0
P 161 111 0 255 0
P 162 111 0 255 0
P 163 111 0 255 0
P 164 111 0 255 0
P 165 111 0 255 0
P 166 111 0 255 0
P 167 111 0 255 0
P 168 111 0 255 0
P 169 111 0 255 0
P 170 111 0 255 0
P 171 111 0 255 0
P 172 111 0 255 0
P 173 111 0 255 0
P 174 111 0 255 0
P 175 111 0 255 0
P 176 111 0 255 0
P 177 111 0 255 0
P 178 111 0 255 0
P 179 111 0 255 0
P 180 111 0 255 0
P 181 111 0 255 0
P 182 111 0 255 0
P 183 111 0 255 0
P 184 111 0 255 0
P 185 111 0 255 0
P 186 111 0 255 0
P 187 111 0 255 0
P 188 111 0 255 0
P 189 111 0 255 0
P 190 111 0 255 0
P 191 111 0 255 0
P 192 111 0 255 0
P 193 111 0 255 0
P 194 111 0 255 0
P 195 111 0 255 0
P 196 111 0 255 0
P 197 111 0 255 0
P 198 111 0 255 0
P 199 111 0 255 0
P 40 112 255 0 0
P 41 112 255 0 0
P 42 112 255 0 0
P 43 112 255 0 0
P 44 112 255 0 0
P 45 112 255 0 0
P 46 112 255 0 0
P 47 112 255 0 0
P 48 112 255 0 0
P 49 112 255 0 0
P 50 112 255 0 0
P 51 112 255 0 0
P 52 112 255 0 0
P 53 112 255 0 0
P 54 112 255 0 0
P 55 112 255 0 0
P 56 112 255 0 0
P 57 112 255 0 0
P 58 112 255 0 0
P 59 112 255 0 0
P 60 112 255 0 0
P 61 112 255 0 0
P 62 112 255 0 0
P 63 112 255 0 0
P 64 112 255 0 0
P 65 112 255 0 0
P 66 112 255 0 0
P 67 112 255 0 0
P 68 112 255 0 0
P 69 112 255 0 0
P 70 112 255 0 0
P 71 112 255 0 0
P 72 112 255 0 0
P 73 112 255 0 0
P 74 112 255 0 0
P 75 112 255 0 0
P 76 112 255 0 0
P 77 112 255 0 0
P 78 112 255 0 0
P 79 112 255 0 0
P 80 112 255 0 0
P 81 112 255 0 0
P 82 112 255 0 0
P 83 112 255 0 0
P 84 112 255 0 0
P 85 112 255 0 0
P 86 112 255 0 0
P 87 112 255 0 0
P 88 112 255 0 0
P 89 112 255 0 0
P 90 112 255 0 0
P 91 112 255 0 0
P 92 112 255 0 0
P 93 112 255 0 0
P 94 112 255 0 0
P 95 112 255 0 0
P 96 112 255 0 0
P 97 112 255 0 0
P 98 112 255 0 0
P 99 112 255 0 0
P 100 112 255 0 0
P 101 112 255 0 0
P 102 112 255 0 0
P 103 112 255 0 0
P 104 112 255 0 0
P 105 112 255 0 0
P 106 112 255 0 0
P 107 112 255 0 0
P 108 112 255 0 0
P 109 112 255 0 0
P 110 112 255 0 0
P 111 112 255 0 0
P 112 112 255 0 0
P 113 112 255 0 0
P 114 112 255 0 0
P 115 112 255 0 0
P 116 112 255 0 0
P 117 112 255 0 0
P 118 112 255 0 0
P 119 112 255 0 0
P 120 112 255 0 0
P 121 112 255 0 0
P 122 112 255 0 0
P 123 112 0 255 0
P 124 112 0 255 0
P 125 112 0 255 0
P 126 112 0 255 0
P 127 112 0 255 0
P 128 112 0 255 0
P 129 112 0 255 0
P 130 112 0 255 0
P 131 112 0 255 0
P 132 112 0 255 0
P 133 112 0 255 0
P 134 112 0 255 0
P 135 112 0 255 0
P 136 112 0 255 0
P 137 112 0 255 0
P 138 112 0 255 0
P 139 112 0 255 0
P 140 112 0 255 0
P 141 112 0 255 0
P 142 112 0 255 0
P 143 112 0 255 0
P 144 112 0 255 0
P 145 112 0 255 0
P 146 112 0 255 0
P 147 112 0 255 0
P 148 112 0 255 0
P 149 112 0 255 0
P 150 112 0 255 0
P 151 112 0 255 0
P 152 112 0 255 0
P 153 112 0 255 0
P 154 112 0 255 0
P 155 112 0 255 0
P 156 112 0 255 0
P 157 112 0 255 0
P 158 112 0 255 0
P 159 112 0 255 0
P 160 112 0 255 0
P 161 112 0 255 0
P 162 112 0 255 0
P 163 112 0 255 0
P 164 112 0 255 0
P 165 112 0 255 0
P 166 112 0 255 0
P 167 112 0 255 0
P 168 112 0 255 0
P 169 112 0 255 0
P 170 112 0 255 0
P 171 112 0 255 0
P 172 112 0 255 0
P 173 112 0 255 0
P 174 112 0 255 0
P 175 112 0 255 0
P 176 112 0 255 0
P 177 112 0 255 0
P 178 112 0 255 0
P 179 112 0 255 0
P 180 112 0 255 0
P 181 112 0 255 0
P 182 112 0 255 0
P 183 112 0 255 0
P 184 112 0 255 0
P 185 112 0 255 0
P 186 112 0 255 0
P 187 112 0 255 0
P 188 112 0 255 0
P 189 112 0 255 0
P 190 112 0 255 0
P 191 112 0 255 0
P 192 112 0 255 0
P 193 112 0 255 0
P 194 112 0 255 0
P 195 112 0 255 0
P 196 112 0 255 0
P 197 112 0 255 0
P 198 112 0 255 0
P 199 112 0 255 0
P 40 113 255 0 0
P 41 113 255 0 0
P 42 113 255 0 0
P 43 113 255 0 0
P 44 113 255 0 0
P 45 113 255 0 0
P 46 113 255 0 0
P 47 113 255 0 0
P 48 113 255 0 0
P 49 113 255 0 0
P 50 113 255 0 0
P 51 113 255 0 0
P 52 113 255 0 0
P 53 113 255 0 0
P 54 113 255 0 0
P 55 113 255 0 0
P 56 113 255 0 0
P 57 113 255 0 0
P 58 113 255 0 0
P 59 113 255 0 0
P 60 113 255 0 0
P 61 113 255 0 0
P 62 113 255 0 0
P 63 113 255 0 0
P 64 113 255 0 0
P 65 113 255 0 0
P 66 113 255 0 0
P 67 113 255 0 0
P 68 113 255 0 0
P 69 113 255 0 0
P 70 113 255 0 0
P 71 113 255 0 0
P 72 113 255 0 0
P 73 113 255 0 0
P 74 113 255 0 0
P 75 113 255 0 0
P 76 113 255 0 0
P 77 113 255 0 0
P 78 113 255 0 0
P 79 113 255 0 0
P 80 113 255 0 0
P 81 113 255 0 0
P 82 113 255 0 0
P 83 113 255 0 0
P 84 113 255 0 0
P 85 113 255 0 0
P 86 113 255 0 0
P 87 113 255 0 0
P 88 113 255 0 0
P 89 113 255 0 0
P 90 113 255 0 0
P 91 113 255 0 0
P 92 113 255 0 0
P 93 113 255 0 0
P 94 113 255 0 0
P 95 113 255 0 0
P 96 113 255 0 0
P 97 113 255 0 0
P 98 113 255 0 0
P 99 113 255 0 0
P 100 113 255 0 0
P 101 113 255 0 0
P 102 113 255 0 0
P 103 113 255 0 0
P 104 113 255 0 0
P 105 113 255 0 0
P 106 113 255 0 0
P 107 113 255 0 0
P 108 113 255 0 0
P 109 113 255 0 0
P 110 113 255 0 0
P 111 113 255 0 0
P 112 113 255 0 0
P 113 113 255 0 0
P 114 113 255 0 0
P 115 113 255 0 0
P 116 113 255 0 0
P 117 113 255 0 0
P 118 113 255 0 0
P 119 113 255 0 0
P 120 113 255 0 0
P 121 113 255 0 0
P 122 113 255 0 0
P 123 113 255 0 0
P 124 113 0 255 0
P 125 113 0 255 0
P 126 113 0 255 0
P 127 113 0 255 0
P 128 113 0 255 0
P 129 113 0 255 0
P 130 113 0 255 0
P 131 113 0 255 0
P 132 113 0 255 0
P 133 113 0 255 0
P 134 113 0 255 0
P 135 113 0 255 0
P 136 113 0 255 0
P 137 113 0 255 0
P 138 113 0 255 0
P 139 113 0 255 0
P 140 113 0 255 0
P 141 113 0 255 0
P 142 113 0 255 0
P 143 113 0 255 0
P 144 113 0 255 0
P 145 113 0 255 0
P 146 113 0 255 0
P 147 113 0 255 0
P 148 113 0 255 0
P 149 113 0 255 0
P 150 113 0 255 0
P 151 113 0 255 0
P 152 113 0 255 0
P 153 113 0 255 0
P 154 113 0 255 0
P 155 113 0 255 0
P 156 113 0 255 0
P 157 113 0 255 0
P 158 113 0 255 0
P 159 113 0 255 0
P 160 113 0 255 0
P 161 113 0 255 0
P 162 113 0 255 0
P 163 113 0 255 0
P 164 113 0 255 0
P 165 113 0 255 0
P 166 113 0 255 0
P 167 113 0 255 0
P 168 113 0 255 0
P 169 113 0 255 0
P 170 113 0 255 0
P 171 113 0 255 0
P 172 113 0 255 0
P 173 113 0 255 0
P 174 113 0 255 0
P 175 113 0 255 0
P 176 113 0 255 0
P 177 113 0 255 0
P 178 113 0 255 0
P 179 113 0 255 0
P 180 113 0 255 0
P 181 113 0 255 0
P 182 113 0 255 0
P 183 113 0 255 0
P 184 113 0 255 0
P 185 113 0 255 0
P 186 113 0 255 0
P 187 113 0 255 0
P 188 113 0 255 0
P 189 113 0 255 0
P 190 113 0 255 0
P 191 113 0 255 0
P 192 113 0 255 0
P 193 113 0 255 0
P 194 113 0 255 0
P 195 113 0 255 0
P 196 113 0 255 0
P 197 113 0 255 0
P 198 113 0 255 0
P 199 113 0 255 0
P 40 114 255 0 0
P 41 114 255 0 0
P 42 114 255 0 0
P 43 114 255 0 0
P 44 114 255 0 0
P 45 114 255 0 0
P 46 114 255 0 0
P 47 114 255 0 0
P 48 114 255 0 0
P 49 114 255 0 0
P 50 114 255 0 0
P 51 114 255 0 0
P 52 114 255 0 0
P 53 114 255 0 0
P 54 114 255 0 0
P 55 114 255 0 0
P 56 114 255 0 0
P 57 114 255 0 0
P 58 114 255 0 0
P 59 114 255 0 0
P 60 114 255 0 0
P 61 114 255 0 0
P 62 114 255 0 0
P 63 114 255 0 0
P 64 114 255 0 0
P 65 114 255 0 0
P 66 114 255 0 0
P 67 114 255 0 0
P 68 114 255 0 0
P 69 114 255 0 0
P 70 114 255 0 0
P 71 114 255 0 0
P 72 114 255 0 0
P 73 114 255 0 0
P 74 114 255 0 0
P 75 114 255 0 0
P 76 114 255 0 0
P 77 114 255 0 0
P 78 114 255 0 0
P 79 114 255 0 0
P 80 114 255 0 0
P 81 114 255 0 0
P 82 114 255 0 0
P 83 114 255 0 0
P 84 114 255 0 0
P 85 114 255 0 0
P 86 114 255 0 0
P 87 114 255 0 0
P 88 114 255 0 0
P 89 114 255 0 0
P 90 114 255 0 0
P 91 114 255 0 0
P 92 114 255 0 0
P 93 114 255 0 0
P 94 114 255 0 0
P 95 114 255 0 0
P 96 114 255 0 0
P 97 114 255 0 0
P 98 114 255 0 0
P 99 114 255 0 0
P 100 114 255 0 0
P 101 114 255 0 0
P 102 114 255 0 0
P 103 114 255 0 0
P 104 114 255 0 0
P 105 114 255 0 0
P 106 114 255 0 0
P 107 114 255 0 0
P 108 114 255 0 0
P 109 114 255 0 0
P 110 114 255 0 0
P 111 114 255 0 0
P 112 114 255 0 0
P 113 114 255 0 0
P 114 114 255 0 0
P 115 114 255 0 0
P 116 114 255 0 0
P 117 114 255 0 0
P 118 114 255 0 0
P 119 114 255 0 0
P 120 114 255 0 0
P 121 114 255 0 0
P 122 114 255 0 0
P 123 114 255 0 0
P 124 114 255 0 0
P 125 114 0 255 0
P 126 114 0 255 0
P 127 114 0 255 0
P 128 114 0 255 0
P 129 114 0 255 0
P 130 114 0 255 0
P 131 114 0 255 0
P 132 114 0 255 0
P 133 114 0 255 0
P 134 114 0 255 0
P 135 114 0 255 0
P 136 114 0 255 0
P 137 114 0 255 0
P 138 114 0 255 0
P 139 114 0 255 0
P 140 114 0 255 0
P 141 114 0 255 0
P 142 114 0 255 0
P 143 114 0 255 0
P 144 114 0 255 0
P 145 114 0 255 0
P 146 114 0 255 0
P 147 114 0 255 0
P 148 114 0 255 0
P 149 114 0 255 0
P 150 114 0 255 0
P 151 114 0 255 0
P 152 114 0 255 0
P 153 114 0 255 0
P 154 114 0 255 0
P 155 114 0 255 0
P 156 114 0 255 0
P 157 114 0 255 0
P 158 114 0 255 0
P 159 114 0 255 0
P 160 114 0 255 0
P 161 114 0 255 0
P 162 114 0 255 0
P 163 114 0 255 0
P 164 114 0 255 0
P 165 114 0 255 0
P 166 114 0 255 0
P 167 114 0 255 0
P 168 114 0 255 0
P 169 114 0 255 0
P 170 114 0 255 0
P 171 114 0 255 0
P 172 114 0 255 0
P 173 114 0 255 0
P 174 114 0 255 0
P 175 114 0 255 0
P 176 114 0 255 0
P 177 114 0 255 0
P 178 114 0 255 0
P 179 114 0 255 0
P 180 114 0 255 0
P 181 114 0 255 0
P 182 114 0 255 0
P 183 114 0 255 0
P 184 114 0 255 0
P 185 114 0 255 0
P 186 114 0 255 0
P 187 114 0 255 0
P 188 114 0 255 0
P 189 114 0 255 0
P 190 114 0 255 0
P 191 114 0 255 0
P 192 114 0 255 0
P 193 114 0 255 0
P 194 114 0 255 0
P 195 114 0 255 0
P 196 114 0 255 0
P 197 114 0 255 0
P 198 114 0 255 0
P 199 114 0 255 0
P 40 115 255 0 0
P 41 115 255 0 0
P 42 115 255 0 0
P 43 115 255 0 0
P 44 115 255 0 0
P 45 115 255 0 0
P 46 115 255 0 0
P 47 115 255 0 0
P 48 115 255 0 0
P 49 115 255 0 0
P 50 115 255 0 0
P 51 115 255 0 0
P 52 115 255 0 0
P 53 115 255 0 0
P 54 115 255 0 0
P 55 115 255 0 0
P 56 115 255 0 0
P 57 115 255 0 0
P 58 115 255 0 0
P 59 115 255 0 0
P 60 115 255 0 0
P 61 115 255 0 0
P 62 115 255 0 0
P 63 115 255 0 0
P 64 115 255 0 0
P 65 115 255 0 0
P 66 115 255 0 0
P 67 115 255 0 0
P 68 115 255 0 0
P 69 115 255 0 0
P 70 115 255 0 0
P 71 115 255 0 0
P 72 115 255 0 0
P 73 115 255 0 0
P 74 115 255 0 0
P 75 115 255 0 0
P 76 115 255 0 0
P 77 115 255 0 0
P 78 115 255 0 0
P 79 115 255 0 0
P 80 115 255 0 0
P 81 115 255 0 0
P 82 115 255 0 0
P 83 115 255 0 0
P 84 115 255 0 0
P 85 115 255 0 0
P 86 115 255 0 0
P 87 115 255 0 0
P 88 115 255 0 0
P 89 115 255 0 0
P 90 115 255 0 0
P 91 115 255 0 0
P 92 115 255 0 0
P 93 115 255 0 0
P 94 115 255 0 0
P 95 115 255 0 0
P 96 115 255 0 0
P 97 115 255 0 0
P 98 115 255 0 0
P 99 115 255 0 0
P 100 115 255 0 0
P 101 115 255 0 0
P 102 115 255 0 0
P 103 115 255 0 0
P 104 115 255 0 0
P 105 115 255 0 0
P 106 115 255 0 0
P 107 115 255 0 0
P 108 115 255 0 0
P 109 115 255 0 0
P 110 115 255 0 0
P 111 115 255 0 0
P 112 115 255 0 0
P 113 115 255 0 0
P 114 115 255 0 0
P 115 115 255 0 0
P 116 115 255 0 0
P 117 115 255 0 0
P 118 115 255 0 0
P 119 115 255 0 0
P 120 115 255 0 0
P 121 115 255 0 0
P 122 115 255 0 0
P 123 115 255 0 0
P 124 115 255 0 0
P 125 115 255 0 0
P 126 115 0 255 0
P 127 115 0 255 0
P 128 115 0 255 0
P 129 115 0 255 0
P 130 115 0 255 0
P 131 115 0 255 0
P 132 115 0 255 0
P 133 115 0 255 0
P 134 115 0 255 0
P 135 115 0 255 0
P 136 115 0 255 0
P 137 115 0 255 0
P 138 115 0 255 0
P 139 115 0 255 0
P 140 115 0 255 0
P 141 115 0 255 0
P 142 115 0 255 0
P 143 115 0 255 0
P 144 115 0 255 0
P 145 115 0 255 0
P 146 115 0 255 0
P 147 115 0 255 0
P 148 115 0 255 0
P 149 115 0 255 0
P 150 115 0 255 0
P 151 115 0 255 0
P 152 115 0 255 0
P 153 115 0 255 0
P 154 115 0 255 0
P 155 115 0 255 0
P 156 115 0 255 0
P 157 115 0 255 0
P 158 115 0 255 0
P 159 115 0 255 0
P 160 115 0 255 0
P 161 115 0 255 0
P 162 115 0 255 0
P 163 115 0 255 0
P 164 115 0 255 0
P 165 115 0 255 0
P 166 115 0 255 0
P 167 115 0 255 0
P 168 115 0 255 0
P 169 115 0 255 0
P 170 115 0 255 0
P 171 115 0 255 0
P 172 115 0 255 0
P 173 115 0 255 0
P 174 115 0 255 0
P 175 115 0 255 0
P 176 115 0 255 0
P 177 115 0 255 0
P 178 115 0 255 0
P 179 115 0 255 0
P 180 115 0 255 0
P 181 115 0 255 0
P 182 115 0 255 0
P 183 115 0 255 0
P 184 115 0 255 0
P 185 115 0 255 0
P 186 115 0 255 0
P 187 115 0 255 0
P 188 115 0 255 0
P 189 115 0 255 0
P 190 115 0 255 0
P 191 115 0 255 0
P 192 115 0 255 0
P 193 115 0 255 0
P 194 115 0 255 0
P 195 115 0 255 0
P 196 115 0 255 0
P 197 115 0 255 0
P 198 115 0 255 0
P 199 115 0 255 0
P 40 116 255 0 0
P 41 116 255 0 0
P 42 116 255 0 0
P 43 116 255 0 0
P 44 116 255 0 0
P 45 116 255 0 0
P 46 116 255 0 0
P 47 116 255 0 0
P 48 116 255 0 0
P 49 116 255 0 0
P 50 116 255 0 0
P 51 116 255 0 0
P 52 116 255 0 0
P 53 116 255 0 0
P 54 116 255 0 0
P 55 116 255 0 0
P 56 116 255 0 0
P 57 116 255 0 0
P 58 116 255 0 0
P 59 116 255 0 0
P 60 116 255 0 0
P 61 116 255 0 0
P 62 116 255 0 0
P 63 116 255 0 0
P 64 116 255 0 0
P 65 116 255 0 0
P 66 116 255 0 0
P 67 116 255 0 0
P 68 116 255 0 0
P 69 116 255 0 0
P 70 116 255 0 0
P 71 116 255 0 0
P 72 116 255 0 0
P 73 116 255 0 0
P 74 116 255 0 0
P 75 116 255 0 0
P 76 116 255 0 0
P 77 116 255 0 0
P 78 116 255 0 0
P 79 116 255 0 0
P 80 116 255 0 0
P 81 116 255 0 0
P 82 116 255 0 0
P 83 116 255 0 0
P 84 116 255 0 0
P 85 116 255 0 0
P 86 116 255 0 0
P 87 116 255 0 0
P 88 116 255 0 0
P 89 116 255 0 0
P 90 116 255 0 0
P 91 116 255 0 0
P 92 116 255 0 0
P 93 116 255 0 0
P 94 116 255 0 0
P 95 116 255 0 0
P 96 116 255 0 0
P 97 116 255 0 0
P 98 116 255 0 0
P 99 116 255 0 0
P 100 116 255 0 0
P 101 116 255 0 0
P 102 116 255 0 0
P 103 116 255 0 0
P 104 116 255 0 0
P 105 116 255 0 0
P 106 116 255 0 0
P 107 116 255 0 0
P 108 116 255 0 0
P 109 116 255 0 0
P 110 116 255 0 0
P 111 116 255 0 0
P 112 116 255 0 0
P 113 116 255 0 0
P 114 116 255 0 0
P 115 116 255 0 0
P 116 116 255 0 0
P 117 116 255 0 0
P 118 116 255 0 0
P 119 116 255 0 0
P 120 116 255 0 0
P 121 116 255 0 0
P 122 116 255 0 0
P 123 116 255 0 0
P 124 116 255 0 0
P 125 116 255 0 0
P 126 116 255 0 0
P 127 116 0 255 0
P 128 116 0 255 0
P 129 116 0 255 0
P 130 116 0 255 0
P 131 116 0 255 0
P 132 116 0 255 0
P 133 116 0 255 0
P 134 116 0 255 0
P 135 116 0 255 0
P 136 116 0 255 0
P 137 116 0 255 0
P 138 116 0 255 0
P 139 116 0 255 0
P 140 116 0 255 0
P 141 116 0 255 0
P 142 116 0 255 0
P 143 116 0 255 0
P 144 116 0 255 0
P 145 116 0 255 0
P 146 116 0 255 0
P 147 116 0 255 0
P 148 116 0 255 0
P 149 116 0 255 0
P 150 116 0 255 0
P 151 116 0 255 0
P 152 116 0 255 0
P 153 116 0 255 0
P 154 116 0 255 0
P 155 116 0 255 0
P 156 116 0 255 0
P 157 116 0 255 0
P 158 116 0 255 0
P 159 116 0 255 0
P 160 116 0 255 0
P 161 116 0 255 0
P 162 116 0 255 0
P 163 116 0 255 0
P 164 116 0 255 0
P 165 116 0 255 0
P 166 116 0 255 0
P 167 116 0 255 0
P 168 116 0 255 0
P 169 116 0 255 0
P 170 116 0 255 0
P 171 116 0 255 0
P 172 116 0 255 0
P 173 116 0 255 0
P 174 116 0 255 0
P 175 116 0 255 0
P 176 116 0 255 0
P 177 116 0 255 0
P 178 116 0 255 0
P 179 116 0 255 0
P 180 116 0 255 0
P 181 116 0 255 0
P 182 116 0 255 0
P 183 116 0 255 0
P 184 116 0 255 0
P 185 116 0 255 0
P 186 116 0 255 0
P 187 116 0 255 0
P 188 116 0 255 0
P 189 116 0 255 0
P 190 116 0 255 0
P 191 116 0 255 0
P 192 116 0 255 0
P 193 116 0 255 0
P 194 116 0 255 0
P 195 116 0 255 0
P 196 116 0 255 0
P 197 116 0 255 0
P 198 116 0 255 0
P 199 116 0 255 0
P 40 117 255 0 0
P 41 117 255 0 0
P 42 117 255 0 0
P 43 117 255 0 0
P 44 117 255 0 0
P 45 117 255 0 0
P 46 117 255 0 0
P 47 117 255 0 0
P 48 117 255 0 0
P 49 117 255 0 0
P 50 117 255 0 0
P 51 117 255 0 0
P 52 117 255 0 0
P 53 117 255 0 0
P 54 117 255 0 0
P 55 117 255 0 0
P 56 117 255 0 0
P 57 117 255 0 0
P 58 117 255 0 0
P 59 117 255 0 0
P 60 117 255 0 0
P 61 117 255 0 0
P 62 117 255 0 0
P 63 117 255 0 0
P 64 117 255 0 0
P 65 117 255 0 0
P 66 117 255 0 0
P 67 117 255 0 0
P 68 117 255 0 0
P 69 117 255 0 0
P 70 117 255 0 0
P 71 117 255 0 0
P 72 117 255 0 0
P 73 117 255 0 0
P 74 117 255 0 0
P 75 117 255 0 0
P 76 117 255 0 0
P 77 117 255 0 0
P 78 117 255 0 0
P 79 117 255 0 0
P 80 117 255 0 0
P 81 117 255 0 0
P 82 117 255 0 0
P 83 117 255 0 0
P 84 117 255 0 0
P 85 117 255 0 0
P 86 117 255 0 0
P 87 117 255 0 0
P 88 117 255 0 0
P 89 117 255 0 0
P 90 117 255 0 0
P 91 117 255 0 0
P 92 117 255 0 0
P 93 117 255 0 0
P 94 117 255 0 0
P 95 117 255 0 0
P 96 117 255 0 0
P 97 117 255 0 0
P 98 117 255 0 0
P 99 117 255 0 0
P 100 117 255 0 0
P 101 117 255 0 0
P 102 117 255 0 0
P 103 117 255 0 0
P 104 117 255 0 0
P 105 117 255 0 0
P 106 117 255 0 0
P 107 117 255 0 0
P 108 117 255 0 0
P 109 117 255 0 0
P 110 117 255 0 0
P 111 117 255 0 0
P 112 117 255 0 0
P 113 117 255 0 0
P 114 117 255 0 0
P 115 117 255 0 0
P 116 117 255 0 0
P 117 117 255 0 0
P 118 117 255 0 0
P 119 117 255 0 0
P 120 117 255 0 0
P 121 117 255 0 0
P 122 117 255 0 0
P 123 117 255 0 0
P 124 117 255 0 0
P 125 117 255 0 0
P 126 117 255 0 0
P 127 117 255 0 0
P 128 117 255 0 0
P 129 117 0 255 0
P 130 117 0 255 0
P 131 117 0 255 0
P 132 117 0 255 0
P 133 117 0 255 0
P 134 117 0 255 0
P 135 117 0 255 0
P 136 117 0 255 0
P 137 117 0 255 0
P 138 117 0 255 0
P 139 117 0 255 0
P 140 117 0 255 0
P 141 117 0 255 0
P 142 117 0 255 0
P 143 117 0 255 0
P 144 117 0 255 0
P 145 117 0 255 0
P 146 117 0 255 0
P 147 117 0 255 0
P 148 117 0 255 0
P 149 117 0 255 0
P 150 117 0 255 0
P 151 117 0 255 0
P 152 117 0 255 0
P 153 117 0 255 0
P 154 117 0 255 0
P 155 117 0 255 0
P 156 117 0 255 0
P 157 117 0 255 0
P 158 117 0 255 0
P 159 117 0 255 0
P 160 117 0 255 0
P 161 117 0 255 0
P 162 117 0 255 0
P 163 117 0 255 0
P 164 117 0 255 0
P 165 117 0 255 0
P 166 117 0 255 0
P 167 117 0 255 0
P 168 117 0 255 0
P 169 117 0 255 0
P 170 117 0 255 0
P 171 117 0 255 0
P 172 117 0 255 0
P 173 117 0 255 0
P 174 117 0 255 0
P 175 117 0 255 0
P 176 117 0 255 0
P 177 117 0 255 0
P 178 117 0 255 0
P 179 117 0 255 0
P 180 117 0 255 0
P 181 117 0 255 0
P 182 117 0 255 0
P 183 117 0 255 0
P 184 117 0 255 0
P 185 117 0 255 0
P 186 117 0 255 0
P 187 117 0 255 0
P 188 117 0 255 0
P 189 117 0 255 0
P 190 117 0 255 0
P 191 117 0 255 0
P 192 117 0 255 0
P 193 117 0 255 0
P 194 117 0 255 0
P 195 117 0 255 0
P 196 117 0 255 0
P 197 117 0 255 0
P 198 117 0 255 0
P 199 117 0 255 0
P 40 118 255 0 0
P 41 118 255 0 0
P 42 118 255 0 0
P 43 118 255 0 0
P 44 118 255 0 0
P 45 118 255 0 0
P 46 118 255 0 0
P 47 118 255 0 0
P 48 118 255 0 0
P 49 118 255 0 0
P 50 118 255 0 0
P 51 118 255 0 0
P 52 118 255 0 0
P 53 118 255 0 0
P 54 118 255 0 0
P 55 118 255 0 0
P 56 118 255 0 0
P 57 118 255 0 0
P 58 118 255 0 0
P 59 118 255 0 0
P 60 118 255 0 0
P 61 118 255 0 0
P 62 118 255 0 0
P 63 118 255 0 0
P 64 118 255 0 0
P 65 118 255 0 0
P 66 118 255 0 0
P 67 118 255 0 0
P 68 118 255 0 0
P 69 118 255 0 0
P 70 118 255 0 0
P 71 118 255 0 0
P 72 118 255 0 0
P 73 118 255 0 0
P 74 118 255 0 0
P 75 118 255 0 0
P 76 118 255 0 0
P 77 118 255 0 0
P 78 118 255 0 0
P 79 118 255 0 0
P 80 118 255 0 0
P 81 118 255 0 0
P 82 118 255 0 0
P 83 118 255 0 0
P 84 118 255 0 0
P 85 118 255 0 0
P 86 118 255 0 0
P 87 118 255 0 0
P 88 118 255 0 0
P 89 118 255 0 0
P 90 118 255 0 0
P 91 118 255 0 0
P 92 118 255 0 0
P 93 118 255 0 0
P 94 118 255 0 0
P 95 118 255 0 0
P 96 118 255 0 0
P 97 118 255 0 0
P 98 118 255 0 0
P 99 118 255 0 0
P 100 118 255 0 0
P 101 118 255 0 0
P 102 118 255 0 0
P 103 118 255 0 0
P 104 118 255 0 0
P 105 118 255 0 0
P 106 118 255 0 0
P 107 118 255 0 0
P 108 118 255 0 0
P 109 118 255 0 0
P 110 118 255 0 0
P 111 118 255 0 0
P 112 118 255 0 0
P 113 118 255 0 0
P 114 118 255 0 0
P 115 118 255 0 0
P 116 118 255 0 0
P 117 118 255 0 0
P 118 118 255 0 0
P 119 118 255 0 0
P 120 118 255 0 0
P 121 118 255 0 0
P 122 118 255 0 0
P 123 118 255 0 0
P 124 118 255 0 0
P 125 118 255 0 0
P 126 118 255 0 0
P 127 118 255 0 0
P 128 118 255 0 0
P 129 118 255 0 0
P 130 118 0 255 0
P 131 118 0 255 0
P 132 118 0 255 0
P 133 118 0 255 0
P 134 118 0 255 0
P 135 118 0 255 0
P 136 118 0 255 0
P 137 118 0 255 0
P 138 118 0 255 0
P 139 118 0 255 0
P 140 118 0 255 0
P 141 118 0 255 0
P 142 118 0 255 0
P 143 118 0 255 0
P 144 118 0 255 0
P 145 118 0 255 0
P 146 118 0 255 0
P 147 118 0 255 0
P 148 118 0 255 0
P 149 118 0 255 0
P 150 118 0 255 0
P 151 118 0 255 0
P 152 118 0 255 0
P 153 118 0 255 0
P 154 118 0 255 0
P 155 118 0 255 0
P 156 118 0 255 0
P 157 118 0 255 0
P 158 118 0 255 0
P 159 118 0 255 0
P 160 118 0 255 0
P 161 118 0 255 0
P 162 118 0 255 0
P 163 118 0 255 0
P 164 118 0 255 0
P 165 118 0 255 0
P 166 118 0 255 0
P 167 118 0 255 0
P 168 118 0 255 0
P 169 118 0 255 0
P 170 118 0 255 0
P 171 118 0 255 0
P 172 118 0 255 0
P 173 118 0 255 0
P 174 118 0 255 0
P 175 118 0 255 0
P 176 118 0 255 0
P 177 118 0 255 0
P 178 118 0 255 0
P 179 118 0 255 0
P 180 118 0 255 0
P 181 118 0 255 0
P 182 118 0 255 0
P 183 118 0 255 0
P 184 118 0 255 0
P 185 118 0 255 0
P 186 118 0 255 0
P 187 118 0 255 0
P 188 118 0 255 0
P 189 118 0 255 0
P 190 118 0 255 0
P 191 118 0 255 0
P 192 118 0 255 0
P 193 118 0 255 0
P 194 118 0 255 0
P 195 118 0 255 0
P 196 118 0 255 0
P 197 118 0 255 0
P 198 118 0 255 0
P 199 118 0 255 0
P 40 119 255 0 0
P 41 119 255 0 0
P 42 119 255 0 0
P 43 119 255 0 0
P 44 119 255 0 0
P 45 119 255 0 0
P 46 119 255 0 0
P 47 119 255 0 0
P 48 119 255 0 0
P 49 119 255 0 0
P 50 119 255 0 0
P 51 119 255 0 0
P 52 119 255 0 0
P 53 119 255 0 0
P 54 119 255 0 0
P 55 119 255 0 0
P 56 119 255 0 0
P 57 119 255 0 0
P 58 119 255 0 0
P 59 119 255 0 0
P 60 119 255 0 0
P 61 119 255 0 0
P 62 119 255 0 0
P 63 119 255 0 0
P 64 119 255 0 0
P 65 119 255 0 0
P 66 119 255 0 0
P 67 119 255 0 0
P 68 119 255 0 0
P 69 119 255 0 0
P 70 119 255 0 0
P 71 119 255 0 0
P 72 119 255 0 0
P 73 119 255 0 0
P 74 119 255 0 0
P 75 119 255 0 0
P 76 119 255 0 0
P 77 119 255 0 0
P 78 119 255 0 0
P 79 119 255 0 0
P 80 119 255 0 0
P 81 119 255 0 0
P 82 119 255 0 0
P 83 119 255 0 0
P 84 119 255 0 0
P 85 119 255 0 0
P 86 119 255 0 0
P 87 119 255 0 0
P 88 119 255 0 0
P 89 119 255 0 0
P 90 119 255 0 0
P 91 119 255 0 0
P 92 119 255 0 0
P 93 119 255 0 0
P 94 119 255 0 0
P 95 119 255 0 0
P 96 119 255 0 0
P 97 119 255 0 0
P 98 119 255 0 0
P 99 119 255 0 0
P 100 119 255 0 0
P 101 119 255 0 0
P 102 119 255 0 0
P 103 119 255 0 0
P 104 119 255 0 0
P 105 119 255 0 0
P 106 119 255 0 0
P 107 119 255 0 0
P 108 119 255 0 0
P 109 119 255 0 0
P 110 119 255 0 0
P 111 119 255 0 0
P 112 119 255 0 0
P 113 119 255 0 0
P 114 119 255 0 0
P 115 119 255 0 0
P 116 119 255 0 0
P 117 119 255 0 0
P 118 119 255 0 0
P 119 119 255 0 0
P 120 119 255 0 0
P 121 119 255 0 0
P 122 119 255 0 0
P 123 119 255 0 0
P 124 119 255 0 0
P 125 119 255 0 0
P 126 119 255 0 0
P 127 119 255 0 0
P 128 119 255 0 0
P 129 119 255 0 0
P 130 119 255 0 0
P 131 119 0 255 0
P 132 119 0 255 0
P 133 119 0 255 0
P 134 119 0 255 0
P 135 119 0 255 0
P 136 119 0 255 0
P 137 119 0 255 0
P 138 119 0 255 0
P 139 119 0 255 0
P 140 119 0 255 0
P 141 119 0 255 0
P 142 119 0 255 0
P 143 119 0 255 0
P 144 119 0 255 0
P 145 119 0 255 0
P 146 119 0 255 0
P 147 119 0 255 0
P 148 119 0 255 0
P 149 119 0 255 0
P 150 119 0 255 0
P 151 119 0 255 0
P 152 119 0 255 0
P 153 119 0 255 0
P 154 119 0 255 0
P 155 119 0 255 0
P 156 119 0 255 0
P 157 119 0 255 0
P 158 119 0 255 0
P 159 119 0 255 0
P 160 119 0 255 0
P 161 119 0 255 0
P 162 119 0 255 0
P 163 119 0 255 0
P 164 119 0 255 0
P 165 119 0 255 0
P 166 119 0 255 0
P 167 119 0 255 0
P 168 119 0 255 0
P 169 119 0 255 0
P 170 119 0 255 0
P 171 119 0 255 0
P 172 119 0 255 0
P 173 119 0 255 0
P 174 119 0 255 0
P 175 119 0 255 0
P 176 119 0 255 0
P 177 119 0 255 0
P 178 119 0 255 0
P 179 119 0 255 0
P 180 119 0 255 0
P 181 119 0 255 0
P 182 119 0 255 0
P 183 119 0 255 0
P 184 119 0 255 0
P 185 119 0 255 0
P 186 119 0 255 0
P 187 119 0 255 0
P 188 119 0 255 0
P 189 119 0 255 0
P 190 119 0 255 0
P 191 119 0 255 0
P 192 119 0 255 0
P 193 119 0 255 0
P 194 119 0 255 0
P 195 119 0 255 0
P 196 119 0 255 0
P 197 119 0 255 0
P 198 119 0 255 0
P 199 119 0 255 0
P 40 120 255 0 0
P 41 120 255 0 0
P 42 120 255 0 0
P 43 120 255 0 0
P 44 120 255 0 0
P 45 120 255 0 0
P 46 120 255 0 0
P 47 120 255 0 0
P 48 120 255 0 0
P 49 120 255 0 0
P 50 120 255 0 0
P 51 120 255 0 0
P 52 120 255 0 0
P 53 120 255 0 0
P 54 120 255 0 0
P 55 120 255 0 0
P 56 120 255 0 0
P 57 120 255 0 0
P 58 120 255 0 0
P 59 120 255 0 0
P 60 120 255 0 0
P 61 120 255 0 0
P 62 120 255 0 0
P 63 120 255 0 0
P 64 120 255 0 0
P 65 120 255 0 0
P 66 120 255 0 0
P 67 120 255 0 0
P 68 120 255 0 0
P 69 120 255 0 0
P 70 120 255 0 0
P 71 120 255 0 0
P 72 120 255 0 0
P 73 120 255 0 0
P 74 120 255 0 0
P 75 120 255 0 0
P 76 120 255 0 0
P 77 120 255 0 0
P 78 120 255 0 0
P 79 120 255 0 0
P 80 120 255 0 0
P 81 120 255 0 0
P 82 120 255 0 0
P 83 120 255 0 0
P 84 120 255 0 0
P 85 120 255 0 0
P 86 120 255 0 0
P 87 120 255 0 0
P 88 120 255 0 0
P 89 120 255 0 0
P 90 120 255 0 0
P 91 120 255 0 0
P 92 120 255 0 0
P 93 120 255 0 0
P 94 120 255 0 0
P 95 120 255 0 0
P 96 120 255 0 0
P 97 120 255 0 0
P 98 120 255 0 0
P 99 120 255 0 0
P 100 120 255 0 0
P 101 120 255 0 0
P 102 120 255 0 0
P 103 120 255 0 0
P 104 120 255 0 0
P 105 120 255 0 0
P 106 120 255 0 0
P 107 120 255 0 0
P 108 120 255 0 0
P 109 120 255 0 0
P 110 120 255 0 0
P 111 120 255 0 0
P 112 120 255 0 0
P 113 120 255 0 0
P 114 120 255 0 0
P 115 120 255 0 0
P 116 120 255 0 0
P 117 120 255 0 0
P 118 120 255 0 0
P 119 120 255 0 0
P 120 120 255 0 0
P 121 120 255 0 0
P 122 120 255 0 0
P 123 120 255 0 0
P 124 120 255 0 0
P 125 120 255 0 0
P 126 120 255 0 0
P 127 120 255 0 0
P 128 120 255 0 0
P 129 120 255 0 0
P 130 120 255 0 0
P 131 120 255 0 0
P 132 120 0 255 0
P 133 120 0 255 0
P 134 120 0 255 0
P 135 120 0 255 0
P 136 120 0 255 0
P 137 120 0 255 0
P 138 120 0 255 0
P 139 120 0 255 0
P 140 120 0 255 0
P 141 120 0 255 0
P 142 120 0 255 0
P 143 120 0 255 0
P 144 120 0 255 0
P 145 120 0 255 0
P 146 120 0 255 0
P 147 120 0 255 0
P 148 120 0 255 0
P 149 120 0 255 0
P 150 120 0 255 0
P 151 120 0 255 0
P 152 120 0 255 0
P 153 120 0 255 0
P 154 120 0 255 0
P 155 120 0 255 0
P 156 120 0 255 0
P 157 120 0 255 0
P 158 120 0 255 0
P 159 120 0 255 0
P 160 120 0 255 0
P 161 120 0 255 0
P 162 120 0 255 0
P 163 120 0 255 0
P 164 120 0 255 0
P 165 120 0 255 0
P 166 120 0 255 0
P 167 120 0 255 0
P 168 120 0 255 0
P 169 120 0 255 0
P 170 120 0 255 0
P 171 120 0 255 0
P 172 120 0 255 0
P 173 120 0 255 0
P 174 120 0 255 0
P 175 120 0 255 0
P 176 120 0 255 0
P 177 120 0 255 0
P 178 120 0 255 0
P 179 120 0 255 0
P 180 120 0 255 0
P 181 120 0 255 0
P 182 120 0 255 0
P 183 120 0 255 0
P 184 120 0 255 0
P 185 120 0 255 0
P 186 120 0 255 0
P 187 120 0 255 0
P 188 120 0 255 0
P 189 120 0 255 0
P 190 120 0 255 0
P 191 120 0 255 0
P 192 120 0 255 0
P 193 120 0 255 0
P 194 120 0 255 0
P 195 120 0 255 0
P 196 120 0 255 0
P 197 120 0 255 0
P 198 120 0 255 0
P 199 120 0 255 0
P 40 121 255 0 0
P 41 121 255 0 0
P 42 121 255 0 0
P 43 121 255 0 0
P 44 121 255 0 0
P 45 121 255 0 0
P 46 121 255 0 0
P 47 121 255 0 0
P 48 121 255 0 0
P 49 121 255 0 0
P 50 121 255 0 0
P 51 121 255 0 0
P 52 121 255 0 0
P 53 121 255 0 0
P 54 121 255 0 0
P 55 121 255 0 0
P 56 121 255 0 0
P 57 121 255 0 0
P 58 121 255 0 0
P 59 121 255 0 0
P 60 121 255 0 0
P 61 121 255 0 0
P 62 121 255 0 0
P 63 121 255 0 0
P 64 121 255 0 0
P 65 121 255 0 0
P 66 121 255 0 0
P 67 121 255 0 0
P 68 121 255 0 0
P 69 121 255 0 0
P 70 121 255 0 0
P 71 121 255 0 0
P 72 121 255 0 0
P 73 121 255 0 0
P 74 121 255 0 0
P 75 121 255 0 0
P 76 121 255 0 0
P 77 121 255 0 0
P 78 121 255 0 0
P 79 121 255 0 0
P 80 121 255 0 0
P 81 121 255 0 0
P 82 121 255 0 0
P 83 121 255 0 0
P 84 121 255 0 0
P 85 121 255 0 0
P 86 121 255 0 0
P 87 121 255 0 0
P 88 121 255 0 0
P 89 121 255 0 0
P 90 121 255 0 0
P 91 121 255 0 0
P 92 121 255 0 0
P 93 121 255 0 0
P 94 121 255 0 0
P 95 121 255 0 0
P 96 121 255 0 0
P 97 121 255 0 0
P 98 121 255 0 0
P 99 121 255 0 0
P 100 121 255 0 0
P 101 121 255 0 0
P 102 121 255 0 0
P 103 121 255 0 0
P 104 121 255 0 0
P 105 121 255 0 0
P 106 121 255 0 0
P 107 121 255 0 0
P 108 121 255 0 0
P 109 121 255 0 0
P 110 121 255 0 0
P 111 121 255 0 0
P 112 121 255 0 0
P 113 121 255 0 0
P 114 121 255 0 0
P 115 121 255 0 0
P 116 121 255 0 0
P 117 121 255 0 0
P 118 121 255 0 0
P 119 121 255 0 0
P 120 121 255 0 0
P 121 121 255 0 0
P 122 121 255 0 0
P 123 121 255 0 0
P 124 121 255 0 0
P 125 121 255 0 0
P 126 121 255 0 0
P 127 121 255 0 0
P 128 121 255 0 0
P 129 121 255 0 0
P 130 121 255 0 0
P 131 121 255 0 0
P 132 121 255 0 0
P 133 121 0 255 0
P 134 121 0 255 0
P 135 121 0 255 0
P 136 121 0 255 0
P 137 121 0 255 0
P 138 121 0 255 0
P 139 121 0 255 0
P 140 121 0 255 0
P 141 121 0 255 0
P 142 121 0 255 0
P 143 121 0 255 0
P 144 121 0 255 0
P 145 121 0 255 0
P 146 121 0 255 0
P 147 121 0 255 0
P 148 121 0 255 0
P 149 121 0 255 0
P 150 121 0 255 0
P 151 121 0 255 0
P 152 121 0 255 0
P 153 121 0 255 0
P 154 121 0 255 0
P 155 121 0 255 0
P 156 121 0 255 0
P 157 121 0 255 0
P 158 121 0 255 0
P 159 121 0 255 0
P 160 121 0 255 0
P 161 121 0 255 0
P 162 121 0 255 0
P 163 121 0 255 0
P 164 121 0 255 0
P 165 121 0 255 0
P 166 121 0 255 0
P 167 121 0 255 0
P 168 121 0 255 0
P 169 121 0 255 0
P 170 121 0 255 0
P 171 121 0 255 0
P 172 121 0 255 0
P 173 121 0 255 0
P 174 121 0 255 0
P 175 121 0 255 0
P 176 121 0 255 0
P 177 121 0 255 0
P 178 121 0 255 0
P 179 121 0 255 0
P 180 121 0 255 0
P 181 121 0 255 0
P 182 121 0 255 0
P 183 121 0 255 0
P 184 121 0 255 0
P 185 121 0 255 0
P 186 121 0 255 0
P 187 121 0 255 0
P 188 121 0 255 0
P 189 121 0 255 0
P 190 121 0 255 0
P 191 121 0 255 0
P 192 121 0 255 0
P 193 121 0 255 0
P 194 121 0 255 0
P 195 121 0 255 0
P 196 121 0 255 0
P 197 121 0 255 0
P 198 121 0 255 0
P 199 121 0 255 0
P 40 122 255 0 0
P 41 122 255 0 0
P 42 122 255 0 0
P 43 122 255 0 0
P 44 122 255 0 0
P 45 122 255 0 0
P 46 122 255 0 0
P 47 122 255 0 0
P 48 122 255 0 0
P 49 122 255 0 0
P 50 122 255 0 0
P 51 122 255 0 0
P 52 122 255 0 0
P 53 122 255 0 0
P 54 122 255 0 0
P 55 122 255 0 0
P 56 122 255 0 0
P 57 122 255 0 0
P 58 122 255 0 0
P 59 122 255 0 0
P 60 122 255 0 0
P 61 122 255 0 0
P 62 122 255 0 0
P 63 122 255 0 0
P 64 122 255 0 0
P 65 122 255 0 0
P 66 122 255 0 0
P 67 122 255 0 0
P 68 122 255 0 0
P 69 122 255 0 0
P 70 122 255 0 0
P 71 122 255 0 0
P 72 122 255 0 0
P 73 122 255 0 0
P 74 122 255 0 0
P 75 122 255 0 0
P 76 122 255 0 0
P 77 122 255 0 0
P 78 122 255 0 0
P 79 122 255 0 0
P 80 122 255 0 0
P 81 122 255 0 0
P 82 122 255 0 0
P 83 122 255 0 0
P 84 122 255 0 0
P 85 122 255 0 0
P 86 122 255 0 0
P 87 122 255 0 0
P 88 122 255 0 0
P 89 122 255 0 0
P 90 122 255 0 0
P 91 122 255 0 0
P 92 122 255 0 0
P 93 122 255 0 0
P 94 122 255 0 0
P 95 122 255 0 0
P 96 122 255 0 0
P 97 122 255 0 0
P 98 122 255 0 0
P 99 122 255 0 0
P 100 122 255 0 0
P 101 122 255 0 0
P 102 122 255 0 0
P 103 122 255 0 0
P 104 122 255 0 0
P 105 122 255 0 0
P 106 122 255 0 0
P 107 122 255 0 0
P 108 122 255 0 0
P 109 122 255 0 0
P 110 122 255 0 0
P 111 122 255 0 0
P 112 122 255 0 0
P 113 122 255 0 0
P 114 122 255 0 0
P 115 122 255 0 0
P 116 122 255 0 0
P 117 122 255 0 0
P 118 122 255 0 0
P 119 122 255 0 0
P 120 122 255 0 0
P 121 122 255 0 0
P 122 122 255 0 0
P 123 122 255 0 0
P 124 122 255 0 0
P 125 122 255 0 0
P 126 122 255 0 0
P 127 122 255 0 0
P 128 122 255 0 0
P 129 122 255 0 0
P 130 122 255 0 0
P 131 122 255 0 0
P 132 122 255 0 0
P 133 122 255 0 0
P 134 122 0 255 0
P 135 122 0 255 0
P 136 122 0 255 0
P 137 122 0 255 0
P 138 122 0 255 0
P 139 122 0 255 0
P 140 122 0 255 0
P 141 122 0 255 0
P 142 122 0 255 0
P 143 122 0 255 0
P 144 122 0 255 0
P 145 122 0 255 0
P 146 122 0 255 0
P 147 122 0 255 0
P 148 122 0 255 0
P 149 122 0 255 0
P 150 122 0 255 0
P 151 122 0 255 0
P 152 122 0 255 0
P 153 122 0 255 0
P 154 122 0 255 0
P 155 122 0 255 0
P 156 122 0 255 0
P 157 122 0 255 0
P 158 122 0 255 0
P 159 122 0 255 0
P 160 122 0 255 0
P 161 122 0 255 0
P 162 122 0 255 0
P 163 122 0 255 0
P 164 122 0 255 0
P 165 122 0 255 0
P 166 122 0 255 0
P 167 122 0 255 0
P 168 122 0 255 0
P 169 122 0 255 0
P 170 122 0 255 0
P 171 122 0 255 0
P 172 122 0 255 0
P 173 122 0 255 0
P 174 122 0 255 0
P 175 122 0 255 0
P 176 122 0 255 0
P 177 122 0 255 0
P 178 122 0 255 0
P 179 122 0 255 0
P 180 122 0 255 0
P 181 122 0 255 0
P 182 122 0 255 0
P 183 122 0 255 0
P 184 122 0 255 0
P 185 122 0 255 0
P 186 122 0 255 0
P 187 122 0 255 0
P 188 122 0 255 0
P 189 122 0 255 0
P 190 122 0 255 0
P 191 122 0 255 0
P 192 122 0 255 0
P 193 122 0 255 0
P 194 122 0 255 0
P 195 122 0 255 0
P 196 122 0 255 0
P 197 122 0 255 0
P 198 122 0 255 0
P 199 122 0 255 0
P 40 123 255 0 0
P 41 123 255 0 0
P 42 123 255 0 0
P 43 123 255 0 0
P 44 123 255 0 0
P 45 123 255 0 0
P 46 123 255 0 0
P 47 123 255 0 0
P 48 123 255 0 0
P 49 123 255 0 0
P 50 123 255 0 0
P 51 123 255 0 0
P 52 123 255 0 0
P 53 123 255 0 0
P 54 123 255 0 0
P 55 123 255 0 0
P 56 123 255 0 0
P 57 123 255 0 0
P 58 123 255 0 0
P 59 123 255 0 0
P 60 123 255 0 0
P 61 123 255 0 0
P 62 123 255 0 0
P 63 123 255 0 0
P 64 123 255 0 0
P 65 123 255 0 0
P 66 123 255 0 0
P 67 123 255 0 0
P 68 123 255 0 0
P 69 123 255 0 0
P 70 123 255 0 0
P 71 123 255 0 0
P 72 123 255 0 0
P 73 123 255 0 0
P 74 123 255 0 0
P 75 123 255 0 0
P 76 123 255 0 0
P 77 123 255 0 0
P 78 123 255 0 0
P 79 123 255 0 0
P 80 123 255 0 0
P 81 123 255 0 0
P 82 123 255 0 0
P 83 123 255 0 0
P 84 123 255 0 0
P 85 123 255 0 0
P 86 123 255 0 0
P 87 123 255 0 0
P 88 123 255 0 0
P 89 123 255 0 0
P 90 123 255 0 0
P 91 123 255 0 0
P 92 123 255 0 0
P 93 123 255 0 0
P 94 123 255 0 0
P 95 123 255 0 0
P 96 123 255 0 0
P 97 123 255 0 0
P 98 123 255 0 0
P 99 123 255 0 0
P 100 123 255 0 0
P 101 123 255 0 0
P 102 123 255 0 0
P 103 123 255 0 0
P 104 123 255 0 0
P 105 123 255 0 0
P 106 123 255 0 0
P 107 123 255 0 0
P 108 123 255 0 0
P 109 123 255 0 0
P 110 123 255 0 0
P 111 123 255 0 0
P 112 123 255 0 0
P 113 123 255 0 0
P 114 123 255 0 0
P 115 123 255 0 0
P 116 123 255 0 0
P 117 123 255 0 0
P 118 123 255 0 0
P 119 123 255 0 0
P 120 123 255 0 0
P 121 123 255 0 0
P 122 123 255 0 0
P 123 123 255 0 0
P 124 123 255 0 0
P 125 123 255 0 0
P 126 123 255 0 0
P 127 123 255 0 0
P 128 123 255 0 0
P 129 123 255 0 0
P 130 123 255 0 0
P 131 123 255 0 0
P 132 123 255 0 0
P 133 123 255 0 0
P 134 123 255 0 0
P 135 123 0 255 0
P 136 123 0 255 0
P 137 123 0 255 0
P 138 123 0 255 0
P 139 123 0 255 0
P 140 123 0 255 0
P 141 123 0 255 0
P 142 123 0 255 0
P 143 123 0 255 0
P 144 123 0 255 0
P 145 123 0 255 0
P 146 123 0 255 0
P 147 123 0 255 0
P 148 123 0 255 0
P 149 123 0 255 0
P 150 123 0 255 0
P 151 123 0 255 0
P 152 123 0 255 0
P 153 123 0 255 0
P 154 123 0 255 0
P 155 123 0 255 0
P 156 123 0 255 0
P 157 123 0 255 0
P 158 123 0 255 0
P 159 123 0 255 0
P 160 123 0 255 0
P 161 123 0 255 0
P 162 123 0 255 0
P 163 123 0 255 0
P 164 123 0 255 0
P 165 123 0 255 0
P 166 123 0 255 0
P 167 123 0 255 0
P 168 123 0 255 0
P 169 123 0 255 0
P 170 123 0 255 0
P 171 123 0 255 0
P 172 123 0 255 0
P 173 123 0 255 0
P 174 123 0 255 0
P 175 123 0 255 0
P 176 123 0 255 0
P 177 123 0 255 0
P 178 123 0 255 0
P 179 123 0 255 0
P 180 123 0 255 0
P 181 123 0 255 0
P 182 123 0 255 0
P 183 123 0 255 0
P 184 123 0 255 0
P 185 123 0 255 0
P 186 123 0 255 0
P 187 123 0 255 0
P 188 123 0 255 0
P 189 123 0 255 0
P 190 123 0 255 0
P 191 123 0 255 0
P 192 123 0 255 0
P 193 123 0 255 0
P 194 123 0 255 0
P 195 123 0 255 0
P 196 123 0 255 0
P 197 123 0 255 0
P 198 123 0 255 0
P 199 123 0 255 0
P 40 124 255 0 0
P 41 124 255 0 0
P 42 124 255 0 0
P 43 124 255 0 0
P 44 124 255 0 0
P 45 124 255 0 0
P 46 124 255 0 0
P 47 124 255 0 0
P 48 124 255 0 0
P 49 124 255 0 0
P 50 124 255 0 0
P 51 124 255 0 0
P 52 124 255 0 0
P 53 124 255 0 0
P 54 124 255 0 0
P 55 124 255 0 0
P 56 124 255 0 0
P 57 124 255 0 0
P 58 124 255 0 0
P 59 124 255 0 0
P 60 124 255 0 0
P 61 124 255 0 0
P 62 124 255 0 0
P 63 124 255 0 0
P 64 124 255 0 0
P 65 124 255 0 0
P 66 124 255 0 0
P 67 124 255 0 0
P 68 124 255 0 0
P 69 124 255 0 0
P 70 124 255 0 0
P 71 124 255 0 0
P 72 124 255 0 0
P 73 124 255 0 0
P 74 124 255 0 0
P 75 124 255 0 0
P 76 124 255 0 0
P 77 124 255 0 0
P 78 124 255 0 0
P 79 124 255 0 0
P 80 124 255 0 0
P 81 124 255 0 0
P 82 124 255 0 0
P 83 124 255 0 0
P 84 124 255 0 0
P 85 124 255 0 0
P 86 124 255 0 0
P 87 124 255 0 0
P 88 124 255 0 0
P 89 124 255 0 0
P 90 124 255 0 0
P 91 124 255 0 0
P 92 124 255 0 0
P 93 124 255 0 0
P 94 124 255 0 0
P 95 124 255 0 0
P 96 124 255 0 0
P 97 124 255 0 0
P 98 124 255 0 0
P 99 124 255 0 0
P 100 124 255 0 0
P 101 124 255 0 0
P 102 124 255 0 0
P 103 124 255 0 0
P 104 124 255 0 0
P 105 124 255 0 0
P 106 124 255 0 0
P 107 124 255 0 0
P 108 124 255 0 0
P 109 124 255 0 0
P 110 124 255 0 0
P 111 124 255 0 0
P 112 124 255 0 0
P 113 124 255 0 0
P 114 124 255 0 0
P 115 124 255 0 0
P 116 124 255 0 0
P 117 124 255 0 0
P 118 124 255 0 0
P 119 124 255 0 0
P 120 124 255 0 0
P 121 124 255 0 0
P 122 124 255 0 0
P 123 124 255 0 0
P 124 124 255 0 0
P 125 124 255 0 0
P 126 124 255 0 0
P 127 124 255 0 0
P 128 124 255 0 0
P 129 124 255 0 0
P 130 124 255 0 0
P 131 124 255 0 0
P 132 124 255 0 0
P 133 124 255 0 0
P 134 124 255 0 0
P 135 124 255 0 0
P 136 124 255 0 0
P 137 124 0 255 0
P 138 124 0 255 0
P 139 124 0 255 0
P 140 124 0 255 0
P 141 124 0 255 0
P 142 124 0 255 0
P 143 124 0 255 0
P 144 124 0 255 0
P 145 124 0 255 0
P 146 124 0 255 0
P 147 124 0 255 0
P 148 124 0 255 0
P 149 124 0 255 0
P 150 124 0 255 0
P 151 124 0 255 0
P 152 124 0 255 0
P 153 124 0 255 0
P 154 124 0 255 0
P 155 124 0 255 0
P 156 124 0 255 0
P 157 124 0 255 0
P 158 124 0 255 0
P 159 124 0 255 0
P 160 124 0 255 0
P 161 124 0 255 0
P 162 124 0 255 0
P 163 124 0 255 0
P 164 124 0 255 0
P 165 124 0 255 0
P 166 124 0 255 0
P 167 124 0 255 0
P 168 124 0 255 0
P 169 124 0 255 0
P 170 124 0 255 0
P 171 124 0 255 0
P 172 124 0 255 0
P 173 124 0 255 0
P 174 124 0 255 0
P 175 124 0 255 0
P 176 124 0 255 0
P 177 124 0 255 0
P 178 124 0 255 0
P 179 124 0 255 0
P 180 124 0 255 0
P 181 124 0 255 0
P 182 124 0 255 0
P 183 124 0 255 0
P 184 124 0 255 0
P 185 124 0 255 0
P 186 124 0 255 0
P 187 124 0 255 0
P 188 124 0 255 0
P 189 124 0 255 0
P 190 124 0 255 0
P 191 124 0 255 0
P 192 124 0 255 0
P 193 124 0 255 0
P 194 124 0 255 0
P 195 124 0 255 0
P 196 124 0 255 0
P 197 124 0 255 0
P 198 124 0 255 0
P 199 124 0 255 0
P 40 125 255 0 0
P 41 125 255 0 0
P 42 125 255 0 0
P 43 125 255 0 0
P 44 125 255 0 0
P 45 125 255 0 0
P 46 125 255 0 0
P 47 125 255 0 0
P 48 125 255 0 0
P 49 125 255 0 0
P 50 125 255 0 0
P 51 125 255 0 0
P 52 125 255 0 0
P 53 125 255 0 0
P 54 125 255 0 0
P 55 125 255 0 0
P 56 125 255 0 0
P 57 125 255 0 0
P 58 125 255 0 0
P 59 125 255 0 0
P 60 125 255 0 0
P 61 125 255 0 0
P 62 125 255 0 0
P 63 125 255 0 0
P 64 125 255 0 0
P 65 125 255 0 0
P 66 125 255 0 0
P 67 125 255 0 0
P 68 125 255 0 0
P 69 125 255 0 0
P 70 125 255 0 0
P 71 125 255 0 0
P 72 125 255 0 0
P 73 125 255 0 0
P 74 125 255 0 0
P 75 125 255 0 0
P 76 125 255 0 0
P 77 125 255 0 0
P 78 125 255 0 0
P 79 125 255 0 0
P 80 125 255 0 0
P 81 125 255 0 0
P 82 125 255 0 0
P 83 125 255 0 0
P 84 125 255 0 0
P 85 125 255 0 0
P 86 125 255 0 0
P 87 125 255 0 0
P 88 125 255 0 0
P 89 125 255 0 0
P 90 125 255 0 0
P 91 125 255 0 0
P 92 125 255 0 0
P 93 125 255 0 0
P 94 125 255 0 0
P 95 125 255 0 0
P 96 125 255 0 0
P 97 125 255 0 0
P 98 125 255 0 0
P 99 125 255 0 0
P 100 125 255 0 0
P 101 125 255 0 0
P 102 125 255 0 0
P 103 125 255 0 0
P 104 125 255 0 0
P 105 125 255 0 0
P 106 125 255 0 0
P 107 125 255 0 0
P 108 125 255 0 0
P 109 125 255 0 0
P 110 125 255 0 0
P 111 125 255 0 0
P 112 125 255 0 0
P 113 125 255 0 0
P 114 125 255 0 0
P 115 125 255 0 0
P 116 125 255 0 0
P 117 125 255 0 0
P 118 125 255 0 0
P 119 125 255 0 0
P 120 125 255 0 0
P 121 125 255 0 0
P 122 125 255 0 0
P 123 125 255 0 0
P 124 125 255 0 0
P 125 125 255 0 0
P 126 125 255 0 0
P 127 125 255 0 0
P 128 125 255 0 0
P 129 125 255 0 0
P 130 125 255 0 0
P 131 125 255 0 0
P 132 125 255 0 0
P 133 125 255 0 0
P 134 125 255 0 0
P 135 125 255 0 0
P 136 125 255 0 0
P 137 125 255 0 0
P 138 125 0 255 0
P 139 125 0 255 0
P 140 125 0 255 0
P 141 125 0 255 0
P 142 125 0 255 0
P 143 125 0 255 0
P 144 125 0 255 0
P 145 125 0 255 0
P 146 125 0 255 0
P 147 125 0 255 0
P 148 125 0 255 0
P 149 125 0 255 0
P 150 125 0 255 0
P 151 125 0 255 0
P 152 125 0 255 0
P 153 125 0 255 0
P 154 125 0 255 0
P 155 125 0 255 0
P 156 125 0 255 0
P 157 125 0 255 0
P 158 125 0 255 0
P 159 125 0 255 0
P 160 125 0 255 0
P 161 125 0 255 0
P 162 125 0 255 0
P 163 125 0 255 0
P 164 125 0 255 0
P 165 125 0 255 0
P 166 125 0 255 0
P 167 125 0 255 0
P 168 125 0 255 0
P 169 125 0 255 0
P 170 125 0 255 0
P 171 125 0 255 0
P 172 125 0 255 0
P 173 125 0 255 0
P 174 125 0 255 0
P 175 125 0 255 0
P 176 125 0 255 0
P 177 125 0 255 0
P 178 125 0 255 0
P 179 125 0 255 0
P 180 125 0 255 0
P 181 125 0 255 0
P 182 125 0 255 0
P 183 125 0 255 0
P 184 125 0 255 0
P 185 125 0 255 0
P 186 125 0 255 0
P 187 125 0 255 0
P 188 125 0 255 0
P 189 125 0 255 0
P 190 125 0 255 0
P 191 125 0 255 0
P 192 125 0 255 0
P 193 125 0 255 0
P 194 125 0 255 0
P 195 125 0 255 0
P 196 125 0 255 0
P 197 125 0 255 0
P 198 125 0 255 0
P 199 125 0 255 0
P 40 126 255 0 0
P 41 126 255 0 0
P 42 126 255 0 0
P 43 126 255 0 0
P 44 126 255 0 0
P 45 126 255 0 0
P 46 126 255 0 0
P 47 126 255 0 0
P 48 126 255 0 0
P 49 126 255 0 0
P 50 126 255 0 0
P 51 126 255 0 0
P 52 126 255 0 0
P 53 126 255 0 0
P 54 126 255 0 0
P 55 126 255 0 0
P 56 126 255 0 0
P 57 126 255 0 0
P 58 126 255 0 0
P 59 126 255 0 0
P 60 126 255 0 0
P 61 126 255 0 0
P 62 126 255 0 0
P 63 126 255 0 0
P 64 126 255 0 0
P 65 126 255 0 0
P 66 126 255 0 0
P 67 126 255 0 0
P 68 126 255 0 0
P 69 126 255 0 0
P 70 126 255 0 0
P 71 126 255 0 0
P 72 126 255 0 0
P 73 126 255 0 0
P 74 126 255 0 0
P 75 126 255 0 0
P 76 126 255 0 0
P 77 126 255 0 0
P 78 126 255 0 0
P 79 126 255 0 0
P 80 126 255 0 0
P 81 126 255 0 0
P 82 126 255 0 0
P 83 126 255 0 0
P 84 126 255 0 0
P 85 126 255 0 0
P 86 126 255 0 0
P 87 126 255 0 0
P 88 126 255 0 0
P 89 126 255 0 0
P 90 126 255 0 0
P 91 126 255 0 0
P 92 126 255 0 0
P 93 126 255 0 0
P 94 126 255 0 0
P 95 126 255 0 0
P 96 126 255 0 0
P 97 126 255 0 0
P 98 126 255 0 0
P 99 126 255 0 0
P 100 126 255 0 0
P 101 126 255 0 0
P 102 126 255 0 0
P 103 126 255 0 0
P 104 126 255 0 0
P 105 126 255 0 0
P 106 126 255 0 0
P 107 126 255 0 0
P 108 126 255 0 0
P 109 126 255 0 0
P 110 126 255 0 0
P 111 126 255 0 0
P 112 126 255 0 0
P 113 126 255 0 0
P 114 126 255 0 0
P 115 126 255 0 0
P 116 126 255 0 0
P 117 126 255 0 0
P 118 126 255 0 0
P 119 126 255 0 0
P 120 126 255 0 0
P 121 126 255 0 0
P 122 126 255 0 0
P 123 126 255 0 0
P 124 126 255 0 0
P 125 126 255 0 0
P 126 126 255 0 0
P 127 126 255 0 0
P 128 126 255 0 0
P 129 126 255 0 0
P 130 126 255 0 0
P 131 126 255 0 0
P 132 126 255 0 0
P 133 126 255 0 0
P 134 126 255 0 0
P 135 126 255 0 0
P 136 126 255 0 0
P 137 126 255 0 0
P 138 126 255 0 0
P 139 126 0 255 0
P 140 126 0 255 0
P 141 126 0 255 0
P 142 126 0 255 0
P 143 126 0 255 0
P 144 126 0 255 0
P 145 126 0 255 0
P 146 126 0 255 0
P 147 126 0 255 0
P 148 126 0 255 0
P 149 126 0 255 0
P 150 126 0 255 0
P 151 126 0 255 0
P 152 126 0 255 0
P 153 126 0 255 0
P 154 126 0 255 0
P 155 126 0 255 0
P 156 126 0 255 0
P 157 126 0 255 0
P 158 126 0 255 0
P 159 126 0 255 0
P 160 126 0 255 0
P 161 126 0 255 0
P 162 126 0 255 0
P 163 126 0 255 0
P 164 126 0 255 0
P 165 126 0 255 0
P 166 126 0 255 0
P 167 126 0 255 0
P 168 126 0 255 0
P 169 126 0 255 0
P 170 126 0 255 0
P 171 126 0 255 0
P 172 126 0 255 0
P 173 126 0 255 0
P 174 126 0 255 0
P 175 126 0 255 0
P 176 126 0 255 0
P 177 126 0 255 0
P 178 126 0 255 0
P 179 126 0 255 0
P 180 126 0 255 0
P 181 126 0 255 0
P 182 126 0 255 0
P 183 126 0 255 0
P 184 126 0 255 0
P 185 126 0 255 0
P 186 126 0 255 0
P 187 126 0 255 0
P 188 126 0 255 0
P 189 126 0 255 0
P 190 126 0 255 0
P 191 126 0 255 0
P 192 126 0 255 0
P 193 126 0 255 0
P 194 126 0 255 0
P 195 126 0 255 0
P 196 126 0 255 0
P 197 126 0 255 0
P 198 126 0 255 0
P 199 126 0 255 0
P 40 127 255 0 0
P 41 127 255 0 0
P 42 127 255 0 0
P 43 127 255 0 0
P 44 127 255 0 0
P 45 127 255 0 0
P 46 127 255 0 0
P 47 127 255 0 0
P 48 127 255 0 0
P 49 127 255 0 0
P 50 127 255 0 0
P 51 127 255 0 0
P 52 127 255 0 0
P 53 127 255 0 0
P 54 127 255 0 0
P 55 127 255 0 0
P 56 127 255 0 0
P 57 127 255 0 0
P 58 127 255 0 0
P 59 127 255 0 0
P 60 127 255 0 0
P 61 127 255 0 0
P 62 127 255 0 0
P 63 127 255 0 0
P 64 127 255 0 0
P 65 127 255 0 0
P 66 127 255 0 0
P 67 127 255 0 0
P 68 127 255 0 0
P 69 127 255 0 0
P 70 127 255 0 0
P 71 127 255 0 0
P 72 127 255 0 0
P 73 127 255 0 0
P 74 127 255 0 0
P 75 127 255 0 0
P 76 127 255 0 0
P 77 127 255 0 0
P 78 127 255 0 0
P 79 127 255 0 0
P 80 127 255 0 0
P 81 127 255 0 0
P 82 127 255 0 0
P 83 127 255 0 0
P 84 127 255 0 0
P 85 127 255 0 0
P 86 127 255 0 0
P 87 127 255 0 0
P 88 127 255 0 0
P 89 127 255 0 0
P 90 127 255 0 0
P 91 127 255 0 0
P 92 127 255 0 0
P 93 127 255 0 0
P 94 127 255 0 0
P 95 127 255 0 0
P 96 127 255 0 0
P 97 127 255 0 0
P 98 127 255 0 0
P 99 127 255 0 0
P 100 127 255 0 0
P 101 127 255 0 0
P 102 127 255 0 0
P 103 127 255 0 0
P 104 127 255 0 0
P 105 127 255 0 0
P 106 127 255 0 0
P 107 127 255 0 0
P 108 127 255 0 0
P 109 127 255 0 0
P 110 127 255 0 0
P 111 127 255 0 0
P 112 127 255 0 0
P 113 127 255 0 0
P 114 127 255 0 0
P 115 127 255 0 0
P 116 127 255 0 0
P 117 127 255 0 0
P 118 127 255 0 0
P 119 127 255 0 0
P 120 127 255 0 0
P 121 127 255 0 0
P 122 127 255 0 0
P 123 127 255 0 0
P 124 127 255 0 0
P 125 127 255 0 0
P 126 127 255 0 0
P 127 127 255 0 0
P 128 127 255 0 0
P 129 127 255 0 0
P 130 127 255 0 0
P 131 127 255 0 0
P 132 127 255 0 0
P 133 127 255 0 0
P 134 127 255 0 0
P 135 127 255 0 0
P 136 127 255 0 0
P 137 127 255 0 0
P 138 127 255 0 0
P 139 127 255 0 0
P 140 127 0 255 0
P 141 127 0 255 0
P 142 127 0 255 0
P 143 127 0 255 0
P 144 127 0 255 0
P 145 127 0 255 0
P 146 127 0 255 0
P 147 127 0 255 0
P 148 127 0 255 0
P 149 127 0 255 0
P 150 127 0 255 0
P 151 127 0 255 0
P 152 127 0 255 0
P 153 127 0 255 0
P 154 127 0 255 0
P 155 127 0 255 0
P 156 127 0 255 0
P 157 127 0 255 0
P 158 127 0 255 0
P 159 127 0 255 0
P 160 127 0 255 0
P 161 127 0 255 0
P 162 127 0 255 0
P 163 127 0 255 0
P 164 127 0 255 0
P 165 127 0 255 0
P 166 127 0 255 0
P 167 127 0 255 0
P 168 127 0 255 0
P 169 127 0 255 0
P 170 127 0 255 0
P 171 127 0 255 0
P 172 127 0 255 0
P 173 127 0 255 0
P 174 127 0 255 0
P 175 127 0 255 0
P 176 127 0 255 0
P 177 127 0 255 0
P 178 127 0 255 0
P 179 127 0 255 0
P 180 127 0 255 0
P 181 127 0 255 0
P 182 127 0 255 0
P 183 127 0 255 0
P 184 127 0 255 0
P 185 127 0 255 0
P 186 127 0 255 0
P 187 127 0 255 0
P 188 127 0 255 0
P 189 127 0 255 0
P 190 127 0 255 0
P 191 127 0 255 0
P 192 127 0 255 0
P 193 127 0 255 0
P 194 127 0 255 0
P 195 127 0 255 0
P 196 127 0 255 0
P 197 127 0 255 0
P 198 127 0 255 0
P 199 127 0 255 0
P 40 128 255 0 0
P 41 128 255 0 0
P 42 128 255 0 0
P 43 128 255 0 0
P 44 128 255 0 0
P 45 128 255 0 0
P 46 128 255 0 0
P 47 128 255 0 0
P 48 128 255 0 0
P 49 128 255 0 0
P 50 128 255 0 0
P 51 128 255 0 0
P 52 128 255 0 0
P 53 128 255 0 0
P 54 128 255 0 0
P 55 128 255 0 0
P 56 128 255 0 0
P 57 128 255 0 0
P 58 128 255 0 0
P 59 128 255 0 0
P 60 128 255 0 0
P 61 128 255 0 0
P 62 128 255 0 0
P 63 128 255 0 0
P 64 128 255 0 0
P 65 128 255 0 0
P 66 128 255 0 0
P 67 128 255 0 0
P 68 128 255 0 0
P 69 128 255 0 0
P 70 128 255 0 0
P 71 128 255 0 0
P 72 128 255 0 0
P 73 128 255 0 0
P 74 128 255 0 0
P 75 128 255 0 0
P 76 128 255 0 0
P 77 128 255 0 0
P 78 128 255 0 0
P 79 128 255 0 0
P 80 128 255 0 0
P 81 128 255 0 0
P 82 128 255 0 0
P 83 128 255 0 0
P 84 128 255 0 0
P 85 128 255 0 0
P 86 128 255 0 0
P 87 128 255 0 0
P 88 128 255 0 0
P 89 128 255 0 0
P 90 128 255 0 0
P 91 128 255 0 0
P 92 128 255 0 0
P 93 128 255 0 0
P 94 128 255 0 0
P 95 128 255 0 0
P 96 128 255 0 0
P 97 128 255 0 0
P 98 128 255 0 0
P 99 128 255 0 0
P 100 128 255 0 0
P 101 128 255 0 0
P 102 128 255 0 0
P 103 128 255 0 0
P 104 128 255 0 0
P 105 128 255 0 0
P 106 128 255 0 0
P 107 128 255 0 0
P 108 128 255 0 0
P 109 128 255 0 0
P 110 128 255 0 0
P 111 128 255 0 0
P 112 128 255 0 0
P 113 128 255 0 0
P 114 128 255 0 0
P 115 128 255 0 0
P 116 128 255 0 0
P 117 128 255 0 0
P 118 128 255 0 0
P 119 128 255 0 0
P 120 128 255 0 0
P 121 128 255 0 0
P 122 128 255 0 0
P 123 128 255 0 0
P 124 128 255 0 0
P 125 128 255 0 0
P 126 128 255 0 0
P 127 128 255 0 0
P 128 128 255 0 0
P 129 128 255 0 0
P 130 128 255 0 0
P 131 128 255 0 0
P 132 128 255 0 0
P 133 128 255 0 0
P 134 128 255 0 0
P 135 128 255 0 0
P 136 128 255 0 0
P 137 128 255 0 0
P 138 128 255 0 0
P 139 128 255 0 0
P 140 128 255 0 0
P 141 128 0 255 0
P 142 128 0 255 0
P 143 128 0 255 0
P 144 128 0 255 0
P 145 128 0 255 0
P 146 128 0 255 0
P 147 128 0 255 0
P 148 128 0 255 0
P 149 128 0 255 0
P 150 128 0 255 0
P 151 128 0 255 0
P 152 128 0 255 0
P 153 128 0 255 0
P 154 128 0 255 0
P 155 128 0 255 0
P 156 128 0 255 0
P 157 128 0 255 0
P 158 128 0 255 0
P 159 128 0 255 0
P 160 128 0 255 0
P 161 128 0 255 0
P 162 128 0 255 0
P 163 128 0 255 0
P 164 128 0 255 0
P 165 128 0 255 0
P 166 128 0 255 0
P 167 128 0 255 0
P 168 128 0 255 0
P 169 128 0 255 0
P 170 128 0 255 0
P 171 128 0 255 0
P 172 128 0 255 0
P 173 128 0 255 0
P 174 128 0 255 0
P 175 128 0 255 0
P 176 128 0 255 0
P 177 128 0 255 0
P 178 128 0 255 0
P 179 128 0 255 0
P 180 128 0 255 0
P 181 128 0 255 0
P 182 128 0 255 0
P 183 128 0 255 0
P 184 128 0 255 0
P 185 128 0 255 0
P 186 128 0 255 0
P 187 128 0 255 0
P 188 128 0 255 0
P 189 128 0 255 0
P 190 128 0 255 0
P 191 128 0 255 0
P 192 128 0 255 0
P 193 128 0 255 0
P 194 128 0 255 0
P 195 128 0 255 0
P 196 128 0 255 0
P 197 128 0 255 0
P 198 128 0 255 0
P 199 128 0 255 0
P 40 129 255 0 0
P 41 129 255 0 0
P 42 129 255 0 0
P 43 129 255 0 0
P 44 129 255 0 0
P 45 129 255 0 0
P 46 129 255 0 0
P 47 129 255 0 0
P 48 129 255 0 0
P 49 129 255 0 0
P 50 129 255 0 0
P 51 129 255 0 0
P 52 129 255 0 0
P 53 129 255 0 0
P 54 129 255 0 0
P 55 129 255 0 0
P 56 129 255 0 0
P 57 129 255 0 0
P 58 129 255 0 0
P 59 129 255 0 0
P 60 129 255 0 0
P 61 129 255 0 0
P 62 129 255 0 0
P 63 129 255 0 0
P 64 129 255 0 0
P 65 129 255 0 0
P 66 129 255 0 0
P 67 129 255 0 0
P 68 129 255 0 0
P 69 129 255 0 0
P 70 129 255 0 0
P 71 129 255 0 0
P 72 129 255 0 0
P 73 129 255 0 0
P 74 129 255 0 0
P 75 129 255 0 0
P 76 129 255 0 0
P 77 129 255 0 0
P 78 129 255 0 0
P 79 129 255 0 0
P 80 129 255 0 0
P 81 129 255 0 0
P 82 129 255 0 0
P 83 129 255 0 0
P 84 129 255 0 0
P 85 129 255 0 0
P 86 129 255 0 0
P 87 129 255 0 0
P 88 129 255 0 0
P 89 129 255 0 0
P 90 129 255 0 0
P 91 129 255 0 0
P 92 129 255 0 0
P 93 129 255 0 0
P 94 129 255 0 0
P 95 129 255 0 0
P 96 129 255 0 0
P 97 129 255 0 0
P 98 129 255 0 0
P 99 129 255 0 0
P 100 129 255 0 0
P 101 129 255 0 0
P 102 129 255 0 0
P 103 129 255 0 0
P 104 129 255 0 0
P 105 129 255 0 0
P 106 129 255 0 0
P 107 129 255 0 0
P 108 129 255 0 0
P 109 129 255 0 0
P 110 129 255 0 0
P 111 129 255 0 0
P 112 129 255 0 0
P 113 129 255 0 0
P 114 129 255 0 0
P 115 129 255 0 0
P 116 129 255 0 0
P 117 129 255 0 0
P 118 129 255 0 0
P 119 129 255 0 0
P 120 129 255 0 0
P 121 129 255 0 0
P 122 129 255 0 0
P 123 129 255 0 0
P 124 129 255 0 0
P 125 129 255 0 0
P 126 129 255 0 0
P 127 129 255 0 0
P 128 129 255 0 0
P 129 129 255 0 0
P 130 129 255 0 0
P 131 129 255 0 0
P 132 129 255 0 0
P 133 129 255 0 0
P 134 129 255 0 0
P 135 129 255 0 0
P 136 129 255 0 0
P 137 129 255 0 0
P 138 129 255 0 0
P 139 129 255 0 0
P 140 129 255 0 0
P 141 129 255 0 0
P 142 129 0 255 0
P 143 129 0 255 0
P 144 129 0 255 0
P 145 129 0 255 0
P 146 129 0 255 0
P 147 129 0 255 0
P 148 129 0 255 0
P 149 129 0 255 0
P 150 129 0 255 0
P 151 129 0 255 0
P 152 129 0 255 0
P 153 129 0 255 0
P 154 129 0 255 0
P 155 129 0 255 0
P 156 129 0 255 0
P 157 129 0 255 0
P 158 129 0 255 0
P 159 129 0 255 0
P 160 129 0 255 0
P 161 129 0 255 0
P 162 129 0 255 0
P 163 129 0 255 0
P 164 129 0 255 0
P 165 129 0 255 0
P 166 129 0 255 0
P 167 129 0 255 0
P 168 129 0 255 0
P 169 129 0 255 0
P 170 129 0 255 0
P 171 129 0 255 0
P 172 129 0 255 0
P 173 129 0 255 0
P 174 129 0 255 0
P 175 129 0 255 0
P 176 129 0 255 0
P 177 129 0 255 0
P 178 129 0 255 0
P 179 129 0 255 0
P 180 129 0 255 0
P 181 129 0 255 0
P 182 129 0 255 0
P 183 129 0 255 0
P 184 129 0 255 0
P 185 129 0 255 0
P 186 129 0 255 0
P 187 129 0 255 0
P 188 129 0 255 0
P 189 129 0 255 0
P 190 129 0 255 0
P 191 129 0 255 0
P 192 129 0 255 0
P 193 129 0 255 0
P 194 129 0 255 0
P 195 129 0 255 0
P 196 129 0 255 0
P 197 129 0 255 0
P 198 129 0 255 0
P 199 129 0 255 0
P 40 130 255 0 0
P 41 130 255 0 0
P 42 130 255 0 0
P 43 130 255 0 0
P 44 130 255 0 0
P 45 130 255 0 0
P 46 130 255 0 0
P 47 130 255 0 0
P 48 130 255 0 0
P 49 130 255 0 0
P 50 130 255 0 0
P 51 130 255 0 0
P 52 130 255 0 0
P 53 130 255 0 0
P 54 130 255 0 0
P 55 130 255 0 0
P 56 130 255 0 0
P 57 130 255 0 0
P 58 130 255 0 0
P 59 130 255 0 0
P 60 130 255 0 0
P 61 130 255 0 0
P 62 130 255 0 0
P 63 130 255 0 0
P 64 130 255 0 0
P 65 130 255 0 0
P 66 130 255 0 0
P 67 130 255 0 0
P 68 130 255 0 0
P 69 130 255 0 0
P 70 130 255 0 0
P 71 130 255 0 0
P 72 130 255 0 0
P 73 130 255 0 0
P 74 130 255 0 0
P 75 130 255 0 0
P 76 130 255 0 0
P 77 130 255 0 0
P 78 130 255 0 0
P 79 130 255 0 0
P 80 130 255 0 0
P 81 130 255 0 0
P 82 130 255 0 0
P 83 130 255 0 0
P 84 130 255 0 0
P 85 130 255 0 0
P 86 130 255 0 0
P 87 130 255 0 0
P 88 130 255 0 0
P 89 130 255 0 0
P 90 130 255 0 0
P 91 130 255 0 0
P 92 130 255 0 0
P 93 130 255 0 0
P 94 130 255 0 0
P 95 130 255 0 0
P 96 130 255 0 0
P 97 130 255 0 0
P 98 130 255 0 0
P 99 130 255 0 0
P 100 130 255 0 0
P 101 130 255 0 0
P 102 130 255 0 0
P 103 130 255 0 0
P 104 130 255 0 0
P 105 130 255 0 0
P 106 130 255 0 0
P 107 130 255 0 0
P 108 130 255 0 0
P 109 130 255 0 0
P 110 130 255 0 0
P 111 130 255 0 0
P 112 130 255 0 0
P 113 130 255 0 0
P 114 130 255 0 0
P 115 130 255 0 0
P 116 130 255 0 0
P 117 130 255 0 0
P 118 130 255 0 0
P 119 130 255 0 0
P 120 130 255 0 0
P 121 130 255 0 0
P 122 130 255 0 0
P 123 130 255 0 0
P 124 130 255 0 0
P 125 130 255 0 0
P 126 130 255 0 0
P 127 130 255 0 0
P 128 130 255 0 0
P 129 130 255 0 0
P 130 130 255 0 0
P 131 130 255 0 0
P 132 130 255 0 0
P 133 130 255 0 0
P 134 130 255 0 0
P 135 130 255 0 0
P 136 130 255 0 0
P 137 130 255 0 0
P 138 130 255 0 0
P 139 130 255 0 0
P 140 130 255 0 0
P 141 130 255 0 0
P 142 130 255 0 0
P 143 130 0 255 0
P 144 130 0 255 0
P 145 130 0 255 0
P 146 130 0 255 0
P 147 130 0 255 0
P 148 130 0 255 0
P 149 130 0 255 0
P 150 130 0 255 0
P 151 130 0 255 0
P 152 130 0 255 0
P 153 130 0 255 0
P 154 130 0 255 0
P 155 130 0 255 0
P 156 130 0 255 0
P 157 130 0 255 0
P 158 130 0 255 0
P 159 130 0 255 0
P 160 130 0 255 0
P 161 130 0 255 0
P 162 130 0 255 0
P 163 130 0 255 0
P 164 130 0 255 0
P 165 130 0 255 0
P 166 130 0 255 0
P 167 130 0 255 0
P 168 130 0 255 0
P 169 130 0 255 0
P 170 130 0 255 0
P 171 130 0 255 0
P 172 130 0 255 0
P 173 130 0 255 0
P 174 130 0 255 0
P 175 130 0 255 0
P 176 130 0 255 0
P 177 130 0 255 0
P 178 130 0 255 0
P 179 130 0 255 0
P 180 130 0 255 0
P 181 130 0 255 0
P 182 130 0 255 0
P 183 130 0 255 0
P 184 130 0 255 0
P 185 130 0 255 0
P 186 130 0 255 0
P 187 130 0 255 0
P 188 130 0 255 0
P 189 130 0 255 0
P 190 130 0 255 0
P 191 130 0 255 0
P 192 130 0 255 0
P 193 130 0 255 0
P 194 130 0 255 0
P 195 130 0 255 0
P 196 130 0 255 0
P 197 130 0 255 0
P 198 130 0 255 0
P 199 130 0 255 0
P 40 131 255 0 0
P 41 131 255 0 0
P 42 131 255 0 0
P 43 131 255 0 0
P 44 131 255 0 0
P 45 131 255 0 0
P 46 131 255 0 0
P 47 131 255 0 0
P 48 131 255 0 0
P 49 131 255 0 0
P 50 131 255 0 0
P 51 131 255 0 0
P 52 131 255 0 0
P 53 131 255 0 0
P 54 131 255 0 0
P 55 131 255 0 0
P 56 131 255 0 0
P 57 131 255 0 0
P 58 131 255 0 0
P 59 131 255 0 0
P 60 131 255 0 0
P 61 131 255 0 0
P 62 131 255 0 0
P 63 131 255 0 0
P 64 131 255 0 0
P 65 131 255 0 0
P 66 131 255 0 0
P 67 131 255 0 0
P 68 131 255 0 0
P 69 131 255 0 0
P 70 131 255 0 0
P 71 131 255 0 0
P 72 131 255 0 0
P 73 131 255 0 0
P 74 131 255 0 0
P 75 131 255 0 0
P 76 131 255 0 0
P 77 131 255 0 0
P 78 131 255 0 0
P 79 131 255 0 0
P 80 131 255 0 0
P 81 131 255 0 0
P 82 131 255 0 0
P 83 131 255 0 0
P 84 131 255 0 0
P 85 131 255 0 0
P 86 131 255 0 0
P 87 131 255 0 0
P 88 131 255 0 0
P 89 131 255 0 0
P 90 131 255 0 0
P 91 131 255 0 0
P 92 131 255 0 0
P 93 131 255 0 0
P 94 131 255 0 0
P 95 131 255 0 0
P 96 131 255 0 0
P 97 131 255 0 0
P 98 131 255 0 0
P 99 131 255 0 0
P 100 131 255 0 0
P 101 131 255 0 0
P 102 131 255 0 0
P 103 131 255 0 0
P 104 131 255 0 0
P 105 131 255 0 0
P 106 131 255 0 0
P 107 131 255 0 0
P 108 131 255 0 0
P 109 131 255 0 0
P 110 131 255 0 0
P 111 131 255 0 0
P 112 131 255 0 0
P 113 131 255 0 0
P 114 131 255 0 0
P 115 131 255 0 0
P 116 131 255 0 0
P 117 131 255 0 0
P 118 131 255 0 0
P 119 131 255 0 0
P 120 131 255 0 0
P 121 131 255 0 0
P 122 131 255 0 0
P 123 131 255 0 0
P 124 131 255 0 0
P 125 131 255 0 0
P 126 131 255 0 0
P 127 131 255 0 0
P 128 131 255 0 0
P 129 131 255 0 0
P 130 131 255 0 0
P 131 131 255 0 0
P 132 131 255 0 0
P 133 131 255 0 0
P 134 131 255 0 0
P 135 131 255 0 0
P 136 131 255 0 0
P 137 131 255 0 0
P 138 131 255 0 0
P 139 131 255 0 0
P 140 131 255 0 0
P 141 131 255 0 0
P 142 131 255 0 0
P 143 131 255 0 0
P 144 131 255 0 0
P 145 131 0 255 0
P 146 131 0 255 0
P 147 131 0 255 0
P 148 131 0 255 0
P 149 131 0 255 0
P 150 131 0 255 0
P 151 131 0 255 0
P 152 131 0 255 0
P 153 131 0 255 0
P 154 131 0 255 0
P 155 131 0 255 0
P 156 131 0 255 0
P 157 131 0 255 0
P 158 131 0 255 0
P 159 131 0 255 0
P 160 131 0 255 0
P 161 131 0 255 0
P 162 131 0 255 0
P 163 131 0 255 0
P 164 131 0 255 0
P 165 131 0 255 0
P 166 131 0 255 0
P 167 131 0 255 0
P 168 131 0 255 0
P 169 131 0 255 0
P 170 131 0 255 0
P 171 131 0 255 0
P 172 131 0 255 0
P 173 131 0 255 0
P 174 131 0 255 0
P 175 131 0 255 0
P 176 131 0 255 0
P 177 131 0 255 0
P 178 131 0 255 0
P 179 131 0 255 0
P 180 131 0 255 0
P 181 131 0 255 0
P 182 131 0 255 0
P 183 131 0 255 0
P 184 131 0 255 0
P 185 131 0 255 0
P 186 131 0 255 0
P 187 131 0 255 0
P 188 131 0 255 0
P 189 131 0 255 0
P 190 131 0 255 0
P 191 131 0 255 0
P 192 131 0 255 0
P 193 131 0 255 0
P 194 131 0 255 0
P 195 131 0 255 0
P 196 131 0 255 0
P 197 131 0 255 0
P 198 131 0 255 0
P 199 131 0 255 0
P 40 132 255 0 0
P 41 132 255 0 0
P 42 132 255 0 0
P 43 132 255 0 0
P 44 132 255 0 0
P 45 132 255 0 0
P 46 132 255 0 0
P 47 132 255 0 0
P 48 132 255 0 0
P 49 132 255 0 0
P 50 132 255 0 0
P 51 132 255 0 0
P 52 132 255 0 0
P 53 132 255 0 0
P 54 132 255 0 0
P 55 132 255 0 0
P 56 132 255 0 0
P 57 132 255 0 0
P 58 132 255 0 0
P 59 132 255 0 0
P 60 132 255 0 0
P 61 132 255 0 0
P 62 132 255 0 0
P 63 132 255 0 0
P 64 132 255 0 0
P 65 132 255 0 0
P 66 132 255 0 0
P 67 132 255 0 0
P 68 132 255 0 0
P 69 132 255 0 0
P 70 132 255 0 0
P 71 132 255 0 0
P 72 132 255 0 0
P 73 132 255 0 0
P 74 132 255 0 0
P 75 132 255 0 0
P 76 132 255 0 0
P 77 132 255 0 0
P 78 132 255 0 0
P 79 132 255 0 0
P 80 132 255 0 0
P 81 132 255 0 0
P 82 132 255 0 0
P 83 132 255 0 0
P 84 132 255 0 0
P 85 132 255 0 0
P 86 132 255 0 0
P 87 132 255 0 0
P 88 132 255 0 0
P 89 132 255 0 0
P 90 132 255 0 0
P 91 132 255 0 0
P 92 132 255 0 0
P 93 132 255 0 0
P 94 132 255 0 0
P 95 132 255 0 0
P 96 132 255 0 0
P 97 132 255 0 0
P 98 132 255 0 0
P 99 132 255 0 0
P 100 132 255 0 0
P 101 132 255 0 0
P 102 132 255 0 0
P 103 132 255 0 0
P 104 132 255 0 0
P 105 132 255 0 0
P 106 132 255 0 0
P 107 132 255 0 0
P 108 132 255 0 0
P 109 132 255 0 0
P 110 132 255 0 0
P 111 132 255 0 0
P 112 132 255 0 0
P 113 132 255 0 0
P 114 132 255 0 0
P 115 132 255 0 0
P 116 132 255 0 0
P 117 132 255 0 0
P 118 132 255 0 0
P 119 132 255 0 0
P 120 132 255 0 0
P 121 132 255 0 0
P 122 132 255 0 0
P 123 132 255 0 0
P 124 132 255 0 0
P 125 132 255 0 0
P 126 132 255 0 0
P 127 132 255 0 0
P 128 132 255 0 0
P 129 132 255 0 0
P 130 132 255 0 0
P 131 132 255 0 0
P 132 132 255 0 0
P 133 132 255 0 0
P 134 132 255 0 0
P 135 132 255 0 0
P 136 132 255 0 0
P 137 132 255 0 0
P 138 132 255 0 0
P 139 132 255 0 0
P 140 132 255 0 0
P 141 132 255 0 0
P 142 132 255 0 0
P 143 132 255 0 0
P 144 132 255 0 0
P 145 132 255 0 0
P 146 132 0 255 0
P 147 132 0 255 0
P 148 132 0 255 0
P 149 132 0 255 0
P 150 132 0 255 0
P 151 132 0 255 0
P 152 132 0 255 0
P 153 132 0 255 0
P 154 132 0 255 0
P 155 132 0 255 0
P 156 132 0 255 0
P 157 132 0 255 0
P 158 132 0 255 0
P 159 132 0 255 0
P 160 132 0 255 0
P 161 132 0 255 0
P 162 132 0 255 0
P 163 132 0 255 0
P 164 132 0 255 0
P 165 132 0 255 0
P 166 132 0 255 0
P 167 132 0 255 0
P 168 132 0 255 0
P 169 132 0 255 0
P 170 132 0 255 0
P 171 132 0 255 0
P 172 132 0 255 0
P 173 132 0 255 0
P 174 132 0 255 0
P 175 132 0 255 0
P 176 132 0 255 0
P 177 132 0 255 0
P 178 132 0 255 0
P 179 132 0 255 0
P 180 132 0 255 0
P 181 132 0 255 0
P 182 132 0 255 0
P 183 132 0 255 0
P 184 132 0 255 0
P 185 132 0 255 0
P 186 132 0 255 0
P 187 132 0 255 0
P 188 132 0 255 0
P 189 132 0 255 0
P 190 132 0 255 0
P 191 132 0 255 0
P 192 132 0 255 0
P 193 132 0 255 0
P 194 132 0 255 0
P 195 132 0 255 0
P 196 132 0 255 0
P 197 132 0 255 0
P 198 132 0 255 0
P 199 132 0 255 0
P 40 133 255 0 0
P 41 133 255 0 0
P 42 133 255 0 0
P 43 133 255 0 0
P 44 133 255 0 0
P 45 133 255 0 0
P 46 133 255 0 0
P 47 133 255 0 0
P 48 133 255 0 0
P 49 133 255 0 0
P 50 133 255 0 0
P 51 133 255 0 0
P 52 133 255 0 0
P 53 133 255 0 0
P 54 133 255 0 0
P 55 133 255 0 0
P 56 133 255 0 0
P 57 133 255 0 0
P 58 133 255 0 0
P 59 133 255 0 0
P 60 133 255 0 0
P 61 133 255 0 0
P 62 133 255 0 0
P 63 133 255 0 0
P 64 133 255 0 0
P 65 133 255 0 0
P 66 133 255 0 0
P 67 133 255 0 0
P 68 133 255 0 0
P 69 133 255 0 0
P 70 133 255 0 0
P 71 133 255 0 0
P 72 133 255 0 0
P 73 133 255 0 0
P 74 133 255 0 0
P 75 133 255 0 0
P 76 133 255 0 0
P 77 133 255 0 0
P 78 133 255 0 0
P 79 133 255 0 0
P 80 133 255 0 0
P 81 133 255 0 0
P 82 133 255 0 0
P 83 133 255 0 0
P 84 133 255 0 0
P 85 133 255 0 0
P 86 133 255 0 0
P 87 133 255 0 0
P 88 133 255 0 0
P 89 133 255 0 0
P 90 133 255 0 0
P 91 133 255 0 0
P 92 133 255 0 0
P 93 133 255 0 0
P 94 133 255 0 0
P 95 133 255 0 0
P 96 133 255 0 0
P 97 133 255 0 0
P 98 133 255 0 0
P 99 133 255 0 0
P 100 133 255 0 0
P 101 133 255 0 0
P 102 133 255 0 0
P 103 133 255 0 0
P 104 133 255 0 0
P 105 133 255 0 0
P 106 133 255 0 0
P 107 133 255 0 0
P 108 133 255 0 0
P 109 133 255 0 0
P 110 133 255 0 0
P 111 133 255 0 0
P 112 133 255 0 0
P 113 133 255 0 0
P 114 133 255 0 0
P 115 133 255 0 0
P 116 133 255 0 0
P 117 133 255 0 0
P 118 133 255 0 0
P 119 133 255 0 0
P 120 133 255 0 0
P 121 133 255 0 0
P 122 133 255 0 0
P 123 133 255 0 0
P 124 133 255 0 0
P 125 133 255 0 0
P 126 133 255 0 0
P 127 133 255 0 0
P 128 133 255 0 0
P 129 133 255 0 0
P 130 133 255 0 0
P 131 133 255 0 0
P 132 133 255 0 0
P 133 133 255 0 0
P 134 133 255 0 0
P 135 133 255 0 0
P 136 133 255 0 0
P 137 133 255 0 0
P 138 133 255 0 0
P 139 133 255 0 0
P 140 133 255 0 0
P 141 133 255 0 0
P 142 133 255 0 0
P 143 133 255 0 0
P 144 133 255 0 0
P 145 133 255 0 0
P 146 133 255 0 0
P 147 133 0 255 0
P 148 133 0 255 0
P 149 133 0 255 0
P 150 133 0 255 0
P 151 133 0 255 0
P 152 133 0 255 0
P 153 133 0 255 0
P 154 133 0 255 0
P 155 133 0 255 0
P 156 133 0 255 0
P 157 133 0 255 0
P 158 133 0 255 0
P 159 133 0 255 0
P 160 133 0 255 0
P 161 133 0 255 0
P 162 133 0 255 0
P 163 133 0 255 0
P 164 133 0 255 0
P 165 133 0 255 0
P 166 133 0 255 0
P 167 133 0 255 0
P 168 133 0 255 0
P 169 133 0 255 0
P 170 133 0 255 0
P 171 133 0 255 0
P 172 133 0 255 0
P 173 133 0 255 0
P 174 133 0 255 0
P 175 133 0 255 0
P 176 133 0 255 0
P 177 133 0 255 0
P 178 133 0 255 0
P 179 133 0 255 0
P 180 133 0 255 0
P 181 133 0 255 0
P 182 133 0 255 0
P 183 133 0 255 0
P 184 133 0 255 0
P 185 133 0 255 0
P 186 133 0 255 0
P 187 133 0 255 0
P 188 133 0 255 0
P 189 133 0 255 0
P 190 133 0 255 0
P 191 133 0 255 0
P 192 133 0 255 0
P 193 133 0 255 0
P 194 133 0 255 0
P 195 133 0 255 0
P 196 133 0 255 0
P 197 133 0 255 0
P 198 133 0 255 0
P 199 133 0 255 0
P 40 134 255 0 0
P 41 134 255 0 0
P 42 134 255 0 0
P 43 134 255 0 0
P 44 134 255 0 0
P 45 134 255 0 0
P 46 134 255 0 0
P 47 134 255 0 0
P 48 134 255 0 0
P 49 134 255 0 0
P 50 134 255 0 0
P 51 134 255 0 0
P 52 134 255 0 0
P 53 134 255 0 0
P 54 134 255 0 0
P 55 134 255 0 0
P 56 134 255 0 0
P 57 134 255 0 0
P 58 134 255 0 0
P 59 134 255 0 0
P 60 134 255 0 0
P 61 134 255 0 0
P 62 134 255 0 0
P 63 134 255 0 0
P 64 134 255 0 0
P 65 134 255 0 0
P 66 134 255 0 0
P 67 134 255 0 0
P 68 134 255 0 0
P 69 134 255 0 0
P 70 134 255 0 0
P 71 134 255 0 0
P 72 134 255 0 0
P 73 134 255 0 0
P 74 134 255 0 0
P 75 134 255 0 0
P 76 134 255 0 0
P 77 134 255 0 0
P 78 134 255 0 0
P 79 134 255 0 0
P 80 134 255 0 0
P 81 134 255 0 0
P 82 134 255 0 0
P 83 134 255 0 0
P 84 134 255 0 0
P 85 134 255 0 0
P 86 134 255 0 0
P 87 134 255 0 0
P 88 134 255 0 0
P 89 134 255 0 0
P 90 134 255 0 0
P 91 134 255 0 0
P 92 134 255 0 0
P 93 134 255 0 0
P 94 134 255 0 0
P 95 134 255 0 0
P 96 134 255 0 0
P 97 134 255 0 0
P 98 134 255 0 0
P 99 134 255 0 0
P 100 134 255 0 0
P 101 134 255 0 0
P 102 134 255 0 0
P 103 134 255 0 0
P 104 134 255 0 0
P 105 134 255 0 0
P 106 134 255 0 0
P 107 134 255 0 0
P 108 134 255 0 0
P 109 134 255 0 0
P 110 134 255 0 0
P 111 134 255 0 0
P 112 134 255 0 0
P 113 134 255 0 0
P 114 134 255 0 0
P 115 134 255 0 0
P 116 134 255 0 0
P 117 134 255 0 0
P 118 134 255 0 0
P 119 134 255 0 0
P 120 134 255 0 0
P 121 134 255 0 0
P 122 134 255 0 0
P 123 134 255 0 0
P 124 134 255 0 0
P 125 134 255 0 0
P 126 134 255 0 0
P 127 134 255 0 0
P 128 134 255 0 0
P 129 134 255 0 0
P 130 134 255 0 0
P 131 134 255 0 0
P 132 134 255 0 0
P 133 134 255 0 0
P 134 134 255 0 0
P 135 134 255 0 0
P 136 134 255 0 0
P 137 134 255 0 0
P 138 134 255 0 0
P 139 134 255 0 0
P 140 134 255 0 0
P 141 134 255 0 0
P 142 134 255 0 0
P 143 134 255 0 0
P 144 134 255 0 0
P 145 134 255 0 0
P 146 134 255 0 0
P 147 134 255 0 0
P 148 134 0 255 0
P 149 134 0 255 0
P 150 134 0 255 0
P 151 134 0 255 0
P 152 134 0 255 0
P 153 134 0 255 0
P 154 134 0 255 0
P 155 134 0 255 0
P 156 134 0 255 0
P 157 134 0 255 0
P 158 134 0 255 0
P 159 134 0 255 0
P 160 134 0 255 0
P 161 134 0 255 0
P 162 134 0 255 0
P 163 134 0 255 0
P 164 134 0 255 0
P 165 134 0 255 0
P 166 134 0 255 0
P 167 134 0 255 0
P 168 134 0 255 0
P 169 134 0 255 0
P 170 134 0 255 0
P 171 134 0 255 0
P 172 134 0 255 0
P 173 134 0 255 0
P 174 134 0 255 0
P 175 134 0 255 0
P 176 134 0 255 0
P 177 134 0 255 0
P 178 134 0 255 0
P 179 134 0 255 0
P 180 134 0 255 0
P 181 134 0 255 0
P 182 134 0 255 0
P 183 134 0 255 0
P 184 134 0 255 0
P 185 134 0 255 0
P 186 134 0 255 0
P 187 134 0 255 0
P 188 134 0 255 0
P 189 134 0 255 0
P 190 134 0 255 0
P 191 134 0 255 0
P 192 134 0 255 0
P 193 134 0 255 0
P 194 134 0 255 0
P 195 134 0 255 0
P 196 134 0 255 0
P 197 134 0 255 0
P 198 134 0 255 0
P 199 134 0 255 0
P 40 135 255 0 0
P 41 135 255 0 0
P 42 135 255 0 0
P 43 135 255 0 0
P 44 135 255 0 0
P 45 135 255 0 0
P 46 135 255 0 0
P 47 135 255 0 0
P 48 135 255 0 0
P 49 135 255 0 0
P 50 135 255 0 0
P 51 135 255 0 0
P 52 135 255 0 0
P 53 135 255 0 0
P 54 135 255 0 0
P 55 135 255 0 0
P 56 135 255 0 0
P 57 135 255 0 0
P 58 135 255 0 0
P 59 135 255 0 0
P 60 135 255 0 0
P 61 135 255 0 0
P 62 135 255 0 0
P 63 135 255 0 0
P 64 135 255 0 0
P 65 135 255 0 0
P 66 135 255 0 0
P 67 135 255 0 0
P 68 135 255 0 0
P 69 135 255 0 0
P 70 135 255 0 0
P 71 135 255 0 0
P 72 135 255 0 0
P 73 135 255 0 0
P 74 135 255 0 0
P 75 135 255 0 0
P 76 135 255 0 0
P 77 135 255 0 0
P 78 135 255 0 0
P 79 135 255 0 0
P 80 135 255 0 0
P 81 135 255 0 0
P 82 135 255 0 0
P 83 135 255 0 0
P 84 135 255 0 0
P 85 135 255 0 0
P 86 135 255 0 0
P 87 135 255 0 0
P 88 135 255 0 0
P 89 135 255 0 0
P 90 135 255 0 0
P 91 135 255 0 0
P 92 135 255 0 0
P 93 135 255 0 0
P 94 135 255 0 0
P 95 135 255 0 0
P 96 135 255 0 0
P 97 135 255 0 0
P 98 135 255 0 0
P 99 135 255 0 0
P 100 135 255 0 0
P 101 135 255 0 0
P 102 135 255 0 0
P 103 135 255 0 0
P 104 135 255 0 0
P 105 135 255 0 0
P 106 135 255 0 0
P 107 135 255 0 0
P 108 135 255 0 0
P 109 135 255 0 0
P 110 135 255 0 0
P 111 135 255 0 0
P 112 135 255 0 0
P 113 135 255 0 0
P 114 135 255 0 0
P 115 135 255 0 0
P 116 135 255 0 0
P 117 135 255 0 0
P 118 135 255 0 0
P 119 135 255 0 0
P 120 135 255 0 0
P 121 135 255 0 0
P 122 135 255 0 0
P 123 135 255 0 0
P 124 135 255 0 0
P 125 135 255 0 0
P 126 135 255 0 0
P 127 135 255 0 0
P 128 135 255 0 0
P 129 135 255 0 0
P 130 135 255 0 0
P 131 135 255 0 0
P 132 135 255 0 0
P 133 135 255 0 0
P 134 135 255 0 0
P 135 135 255 0 0
P 136 135 255 0 0
P 137 135 255 0 0
P 138 135 255 0 0
P 139 135 255 0 0
P 140 135 255 0 0
P 141 135 255 0 0
P 142 135 255 0 0
P 143 135 255 0 0
P 144 135 255 0 0
P 145 135 255 0 0
P 146 135 255 0 0
P 147 135 255 0 0
P 148 135 255 0 0
P 149 135 0 255 0
P 150 135 0 255 0
P 151 135 0 255 0
P 152 135 0 255 0
P 153 135 0 255 0
P 154 135 0 255 0
P 155 135 0 255 0
P 156 135 0 255 0
P 157 135 0 255 0
P 158 135 0 255 0
P 159 135 0 255 0
P 160 135 0 255 0
P 161 135 0 255 0
P 162 135 0 255 0
P 163 135 0 255 0
P 164 135 0 255 0
P 165 135 0 255 0
P 166 135 0 255 0
P 167 135 0 255 0
P 168 135 0 255 0
P 169 135 0 255 0
P 170 135 0 255 0
P 171 135 0 255 0
P 172 135 0 255 0
P 173 135 0 255 0
P 174 135 0 255 0
P 175 135 0 255 0
P 176 135 0 255 0
P 177 135 0 255 0
P 178 135 0 255 0
P 179 135 0 255 0
P 180 135 0 255 0
P 181 135 0 255 0
P 182 135 0 255 0
P 183 135 0 255 0
P 184 135 0 255 0
P 185 135 0 255 0
P 186 135 0 255 0
P 187 135 0 255 0
P 188 135 0 255 0
P 189 135 0 255 0
P 190 135 0 255 0
P 191 135 0 255 0
P 192 135 0 255 0
P 193 135 0 255 0
P 194 135 0 255 0
P 195 135 0 255 0
P 196 135 0 255 0
P 197 135 0 255 0
P 198 135 0 255 0
P 199 135 0 255 0
P 40 136 255 0 0
P 41 136 255 0 0
P 42 136 255 0 0
P 43 136 255 0 0
P 44 136 255 0 0
P 45 136 255 0 0
P 46 136 255 0 0
P 47 136 255 0 0
P 48 136 255 0 0
P 49 136 255 0 0
P 50 136 255 0 0
P 51 136 255 0 0
P 52 136 255 0 0
P 53 136 255 0 0
P 54 136 255 0 0
P 55 136 255 0 0
P 56 136 255 0 0
P 57 136 255 0 0
P 58 136 255 0 0
P 59 136 255 0 0
P 60 136 255 0 0
P 61 136 255 0 0
P 62 136 255 0 0
P 63 136 255 0 0
P 64 136 255 0 0
P 65 136 255 0 0
P 66 136 255 0 0
P 67 136 255 0 0
P 68 136 255 0 0
P 69 136 255 0 0
P 70 136 255 0 0
P 71 136 255 0 0
P 72 136 255 0 0
P 73 136 255 0 0
P 74 136 255 0 0
P 75 136 255 0 0
P 76 136 255 0 0
P 77 136 255 0 0
P 78 136 255 0 0
P 79 136 255 0 0
P 80 136 255 0 0
P 81 136 255 0 0
P 82 136 255 0 0
P 83 136 255 0 0
P 84 136 255 0 0
P 85 136 255 0 0
P 86 136 255 0 0
P 87 136 255 0 0
P 88 136 255 0 0
P 89 136 255 0 0
P 90 136 255 0 0
P 91 136 255 0 0
P 92 136 255 0 0
P 93 136 255 0 0
P 94 136 255 0 0
P 95 136 255 0 0
P 96 136 255 0 0
P 97 136 255 0 0
P 98 136 255 0 0
P 99 136 255 0 0
P 100 136 255 0 0
P 101 136 255 0 0
P 102 136 255 0 0
P 103 136 255 0 0
P 104 136 255 0 0
P 105 136 255 0 0
P 106 136 255 0 0
P 107 136 255 0 0
P 108 136 255 0 0
P 109 136 255 0 0
P 110 136 255 0 0
P 111 136 255 0 0
P 112 136 255 0 0
P 113 136 255 0 0
P 114 136 255 0 0
P 115 136 255 0 0
P 116 136 255 0 0
P 117 136 255 0 0
P 118 136 255 0 0
P 119 136 255 0 0
P 120 136 255 0 0
P 121 136 255 0 0
P 122 136 255 0 0
P 123 136 255 0 0
P 124 136 255 0 0
P 125 136 255 0 0
P 126 136 255 0 0
P 127 136 255 0 0
P 128 136 255 0 0
P 129 136 255 0 0
P 130 136 255 0 0
P 131 136 255 0 0
P 132 136 255 0 0
P 133 136 255 0 0
P 134 136 255 0 0
P 135 136 255 0 0
P 136 136 255 0 0
P 137 136 255 0 0
P 138 136 255 0 0
P 139 136 255 0 0
P 140 136 255 0 0
P 141 136 255 0 0
P 142 136 255 0 0
P 143 136 255 0 0
P 144 136 255 0 0
P 145 136 255 0 0
P 146 136 255 0 0
P 147 136 255 0 0
P 148 136 255 0 0
P 149 136 255 0 0
P 150 136 0 255 0
P 151 136 0 255 0
P 152 136 0 255 0
P 153 136 0 255 0
P 154 136 0 255 0
P 155 136 0 255 0
P 156 136 0 255 0
P 157 136 0 255 0
P 158 136 0 255 0
P 159 136 0 255 0
P 160 136 0 255 0
P 161 136 0 255 0
P 162 136 0 255 0
P 163 136 0 255 0
P 164 136 0 255 0
P 165 136 0 255 0
P 166 136 0 255 0
P 167 136 0 255 0
P 168 136 0 255 0
P 169 136 0 255 0
P 170 136 0 255 0
P 171 136 0 255 0
P 172 136 0 255 0
P 173 136 0 255 0
P 174 136 0 255 0
P 175 136 0 255 0
P 176 136 0 255 0
P 177 136 0 255 0
P 178 136 0 255 0
P 179 136 0 255 0
P 180 136 0 255 0
P 181 136 0 255 0
P 182 136 0 255 0
P 183 136 0 255 0
P 184 136 0 255 0
P 185 136 0 255 0
P 186 136 0 255 0
P 187 136 0 255 0
P 188 136 0 255 0
P 189 136 0 255 0
P 190 136 0 255 0
P 191 136 0 255 0
P 192 136 0 255 0
P 193 136 0 255 0
P 194 136 0 255 0
P 195 136 0 255 0
P 196 136 0 255 0
P 197 136 0 255 0
P 198 136 0 255 0
P 199 136 0 255 0
P 40 137 255 0 0
P 41 137 255 0 0
P 42 137 255 0 0
P 43 137 255 0 0
P 44 137 255 0 0
P 45 137 255 0 0
P 46 137 255 0 0
P 47 137 255 0 0
P 48 137 255 0 0
P 49 137 255 0 0
P 50 137 255 0 0
P 51 137 255 0 0
P 52 137 255 0 0
P 53 137 255 0 0
P 54 137 255 0 0
P 55 137 255 0 0
P 56 137 255 0 0
P 57 137 255 0 0
P 58 137 255 0 0
P 59 137 255 0 0
P 60 137 255 0 0
P 61 137 255 0 0
P 62 137 255 0 0
P 63 137 255 0 0
P 64 137 255 0 0
P 65 137 255 0 0
P 66 137 255 0 0
P 67 137 255 0 0
P 68 137 255 0 0
P 69 137 255 0 0
P 70 137 255 0 0
P 71 137 255 0 0
P 72 137 255 0 0
P 73 137 255 0 0
P 74 137 255 0 0
P 75 137 255 0 0
P 76 137 255 0 0
P 77 137 255 0 0
P 78 137 255 0 0
P 79 137 255 0 0
P 80 137 255 0 0
P 81 137 255 0 0
P 82 137 255 0 0
P 83 137 255 0 0
P 84 137 255 0 0
P 85 137 255 0 0
P 86 137 255 0 0
P 87 137 255 0 0
P 88 137 255 0 0
P 89 137 255 0 0
P 90 137 255 0 0
P 91 137 255 0 0
P 92 137 255 0 0
P 93 137 255 0 0
P 94 137 255 0 0
P 95 137 255 0 0
P 96 137 255 0 0
P 97 137 255 0 0
P 98 137 255 0 0
P 99 137 255 0 0
P 100 137 255 0 0
P 101 137 255 0 0
P 102 137 255 0 0
P 103 137 255 0 0
P 104 137 255 0 0
P 105 137 255 0 0
P 106 137 255 0 0
P 107 137 255 0 0
P 108 137 255 0 0
P 109 137 255 0 0
P 110 137 255 0 0
P 111 137 255 0 0
P 112 137 255 0 0
P 113 137 255 0 0
P 114 137 255 0 0
P 115 137 255 0 0
P 116 137 255 0 0
P 117 137 255 0 0
P 118 137 255 0 0
P 119 137 255 0 0
P 120 137 255 0 0
P 121 137 255 0 0
P 122 137 255 0 0
P 123 137 255 0 0
P 124 137 255 0 0
P 125 137 255 0 0
P 126 137 255 0 0
P 127 137 255 0 0
P 128 137 255 0 0
P 129 137 255 0 0
P 130 137 255 0 0
P 131 137 255 0 0
P 132 137 255 0 0
P 133 137 255 0 0
P 134 137 255 0 0
P 135 137 255 0 0
P 136 137 255 0 0
P 137 137 255 0 0
P 138 137 255 0 0
P 139 137 255 0 0
P 140 137 255 0 0
P 141 137 255 0 0
P 142 137 255 0 0
P 143 137 255 0 0
P 144 137 255 0 0
P 145 137 255 0 0
P 146 137 255 0 0
P 147 137 255 0 0
P 148 137 255 0 0
P 149 137 255 0 0
P 150 137 255 0 0
P 151 137 0 255 0
P 152 137 0 255 0
P 153 137 0 255 0
P 154 137 0 255 0
P 155 137 0 255 0
P 156 137 0 255 0
P 157 137 0 255 0
P 158 137 0 255 0
P 159 137 0 255 0
P 160 137 0 255 0
P 161 137 0 255 0
P 162 137 0 255 0
P 163 137 0 255 0
P 164 137 0 255 0
P 165 137 0 255 0
P 166 137 0 255 0
P 167 137 0 255 0
P 168 137 0 255 0
P 169 137 0 255 0
P 170 137 0 255 0
P 171 137 0 255 0
P 172 137 0 255 0
P 173 137 0 255 0
P 174 137 0 255 0
P 175 137 0 255 0
P 176 137 0 255 0
P 177 137 0 255 0
P 178 137 0 255 0
P 179 137 0 255 0
P 180 137 0 255 0
P 181 137 0 255 0
P 182 137 0 255 0
P 183 137 0 255 0
P 184 137 0 255 0
P 185 137 0 255 0
P 186 137 0 255 0
P 187 137 0 255 0
P 188 137 0 255 0
P 189 137 0 255 0
P 190 137 0 255 0
P 191 137 0 255 0
P 192 137 0 255 0
P 193 137 0 255 0
P 194 137 0 255 0
P 195 137 0 255 0
P 196 137 0 255 0
P 197 137 0 255 0
P 198 137 0 255 0
P 199 137 0 255 0
P 40 138 255 0 0
P 41 138 255 0 0
P 42 138 255 0 0
P 43 138 255 0 0
P 44 138 255 0 0
P 45 138 255 0 0
P 46 138 255 0 0
P 47 138 255 0 0
P 48 138 255 0 0
P 49 138 255 0 0
P 50 138 255 0 0
P 51 138 255 0 0
P 52 138 255 0 0
P 53 138 255 0 0
P 54 138 255 0 0
P 55 138 255 0 0
P 56 138 255 0 0
P 57 138 255 0 0
P 58 138 255 0 0
P 59 138 255 0 0
P 60 138 255 0 0
P 61 138 255 0 0
P 62 138 255 0 0
P 63 138 255 0 0
P 64 138 255 0 0
P 65 138 255 0 0
P 66 138 255 0 0
P 67 138 255 0 0
P 68 138 255 0 0
P 69 138 255 0 0
P 70 138 255 0 0
P 71 138 255 0 0
P 72 138 255 0 0
P 73 138 255 0 0
P 74 138 255 0 0
P 75 138 255 0 0
P 76 138 255 0 0
P 77 138 255 0 0
P 78 138 255 0 0
P 79 138 255 0 0
P 80 138 255 0 0
P 81 138 255 0 0
P 82 138 255 0 0
P 83 138 255 0 0
P 84 138 255 0 0
P 85 138 255 0 0
P 86 138 255 0 0
P 87 138 255 0 0
P 88 138 255 0 0
P 89 138 255 0 0
P 90 138 255 0 0
P 91 138 255 0 0
P 92 138 255 0 0
P 93 138 255 0 0
P 94 138 255 0 0
P 95 138 255 0 0
P 96 138 255 0 0
P 97 138 255 0 0
P 98 138 255 0 0
P 99 138 255 0 0
P 100 138 255 0 0
P 101 138 255 0 0
P 102 138 255 0 0
P 103 138 255 0 0
P 104 138 255 0 0
P 105 138 255 0 0
P 106 138 255 0 0
P 107 138 255 0 0
P 108 138 255 0 0
P 109 138 255 0 0
P 110 138 255 0 0
P 111 138 255 0 0
P 112 138 255 0 0
P 113 138 255 0 0
P 114 138 255 0 0
P 115 138 255 0 0
P 116 138 255 0 0
P 117 138 255 0 0
P 118 138 255 0 0
P 119 138 255 0 0
P 120 138 255 0 0
P 121 138 255 0 0
P 122 138 255 0 0
P 123 138 255 0 0
P 124 138 255 0 0
P 125 138 255 0 0
P 126 138 255 0 0
P 127 138 255 0 0
P 128 138 255 0 0
P 129 138 255 0 0
P 130 138 255 0 0
P 131 138 255 0 0
P 132 138 255 0 0
P 133 138 255 0 0
P 134 138 255 0 0
P 135 138 255 0 0
P 136 138 255 0 0
P 137 138 255 0 0
P 138 138 255 0 0
P 139 138 255 0 0
P 140 138 255 0 0
P 141 138 255 0 0
P 142 138 255 0 0
P 143 138 255 0 0
P 144 138 255 0 0
P 145 138 255 0 0
P 146 138 255 0 0
P 147 138 255 0 0
P 148 138 255 0 0
P 149 138 255 0 0
P 150 138 255 0 0
P 151 138 255 0 0
P 152 138 255 0 0
P 153 138 0 255 0
P 154 138 0 255 0
P 155 138 0 255 0
P 156 138 0 255 0
P 157 138 0 255 0
P 158 138 0 255 0
P 159 138 0 255 0
P 160 138 0 255 0
P 161 138 0 255 0
P 162 138 0 255 0
P 163 138 0 255 0
P 164 138 0 255 0
P 165 138 0 255 0
P 166 138 0 255 0
P 167 138 0 255 0
P 168 138 0 255 0
P 169 138 0 255 0
P 170 138 0 255 0
P 171 138 0 255 0
P 172 138 0 255 0
P 173 138 0 255 0
P 174 138 0 255 0
P 175 138 0 255 0
P 176 138 0 255 0
P 177 138 0 255 0
P 178 138 0 255 0
P 179 138 0 255 0
P 180 138 0 255 0
P 181 138 0 255 0
P 182 138 0 255 0
P 183 138 0 255 0
P 184 138 0 255 0
P 185 138 0 255 0
P 186 138 0 255 0
P 187 138 0 255 0
P 188 138 0 255 0
P 189 138 0 255 0
P 190 138 0 255 0
P 191 138 0 255 0
P 192 138 0 255 0
P 193 138 0 255 0
P 194 138 0 255 0
P 195 138 0 255 0
P 196 138 0 255 0
P 197 138 0 255 0
P 198 138 0 255 0
P 199 138 0 255 0
P 40 139 255 0 0
P 41 139 255 0 0
P 42 139 255 0 0
P 43 139 255 0 0
P 44 139 255 0 0
P 45 139 255 0 0
P 46 139 255 0 0
P 47 139 255 0 0
P 48 139 255 0 0
P 49 139 255 0 0
P 50 139 255 0 0
P 51 139 255 0 0
P 52 139 255 0 0
P 53 139 255 0 0
P 54 139 255 0 0
P 55 139 255 0 0
P 56 139 255 0 0
P 57 139 255 0 0
P 58 139 255 0 0
P 59 139 255 0 0
P 60 139 255 0 0
P 61 139 255 0 0
P 62 139 255 0 0
P 63 139 255 0 0
P 64 139 255 0 0
P 65 139 255 0 0
P 66 139 255 0 0
P 67 139 255 0 0
P 68 139 255 0 0
P 69 139 255 0 0
P 70 139 255 0 0
P 71 139 255 0 0
P 72 139 255 0 0
P 73 139 255 0 0
P 74 139 255 0 0
P 75 139 255 0 0
P 76 139 255 0 0
P 77 139 255 0 0
P 78 139 255 0 0
P 79 139 255 0 0
P 80 139 255 0 0
P 81 139 255 0 0
P 82 139 255 0 0
P 83 139 255 0 0
P 84 139 255 0 0
P 85 139 255 0 0
P 86 139 255 0 0
P 87 139 255 0 0
P 88 139 255 0 0
P 89 139 255 0 0
P 90 139 255 0 0
P 91 139 255 0 0
P 92 139 255 0 0
P 93 139 255 0 0
P 94 139 255 0 0
P 95 139 255 0 0
P 96 139 255 0 0
P 97 139 255 0 0
P 98 139 255 0 0
P 99 139 255 0 0
P 100 139 255 0 0
P 101 139 255 0 0
P 102 139 255 0 0
P 103 139 255 0 0
P 104 139 255 0 0
P 105 139 255 0 0
P 106 139 255 0 0
P 107 139 255 0 0
P 108 139 255 0 0
P 109 139 255 0 0
P 110 139 255 0 0
P 111 139 255 0 0
P 112 139 255 0 0
P 113 139 255 0 0
P 114 139 255 0 0
P 115 139 255 0 0
P 116 139 255 0 0
P 117 139 255 0 0
P 118 139 255 0 0
P 119 139 255 0 0
P 120 139 255 0 0
P 121 139 255 0 0
P 122 139 255 0 0
P 123 139 255 0 0
P 124 139 255 0 0
P 125 139 255 0 0
P 126 139 255 0 0
P 127 139 255 0 0
P 128 139 255 0 0
P 129 139 255 0 0
P 130 139 255 0 0
P 131 139 255 0 0
P 132 139 255 0 0
P 133 139 255 0 0
P 134 139 255 0 0
P 135 139 255 0 0
P 136 139 255 0 0
P 137 139 255 0 0
P 138 139 255 0 0
P 139 139 255 0 0
P 140 139 255 0 0
P 141 139 255 0 0
P 142 139 255 0 0
P 143 139 255 0 0
P 144 139 255 0 0
P 145 139 255 0 0
P 146 139 255 0 0
P 147 139 255 0 0
P 148 139 255 0 0
P 149 139 255 0 0
P 150 139 255 0 0
P 151 139 255 0 0
P 152 139 255 0 0
P 153 139 255 0 0
P 154 139 0 255 0
P 155 139 0 255 0
P 156 139 0 255 0
P 157 139 0 255 0
P 158 139 0 255 0
P 159 139 0 255 0
P 160 139 0 255 0
P 161 139 0 255 0
P 162 139 0 255 0
P 163 139 0 255 0
P 164 139 0 255 0
P 165 139 0 255 0
P 166 139 0 255 0
P 167 139 0 255 0
P 168 139 0 255 0
P 169 139 0 255 0
P 170 139 0 255 0
P 171 139 0 255 0
P 172 139 0 255 0
P 173 139 0 255 0
P 174 139 0 255 0
P 175 139 0 255 0
P 176 139 0 255 0
P 177 139 0 255 0
P 178 139 0 255 0
P 179 139 0 255 0
P 180 139 0 255 0
P 181 139 0 255 0
P 182 139 0 255 0
P 183 139 0 255 0
P 184 139 0 255 0
P 185 139 0 255 0
P 186 139 0 255 0
P 187 139 0 255 0
P 188 139 0 255 0
P 189 139 0 255 0
P 190 139 0 255 0
P 191 139 0 255 0
P 192 139 0 255 0
P 193 139 0 255 0
P 194 139 0 255 0
P 195 139 0 255 0
P 196 139 0 255 0
P 197 139 0 255 0
P 198 139 0 255 0
P 199 139 0 255 0
P 40 140 255 0 0
P 41 140 255 0 0
P 42 140 255 0 0
P 43 140 255 0 0
P 44 140 255 0 0
P 45 140 255 0 0
P 46 140 255 0 0
P 47 140 255 0 0
P 48 140 255 0 0
P 49 140 255 0 0
P 50 140 255 0 0
P 51 140 255 0 0
P 52 140 255 0 0
P 53 140 255 0 0
P 54 140 255 0 0
P 55 140 255 0 0
P 56 140 255 0 0
P 57 140 255 0 0
P 58 140 255 0 0
P 59 140 255 0 0
P 60 140 255 0 0
P 61 140 255 0 0
P 62 140 255 0 0
P 63 140 255 0 0
P 64 140 255 0 0
P 65 140 255 0 0
P 66 140 255 0 0
P 67 140 255 0 0
P 68 140 255 0 0
P 69 140 255 0 0
P 70 140 255 0 0
P 71 140 255 0 0
P 72 140 255 0 0
P 73 140 255 0 0
P 74 140 255 0 0
P 75 140 255 0 0
P 76 140 255 0 0
P 77 140 255 0 0
P 78 140 255 0 0
P 79 140 255 0 0
P 80 140 255 0 0
P 81 140 255 0 0
P 82 140 255 0 0
P 83 140 255 0 0
P 84 140 255 0 0
P 85 140 255 0 0
P 86 140 255 0 0
P 87 140 255 0 0
P 88 140 255 0 0
P 89 140 255 0 0
P 90 140 255 0 0
P 91 140 255 0 0
P 92 140 255 0 0
P 93 140 255 0 0
P 94 140 255 0 0
P 95 140 255 0 0
P 96 140 255 0 0
P 97 140 255 0 0
P 98 140 255 0 0
P 99 140 255 0 0
P 100 140 255 0 0
P 101 140 255 0 0
P 102 140 255 0 0
P 103 140 255 0 0
P 104 140 255 0 0
P 105 140 255 0 0
P 106 140 255 0 0
P 107 140 255 0 0
P 108 140 255 0 0
P 109 140 255 0 0
P 110 140 255 0 0
P 111 140 255 0 0
P 112 140 255 0 0
P 113 140 255 0 0
P 114 140 255 0 0
P 115 140 255 0 0
P 116 140 255 0 0
P 117 140 255 0 0
P 118 140 255 0 0
P 119 140 255 0 0
P 120 140 255 0 0
P 121 140 255 0 0
P 122 140 255 0 0
P 123 140 255 0 0
P 124 140 255 0 0
P 125 140 255 0 0
P 126 140 255 0 0
P 127 140 255 0 0
P 128 140 255 0 0
P 129 140 255 0 0
P 130 140 255 0 0
P 131 140 255 0 0
P 132 140 255 0 0
P 133 140 255 0 0
P 134 140 255 0 0
P 135 140 255 0 0
P 136 140 255 0 0
P 137 140 255 0 0
P 138 140 255 0 0
P 139 140 255 0 0
P 140 140 255 0 0
P 141 140 255 0 0
P 142 140 255 0 0
P 143 140 255 0 0
P 144 140 255 0 0
P 145 140 255 0 0
P 146 140 255 0 0
P 147 140 255 0 0
P 148 140 255 0 0
P 149 140 255 0 0
P 150 140 255 0 0
P 151 140 255 0 0
P 152 140 255 0 0
P 153 140 255 0 0
P 154 140 255 0 0
P 155 140 0 255 0
P 156 140 0 255 0
P 157 140 0 255 0
P 158 140 0 255 0
P 159 140 0 255 0
P 160 140 0 255 0
P 161 140 0 255 0
P 162 140 0 255 0
P 163 140 0 255 0
P 164 140 0 255 0
P 165 140 0 255 0
P 166 140 0 255 0
P 167 140 0 255 0
P 168 140 0 255 0
P 169 140 0 255 0
P 170 140 0 255 0
P 171 140 0 255 0
P 172 140 0 255 0
P 173 140 0 255 0
P 174 140 0 255 0
P 175 140 0 255 0
P 176 140 0 255 0
P 177 140 0 255 0
P 178 140 0 255 0
P 179 140 0 255 0
P 180 140 0 255 0
P 181 140 0 255 0
P 182 140 0 255 0
P 183 140 0 255 0
P 184 140 0 255 0
P 185 140 0 255 0
P 186 140 0 255 0
P 187 140 0 255 0
P 188 140 0 255 0
P 189 140 0 255 0
P 190 140 0 255 0
P 191 140 0 255 0
P 192 140 0 255 0
P 193 140 0 255 0
P 194 140 0 255 0
P 195 140 0 255 0
P 196 140 0 255 0
P 197 140 0 255 0
P 198 140 0 255 0
P 199 140 0 255 0
P 40 141 255 0 0
P 41 141 255 0 0
P 42 141 255 0 0
P 43 141 255 0 0
P 44 141 255 0 0
P 45 141 255 0 0
P 46 141 255 0 0
P 47 141 255 0 0
P 48 141 255 0 0
P 49 141 255 0 0
P 50 141 255 0 0
P 51 141 255 0 0
P 52 141 255 0 0
P 53 141 255 0 0
P 54 141 255 0 0
P 55 141 255 0 0
P 56 141 255 0 0
P 57 141 255 0 0
P 58 141 255 0 0
P 59 141 255 0 0
P 60 141 255 0 0
P 61 141 255 0 0
P 62 141 255 0 0
P 63 141 255 0 0
P 64 141 255 0 0
P 65 141 255 0 0
P 66 141 255 0 0
P 67 141 255 0 0
P 68 141 255 0 0
P 69 141 255 0 0
P 70 141 255 0 0
P 71 141 255 0 0
P 72 141 255 0 0
P 73 141 255 0 0
P 74 141 255 0 0
P 75 141 255 0 0
P 76 141 255 0 0
P 77 141 255 0 0
P 78 141 255 0 0
P 79 141 255 0 0
P 80 141 255 0 0
P 81 141 255 0 0
P 82 141 255 0 0
P 83 141 255 0 0
P 84 141 255 0 0
P 85 141 255 0 0
P 86 141 255 0 0
P 87 141 255 0 0
P 88 141 255 0 0
P 89 141 255 0 0
P 90 141 255 0 0
P 91 141 255 0 0
P 92 141 255 0 0
P 93 141 255 0 0
P 94 141 255 0 0
P 95 141 255 0 0
P 96 141 255 0 0
P 97 141 255 0 0
P 98 141 255 0 0
P 99 141 255 0 0
P 100 141 255 0 0
P 101 141 255 0 0
P 102 141 255 0 0
P 103 141 255 0 0
P 104 141 255 0 0
P 105 141 255 0 0
P 106 141 255 0 0
P 107 141 255 0 0
P 108 141 255 0 0
P 109 141 255 0 0
P 110 141 255 0 0
P 111 141 255 0 0
P 112 141 255 0 0
P 113 141 255 0 0
P 114 141 255 0 0
P 115 141 255 0 0
P 116 141 255 0 0
P 117 141 255 0 0
P 118 141 255 0 0
P 119 141 255 0 0
P 120 141 255 0 0
P 121 141 255 0 0
P 122 141 255 0 0
P 123 141 255 0 0
P 124 141 255 0 0
P 125 141 255 0 0
P 126 141 255 0 0
P 127 141 255 0 0
P 128 141 255 0 0
P 129 141 255 0 0
P 130 141 255 0 0
P 131 141 255 0 0
P 132 141 255 0 0
P 133 141 255 0 0
P 134 141 255 0 0
P 135 141 255 0 0
P 136 141 255 0 0
P 137 141 255 0 0
P 138 141 255 0 0
P 139 141 255 0 0
P 140 141 255 0 0
P 141 141 255 0 0
P 142 141 255 0 0
P 143 141 255 0 0
P 144 141 255 0 0
P 145 141 255 0 0
P 146 141 255 0 0
P 147 141 255 0 0
P 148 141 255 0 0
P 149 141 255 0 0
P 150 141 255 0 0
P 151 141 255 0 0
P 152 141 255 0 0
P 153 141 255 0 0
P 154 141 255 0 0
P 155 141 255 0 0
P 156 141 0 255 0
P 157 141 0 255 0
P 158 141 0 255 0
P 159 141 0 255 0
P 160 141 0 255 0
P 161 141 0 255 0
P 162 141 0 255 0
P 163 141 0 255 0
P 164 141 0 255 0
P 165 141 0 255 0
P 166 141 0 255 0
P 167 141 0 255 0
P 168 141 0 255 0
P 169 141 0 255 0
P 170 141 0 255 0
P 171 141 0 255 0
P 172 141 0 255 0
P 173 141 0 255 0
P 174 141 0 255 0
P 175 141 0 255 0
P 176 141 0 255 0
P 177 141 0 255 0
P 178 141 0 255 0
P 179 141 0 255 0
P 180 141 0 255 0
P 181 141 0 255 0
P 182 141 0 255 0
P 183 141 0 255 0
P 184 141 0 255 0
P 185 141 0 255 0
P 186 141 0 255 0
P 187 141 0 255 0
P 188 141 0 255 0
P 189 141 0 255 0
P 190 141 0 255 0
P 191 141 0 255 0
P 192 141 0 255 0
P 193 141 0 255 0
P 194 141 0 255 0
P 195 141 0 255 0
P 196 141 0 255 0
P 197 141 0 255 0
P 198 141 0 255 0
P 199 141 0 255 0
P 40 142 255 0 0
P 41 142 255 0 0
P 42 142 255 0 0
P 43 142 255 0 0
P 44 142 255 0 0
P 45 142 255 0 0
P 46 142 255 0 0
P 47 142 255 0 0
P 48 142 255 0 0
P 49 142 255 0 0
P 50 142 255 0 0
P 51 142 255 0 0
P 52 142 255 0 0
P 53 142 255 0 0
P 54 142 255 0 0
P 55 142 255 0 0
P 56 142 255 0 0
P 57 142 255 0 0
P 58 142 255 0 0
P 59 142 255 0 0
P 60 142 255 0 0
P 61 142 255 0 0
P 62 142 255 0 0
P 63 142 255 0 0
P 64 142 255 0 0
P 65 142 255 0 0
P 66 142 255 0 0
P 67 142 255 0 0
P 68 142 255 0 0
P 69 142 255 0 0
P 70 142 255 0 0
P 71 142 255 0 0
P 72 142 255 0 0
P 73 142 255 0 0
P 74 142 255 0 0
P 75 142 255 0 0
P 76 142 255 0 0
P 77 142 255 0 0
P 78 142 255 0 0
P 79 142 255 0 0
P 80 142 255 0 0
P 81 142 255 0 0
P 82 142 255 0 0
P 83 142 255 0 0
P 84 142 255 0 0
P 85 142 255 0 0
P 86 142 255 0 0
P 87 142 255 0 0
P 88 142 255 0 0
P 89 142 255 0 0
P 90 142 255 0 0
P 91 142 255 0 0
P 92 142 255 0 0
P 93 142 255 0 0
P 94 142 255 0 0
P 95 142 255 0 0
P 96 142 255 0 0
P 97 142 255 0 0
P 98 142 255 0 0
P 99 142 255 0 0
P 100 142 255 0 0
P 101 142 255 0 0
P 102 142 255 0 0
P 103 142 255 0 0
P 104 142 255 0 0
P 105 142 255 0 0
P 106 142 255 0 0
P 107 142 255 0 0
P 108 142 255 0 0
P 109 142 255 0 0
P 110 142 255 0 0
P 111 142 255 0 0
P 112 142 255 0 0
P 113 142 255 0 0
P 114 142 255 0 0
P 115 142 255 0 0
P 116 142 255 0 0
P 117 142 255 0 0
P 118 142 255 0 0
P 119 142 255 0 0
P 120 142 255 0 0
P 121 142 255 0 0
P 122 142 255 0 0
P 123 142 255 0 0
P 124 142 255 0 0
P 125 142 255 0 0
P 126 142 255 0 0
P 127 142 255 0 0
P 128 142 255 0 0
P 129 142 255 0 0
P 130 142 255 0 0
P 131 142 255 0 0
P 132 142 255 0 0
P 133 142 255 0 0
P 134 142 255 0 0
P 135 142 255 0 0
P 136 142 255 0 0
P 137 142 255 0 0
P 138 142 255 0 0
P 139 142 255 0 0
P 140 142 255 0 0
P 141 142 255 0 0
P 142 142 255 0 0
P 143 142 255 0 0
P 144 142 255 0 0
P 145 142 255 0 0
P 146 142 255 0 0
P 147 142 255 0 0
P 148 142 255 0 0
P 149 142 255 0 0
P 150 142 255 0 0
P 151 142 255 0 0
P 152 142 255 0 0
P 153 142 255 0 0
P 154 142 255 0 0
P 155 142 255 0 0
P 156 142 255 0 0
P 157 142 0 255 0
P 158 142 0 255 0
P 159 142 0 255 0
P 160 142 0 255 0
P 161 142 0 255 0
P 162 142 0 255 0
P 163 142 0 255 0
P 164 142 0 255 0
P 165 142 0 255 0
P 166 142 0 255 0
P 167 142 0 255 0
P 168 142 0 255 0
P 169 142 0 255 0
P 170 142 0 255 0
P 171 142 0 255 0
P 172 142 0 255 0
P 173 142 0 255 0
P 174 142 0 255 0
P 175 142 0 255 0
P 176 142 0 255 0
P 177 142 0 255 0
P 178 142 0 255 0
P 179 142 0 255 0
P 180 142 0 255 0
P 181 142 0 255 0
P 182 142 0 255 0
P 183 142 0 255 0
P 184 142 0 255 0
P 185 142 0 255 0
P 186 142 0 255 0
P 187 142 0 255 0
P 188 142 0 255 0
P 189 142 0 255 0
P 190 142 0 255 0
P 191 142 0 255 0
P 192 142 0 255 0
P 193 142 0 255 0
P 194 142 0 255 0
P 195 142 0 255 0
P 196 142 0 255 0
P 197 142 0 255 0
P 198 142 0 255 0
P 199 142 0 255 0
P 40 143 255 0 0
P 41 143 255 0 0
P 42 143 255 0 0
P 43 143 255 0 0
P 44 143 255 0 0
P 45 143 255 0 0
P 46 143 255 0 0
P 47 143 255 0 0
P 48 143 255 0 0
P 49 143 255 0 0
P 50 143 255 0 0
P 51 143 255 0 0
P 52 143 255 0 0
P 53 143 255 0 0
P 54 143 255 0 0
P 55 143 255 0 0
P 56 143 255 0 0
P 57 143 255 0 0
P 58 143 255 0 0
P 59 143 255 0 0
P 60 143 255 0 0
P 61 143 255 0 0
P 62 143 255 0 0
P 63 143 255 0 0
P 64 143 255 0 0
P 65 143 255 0 0
P 66 143 255 0 0
P 67 143 255 0 0
P 68 143 255 0 0
P 69 143 255 0 0
P 70 143 255 0 0
P 71 143 255 0 0
P 72 143 255 0 0
P 73 143 255 0 0
P 74 143 255 0 0
P 75 143 255 0 0
P 76 143 255 0 0
P 77 143 255 0 0
P 78 143 255 0 0
P 79 143 255 0 0
P 80 143 255 0 0
P 81 143 255 0 0
P 82 143 255 0 0
P 83 143 255 0 0
P 84 143 255 0 0
P 85 143 255 0 0
P 86 143 255 0 0
P 87 143 255 0 0
P 88 143 255 0 0
P 89 143 255 0 0
P 90 143 255 0 0
P 91 143 255 0 0
P 92 143 255 0 0
P 93 143 255 0 0
P 94 143 255 0 0
P 95 143 255 0 0
P 96 143 255 0 0
P 97 143 255 0 0
P 98 143 255 0 0
P 99 143 255 0 0
P 100 143 255 0 0
P 101 143 255 0 0
P 102 143 255 0 0
P 103 143 255 0 0
P 104 143 255 0 0
P 105 143 255 0 0
P 106 143 255 0 0
P 107 143 255 0 0
P 108 143 255 0 0
P 109 143 255 0 0
P 110 143 255 0 0
P 111 143 255 0 0
P 112 143 255 0 0
P 113 143 255 0 0
P 114 143 255 0 0
P 115 143 255 0 0
P 116 143 255 0 0
P 117 143 255 0 0
P 118 143 255 0 0
P 119 143 255 0 0
P 120 143 255 0 0
P 121 143 255 0 0
P 122 143 255 0 0
P 123 143 255 0 0
P 124 143 255 0 0
P 125 143 255 0 0
P 126 143 255 0 0
P 127 143 255 0 0
P 128 143 255 0 0
P 129 143 255 0 0
P 130 143 255 0 0
P 131 143 255 0 0
P 132 143 255 0 0
P 133 143 255 0 0
P 134 143 255 0 0
P 135 143 255 0 0
P 136 143 255 0 0
P 137 143 255 0 0
P 138 143 255 0 0
P 139 143 255 0 0
P 140 143 255 0 0
P 141 143 255 0 0
P 142 143 255 0 0
P 143 143 255 0 0
P 144 143 255 0 0
P 145 143 255 0 0
P 146 143 255 0 0
P 147 143 255 0 0
P 148 143 255 0 0
P 149 143 255 0 0
P 150 143 255 0 0
P 151 143 255 0 0
P 152 143 255 0 0
P 153 143 255 0 0
P 154 143 255 0 0
P 155 143 255 0 0
P 156 143 255 0 0
P 157 143 255 0 0
P 158 143 0 255 0
P 159 143 0 255 0
P 160 143 0 255 0
P 161 143 0 255 0
P 162 143 0 255 0
P 163 143 0 255 0
P 164 143 0 255 0
P 165 143 0 255 0
P 166 143 0 255 0
P 167 143 0 255 0
P 168 143 0 255 0
P 169 143 0 255 0
P 170 143 0 255 0
P 171 143 0 255 0
P 172 143 0 255 0
P 173 143 0 255 0
P 174 143 0 255 0
P 175 143 0 255 0
P 176 143 0 255 0
P 177 143 0 255 0
P 178 143 0 255 0
P 179 143 0 255 0
P 180 143 0 255 0
P 181 143 0 255 0
P 182 143 0 255 0
P 183 143 0 255 0
P 184 143 0 255 0
P 185 143 0 255 0
P 186 143 0 255 0
P 187 143 0 255 0
P 188 143 0 255 0
P 189 143 0 255 0
P 190 143 0 255 0
P 191 143 0 255 0
P 192 143 0 255 0
P 193 143 0 255 0
P 194 143 0 255 0
P 195 143 0 255 0
P 196 143 0 255 0
P 197 143 0 255 0
P 198 143 0 255 0
P 199 143 0 255 0
P 40 144 255 0 0
P 41 144 255 0 0
P 42 144 255 0 0
P 43 144 255 0 0
P 44 144 255 0 0
P 45 144 255 0 0
P 46 144 255 0 0
P 47 144 255 0 0
P 48 144 255 0 0
P 49 144 255 0 0
P 50 144 255 0 0
P 51 144 255 0 0
P 52 144 255 0 0
P 53 144 255 0 0
P 54 144 255 0 0
P 55 144 255 0 0
P 56 144 255 0 0
P 57 144 255 0 0
P 58 144 255 0 0
P 59 144 255 0 0
P 60 144 255 0 0
P 61 144 255 0 0
P 62 144 255 0 0
P 63 144 255 0 0
P 64 144 255 0 0
P 65 144 255 0 0
P 66 144 255 0 0
P 67 144 255 0 0
P 68 144 255 0 0
P 69 144 255 0 0
P 70 144 255 0 0
P 71 144 255 0 0
P 72 144 255 0 0
P 73 144 255 0 0
P 74 144 255 0 0
P 75 144 255 0 0
P 76 144 255 0 0
P 77 144 255 0 0
P 78 144 255 0 0
P 79 144 255 0 0
P 80 144 255 0 0
P 81 144 255 0 0
P 82 144 255 0 0
P 83 144 255 0 0
P 84 144 255 0 0
P 85 144 255 0 0
P 86 144 255 0 0
P 87 144 255 0 0
P 88 144 255 0 0
P 89 144 255 0 0
P 90 144 255 0 0
P 91 144 255 0 0
P 92 144 255 0 0
P 93 144 255 0 0
P 94 144 255 0 0
P 95 144 255 0 0
P 96 144 255 0 0
P 97 144 255 0 0
P 98 144 255 0 0
P 99 144 255 0 0
P 100 144 255 0 0
P 101 144 255 0 0
P 102 144 255 0 0
P 103 144 255 0 0
P 104 144 255 0 0
P 105 144 255 0 0
P 106 144 255 0 0
P 107 144 255 0 0
P 108 144 255 0 0
P 109 144 255 0 0
P 110 144 255 0 0
P 111 144 255 0 0
P 112 144 255 0 0
P 113 144 255 0 0
P 114 144 255 0 0
P 115 144 255 0 0
P 116 144 255 0 0
P 117 144 255 0 0
P 118 144 255 0 0
P 119 144 255 0 0
P 120 144 255 0 0
P 121 144 255 0 0
P 122 144 255 0 0
P 123 144 255 0 0
P 124 144 255 0 0
P 125 144 255 0 0
P 126 144 255 0 0
P 127 144 255 0 0
P 128 144 255 0 0
P 129 144 255 0 0
P 130 144 255 0 0
P 131 144 255 0 0
P 132 144 255 0 0
P 133 144 255 0 0
P 134 144 255 0 0
P 135 144 255 0 0
P 136 144 255 0 0
P 137 144 255 0 0
P 138 144 255 0 0
P 139 144 255 0 0
P 140 144 255 0 0
P 141 144 255 0 0
P 142 144 255 0 0
P 143 144 255 0 0
P 144 144 255 0 0
P 145 144 255 0 0
P 146 144 255 0 0
P 147 144 255 0 0
P 148 144 255 0 0
P 149 144 255 0 0
P 150 144 255 0 0
P 151 144 255 0 0
P 152 144 255 0 0
P 153 144 255 0 0
P 154 144 255 0 0
P 155 144 255 0 0
P 156 144 255 0 0
P 157 144 255 0 0
P 158 144 255 0 0
P 159 144 0 255 0
P 160 144 0 255 0
P 161 144 0 255 0
P 162 144 0 255 0
P 163 144 0 255 0
P 164 144 0 255 0
P 165 144 0 255 0
P 166 144 0 255 0
P 167 144 0 255 0
P 168 144 0 255 0
P 169 144 0 255 0
P 170 144 0 255 0
P 171 144 0 255 0
P 172 144 0 255 0
P 173 144 0 255 0
P 174 144 0 255 0
P 175 144 0 255 0
P 176 144 0 255 0
P 177 144 0 255 0
P 178 144 0 255 0
P 179 144 0 255 0
P 180 144 0 255 0
P 181 144 0 255 0
P 182 144 0 255 0
P 183 144 0 255 0
P 184 144 0 255 0
P 185 144 0 255 0
P 186 144 0 255 0
P 187 144 0 255 0
P 188 144 0 255 0
P 189 144 0 255 0
P 190 144 0 255 0
P 191 144 0 255 0
P 192 144 0 255 0
P 193 144 0 255 0
P 194 144 0 255 0
P 195 144 0 255 0
P 196 144 0 255 0
P 197 144 0 255 0
P 198 144 0 255 0
P 199 144 0 255 0
P 40 145 255 0 0
P 41 145 255 0 0
P 42 145 255 0 0
P 43 145 255 0 0
P 44 145 255 0 0
P 45 145 255 0 0
P 46 145 255 0 0
P 47 145 255 0 0
P 48 145 255 0 0
P 49 145 255 0 0
P 50 145 255 0 0
P 51 145 255 0 0
P 52 145 255 0 0
P 53 145 255 0 0
P 54 145 255 0 0
P 55 145 255 0 0
P 56 145 255 0 0
P 57 145 255 0 0
P 58 145 255 0 0
P 59 145 255 0 0
P 60 145 255 0 0
P 61 145 255 0 0
P 62 145 255 0 0
P 63 145 255 0 0
P 64 145 255 0 0
P 65 145 255 0 0
P 66 145 255 0 0
P 67 145 255 0 0
P 68 145 255 0 0
P 69 145 255 0 0
P 70 145 255 0 0
P 71 145 255 0 0
P 72 145 255 0 0
P 73 145 255 0 0
P 74 145 255 0 0
P 75 145 255 0 0
P 76 145 255 0 0
P 77 145 255 0 0
P 78 145 255 0 0
P 79 145 255 0 0
P 80 145 255 0 0
P 81 145 255 0 0
P 82 145 255 0 0
P 83 145 255 0 0
P 84 145 255 0 0
P 85 145 255 0 0
P 86 145 255 0 0
P 87 145 255 0 0
P 88 145 255 0 0
P 89 145 255 0 0
P 90 145 255 0 0
P 91 145 255 0 0
P 92 145 255 0 0
P 93 145 255 0 0
P 94 145 255 0 0
P 95 145 255 0 0
P 96 145 255 0 0
P 97 145 255 0 0
P 98 145 255 0 0
P 99 145 255 0 0
P 100 145 255 0 0
P 101 145 255 0 0
P 102 145 255 0 0
P 103 145 255 0 0
P 104 145 255 0 0
P 105 145 255 0 0
P 106 145 255 0 0
P 107 145 255 0 0
P 108 145 255 0 0
P 109 145 255 0 0
P 110 145 255 0 0
P 111 145 255 0 0
P 112 145 255 0 0
P 113 145 255 0 0
P 114 145 255 0 0
P 115 145 255 0 0
P 116 145 255 0 0
P 117 145 255 0 0
P 118 145 255 0 0
P 119 145 255 0 0
P 120 145 255 0 0
P 121 145 255 0 0
P 122 145 255 0 0
P 123 145 255 0 0
P 124 145 255 0 0
P 125 145 255 0 0
P 126 145 255 0 0
P 127 145 255 0 0
P 128 145 255 0 0
P 129 145 255 0 0
P 130 145 255 0 0
P 131 145 255 0 0
P 132 145 255 0 0
P 133 145 255 0 0
P 134 145 255 0 0
P 135 145 255 0 0
P 136 145 255 0 0
P 137 145 255 0 0
P 138 145 255 0 0
P 139 145 255 0 0
P 140 145 255 0 0
P 141 145 255 0 0
P 142 145 255 0 0
P 143 145 255 0 0
P 144 145 255 0 0
P 145 145 255 0 0
P 146 145 255 0 0
P 147 145 255 0 0
P 148 145 255 0 0
P 149 145 255 0 0
P 150 145 255 0 0
P 151 145 255 0 0
P 152 145 255 0 0
P 153 145 255 0 0
P 154 145 255 0 0
P 155 145 255 0 0
P 156 145 255 0 0
P 157 145 255 0 0
P 158 145 255 0 0
P 159 145 255 0 0
P 160 145 255 0 0
P 161 145 0 255 0
P 162 145 0 255 0
P 163 145 0 255 0
P 164 145 0 255 0
P 165 145 0 255 0
P 166 145 0 255 0
P 167 145 0 255 0
P 168 145 0 255 0
P 169 145 0 255 0
P 170 145 0 255 0
P 171 145 0 255 0
P 172 145 0 255 0
P 173 145 0 255 0
P 174 145 0 255 0
P 175 145 0 255 0
P 176 145 0 255 0
P 177 145 0 255 0
P 178 145 0 255 0
P 179 145 0 255 0
P 180 145 0 255 0
P 181 145 0 255 0
P 182 145 0 255 0
P 183 145 0 255 0
P 184 145 0 255 0
P 185 145 0 255 0
P 186 145 0 255 0
P 187 145 0 255 0
P 188 145 0 255 0
P 189 145 0 255 0
P 190 145 0 255 0
P 191 145 0 255 0
P 192 145 0 255 0
P 193 145 0 255 0
P 194 145 0 255 0
P 195 145 0 255 0
P 196 145 0 255 0
P 197 145 0 255 0
P 198 145 0 255 0
P 199 145 0 255 0
P 40 146 255 0 0
P 41 146 255 0 0
P 42 146 255 0 0
P 43 146 255 0 0
P 44 146 255 0 0
P 45 146 255 0 0
P 46 146 255 0 0
P 47 146 255 0 0
P 48 146 255 0 0
P 49 146 255 0 0
P 50 146 255 0 0
P 51 146 255 0 0
P 52 146 255 0 0
P 53 146 255 0 0
P 54 146 255 0 0
P 55 146 255 0 0
P 56 146 255 0 0
P 57 146 255 0 0
P 58 146 255 0 0
P 59 146 255 0 0
P 60 146 255 0 0
P 61 146 255 0 0
P 62 146 255 0 0
P 63 146 255 0 0
P 64 146 255 0 0
P 65 146 255 0 0
P 66 146 255 0 0
P 67 146 255 0 0
P 68 146 255 0 0
P 69 146 255 0 0
P 70 146 255 0 0
P 71 146 255 0 0
P 72 146 255 0 0
P 73 146 255 0 0
P 74 146 255 0 0
P 75 146 255 0 0
P 76 146 255 0 0
P 77 146 255 0 0
P 78 146 255 0 0
P 79 146 255 0 0
P 80 146 255 0 0
P 81 146 255 0 0
P 82 146 255 0 0
P 83 146 255 0 0
P 84 146 255 0 0
P 85 146 255 0 0
P 86 146 255 0 0
P 87 146 255 0 0
P 88 146 255 0 0
P 89 146 255 0 0
P 90 146 255 0 0
P 91 146 255 0 0
P 92 146 255 0 0
P 93 146 255 0 0
P 94 146 255 0 0
P 95 146 255 0 0
P 96 146 255 0 0
P 97 146 255 0 0
P 98 146 255 0 0
P 99 146 255 0 0
P 100 146 255 0 0
P 101 146 255 0 0
P 102 146 255 0 0
P 103 146 255 0 0
P 104 146 255 0 0
P 105 146 255 0 0
P 106 146 255 0 0
P 107 146 255 0 0
P 108 146 255 0 0
P 109 146 255 0 0
P 110 146 255 0 0
P 111 146 255 0 0
P 112 146 255 0 0
P 113 146 255 0 0
P 114 146 255 0 0
P 115 146 255 0 0
P 116 146 255 0 0
P 117 146 255 0 0
P 118 146 255 0 0
P 119 146 255 0 0
P 120 146 255 0 0
P 121 146 255 0 0
P 122 146 255 0 0
P 123 146 255 0 0
P 124 146 255 0 0
P 125 146 255 0 0
P 126 146 255 0 0
P 127 146 255 0 0
P 128 146 255 0 0
P 129 146 255 0 0
P 130 146 255 0 0
P 131 146 255 0 0
P 132 146 255 0 0
P 133 146 255 0 0
P 134 146 255 0 0
P 135 146 255 0 0
P 136 146 255 0 0
P 137 146 255 0 0
P 138 146 255 0 0
P 139 146 255 0 0
P 140 146 255 0 0
P 141 146 255 0 0
P 142 146 255 0 0
P 143 146 255 0 0
P 144 146 255 0 0
P 145 146 255 0 0
P 146 146 255 0 0
P 147 146 255 0 0
P 148 146 255 0 0
P 149 146 255 0 0
P 150 146 255 0 0
P 151 146 255 0 0
P 152 146 255 0 0
P 153 146 255 0 0
P 154 146 255 0 0
P 155 146 255 0 0
P 156 146 255 0 0
P 157 146 255 0 0
P 158 146 255 0 0
P 159 146 255 0 0
P 160 146 255 0 0
P 161 146 255 0 0
P 162 146 0 255 0
P 163 146 0 255 0
P 164 146 0 255 0
P 165 146 0 255 0
P 166 146 0 255 0
P 167 146 0 255 0
P 168 146 0 255 0
P 169 146 0 255 0
P 170 146 0 255 0
P 171 146 0 255 0
P 172 146 0 255 0
P 173 146 0 255 0
P 174 146 0 255 0
P 175 146 0 255 0
P 176 146 0 255 0
P 177 146 0 255 0
P 178 146 0 255 0
P 179 146 0 255 0
P 180 146 0 255 0
P 181 146 0 255 0
P 182 146 0 255 0
P 183 146 0 255 0
P 184 146 0 255 0
P 185 146 0 255 0
P 186 146 0 255 0
P 187 146 0 255 0
P 188 146 0 255 0
P 189 146 0 255 0
P 190 146 0 255 0
P 191 146 0 255 0
P 192 146 0 255 0
P 193 146 0 255 0
P 194 146 0 255 0
P 195 146 0 255 0
P 196 146 0 255 0
P 197 146 0 255 0
P 198 146 0 255 0
P 199 146 0 255 0
P 40 147 255 0 0
P 41 147 255 0 0
P 42 147 255 0 0
P 43 147 255 0 0
P 44 147 255 0 0
P 45 147 255 0 0
P 46 147 255 0 0
P 47 147 255 0 0
P 48 147 255 0 0
P 49 147 255 0 0
P 50 147 255 0 0
P 51 147 255 0 0
P 52 147 255 0 0
P 53 147 255 0 0
P 54 147 255 0 0
P 55 147 255 0 0
P 56 147 255 0 0
P 57 147 255 0 0
P 58 147 255 0 0
P 59 147 255 0 0
P 60 147 255 0 0
P 61 147 255 0 0
P 62 147 255 0 0
P 63 147 255 0 0
P 64 147 255 0 0
P 65 147 255 0 0
P 66 147 255 0 0
P 67 147 255 0 0
P 68 147 255 0 0
P 69 147 255 0 0
P 70 147 255 0 0
P 71 147 255 0 0
P 72 147 255 0 0
P 73 147 255 0 0
P 74 147 255 0 0
P 75 147 255 0 0
P 76 147 255 0 0
P 77 147 255 0 0
P 78 147 255 0 0
P 79 147 255 0 0
P 80 147 255 0 0
P 81 147 255 0 0
P 82 147 255 0 0
P 83 147 255 0 0
P 84 147 255 0 0
P 85 147 255 0 0
P 86 147 255 0 0
P 87 147 255 0 0
P 88 147 255 0 0
P 89 147 255 0 0
P 90 147 255 0 0
P 91 147 255 0 0
P 92 147 255 0 0
P 93 147 255 0 0
P 94 147 255 0 0
P 95 147 255 0 0
P 96 147 255 0 0
P 97 147 255 0 0
P 98 147 255 0 0
P 99 147 255 0 0
P 100 147 255 0 0
P 101 147 255 0 0
P 102 147 255 0 0
P 103 147 255 0 0
P 104 147 255 0 0
P 105 147 255 0 0
P 106 147 255 0 0
P 107 147 255 0 0
P 108 147 255 0 0
P 109 147 255 0 0
P 110 147 255 0 0
P 111 147 255 0 0
P 112 147 255 0 0
P 113 147 255 0 0
P 114 147 255 0 0
P 115 147 255 0 0
P 116 147 255 0 0
P 117 147 255 0 0
P 118 147 255 0 0
P 119 147 255 0 0
P 120 147 255 0 0
P 121 147 255 0 0
P 122 147 255 0 0
P 123 147 255 0 0
P 124 147 255 0 0
P 125 147 255 0 0
P 126 147 255 0 0
P 127 147 255 0 0
P 128 147 255 0 0
P 129 147 255 0 0
P 130 147 255 0 0
P 131 147 255 0 0
P 132 147 255 0 0
P 133 147 255 0 0
P 134 147 255 0 0
P 135 147 255 0 0
P 136 147 255 0 0
P 137 147 255 0 0
P 138 147 255 0 0
P 139 147 255 0 0
P 140 147 255 0 0
P 141 147 255 0 0
P 142 147 255 0 0
P 143 147 255 0 0
P 144 147 255 0 0
P 145 147 255 0 0
P 146 147 255 0 0
P 147 147 255 0 0
P 148 147 255 0 0
P 149 147 255 0 0
P 150 147 255 0 0
P 151 147 255 0 0
P 152 147 255 0 0
P 153 147 255 0 0
P 154 147 255 0 0
P 155 147 255 0 0
P 156 147 255 0 0
P 157 147 255 0 0
P 158 147 255 0 0
P 159 147 255 0 0
P 160 147 255 0 0
P 161 147 255 0 0
P 162 147 255 0 0
P 163 147 0 255 0
P 164 147 0 255 0
P 165 147 0 255 0
P 166 147 0 255 0
P 167 147 0 255 0
P 168 147 0 255 0
P 169 147 0 255 0
P 170 147 0 255 0
P 171 147 0 255 0
P 172 147 0 255 0
P 173 147 0 255 0
P 174 147 0 255 0
P 175 147 0 255 0
P 176 147 0 255 0
P 177 147 0 255 0
P 178 147 0 255 0
P 179 147 0 255 0
P 180 147 0 255 0
P 181 147 0 255 0
P 182 147 0 255 0
P 183 147 0 255 0
P 184 147 0 255 0
P 185 147 0 255 0
P 186 147 0 255 0
P 187 147 0 255 0
P 188 147 0 255 0
P 189 147 0 255 0
P 190 147 0 255 0
P 191 147 0 255 0
P 192 147 0 255 0
P 193 147 0 255 0
P 194 147 0 255 0
P 195 147 0 255 0
P 196 147 0 255 0
P 197 147 0 255 0
P 198 147 0 255 0
P 199 147 0 255 0
P 40 148 255 0 0
P 41 148 255 0 0
P 42 148 255 0 0
P 43 148 255 0 0
P 44 148 255 0 0
P 45 148 255 0 0
P 46 148 255 0 0
P 47 148 255 0 0
P 48 148 255 0 0
P 49 148 255 0 0
P 50 148 255 0 0
P 51 148 255 0 0
P 52 148 255 0 0
P 53 148 255 0 0
P 54 148 255 0 0
P 55 148 255 0 0
P 56 148 255 0 0
P 57 148 255 0 0
P 58 148 255 0 0
P 59 148 255 0 0
P 60 148 255 0 0
P 61 148 255 0 0
P 62 148 255 0 0
P 63 148 255 0 0
P 64 148 255 0 0
P 65 148 255 0 0
P 66 148 255 0 0
P 67 148 255 0 0
P 68 148 255 0 0
P 69 148 255 0 0
P 70 148 255 0 0
P 71 148 255 0 0
P 72 148 255 0 0
P 73 148 255 0 0
P 74 148 255 0 0
P 75 148 255 0 0
P 76 148 255 0 0
P 77 148 255 0 0
P 78 148 255 0 0
P 79 148 255 0 0
P 80 148 255 0 0
P 81 148 255 0 0
P 82 148 255 0 0
P 83 148 255 0 0
P 84 148 255 0 0
P 85 148 255 0 0
P 86 148 255 0 0
P 87 148 255 0 0
P 88 148 255 0 0
P 89 148 255 0 0
P 90 148 255 0 0
P 91 148 255 0 0
P 92 148 255 0 0
P 93 148 255 0 0
P 94 148 255 0 0
P 95 148 255 0 0
P 96 148 255 0 0
P 97 148 255 0 0
P 98 148 255 0 0
P 99 148 255 0 0
P 100 148 255 0 0
P 101 148 255 0 0
P 102 148 255 0 0
P 103 148 255 0 0
P 104 148 255 0 0
P 105 148 255 0 0
P 106 148 255 0 0
P 107 148 255 0 0
P 108 148 255 0 0
P 109 148 255 0 0
P 110 148 255 0 0
P 111 148 255 0 0
P 112 148 255 0 0
P 113 148 255 0 0
P 114 148 255 0 0
P 115 148 255 0 0
P 116 148 255 0 0
P 117 148 255 0 0
P 118 148 255 0 0
P 119 148 255 0 0
P 120 148 255 0 0
P 121 148 255 0 0
P 122 148 255 0 0
P 123 148 255 0 0
P 124 148 255 0 0
P 125 148 255 0 0
P 126 148 255 0 0
P 127 148 255 0 0
P 128 148 255 0 0
P 129 148 255 0 0
P 130 148 255 0 0
P 131 148 255 0 0
P 132 148 255 0 0
P 133 148 255 0 0
P 134 148 255 0 0
P 135 148 255 0 0
P 136 148 255 0 0
P 137 148 255 0 0
P 138 148 255 0 0
P 139 148 255 0 0
P 140 148 255 0 0
P 141 148 255 0 0
P 142 148 255 0 0
P 143 148 255 0 0
P 144 148 255 0 0
P 145 148 255 0 0
P 146 148 255 0 0
P 147 148 255 0 0
P 148 148 255 0 0
P 149 148 255 0 0
P 150 148 255 0 0
P 151 148 255 0 0
P 152 148 255 0 0
P 153 148 255 0 0
P 154 148 255 0 0
P 155 148 255 0 0
P 156 148 255 0 0
P 157 148 255 0 0
P 158 148 255 0 0
P 159 148 255 0 0
P 160 148 255 0 0
P 161 148 255 0 0
P 162 148 255 0 0
P 163 148 255 0 0
P 164 148 0 255 0
P 165 148 0 255 0
P 166 148 0 255 0
P 167 148 0 255 0
P 168 148 0 255 0
P 169 148 0 255 0
P 170 148 0 255 0
P 171 148 0 255 0
P 172 148 0 255 0
P 173 148 0 255 0
P 174 148 0 255 0
P 175 148 0 255 0
P 176 148 0 255 0
P 177 148 0 255 0
P 178 148 0 255 0
P 179 148 0 255 0
P 180 148 0 255 0
P 181 148 0 255 0
P 182 148 0 255 0
P 183 148 0 255 0
P 184 148 0 255 0
P 185 148 0 255 0
P 186 148 0 255 0
P 187 148 0 255 0
P 188 148 0 255 0
P 189 148 0 255 0
P 190 148 0 255 0
P 191 148 0 255 0
P 192 148 0 255 0
P 193 148 0 255 0
P 194 148 0 255 0
P 195 148 0 255 0
P 196 148 0 255 0
P 197 148 0 255 0
P 198 148 0 255 0
P 199 148 0 255 0
P 40 149 255 0 0
P 41 149 255 0 0
P 42 149 255 0 0
P 43 149 255 0 0
P 44 149 255 0 0
P 45 149 255 0 0
P 46 149 255 0 0
P 47 149 255 0 0
P 48 149 255 0 0
P 49 149 255 0 0
P 50 149 255 0 0
P 51 149 255 0 0
P 52 149 255 0 0
P 53 149 255 0 0
P 54 149 255 0 0
P 55 149 255 0 0
P 56 149 255 0 0
P 57 149 255 0 0
P 58 149 255 0 0
P 59 149 255 0 0
P 60 149 255 0 0
P 61 149 255 0 0
P 62 149 255 0 0
P 63 149 255 0 0
P 64 149 255 0 0
P 65 149 255 0 0
P 66 149 255 0 0
P 67 149 255 0 0
P 68 149 255 0 0
P 69 149 255 0 0
P 70 149 255 0 0
P 71 149 255 0 0
P 72 149 255 0 0
P 73 149 255 0 0
P 74 149 255 0 0
P 75 149 255 0 0
P 76 149 255 0 0
P 77 149 255 0 0
P 78 149 255 0 0
P 79 149 255 0 0
P 80 149 255 0 0
P 81 149 255 0 0
P 82 149 255 0 0
P 83 149 255 0 0
P 84 149 255 0 0
P 85 149 255 0 0
P 86 149 255 0 0
P 87 149 255 0 0
P 88 149 255 0 0
P 89 149 255 0 0
P 90 149 255 0 0
P 91 149 255 0 0
P 92 149 255 0 0
P 93 149 255 0 0
P 94 149 255 0 0
P 95 149 255 0 0
P 96 149 255 0 0
P 97 149 255 0 0
P 98 149 255 0 0
P 99 149 255 0 0
P 100 149 255 0 0
P 101 149 255 0 0
P 102 149 255 0 0
P 103 149 255 0 0
P 104 149 255 0 0
P 105 149 255 0 0
P 106 149 255 0 0
P 107 149 255 0 0
P 108 149 255 0 0
P 109 149 255 0 0
P 110 149 255 0 0
P 111 149 255 0 0
P 112 149 255 0 0
P 113 149 255 0 0
P 114 149 255 0 0
P 115 149 255 0 0
P 116 149 255 0 0
P 117 149 255 0 0
P 118 149 255 0 0
P 119 149 255 0 0
P 120 149 255 0 0
P 121 149 255 0 0
P 122 149 255 0 0
P 123 149 255 0 0
P 124 149 255 0 0
P 125 149 255 0 0
P 126 149 255 0 0
P 127 149 255 0 0
P 128 149 255 0 0
P 129 149 255 0 0
P 130 149 255 0 0
P 131 149 255 0 0
P 132 149 255 0 0
P 133 149 255 0 0
P 134 149 255 0 0
P 135 149 255 0 0
P 136 149 255 0 0
P 137 149 255 0 0
P 138 149 255 0 0
P 139 149 255 0 0
P 140 149 255 0 0
P 141 149 255 0 0
P 142 149 255 0 0
P 143 149 255 0 0
P 144 149 255 0 0
P 145 149 255 0 0
P 146 149 255 0 0
P 147 149 255 0 0
P 148 149 255 0 0
P 149 149 255 0 0
P 150 149 255 0 0
P 151 149 255 0 0
P 152 149 255 0 0
P 153 149 255 0 0
P 154 149 255 0 0
P 155 149 255 0 0
P 156 149 255 0 0
P 157 149 255 0 0
P 158 149 255 0 0
P 159 149 255 0 0
P 160 149 255 0 0
P 161 149 255 0 0
P 162 149 255 0 0
P 163 149 255 0 0
P 164 149 255 0 0
P 165 149 0 255 0
P 166 149 0 255 0
P 167 149 0 255 0
P 168 149 0 255 0
P 169 149 0 255 0
P 170 149 0 255 0
P 171 149 0 255 0
P 172 149 0 255 0
P 173 149 0 255 0
P 174 149 0 255 0
P 175 149 0 255 0
P 176 149 0 255 0
P 177 149 0 255 0
P 178 149 0 255 0
P 179 149 0 255 0
P 180 149 0 255 0
P 181 149 0 255 0
P 182 149 0 255 0
P 183 149 0 255 0
P 184 149 0 255 0
P 185 149 0 255 0
P 186 149 0 255 0
P 187 149 0 255 0
P 188 149 0 255 0
P 189 149 0 255 0
P 190 149 0 255 0
P 191 149 0 255 0
P 192 149 0 255 0
P 193 149 0 255 0
P 194 149 0 255 0
P 195 149 0 255 0
P 196 149 0 255 0
P 197 149 0 255 0
P 198 149 0 255 0
P 199 149 0 255 0
P 40 150 255 0 0
P 41 150 255 0 0
P 42 150 255 0 0
P 43 150 255 0 0
P 44 150 255 0 0
P 45 150 255 0 0
P 46 150 255 0 0
P 47 150 255 0 0
P 48 150 255 0 0
P 49 150 255 0 0
P 50 150 255 0 0
P 51 150 255 0 0
P 52 150 255 0 0
P 53 150 255 0 0
P 54 150 255 0 0
P 55 150 255 0 0
P 56 150 255 0 0
P 57 150 255 0 0
P 58 150 255 0 0
P 59 150 255 0 0
P 60 150 255 0 0
P 61 150 255 0 0
P 62 150 255 0 0
P 63 150 255 0 0
P 64 150 255 0 0
P 65 150 255 0 0
P 66 150 255 0 0
P 67 150 255 0 0
P 68 150 255 0 0
P 69 150 255 0 0
P 70 150 255 0 0
P 71 150 255 0 0
P 72 150 255 0 0
P 73 150 255 0 0
P 74 150 255 0 0
P 75 150 255 0 0
P 76 150 255 0 0
P 77 150 255 0 0
P 78 150 255 0 0
P 79 150 255 0 0
P 80 150 255 0 0
P 81 150 255 0 0
P 82 150 255 0 0
P 83 150 255 0 0
P 84 150 255 0 0
P 85 150 255 0 0
P 86 150 255 0 0
P 87 150 255 0 0
P 88 150 255 0 0
P 89 150 255 0 0
P 90 150 255 0 0
P 91 150 255 0 0
P 92 150 255 0 0
P 93 150 255 0 0
P 94 150 255 0 0
P 95 150 255 0 0
P 96 150 255 0 0
P 97 150 255 0 0
P 98 150 255 0 0
P 99 150 255 0 0
P 100 150 255 0 0
P 101 150 255 0 0
P 102 150 255 0 0
P 103 150 255 0 0
P 104 150 255 0 0
P 105 150 255 0 0
P 106 150 255 0 0
P 107 150 255 0 0
P 108 150 255 0 0
P 109 150 255 0 0
P 110 150 255 0 0
P 111 150 255 0 0
P 112 150 255 0 0
P 113 150 255 0 0
P 114 150 255 0 0
P 115 150 255 0 0
P 116 150 255 0 0
P 117 150 255 0 0
P 118 150 255 0 0
P 119 150 255 0 0
P 120 150 255 0 0
P 121 150 255 0 0
P 122 150 255 0 0
P 123 150 255 0 0
P 124 150 255 0 0
P 125 150 255 0 0
P 126 150 255 0 0
P 127 150 255 0 0
P 128 150 255 0 0
P 129 150 255 0 0
P 130 150 255 0 0
P 131 150 255 0 0
P 132 150 255 0 0
P 133 150 255 0 0
P 134 150 255 0 0
P 135 150 255 0 0
P 136 150 255 0 0
P 137 150 255 0 0
P 138 150 255 0 0
P 139 150 255 0 0
P 140 150 255 0 0
P 141 150 255 0 0
P 142 150 255 0 0
P 143 150 255 0 0
P 144 150 255 0 0
P 145 150 255 0 0
P 146 150 255 0 0
P 147 150 255 0 0
P 148 150 255 0 0
P 149 150 255 0 0
P 150 150 255 0 0
P 151 150 255 0 0
P 152 150 255 0 0
P 153 150 255 0 0
P 154 150 255 0 0
P 155 150 255 0 0
P 156 150 255 0 0
P 157 150 255 0 0
P 158 150 255 0 0
P 159 150 255 0 0
P 160 150 255 0 0
P 161 150 255 0 0
P 162 150 255 0 0
P 163 150 255 0 0
P 164 150 255 0 0
P 165 150 255 0 0
P 166 150 0 255 0
P 167 150 0 255 0
P 168 150 0 255 0
P 169 150 0 255 0
P 170 150 0 255 0
P 171 150 0 255 0
P 172 150 0 255 0
P 173 150 0 255 0
P 174 150 0 255 0
P 175 150 0 255 0
P 176 150 0 255 0
P 177 150 0 255 0
P 178 150 0 255 0
P 179 150 0 255 0
P 180 150 0 255 0
P 181 150 0 255 0
P 182 150 0 255 0
P 183 150 0 255 0
P 184 150 0 255 0
P 185 150 0 255 0
P 186 150 0 255 0
P 187 150 0 255 0
P 188 150 0 255 0
P 189 150 0 255 0
P 190 150 0 255 0
P 191 150 0 255 0
P 192 150 0 255 0
P 193 150 0 255 0
P 194 150 0 255 0
P 195 150 0 255 0
P 196 150 0 255 0
P 197 150 0 255 0
P 198 150 0 255 0
P 199 150 0 255 0
P 40 151 255 0 0
P 41 151 255 0 0
P 42 151 255 0 0
P 43 151 255 0 0
P 44 151 255 0 0
P 45 151 255 0 0
P 46 151 255 0 0
P 47 151 255 0 0
P 48 151 255 0 0
P 49 151 255 0 0
P 50 151 255 0 0
P 51 151 255 0 0
P 52 151 255 0 0
P 53 151 255 0 0
P 54 151 255 0 0
P 55 151 255 0 0
P 56 151 255 0 0
P 57 151 255 0 0
P 58 151 255 0 0
P 59 151 255 0 0
P 60 151 255 0 0
P 61 151 255 0 0
P 62 151 255 0 0
P 63 151 255 0 0
P 64 151 255 0 0
P 65 151 255 0 0
P 66 151 255 0 0
P 67 151 255 0 0
P 68 151 255 0 0
P 69 151 255 0 0
P 70 151 255 0 0
P 71 151 255 0 0
P 72 151 255 0 0
P 73 151 255 0 0
P 74 151 255 0 0
P 75 151 255 0 0
P 76 151 255 0 0
P 77 151 255 0 0
P 78 151 255 0 0
P 79 151 255 0 0
P 80 151 255 0 0
P 81 151 255 0 0
P 82 151 255 0 0
P 83 151 255 0 0
P 84 151 255 0 0
P 85 151 255 0 0
P 86 151 255 0 0
P 87 151 255 0 0
P 88 151 255 0 0
P 89 151 255 0 0
P 90 151 255 0 0
P 91 151 255 0 0
P 92 151 255 0 0
P 93 151 255 0 0
P 94 151 255 0 0
P 95 151 255 0 0
P 96 151 255 0 0
P 97 151 255 0 0
P 98 151 255 0 0
P 99 151 255 0 0
P 100 151 255 0 0
P 101 151 255 0 0
P 102 151 255 0 0
P 103 151 255 0 0
P 104 151 255 0 0
P 105 151 255 0 0
P 106 151 255 0 0
P 107 151 255 0 0
P 108 151 255 0 0
P 109 151 255 0 0
P 110 151 255 0 0
P 111 151 255 0 0
P 112 151 255 0 0
P 113 151 255 0 0
P 114 151 255 0 0
P 115 151 255 0 0
P 116 151 255 0 0
P 117 151 255 0 0
P 118 151 255 0 0
P 119 151 255 0 0
P 120 151 255 0 0
P 121 151 255 0 0
P 122 151 255 0 0
P 123 151 255 0 0
P 124 151 255 0 0
P 125 151 255 0 0
P 126 151 255 0 0
P 127 151 255 0 0
P 128 151 255 0 0
P 129 151 255 0 0
P 130 151 255 0 0
P 131 151 255 0 0
P 132 151 255 0 0
P 133 151 255 0 0
P 134 151 255 0 0
P 135 151 255 0 0
P 136 151 255 0 0
P 137 151 255 0 0
P 138 151 255 0 0
P 139 151 255 0 0
P 140 151 255 0 0
P 141 151 255 0 0
P 142 151 255 0 0
P 143 151 255 0 0
P 144 151 255 0 0
P 145 151 255 0 0
P 146 151 255 0 0
P 147 151 255 0 0
P 148 151 255 0 0
P 149 151 255 0 0
P 150 151 255 0 0
P 151 151 255 0 0
P 152 151 255 0 0
P 153 151 255 0 0
P 154 151 255 0 0
P 155 151 255 0 0
P 156 151 255 0 0
P 157 151 255 0 0
P 158 151 255 0 0
P 159 151 255 0 0
P 160 151 255 0 0
P 161 151 255 0 0
P 162 151 255 0 0
P 163 151 255 0 0
P 164 151 255 0 0
P 165 151 255 0 0
P 166 151 255 0 0
P 167 151 0 255 0
P 168 151 0 255 0
P 169 151 0 255 0
P 170 151 0 255 0
P 171 151 0 255 0
P 172 151 0 255 0
P 173 151 0 255 0
P 174 151 0 255 0
P 175 151 0 255 0
P 176 151 0 255 0
P 177 151 0 255 0
P 178 151 0 255 0
P 179 151 0 255 0
P 180 151 0 255 0
P 181 151 0 255 0
P 182 151 0 255 0
P 183 151 0 255 0
P 184 151 0 255 0
P 185 151 0 255 0
P 186 151 0 255 0
P 187 151 0 255 0
P 188 151 0 255 0
P 189 151 0 255 0
P 190 151 0 255 0
P 191 151 0 255 0
P 192 151 0 255 0
P 193 151 0 255 0
P 194 151 0 255 0
P 195 151 0 255 0
P 196 151 0 255 0
P 197 151 0 255 0
P 198 151 0 255 0
P 199 151 0 255 0
P 40 152 255 0 0
P 41 152 255 0 0
P 42 152 255 0 0
P 43 152 255 0 0
P 44 152 255 0 0
P 45 152 255 0 0
P 46 152 255 0 0
P 47 152 255 0 0
P 48 152 255 0 0
P 49 152 255 0 0
P 50 152 255 0 0
P 51 152 255 0 0
P 52 152 255 0 0
P 53 152 255 0 0
P 54 152 255 0 0
P 55 152 255 0 0
P 56 152 255 0 0
P 57 152 255 0 0
P 58 152 255 0 0
P 59 152 255 0 0
P 60 152 255 0 0
P 61 152 255 0 0
P 62 152 255 0 0
P 63 152 255 0 0
P 64 152 255 0 0
P 65 152 255 0 0
P 66 152 255 0 0
P 67 152 255 0 0
P 68 152 255 0 0
P 69 152 255 0 0
P 70 152 255 0 0
P 71 152 255 0 0
P 72 152 255 0 0
P 73 152 255 0 0
P 74 152 255 0 0
P 75 152 255 0 0
P 76 152 255 0 0
P 77 152 255 0 0
P 78 152 255 0 0
P 79 152 255 0 0
P 80 152 255 0 0
P 81 152 255 0 0
P 82 152 255 0 0
P 83 152 255 0 0
P 84 152 255 0 0
P 85 152 255 0 0
P 86 152 255 0 0
P 87 152 255 0 0
P 88 152 255 0 0
P 89 152 255 0 0
P 90 152 255 0 0
P 91 152 255 0 0
P 92 152 255 0 0
P 93 152 255 0 0
P 94 152 255 0 0
P 95 152 255 0 0
P 96 152 255 0 0
P 97 152 255 0 0
P 98 152 255 0 0
P 99 152 255 0 0
P 100 152 255 0 0
P 101 152 255 0 0
P 102 152 255 0 0
P 103 152 255 0 0
P 104 152 255 0 0
P 105 152 255 0 0
P 106 152 255 0 0
P 107 152 255 0 0
P 108 152 255 0 0
P 109 152 255 0 0
P 110 152 255 0 0
P 111 152 255 0 0
P 112 152 255 0 0
P 113 152 255 0 0
P 114 152 255 0 0
P 115 152 255 0 0
P 116 152 255 0 0
P 117 152 255 0 0
P 118 152 255 0 0
P 119 152 255 0 0
P 120 152 255 0 0
P 121 152 255 0 0
P 122 152 255 0 0
P 123 152 255 0 0
P 124 152 255 0 0
P 125 152 255 0 0
P 126 152 255 0 0
P 127 152 255 0 0
P 128 152 255 0 0
P 129 152 255 0 0
P 130 152 255 0 0
P 131 152 255 0 0
P 132 152 255 0 0
P 133 152 255 0 0
P 134 152 255 0 0
P 135 152 255 0 0
P 136 152 255 0 0
P 137 152 255 0 0
P 138 152 255 0 0
P 139 152 255 0 0
P 140 152 255 0 0
P 141 152 255 0 0
P 142 152 255 0 0
P 143 152 255 0 0
P 144 152 255 0 0
P 145 152 255 0 0
P 146 152 255 0 0
P 147 152 255 0 0
P 148 152 255 0 0
P 149 152 255 0 0
P 150 152 255 0 0
P 151 152 255 0 0
P 152 152 255 0 0
P 153 152 255 0 0
P 154 152 255 0 0
P 155 152 255 0 0
P 156 152 255 0 0
P 157 152 255 0 0
P 158 152 255 0 0
P 159 152 255 0 0
P 160 152 255 0 0
P 161 152 255 0 0
P 162 152 255 0 0
P 163 152 255 0 0
P 164 152 255 0 0
P 165 152 255 0 0
P 166 152 255 0 0
P 167 152 255 0 0
P 168 152 255 0 0
P 169 152 0 255 0
P 170 152 0 255 0
P 171 152 0 255 0
P 172 152 0 255 0
P 173 152 0 255 0
P 174 152 0 255 0
P 175 152 0 255 0
P 176 152 0 255 0
P 177 152 0 255 0
P 178 152 0 255 0
P 179 152 0 255 0
P 180 152 0 255 0
P 181 152 0 255 0
P 182 152 0 255 0
P 183 152 0 255 0
P 184 152 0 255 0
P 185 152 0 255 0
P 186 152 0 255 0
P 187 152 0 255 0
P 188 152 0 255 0
P 189 152 0 255 0
P 190 152 0 255 0
P 191 152 0 255 0
P 192 152 0 255 0
P 193 152 0 255 0
P 194 152 0 255 0
P 195 152 0 255 0
P 196 152 0 255 0
P 197 152 0 255 0
P 198 152 0 255 0
P 199 152 0 255 0
P 40 153 255 0 0
P 41 153 255 0 0
P 42 153 255 0 0
P 43 153 255 0 0
P 44 153 255 0 0
P 45 153 255 0 0
P 46 153 255 0 0
P 47 153 255 0 0
P 48 153 255 0 0
P 49 153 255 0 0
P 50 153 255 0 0
P 51 153 255 0 0
P 52 153 255 0 0
P 53 153 255 0 0
P 54 153 255 0 0
P 55 153 255 0 0
P 56 153 255 0 0
P 57 153 255 0 0
P 58 153 255 0 0
P 59 153 255 0 0
P 60 153 255 0 0
P 61 153 255 0 0
P 62 153 255 0 0
P 63 153 255 0 0
P 64 153 255 0 0
P 65 153 255 0 0
P 66 153 255 0 0
P 67 153 255 0 0
P 68 153 255 0 0
P 69 153 255 0 0
P 70 153 255 0 0
P 71 153 255 0 0
P 72 153 255 0 0
P 73 153 255 0 0
P 74 153 255 0 0
P 75 153 255 0 0
P 76 153 255 0 0
P 77 153 255 0 0
P 78 153 255 0 0
P 79 153 255 0 0
P 80 153 255 0 0
P 81 153 255 0 0
P 82 153 255 0 0
P 83 153 255 0 0
P 84 153 255 0 0
P 85 153 255 0 0
P 86 153 255 0 0
P 87 153 255 0 0
P 88 153 255 0 0
P 89 153 255 0 0
P 90 153 255 0 0
P 91 153 255 0 0
P 92 153 255 0 0
P 93 153 255 0 0
P 94 153 255 0 0
P 95 153 255 0 0
P 96 153 255 0 0
P 97 153 255 0 0
P 98 153 255 0 0
P 99 153 255 0 0
P 100 153 255 0 0
P 101 153 255 0 0
P 102 153 255 0 0
P 103 153 255 0 0
P 104 153 255 0 0
P 105 153 255 0 0
P 106 153 255 0 0
P 107 153 255 0 0
P 108 153 255 0 0
P 109 153 255 0 0
P 110 153 255 0 0
P 111 153 255 0 0
P 112 153 255 0 0
P 113 153 255 0 0
P 114 153 255 0 0
P 115 153 255 0 0
P 116 153 255 0 0
P 117 153 255 0 0
P 118 153 255 0 0
P 119 153 255 0 0
P 120 153 255 0 0
P 121 153 255 0 0
P 122 153 255 0 0
P 123 153 255 0 0
P 124 153 255 0 0
P 125 153 255 0 0
P 126 153 255 0 0
P 127 153 255 0 0
P 128 153 255 0 0
P 129 153 255 0 0
P 130 153 255 0 0
P 131 153 255 0 0
P 132 153 255 0 0
P 133 153 255 0 0
P 134 153 255 0 0
P 135 153 255 0 0
P 136 153 255 0 0
P 137 153 255 0 0
P 138 153 255 0 0
P 139 153 255 0 0
P 140 153 255 0 0
P 141 153 255 0 0
P 142 153 255 0 0
P 143 153 255 0 0
P 144 153 255 0 0
P 145 153 255 0 0
P 146 153 255 0 0
P 147 153 255 0 0
P 148 153 255 0 0
P 149 153 255 0 0
P 150 153 255 0 0
P 151 153 255 0 0
P 152 153 255 0 0
P 153 153 255 0 0
P 154 153 255 0 0
P 155 153 255 0 0
P 156 153 255 0 0
P 157 153 255 0 0
P 158 153 255 0 0
P 159 153 255 0 0
P 160 153 255 0 0
P 161 153 255 0 0
P 162 153 255 0 0
P 163 153 255 0 0
P 164 153 255 0 0
P 165 153 255 0 0
P 166 153 255 0 0
P 167 153 255 0 0
P 168 153 255 0 0
P 169 153 255 0 0
P 170 153 0 255 0
P 171 153 0 255 0
P 172 153 0 255 0
P 173 153 0 255 0
P 174 153 0 255 0
P 175 153 0 255 0
P 176 153 0 255 0
P 177 153 0 255 0
P 178 153 0 255 0
P 179 153 0 255 0
P 180 153 0 255 0
P 181 153 0 255 0
P 182 153 0 255 0
P 183 153 0 255 0
P 184 153 0 255 0
P 185 153 0 255 0
P 186 153 0 255 0
P 187 153 0 255 0
P 188 153 0 255 0
P 189 153 0 255 0
P 190 153 0 255 0
P 191 153 0 255 0
P 192 153 0 255 0
P 193 153 0 255 0
P 194 153 0 255 0
P 195 153 0 255 0
P 196 153 0 255 0
P 197 153 0 255 0
P 198 153 0 255 0
P 199 153 0 255 0
P 40 154 255 0 0
P 41 154 255 0 0
P 42 154 255 0 0
P 43 154 255 0 0
P 44 154 255 0 0
P 45 154 255 0 0
P 46 154 255 0 0
P 47 154 255 0 0
P 48 154 255 0 0
P 49 154 255 0 0
P 50 154 255 0 0
P 51 154 255 0 0
P 52 154 255 0 0
P 53 154 255 0 0
P 54 154 255 0 0
P 55 154 255 0 0
P 56 154 255 0 0
P 57 154 255 0 0
P 58 154 255 0 0
P 59 154 255 0 0
P 60 154 255 0 0
P 61 154 255 0 0
P 62 154 255 0 0
P 63 154 255 0 0
P 64 154 255 0 0
P 65 154 255 0 0
P 66 154 255 0 0
P 67 154 255 0 0
P 68 154 255 0 0
P 69 154 255 0 0
P 70 154 255 0 0
P 71 154 255 0 0
P 72 154 255 0 0
P 73 154 255 0 0
P 74 154 255 0 0
P 75 154 255 0 0
P 76 154 255 0 0
P 77 154 255 0 0
P 78 154 255 0 0
P 79 154 255 0 0
P 80 154 255 0 0
P 81 154 255 0 0
P 82 154 255 0 0
P 83 154 255 0 0
P 84 154 255 0 0
P 85 154 255 0 0
P 86 154 255 0 0
P 87 154 255 0 0
P 88 154 255 0 0
P 89 154 255 0 0
P 90 154 255 0 0
P 91 154 255 0 0
P 92 154 255 0 0
P 93 154 255 0 0
P 94 154 255 0 0
P 95 154 255 0 0
P 96 154 255 0 0
P 97 154 255 0 0
P 98 154 255 0 0
P 99 154 255 0 0
P 100 154 255 0 0
P 101 154 255 0 0
P 102 154 255 0 0
P 103 154 255 0 0
P 104 154 255 0 0
P 105 154 255 0 0
P 106 154 255 0 0
P 107 154 255 0 0
P 108 154 255 0 0
P 109 154 255 0 0
P 110 154 255 0 0
P 111 154 255 0 0
P 112 154 255 0 0
P 113 154 255 0 0
P 114 154 255 0 0
P 115 154 255 0 0
P 116 154 255 0 0
P 117 154 255 0 0
P 118 154 255 0 0
P 119 154 255 0 0
P 120 154 255 0 0
P 121 154 255 0 0
P 122 154 255 0 0
P 123 154 255 0 0
P 124 154 255 0 0
P 125 154 255 0 0
P 126 154 255 0 0
P 127 154 255 0 0
P 128 154 255 0 0
P 129 154 255 0 0
P 130 154 255 0 0
P 131 154 255 0 0
P 132 154 255 0 0
P 133 154 255 0 0
P 134 154 255 0 0
P 135 154 255 0 0
P 136 154 255 0 0
P 137 154 255 0 0
P 138 154 255 0 0
P 139 154 255 0 0
P 140 154 255 0 0
P 141 154 255 0 0
P 142 154 255 0 0
P 143 154 255 0 0
P 144 154 255 0 0
P 145 154 255 0 0
P 146 154 255 0 0
P 147 154 255 0 0
P 148 154 255 0 0
P 149 154 255 0 0
P 150 154 255 0 0
P 151 154 255 0 0
P 152 154 255 0 0
P 153 154 255 0 0
P 154 154 255 0 0
P 155 154 255 0 0
P 156 154 255 0 0
P 157 154 255 0 0
P 158 154 255 0 0
P 159 154 255 0 0
P 160 154 255 0 0
P 161 154 255 0 0
P 162 154 255 0 0
P 163 154 255 0 0
P 164 154 255 0 0
P 165 154 255 0 0
P 166 154 255 0 0
P 167 154 255 0 0
P 168 154 255 0 0
P 169 154 255 0 0
P 170 154 255 0 0
P 171 154 0 255 0
P 172 154 0 255 0
P 173 154 0 255 0
P 174 154 0 255 0
P 175 154 0 255 0
P 176 154 0 255 0
P 177 154 0 255 0
P 178 154 0 255 0
P 179 154 0 255 0
P 180 154 0 255 0
P 181 154 0 255 0
P 182 154 0 255 0
P 183 154 0 255 0
P 184 154 0 255 0
P 185 154 0 255 0
P 186 154 0 255 0
P 187 154 0 255 0
P 188 154 0 255 0
P 189 154 0 255 0
P 190 154 0 255 0
P 191 154 0 255 0
P 192 154 0 255 0
P 193 154 0 255 0
P 194 154 0 255 0
P 195 154 0 255 0
P 196 154 0 255 0
P 197 154 0 255 0
P 198 154 0 255 0
P 199 154 0 255 0
P 40 155 255 0 0
P 41 155 255 0 0
P 42 155 255 0 0
P 43 155 255 0 0
P 44 155 255 0 0
P 45 155 255 0 0
P 46 155 255 0 0
P 47 155 255 0 0
P 48 155 255 0 0
P 49 155 255 0 0
P 50 155 255 0 0
P 51 155 255 0 0
P 52 155 255 0 0
P 53 155 255 0 0
P 54 155 255 0 0
P 55 155 255 0 0
P 56 155 255 0 0
P 57 155 255 0 0
P 58 155 255 0 0
P 59 155 255 0 0
P 60 155 255 0 0
P 61 155 255 0 0
P 62 155 255 0 0
P 63 155 255 0 0
P 64 155 255 0 0
P 65 155 255 0 0
P 66 155 255 0 0
P 67 155 255 0 0
P 68 155 255 0 0
P 69 155 255 0 0
P 70 155 255 0 0
P 71 155 255 0 0
P 72 155 255 0 0
P 73 155 255 0 0
P 74 155 255 0 0
P 75 155 255 0 0
P 76 155 255 0 0
P 77 155 255 0 0
P 78 155 255 0 0
P 79 155 255 0 0
P 80 155 255 0 0
P 81 155 255 0 0
P 82 155 255 0 0
P 83 155 255 0 0
P 84 155 255 0 0
P 85 155 255 0 0
P 86 155 255 0 0
P 87 155 255 0 0
P 88 155 255 0 0
P 89 155 255 0 0
P 90 155 255 0 0
P 91 155 255 0 0
P 92 155 255 0 0
P 93 155 255 0 0
P 94 155 255 0 0
P 95 155 255 0 0
P 96 155 255 0 0
P 97 155 255 0 0
P 98 155 255 0 0
P 99 155 255 0 0
P 100 155 255 0 0
P 101 155 255 0 0
P 102 155 255 0 0
P 103 155 255 0 0
P 104 155 255 0 0
P 105 155 255 0 0
P 106 155 255 0 0
P 107 155 255 0 0
P 108 155 255 0 0
P 109 155 255 0 0
P 110 155 255 0 0
P 111 155 255 0 0
P 112 155 255 0 0
P 113 155 255 0 0
P 114 155 255 0 0
P 115 155 255 0 0
P 116 155 255 0 0
P 117 155 255 0 0
P 118 155 255 0 0
P 119 155 255 0 0
P 120 155 255 0 0
P 121 155 255 0 0
P 122 155 255 0 0
P 123 155 255 0 0
P 124 155 255 0 0
P 125 155 255 0 0
P 126 155 255 0 0
P 127 155 255 0 0
P 128 155 255 0 0
P 129 155 255 0 0
P 130 155 255 0 0
P 131 155 255 0 0
P 132 155 255 0 0
P 133 155 255 0 0
P 134 155 255 0 0
P 135 155 255 0 0
P 136 155 255 0 0
P 137 155 255 0 0
P 138 155 255 0 0
P 139 155 255 0 0
P 140 155 255 0 0
P 141 155 255 0 0
P 142 155 255 0 0
P 143 155 255 0 0
P 144 155 255 0 0
P 145 155 255 0 0
P 146 155 255 0 0
P 147 155 255 0 0
P 148 155 255 0 0
P 149 155 255 0 0
P 150 155 255 0 0
P 151 155 255 0 0
P 152 155 255 0 0
P 153 155 255 0 0
P 154 155 255 0 0
P 155 155 255 0 0
P 156 155 255 0 0
P 157 155 255 0 0
P 158 155 255 0 0
P 159 155 255 0 0
P 160 155 255 0 0
P 161 155 255 0 0
P 162 155 255 0 0
P 163 155 255 0 0
P 164 155 255 0 0
P 165 155 255 0 0
P 166 155 255 0 0
P 167 155 255 0 0
P 168 155 255 0 0
P 169 155 255 0 0
P 170 155 255 0 0
P 171 155 255 0 0
P 172 155 0 255 0
P 173 155 0 255 0
P 174 155 0 255 0
P 175 155 0 255 0
P 176 155 0 255 0
P 177 155 0 255 0
P 178 155 0 255 0
P 179 155 0 255 0
P 180 155 0 255 0
P 181 155 0 255 0
P 182 155 0 255 0
P 183 155 0 255 0
P 184 155 0 255 0
P 185 155 0 255 0
P 186 155 0 255 0
P 187 155 0 255 0
P 188 155 0 255 0
P 189 155 0 255 0
P 190 155 0 255 0
P 191 155 0 255 0
P 192 155 0 255 0
P 193 155 0 255 0
P 194 155 0 255 0
P 195 155 0 255 0
P 196 155 0 255 0
P 197 155 0 255 0
P 198 155 0 255 0
P 199 155 0 255 0
P 40 156 255 0 0
P 41 156 255 0 0
P 42 156 255 0 0
P 43 156 255 0 0
P 44 156 255 0 0
P 45 156 255 0 0
P 46 156 255 0 0
P 47 156 255 0 0
P 48 156 255 0 0
P 49 156 255 0 0
P 50 156 255 0 0
P 51 156 255 0 0
P 52 156 255 0 0
P 53 156 255 0 0
P 54 156 255 0 0
P 55 156 255 0 0
P 56 156 255 0 0
P 57 156 255 0 0
P 58 156 255 0 0
P 59 156 255 0 0
P 60 156 255 0 0
P 61 156 255 0 0
P 62 156 255 0 0
P 63 156 255 0 0
P 64 156 255 0 0
P 65 156 255 0 0
P 66 156 255 0 0
P 67 156 255 0 0
P 68 156 255 0 0
P 69 156 255 0 0
P 70 156 255 0 0
P 71 156 255 0 0
P 72 156 255 0 0
P 73 156 255 0 0
P 74 156 255 0 0
P 75 156 255 0 0
P 76 156 255 0 0
P 77 156 255 0 0
P 78 156 255 0 0
P 79 156 255 0 0
P 80 156 255 0 0
P 81 156 255 0 0
P 82 156 255 0 0
P 83 156 255 0 0
P 84 156 255 0 0
P 85 156 255 0 0
P 86 156 255 0 0
P 87 156 255 0 0
P 88 156 255 0 0
P 89 156 255 0 0
P 90 156 255 0 0
P 91 156 255 0 0
P 92 156 255 0 0
P 93 156 255 0 0
P 94 156 255 0 0
P 95 156 255 0 0
P 96 156 255 0 0
P 97 156 255 0 0
P 98 156 255 0 0
P 99 156 255 0 0
P 100 156 255 0 0
P 101 156 255 0 0
P 102 156 255 0 0
P 103 156 255 0 0
P 104 156 255 0 0
P 105 156 255 0 0
P 106 156 255 0 0
P 107 156 255 0 0
P 108 156 255 0 0
P 109 156 255 0 0
P 110 156 255 0 0
P 111 156 255 0 0
P 112 156 255 0 0
P 113 156 255 0 0
P 114 156 255 0 0
P 115 156 255 0 0
P 116 156 255 0 0
P 117 156 255 0 0
P 118 156 255 0 0
P 119 156 255 0 0
P 120 156 255 0 0
P 121 156 255 0 0
P 122 156 255 0 0
P 123 156 255 0 0
P 124 156 255 0 0
P 125 156 255 0 0
P 126 156 255 0 0
P 127 156 255 0 0
P 128 156 255 0 0
P 129 156 255 0 0
P 130 156 255 0 0
P 131 156 255 0 0
P 132 156 255 0 0
P 133 156 255 0 0
P 134 156 255 0 0
P 135 156 255 0 0
P 136 156 255 0 0
P 137 156 255 0 0
P 138 156 255 0 0
P 139 156 255 0 0
P 140 156 255 0 0
P 141 156 255 0 0
P 142 156 255 0 0
P 143 156 255 0 0
P 144 156 255 0 0
P 145 156 255 0 0
P 146 156 255 0 0
P 147 156 255 0 0
P 148 156 255 0 0
P 149 156 255 0 0
P 150 156 255 0 0
P 151 156 255 0 0
P 152 156 255 0 0
P 153 156 255 0 0
P 154 156 255 0 0
P 155 156 255 0 0
P 156 156 255 0 0
P 157 156 255 0 0
P 158 156 255 0 0
P 159 156 255 0 0
P 160 156 255 0 0
P 161 156 255 0 0
P 162 156 255 0 0
P 163 156 255 0 0
P 164 156 255 0 0
P 165 156 255 0 0
P 166 156 255 0 0
P 167 156 255 0 0
P 168 156 255 0 0
P 169 156 255 0 0
P 170 156 255 0 0
P 171 156 255 0 0
P 172 156 255 0 0
P 173 156 0 255 0
P 174 156 0 255 0
P 175 156 0 255 0
P 176 156 0 255 0
P 177 156 0 255 0
P 178 156 0 255 0
P 179 156 0 255 0
P 180 156 0 255 0
P 181 156 0 255 0
P 182 156 0 255 0
P 183 156 0 255 0
P 184 156 0 255 0
P 185 156 0 255 0
P 186 156 0 255 0
P 187 156 0 255 0
P 188 156 0 255 0
P 189 156 0 255 0
P 190 156 0 255 0
P 191 156 0 255 0
P 192 156 0 255 0
P 193 156 0 255 0
P 194 156 0 255 0
P 195 156 0 255 0
P 196 156 0 255 0
P 197 156 0 255 0
P 198 156 0 255 0
P 199 156 0 255 0
P 40 157 255 0 0
P 41 157 255 0 0
P 42 157 255 0 0
P 43 157 255 0 0
P 44 157 255 0 0
P 45 157 255 0 0
P 46 157 255 0 0
P 47 157 255 0 0
P 48 157 255 0 0
P 49 157 255 0 0
P 50 157 255 0 0
P 51 157 255 0 0
P 52 157 255 0 0
P 53 157 255 0 0
P 54 157 255 0 0
P 55 157 255 0 0
P 56 157 255 0 0
P 57 157 255 0 0
P 58 157 255 0 0
P 59 157 255 0 0
P 60 157 255 0 0
P 61 157 255 0 0
P 62 157 255 0 0
P 63 157 255 0 0
P 64 157 255 0 0
P 65 157 255 0 0
P 66 157 255 0 0
P 67 157 255 0 0
P 68 157 255 0 0
P 69 157 255 0 0
P 70 157 255 0 0
P 71 157 255 0 0
P 72 157 255 0 0
P 73 157 255 0 0
P 74 157 255 0 0
P 75 157 255 0 0
P 76 157 255 0 0
P 77 157 255 0 0
P 78 157 255 0 0
P 79 157 255 0 0
P 80 157 255 0 0
P 81 157 255 0 0
P 82 157 255 0 0
P 83 157 255 0 0
P 84 157 255 0 0
P 85 157 255 0 0
P 86 157 255 0 0
P 87 157 255 0 0
P 88 157 255 0 0
P 89 157 255 0 0
P 90 157 255 0 0
P 91 157 255 0 0
P 92 157 255 0 0
P 93 157 255 0 0
P 94 157 255 0 0
P 95 157 255 0 0
P 96 157 255 0 0
P 97 157 255 0 0
P 98 157 255 0 0
P 99 157 255 0 0
P 100 157 255 0 0
P 101 157 255 0 0
P 102 157 255 0 0
P 103 157 255 0 0
P 104 157 255 0 0
P 105 157 255 0 0
P 106 157 255 0 0
P 107 157 255 0 0
P 108 157 255 0 0
P 109 157 255 0 0
P 110 157 255 0 0
P 111 157 255 0 0
P 112 157 255 0 0
P 113 157 255 0 0
P 114 157 255 0 0
P 115 157 255 0 0
P 116 157 255 0 0
P 117 157 255 0 0
P 118 157 255 0 0
P 119 157 255 0 0
P 120 157 255 0 0
P 121 157 255 0 0
P 122 157 255 0 0
P 123 157 255 0 0
P 124 157 255 0 0
P 125 157 255 0 0
P 126 157 255 0 0
P 127 157 255 0 0
P 128 157 255 0 0
P 129 157 255 0 0
P 130 157 255 0 0
P 131 157 255 0 0
P 132 157 255 0 0
P 133 157 255 0 0
P 134 157 255 0 0
P 135 157 255 0 0
P 136 157 255 0 0
P 137 157 255 0 0
P 138 157 255 0 0
P 139 157 255 0 0
P 140 157 255 0 0
P 141 157 255 0 0
P 142 157 255 0 0
P 143 157 255 0 0
P 144 157 255 0 0
P 145 157 255 0 0
P 146 157 255 0 0
P 147 157 255 0 0
P 148 157 255 0 0
P 149 157 255 0 0
P 150 157 255 0 0
P 151 157 255 0 0
P 152 157 255 0 0
P 153 157 255 0 0
P 154 157 255 0 0
P 155 157 255 0 0
P 156 157 255 0 0
P 157 157 255 0 0
P 158 157 255 0 0
P 159 157 255 0 0
P 160 157 255 0 0
P 161 157 255 0 0
P 162 157 255 0 0
P 163 157 255 0 0
P 164 157 255 0 0
P 165 157 255 0 0
P 166 157 255 0 0
P 167 157 255 0 0
P 168 157 255 0 0
P 169 157 255 0 0
P 170 157 255 0 0
P 171 157 255 0 0
P 172 157 255 0 0
P 173 157 255 0 0
P 174 157 0 255 0
P 175 157 0 255 0
P 176 157 0 255 0
P 177 157 0 255 0
P 178 157 0 255 0
P 179 157 0 255 0
P 180 157 0 255 0
P 181 157 0 255 0
P 182 157 0 255 0
P 183 157 0 255 0
P 184 157 0 255 0
P 185 157 0 255 0
P 186 157 0 255 0
P 187 157 0 255 0
P 188 157 0 255 0
P 189 157 0 255 0
P 190 157 0 255 0
P 191 157 0 255 0
P 192 157 0 255 0
P 193 157 0 255 0
P 194 157 0 255 0
P 195 157 0 255 0
P 196 157 0 255 0
P 197 157 0 255 0
P 198 157 0 255 0
P 199 157 0 255 0
P 40 158 255 0 0
P 41 158 255 0 0
P 42 158 255 0 0
P 43 158 255 0 0
P 44 158 255 0 0
P 45 158 255 0 0
P 46 158 255 0 0
P 47 158 255 0 0
P 48 158 255 0 0
P 49 158 255 0 0
P 50 158 255 0 0
P 51 158 255 0 0
P 52 158 255 0 0
P 53 158 255 0 0
P 54 158 255 0 0
P 55 158 255 0 0
P 56 158 255 0 0
P 57 158 255 0 0
P 58 158 255 0 0
P 59 158 255 0 0
P 60 158 255 0 0
P 61 158 255 0 0
P 62 158 255 0 0
P 63 158 255 0 0
P 64 158 255 0 0
P 65 158 255 0 0
P 66 158 255 0 0
P 67 158 255 0 0
P 68 158 255 0 0
P 69 158 255 0 0
P 70 158 255 0 0
P 71 158 255 0 0
P 72 158 255 0 0
P 73 158 255 0 0
P 74 158 255 0 0
P 75 158 255 0 0
P 76 158 255 0 0
P 77 158 255 0 0
P 78 158 255 0 0
P 79 158 255 0 0
P 80 158 255 0 0
P 81 158 255 0 0
P 82 158 255 0 0
P 83 158 255 0 0
P 84 158 255 0 0
P 85 158 255 0 0
P 86 158 255 0 0
P 87 158 255 0 0
P 88 158 255 0 0
P 89 158 255 0 0
P 90 158 255 0 0
P 91 158 255 0 0
P 92 158 255 0 0
P 93 158 255 0 0
P 94 158 255 0 0
P 95 158 255 0 0
P 96 158 255 0 0
P 97 158 255 0 0
P 98 158 255 0 0
P 99 158 255 0 0
P 100 158 255 0 0
P 101 158 255 0 0
P 102 158 255 0 0
P 103 158 255 0 0
P 104 158 255 0 0
P 105 158 255 0 0
P 106 158 255 0 0
P 107 158 255 0 0
P 108 158 255 0 0
P 109 158 255 0 0
P 110 158 255 0 0
P 111 158 255 0 0
P 112 158 255 0 0
P 113 158 255 0 0
P 114 158 255 0 0
P 115 158 255 0 0
P 116 158 255 0 0
P 117 158 255 0 0
P 118 158 255 0 0
P 119 158 255 0 0
P 120 158 255 0 0
P 121 158 255 0 0
P 122 158 255 0 0
P 123 158 255 0 0
P 124 158 255 0 0
P 125 158 255 0 0
P 126 158 255 0 0
P 127 158 255 0 0
P 128 158 255 0 0
P 129 158 255 0 0
P 130 158 255 0 0
P 131 158 255 0 0
P 132 158 255 0 0
P 133 158 255 0 0
P 134 158 255 0 0
P 135 158 255 0 0
P 136 158 255 0 0
P 137 158 255 0 0
P 138 158 255 0 0
P 139 158 255 0 0
P 140 158 255 0 0
P 141 158 255 0 0
P 142 158 255 0 0
P 143 158 255 0 0
P 144 158 255 0 0
P 145 158 255 0 0
P 146 158 255 0 0
P 147 158 255 0 0
P 148 158 255 0 0
P 149 158 255 0 0
P 150 158 255 0 0
P 151 158 255 0 0
P 152 158 255 0 0
P 153 158 255 0 0
P 154 158 255 0 0
P 155 158 255 0 0
P 156 158 255 0 0
P 157 158 255 0 0
P 158 158 255 0 0
P 159 158 255 0 0
P 160 158 255 0 0
P 161 158 255 0 0
P 162 158 255 0 0
P 163 158 255 0 0
P 164 158 255 0 0
P 165 158 255 0 0
P 166 158 255 0 0
P 167 158 255 0 0
P 168 158 255 0 0
P 169 158 255 0 0
P 170 158 255 0 0
P 171 158 255 0 0
P 172 158 255 0 0
P 173 158 255 0 0
P 174 158 255 0 0
P 175 158 0 255 0
P 176 158 0 255 0
P 177 158 0 255 0
P 178 158 0 255 0
P 179 158 0 255 0
P 180 158 0 255 0
P 181 158 0 255 0
P 182 158 0 255 0
P 183 158 0 255 0
P 184 158 0 255 0
P 185 158 0 255 0
P 186 158 0 255 0
P 187 158 0 255 0
P 188 158 0 255 0
P 189 158 0 255 0
P 190 158 0 255 0
P 191 158 0 255 0
P 192 158 0 255 0
P 193 158 0 255 0
P 194 158 0 255 0
P 195 158 0 255 0
P 196 158 0 255 0
P 197 158 0 255 0
P 198 158 0 255 0
P 199 158 0 255 0
P 40 159 255 0 0
P 41 159 255 0 0
P 42 159 255 0 0
P 43 159 255 0 0
P 44 159 255 0 0
P 45 159 255 0 0
P 46 159 255 0 0
P 47 159 255 0 0
P 48 159 255 0 0
P 49 159 255 0 0
P 50 159 255 0 0
P 51 159 255 0 0
P 52 159 255 0 0
P 53 159 255 0 0
P 54 159 255 0 0
P 55 159 255 0 0
P 56 159 255 0 0
P 57 159 255 0 0
P 58 159 255 0 0
P 59 159 255 0 0
P 60 159 255 0 0
P 61 159 255 0 0
P 62 159 255 0 0
P 63 159 255 0 0
P 64 159 255 0 0
P 65 159 255 0 0
P 66 159 255 0 0
P 67 159 255 0 0
P 68 159 255 0 0
P 69 159 255 0 0
P 70 159 255 0 0
P 71 159 255 0 0
P 72 159 255 0 0
P 73 159 255 0 0
P 74 159 255 0 0
P 75 159 255 0 0
P 76 159 255 0 0
P 77 159 255 0 0
P 78 159 255 0 0
P 79 159 255 0 0
P 80 159 255 0 0
P 81 159 255 0 0
P 82 159 255 0 0
P 83 159 255 0 0
P 84 159 255 0 0
P 85 159 255 0 0
P 86 159 255 0 0
P 87 159 255 0 0
P 88 159 255 0 0
P 89 159 255 0 0
P 90 159 255 0 0
P 91 159 255 0 0
P 92 159 255 0 0
P 93 159 255 0 0
P 94 159 255 0 0
P 95 159 255 0 0
P 96 159 255 0 0
P 97 159 255 0 0
P 98 159 255 0 0
P 99 159 255 0 0
P 100 159 255 0 0
P 101 159 255 0 0
P 102 159 255 0 0
P 103 159 255 0 0
P 104 159 255 0 0
P 105 159 255 0 0
P 106 159 255 0 0
P 107 159 255 0 0
P 108 159 255 0 0
P 109 159 255 0 0
P 110 159 255 0 0
P 111 159 255 0 0
P 112 159 255 0 0
P 113 159 255 0 0
P 114 159 255 0 0
P 115 159 255 0 0
P 116 159 255 0 0
P 117 159 255 0 0
P 118 159 255 0 0
P 119 159 255 0 0
P 120 159 255 0 0
P 121 159 255 0 0
P 122 159 255 0 0
P 123 159 255 0 0
P 124 159 255 0 0
P 125 159 255 0 0
P 126 159 255 0 0
P 127 159 255 0 0
P 128 159 255 0 0
P 129 159 255 0 0
P 130 159 255 0 0
P 131 159 255 0 0
P 132 159 255 0 0
P 133 159 255 0 0
P 134 159 255 0 0
P 135 159 255 0 0
P 136 159 255 0 0
P 137 159 255 0 0
P 138 159 255 0 0
P 139 159 255 0 0
P 140 159 255 0 0
P 141 159 255 0 0
P 142 159 255 0 0
P 143 159 255 0 0
P 144 159 255 0 0
P 145 159 255 0 0
P 146 159 255 0 0
P 147 159 255 0 0
P 148 159 255 0 0
P 149 159 255 0 0
P 150 159 255 0 0
P 151 159 255 0 0
P 152 159 255 0 0
P 153 159 255 0 0
P 154 159 255 0 0
P 155 159 255 0 0
P 156 159 255 0 0
P 157 159 255 0 0
P 158 159 255 0 0
P 159 159 255 0 0
P 160 159 255 0 0
P 161 159 255 0 0
P 162 159 255 0 0
P 163 159 255 0 0
P 164 159 255 0 0
P 165 159 255 0 0
P 166 159 255 0 0
P 167 159 255 0 0
P 168 159 255 0 0
P 169 159 255 0 0
P 170 159 255 0 0
P 171 159 255 0 0
P 172 159 255 0 0
P 173 159 255 0 0
P 174 159 255 0 0
P 175 159 255 0 0
P 176 159 255 0 0
P 177 159 0 255 0
P 178 159 0 255 0
P 179 159 0 255 0
P 180 159 0 255 0
P 181 159 0 255 0
P 182 159 0 255 0
P 183 159 0 255 0
P 184 159 0 255 0
P 185 159 0 255 0
P 186 159 0 255 0
P 187 159 0 255 0
P 188 159 0 255 0
P 189 159 0 255 0
P 190 159 0 255 0
P 191 159 0 255 0
P 192 159 0 255 0
P 193 159 0 255 0
P 194 159 0 255 0
P 195 159 0 255 0
P 196 159 0 255 0
P 197 159 0 255 0
P 198 159 0 255 0
P 199 159 0 255 0
P 40 160 255 0 0
P 41 160 255 0 0
P 42 160 255 0 0
P 43 160 255 0 0
P 44 160 255 0 0
P 45 160 255 0 0
P 46 160 255 0 0
P 47 160 255 0 0
P 48 160 255 0 0
P 49 160 255 0 0
P 50 160 255 0 0
P 51 160 255 0 0
P 52 160 255 0 0
P 53 160 255 0 0
P 54 160 255 0 0
P 55 160 255 0 0
P 56 160 255 0 0
P 57 160 255 0 0
P 58 160 255 0 0
P 59 160 255 0 0
P 60 160 255 0 0
P 61 160 255 0 0
P 62 160 255 0 0
P 63 160 255 0 0
P 64 160 255 0 0
P 65 160 255 0 0
P 66 160 255 0 0
P 67 160 255 0 0
P 68 160 255 0 0
P 69 160 255 0 0
P 70 160 255 0 0
P 71 160 255 0 0
P 72 160 255 0 0
P 73 160 255 0 0
P 74 160 255 0 0
P 75 160 255 0 0
P 76 160 255 0 0
P 77 160 255 0 0
P 78 160 255 0 0
P 79 160 255 0 0
P 80 160 255 0 0
P 81 160 255 0 0
P 82 160 255 0 0
P 83 160 255 0 0
P 84 160 255 0 0
P 85 160 255 0 0
P 86 160 255 0 0
P 87 160 255 0 0
P 88 160 255 0 0
P 89 160 255 0 0
P 90 160 255 0 0
P 91 160 255 0 0
P 92 160 255 0 0
P 93 160 255 0 0
P 94 160 255 0 0
P 95 160 255 0 0
P 96 160 255 0 0
P 97 160 255 0 0
P 98 160 255 0 0
P 99 160 255 0 0
P 100 160 255 0 0
P 101 160 255 0 0
P 102 160 255 0 0
P 103 160 255 0 0
P 104 160 255 0 0
P 105 160 255 0 0
P 106 160 255 0 0
P 107 160 255 0 0
P 108 160 255 0 0
P 109 160 255 0 0
P 110 160 255 0 0
P 111 160 255 0 0
P 112 160 255 0 0
P 113 160 255 0 0
P 114 160 255 0 0
P 115 160 255 0 0
P 116 160 255 0 0
P 117 160 255 0 0
P 118 160 255 0 0
P 119 160 255 0 0
P 120 160 255 0 0
P 121 160 255 0 0
P 122 160 255 0 0
P 123 160 255 0 0
P 124 160 255 0 0
P 125 160 255 0 0
P 126 160 255 0 0
P 127 160 255 0 0
P 128 160 255 0 0
P 129 160 255 0 0
P 130 160 255 0 0
P 131 160 255 0 0
P 132 160 255 0 0
P 133 160 255 0 0
P 134 160 255 0 0
P 135 160 255 0 0
P 136 160 255 0 0
P 137 160 255 0 0
P 138 160 255 0 0
P 139 160 255 0 0
P 140 160 255 0 0
P 141 160 255 0 0
P 142 160 255 0 0
P 143 160 255 0 0
P 144 160 255 0 0
P 145 160 255 0 0
P 146 160 255 0 0
P 147 160 255 0 0
P 148 160 255 0 0
P 149 160 255 0 0
P 150 160 255 0 0
P 151 160 255 0 0
P 152 160 255 0 0
P 153 160 255 0 0
P 154 160 255 0 0
P 155 160 255 0 0
P 156 160 255 0 0
P 157 160 255 0 0
P 158 160 255 0 0
P 159 160 255 0 0
P 160 160 255 0 0
P 161 160 255 0 0
P 162 160 255 0 0
P 163 160 255 0 0
P 164 160 255 0 0
P 165 160 255 0 0
P 166 160 255 0 0
P 167 160 255 0 0
P 168 160 255 0 0
P 169 160 255 0 0
P 170 160 255 0 0
P 171 160 255 0 0
P 172 160 255 0 0
P 173 160 255 0 0
P 174 160 255 0 0
P 175 160 255 0 0
P 176 160 255 0 0
P 177 160 255 0 0
P 178 160 0 255 0
P 179 160 0 255 0
P 180 160 0 255 0
P 181 160 0 255 0
P 182 160 0 255 0
P 183 160 0 255 0
P 184 160 0 255 0
P 185 160 0 255 0
P 186 160 0 255 0
P 187 160 0 255 0
P 188 160 0 255 0
P 189 160 0 255 0
P 190 160 0 255 0
P 191 160 0 255 0
P 192 160 0 255 0
P 193 160 0 255 0
P 194 160 0 255 0
P 195 160 0 255 0
P 196 160 0 255 0
P 197 160 0 255 0
P 198 160 0 255 0
P 199 160 0 255 0
P 40 161 255 0 0
P 41 161 255 0 0
P 42 161 255 0 0
P 43 161 255 0 0
P 44 161 255 0 0
P 45 161 255 0 0
P 46 161 255 0 0
P 47 161 255 0 0
P 48 161 255 0 0
P 49 161 255 0 0
P 50 161 255 0 0
P 51 161 255 0 0
P 52 161 255 0 0
P 53 161 255 0 0
P 54 161 255 0 0
P 55 161 255 0 0
P 56 161 255 0 0
P 57 161 255 0 0
P 58 161 255 0 0
P 59 161 255 0 0
P 60 161 255 0 0
P 61 161 255 0 0
P 62 161 255 0 0
P 63 161 255 0 0
P 64 161 255 0 0
P 65 161 255 0 0
P 66 161 255 0 0
P 67 161 255 0 0
P 68 161 255 0 0
P 69 161 255 0 0
P 70 161 255 0 0
P 71 161 255 0 0
P 72 161 255 0 0
P 73 161 255 0 0
P 74 161 255 0 0
P 75 161 255 0 0
P 76 161 255 0 0
P 77 161 255 0 0
P 78 161 255 0 0
P 79 161 255 0 0
P 80 161 255 0 0
P 81 161 255 0 0
P 82 161 255 0 0
P 83 161 255 0 0
P 84 161 255 0 0
P 85 161 255 0 0
P 86 161 255 0 0
P 87 161 255 0 0
P 88 161 255 0 0
P 89 161 255 0 0
P 90 161 255 0 0
P 91 161 255 0 0
P 92 161 255 0 0
P 93 161 255 0 0
P 94 161 255 0 0
P 95 161 255 0 0
P 96 161 255 0 0
P 97 161 255 0 0
P 98 161 255 0 0
P 99 161 255 0 0
P 100 161 255 0 0
P 101 161 255 0 0
P 102 161 255 0 0
P 103 161 255 0 0
P 104 161 255 0 0
P 105 161 255 0 0
P 106 161 255 0 0
P 107 161 255 0 0
P 108 161 255 0 0
P 109 161 255 0 0
P 110 161 255 0 0
P 111 161 255 0 0
P 112 161 255 0 0
P 113 161 255 0 0
P 114 161 255 0 0
P 115 161 255 0 0
P 116 161 255 0 0
P 117 161 255 0 0
P 118 161 255 0 0
P 119 161 255 0 0
P 120 161 255 0 0
P 121 161 255 0 0
P 122 161 255 0 0
P 123 161 255 0 0
P 124 161 255 0 0
P 125 161 255 0 0
P 126 161 255 0 0
P 127 161 255 0 0
P 128 161 255 0 0
P 129 161 255 0 0
P 130 161 255 0 0
P 131 161 255 0 0
P 132 161 255 0 0
P 133 161 255 0 0
P 134 161 255 0 0
P 135 161 255 0 0
P 136 161 255 0 0
P 137 161 255 0 0
P 138 161 255 0 0
P 139 161 255 0 0
P 140 161 255 0 0
P 141 161 255 0 0
P 142 161 255 0 0
P 143 161 255 0 0
P 144 161 255 0 0
P 145 161 255 0 0
P 146 161 255 0 0
P 147 161 255 0 0
P 148 161 255 0 0
P 149 161 255 0 0
P 150 161 255 0 0
P 151 161 255 0 0
P 152 161 255 0 0
P 153 161 255 0 0
P 154 161 255 0 0
P 155 161 255 0 0
P 156 161 255 0 0
P 157 161 255 0 0
P 158 161 255 0 0
P 159 161 255 0 0
P 160 161 255 0 0
P 161 161 255 0 0
P 162 161 255 0 0
P 163 161 255 0 0
P 164 161 255 0 0
P 165 161 255 0 0
P 166 161 255 0 0
P 167 161 255 0 0
P 168 161 255 0 0
P 169 161 255 0 0
P 170 161 255 0 0
P 171 161 255 0 0
P 172 161 255 0 0
P 173 161 255 0 0
P 174 161 255 0 0
P 175 161 255 0 0
P 176 161 255 0 0
P 177 161 255 0 0
P 178 161 255 0 0
P 179 161 0 255 0
P 180 161 0 255 0
P 181 161 0 255 0
P 182 161 0 255 0
P 183 161 0 255 0
P 184 161 0 255 0
P 185 161 0 255 0
P 186 161 0 255 0
P 187 161 0 255 0
P 188 161 0 255 0
P 189 161 0 255 0
P 190 161 0 255 0
P 191 161 0 255 0
P 192 161 0 255 0
P 193 161 0 255 0
P 194 161 0 255 0
P 195 161 0 255 0
P 196 161 0 255 0
P 197 161 0 255 0
P 198 161 0 255 0
P 199 161 0 255 0
P 40 162 255 0 0
P 41 162 255 0 0
P 42 162 255 0 0
P 43 162 255 0 0
P 44 162 255 0 0
P 45 162 255 0 0
P 46 162 255 0 0
P 47 162 255 0 0
P 48 162 255 0 0
P 49 162 255 0 0
P 50 162 255 0 0
P 51 162 255 0 0
P 52 162 255 0 0
P 53 162 255 0 0
P 54 162 255 0 0
P 55 162 255 0 0
P 56 162 255 0 0
P 57 162 255 0 0
P 58 162 255 0 0
P 59 162 255 0 0
P 60 162 255 0 0
P 61 162 255 0 0
P 62 162 255 0 0
P 63 162 255 0 0
P 64 162 255 0 0
P 65 162 255 0 0
P 66 162 255 0 0
P 67 162 255 0 0
P 68 162 255 0 0
P 69 162 255 0 0
P 70 162 255 0 0
P 71 162 255 0 0
P 72 162 255 0 0
P 73 162 255 0 0
P 74 162 255 0 0
P 75 162 255 0 0
P 76 162 255 0 0
P 77 162 255 0 0
P 78 162 255 0 0
P 79 162 255 0 0
P 80 162 255 0 0
P 81 162 255 0 0
P 82 162 255 0 0
P 83 162 255 0 0
P 84 162 255 0 0
P 85 162 255 0 0
P 86 162 255 0 0
P 87 162 255 0 0
P 88 162 255 0 0
P 89 162 255 0 0
P 90 162 255 0 0
P 91 162 255 0 0
P 92 162 255 0 0
P 93 162 255 0 0
P 94 162 255 0 0
P 95 162 255 0 0
P 96 162 255 0 0
P 97 162 255 0 0
P 98 162 255 0 0
P 99 162 255 0 0
P 100 162 255 0 0
P 101 162 255 0 0
P 102 162 255 0 0
P 103 162 255 0 0
P 104 162 255 0 0
P 105 162 255 0 0
P 106 162 255 0 0
P 107 162 255 0 0
P 108 162 255 0 0
P 109 162 255 0 0
P 110 162 255 0 0
P 111 162 255 0 0
P 112 162 255 0 0
P 113 162 255 0 0
P 114 162 255 0 0
P 115 162 255 0 0
P 116 162 255 0 0
P 117 162 255 0 0
P 118 162 255 0 0
P 119 162 255 0 0
P 120 162 255 0 0
P 121 162 255 0 0
P 122 162 255 0 0
P 123 162 255 0 0
P 124 162 255 0 0
P 125 162 255 0 0
P 126 162 255 0 0
P 127 162 255 0 0
P 128 162 255 0 0
P 129 162 255 0 0
P 130 162 255 0 0
P 131 162 255 0 0
P 132 162 255 0 0
P 133 162 255 0 0
P 134 162 255 0 0
P 135 162 255 0 0
P 136 162 255 0 0
P 137 162 255 0 0
P 138 162 255 0 0
P 139 162 255 0 0
P 140 162 255 0 0
P 141 162 255 0 0
P 142 162 255 0 0
P 143 162 255 0 0
P 144 162 255 0 0
P 145 162 255 0 0
P 146 162 255 0 0
P 147 162 255 0 0
P 148 162 255 0 0
P 149 162 255 0 0
P 150 162 255 0 0
P 151 162 255 0 0
P 152 162 255 0 0
P 153 162 255 0 0
P 154 162 255 0 0
P 155 162 255 0 0
P 156 162 255 0 0
P 157 162 255 0 0
P 158 162 255 0 0
P 159 162 255 0 0
P 160 162 255 0 0
P 161 162 255 0 0
P 162 162 255 0 0
P 163 162 255 0 0
P 164 162 255 0 0
P 165 162 255 0 0
P 166 162 255 0 0
P 167 162 255 0 0
P 168 162 255 0 0
P 169 162 255 0 0
P 170 162 255 0 0
P 171 162 255 0 0
P 172 162 255 0 0
P 173 162 255 0 0
P 174 162 255 0 0
P 175 162 255 0 0
P 176 162 255 0 0
P 177 162 255 0 0
P 178 162 255 0 0
P 179 162 255 0 0
P 180 162 0 255 0
P 181 162 0 255 0
P 182 162 0 255 0
P 183 162 0 255 0
P 184 162 0 255 0
P 185 162 0 255 0
P 186 162 0 255 0
P 187 162 0 255 0
P 188 162 0 255 0
P 189 162 0 255 0
P 190 162 0 255 0
P 191 162 0 255 0
P 192 162 0 255 0
P 193 162 0 255 0
P 194 162 0 255 0
P 195 162 0 255 0
P 196 162 0 255 0
P 197 162 0 255 0
P 198 162 0 255 0
P 199 162 0 255 0
P 40 163 255 0 0
P 41 163 255 0 0
P 42 163 255 0 0
P 43 163 255 0 0
P 44 163 255 0 0
P 45 163 255 0 0
P 46 163 255 0 0
P 47 163 255 0 0
P 48 163 255 0 0
P 49 163 255 0 0
P 50 163 255 0 0
P 51 163 255 0 0
P 52 163 255 0 0
P 53 163 255 0 0
P 54 163 255 0 0
P 55 163 255 0 0
P 56 163 255 0 0
P 57 163 255 0 0
P 58 163 255 0 0
P 59 163 255 0 0
P 60 163 255 0 0
P 61 163 255 0 0
P 62 163 255 0 0
P 63 163 255 0 0
P 64 163 255 0 0
P 65 163 255 0 0
P 66 163 255 0 0
P 67 163 255 0 0
P 68 163 255 0 0
P 69 163 255 0 0
P 70 163 255 0 0
P 71 163 255 0 0
P 72 163 255 0 0
P 73 163 255 0 0
P 74 163 255 0 0
P 75 163 255 0 0
P 76 163 255 0 0
P 77 163 255 0 0
P 78 163 255 0 0
P 79 163 255 0 0
P 80 163 255 0 0
P 81 163 255 0 0
P 82 163 255 0 0
P 83 163 255 0 0
P 84 163 255 0 0
P 85 163 255 0 0
P 86 163 255 0 0
P 87 163 255 0 0
P 88 163 255 0 0
P 89 163 255 0 0
P 90 163 255 0 0
P 91 163 255 0 0
P 92 163 255 0 0
P 93 163 255 0 0
P 94 163 255 0 0
P 95 163 255 0 0
P 96 163 255 0 0
P 97 163 255 0 0
P 98 163 255 0 0
P 99 163 255 0 0
P 100 163 255 0 0
P 101 163 255 0 0
P 102 163 255 0 0
P 103 163 255 0 0
P 104 163 255 0 0
P 105 163 255 0 0
P 106 163 255 0 0
P 107 163 255 0 0
P 108 163 255 0 0
P 109 163 255 0 0
P 110 163 255 0 0
P 111 163 255 0 0
P 112 163 255 0 0
P 113 163 255 0 0
P 114 163 255 0 0
P 115 163 255 0 0
P 116 163 255 0 0
P 117 163 255 0 0
P 118 163 255 0 0
P 119 163 255 0 0
P 120 163 255 0 0
P 121 163 255 0 0
P 122 163 255 0 0
P 123 163 255 0 0
P 124 163 255 0 0
P 125 163 255 0 0
P 126 163 255 0 0
P 127 163 255 0 0
P 128 163 255 0 0
P 129 163 255 0 0
P 130 163 255 0 0
P 131 163 255 0 0
P 132 163 255 0 0
P 133 163 255 0 0
P 134 163 255 0 0
P 135 163 255 0 0
P 136 163 255 0 0
P 137 163 255 0 0
P 138 163 255 0 0
P 139 163 255 0 0
P 140 163 255 0 0
P 141 163 255 0 0
P 142 163 255 0 0
P 143 163 255 0 0
P 144 163 255 0 0
P 145 163 255 0 0
P 146 163 255 0 0
P 147 163 255 0 0
P 148 163 255 0 0
P 149 163 255 0 0
P 150 163 255 0 0
P 151 163 255 0 0
P 152 163 255 0 0
P 153 163 255 0 0
P 154 163 255 0 0
P 155 163 255 0 0
P 156 163 255 0 0
P 157 163 255 0 0
P 158 163 255 0 0
P 159 163 255 0 0
P 160 163 255 0 0
P 161 163 255 0 0
P 162 163 255 0 0
P 163 163 255 0 0
P 164 163 255 0 0
P 165 163 255 0 0
P 166 163 255 0 0
P 167 163 255 0 0
P 168 163 255 0 0
P 169 163 255 0 0
P 170 163 255 0 0
P 171 163 255 0 0
P 172 163 255 0 0
P 173 163 255 0 0
P 174 163 255 0 0
P 175 163 255 0 0
P 176 163 255 0 0
P 177 163 255 0 0
P 178 163 255 0 0
P 179 163 255 0 0
P 180 163 255 0 0
P 181 163 0 255 0
P 182 163 0 255 0
P 183 163 0 255 0
P 184 163 0 255 0
P 185 163 0 255 0
P 186 163 0 255 0
P 187 163 0 255 0
P 188 163 0 255 0
P 189 163 0 255 0
P 190 163 0 255 0
P 191 163 0 255 0
P 192 163 0 255 0
P 193 163 0 255 0
P 194 163 0 255 0
P 195 163 0 255 0
P 196 163 0 255 0
P 197 163 0 255 0
P 198 163 0 255 0
P 199 163 0 255 0
P 40 164 255 0 0
P 41 164 255 0 0
P 42 164 255 0 0
P 43 164 255 0 0
P 44 164 255 0 0
P 45 164 255 0 0
P 46 164 255 0 0
P 47 164 255 0 0
P 48 164 255 0 0
P 49 164 255 0 0
P 50 164 255 0 0
P 51 164 255 0 0
P 52 164 255 0 0
P 53 164 255 0 0
P 54 164 255 0 0
P 55 164 255 0 0
P 56 164 255 0 0
P 57 164 255 0 0
P 58 164 255 0 0
P 59 164 255 0 0
P 60 164 255 0 0
P 61 164 255 0 0
P 62 164 255 0 0
P 63 164 255 0 0
P 64 164 255 0 0
P 65 164 255 0 0
P 66 164 255 0 0
P 67 164 255 0 0
P 68 164 255 0 0
P 69 164 255 0 0
P 70 164 255 0 0
P 71 164 255 0 0
P 72 164 255 0 0
P 73 164 255 0 0
P 74 164 255 0 0
P 75 164 255 0 0
P 76 164 255 0 0
P 77 164 255 0 0
P 78 164 255 0 0
P 79 164 255 0 0
P 80 164 255 0 0
P 81 164 255 0 0
P 82 164 255 0 0
P 83 164 255 0 0
P 84 164 255 0 0
P 85 164 255 0 0
P 86 164 255 0 0
P 87 164 255 0 0
P 88 164 255 0 0
P 89 164 255 0 0
P 90 164 255 0 0
P 91 164 255 0 0
P 92 164 255 0 0
P 93 164 255 0 0
P 94 164 255 0 0
P 95 164 255 0 0
P 96 164 255 0 0
P 97 164 255 0 0
P 98 164 255 0 0
P 99 164 255 0 0
P 100 164 255 0 0
P 101 164 255 0 0
P 102 164 255 0 0
P 103 164 255 0 0
P 104 164 255 0 0
P 105 164 255 0 0
P 106 164 255 0 0
P 107 164 255 0 0
P 108 164 255 0 0
P 109 164 255 0 0
P 110 164 255 0 0
P 111 164 255 0 0
P 112 164 255 0 0
P 113 164 255 0 0
P 114 164 255 0 0
P 115 164 255 0 0
P 116 164 255 0 0
P 117 164 255 0 0
P 118 164 255 0 0
P 119 164 255 0 0
P 120 164 255 0 0
P 121 164 255 0 0
P 122 164 255 0 0
P 123 164 255 0 0
P 124 164 255 0 0
P 125 164 255 0 0
P 126 164 255 0 0
P 127 164 255 0 0
P 128 164 255 0 0
P 129 164 255 0 0
P 130 164 255 0 0
P 131 164 255 0 0
P 132 164 255 0 0
P 133 164 255 0 0
P 134 164 255 0 0
P 135 164 255 0 0
P 136 164 255 0 0
P 137 164 255 0 0
P 138 164 255 0 0
P 139 164 255 0 0
P 140 164 255 0 0
P 141 164 255 0 0
P 142 164 255 0 0
P 143 164 255 0 0
P 144 164 255 0 0
P 145 164 255 0 0
P 146 164 255 0 0
P 147 164 255 0 0
P 148 164 255 0 0
P 149 164 255 0 0
P 150 164 255 0 0
P 151 164 255 0 0
P 152 164 255 0 0
P 153 164 255 0 0
P 154 164 255 0 0
P 155 164 255 0 0
P 156 164 255 0 0
P 157 164 255 0 0
P 158 164 255 0 0
P 159 164 255 0 0
P 160 164 255 0 0
P 161 164 255 0 0
P 162 164 255 0 0
P 163 164 255 0 0
P 164 164 255 0 0
P 165 164 255 0 0
P 166 164 255 0 0
P 167 164 255 0 0
P 168 164 255 0 0
P 169 164 255 0 0
P 170 164 255 0 0
P 171 164 255 0 0
P 172 164 255 0 0
P 173 164 255 0 0
P 174 164 255 0 0
P 175 164 255 0 0
P 176 164 255 0 0
P 177 164 255 0 0
P 178 164 255 0 0
P 179 164 255 0 0
P 180 164 255 0 0
P 181 164 255 0 0
P 182 164 0 255 0
P 183 164 0 255 0
P 184 164 0 255 0
P 185 164 0 255 0
P 186 164 0 255 0
P 187 164 0 255 0
P 188 164 0 255 0
P 189 164 0 255 0
P 190 164 0 255 0
P 191 164 0 255 0
P 192 164 0 255 0
P 193 164 0 255 0
P 194 164 0 255 0
P 195 164 0 255 0
P 196 164 0 255 0
P 197 164 0 255 0
P 198 164 0 255 0
P 199 164 0 255 0
P 40 165 255 0 0
P 41 165 255 0 0
P 42 165 255 0 0
P 43 165 255 0 0
P 44 165 255 0 0
P 45 165 255 0 0
P 46 165 255 0 0
P 47 165 255 0 0
P 48 165 255 0 0
P 49 165 255 0 0
P 50 165 255 0 0
P 51 165 255 0 0
P 52 165 255 0 0
P 53 165 255 0 0
P 54 165 255 0 0
P 55 165 255 0 0
P 56 165 255 0 0
P 57 165 255 0 0
P 58 165 255 0 0
P 59 165 255 0 0
P 60 165 255 0 0
P 61 165 255 0 0
P 62 165 255 0 0
P 63 165 255 0 0
P 64 165 255 0 0
P 65 165 255 0 0
P 66 165 255 0 0
P 67 165 255 0 0
P 68 165 255 0 0
P 69 165 255 0 0
P 70 165 255 0 0
P 71 165 255 0 0
P 72 165 255 0 0
P 73 165 255 0 0
P 74 165 255 0 0
P 75 165 255 0 0
P 76 165 255 0 0
P 77 165 255 0 0
P 78 165 255 0 0
P 79 165 255 0 0
P 80 165 255 0 0
P 81 165 255 0 0
P 82 165 255 0 0
P 83 165 255 0 0
P 84 165 255 0 0
P 85 165 255 0 0
P 86 165 255 0 0
P 87 165 255 0 0
P 88 165 255 0 0
P 89 165 255 0 0
P 90 165 255 0 0
P 91 165 255 0 0
P 92 165 255 0 0
P 93 165 255 0 0
P 94 165 255 0 0
P 95 165 255 0 0
P 96 165 255 0 0
P 97 165 255 0 0
P 98 165 255 0 0
P 99 165 255 0 0
P 100 165 255 0 0
P 101 165 255 0 0
P 102 165 255 0 0
P 103 165 255 0 0
P 104 165 255 0 0
P 105 165 255 0 0
P 106 165 255 0 0
P 107 165 255 0 0
P 108 165 255 0 0
P 109 165 255 0 0
P 110 165 255 0 0
P 111 165 255 0 0
P 112 165 255 0 0
P 113 165 255 0 0
P 114 165 255 0 0
P 115 165 255 0 0
P 116 165 255 0 0
P 117 165 255 0 0
P 118 165 255 0 0
P 119 165 255 0 0
P 120 165 255 0 0
P 121 165 255 0 0
P 122 165 255 0 0
P 123 165 255 0 0
P 124 165 255 0 0
P 125 165 255 0 0
P 126 165 255 0 0
P 127 165 255 0 0
P 128 165 255 0 0
P 129 165 255 0 0
P 130 165 255 0 0
P 131 165 255 0 0
P 132 165 255 0 0
P 133 165 255 0 0
P 134 165 255 0 0
P 135 165 255 0 0
P 136 165 255 0 0
P 137 165 255 0 0
P 138 165 255 0 0
P 139 165 255 0 0
P 140 165 255 0 0
P 141 165 255 0 0
P 142 165 255 0 0
P 143 165 255 0 0
P 144 165 255 0 0
P 145 165 255 0 0
P 146 165 255 0 0
P 147 165 255 0 0
P 148 165 255 0 0
P 149 165 255 0 0
P 150 165 255 0 0
P 151 165 255 0 0
P 152 165 255 0 0
P 153 165 255 0 0
P 154 165 255 0 0
P 155 165 255 0 0
P 156 165 255 0 0
P 157 165 255 0 0
P 158 165 255 0 0
P 159 165 255 0 0
P 160 165 255 0 0
P 161 165 255 0 0
P 162 165 255 0 0
P 163 165 255 0 0
P 164 165 255 0 0
P 165 165 255 0 0
P 166 165 255 0 0
P 167 165 255 0 0
P 168 165 255 0 0
P 169 165 255 0 0
P 170 165 255 0 0
P 171 165 255 0 0
P 172 165 255 0 0
P 173 165 255 0 0
P 174 165 255 0 0
P 175 165 255 0 0
P 176 165 255 0 0
P 177 165 255 0 0
P 178 165 255 0 0
P 179 165 255 0 0
P 180 165 255 0 0
P 181 165 255 0 0
P 182 165 255 0 0
P 183 165 0 255 0
P 184 165 0 255 0
P 185 165 0 255 0
P 186 165 0 255 0
P 187 165 0 255 0
P 188 165 0 255 0
P 189 165 0 255 0
P 190 165 0 255 0
P 191 165 0 255 0
P 192 165 0 255 0
P 193 165 0 255 0
P 194 165 0 255 0
P 195 165 0 255 0
P 196 165 0 255 0
P 197 165 0 255 0
P 198 165 0 255 0
P 199 165 0 255 0
P 40 166 255 0 0
P 41 166 255 0 0
P 42 166 255 0 0
P 43 166 255 0 0
P 44 166 255 0 0
P 45 166 255 0 0
P 46 166 255 0 0
P 47 166 255 0 0
P 48 166 255 0 0
P 49 166 255 0 0
P 50 166 255 0 0
P 51 166 255 0 0
P 52 166 255 0 0
P 53 166 255 0 0
P 54 166 255 0 0
P 55 166 255 0 0
P 56 166 255 0 0
P 57 166 255 0 0
P 58 166 255 0 0
P 59 166 255 0 0
P 60 166 255 0 0
P 61 166 255 0 0
P 62 166 255 0 0
P 63 166 255 0 0
P 64 166 255 0 0
P 65 166 255 0 0
P 66 166 255 0 0
P 67 166 255 0 0
P 68 166 255 0 0
P 69 166 255 0 0
P 70 166 255 0 0
P 71 166 255 0 0
P 72 166 255 0 0
P 73 166 255 0 0
P 74 166 255 0 0
P 75 166 255 0 0
P 76 166 255 0 0
P 77 166 255 0 0
P 78 166 255 0 0
P 79 166 255 0 0
P 80 166 255 0 0
P 81 166 255 0 0
P 82 166 255 0 0
P 83 166 255 0 0
P 84 166 255 0 0
P 85 166 255 0 0
P 86 166 255 0 0
P 87 166 255 0 0
P 88 166 255 0 0
P 89 166 255 0 0
P 90 166 255 0 0
P 91 166 255 0 0
P 92 166 255 0 0
P 93 166 255 0 0
P 94 166 255 0 0
P 95 166 255 0 0
P 96 166 255 0 0
P 97 166 255 0 0
P 98 166 255 0 0
P 99 166 255 0 0
P 100 166 255 0 0
P 101 166 255 0 0
P 102 166 255 0 0
P 103 166 255 0 0
P 104 166 255 0 0
P 105 166 255 0 0
P 106 166 255 0 0
P 107 166 255 0 0
P 108 166 255 0 0
P 109 166 255 0 0
P 110 166 255 0 0
P 111 166 255 0 0
P 112 166 255 0 0
P 113 166 255 0 0
P 114 166 255 0 0
P 115 166 255 0 0
P 116 166 255 0 0
P 117 166 255 0 0
P 118 166 255 0 0
P 119 166 255 0 0
P 120 166 255 0 0
P 121 166 255 0 0
P 122 166 255 0 0
P 123 166 255 0 0
P 124 166 255 0 0
P 125 166 255 0 0
P 126 166 255 0 0
P 127 166 255 0 0
P 128 166 255 0 0
P 129 166 255 0 0
P 130 166 255 0 0
P 131 166 255 0 0
P 132 166 255 0 0
P 133 166 255 0 0
P 134 166 255 0 0
P 135 166 255 0 0
P 136 166 255 0 0
P 137 166 255 0 0
P 138 166 255 0 0
P 139 166 255 0 0
P 140 166 255 0 0
P 141 166 255 0 0
P 142 166 255 0 0
P 143 166 255 0 0
P 144 166 255 0 0
P 145 166 255 0 0
P 146 166 255 0 0
P 147 166 255 0 0
P 148 166 255 0 0
P 149 166 255 0 0
P 150 166 255 0 0
P 151 166 255 0 0
P 152 166 255 0 0
P 153 166 255 0 0
P 154 166 255 0 0
P 155 166 255 0 0
P 156 166 255 0 0
P 157 166 255 0 0
P 158 166 255 0 0
P 159 166 255 0 0
P 160 166 255 0 0
P 161 166 255 0 0
P 162 166 255 0 0
P 163 166 255 0 0
P 164 166 255 0 0
P 165 166 255 0 0
P 166 166 255 0 0
P 167 166 255 0 0
P 168 166 255 0 0
P 169 166 255 0 0
P 170 166 255 0 0
P 171 166 255 0 0
P 172 166 255 0 0
P 173 166 255 0 0
P 174 166 255 0 0
P 175 166 255 0 0
P 176 166 255 0 0
P 177 166 255 0 0
P 178 166 255 0 0
P 179 166 255 0 0
P 180 166 255 0 0
P 181 166 255 0 0
P 182 166 255 0 0
P 183 166 255 0 0
P 184 166 255 0 0
P 185 166 0 255 0
P 186 166 0 255 0
P 187 166 0 255 0
P 188 166 0 255 0
P 189 166 0 255 0
P 190 166 0 255 0
P 191 166 0 255 0
P 192 166 0 255 0
P 193 166 0 255 0
P 194 166 0 255 0
P 195 166 0 255 0
P 196 166 0 255 0
P 197 166 0 255 0
P 198 166 0 255 0
P 199 166 0 255 0
P 40 167 255 0 0
P 41 167 255 0 0
P 42 167 255 0 0
P 43 167 255 0 0
P 44 167 255 0 0
P 45 167 255 0 0
P 46 167 255 0 0
P 47 167 255 0 0
P 48 167 255 0 0
P 49 167 255 0 0
P 50 167 255 0 0
P 51 167 255 0 0
P 52 167 255 0 0
P 53 167 255 0 0
P 54 167 255 0 0
P 55 167 255 0 0
P 56 167 255 0 0
P 57 167 255 0 0
P 58 167 255 0 0
P 59 167 255 0 0
P 60 167 255 0 0
P 61 167 255 0 0
P 62 167 255 0 0
P 63 167 255 0 0
P 64 167 255 0 0
P 65 167 255 0 0
P 66 167 255 0 0
P 67 167 255 0 0
P 68 167 255 0 0
P 69 167 255 0 0
P 70 167 255 0 0
P 71 167 255 0 0
P 72 167 255 0 0
P 73 167 255 0 0
P 74 167 255 0 0
P 75 167 255 0 0
P 76 167 255 0 0
P 77 167 255 0 0
P 78 167 255 0 0
P 79 167 255 0 0
P 80 167 255 0 0
P 81 167 255 0 0
P 82 167 255 0 0
P 83 167 255 0 0
P 84 167 255 0 0
P 85 167 255 0 0
P 86 167 255 0 0
P 87 167 255 0 0
P 88 167 255 0 0
P 89 167 255 0 0
P 90 167 255 0 0
P 91 167 255 0 0
P 92 167 255 0 0
P 93 167 255 0 0
P 94 167 255 0 0
P 95 167 255 0 0
P 96 167 255 0 0
P 97 167 255 0 0
P 98 167 255 0 0
P 99 167 255 0 0
P 100 167 255 0 0
P 101 167 255 0 0
P 102 167 255 0 0
P 103 167 255 0 0
P 104 167 255 0 0
P 105 167 255 0 0
P 106 167 255 0 0
P 107 167 255 0 0
P 108 167 255 0 0
P 109 167 255 0 0
P 110 167 255 0 0
P 111 167 255 0 0
P 112 167 255 0 0
P 113 167 255 0 0
P 114 167 255 0 0
P 115 167 255 0 0
P 116 167 255 0 0
P 117 167 255 0 0
P 118 167 255 0 0
P 119 167 255 0 0
P 120 167 255 0 0
P 121 167 255 0 0
P 122 167 255 0 0
P 123 167 255 0 0
P 124 167 255 0 0
P 125 167 255 0 0
P 126 167 255 0 0
P 127 167 255 0 0
P 128 167 255 0 0
P 129 167 255 0 0
P 130 167 255 0 0
P 131 167 255 0 0
P 132 167 255 0 0
P 133 167 255 0 0
P 134 167 255 0 0
P 135 167 255 0 0
P 136 167 255 0 0
P 137 167 255 0 0
P 138 167 255 0 0
P 139 167 255 0 0
P 140 167 255 0 0
P 141 167 255 0 0
P 142 167 255 0 0
P 143 167 255 0 0
P 144 167 255 0 0
P 145 167 255 0 0
P 146 167 255 0 0
P 147 167 255 0 0
P 148 167 255 0 0
P 149 167 255 0 0
P 150 167 255 0 0
P 151 167 255 0 0
P 152 167 255 0 0
P 153 167 255 0 0
P 154 167 255 0 0
P 155 167 255 0 0
P 156 167 255 0 0
P 157 167 255 0 0
P 158 167 255 0 0
P 159 167 255 0 0
P 160 167 255 0 0
P 161 167 255 0 0
P 162 167 255 0 0
P 163 167 255 0 0
P 164 167 255 0 0
P 165 167 255 0 0
P 166 167 255 0 0
P 167 167 255 0 0
P 168 167 255 0 0
P 169 167 255 0 0
P 170 167 255 0 0
P 171 167 255 0 0
P 172 167 255 0 0
P 173 167 255 0 0
P 174 167 255 0 0
P 175 167 255 0 0
P 176 167 255 0 0
P 177 167 255 0 0
P 178 167 255 0 0
P 179 167 255 0 0
P 180 167 255 0 0
P 181 167 255 0 0
P 182 167 255 0 0
P 183 167 255 0 0
P 184 167 255 0 0
P 185 167 255 0 0
P 186 167 0 255 0
P 187 167 0 255 0
P 188 167 0 255 0
P 189 167 0 255 0
P 190 167 0 255 0
P 191 167 0 255 0
P 192 167 0 255 0
P 193 167 0 255 0
P 194 167 0 255 0
P 195 167 0 255 0
P 196 167 0 255 0
P 197 167 0 255 0
P 198 167 0 255 0
P 199 167 0 255 0
P 40 168 255 0 0
P 41 168 255 0 0
P 42 168 255 0 0
P 43 168 255 0 0
P 44 168 255 0 0
P 45 168 255 0 0
P 46 168 255 0 0
P 47 168 255 0 0
P 48 168 255 0 0
P 49 168 255 0 0
P 50 168 255 0 0
P 51 168 255 0 0
P 52 168 255 0 0
P 53 168 255 0 0
P 54 168 255 0 0
P 55 168 255 0 0
P 56 168 255 0 0
P 57 168 255 0 0
P 58 168 255 0 0
P 59 168 255 0 0
P 60 168 255 0 0
P 61 168 255 0 0
P 62 168 255 0 0
P 63 168 255 0 0
P 64 168 255 0 0
P 65 168 255 0 0
P 66 168 255 0 0
P 67 168 255 0 0
P 68 168 255 0 0
P 69 168 255 0 0
P 70 168 255 0 0
P 71 168 255 0 0
P 72 168 255 0 0
P 73 168 255 0 0
P 74 168 255 0 0
P 75 168 255 0 0
P 76 168 255 0 0
P 77 168 255 0 0
P 78 168 255 0 0
P 79 168 255 0 0
P 80 168 255 0 0
P 81 168 255 0 0
P 82 168 255 0 0
P 83 168 255 0 0
P 84 168 255 0 0
P 85 168 255 0 0
P 86 168 255 0 0
P 87 168 255 0 0
P 88 168 255 0 0
P 89 168 255 0 0
P 90 168 255 0 0
P 91 168 255 0 0
P 92 168 255 0 0
P 93 168 255 0 0
P 94 168 255 0 0
P 95 168 255 0 0
P 96 168 255 0 0
P 97 168 255 0 0
P 98 168 255 0 0
P 99 168 255 0 0
P 100 168 255 0 0
P 101 168 255 0 0
P 102 168 255 0 0
P 103 168 255 0 0
P 104 168 255 0 0
P 105 168 255 0 0
P 106 168 255 0 0
P 107 168 255 0 0
P 108 168 255 0 0
P 109 168 255 0 0
P 110 168 255 0 0
P 111 168 255 0 0
P 112 168 255 0 0
P 113 168 255 0 0
P 114 168 255 0 0
P 115 168 255 0 0
P 116 168 255 0 0
P 117 168 255 0 0
P 118 168 255 0 0
P 119 168 255 0 0
P 120 168 255 0 0
P 121 168 255 0 0
P 122 168 255 0 0
P 123 168 255 0 0
P 124 168 255 0 0
P 125 168 255 0 0
P 126 168 255 0 0
P 127 168 255 0 0
P 128 168 255 0 0
P 129 168 255 0 0
P 130 168 255 0 0
P 131 168 255 0 0
P 132 168 255 0 0
P 133 168 255 0 0
P 134 168 255 0 0
P 135 168 255 0 0
P 136 168 255 0 0
P 137 168 255 0 0
P 138 168 255 0 0
P 139 168 255 0 0
P 140 168 255 0 0
P 141 168 255 0 0
P 142 168 255 0 0
P 143 168 255 0 0
P 144 168 255 0 0
P 145 168 255 0 0
P 146 168 255 0 0
P 147 168 255 0 0
P 148 168 255 0 0
P 149 168 255 0 0
P 150 168 255 0 0
P 151 168 255 0 0
P 152 168 255 0 0
P 153 168 255 0 0
P 154 168 255 0 0
P 155 168 255 0 0
P 156 168 255 0 0
P 157 168 255 0 0
P 158 168 255 0 0
P 159 168 255 0 0
P 160 168 255 0 0
P 161 168 255 0 0
P 162 168 255 0 0
P 163 168 255 0 0
P 164 168 255 0 0
P 165 168 255 0 0
P 166 168 255 0 0
P 167 168 255 0 0
P 168 168 255 0 0
P 169 168 255 0 0
P 170 168 255 0 0
P 171 168 255 0 0
P 172 168 255 0 0
P 173 168 255 0 0
P 174 168 255 0 0
P 175 168 255 0 0
P 176 168 255 0 0
P 177 168 255 0 0
P 178 168 255 0 0
P 179 168 255 0 0
P 180 168 255 0 0
P 181 168 255 0 0
P 182 168 255 0 0
P 183 168 255 0 0
P 184 168 255 0 0
P 185 168 255 0 0
P 186 168 255 0 0
P 187 168 0 255 0
P 188 168 0 255 0
P 189 168 0 255 0
P 190 168 0 255 0
P 191 168 0 255 0
P 192 168 0 255 0
P 193 168 0 255 0
P 194 168 0 255 0
P 195 168 0 255 0
P 196 168 0 255 0
P 197 168 0 255 0
P 198 168 0 255 0
P 199 168 0 255 0
P 40 169 255 0 0
P 41 169 255 0 0
P 42 169 255 0 0
P 43 169 255 0 0
P 44 169 255 0 0
P 45 169 255 0 0
P 46 169 255 0 0
P 47 169 255 0 0
P 48 169 255 0 0
P 49 169 255 0 0
P 50 169 255 0 0
P 51 169 255 0 0
P 52 169 255 0 0
P 53 169 255 0 0
P 54 169 255 0 0
P 55 169 255 0 0
P 56 169 255 0 0
P 57 169 255 0 0
P 58 169 255 0 0
P 59 169 255 0 0
P 60 169 255 0 0
P 61 169 255 0 0
P 62 169 255 0 0
P 63 169 255 0 0
P 64 169 255 0 0
P 65 169 255 0 0
P 66 169 255 0 0
P 67 169 255 0 0
P 68 169 255 0 0
P 69 169 255 0 0
P 70 169 255 0 0
P 71 169 255 0 0
P 72 169 255 0 0
P 73 169 255 0 0
P 74 169 255 0 0
P 75 169 255 0 0
P 76 169 255 0 0
P 77 169 255 0 0
P 78 169 255 0 0
P 79 169 255 0 0
P 80 169 255 0 0
P 81 169 255 0 0
P 82 169 255 0 0
P 83 169 255 0 0
P 84 169 255 0 0
P 85 169 255 0 0
P 86 169 255 0 0
P 87 169 255 0 0
P 88 169 255 0 0
P 89 169 255 0 0
P 90 169 255 0 0
P 91 169 255 0 0
P 92 169 255 0 0
P 93 169 255 0 0
P 94 169 255 0 0
P 95 169 255 0 0
P 96 169 255 0 0
P 97 169 255 0 0
P 98 169 255 0 0
P 99 169 255 0 0
P 100 169 255 0 0
P 101 169 255 0 0
P 102 169 255 0 0
P 103 169 255 0 0
P 104 169 255 0 0
P 105 169 255 0 0
P 106 169 255 0 0
P 107 169 255 0 0
P 108 169 255 0 0
P 109 169 255 0 0
P 110 169 255 0 0
P 111 169 255 0 0
P 112 169 255 0 0
P 113 169 255 0 0
P 114 169 255 0 0
P 115 169 255 0 0
P 116 169 255 0 0
P 117 169 255 0 0
P 118 169 255 0 0
P 119 169 255 0 0
P 120 169 255 0 0
P 121 169 255 0 0
P 122 169 255 0 0
P 123 169 255 0 0
P 124 169 255 0 0
P 125 169 255 0 0
P 126 169 255 0 0
P 127 169 255 0 0
P 128 169 255 0 0
P 129 169 255 0 0
P 130 169 255 0 0
P 131 169 255 0 0
P 132 169 255 0 0
P 133 169 255 0 0
P 134 169 255 0 0
P 135 169 255 0 0
P 136 169 255 0 0
P 137 169 255 0 0
P 138 169 255 0 0
P 139 169 255 0 0
P 140 169 255 0 0
P 141 169 255 0 0
P 142 169 255 0 0
P 143 169 255 0 0
P 144 169 255 0 0
P 145 169 255 0 0
P 146 169 255 0 0
P 147 169 255 0 0
P 148 169 255 0 0
P 149 169 255 0 0
P 150 169 255 0 0
P 151 169 255 0 0
P 152 169 255 0 0
P 153 169 255 0 0
P 154 169 255 0 0
P 155 169 255 0 0
P 156 169 255 0 0
P 157 169 255 0 0
P 158 169 255 0 0
P 159 169 255 0 0
P 160 169 255 0 0
P 161 169 255 0 0
P 162 169 255 0 0
P 163 169 255 0 0
P 164 169 255 0 0
P 165 169 255 0 0
P 166 169 255 0 0
P 167 169 255 0 0
P 168 169 255 0 0
P 169 169 255 0 0
P 170 169 255 0 0
P 171 169 255 0 0
P 172 169 255 0 0
P 173 169 255 0 0
P 174 169 255 0 0
P 175 169 255 0 0
P 176 169 255 0 0
P 177 169 255 0 0
P 178 169 255 0 0
P 179 169 255 0 0
P 180 169 255 0 0
P 181 169 255 0 0
P 182 169 255 0 0
P 183 169 255 0 0
P 184 169 255 0 0
P 185 169 255 0 0
P 186 169 255 0 0
P 187 169 255 0 0
P 188 169 0 255 0
P 189 169 0 255 0
P 190 169 0 255 0
P 191 169 0 255 0
P 192 169 0 255 0
P 193 169 0 255 0
P 194 169 0 255 0
P 195 169 0 255 0
P 196 169 0 255 0
P 197 169 0 255 0
P 198 169 0 255 0
P 199 169 0 255 0
P 40 170 255 0 0
P 41 170 255 0 0
P 42 170 255 0 0
P 43 170 255 0 0
P 44 170 255 0 0
P 45 170 255 0 0
P 46 170 255 0 0
P 47 170 255 0 0
P 48 170 255 0 0
P 49 170 255 0 0
P 50 170 255 0 0
P 51 170 255 0 0
P 52 170 255 0 0
P 53 170 255 0 0
P 54 170 255 0 0
P 55 170 255 0 0
P 56 170 255 0 0
P 57 170 255 0 0
P 58 170 255 0 0
P 59 170 255 0 0
P 60 170 255 0 0
P 61 170 255 0 0
P 62 170 255 0 0
P 63 170 255 0 0
P 64 170 255 0 0
P 65 170 255 0 0
P 66 170 255 0 0
P 67 170 255 0 0
P 68 170 255 0 0
P 69 170 255 0 0
P 70 170 255 0 0
P 71 170 255 0 0
P 72 170 255 0 0
P 73 170 255 0 0
P 74 170 255 0 0
P 75 170 255 0 0
P 76 170 255 0 0
P 77 170 255 0 0
P 78 170 255 0 0
P 79 170 255 0 0
P 80 170 255 0 0
P 81 170 255 0 0
P 82 170 255 0 0
P 83 170 255 0 0
P 84 170 255 0 0
P 85 170 255 0 0
P 86 170 255 0 0
P 87 170 255 0 0
P 88 170 255 0 0
P 89 170 255 0 0
P 90 170 255 0 0
P 91 170 255 0 0
P 92 170 255 0 0
P 93 170 255 0 0
P 94 170 255 0 0
P 95 170 255 0 0
P 96 170 255 0 0
P 97 170 255 0 0
P 98 170 255 0 0
P 99 170 255 0 0
P 100 170 255 0 0
P 101 170 255 0 0
P 102 170 255 0 0
P 103 170 255 0 0
P 104 170 255 0 0
P 105 170 255 0 0
P 106 170 255 0 0
P 107 170 255 0 0
P 108 170 255 0 0
P 109 170 255 0 0
P 110 170 255 0 0
P 111 170 255 0 0
P 112 170 255 0 0
P 113 170 255 0 0
P 114 170 255 0 0
P 115 170 255 0 0
P 116 170 255 0 0
P 117 170 255 0 0
P 118 170 255 0 0
P 119 170 255 0 0
P 120 170 255 0 0
P 121 170 255 0 0
P 122 170 255 0 0
P 123 170 255 0 0
P 124 170 255 0 0
P 125 170 255 0 0
P 126 170 255 0 0
P 127 170 255 0 0
P 128 170 255 0 0
P 129 170 255 0 0
P 130 170 255 0 0
P 131 170 255 0 0
P 132 170 255 0 0
P 133 170 255 0 0
P 134 170 255 0 0
P 135 170 255 0 0
P 136 170 255 0 0
P 137 170 255 0 0
P 138 170 255 0 0
P 139 170 255 0 0
P 140 170 255 0 0
P 141 170 255 0 0
P 142 170 255 0 0
P 143 170 255 0 0
P 144 170 255 0 0
P 145 170 255 0 0
P 146 170 255 0 0
P 147 170 255 0 0
P 148 170 255 0 0
P 149 170 255 0 0
P 150 170 255 0 0
P 151 170 255 0 0
P 152 170 255 0 0
P 153 170 255 0 0
P 154 170 255 0 0
P 155 170 255 0 0
P 156 170 255 0 0
P 157 170 255 0 0
P 158 170 255 0 0
P 159 170 255 0 0
P 160 170 255 0 0
P 161 170 255 0 0
P 162 170 255 0 0
P 163 170 255 0 0
P 164 170 255 0 0
P 165 170 255 0 0
P 166 170 255 0 0
P 167 170 255 0 0
P 168 170 255 0 0
P 169 170 255 0 0
P 170 170 255 0 0
P 171 170 255 0 0
P 172 170 255 0 0
P 173 170 255 0 0
P 174 170 255 0 0
P 175 170 255 0 0
P 176 170 255 0 0
P 177 170 255 0 0
P 178 170 255 0 0
P 179 170 255 0 0
P 180 170 255 0 0
P 181 170 255 0 0
P 182 170 255 0 0
P 183 170 255 0 0
P 184 170 255 0 0
P 185 170 255 0 0
P 186 170 255 0 0
P 187 170 255 0 0
P 188 170 255 0 0
P 189 170 0 255 0
P 190 170 0 255 0
P 191 170 0 255 0
P 192 170 0 255 0
P 193 170 0 255 0
P 194 170 0 255 0
P 195 170 0 255 0
P 196 170 0 255 0
P 197 170 0 255 0
P 198 170 0 255 0
P 199 170 0 255 0
P 40 171 255 0 0
P 41 171 255 0 0
P 42 171 255 0 0
P 43 171 255 0 0
P 44 171 255 0 0
P 45 171 255 0 0
P 46 171 255 0 0
P 47 171 255 0 0
P 48 171 255 0 0
P 49 171 255 0 0
P 50 171 255 0 0
P 51 171 255 0 0
P 52 171 255 0 0
P 53 171 255 0 0
P 54 171 255 0 0
P 55 171 255 0 0
P 56 171 255 0 0
P 57 171 255 0 0
P 58 171 255 0 0
P 59 171 255 0 0
P 60 171 255 0 0
P 61 171 255 0 0
P 62 171 255 0 0
P 63 171 255 0 0
P 64 171 255 0 0
P 65 171 255 0 0
P 66 171 255 0 0
P 67 171 255 0 0
P 68 171 255 0 0
P 69 171 255 0 0
P 70 171 255 0 0
P 71 171 255 0 0
P 72 171 255 0 0
P 73 171 255 0 0
P 74 171 255 0 0
P 75 171 255 0 0
P 76 171 255 0 0
P 77 171 255 0 0
P 78 171 255 0 0
P 79 171 255 0 0
P 80 171 255 0 0
P 81 171 255 0 0
P 82 171 255 0 0
P 83 171 255 0 0
P 84 171 255 0 0
P 85 171 255 0 0
P 86 171 255 0 0
P 87 171 255 0 0
P 88 171 255 0 0
P 89 171 255 0 0
P 90 171 255 0 0
P 91 171 255 0 0
P 92 171 255 0 0
P 93 171 255 0 0
P 94 171 255 0 0
P 95 171 255 0 0
P 96 171 255 0 0
P 97 171 255 0 0
P 98 171 255 0 0
P 99 171 255 0 0
P 100 171 255 0 0
P 101 171 255 0 0
P 102 171 255 0 0
P 103 171 255 0 0
P 104 171 255 0 0
P 105 171 255 0 0
P 106 171 255 0 0
P 107 171 255 0 0
P 108 171 255 0 0
P 109 171 255 0 0
P 110 171 255 0 0
P 111 171 255 0 0
P 112 171 255 0 0
P 113 171 255 0 0
P 114 171 255 0 0
P 115 171 255 0 0
P 116 171 255 0 0
P 117 171 255 0 0
P 118 171 255 0 0
P 119 171 255 0 0
P 120 171 255 0 0
P 121 171 255 0 0
P 122 171 255 0 0
P 123 171 255 0 0
P 124 171 255 0 0
P 125 171 255 0 0
P 126 171 255 0 0
P 127 171 255 0 0
P 128 171 255 0 0
P 129 171 255 0 0
P 130 171 255 0 0
P 131 171 255 0 0
P 132 171 255 0 0
P 133 171 255 0 0
P 134 171 255 0 0
P 135 171 255 0 0
P 136 171 255 0 0
P 137 171 255 0 0
P 138 171 255 0 0
P 139 171 255 0 0
P 140 171 255 0 0
P 141 171 255 0 0
P 142 171 255 0 0
P 143 171 255 0 0
P 144 171 255 0 0
P 145 171 255 0 0
P 146 171 255 0 0
P 147 171 255 0 0
P 148 171 255 0 0
P 149 171 255 0 0
P 150 171 255 0 0
P 151 171 255 0 0
P 152 171 255 0 0
P 153 171 255 0 0
P 154 171 255 0 0
P 155 171 255 0 0
P 156 171 255 0 0
P 157 171 255 0 0
P 158 171 255 0 0
P 159 171 255 0 0
P 160 171 255 0 0
P 161 171 255 0 0
P 162 171 255 0 0
P 163 171 255 0 0
P 164 171 255 0 0
P 165 171 255 0 0
P 166 171 255 0 0
P 167 171 255 0 0
P 168 171 255 0 0
P 169 171 255 0 0
P 170 171 255 0 0
P 171 171 255 0 0
P 172 171 255 0 0
P 173 171 255 0 0
P 174 171 255 0 0
P 175 171 255 0 0
P 176 171 255 0 0
P 177 171 255 0 0
P 178 171 255 0 0
P 179 171 255 0 0
P 180 171 255 0 0
P 181 171 255 0 0
P 182 171 255 0 0
P 183 171 255 0 0
P 184 171 255 0 0
P 185 171 255 0 0
P 186 171 255 0 0
P 187 171 255 0 0
P 188 171 255 0 0
P 189 171 255 0 0
P 190 171 0 255 0
P 191 171 0 255 0
P 192 171 0 255 0
P 193 171 0 255 0
P 194 171 0 255 0
P 195 171 0 255 0
P 196 171 0 255 0
P 197 171 0 255 0
P 198 171 0 255 0
P 199 171 0 255 0
P 40 172 255 0 0
P 41 172 255 0 0
P 42 172 255 0 0
P 43 172 255 0 0
P 44 172 255 0 0
P 45 172 255 0 0
P 46 172 255 0 0
P 47 172 255 0 0
P 48 172 255 0 0
P 49 172 255 0 0
P 50 172 255 0 0
P 51 172 255 0 0
P 52 172 255 0 0
P 53 172 255 0 0
P 54 172 255 0 0
P 55 172 255 0 0
P 56 172 255 0 0
P 57 172 255 0 0
P 58 172 255 0 0
P 59 172 255 0 0
P 60 172 255 0 0
P 61 172 255 0 0
P 62 172 255 0 0
P 63 172 255 0 0
P 64 172 255 0 0
P 65 172 255 0 0
P 66 172 255 0 0
P 67 172 255 0 0
P 68 172 255 0 0
P 69 172 255 0 0
P 70 172 255 0 0
P 71 172 255 0 0
P 72 172 255 0 0
P 73 172 255 0 0
P 74 172 255 0 0
P 75 172 255 0 0
P 76 172 255 0 0
P 77 172 255 0 0
P 78 172 255 0 0
P 79 172 255 0 0
P 80 172 255 0 0
P 81 172 255 0 0
P 82 172 255 0 0
P 83 172 255 0 0
P 84 172 255 0 0
P 85 172 255 0 0
P 86 172 255 0 0
P 87 172 255 0 0
P 88 172 255 0 0
P 89 172 255 0 0
P 90 172 255 0 0
P 91 172 255 0 0
P 92 172 255 0 0
P 93 172 255 0 0
P 94 172 255 0 0
P 95 172 255 0 0
P 96 172 255 0 0
P 97 172 255 0 0
P 98 172 255 0 0
P 99 172 255 0 0
P 100 172 255 0 0
P 101 172 255 0 0
P 102 172 255 0 0
P 103 172 255 0 0
P 104 172 255 0 0
P 105 172 255 0 0
P 106 172 255 0 0
P 107 172 255 0 0
P 108 172 255 0 0
P 109 172 255 0 0
P 110 172 255 0 0
P 111 172 255 0 0
P 112 172 255 0 0
P 113 172 255 0 0
P 114 172 255 0 0
P 115 172 255 0 0
P 116 172 255 0 0
P 117 172 255 0 0
P 118 172 255 0 0
P 119 172 255 0 0
P 120 172 255 0 0
P 121 172 255 0 0
P 122 172 255 0 0
P 123 172 255 0 0
P 124 172 255 0 0
P 125 172 255 0 0
P 126 172 255 0 0
P 127 172 255 0 0
P 128 172 255 0 0
P 129 172 255 0 0
P 130 172 255 0 0
P 131 172 255 0 0
P 132 172 255 0 0
P 133 172 255 0 0
P 134 172 255 0 0
P 135 172 255 0 0
P 136 172 255 0 0
P 137 172 255 0 0
P 138 172 255 0 0
P 139 172 255 0 0
P 140 172 255 0 0
P 141 172 255 0 0
P 142 172 255 0 0
P 143 172 255 0 0
P 144 172 255 0 0
P 145 172 255 0 0
P 146 172 255 0 0
P 147 172 255 0 0
P 148 172 255 0 0
P 149 172 255 0 0
P 150 172 255 0 0
P 151 172 255 0 0
P 152 172 255 0 0
P 153 172 255 0 0
P 154 172 255 0 0
P 155 172 255 0 0
P 156 172 255 0 0
P 157 172 255 0 0
P 158 172 255 0 0
P 159 172 255 0 0
P 160 172 255 0 0
P 161 172 255 0 0
P 162 172 255 0 0
P 163 172 255 0 0
P 164 172 255 0 0
P 165 172 255 0 0
P 166 172 255 0 0
P 167 172 255 0 0
P 168 172 255 0 0
P 169 172 255 0 0
P 170 172 255 0 0
P 171 172 255 0 0
P 172 172 255 0 0
P 173 172 255 0 0
P 174 172 255 0 0
P 175 172 255 0 0
P 176 172 255 0 0
P 177 172 255 0 0
P 178 172 255 0 0
P 179 172 255 0 0
P 180 172 255 0 0
P 181 172 255 0 0
P 182 172 255 0 0
P 183 172 255 0 0
P 184 172 255 0 0
P 185 172 255 0 0
P 186 172 255 0 0
P 187 172 255 0 0
P 188 172 255 0 0
P 189 172 255 0 0
P 190 172 255 0 0
P 191 172 0 255 0
P 192 172 0 255 0
P 193 172 0 255 0
P 194 172 0 255 0
P 195 172 0 255 0
P 196 172 0 255 0
P 197 172 0 255 0
P 198 172 0 255 0
P 199 172 0 255 0
P 40 173 255 0 0
P 41 173 255 0 0
P 42 173 255 0 0
P 43 173 255 0 0
P 44 173 255 0 0
P 45 173 255 0 0
P 46 173 255 0 0
P 47 173 255 0 0
P 48 173 255 0 0
P 49 173 255 0 0
P 50 173 255 0 0
P 51 173 255 0 0
P 52 173 255 0 0
P 53 173 255 0 0
P 54 173 255 0 0
P 55 173 255 0 0
P 56 173 255 0 0
P 57 173 255 0 0
P 58 173 255 0 0
P 59 173 255 0 0
P 60 173 255 0 0
P 61 173 255 0 0
P 62 173 255 0 0
P 63 173 255 0 0
P 64 173 255 0 0
P 65 173 255 0 0
P 66 173 255 0 0
P 67 173 255 0 0
P 68 173 255 0 0
P 69 173 255 0 0
P 70 173 255 0 0
P 71 173 255 0 0
P 72 173 255 0 0
P 73 173 255 0 0
P 74 173 255 0 0
P 75 173 255 0 0
P 76 173 255 0 0
P 77 173 255 0 0
P 78 173 255 0 0
P 79 173 255 0 0
P 80 173 255 0 0
P 81 173 255 0 0
P 82 173 255 0 0
P 83 173 255 0 0
P 84 173 255 0 0
P 85 173 255 0 0
P 86 173 255 0 0
P 87 173 255 0 0
P 88 173 255 0 0
P 89 173 255 0 0
P 90 173 255 0 0
P 91 173 255 0 0
P 92 173 255 0 0
P 93 173 255 0 0
P 94 173 255 0 0
P 95 173 255 0 0
P 96 173 255 0 0
P 97 173 255 0 0
P 98 173 255 0 0
P 99 173 255 0 0
P 100 173 255 0 0
P 101 173 255 0 0
P 102 173 255 0 0
P 103 173 255 0 0
P 104 173 255 0 0
P 105 173 255 0 0
P 106 173 255 0 0
P 107 173 255 0 0
P 108 173 255 0 0
P 109 173 255 0 0
P 110 173 255 0 0
P 111 173 255 0 0
P 112 173 255 0 0
P 113 173 255 0 0
P 114 173 255 0 0
P 115 173 255 0 0
P 116 173 255 0 0
P 117 173 255 0 0
P 118 173 255 0 0
P 119 173 255 0 0
P 120 173 255 0 0
P 121 173 255 0 0
P 122 173 255 0 0
P 123 173 255 0 0
P 124 173 255 0 0
P 125 173 255 0 0
P 126 173 255 0 0
P 127 173 255 0 0
P 128 173 255 0 0
P 129 173 255 0 0
P 130 173 255 0 0
P 131 173 255 0 0
P 132 173 255 0 0
P 133 173 255 0 0
P 134 173 255 0 0
P 135 173 255 0 0
P 136 173 255 0 0
P 137 173 255 0 0
P 138 173 255 0 0
P 139 173 255 0 0
P 140 173 255 0 0
P 141 173 255 0 0
P 142 173 255 0 0
P 143 173 255 0 0
P 144 173 255 0 0
P 145 173 255 0 0
P 146 173 255 0 0
P 147 173 255 0 0
P 148 173 255 0 0
P 149 173 255 0 0
P 150 173 255 0 0
P 151 173 255 0 0
P 152 173 255 0 0
P 153 173 255 0 0
P 154 173 255 0 0
P 155 173 255 0 0
P 156 173 255 0 0
P 157 173 255 0 0
P 158 173 255 0 0
P 159 173 255 0 0
P 160 173 255 0 0
P 161 173 255 0 0
P 162 173 255 0 0
P 163 173 255 0 0
P 164 173 255 0 0
P 165 173 255 0 0
P 166 173 255 0 0
P 167 173 255 0 0
P 168 173 255 0 0
P 169 173 255 0 0
P 170 173 255 0 0
P 171 173 255 0 0
P 172 173 255 0 0
P 173 173 255 0 0
P 174 173 255 0 0
P 175 173 255 0 0
P 176 173 255 0 0
P 177 173 255 0 0
P 178 173 255 0 0
P 179 173 255 0 0
P 180 173 255 0 0
P 181 173 255 0 0
P 182 173 255 0 0
P 183 173 255 0 0
P 184 173 255 0 0
P 185 173 255 0 0
P 186 173 255 0 0
P 187 173 255 0 0
P 188 173 255 0 0
P 189 173 255 0 0
P 190 173 255 0 0
P 191 173 255 0 0
P 192 173 255 0 0
P 193 173 0 255 0
P 194 173 0 255 0
P 195 173 0 255 0
P 196 173 0 255 0
P 197 173 0 255 0
P 198 173 0 255 0
P 199 173 0 255 0
P 40 174 255 0 0
P 41 174 255 0 0
P 42 174 255 0 0
P 43 174 255 0 0
P 44 174 255 0 0
P 45 174 255 0 0
P 46 174 255 0 0
P 47 174 255 0 0
P 48 174 255 0 0
P 49 174 255 0 0
P 50 174 255 0 0
P 51 174 255 0 0
P 52 174 255 0 0
P 53 174 255 0 0
P 54 174 255 0 0
P 55 174 255 0 0
P 56 174 255 0 0
P 57 174 255 0 0
P 58 174 255 0 0
P 59 174 255 0 0
P 60 174 255 0 0
P 61 174 255 0 0
P 62 174 255 0 0
P 63 174 255 0 0
P 64 174 255 0 0
P 65 174 255 0 0
P 66 174 255 0 0
P 67 174 255 0 0
P 68 174 255 0 0
P 69 174 255 0 0
P 70 174 255 0 0
P 71 174 255 0 0
P 72 174 255 0 0
P 73 174 255 0 0
P 74 174 255 0 0
P 75 174 255 0 0
P 76 174 255 0 0
P 77 174 255 0 0
P 78 174 255 0 0
P 79 174 255 0 0
P 80 174 255 0 0
P 81 174 255 0 0
P 82 174 255 0 0
P 83 174 255 0 0
P 84 174 255 0 0
P 85 174 255 0 0
P 86 174 255 0 0
P 87 174 255 0 0
P 88 174 255 0 0
P 89 174 255 0 0
P 90 174 255 0 0
P 91 174 255 0 0
P 92 174 255 0 0
P 93 174 255 0 0
P 94 174 255 0 0
P 95 174 255 0 0
P 96 174 255 0 0
P 97 174 255 0 0
P 98 174 255 0 0
P 99 174 255 0 0
P 100 174 255 0 0
P 101 174 255 0 0
P 102 174 255 0 0
P 103 174 255 0 0
P 104 174 255 0 0
P 105 174 255 0 0
P 106 174 255 0 0
P 107 174 255 0 0
P 108 174 255 0 0
P 109 174 255 0 0
P 110 174 255 0 0
P 111 174 255 0 0
P 112 174 255 0 0
P 113 174 255 0 0
P 114 174 255 0 0
P 115 174 255 0 0
P 116 174 255 0 0
P 117 174 255 0 0
P 118 174 255 0 0
P 119 174 255 0 0
P 120 174 255 0 0
P 121 174 255 0 0
P 122 174 255 0 0
P 123 174 255 0 0
P 124 174 255 0 0
P 125 174 255 0 0
P 126 174 255 0 0
P 127 174 255 0 0
P 128 174 255 0 0
P 129 174 255 0 0
P 130 174 255 0 0
P 131 174 255 0 0
P 132 174 255 0 0
P 133 174 255 0 0
P 134 174 255 0 0
P 135 174 255 0 0
P 136 174 255 0 0
P 137 174 255 0 0
P 138 174 255 0 0
P 139 174 255 0 0
P 140 174 255 0 0
P 141 174 255 0 0
P 142 174 255 0 0
P 143 174 255 0 0
P 144 174 255 0 0
P 145 174 255 0 0
P 146 174 255 0 0
P 147 174 255 0 0
P 148 174 255 0 0
P 149 174 255 0 0
P 150 174 255 0 0
P 151 174 255 0 0
P 152 174 255 0 0
P 153 174 255 0 0
P 154 174 255 0 0
P 155 174 255 0 0
P 156 174 255 0 0
P 157 174 255 0 0
P 158 174 255 0 0
P 159 174 255 0 0
P 160 174 255 0 0
P 161 174 255 0 0
P 162 174 255 0 0
P 163 174 255 0 0
P 164 174 255 0 0
P 165 174 255 0 0
P 166 174 255 0 0
P 167 174 255 0 0
P 168 174 255 0 0
P 169 174 255 0 0
P 170 174 255 0 0
P 171 174 255 0 0
P 172 174 255 0 0
P 173 174 255 0 0
P 174 174 255 0 0
P 175 174 255 0 0
P 176 174 255 0 0
P 177 174 255 0 0
P 178 174 255 0 0
P 179 174 255 0 0
P 180 174 255 0 0
P 181 174 255 0 0
P 182 174 255 0 0
P 183 174 255 0 0
P 184 174 255 0 0
P 185 174 255 0 0
P 186 174 255 0 0
P 187 174 255 0 0
P 188 174 255 0 0
P 189 174 255 0 0
P 190 174 255 0 0
P 191 174 255 0 0
P 192 174 255 0 0
P 193 174 255 0 0
P 194 174 0 255 0
P 195 174 0 255 0
P 196 174 0 255 0
P 197 174 0 255 0
P 198 174 0 255 0
P 199 174 0 255 0
P 40 175 255 0 0
P 41 175 255 0 0
P 42 175 255 0 0
P 43 175 255 0 0
P 44 175 255 0 0
P 45 175 255 0 0
P 46 175 255 0 0
P 47 175 255 0 0
P 48 175 255 0 0
P 49 175 255 0 0
P 50 175 255 0 0
P 51 175 255 0 0
P 52 175 255 0 0
P 53 175 255 0 0
P 54 175 255 0 0
P 55 175 255 0 0
P 56 175 255 0 0
P 57 175 255 0 0
P 58 175 255 0 0
P 59 175 255 0 0
P 60 175 255 0 0
P 61 175 255 0 0
P 62 175 255 0 0
P 63 175 255 0 0
P 64 175 255 0 0
P 65 175 255 0 0
P 66 175 255 0 0
P 67 175 255 0 0
P 68 175 255 0 0
P 69 175 255 0 0
P 70 175 255 0 0
P 71 175 255 0 0
P 72 175 255 0 0
P 73 175 255 0 0
P 74 175 255 0 0
P 75 175 255 0 0
P 76 175 255 0 0
P 77 175 255 0 0
P 78 175 255 0 0
P 79 175 255 0 0
P 80 175 255 0 0
P 81 175 255 0 0
P 82 175 255 0 0
P 83 175 255 0 0
P 84 175 255 0 0
P 85 175 255 0 0
P 86 175 255 0 0
P 87 175 255 0 0
P 88 175 255 0 0
P 89 175 255 0 0
P 90 175 255 0 0
P 91 175 255 0 0
P 92 175 255 0 0
P 93 175 255 0 0
P 94 175 255 0 0
P 95 175 255 0 0
P 96 175 255 0 0
P 97 175 255 0 0
P 98 175 255 0 0
P 99 175 255 0 0
P 100 175 255 0 0
P 101 175 255 0 0
P 102 175 255 0 0
P 103 175 255 0 0
P 104 175 255 0 0
P 105 175 255 0 0
P 106 175 255 0 0
P 107 175 255 0 0
P 108 175 255 0 0
P 109 175 255 0 0
P 110 175 255 0 0
P 111 175 255 0 0
P 112 175 255 0 0
P 113 175 255 0 0
P 114 175 255 0 0
P 115 175 255 0 0
P 116 175 255 0 0
P 117 175 255 0 0
P 118 175 255 0 0
P 119 175 255 0 0
P 120 175 255 0 0
P 121 175 255 0 0
P 122 175 255 0 0
P 123 175 255 0 0
P 124 175 255 0 0
P 125 175 255 0 0
P 126 175 255 0 0
P 127 175 255 0 0
P 128 175 255 0 0
P 129 175 255 0 0
P 130 175 255 0 0
P 131 175 255 0 0
P 132 175 255 0 0
P 133 175 255 0 0
P 134 175 255 0 0
P 135 175 255 0 0
P 136 175 255 0 0
P 137 175 255 0 0
P 138 175 255 0 0
P 139 175 255 0 0
P 140 175 255 0 0
P 141 175 255 0 0
P 142 175 255 0 0
P 143 175 255 0 0
P 144 175 255 0 0
P 145 175 255 0 0
P 146 175 255 0 0
P 147 175 255 0 0
P 148 175 255 0 0
P 149 175 255 0 0
P 150 175 255 0 0
P 151 175 255 0 0
P 152 175 255 0 0
P 153 175 255 0 0
P 154 175 255 0 0
P 155 175 255 0 0
P 156 175 255 0 0
P 157 175 255 0 0
P 158 175 255 0 0
P 159 175 255 0 0
P 160 175 255 0 0
P 161 175 255 0 0
P 162 175 255 0 0
P 163 175 255 0 0
P 164 175 255 0 0
P 165 175 255 0 0
P 166 175 255 0 0
P 167 175 255 0 0
P 168 175 255 0 0
P 169 175 255 0 0
P 170 175 255 0 0
P 171 175 255 0 0
P 172 175 255 0 0
P 173 175 255 0 0
P 174 175 255 0 0
P 175 175 255 0 0
P 176 175 255 0 0
P 177 175 255 0 0
P 178 175 255 0 0
P 179 175 255 0 0
P 180 175 255 0 0
P 181 175 255 0 0
P 182 175 255 0 0
P 183 175 255 0 0
P 184 175 255 0 0
P 185 175 255 0 0
P 186 175 255 0 0
P 187 175 255 0 0
P 188 175 255 0 0
P 189 175 255 0 0
P 190 175 255 0 0
P 191 175 255 0 0
P 192 175 255 0 0
P 193 175 255 0 0
P 194 175 255 0 0
P 195 175 0 255 0
P 196 175 0 255 0
P 197 175 0 255 0
P 198 175 0 255 0
P 199 175 0 255 0
P 40 176 255 0 0
P 41 176 255 0 0
P 42 176 255 0 0
P 43 176 255 0 0
P 44 176 255 0 0
P 45 176 255 0 0
P 46 176 255 0 0
P 47 176 255 0 0
P 48 176 255 0 0
P 49 176 255 0 0
P 50 176 255 0 0
P 51 176 255 0 0
P 52 176 255 0 0
P 53 176 255 0 0
P 54 176 255 0 0
P 55 176 255 0 0
P 56 176 255 0 0
P 57 176 255 0 0
P 58 176 255 0 0
P 59 176 255 0 0
P 60 176 255 0 0
P 61 176 255 0 0
P 62 176 255 0 0
P 63 176 255 0 0
P 64 176 255 0 0
P 65 176 255 0 0
P 66 176 255 0 0
P 67 176 255 0 0
P 68 176 255 0 0
P 69 176 255 0 0
P 70 176 255 0 0
P 71 176 255 0 0
P 72 176 255 0 0
P 73 176 255 0 0
P 74 176 255 0 0
P 75 176 255 0 0
P 76 176 255 0 0
P 77 176 255 0 0
P 78 176 255 0 0
P 79 176 255 0 0
P 80 176 255 0 0
P 81 176 255 0 0
P 82 176 255 0 0
P 83 176 255 0 0
P 84 176 255 0 0
P 85 176 255 0 0
P 86 176 255 0 0
P 87 176 255 0 0
P 88 176 255 0 0
P 89 176 255 0 0
P 90 176 255 0 0
P 91 176 255 0 0
P 92 176 255 0 0
P 93 176 255 0 0
P 94 176 255 0 0
P 95 176 255 0 0
P 96 176 255 0 0
P 97 176 255 0 0
P 98 176 255 0 0
P 99 176 255 0 0
P 100 176 255 0 0
P 101 176 255 0 0
P 102 176 255 0 0
P 103 176 255 0 0
P 104 176 255 0 0
P 105 176 255 0 0
P 106 176 255 0 0
P 107 176 255 0 0
P 108 176 255 0 0
P 109 176 255 0 0
P 110 176 255 0 0
P 111 176 255 0 0
P 112 176 255 0 0
P 113 176 255 0 0
P 114 176 255 0 0
P 115 176 255 0 0
P 116 176 255 0 0
P 117 176 255 0 0
P 118 176 255 0 0
P 119 176 255 0 0
P 120 176 255 0 0
P 121 176 255 0 0
P 122 176 255 0 0
P 123 176 255 0 0
P 124 176 255 0 0
P 125 176 255 0 0
P 126 176 255 0 0
P 127 176 255 0 0
P 128 176 255 0 0
P 129 176 255 0 0
P 130 176 255 0 0
P 131 176 255 0 0
P 132 176 255 0 0
P 133 176 255 0 0
P 134 176 255 0 0
P 135 176 255 0 0
P 136 176 255 0 0
P 137 176 255 0 0
P 138 176 255 0 0
P 139 176 255 0 0
P 140 176 255 0 0
P 141 176 255 0 0
P 142 176 255 0 0
P 143 176 255 0 0
P 144 176 255 0 0
P 145 176 255 0 0
P 146 176 255 0 0
P 147 176 255 0 0
P 148 176 255 0 0
P 149 176 255 0 0
P 150 176 255 0 0
P 151 176 255 0 0
P 152 176 255 0 0
P 153 176 255 0 0
P 154 176 255 0 0
P 155 176 255 0 0
P 156 176 255 0 0
P 157 176 255 0 0
P 158 176 255 0 0
P 159 176 255 0 0
P 160 176 255 0 0
P 161 176 255 0 0
P 162 176 255 0 0
P 163 176 255 0 0
P 164 176 255 0 0
P 165 176 255 0 0
P 166 176 255 0 0
P 167 176 255 0 0
P 168 176 255 0 0
P 169 176 255 0 0
P 170 176 255 0 0
P 171 176 255 0 0
P 172 176 255 0 0
P 173 176 255 0 0
P 174 176 255 0 0
P 175 176 255 0 0
P 176 176 255 0 0
P 177 176 255 0 0
P 178 176 255 0 0
P 179 176 255 0 0
P 180 176 255 0 0
P 181 176 255 0 0
P 182 176 255 0 0
P 183 176 255 0 0
P 184 176 255 0 0
P 185 176 255 0 0
P 186 176 255 0 0
P 187 176 255 0 0
P 188 176 255 0 0
P 189 176 255 0 0
P 190 176 255 0 0
P 191 176 255 0 0
P 192 176 255 0 0
P 193 176 255 0 0
P 194 176 255 0 0
P 195 176 255 0 0
P 196 176 0 255 0
P 197 176 0 255 0
P 198 176 0 255 0
P 199 176 0 255 0
P 40 177 255 0 0
P 41 177 255 0 0
P 42 177 255 0 0
P 43 177 255 0 0
P 44 177 255 0 0
P 45 177 255 0 0
P 46 177 255 0 0
P 47 177 255 0 0
P 48 177 255 0 0
P 49 177 255 0 0
P 50 177 255 0 0
P 51 177 255 0 0
P 52 177 255 0 0
P 53 177 255 0 0
P 54 177 255 0 0
P 55 177 255 0 0
P 56 177 255 0 0
P 57 177 255 0 0
P 58 177 255 0 0
P 59 177 255 0 0
P 60 177 255 0 0
P 61 177 255 0 0
P 62 177 255 0 0
P 63 177 255 0 0
P 64 177 255 0 0
P 65 177 255 0 0
P 66 177 255 0 0
P 67 177 255 0 0
P 68 177 255 0 0
P 69 177 255 0 0
P 70 177 255 0 0
P 71 177 255 0 0
P 72 177 255 0 0
P 73 177 255 0 0
P 74 177 255 0 0
P 75 177 255 0 0
P 76 177 255 0 0
P 77 177 255 0 0
P 78 177 255 0 0
P 79 177 255 0 0
P 80 177 255 0 0
P 81 177 255 0 0
P 82 177 255 0 0
P 83 177 255 0 0
P 84 177 255 0 0
P 85 177 255 0 0
P 86 177 255 0 0
P 87 177 255 0 0
P 88 177 255 0 0
P 89 177 255 0 0
P 90 177 255 0 0
P 91 177 255 0 0
P 92 177 255 0 0
P 93 177 255 0 0
P 94 177 255 0 0
P 95 177 255 0 0
P 96 177 255 0 0
P 97 177 255 0 0
P 98 177 255 0 0
P 99 177 255 0 0
P 100 177 255 0 0
P 101 177 255 0 0
P 102 177 255 0 0
P 103 177 255 0 0
P 104 177 255 0 0
P 105 177 255 0 0
P 106 177 255 0 0
P 107 177 255 0 0
P 108 177 255 0 0
P 109 177 255 0 0
P 110 177 255 0 0
P 111 177 255 0 0
P 112 177 255 0 0
P 113 177 255 0 0
P 114 177 255 0 0
P 115 177 255 0 0
P 116 177 255 0 0
P 117 177 255 0 0
P 118 177 255 0 0
P 119 177 255 0 0
P 120 177 255 0 0
P 121 177 255 0 0
P 122 177 255 0 0
P 123 177 255 0 0
P 124 177 255 0 0
P 125 177 255 0 0
P 126 177 255 0 0
P 127 177 255 0 0
P 128 177 255 0 0
P 129 177 255 0 0
P 130 177 255 0 0
P 131 177 255 0 0
P 132 177 255 0 0
P 133 177 255 0 0
P 134 177 255 0 0
P 135 177 255 0 0
P 136 177 255 0 0
P 137 177 255 0 0
P 138 177 255 0 0
P 139 177 255 0 0
P 140 177 255 0 0
P 141 177 255 0 0
P 142 177 255 0 0
P 143 177 255 0 0
P 144 177 255 0 0
P 145 177 255 0 0
P 146 177 255 0 0
P 147 177 255 0 0
P 148 177 255 0 0
P 149 177 255 0 0
P 150 177 255 0 0
P 151 177 255 0 0
P 152 177 255 0 0
P 153 177 255 0 0
P 154 177 255 0 0
P 155 177 255 0 0
P 156 177 255 0 0
P 157 177 255 0 0
P 158 177 255 0 0
P 159 177 255 0 0
P 160 177 255 0 0
P 161 177 255 0 0
P 162 177 255 0 0
P 163 177 255 0 0
P 164 177 255 0 0
P 165 177 255 0 0
P 166 177 255 0 0
P 167 177 255 0 0
P 168 177 255 0 0
P 169 177 255 0 0
P 170 177 255 0 0
P 171 177 255 0 0
P 172 177 255 0 0
P 173 177 255 0 0
P 174 177 255 0 0
P 175 177 255 0 0
P 176 177 255 0 0
P 177 177 255 0 0
P 178 177 255 0 0
P 179 177 255 0 0
P 180 177 255 0 0
P 181 177 255 0 0
P 182 177 255 0 0
P 183 177 255 0 0
P 184 177 255 0 0
P 185 177 255 0 0
P 186 177 255 0 0
P 187 177 255 0 0
P 188 177 255 0 0
P 189 177 255 0 0
P 190 177 255 0 0
P 191 177 255 0 0
P 192 177 255 0 0
P 193 177 255 0 0
P 194 177 255 0 0
P 195 177 255 0 0
P 196 177 255 0 0
P 197 177 0 255 0
P 198 177 0 255 0
P 199 177 0 255 0
P 40 178 255 0 0
P 41 178 255 0 0
P 42 178 255 0 0
P 43 178 255 0 0
P 44 178 255 0 0
P 45 178 255 0 0
P 46 178 255 0 0
P 47 178 255 0 0
P 48 178 255 0 0
P 49 178 255 0 0
P 50 178 255 0 0
P 51 178 255 0 0
P 52 178 255 0 0
P 53 178 255 0 0
P 54 178 255 0 0
P 55 178 255 0 0
P 56 178 255 0 0
P 57 178 255 0 0
P 58 178 255 0 0
P 59 178 255 0 0
P 60 178 255 0 0
P 61 178 255 0 0
P 62 178 255 0 0
P 63 178 255 0 0
P 64 178 255 0 0
P 65 178 255 0 0
P 66 178 255 0 0
P 67 178 255 0 0
P 68 178 255 0 0
P 69 178 255 0 0
P 70 178 255 0 0
P 71 178 255 0 0
P 72 178 255 0 0
P 73 178 255 0 0
P 74 178 255 0 0
P 75 178 255 0 0
P 76 178 255 0 0
P 77 178 255 0 0
P 78 178 255 0 0
P 79 178 255 0 0
P 80 178 255 0 0
P 81 178 255 0 0
P 82 178 255 0 0
P 83 178 255 0 0
P 84 178 255 0 0
P 85 178 255 0 0
P 86 178 255 0 0
P 87 178 255 0 0
P 88 178 255 0 0
P 89 178 255 0 0
P 90 178 255 0 0
P 91 178 255 0 0
P 92 178 255 0 0
P 93 178 255 0 0
P 94 178 255 0 0
P 95 178 255 0 0
P 96 178 255 0 0
P 97 178 255 0 0
P 98 178 255 0 0
P 99 178 255 0 0
P 100 178 255 0 0
P 101 178 255 0 0
P 102 178 255 0 0
P 103 178 255 0 0
P 104 178 255 0 0
P 105 178 255 0 0
P 106 178 255 0 0
P 107 178 255 0 0
P 108 178 255 0 0
P 109 178 255 0 0
P 110 178 255 0 0
P 111 178 255 0 0
P 112 178 255 0 0
P 113 178 255 0 0
P 114 178 255 0 0
P 115 178 255 0 0
P 116 178 255 0 0
P 117 178 255 0 0
P 118 178 255 0 0
P 119 178 255 0 0
P 120 178 255 0 0
P 121 178 255 0 0
P 122 178 255 0 0
P 123 178 255 0 0
P 124 178 255 0 0
P 125 178 255 0 0
P 126 178 255 0 0
P 127 178 255 0 0
P 128 178 255 0 0
P 129 178 255 0 0
P 130 178 255 0 0
P 131 178 255 0 0
P 132 178 255 0 0
P 133 178 255 0 0
P 134 178 255 0 0
P 135 178 255 0 0
P 136 178 255 0 0
P 137 178 255 0 0
P 138 178 255 0 0
P 139 178 255 0 0
P 140 178 255 0 0
P 141 178 255 0 0
P 142 178 255 0 0
P 143 178 255 0 0
P 144 178 255 0 0
P 145 178 255 0 0
P 146 178 255 0 0
P 147 178 255 0 0
P 148 178 255 0 0
P 149 178 255 0 0
P 150 178 255 0 0
P 151 178 255 0 0
P 152 178 255 0 0
P 153 178 255 0 0
P 154 178 255 0 0
P 155 178 255 0 0
P 156 178 255 0 0
P 157 178 255 0 0
P 158 178 255 0 0
P 159 178 255 0 0
P 160 178 255 0 0
P 161 178 255 0 0
P 162 178 255 0 0
P 163 178 255 0 0
P 164 178 255 0 0
P 165 178 255 0 0
P 166 178 255 0 0
P 167 178 255 0 0
P 168 178 255 0 0
P 169 178 255 0 0
P 170 178 255 0 0
P 171 178 255 0 0
P 172 178 255 0 0
P 173 178 255 0 0
P 174 178 255 0 0
P 175 178 255 0 0
P 176 178 255 0 0
P 177 178 255 0 0
P 178 178 255 0 0
P 179 178 255 0 0
P 180 178 255 0 0
P 181 178 255 0 0
P 182 178 255 0 0
P 183 178 255 0 0
P 184 178 255 0 0
P 185 178 255 0 0
P 186 178 255 0 0
P 187 178 255 0 0
P 188 178 255 0 0
P 189 178 255 0 0
P 190 178 255 0 0
P 191 178 255 0 0
P 192 178 255 0 0
P 193 178 255 0 0
P 194 178 255 0 0
P 195 178 255 0 0
P 196 178 255 0 0
P 197 178 255 0 0
P 198 178 0 255 0
P 199 178 0 255 0
P 40 179 255 0 0
P 41 179 255 0 0
P 42 179 255 0 0
P 43 179 255 0 0
P 44 179 255 0 0
P 45 179 255 0 0
P 46 179 255 0 0
P 47 179 255 0 0
P 48 179 255 0 0
P 49 179 255 0 0
P 50 179 255 0 0
P 51 179 255 0 0
P 52 179 255 0 0
P 53 179 255 0 0
P 54 179 255 0 0
P 55 179 255 0 0
P 56 179 255 0 0
P 57 179 255 0 0
P 58 179 255 0 0
P 59 179 255 0 0
P 60 179 255 0 0
P 61 179 255 0 0
P 62 179 255 0 0
P 63 179 255 0 0
P 64 179 255 0 0
P 65 179 255 0 0
P 66 179 255 0 0
P 67 179 255 0 0
P 68 179 255 0 0
P 69 179 255 0 0
P 70 179 255 0 0
P 71 179 255 0 0
P 72 179 255 0 0
P 73 179 255 0 0
P 74 179 255 0 0
P 75 179 255 0 0
P 76 179 255 0 0
P 77 179 255 0 0
P 78 179 255 0 0
P 79 179 255 0 0
P 80 179 255 0 0
P 81 179 255 0 0
P 82 179 255 0 0
P 83 179 255 0 0
P 84 179 255 0 0
P 85 179 255 0 0
P 86 179 255 0 0
P 87 179 255 0 0
P 88 179 255 0 0
P 89 179 255 0 0
P 90 179 255 0 0
P 91 179 255 0 0
P 92 179 255 0 0
P 93 179 255 0 0
P 94 179 255 0 0
P 95 179 255 0 0
P 96 179 255 0 0
P 97 179 255 0 0
P 98 179 255 0 0
P 99 179 255 0 0
P 100 179 255 0 0
P 101 179 255 0 0
P 102 179 255 0 0
P 103 179 255 0 0
P 104 179 255 0 0
P 105 179 255 0 0
P 106 179 255 0 0
P 107 179 255 0 0
P 108 179 255 0 0
P 109 179 255 0 0
P 110 179 255 0 0
P 111 179 255 0 0
P 112 179 255 0 0
P 113 179 255 0 0
P 114 179 255 0 0
P 115 179 255 0 0
P 116 179 255 0 0
P 117 179 255 0 0
P 118 179 255 0 0
P 119 179 255 0 0
P 120 179 255 0 0
P 121 179 255 0 0
P 122 179 255 0 0
P 123 179 255 0 0
P 124 179 255 0 0
P 125 179 255 0 0
P 126 179 255 0 0
P 127 179 255 0 0
P 128 179 255 0 0
P 129 179 255 0 0
P 130 179 255 0 0
P 131 179 255 0 0
P 132 179 255 0 0
P 133 179 255 0 0
P 134 179 255 0 0
P 135 179 255 0 0
P 136 179 255 0 0
P 137 179 255 0 0
P 138 179 255 0 0
P 139 179 255 0 0
P 140 179 255 0 0
P 141 179 255 0 0
P 142 179 255 0 0
P 143 179 255 0 0
P 144 179 255 0 0
P 145 179 255 0 0
P 146 179 255 0 0
P 147 179 255 0 0
P 148 179 255 0 0
P 149 179 255 0 0
P 150 179 255 0 0
P 151 179 255 0 0
P 152 179 255 0 0
P 153 179 255 0 0
P 154 179 255 0 0
P 155 179 255 0 0
P 156 179 255 0 0
P 157 179 255 0 0
P 158 179 255 0 0
P 159 179 255 0 0
P 160 179 255 0 0
P 161 179 255 0 0
P 162 179 255 0 0
P 163 179 255 0 0
P 164 179 255 0 0
P 165 179 255 0 0
P 166 179 255 0 0
P 167 179 255 0 0
P 168 179 255 0 0
P 169 179 255 0 0
P 170 179 255 0 0
P 171 179 255 0 0
P 172 179 255 0 0
P 173 179 255 0 0
P 174 179 255 0 0
P 175 179 255 0 0
P 176 179 255 0 0
P 177 179 255 0 0
P 178 179 255 0 0
P 179 179 255 0 0
P 180 179 255 0 0
P 181 179 255 0 0
P 182 179 255 0 0
P 183 179 255 0 0
P 184 179 255 0 0
P 185 179 255 0 0
P 186 179 255 0 0
P 187 179 255 0 0
P 188 179 255 0 0
P 189 179 255 0 0
P 190 179 255 0 0
P 191 179 255 0 0
P 192 179 255 0 0
P 193 179 255 0 0
P 194 179 255 0 0
P 195 179 255 0 0
P 196 179 255 0 0
P 197 179 255 0 0
P 198 179 255 0 0
P 199 179 0 255 0
