# shape C mode rev ntri 2
# select hard 0 soft 0
# v0 148.0000000 72.0000000
# v1 24.0000000 132.0000000
# v2 144.0000000 172.0000000
# v3 296.0000000 48.0000000
# t0 0 1 2
# t1 0 2 3
# counters drawn=0 software=0 declined=0 warp=0
# mode software
P 293 48 255 0 0
P 294 48 255 0 0
P 287 49 255 0 0
P 288 49 255 0 0
P 289 49 255 0 0
P 290 49 255 0 0
P 291 49 255 0 0
P 292 49 255 0 0
P 293 49 255 0 0
P 281 50 255 0 0
P 282 50 255 0 0
P 283 50 255 0 0
P 284 50 255 0 0
P 285 50 255 0 0
P 286 50 255 0 0
P 287 50 255 0 0
P 288 50 255 0 0
P 289 50 255 0 0
P 290 50 255 0 0
P 291 50 255 0 0
P 292 50 255 0 0
P 274 51 255 0 0
P 275 51 255 0 0
P 276 51 255 0 0
P 277 51 255 0 0
P 278 51 255 0 0
P 279 51 255 0 0
P 280 51 255 0 0
P 281 51 255 0 0
P 282 51 255 0 0
P 283 51 255 0 0
P 284 51 255 0 0
P 285 51 255 0 0
P 286 51 255 0 0
P 287 51 255 0 0
P 288 51 255 0 0
P 289 51 255 0 0
P 290 51 255 0 0
P 291 51 255 0 0
P 268 52 255 0 0
P 269 52 255 0 0
P 270 52 255 0 0
P 271 52 255 0 0
P 272 52 255 0 0
P 273 52 255 0 0
P 274 52 255 0 0
P 275 52 255 0 0
P 276 52 255 0 0
P 277 52 255 0 0
P 278 52 255 0 0
P 279 52 255 0 0
P 280 52 255 0 0
P 281 52 255 0 0
P 282 52 255 0 0
P 283 52 255 0 0
P 284 52 255 0 0
P 285 52 255 0 0
P 286 52 255 0 0
P 287 52 255 0 0
P 288 52 255 0 0
P 289 52 255 0 0
P 262 53 255 0 0
P 263 53 255 0 0
P 264 53 255 0 0
P 265 53 255 0 0
P 266 53 255 0 0
P 267 53 255 0 0
P 268 53 255 0 0
P 269 53 255 0 0
P 270 53 255 0 0
P 271 53 255 0 0
P 272 53 255 0 0
P 273 53 255 0 0
P 274 53 255 0 0
P 275 53 255 0 0
P 276 53 255 0 0
P 277 53 255 0 0
P 278 53 255 0 0
P 279 53 255 0 0
P 280 53 255 0 0
P 281 53 255 0 0
P 282 53 255 0 0
P 283 53 255 0 0
P 284 53 255 0 0
P 285 53 255 0 0
P 286 53 255 0 0
P 287 53 255 0 0
P 288 53 255 0 0
P 256 54 255 0 0
P 257 54 255 0 0
P 258 54 255 0 0
P 259 54 255 0 0
P 260 54 255 0 0
P 261 54 255 0 0
P 262 54 255 0 0
P 263 54 255 0 0
P 264 54 255 0 0
P 265 54 255 0 0
P 266 54 255 0 0
P 267 54 255 0 0
P 268 54 255 0 0
P 269 54 255 0 0
P 270 54 255 0 0
P 271 54 255 0 0
P 272 54 255 0 0
P 273 54 255 0 0
P 274 54 255 0 0
P 275 54 255 0 0
P 276 54 255 0 0
P 277 54 255 0 0
P 278 54 255 0 0
P 279 54 255 0 0
P 280 54 255 0 0
P 281 54 255 0 0
P 282 54 255 0 0
P 283 54 255 0 0
P 284 54 255 0 0
P 285 54 255 0 0
P 286 54 255 0 0
P 287 54 255 0 0
P 250 55 255 0 0
P 251 55 255 0 0
P 252 55 255 0 0
P 253 55 255 0 0
P 254 55 255 0 0
P 255 55 255 0 0
P 256 55 255 0 0
P 257 55 255 0 0
P 258 55 255 0 0
P 259 55 255 0 0
P 260 55 255 0 0
P 261 55 255 0 0
P 262 55 255 0 0
P 263 55 255 0 0
P 264 55 255 0 0
P 265 55 255 0 0
P 266 55 255 0 0
P 267 55 255 0 0
P 268 55 255 0 0
P 269 55 255 0 0
P 270 55 255 0 0
P 271 55 255 0 0
P 272 55 255 0 0
P 273 55 255 0 0
P 274 55 255 0 0
P 275 55 255 0 0
P 276 55 255 0 0
P 277 55 255 0 0
P 278 55 255 0 0
P 279 55 255 0 0
P 280 55 255 0 0
P 281 55 255 0 0
P 282 55 255 0 0
P 283 55 255 0 0
P 284 55 255 0 0
P 285 55 255 0 0
P 286 55 255 0 0
P 244 56 255 0 0
P 245 56 255 0 0
P 246 56 255 0 0
P 247 56 255 0 0
P 248 56 255 0 0
P 249 56 255 0 0
P 250 56 255 0 0
P 251 56 255 0 0
P 252 56 255 0 0
P 253 56 255 0 0
P 254 56 255 0 0
P 255 56 255 0 0
P 256 56 255 0 0
P 257 56 255 0 0
P 258 56 255 0 0
P 259 56 255 0 0
P 260 56 255 0 0
P 261 56 255 0 0
P 262 56 255 0 0
P 263 56 255 0 0
P 264 56 255 0 0
P 265 56 255 0 0
P 266 56 255 0 0
P 267 56 255 0 0
P 268 56 255 0 0
P 269 56 255 0 0
P 270 56 255 0 0
P 271 56 255 0 0
P 272 56 255 0 0
P 273 56 255 0 0
P 274 56 255 0 0
P 275 56 255 0 0
P 276 56 255 0 0
P 277 56 255 0 0
P 278 56 255 0 0
P 279 56 255 0 0
P 280 56 255 0 0
P 281 56 255 0 0
P 282 56 255 0 0
P 283 56 255 0 0
P 284 56 255 0 0
P 285 56 255 0 0
P 237 57 255 0 0
P 238 57 255 0 0
P 239 57 255 0 0
P 240 57 255 0 0
P 241 57 255 0 0
P 242 57 255 0 0
P 243 57 255 0 0
P 244 57 255 0 0
P 245 57 255 0 0
P 246 57 255 0 0
P 247 57 255 0 0
P 248 57 255 0 0
P 249 57 255 0 0
P 250 57 255 0 0
P 251 57 255 0 0
P 252 57 255 0 0
P 253 57 255 0 0
P 254 57 255 0 0
P 255 57 255 0 0
P 256 57 255 0 0
P 257 57 255 0 0
P 258 57 255 0 0
P 259 57 255 0 0
P 260 57 255 0 0
P 261 57 255 0 0
P 262 57 255 0 0
P 263 57 255 0 0
P 264 57 255 0 0
P 265 57 255 0 0
P 266 57 255 0 0
P 267 57 255 0 0
P 268 57 255 0 0
P 269 57 255 0 0
P 270 57 255 0 0
P 271 57 255 0 0
P 272 57 255 0 0
P 273 57 255 0 0
P 274 57 255 0 0
P 275 57 255 0 0
P 276 57 255 0 0
P 277 57 255 0 0
P 278 57 255 0 0
P 279 57 255 0 0
P 280 57 255 0 0
P 281 57 255 0 0
P 282 57 255 0 0
P 283 57 255 0 0
P 231 58 255 0 0
P 232 58 255 0 0
P 233 58 255 0 0
P 234 58 255 0 0
P 235 58 255 0 0
P 236 58 255 0 0
P 237 58 255 0 0
P 238 58 255 0 0
P 239 58 255 0 0
P 240 58 255 0 0
P 241 58 255 0 0
P 242 58 255 0 0
P 243 58 255 0 0
P 244 58 255 0 0
P 245 58 255 0 0
P 246 58 255 0 0
P 247 58 255 0 0
P 248 58 255 0 0
P 249 58 255 0 0
P 250 58 255 0 0
P 251 58 255 0 0
P 252 58 255 0 0
P 253 58 255 0 0
P 254 58 255 0 0
P 255 58 255 0 0
P 256 58 255 0 0
P 257 58 255 0 0
P 258 58 255 0 0
P 259 58 255 0 0
P 260 58 255 0 0
P 261 58 255 0 0
P 262 58 255 0 0
P 263 58 255 0 0
P 264 58 255 0 0
P 265 58 255 0 0
P 266 58 255 0 0
P 267 58 255 0 0
P 268 58 255 0 0
P 269 58 255 0 0
P 270 58 255 0 0
P 271 58 255 0 0
P 272 58 255 0 0
P 273 58 255 0 0
P 274 58 255 0 0
P 275 58 255 0 0
P 276 58 255 0 0
P 277 58 255 0 0
P 278 58 255 0 0
P 279 58 255 0 0
P 280 58 255 0 0
P 281 58 255 0 0
P 282 58 255 0 0
P 225 59 255 0 0
P 226 59 255 0 0
P 227 59 255 0 0
P 228 59 255 0 0
P 229 59 255 0 0
P 230 59 255 0 0
P 231 59 255 0 0
P 232 59 255 0 0
P 233 59 255 0 0
P 234 59 255 0 0
P 235 59 255 0 0
P 236 59 255 0 0
P 237 59 255 0 0
P 238 59 255 0 0
P 239 59 255 0 0
P 240 59 255 0 0
P 241 59 255 0 0
P 242 59 255 0 0
P 243 59 255 0 0
P 244 59 255 0 0
P 245 59 255 0 0
P 246 59 255 0 0
P 247 59 255 0 0
P 248 59 255 0 0
P 249 59 255 0 0
P 250 59 255 0 0
P 251 59 255 0 0
P 252 59 255 0 0
P 253 59 255 0 0
P 254 59 255 0 0
P 255 59 255 0 0
P 256 59 255 0 0
P 257 59 255 0 0
P 258 59 255 0 0
P 259 59 255 0 0
P 260 59 255 0 0
P 261 59 255 0 0
P 262 59 255 0 0
P 263 59 255 0 0
P 264 59 255 0 0
P 265 59 255 0 0
P 266 59 255 0 0
P 267 59 255 0 0
P 268 59 255 0 0
P 269 59 255 0 0
P 270 59 255 0 0
P 271 59 255 0 0
P 272 59 255 0 0
P 273 59 255 0 0
P 274 59 255 0 0
P 275 59 255 0 0
P 276 59 255 0 0
P 277 59 255 0 0
P 278 59 255 0 0
P 279 59 255 0 0
P 280 59 255 0 0
P 281 59 255 0 0
P 219 60 255 0 0
P 220 60 255 0 0
P 221 60 255 0 0
P 222 60 255 0 0
P 223 60 255 0 0
P 224 60 255 0 0
P 225 60 255 0 0
P 226 60 255 0 0
P 227 60 255 0 0
P 228 60 255 0 0
P 229 60 255 0 0
P 230 60 255 0 0
P 231 60 255 0 0
P 232 60 255 0 0
P 233 60 255 0 0
P 234 60 255 0 0
P 235 60 255 0 0
P 236 60 255 0 0
P 237 60 255 0 0
P 238 60 255 0 0
P 239 60 255 0 0
P 240 60 255 0 0
P 241 60 255 0 0
P 242 60 255 0 0
P 243 60 255 0 0
P 244 60 255 0 0
P 245 60 255 0 0
P 246 60 255 0 0
P 247 60 255 0 0
P 248 60 255 0 0
P 249 60 255 0 0
P 250 60 255 0 0
P 251 60 255 0 0
P 252 60 255 0 0
P 253 60 255 0 0
P 254 60 255 0 0
P 255 60 255 0 0
P 256 60 255 0 0
P 257 60 255 0 0
P 258 60 255 0 0
P 259 60 255 0 0
P 260 60 255 0 0
P 261 60 255 0 0
P 262 60 255 0 0
P 263 60 255 0 0
P 264 60 255 0 0
P 265 60 255 0 0
P 266 60 255 0 0
P 267 60 255 0 0
P 268 60 255 0 0
P 269 60 255 0 0
P 270 60 255 0 0
P 271 60 255 0 0
P 272 60 255 0 0
P 273 60 255 0 0
P 274 60 255 0 0
P 275 60 255 0 0
P 276 60 255 0 0
P 277 60 255 0 0
P 278 60 255 0 0
P 279 60 255 0 0
P 280 60 255 0 0
P 213 61 255 0 0
P 214 61 255 0 0
P 215 61 255 0 0
P 216 61 255 0 0
P 217 61 255 0 0
P 218 61 255 0 0
P 219 61 255 0 0
P 220 61 255 0 0
P 221 61 255 0 0
P 222 61 255 0 0
P 223 61 255 0 0
P 224 61 255 0 0
P 225 61 255 0 0
P 226 61 255 0 0
P 227 61 255 0 0
P 228 61 255 0 0
P 229 61 255 0 0
P 230 61 255 0 0
P 231 61 255 0 0
P 232 61 255 0 0
P 233 61 255 0 0
P 234 61 255 0 0
P 235 61 255 0 0
P 236 61 255 0 0
P 237 61 255 0 0
P 238 61 255 0 0
P 239 61 255 0 0
P 240 61 255 0 0
P 241 61 255 0 0
P 242 61 255 0 0
P 243 61 255 0 0
P 244 61 255 0 0
P 245 61 255 0 0
P 246 61 255 0 0
P 247 61 255 0 0
P 248 61 255 0 0
P 249 61 255 0 0
P 250 61 255 0 0
P 251 61 255 0 0
P 252 61 255 0 0
P 253 61 255 0 0
P 254 61 255 0 0
P 255 61 255 0 0
P 256 61 255 0 0
P 257 61 255 0 0
P 258 61 255 0 0
P 259 61 255 0 0
P 260 61 255 0 0
P 261 61 255 0 0
P 262 61 255 0 0
P 263 61 255 0 0
P 264 61 255 0 0
P 265 61 255 0 0
P 266 61 255 0 0
P 267 61 255 0 0
P 268 61 255 0 0
P 269 61 255 0 0
P 270 61 255 0 0
P 271 61 255 0 0
P 272 61 255 0 0
P 273 61 255 0 0
P 274 61 255 0 0
P 275 61 255 0 0
P 276 61 255 0 0
P 277 61 255 0 0
P 278 61 255 0 0
P 207 62 255 0 0
P 208 62 255 0 0
P 209 62 255 0 0
P 210 62 255 0 0
P 211 62 255 0 0
P 212 62 255 0 0
P 213 62 255 0 0
P 214 62 255 0 0
P 215 62 255 0 0
P 216 62 255 0 0
P 217 62 255 0 0
P 218 62 255 0 0
P 219 62 255 0 0
P 220 62 255 0 0
P 221 62 255 0 0
P 222 62 255 0 0
P 223 62 255 0 0
P 224 62 255 0 0
P 225 62 255 0 0
P 226 62 255 0 0
P 227 62 255 0 0
P 228 62 255 0 0
P 229 62 255 0 0
P 230 62 255 0 0
P 231 62 255 0 0
P 232 62 255 0 0
P 233 62 255 0 0
P 234 62 255 0 0
P 235 62 255 0 0
P 236 62 255 0 0
P 237 62 255 0 0
P 238 62 255 0 0
P 239 62 255 0 0
P 240 62 255 0 0
P 241 62 255 0 0
P 242 62 255 0 0
P 243 62 255 0 0
P 244 62 255 0 0
P 245 62 255 0 0
P 246 62 255 0 0
P 247 62 255 0 0
P 248 62 255 0 0
P 249 62 255 0 0
P 250 62 255 0 0
P 251 62 255 0 0
P 252 62 255 0 0
P 253 62 255 0 0
P 254 62 255 0 0
P 255 62 255 0 0
P 256 62 255 0 0
P 257 62 255 0 0
P 258 62 255 0 0
P 259 62 255 0 0
P 260 62 255 0 0
P 261 62 255 0 0
P 262 62 255 0 0
P 263 62 255 0 0
P 264 62 255 0 0
P 265 62 255 0 0
P 266 62 255 0 0
P 267 62 255 0 0
P 268 62 255 0 0
P 269 62 255 0 0
P 270 62 255 0 0
P 271 62 255 0 0
P 272 62 255 0 0
P 273 62 255 0 0
P 274 62 255 0 0
P 275 62 255 0 0
P 276 62 255 0 0
P 277 62 255 0 0
P 200 63 255 0 0
P 201 63 255 0 0
P 202 63 255 0 0
P 203 63 255 0 0
P 204 63 255 0 0
P 205 63 255 0 0
P 206 63 255 0 0
P 207 63 255 0 0
P 208 63 255 0 0
P 209 63 255 0 0
P 210 63 255 0 0
P 211 63 255 0 0
P 212 63 255 0 0
P 213 63 255 0 0
P 214 63 255 0 0
P 215 63 255 0 0
P 216 63 255 0 0
P 217 63 255 0 0
P 218 63 255 0 0
P 219 63 255 0 0
P 220 63 255 0 0
P 221 63 255 0 0
P 222 63 255 0 0
P 223 63 255 0 0
P 224 63 255 0 0
P 225 63 255 0 0
P 226 63 255 0 0
P 227 63 255 0 0
P 228 63 255 0 0
P 229 63 255 0 0
P 230 63 255 0 0
P 231 63 255 0 0
P 232 63 255 0 0
P 233 63 255 0 0
P 234 63 255 0 0
P 235 63 255 0 0
P 236 63 255 0 0
P 237 63 255 0 0
P 238 63 255 0 0
P 239 63 255 0 0
P 240 63 255 0 0
P 241 63 255 0 0
P 242 63 255 0 0
P 243 63 255 0 0
P 244 63 255 0 0
P 245 63 255 0 0
P 246 63 255 0 0
P 247 63 255 0 0
P 248 63 255 0 0
P 249 63 255 0 0
P 250 63 255 0 0
P 251 63 255 0 0
P 252 63 255 0 0
P 253 63 255 0 0
P 254 63 255 0 0
P 255 63 255 0 0
P 256 63 255 0 0
P 257 63 255 0 0
P 258 63 255 0 0
P 259 63 255 0 0
P 260 63 255 0 0
P 261 63 255 0 0
P 262 63 255 0 0
P 263 63 255 0 0
P 264 63 255 0 0
P 265 63 255 0 0
P 266 63 255 0 0
P 267 63 255 0 0
P 268 63 255 0 0
P 269 63 255 0 0
P 270 63 255 0 0
P 271 63 255 0 0
P 272 63 255 0 0
P 273 63 255 0 0
P 274 63 255 0 0
P 275 63 255 0 0
P 276 63 255 0 0
P 194 64 255 0 0
P 195 64 255 0 0
P 196 64 255 0 0
P 197 64 255 0 0
P 198 64 255 0 0
P 199 64 255 0 0
P 200 64 255 0 0
P 201 64 255 0 0
P 202 64 255 0 0
P 203 64 255 0 0
P 204 64 255 0 0
P 205 64 255 0 0
P 206 64 255 0 0
P 207 64 255 0 0
P 208 64 255 0 0
P 209 64 255 0 0
P 210 64 255 0 0
P 211 64 255 0 0
P 212 64 255 0 0
P 213 64 255 0 0
P 214 64 255 0 0
P 215 64 255 0 0
P 216 64 255 0 0
P 217 64 255 0 0
P 218 64 255 0 0
P 219 64 255 0 0
P 220 64 255 0 0
P 221 64 255 0 0
P 222 64 255 0 0
P 223 64 255 0 0
P 224 64 255 0 0
P 225 64 255 0 0
P 226 64 255 0 0
P 227 64 255 0 0
P 228 64 255 0 0
P 229 64 255 0 0
P 230 64 255 0 0
P 231 64 255 0 0
P 232 64 255 0 0
P 233 64 255 0 0
P 234 64 255 0 0
P 235 64 255 0 0
P 236 64 255 0 0
P 237 64 255 0 0
P 238 64 255 0 0
P 239 64 255 0 0
P 240 64 255 0 0
P 241 64 255 0 0
P 242 64 255 0 0
P 243 64 255 0 0
P 244 64 255 0 0
P 245 64 255 0 0
P 246 64 255 0 0
P 247 64 255 0 0
P 248 64 255 0 0
P 249 64 255 0 0
P 250 64 255 0 0
P 251 64 255 0 0
P 252 64 255 0 0
P 253 64 255 0 0
P 254 64 255 0 0
P 255 64 255 0 0
P 256 64 255 0 0
P 257 64 255 0 0
P 258 64 255 0 0
P 259 64 255 0 0
P 260 64 255 0 0
P 261 64 255 0 0
P 262 64 255 0 0
P 263 64 255 0 0
P 264 64 255 0 0
P 265 64 255 0 0
P 266 64 255 0 0
P 267 64 255 0 0
P 268 64 255 0 0
P 269 64 255 0 0
P 270 64 255 0 0
P 271 64 255 0 0
P 272 64 255 0 0
P 273 64 255 0 0
P 274 64 255 0 0
P 275 64 255 0 0
P 188 65 255 0 0
P 189 65 255 0 0
P 190 65 255 0 0
P 191 65 255 0 0
P 192 65 255 0 0
P 193 65 255 0 0
P 194 65 255 0 0
P 195 65 255 0 0
P 196 65 255 0 0
P 197 65 255 0 0
P 198 65 255 0 0
P 199 65 255 0 0
P 200 65 255 0 0
P 201 65 255 0 0
P 202 65 255 0 0
P 203 65 255 0 0
P 204 65 255 0 0
P 205 65 255 0 0
P 206 65 255 0 0
P 207 65 255 0 0
P 208 65 255 0 0
P 209 65 255 0 0
P 210 65 255 0 0
P 211 65 255 0 0
P 212 65 255 0 0
P 213 65 255 0 0
P 214 65 255 0 0
P 215 65 255 0 0
P 216 65 255 0 0
P 217 65 255 0 0
P 218 65 255 0 0
P 219 65 255 0 0
P 220 65 255 0 0
P 221 65 255 0 0
P 222 65 255 0 0
P 223 65 255 0 0
P 224 65 255 0 0
P 225 65 255 0 0
P 226 65 255 0 0
P 227 65 255 0 0
P 228 65 255 0 0
P 229 65 255 0 0
P 230 65 255 0 0
P 231 65 255 0 0
P 232 65 255 0 0
P 233 65 255 0 0
P 234 65 255 0 0
P 235 65 255 0 0
P 236 65 255 0 0
P 237 65 255 0 0
P 238 65 255 0 0
P 239 65 255 0 0
P 240 65 255 0 0
P 241 65 255 0 0
P 242 65 255 0 0
P 243 65 255 0 0
P 244 65 255 0 0
P 245 65 255 0 0
P 246 65 255 0 0
P 247 65 255 0 0
P 248 65 255 0 0
P 249 65 255 0 0
P 250 65 255 0 0
P 251 65 255 0 0
P 252 65 255 0 0
P 253 65 255 0 0
P 254 65 255 0 0
P 255 65 255 0 0
P 256 65 255 0 0
P 257 65 255 0 0
P 258 65 255 0 0
P 259 65 255 0 0
P 260 65 255 0 0
P 261 65 255 0 0
P 262 65 255 0 0
P 263 65 255 0 0
P 264 65 255 0 0
P 265 65 255 0 0
P 266 65 255 0 0
P 267 65 255 0 0
P 268 65 255 0 0
P 269 65 255 0 0
P 270 65 255 0 0
P 271 65 255 0 0
P 272 65 255 0 0
P 273 65 255 0 0
P 274 65 255 0 0
P 182 66 255 0 0
P 183 66 255 0 0
P 184 66 255 0 0
P 185 66 255 0 0
P 186 66 255 0 0
P 187 66 255 0 0
P 188 66 255 0 0
P 189 66 255 0 0
P 190 66 255 0 0
P 191 66 255 0 0
P 192 66 255 0 0
P 193 66 255 0 0
P 194 66 255 0 0
P 195 66 255 0 0
P 196 66 255 0 0
P 197 66 255 0 0
P 198 66 255 0 0
P 199 66 255 0 0
P 200 66 255 0 0
P 201 66 255 0 0
P 202 66 255 0 0
P 203 66 255 0 0
P 204 66 255 0 0
P 205 66 255 0 0
P 206 66 255 0 0
P 207 66 255 0 0
P 208 66 255 0 0
P 209 66 255 0 0
P 210 66 255 0 0
P 211 66 255 0 0
P 212 66 255 0 0
P 213 66 255 0 0
P 214 66 255 0 0
P 215 66 255 0 0
P 216 66 255 0 0
P 217 66 255 0 0
P 218 66 255 0 0
P 219 66 255 0 0
P 220 66 255 0 0
P 221 66 255 0 0
P 222 66 255 0 0
P 223 66 255 0 0
P 224 66 255 0 0
P 225 66 255 0 0
P 226 66 255 0 0
P 227 66 255 0 0
P 228 66 255 0 0
P 229 66 255 0 0
P 230 66 255 0 0
P 231 66 255 0 0
P 232 66 255 0 0
P 233 66 255 0 0
P 234 66 255 0 0
P 235 66 255 0 0
P 236 66 255 0 0
P 237 66 255 0 0
P 238 66 255 0 0
P 239 66 255 0 0
P 240 66 255 0 0
P 241 66 255 0 0
P 242 66 255 0 0
P 243 66 255 0 0
P 244 66 255 0 0
P 245 66 255 0 0
P 246 66 255 0 0
P 247 66 255 0 0
P 248 66 255 0 0
P 249 66 255 0 0
P 250 66 255 0 0
P 251 66 255 0 0
P 252 66 255 0 0
P 253 66 255 0 0
P 254 66 255 0 0
P 255 66 255 0 0
P 256 66 255 0 0
P 257 66 255 0 0
P 258 66 255 0 0
P 259 66 255 0 0
P 260 66 255 0 0
P 261 66 255 0 0
P 262 66 255 0 0
P 263 66 255 0 0
P 264 66 255 0 0
P 265 66 255 0 0
P 266 66 255 0 0
P 267 66 255 0 0
P 268 66 255 0 0
P 269 66 255 0 0
P 270 66 255 0 0
P 271 66 255 0 0
P 272 66 255 0 0
P 176 67 255 0 0
P 177 67 255 0 0
P 178 67 255 0 0
P 179 67 255 0 0
P 180 67 255 0 0
P 181 67 255 0 0
P 182 67 255 0 0
P 183 67 255 0 0
P 184 67 255 0 0
P 185 67 255 0 0
P 186 67 255 0 0
P 187 67 255 0 0
P 188 67 255 0 0
P 189 67 255 0 0
P 190 67 255 0 0
P 191 67 255 0 0
P 192 67 255 0 0
P 193 67 255 0 0
P 194 67 255 0 0
P 195 67 255 0 0
P 196 67 255 0 0
P 197 67 255 0 0
P 198 67 255 0 0
P 199 67 255 0 0
P 200 67 255 0 0
P 201 67 255 0 0
P 202 67 255 0 0
P 203 67 255 0 0
P 204 67 255 0 0
P 205 67 255 0 0
P 206 67 255 0 0
P 207 67 255 0 0
P 208 67 255 0 0
P 209 67 255 0 0
P 210 67 255 0 0
P 211 67 255 0 0
P 212 67 255 0 0
P 213 67 255 0 0
P 214 67 255 0 0
P 215 67 255 0 0
P 216 67 255 0 0
P 217 67 255 0 0
P 218 67 255 0 0
P 219 67 255 0 0
P 220 67 255 0 0
P 221 67 255 0 0
P 222 67 255 0 0
P 223 67 255 0 0
P 224 67 255 0 0
P 225 67 255 0 0
P 226 67 255 0 0
P 227 67 255 0 0
P 228 67 255 0 0
P 229 67 255 0 0
P 230 67 255 0 0
P 231 67 255 0 0
P 232 67 255 0 0
P 233 67 255 0 0
P 234 67 255 0 0
P 235 67 255 0 0
P 236 67 255 0 0
P 237 67 255 0 0
P 238 67 255 0 0
P 239 67 255 0 0
P 240 67 255 0 0
P 241 67 255 0 0
P 242 67 255 0 0
P 243 67 255 0 0
P 244 67 255 0 0
P 245 67 255 0 0
P 246 67 255 0 0
P 247 67 255 0 0
P 248 67 255 0 0
P 249 67 255 0 0
P 250 67 255 0 0
P 251 67 255 0 0
P 252 67 255 0 0
P 253 67 255 0 0
P 254 67 255 0 0
P 255 67 255 0 0
P 256 67 255 0 0
P 257 67 255 0 0
P 258 67 255 0 0
P 259 67 255 0 0
P 260 67 255 0 0
P 261 67 255 0 0
P 262 67 255 0 0
P 263 67 255 0 0
P 264 67 255 0 0
P 265 67 255 0 0
P 266 67 255 0 0
P 267 67 255 0 0
P 268 67 255 0 0
P 269 67 255 0 0
P 270 67 255 0 0
P 271 67 255 0 0
P 170 68 255 0 0
P 171 68 255 0 0
P 172 68 255 0 0
P 173 68 255 0 0
P 174 68 255 0 0
P 175 68 255 0 0
P 176 68 255 0 0
P 177 68 255 0 0
P 178 68 255 0 0
P 179 68 255 0 0
P 180 68 255 0 0
P 181 68 255 0 0
P 182 68 255 0 0
P 183 68 255 0 0
P 184 68 255 0 0
P 185 68 255 0 0
P 186 68 255 0 0
P 187 68 255 0 0
P 188 68 255 0 0
P 189 68 255 0 0
P 190 68 255 0 0
P 191 68 255 0 0
P 192 68 255 0 0
P 193 68 255 0 0
P 194 68 255 0 0
P 195 68 255 0 0
P 196 68 255 0 0
P 197 68 255 0 0
P 198 68 255 0 0
P 199 68 255 0 0
P 200 68 255 0 0
P 201 68 255 0 0
P 202 68 255 0 0
P 203 68 255 0 0
P 204 68 255 0 0
P 205 68 255 0 0
P 206 68 255 0 0
P 207 68 255 0 0
P 208 68 255 0 0
P 209 68 255 0 0
P 210 68 255 0 0
P 211 68 255 0 0
P 212 68 255 0 0
P 213 68 255 0 0
P 214 68 255 0 0
P 215 68 255 0 0
P 216 68 255 0 0
P 217 68 255 0 0
P 218 68 255 0 0
P 219 68 255 0 0
P 220 68 255 0 0
P 221 68 255 0 0
P 222 68 255 0 0
P 223 68 255 0 0
P 224 68 255 0 0
P 225 68 255 0 0
P 226 68 255 0 0
P 227 68 255 0 0
P 228 68 255 0 0
P 229 68 255 0 0
P 230 68 255 0 0
P 231 68 255 0 0
P 232 68 255 0 0
P 233 68 255 0 0
P 234 68 255 0 0
P 235 68 255 0 0
P 236 68 255 0 0
P 237 68 255 0 0
P 238 68 255 0 0
P 239 68 255 0 0
P 240 68 255 0 0
P 241 68 255 0 0
P 242 68 255 0 0
P 243 68 255 0 0
P 244 68 255 0 0
P 245 68 255 0 0
P 246 68 255 0 0
P 247 68 255 0 0
P 248 68 255 0 0
P 249 68 255 0 0
P 250 68 255 0 0
P 251 68 255 0 0
P 252 68 255 0 0
P 253 68 255 0 0
P 254 68 255 0 0
P 255 68 255 0 0
P 256 68 255 0 0
P 257 68 255 0 0
P 258 68 255 0 0
P 259 68 255 0 0
P 260 68 255 0 0
P 261 68 255 0 0
P 262 68 255 0 0
P 263 68 255 0 0
P 264 68 255 0 0
P 265 68 255 0 0
P 266 68 255 0 0
P 267 68 255 0 0
P 268 68 255 0 0
P 269 68 255 0 0
P 270 68 255 0 0
P 163 69 255 0 0
P 164 69 255 0 0
P 165 69 255 0 0
P 166 69 255 0 0
P 167 69 255 0 0
P 168 69 255 0 0
P 169 69 255 0 0
P 170 69 255 0 0
P 171 69 255 0 0
P 172 69 255 0 0
P 173 69 255 0 0
P 174 69 255 0 0
P 175 69 255 0 0
P 176 69 255 0 0
P 177 69 255 0 0
P 178 69 255 0 0
P 179 69 255 0 0
P 180 69 255 0 0
P 181 69 255 0 0
P 182 69 255 0 0
P 183 69 255 0 0
P 184 69 255 0 0
P 185 69 255 0 0
P 186 69 255 0 0
P 187 69 255 0 0
P 188 69 255 0 0
P 189 69 255 0 0
P 190 69 255 0 0
P 191 69 255 0 0
P 192 69 255 0 0
P 193 69 255 0 0
P 194 69 255 0 0
P 195 69 255 0 0
P 196 69 255 0 0
P 197 69 255 0 0
P 198 69 255 0 0
P 199 69 255 0 0
P 200 69 255 0 0
P 201 69 255 0 0
P 202 69 255 0 0
P 203 69 255 0 0
P 204 69 255 0 0
P 205 69 255 0 0
P 206 69 255 0 0
P 207 69 255 0 0
P 208 69 255 0 0
P 209 69 255 0 0
P 210 69 255 0 0
P 211 69 255 0 0
P 212 69 255 0 0
P 213 69 255 0 0
P 214 69 255 0 0
P 215 69 255 0 0
P 216 69 255 0 0
P 217 69 255 0 0
P 218 69 255 0 0
P 219 69 255 0 0
P 220 69 255 0 0
P 221 69 255 0 0
P 222 69 255 0 0
P 223 69 255 0 0
P 224 69 255 0 0
P 225 69 255 0 0
P 226 69 255 0 0
P 227 69 255 0 0
P 228 69 255 0 0
P 229 69 255 0 0
P 230 69 255 0 0
P 231 69 255 0 0
P 232 69 255 0 0
P 233 69 255 0 0
P 234 69 255 0 0
P 235 69 255 0 0
P 236 69 255 0 0
P 237 69 255 0 0
P 238 69 255 0 0
P 239 69 255 0 0
P 240 69 255 0 0
P 241 69 255 0 0
P 242 69 255 0 0
P 243 69 255 0 0
P 244 69 255 0 0
P 245 69 255 0 0
P 246 69 255 0 0
P 247 69 255 0 0
P 248 69 255 0 0
P 249 69 255 0 0
P 250 69 255 0 0
P 251 69 255 0 0
P 252 69 255 0 0
P 253 69 255 0 0
P 254 69 255 0 0
P 255 69 255 0 0
P 256 69 255 0 0
P 257 69 255 0 0
P 258 69 255 0 0
P 259 69 255 0 0
P 260 69 255 0 0
P 261 69 255 0 0
P 262 69 255 0 0
P 263 69 255 0 0
P 264 69 255 0 0
P 265 69 255 0 0
P 266 69 255 0 0
P 267 69 255 0 0
P 268 69 255 0 0
P 269 69 255 0 0
P 157 70 255 0 0
P 158 70 255 0 0
P 159 70 255 0 0
P 160 70 255 0 0
P 161 70 255 0 0
P 162 70 255 0 0
P 163 70 255 0 0
P 164 70 255 0 0
P 165 70 255 0 0
P 166 70 255 0 0
P 167 70 255 0 0
P 168 70 255 0 0
P 169 70 255 0 0
P 170 70 255 0 0
P 171 70 255 0 0
P 172 70 255 0 0
P 173 70 255 0 0
P 174 70 255 0 0
P 175 70 255 0 0
P 176 70 255 0 0
P 177 70 255 0 0
P 178 70 255 0 0
P 179 70 255 0 0
P 180 70 255 0 0
P 181 70 255 0 0
P 182 70 255 0 0
P 183 70 255 0 0
P 184 70 255 0 0
P 185 70 255 0 0
P 186 70 255 0 0
P 187 70 255 0 0
P 188 70 255 0 0
P 189 70 255 0 0
P 190 70 255 0 0
P 191 70 255 0 0
P 192 70 255 0 0
P 193 70 255 0 0
P 194 70 255 0 0
P 195 70 255 0 0
P 196 70 255 0 0
P 197 70 255 0 0
P 198 70 255 0 0
P 199 70 255 0 0
P 200 70 255 0 0
P 201 70 255 0 0
P 202 70 255 0 0
P 203 70 255 0 0
P 204 70 255 0 0
P 205 70 255 0 0
P 206 70 255 0 0
P 207 70 255 0 0
P 208 70 255 0 0
P 209 70 255 0 0
P 210 70 255 0 0
P 211 70 255 0 0
P 212 70 255 0 0
P 213 70 255 0 0
P 214 70 255 0 0
P 215 70 255 0 0
P 216 70 255 0 0
P 217 70 255 0 0
P 218 70 255 0 0
P 219 70 255 0 0
P 220 70 255 0 0
P 221 70 255 0 0
P 222 70 255 0 0
P 223 70 255 0 0
P 224 70 255 0 0
P 225 70 255 0 0
P 226 70 255 0 0
P 227 70 255 0 0
P 228 70 255 0 0
P 229 70 255 0 0
P 230 70 255 0 0
P 231 70 255 0 0
P 232 70 255 0 0
P 233 70 255 0 0
P 234 70 255 0 0
P 235 70 255 0 0
P 236 70 255 0 0
P 237 70 255 0 0
P 238 70 255 0 0
P 239 70 255 0 0
P 240 70 255 0 0
P 241 70 255 0 0
P 242 70 255 0 0
P 243 70 255 0 0
P 244 70 255 0 0
P 245 70 255 0 0
P 246 70 255 0 0
P 247 70 255 0 0
P 248 70 255 0 0
P 249 70 255 0 0
P 250 70 255 0 0
P 251 70 255 0 0
P 252 70 255 0 0
P 253 70 255 0 0
P 254 70 255 0 0
P 255 70 255 0 0
P 256 70 255 0 0
P 257 70 255 0 0
P 258 70 255 0 0
P 259 70 255 0 0
P 260 70 255 0 0
P 261 70 255 0 0
P 262 70 255 0 0
P 263 70 255 0 0
P 264 70 255 0 0
P 265 70 255 0 0
P 266 70 255 0 0
P 267 70 255 0 0
P 151 71 255 0 0
P 152 71 255 0 0
P 153 71 255 0 0
P 154 71 255 0 0
P 155 71 255 0 0
P 156 71 255 0 0
P 157 71 255 0 0
P 158 71 255 0 0
P 159 71 255 0 0
P 160 71 255 0 0
P 161 71 255 0 0
P 162 71 255 0 0
P 163 71 255 0 0
P 164 71 255 0 0
P 165 71 255 0 0
P 166 71 255 0 0
P 167 71 255 0 0
P 168 71 255 0 0
P 169 71 255 0 0
P 170 71 255 0 0
P 171 71 255 0 0
P 172 71 255 0 0
P 173 71 255 0 0
P 174 71 255 0 0
P 175 71 255 0 0
P 176 71 255 0 0
P 177 71 255 0 0
P 178 71 255 0 0
P 179 71 255 0 0
P 180 71 255 0 0
P 181 71 255 0 0
P 182 71 255 0 0
P 183 71 255 0 0
P 184 71 255 0 0
P 185 71 255 0 0
P 186 71 255 0 0
P 187 71 255 0 0
P 188 71 255 0 0
P 189 71 255 0 0
P 190 71 255 0 0
P 191 71 255 0 0
P 192 71 255 0 0
P 193 71 255 0 0
P 194 71 255 0 0
P 195 71 255 0 0
P 196 71 255 0 0
P 197 71 255 0 0
P 198 71 255 0 0
P 199 71 255 0 0
P 200 71 255 0 0
P 201 71 255 0 0
P 202 71 255 0 0
P 203 71 255 0 0
P 204 71 255 0 0
P 205 71 255 0 0
P 206 71 255 0 0
P 207 71 255 0 0
P 208 71 255 0 0
P 209 71 255 0 0
P 210 71 255 0 0
P 211 71 255 0 0
P 212 71 255 0 0
P 213 71 255 0 0
P 214 71 255 0 0
P 215 71 255 0 0
P 216 71 255 0 0
P 217 71 255 0 0
P 218 71 255 0 0
P 219 71 255 0 0
P 220 71 255 0 0
P 221 71 255 0 0
P 222 71 255 0 0
P 223 71 255 0 0
P 224 71 255 0 0
P 225 71 255 0 0
P 226 71 255 0 0
P 227 71 255 0 0
P 228 71 255 0 0
P 229 71 255 0 0
P 230 71 255 0 0
P 231 71 255 0 0
P 232 71 255 0 0
P 233 71 255 0 0
P 234 71 255 0 0
P 235 71 255 0 0
P 236 71 255 0 0
P 237 71 255 0 0
P 238 71 255 0 0
P 239 71 255 0 0
P 240 71 255 0 0
P 241 71 255 0 0
P 242 71 255 0 0
P 243 71 255 0 0
P 244 71 255 0 0
P 245 71 255 0 0
P 246 71 255 0 0
P 247 71 255 0 0
P 248 71 255 0 0
P 249 71 255 0 0
P 250 71 255 0 0
P 251 71 255 0 0
P 252 71 255 0 0
P 253 71 255 0 0
P 254 71 255 0 0
P 255 71 255 0 0
P 256 71 255 0 0
P 257 71 255 0 0
P 258 71 255 0 0
P 259 71 255 0 0
P 260 71 255 0 0
P 261 71 255 0 0
P 262 71 255 0 0
P 263 71 255 0 0
P 264 71 255 0 0
P 265 71 255 0 0
P 266 71 255 0 0
P 147 72 0 255 0
P 148 72 255 0 0
P 149 72 255 0 0
P 150 72 255 0 0
P 151 72 255 0 0
P 152 72 255 0 0
P 153 72 255 0 0
P 154 72 255 0 0
P 155 72 255 0 0
P 156 72 255 0 0
P 157 72 255 0 0
P 158 72 255 0 0
P 159 72 255 0 0
P 160 72 255 0 0
P 161 72 255 0 0
P 162 72 255 0 0
P 163 72 255 0 0
P 164 72 255 0 0
P 165 72 255 0 0
P 166 72 255 0 0
P 167 72 255 0 0
P 168 72 255 0 0
P 169 72 255 0 0
P 170 72 255 0 0
P 171 72 255 0 0
P 172 72 255 0 0
P 173 72 255 0 0
P 174 72 255 0 0
P 175 72 255 0 0
P 176 72 255 0 0
P 177 72 255 0 0
P 178 72 255 0 0
P 179 72 255 0 0
P 180 72 255 0 0
P 181 72 255 0 0
P 182 72 255 0 0
P 183 72 255 0 0
P 184 72 255 0 0
P 185 72 255 0 0
P 186 72 255 0 0
P 187 72 255 0 0
P 188 72 255 0 0
P 189 72 255 0 0
P 190 72 255 0 0
P 191 72 255 0 0
P 192 72 255 0 0
P 193 72 255 0 0
P 194 72 255 0 0
P 195 72 255 0 0
P 196 72 255 0 0
P 197 72 255 0 0
P 198 72 255 0 0
P 199 72 255 0 0
P 200 72 255 0 0
P 201 72 255 0 0
P 202 72 255 0 0
P 203 72 255 0 0
P 204 72 255 0 0
P 205 72 255 0 0
P 206 72 255 0 0
P 207 72 255 0 0
P 208 72 255 0 0
P 209 72 255 0 0
P 210 72 255 0 0
P 211 72 255 0 0
P 212 72 255 0 0
P 213 72 255 0 0
P 214 72 255 0 0
P 215 72 255 0 0
P 216 72 255 0 0
P 217 72 255 0 0
P 218 72 255 0 0
P 219 72 255 0 0
P 220 72 255 0 0
P 221 72 255 0 0
P 222 72 255 0 0
P 223 72 255 0 0
P 224 72 255 0 0
P 225 72 255 0 0
P 226 72 255 0 0
P 227 72 255 0 0
P 228 72 255 0 0
P 229 72 255 0 0
P 230 72 255 0 0
P 231 72 255 0 0
P 232 72 255 0 0
P 233 72 255 0 0
P 234 72 255 0 0
P 235 72 255 0 0
P 236 72 255 0 0
P 237 72 255 0 0
P 238 72 255 0 0
P 239 72 255 0 0
P 240 72 255 0 0
P 241 72 255 0 0
P 242 72 255 0 0
P 243 72 255 0 0
P 244 72 255 0 0
P 245 72 255 0 0
P 246 72 255 0 0
P 247 72 255 0 0
P 248 72 255 0 0
P 249 72 255 0 0
P 250 72 255 0 0
P 251 72 255 0 0
P 252 72 255 0 0
P 253 72 255 0 0
P 254 72 255 0 0
P 255 72 255 0 0
P 256 72 255 0 0
P 257 72 255 0 0
P 258 72 255 0 0
P 259 72 255 0 0
P 260 72 255 0 0
P 261 72 255 0 0
P 262 72 255 0 0
P 263 72 255 0 0
P 264 72 255 0 0
P 265 72 255 0 0
P 145 73 0 255 0
P 146 73 0 255 0
P 147 73 0 255 0
P 148 73 255 0 0
P 149 73 255 0 0
P 150 73 255 0 0
P 151 73 255 0 0
P 152 73 255 0 0
P 153 73 255 0 0
P 154 73 255 0 0
P 155 73 255 0 0
P 156 73 255 0 0
P 157 73 255 0 0
P 158 73 255 0 0
P 159 73 255 0 0
P 160 73 255 0 0
P 161 73 255 0 0
P 162 73 255 0 0
P 163 73 255 0 0
P 164 73 255 0 0
P 165 73 255 0 0
P 166 73 255 0 0
P 167 73 255 0 0
P 168 73 255 0 0
P 169 73 255 0 0
P 170 73 255 0 0
P 171 73 255 0 0
P 172 73 255 0 0
P 173 73 255 0 0
P 174 73 255 0 0
P 175 73 255 0 0
P 176 73 255 0 0
P 177 73 255 0 0
P 178 73 255 0 0
P 179 73 255 0 0
P 180 73 255 0 0
P 181 73 255 0 0
P 182 73 255 0 0
P 183 73 255 0 0
P 184 73 255 0 0
P 185 73 255 0 0
P 186 73 255 0 0
P 187 73 255 0 0
P 188 73 255 0 0
P 189 73 255 0 0
P 190 73 255 0 0
P 191 73 255 0 0
P 192 73 255 0 0
P 193 73 255 0 0
P 194 73 255 0 0
P 195 73 255 0 0
P 196 73 255 0 0
P 197 73 255 0 0
P 198 73 255 0 0
P 199 73 255 0 0
P 200 73 255 0 0
P 201 73 255 0 0
P 202 73 255 0 0
P 203 73 255 0 0
P 204 73 255 0 0
P 205 73 255 0 0
P 206 73 255 0 0
P 207 73 255 0 0
P 208 73 255 0 0
P 209 73 255 0 0
P 210 73 255 0 0
P 211 73 255 0 0
P 212 73 255 0 0
P 213 73 255 0 0
P 214 73 255 0 0
P 215 73 255 0 0
P 216 73 255 0 0
P 217 73 255 0 0
P 218 73 255 0 0
P 219 73 255 0 0
P 220 73 255 0 0
P 221 73 255 0 0
P 222 73 255 0 0
P 223 73 255 0 0
P 224 73 255 0 0
P 225 73 255 0 0
P 226 73 255 0 0
P 227 73 255 0 0
P 228 73 255 0 0
P 229 73 255 0 0
P 230 73 255 0 0
P 231 73 255 0 0
P 232 73 255 0 0
P 233 73 255 0 0
P 234 73 255 0 0
P 235 73 255 0 0
P 236 73 255 0 0
P 237 73 255 0 0
P 238 73 255 0 0
P 239 73 255 0 0
P 240 73 255 0 0
P 241 73 255 0 0
P 242 73 255 0 0
P 243 73 255 0 0
P 244 73 255 0 0
P 245 73 255 0 0
P 246 73 255 0 0
P 247 73 255 0 0
P 248 73 255 0 0
P 249 73 255 0 0
P 250 73 255 0 0
P 251 73 255 0 0
P 252 73 255 0 0
P 253 73 255 0 0
P 254 73 255 0 0
P 255 73 255 0 0
P 256 73 255 0 0
P 257 73 255 0 0
P 258 73 255 0 0
P 259 73 255 0 0
P 260 73 255 0 0
P 261 73 255 0 0
P 262 73 255 0 0
P 263 73 255 0 0
P 264 73 255 0 0
P 143 74 0 255 0
P 144 74 0 255 0
P 145 74 0 255 0
P 146 74 0 255 0
P 147 74 0 255 0
P 148 74 255 0 0
P 149 74 255 0 0
P 150 74 255 0 0
P 151 74 255 0 0
P 152 74 255 0 0
P 153 74 255 0 0
P 154 74 255 0 0
P 155 74 255 0 0
P 156 74 255 0 0
P 157 74 255 0 0
P 158 74 255 0 0
P 159 74 255 0 0
P 160 74 255 0 0
P 161 74 255 0 0
P 162 74 255 0 0
P 163 74 255 0 0
P 164 74 255 0 0
P 165 74 255 0 0
P 166 74 255 0 0
P 167 74 255 0 0
P 168 74 255 0 0
P 169 74 255 0 0
P 170 74 255 0 0
P 171 74 255 0 0
P 172 74 255 0 0
P 173 74 255 0 0
P 174 74 255 0 0
P 175 74 255 0 0
P 176 74 255 0 0
P 177 74 255 0 0
P 178 74 255 0 0
P 179 74 255 0 0
P 180 74 255 0 0
P 181 74 255 0 0
P 182 74 255 0 0
P 183 74 255 0 0
P 184 74 255 0 0
P 185 74 255 0 0
P 186 74 255 0 0
P 187 74 255 0 0
P 188 74 255 0 0
P 189 74 255 0 0
P 190 74 255 0 0
P 191 74 255 0 0
P 192 74 255 0 0
P 193 74 255 0 0
P 194 74 255 0 0
P 195 74 255 0 0
P 196 74 255 0 0
P 197 74 255 0 0
P 198 74 255 0 0
P 199 74 255 0 0
P 200 74 255 0 0
P 201 74 255 0 0
P 202 74 255 0 0
P 203 74 255 0 0
P 204 74 255 0 0
P 205 74 255 0 0
P 206 74 255 0 0
P 207 74 255 0 0
P 208 74 255 0 0
P 209 74 255 0 0
P 210 74 255 0 0
P 211 74 255 0 0
P 212 74 255 0 0
P 213 74 255 0 0
P 214 74 255 0 0
P 215 74 255 0 0
P 216 74 255 0 0
P 217 74 255 0 0
P 218 74 255 0 0
P 219 74 255 0 0
P 220 74 255 0 0
P 221 74 255 0 0
P 222 74 255 0 0
P 223 74 255 0 0
P 224 74 255 0 0
P 225 74 255 0 0
P 226 74 255 0 0
P 227 74 255 0 0
P 228 74 255 0 0
P 229 74 255 0 0
P 230 74 255 0 0
P 231 74 255 0 0
P 232 74 255 0 0
P 233 74 255 0 0
P 234 74 255 0 0
P 235 74 255 0 0
P 236 74 255 0 0
P 237 74 255 0 0
P 238 74 255 0 0
P 239 74 255 0 0
P 240 74 255 0 0
P 241 74 255 0 0
P 242 74 255 0 0
P 243 74 255 0 0
P 244 74 255 0 0
P 245 74 255 0 0
P 246 74 255 0 0
P 247 74 255 0 0
P 248 74 255 0 0
P 249 74 255 0 0
P 250 74 255 0 0
P 251 74 255 0 0
P 252 74 255 0 0
P 253 74 255 0 0
P 254 74 255 0 0
P 255 74 255 0 0
P 256 74 255 0 0
P 257 74 255 0 0
P 258 74 255 0 0
P 259 74 255 0 0
P 260 74 255 0 0
P 261 74 255 0 0
P 262 74 255 0 0
P 263 74 255 0 0
P 141 75 0 255 0
P 142 75 0 255 0
P 143 75 0 255 0
P 144 75 0 255 0
P 145 75 0 255 0
P 146 75 0 255 0
P 147 75 0 255 0
P 148 75 255 0 0
P 149 75 255 0 0
P 150 75 255 0 0
P 151 75 255 0 0
P 152 75 255 0 0
P 153 75 255 0 0
P 154 75 255 0 0
P 155 75 255 0 0
P 156 75 255 0 0
P 157 75 255 0 0
P 158 75 255 0 0
P 159 75 255 0 0
P 160 75 255 0 0
P 161 75 255 0 0
P 162 75 255 0 0
P 163 75 255 0 0
P 164 75 255 0 0
P 165 75 255 0 0
P 166 75 255 0 0
P 167 75 255 0 0
P 168 75 255 0 0
P 169 75 255 0 0
P 170 75 255 0 0
P 171 75 255 0 0
P 172 75 255 0 0
P 173 75 255 0 0
P 174 75 255 0 0
P 175 75 255 0 0
P 176 75 255 0 0
P 177 75 255 0 0
P 178 75 255 0 0
P 179 75 255 0 0
P 180 75 255 0 0
P 181 75 255 0 0
P 182 75 255 0 0
P 183 75 255 0 0
P 184 75 255 0 0
P 185 75 255 0 0
P 186 75 255 0 0
P 187 75 255 0 0
P 188 75 255 0 0
P 189 75 255 0 0
P 190 75 255 0 0
P 191 75 255 0 0
P 192 75 255 0 0
P 193 75 255 0 0
P 194 75 255 0 0
P 195 75 255 0 0
P 196 75 255 0 0
P 197 75 255 0 0
P 198 75 255 0 0
P 199 75 255 0 0
P 200 75 255 0 0
P 201 75 255 0 0
P 202 75 255 0 0
P 203 75 255 0 0
P 204 75 255 0 0
P 205 75 255 0 0
P 206 75 255 0 0
P 207 75 255 0 0
P 208 75 255 0 0
P 209 75 255 0 0
P 210 75 255 0 0
P 211 75 255 0 0
P 212 75 255 0 0
P 213 75 255 0 0
P 214 75 255 0 0
P 215 75 255 0 0
P 216 75 255 0 0
P 217 75 255 0 0
P 218 75 255 0 0
P 219 75 255 0 0
P 220 75 255 0 0
P 221 75 255 0 0
P 222 75 255 0 0
P 223 75 255 0 0
P 224 75 255 0 0
P 225 75 255 0 0
P 226 75 255 0 0
P 227 75 255 0 0
P 228 75 255 0 0
P 229 75 255 0 0
P 230 75 255 0 0
P 231 75 255 0 0
P 232 75 255 0 0
P 233 75 255 0 0
P 234 75 255 0 0
P 235 75 255 0 0
P 236 75 255 0 0
P 237 75 255 0 0
P 238 75 255 0 0
P 239 75 255 0 0
P 240 75 255 0 0
P 241 75 255 0 0
P 242 75 255 0 0
P 243 75 255 0 0
P 244 75 255 0 0
P 245 75 255 0 0
P 246 75 255 0 0
P 247 75 255 0 0
P 248 75 255 0 0
P 249 75 255 0 0
P 250 75 255 0 0
P 251 75 255 0 0
P 252 75 255 0 0
P 253 75 255 0 0
P 254 75 255 0 0
P 255 75 255 0 0
P 256 75 255 0 0
P 257 75 255 0 0
P 258 75 255 0 0
P 259 75 255 0 0
P 260 75 255 0 0
P 261 75 255 0 0
P 139 76 0 255 0
P 140 76 0 255 0
P 141 76 0 255 0
P 142 76 0 255 0
P 143 76 0 255 0
P 144 76 0 255 0
P 145 76 0 255 0
P 146 76 0 255 0
P 147 76 0 255 0
P 148 76 255 0 0
P 149 76 255 0 0
P 150 76 255 0 0
P 151 76 255 0 0
P 152 76 255 0 0
P 153 76 255 0 0
P 154 76 255 0 0
P 155 76 255 0 0
P 156 76 255 0 0
P 157 76 255 0 0
P 158 76 255 0 0
P 159 76 255 0 0
P 160 76 255 0 0
P 161 76 255 0 0
P 162 76 255 0 0
P 163 76 255 0 0
P 164 76 255 0 0
P 165 76 255 0 0
P 166 76 255 0 0
P 167 76 255 0 0
P 168 76 255 0 0
P 169 76 255 0 0
P 170 76 255 0 0
P 171 76 255 0 0
P 172 76 255 0 0
P 173 76 255 0 0
P 174 76 255 0 0
P 175 76 255 0 0
P 176 76 255 0 0
P 177 76 255 0 0
P 178 76 255 0 0
P 179 76 255 0 0
P 180 76 255 0 0
P 181 76 255 0 0
P 182 76 255 0 0
P 183 76 255 0 0
P 184 76 255 0 0
P 185 76 255 0 0
P 186 76 255 0 0
P 187 76 255 0 0
P 188 76 255 0 0
P 189 76 255 0 0
P 190 76 255 0 0
P 191 76 255 0 0
P 192 76 255 0 0
P 193 76 255 0 0
P 194 76 255 0 0
P 195 76 255 0 0
P 196 76 255 0 0
P 197 76 255 0 0
P 198 76 255 0 0
P 199 76 255 0 0
P 200 76 255 0 0
P 201 76 255 0 0
P 202 76 255 0 0
P 203 76 255 0 0
P 204 76 255 0 0
P 205 76 255 0 0
P 206 76 255 0 0
P 207 76 255 0 0
P 208 76 255 0 0
P 209 76 255 0 0
P 210 76 255 0 0
P 211 76 255 0 0
P 212 76 255 0 0
P 213 76 255 0 0
P 214 76 255 0 0
P 215 76 255 0 0
P 216 76 255 0 0
P 217 76 255 0 0
P 218 76 255 0 0
P 219 76 255 0 0
P 220 76 255 0 0
P 221 76 255 0 0
P 222 76 255 0 0
P 223 76 255 0 0
P 224 76 255 0 0
P 225 76 255 0 0
P 226 76 255 0 0
P 227 76 255 0 0
P 228 76 255 0 0
P 229 76 255 0 0
P 230 76 255 0 0
P 231 76 255 0 0
P 232 76 255 0 0
P 233 76 255 0 0
P 234 76 255 0 0
P 235 76 255 0 0
P 236 76 255 0 0
P 237 76 255 0 0
P 238 76 255 0 0
P 239 76 255 0 0
P 240 76 255 0 0
P 241 76 255 0 0
P 242 76 255 0 0
P 243 76 255 0 0
P 244 76 255 0 0
P 245 76 255 0 0
P 246 76 255 0 0
P 247 76 255 0 0
P 248 76 255 0 0
P 249 76 255 0 0
P 250 76 255 0 0
P 251 76 255 0 0
P 252 76 255 0 0
P 253 76 255 0 0
P 254 76 255 0 0
P 255 76 255 0 0
P 256 76 255 0 0
P 257 76 255 0 0
P 258 76 255 0 0
P 259 76 255 0 0
P 260 76 255 0 0
P 137 77 0 255 0
P 138 77 0 255 0
P 139 77 0 255 0
P 140 77 0 255 0
P 141 77 0 255 0
P 142 77 0 255 0
P 143 77 0 255 0
P 144 77 0 255 0
P 145 77 0 255 0
P 146 77 0 255 0
P 147 77 0 255 0
P 148 77 255 0 0
P 149 77 255 0 0
P 150 77 255 0 0
P 151 77 255 0 0
P 152 77 255 0 0
P 153 77 255 0 0
P 154 77 255 0 0
P 155 77 255 0 0
P 156 77 255 0 0
P 157 77 255 0 0
P 158 77 255 0 0
P 159 77 255 0 0
P 160 77 255 0 0
P 161 77 255 0 0
P 162 77 255 0 0
P 163 77 255 0 0
P 164 77 255 0 0
P 165 77 255 0 0
P 166 77 255 0 0
P 167 77 255 0 0
P 168 77 255 0 0
P 169 77 255 0 0
P 170 77 255 0 0
P 171 77 255 0 0
P 172 77 255 0 0
P 173 77 255 0 0
P 174 77 255 0 0
P 175 77 255 0 0
P 176 77 255 0 0
P 177 77 255 0 0
P 178 77 255 0 0
P 179 77 255 0 0
P 180 77 255 0 0
P 181 77 255 0 0
P 182 77 255 0 0
P 183 77 255 0 0
P 184 77 255 0 0
P 185 77 255 0 0
P 186 77 255 0 0
P 187 77 255 0 0
P 188 77 255 0 0
P 189 77 255 0 0
P 190 77 255 0 0
P 191 77 255 0 0
P 192 77 255 0 0
P 193 77 255 0 0
P 194 77 255 0 0
P 195 77 255 0 0
P 196 77 255 0 0
P 197 77 255 0 0
P 198 77 255 0 0
P 199 77 255 0 0
P 200 77 255 0 0
P 201 77 255 0 0
P 202 77 255 0 0
P 203 77 255 0 0
P 204 77 255 0 0
P 205 77 255 0 0
P 206 77 255 0 0
P 207 77 255 0 0
P 208 77 255 0 0
P 209 77 255 0 0
P 210 77 255 0 0
P 211 77 255 0 0
P 212 77 255 0 0
P 213 77 255 0 0
P 214 77 255 0 0
P 215 77 255 0 0
P 216 77 255 0 0
P 217 77 255 0 0
P 218 77 255 0 0
P 219 77 255 0 0
P 220 77 255 0 0
P 221 77 255 0 0
P 222 77 255 0 0
P 223 77 255 0 0
P 224 77 255 0 0
P 225 77 255 0 0
P 226 77 255 0 0
P 227 77 255 0 0
P 228 77 255 0 0
P 229 77 255 0 0
P 230 77 255 0 0
P 231 77 255 0 0
P 232 77 255 0 0
P 233 77 255 0 0
P 234 77 255 0 0
P 235 77 255 0 0
P 236 77 255 0 0
P 237 77 255 0 0
P 238 77 255 0 0
P 239 77 255 0 0
P 240 77 255 0 0
P 241 77 255 0 0
P 242 77 255 0 0
P 243 77 255 0 0
P 244 77 255 0 0
P 245 77 255 0 0
P 246 77 255 0 0
P 247 77 255 0 0
P 248 77 255 0 0
P 249 77 255 0 0
P 250 77 255 0 0
P 251 77 255 0 0
P 252 77 255 0 0
P 253 77 255 0 0
P 254 77 255 0 0
P 255 77 255 0 0
P 256 77 255 0 0
P 257 77 255 0 0
P 258 77 255 0 0
P 259 77 255 0 0
P 135 78 0 255 0
P 136 78 0 255 0
P 137 78 0 255 0
P 138 78 0 255 0
P 139 78 0 255 0
P 140 78 0 255 0
P 141 78 0 255 0
P 142 78 0 255 0
P 143 78 0 255 0
P 144 78 0 255 0
P 145 78 0 255 0
P 146 78 0 255 0
P 147 78 0 255 0
P 148 78 255 0 0
P 149 78 255 0 0
P 150 78 255 0 0
P 151 78 255 0 0
P 152 78 255 0 0
P 153 78 255 0 0
P 154 78 255 0 0
P 155 78 255 0 0
P 156 78 255 0 0
P 157 78 255 0 0
P 158 78 255 0 0
P 159 78 255 0 0
P 160 78 255 0 0
P 161 78 255 0 0
P 162 78 255 0 0
P 163 78 255 0 0
P 164 78 255 0 0
P 165 78 255 0 0
P 166 78 255 0 0
P 167 78 255 0 0
P 168 78 255 0 0
P 169 78 255 0 0
P 170 78 255 0 0
P 171 78 255 0 0
P 172 78 255 0 0
P 173 78 255 0 0
P 174 78 255 0 0
P 175 78 255 0 0
P 176 78 255 0 0
P 177 78 255 0 0
P 178 78 255 0 0
P 179 78 255 0 0
P 180 78 255 0 0
P 181 78 255 0 0
P 182 78 255 0 0
P 183 78 255 0 0
P 184 78 255 0 0
P 185 78 255 0 0
P 186 78 255 0 0
P 187 78 255 0 0
P 188 78 255 0 0
P 189 78 255 0 0
P 190 78 255 0 0
P 191 78 255 0 0
P 192 78 255 0 0
P 193 78 255 0 0
P 194 78 255 0 0
P 195 78 255 0 0
P 196 78 255 0 0
P 197 78 255 0 0
P 198 78 255 0 0
P 199 78 255 0 0
P 200 78 255 0 0
P 201 78 255 0 0
P 202 78 255 0 0
P 203 78 255 0 0
P 204 78 255 0 0
P 205 78 255 0 0
P 206 78 255 0 0
P 207 78 255 0 0
P 208 78 255 0 0
P 209 78 255 0 0
P 210 78 255 0 0
P 211 78 255 0 0
P 212 78 255 0 0
P 213 78 255 0 0
P 214 78 255 0 0
P 215 78 255 0 0
P 216 78 255 0 0
P 217 78 255 0 0
P 218 78 255 0 0
P 219 78 255 0 0
P 220 78 255 0 0
P 221 78 255 0 0
P 222 78 255 0 0
P 223 78 255 0 0
P 224 78 255 0 0
P 225 78 255 0 0
P 226 78 255 0 0
P 227 78 255 0 0
P 228 78 255 0 0
P 229 78 255 0 0
P 230 78 255 0 0
P 231 78 255 0 0
P 232 78 255 0 0
P 233 78 255 0 0
P 234 78 255 0 0
P 235 78 255 0 0
P 236 78 255 0 0
P 237 78 255 0 0
P 238 78 255 0 0
P 239 78 255 0 0
P 240 78 255 0 0
P 241 78 255 0 0
P 242 78 255 0 0
P 243 78 255 0 0
P 244 78 255 0 0
P 245 78 255 0 0
P 246 78 255 0 0
P 247 78 255 0 0
P 248 78 255 0 0
P 249 78 255 0 0
P 250 78 255 0 0
P 251 78 255 0 0
P 252 78 255 0 0
P 253 78 255 0 0
P 254 78 255 0 0
P 255 78 255 0 0
P 256 78 255 0 0
P 257 78 255 0 0
P 258 78 255 0 0
P 133 79 0 255 0
P 134 79 0 255 0
P 135 79 0 255 0
P 136 79 0 255 0
P 137 79 0 255 0
P 138 79 0 255 0
P 139 79 0 255 0
P 140 79 0 255 0
P 141 79 0 255 0
P 142 79 0 255 0
P 143 79 0 255 0
P 144 79 0 255 0
P 145 79 0 255 0
P 146 79 0 255 0
P 147 79 0 255 0
P 148 79 255 0 0
P 149 79 255 0 0
P 150 79 255 0 0
P 151 79 255 0 0
P 152 79 255 0 0
P 153 79 255 0 0
P 154 79 255 0 0
P 155 79 255 0 0
P 156 79 255 0 0
P 157 79 255 0 0
P 158 79 255 0 0
P 159 79 255 0 0
P 160 79 255 0 0
P 161 79 255 0 0
P 162 79 255 0 0
P 163 79 255 0 0
P 164 79 255 0 0
P 165 79 255 0 0
P 166 79 255 0 0
P 167 79 255 0 0
P 168 79 255 0 0
P 169 79 255 0 0
P 170 79 255 0 0
P 171 79 255 0 0
P 172 79 255 0 0
P 173 79 255 0 0
P 174 79 255 0 0
P 175 79 255 0 0
P 176 79 255 0 0
P 177 79 255 0 0
P 178 79 255 0 0
P 179 79 255 0 0
P 180 79 255 0 0
P 181 79 255 0 0
P 182 79 255 0 0
P 183 79 255 0 0
P 184 79 255 0 0
P 185 79 255 0 0
P 186 79 255 0 0
P 187 79 255 0 0
P 188 79 255 0 0
P 189 79 255 0 0
P 190 79 255 0 0
P 191 79 255 0 0
P 192 79 255 0 0
P 193 79 255 0 0
P 194 79 255 0 0
P 195 79 255 0 0
P 196 79 255 0 0
P 197 79 255 0 0
P 198 79 255 0 0
P 199 79 255 0 0
P 200 79 255 0 0
P 201 79 255 0 0
P 202 79 255 0 0
P 203 79 255 0 0
P 204 79 255 0 0
P 205 79 255 0 0
P 206 79 255 0 0
P 207 79 255 0 0
P 208 79 255 0 0
P 209 79 255 0 0
P 210 79 255 0 0
P 211 79 255 0 0
P 212 79 255 0 0
P 213 79 255 0 0
P 214 79 255 0 0
P 215 79 255 0 0
P 216 79 255 0 0
P 217 79 255 0 0
P 218 79 255 0 0
P 219 79 255 0 0
P 220 79 255 0 0
P 221 79 255 0 0
P 222 79 255 0 0
P 223 79 255 0 0
P 224 79 255 0 0
P 225 79 255 0 0
P 226 79 255 0 0
P 227 79 255 0 0
P 228 79 255 0 0
P 229 79 255 0 0
P 230 79 255 0 0
P 231 79 255 0 0
P 232 79 255 0 0
P 233 79 255 0 0
P 234 79 255 0 0
P 235 79 255 0 0
P 236 79 255 0 0
P 237 79 255 0 0
P 238 79 255 0 0
P 239 79 255 0 0
P 240 79 255 0 0
P 241 79 255 0 0
P 242 79 255 0 0
P 243 79 255 0 0
P 244 79 255 0 0
P 245 79 255 0 0
P 246 79 255 0 0
P 247 79 255 0 0
P 248 79 255 0 0
P 249 79 255 0 0
P 250 79 255 0 0
P 251 79 255 0 0
P 252 79 255 0 0
P 253 79 255 0 0
P 254 79 255 0 0
P 255 79 255 0 0
P 256 79 255 0 0
P 130 80 0 255 0
P 131 80 0 255 0
P 132 80 0 255 0
P 133 80 0 255 0
P 134 80 0 255 0
P 135 80 0 255 0
P 136 80 0 255 0
P 137 80 0 255 0
P 138 80 0 255 0
P 139 80 0 255 0
P 140 80 0 255 0
P 141 80 0 255 0
P 142 80 0 255 0
P 143 80 0 255 0
P 144 80 0 255 0
P 145 80 0 255 0
P 146 80 0 255 0
P 147 80 0 255 0
P 148 80 255 0 0
P 149 80 255 0 0
P 150 80 255 0 0
P 151 80 255 0 0
P 152 80 255 0 0
P 153 80 255 0 0
P 154 80 255 0 0
P 155 80 255 0 0
P 156 80 255 0 0
P 157 80 255 0 0
P 158 80 255 0 0
P 159 80 255 0 0
P 160 80 255 0 0
P 161 80 255 0 0
P 162 80 255 0 0
P 163 80 255 0 0
P 164 80 255 0 0
P 165 80 255 0 0
P 166 80 255 0 0
P 167 80 255 0 0
P 168 80 255 0 0
P 169 80 255 0 0
P 170 80 255 0 0
P 171 80 255 0 0
P 172 80 255 0 0
P 173 80 255 0 0
P 174 80 255 0 0
P 175 80 255 0 0
P 176 80 255 0 0
P 177 80 255 0 0
P 178 80 255 0 0
P 179 80 255 0 0
P 180 80 255 0 0
P 181 80 255 0 0
P 182 80 255 0 0
P 183 80 255 0 0
P 184 80 255 0 0
P 185 80 255 0 0
P 186 80 255 0 0
P 187 80 255 0 0
P 188 80 255 0 0
P 189 80 255 0 0
P 190 80 255 0 0
P 191 80 255 0 0
P 192 80 255 0 0
P 193 80 255 0 0
P 194 80 255 0 0
P 195 80 255 0 0
P 196 80 255 0 0
P 197 80 255 0 0
P 198 80 255 0 0
P 199 80 255 0 0
P 200 80 255 0 0
P 201 80 255 0 0
P 202 80 255 0 0
P 203 80 255 0 0
P 204 80 255 0 0
P 205 80 255 0 0
P 206 80 255 0 0
P 207 80 255 0 0
P 208 80 255 0 0
P 209 80 255 0 0
P 210 80 255 0 0
P 211 80 255 0 0
P 212 80 255 0 0
P 213 80 255 0 0
P 214 80 255 0 0
P 215 80 255 0 0
P 216 80 255 0 0
P 217 80 255 0 0
P 218 80 255 0 0
P 219 80 255 0 0
P 220 80 255 0 0
P 221 80 255 0 0
P 222 80 255 0 0
P 223 80 255 0 0
P 224 80 255 0 0
P 225 80 255 0 0
P 226 80 255 0 0
P 227 80 255 0 0
P 228 80 255 0 0
P 229 80 255 0 0
P 230 80 255 0 0
P 231 80 255 0 0
P 232 80 255 0 0
P 233 80 255 0 0
P 234 80 255 0 0
P 235 80 255 0 0
P 236 80 255 0 0
P 237 80 255 0 0
P 238 80 255 0 0
P 239 80 255 0 0
P 240 80 255 0 0
P 241 80 255 0 0
P 242 80 255 0 0
P 243 80 255 0 0
P 244 80 255 0 0
P 245 80 255 0 0
P 246 80 255 0 0
P 247 80 255 0 0
P 248 80 255 0 0
P 249 80 255 0 0
P 250 80 255 0 0
P 251 80 255 0 0
P 252 80 255 0 0
P 253 80 255 0 0
P 254 80 255 0 0
P 255 80 255 0 0
P 128 81 0 255 0
P 129 81 0 255 0
P 130 81 0 255 0
P 131 81 0 255 0
P 132 81 0 255 0
P 133 81 0 255 0
P 134 81 0 255 0
P 135 81 0 255 0
P 136 81 0 255 0
P 137 81 0 255 0
P 138 81 0 255 0
P 139 81 0 255 0
P 140 81 0 255 0
P 141 81 0 255 0
P 142 81 0 255 0
P 143 81 0 255 0
P 144 81 0 255 0
P 145 81 0 255 0
P 146 81 0 255 0
P 147 81 0 255 0
P 148 81 255 0 0
P 149 81 255 0 0
P 150 81 255 0 0
P 151 81 255 0 0
P 152 81 255 0 0
P 153 81 255 0 0
P 154 81 255 0 0
P 155 81 255 0 0
P 156 81 255 0 0
P 157 81 255 0 0
P 158 81 255 0 0
P 159 81 255 0 0
P 160 81 255 0 0
P 161 81 255 0 0
P 162 81 255 0 0
P 163 81 255 0 0
P 164 81 255 0 0
P 165 81 255 0 0
P 166 81 255 0 0
P 167 81 255 0 0
P 168 81 255 0 0
P 169 81 255 0 0
P 170 81 255 0 0
P 171 81 255 0 0
P 172 81 255 0 0
P 173 81 255 0 0
P 174 81 255 0 0
P 175 81 255 0 0
P 176 81 255 0 0
P 177 81 255 0 0
P 178 81 255 0 0
P 179 81 255 0 0
P 180 81 255 0 0
P 181 81 255 0 0
P 182 81 255 0 0
P 183 81 255 0 0
P 184 81 255 0 0
P 185 81 255 0 0
P 186 81 255 0 0
P 187 81 255 0 0
P 188 81 255 0 0
P 189 81 255 0 0
P 190 81 255 0 0
P 191 81 255 0 0
P 192 81 255 0 0
P 193 81 255 0 0
P 194 81 255 0 0
P 195 81 255 0 0
P 196 81 255 0 0
P 197 81 255 0 0
P 198 81 255 0 0
P 199 81 255 0 0
P 200 81 255 0 0
P 201 81 255 0 0
P 202 81 255 0 0
P 203 81 255 0 0
P 204 81 255 0 0
P 205 81 255 0 0
P 206 81 255 0 0
P 207 81 255 0 0
P 208 81 255 0 0
P 209 81 255 0 0
P 210 81 255 0 0
P 211 81 255 0 0
P 212 81 255 0 0
P 213 81 255 0 0
P 214 81 255 0 0
P 215 81 255 0 0
P 216 81 255 0 0
P 217 81 255 0 0
P 218 81 255 0 0
P 219 81 255 0 0
P 220 81 255 0 0
P 221 81 255 0 0
P 222 81 255 0 0
P 223 81 255 0 0
P 224 81 255 0 0
P 225 81 255 0 0
P 226 81 255 0 0
P 227 81 255 0 0
P 228 81 255 0 0
P 229 81 255 0 0
P 230 81 255 0 0
P 231 81 255 0 0
P 232 81 255 0 0
P 233 81 255 0 0
P 234 81 255 0 0
P 235 81 255 0 0
P 236 81 255 0 0
P 237 81 255 0 0
P 238 81 255 0 0
P 239 81 255 0 0
P 240 81 255 0 0
P 241 81 255 0 0
P 242 81 255 0 0
P 243 81 255 0 0
P 244 81 255 0 0
P 245 81 255 0 0
P 246 81 255 0 0
P 247 81 255 0 0
P 248 81 255 0 0
P 249 81 255 0 0
P 250 81 255 0 0
P 251 81 255 0 0
P 252 81 255 0 0
P 253 81 255 0 0
P 254 81 255 0 0
P 126 82 0 255 0
P 127 82 0 255 0
P 128 82 0 255 0
P 129 82 0 255 0
P 130 82 0 255 0
P 131 82 0 255 0
P 132 82 0 255 0
P 133 82 0 255 0
P 134 82 0 255 0
P 135 82 0 255 0
P 136 82 0 255 0
P 137 82 0 255 0
P 138 82 0 255 0
P 139 82 0 255 0
P 140 82 0 255 0
P 141 82 0 255 0
P 142 82 0 255 0
P 143 82 0 255 0
P 144 82 0 255 0
P 145 82 0 255 0
P 146 82 0 255 0
P 147 82 0 255 0
P 148 82 255 0 0
P 149 82 255 0 0
P 150 82 255 0 0
P 151 82 255 0 0
P 152 82 255 0 0
P 153 82 255 0 0
P 154 82 255 0 0
P 155 82 255 0 0
P 156 82 255 0 0
P 157 82 255 0 0
P 158 82 255 0 0
P 159 82 255 0 0
P 160 82 255 0 0
P 161 82 255 0 0
P 162 82 255 0 0
P 163 82 255 0 0
P 164 82 255 0 0
P 165 82 255 0 0
P 166 82 255 0 0
P 167 82 255 0 0
P 168 82 255 0 0
P 169 82 255 0 0
P 170 82 255 0 0
P 171 82 255 0 0
P 172 82 255 0 0
P 173 82 255 0 0
P 174 82 255 0 0
P 175 82 255 0 0
P 176 82 255 0 0
P 177 82 255 0 0
P 178 82 255 0 0
P 179 82 255 0 0
P 180 82 255 0 0
P 181 82 255 0 0
P 182 82 255 0 0
P 183 82 255 0 0
P 184 82 255 0 0
P 185 82 255 0 0
P 186 82 255 0 0
P 187 82 255 0 0
P 188 82 255 0 0
P 189 82 255 0 0
P 190 82 255 0 0
P 191 82 255 0 0
P 192 82 255 0 0
P 193 82 255 0 0
P 194 82 255 0 0
P 195 82 255 0 0
P 196 82 255 0 0
P 197 82 255 0 0
P 198 82 255 0 0
P 199 82 255 0 0
P 200 82 255 0 0
P 201 82 255 0 0
P 202 82 255 0 0
P 203 82 255 0 0
P 204 82 255 0 0
P 205 82 255 0 0
P 206 82 255 0 0
P 207 82 255 0 0
P 208 82 255 0 0
P 209 82 255 0 0
P 210 82 255 0 0
P 211 82 255 0 0
P 212 82 255 0 0
P 213 82 255 0 0
P 214 82 255 0 0
P 215 82 255 0 0
P 216 82 255 0 0
P 217 82 255 0 0
P 218 82 255 0 0
P 219 82 255 0 0
P 220 82 255 0 0
P 221 82 255 0 0
P 222 82 255 0 0
P 223 82 255 0 0
P 224 82 255 0 0
P 225 82 255 0 0
P 226 82 255 0 0
P 227 82 255 0 0
P 228 82 255 0 0
P 229 82 255 0 0
P 230 82 255 0 0
P 231 82 255 0 0
P 232 82 255 0 0
P 233 82 255 0 0
P 234 82 255 0 0
P 235 82 255 0 0
P 236 82 255 0 0
P 237 82 255 0 0
P 238 82 255 0 0
P 239 82 255 0 0
P 240 82 255 0 0
P 241 82 255 0 0
P 242 82 255 0 0
P 243 82 255 0 0
P 244 82 255 0 0
P 245 82 255 0 0
P 246 82 255 0 0
P 247 82 255 0 0
P 248 82 255 0 0
P 249 82 255 0 0
P 250 82 255 0 0
P 251 82 255 0 0
P 252 82 255 0 0
P 253 82 255 0 0
P 124 83 0 255 0
P 125 83 0 255 0
P 126 83 0 255 0
P 127 83 0 255 0
P 128 83 0 255 0
P 129 83 0 255 0
P 130 83 0 255 0
P 131 83 0 255 0
P 132 83 0 255 0
P 133 83 0 255 0
P 134 83 0 255 0
P 135 83 0 255 0
P 136 83 0 255 0
P 137 83 0 255 0
P 138 83 0 255 0
P 139 83 0 255 0
P 140 83 0 255 0
P 141 83 0 255 0
P 142 83 0 255 0
P 143 83 0 255 0
P 144 83 0 255 0
P 145 83 0 255 0
P 146 83 0 255 0
P 147 83 0 255 0
P 148 83 255 0 0
P 149 83 255 0 0
P 150 83 255 0 0
P 151 83 255 0 0
P 152 83 255 0 0
P 153 83 255 0 0
P 154 83 255 0 0
P 155 83 255 0 0
P 156 83 255 0 0
P 157 83 255 0 0
P 158 83 255 0 0
P 159 83 255 0 0
P 160 83 255 0 0
P 161 83 255 0 0
P 162 83 255 0 0
P 163 83 255 0 0
P 164 83 255 0 0
P 165 83 255 0 0
P 166 83 255 0 0
P 167 83 255 0 0
P 168 83 255 0 0
P 169 83 255 0 0
P 170 83 255 0 0
P 171 83 255 0 0
P 172 83 255 0 0
P 173 83 255 0 0
P 174 83 255 0 0
P 175 83 255 0 0
P 176 83 255 0 0
P 177 83 255 0 0
P 178 83 255 0 0
P 179 83 255 0 0
P 180 83 255 0 0
P 181 83 255 0 0
P 182 83 255 0 0
P 183 83 255 0 0
P 184 83 255 0 0
P 185 83 255 0 0
P 186 83 255 0 0
P 187 83 255 0 0
P 188 83 255 0 0
P 189 83 255 0 0
P 190 83 255 0 0
P 191 83 255 0 0
P 192 83 255 0 0
P 193 83 255 0 0
P 194 83 255 0 0
P 195 83 255 0 0
P 196 83 255 0 0
P 197 83 255 0 0
P 198 83 255 0 0
P 199 83 255 0 0
P 200 83 255 0 0
P 201 83 255 0 0
P 202 83 255 0 0
P 203 83 255 0 0
P 204 83 255 0 0
P 205 83 255 0 0
P 206 83 255 0 0
P 207 83 255 0 0
P 208 83 255 0 0
P 209 83 255 0 0
P 210 83 255 0 0
P 211 83 255 0 0
P 212 83 255 0 0
P 213 83 255 0 0
P 214 83 255 0 0
P 215 83 255 0 0
P 216 83 255 0 0
P 217 83 255 0 0
P 218 83 255 0 0
P 219 83 255 0 0
P 220 83 255 0 0
P 221 83 255 0 0
P 222 83 255 0 0
P 223 83 255 0 0
P 224 83 255 0 0
P 225 83 255 0 0
P 226 83 255 0 0
P 227 83 255 0 0
P 228 83 255 0 0
P 229 83 255 0 0
P 230 83 255 0 0
P 231 83 255 0 0
P 232 83 255 0 0
P 233 83 255 0 0
P 234 83 255 0 0
P 235 83 255 0 0
P 236 83 255 0 0
P 237 83 255 0 0
P 238 83 255 0 0
P 239 83 255 0 0
P 240 83 255 0 0
P 241 83 255 0 0
P 242 83 255 0 0
P 243 83 255 0 0
P 244 83 255 0 0
P 245 83 255 0 0
P 246 83 255 0 0
P 247 83 255 0 0
P 248 83 255 0 0
P 249 83 255 0 0
P 250 83 255 0 0
P 251 83 255 0 0
P 122 84 0 255 0
P 123 84 0 255 0
P 124 84 0 255 0
P 125 84 0 255 0
P 126 84 0 255 0
P 127 84 0 255 0
P 128 84 0 255 0
P 129 84 0 255 0
P 130 84 0 255 0
P 131 84 0 255 0
P 132 84 0 255 0
P 133 84 0 255 0
P 134 84 0 255 0
P 135 84 0 255 0
P 136 84 0 255 0
P 137 84 0 255 0
P 138 84 0 255 0
P 139 84 0 255 0
P 140 84 0 255 0
P 141 84 0 255 0
P 142 84 0 255 0
P 143 84 0 255 0
P 144 84 0 255 0
P 145 84 0 255 0
P 146 84 0 255 0
P 147 84 0 255 0
P 148 84 255 0 0
P 149 84 255 0 0
P 150 84 255 0 0
P 151 84 255 0 0
P 152 84 255 0 0
P 153 84 255 0 0
P 154 84 255 0 0
P 155 84 255 0 0
P 156 84 255 0 0
P 157 84 255 0 0
P 158 84 255 0 0
P 159 84 255 0 0
P 160 84 255 0 0
P 161 84 255 0 0
P 162 84 255 0 0
P 163 84 255 0 0
P 164 84 255 0 0
P 165 84 255 0 0
P 166 84 255 0 0
P 167 84 255 0 0
P 168 84 255 0 0
P 169 84 255 0 0
P 170 84 255 0 0
P 171 84 255 0 0
P 172 84 255 0 0
P 173 84 255 0 0
P 174 84 255 0 0
P 175 84 255 0 0
P 176 84 255 0 0
P 177 84 255 0 0
P 178 84 255 0 0
P 179 84 255 0 0
P 180 84 255 0 0
P 181 84 255 0 0
P 182 84 255 0 0
P 183 84 255 0 0
P 184 84 255 0 0
P 185 84 255 0 0
P 186 84 255 0 0
P 187 84 255 0 0
P 188 84 255 0 0
P 189 84 255 0 0
P 190 84 255 0 0
P 191 84 255 0 0
P 192 84 255 0 0
P 193 84 255 0 0
P 194 84 255 0 0
P 195 84 255 0 0
P 196 84 255 0 0
P 197 84 255 0 0
P 198 84 255 0 0
P 199 84 255 0 0
P 200 84 255 0 0
P 201 84 255 0 0
P 202 84 255 0 0
P 203 84 255 0 0
P 204 84 255 0 0
P 205 84 255 0 0
P 206 84 255 0 0
P 207 84 255 0 0
P 208 84 255 0 0
P 209 84 255 0 0
P 210 84 255 0 0
P 211 84 255 0 0
P 212 84 255 0 0
P 213 84 255 0 0
P 214 84 255 0 0
P 215 84 255 0 0
P 216 84 255 0 0
P 217 84 255 0 0
P 218 84 255 0 0
P 219 84 255 0 0
P 220 84 255 0 0
P 221 84 255 0 0
P 222 84 255 0 0
P 223 84 255 0 0
P 224 84 255 0 0
P 225 84 255 0 0
P 226 84 255 0 0
P 227 84 255 0 0
P 228 84 255 0 0
P 229 84 255 0 0
P 230 84 255 0 0
P 231 84 255 0 0
P 232 84 255 0 0
P 233 84 255 0 0
P 234 84 255 0 0
P 235 84 255 0 0
P 236 84 255 0 0
P 237 84 255 0 0
P 238 84 255 0 0
P 239 84 255 0 0
P 240 84 255 0 0
P 241 84 255 0 0
P 242 84 255 0 0
P 243 84 255 0 0
P 244 84 255 0 0
P 245 84 255 0 0
P 246 84 255 0 0
P 247 84 255 0 0
P 248 84 255 0 0
P 249 84 255 0 0
P 250 84 255 0 0
P 120 85 0 255 0
P 121 85 0 255 0
P 122 85 0 255 0
P 123 85 0 255 0
P 124 85 0 255 0
P 125 85 0 255 0
P 126 85 0 255 0
P 127 85 0 255 0
P 128 85 0 255 0
P 129 85 0 255 0
P 130 85 0 255 0
P 131 85 0 255 0
P 132 85 0 255 0
P 133 85 0 255 0
P 134 85 0 255 0
P 135 85 0 255 0
P 136 85 0 255 0
P 137 85 0 255 0
P 138 85 0 255 0
P 139 85 0 255 0
P 140 85 0 255 0
P 141 85 0 255 0
P 142 85 0 255 0
P 143 85 0 255 0
P 144 85 0 255 0
P 145 85 0 255 0
P 146 85 0 255 0
P 147 85 255 0 0
P 148 85 255 0 0
P 149 85 255 0 0
P 150 85 255 0 0
P 151 85 255 0 0
P 152 85 255 0 0
P 153 85 255 0 0
P 154 85 255 0 0
P 155 85 255 0 0
P 156 85 255 0 0
P 157 85 255 0 0
P 158 85 255 0 0
P 159 85 255 0 0
P 160 85 255 0 0
P 161 85 255 0 0
P 162 85 255 0 0
P 163 85 255 0 0
P 164 85 255 0 0
P 165 85 255 0 0
P 166 85 255 0 0
P 167 85 255 0 0
P 168 85 255 0 0
P 169 85 255 0 0
P 170 85 255 0 0
P 171 85 255 0 0
P 172 85 255 0 0
P 173 85 255 0 0
P 174 85 255 0 0
P 175 85 255 0 0
P 176 85 255 0 0
P 177 85 255 0 0
P 178 85 255 0 0
P 179 85 255 0 0
P 180 85 255 0 0
P 181 85 255 0 0
P 182 85 255 0 0
P 183 85 255 0 0
P 184 85 255 0 0
P 185 85 255 0 0
P 186 85 255 0 0
P 187 85 255 0 0
P 188 85 255 0 0
P 189 85 255 0 0
P 190 85 255 0 0
P 191 85 255 0 0
P 192 85 255 0 0
P 193 85 255 0 0
P 194 85 255 0 0
P 195 85 255 0 0
P 196 85 255 0 0
P 197 85 255 0 0
P 198 85 255 0 0
P 199 85 255 0 0
P 200 85 255 0 0
P 201 85 255 0 0
P 202 85 255 0 0
P 203 85 255 0 0
P 204 85 255 0 0
P 205 85 255 0 0
P 206 85 255 0 0
P 207 85 255 0 0
P 208 85 255 0 0
P 209 85 255 0 0
P 210 85 255 0 0
P 211 85 255 0 0
P 212 85 255 0 0
P 213 85 255 0 0
P 214 85 255 0 0
P 215 85 255 0 0
P 216 85 255 0 0
P 217 85 255 0 0
P 218 85 255 0 0
P 219 85 255 0 0
P 220 85 255 0 0
P 221 85 255 0 0
P 222 85 255 0 0
P 223 85 255 0 0
P 224 85 255 0 0
P 225 85 255 0 0
P 226 85 255 0 0
P 227 85 255 0 0
P 228 85 255 0 0
P 229 85 255 0 0
P 230 85 255 0 0
P 231 85 255 0 0
P 232 85 255 0 0
P 233 85 255 0 0
P 234 85 255 0 0
P 235 85 255 0 0
P 236 85 255 0 0
P 237 85 255 0 0
P 238 85 255 0 0
P 239 85 255 0 0
P 240 85 255 0 0
P 241 85 255 0 0
P 242 85 255 0 0
P 243 85 255 0 0
P 244 85 255 0 0
P 245 85 255 0 0
P 246 85 255 0 0
P 247 85 255 0 0
P 248 85 255 0 0
P 249 85 255 0 0
P 118 86 0 255 0
P 119 86 0 255 0
P 120 86 0 255 0
P 121 86 0 255 0
P 122 86 0 255 0
P 123 86 0 255 0
P 124 86 0 255 0
P 125 86 0 255 0
P 126 86 0 255 0
P 127 86 0 255 0
P 128 86 0 255 0
P 129 86 0 255 0
P 130 86 0 255 0
P 131 86 0 255 0
P 132 86 0 255 0
P 133 86 0 255 0
P 134 86 0 255 0
P 135 86 0 255 0
P 136 86 0 255 0
P 137 86 0 255 0
P 138 86 0 255 0
P 139 86 0 255 0
P 140 86 0 255 0
P 141 86 0 255 0
P 142 86 0 255 0
P 143 86 0 255 0
P 144 86 0 255 0
P 145 86 0 255 0
P 146 86 0 255 0
P 147 86 255 0 0
P 148 86 255 0 0
P 149 86 255 0 0
P 150 86 255 0 0
P 151 86 255 0 0
P 152 86 255 0 0
P 153 86 255 0 0
P 154 86 255 0 0
P 155 86 255 0 0
P 156 86 255 0 0
P 157 86 255 0 0
P 158 86 255 0 0
P 159 86 255 0 0
P 160 86 255 0 0
P 161 86 255 0 0
P 162 86 255 0 0
P 163 86 255 0 0
P 164 86 255 0 0
P 165 86 255 0 0
P 166 86 255 0 0
P 167 86 255 0 0
P 168 86 255 0 0
P 169 86 255 0 0
P 170 86 255 0 0
P 171 86 255 0 0
P 172 86 255 0 0
P 173 86 255 0 0
P 174 86 255 0 0
P 175 86 255 0 0
P 176 86 255 0 0
P 177 86 255 0 0
P 178 86 255 0 0
P 179 86 255 0 0
P 180 86 255 0 0
P 181 86 255 0 0
P 182 86 255 0 0
P 183 86 255 0 0
P 184 86 255 0 0
P 185 86 255 0 0
P 186 86 255 0 0
P 187 86 255 0 0
P 188 86 255 0 0
P 189 86 255 0 0
P 190 86 255 0 0
P 191 86 255 0 0
P 192 86 255 0 0
P 193 86 255 0 0
P 194 86 255 0 0
P 195 86 255 0 0
P 196 86 255 0 0
P 197 86 255 0 0
P 198 86 255 0 0
P 199 86 255 0 0
P 200 86 255 0 0
P 201 86 255 0 0
P 202 86 255 0 0
P 203 86 255 0 0
P 204 86 255 0 0
P 205 86 255 0 0
P 206 86 255 0 0
P 207 86 255 0 0
P 208 86 255 0 0
P 209 86 255 0 0
P 210 86 255 0 0
P 211 86 255 0 0
P 212 86 255 0 0
P 213 86 255 0 0
P 214 86 255 0 0
P 215 86 255 0 0
P 216 86 255 0 0
P 217 86 255 0 0
P 218 86 255 0 0
P 219 86 255 0 0
P 220 86 255 0 0
P 221 86 255 0 0
P 222 86 255 0 0
P 223 86 255 0 0
P 224 86 255 0 0
P 225 86 255 0 0
P 226 86 255 0 0
P 227 86 255 0 0
P 228 86 255 0 0
P 229 86 255 0 0
P 230 86 255 0 0
P 231 86 255 0 0
P 232 86 255 0 0
P 233 86 255 0 0
P 234 86 255 0 0
P 235 86 255 0 0
P 236 86 255 0 0
P 237 86 255 0 0
P 238 86 255 0 0
P 239 86 255 0 0
P 240 86 255 0 0
P 241 86 255 0 0
P 242 86 255 0 0
P 243 86 255 0 0
P 244 86 255 0 0
P 245 86 255 0 0
P 246 86 255 0 0
P 247 86 255 0 0
P 248 86 255 0 0
P 116 87 0 255 0
P 117 87 0 255 0
P 118 87 0 255 0
P 119 87 0 255 0
P 120 87 0 255 0
P 121 87 0 255 0
P 122 87 0 255 0
P 123 87 0 255 0
P 124 87 0 255 0
P 125 87 0 255 0
P 126 87 0 255 0
P 127 87 0 255 0
P 128 87 0 255 0
P 129 87 0 255 0
P 130 87 0 255 0
P 131 87 0 255 0
P 132 87 0 255 0
P 133 87 0 255 0
P 134 87 0 255 0
P 135 87 0 255 0
P 136 87 0 255 0
P 137 87 0 255 0
P 138 87 0 255 0
P 139 87 0 255 0
P 140 87 0 255 0
P 141 87 0 255 0
P 142 87 0 255 0
P 143 87 0 255 0
P 144 87 0 255 0
P 145 87 0 255 0
P 146 87 0 255 0
P 147 87 255 0 0
P 148 87 255 0 0
P 149 87 255 0 0
P 150 87 255 0 0
P 151 87 255 0 0
P 152 87 255 0 0
P 153 87 255 0 0
P 154 87 255 0 0
P 155 87 255 0 0
P 156 87 255 0 0
P 157 87 255 0 0
P 158 87 255 0 0
P 159 87 255 0 0
P 160 87 255 0 0
P 161 87 255 0 0
P 162 87 255 0 0
P 163 87 255 0 0
P 164 87 255 0 0
P 165 87 255 0 0
P 166 87 255 0 0
P 167 87 255 0 0
P 168 87 255 0 0
P 169 87 255 0 0
P 170 87 255 0 0
P 171 87 255 0 0
P 172 87 255 0 0
P 173 87 255 0 0
P 174 87 255 0 0
P 175 87 255 0 0
P 176 87 255 0 0
P 177 87 255 0 0
P 178 87 255 0 0
P 179 87 255 0 0
P 180 87 255 0 0
P 181 87 255 0 0
P 182 87 255 0 0
P 183 87 255 0 0
P 184 87 255 0 0
P 185 87 255 0 0
P 186 87 255 0 0
P 187 87 255 0 0
P 188 87 255 0 0
P 189 87 255 0 0
P 190 87 255 0 0
P 191 87 255 0 0
P 192 87 255 0 0
P 193 87 255 0 0
P 194 87 255 0 0
P 195 87 255 0 0
P 196 87 255 0 0
P 197 87 255 0 0
P 198 87 255 0 0
P 199 87 255 0 0
P 200 87 255 0 0
P 201 87 255 0 0
P 202 87 255 0 0
P 203 87 255 0 0
P 204 87 255 0 0
P 205 87 255 0 0
P 206 87 255 0 0
P 207 87 255 0 0
P 208 87 255 0 0
P 209 87 255 0 0
P 210 87 255 0 0
P 211 87 255 0 0
P 212 87 255 0 0
P 213 87 255 0 0
P 214 87 255 0 0
P 215 87 255 0 0
P 216 87 255 0 0
P 217 87 255 0 0
P 218 87 255 0 0
P 219 87 255 0 0
P 220 87 255 0 0
P 221 87 255 0 0
P 222 87 255 0 0
P 223 87 255 0 0
P 224 87 255 0 0
P 225 87 255 0 0
P 226 87 255 0 0
P 227 87 255 0 0
P 228 87 255 0 0
P 229 87 255 0 0
P 230 87 255 0 0
P 231 87 255 0 0
P 232 87 255 0 0
P 233 87 255 0 0
P 234 87 255 0 0
P 235 87 255 0 0
P 236 87 255 0 0
P 237 87 255 0 0
P 238 87 255 0 0
P 239 87 255 0 0
P 240 87 255 0 0
P 241 87 255 0 0
P 242 87 255 0 0
P 243 87 255 0 0
P 244 87 255 0 0
P 245 87 255 0 0
P 246 87 255 0 0
P 247 87 255 0 0
P 114 88 0 255 0
P 115 88 0 255 0
P 116 88 0 255 0
P 117 88 0 255 0
P 118 88 0 255 0
P 119 88 0 255 0
P 120 88 0 255 0
P 121 88 0 255 0
P 122 88 0 255 0
P 123 88 0 255 0
P 124 88 0 255 0
P 125 88 0 255 0
P 126 88 0 255 0
P 127 88 0 255 0
P 128 88 0 255 0
P 129 88 0 255 0
P 130 88 0 255 0
P 131 88 0 255 0
P 132 88 0 255 0
P 133 88 0 255 0
P 134 88 0 255 0
P 135 88 0 255 0
P 136 88 0 255 0
P 137 88 0 255 0
P 138 88 0 255 0
P 139 88 0 255 0
P 140 88 0 255 0
P 141 88 0 255 0
P 142 88 0 255 0
P 143 88 0 255 0
P 144 88 0 255 0
P 145 88 0 255 0
P 146 88 0 255 0
P 147 88 255 0 0
P 148 88 255 0 0
P 149 88 255 0 0
P 150 88 255 0 0
P 151 88 255 0 0
P 152 88 255 0 0
P 153 88 255 0 0
P 154 88 255 0 0
P 155 88 255 0 0
P 156 88 255 0 0
P 157 88 255 0 0
P 158 88 255 0 0
P 159 88 255 0 0
P 160 88 255 0 0
P 161 88 255 0 0
P 162 88 255 0 0
P 163 88 255 0 0
P 164 88 255 0 0
P 165 88 255 0 0
P 166 88 255 0 0
P 167 88 255 0 0
P 168 88 255 0 0
P 169 88 255 0 0
P 170 88 255 0 0
P 171 88 255 0 0
P 172 88 255 0 0
P 173 88 255 0 0
P 174 88 255 0 0
P 175 88 255 0 0
P 176 88 255 0 0
P 177 88 255 0 0
P 178 88 255 0 0
P 179 88 255 0 0
P 180 88 255 0 0
P 181 88 255 0 0
P 182 88 255 0 0
P 183 88 255 0 0
P 184 88 255 0 0
P 185 88 255 0 0
P 186 88 255 0 0
P 187 88 255 0 0
P 188 88 255 0 0
P 189 88 255 0 0
P 190 88 255 0 0
P 191 88 255 0 0
P 192 88 255 0 0
P 193 88 255 0 0
P 194 88 255 0 0
P 195 88 255 0 0
P 196 88 255 0 0
P 197 88 255 0 0
P 198 88 255 0 0
P 199 88 255 0 0
P 200 88 255 0 0
P 201 88 255 0 0
P 202 88 255 0 0
P 203 88 255 0 0
P 204 88 255 0 0
P 205 88 255 0 0
P 206 88 255 0 0
P 207 88 255 0 0
P 208 88 255 0 0
P 209 88 255 0 0
P 210 88 255 0 0
P 211 88 255 0 0
P 212 88 255 0 0
P 213 88 255 0 0
P 214 88 255 0 0
P 215 88 255 0 0
P 216 88 255 0 0
P 217 88 255 0 0
P 218 88 255 0 0
P 219 88 255 0 0
P 220 88 255 0 0
P 221 88 255 0 0
P 222 88 255 0 0
P 223 88 255 0 0
P 224 88 255 0 0
P 225 88 255 0 0
P 226 88 255 0 0
P 227 88 255 0 0
P 228 88 255 0 0
P 229 88 255 0 0
P 230 88 255 0 0
P 231 88 255 0 0
P 232 88 255 0 0
P 233 88 255 0 0
P 234 88 255 0 0
P 235 88 255 0 0
P 236 88 255 0 0
P 237 88 255 0 0
P 238 88 255 0 0
P 239 88 255 0 0
P 240 88 255 0 0
P 241 88 255 0 0
P 242 88 255 0 0
P 243 88 255 0 0
P 244 88 255 0 0
P 245 88 255 0 0
P 112 89 0 255 0
P 113 89 0 255 0
P 114 89 0 255 0
P 115 89 0 255 0
P 116 89 0 255 0
P 117 89 0 255 0
P 118 89 0 255 0
P 119 89 0 255 0
P 120 89 0 255 0
P 121 89 0 255 0
P 122 89 0 255 0
P 123 89 0 255 0
P 124 89 0 255 0
P 125 89 0 255 0
P 126 89 0 255 0
P 127 89 0 255 0
P 128 89 0 255 0
P 129 89 0 255 0
P 130 89 0 255 0
P 131 89 0 255 0
P 132 89 0 255 0
P 133 89 0 255 0
P 134 89 0 255 0
P 135 89 0 255 0
P 136 89 0 255 0
P 137 89 0 255 0
P 138 89 0 255 0
P 139 89 0 255 0
P 140 89 0 255 0
P 141 89 0 255 0
P 142 89 0 255 0
P 143 89 0 255 0
P 144 89 0 255 0
P 145 89 0 255 0
P 146 89 0 255 0
P 147 89 255 0 0
P 148 89 255 0 0
P 149 89 255 0 0
P 150 89 255 0 0
P 151 89 255 0 0
P 152 89 255 0 0
P 153 89 255 0 0
P 154 89 255 0 0
P 155 89 255 0 0
P 156 89 255 0 0
P 157 89 255 0 0
P 158 89 255 0 0
P 159 89 255 0 0
P 160 89 255 0 0
P 161 89 255 0 0
P 162 89 255 0 0
P 163 89 255 0 0
P 164 89 255 0 0
P 165 89 255 0 0
P 166 89 255 0 0
P 167 89 255 0 0
P 168 89 255 0 0
P 169 89 255 0 0
P 170 89 255 0 0
P 171 89 255 0 0
P 172 89 255 0 0
P 173 89 255 0 0
P 174 89 255 0 0
P 175 89 255 0 0
P 176 89 255 0 0
P 177 89 255 0 0
P 178 89 255 0 0
P 179 89 255 0 0
P 180 89 255 0 0
P 181 89 255 0 0
P 182 89 255 0 0
P 183 89 255 0 0
P 184 89 255 0 0
P 185 89 255 0 0
P 186 89 255 0 0
P 187 89 255 0 0
P 188 89 255 0 0
P 189 89 255 0 0
P 190 89 255 0 0
P 191 89 255 0 0
P 192 89 255 0 0
P 193 89 255 0 0
P 194 89 255 0 0
P 195 89 255 0 0
P 196 89 255 0 0
P 197 89 255 0 0
P 198 89 255 0 0
P 199 89 255 0 0
P 200 89 255 0 0
P 201 89 255 0 0
P 202 89 255 0 0
P 203 89 255 0 0
P 204 89 255 0 0
P 205 89 255 0 0
P 206 89 255 0 0
P 207 89 255 0 0
P 208 89 255 0 0
P 209 89 255 0 0
P 210 89 255 0 0
P 211 89 255 0 0
P 212 89 255 0 0
P 213 89 255 0 0
P 214 89 255 0 0
P 215 89 255 0 0
P 216 89 255 0 0
P 217 89 255 0 0
P 218 89 255 0 0
P 219 89 255 0 0
P 220 89 255 0 0
P 221 89 255 0 0
P 222 89 255 0 0
P 223 89 255 0 0
P 224 89 255 0 0
P 225 89 255 0 0
P 226 89 255 0 0
P 227 89 255 0 0
P 228 89 255 0 0
P 229 89 255 0 0
P 230 89 255 0 0
P 231 89 255 0 0
P 232 89 255 0 0
P 233 89 255 0 0
P 234 89 255 0 0
P 235 89 255 0 0
P 236 89 255 0 0
P 237 89 255 0 0
P 238 89 255 0 0
P 239 89 255 0 0
P 240 89 255 0 0
P 241 89 255 0 0
P 242 89 255 0 0
P 243 89 255 0 0
P 244 89 255 0 0
P 110 90 0 255 0
P 111 90 0 255 0
P 112 90 0 255 0
P 113 90 0 255 0
P 114 90 0 255 0
P 115 90 0 255 0
P 116 90 0 255 0
P 117 90 0 255 0
P 118 90 0 255 0
P 119 90 0 255 0
P 120 90 0 255 0
P 121 90 0 255 0
P 122 90 0 255 0
P 123 90 0 255 0
P 124 90 0 255 0
P 125 90 0 255 0
P 126 90 0 255 0
P 127 90 0 255 0
P 128 90 0 255 0
P 129 90 0 255 0
P 130 90 0 255 0
P 131 90 0 255 0
P 132 90 0 255 0
P 133 90 0 255 0
P 134 90 0 255 0
P 135 90 0 255 0
P 136 90 0 255 0
P 137 90 0 255 0
P 138 90 0 255 0
P 139 90 0 255 0
P 140 90 0 255 0
P 141 90 0 255 0
P 142 90 0 255 0
P 143 90 0 255 0
P 144 90 0 255 0
P 145 90 0 255 0
P 146 90 0 255 0
P 147 90 255 0 0
P 148 90 255 0 0
P 149 90 255 0 0
P 150 90 255 0 0
P 151 90 255 0 0
P 152 90 255 0 0
P 153 90 255 0 0
P 154 90 255 0 0
P 155 90 255 0 0
P 156 90 255 0 0
P 157 90 255 0 0
P 158 90 255 0 0
P 159 90 255 0 0
P 160 90 255 0 0
P 161 90 255 0 0
P 162 90 255 0 0
P 163 90 255 0 0
P 164 90 255 0 0
P 165 90 255 0 0
P 166 90 255 0 0
P 167 90 255 0 0
P 168 90 255 0 0
P 169 90 255 0 0
P 170 90 255 0 0
P 171 90 255 0 0
P 172 90 255 0 0
P 173 90 255 0 0
P 174 90 255 0 0
P 175 90 255 0 0
P 176 90 255 0 0
P 177 90 255 0 0
P 178 90 255 0 0
P 179 90 255 0 0
P 180 90 255 0 0
P 181 90 255 0 0
P 182 90 255 0 0
P 183 90 255 0 0
P 184 90 255 0 0
P 185 90 255 0 0
P 186 90 255 0 0
P 187 90 255 0 0
P 188 90 255 0 0
P 189 90 255 0 0
P 190 90 255 0 0
P 191 90 255 0 0
P 192 90 255 0 0
P 193 90 255 0 0
P 194 90 255 0 0
P 195 90 255 0 0
P 196 90 255 0 0
P 197 90 255 0 0
P 198 90 255 0 0
P 199 90 255 0 0
P 200 90 255 0 0
P 201 90 255 0 0
P 202 90 255 0 0
P 203 90 255 0 0
P 204 90 255 0 0
P 205 90 255 0 0
P 206 90 255 0 0
P 207 90 255 0 0
P 208 90 255 0 0
P 209 90 255 0 0
P 210 90 255 0 0
P 211 90 255 0 0
P 212 90 255 0 0
P 213 90 255 0 0
P 214 90 255 0 0
P 215 90 255 0 0
P 216 90 255 0 0
P 217 90 255 0 0
P 218 90 255 0 0
P 219 90 255 0 0
P 220 90 255 0 0
P 221 90 255 0 0
P 222 90 255 0 0
P 223 90 255 0 0
P 224 90 255 0 0
P 225 90 255 0 0
P 226 90 255 0 0
P 227 90 255 0 0
P 228 90 255 0 0
P 229 90 255 0 0
P 230 90 255 0 0
P 231 90 255 0 0
P 232 90 255 0 0
P 233 90 255 0 0
P 234 90 255 0 0
P 235 90 255 0 0
P 236 90 255 0 0
P 237 90 255 0 0
P 238 90 255 0 0
P 239 90 255 0 0
P 240 90 255 0 0
P 241 90 255 0 0
P 242 90 255 0 0
P 243 90 255 0 0
P 108 91 0 255 0
P 109 91 0 255 0
P 110 91 0 255 0
P 111 91 0 255 0
P 112 91 0 255 0
P 113 91 0 255 0
P 114 91 0 255 0
P 115 91 0 255 0
P 116 91 0 255 0
P 117 91 0 255 0
P 118 91 0 255 0
P 119 91 0 255 0
P 120 91 0 255 0
P 121 91 0 255 0
P 122 91 0 255 0
P 123 91 0 255 0
P 124 91 0 255 0
P 125 91 0 255 0
P 126 91 0 255 0
P 127 91 0 255 0
P 128 91 0 255 0
P 129 91 0 255 0
P 130 91 0 255 0
P 131 91 0 255 0
P 132 91 0 255 0
P 133 91 0 255 0
P 134 91 0 255 0
P 135 91 0 255 0
P 136 91 0 255 0
P 137 91 0 255 0
P 138 91 0 255 0
P 139 91 0 255 0
P 140 91 0 255 0
P 141 91 0 255 0
P 142 91 0 255 0
P 143 91 0 255 0
P 144 91 0 255 0
P 145 91 0 255 0
P 146 91 0 255 0
P 147 91 255 0 0
P 148 91 255 0 0
P 149 91 255 0 0
P 150 91 255 0 0
P 151 91 255 0 0
P 152 91 255 0 0
P 153 91 255 0 0
P 154 91 255 0 0
P 155 91 255 0 0
P 156 91 255 0 0
P 157 91 255 0 0
P 158 91 255 0 0
P 159 91 255 0 0
P 160 91 255 0 0
P 161 91 255 0 0
P 162 91 255 0 0
P 163 91 255 0 0
P 164 91 255 0 0
P 165 91 255 0 0
P 166 91 255 0 0
P 167 91 255 0 0
P 168 91 255 0 0
P 169 91 255 0 0
P 170 91 255 0 0
P 171 91 255 0 0
P 172 91 255 0 0
P 173 91 255 0 0
P 174 91 255 0 0
P 175 91 255 0 0
P 176 91 255 0 0
P 177 91 255 0 0
P 178 91 255 0 0
P 179 91 255 0 0
P 180 91 255 0 0
P 181 91 255 0 0
P 182 91 255 0 0
P 183 91 255 0 0
P 184 91 255 0 0
P 185 91 255 0 0
P 186 91 255 0 0
P 187 91 255 0 0
P 188 91 255 0 0
P 189 91 255 0 0
P 190 91 255 0 0
P 191 91 255 0 0
P 192 91 255 0 0
P 193 91 255 0 0
P 194 91 255 0 0
P 195 91 255 0 0
P 196 91 255 0 0
P 197 91 255 0 0
P 198 91 255 0 0
P 199 91 255 0 0
P 200 91 255 0 0
P 201 91 255 0 0
P 202 91 255 0 0
P 203 91 255 0 0
P 204 91 255 0 0
P 205 91 255 0 0
P 206 91 255 0 0
P 207 91 255 0 0
P 208 91 255 0 0
P 209 91 255 0 0
P 210 91 255 0 0
P 211 91 255 0 0
P 212 91 255 0 0
P 213 91 255 0 0
P 214 91 255 0 0
P 215 91 255 0 0
P 216 91 255 0 0
P 217 91 255 0 0
P 218 91 255 0 0
P 219 91 255 0 0
P 220 91 255 0 0
P 221 91 255 0 0
P 222 91 255 0 0
P 223 91 255 0 0
P 224 91 255 0 0
P 225 91 255 0 0
P 226 91 255 0 0
P 227 91 255 0 0
P 228 91 255 0 0
P 229 91 255 0 0
P 230 91 255 0 0
P 231 91 255 0 0
P 232 91 255 0 0
P 233 91 255 0 0
P 234 91 255 0 0
P 235 91 255 0 0
P 236 91 255 0 0
P 237 91 255 0 0
P 238 91 255 0 0
P 239 91 255 0 0
P 240 91 255 0 0
P 241 91 255 0 0
P 242 91 255 0 0
P 106 92 0 255 0
P 107 92 0 255 0
P 108 92 0 255 0
P 109 92 0 255 0
P 110 92 0 255 0
P 111 92 0 255 0
P 112 92 0 255 0
P 113 92 0 255 0
P 114 92 0 255 0
P 115 92 0 255 0
P 116 92 0 255 0
P 117 92 0 255 0
P 118 92 0 255 0
P 119 92 0 255 0
P 120 92 0 255 0
P 121 92 0 255 0
P 122 92 0 255 0
P 123 92 0 255 0
P 124 92 0 255 0
P 125 92 0 255 0
P 126 92 0 255 0
P 127 92 0 255 0
P 128 92 0 255 0
P 129 92 0 255 0
P 130 92 0 255 0
P 131 92 0 255 0
P 132 92 0 255 0
P 133 92 0 255 0
P 134 92 0 255 0
P 135 92 0 255 0
P 136 92 0 255 0
P 137 92 0 255 0
P 138 92 0 255 0
P 139 92 0 255 0
P 140 92 0 255 0
P 141 92 0 255 0
P 142 92 0 255 0
P 143 92 0 255 0
P 144 92 0 255 0
P 145 92 0 255 0
P 146 92 0 255 0
P 147 92 255 0 0
P 148 92 255 0 0
P 149 92 255 0 0
P 150 92 255 0 0
P 151 92 255 0 0
P 152 92 255 0 0
P 153 92 255 0 0
P 154 92 255 0 0
P 155 92 255 0 0
P 156 92 255 0 0
P 157 92 255 0 0
P 158 92 255 0 0
P 159 92 255 0 0
P 160 92 255 0 0
P 161 92 255 0 0
P 162 92 255 0 0
P 163 92 255 0 0
P 164 92 255 0 0
P 165 92 255 0 0
P 166 92 255 0 0
P 167 92 255 0 0
P 168 92 255 0 0
P 169 92 255 0 0
P 170 92 255 0 0
P 171 92 255 0 0
P 172 92 255 0 0
P 173 92 255 0 0
P 174 92 255 0 0
P 175 92 255 0 0
P 176 92 255 0 0
P 177 92 255 0 0
P 178 92 255 0 0
P 179 92 255 0 0
P 180 92 255 0 0
P 181 92 255 0 0
P 182 92 255 0 0
P 183 92 255 0 0
P 184 92 255 0 0
P 185 92 255 0 0
P 186 92 255 0 0
P 187 92 255 0 0
P 188 92 255 0 0
P 189 92 255 0 0
P 190 92 255 0 0
P 191 92 255 0 0
P 192 92 255 0 0
P 193 92 255 0 0
P 194 92 255 0 0
P 195 92 255 0 0
P 196 92 255 0 0
P 197 92 255 0 0
P 198 92 255 0 0
P 199 92 255 0 0
P 200 92 255 0 0
P 201 92 255 0 0
P 202 92 255 0 0
P 203 92 255 0 0
P 204 92 255 0 0
P 205 92 255 0 0
P 206 92 255 0 0
P 207 92 255 0 0
P 208 92 255 0 0
P 209 92 255 0 0
P 210 92 255 0 0
P 211 92 255 0 0
P 212 92 255 0 0
P 213 92 255 0 0
P 214 92 255 0 0
P 215 92 255 0 0
P 216 92 255 0 0
P 217 92 255 0 0
P 218 92 255 0 0
P 219 92 255 0 0
P 220 92 255 0 0
P 221 92 255 0 0
P 222 92 255 0 0
P 223 92 255 0 0
P 224 92 255 0 0
P 225 92 255 0 0
P 226 92 255 0 0
P 227 92 255 0 0
P 228 92 255 0 0
P 229 92 255 0 0
P 230 92 255 0 0
P 231 92 255 0 0
P 232 92 255 0 0
P 233 92 255 0 0
P 234 92 255 0 0
P 235 92 255 0 0
P 236 92 255 0 0
P 237 92 255 0 0
P 238 92 255 0 0
P 239 92 255 0 0
P 240 92 255 0 0
P 104 93 0 255 0
P 105 93 0 255 0
P 106 93 0 255 0
P 107 93 0 255 0
P 108 93 0 255 0
P 109 93 0 255 0
P 110 93 0 255 0
P 111 93 0 255 0
P 112 93 0 255 0
P 113 93 0 255 0
P 114 93 0 255 0
P 115 93 0 255 0
P 116 93 0 255 0
P 117 93 0 255 0
P 118 93 0 255 0
P 119 93 0 255 0
P 120 93 0 255 0
P 121 93 0 255 0
P 122 93 0 255 0
P 123 93 0 255 0
P 124 93 0 255 0
P 125 93 0 255 0
P 126 93 0 255 0
P 127 93 0 255 0
P 128 93 0 255 0
P 129 93 0 255 0
P 130 93 0 255 0
P 131 93 0 255 0
P 132 93 0 255 0
P 133 93 0 255 0
P 134 93 0 255 0
P 135 93 0 255 0
P 136 93 0 255 0
P 137 93 0 255 0
P 138 93 0 255 0
P 139 93 0 255 0
P 140 93 0 255 0
P 141 93 0 255 0
P 142 93 0 255 0
P 143 93 0 255 0
P 144 93 0 255 0
P 145 93 0 255 0
P 146 93 0 255 0
P 147 93 255 0 0
P 148 93 255 0 0
P 149 93 255 0 0
P 150 93 255 0 0
P 151 93 255 0 0
P 152 93 255 0 0
P 153 93 255 0 0
P 154 93 255 0 0
P 155 93 255 0 0
P 156 93 255 0 0
P 157 93 255 0 0
P 158 93 255 0 0
P 159 93 255 0 0
P 160 93 255 0 0
P 161 93 255 0 0
P 162 93 255 0 0
P 163 93 255 0 0
P 164 93 255 0 0
P 165 93 255 0 0
P 166 93 255 0 0
P 167 93 255 0 0
P 168 93 255 0 0
P 169 93 255 0 0
P 170 93 255 0 0
P 171 93 255 0 0
P 172 93 255 0 0
P 173 93 255 0 0
P 174 93 255 0 0
P 175 93 255 0 0
P 176 93 255 0 0
P 177 93 255 0 0
P 178 93 255 0 0
P 179 93 255 0 0
P 180 93 255 0 0
P 181 93 255 0 0
P 182 93 255 0 0
P 183 93 255 0 0
P 184 93 255 0 0
P 185 93 255 0 0
P 186 93 255 0 0
P 187 93 255 0 0
P 188 93 255 0 0
P 189 93 255 0 0
P 190 93 255 0 0
P 191 93 255 0 0
P 192 93 255 0 0
P 193 93 255 0 0
P 194 93 255 0 0
P 195 93 255 0 0
P 196 93 255 0 0
P 197 93 255 0 0
P 198 93 255 0 0
P 199 93 255 0 0
P 200 93 255 0 0
P 201 93 255 0 0
P 202 93 255 0 0
P 203 93 255 0 0
P 204 93 255 0 0
P 205 93 255 0 0
P 206 93 255 0 0
P 207 93 255 0 0
P 208 93 255 0 0
P 209 93 255 0 0
P 210 93 255 0 0
P 211 93 255 0 0
P 212 93 255 0 0
P 213 93 255 0 0
P 214 93 255 0 0
P 215 93 255 0 0
P 216 93 255 0 0
P 217 93 255 0 0
P 218 93 255 0 0
P 219 93 255 0 0
P 220 93 255 0 0
P 221 93 255 0 0
P 222 93 255 0 0
P 223 93 255 0 0
P 224 93 255 0 0
P 225 93 255 0 0
P 226 93 255 0 0
P 227 93 255 0 0
P 228 93 255 0 0
P 229 93 255 0 0
P 230 93 255 0 0
P 231 93 255 0 0
P 232 93 255 0 0
P 233 93 255 0 0
P 234 93 255 0 0
P 235 93 255 0 0
P 236 93 255 0 0
P 237 93 255 0 0
P 238 93 255 0 0
P 239 93 255 0 0
P 102 94 0 255 0
P 103 94 0 255 0
P 104 94 0 255 0
P 105 94 0 255 0
P 106 94 0 255 0
P 107 94 0 255 0
P 108 94 0 255 0
P 109 94 0 255 0
P 110 94 0 255 0
P 111 94 0 255 0
P 112 94 0 255 0
P 113 94 0 255 0
P 114 94 0 255 0
P 115 94 0 255 0
P 116 94 0 255 0
P 117 94 0 255 0
P 118 94 0 255 0
P 119 94 0 255 0
P 120 94 0 255 0
P 121 94 0 255 0
P 122 94 0 255 0
P 123 94 0 255 0
P 124 94 0 255 0
P 125 94 0 255 0
P 126 94 0 255 0
P 127 94 0 255 0
P 128 94 0 255 0
P 129 94 0 255 0
P 130 94 0 255 0
P 131 94 0 255 0
P 132 94 0 255 0
P 133 94 0 255 0
P 134 94 0 255 0
P 135 94 0 255 0
P 136 94 0 255 0
P 137 94 0 255 0
P 138 94 0 255 0
P 139 94 0 255 0
P 140 94 0 255 0
P 141 94 0 255 0
P 142 94 0 255 0
P 143 94 0 255 0
P 144 94 0 255 0
P 145 94 0 255 0
P 146 94 0 255 0
P 147 94 255 0 0
P 148 94 255 0 0
P 149 94 255 0 0
P 150 94 255 0 0
P 151 94 255 0 0
P 152 94 255 0 0
P 153 94 255 0 0
P 154 94 255 0 0
P 155 94 255 0 0
P 156 94 255 0 0
P 157 94 255 0 0
P 158 94 255 0 0
P 159 94 255 0 0
P 160 94 255 0 0
P 161 94 255 0 0
P 162 94 255 0 0
P 163 94 255 0 0
P 164 94 255 0 0
P 165 94 255 0 0
P 166 94 255 0 0
P 167 94 255 0 0
P 168 94 255 0 0
P 169 94 255 0 0
P 170 94 255 0 0
P 171 94 255 0 0
P 172 94 255 0 0
P 173 94 255 0 0
P 174 94 255 0 0
P 175 94 255 0 0
P 176 94 255 0 0
P 177 94 255 0 0
P 178 94 255 0 0
P 179 94 255 0 0
P 180 94 255 0 0
P 181 94 255 0 0
P 182 94 255 0 0
P 183 94 255 0 0
P 184 94 255 0 0
P 185 94 255 0 0
P 186 94 255 0 0
P 187 94 255 0 0
P 188 94 255 0 0
P 189 94 255 0 0
P 190 94 255 0 0
P 191 94 255 0 0
P 192 94 255 0 0
P 193 94 255 0 0
P 194 94 255 0 0
P 195 94 255 0 0
P 196 94 255 0 0
P 197 94 255 0 0
P 198 94 255 0 0
P 199 94 255 0 0
P 200 94 255 0 0
P 201 94 255 0 0
P 202 94 255 0 0
P 203 94 255 0 0
P 204 94 255 0 0
P 205 94 255 0 0
P 206 94 255 0 0
P 207 94 255 0 0
P 208 94 255 0 0
P 209 94 255 0 0
P 210 94 255 0 0
P 211 94 255 0 0
P 212 94 255 0 0
P 213 94 255 0 0
P 214 94 255 0 0
P 215 94 255 0 0
P 216 94 255 0 0
P 217 94 255 0 0
P 218 94 255 0 0
P 219 94 255 0 0
P 220 94 255 0 0
P 221 94 255 0 0
P 222 94 255 0 0
P 223 94 255 0 0
P 224 94 255 0 0
P 225 94 255 0 0
P 226 94 255 0 0
P 227 94 255 0 0
P 228 94 255 0 0
P 229 94 255 0 0
P 230 94 255 0 0
P 231 94 255 0 0
P 232 94 255 0 0
P 233 94 255 0 0
P 234 94 255 0 0
P 235 94 255 0 0
P 236 94 255 0 0
P 237 94 255 0 0
P 238 94 255 0 0
P 99 95 0 255 0
P 100 95 0 255 0
P 101 95 0 255 0
P 102 95 0 255 0
P 103 95 0 255 0
P 104 95 0 255 0
P 105 95 0 255 0
P 106 95 0 255 0
P 107 95 0 255 0
P 108 95 0 255 0
P 109 95 0 255 0
P 110 95 0 255 0
P 111 95 0 255 0
P 112 95 0 255 0
P 113 95 0 255 0
P 114 95 0 255 0
P 115 95 0 255 0
P 116 95 0 255 0
P 117 95 0 255 0
P 118 95 0 255 0
P 119 95 0 255 0
P 120 95 0 255 0
P 121 95 0 255 0
P 122 95 0 255 0
P 123 95 0 255 0
P 124 95 0 255 0
P 125 95 0 255 0
P 126 95 0 255 0
P 127 95 0 255 0
P 128 95 0 255 0
P 129 95 0 255 0
P 130 95 0 255 0
P 131 95 0 255 0
P 132 95 0 255 0
P 133 95 0 255 0
P 134 95 0 255 0
P 135 95 0 255 0
P 136 95 0 255 0
P 137 95 0 255 0
P 138 95 0 255 0
P 139 95 0 255 0
P 140 95 0 255 0
P 141 95 0 255 0
P 142 95 0 255 0
P 143 95 0 255 0
P 144 95 0 255 0
P 145 95 0 255 0
P 146 95 0 255 0
P 147 95 255 0 0
P 148 95 255 0 0
P 149 95 255 0 0
P 150 95 255 0 0
P 151 95 255 0 0
P 152 95 255 0 0
P 153 95 255 0 0
P 154 95 255 0 0
P 155 95 255 0 0
P 156 95 255 0 0
P 157 95 255 0 0
P 158 95 255 0 0
P 159 95 255 0 0
P 160 95 255 0 0
P 161 95 255 0 0
P 162 95 255 0 0
P 163 95 255 0 0
P 164 95 255 0 0
P 165 95 255 0 0
P 166 95 255 0 0
P 167 95 255 0 0
P 168 95 255 0 0
P 169 95 255 0 0
P 170 95 255 0 0
P 171 95 255 0 0
P 172 95 255 0 0
P 173 95 255 0 0
P 174 95 255 0 0
P 175 95 255 0 0
P 176 95 255 0 0
P 177 95 255 0 0
P 178 95 255 0 0
P 179 95 255 0 0
P 180 95 255 0 0
P 181 95 255 0 0
P 182 95 255 0 0
P 183 95 255 0 0
P 184 95 255 0 0
P 185 95 255 0 0
P 186 95 255 0 0
P 187 95 255 0 0
P 188 95 255 0 0
P 189 95 255 0 0
P 190 95 255 0 0
P 191 95 255 0 0
P 192 95 255 0 0
P 193 95 255 0 0
P 194 95 255 0 0
P 195 95 255 0 0
P 196 95 255 0 0
P 197 95 255 0 0
P 198 95 255 0 0
P 199 95 255 0 0
P 200 95 255 0 0
P 201 95 255 0 0
P 202 95 255 0 0
P 203 95 255 0 0
P 204 95 255 0 0
P 205 95 255 0 0
P 206 95 255 0 0
P 207 95 255 0 0
P 208 95 255 0 0
P 209 95 255 0 0
P 210 95 255 0 0
P 211 95 255 0 0
P 212 95 255 0 0
P 213 95 255 0 0
P 214 95 255 0 0
P 215 95 255 0 0
P 216 95 255 0 0
P 217 95 255 0 0
P 218 95 255 0 0
P 219 95 255 0 0
P 220 95 255 0 0
P 221 95 255 0 0
P 222 95 255 0 0
P 223 95 255 0 0
P 224 95 255 0 0
P 225 95 255 0 0
P 226 95 255 0 0
P 227 95 255 0 0
P 228 95 255 0 0
P 229 95 255 0 0
P 230 95 255 0 0
P 231 95 255 0 0
P 232 95 255 0 0
P 233 95 255 0 0
P 234 95 255 0 0
P 235 95 255 0 0
P 236 95 255 0 0
P 237 95 255 0 0
P 97 96 0 255 0
P 98 96 0 255 0
P 99 96 0 255 0
P 100 96 0 255 0
P 101 96 0 255 0
P 102 96 0 255 0
P 103 96 0 255 0
P 104 96 0 255 0
P 105 96 0 255 0
P 106 96 0 255 0
P 107 96 0 255 0
P 108 96 0 255 0
P 109 96 0 255 0
P 110 96 0 255 0
P 111 96 0 255 0
P 112 96 0 255 0
P 113 96 0 255 0
P 114 96 0 255 0
P 115 96 0 255 0
P 116 96 0 255 0
P 117 96 0 255 0
P 118 96 0 255 0
P 119 96 0 255 0
P 120 96 0 255 0
P 121 96 0 255 0
P 122 96 0 255 0
P 123 96 0 255 0
P 124 96 0 255 0
P 125 96 0 255 0
P 126 96 0 255 0
P 127 96 0 255 0
P 128 96 0 255 0
P 129 96 0 255 0
P 130 96 0 255 0
P 131 96 0 255 0
P 132 96 0 255 0
P 133 96 0 255 0
P 134 96 0 255 0
P 135 96 0 255 0
P 136 96 0 255 0
P 137 96 0 255 0
P 138 96 0 255 0
P 139 96 0 255 0
P 140 96 0 255 0
P 141 96 0 255 0
P 142 96 0 255 0
P 143 96 0 255 0
P 144 96 0 255 0
P 145 96 0 255 0
P 146 96 0 255 0
P 147 96 255 0 0
P 148 96 255 0 0
P 149 96 255 0 0
P 150 96 255 0 0
P 151 96 255 0 0
P 152 96 255 0 0
P 153 96 255 0 0
P 154 96 255 0 0
P 155 96 255 0 0
P 156 96 255 0 0
P 157 96 255 0 0
P 158 96 255 0 0
P 159 96 255 0 0
P 160 96 255 0 0
P 161 96 255 0 0
P 162 96 255 0 0
P 163 96 255 0 0
P 164 96 255 0 0
P 165 96 255 0 0
P 166 96 255 0 0
P 167 96 255 0 0
P 168 96 255 0 0
P 169 96 255 0 0
P 170 96 255 0 0
P 171 96 255 0 0
P 172 96 255 0 0
P 173 96 255 0 0
P 174 96 255 0 0
P 175 96 255 0 0
P 176 96 255 0 0
P 177 96 255 0 0
P 178 96 255 0 0
P 179 96 255 0 0
P 180 96 255 0 0
P 181 96 255 0 0
P 182 96 255 0 0
P 183 96 255 0 0
P 184 96 255 0 0
P 185 96 255 0 0
P 186 96 255 0 0
P 187 96 255 0 0
P 188 96 255 0 0
P 189 96 255 0 0
P 190 96 255 0 0
P 191 96 255 0 0
P 192 96 255 0 0
P 193 96 255 0 0
P 194 96 255 0 0
P 195 96 255 0 0
P 196 96 255 0 0
P 197 96 255 0 0
P 198 96 255 0 0
P 199 96 255 0 0
P 200 96 255 0 0
P 201 96 255 0 0
P 202 96 255 0 0
P 203 96 255 0 0
P 204 96 255 0 0
P 205 96 255 0 0
P 206 96 255 0 0
P 207 96 255 0 0
P 208 96 255 0 0
P 209 96 255 0 0
P 210 96 255 0 0
P 211 96 255 0 0
P 212 96 255 0 0
P 213 96 255 0 0
P 214 96 255 0 0
P 215 96 255 0 0
P 216 96 255 0 0
P 217 96 255 0 0
P 218 96 255 0 0
P 219 96 255 0 0
P 220 96 255 0 0
P 221 96 255 0 0
P 222 96 255 0 0
P 223 96 255 0 0
P 224 96 255 0 0
P 225 96 255 0 0
P 226 96 255 0 0
P 227 96 255 0 0
P 228 96 255 0 0
P 229 96 255 0 0
P 230 96 255 0 0
P 231 96 255 0 0
P 232 96 255 0 0
P 233 96 255 0 0
P 234 96 255 0 0
P 235 96 255 0 0
P 236 96 255 0 0
P 95 97 0 255 0
P 96 97 0 255 0
P 97 97 0 255 0
P 98 97 0 255 0
P 99 97 0 255 0
P 100 97 0 255 0
P 101 97 0 255 0
P 102 97 0 255 0
P 103 97 0 255 0
P 104 97 0 255 0
P 105 97 0 255 0
P 106 97 0 255 0
P 107 97 0 255 0
P 108 97 0 255 0
P 109 97 0 255 0
P 110 97 0 255 0
P 111 97 0 255 0
P 112 97 0 255 0
P 113 97 0 255 0
P 114 97 0 255 0
P 115 97 0 255 0
P 116 97 0 255 0
P 117 97 0 255 0
P 118 97 0 255 0
P 119 97 0 255 0
P 120 97 0 255 0
P 121 97 0 255 0
P 122 97 0 255 0
P 123 97 0 255 0
P 124 97 0 255 0
P 125 97 0 255 0
P 126 97 0 255 0
P 127 97 0 255 0
P 128 97 0 255 0
P 129 97 0 255 0
P 130 97 0 255 0
P 131 97 0 255 0
P 132 97 0 255 0
P 133 97 0 255 0
P 134 97 0 255 0
P 135 97 0 255 0
P 136 97 0 255 0
P 137 97 0 255 0
P 138 97 0 255 0
P 139 97 0 255 0
P 140 97 0 255 0
P 141 97 0 255 0
P 142 97 0 255 0
P 143 97 0 255 0
P 144 97 0 255 0
P 145 97 0 255 0
P 146 97 0 255 0
P 147 97 255 0 0
P 148 97 255 0 0
P 149 97 255 0 0
P 150 97 255 0 0
P 151 97 255 0 0
P 152 97 255 0 0
P 153 97 255 0 0
P 154 97 255 0 0
P 155 97 255 0 0
P 156 97 255 0 0
P 157 97 255 0 0
P 158 97 255 0 0
P 159 97 255 0 0
P 160 97 255 0 0
P 161 97 255 0 0
P 162 97 255 0 0
P 163 97 255 0 0
P 164 97 255 0 0
P 165 97 255 0 0
P 166 97 255 0 0
P 167 97 255 0 0
P 168 97 255 0 0
P 169 97 255 0 0
P 170 97 255 0 0
P 171 97 255 0 0
P 172 97 255 0 0
P 173 97 255 0 0
P 174 97 255 0 0
P 175 97 255 0 0
P 176 97 255 0 0
P 177 97 255 0 0
P 178 97 255 0 0
P 179 97 255 0 0
P 180 97 255 0 0
P 181 97 255 0 0
P 182 97 255 0 0
P 183 97 255 0 0
P 184 97 255 0 0
P 185 97 255 0 0
P 186 97 255 0 0
P 187 97 255 0 0
P 188 97 255 0 0
P 189 97 255 0 0
P 190 97 255 0 0
P 191 97 255 0 0
P 192 97 255 0 0
P 193 97 255 0 0
P 194 97 255 0 0
P 195 97 255 0 0
P 196 97 255 0 0
P 197 97 255 0 0
P 198 97 255 0 0
P 199 97 255 0 0
P 200 97 255 0 0
P 201 97 255 0 0
P 202 97 255 0 0
P 203 97 255 0 0
P 204 97 255 0 0
P 205 97 255 0 0
P 206 97 255 0 0
P 207 97 255 0 0
P 208 97 255 0 0
P 209 97 255 0 0
P 210 97 255 0 0
P 211 97 255 0 0
P 212 97 255 0 0
P 213 97 255 0 0
P 214 97 255 0 0
P 215 97 255 0 0
P 216 97 255 0 0
P 217 97 255 0 0
P 218 97 255 0 0
P 219 97 255 0 0
P 220 97 255 0 0
P 221 97 255 0 0
P 222 97 255 0 0
P 223 97 255 0 0
P 224 97 255 0 0
P 225 97 255 0 0
P 226 97 255 0 0
P 227 97 255 0 0
P 228 97 255 0 0
P 229 97 255 0 0
P 230 97 255 0 0
P 231 97 255 0 0
P 232 97 255 0 0
P 233 97 255 0 0
P 234 97 255 0 0
P 93 98 0 255 0
P 94 98 0 255 0
P 95 98 0 255 0
P 96 98 0 255 0
P 97 98 0 255 0
P 98 98 0 255 0
P 99 98 0 255 0
P 100 98 0 255 0
P 101 98 0 255 0
P 102 98 0 255 0
P 103 98 0 255 0
P 104 98 0 255 0
P 105 98 0 255 0
P 106 98 0 255 0
P 107 98 0 255 0
P 108 98 0 255 0
P 109 98 0 255 0
P 110 98 0 255 0
P 111 98 0 255 0
P 112 98 0 255 0
P 113 98 0 255 0
P 114 98 0 255 0
P 115 98 0 255 0
P 116 98 0 255 0
P 117 98 0 255 0
P 118 98 0 255 0
P 119 98 0 255 0
P 120 98 0 255 0
P 121 98 0 255 0
P 122 98 0 255 0
P 123 98 0 255 0
P 124 98 0 255 0
P 125 98 0 255 0
P 126 98 0 255 0
P 127 98 0 255 0
P 128 98 0 255 0
P 129 98 0 255 0
P 130 98 0 255 0
P 131 98 0 255 0
P 132 98 0 255 0
P 133 98 0 255 0
P 134 98 0 255 0
P 135 98 0 255 0
P 136 98 0 255 0
P 137 98 0 255 0
P 138 98 0 255 0
P 139 98 0 255 0
P 140 98 0 255 0
P 141 98 0 255 0
P 142 98 0 255 0
P 143 98 0 255 0
P 144 98 0 255 0
P 145 98 0 255 0
P 146 98 0 255 0
P 147 98 255 0 0
P 148 98 255 0 0
P 149 98 255 0 0
P 150 98 255 0 0
P 151 98 255 0 0
P 152 98 255 0 0
P 153 98 255 0 0
P 154 98 255 0 0
P 155 98 255 0 0
P 156 98 255 0 0
P 157 98 255 0 0
P 158 98 255 0 0
P 159 98 255 0 0
P 160 98 255 0 0
P 161 98 255 0 0
P 162 98 255 0 0
P 163 98 255 0 0
P 164 98 255 0 0
P 165 98 255 0 0
P 166 98 255 0 0
P 167 98 255 0 0
P 168 98 255 0 0
P 169 98 255 0 0
P 170 98 255 0 0
P 171 98 255 0 0
P 172 98 255 0 0
P 173 98 255 0 0
P 174 98 255 0 0
P 175 98 255 0 0
P 176 98 255 0 0
P 177 98 255 0 0
P 178 98 255 0 0
P 179 98 255 0 0
P 180 98 255 0 0
P 181 98 255 0 0
P 182 98 255 0 0
P 183 98 255 0 0
P 184 98 255 0 0
P 185 98 255 0 0
P 186 98 255 0 0
P 187 98 255 0 0
P 188 98 255 0 0
P 189 98 255 0 0
P 190 98 255 0 0
P 191 98 255 0 0
P 192 98 255 0 0
P 193 98 255 0 0
P 194 98 255 0 0
P 195 98 255 0 0
P 196 98 255 0 0
P 197 98 255 0 0
P 198 98 255 0 0
P 199 98 255 0 0
P 200 98 255 0 0
P 201 98 255 0 0
P 202 98 255 0 0
P 203 98 255 0 0
P 204 98 255 0 0
P 205 98 255 0 0
P 206 98 255 0 0
P 207 98 255 0 0
P 208 98 255 0 0
P 209 98 255 0 0
P 210 98 255 0 0
P 211 98 255 0 0
P 212 98 255 0 0
P 213 98 255 0 0
P 214 98 255 0 0
P 215 98 255 0 0
P 216 98 255 0 0
P 217 98 255 0 0
P 218 98 255 0 0
P 219 98 255 0 0
P 220 98 255 0 0
P 221 98 255 0 0
P 222 98 255 0 0
P 223 98 255 0 0
P 224 98 255 0 0
P 225 98 255 0 0
P 226 98 255 0 0
P 227 98 255 0 0
P 228 98 255 0 0
P 229 98 255 0 0
P 230 98 255 0 0
P 231 98 255 0 0
P 232 98 255 0 0
P 233 98 255 0 0
P 91 99 0 255 0
P 92 99 0 255 0
P 93 99 0 255 0
P 94 99 0 255 0
P 95 99 0 255 0
P 96 99 0 255 0
P 97 99 0 255 0
P 98 99 0 255 0
P 99 99 0 255 0
P 100 99 0 255 0
P 101 99 0 255 0
P 102 99 0 255 0
P 103 99 0 255 0
P 104 99 0 255 0
P 105 99 0 255 0
P 106 99 0 255 0
P 107 99 0 255 0
P 108 99 0 255 0
P 109 99 0 255 0
P 110 99 0 255 0
P 111 99 0 255 0
P 112 99 0 255 0
P 113 99 0 255 0
P 114 99 0 255 0
P 115 99 0 255 0
P 116 99 0 255 0
P 117 99 0 255 0
P 118 99 0 255 0
P 119 99 0 255 0
P 120 99 0 255 0
P 121 99 0 255 0
P 122 99 0 255 0
P 123 99 0 255 0
P 124 99 0 255 0
P 125 99 0 255 0
P 126 99 0 255 0
P 127 99 0 255 0
P 128 99 0 255 0
P 129 99 0 255 0
P 130 99 0 255 0
P 131 99 0 255 0
P 132 99 0 255 0
P 133 99 0 255 0
P 134 99 0 255 0
P 135 99 0 255 0
P 136 99 0 255 0
P 137 99 0 255 0
P 138 99 0 255 0
P 139 99 0 255 0
P 140 99 0 255 0
P 141 99 0 255 0
P 142 99 0 255 0
P 143 99 0 255 0
P 144 99 0 255 0
P 145 99 0 255 0
P 146 99 0 255 0
P 147 99 255 0 0
P 148 99 255 0 0
P 149 99 255 0 0
P 150 99 255 0 0
P 151 99 255 0 0
P 152 99 255 0 0
P 153 99 255 0 0
P 154 99 255 0 0
P 155 99 255 0 0
P 156 99 255 0 0
P 157 99 255 0 0
P 158 99 255 0 0
P 159 99 255 0 0
P 160 99 255 0 0
P 161 99 255 0 0
P 162 99 255 0 0
P 163 99 255 0 0
P 164 99 255 0 0
P 165 99 255 0 0
P 166 99 255 0 0
P 167 99 255 0 0
P 168 99 255 0 0
P 169 99 255 0 0
P 170 99 255 0 0
P 171 99 255 0 0
P 172 99 255 0 0
P 173 99 255 0 0
P 174 99 255 0 0
P 175 99 255 0 0
P 176 99 255 0 0
P 177 99 255 0 0
P 178 99 255 0 0
P 179 99 255 0 0
P 180 99 255 0 0
P 181 99 255 0 0
P 182 99 255 0 0
P 183 99 255 0 0
P 184 99 255 0 0
P 185 99 255 0 0
P 186 99 255 0 0
P 187 99 255 0 0
P 188 99 255 0 0
P 189 99 255 0 0
P 190 99 255 0 0
P 191 99 255 0 0
P 192 99 255 0 0
P 193 99 255 0 0
P 194 99 255 0 0
P 195 99 255 0 0
P 196 99 255 0 0
P 197 99 255 0 0
P 198 99 255 0 0
P 199 99 255 0 0
P 200 99 255 0 0
P 201 99 255 0 0
P 202 99 255 0 0
P 203 99 255 0 0
P 204 99 255 0 0
P 205 99 255 0 0
P 206 99 255 0 0
P 207 99 255 0 0
P 208 99 255 0 0
P 209 99 255 0 0
P 210 99 255 0 0
P 211 99 255 0 0
P 212 99 255 0 0
P 213 99 255 0 0
P 214 99 255 0 0
P 215 99 255 0 0
P 216 99 255 0 0
P 217 99 255 0 0
P 218 99 255 0 0
P 219 99 255 0 0
P 220 99 255 0 0
P 221 99 255 0 0
P 222 99 255 0 0
P 223 99 255 0 0
P 224 99 255 0 0
P 225 99 255 0 0
P 226 99 255 0 0
P 227 99 255 0 0
P 228 99 255 0 0
P 229 99 255 0 0
P 230 99 255 0 0
P 231 99 255 0 0
P 232 99 255 0 0
P 89 100 0 255 0
P 90 100 0 255 0
P 91 100 0 255 0
P 92 100 0 255 0
P 93 100 0 255 0
P 94 100 0 255 0
P 95 100 0 255 0
P 96 100 0 255 0
P 97 100 0 255 0
P 98 100 0 255 0
P 99 100 0 255 0
P 100 100 0 255 0
P 101 100 0 255 0
P 102 100 0 255 0
P 103 100 0 255 0
P 104 100 0 255 0
P 105 100 0 255 0
P 106 100 0 255 0
P 107 100 0 255 0
P 108 100 0 255 0
P 109 100 0 255 0
P 110 100 0 255 0
P 111 100 0 255 0
P 112 100 0 255 0
P 113 100 0 255 0
P 114 100 0 255 0
P 115 100 0 255 0
P 116 100 0 255 0
P 117 100 0 255 0
P 118 100 0 255 0
P 119 100 0 255 0
P 120 100 0 255 0
P 121 100 0 255 0
P 122 100 0 255 0
P 123 100 0 255 0
P 124 100 0 255 0
P 125 100 0 255 0
P 126 100 0 255 0
P 127 100 0 255 0
P 128 100 0 255 0
P 129 100 0 255 0
P 130 100 0 255 0
P 131 100 0 255 0
P 132 100 0 255 0
P 133 100 0 255 0
P 134 100 0 255 0
P 135 100 0 255 0
P 136 100 0 255 0
P 137 100 0 255 0
P 138 100 0 255 0
P 139 100 0 255 0
P 140 100 0 255 0
P 141 100 0 255 0
P 142 100 0 255 0
P 143 100 0 255 0
P 144 100 0 255 0
P 145 100 0 255 0
P 146 100 0 255 0
P 147 100 255 0 0
P 148 100 255 0 0
P 149 100 255 0 0
P 150 100 255 0 0
P 151 100 255 0 0
P 152 100 255 0 0
P 153 100 255 0 0
P 154 100 255 0 0
P 155 100 255 0 0
P 156 100 255 0 0
P 157 100 255 0 0
P 158 100 255 0 0
P 159 100 255 0 0
P 160 100 255 0 0
P 161 100 255 0 0
P 162 100 255 0 0
P 163 100 255 0 0
P 164 100 255 0 0
P 165 100 255 0 0
P 166 100 255 0 0
P 167 100 255 0 0
P 168 100 255 0 0
P 169 100 255 0 0
P 170 100 255 0 0
P 171 100 255 0 0
P 172 100 255 0 0
P 173 100 255 0 0
P 174 100 255 0 0
P 175 100 255 0 0
P 176 100 255 0 0
P 177 100 255 0 0
P 178 100 255 0 0
P 179 100 255 0 0
P 180 100 255 0 0
P 181 100 255 0 0
P 182 100 255 0 0
P 183 100 255 0 0
P 184 100 255 0 0
P 185 100 255 0 0
P 186 100 255 0 0
P 187 100 255 0 0
P 188 100 255 0 0
P 189 100 255 0 0
P 190 100 255 0 0
P 191 100 255 0 0
P 192 100 255 0 0
P 193 100 255 0 0
P 194 100 255 0 0
P 195 100 255 0 0
P 196 100 255 0 0
P 197 100 255 0 0
P 198 100 255 0 0
P 199 100 255 0 0
P 200 100 255 0 0
P 201 100 255 0 0
P 202 100 255 0 0
P 203 100 255 0 0
P 204 100 255 0 0
P 205 100 255 0 0
P 206 100 255 0 0
P 207 100 255 0 0
P 208 100 255 0 0
P 209 100 255 0 0
P 210 100 255 0 0
P 211 100 255 0 0
P 212 100 255 0 0
P 213 100 255 0 0
P 214 100 255 0 0
P 215 100 255 0 0
P 216 100 255 0 0
P 217 100 255 0 0
P 218 100 255 0 0
P 219 100 255 0 0
P 220 100 255 0 0
P 221 100 255 0 0
P 222 100 255 0 0
P 223 100 255 0 0
P 224 100 255 0 0
P 225 100 255 0 0
P 226 100 255 0 0
P 227 100 255 0 0
P 228 100 255 0 0
P 229 100 255 0 0
P 230 100 255 0 0
P 231 100 255 0 0
P 87 101 0 255 0
P 88 101 0 255 0
P 89 101 0 255 0
P 90 101 0 255 0
P 91 101 0 255 0
P 92 101 0 255 0
P 93 101 0 255 0
P 94 101 0 255 0
P 95 101 0 255 0
P 96 101 0 255 0
P 97 101 0 255 0
P 98 101 0 255 0
P 99 101 0 255 0
P 100 101 0 255 0
P 101 101 0 255 0
P 102 101 0 255 0
P 103 101 0 255 0
P 104 101 0 255 0
P 105 101 0 255 0
P 106 101 0 255 0
P 107 101 0 255 0
P 108 101 0 255 0
P 109 101 0 255 0
P 110 101 0 255 0
P 111 101 0 255 0
P 112 101 0 255 0
P 113 101 0 255 0
P 114 101 0 255 0
P 115 101 0 255 0
P 116 101 0 255 0
P 117 101 0 255 0
P 118 101 0 255 0
P 119 101 0 255 0
P 120 101 0 255 0
P 121 101 0 255 0
P 122 101 0 255 0
P 123 101 0 255 0
P 124 101 0 255 0
P 125 101 0 255 0
P 126 101 0 255 0
P 127 101 0 255 0
P 128 101 0 255 0
P 129 101 0 255 0
P 130 101 0 255 0
P 131 101 0 255 0
P 132 101 0 255 0
P 133 101 0 255 0
P 134 101 0 255 0
P 135 101 0 255 0
P 136 101 0 255 0
P 137 101 0 255 0
P 138 101 0 255 0
P 139 101 0 255 0
P 140 101 0 255 0
P 141 101 0 255 0
P 142 101 0 255 0
P 143 101 0 255 0
P 144 101 0 255 0
P 145 101 0 255 0
P 146 101 0 255 0
P 147 101 255 0 0
P 148 101 255 0 0
P 149 101 255 0 0
P 150 101 255 0 0
P 151 101 255 0 0
P 152 101 255 0 0
P 153 101 255 0 0
P 154 101 255 0 0
P 155 101 255 0 0
P 156 101 255 0 0
P 157 101 255 0 0
P 158 101 255 0 0
P 159 101 255 0 0
P 160 101 255 0 0
P 161 101 255 0 0
P 162 101 255 0 0
P 163 101 255 0 0
P 164 101 255 0 0
P 165 101 255 0 0
P 166 101 255 0 0
P 167 101 255 0 0
P 168 101 255 0 0
P 169 101 255 0 0
P 170 101 255 0 0
P 171 101 255 0 0
P 172 101 255 0 0
P 173 101 255 0 0
P 174 101 255 0 0
P 175 101 255 0 0
P 176 101 255 0 0
P 177 101 255 0 0
P 178 101 255 0 0
P 179 101 255 0 0
P 180 101 255 0 0
P 181 101 255 0 0
P 182 101 255 0 0
P 183 101 255 0 0
P 184 101 255 0 0
P 185 101 255 0 0
P 186 101 255 0 0
P 187 101 255 0 0
P 188 101 255 0 0
P 189 101 255 0 0
P 190 101 255 0 0
P 191 101 255 0 0
P 192 101 255 0 0
P 193 101 255 0 0
P 194 101 255 0 0
P 195 101 255 0 0
P 196 101 255 0 0
P 197 101 255 0 0
P 198 101 255 0 0
P 199 101 255 0 0
P 200 101 255 0 0
P 201 101 255 0 0
P 202 101 255 0 0
P 203 101 255 0 0
P 204 101 255 0 0
P 205 101 255 0 0
P 206 101 255 0 0
P 207 101 255 0 0
P 208 101 255 0 0
P 209 101 255 0 0
P 210 101 255 0 0
P 211 101 255 0 0
P 212 101 255 0 0
P 213 101 255 0 0
P 214 101 255 0 0
P 215 101 255 0 0
P 216 101 255 0 0
P 217 101 255 0 0
P 218 101 255 0 0
P 219 101 255 0 0
P 220 101 255 0 0
P 221 101 255 0 0
P 222 101 255 0 0
P 223 101 255 0 0
P 224 101 255 0 0
P 225 101 255 0 0
P 226 101 255 0 0
P 227 101 255 0 0
P 228 101 255 0 0
P 229 101 255 0 0
P 85 102 0 255 0
P 86 102 0 255 0
P 87 102 0 255 0
P 88 102 0 255 0
P 89 102 0 255 0
P 90 102 0 255 0
P 91 102 0 255 0
P 92 102 0 255 0
P 93 102 0 255 0
P 94 102 0 255 0
P 95 102 0 255 0
P 96 102 0 255 0
P 97 102 0 255 0
P 98 102 0 255 0
P 99 102 0 255 0
P 100 102 0 255 0
P 101 102 0 255 0
P 102 102 0 255 0
P 103 102 0 255 0
P 104 102 0 255 0
P 105 102 0 255 0
P 106 102 0 255 0
P 107 102 0 255 0
P 108 102 0 255 0
P 109 102 0 255 0
P 110 102 0 255 0
P 111 102 0 255 0
P 112 102 0 255 0
P 113 102 0 255 0
P 114 102 0 255 0
P 115 102 0 255 0
P 116 102 0 255 0
P 117 102 0 255 0
P 118 102 0 255 0
P 119 102 0 255 0
P 120 102 0 255 0
P 121 102 0 255 0
P 122 102 0 255 0
P 123 102 0 255 0
P 124 102 0 255 0
P 125 102 0 255 0
P 126 102 0 255 0
P 127 102 0 255 0
P 128 102 0 255 0
P 129 102 0 255 0
P 130 102 0 255 0
P 131 102 0 255 0
P 132 102 0 255 0
P 133 102 0 255 0
P 134 102 0 255 0
P 135 102 0 255 0
P 136 102 0 255 0
P 137 102 0 255 0
P 138 102 0 255 0
P 139 102 0 255 0
P 140 102 0 255 0
P 141 102 0 255 0
P 142 102 0 255 0
P 143 102 0 255 0
P 144 102 0 255 0
P 145 102 0 255 0
P 146 102 0 255 0
P 147 102 255 0 0
P 148 102 255 0 0
P 149 102 255 0 0
P 150 102 255 0 0
P 151 102 255 0 0
P 152 102 255 0 0
P 153 102 255 0 0
P 154 102 255 0 0
P 155 102 255 0 0
P 156 102 255 0 0
P 157 102 255 0 0
P 158 102 255 0 0
P 159 102 255 0 0
P 160 102 255 0 0
P 161 102 255 0 0
P 162 102 255 0 0
P 163 102 255 0 0
P 164 102 255 0 0
P 165 102 255 0 0
P 166 102 255 0 0
P 167 102 255 0 0
P 168 102 255 0 0
P 169 102 255 0 0
P 170 102 255 0 0
P 171 102 255 0 0
P 172 102 255 0 0
P 173 102 255 0 0
P 174 102 255 0 0
P 175 102 255 0 0
P 176 102 255 0 0
P 177 102 255 0 0
P 178 102 255 0 0
P 179 102 255 0 0
P 180 102 255 0 0
P 181 102 255 0 0
P 182 102 255 0 0
P 183 102 255 0 0
P 184 102 255 0 0
P 185 102 255 0 0
P 186 102 255 0 0
P 187 102 255 0 0
P 188 102 255 0 0
P 189 102 255 0 0
P 190 102 255 0 0
P 191 102 255 0 0
P 192 102 255 0 0
P 193 102 255 0 0
P 194 102 255 0 0
P 195 102 255 0 0
P 196 102 255 0 0
P 197 102 255 0 0
P 198 102 255 0 0
P 199 102 255 0 0
P 200 102 255 0 0
P 201 102 255 0 0
P 202 102 255 0 0
P 203 102 255 0 0
P 204 102 255 0 0
P 205 102 255 0 0
P 206 102 255 0 0
P 207 102 255 0 0
P 208 102 255 0 0
P 209 102 255 0 0
P 210 102 255 0 0
P 211 102 255 0 0
P 212 102 255 0 0
P 213 102 255 0 0
P 214 102 255 0 0
P 215 102 255 0 0
P 216 102 255 0 0
P 217 102 255 0 0
P 218 102 255 0 0
P 219 102 255 0 0
P 220 102 255 0 0
P 221 102 255 0 0
P 222 102 255 0 0
P 223 102 255 0 0
P 224 102 255 0 0
P 225 102 255 0 0
P 226 102 255 0 0
P 227 102 255 0 0
P 228 102 255 0 0
P 83 103 0 255 0
P 84 103 0 255 0
P 85 103 0 255 0
P 86 103 0 255 0
P 87 103 0 255 0
P 88 103 0 255 0
P 89 103 0 255 0
P 90 103 0 255 0
P 91 103 0 255 0
P 92 103 0 255 0
P 93 103 0 255 0
P 94 103 0 255 0
P 95 103 0 255 0
P 96 103 0 255 0
P 97 103 0 255 0
P 98 103 0 255 0
P 99 103 0 255 0
P 100 103 0 255 0
P 101 103 0 255 0
P 102 103 0 255 0
P 103 103 0 255 0
P 104 103 0 255 0
P 105 103 0 255 0
P 106 103 0 255 0
P 107 103 0 255 0
P 108 103 0 255 0
P 109 103 0 255 0
P 110 103 0 255 0
P 111 103 0 255 0
P 112 103 0 255 0
P 113 103 0 255 0
P 114 103 0 255 0
P 115 103 0 255 0
P 116 103 0 255 0
P 117 103 0 255 0
P 118 103 0 255 0
P 119 103 0 255 0
P 120 103 0 255 0
P 121 103 0 255 0
P 122 103 0 255 0
P 123 103 0 255 0
P 124 103 0 255 0
P 125 103 0 255 0
P 126 103 0 255 0
P 127 103 0 255 0
P 128 103 0 255 0
P 129 103 0 255 0
P 130 103 0 255 0
P 131 103 0 255 0
P 132 103 0 255 0
P 133 103 0 255 0
P 134 103 0 255 0
P 135 103 0 255 0
P 136 103 0 255 0
P 137 103 0 255 0
P 138 103 0 255 0
P 139 103 0 255 0
P 140 103 0 255 0
P 141 103 0 255 0
P 142 103 0 255 0
P 143 103 0 255 0
P 144 103 0 255 0
P 145 103 0 255 0
P 146 103 0 255 0
P 147 103 255 0 0
P 148 103 255 0 0
P 149 103 255 0 0
P 150 103 255 0 0
P 151 103 255 0 0
P 152 103 255 0 0
P 153 103 255 0 0
P 154 103 255 0 0
P 155 103 255 0 0
P 156 103 255 0 0
P 157 103 255 0 0
P 158 103 255 0 0
P 159 103 255 0 0
P 160 103 255 0 0
P 161 103 255 0 0
P 162 103 255 0 0
P 163 103 255 0 0
P 164 103 255 0 0
P 165 103 255 0 0
P 166 103 255 0 0
P 167 103 255 0 0
P 168 103 255 0 0
P 169 103 255 0 0
P 170 103 255 0 0
P 171 103 255 0 0
P 172 103 255 0 0
P 173 103 255 0 0
P 174 103 255 0 0
P 175 103 255 0 0
P 176 103 255 0 0
P 177 103 255 0 0
P 178 103 255 0 0
P 179 103 255 0 0
P 180 103 255 0 0
P 181 103 255 0 0
P 182 103 255 0 0
P 183 103 255 0 0
P 184 103 255 0 0
P 185 103 255 0 0
P 186 103 255 0 0
P 187 103 255 0 0
P 188 103 255 0 0
P 189 103 255 0 0
P 190 103 255 0 0
P 191 103 255 0 0
P 192 103 255 0 0
P 193 103 255 0 0
P 194 103 255 0 0
P 195 103 255 0 0
P 196 103 255 0 0
P 197 103 255 0 0
P 198 103 255 0 0
P 199 103 255 0 0
P 200 103 255 0 0
P 201 103 255 0 0
P 202 103 255 0 0
P 203 103 255 0 0
P 204 103 255 0 0
P 205 103 255 0 0
P 206 103 255 0 0
P 207 103 255 0 0
P 208 103 255 0 0
P 209 103 255 0 0
P 210 103 255 0 0
P 211 103 255 0 0
P 212 103 255 0 0
P 213 103 255 0 0
P 214 103 255 0 0
P 215 103 255 0 0
P 216 103 255 0 0
P 217 103 255 0 0
P 218 103 255 0 0
P 219 103 255 0 0
P 220 103 255 0 0
P 221 103 255 0 0
P 222 103 255 0 0
P 223 103 255 0 0
P 224 103 255 0 0
P 225 103 255 0 0
P 226 103 255 0 0
P 227 103 255 0 0
P 81 104 0 255 0
P 82 104 0 255 0
P 83 104 0 255 0
P 84 104 0 255 0
P 85 104 0 255 0
P 86 104 0 255 0
P 87 104 0 255 0
P 88 104 0 255 0
P 89 104 0 255 0
P 90 104 0 255 0
P 91 104 0 255 0
P 92 104 0 255 0
P 93 104 0 255 0
P 94 104 0 255 0
P 95 104 0 255 0
P 96 104 0 255 0
P 97 104 0 255 0
P 98 104 0 255 0
P 99 104 0 255 0
P 100 104 0 255 0
P 101 104 0 255 0
P 102 104 0 255 0
P 103 104 0 255 0
P 104 104 0 255 0
P 105 104 0 255 0
P 106 104 0 255 0
P 107 104 0 255 0
P 108 104 0 255 0
P 109 104 0 255 0
P 110 104 0 255 0
P 111 104 0 255 0
P 112 104 0 255 0
P 113 104 0 255 0
P 114 104 0 255 0
P 115 104 0 255 0
P 116 104 0 255 0
P 117 104 0 255 0
P 118 104 0 255 0
P 119 104 0 255 0
P 120 104 0 255 0
P 121 104 0 255 0
P 122 104 0 255 0
P 123 104 0 255 0
P 124 104 0 255 0
P 125 104 0 255 0
P 126 104 0 255 0
P 127 104 0 255 0
P 128 104 0 255 0
P 129 104 0 255 0
P 130 104 0 255 0
P 131 104 0 255 0
P 132 104 0 255 0
P 133 104 0 255 0
P 134 104 0 255 0
P 135 104 0 255 0
P 136 104 0 255 0
P 137 104 0 255 0
P 138 104 0 255 0
P 139 104 0 255 0
P 140 104 0 255 0
P 141 104 0 255 0
P 142 104 0 255 0
P 143 104 0 255 0
P 144 104 0 255 0
P 145 104 0 255 0
P 146 104 0 255 0
P 147 104 255 0 0
P 148 104 255 0 0
P 149 104 255 0 0
P 150 104 255 0 0
P 151 104 255 0 0
P 152 104 255 0 0
P 153 104 255 0 0
P 154 104 255 0 0
P 155 104 255 0 0
P 156 104 255 0 0
P 157 104 255 0 0
P 158 104 255 0 0
P 159 104 255 0 0
P 160 104 255 0 0
P 161 104 255 0 0
P 162 104 255 0 0
P 163 104 255 0 0
P 164 104 255 0 0
P 165 104 255 0 0
P 166 104 255 0 0
P 167 104 255 0 0
P 168 104 255 0 0
P 169 104 255 0 0
P 170 104 255 0 0
P 171 104 255 0 0
P 172 104 255 0 0
P 173 104 255 0 0
P 174 104 255 0 0
P 175 104 255 0 0
P 176 104 255 0 0
P 177 104 255 0 0
P 178 104 255 0 0
P 179 104 255 0 0
P 180 104 255 0 0
P 181 104 255 0 0
P 182 104 255 0 0
P 183 104 255 0 0
P 184 104 255 0 0
P 185 104 255 0 0
P 186 104 255 0 0
P 187 104 255 0 0
P 188 104 255 0 0
P 189 104 255 0 0
P 190 104 255 0 0
P 191 104 255 0 0
P 192 104 255 0 0
P 193 104 255 0 0
P 194 104 255 0 0
P 195 104 255 0 0
P 196 104 255 0 0
P 197 104 255 0 0
P 198 104 255 0 0
P 199 104 255 0 0
P 200 104 255 0 0
P 201 104 255 0 0
P 202 104 255 0 0
P 203 104 255 0 0
P 204 104 255 0 0
P 205 104 255 0 0
P 206 104 255 0 0
P 207 104 255 0 0
P 208 104 255 0 0
P 209 104 255 0 0
P 210 104 255 0 0
P 211 104 255 0 0
P 212 104 255 0 0
P 213 104 255 0 0
P 214 104 255 0 0
P 215 104 255 0 0
P 216 104 255 0 0
P 217 104 255 0 0
P 218 104 255 0 0
P 219 104 255 0 0
P 220 104 255 0 0
P 221 104 255 0 0
P 222 104 255 0 0
P 223 104 255 0 0
P 224 104 255 0 0
P 225 104 255 0 0
P 226 104 255 0 0
P 79 105 0 255 0
P 80 105 0 255 0
P 81 105 0 255 0
P 82 105 0 255 0
P 83 105 0 255 0
P 84 105 0 255 0
P 85 105 0 255 0
P 86 105 0 255 0
P 87 105 0 255 0
P 88 105 0 255 0
P 89 105 0 255 0
P 90 105 0 255 0
P 91 105 0 255 0
P 92 105 0 255 0
P 93 105 0 255 0
P 94 105 0 255 0
P 95 105 0 255 0
P 96 105 0 255 0
P 97 105 0 255 0
P 98 105 0 255 0
P 99 105 0 255 0
P 100 105 0 255 0
P 101 105 0 255 0
P 102 105 0 255 0
P 103 105 0 255 0
P 104 105 0 255 0
P 105 105 0 255 0
P 106 105 0 255 0
P 107 105 0 255 0
P 108 105 0 255 0
P 109 105 0 255 0
P 110 105 0 255 0
P 111 105 0 255 0
P 112 105 0 255 0
P 113 105 0 255 0
P 114 105 0 255 0
P 115 105 0 255 0
P 116 105 0 255 0
P 117 105 0 255 0
P 118 105 0 255 0
P 119 105 0 255 0
P 120 105 0 255 0
P 121 105 0 255 0
P 122 105 0 255 0
P 123 105 0 255 0
P 124 105 0 255 0
P 125 105 0 255 0
P 126 105 0 255 0
P 127 105 0 255 0
P 128 105 0 255 0
P 129 105 0 255 0
P 130 105 0 255 0
P 131 105 0 255 0
P 132 105 0 255 0
P 133 105 0 255 0
P 134 105 0 255 0
P 135 105 0 255 0
P 136 105 0 255 0
P 137 105 0 255 0
P 138 105 0 255 0
P 139 105 0 255 0
P 140 105 0 255 0
P 141 105 0 255 0
P 142 105 0 255 0
P 143 105 0 255 0
P 144 105 0 255 0
P 145 105 0 255 0
P 146 105 0 255 0
P 147 105 255 0 0
P 148 105 255 0 0
P 149 105 255 0 0
P 150 105 255 0 0
P 151 105 255 0 0
P 152 105 255 0 0
P 153 105 255 0 0
P 154 105 255 0 0
P 155 105 255 0 0
P 156 105 255 0 0
P 157 105 255 0 0
P 158 105 255 0 0
P 159 105 255 0 0
P 160 105 255 0 0
P 161 105 255 0 0
P 162 105 255 0 0
P 163 105 255 0 0
P 164 105 255 0 0
P 165 105 255 0 0
P 166 105 255 0 0
P 167 105 255 0 0
P 168 105 255 0 0
P 169 105 255 0 0
P 170 105 255 0 0
P 171 105 255 0 0
P 172 105 255 0 0
P 173 105 255 0 0
P 174 105 255 0 0
P 175 105 255 0 0
P 176 105 255 0 0
P 177 105 255 0 0
P 178 105 255 0 0
P 179 105 255 0 0
P 180 105 255 0 0
P 181 105 255 0 0
P 182 105 255 0 0
P 183 105 255 0 0
P 184 105 255 0 0
P 185 105 255 0 0
P 186 105 255 0 0
P 187 105 255 0 0
P 188 105 255 0 0
P 189 105 255 0 0
P 190 105 255 0 0
P 191 105 255 0 0
P 192 105 255 0 0
P 193 105 255 0 0
P 194 105 255 0 0
P 195 105 255 0 0
P 196 105 255 0 0
P 197 105 255 0 0
P 198 105 255 0 0
P 199 105 255 0 0
P 200 105 255 0 0
P 201 105 255 0 0
P 202 105 255 0 0
P 203 105 255 0 0
P 204 105 255 0 0
P 205 105 255 0 0
P 206 105 255 0 0
P 207 105 255 0 0
P 208 105 255 0 0
P 209 105 255 0 0
P 210 105 255 0 0
P 211 105 255 0 0
P 212 105 255 0 0
P 213 105 255 0 0
P 214 105 255 0 0
P 215 105 255 0 0
P 216 105 255 0 0
P 217 105 255 0 0
P 218 105 255 0 0
P 219 105 255 0 0
P 220 105 255 0 0
P 221 105 255 0 0
P 222 105 255 0 0
P 223 105 255 0 0
P 224 105 255 0 0
P 225 105 255 0 0
P 77 106 0 255 0
P 78 106 0 255 0
P 79 106 0 255 0
P 80 106 0 255 0
P 81 106 0 255 0
P 82 106 0 255 0
P 83 106 0 255 0
P 84 106 0 255 0
P 85 106 0 255 0
P 86 106 0 255 0
P 87 106 0 255 0
P 88 106 0 255 0
P 89 106 0 255 0
P 90 106 0 255 0
P 91 106 0 255 0
P 92 106 0 255 0
P 93 106 0 255 0
P 94 106 0 255 0
P 95 106 0 255 0
P 96 106 0 255 0
P 97 106 0 255 0
P 98 106 0 255 0
P 99 106 0 255 0
P 100 106 0 255 0
P 101 106 0 255 0
P 102 106 0 255 0
P 103 106 0 255 0
P 104 106 0 255 0
P 105 106 0 255 0
P 106 106 0 255 0
P 107 106 0 255 0
P 108 106 0 255 0
P 109 106 0 255 0
P 110 106 0 255 0
P 111 106 0 255 0
P 112 106 0 255 0
P 113 106 0 255 0
P 114 106 0 255 0
P 115 106 0 255 0
P 116 106 0 255 0
P 117 106 0 255 0
P 118 106 0 255 0
P 119 106 0 255 0
P 120 106 0 255 0
P 121 106 0 255 0
P 122 106 0 255 0
P 123 106 0 255 0
P 124 106 0 255 0
P 125 106 0 255 0
P 126 106 0 255 0
P 127 106 0 255 0
P 128 106 0 255 0
P 129 106 0 255 0
P 130 106 0 255 0
P 131 106 0 255 0
P 132 106 0 255 0
P 133 106 0 255 0
P 134 106 0 255 0
P 135 106 0 255 0
P 136 106 0 255 0
P 137 106 0 255 0
P 138 106 0 255 0
P 139 106 0 255 0
P 140 106 0 255 0
P 141 106 0 255 0
P 142 106 0 255 0
P 143 106 0 255 0
P 144 106 0 255 0
P 145 106 0 255 0
P 146 106 0 255 0
P 147 106 255 0 0
P 148 106 255 0 0
P 149 106 255 0 0
P 150 106 255 0 0
P 151 106 255 0 0
P 152 106 255 0 0
P 153 106 255 0 0
P 154 106 255 0 0
P 155 106 255 0 0
P 156 106 255 0 0
P 157 106 255 0 0
P 158 106 255 0 0
P 159 106 255 0 0
P 160 106 255 0 0
P 161 106 255 0 0
P 162 106 255 0 0
P 163 106 255 0 0
P 164 106 255 0 0
P 165 106 255 0 0
P 166 106 255 0 0
P 167 106 255 0 0
P 168 106 255 0 0
P 169 106 255 0 0
P 170 106 255 0 0
P 171 106 255 0 0
P 172 106 255 0 0
P 173 106 255 0 0
P 174 106 255 0 0
P 175 106 255 0 0
P 176 106 255 0 0
P 177 106 255 0 0
P 178 106 255 0 0
P 179 106 255 0 0
P 180 106 255 0 0
P 181 106 255 0 0
P 182 106 255 0 0
P 183 106 255 0 0
P 184 106 255 0 0
P 185 106 255 0 0
P 186 106 255 0 0
P 187 106 255 0 0
P 188 106 255 0 0
P 189 106 255 0 0
P 190 106 255 0 0
P 191 106 255 0 0
P 192 106 255 0 0
P 193 106 255 0 0
P 194 106 255 0 0
P 195 106 255 0 0
P 196 106 255 0 0
P 197 106 255 0 0
P 198 106 255 0 0
P 199 106 255 0 0
P 200 106 255 0 0
P 201 106 255 0 0
P 202 106 255 0 0
P 203 106 255 0 0
P 204 106 255 0 0
P 205 106 255 0 0
P 206 106 255 0 0
P 207 106 255 0 0
P 208 106 255 0 0
P 209 106 255 0 0
P 210 106 255 0 0
P 211 106 255 0 0
P 212 106 255 0 0
P 213 106 255 0 0
P 214 106 255 0 0
P 215 106 255 0 0
P 216 106 255 0 0
P 217 106 255 0 0
P 218 106 255 0 0
P 219 106 255 0 0
P 220 106 255 0 0
P 221 106 255 0 0
P 222 106 255 0 0
P 223 106 255 0 0
P 75 107 0 255 0
P 76 107 0 255 0
P 77 107 0 255 0
P 78 107 0 255 0
P 79 107 0 255 0
P 80 107 0 255 0
P 81 107 0 255 0
P 82 107 0 255 0
P 83 107 0 255 0
P 84 107 0 255 0
P 85 107 0 255 0
P 86 107 0 255 0
P 87 107 0 255 0
P 88 107 0 255 0
P 89 107 0 255 0
P 90 107 0 255 0
P 91 107 0 255 0
P 92 107 0 255 0
P 93 107 0 255 0
P 94 107 0 255 0
P 95 107 0 255 0
P 96 107 0 255 0
P 97 107 0 255 0
P 98 107 0 255 0
P 99 107 0 255 0
P 100 107 0 255 0
P 101 107 0 255 0
P 102 107 0 255 0
P 103 107 0 255 0
P 104 107 0 255 0
P 105 107 0 255 0
P 106 107 0 255 0
P 107 107 0 255 0
P 108 107 0 255 0
P 109 107 0 255 0
P 110 107 0 255 0
P 111 107 0 255 0
P 112 107 0 255 0
P 113 107 0 255 0
P 114 107 0 255 0
P 115 107 0 255 0
P 116 107 0 255 0
P 117 107 0 255 0
P 118 107 0 255 0
P 119 107 0 255 0
P 120 107 0 255 0
P 121 107 0 255 0
P 122 107 0 255 0
P 123 107 0 255 0
P 124 107 0 255 0
P 125 107 0 255 0
P 126 107 0 255 0
P 127 107 0 255 0
P 128 107 0 255 0
P 129 107 0 255 0
P 130 107 0 255 0
P 131 107 0 255 0
P 132 107 0 255 0
P 133 107 0 255 0
P 134 107 0 255 0
P 135 107 0 255 0
P 136 107 0 255 0
P 137 107 0 255 0
P 138 107 0 255 0
P 139 107 0 255 0
P 140 107 0 255 0
P 141 107 0 255 0
P 142 107 0 255 0
P 143 107 0 255 0
P 144 107 0 255 0
P 145 107 0 255 0
P 146 107 0 255 0
P 147 107 255 0 0
P 148 107 255 0 0
P 149 107 255 0 0
P 150 107 255 0 0
P 151 107 255 0 0
P 152 107 255 0 0
P 153 107 255 0 0
P 154 107 255 0 0
P 155 107 255 0 0
P 156 107 255 0 0
P 157 107 255 0 0
P 158 107 255 0 0
P 159 107 255 0 0
P 160 107 255 0 0
P 161 107 255 0 0
P 162 107 255 0 0
P 163 107 255 0 0
P 164 107 255 0 0
P 165 107 255 0 0
P 166 107 255 0 0
P 167 107 255 0 0
P 168 107 255 0 0
P 169 107 255 0 0
P 170 107 255 0 0
P 171 107 255 0 0
P 172 107 255 0 0
P 173 107 255 0 0
P 174 107 255 0 0
P 175 107 255 0 0
P 176 107 255 0 0
P 177 107 255 0 0
P 178 107 255 0 0
P 179 107 255 0 0
P 180 107 255 0 0
P 181 107 255 0 0
P 182 107 255 0 0
P 183 107 255 0 0
P 184 107 255 0 0
P 185 107 255 0 0
P 186 107 255 0 0
P 187 107 255 0 0
P 188 107 255 0 0
P 189 107 255 0 0
P 190 107 255 0 0
P 191 107 255 0 0
P 192 107 255 0 0
P 193 107 255 0 0
P 194 107 255 0 0
P 195 107 255 0 0
P 196 107 255 0 0
P 197 107 255 0 0
P 198 107 255 0 0
P 199 107 255 0 0
P 200 107 255 0 0
P 201 107 255 0 0
P 202 107 255 0 0
P 203 107 255 0 0
P 204 107 255 0 0
P 205 107 255 0 0
P 206 107 255 0 0
P 207 107 255 0 0
P 208 107 255 0 0
P 209 107 255 0 0
P 210 107 255 0 0
P 211 107 255 0 0
P 212 107 255 0 0
P 213 107 255 0 0
P 214 107 255 0 0
P 215 107 255 0 0
P 216 107 255 0 0
P 217 107 255 0 0
P 218 107 255 0 0
P 219 107 255 0 0
P 220 107 255 0 0
P 221 107 255 0 0
P 222 107 255 0 0
P 73 108 0 255 0
P 74 108 0 255 0
P 75 108 0 255 0
P 76 108 0 255 0
P 77 108 0 255 0
P 78 108 0 255 0
P 79 108 0 255 0
P 80 108 0 255 0
P 81 108 0 255 0
P 82 108 0 255 0
P 83 108 0 255 0
P 84 108 0 255 0
P 85 108 0 255 0
P 86 108 0 255 0
P 87 108 0 255 0
P 88 108 0 255 0
P 89 108 0 255 0
P 90 108 0 255 0
P 91 108 0 255 0
P 92 108 0 255 0
P 93 108 0 255 0
P 94 108 0 255 0
P 95 108 0 255 0
P 96 108 0 255 0
P 97 108 0 255 0
P 98 108 0 255 0
P 99 108 0 255 0
P 100 108 0 255 0
P 101 108 0 255 0
P 102 108 0 255 0
P 103 108 0 255 0
P 104 108 0 255 0
P 105 108 0 255 0
P 106 108 0 255 0
P 107 108 0 255 0
P 108 108 0 255 0
P 109 108 0 255 0
P 110 108 0 255 0
P 111 108 0 255 0
P 112 108 0 255 0
P 113 108 0 255 0
P 114 108 0 255 0
P 115 108 0 255 0
P 116 108 0 255 0
P 117 108 0 255 0
P 118 108 0 255 0
P 119 108 0 255 0
P 120 108 0 255 0
P 121 108 0 255 0
P 122 108 0 255 0
P 123 108 0 255 0
P 124 108 0 255 0
P 125 108 0 255 0
P 126 108 0 255 0
P 127 108 0 255 0
P 128 108 0 255 0
P 129 108 0 255 0
P 130 108 0 255 0
P 131 108 0 255 0
P 132 108 0 255 0
P 133 108 0 255 0
P 134 108 0 255 0
P 135 108 0 255 0
P 136 108 0 255 0
P 137 108 0 255 0
P 138 108 0 255 0
P 139 108 0 255 0
P 140 108 0 255 0
P 141 108 0 255 0
P 142 108 0 255 0
P 143 108 0 255 0
P 144 108 0 255 0
P 145 108 0 255 0
P 146 108 0 255 0
P 147 108 255 0 0
P 148 108 255 0 0
P 149 108 255 0 0
P 150 108 255 0 0
P 151 108 255 0 0
P 152 108 255 0 0
P 153 108 255 0 0
P 154 108 255 0 0
P 155 108 255 0 0
P 156 108 255 0 0
P 157 108 255 0 0
P 158 108 255 0 0
P 159 108 255 0 0
P 160 108 255 0 0
P 161 108 255 0 0
P 162 108 255 0 0
P 163 108 255 0 0
P 164 108 255 0 0
P 165 108 255 0 0
P 166 108 255 0 0
P 167 108 255 0 0
P 168 108 255 0 0
P 169 108 255 0 0
P 170 108 255 0 0
P 171 108 255 0 0
P 172 108 255 0 0
P 173 108 255 0 0
P 174 108 255 0 0
P 175 108 255 0 0
P 176 108 255 0 0
P 177 108 255 0 0
P 178 108 255 0 0
P 179 108 255 0 0
P 180 108 255 0 0
P 181 108 255 0 0
P 182 108 255 0 0
P 183 108 255 0 0
P 184 108 255 0 0
P 185 108 255 0 0
P 186 108 255 0 0
P 187 108 255 0 0
P 188 108 255 0 0
P 189 108 255 0 0
P 190 108 255 0 0
P 191 108 255 0 0
P 192 108 255 0 0
P 193 108 255 0 0
P 194 108 255 0 0
P 195 108 255 0 0
P 196 108 255 0 0
P 197 108 255 0 0
P 198 108 255 0 0
P 199 108 255 0 0
P 200 108 255 0 0
P 201 108 255 0 0
P 202 108 255 0 0
P 203 108 255 0 0
P 204 108 255 0 0
P 205 108 255 0 0
P 206 108 255 0 0
P 207 108 255 0 0
P 208 108 255 0 0
P 209 108 255 0 0
P 210 108 255 0 0
P 211 108 255 0 0
P 212 108 255 0 0
P 213 108 255 0 0
P 214 108 255 0 0
P 215 108 255 0 0
P 216 108 255 0 0
P 217 108 255 0 0
P 218 108 255 0 0
P 219 108 255 0 0
P 220 108 255 0 0
P 221 108 255 0 0
P 71 109 0 255 0
P 72 109 0 255 0
P 73 109 0 255 0
P 74 109 0 255 0
P 75 109 0 255 0
P 76 109 0 255 0
P 77 109 0 255 0
P 78 109 0 255 0
P 79 109 0 255 0
P 80 109 0 255 0
P 81 109 0 255 0
P 82 109 0 255 0
P 83 109 0 255 0
P 84 109 0 255 0
P 85 109 0 255 0
P 86 109 0 255 0
P 87 109 0 255 0
P 88 109 0 255 0
P 89 109 0 255 0
P 90 109 0 255 0
P 91 109 0 255 0
P 92 109 0 255 0
P 93 109 0 255 0
P 94 109 0 255 0
P 95 109 0 255 0
P 96 109 0 255 0
P 97 109 0 255 0
P 98 109 0 255 0
P 99 109 0 255 0
P 100 109 0 255 0
P 101 109 0 255 0
P 102 109 0 255 0
P 103 109 0 255 0
P 104 109 0 255 0
P 105 109 0 255 0
P 106 109 0 255 0
P 107 109 0 255 0
P 108 109 0 255 0
P 109 109 0 255 0
P 110 109 0 255 0
P 111 109 0 255 0
P 112 109 0 255 0
P 113 109 0 255 0
P 114 109 0 255 0
P 115 109 0 255 0
P 116 109 0 255 0
P 117 109 0 255 0
P 118 109 0 255 0
P 119 109 0 255 0
P 120 109 0 255 0
P 121 109 0 255 0
P 122 109 0 255 0
P 123 109 0 255 0
P 124 109 0 255 0
P 125 109 0 255 0
P 126 109 0 255 0
P 127 109 0 255 0
P 128 109 0 255 0
P 129 109 0 255 0
P 130 109 0 255 0
P 131 109 0 255 0
P 132 109 0 255 0
P 133 109 0 255 0
P 134 109 0 255 0
P 135 109 0 255 0
P 136 109 0 255 0
P 137 109 0 255 0
P 138 109 0 255 0
P 139 109 0 255 0
P 140 109 0 255 0
P 141 109 0 255 0
P 142 109 0 255 0
P 143 109 0 255 0
P 144 109 0 255 0
P 145 109 0 255 0
P 146 109 0 255 0
P 147 109 255 0 0
P 148 109 255 0 0
P 149 109 255 0 0
P 150 109 255 0 0
P 151 109 255 0 0
P 152 109 255 0 0
P 153 109 255 0 0
P 154 109 255 0 0
P 155 109 255 0 0
P 156 109 255 0 0
P 157 109 255 0 0
P 158 109 255 0 0
P 159 109 255 0 0
P 160 109 255 0 0
P 161 109 255 0 0
P 162 109 255 0 0
P 163 109 255 0 0
P 164 109 255 0 0
P 165 109 255 0 0
P 166 109 255 0 0
P 167 109 255 0 0
P 168 109 255 0 0
P 169 109 255 0 0
P 170 109 255 0 0
P 171 109 255 0 0
P 172 109 255 0 0
P 173 109 255 0 0
P 174 109 255 0 0
P 175 109 255 0 0
P 176 109 255 0 0
P 177 109 255 0 0
P 178 109 255 0 0
P 179 109 255 0 0
P 180 109 255 0 0
P 181 109 255 0 0
P 182 109 255 0 0
P 183 109 255 0 0
P 184 109 255 0 0
P 185 109 255 0 0
P 186 109 255 0 0
P 187 109 255 0 0
P 188 109 255 0 0
P 189 109 255 0 0
P 190 109 255 0 0
P 191 109 255 0 0
P 192 109 255 0 0
P 193 109 255 0 0
P 194 109 255 0 0
P 195 109 255 0 0
P 196 109 255 0 0
P 197 109 255 0 0
P 198 109 255 0 0
P 199 109 255 0 0
P 200 109 255 0 0
P 201 109 255 0 0
P 202 109 255 0 0
P 203 109 255 0 0
P 204 109 255 0 0
P 205 109 255 0 0
P 206 109 255 0 0
P 207 109 255 0 0
P 208 109 255 0 0
P 209 109 255 0 0
P 210 109 255 0 0
P 211 109 255 0 0
P 212 109 255 0 0
P 213 109 255 0 0
P 214 109 255 0 0
P 215 109 255 0 0
P 216 109 255 0 0
P 217 109 255 0 0
P 218 109 255 0 0
P 219 109 255 0 0
P 220 109 255 0 0
P 68 110 0 255 0
P 69 110 0 255 0
P 70 110 0 255 0
P 71 110 0 255 0
P 72 110 0 255 0
P 73 110 0 255 0
P 74 110 0 255 0
P 75 110 0 255 0
P 76 110 0 255 0
P 77 110 0 255 0
P 78 110 0 255 0
P 79 110 0 255 0
P 80 110 0 255 0
P 81 110 0 255 0
P 82 110 0 255 0
P 83 110 0 255 0
P 84 110 0 255 0
P 85 110 0 255 0
P 86 110 0 255 0
P 87 110 0 255 0
P 88 110 0 255 0
P 89 110 0 255 0
P 90 110 0 255 0
P 91 110 0 255 0
P 92 110 0 255 0
P 93 110 0 255 0
P 94 110 0 255 0
P 95 110 0 255 0
P 96 110 0 255 0
P 97 110 0 255 0
P 98 110 0 255 0
P 99 110 0 255 0
P 100 110 0 255 0
P 101 110 0 255 0
P 102 110 0 255 0
P 103 110 0 255 0
P 104 110 0 255 0
P 105 110 0 255 0
P 106 110 0 255 0
P 107 110 0 255 0
P 108 110 0 255 0
P 109 110 0 255 0
P 110 110 0 255 0
P 111 110 0 255 0
P 112 110 0 255 0
P 113 110 0 255 0
P 114 110 0 255 0
P 115 110 0 255 0
P 116 110 0 255 0
P 117 110 0 255 0
P 118 110 0 255 0
P 119 110 0 255 0
P 120 110 0 255 0
P 121 110 0 255 0
P 122 110 0 255 0
P 123 110 0 255 0
P 124 110 0 255 0
P 125 110 0 255 0
P 126 110 0 255 0
P 127 110 0 255 0
P 128 110 0 255 0
P 129 110 0 255 0
P 130 110 0 255 0
P 131 110 0 255 0
P 132 110 0 255 0
P 133 110 0 255 0
P 134 110 0 255 0
P 135 110 0 255 0
P 136 110 0 255 0
P 137 110 0 255 0
P 138 110 0 255 0
P 139 110 0 255 0
P 140 110 0 255 0
P 141 110 0 255 0
P 142 110 0 255 0
P 143 110 0 255 0
P 144 110 0 255 0
P 145 110 0 255 0
P 146 110 255 0 0
P 147 110 255 0 0
P 148 110 255 0 0
P 149 110 255 0 0
P 150 110 255 0 0
P 151 110 255 0 0
P 152 110 255 0 0
P 153 110 255 0 0
P 154 110 255 0 0
P 155 110 255 0 0
P 156 110 255 0 0
P 157 110 255 0 0
P 158 110 255 0 0
P 159 110 255 0 0
P 160 110 255 0 0
P 161 110 255 0 0
P 162 110 255 0 0
P 163 110 255 0 0
P 164 110 255 0 0
P 165 110 255 0 0
P 166 110 255 0 0
P 167 110 255 0 0
P 168 110 255 0 0
P 169 110 255 0 0
P 170 110 255 0 0
P 171 110 255 0 0
P 172 110 255 0 0
P 173 110 255 0 0
P 174 110 255 0 0
P 175 110 255 0 0
P 176 110 255 0 0
P 177 110 255 0 0
P 178 110 255 0 0
P 179 110 255 0 0
P 180 110 255 0 0
P 181 110 255 0 0
P 182 110 255 0 0
P 183 110 255 0 0
P 184 110 255 0 0
P 185 110 255 0 0
P 186 110 255 0 0
P 187 110 255 0 0
P 188 110 255 0 0
P 189 110 255 0 0
P 190 110 255 0 0
P 191 110 255 0 0
P 192 110 255 0 0
P 193 110 255 0 0
P 194 110 255 0 0
P 195 110 255 0 0
P 196 110 255 0 0
P 197 110 255 0 0
P 198 110 255 0 0
P 199 110 255 0 0
P 200 110 255 0 0
P 201 110 255 0 0
P 202 110 255 0 0
P 203 110 255 0 0
P 204 110 255 0 0
P 205 110 255 0 0
P 206 110 255 0 0
P 207 110 255 0 0
P 208 110 255 0 0
P 209 110 255 0 0
P 210 110 255 0 0
P 211 110 255 0 0
P 212 110 255 0 0
P 213 110 255 0 0
P 214 110 255 0 0
P 215 110 255 0 0
P 216 110 255 0 0
P 217 110 255 0 0
P 218 110 255 0 0
P 66 111 0 255 0
P 67 111 0 255 0
P 68 111 0 255 0
P 69 111 0 255 0
P 70 111 0 255 0
P 71 111 0 255 0
P 72 111 0 255 0
P 73 111 0 255 0
P 74 111 0 255 0
P 75 111 0 255 0
P 76 111 0 255 0
P 77 111 0 255 0
P 78 111 0 255 0
P 79 111 0 255 0
P 80 111 0 255 0
P 81 111 0 255 0
P 82 111 0 255 0
P 83 111 0 255 0
P 84 111 0 255 0
P 85 111 0 255 0
P 86 111 0 255 0
P 87 111 0 255 0
P 88 111 0 255 0
P 89 111 0 255 0
P 90 111 0 255 0
P 91 111 0 255 0
P 92 111 0 255 0
P 93 111 0 255 0
P 94 111 0 255 0
P 95 111 0 255 0
P 96 111 0 255 0
P 97 111 0 255 0
P 98 111 0 255 0
P 99 111 0 255 0
P 100 111 0 255 0
P 101 111 0 255 0
P 102 111 0 255 0
P 103 111 0 255 0
P 104 111 0 255 0
P 105 111 0 255 0
P 106 111 0 255 0
P 107 111 0 255 0
P 108 111 0 255 0
P 109 111 0 255 0
P 110 111 0 255 0
P 111 111 0 255 0
P 112 111 0 255 0
P 113 111 0 255 0
P 114 111 0 255 0
P 115 111 0 255 0
P 116 111 0 255 0
P 117 111 0 255 0
P 118 111 0 255 0
P 119 111 0 255 0
P 120 111 0 255 0
P 121 111 0 255 0
P 122 111 0 255 0
P 123 111 0 255 0
P 124 111 0 255 0
P 125 111 0 255 0
P 126 111 0 255 0
P 127 111 0 255 0
P 128 111 0 255 0
P 129 111 0 255 0
P 130 111 0 255 0
P 131 111 0 255 0
P 132 111 0 255 0
P 133 111 0 255 0
P 134 111 0 255 0
P 135 111 0 255 0
P 136 111 0 255 0
P 137 111 0 255 0
P 138 111 0 255 0
P 139 111 0 255 0
P 140 111 0 255 0
P 141 111 0 255 0
P 142 111 0 255 0
P 143 111 0 255 0
P 144 111 0 255 0
P 145 111 0 255 0
P 146 111 255 0 0
P 147 111 255 0 0
P 148 111 255 0 0
P 149 111 255 0 0
P 150 111 255 0 0
P 151 111 255 0 0
P 152 111 255 0 0
P 153 111 255 0 0
P 154 111 255 0 0
P 155 111 255 0 0
P 156 111 255 0 0
P 157 111 255 0 0
P 158 111 255 0 0
P 159 111 255 0 0
P 160 111 255 0 0
P 161 111 255 0 0
P 162 111 255 0 0
P 163 111 255 0 0
P 164 111 255 0 0
P 165 111 255 0 0
P 166 111 255 0 0
P 167 111 255 0 0
P 168 111 255 0 0
P 169 111 255 0 0
P 170 111 255 0 0
P 171 111 255 0 0
P 172 111 255 0 0
P 173 111 255 0 0
P 174 111 255 0 0
P 175 111 255 0 0
P 176 111 255 0 0
P 177 111 255 0 0
P 178 111 255 0 0
P 179 111 255 0 0
P 180 111 255 0 0
P 181 111 255 0 0
P 182 111 255 0 0
P 183 111 255 0 0
P 184 111 255 0 0
P 185 111 255 0 0
P 186 111 255 0 0
P 187 111 255 0 0
P 188 111 255 0 0
P 189 111 255 0 0
P 190 111 255 0 0
P 191 111 255 0 0
P 192 111 255 0 0
P 193 111 255 0 0
P 194 111 255 0 0
P 195 111 255 0 0
P 196 111 255 0 0
P 197 111 255 0 0
P 198 111 255 0 0
P 199 111 255 0 0
P 200 111 255 0 0
P 201 111 255 0 0
P 202 111 255 0 0
P 203 111 255 0 0
P 204 111 255 0 0
P 205 111 255 0 0
P 206 111 255 0 0
P 207 111 255 0 0
P 208 111 255 0 0
P 209 111 255 0 0
P 210 111 255 0 0
P 211 111 255 0 0
P 212 111 255 0 0
P 213 111 255 0 0
P 214 111 255 0 0
P 215 111 255 0 0
P 216 111 255 0 0
P 217 111 255 0 0
P 64 112 0 255 0
P 65 112 0 255 0
P 66 112 0 255 0
P 67 112 0 255 0
P 68 112 0 255 0
P 69 112 0 255 0
P 70 112 0 255 0
P 71 112 0 255 0
P 72 112 0 255 0
P 73 112 0 255 0
P 74 112 0 255 0
P 75 112 0 255 0
P 76 112 0 255 0
P 77 112 0 255 0
P 78 112 0 255 0
P 79 112 0 255 0
P 80 112 0 255 0
P 81 112 0 255 0
P 82 112 0 255 0
P 83 112 0 255 0
P 84 112 0 255 0
P 85 112 0 255 0
P 86 112 0 255 0
P 87 112 0 255 0
P 88 112 0 255 0
P 89 112 0 255 0
P 90 112 0 255 0
P 91 112 0 255 0
P 92 112 0 255 0
P 93 112 0 255 0
P 94 112 0 255 0
P 95 112 0 255 0
P 96 112 0 255 0
P 97 112 0 255 0
P 98 112 0 255 0
P 99 112 0 255 0
P 100 112 0 255 0
P 101 112 0 255 0
P 102 112 0 255 0
P 103 112 0 255 0
P 104 112 0 255 0
P 105 112 0 255 0
P 106 112 0 255 0
P 107 112 0 255 0
P 108 112 0 255 0
P 109 112 0 255 0
P 110 112 0 255 0
P 111 112 0 255 0
P 112 112 0 255 0
P 113 112 0 255 0
P 114 112 0 255 0
P 115 112 0 255 0
P 116 112 0 255 0
P 117 112 0 255 0
P 118 112 0 255 0
P 119 112 0 255 0
P 120 112 0 255 0
P 121 112 0 255 0
P 122 112 0 255 0
P 123 112 0 255 0
P 124 112 0 255 0
P 125 112 0 255 0
P 126 112 0 255 0
P 127 112 0 255 0
P 128 112 0 255 0
P 129 112 0 255 0
P 130 112 0 255 0
P 131 112 0 255 0
P 132 112 0 255 0
P 133 112 0 255 0
P 134 112 0 255 0
P 135 112 0 255 0
P 136 112 0 255 0
P 137 112 0 255 0
P 138 112 0 255 0
P 139 112 0 255 0
P 140 112 0 255 0
P 141 112 0 255 0
P 142 112 0 255 0
P 143 112 0 255 0
P 144 112 0 255 0
P 145 112 0 255 0
P 146 112 255 0 0
P 147 112 255 0 0
P 148 112 255 0 0
P 149 112 255 0 0
P 150 112 255 0 0
P 151 112 255 0 0
P 152 112 255 0 0
P 153 112 255 0 0
P 154 112 255 0 0
P 155 112 255 0 0
P 156 112 255 0 0
P 157 112 255 0 0
P 158 112 255 0 0
P 159 112 255 0 0
P 160 112 255 0 0
P 161 112 255 0 0
P 162 112 255 0 0
P 163 112 255 0 0
P 164 112 255 0 0
P 165 112 255 0 0
P 166 112 255 0 0
P 167 112 255 0 0
P 168 112 255 0 0
P 169 112 255 0 0
P 170 112 255 0 0
P 171 112 255 0 0
P 172 112 255 0 0
P 173 112 255 0 0
P 174 112 255 0 0
P 175 112 255 0 0
P 176 112 255 0 0
P 177 112 255 0 0
P 178 112 255 0 0
P 179 112 255 0 0
P 180 112 255 0 0
P 181 112 255 0 0
P 182 112 255 0 0
P 183 112 255 0 0
P 184 112 255 0 0
P 185 112 255 0 0
P 186 112 255 0 0
P 187 112 255 0 0
P 188 112 255 0 0
P 189 112 255 0 0
P 190 112 255 0 0
P 191 112 255 0 0
P 192 112 255 0 0
P 193 112 255 0 0
P 194 112 255 0 0
P 195 112 255 0 0
P 196 112 255 0 0
P 197 112 255 0 0
P 198 112 255 0 0
P 199 112 255 0 0
P 200 112 255 0 0
P 201 112 255 0 0
P 202 112 255 0 0
P 203 112 255 0 0
P 204 112 255 0 0
P 205 112 255 0 0
P 206 112 255 0 0
P 207 112 255 0 0
P 208 112 255 0 0
P 209 112 255 0 0
P 210 112 255 0 0
P 211 112 255 0 0
P 212 112 255 0 0
P 213 112 255 0 0
P 214 112 255 0 0
P 215 112 255 0 0
P 216 112 255 0 0
P 62 113 0 255 0
P 63 113 0 255 0
P 64 113 0 255 0
P 65 113 0 255 0
P 66 113 0 255 0
P 67 113 0 255 0
P 68 113 0 255 0
P 69 113 0 255 0
P 70 113 0 255 0
P 71 113 0 255 0
P 72 113 0 255 0
P 73 113 0 255 0
P 74 113 0 255 0
P 75 113 0 255 0
P 76 113 0 255 0
P 77 113 0 255 0
P 78 113 0 255 0
P 79 113 0 255 0
P 80 113 0 255 0
P 81 113 0 255 0
P 82 113 0 255 0
P 83 113 0 255 0
P 84 113 0 255 0
P 85 113 0 255 0
P 86 113 0 255 0
P 87 113 0 255 0
P 88 113 0 255 0
P 89 113 0 255 0
P 90 113 0 255 0
P 91 113 0 255 0
P 92 113 0 255 0
P 93 113 0 255 0
P 94 113 0 255 0
P 95 113 0 255 0
P 96 113 0 255 0
P 97 113 0 255 0
P 98 113 0 255 0
P 99 113 0 255 0
P 100 113 0 255 0
P 101 113 0 255 0
P 102 113 0 255 0
P 103 113 0 255 0
P 104 113 0 255 0
P 105 113 0 255 0
P 106 113 0 255 0
P 107 113 0 255 0
P 108 113 0 255 0
P 109 113 0 255 0
P 110 113 0 255 0
P 111 113 0 255 0
P 112 113 0 255 0
P 113 113 0 255 0
P 114 113 0 255 0
P 115 113 0 255 0
P 116 113 0 255 0
P 117 113 0 255 0
P 118 113 0 255 0
P 119 113 0 255 0
P 120 113 0 255 0
P 121 113 0 255 0
P 122 113 0 255 0
P 123 113 0 255 0
P 124 113 0 255 0
P 125 113 0 255 0
P 126 113 0 255 0
P 127 113 0 255 0
P 128 113 0 255 0
P 129 113 0 255 0
P 130 113 0 255 0
P 131 113 0 255 0
P 132 113 0 255 0
P 133 113 0 255 0
P 134 113 0 255 0
P 135 113 0 255 0
P 136 113 0 255 0
P 137 113 0 255 0
P 138 113 0 255 0
P 139 113 0 255 0
P 140 113 0 255 0
P 141 113 0 255 0
P 142 113 0 255 0
P 143 113 0 255 0
P 144 113 0 255 0
P 145 113 0 255 0
P 146 113 255 0 0
P 147 113 255 0 0
P 148 113 255 0 0
P 149 113 255 0 0
P 150 113 255 0 0
P 151 113 255 0 0
P 152 113 255 0 0
P 153 113 255 0 0
P 154 113 255 0 0
P 155 113 255 0 0
P 156 113 255 0 0
P 157 113 255 0 0
P 158 113 255 0 0
P 159 113 255 0 0
P 160 113 255 0 0
P 161 113 255 0 0
P 162 113 255 0 0
P 163 113 255 0 0
P 164 113 255 0 0
P 165 113 255 0 0
P 166 113 255 0 0
P 167 113 255 0 0
P 168 113 255 0 0
P 169 113 255 0 0
P 170 113 255 0 0
P 171 113 255 0 0
P 172 113 255 0 0
P 173 113 255 0 0
P 174 113 255 0 0
P 175 113 255 0 0
P 176 113 255 0 0
P 177 113 255 0 0
P 178 113 255 0 0
P 179 113 255 0 0
P 180 113 255 0 0
P 181 113 255 0 0
P 182 113 255 0 0
P 183 113 255 0 0
P 184 113 255 0 0
P 185 113 255 0 0
P 186 113 255 0 0
P 187 113 255 0 0
P 188 113 255 0 0
P 189 113 255 0 0
P 190 113 255 0 0
P 191 113 255 0 0
P 192 113 255 0 0
P 193 113 255 0 0
P 194 113 255 0 0
P 195 113 255 0 0
P 196 113 255 0 0
P 197 113 255 0 0
P 198 113 255 0 0
P 199 113 255 0 0
P 200 113 255 0 0
P 201 113 255 0 0
P 202 113 255 0 0
P 203 113 255 0 0
P 204 113 255 0 0
P 205 113 255 0 0
P 206 113 255 0 0
P 207 113 255 0 0
P 208 113 255 0 0
P 209 113 255 0 0
P 210 113 255 0 0
P 211 113 255 0 0
P 212 113 255 0 0
P 213 113 255 0 0
P 214 113 255 0 0
P 215 113 255 0 0
P 60 114 0 255 0
P 61 114 0 255 0
P 62 114 0 255 0
P 63 114 0 255 0
P 64 114 0 255 0
P 65 114 0 255 0
P 66 114 0 255 0
P 67 114 0 255 0
P 68 114 0 255 0
P 69 114 0 255 0
P 70 114 0 255 0
P 71 114 0 255 0
P 72 114 0 255 0
P 73 114 0 255 0
P 74 114 0 255 0
P 75 114 0 255 0
P 76 114 0 255 0
P 77 114 0 255 0
P 78 114 0 255 0
P 79 114 0 255 0
P 80 114 0 255 0
P 81 114 0 255 0
P 82 114 0 255 0
P 83 114 0 255 0
P 84 114 0 255 0
P 85 114 0 255 0
P 86 114 0 255 0
P 87 114 0 255 0
P 88 114 0 255 0
P 89 114 0 255 0
P 90 114 0 255 0
P 91 114 0 255 0
P 92 114 0 255 0
P 93 114 0 255 0
P 94 114 0 255 0
P 95 114 0 255 0
P 96 114 0 255 0
P 97 114 0 255 0
P 98 114 0 255 0
P 99 114 0 255 0
P 100 114 0 255 0
P 101 114 0 255 0
P 102 114 0 255 0
P 103 114 0 255 0
P 104 114 0 255 0
P 105 114 0 255 0
P 106 114 0 255 0
P 107 114 0 255 0
P 108 114 0 255 0
P 109 114 0 255 0
P 110 114 0 255 0
P 111 114 0 255 0
P 112 114 0 255 0
P 113 114 0 255 0
P 114 114 0 255 0
P 115 114 0 255 0
P 116 114 0 255 0
P 117 114 0 255 0
P 118 114 0 255 0
P 119 114 0 255 0
P 120 114 0 255 0
P 121 114 0 255 0
P 122 114 0 255 0
P 123 114 0 255 0
P 124 114 0 255 0
P 125 114 0 255 0
P 126 114 0 255 0
P 127 114 0 255 0
P 128 114 0 255 0
P 129 114 0 255 0
P 130 114 0 255 0
P 131 114 0 255 0
P 132 114 0 255 0
P 133 114 0 255 0
P 134 114 0 255 0
P 135 114 0 255 0
P 136 114 0 255 0
P 137 114 0 255 0
P 138 114 0 255 0
P 139 114 0 255 0
P 140 114 0 255 0
P 141 114 0 255 0
P 142 114 0 255 0
P 143 114 0 255 0
P 144 114 0 255 0
P 145 114 0 255 0
P 146 114 255 0 0
P 147 114 255 0 0
P 148 114 255 0 0
P 149 114 255 0 0
P 150 114 255 0 0
P 151 114 255 0 0
P 152 114 255 0 0
P 153 114 255 0 0
P 154 114 255 0 0
P 155 114 255 0 0
P 156 114 255 0 0
P 157 114 255 0 0
P 158 114 255 0 0
P 159 114 255 0 0
P 160 114 255 0 0
P 161 114 255 0 0
P 162 114 255 0 0
P 163 114 255 0 0
P 164 114 255 0 0
P 165 114 255 0 0
P 166 114 255 0 0
P 167 114 255 0 0
P 168 114 255 0 0
P 169 114 255 0 0
P 170 114 255 0 0
P 171 114 255 0 0
P 172 114 255 0 0
P 173 114 255 0 0
P 174 114 255 0 0
P 175 114 255 0 0
P 176 114 255 0 0
P 177 114 255 0 0
P 178 114 255 0 0
P 179 114 255 0 0
P 180 114 255 0 0
P 181 114 255 0 0
P 182 114 255 0 0
P 183 114 255 0 0
P 184 114 255 0 0
P 185 114 255 0 0
P 186 114 255 0 0
P 187 114 255 0 0
P 188 114 255 0 0
P 189 114 255 0 0
P 190 114 255 0 0
P 191 114 255 0 0
P 192 114 255 0 0
P 193 114 255 0 0
P 194 114 255 0 0
P 195 114 255 0 0
P 196 114 255 0 0
P 197 114 255 0 0
P 198 114 255 0 0
P 199 114 255 0 0
P 200 114 255 0 0
P 201 114 255 0 0
P 202 114 255 0 0
P 203 114 255 0 0
P 204 114 255 0 0
P 205 114 255 0 0
P 206 114 255 0 0
P 207 114 255 0 0
P 208 114 255 0 0
P 209 114 255 0 0
P 210 114 255 0 0
P 211 114 255 0 0
P 212 114 255 0 0
P 213 114 255 0 0
P 58 115 0 255 0
P 59 115 0 255 0
P 60 115 0 255 0
P 61 115 0 255 0
P 62 115 0 255 0
P 63 115 0 255 0
P 64 115 0 255 0
P 65 115 0 255 0
P 66 115 0 255 0
P 67 115 0 255 0
P 68 115 0 255 0
P 69 115 0 255 0
P 70 115 0 255 0
P 71 115 0 255 0
P 72 115 0 255 0
P 73 115 0 255 0
P 74 115 0 255 0
P 75 115 0 255 0
P 76 115 0 255 0
P 77 115 0 255 0
P 78 115 0 255 0
P 79 115 0 255 0
P 80 115 0 255 0
P 81 115 0 255 0
P 82 115 0 255 0
P 83 115 0 255 0
P 84 115 0 255 0
P 85 115 0 255 0
P 86 115 0 255 0
P 87 115 0 255 0
P 88 115 0 255 0
P 89 115 0 255 0
P 90 115 0 255 0
P 91 115 0 255 0
P 92 115 0 255 0
P 93 115 0 255 0
P 94 115 0 255 0
P 95 115 0 255 0
P 96 115 0 255 0
P 97 115 0 255 0
P 98 115 0 255 0
P 99 115 0 255 0
P 100 115 0 255 0
P 101 115 0 255 0
P 102 115 0 255 0
P 103 115 0 255 0
P 104 115 0 255 0
P 105 115 0 255 0
P 106 115 0 255 0
P 107 115 0 255 0
P 108 115 0 255 0
P 109 115 0 255 0
P 110 115 0 255 0
P 111 115 0 255 0
P 112 115 0 255 0
P 113 115 0 255 0
P 114 115 0 255 0
P 115 115 0 255 0
P 116 115 0 255 0
P 117 115 0 255 0
P 118 115 0 255 0
P 119 115 0 255 0
P 120 115 0 255 0
P 121 115 0 255 0
P 122 115 0 255 0
P 123 115 0 255 0
P 124 115 0 255 0
P 125 115 0 255 0
P 126 115 0 255 0
P 127 115 0 255 0
P 128 115 0 255 0
P 129 115 0 255 0
P 130 115 0 255 0
P 131 115 0 255 0
P 132 115 0 255 0
P 133 115 0 255 0
P 134 115 0 255 0
P 135 115 0 255 0
P 136 115 0 255 0
P 137 115 0 255 0
P 138 115 0 255 0
P 139 115 0 255 0
P 140 115 0 255 0
P 141 115 0 255 0
P 142 115 0 255 0
P 143 115 0 255 0
P 144 115 0 255 0
P 145 115 0 255 0
P 146 115 255 0 0
P 147 115 255 0 0
P 148 115 255 0 0
P 149 115 255 0 0
P 150 115 255 0 0
P 151 115 255 0 0
P 152 115 255 0 0
P 153 115 255 0 0
P 154 115 255 0 0
P 155 115 255 0 0
P 156 115 255 0 0
P 157 115 255 0 0
P 158 115 255 0 0
P 159 115 255 0 0
P 160 115 255 0 0
P 161 115 255 0 0
P 162 115 255 0 0
P 163 115 255 0 0
P 164 115 255 0 0
P 165 115 255 0 0
P 166 115 255 0 0
P 167 115 255 0 0
P 168 115 255 0 0
P 169 115 255 0 0
P 170 115 255 0 0
P 171 115 255 0 0
P 172 115 255 0 0
P 173 115 255 0 0
P 174 115 255 0 0
P 175 115 255 0 0
P 176 115 255 0 0
P 177 115 255 0 0
P 178 115 255 0 0
P 179 115 255 0 0
P 180 115 255 0 0
P 181 115 255 0 0
P 182 115 255 0 0
P 183 115 255 0 0
P 184 115 255 0 0
P 185 115 255 0 0
P 186 115 255 0 0
P 187 115 255 0 0
P 188 115 255 0 0
P 189 115 255 0 0
P 190 115 255 0 0
P 191 115 255 0 0
P 192 115 255 0 0
P 193 115 255 0 0
P 194 115 255 0 0
P 195 115 255 0 0
P 196 115 255 0 0
P 197 115 255 0 0
P 198 115 255 0 0
P 199 115 255 0 0
P 200 115 255 0 0
P 201 115 255 0 0
P 202 115 255 0 0
P 203 115 255 0 0
P 204 115 255 0 0
P 205 115 255 0 0
P 206 115 255 0 0
P 207 115 255 0 0
P 208 115 255 0 0
P 209 115 255 0 0
P 210 115 255 0 0
P 211 115 255 0 0
P 212 115 255 0 0
P 56 116 0 255 0
P 57 116 0 255 0
P 58 116 0 255 0
P 59 116 0 255 0
P 60 116 0 255 0
P 61 116 0 255 0
P 62 116 0 255 0
P 63 116 0 255 0
P 64 116 0 255 0
P 65 116 0 255 0
P 66 116 0 255 0
P 67 116 0 255 0
P 68 116 0 255 0
P 69 116 0 255 0
P 70 116 0 255 0
P 71 116 0 255 0
P 72 116 0 255 0
P 73 116 0 255 0
P 74 116 0 255 0
P 75 116 0 255 0
P 76 116 0 255 0
P 77 116 0 255 0
P 78 116 0 255 0
P 79 116 0 255 0
P 80 116 0 255 0
P 81 116 0 255 0
P 82 116 0 255 0
P 83 116 0 255 0
P 84 116 0 255 0
P 85 116 0 255 0
P 86 116 0 255 0
P 87 116 0 255 0
P 88 116 0 255 0
P 89 116 0 255 0
P 90 116 0 255 0
P 91 116 0 255 0
P 92 116 0 255 0
P 93 116 0 255 0
P 94 116 0 255 0
P 95 116 0 255 0
P 96 116 0 255 0
P 97 116 0 255 0
P 98 116 0 255 0
P 99 116 0 255 0
P 100 116 0 255 0
P 101 116 0 255 0
P 102 116 0 255 0
P 103 116 0 255 0
P 104 116 0 255 0
P 105 116 0 255 0
P 106 116 0 255 0
P 107 116 0 255 0
P 108 116 0 255 0
P 109 116 0 255 0
P 110 116 0 255 0
P 111 116 0 255 0
P 112 116 0 255 0
P 113 116 0 255 0
P 114 116 0 255 0
P 115 116 0 255 0
P 116 116 0 255 0
P 117 116 0 255 0
P 118 116 0 255 0
P 119 116 0 255 0
P 120 116 0 255 0
P 121 116 0 255 0
P 122 116 0 255 0
P 123 116 0 255 0
P 124 116 0 255 0
P 125 116 0 255 0
P 126 116 0 255 0
P 127 116 0 255 0
P 128 116 0 255 0
P 129 116 0 255 0
P 130 116 0 255 0
P 131 116 0 255 0
P 132 116 0 255 0
P 133 116 0 255 0
P 134 116 0 255 0
P 135 116 0 255 0
P 136 116 0 255 0
P 137 116 0 255 0
P 138 116 0 255 0
P 139 116 0 255 0
P 140 116 0 255 0
P 141 116 0 255 0
P 142 116 0 255 0
P 143 116 0 255 0
P 144 116 0 255 0
P 145 116 0 255 0
P 146 116 255 0 0
P 147 116 255 0 0
P 148 116 255 0 0
P 149 116 255 0 0
P 150 116 255 0 0
P 151 116 255 0 0
P 152 116 255 0 0
P 153 116 255 0 0
P 154 116 255 0 0
P 155 116 255 0 0
P 156 116 255 0 0
P 157 116 255 0 0
P 158 116 255 0 0
P 159 116 255 0 0
P 160 116 255 0 0
P 161 116 255 0 0
P 162 116 255 0 0
P 163 116 255 0 0
P 164 116 255 0 0
P 165 116 255 0 0
P 166 116 255 0 0
P 167 116 255 0 0
P 168 116 255 0 0
P 169 116 255 0 0
P 170 116 255 0 0
P 171 116 255 0 0
P 172 116 255 0 0
P 173 116 255 0 0
P 174 116 255 0 0
P 175 116 255 0 0
P 176 116 255 0 0
P 177 116 255 0 0
P 178 116 255 0 0
P 179 116 255 0 0
P 180 116 255 0 0
P 181 116 255 0 0
P 182 116 255 0 0
P 183 116 255 0 0
P 184 116 255 0 0
P 185 116 255 0 0
P 186 116 255 0 0
P 187 116 255 0 0
P 188 116 255 0 0
P 189 116 255 0 0
P 190 116 255 0 0
P 191 116 255 0 0
P 192 116 255 0 0
P 193 116 255 0 0
P 194 116 255 0 0
P 195 116 255 0 0
P 196 116 255 0 0
P 197 116 255 0 0
P 198 116 255 0 0
P 199 116 255 0 0
P 200 116 255 0 0
P 201 116 255 0 0
P 202 116 255 0 0
P 203 116 255 0 0
P 204 116 255 0 0
P 205 116 255 0 0
P 206 116 255 0 0
P 207 116 255 0 0
P 208 116 255 0 0
P 209 116 255 0 0
P 210 116 255 0 0
P 211 116 255 0 0
P 54 117 0 255 0
P 55 117 0 255 0
P 56 117 0 255 0
P 57 117 0 255 0
P 58 117 0 255 0
P 59 117 0 255 0
P 60 117 0 255 0
P 61 117 0 255 0
P 62 117 0 255 0
P 63 117 0 255 0
P 64 117 0 255 0
P 65 117 0 255 0
P 66 117 0 255 0
P 67 117 0 255 0
P 68 117 0 255 0
P 69 117 0 255 0
P 70 117 0 255 0
P 71 117 0 255 0
P 72 117 0 255 0
P 73 117 0 255 0
P 74 117 0 255 0
P 75 117 0 255 0
P 76 117 0 255 0
P 77 117 0 255 0
P 78 117 0 255 0
P 79 117 0 255 0
P 80 117 0 255 0
P 81 117 0 255 0
P 82 117 0 255 0
P 83 117 0 255 0
P 84 117 0 255 0
P 85 117 0 255 0
P 86 117 0 255 0
P 87 117 0 255 0
P 88 117 0 255 0
P 89 117 0 255 0
P 90 117 0 255 0
P 91 117 0 255 0
P 92 117 0 255 0
P 93 117 0 255 0
P 94 117 0 255 0
P 95 117 0 255 0
P 96 117 0 255 0
P 97 117 0 255 0
P 98 117 0 255 0
P 99 117 0 255 0
P 100 117 0 255 0
P 101 117 0 255 0
P 102 117 0 255 0
P 103 117 0 255 0
P 104 117 0 255 0
P 105 117 0 255 0
P 106 117 0 255 0
P 107 117 0 255 0
P 108 117 0 255 0
P 109 117 0 255 0
P 110 117 0 255 0
P 111 117 0 255 0
P 112 117 0 255 0
P 113 117 0 255 0
P 114 117 0 255 0
P 115 117 0 255 0
P 116 117 0 255 0
P 117 117 0 255 0
P 118 117 0 255 0
P 119 117 0 255 0
P 120 117 0 255 0
P 121 117 0 255 0
P 122 117 0 255 0
P 123 117 0 255 0
P 124 117 0 255 0
P 125 117 0 255 0
P 126 117 0 255 0
P 127 117 0 255 0
P 128 117 0 255 0
P 129 117 0 255 0
P 130 117 0 255 0
P 131 117 0 255 0
P 132 117 0 255 0
P 133 117 0 255 0
P 134 117 0 255 0
P 135 117 0 255 0
P 136 117 0 255 0
P 137 117 0 255 0
P 138 117 0 255 0
P 139 117 0 255 0
P 140 117 0 255 0
P 141 117 0 255 0
P 142 117 0 255 0
P 143 117 0 255 0
P 144 117 0 255 0
P 145 117 0 255 0
P 146 117 255 0 0
P 147 117 255 0 0
P 148 117 255 0 0
P 149 117 255 0 0
P 150 117 255 0 0
P 151 117 255 0 0
P 152 117 255 0 0
P 153 117 255 0 0
P 154 117 255 0 0
P 155 117 255 0 0
P 156 117 255 0 0
P 157 117 255 0 0
P 158 117 255 0 0
P 159 117 255 0 0
P 160 117 255 0 0
P 161 117 255 0 0
P 162 117 255 0 0
P 163 117 255 0 0
P 164 117 255 0 0
P 165 117 255 0 0
P 166 117 255 0 0
P 167 117 255 0 0
P 168 117 255 0 0
P 169 117 255 0 0
P 170 117 255 0 0
P 171 117 255 0 0
P 172 117 255 0 0
P 173 117 255 0 0
P 174 117 255 0 0
P 175 117 255 0 0
P 176 117 255 0 0
P 177 117 255 0 0
P 178 117 255 0 0
P 179 117 255 0 0
P 180 117 255 0 0
P 181 117 255 0 0
P 182 117 255 0 0
P 183 117 255 0 0
P 184 117 255 0 0
P 185 117 255 0 0
P 186 117 255 0 0
P 187 117 255 0 0
P 188 117 255 0 0
P 189 117 255 0 0
P 190 117 255 0 0
P 191 117 255 0 0
P 192 117 255 0 0
P 193 117 255 0 0
P 194 117 255 0 0
P 195 117 255 0 0
P 196 117 255 0 0
P 197 117 255 0 0
P 198 117 255 0 0
P 199 117 255 0 0
P 200 117 255 0 0
P 201 117 255 0 0
P 202 117 255 0 0
P 203 117 255 0 0
P 204 117 255 0 0
P 205 117 255 0 0
P 206 117 255 0 0
P 207 117 255 0 0
P 208 117 255 0 0
P 209 117 255 0 0
P 210 117 255 0 0
P 52 118 0 255 0
P 53 118 0 255 0
P 54 118 0 255 0
P 55 118 0 255 0
P 56 118 0 255 0
P 57 118 0 255 0
P 58 118 0 255 0
P 59 118 0 255 0
P 60 118 0 255 0
P 61 118 0 255 0
P 62 118 0 255 0
P 63 118 0 255 0
P 64 118 0 255 0
P 65 118 0 255 0
P 66 118 0 255 0
P 67 118 0 255 0
P 68 118 0 255 0
P 69 118 0 255 0
P 70 118 0 255 0
P 71 118 0 255 0
P 72 118 0 255 0
P 73 118 0 255 0
P 74 118 0 255 0
P 75 118 0 255 0
P 76 118 0 255 0
P 77 118 0 255 0
P 78 118 0 255 0
P 79 118 0 255 0
P 80 118 0 255 0
P 81 118 0 255 0
P 82 118 0 255 0
P 83 118 0 255 0
P 84 118 0 255 0
P 85 118 0 255 0
P 86 118 0 255 0
P 87 118 0 255 0
P 88 118 0 255 0
P 89 118 0 255 0
P 90 118 0 255 0
P 91 118 0 255 0
P 92 118 0 255 0
P 93 118 0 255 0
P 94 118 0 255 0
P 95 118 0 255 0
P 96 118 0 255 0
P 97 118 0 255 0
P 98 118 0 255 0
P 99 118 0 255 0
P 100 118 0 255 0
P 101 118 0 255 0
P 102 118 0 255 0
P 103 118 0 255 0
P 104 118 0 255 0
P 105 118 0 255 0
P 106 118 0 255 0
P 107 118 0 255 0
P 108 118 0 255 0
P 109 118 0 255 0
P 110 118 0 255 0
P 111 118 0 255 0
P 112 118 0 255 0
P 113 118 0 255 0
P 114 118 0 255 0
P 115 118 0 255 0
P 116 118 0 255 0
P 117 118 0 255 0
P 118 118 0 255 0
P 119 118 0 255 0
P 120 118 0 255 0
P 121 118 0 255 0
P 122 118 0 255 0
P 123 118 0 255 0
P 124 118 0 255 0
P 125 118 0 255 0
P 126 118 0 255 0
P 127 118 0 255 0
P 128 118 0 255 0
P 129 118 0 255 0
P 130 118 0 255 0
P 131 118 0 255 0
P 132 118 0 255 0
P 133 118 0 255 0
P 134 118 0 255 0
P 135 118 0 255 0
P 136 118 0 255 0
P 137 118 0 255 0
P 138 118 0 255 0
P 139 118 0 255 0
P 140 118 0 255 0
P 141 118 0 255 0
P 142 118 0 255 0
P 143 118 0 255 0
P 144 118 0 255 0
P 145 118 0 255 0
P 146 118 255 0 0
P 147 118 255 0 0
P 148 118 255 0 0
P 149 118 255 0 0
P 150 118 255 0 0
P 151 118 255 0 0
P 152 118 255 0 0
P 153 118 255 0 0
P 154 118 255 0 0
P 155 118 255 0 0
P 156 118 255 0 0
P 157 118 255 0 0
P 158 118 255 0 0
P 159 118 255 0 0
P 160 118 255 0 0
P 161 118 255 0 0
P 162 118 255 0 0
P 163 118 255 0 0
P 164 118 255 0 0
P 165 118 255 0 0
P 166 118 255 0 0
P 167 118 255 0 0
P 168 118 255 0 0
P 169 118 255 0 0
P 170 118 255 0 0
P 171 118 255 0 0
P 172 118 255 0 0
P 173 118 255 0 0
P 174 118 255 0 0
P 175 118 255 0 0
P 176 118 255 0 0
P 177 118 255 0 0
P 178 118 255 0 0
P 179 118 255 0 0
P 180 118 255 0 0
P 181 118 255 0 0
P 182 118 255 0 0
P 183 118 255 0 0
P 184 118 255 0 0
P 185 118 255 0 0
P 186 118 255 0 0
P 187 118 255 0 0
P 188 118 255 0 0
P 189 118 255 0 0
P 190 118 255 0 0
P 191 118 255 0 0
P 192 118 255 0 0
P 193 118 255 0 0
P 194 118 255 0 0
P 195 118 255 0 0
P 196 118 255 0 0
P 197 118 255 0 0
P 198 118 255 0 0
P 199 118 255 0 0
P 200 118 255 0 0
P 201 118 255 0 0
P 202 118 255 0 0
P 203 118 255 0 0
P 204 118 255 0 0
P 205 118 255 0 0
P 206 118 255 0 0
P 207 118 255 0 0
P 208 118 255 0 0
P 209 118 255 0 0
P 50 119 0 255 0
P 51 119 0 255 0
P 52 119 0 255 0
P 53 119 0 255 0
P 54 119 0 255 0
P 55 119 0 255 0
P 56 119 0 255 0
P 57 119 0 255 0
P 58 119 0 255 0
P 59 119 0 255 0
P 60 119 0 255 0
P 61 119 0 255 0
P 62 119 0 255 0
P 63 119 0 255 0
P 64 119 0 255 0
P 65 119 0 255 0
P 66 119 0 255 0
P 67 119 0 255 0
P 68 119 0 255 0
P 69 119 0 255 0
P 70 119 0 255 0
P 71 119 0 255 0
P 72 119 0 255 0
P 73 119 0 255 0
P 74 119 0 255 0
P 75 119 0 255 0
P 76 119 0 255 0
P 77 119 0 255 0
P 78 119 0 255 0
P 79 119 0 255 0
P 80 119 0 255 0
P 81 119 0 255 0
P 82 119 0 255 0
P 83 119 0 255 0
P 84 119 0 255 0
P 85 119 0 255 0
P 86 119 0 255 0
P 87 119 0 255 0
P 88 119 0 255 0
P 89 119 0 255 0
P 90 119 0 255 0
P 91 119 0 255 0
P 92 119 0 255 0
P 93 119 0 255 0
P 94 119 0 255 0
P 95 119 0 255 0
P 96 119 0 255 0
P 97 119 0 255 0
P 98 119 0 255 0
P 99 119 0 255 0
P 100 119 0 255 0
P 101 119 0 255 0
P 102 119 0 255 0
P 103 119 0 255 0
P 104 119 0 255 0
P 105 119 0 255 0
P 106 119 0 255 0
P 107 119 0 255 0
P 108 119 0 255 0
P 109 119 0 255 0
P 110 119 0 255 0
P 111 119 0 255 0
P 112 119 0 255 0
P 113 119 0 255 0
P 114 119 0 255 0
P 115 119 0 255 0
P 116 119 0 255 0
P 117 119 0 255 0
P 118 119 0 255 0
P 119 119 0 255 0
P 120 119 0 255 0
P 121 119 0 255 0
P 122 119 0 255 0
P 123 119 0 255 0
P 124 119 0 255 0
P 125 119 0 255 0
P 126 119 0 255 0
P 127 119 0 255 0
P 128 119 0 255 0
P 129 119 0 255 0
P 130 119 0 255 0
P 131 119 0 255 0
P 132 119 0 255 0
P 133 119 0 255 0
P 134 119 0 255 0
P 135 119 0 255 0
P 136 119 0 255 0
P 137 119 0 255 0
P 138 119 0 255 0
P 139 119 0 255 0
P 140 119 0 255 0
P 141 119 0 255 0
P 142 119 0 255 0
P 143 119 0 255 0
P 144 119 0 255 0
P 145 119 0 255 0
P 146 119 255 0 0
P 147 119 255 0 0
P 148 119 255 0 0
P 149 119 255 0 0
P 150 119 255 0 0
P 151 119 255 0 0
P 152 119 255 0 0
P 153 119 255 0 0
P 154 119 255 0 0
P 155 119 255 0 0
P 156 119 255 0 0
P 157 119 255 0 0
P 158 119 255 0 0
P 159 119 255 0 0
P 160 119 255 0 0
P 161 119 255 0 0
P 162 119 255 0 0
P 163 119 255 0 0
P 164 119 255 0 0
P 165 119 255 0 0
P 166 119 255 0 0
P 167 119 255 0 0
P 168 119 255 0 0
P 169 119 255 0 0
P 170 119 255 0 0
P 171 119 255 0 0
P 172 119 255 0 0
P 173 119 255 0 0
P 174 119 255 0 0
P 175 119 255 0 0
P 176 119 255 0 0
P 177 119 255 0 0
P 178 119 255 0 0
P 179 119 255 0 0
P 180 119 255 0 0
P 181 119 255 0 0
P 182 119 255 0 0
P 183 119 255 0 0
P 184 119 255 0 0
P 185 119 255 0 0
P 186 119 255 0 0
P 187 119 255 0 0
P 188 119 255 0 0
P 189 119 255 0 0
P 190 119 255 0 0
P 191 119 255 0 0
P 192 119 255 0 0
P 193 119 255 0 0
P 194 119 255 0 0
P 195 119 255 0 0
P 196 119 255 0 0
P 197 119 255 0 0
P 198 119 255 0 0
P 199 119 255 0 0
P 200 119 255 0 0
P 201 119 255 0 0
P 202 119 255 0 0
P 203 119 255 0 0
P 204 119 255 0 0
P 205 119 255 0 0
P 206 119 255 0 0
P 207 119 255 0 0
P 48 120 0 255 0
P 49 120 0 255 0
P 50 120 0 255 0
P 51 120 0 255 0
P 52 120 0 255 0
P 53 120 0 255 0
P 54 120 0 255 0
P 55 120 0 255 0
P 56 120 0 255 0
P 57 120 0 255 0
P 58 120 0 255 0
P 59 120 0 255 0
P 60 120 0 255 0
P 61 120 0 255 0
P 62 120 0 255 0
P 63 120 0 255 0
P 64 120 0 255 0
P 65 120 0 255 0
P 66 120 0 255 0
P 67 120 0 255 0
P 68 120 0 255 0
P 69 120 0 255 0
P 70 120 0 255 0
P 71 120 0 255 0
P 72 120 0 255 0
P 73 120 0 255 0
P 74 120 0 255 0
P 75 120 0 255 0
P 76 120 0 255 0
P 77 120 0 255 0
P 78 120 0 255 0
P 79 120 0 255 0
P 80 120 0 255 0
P 81 120 0 255 0
P 82 120 0 255 0
P 83 120 0 255 0
P 84 120 0 255 0
P 85 120 0 255 0
P 86 120 0 255 0
P 87 120 0 255 0
P 88 120 0 255 0
P 89 120 0 255 0
P 90 120 0 255 0
P 91 120 0 255 0
P 92 120 0 255 0
P 93 120 0 255 0
P 94 120 0 255 0
P 95 120 0 255 0
P 96 120 0 255 0
P 97 120 0 255 0
P 98 120 0 255 0
P 99 120 0 255 0
P 100 120 0 255 0
P 101 120 0 255 0
P 102 120 0 255 0
P 103 120 0 255 0
P 104 120 0 255 0
P 105 120 0 255 0
P 106 120 0 255 0
P 107 120 0 255 0
P 108 120 0 255 0
P 109 120 0 255 0
P 110 120 0 255 0
P 111 120 0 255 0
P 112 120 0 255 0
P 113 120 0 255 0
P 114 120 0 255 0
P 115 120 0 255 0
P 116 120 0 255 0
P 117 120 0 255 0
P 118 120 0 255 0
P 119 120 0 255 0
P 120 120 0 255 0
P 121 120 0 255 0
P 122 120 0 255 0
P 123 120 0 255 0
P 124 120 0 255 0
P 125 120 0 255 0
P 126 120 0 255 0
P 127 120 0 255 0
P 128 120 0 255 0
P 129 120 0 255 0
P 130 120 0 255 0
P 131 120 0 255 0
P 132 120 0 255 0
P 133 120 0 255 0
P 134 120 0 255 0
P 135 120 0 255 0
P 136 120 0 255 0
P 137 120 0 255 0
P 138 120 0 255 0
P 139 120 0 255 0
P 140 120 0 255 0
P 141 120 0 255 0
P 142 120 0 255 0
P 143 120 0 255 0
P 144 120 0 255 0
P 145 120 0 255 0
P 146 120 255 0 0
P 147 120 255 0 0
P 148 120 255 0 0
P 149 120 255 0 0
P 150 120 255 0 0
P 151 120 255 0 0
P 152 120 255 0 0
P 153 120 255 0 0
P 154 120 255 0 0
P 155 120 255 0 0
P 156 120 255 0 0
P 157 120 255 0 0
P 158 120 255 0 0
P 159 120 255 0 0
P 160 120 255 0 0
P 161 120 255 0 0
P 162 120 255 0 0
P 163 120 255 0 0
P 164 120 255 0 0
P 165 120 255 0 0
P 166 120 255 0 0
P 167 120 255 0 0
P 168 120 255 0 0
P 169 120 255 0 0
P 170 120 255 0 0
P 171 120 255 0 0
P 172 120 255 0 0
P 173 120 255 0 0
P 174 120 255 0 0
P 175 120 255 0 0
P 176 120 255 0 0
P 177 120 255 0 0
P 178 120 255 0 0
P 179 120 255 0 0
P 180 120 255 0 0
P 181 120 255 0 0
P 182 120 255 0 0
P 183 120 255 0 0
P 184 120 255 0 0
P 185 120 255 0 0
P 186 120 255 0 0
P 187 120 255 0 0
P 188 120 255 0 0
P 189 120 255 0 0
P 190 120 255 0 0
P 191 120 255 0 0
P 192 120 255 0 0
P 193 120 255 0 0
P 194 120 255 0 0
P 195 120 255 0 0
P 196 120 255 0 0
P 197 120 255 0 0
P 198 120 255 0 0
P 199 120 255 0 0
P 200 120 255 0 0
P 201 120 255 0 0
P 202 120 255 0 0
P 203 120 255 0 0
P 204 120 255 0 0
P 205 120 255 0 0
P 206 120 255 0 0
P 46 121 0 255 0
P 47 121 0 255 0
P 48 121 0 255 0
P 49 121 0 255 0
P 50 121 0 255 0
P 51 121 0 255 0
P 52 121 0 255 0
P 53 121 0 255 0
P 54 121 0 255 0
P 55 121 0 255 0
P 56 121 0 255 0
P 57 121 0 255 0
P 58 121 0 255 0
P 59 121 0 255 0
P 60 121 0 255 0
P 61 121 0 255 0
P 62 121 0 255 0
P 63 121 0 255 0
P 64 121 0 255 0
P 65 121 0 255 0
P 66 121 0 255 0
P 67 121 0 255 0
P 68 121 0 255 0
P 69 121 0 255 0
P 70 121 0 255 0
P 71 121 0 255 0
P 72 121 0 255 0
P 73 121 0 255 0
P 74 121 0 255 0
P 75 121 0 255 0
P 76 121 0 255 0
P 77 121 0 255 0
P 78 121 0 255 0
P 79 121 0 255 0
P 80 121 0 255 0
P 81 121 0 255 0
P 82 121 0 255 0
P 83 121 0 255 0
P 84 121 0 255 0
P 85 121 0 255 0
P 86 121 0 255 0
P 87 121 0 255 0
P 88 121 0 255 0
P 89 121 0 255 0
P 90 121 0 255 0
P 91 121 0 255 0
P 92 121 0 255 0
P 93 121 0 255 0
P 94 121 0 255 0
P 95 121 0 255 0
P 96 121 0 255 0
P 97 121 0 255 0
P 98 121 0 255 0
P 99 121 0 255 0
P 100 121 0 255 0
P 101 121 0 255 0
P 102 121 0 255 0
P 103 121 0 255 0
P 104 121 0 255 0
P 105 121 0 255 0
P 106 121 0 255 0
P 107 121 0 255 0
P 108 121 0 255 0
P 109 121 0 255 0
P 110 121 0 255 0
P 111 121 0 255 0
P 112 121 0 255 0
P 113 121 0 255 0
P 114 121 0 255 0
P 115 121 0 255 0
P 116 121 0 255 0
P 117 121 0 255 0
P 118 121 0 255 0
P 119 121 0 255 0
P 120 121 0 255 0
P 121 121 0 255 0
P 122 121 0 255 0
P 123 121 0 255 0
P 124 121 0 255 0
P 125 121 0 255 0
P 126 121 0 255 0
P 127 121 0 255 0
P 128 121 0 255 0
P 129 121 0 255 0
P 130 121 0 255 0
P 131 121 0 255 0
P 132 121 0 255 0
P 133 121 0 255 0
P 134 121 0 255 0
P 135 121 0 255 0
P 136 121 0 255 0
P 137 121 0 255 0
P 138 121 0 255 0
P 139 121 0 255 0
P 140 121 0 255 0
P 141 121 0 255 0
P 142 121 0 255 0
P 143 121 0 255 0
P 144 121 0 255 0
P 145 121 0 255 0
P 146 121 255 0 0
P 147 121 255 0 0
P 148 121 255 0 0
P 149 121 255 0 0
P 150 121 255 0 0
P 151 121 255 0 0
P 152 121 255 0 0
P 153 121 255 0 0
P 154 121 255 0 0
P 155 121 255 0 0
P 156 121 255 0 0
P 157 121 255 0 0
P 158 121 255 0 0
P 159 121 255 0 0
P 160 121 255 0 0
P 161 121 255 0 0
P 162 121 255 0 0
P 163 121 255 0 0
P 164 121 255 0 0
P 165 121 255 0 0
P 166 121 255 0 0
P 167 121 255 0 0
P 168 121 255 0 0
P 169 121 255 0 0
P 170 121 255 0 0
P 171 121 255 0 0
P 172 121 255 0 0
P 173 121 255 0 0
P 174 121 255 0 0
P 175 121 255 0 0
P 176 121 255 0 0
P 177 121 255 0 0
P 178 121 255 0 0
P 179 121 255 0 0
P 180 121 255 0 0
P 181 121 255 0 0
P 182 121 255 0 0
P 183 121 255 0 0
P 184 121 255 0 0
P 185 121 255 0 0
P 186 121 255 0 0
P 187 121 255 0 0
P 188 121 255 0 0
P 189 121 255 0 0
P 190 121 255 0 0
P 191 121 255 0 0
P 192 121 255 0 0
P 193 121 255 0 0
P 194 121 255 0 0
P 195 121 255 0 0
P 196 121 255 0 0
P 197 121 255 0 0
P 198 121 255 0 0
P 199 121 255 0 0
P 200 121 255 0 0
P 201 121 255 0 0
P 202 121 255 0 0
P 203 121 255 0 0
P 204 121 255 0 0
P 205 121 255 0 0
P 44 122 0 255 0
P 45 122 0 255 0
P 46 122 0 255 0
P 47 122 0 255 0
P 48 122 0 255 0
P 49 122 0 255 0
P 50 122 0 255 0
P 51 122 0 255 0
P 52 122 0 255 0
P 53 122 0 255 0
P 54 122 0 255 0
P 55 122 0 255 0
P 56 122 0 255 0
P 57 122 0 255 0
P 58 122 0 255 0
P 59 122 0 255 0
P 60 122 0 255 0
P 61 122 0 255 0
P 62 122 0 255 0
P 63 122 0 255 0
P 64 122 0 255 0
P 65 122 0 255 0
P 66 122 0 255 0
P 67 122 0 255 0
P 68 122 0 255 0
P 69 122 0 255 0
P 70 122 0 255 0
P 71 122 0 255 0
P 72 122 0 255 0
P 73 122 0 255 0
P 74 122 0 255 0
P 75 122 0 255 0
P 76 122 0 255 0
P 77 122 0 255 0
P 78 122 0 255 0
P 79 122 0 255 0
P 80 122 0 255 0
P 81 122 0 255 0
P 82 122 0 255 0
P 83 122 0 255 0
P 84 122 0 255 0
P 85 122 0 255 0
P 86 122 0 255 0
P 87 122 0 255 0
P 88 122 0 255 0
P 89 122 0 255 0
P 90 122 0 255 0
P 91 122 0 255 0
P 92 122 0 255 0
P 93 122 0 255 0
P 94 122 0 255 0
P 95 122 0 255 0
P 96 122 0 255 0
P 97 122 0 255 0
P 98 122 0 255 0
P 99 122 0 255 0
P 100 122 0 255 0
P 101 122 0 255 0
P 102 122 0 255 0
P 103 122 0 255 0
P 104 122 0 255 0
P 105 122 0 255 0
P 106 122 0 255 0
P 107 122 0 255 0
P 108 122 0 255 0
P 109 122 0 255 0
P 110 122 0 255 0
P 111 122 0 255 0
P 112 122 0 255 0
P 113 122 0 255 0
P 114 122 0 255 0
P 115 122 0 255 0
P 116 122 0 255 0
P 117 122 0 255 0
P 118 122 0 255 0
P 119 122 0 255 0
P 120 122 0 255 0
P 121 122 0 255 0
P 122 122 0 255 0
P 123 122 0 255 0
P 124 122 0 255 0
P 125 122 0 255 0
P 126 122 0 255 0
P 127 122 0 255 0
P 128 122 0 255 0
P 129 122 0 255 0
P 130 122 0 255 0
P 131 122 0 255 0
P 132 122 0 255 0
P 133 122 0 255 0
P 134 122 0 255 0
P 135 122 0 255 0
P 136 122 0 255 0
P 137 122 0 255 0
P 138 122 0 255 0
P 139 122 0 255 0
P 140 122 0 255 0
P 141 122 0 255 0
P 142 122 0 255 0
P 143 122 0 255 0
P 144 122 0 255 0
P 145 122 0 255 0
P 146 122 255 0 0
P 147 122 255 0 0
P 148 122 255 0 0
P 149 122 255 0 0
P 150 122 255 0 0
P 151 122 255 0 0
P 152 122 255 0 0
P 153 122 255 0 0
P 154 122 255 0 0
P 155 122 255 0 0
P 156 122 255 0 0
P 157 122 255 0 0
P 158 122 255 0 0
P 159 122 255 0 0
P 160 122 255 0 0
P 161 122 255 0 0
P 162 122 255 0 0
P 163 122 255 0 0
P 164 122 255 0 0
P 165 122 255 0 0
P 166 122 255 0 0
P 167 122 255 0 0
P 168 122 255 0 0
P 169 122 255 0 0
P 170 122 255 0 0
P 171 122 255 0 0
P 172 122 255 0 0
P 173 122 255 0 0
P 174 122 255 0 0
P 175 122 255 0 0
P 176 122 255 0 0
P 177 122 255 0 0
P 178 122 255 0 0
P 179 122 255 0 0
P 180 122 255 0 0
P 181 122 255 0 0
P 182 122 255 0 0
P 183 122 255 0 0
P 184 122 255 0 0
P 185 122 255 0 0
P 186 122 255 0 0
P 187 122 255 0 0
P 188 122 255 0 0
P 189 122 255 0 0
P 190 122 255 0 0
P 191 122 255 0 0
P 192 122 255 0 0
P 193 122 255 0 0
P 194 122 255 0 0
P 195 122 255 0 0
P 196 122 255 0 0
P 197 122 255 0 0
P 198 122 255 0 0
P 199 122 255 0 0
P 200 122 255 0 0
P 201 122 255 0 0
P 202 122 255 0 0
P 203 122 255 0 0
P 204 122 255 0 0
P 42 123 0 255 0
P 43 123 0 255 0
P 44 123 0 255 0
P 45 123 0 255 0
P 46 123 0 255 0
P 47 123 0 255 0
P 48 123 0 255 0
P 49 123 0 255 0
P 50 123 0 255 0
P 51 123 0 255 0
P 52 123 0 255 0
P 53 123 0 255 0
P 54 123 0 255 0
P 55 123 0 255 0
P 56 123 0 255 0
P 57 123 0 255 0
P 58 123 0 255 0
P 59 123 0 255 0
P 60 123 0 255 0
P 61 123 0 255 0
P 62 123 0 255 0
P 63 123 0 255 0
P 64 123 0 255 0
P 65 123 0 255 0
P 66 123 0 255 0
P 67 123 0 255 0
P 68 123 0 255 0
P 69 123 0 255 0
P 70 123 0 255 0
P 71 123 0 255 0
P 72 123 0 255 0
P 73 123 0 255 0
P 74 123 0 255 0
P 75 123 0 255 0
P 76 123 0 255 0
P 77 123 0 255 0
P 78 123 0 255 0
P 79 123 0 255 0
P 80 123 0 255 0
P 81 123 0 255 0
P 82 123 0 255 0
P 83 123 0 255 0
P 84 123 0 255 0
P 85 123 0 255 0
P 86 123 0 255 0
P 87 123 0 255 0
P 88 123 0 255 0
P 89 123 0 255 0
P 90 123 0 255 0
P 91 123 0 255 0
P 92 123 0 255 0
P 93 123 0 255 0
P 94 123 0 255 0
P 95 123 0 255 0
P 96 123 0 255 0
P 97 123 0 255 0
P 98 123 0 255 0
P 99 123 0 255 0
P 100 123 0 255 0
P 101 123 0 255 0
P 102 123 0 255 0
P 103 123 0 255 0
P 104 123 0 255 0
P 105 123 0 255 0
P 106 123 0 255 0
P 107 123 0 255 0
P 108 123 0 255 0
P 109 123 0 255 0
P 110 123 0 255 0
P 111 123 0 255 0
P 112 123 0 255 0
P 113 123 0 255 0
P 114 123 0 255 0
P 115 123 0 255 0
P 116 123 0 255 0
P 117 123 0 255 0
P 118 123 0 255 0
P 119 123 0 255 0
P 120 123 0 255 0
P 121 123 0 255 0
P 122 123 0 255 0
P 123 123 0 255 0
P 124 123 0 255 0
P 125 123 0 255 0
P 126 123 0 255 0
P 127 123 0 255 0
P 128 123 0 255 0
P 129 123 0 255 0
P 130 123 0 255 0
P 131 123 0 255 0
P 132 123 0 255 0
P 133 123 0 255 0
P 134 123 0 255 0
P 135 123 0 255 0
P 136 123 0 255 0
P 137 123 0 255 0
P 138 123 0 255 0
P 139 123 0 255 0
P 140 123 0 255 0
P 141 123 0 255 0
P 142 123 0 255 0
P 143 123 0 255 0
P 144 123 0 255 0
P 145 123 0 255 0
P 146 123 255 0 0
P 147 123 255 0 0
P 148 123 255 0 0
P 149 123 255 0 0
P 150 123 255 0 0
P 151 123 255 0 0
P 152 123 255 0 0
P 153 123 255 0 0
P 154 123 255 0 0
P 155 123 255 0 0
P 156 123 255 0 0
P 157 123 255 0 0
P 158 123 255 0 0
P 159 123 255 0 0
P 160 123 255 0 0
P 161 123 255 0 0
P 162 123 255 0 0
P 163 123 255 0 0
P 164 123 255 0 0
P 165 123 255 0 0
P 166 123 255 0 0
P 167 123 255 0 0
P 168 123 255 0 0
P 169 123 255 0 0
P 170 123 255 0 0
P 171 123 255 0 0
P 172 123 255 0 0
P 173 123 255 0 0
P 174 123 255 0 0
P 175 123 255 0 0
P 176 123 255 0 0
P 177 123 255 0 0
P 178 123 255 0 0
P 179 123 255 0 0
P 180 123 255 0 0
P 181 123 255 0 0
P 182 123 255 0 0
P 183 123 255 0 0
P 184 123 255 0 0
P 185 123 255 0 0
P 186 123 255 0 0
P 187 123 255 0 0
P 188 123 255 0 0
P 189 123 255 0 0
P 190 123 255 0 0
P 191 123 255 0 0
P 192 123 255 0 0
P 193 123 255 0 0
P 194 123 255 0 0
P 195 123 255 0 0
P 196 123 255 0 0
P 197 123 255 0 0
P 198 123 255 0 0
P 199 123 255 0 0
P 200 123 255 0 0
P 201 123 255 0 0
P 202 123 255 0 0
P 40 124 0 255 0
P 41 124 0 255 0
P 42 124 0 255 0
P 43 124 0 255 0
P 44 124 0 255 0
P 45 124 0 255 0
P 46 124 0 255 0
P 47 124 0 255 0
P 48 124 0 255 0
P 49 124 0 255 0
P 50 124 0 255 0
P 51 124 0 255 0
P 52 124 0 255 0
P 53 124 0 255 0
P 54 124 0 255 0
P 55 124 0 255 0
P 56 124 0 255 0
P 57 124 0 255 0
P 58 124 0 255 0
P 59 124 0 255 0
P 60 124 0 255 0
P 61 124 0 255 0
P 62 124 0 255 0
P 63 124 0 255 0
P 64 124 0 255 0
P 65 124 0 255 0
P 66 124 0 255 0
P 67 124 0 255 0
P 68 124 0 255 0
P 69 124 0 255 0
P 70 124 0 255 0
P 71 124 0 255 0
P 72 124 0 255 0
P 73 124 0 255 0
P 74 124 0 255 0
P 75 124 0 255 0
P 76 124 0 255 0
P 77 124 0 255 0
P 78 124 0 255 0
P 79 124 0 255 0
P 80 124 0 255 0
P 81 124 0 255 0
P 82 124 0 255 0
P 83 124 0 255 0
P 84 124 0 255 0
P 85 124 0 255 0
P 86 124 0 255 0
P 87 124 0 255 0
P 88 124 0 255 0
P 89 124 0 255 0
P 90 124 0 255 0
P 91 124 0 255 0
P 92 124 0 255 0
P 93 124 0 255 0
P 94 124 0 255 0
P 95 124 0 255 0
P 96 124 0 255 0
P 97 124 0 255 0
P 98 124 0 255 0
P 99 124 0 255 0
P 100 124 0 255 0
P 101 124 0 255 0
P 102 124 0 255 0
P 103 124 0 255 0
P 104 124 0 255 0
P 105 124 0 255 0
P 106 124 0 255 0
P 107 124 0 255 0
P 108 124 0 255 0
P 109 124 0 255 0
P 110 124 0 255 0
P 111 124 0 255 0
P 112 124 0 255 0
P 113 124 0 255 0
P 114 124 0 255 0
P 115 124 0 255 0
P 116 124 0 255 0
P 117 124 0 255 0
P 118 124 0 255 0
P 119 124 0 255 0
P 120 124 0 255 0
P 121 124 0 255 0
P 122 124 0 255 0
P 123 124 0 255 0
P 124 124 0 255 0
P 125 124 0 255 0
P 126 124 0 255 0
P 127 124 0 255 0
P 128 124 0 255 0
P 129 124 0 255 0
P 130 124 0 255 0
P 131 124 0 255 0
P 132 124 0 255 0
P 133 124 0 255 0
P 134 124 0 255 0
P 135 124 0 255 0
P 136 124 0 255 0
P 137 124 0 255 0
P 138 124 0 255 0
P 139 124 0 255 0
P 140 124 0 255 0
P 141 124 0 255 0
P 142 124 0 255 0
P 143 124 0 255 0
P 144 124 0 255 0
P 145 124 0 255 0
P 146 124 255 0 0
P 147 124 255 0 0
P 148 124 255 0 0
P 149 124 255 0 0
P 150 124 255 0 0
P 151 124 255 0 0
P 152 124 255 0 0
P 153 124 255 0 0
P 154 124 255 0 0
P 155 124 255 0 0
P 156 124 255 0 0
P 157 124 255 0 0
P 158 124 255 0 0
P 159 124 255 0 0
P 160 124 255 0 0
P 161 124 255 0 0
P 162 124 255 0 0
P 163 124 255 0 0
P 164 124 255 0 0
P 165 124 255 0 0
P 166 124 255 0 0
P 167 124 255 0 0
P 168 124 255 0 0
P 169 124 255 0 0
P 170 124 255 0 0
P 171 124 255 0 0
P 172 124 255 0 0
P 173 124 255 0 0
P 174 124 255 0 0
P 175 124 255 0 0
P 176 124 255 0 0
P 177 124 255 0 0
P 178 124 255 0 0
P 179 124 255 0 0
P 180 124 255 0 0
P 181 124 255 0 0
P 182 124 255 0 0
P 183 124 255 0 0
P 184 124 255 0 0
P 185 124 255 0 0
P 186 124 255 0 0
P 187 124 255 0 0
P 188 124 255 0 0
P 189 124 255 0 0
P 190 124 255 0 0
P 191 124 255 0 0
P 192 124 255 0 0
P 193 124 255 0 0
P 194 124 255 0 0
P 195 124 255 0 0
P 196 124 255 0 0
P 197 124 255 0 0
P 198 124 255 0 0
P 199 124 255 0 0
P 200 124 255 0 0
P 201 124 255 0 0
P 37 125 0 255 0
P 38 125 0 255 0
P 39 125 0 255 0
P 40 125 0 255 0
P 41 125 0 255 0
P 42 125 0 255 0
P 43 125 0 255 0
P 44 125 0 255 0
P 45 125 0 255 0
P 46 125 0 255 0
P 47 125 0 255 0
P 48 125 0 255 0
P 49 125 0 255 0
P 50 125 0 255 0
P 51 125 0 255 0
P 52 125 0 255 0
P 53 125 0 255 0
P 54 125 0 255 0
P 55 125 0 255 0
P 56 125 0 255 0
P 57 125 0 255 0
P 58 125 0 255 0
P 59 125 0 255 0
P 60 125 0 255 0
P 61 125 0 255 0
P 62 125 0 255 0
P 63 125 0 255 0
P 64 125 0 255 0
P 65 125 0 255 0
P 66 125 0 255 0
P 67 125 0 255 0
P 68 125 0 255 0
P 69 125 0 255 0
P 70 125 0 255 0
P 71 125 0 255 0
P 72 125 0 255 0
P 73 125 0 255 0
P 74 125 0 255 0
P 75 125 0 255 0
P 76 125 0 255 0
P 77 125 0 255 0
P 78 125 0 255 0
P 79 125 0 255 0
P 80 125 0 255 0
P 81 125 0 255 0
P 82 125 0 255 0
P 83 125 0 255 0
P 84 125 0 255 0
P 85 125 0 255 0
P 86 125 0 255 0
P 87 125 0 255 0
P 88 125 0 255 0
P 89 125 0 255 0
P 90 125 0 255 0
P 91 125 0 255 0
P 92 125 0 255 0
P 93 125 0 255 0
P 94 125 0 255 0
P 95 125 0 255 0
P 96 125 0 255 0
P 97 125 0 255 0
P 98 125 0 255 0
P 99 125 0 255 0
P 100 125 0 255 0
P 101 125 0 255 0
P 102 125 0 255 0
P 103 125 0 255 0
P 104 125 0 255 0
P 105 125 0 255 0
P 106 125 0 255 0
P 107 125 0 255 0
P 108 125 0 255 0
P 109 125 0 255 0
P 110 125 0 255 0
P 111 125 0 255 0
P 112 125 0 255 0
P 113 125 0 255 0
P 114 125 0 255 0
P 115 125 0 255 0
P 116 125 0 255 0
P 117 125 0 255 0
P 118 125 0 255 0
P 119 125 0 255 0
P 120 125 0 255 0
P 121 125 0 255 0
P 122 125 0 255 0
P 123 125 0 255 0
P 124 125 0 255 0
P 125 125 0 255 0
P 126 125 0 255 0
P 127 125 0 255 0
P 128 125 0 255 0
P 129 125 0 255 0
P 130 125 0 255 0
P 131 125 0 255 0
P 132 125 0 255 0
P 133 125 0 255 0
P 134 125 0 255 0
P 135 125 0 255 0
P 136 125 0 255 0
P 137 125 0 255 0
P 138 125 0 255 0
P 139 125 0 255 0
P 140 125 0 255 0
P 141 125 0 255 0
P 142 125 0 255 0
P 143 125 0 255 0
P 144 125 0 255 0
P 145 125 0 255 0
P 146 125 255 0 0
P 147 125 255 0 0
P 148 125 255 0 0
P 149 125 255 0 0
P 150 125 255 0 0
P 151 125 255 0 0
P 152 125 255 0 0
P 153 125 255 0 0
P 154 125 255 0 0
P 155 125 255 0 0
P 156 125 255 0 0
P 157 125 255 0 0
P 158 125 255 0 0
P 159 125 255 0 0
P 160 125 255 0 0
P 161 125 255 0 0
P 162 125 255 0 0
P 163 125 255 0 0
P 164 125 255 0 0
P 165 125 255 0 0
P 166 125 255 0 0
P 167 125 255 0 0
P 168 125 255 0 0
P 169 125 255 0 0
P 170 125 255 0 0
P 171 125 255 0 0
P 172 125 255 0 0
P 173 125 255 0 0
P 174 125 255 0 0
P 175 125 255 0 0
P 176 125 255 0 0
P 177 125 255 0 0
P 178 125 255 0 0
P 179 125 255 0 0
P 180 125 255 0 0
P 181 125 255 0 0
P 182 125 255 0 0
P 183 125 255 0 0
P 184 125 255 0 0
P 185 125 255 0 0
P 186 125 255 0 0
P 187 125 255 0 0
P 188 125 255 0 0
P 189 125 255 0 0
P 190 125 255 0 0
P 191 125 255 0 0
P 192 125 255 0 0
P 193 125 255 0 0
P 194 125 255 0 0
P 195 125 255 0 0
P 196 125 255 0 0
P 197 125 255 0 0
P 198 125 255 0 0
P 199 125 255 0 0
P 200 125 255 0 0
P 35 126 0 255 0
P 36 126 0 255 0
P 37 126 0 255 0
P 38 126 0 255 0
P 39 126 0 255 0
P 40 126 0 255 0
P 41 126 0 255 0
P 42 126 0 255 0
P 43 126 0 255 0
P 44 126 0 255 0
P 45 126 0 255 0
P 46 126 0 255 0
P 47 126 0 255 0
P 48 126 0 255 0
P 49 126 0 255 0
P 50 126 0 255 0
P 51 126 0 255 0
P 52 126 0 255 0
P 53 126 0 255 0
P 54 126 0 255 0
P 55 126 0 255 0
P 56 126 0 255 0
P 57 126 0 255 0
P 58 126 0 255 0
P 59 126 0 255 0
P 60 126 0 255 0
P 61 126 0 255 0
P 62 126 0 255 0
P 63 126 0 255 0
P 64 126 0 255 0
P 65 126 0 255 0
P 66 126 0 255 0
P 67 126 0 255 0
P 68 126 0 255 0
P 69 126 0 255 0
P 70 126 0 255 0
P 71 126 0 255 0
P 72 126 0 255 0
P 73 126 0 255 0
P 74 126 0 255 0
P 75 126 0 255 0
P 76 126 0 255 0
P 77 126 0 255 0
P 78 126 0 255 0
P 79 126 0 255 0
P 80 126 0 255 0
P 81 126 0 255 0
P 82 126 0 255 0
P 83 126 0 255 0
P 84 126 0 255 0
P 85 126 0 255 0
P 86 126 0 255 0
P 87 126 0 255 0
P 88 126 0 255 0
P 89 126 0 255 0
P 90 126 0 255 0
P 91 126 0 255 0
P 92 126 0 255 0
P 93 126 0 255 0
P 94 126 0 255 0
P 95 126 0 255 0
P 96 126 0 255 0
P 97 126 0 255 0
P 98 126 0 255 0
P 99 126 0 255 0
P 100 126 0 255 0
P 101 126 0 255 0
P 102 126 0 255 0
P 103 126 0 255 0
P 104 126 0 255 0
P 105 126 0 255 0
P 106 126 0 255 0
P 107 126 0 255 0
P 108 126 0 255 0
P 109 126 0 255 0
P 110 126 0 255 0
P 111 126 0 255 0
P 112 126 0 255 0
P 113 126 0 255 0
P 114 126 0 255 0
P 115 126 0 255 0
P 116 126 0 255 0
P 117 126 0 255 0
P 118 126 0 255 0
P 119 126 0 255 0
P 120 126 0 255 0
P 121 126 0 255 0
P 122 126 0 255 0
P 123 126 0 255 0
P 124 126 0 255 0
P 125 126 0 255 0
P 126 126 0 255 0
P 127 126 0 255 0
P 128 126 0 255 0
P 129 126 0 255 0
P 130 126 0 255 0
P 131 126 0 255 0
P 132 126 0 255 0
P 133 126 0 255 0
P 134 126 0 255 0
P 135 126 0 255 0
P 136 126 0 255 0
P 137 126 0 255 0
P 138 126 0 255 0
P 139 126 0 255 0
P 140 126 0 255 0
P 141 126 0 255 0
P 142 126 0 255 0
P 143 126 0 255 0
P 144 126 0 255 0
P 145 126 0 255 0
P 146 126 255 0 0
P 147 126 255 0 0
P 148 126 255 0 0
P 149 126 255 0 0
P 150 126 255 0 0
P 151 126 255 0 0
P 152 126 255 0 0
P 153 126 255 0 0
P 154 126 255 0 0
P 155 126 255 0 0
P 156 126 255 0 0
P 157 126 255 0 0
P 158 126 255 0 0
P 159 126 255 0 0
P 160 126 255 0 0
P 161 126 255 0 0
P 162 126 255 0 0
P 163 126 255 0 0
P 164 126 255 0 0
P 165 126 255 0 0
P 166 126 255 0 0
P 167 126 255 0 0
P 168 126 255 0 0
P 169 126 255 0 0
P 170 126 255 0 0
P 171 126 255 0 0
P 172 126 255 0 0
P 173 126 255 0 0
P 174 126 255 0 0
P 175 126 255 0 0
P 176 126 255 0 0
P 177 126 255 0 0
P 178 126 255 0 0
P 179 126 255 0 0
P 180 126 255 0 0
P 181 126 255 0 0
P 182 126 255 0 0
P 183 126 255 0 0
P 184 126 255 0 0
P 185 126 255 0 0
P 186 126 255 0 0
P 187 126 255 0 0
P 188 126 255 0 0
P 189 126 255 0 0
P 190 126 255 0 0
P 191 126 255 0 0
P 192 126 255 0 0
P 193 126 255 0 0
P 194 126 255 0 0
P 195 126 255 0 0
P 196 126 255 0 0
P 197 126 255 0 0
P 198 126 255 0 0
P 199 126 255 0 0
P 33 127 0 255 0
P 34 127 0 255 0
P 35 127 0 255 0
P 36 127 0 255 0
P 37 127 0 255 0
P 38 127 0 255 0
P 39 127 0 255 0
P 40 127 0 255 0
P 41 127 0 255 0
P 42 127 0 255 0
P 43 127 0 255 0
P 44 127 0 255 0
P 45 127 0 255 0
P 46 127 0 255 0
P 47 127 0 255 0
P 48 127 0 255 0
P 49 127 0 255 0
P 50 127 0 255 0
P 51 127 0 255 0
P 52 127 0 255 0
P 53 127 0 255 0
P 54 127 0 255 0
P 55 127 0 255 0
P 56 127 0 255 0
P 57 127 0 255 0
P 58 127 0 255 0
P 59 127 0 255 0
P 60 127 0 255 0
P 61 127 0 255 0
P 62 127 0 255 0
P 63 127 0 255 0
P 64 127 0 255 0
P 65 127 0 255 0
P 66 127 0 255 0
P 67 127 0 255 0
P 68 127 0 255 0
P 69 127 0 255 0
P 70 127 0 255 0
P 71 127 0 255 0
P 72 127 0 255 0
P 73 127 0 255 0
P 74 127 0 255 0
P 75 127 0 255 0
P 76 127 0 255 0
P 77 127 0 255 0
P 78 127 0 255 0
P 79 127 0 255 0
P 80 127 0 255 0
P 81 127 0 255 0
P 82 127 0 255 0
P 83 127 0 255 0
P 84 127 0 255 0
P 85 127 0 255 0
P 86 127 0 255 0
P 87 127 0 255 0
P 88 127 0 255 0
P 89 127 0 255 0
P 90 127 0 255 0
P 91 127 0 255 0
P 92 127 0 255 0
P 93 127 0 255 0
P 94 127 0 255 0
P 95 127 0 255 0
P 96 127 0 255 0
P 97 127 0 255 0
P 98 127 0 255 0
P 99 127 0 255 0
P 100 127 0 255 0
P 101 127 0 255 0
P 102 127 0 255 0
P 103 127 0 255 0
P 104 127 0 255 0
P 105 127 0 255 0
P 106 127 0 255 0
P 107 127 0 255 0
P 108 127 0 255 0
P 109 127 0 255 0
P 110 127 0 255 0
P 111 127 0 255 0
P 112 127 0 255 0
P 113 127 0 255 0
P 114 127 0 255 0
P 115 127 0 255 0
P 116 127 0 255 0
P 117 127 0 255 0
P 118 127 0 255 0
P 119 127 0 255 0
P 120 127 0 255 0
P 121 127 0 255 0
P 122 127 0 255 0
P 123 127 0 255 0
P 124 127 0 255 0
P 125 127 0 255 0
P 126 127 0 255 0
P 127 127 0 255 0
P 128 127 0 255 0
P 129 127 0 255 0
P 130 127 0 255 0
P 131 127 0 255 0
P 132 127 0 255 0
P 133 127 0 255 0
P 134 127 0 255 0
P 135 127 0 255 0
P 136 127 0 255 0
P 137 127 0 255 0
P 138 127 0 255 0
P 139 127 0 255 0
P 140 127 0 255 0
P 141 127 0 255 0
P 142 127 0 255 0
P 143 127 0 255 0
P 144 127 0 255 0
P 145 127 0 255 0
P 146 127 255 0 0
P 147 127 255 0 0
P 148 127 255 0 0
P 149 127 255 0 0
P 150 127 255 0 0
P 151 127 255 0 0
P 152 127 255 0 0
P 153 127 255 0 0
P 154 127 255 0 0
P 155 127 255 0 0
P 156 127 255 0 0
P 157 127 255 0 0
P 158 127 255 0 0
P 159 127 255 0 0
P 160 127 255 0 0
P 161 127 255 0 0
P 162 127 255 0 0
P 163 127 255 0 0
P 164 127 255 0 0
P 165 127 255 0 0
P 166 127 255 0 0
P 167 127 255 0 0
P 168 127 255 0 0
P 169 127 255 0 0
P 170 127 255 0 0
P 171 127 255 0 0
P 172 127 255 0 0
P 173 127 255 0 0
P 174 127 255 0 0
P 175 127 255 0 0
P 176 127 255 0 0
P 177 127 255 0 0
P 178 127 255 0 0
P 179 127 255 0 0
P 180 127 255 0 0
P 181 127 255 0 0
P 182 127 255 0 0
P 183 127 255 0 0
P 184 127 255 0 0
P 185 127 255 0 0
P 186 127 255 0 0
P 187 127 255 0 0
P 188 127 255 0 0
P 189 127 255 0 0
P 190 127 255 0 0
P 191 127 255 0 0
P 192 127 255 0 0
P 193 127 255 0 0
P 194 127 255 0 0
P 195 127 255 0 0
P 196 127 255 0 0
P 197 127 255 0 0
P 198 127 255 0 0
P 31 128 0 255 0
P 32 128 0 255 0
P 33 128 0 255 0
P 34 128 0 255 0
P 35 128 0 255 0
P 36 128 0 255 0
P 37 128 0 255 0
P 38 128 0 255 0
P 39 128 0 255 0
P 40 128 0 255 0
P 41 128 0 255 0
P 42 128 0 255 0
P 43 128 0 255 0
P 44 128 0 255 0
P 45 128 0 255 0
P 46 128 0 255 0
P 47 128 0 255 0
P 48 128 0 255 0
P 49 128 0 255 0
P 50 128 0 255 0
P 51 128 0 255 0
P 52 128 0 255 0
P 53 128 0 255 0
P 54 128 0 255 0
P 55 128 0 255 0
P 56 128 0 255 0
P 57 128 0 255 0
P 58 128 0 255 0
P 59 128 0 255 0
P 60 128 0 255 0
P 61 128 0 255 0
P 62 128 0 255 0
P 63 128 0 255 0
P 64 128 0 255 0
P 65 128 0 255 0
P 66 128 0 255 0
P 67 128 0 255 0
P 68 128 0 255 0
P 69 128 0 255 0
P 70 128 0 255 0
P 71 128 0 255 0
P 72 128 0 255 0
P 73 128 0 255 0
P 74 128 0 255 0
P 75 128 0 255 0
P 76 128 0 255 0
P 77 128 0 255 0
P 78 128 0 255 0
P 79 128 0 255 0
P 80 128 0 255 0
P 81 128 0 255 0
P 82 128 0 255 0
P 83 128 0 255 0
P 84 128 0 255 0
P 85 128 0 255 0
P 86 128 0 255 0
P 87 128 0 255 0
P 88 128 0 255 0
P 89 128 0 255 0
P 90 128 0 255 0
P 91 128 0 255 0
P 92 128 0 255 0
P 93 128 0 255 0
P 94 128 0 255 0
P 95 128 0 255 0
P 96 128 0 255 0
P 97 128 0 255 0
P 98 128 0 255 0
P 99 128 0 255 0
P 100 128 0 255 0
P 101 128 0 255 0
P 102 128 0 255 0
P 103 128 0 255 0
P 104 128 0 255 0
P 105 128 0 255 0
P 106 128 0 255 0
P 107 128 0 255 0
P 108 128 0 255 0
P 109 128 0 255 0
P 110 128 0 255 0
P 111 128 0 255 0
P 112 128 0 255 0
P 113 128 0 255 0
P 114 128 0 255 0
P 115 128 0 255 0
P 116 128 0 255 0
P 117 128 0 255 0
P 118 128 0 255 0
P 119 128 0 255 0
P 120 128 0 255 0
P 121 128 0 255 0
P 122 128 0 255 0
P 123 128 0 255 0
P 124 128 0 255 0
P 125 128 0 255 0
P 126 128 0 255 0
P 127 128 0 255 0
P 128 128 0 255 0
P 129 128 0 255 0
P 130 128 0 255 0
P 131 128 0 255 0
P 132 128 0 255 0
P 133 128 0 255 0
P 134 128 0 255 0
P 135 128 0 255 0
P 136 128 0 255 0
P 137 128 0 255 0
P 138 128 0 255 0
P 139 128 0 255 0
P 140 128 0 255 0
P 141 128 0 255 0
P 142 128 0 255 0
P 143 128 0 255 0
P 144 128 0 255 0
P 145 128 0 255 0
P 146 128 255 0 0
P 147 128 255 0 0
P 148 128 255 0 0
P 149 128 255 0 0
P 150 128 255 0 0
P 151 128 255 0 0
P 152 128 255 0 0
P 153 128 255 0 0
P 154 128 255 0 0
P 155 128 255 0 0
P 156 128 255 0 0
P 157 128 255 0 0
P 158 128 255 0 0
P 159 128 255 0 0
P 160 128 255 0 0
P 161 128 255 0 0
P 162 128 255 0 0
P 163 128 255 0 0
P 164 128 255 0 0
P 165 128 255 0 0
P 166 128 255 0 0
P 167 128 255 0 0
P 168 128 255 0 0
P 169 128 255 0 0
P 170 128 255 0 0
P 171 128 255 0 0
P 172 128 255 0 0
P 173 128 255 0 0
P 174 128 255 0 0
P 175 128 255 0 0
P 176 128 255 0 0
P 177 128 255 0 0
P 178 128 255 0 0
P 179 128 255 0 0
P 180 128 255 0 0
P 181 128 255 0 0
P 182 128 255 0 0
P 183 128 255 0 0
P 184 128 255 0 0
P 185 128 255 0 0
P 186 128 255 0 0
P 187 128 255 0 0
P 188 128 255 0 0
P 189 128 255 0 0
P 190 128 255 0 0
P 191 128 255 0 0
P 192 128 255 0 0
P 193 128 255 0 0
P 194 128 255 0 0
P 195 128 255 0 0
P 196 128 255 0 0
P 29 129 0 255 0
P 30 129 0 255 0
P 31 129 0 255 0
P 32 129 0 255 0
P 33 129 0 255 0
P 34 129 0 255 0
P 35 129 0 255 0
P 36 129 0 255 0
P 37 129 0 255 0
P 38 129 0 255 0
P 39 129 0 255 0
P 40 129 0 255 0
P 41 129 0 255 0
P 42 129 0 255 0
P 43 129 0 255 0
P 44 129 0 255 0
P 45 129 0 255 0
P 46 129 0 255 0
P 47 129 0 255 0
P 48 129 0 255 0
P 49 129 0 255 0
P 50 129 0 255 0
P 51 129 0 255 0
P 52 129 0 255 0
P 53 129 0 255 0
P 54 129 0 255 0
P 55 129 0 255 0
P 56 129 0 255 0
P 57 129 0 255 0
P 58 129 0 255 0
P 59 129 0 255 0
P 60 129 0 255 0
P 61 129 0 255 0
P 62 129 0 255 0
P 63 129 0 255 0
P 64 129 0 255 0
P 65 129 0 255 0
P 66 129 0 255 0
P 67 129 0 255 0
P 68 129 0 255 0
P 69 129 0 255 0
P 70 129 0 255 0
P 71 129 0 255 0
P 72 129 0 255 0
P 73 129 0 255 0
P 74 129 0 255 0
P 75 129 0 255 0
P 76 129 0 255 0
P 77 129 0 255 0
P 78 129 0 255 0
P 79 129 0 255 0
P 80 129 0 255 0
P 81 129 0 255 0
P 82 129 0 255 0
P 83 129 0 255 0
P 84 129 0 255 0
P 85 129 0 255 0
P 86 129 0 255 0
P 87 129 0 255 0
P 88 129 0 255 0
P 89 129 0 255 0
P 90 129 0 255 0
P 91 129 0 255 0
P 92 129 0 255 0
P 93 129 0 255 0
P 94 129 0 255 0
P 95 129 0 255 0
P 96 129 0 255 0
P 97 129 0 255 0
P 98 129 0 255 0
P 99 129 0 255 0
P 100 129 0 255 0
P 101 129 0 255 0
P 102 129 0 255 0
P 103 129 0 255 0
P 104 129 0 255 0
P 105 129 0 255 0
P 106 129 0 255 0
P 107 129 0 255 0
P 108 129 0 255 0
P 109 129 0 255 0
P 110 129 0 255 0
P 111 129 0 255 0
P 112 129 0 255 0
P 113 129 0 255 0
P 114 129 0 255 0
P 115 129 0 255 0
P 116 129 0 255 0
P 117 129 0 255 0
P 118 129 0 255 0
P 119 129 0 255 0
P 120 129 0 255 0
P 121 129 0 255 0
P 122 129 0 255 0
P 123 129 0 255 0
P 124 129 0 255 0
P 125 129 0 255 0
P 126 129 0 255 0
P 127 129 0 255 0
P 128 129 0 255 0
P 129 129 0 255 0
P 130 129 0 255 0
P 131 129 0 255 0
P 132 129 0 255 0
P 133 129 0 255 0
P 134 129 0 255 0
P 135 129 0 255 0
P 136 129 0 255 0
P 137 129 0 255 0
P 138 129 0 255 0
P 139 129 0 255 0
P 140 129 0 255 0
P 141 129 0 255 0
P 142 129 0 255 0
P 143 129 0 255 0
P 144 129 0 255 0
P 145 129 0 255 0
P 146 129 255 0 0
P 147 129 255 0 0
P 148 129 255 0 0
P 149 129 255 0 0
P 150 129 255 0 0
P 151 129 255 0 0
P 152 129 255 0 0
P 153 129 255 0 0
P 154 129 255 0 0
P 155 129 255 0 0
P 156 129 255 0 0
P 157 129 255 0 0
P 158 129 255 0 0
P 159 129 255 0 0
P 160 129 255 0 0
P 161 129 255 0 0
P 162 129 255 0 0
P 163 129 255 0 0
P 164 129 255 0 0
P 165 129 255 0 0
P 166 129 255 0 0
P 167 129 255 0 0
P 168 129 255 0 0
P 169 129 255 0 0
P 170 129 255 0 0
P 171 129 255 0 0
P 172 129 255 0 0
P 173 129 255 0 0
P 174 129 255 0 0
P 175 129 255 0 0
P 176 129 255 0 0
P 177 129 255 0 0
P 178 129 255 0 0
P 179 129 255 0 0
P 180 129 255 0 0
P 181 129 255 0 0
P 182 129 255 0 0
P 183 129 255 0 0
P 184 129 255 0 0
P 185 129 255 0 0
P 186 129 255 0 0
P 187 129 255 0 0
P 188 129 255 0 0
P 189 129 255 0 0
P 190 129 255 0 0
P 191 129 255 0 0
P 192 129 255 0 0
P 193 129 255 0 0
P 194 129 255 0 0
P 195 129 255 0 0
P 27 130 0 255 0
P 28 130 0 255 0
P 29 130 0 255 0
P 30 130 0 255 0
P 31 130 0 255 0
P 32 130 0 255 0
P 33 130 0 255 0
P 34 130 0 255 0
P 35 130 0 255 0
P 36 130 0 255 0
P 37 130 0 255 0
P 38 130 0 255 0
P 39 130 0 255 0
P 40 130 0 255 0
P 41 130 0 255 0
P 42 130 0 255 0
P 43 130 0 255 0
P 44 130 0 255 0
P 45 130 0 255 0
P 46 130 0 255 0
P 47 130 0 255 0
P 48 130 0 255 0
P 49 130 0 255 0
P 50 130 0 255 0
P 51 130 0 255 0
P 52 130 0 255 0
P 53 130 0 255 0
P 54 130 0 255 0
P 55 130 0 255 0
P 56 130 0 255 0
P 57 130 0 255 0
P 58 130 0 255 0
P 59 130 0 255 0
P 60 130 0 255 0
P 61 130 0 255 0
P 62 130 0 255 0
P 63 130 0 255 0
P 64 130 0 255 0
P 65 130 0 255 0
P 66 130 0 255 0
P 67 130 0 255 0
P 68 130 0 255 0
P 69 130 0 255 0
P 70 130 0 255 0
P 71 130 0 255 0
P 72 130 0 255 0
P 73 130 0 255 0
P 74 130 0 255 0
P 75 130 0 255 0
P 76 130 0 255 0
P 77 130 0 255 0
P 78 130 0 255 0
P 79 130 0 255 0
P 80 130 0 255 0
P 81 130 0 255 0
P 82 130 0 255 0
P 83 130 0 255 0
P 84 130 0 255 0
P 85 130 0 255 0
P 86 130 0 255 0
P 87 130 0 255 0
P 88 130 0 255 0
P 89 130 0 255 0
P 90 130 0 255 0
P 91 130 0 255 0
P 92 130 0 255 0
P 93 130 0 255 0
P 94 130 0 255 0
P 95 130 0 255 0
P 96 130 0 255 0
P 97 130 0 255 0
P 98 130 0 255 0
P 99 130 0 255 0
P 100 130 0 255 0
P 101 130 0 255 0
P 102 130 0 255 0
P 103 130 0 255 0
P 104 130 0 255 0
P 105 130 0 255 0
P 106 130 0 255 0
P 107 130 0 255 0
P 108 130 0 255 0
P 109 130 0 255 0
P 110 130 0 255 0
P 111 130 0 255 0
P 112 130 0 255 0
P 113 130 0 255 0
P 114 130 0 255 0
P 115 130 0 255 0
P 116 130 0 255 0
P 117 130 0 255 0
P 118 130 0 255 0
P 119 130 0 255 0
P 120 130 0 255 0
P 121 130 0 255 0
P 122 130 0 255 0
P 123 130 0 255 0
P 124 130 0 255 0
P 125 130 0 255 0
P 126 130 0 255 0
P 127 130 0 255 0
P 128 130 0 255 0
P 129 130 0 255 0
P 130 130 0 255 0
P 131 130 0 255 0
P 132 130 0 255 0
P 133 130 0 255 0
P 134 130 0 255 0
P 135 130 0 255 0
P 136 130 0 255 0
P 137 130 0 255 0
P 138 130 0 255 0
P 139 130 0 255 0
P 140 130 0 255 0
P 141 130 0 255 0
P 142 130 0 255 0
P 143 130 0 255 0
P 144 130 0 255 0
P 145 130 0 255 0
P 146 130 255 0 0
P 147 130 255 0 0
P 148 130 255 0 0
P 149 130 255 0 0
P 150 130 255 0 0
P 151 130 255 0 0
P 152 130 255 0 0
P 153 130 255 0 0
P 154 130 255 0 0
P 155 130 255 0 0
P 156 130 255 0 0
P 157 130 255 0 0
P 158 130 255 0 0
P 159 130 255 0 0
P 160 130 255 0 0
P 161 130 255 0 0
P 162 130 255 0 0
P 163 130 255 0 0
P 164 130 255 0 0
P 165 130 255 0 0
P 166 130 255 0 0
P 167 130 255 0 0
P 168 130 255 0 0
P 169 130 255 0 0
P 170 130 255 0 0
P 171 130 255 0 0
P 172 130 255 0 0
P 173 130 255 0 0
P 174 130 255 0 0
P 175 130 255 0 0
P 176 130 255 0 0
P 177 130 255 0 0
P 178 130 255 0 0
P 179 130 255 0 0
P 180 130 255 0 0
P 181 130 255 0 0
P 182 130 255 0 0
P 183 130 255 0 0
P 184 130 255 0 0
P 185 130 255 0 0
P 186 130 255 0 0
P 187 130 255 0 0
P 188 130 255 0 0
P 189 130 255 0 0
P 190 130 255 0 0
P 191 130 255 0 0
P 192 130 255 0 0
P 193 130 255 0 0
P 194 130 255 0 0
P 25 131 0 255 0
P 26 131 0 255 0
P 27 131 0 255 0
P 28 131 0 255 0
P 29 131 0 255 0
P 30 131 0 255 0
P 31 131 0 255 0
P 32 131 0 255 0
P 33 131 0 255 0
P 34 131 0 255 0
P 35 131 0 255 0
P 36 131 0 255 0
P 37 131 0 255 0
P 38 131 0 255 0
P 39 131 0 255 0
P 40 131 0 255 0
P 41 131 0 255 0
P 42 131 0 255 0
P 43 131 0 255 0
P 44 131 0 255 0
P 45 131 0 255 0
P 46 131 0 255 0
P 47 131 0 255 0
P 48 131 0 255 0
P 49 131 0 255 0
P 50 131 0 255 0
P 51 131 0 255 0
P 52 131 0 255 0
P 53 131 0 255 0
P 54 131 0 255 0
P 55 131 0 255 0
P 56 131 0 255 0
P 57 131 0 255 0
P 58 131 0 255 0
P 59 131 0 255 0
P 60 131 0 255 0
P 61 131 0 255 0
P 62 131 0 255 0
P 63 131 0 255 0
P 64 131 0 255 0
P 65 131 0 255 0
P 66 131 0 255 0
P 67 131 0 255 0
P 68 131 0 255 0
P 69 131 0 255 0
P 70 131 0 255 0
P 71 131 0 255 0
P 72 131 0 255 0
P 73 131 0 255 0
P 74 131 0 255 0
P 75 131 0 255 0
P 76 131 0 255 0
P 77 131 0 255 0
P 78 131 0 255 0
P 79 131 0 255 0
P 80 131 0 255 0
P 81 131 0 255 0
P 82 131 0 255 0
P 83 131 0 255 0
P 84 131 0 255 0
P 85 131 0 255 0
P 86 131 0 255 0
P 87 131 0 255 0
P 88 131 0 255 0
P 89 131 0 255 0
P 90 131 0 255 0
P 91 131 0 255 0
P 92 131 0 255 0
P 93 131 0 255 0
P 94 131 0 255 0
P 95 131 0 255 0
P 96 131 0 255 0
P 97 131 0 255 0
P 98 131 0 255 0
P 99 131 0 255 0
P 100 131 0 255 0
P 101 131 0 255 0
P 102 131 0 255 0
P 103 131 0 255 0
P 104 131 0 255 0
P 105 131 0 255 0
P 106 131 0 255 0
P 107 131 0 255 0
P 108 131 0 255 0
P 109 131 0 255 0
P 110 131 0 255 0
P 111 131 0 255 0
P 112 131 0 255 0
P 113 131 0 255 0
P 114 131 0 255 0
P 115 131 0 255 0
P 116 131 0 255 0
P 117 131 0 255 0
P 118 131 0 255 0
P 119 131 0 255 0
P 120 131 0 255 0
P 121 131 0 255 0
P 122 131 0 255 0
P 123 131 0 255 0
P 124 131 0 255 0
P 125 131 0 255 0
P 126 131 0 255 0
P 127 131 0 255 0
P 128 131 0 255 0
P 129 131 0 255 0
P 130 131 0 255 0
P 131 131 0 255 0
P 132 131 0 255 0
P 133 131 0 255 0
P 134 131 0 255 0
P 135 131 0 255 0
P 136 131 0 255 0
P 137 131 0 255 0
P 138 131 0 255 0
P 139 131 0 255 0
P 140 131 0 255 0
P 141 131 0 255 0
P 142 131 0 255 0
P 143 131 0 255 0
P 144 131 0 255 0
P 145 131 0 255 0
P 146 131 255 0 0
P 147 131 255 0 0
P 148 131 255 0 0
P 149 131 255 0 0
P 150 131 255 0 0
P 151 131 255 0 0
P 152 131 255 0 0
P 153 131 255 0 0
P 154 131 255 0 0
P 155 131 255 0 0
P 156 131 255 0 0
P 157 131 255 0 0
P 158 131 255 0 0
P 159 131 255 0 0
P 160 131 255 0 0
P 161 131 255 0 0
P 162 131 255 0 0
P 163 131 255 0 0
P 164 131 255 0 0
P 165 131 255 0 0
P 166 131 255 0 0
P 167 131 255 0 0
P 168 131 255 0 0
P 169 131 255 0 0
P 170 131 255 0 0
P 171 131 255 0 0
P 172 131 255 0 0
P 173 131 255 0 0
P 174 131 255 0 0
P 175 131 255 0 0
P 176 131 255 0 0
P 177 131 255 0 0
P 178 131 255 0 0
P 179 131 255 0 0
P 180 131 255 0 0
P 181 131 255 0 0
P 182 131 255 0 0
P 183 131 255 0 0
P 184 131 255 0 0
P 185 131 255 0 0
P 186 131 255 0 0
P 187 131 255 0 0
P 188 131 255 0 0
P 189 131 255 0 0
P 190 131 255 0 0
P 191 131 255 0 0
P 192 131 255 0 0
P 193 131 255 0 0
P 25 132 0 255 0
P 26 132 0 255 0
P 27 132 0 255 0
P 28 132 0 255 0
P 29 132 0 255 0
P 30 132 0 255 0
P 31 132 0 255 0
P 32 132 0 255 0
P 33 132 0 255 0
P 34 132 0 255 0
P 35 132 0 255 0
P 36 132 0 255 0
P 37 132 0 255 0
P 38 132 0 255 0
P 39 132 0 255 0
P 40 132 0 255 0
P 41 132 0 255 0
P 42 132 0 255 0
P 43 132 0 255 0
P 44 132 0 255 0
P 45 132 0 255 0
P 46 132 0 255 0
P 47 132 0 255 0
P 48 132 0 255 0
P 49 132 0 255 0
P 50 132 0 255 0
P 51 132 0 255 0
P 52 132 0 255 0
P 53 132 0 255 0
P 54 132 0 255 0
P 55 132 0 255 0
P 56 132 0 255 0
P 57 132 0 255 0
P 58 132 0 255 0
P 59 132 0 255 0
P 60 132 0 255 0
P 61 132 0 255 0
P 62 132 0 255 0
P 63 132 0 255 0
P 64 132 0 255 0
P 65 132 0 255 0
P 66 132 0 255 0
P 67 132 0 255 0
P 68 132 0 255 0
P 69 132 0 255 0
P 70 132 0 255 0
P 71 132 0 255 0
P 72 132 0 255 0
P 73 132 0 255 0
P 74 132 0 255 0
P 75 132 0 255 0
P 76 132 0 255 0
P 77 132 0 255 0
P 78 132 0 255 0
P 79 132 0 255 0
P 80 132 0 255 0
P 81 132 0 255 0
P 82 132 0 255 0
P 83 132 0 255 0
P 84 132 0 255 0
P 85 132 0 255 0
P 86 132 0 255 0
P 87 132 0 255 0
P 88 132 0 255 0
P 89 132 0 255 0
P 90 132 0 255 0
P 91 132 0 255 0
P 92 132 0 255 0
P 93 132 0 255 0
P 94 132 0 255 0
P 95 132 0 255 0
P 96 132 0 255 0
P 97 132 0 255 0
P 98 132 0 255 0
P 99 132 0 255 0
P 100 132 0 255 0
P 101 132 0 255 0
P 102 132 0 255 0
P 103 132 0 255 0
P 104 132 0 255 0
P 105 132 0 255 0
P 106 132 0 255 0
P 107 132 0 255 0
P 108 132 0 255 0
P 109 132 0 255 0
P 110 132 0 255 0
P 111 132 0 255 0
P 112 132 0 255 0
P 113 132 0 255 0
P 114 132 0 255 0
P 115 132 0 255 0
P 116 132 0 255 0
P 117 132 0 255 0
P 118 132 0 255 0
P 119 132 0 255 0
P 120 132 0 255 0
P 121 132 0 255 0
P 122 132 0 255 0
P 123 132 0 255 0
P 124 132 0 255 0
P 125 132 0 255 0
P 126 132 0 255 0
P 127 132 0 255 0
P 128 132 0 255 0
P 129 132 0 255 0
P 130 132 0 255 0
P 131 132 0 255 0
P 132 132 0 255 0
P 133 132 0 255 0
P 134 132 0 255 0
P 135 132 0 255 0
P 136 132 0 255 0
P 137 132 0 255 0
P 138 132 0 255 0
P 139 132 0 255 0
P 140 132 0 255 0
P 141 132 0 255 0
P 142 132 0 255 0
P 143 132 0 255 0
P 144 132 0 255 0
P 145 132 0 255 0
P 146 132 255 0 0
P 147 132 255 0 0
P 148 132 255 0 0
P 149 132 255 0 0
P 150 132 255 0 0
P 151 132 255 0 0
P 152 132 255 0 0
P 153 132 255 0 0
P 154 132 255 0 0
P 155 132 255 0 0
P 156 132 255 0 0
P 157 132 255 0 0
P 158 132 255 0 0
P 159 132 255 0 0
P 160 132 255 0 0
P 161 132 255 0 0
P 162 132 255 0 0
P 163 132 255 0 0
P 164 132 255 0 0
P 165 132 255 0 0
P 166 132 255 0 0
P 167 132 255 0 0
P 168 132 255 0 0
P 169 132 255 0 0
P 170 132 255 0 0
P 171 132 255 0 0
P 172 132 255 0 0
P 173 132 255 0 0
P 174 132 255 0 0
P 175 132 255 0 0
P 176 132 255 0 0
P 177 132 255 0 0
P 178 132 255 0 0
P 179 132 255 0 0
P 180 132 255 0 0
P 181 132 255 0 0
P 182 132 255 0 0
P 183 132 255 0 0
P 184 132 255 0 0
P 185 132 255 0 0
P 186 132 255 0 0
P 187 132 255 0 0
P 188 132 255 0 0
P 189 132 255 0 0
P 190 132 255 0 0
P 191 132 255 0 0
P 28 133 0 255 0
P 29 133 0 255 0
P 30 133 0 255 0
P 31 133 0 255 0
P 32 133 0 255 0
P 33 133 0 255 0
P 34 133 0 255 0
P 35 133 0 255 0
P 36 133 0 255 0
P 37 133 0 255 0
P 38 133 0 255 0
P 39 133 0 255 0
P 40 133 0 255 0
P 41 133 0 255 0
P 42 133 0 255 0
P 43 133 0 255 0
P 44 133 0 255 0
P 45 133 0 255 0
P 46 133 0 255 0
P 47 133 0 255 0
P 48 133 0 255 0
P 49 133 0 255 0
P 50 133 0 255 0
P 51 133 0 255 0
P 52 133 0 255 0
P 53 133 0 255 0
P 54 133 0 255 0
P 55 133 0 255 0
P 56 133 0 255 0
P 57 133 0 255 0
P 58 133 0 255 0
P 59 133 0 255 0
P 60 133 0 255 0
P 61 133 0 255 0
P 62 133 0 255 0
P 63 133 0 255 0
P 64 133 0 255 0
P 65 133 0 255 0
P 66 133 0 255 0
P 67 133 0 255 0
P 68 133 0 255 0
P 69 133 0 255 0
P 70 133 0 255 0
P 71 133 0 255 0
P 72 133 0 255 0
P 73 133 0 255 0
P 74 133 0 255 0
P 75 133 0 255 0
P 76 133 0 255 0
P 77 133 0 255 0
P 78 133 0 255 0
P 79 133 0 255 0
P 80 133 0 255 0
P 81 133 0 255 0
P 82 133 0 255 0
P 83 133 0 255 0
P 84 133 0 255 0
P 85 133 0 255 0
P 86 133 0 255 0
P 87 133 0 255 0
P 88 133 0 255 0
P 89 133 0 255 0
P 90 133 0 255 0
P 91 133 0 255 0
P 92 133 0 255 0
P 93 133 0 255 0
P 94 133 0 255 0
P 95 133 0 255 0
P 96 133 0 255 0
P 97 133 0 255 0
P 98 133 0 255 0
P 99 133 0 255 0
P 100 133 0 255 0
P 101 133 0 255 0
P 102 133 0 255 0
P 103 133 0 255 0
P 104 133 0 255 0
P 105 133 0 255 0
P 106 133 0 255 0
P 107 133 0 255 0
P 108 133 0 255 0
P 109 133 0 255 0
P 110 133 0 255 0
P 111 133 0 255 0
P 112 133 0 255 0
P 113 133 0 255 0
P 114 133 0 255 0
P 115 133 0 255 0
P 116 133 0 255 0
P 117 133 0 255 0
P 118 133 0 255 0
P 119 133 0 255 0
P 120 133 0 255 0
P 121 133 0 255 0
P 122 133 0 255 0
P 123 133 0 255 0
P 124 133 0 255 0
P 125 133 0 255 0
P 126 133 0 255 0
P 127 133 0 255 0
P 128 133 0 255 0
P 129 133 0 255 0
P 130 133 0 255 0
P 131 133 0 255 0
P 132 133 0 255 0
P 133 133 0 255 0
P 134 133 0 255 0
P 135 133 0 255 0
P 136 133 0 255 0
P 137 133 0 255 0
P 138 133 0 255 0
P 139 133 0 255 0
P 140 133 0 255 0
P 141 133 0 255 0
P 142 133 0 255 0
P 143 133 0 255 0
P 144 133 0 255 0
P 145 133 0 255 0
P 146 133 255 0 0
P 147 133 255 0 0
P 148 133 255 0 0
P 149 133 255 0 0
P 150 133 255 0 0
P 151 133 255 0 0
P 152 133 255 0 0
P 153 133 255 0 0
P 154 133 255 0 0
P 155 133 255 0 0
P 156 133 255 0 0
P 157 133 255 0 0
P 158 133 255 0 0
P 159 133 255 0 0
P 160 133 255 0 0
P 161 133 255 0 0
P 162 133 255 0 0
P 163 133 255 0 0
P 164 133 255 0 0
P 165 133 255 0 0
P 166 133 255 0 0
P 167 133 255 0 0
P 168 133 255 0 0
P 169 133 255 0 0
P 170 133 255 0 0
P 171 133 255 0 0
P 172 133 255 0 0
P 173 133 255 0 0
P 174 133 255 0 0
P 175 133 255 0 0
P 176 133 255 0 0
P 177 133 255 0 0
P 178 133 255 0 0
P 179 133 255 0 0
P 180 133 255 0 0
P 181 133 255 0 0
P 182 133 255 0 0
P 183 133 255 0 0
P 184 133 255 0 0
P 185 133 255 0 0
P 186 133 255 0 0
P 187 133 255 0 0
P 188 133 255 0 0
P 189 133 255 0 0
P 190 133 255 0 0
P 31 134 0 255 0
P 32 134 0 255 0
P 33 134 0 255 0
P 34 134 0 255 0
P 35 134 0 255 0
P 36 134 0 255 0
P 37 134 0 255 0
P 38 134 0 255 0
P 39 134 0 255 0
P 40 134 0 255 0
P 41 134 0 255 0
P 42 134 0 255 0
P 43 134 0 255 0
P 44 134 0 255 0
P 45 134 0 255 0
P 46 134 0 255 0
P 47 134 0 255 0
P 48 134 0 255 0
P 49 134 0 255 0
P 50 134 0 255 0
P 51 134 0 255 0
P 52 134 0 255 0
P 53 134 0 255 0
P 54 134 0 255 0
P 55 134 0 255 0
P 56 134 0 255 0
P 57 134 0 255 0
P 58 134 0 255 0
P 59 134 0 255 0
P 60 134 0 255 0
P 61 134 0 255 0
P 62 134 0 255 0
P 63 134 0 255 0
P 64 134 0 255 0
P 65 134 0 255 0
P 66 134 0 255 0
P 67 134 0 255 0
P 68 134 0 255 0
P 69 134 0 255 0
P 70 134 0 255 0
P 71 134 0 255 0
P 72 134 0 255 0
P 73 134 0 255 0
P 74 134 0 255 0
P 75 134 0 255 0
P 76 134 0 255 0
P 77 134 0 255 0
P 78 134 0 255 0
P 79 134 0 255 0
P 80 134 0 255 0
P 81 134 0 255 0
P 82 134 0 255 0
P 83 134 0 255 0
P 84 134 0 255 0
P 85 134 0 255 0
P 86 134 0 255 0
P 87 134 0 255 0
P 88 134 0 255 0
P 89 134 0 255 0
P 90 134 0 255 0
P 91 134 0 255 0
P 92 134 0 255 0
P 93 134 0 255 0
P 94 134 0 255 0
P 95 134 0 255 0
P 96 134 0 255 0
P 97 134 0 255 0
P 98 134 0 255 0
P 99 134 0 255 0
P 100 134 0 255 0
P 101 134 0 255 0
P 102 134 0 255 0
P 103 134 0 255 0
P 104 134 0 255 0
P 105 134 0 255 0
P 106 134 0 255 0
P 107 134 0 255 0
P 108 134 0 255 0
P 109 134 0 255 0
P 110 134 0 255 0
P 111 134 0 255 0
P 112 134 0 255 0
P 113 134 0 255 0
P 114 134 0 255 0
P 115 134 0 255 0
P 116 134 0 255 0
P 117 134 0 255 0
P 118 134 0 255 0
P 119 134 0 255 0
P 120 134 0 255 0
P 121 134 0 255 0
P 122 134 0 255 0
P 123 134 0 255 0
P 124 134 0 255 0
P 125 134 0 255 0
P 126 134 0 255 0
P 127 134 0 255 0
P 128 134 0 255 0
P 129 134 0 255 0
P 130 134 0 255 0
P 131 134 0 255 0
P 132 134 0 255 0
P 133 134 0 255 0
P 134 134 0 255 0
P 135 134 0 255 0
P 136 134 0 255 0
P 137 134 0 255 0
P 138 134 0 255 0
P 139 134 0 255 0
P 140 134 0 255 0
P 141 134 0 255 0
P 142 134 0 255 0
P 143 134 0 255 0
P 144 134 0 255 0
P 145 134 0 255 0
P 146 134 255 0 0
P 147 134 255 0 0
P 148 134 255 0 0
P 149 134 255 0 0
P 150 134 255 0 0
P 151 134 255 0 0
P 152 134 255 0 0
P 153 134 255 0 0
P 154 134 255 0 0
P 155 134 255 0 0
P 156 134 255 0 0
P 157 134 255 0 0
P 158 134 255 0 0
P 159 134 255 0 0
P 160 134 255 0 0
P 161 134 255 0 0
P 162 134 255 0 0
P 163 134 255 0 0
P 164 134 255 0 0
P 165 134 255 0 0
P 166 134 255 0 0
P 167 134 255 0 0
P 168 134 255 0 0
P 169 134 255 0 0
P 170 134 255 0 0
P 171 134 255 0 0
P 172 134 255 0 0
P 173 134 255 0 0
P 174 134 255 0 0
P 175 134 255 0 0
P 176 134 255 0 0
P 177 134 255 0 0
P 178 134 255 0 0
P 179 134 255 0 0
P 180 134 255 0 0
P 181 134 255 0 0
P 182 134 255 0 0
P 183 134 255 0 0
P 184 134 255 0 0
P 185 134 255 0 0
P 186 134 255 0 0
P 187 134 255 0 0
P 188 134 255 0 0
P 189 134 255 0 0
P 34 135 0 255 0
P 35 135 0 255 0
P 36 135 0 255 0
P 37 135 0 255 0
P 38 135 0 255 0
P 39 135 0 255 0
P 40 135 0 255 0
P 41 135 0 255 0
P 42 135 0 255 0
P 43 135 0 255 0
P 44 135 0 255 0
P 45 135 0 255 0
P 46 135 0 255 0
P 47 135 0 255 0
P 48 135 0 255 0
P 49 135 0 255 0
P 50 135 0 255 0
P 51 135 0 255 0
P 52 135 0 255 0
P 53 135 0 255 0
P 54 135 0 255 0
P 55 135 0 255 0
P 56 135 0 255 0
P 57 135 0 255 0
P 58 135 0 255 0
P 59 135 0 255 0
P 60 135 0 255 0
P 61 135 0 255 0
P 62 135 0 255 0
P 63 135 0 255 0
P 64 135 0 255 0
P 65 135 0 255 0
P 66 135 0 255 0
P 67 135 0 255 0
P 68 135 0 255 0
P 69 135 0 255 0
P 70 135 0 255 0
P 71 135 0 255 0
P 72 135 0 255 0
P 73 135 0 255 0
P 74 135 0 255 0
P 75 135 0 255 0
P 76 135 0 255 0
P 77 135 0 255 0
P 78 135 0 255 0
P 79 135 0 255 0
P 80 135 0 255 0
P 81 135 0 255 0
P 82 135 0 255 0
P 83 135 0 255 0
P 84 135 0 255 0
P 85 135 0 255 0
P 86 135 0 255 0
P 87 135 0 255 0
P 88 135 0 255 0
P 89 135 0 255 0
P 90 135 0 255 0
P 91 135 0 255 0
P 92 135 0 255 0
P 93 135 0 255 0
P 94 135 0 255 0
P 95 135 0 255 0
P 96 135 0 255 0
P 97 135 0 255 0
P 98 135 0 255 0
P 99 135 0 255 0
P 100 135 0 255 0
P 101 135 0 255 0
P 102 135 0 255 0
P 103 135 0 255 0
P 104 135 0 255 0
P 105 135 0 255 0
P 106 135 0 255 0
P 107 135 0 255 0
P 108 135 0 255 0
P 109 135 0 255 0
P 110 135 0 255 0
P 111 135 0 255 0
P 112 135 0 255 0
P 113 135 0 255 0
P 114 135 0 255 0
P 115 135 0 255 0
P 116 135 0 255 0
P 117 135 0 255 0
P 118 135 0 255 0
P 119 135 0 255 0
P 120 135 0 255 0
P 121 135 0 255 0
P 122 135 0 255 0
P 123 135 0 255 0
P 124 135 0 255 0
P 125 135 0 255 0
P 126 135 0 255 0
P 127 135 0 255 0
P 128 135 0 255 0
P 129 135 0 255 0
P 130 135 0 255 0
P 131 135 0 255 0
P 132 135 0 255 0
P 133 135 0 255 0
P 134 135 0 255 0
P 135 135 0 255 0
P 136 135 0 255 0
P 137 135 0 255 0
P 138 135 0 255 0
P 139 135 0 255 0
P 140 135 0 255 0
P 141 135 0 255 0
P 142 135 0 255 0
P 143 135 0 255 0
P 144 135 0 255 0
P 145 135 255 0 0
P 146 135 255 0 0
P 147 135 255 0 0
P 148 135 255 0 0
P 149 135 255 0 0
P 150 135 255 0 0
P 151 135 255 0 0
P 152 135 255 0 0
P 153 135 255 0 0
P 154 135 255 0 0
P 155 135 255 0 0
P 156 135 255 0 0
P 157 135 255 0 0
P 158 135 255 0 0
P 159 135 255 0 0
P 160 135 255 0 0
P 161 135 255 0 0
P 162 135 255 0 0
P 163 135 255 0 0
P 164 135 255 0 0
P 165 135 255 0 0
P 166 135 255 0 0
P 167 135 255 0 0
P 168 135 255 0 0
P 169 135 255 0 0
P 170 135 255 0 0
P 171 135 255 0 0
P 172 135 255 0 0
P 173 135 255 0 0
P 174 135 255 0 0
P 175 135 255 0 0
P 176 135 255 0 0
P 177 135 255 0 0
P 178 135 255 0 0
P 179 135 255 0 0
P 180 135 255 0 0
P 181 135 255 0 0
P 182 135 255 0 0
P 183 135 255 0 0
P 184 135 255 0 0
P 185 135 255 0 0
P 186 135 255 0 0
P 187 135 255 0 0
P 188 135 255 0 0
P 37 136 0 255 0
P 38 136 0 255 0
P 39 136 0 255 0
P 40 136 0 255 0
P 41 136 0 255 0
P 42 136 0 255 0
P 43 136 0 255 0
P 44 136 0 255 0
P 45 136 0 255 0
P 46 136 0 255 0
P 47 136 0 255 0
P 48 136 0 255 0
P 49 136 0 255 0
P 50 136 0 255 0
P 51 136 0 255 0
P 52 136 0 255 0
P 53 136 0 255 0
P 54 136 0 255 0
P 55 136 0 255 0
P 56 136 0 255 0
P 57 136 0 255 0
P 58 136 0 255 0
P 59 136 0 255 0
P 60 136 0 255 0
P 61 136 0 255 0
P 62 136 0 255 0
P 63 136 0 255 0
P 64 136 0 255 0
P 65 136 0 255 0
P 66 136 0 255 0
P 67 136 0 255 0
P 68 136 0 255 0
P 69 136 0 255 0
P 70 136 0 255 0
P 71 136 0 255 0
P 72 136 0 255 0
P 73 136 0 255 0
P 74 136 0 255 0
P 75 136 0 255 0
P 76 136 0 255 0
P 77 136 0 255 0
P 78 136 0 255 0
P 79 136 0 255 0
P 80 136 0 255 0
P 81 136 0 255 0
P 82 136 0 255 0
P 83 136 0 255 0
P 84 136 0 255 0
P 85 136 0 255 0
P 86 136 0 255 0
P 87 136 0 255 0
P 88 136 0 255 0
P 89 136 0 255 0
P 90 136 0 255 0
P 91 136 0 255 0
P 92 136 0 255 0
P 93 136 0 255 0
P 94 136 0 255 0
P 95 136 0 255 0
P 96 136 0 255 0
P 97 136 0 255 0
P 98 136 0 255 0
P 99 136 0 255 0
P 100 136 0 255 0
P 101 136 0 255 0
P 102 136 0 255 0
P 103 136 0 255 0
P 104 136 0 255 0
P 105 136 0 255 0
P 106 136 0 255 0
P 107 136 0 255 0
P 108 136 0 255 0
P 109 136 0 255 0
P 110 136 0 255 0
P 111 136 0 255 0
P 112 136 0 255 0
P 113 136 0 255 0
P 114 136 0 255 0
P 115 136 0 255 0
P 116 136 0 255 0
P 117 136 0 255 0
P 118 136 0 255 0
P 119 136 0 255 0
P 120 136 0 255 0
P 121 136 0 255 0
P 122 136 0 255 0
P 123 136 0 255 0
P 124 136 0 255 0
P 125 136 0 255 0
P 126 136 0 255 0
P 127 136 0 255 0
P 128 136 0 255 0
P 129 136 0 255 0
P 130 136 0 255 0
P 131 136 0 255 0
P 132 136 0 255 0
P 133 136 0 255 0
P 134 136 0 255 0
P 135 136 0 255 0
P 136 136 0 255 0
P 137 136 0 255 0
P 138 136 0 255 0
P 139 136 0 255 0
P 140 136 0 255 0
P 141 136 0 255 0
P 142 136 0 255 0
P 143 136 0 255 0
P 144 136 0 255 0
P 145 136 255 0 0
P 146 136 255 0 0
P 147 136 255 0 0
P 148 136 255 0 0
P 149 136 255 0 0
P 150 136 255 0 0
P 151 136 255 0 0
P 152 136 255 0 0
P 153 136 255 0 0
P 154 136 255 0 0
P 155 136 255 0 0
P 156 136 255 0 0
P 157 136 255 0 0
P 158 136 255 0 0
P 159 136 255 0 0
P 160 136 255 0 0
P 161 136 255 0 0
P 162 136 255 0 0
P 163 136 255 0 0
P 164 136 255 0 0
P 165 136 255 0 0
P 166 136 255 0 0
P 167 136 255 0 0
P 168 136 255 0 0
P 169 136 255 0 0
P 170 136 255 0 0
P 171 136 255 0 0
P 172 136 255 0 0
P 173 136 255 0 0
P 174 136 255 0 0
P 175 136 255 0 0
P 176 136 255 0 0
P 177 136 255 0 0
P 178 136 255 0 0
P 179 136 255 0 0
P 180 136 255 0 0
P 181 136 255 0 0
P 182 136 255 0 0
P 183 136 255 0 0
P 184 136 255 0 0
P 185 136 255 0 0
P 186 136 255 0 0
P 187 136 255 0 0
P 40 137 0 255 0
P 41 137 0 255 0
P 42 137 0 255 0
P 43 137 0 255 0
P 44 137 0 255 0
P 45 137 0 255 0
P 46 137 0 255 0
P 47 137 0 255 0
P 48 137 0 255 0
P 49 137 0 255 0
P 50 137 0 255 0
P 51 137 0 255 0
P 52 137 0 255 0
P 53 137 0 255 0
P 54 137 0 255 0
P 55 137 0 255 0
P 56 137 0 255 0
P 57 137 0 255 0
P 58 137 0 255 0
P 59 137 0 255 0
P 60 137 0 255 0
P 61 137 0 255 0
P 62 137 0 255 0
P 63 137 0 255 0
P 64 137 0 255 0
P 65 137 0 255 0
P 66 137 0 255 0
P 67 137 0 255 0
P 68 137 0 255 0
P 69 137 0 255 0
P 70 137 0 255 0
P 71 137 0 255 0
P 72 137 0 255 0
P 73 137 0 255 0
P 74 137 0 255 0
P 75 137 0 255 0
P 76 137 0 255 0
P 77 137 0 255 0
P 78 137 0 255 0
P 79 137 0 255 0
P 80 137 0 255 0
P 81 137 0 255 0
P 82 137 0 255 0
P 83 137 0 255 0
P 84 137 0 255 0
P 85 137 0 255 0
P 86 137 0 255 0
P 87 137 0 255 0
P 88 137 0 255 0
P 89 137 0 255 0
P 90 137 0 255 0
P 91 137 0 255 0
P 92 137 0 255 0
P 93 137 0 255 0
P 94 137 0 255 0
P 95 137 0 255 0
P 96 137 0 255 0
P 97 137 0 255 0
P 98 137 0 255 0
P 99 137 0 255 0
P 100 137 0 255 0
P 101 137 0 255 0
P 102 137 0 255 0
P 103 137 0 255 0
P 104 137 0 255 0
P 105 137 0 255 0
P 106 137 0 255 0
P 107 137 0 255 0
P 108 137 0 255 0
P 109 137 0 255 0
P 110 137 0 255 0
P 111 137 0 255 0
P 112 137 0 255 0
P 113 137 0 255 0
P 114 137 0 255 0
P 115 137 0 255 0
P 116 137 0 255 0
P 117 137 0 255 0
P 118 137 0 255 0
P 119 137 0 255 0
P 120 137 0 255 0
P 121 137 0 255 0
P 122 137 0 255 0
P 123 137 0 255 0
P 124 137 0 255 0
P 125 137 0 255 0
P 126 137 0 255 0
P 127 137 0 255 0
P 128 137 0 255 0
P 129 137 0 255 0
P 130 137 0 255 0
P 131 137 0 255 0
P 132 137 0 255 0
P 133 137 0 255 0
P 134 137 0 255 0
P 135 137 0 255 0
P 136 137 0 255 0
P 137 137 0 255 0
P 138 137 0 255 0
P 139 137 0 255 0
P 140 137 0 255 0
P 141 137 0 255 0
P 142 137 0 255 0
P 143 137 0 255 0
P 144 137 0 255 0
P 145 137 255 0 0
P 146 137 255 0 0
P 147 137 255 0 0
P 148 137 255 0 0
P 149 137 255 0 0
P 150 137 255 0 0
P 151 137 255 0 0
P 152 137 255 0 0
P 153 137 255 0 0
P 154 137 255 0 0
P 155 137 255 0 0
P 156 137 255 0 0
P 157 137 255 0 0
P 158 137 255 0 0
P 159 137 255 0 0
P 160 137 255 0 0
P 161 137 255 0 0
P 162 137 255 0 0
P 163 137 255 0 0
P 164 137 255 0 0
P 165 137 255 0 0
P 166 137 255 0 0
P 167 137 255 0 0
P 168 137 255 0 0
P 169 137 255 0 0
P 170 137 255 0 0
P 171 137 255 0 0
P 172 137 255 0 0
P 173 137 255 0 0
P 174 137 255 0 0
P 175 137 255 0 0
P 176 137 255 0 0
P 177 137 255 0 0
P 178 137 255 0 0
P 179 137 255 0 0
P 180 137 255 0 0
P 181 137 255 0 0
P 182 137 255 0 0
P 183 137 255 0 0
P 184 137 255 0 0
P 185 137 255 0 0
P 43 138 0 255 0
P 44 138 0 255 0
P 45 138 0 255 0
P 46 138 0 255 0
P 47 138 0 255 0
P 48 138 0 255 0
P 49 138 0 255 0
P 50 138 0 255 0
P 51 138 0 255 0
P 52 138 0 255 0
P 53 138 0 255 0
P 54 138 0 255 0
P 55 138 0 255 0
P 56 138 0 255 0
P 57 138 0 255 0
P 58 138 0 255 0
P 59 138 0 255 0
P 60 138 0 255 0
P 61 138 0 255 0
P 62 138 0 255 0
P 63 138 0 255 0
P 64 138 0 255 0
P 65 138 0 255 0
P 66 138 0 255 0
P 67 138 0 255 0
P 68 138 0 255 0
P 69 138 0 255 0
P 70 138 0 255 0
P 71 138 0 255 0
P 72 138 0 255 0
P 73 138 0 255 0
P 74 138 0 255 0
P 75 138 0 255 0
P 76 138 0 255 0
P 77 138 0 255 0
P 78 138 0 255 0
P 79 138 0 255 0
P 80 138 0 255 0
P 81 138 0 255 0
P 82 138 0 255 0
P 83 138 0 255 0
P 84 138 0 255 0
P 85 138 0 255 0
P 86 138 0 255 0
P 87 138 0 255 0
P 88 138 0 255 0
P 89 138 0 255 0
P 90 138 0 255 0
P 91 138 0 255 0
P 92 138 0 255 0
P 93 138 0 255 0
P 94 138 0 255 0
P 95 138 0 255 0
P 96 138 0 255 0
P 97 138 0 255 0
P 98 138 0 255 0
P 99 138 0 255 0
P 100 138 0 255 0
P 101 138 0 255 0
P 102 138 0 255 0
P 103 138 0 255 0
P 104 138 0 255 0
P 105 138 0 255 0
P 106 138 0 255 0
P 107 138 0 255 0
P 108 138 0 255 0
P 109 138 0 255 0
P 110 138 0 255 0
P 111 138 0 255 0
P 112 138 0 255 0
P 113 138 0 255 0
P 114 138 0 255 0
P 115 138 0 255 0
P 116 138 0 255 0
P 117 138 0 255 0
P 118 138 0 255 0
P 119 138 0 255 0
P 120 138 0 255 0
P 121 138 0 255 0
P 122 138 0 255 0
P 123 138 0 255 0
P 124 138 0 255 0
P 125 138 0 255 0
P 126 138 0 255 0
P 127 138 0 255 0
P 128 138 0 255 0
P 129 138 0 255 0
P 130 138 0 255 0
P 131 138 0 255 0
P 132 138 0 255 0
P 133 138 0 255 0
P 134 138 0 255 0
P 135 138 0 255 0
P 136 138 0 255 0
P 137 138 0 255 0
P 138 138 0 255 0
P 139 138 0 255 0
P 140 138 0 255 0
P 141 138 0 255 0
P 142 138 0 255 0
P 143 138 0 255 0
P 144 138 0 255 0
P 145 138 255 0 0
P 146 138 255 0 0
P 147 138 255 0 0
P 148 138 255 0 0
P 149 138 255 0 0
P 150 138 255 0 0
P 151 138 255 0 0
P 152 138 255 0 0
P 153 138 255 0 0
P 154 138 255 0 0
P 155 138 255 0 0
P 156 138 255 0 0
P 157 138 255 0 0
P 158 138 255 0 0
P 159 138 255 0 0
P 160 138 255 0 0
P 161 138 255 0 0
P 162 138 255 0 0
P 163 138 255 0 0
P 164 138 255 0 0
P 165 138 255 0 0
P 166 138 255 0 0
P 167 138 255 0 0
P 168 138 255 0 0
P 169 138 255 0 0
P 170 138 255 0 0
P 171 138 255 0 0
P 172 138 255 0 0
P 173 138 255 0 0
P 174 138 255 0 0
P 175 138 255 0 0
P 176 138 255 0 0
P 177 138 255 0 0
P 178 138 255 0 0
P 179 138 255 0 0
P 180 138 255 0 0
P 181 138 255 0 0
P 182 138 255 0 0
P 183 138 255 0 0
P 184 138 255 0 0
P 46 139 0 255 0
P 47 139 0 255 0
P 48 139 0 255 0
P 49 139 0 255 0
P 50 139 0 255 0
P 51 139 0 255 0
P 52 139 0 255 0
P 53 139 0 255 0
P 54 139 0 255 0
P 55 139 0 255 0
P 56 139 0 255 0
P 57 139 0 255 0
P 58 139 0 255 0
P 59 139 0 255 0
P 60 139 0 255 0
P 61 139 0 255 0
P 62 139 0 255 0
P 63 139 0 255 0
P 64 139 0 255 0
P 65 139 0 255 0
P 66 139 0 255 0
P 67 139 0 255 0
P 68 139 0 255 0
P 69 139 0 255 0
P 70 139 0 255 0
P 71 139 0 255 0
P 72 139 0 255 0
P 73 139 0 255 0
P 74 139 0 255 0
P 75 139 0 255 0
P 76 139 0 255 0
P 77 139 0 255 0
P 78 139 0 255 0
P 79 139 0 255 0
P 80 139 0 255 0
P 81 139 0 255 0
P 82 139 0 255 0
P 83 139 0 255 0
P 84 139 0 255 0
P 85 139 0 255 0
P 86 139 0 255 0
P 87 139 0 255 0
P 88 139 0 255 0
P 89 139 0 255 0
P 90 139 0 255 0
P 91 139 0 255 0
P 92 139 0 255 0
P 93 139 0 255 0
P 94 139 0 255 0
P 95 139 0 255 0
P 96 139 0 255 0
P 97 139 0 255 0
P 98 139 0 255 0
P 99 139 0 255 0
P 100 139 0 255 0
P 101 139 0 255 0
P 102 139 0 255 0
P 103 139 0 255 0
P 104 139 0 255 0
P 105 139 0 255 0
P 106 139 0 255 0
P 107 139 0 255 0
P 108 139 0 255 0
P 109 139 0 255 0
P 110 139 0 255 0
P 111 139 0 255 0
P 112 139 0 255 0
P 113 139 0 255 0
P 114 139 0 255 0
P 115 139 0 255 0
P 116 139 0 255 0
P 117 139 0 255 0
P 118 139 0 255 0
P 119 139 0 255 0
P 120 139 0 255 0
P 121 139 0 255 0
P 122 139 0 255 0
P 123 139 0 255 0
P 124 139 0 255 0
P 125 139 0 255 0
P 126 139 0 255 0
P 127 139 0 255 0
P 128 139 0 255 0
P 129 139 0 255 0
P 130 139 0 255 0
P 131 139 0 255 0
P 132 139 0 255 0
P 133 139 0 255 0
P 134 139 0 255 0
P 135 139 0 255 0
P 136 139 0 255 0
P 137 139 0 255 0
P 138 139 0 255 0
P 139 139 0 255 0
P 140 139 0 255 0
P 141 139 0 255 0
P 142 139 0 255 0
P 143 139 0 255 0
P 144 139 0 255 0
P 145 139 255 0 0
P 146 139 255 0 0
P 147 139 255 0 0
P 148 139 255 0 0
P 149 139 255 0 0
P 150 139 255 0 0
P 151 139 255 0 0
P 152 139 255 0 0
P 153 139 255 0 0
P 154 139 255 0 0
P 155 139 255 0 0
P 156 139 255 0 0
P 157 139 255 0 0
P 158 139 255 0 0
P 159 139 255 0 0
P 160 139 255 0 0
P 161 139 255 0 0
P 162 139 255 0 0
P 163 139 255 0 0
P 164 139 255 0 0
P 165 139 255 0 0
P 166 139 255 0 0
P 167 139 255 0 0
P 168 139 255 0 0
P 169 139 255 0 0
P 170 139 255 0 0
P 171 139 255 0 0
P 172 139 255 0 0
P 173 139 255 0 0
P 174 139 255 0 0
P 175 139 255 0 0
P 176 139 255 0 0
P 177 139 255 0 0
P 178 139 255 0 0
P 179 139 255 0 0
P 180 139 255 0 0
P 181 139 255 0 0
P 182 139 255 0 0
P 183 139 255 0 0
P 49 140 0 255 0
P 50 140 0 255 0
P 51 140 0 255 0
P 52 140 0 255 0
P 53 140 0 255 0
P 54 140 0 255 0
P 55 140 0 255 0
P 56 140 0 255 0
P 57 140 0 255 0
P 58 140 0 255 0
P 59 140 0 255 0
P 60 140 0 255 0
P 61 140 0 255 0
P 62 140 0 255 0
P 63 140 0 255 0
P 64 140 0 255 0
P 65 140 0 255 0
P 66 140 0 255 0
P 67 140 0 255 0
P 68 140 0 255 0
P 69 140 0 255 0
P 70 140 0 255 0
P 71 140 0 255 0
P 72 140 0 255 0
P 73 140 0 255 0
P 74 140 0 255 0
P 75 140 0 255 0
P 76 140 0 255 0
P 77 140 0 255 0
P 78 140 0 255 0
P 79 140 0 255 0
P 80 140 0 255 0
P 81 140 0 255 0
P 82 140 0 255 0
P 83 140 0 255 0
P 84 140 0 255 0
P 85 140 0 255 0
P 86 140 0 255 0
P 87 140 0 255 0
P 88 140 0 255 0
P 89 140 0 255 0
P 90 140 0 255 0
P 91 140 0 255 0
P 92 140 0 255 0
P 93 140 0 255 0
P 94 140 0 255 0
P 95 140 0 255 0
P 96 140 0 255 0
P 97 140 0 255 0
P 98 140 0 255 0
P 99 140 0 255 0
P 100 140 0 255 0
P 101 140 0 255 0
P 102 140 0 255 0
P 103 140 0 255 0
P 104 140 0 255 0
P 105 140 0 255 0
P 106 140 0 255 0
P 107 140 0 255 0
P 108 140 0 255 0
P 109 140 0 255 0
P 110 140 0 255 0
P 111 140 0 255 0
P 112 140 0 255 0
P 113 140 0 255 0
P 114 140 0 255 0
P 115 140 0 255 0
P 116 140 0 255 0
P 117 140 0 255 0
P 118 140 0 255 0
P 119 140 0 255 0
P 120 140 0 255 0
P 121 140 0 255 0
P 122 140 0 255 0
P 123 140 0 255 0
P 124 140 0 255 0
P 125 140 0 255 0
P 126 140 0 255 0
P 127 140 0 255 0
P 128 140 0 255 0
P 129 140 0 255 0
P 130 140 0 255 0
P 131 140 0 255 0
P 132 140 0 255 0
P 133 140 0 255 0
P 134 140 0 255 0
P 135 140 0 255 0
P 136 140 0 255 0
P 137 140 0 255 0
P 138 140 0 255 0
P 139 140 0 255 0
P 140 140 0 255 0
P 141 140 0 255 0
P 142 140 0 255 0
P 143 140 0 255 0
P 144 140 0 255 0
P 145 140 255 0 0
P 146 140 255 0 0
P 147 140 255 0 0
P 148 140 255 0 0
P 149 140 255 0 0
P 150 140 255 0 0
P 151 140 255 0 0
P 152 140 255 0 0
P 153 140 255 0 0
P 154 140 255 0 0
P 155 140 255 0 0
P 156 140 255 0 0
P 157 140 255 0 0
P 158 140 255 0 0
P 159 140 255 0 0
P 160 140 255 0 0
P 161 140 255 0 0
P 162 140 255 0 0
P 163 140 255 0 0
P 164 140 255 0 0
P 165 140 255 0 0
P 166 140 255 0 0
P 167 140 255 0 0
P 168 140 255 0 0
P 169 140 255 0 0
P 170 140 255 0 0
P 171 140 255 0 0
P 172 140 255 0 0
P 173 140 255 0 0
P 174 140 255 0 0
P 175 140 255 0 0
P 176 140 255 0 0
P 177 140 255 0 0
P 178 140 255 0 0
P 179 140 255 0 0
P 180 140 255 0 0
P 181 140 255 0 0
P 182 140 255 0 0
P 52 141 0 255 0
P 53 141 0 255 0
P 54 141 0 255 0
P 55 141 0 255 0
P 56 141 0 255 0
P 57 141 0 255 0
P 58 141 0 255 0
P 59 141 0 255 0
P 60 141 0 255 0
P 61 141 0 255 0
P 62 141 0 255 0
P 63 141 0 255 0
P 64 141 0 255 0
P 65 141 0 255 0
P 66 141 0 255 0
P 67 141 0 255 0
P 68 141 0 255 0
P 69 141 0 255 0
P 70 141 0 255 0
P 71 141 0 255 0
P 72 141 0 255 0
P 73 141 0 255 0
P 74 141 0 255 0
P 75 141 0 255 0
P 76 141 0 255 0
P 77 141 0 255 0
P 78 141 0 255 0
P 79 141 0 255 0
P 80 141 0 255 0
P 81 141 0 255 0
P 82 141 0 255 0
P 83 141 0 255 0
P 84 141 0 255 0
P 85 141 0 255 0
P 86 141 0 255 0
P 87 141 0 255 0
P 88 141 0 255 0
P 89 141 0 255 0
P 90 141 0 255 0
P 91 141 0 255 0
P 92 141 0 255 0
P 93 141 0 255 0
P 94 141 0 255 0
P 95 141 0 255 0
P 96 141 0 255 0
P 97 141 0 255 0
P 98 141 0 255 0
P 99 141 0 255 0
P 100 141 0 255 0
P 101 141 0 255 0
P 102 141 0 255 0
P 103 141 0 255 0
P 104 141 0 255 0
P 105 141 0 255 0
P 106 141 0 255 0
P 107 141 0 255 0
P 108 141 0 255 0
P 109 141 0 255 0
P 110 141 0 255 0
P 111 141 0 255 0
P 112 141 0 255 0
P 113 141 0 255 0
P 114 141 0 255 0
P 115 141 0 255 0
P 116 141 0 255 0
P 117 141 0 255 0
P 118 141 0 255 0
P 119 141 0 255 0
P 120 141 0 255 0
P 121 141 0 255 0
P 122 141 0 255 0
P 123 141 0 255 0
P 124 141 0 255 0
P 125 141 0 255 0
P 126 141 0 255 0
P 127 141 0 255 0
P 128 141 0 255 0
P 129 141 0 255 0
P 130 141 0 255 0
P 131 141 0 255 0
P 132 141 0 255 0
P 133 141 0 255 0
P 134 141 0 255 0
P 135 141 0 255 0
P 136 141 0 255 0
P 137 141 0 255 0
P 138 141 0 255 0
P 139 141 0 255 0
P 140 141 0 255 0
P 141 141 0 255 0
P 142 141 0 255 0
P 143 141 0 255 0
P 144 141 0 255 0
P 145 141 255 0 0
P 146 141 255 0 0
P 147 141 255 0 0
P 148 141 255 0 0
P 149 141 255 0 0
P 150 141 255 0 0
P 151 141 255 0 0
P 152 141 255 0 0
P 153 141 255 0 0
P 154 141 255 0 0
P 155 141 255 0 0
P 156 141 255 0 0
P 157 141 255 0 0
P 158 141 255 0 0
P 159 141 255 0 0
P 160 141 255 0 0
P 161 141 255 0 0
P 162 141 255 0 0
P 163 141 255 0 0
P 164 141 255 0 0
P 165 141 255 0 0
P 166 141 255 0 0
P 167 141 255 0 0
P 168 141 255 0 0
P 169 141 255 0 0
P 170 141 255 0 0
P 171 141 255 0 0
P 172 141 255 0 0
P 173 141 255 0 0
P 174 141 255 0 0
P 175 141 255 0 0
P 176 141 255 0 0
P 177 141 255 0 0
P 178 141 255 0 0
P 179 141 255 0 0
P 180 141 255 0 0
P 55 142 0 255 0
P 56 142 0 255 0
P 57 142 0 255 0
P 58 142 0 255 0
P 59 142 0 255 0
P 60 142 0 255 0
P 61 142 0 255 0
P 62 142 0 255 0
P 63 142 0 255 0
P 64 142 0 255 0
P 65 142 0 255 0
P 66 142 0 255 0
P 67 142 0 255 0
P 68 142 0 255 0
P 69 142 0 255 0
P 70 142 0 255 0
P 71 142 0 255 0
P 72 142 0 255 0
P 73 142 0 255 0
P 74 142 0 255 0
P 75 142 0 255 0
P 76 142 0 255 0
P 77 142 0 255 0
P 78 142 0 255 0
P 79 142 0 255 0
P 80 142 0 255 0
P 81 142 0 255 0
P 82 142 0 255 0
P 83 142 0 255 0
P 84 142 0 255 0
P 85 142 0 255 0
P 86 142 0 255 0
P 87 142 0 255 0
P 88 142 0 255 0
P 89 142 0 255 0
P 90 142 0 255 0
P 91 142 0 255 0
P 92 142 0 255 0
P 93 142 0 255 0
P 94 142 0 255 0
P 95 142 0 255 0
P 96 142 0 255 0
P 97 142 0 255 0
P 98 142 0 255 0
P 99 142 0 255 0
P 100 142 0 255 0
P 101 142 0 255 0
P 102 142 0 255 0
P 103 142 0 255 0
P 104 142 0 255 0
P 105 142 0 255 0
P 106 142 0 255 0
P 107 142 0 255 0
P 108 142 0 255 0
P 109 142 0 255 0
P 110 142 0 255 0
P 111 142 0 255 0
P 112 142 0 255 0
P 113 142 0 255 0
P 114 142 0 255 0
P 115 142 0 255 0
P 116 142 0 255 0
P 117 142 0 255 0
P 118 142 0 255 0
P 119 142 0 255 0
P 120 142 0 255 0
P 121 142 0 255 0
P 122 142 0 255 0
P 123 142 0 255 0
P 124 142 0 255 0
P 125 142 0 255 0
P 126 142 0 255 0
P 127 142 0 255 0
P 128 142 0 255 0
P 129 142 0 255 0
P 130 142 0 255 0
P 131 142 0 255 0
P 132 142 0 255 0
P 133 142 0 255 0
P 134 142 0 255 0
P 135 142 0 255 0
P 136 142 0 255 0
P 137 142 0 255 0
P 138 142 0 255 0
P 139 142 0 255 0
P 140 142 0 255 0
P 141 142 0 255 0
P 142 142 0 255 0
P 143 142 0 255 0
P 144 142 0 255 0
P 145 142 255 0 0
P 146 142 255 0 0
P 147 142 255 0 0
P 148 142 255 0 0
P 149 142 255 0 0
P 150 142 255 0 0
P 151 142 255 0 0
P 152 142 255 0 0
P 153 142 255 0 0
P 154 142 255 0 0
P 155 142 255 0 0
P 156 142 255 0 0
P 157 142 255 0 0
P 158 142 255 0 0
P 159 142 255 0 0
P 160 142 255 0 0
P 161 142 255 0 0
P 162 142 255 0 0
P 163 142 255 0 0
P 164 142 255 0 0
P 165 142 255 0 0
P 166 142 255 0 0
P 167 142 255 0 0
P 168 142 255 0 0
P 169 142 255 0 0
P 170 142 255 0 0
P 171 142 255 0 0
P 172 142 255 0 0
P 173 142 255 0 0
P 174 142 255 0 0
P 175 142 255 0 0
P 176 142 255 0 0
P 177 142 255 0 0
P 178 142 255 0 0
P 179 142 255 0 0
P 58 143 0 255 0
P 59 143 0 255 0
P 60 143 0 255 0
P 61 143 0 255 0
P 62 143 0 255 0
P 63 143 0 255 0
P 64 143 0 255 0
P 65 143 0 255 0
P 66 143 0 255 0
P 67 143 0 255 0
P 68 143 0 255 0
P 69 143 0 255 0
P 70 143 0 255 0
P 71 143 0 255 0
P 72 143 0 255 0
P 73 143 0 255 0
P 74 143 0 255 0
P 75 143 0 255 0
P 76 143 0 255 0
P 77 143 0 255 0
P 78 143 0 255 0
P 79 143 0 255 0
P 80 143 0 255 0
P 81 143 0 255 0
P 82 143 0 255 0
P 83 143 0 255 0
P 84 143 0 255 0
P 85 143 0 255 0
P 86 143 0 255 0
P 87 143 0 255 0
P 88 143 0 255 0
P 89 143 0 255 0
P 90 143 0 255 0
P 91 143 0 255 0
P 92 143 0 255 0
P 93 143 0 255 0
P 94 143 0 255 0
P 95 143 0 255 0
P 96 143 0 255 0
P 97 143 0 255 0
P 98 143 0 255 0
P 99 143 0 255 0
P 100 143 0 255 0
P 101 143 0 255 0
P 102 143 0 255 0
P 103 143 0 255 0
P 104 143 0 255 0
P 105 143 0 255 0
P 106 143 0 255 0
P 107 143 0 255 0
P 108 143 0 255 0
P 109 143 0 255 0
P 110 143 0 255 0
P 111 143 0 255 0
P 112 143 0 255 0
P 113 143 0 255 0
P 114 143 0 255 0
P 115 143 0 255 0
P 116 143 0 255 0
P 117 143 0 255 0
P 118 143 0 255 0
P 119 143 0 255 0
P 120 143 0 255 0
P 121 143 0 255 0
P 122 143 0 255 0
P 123 143 0 255 0
P 124 143 0 255 0
P 125 143 0 255 0
P 126 143 0 255 0
P 127 143 0 255 0
P 128 143 0 255 0
P 129 143 0 255 0
P 130 143 0 255 0
P 131 143 0 255 0
P 132 143 0 255 0
P 133 143 0 255 0
P 134 143 0 255 0
P 135 143 0 255 0
P 136 143 0 255 0
P 137 143 0 255 0
P 138 143 0 255 0
P 139 143 0 255 0
P 140 143 0 255 0
P 141 143 0 255 0
P 142 143 0 255 0
P 143 143 0 255 0
P 144 143 0 255 0
P 145 143 255 0 0
P 146 143 255 0 0
P 147 143 255 0 0
P 148 143 255 0 0
P 149 143 255 0 0
P 150 143 255 0 0
P 151 143 255 0 0
P 152 143 255 0 0
P 153 143 255 0 0
P 154 143 255 0 0
P 155 143 255 0 0
P 156 143 255 0 0
P 157 143 255 0 0
P 158 143 255 0 0
P 159 143 255 0 0
P 160 143 255 0 0
P 161 143 255 0 0
P 162 143 255 0 0
P 163 143 255 0 0
P 164 143 255 0 0
P 165 143 255 0 0
P 166 143 255 0 0
P 167 143 255 0 0
P 168 143 255 0 0
P 169 143 255 0 0
P 170 143 255 0 0
P 171 143 255 0 0
P 172 143 255 0 0
P 173 143 255 0 0
P 174 143 255 0 0
P 175 143 255 0 0
P 176 143 255 0 0
P 177 143 255 0 0
P 178 143 255 0 0
P 61 144 0 255 0
P 62 144 0 255 0
P 63 144 0 255 0
P 64 144 0 255 0
P 65 144 0 255 0
P 66 144 0 255 0
P 67 144 0 255 0
P 68 144 0 255 0
P 69 144 0 255 0
P 70 144 0 255 0
P 71 144 0 255 0
P 72 144 0 255 0
P 73 144 0 255 0
P 74 144 0 255 0
P 75 144 0 255 0
P 76 144 0 255 0
P 77 144 0 255 0
P 78 144 0 255 0
P 79 144 0 255 0
P 80 144 0 255 0
P 81 144 0 255 0
P 82 144 0 255 0
P 83 144 0 255 0
P 84 144 0 255 0
P 85 144 0 255 0
P 86 144 0 255 0
P 87 144 0 255 0
P 88 144 0 255 0
P 89 144 0 255 0
P 90 144 0 255 0
P 91 144 0 255 0
P 92 144 0 255 0
P 93 144 0 255 0
P 94 144 0 255 0
P 95 144 0 255 0
P 96 144 0 255 0
P 97 144 0 255 0
P 98 144 0 255 0
P 99 144 0 255 0
P 100 144 0 255 0
P 101 144 0 255 0
P 102 144 0 255 0
P 103 144 0 255 0
P 104 144 0 255 0
P 105 144 0 255 0
P 106 144 0 255 0
P 107 144 0 255 0
P 108 144 0 255 0
P 109 144 0 255 0
P 110 144 0 255 0
P 111 144 0 255 0
P 112 144 0 255 0
P 113 144 0 255 0
P 114 144 0 255 0
P 115 144 0 255 0
P 116 144 0 255 0
P 117 144 0 255 0
P 118 144 0 255 0
P 119 144 0 255 0
P 120 144 0 255 0
P 121 144 0 255 0
P 122 144 0 255 0
P 123 144 0 255 0
P 124 144 0 255 0
P 125 144 0 255 0
P 126 144 0 255 0
P 127 144 0 255 0
P 128 144 0 255 0
P 129 144 0 255 0
P 130 144 0 255 0
P 131 144 0 255 0
P 132 144 0 255 0
P 133 144 0 255 0
P 134 144 0 255 0
P 135 144 0 255 0
P 136 144 0 255 0
P 137 144 0 255 0
P 138 144 0 255 0
P 139 144 0 255 0
P 140 144 0 255 0
P 141 144 0 255 0
P 142 144 0 255 0
P 143 144 0 255 0
P 144 144 0 255 0
P 145 144 255 0 0
P 146 144 255 0 0
P 147 144 255 0 0
P 148 144 255 0 0
P 149 144 255 0 0
P 150 144 255 0 0
P 151 144 255 0 0
P 152 144 255 0 0
P 153 144 255 0 0
P 154 144 255 0 0
P 155 144 255 0 0
P 156 144 255 0 0
P 157 144 255 0 0
P 158 144 255 0 0
P 159 144 255 0 0
P 160 144 255 0 0
P 161 144 255 0 0
P 162 144 255 0 0
P 163 144 255 0 0
P 164 144 255 0 0
P 165 144 255 0 0
P 166 144 255 0 0
P 167 144 255 0 0
P 168 144 255 0 0
P 169 144 255 0 0
P 170 144 255 0 0
P 171 144 255 0 0
P 172 144 255 0 0
P 173 144 255 0 0
P 174 144 255 0 0
P 175 144 255 0 0
P 176 144 255 0 0
P 177 144 255 0 0
P 64 145 0 255 0
P 65 145 0 255 0
P 66 145 0 255 0
P 67 145 0 255 0
P 68 145 0 255 0
P 69 145 0 255 0
P 70 145 0 255 0
P 71 145 0 255 0
P 72 145 0 255 0
P 73 145 0 255 0
P 74 145 0 255 0
P 75 145 0 255 0
P 76 145 0 255 0
P 77 145 0 255 0
P 78 145 0 255 0
P 79 145 0 255 0
P 80 145 0 255 0
P 81 145 0 255 0
P 82 145 0 255 0
P 83 145 0 255 0
P 84 145 0 255 0
P 85 145 0 255 0
P 86 145 0 255 0
P 87 145 0 255 0
P 88 145 0 255 0
P 89 145 0 255 0
P 90 145 0 255 0
P 91 145 0 255 0
P 92 145 0 255 0
P 93 145 0 255 0
P 94 145 0 255 0
P 95 145 0 255 0
P 96 145 0 255 0
P 97 145 0 255 0
P 98 145 0 255 0
P 99 145 0 255 0
P 100 145 0 255 0
P 101 145 0 255 0
P 102 145 0 255 0
P 103 145 0 255 0
P 104 145 0 255 0
P 105 145 0 255 0
P 106 145 0 255 0
P 107 145 0 255 0
P 108 145 0 255 0
P 109 145 0 255 0
P 110 145 0 255 0
P 111 145 0 255 0
P 112 145 0 255 0
P 113 145 0 255 0
P 114 145 0 255 0
P 115 145 0 255 0
P 116 145 0 255 0
P 117 145 0 255 0
P 118 145 0 255 0
P 119 145 0 255 0
P 120 145 0 255 0
P 121 145 0 255 0
P 122 145 0 255 0
P 123 145 0 255 0
P 124 145 0 255 0
P 125 145 0 255 0
P 126 145 0 255 0
P 127 145 0 255 0
P 128 145 0 255 0
P 129 145 0 255 0
P 130 145 0 255 0
P 131 145 0 255 0
P 132 145 0 255 0
P 133 145 0 255 0
P 134 145 0 255 0
P 135 145 0 255 0
P 136 145 0 255 0
P 137 145 0 255 0
P 138 145 0 255 0
P 139 145 0 255 0
P 140 145 0 255 0
P 141 145 0 255 0
P 142 145 0 255 0
P 143 145 0 255 0
P 144 145 0 255 0
P 145 145 255 0 0
P 146 145 255 0 0
P 147 145 255 0 0
P 148 145 255 0 0
P 149 145 255 0 0
P 150 145 255 0 0
P 151 145 255 0 0
P 152 145 255 0 0
P 153 145 255 0 0
P 154 145 255 0 0
P 155 145 255 0 0
P 156 145 255 0 0
P 157 145 255 0 0
P 158 145 255 0 0
P 159 145 255 0 0
P 160 145 255 0 0
P 161 145 255 0 0
P 162 145 255 0 0
P 163 145 255 0 0
P 164 145 255 0 0
P 165 145 255 0 0
P 166 145 255 0 0
P 167 145 255 0 0
P 168 145 255 0 0
P 169 145 255 0 0
P 170 145 255 0 0
P 171 145 255 0 0
P 172 145 255 0 0
P 173 145 255 0 0
P 174 145 255 0 0
P 175 145 255 0 0
P 176 145 255 0 0
P 67 146 0 255 0
P 68 146 0 255 0
P 69 146 0 255 0
P 70 146 0 255 0
P 71 146 0 255 0
P 72 146 0 255 0
P 73 146 0 255 0
P 74 146 0 255 0
P 75 146 0 255 0
P 76 146 0 255 0
P 77 146 0 255 0
P 78 146 0 255 0
P 79 146 0 255 0
P 80 146 0 255 0
P 81 146 0 255 0
P 82 146 0 255 0
P 83 146 0 255 0
P 84 146 0 255 0
P 85 146 0 255 0
P 86 146 0 255 0
P 87 146 0 255 0
P 88 146 0 255 0
P 89 146 0 255 0
P 90 146 0 255 0
P 91 146 0 255 0
P 92 146 0 255 0
P 93 146 0 255 0
P 94 146 0 255 0
P 95 146 0 255 0
P 96 146 0 255 0
P 97 146 0 255 0
P 98 146 0 255 0
P 99 146 0 255 0
P 100 146 0 255 0
P 101 146 0 255 0
P 102 146 0 255 0
P 103 146 0 255 0
P 104 146 0 255 0
P 105 146 0 255 0
P 106 146 0 255 0
P 107 146 0 255 0
P 108 146 0 255 0
P 109 146 0 255 0
P 110 146 0 255 0
P 111 146 0 255 0
P 112 146 0 255 0
P 113 146 0 255 0
P 114 146 0 255 0
P 115 146 0 255 0
P 116 146 0 255 0
P 117 146 0 255 0
P 118 146 0 255 0
P 119 146 0 255 0
P 120 146 0 255 0
P 121 146 0 255 0
P 122 146 0 255 0
P 123 146 0 255 0
P 124 146 0 255 0
P 125 146 0 255 0
P 126 146 0 255 0
P 127 146 0 255 0
P 128 146 0 255 0
P 129 146 0 255 0
P 130 146 0 255 0
P 131 146 0 255 0
P 132 146 0 255 0
P 133 146 0 255 0
P 134 146 0 255 0
P 135 146 0 255 0
P 136 146 0 255 0
P 137 146 0 255 0
P 138 146 0 255 0
P 139 146 0 255 0
P 140 146 0 255 0
P 141 146 0 255 0
P 142 146 0 255 0
P 143 146 0 255 0
P 144 146 0 255 0
P 145 146 255 0 0
P 146 146 255 0 0
P 147 146 255 0 0
P 148 146 255 0 0
P 149 146 255 0 0
P 150 146 255 0 0
P 151 146 255 0 0
P 152 146 255 0 0
P 153 146 255 0 0
P 154 146 255 0 0
P 155 146 255 0 0
P 156 146 255 0 0
P 157 146 255 0 0
P 158 146 255 0 0
P 159 146 255 0 0
P 160 146 255 0 0
P 161 146 255 0 0
P 162 146 255 0 0
P 163 146 255 0 0
P 164 146 255 0 0
P 165 146 255 0 0
P 166 146 255 0 0
P 167 146 255 0 0
P 168 146 255 0 0
P 169 146 255 0 0
P 170 146 255 0 0
P 171 146 255 0 0
P 172 146 255 0 0
P 173 146 255 0 0
P 174 146 255 0 0
P 70 147 0 255 0
P 71 147 0 255 0
P 72 147 0 255 0
P 73 147 0 255 0
P 74 147 0 255 0
P 75 147 0 255 0
P 76 147 0 255 0
P 77 147 0 255 0
P 78 147 0 255 0
P 79 147 0 255 0
P 80 147 0 255 0
P 81 147 0 255 0
P 82 147 0 255 0
P 83 147 0 255 0
P 84 147 0 255 0
P 85 147 0 255 0
P 86 147 0 255 0
P 87 147 0 255 0
P 88 147 0 255 0
P 89 147 0 255 0
P 90 147 0 255 0
P 91 147 0 255 0
P 92 147 0 255 0
P 93 147 0 255 0
P 94 147 0 255 0
P 95 147 0 255 0
P 96 147 0 255 0
P 97 147 0 255 0
P 98 147 0 255 0
P 99 147 0 255 0
P 100 147 0 255 0
P 101 147 0 255 0
P 102 147 0 255 0
P 103 147 0 255 0
P 104 147 0 255 0
P 105 147 0 255 0
P 106 147 0 255 0
P 107 147 0 255 0
P 108 147 0 255 0
P 109 147 0 255 0
P 110 147 0 255 0
P 111 147 0 255 0
P 112 147 0 255 0
P 113 147 0 255 0
P 114 147 0 255 0
P 115 147 0 255 0
P 116 147 0 255 0
P 117 147 0 255 0
P 118 147 0 255 0
P 119 147 0 255 0
P 120 147 0 255 0
P 121 147 0 255 0
P 122 147 0 255 0
P 123 147 0 255 0
P 124 147 0 255 0
P 125 147 0 255 0
P 126 147 0 255 0
P 127 147 0 255 0
P 128 147 0 255 0
P 129 147 0 255 0
P 130 147 0 255 0
P 131 147 0 255 0
P 132 147 0 255 0
P 133 147 0 255 0
P 134 147 0 255 0
P 135 147 0 255 0
P 136 147 0 255 0
P 137 147 0 255 0
P 138 147 0 255 0
P 139 147 0 255 0
P 140 147 0 255 0
P 141 147 0 255 0
P 142 147 0 255 0
P 143 147 0 255 0
P 144 147 0 255 0
P 145 147 255 0 0
P 146 147 255 0 0
P 147 147 255 0 0
P 148 147 255 0 0
P 149 147 255 0 0
P 150 147 255 0 0
P 151 147 255 0 0
P 152 147 255 0 0
P 153 147 255 0 0
P 154 147 255 0 0
P 155 147 255 0 0
P 156 147 255 0 0
P 157 147 255 0 0
P 158 147 255 0 0
P 159 147 255 0 0
P 160 147 255 0 0
P 161 147 255 0 0
P 162 147 255 0 0
P 163 147 255 0 0
P 164 147 255 0 0
P 165 147 255 0 0
P 166 147 255 0 0
P 167 147 255 0 0
P 168 147 255 0 0
P 169 147 255 0 0
P 170 147 255 0 0
P 171 147 255 0 0
P 172 147 255 0 0
P 173 147 255 0 0
P 73 148 0 255 0
P 74 148 0 255 0
P 75 148 0 255 0
P 76 148 0 255 0
P 77 148 0 255 0
P 78 148 0 255 0
P 79 148 0 255 0
P 80 148 0 255 0
P 81 148 0 255 0
P 82 148 0 255 0
P 83 148 0 255 0
P 84 148 0 255 0
P 85 148 0 255 0
P 86 148 0 255 0
P 87 148 0 255 0
P 88 148 0 255 0
P 89 148 0 255 0
P 90 148 0 255 0
P 91 148 0 255 0
P 92 148 0 255 0
P 93 148 0 255 0
P 94 148 0 255 0
P 95 148 0 255 0
P 96 148 0 255 0
P 97 148 0 255 0
P 98 148 0 255 0
P 99 148 0 255 0
P 100 148 0 255 0
P 101 148 0 255 0
P 102 148 0 255 0
P 103 148 0 255 0
P 104 148 0 255 0
P 105 148 0 255 0
P 106 148 0 255 0
P 107 148 0 255 0
P 108 148 0 255 0
P 109 148 0 255 0
P 110 148 0 255 0
P 111 148 0 255 0
P 112 148 0 255 0
P 113 148 0 255 0
P 114 148 0 255 0
P 115 148 0 255 0
P 116 148 0 255 0
P 117 148 0 255 0
P 118 148 0 255 0
P 119 148 0 255 0
P 120 148 0 255 0
P 121 148 0 255 0
P 122 148 0 255 0
P 123 148 0 255 0
P 124 148 0 255 0
P 125 148 0 255 0
P 126 148 0 255 0
P 127 148 0 255 0
P 128 148 0 255 0
P 129 148 0 255 0
P 130 148 0 255 0
P 131 148 0 255 0
P 132 148 0 255 0
P 133 148 0 255 0
P 134 148 0 255 0
P 135 148 0 255 0
P 136 148 0 255 0
P 137 148 0 255 0
P 138 148 0 255 0
P 139 148 0 255 0
P 140 148 0 255 0
P 141 148 0 255 0
P 142 148 0 255 0
P 143 148 0 255 0
P 144 148 0 255 0
P 145 148 255 0 0
P 146 148 255 0 0
P 147 148 255 0 0
P 148 148 255 0 0
P 149 148 255 0 0
P 150 148 255 0 0
P 151 148 255 0 0
P 152 148 255 0 0
P 153 148 255 0 0
P 154 148 255 0 0
P 155 148 255 0 0
P 156 148 255 0 0
P 157 148 255 0 0
P 158 148 255 0 0
P 159 148 255 0 0
P 160 148 255 0 0
P 161 148 255 0 0
P 162 148 255 0 0
P 163 148 255 0 0
P 164 148 255 0 0
P 165 148 255 0 0
P 166 148 255 0 0
P 167 148 255 0 0
P 168 148 255 0 0
P 169 148 255 0 0
P 170 148 255 0 0
P 171 148 255 0 0
P 172 148 255 0 0
P 76 149 0 255 0
P 77 149 0 255 0
P 78 149 0 255 0
P 79 149 0 255 0
P 80 149 0 255 0
P 81 149 0 255 0
P 82 149 0 255 0
P 83 149 0 255 0
P 84 149 0 255 0
P 85 149 0 255 0
P 86 149 0 255 0
P 87 149 0 255 0
P 88 149 0 255 0
P 89 149 0 255 0
P 90 149 0 255 0
P 91 149 0 255 0
P 92 149 0 255 0
P 93 149 0 255 0
P 94 149 0 255 0
P 95 149 0 255 0
P 96 149 0 255 0
P 97 149 0 255 0
P 98 149 0 255 0
P 99 149 0 255 0
P 100 149 0 255 0
P 101 149 0 255 0
P 102 149 0 255 0
P 103 149 0 255 0
P 104 149 0 255 0
P 105 149 0 255 0
P 106 149 0 255 0
P 107 149 0 255 0
P 108 149 0 255 0
P 109 149 0 255 0
P 110 149 0 255 0
P 111 149 0 255 0
P 112 149 0 255 0
P 113 149 0 255 0
P 114 149 0 255 0
P 115 149 0 255 0
P 116 149 0 255 0
P 117 149 0 255 0
P 118 149 0 255 0
P 119 149 0 255 0
P 120 149 0 255 0
P 121 149 0 255 0
P 122 149 0 255 0
P 123 149 0 255 0
P 124 149 0 255 0
P 125 149 0 255 0
P 126 149 0 255 0
P 127 149 0 255 0
P 128 149 0 255 0
P 129 149 0 255 0
P 130 149 0 255 0
P 131 149 0 255 0
P 132 149 0 255 0
P 133 149 0 255 0
P 134 149 0 255 0
P 135 149 0 255 0
P 136 149 0 255 0
P 137 149 0 255 0
P 138 149 0 255 0
P 139 149 0 255 0
P 140 149 0 255 0
P 141 149 0 255 0
P 142 149 0 255 0
P 143 149 0 255 0
P 144 149 0 255 0
P 145 149 255 0 0
P 146 149 255 0 0
P 147 149 255 0 0
P 148 149 255 0 0
P 149 149 255 0 0
P 150 149 255 0 0
P 151 149 255 0 0
P 152 149 255 0 0
P 153 149 255 0 0
P 154 149 255 0 0
P 155 149 255 0 0
P 156 149 255 0 0
P 157 149 255 0 0
P 158 149 255 0 0
P 159 149 255 0 0
P 160 149 255 0 0
P 161 149 255 0 0
P 162 149 255 0 0
P 163 149 255 0 0
P 164 149 255 0 0
P 165 149 255 0 0
P 166 149 255 0 0
P 167 149 255 0 0
P 168 149 255 0 0
P 169 149 255 0 0
P 170 149 255 0 0
P 171 149 255 0 0
P 79 150 0 255 0
P 80 150 0 255 0
P 81 150 0 255 0
P 82 150 0 255 0
P 83 150 0 255 0
P 84 150 0 255 0
P 85 150 0 255 0
P 86 150 0 255 0
P 87 150 0 255 0
P 88 150 0 255 0
P 89 150 0 255 0
P 90 150 0 255 0
P 91 150 0 255 0
P 92 150 0 255 0
P 93 150 0 255 0
P 94 150 0 255 0
P 95 150 0 255 0
P 96 150 0 255 0
P 97 150 0 255 0
P 98 150 0 255 0
P 99 150 0 255 0
P 100 150 0 255 0
P 101 150 0 255 0
P 102 150 0 255 0
P 103 150 0 255 0
P 104 150 0 255 0
P 105 150 0 255 0
P 106 150 0 255 0
P 107 150 0 255 0
P 108 150 0 255 0
P 109 150 0 255 0
P 110 150 0 255 0
P 111 150 0 255 0
P 112 150 0 255 0
P 113 150 0 255 0
P 114 150 0 255 0
P 115 150 0 255 0
P 116 150 0 255 0
P 117 150 0 255 0
P 118 150 0 255 0
P 119 150 0 255 0
P 120 150 0 255 0
P 121 150 0 255 0
P 122 150 0 255 0
P 123 150 0 255 0
P 124 150 0 255 0
P 125 150 0 255 0
P 126 150 0 255 0
P 127 150 0 255 0
P 128 150 0 255 0
P 129 150 0 255 0
P 130 150 0 255 0
P 131 150 0 255 0
P 132 150 0 255 0
P 133 150 0 255 0
P 134 150 0 255 0
P 135 150 0 255 0
P 136 150 0 255 0
P 137 150 0 255 0
P 138 150 0 255 0
P 139 150 0 255 0
P 140 150 0 255 0
P 141 150 0 255 0
P 142 150 0 255 0
P 143 150 0 255 0
P 144 150 0 255 0
P 145 150 255 0 0
P 146 150 255 0 0
P 147 150 255 0 0
P 148 150 255 0 0
P 149 150 255 0 0
P 150 150 255 0 0
P 151 150 255 0 0
P 152 150 255 0 0
P 153 150 255 0 0
P 154 150 255 0 0
P 155 150 255 0 0
P 156 150 255 0 0
P 157 150 255 0 0
P 158 150 255 0 0
P 159 150 255 0 0
P 160 150 255 0 0
P 161 150 255 0 0
P 162 150 255 0 0
P 163 150 255 0 0
P 164 150 255 0 0
P 165 150 255 0 0
P 166 150 255 0 0
P 167 150 255 0 0
P 168 150 255 0 0
P 169 150 255 0 0
P 82 151 0 255 0
P 83 151 0 255 0
P 84 151 0 255 0
P 85 151 0 255 0
P 86 151 0 255 0
P 87 151 0 255 0
P 88 151 0 255 0
P 89 151 0 255 0
P 90 151 0 255 0
P 91 151 0 255 0
P 92 151 0 255 0
P 93 151 0 255 0
P 94 151 0 255 0
P 95 151 0 255 0
P 96 151 0 255 0
P 97 151 0 255 0
P 98 151 0 255 0
P 99 151 0 255 0
P 100 151 0 255 0
P 101 151 0 255 0
P 102 151 0 255 0
P 103 151 0 255 0
P 104 151 0 255 0
P 105 151 0 255 0
P 106 151 0 255 0
P 107 151 0 255 0
P 108 151 0 255 0
P 109 151 0 255 0
P 110 151 0 255 0
P 111 151 0 255 0
P 112 151 0 255 0
P 113 151 0 255 0
P 114 151 0 255 0
P 115 151 0 255 0
P 116 151 0 255 0
P 117 151 0 255 0
P 118 151 0 255 0
P 119 151 0 255 0
P 120 151 0 255 0
P 121 151 0 255 0
P 122 151 0 255 0
P 123 151 0 255 0
P 124 151 0 255 0
P 125 151 0 255 0
P 126 151 0 255 0
P 127 151 0 255 0
P 128 151 0 255 0
P 129 151 0 255 0
P 130 151 0 255 0
P 131 151 0 255 0
P 132 151 0 255 0
P 133 151 0 255 0
P 134 151 0 255 0
P 135 151 0 255 0
P 136 151 0 255 0
P 137 151 0 255 0
P 138 151 0 255 0
P 139 151 0 255 0
P 140 151 0 255 0
P 141 151 0 255 0
P 142 151 0 255 0
P 143 151 0 255 0
P 144 151 0 255 0
P 145 151 255 0 0
P 146 151 255 0 0
P 147 151 255 0 0
P 148 151 255 0 0
P 149 151 255 0 0
P 150 151 255 0 0
P 151 151 255 0 0
P 152 151 255 0 0
P 153 151 255 0 0
P 154 151 255 0 0
P 155 151 255 0 0
P 156 151 255 0 0
P 157 151 255 0 0
P 158 151 255 0 0
P 159 151 255 0 0
P 160 151 255 0 0
P 161 151 255 0 0
P 162 151 255 0 0
P 163 151 255 0 0
P 164 151 255 0 0
P 165 151 255 0 0
P 166 151 255 0 0
P 167 151 255 0 0
P 168 151 255 0 0
P 85 152 0 255 0
P 86 152 0 255 0
P 87 152 0 255 0
P 88 152 0 255 0
P 89 152 0 255 0
P 90 152 0 255 0
P 91 152 0 255 0
P 92 152 0 255 0
P 93 152 0 255 0
P 94 152 0 255 0
P 95 152 0 255 0
P 96 152 0 255 0
P 97 152 0 255 0
P 98 152 0 255 0
P 99 152 0 255 0
P 100 152 0 255 0
P 101 152 0 255 0
P 102 152 0 255 0
P 103 152 0 255 0
P 104 152 0 255 0
P 105 152 0 255 0
P 106 152 0 255 0
P 107 152 0 255 0
P 108 152 0 255 0
P 109 152 0 255 0
P 110 152 0 255 0
P 111 152 0 255 0
P 112 152 0 255 0
P 113 152 0 255 0
P 114 152 0 255 0
P 115 152 0 255 0
P 116 152 0 255 0
P 117 152 0 255 0
P 118 152 0 255 0
P 119 152 0 255 0
P 120 152 0 255 0
P 121 152 0 255 0
P 122 152 0 255 0
P 123 152 0 255 0
P 124 152 0 255 0
P 125 152 0 255 0
P 126 152 0 255 0
P 127 152 0 255 0
P 128 152 0 255 0
P 129 152 0 255 0
P 130 152 0 255 0
P 131 152 0 255 0
P 132 152 0 255 0
P 133 152 0 255 0
P 134 152 0 255 0
P 135 152 0 255 0
P 136 152 0 255 0
P 137 152 0 255 0
P 138 152 0 255 0
P 139 152 0 255 0
P 140 152 0 255 0
P 141 152 0 255 0
P 142 152 0 255 0
P 143 152 0 255 0
P 144 152 0 255 0
P 145 152 255 0 0
P 146 152 255 0 0
P 147 152 255 0 0
P 148 152 255 0 0
P 149 152 255 0 0
P 150 152 255 0 0
P 151 152 255 0 0
P 152 152 255 0 0
P 153 152 255 0 0
P 154 152 255 0 0
P 155 152 255 0 0
P 156 152 255 0 0
P 157 152 255 0 0
P 158 152 255 0 0
P 159 152 255 0 0
P 160 152 255 0 0
P 161 152 255 0 0
P 162 152 255 0 0
P 163 152 255 0 0
P 164 152 255 0 0
P 165 152 255 0 0
P 166 152 255 0 0
P 167 152 255 0 0
P 88 153 0 255 0
P 89 153 0 255 0
P 90 153 0 255 0
P 91 153 0 255 0
P 92 153 0 255 0
P 93 153 0 255 0
P 94 153 0 255 0
P 95 153 0 255 0
P 96 153 0 255 0
P 97 153 0 255 0
P 98 153 0 255 0
P 99 153 0 255 0
P 100 153 0 255 0
P 101 153 0 255 0
P 102 153 0 255 0
P 103 153 0 255 0
P 104 153 0 255 0
P 105 153 0 255 0
P 106 153 0 255 0
P 107 153 0 255 0
P 108 153 0 255 0
P 109 153 0 255 0
P 110 153 0 255 0
P 111 153 0 255 0
P 112 153 0 255 0
P 113 153 0 255 0
P 114 153 0 255 0
P 115 153 0 255 0
P 116 153 0 255 0
P 117 153 0 255 0
P 118 153 0 255 0
P 119 153 0 255 0
P 120 153 0 255 0
P 121 153 0 255 0
P 122 153 0 255 0
P 123 153 0 255 0
P 124 153 0 255 0
P 125 153 0 255 0
P 126 153 0 255 0
P 127 153 0 255 0
P 128 153 0 255 0
P 129 153 0 255 0
P 130 153 0 255 0
P 131 153 0 255 0
P 132 153 0 255 0
P 133 153 0 255 0
P 134 153 0 255 0
P 135 153 0 255 0
P 136 153 0 255 0
P 137 153 0 255 0
P 138 153 0 255 0
P 139 153 0 255 0
P 140 153 0 255 0
P 141 153 0 255 0
P 142 153 0 255 0
P 143 153 0 255 0
P 144 153 0 255 0
P 145 153 255 0 0
P 146 153 255 0 0
P 147 153 255 0 0
P 148 153 255 0 0
P 149 153 255 0 0
P 150 153 255 0 0
P 151 153 255 0 0
P 152 153 255 0 0
P 153 153 255 0 0
P 154 153 255 0 0
P 155 153 255 0 0
P 156 153 255 0 0
P 157 153 255 0 0
P 158 153 255 0 0
P 159 153 255 0 0
P 160 153 255 0 0
P 161 153 255 0 0
P 162 153 255 0 0
P 163 153 255 0 0
P 164 153 255 0 0
P 165 153 255 0 0
P 166 153 255 0 0
P 91 154 0 255 0
P 92 154 0 255 0
P 93 154 0 255 0
P 94 154 0 255 0
P 95 154 0 255 0
P 96 154 0 255 0
P 97 154 0 255 0
P 98 154 0 255 0
P 99 154 0 255 0
P 100 154 0 255 0
P 101 154 0 255 0
P 102 154 0 255 0
P 103 154 0 255 0
P 104 154 0 255 0
P 105 154 0 255 0
P 106 154 0 255 0
P 107 154 0 255 0
P 108 154 0 255 0
P 109 154 0 255 0
P 110 154 0 255 0
P 111 154 0 255 0
P 112 154 0 255 0
P 113 154 0 255 0
P 114 154 0 255 0
P 115 154 0 255 0
P 116 154 0 255 0
P 117 154 0 255 0
P 118 154 0 255 0
P 119 154 0 255 0
P 120 154 0 255 0
P 121 154 0 255 0
P 122 154 0 255 0
P 123 154 0 255 0
P 124 154 0 255 0
P 125 154 0 255 0
P 126 154 0 255 0
P 127 154 0 255 0
P 128 154 0 255 0
P 129 154 0 255 0
P 130 154 0 255 0
P 131 154 0 255 0
P 132 154 0 255 0
P 133 154 0 255 0
P 134 154 0 255 0
P 135 154 0 255 0
P 136 154 0 255 0
P 137 154 0 255 0
P 138 154 0 255 0
P 139 154 0 255 0
P 140 154 0 255 0
P 141 154 0 255 0
P 142 154 0 255 0
P 143 154 0 255 0
P 144 154 0 255 0
P 145 154 255 0 0
P 146 154 255 0 0
P 147 154 255 0 0
P 148 154 255 0 0
P 149 154 255 0 0
P 150 154 255 0 0
P 151 154 255 0 0
P 152 154 255 0 0
P 153 154 255 0 0
P 154 154 255 0 0
P 155 154 255 0 0
P 156 154 255 0 0
P 157 154 255 0 0
P 158 154 255 0 0
P 159 154 255 0 0
P 160 154 255 0 0
P 161 154 255 0 0
P 162 154 255 0 0
P 163 154 255 0 0
P 164 154 255 0 0
P 94 155 0 255 0
P 95 155 0 255 0
P 96 155 0 255 0
P 97 155 0 255 0
P 98 155 0 255 0
P 99 155 0 255 0
P 100 155 0 255 0
P 101 155 0 255 0
P 102 155 0 255 0
P 103 155 0 255 0
P 104 155 0 255 0
P 105 155 0 255 0
P 106 155 0 255 0
P 107 155 0 255 0
P 108 155 0 255 0
P 109 155 0 255 0
P 110 155 0 255 0
P 111 155 0 255 0
P 112 155 0 255 0
P 113 155 0 255 0
P 114 155 0 255 0
P 115 155 0 255 0
P 116 155 0 255 0
P 117 155 0 255 0
P 118 155 0 255 0
P 119 155 0 255 0
P 120 155 0 255 0
P 121 155 0 255 0
P 122 155 0 255 0
P 123 155 0 255 0
P 124 155 0 255 0
P 125 155 0 255 0
P 126 155 0 255 0
P 127 155 0 255 0
P 128 155 0 255 0
P 129 155 0 255 0
P 130 155 0 255 0
P 131 155 0 255 0
P 132 155 0 255 0
P 133 155 0 255 0
P 134 155 0 255 0
P 135 155 0 255 0
P 136 155 0 255 0
P 137 155 0 255 0
P 138 155 0 255 0
P 139 155 0 255 0
P 140 155 0 255 0
P 141 155 0 255 0
P 142 155 0 255 0
P 143 155 0 255 0
P 144 155 0 255 0
P 145 155 255 0 0
P 146 155 255 0 0
P 147 155 255 0 0
P 148 155 255 0 0
P 149 155 255 0 0
P 150 155 255 0 0
P 151 155 255 0 0
P 152 155 255 0 0
P 153 155 255 0 0
P 154 155 255 0 0
P 155 155 255 0 0
P 156 155 255 0 0
P 157 155 255 0 0
P 158 155 255 0 0
P 159 155 255 0 0
P 160 155 255 0 0
P 161 155 255 0 0
P 162 155 255 0 0
P 163 155 255 0 0
P 97 156 0 255 0
P 98 156 0 255 0
P 99 156 0 255 0
P 100 156 0 255 0
P 101 156 0 255 0
P 102 156 0 255 0
P 103 156 0 255 0
P 104 156 0 255 0
P 105 156 0 255 0
P 106 156 0 255 0
P 107 156 0 255 0
P 108 156 0 255 0
P 109 156 0 255 0
P 110 156 0 255 0
P 111 156 0 255 0
P 112 156 0 255 0
P 113 156 0 255 0
P 114 156 0 255 0
P 115 156 0 255 0
P 116 156 0 255 0
P 117 156 0 255 0
P 118 156 0 255 0
P 119 156 0 255 0
P 120 156 0 255 0
P 121 156 0 255 0
P 122 156 0 255 0
P 123 156 0 255 0
P 124 156 0 255 0
P 125 156 0 255 0
P 126 156 0 255 0
P 127 156 0 255 0
P 128 156 0 255 0
P 129 156 0 255 0
P 130 156 0 255 0
P 131 156 0 255 0
P 132 156 0 255 0
P 133 156 0 255 0
P 134 156 0 255 0
P 135 156 0 255 0
P 136 156 0 255 0
P 137 156 0 255 0
P 138 156 0 255 0
P 139 156 0 255 0
P 140 156 0 255 0
P 141 156 0 255 0
P 142 156 0 255 0
P 143 156 0 255 0
P 144 156 0 255 0
P 145 156 255 0 0
P 146 156 255 0 0
P 147 156 255 0 0
P 148 156 255 0 0
P 149 156 255 0 0
P 150 156 255 0 0
P 151 156 255 0 0
P 152 156 255 0 0
P 153 156 255 0 0
P 154 156 255 0 0
P 155 156 255 0 0
P 156 156 255 0 0
P 157 156 255 0 0
P 158 156 255 0 0
P 159 156 255 0 0
P 160 156 255 0 0
P 161 156 255 0 0
P 162 156 255 0 0
P 100 157 0 255 0
P 101 157 0 255 0
P 102 157 0 255 0
P 103 157 0 255 0
P 104 157 0 255 0
P 105 157 0 255 0
P 106 157 0 255 0
P 107 157 0 255 0
P 108 157 0 255 0
P 109 157 0 255 0
P 110 157 0 255 0
P 111 157 0 255 0
P 112 157 0 255 0
P 113 157 0 255 0
P 114 157 0 255 0
P 115 157 0 255 0
P 116 157 0 255 0
P 117 157 0 255 0
P 118 157 0 255 0
P 119 157 0 255 0
P 120 157 0 255 0
P 121 157 0 255 0
P 122 157 0 255 0
P 123 157 0 255 0
P 124 157 0 255 0
P 125 157 0 255 0
P 126 157 0 255 0
P 127 157 0 255 0
P 128 157 0 255 0
P 129 157 0 255 0
P 130 157 0 255 0
P 131 157 0 255 0
P 132 157 0 255 0
P 133 157 0 255 0
P 134 157 0 255 0
P 135 157 0 255 0
P 136 157 0 255 0
P 137 157 0 255 0
P 138 157 0 255 0
P 139 157 0 255 0
P 140 157 0 255 0
P 141 157 0 255 0
P 142 157 0 255 0
P 143 157 0 255 0
P 144 157 0 255 0
P 145 157 255 0 0
P 146 157 255 0 0
P 147 157 255 0 0
P 148 157 255 0 0
P 149 157 255 0 0
P 150 157 255 0 0
P 151 157 255 0 0
P 152 157 255 0 0
P 153 157 255 0 0
P 154 157 255 0 0
P 155 157 255 0 0
P 156 157 255 0 0
P 157 157 255 0 0
P 158 157 255 0 0
P 159 157 255 0 0
P 160 157 255 0 0
P 161 157 255 0 0
P 103 158 0 255 0
P 104 158 0 255 0
P 105 158 0 255 0
P 106 158 0 255 0
P 107 158 0 255 0
P 108 158 0 255 0
P 109 158 0 255 0
P 110 158 0 255 0
P 111 158 0 255 0
P 112 158 0 255 0
P 113 158 0 255 0
P 114 158 0 255 0
P 115 158 0 255 0
P 116 158 0 255 0
P 117 158 0 255 0
P 118 158 0 255 0
P 119 158 0 255 0
P 120 158 0 255 0
P 121 158 0 255 0
P 122 158 0 255 0
P 123 158 0 255 0
P 124 158 0 255 0
P 125 158 0 255 0
P 126 158 0 255 0
P 127 158 0 255 0
P 128 158 0 255 0
P 129 158 0 255 0
P 130 158 0 255 0
P 131 158 0 255 0
P 132 158 0 255 0
P 133 158 0 255 0
P 134 158 0 255 0
P 135 158 0 255 0
P 136 158 0 255 0
P 137 158 0 255 0
P 138 158 0 255 0
P 139 158 0 255 0
P 140 158 0 255 0
P 141 158 0 255 0
P 142 158 0 255 0
P 143 158 0 255 0
P 144 158 0 255 0
P 145 158 255 0 0
P 146 158 255 0 0
P 147 158 255 0 0
P 148 158 255 0 0
P 149 158 255 0 0
P 150 158 255 0 0
P 151 158 255 0 0
P 152 158 255 0 0
P 153 158 255 0 0
P 154 158 255 0 0
P 155 158 255 0 0
P 156 158 255 0 0
P 157 158 255 0 0
P 158 158 255 0 0
P 159 158 255 0 0
P 160 158 255 0 0
P 106 159 0 255 0
P 107 159 0 255 0
P 108 159 0 255 0
P 109 159 0 255 0
P 110 159 0 255 0
P 111 159 0 255 0
P 112 159 0 255 0
P 113 159 0 255 0
P 114 159 0 255 0
P 115 159 0 255 0
P 116 159 0 255 0
P 117 159 0 255 0
P 118 159 0 255 0
P 119 159 0 255 0
P 120 159 0 255 0
P 121 159 0 255 0
P 122 159 0 255 0
P 123 159 0 255 0
P 124 159 0 255 0
P 125 159 0 255 0
P 126 159 0 255 0
P 127 159 0 255 0
P 128 159 0 255 0
P 129 159 0 255 0
P 130 159 0 255 0
P 131 159 0 255 0
P 132 159 0 255 0
P 133 159 0 255 0
P 134 159 0 255 0
P 135 159 0 255 0
P 136 159 0 255 0
P 137 159 0 255 0
P 138 159 0 255 0
P 139 159 0 255 0
P 140 159 0 255 0
P 141 159 0 255 0
P 142 159 0 255 0
P 143 159 0 255 0
P 144 159 0 255 0
P 145 159 255 0 0
P 146 159 255 0 0
P 147 159 255 0 0
P 148 159 255 0 0
P 149 159 255 0 0
P 150 159 255 0 0
P 151 159 255 0 0
P 152 159 255 0 0
P 153 159 255 0 0
P 154 159 255 0 0
P 155 159 255 0 0
P 156 159 255 0 0
P 157 159 255 0 0
P 158 159 255 0 0
P 109 160 0 255 0
P 110 160 0 255 0
P 111 160 0 255 0
P 112 160 0 255 0
P 113 160 0 255 0
P 114 160 0 255 0
P 115 160 0 255 0
P 116 160 0 255 0
P 117 160 0 255 0
P 118 160 0 255 0
P 119 160 0 255 0
P 120 160 0 255 0
P 121 160 0 255 0
P 122 160 0 255 0
P 123 160 0 255 0
P 124 160 0 255 0
P 125 160 0 255 0
P 126 160 0 255 0
P 127 160 0 255 0
P 128 160 0 255 0
P 129 160 0 255 0
P 130 160 0 255 0
P 131 160 0 255 0
P 132 160 0 255 0
P 133 160 0 255 0
P 134 160 0 255 0
P 135 160 0 255 0
P 136 160 0 255 0
P 137 160 0 255 0
P 138 160 0 255 0
P 139 160 0 255 0
P 140 160 0 255 0
P 141 160 0 255 0
P 142 160 0 255 0
P 143 160 0 255 0
P 144 160 255 0 0
P 145 160 255 0 0
P 146 160 255 0 0
P 147 160 255 0 0
P 148 160 255 0 0
P 149 160 255 0 0
P 150 160 255 0 0
P 151 160 255 0 0
P 152 160 255 0 0
P 153 160 255 0 0
P 154 160 255 0 0
P 155 160 255 0 0
P 156 160 255 0 0
P 157 160 255 0 0
P 112 161 0 255 0
P 113 161 0 255 0
P 114 161 0 255 0
P 115 161 0 255 0
P 116 161 0 255 0
P 117 161 0 255 0
P 118 161 0 255 0
P 119 161 0 255 0
P 120 161 0 255 0
P 121 161 0 255 0
P 122 161 0 255 0
P 123 161 0 255 0
P 124 161 0 255 0
P 125 161 0 255 0
P 126 161 0 255 0
P 127 161 0 255 0
P 128 161 0 255 0
P 129 161 0 255 0
P 130 161 0 255 0
P 131 161 0 255 0
P 132 161 0 255 0
P 133 161 0 255 0
P 134 161 0 255 0
P 135 161 0 255 0
P 136 161 0 255 0
P 137 161 0 255 0
P 138 161 0 255 0
P 139 161 0 255 0
P 140 161 0 255 0
P 141 161 0 255 0
P 142 161 0 255 0
P 143 161 0 255 0
P 144 161 255 0 0
P 145 161 255 0 0
P 146 161 255 0 0
P 147 161 255 0 0
P 148 161 255 0 0
P 149 161 255 0 0
P 150 161 255 0 0
P 151 161 255 0 0
P 152 161 255 0 0
P 153 161 255 0 0
P 154 161 255 0 0
P 155 161 255 0 0
P 156 161 255 0 0
P 115 162 0 255 0
P 116 162 0 255 0
P 117 162 0 255 0
P 118 162 0 255 0
P 119 162 0 255 0
P 120 162 0 255 0
P 121 162 0 255 0
P 122 162 0 255 0
P 123 162 0 255 0
P 124 162 0 255 0
P 125 162 0 255 0
P 126 162 0 255 0
P 127 162 0 255 0
P 128 162 0 255 0
P 129 162 0 255 0
P 130 162 0 255 0
P 131 162 0 255 0
P 132 162 0 255 0
P 133 162 0 255 0
P 134 162 0 255 0
P 135 162 0 255 0
P 136 162 0 255 0
P 137 162 0 255 0
P 138 162 0 255 0
P 139 162 0 255 0
P 140 162 0 255 0
P 141 162 0 255 0
P 142 162 0 255 0
P 143 162 0 255 0
P 144 162 255 0 0
P 145 162 255 0 0
P 146 162 255 0 0
P 147 162 255 0 0
P 148 162 255 0 0
P 149 162 255 0 0
P 150 162 255 0 0
P 151 162 255 0 0
P 152 162 255 0 0
P 153 162 255 0 0
P 154 162 255 0 0
P 155 162 255 0 0
P 118 163 0 255 0
P 119 163 0 255 0
P 120 163 0 255 0
P 121 163 0 255 0
P 122 163 0 255 0
P 123 163 0 255 0
P 124 163 0 255 0
P 125 163 0 255 0
P 126 163 0 255 0
P 127 163 0 255 0
P 128 163 0 255 0
P 129 163 0 255 0
P 130 163 0 255 0
P 131 163 0 255 0
P 132 163 0 255 0
P 133 163 0 255 0
P 134 163 0 255 0
P 135 163 0 255 0
P 136 163 0 255 0
P 137 163 0 255 0
P 138 163 0 255 0
P 139 163 0 255 0
P 140 163 0 255 0
P 141 163 0 255 0
P 142 163 0 255 0
P 143 163 0 255 0
P 144 163 255 0 0
P 145 163 255 0 0
P 146 163 255 0 0
P 147 163 255 0 0
P 148 163 255 0 0
P 149 163 255 0 0
P 150 163 255 0 0
P 151 163 255 0 0
P 152 163 255 0 0
P 153 163 255 0 0
P 121 164 0 255 0
P 122 164 0 255 0
P 123 164 0 255 0
P 124 164 0 255 0
P 125 164 0 255 0
P 126 164 0 255 0
P 127 164 0 255 0
P 128 164 0 255 0
P 129 164 0 255 0
P 130 164 0 255 0
P 131 164 0 255 0
P 132 164 0 255 0
P 133 164 0 255 0
P 134 164 0 255 0
P 135 164 0 255 0
P 136 164 0 255 0
P 137 164 0 255 0
P 138 164 0 255 0
P 139 164 0 255 0
P 140 164 0 255 0
P 141 164 0 255 0
P 142 164 0 255 0
P 143 164 0 255 0
P 144 164 255 0 0
P 145 164 255 0 0
P 146 164 255 0 0
P 147 164 255 0 0
P 148 164 255 0 0
P 149 164 255 0 0
P 150 164 255 0 0
P 151 164 255 0 0
P 152 164 255 0 0
P 124 165 0 255 0
P 125 165 0 255 0
P 126 165 0 255 0
P 127 165 0 255 0
P 128 165 0 255 0
P 129 165 0 255 0
P 130 165 0 255 0
P 131 165 0 255 0
P 132 165 0 255 0
P 133 165 0 255 0
P 134 165 0 255 0
P 135 165 0 255 0
P 136 165 0 255 0
P 137 165 0 255 0
P 138 165 0 255 0
P 139 165 0 255 0
P 140 165 0 255 0
P 141 165 0 255 0
P 142 165 0 255 0
P 143 165 0 255 0
P 144 165 255 0 0
P 145 165 255 0 0
P 146 165 255 0 0
P 147 165 255 0 0
P 148 165 255 0 0
P 149 165 255 0 0
P 150 165 255 0 0
P 151 165 255 0 0
P 127 166 0 255 0
P 128 166 0 255 0
P 129 166 0 255 0
P 130 166 0 255 0
P 131 166 0 255 0
P 132 166 0 255 0
P 133 166 0 255 0
P 134 166 0 255 0
P 135 166 0 255 0
P 136 166 0 255 0
P 137 166 0 255 0
P 138 166 0 255 0
P 139 166 0 255 0
P 140 166 0 255 0
P 141 166 0 255 0
P 142 166 0 255 0
P 143 166 0 255 0
P 144 166 255 0 0
P 145 166 255 0 0
P 146 166 255 0 0
P 147 166 255 0 0
P 148 166 255 0 0
P 149 166 255 0 0
P 150 166 255 0 0
P 130 167 0 255 0
P 131 167 0 255 0
P 132 167 0 255 0
P 133 167 0 255 0
P 134 167 0 255 0
P 135 167 0 255 0
P 136 167 0 255 0
P 137 167 0 255 0
P 138 167 0 255 0
P 139 167 0 255 0
P 140 167 0 255 0
P 141 167 0 255 0
P 142 167 0 255 0
P 143 167 0 255 0
P 144 167 255 0 0
P 145 167 255 0 0
P 146 167 255 0 0
P 147 167 255 0 0
P 148 167 255 0 0
P 149 167 255 0 0
P 133 168 0 255 0
P 134 168 0 255 0
P 135 168 0 255 0
P 136 168 0 255 0
P 137 168 0 255 0
P 138 168 0 255 0
P 139 168 0 255 0
P 140 168 0 255 0
P 141 168 0 255 0
P 142 168 0 255 0
P 143 168 0 255 0
P 144 168 255 0 0
P 145 168 255 0 0
P 146 168 255 0 0
P 147 168 255 0 0
P 136 169 0 255 0
P 137 169 0 255 0
P 138 169 0 255 0
P 139 169 0 255 0
P 140 169 0 255 0
P 141 169 0 255 0
P 142 169 0 255 0
P 143 169 0 255 0
P 144 169 255 0 0
P 145 169 255 0 0
P 146 169 255 0 0
P 139 170 0 255 0
P 140 170 0 255 0
P 141 170 0 255 0
P 142 170 0 255 0
P 143 170 0 255 0
P 144 170 255 0 0
P 145 170 255 0 0
P 142 171 0 255 0
P 143 171 0 255 0
P 144 171 255 0 0
