/*
 * OpenStepMGAWarpUcode.c - WARP microcode for the Matrox
 * G400/G450 pipes, generated by warp/extract-warp-ucode.py from
 * the X.Org MGA driver's mga_ucode.h.  Do not edit by hand.
 *
 * Upstream notice, reproduced as required:
 */

/*
 * GLX Hardware Device Driver for Matrox G200/G400
 *
 * Warp Engine Microcode
 *
 * Permission is hereby granted, free of charge, to any person obtaining a
 * copy of this software and associated documentation files (the "Software"),
 * to deal in the Software without restriction, including without limitation
 * the rights to use, copy, modify, merge, publish, distribute, sublicense,
 * and/or sell copies of the Software, and to permit persons to whom the
 * Software is furnished to do so, subject to the following conditions:
 *
 * The above copyright notice and this permission notice shall be included
 * in all copies or substantial portions of the Software.
 *
 * THE SOFTWARE IS PROVIDED "AS IS", WITHOUT WARRANTY OF ANY KIND, EXPRESS
 * OR IMPLIED, INCLUDING BUT NOT LIMITED TO THE WARRANTIES OF MERCHANTABILITY,
 * FITNESS FOR A PARTICULAR PURPOSE AND NONINFRINGEMENT.  IN NO EVENT SHALL
 * MATROX GRAPHICS INC., OR ANY OTHER CONTRIBUTORS BE LIABLE FOR ANY CLAIM, 
 * DAMAGES OR OTHER LIABILITY, WHETHER IN AN ACTION OF CONTRACT, TORT OR 
 * OTHERWISE, ARISING FROM, OUT OF OR IN CONNECTION WITH THE SOFTWARE 
 * OR THE USE OR OTHER DEALINGS IN THE SOFTWARE.
 * 
 * (c) 1999 Matrox Graphics Inc.
 * 
 */

#import "OpenStepMGAWarpUcode.h"

static const unsigned char osmgaWarpG400_tgz[824] = {
    0x00, 0x88, 0x98, 0xE9, 0x00, 0x80, 0x00, 0xE8, 0x00, 0x80, 0xA0, 0xE9,
    0x00, 0x00, 0xD8, 0xEC, 0xFF, 0x80, 0xC0, 0xE9, 0x00, 0x80, 0x00, 0xE8,
    0x22, 0x40, 0x48, 0xBF, 0x2A, 0x40, 0x50, 0xBF, 0x32, 0x41, 0x49, 0xBF,
    0x3A, 0x41, 0x51, 0xBF, 0xC3, 0x6B, 0xCB, 0x6B, 0x00, 0x88, 0x98, 0xE9,
    0x73, 0x7B, 0xC8, 0xEC, 0x96, 0xE2, 0x41, 0x04, 0x7B, 0x43, 0xA0, 0xE8,
    0x73, 0x4B, 0xA0, 0xE8, 0xAD, 0xEE, 0x29, 0x9F, 0x00, 0xE0, 0x49, 0x04,
    0x90, 0xE2, 0x51, 0x04, 0x31, 0x46, 0xB1, 0xE8, 0x49, 0x41, 0xC0, 0xEC,
    0x39, 0x57, 0xB1, 0xE8, 0x00, 0x04, 0x46, 0xE2, 0x73, 0x53, 0xA0, 0xE8,
    0x51, 0x41, 0xC0, 0xEC, 0x31, 0x00, 0x39, 0x00, 0x58, 0x80, 0x15, 0xEA,
    0x08, 0x04, 0x10, 0x04, 0x51, 0x49, 0xC0, 0xEC, 0x2F, 0x41, 0x60, 0xEA,
    0x31, 0x20, 0x39, 0x20, 0x1F, 0x42, 0xA0, 0xE8, 0x2A, 0x42, 0x4A, 0xBF,
    0x27, 0x4A, 0xA0, 0xE8, 0x1A, 0x42, 0x52, 0xBF, 0x1E, 0x49, 0x60, 0xEA,
    0x73, 0x7B, 0xC8, 0xEC, 0x26, 0x51, 0x60, 0xEA, 0x32, 0x40, 0x48, 0xBD,
    0x22, 0x40, 0x50, 0xBD, 0x12, 0x41, 0x49, 0xBD, 0x3A, 0x41, 0x51, 0xBD,
    0xBF, 0x2F, 0x26, 0xBD, 0x00, 0xE0, 0x7B, 0x72, 0x32, 0x20, 0x22, 0x20,
    0x12, 0x20, 0x3A, 0x20, 0x46, 0x31, 0x46, 0xBF, 0x4E, 0x31, 0x4E, 0xBF,
    0xB3, 0xE2, 0x2D, 0x9F, 0x00, 0x80, 0x00, 0xE8, 0x56, 0x31, 0x56, 0xBF,
    0x47, 0x39, 0x47, 0xBF, 0x4F, 0x39, 0x4F, 0xBF, 0x57, 0x39, 0x57, 0xBF,
    0x4A, 0x80, 0x07, 0xEA, 0x24, 0x41, 0x20, 0xE9, 0x42, 0x73, 0xF8, 0xEC,
    0x00, 0xE0, 0x2D, 0x73, 0x33, 0x72, 0x0C, 0xE3, 0xA5, 0x2F, 0x1E, 0xBD,
    0x43, 0x43, 0x2D, 0xDF, 0x4B, 0x4B, 0x2D, 0xDF, 0xAE, 0x1E, 0x26, 0xBD,
    0x58, 0xE3, 0x33, 0x66, 0x53, 0x53, 0x2D, 0xDF, 0x00, 0x80, 0x00, 0xE8,
    0xB8, 0x38, 0x33, 0xBF, 0x00, 0xE0, 0x59, 0xE3, 0x1E, 0x12, 0x41, 0xE9,
    0x1A, 0x22, 0x41, 0xE9, 0x2B, 0x40, 0x3D, 0xE9, 0x3F, 0x4B, 0xA0, 0xE8,
    0x2D, 0x73, 0x30, 0x76, 0x05, 0x80, 0x3D, 0xEA, 0x37, 0x43, 0xA0, 0xE8,
    0x3D, 0x53, 0xA0, 0xE8, 0x48, 0x70, 0xF8, 0xEC, 0x2B, 0x48, 0x3C, 0xE9,
    0x1F, 0x27, 0xBC, 0xE8, 0x00, 0x80, 0x00, 0xE8, 0x00, 0x80, 0x00, 0xE8,
    0x00, 0x80, 0x00, 0xE8, 0x15, 0xC0, 0x20, 0xE9, 0x15, 0xC0, 0x20, 0xE9,
    0x15, 0xC0, 0x20, 0xE9, 0x15, 0xC0, 0x20, 0xE9, 0x18, 0x3A, 0x41, 0xE9,
    0x1D, 0x32, 0x41, 0xE9, 0x2A, 0x40, 0x20, 0xE9, 0x56, 0x3D, 0x56, 0xDF,
    0x46, 0x37, 0x46, 0xDF, 0x4E, 0x3F, 0x4E, 0xDF, 0x16, 0x30, 0x20, 0xE9,
    0x4F, 0x3F, 0x4F, 0xDF, 0x32, 0x32, 0x2D, 0xDF, 0x22, 0x22, 0x2D, 0xDF,
    0x12, 0x12, 0x2D, 0xDF, 0x3A, 0x3A, 0x2D, 0xDF, 0x47, 0x37, 0x47, 0xDF,
    0x57, 0x3D, 0x57, 0xDF, 0x3D, 0xCF, 0x74, 0xC0, 0x37, 0xCF, 0x74, 0xC4,
    0x31, 0x53, 0x2F, 0x9F, 0x34, 0x80, 0x20, 0xE9, 0x39, 0xE5, 0x2C, 0x9F,
    0x3C, 0x3D, 0x20, 0xE9, 0x0A, 0x44, 0x4C, 0xB0, 0x02, 0x44, 0x54, 0xB0,
    0x2A, 0x44, 0x4C, 0xB2, 0x1A, 0x44, 0x54, 0xB2, 0x1D, 0x80, 0x3A, 0xEA,
    0x0A, 0x20, 0x02, 0x20, 0x3D, 0xCF, 0x74, 0xC2, 0x2A, 0x20, 0x1A, 0x20,
    0x30, 0x50, 0x2E, 0x9F, 0x32, 0x31, 0x5F, 0xE9, 0x38, 0x21, 0x2C, 0x9F,
    0x33, 0x39, 0x5F, 0xE9, 0x31, 0x53, 0x2F, 0x9F, 0x00, 0x80, 0x00, 0xE8,
    0x2A, 0x44, 0x4C, 0xB4, 0x1A, 0x44, 0x54, 0xB4, 0x39, 0xE5, 0x2C, 0x9F,
    0x38, 0x3D, 0x20, 0xE9, 0x88, 0x73, 0x5E, 0xE9, 0x2A, 0x20, 0x1A, 0x20,
    0x2A, 0x46, 0x4E, 0xBF, 0x1A, 0x46, 0x56, 0xBF, 0x31, 0x53, 0x2F, 0x9F,
    0x3E, 0x30, 0x4F, 0xE9, 0x39, 0xE5, 0x2C, 0x9F, 0x3F, 0x38, 0x4F, 0xE9,
    0x0A, 0x47, 0x4F, 0xBF, 0x02, 0x47, 0x57, 0xBF, 0x31, 0x53, 0x2F, 0x9F,
    0x3A, 0x31, 0x4F, 0xE9, 0x39, 0xE5, 0x2C, 0x9F, 0x3B, 0x39, 0x4F, 0xE9,
    0x2A, 0x43, 0x4B, 0xBF, 0x1A, 0x43, 0x53, 0xBF, 0x30, 0x50, 0x2E, 0x9F,
    0x36, 0x31, 0x4F, 0xE9, 0x38, 0x21, 0x2C, 0x9F, 0x37, 0x39, 0x4F, 0xE9,
    0x31, 0x53, 0x2F, 0x9F, 0x80, 0x31, 0x57, 0xE9, 0x39, 0xE5, 0x2C, 0x9F,
    0x81, 0x39, 0x57, 0xE9, 0x37, 0x48, 0x50, 0xBD, 0x8A, 0x36, 0x20, 0xE9,
    0x86, 0x76, 0x57, 0xE9, 0x8B, 0x3E, 0x20, 0xE9, 0x82, 0x30, 0x57, 0xE9,
    0x87, 0x77, 0x57, 0xE9, 0x83, 0x38, 0x57, 0xE9, 0x35, 0x49, 0x51, 0xBD,
    0x84, 0x31, 0x5E, 0xE9, 0x30, 0x1F, 0x5F, 0xE9, 0x85, 0x39, 0x5E, 0xE9,
    0x57, 0x25, 0x20, 0xE9, 0x2B, 0x48, 0x20, 0xE9, 0x1D, 0x37, 0xE1, 0xEA,
    0x1E, 0x35, 0xE1, 0xEA, 0x00, 0xE0, 0x26, 0x77, 0x24, 0x49, 0x20, 0xE9,
    0xAF, 0xFF, 0x20, 0xEA, 0x16, 0x26, 0x20, 0xE9, 0x57, 0x2E, 0xBF, 0xEA,
    0x1C, 0x46, 0xA0, 0xE8, 0x23, 0x4E, 0xA0, 0xE8, 0x2B, 0x56, 0xA0, 0xE8,
    0x1D, 0x47, 0xA0, 0xE8, 0x24, 0x4F, 0xA0, 0xE8, 0x2C, 0x57, 0xA0, 0xE8,
    0x1C, 0x00, 0x23, 0x00, 0x2B, 0x00, 0x00, 0xE0, 0x1D, 0x00, 0x24, 0x00,
    0x2C, 0x00, 0x00, 0xE0, 0x1C, 0x65, 0x23, 0x65, 0x2B, 0x65, 0x00, 0xE0,
    0x1D, 0x65, 0x24, 0x65, 0x2C, 0x65, 0x00, 0xE0, 0x1C, 0x23, 0x60, 0xEC,
    0x36, 0xD7, 0x36, 0xAD, 0x2B, 0x80, 0x60, 0xEC, 0x1D, 0x24, 0x60, 0xEC,
    0x3E, 0xD7, 0x3E, 0xAD, 0x2C, 0x80, 0x60, 0xEC, 0x1C, 0x2B, 0xDE, 0xE8,
    0x23, 0x80, 0xDE, 0xE8, 0x36, 0x80, 0x36, 0xBD, 0x3E, 0x80, 0x3E, 0xBD,
    0x33, 0xD7, 0x1C, 0xBD, 0x3B, 0xD7, 0x23, 0xBD, 0x46, 0x80, 0x46, 0xCF,
    0x4F, 0x80, 0x4F, 0xCF, 0x56, 0x33, 0x56, 0xCF, 0x47, 0x3B, 0x47, 0xCF,
    0xD6, 0xFF, 0x20, 0xEA, 0x00, 0x80, 0x00, 0xE8, 0x4E, 0x33, 0x4E, 0xCF,
    0x57, 0x3B, 0x57, 0xCF, 0x9D, 0xFF, 0x20, 0xEA, 0x57, 0xC0, 0xBF, 0xEA,
    0x00, 0x80, 0xA0, 0xE9, 0x00, 0x00, 0xD8, 0xEC,
};

static const unsigned char osmgaWarpG400_tgzf[864] = {
    0x00, 0x88, 0x98, 0xE9, 0x00, 0x80, 0x00, 0xE8, 0x00, 0x80, 0xA0, 0xE9,
    0x00, 0x00, 0xD8, 0xEC, 0xFF, 0x80, 0xC0, 0xE9, 0x00, 0x80, 0x00, 0xE8,
    0x22, 0x40, 0x48, 0xBF, 0x2A, 0x40, 0x50, 0xBF, 0x32, 0x41, 0x49, 0xBF,
    0x3A, 0x41, 0x51, 0xBF, 0xC3, 0x6B, 0xCB, 0x6B, 0x00, 0x88, 0x98, 0xE9,
    0x73, 0x7B, 0xC8, 0xEC, 0x96, 0xE2, 0x41, 0x04, 0x7B, 0x43, 0xA0, 0xE8,
    0x73, 0x4B, 0xA0, 0xE8, 0xAD, 0xEE, 0x29, 0x9F, 0x00, 0xE0, 0x49, 0x04,
    0x90, 0xE2, 0x51, 0x04, 0x31, 0x46, 0xB1, 0xE8, 0x49, 0x41, 0xC0, 0xEC,
    0x39, 0x57, 0xB1, 0xE8, 0x00, 0x04, 0x46, 0xE2, 0x73, 0x53, 0xA0, 0xE8,
    0x51, 0x41, 0xC0, 0xEC, 0x31, 0x00, 0x39, 0x00, 0x5D, 0x80, 0x15, 0xEA,
    0x08, 0x04, 0x10, 0x04, 0x51, 0x49, 0xC0, 0xEC, 0x2F, 0x41, 0x60, 0xEA,
    0x31, 0x20, 0x39, 0x20, 0x1F, 0x42, 0xA0, 0xE8, 0x2A, 0x42, 0x4A, 0xBF,
    0x27, 0x4A, 0xA0, 0xE8, 0x1A, 0x42, 0x52, 0xBF, 0x1E, 0x49, 0x60, 0xEA,
    0x73, 0x7B, 0xC8, 0xEC, 0x26, 0x51, 0x60, 0xEA, 0x32, 0x40, 0x48, 0xBD,
    0x22, 0x40, 0x50, 0xBD, 0x12, 0x41, 0x49, 0xBD, 0x3A, 0x41, 0x51, 0xBD,
    0xBF, 0x2F, 0x26, 0xBD, 0x00, 0xE0, 0x7B, 0x72, 0x32, 0x20, 0x22, 0x20,
    0x12, 0x20, 0x3A, 0x20, 0x46, 0x31, 0x46, 0xBF, 0x4E, 0x31, 0x4E, 0xBF,
    0xB3, 0xE2, 0x2D, 0x9F, 0x00, 0x80, 0x00, 0xE8, 0x56, 0x31, 0x56, 0xBF,
    0x47, 0x39, 0x47, 0xBF, 0x4F, 0x39, 0x4F, 0xBF, 0x57, 0x39, 0x57, 0xBF,
    0x4F, 0x80, 0x07, 0xEA, 0x24, 0x41, 0x20, 0xE9, 0x42, 0x73, 0xF8, 0xEC,
    0x00, 0xE0, 0x2D, 0x73, 0x33, 0x72, 0x0C, 0xE3, 0xA5, 0x2F, 0x1E, 0xBD,
    0x43, 0x43, 0x2D, 0xDF, 0x4B, 0x4B, 0x2D, 0xDF, 0xAE, 0x1E, 0x26, 0xBD,
    0x58, 0xE3, 0x33, 0x66, 0x53, 0x53, 0x2D, 0xDF, 0x00, 0x80, 0x00, 0xE8,
    0xB8, 0x38, 0x33, 0xBF, 0x00, 0xE0, 0x59, 0xE3, 0x1E, 0x12, 0x41, 0xE9,
    0x1A, 0x22, 0x41, 0xE9, 0x2B, 0x40, 0x3D, 0xE9, 0x3F, 0x4B, 0xA0, 0xE8,
    0x2D, 0x73, 0x30, 0x76, 0x05, 0x80, 0x3D, 0xEA, 0x37, 0x43, 0xA0, 0xE8,
    0x3D, 0x53, 0xA0, 0xE8, 0x48, 0x70, 0xF8, 0xEC, 0x2B, 0x48, 0x3C, 0xE9,
    0x1F, 0x27, 0xBC, 0xE8, 0x00, 0x80, 0x00, 0xE8, 0x00, 0x80, 0x00, 0xE8,
    0x00, 0x80, 0x00, 0xE8, 0x15, 0xC0, 0x20, 0xE9, 0x15, 0xC0, 0x20, 0xE9,
    0x15, 0xC0, 0x20, 0xE9, 0x15, 0xC0, 0x20, 0xE9, 0x18, 0x3A, 0x41, 0xE9,
    0x1D, 0x32, 0x41, 0xE9, 0x2A, 0x40, 0x20, 0xE9, 0x56, 0x3D, 0x56, 0xDF,
    0x46, 0x37, 0x46, 0xDF, 0x4E, 0x3F, 0x4E, 0xDF, 0x16, 0x30, 0x20, 0xE9,
    0x4F, 0x3F, 0x4F, 0xDF, 0x32, 0x32, 0x2D, 0xDF, 0x22, 0x22, 0x2D, 0xDF,
    0x12, 0x12, 0x2D, 0xDF, 0x3A, 0x3A, 0x2D, 0xDF, 0x47, 0x37, 0x47, 0xDF,
    0x57, 0x3D, 0x57, 0xDF, 0x3D, 0xCF, 0x74, 0xC0, 0x37, 0xCF, 0x74, 0xC4,
    0x39, 0xE5, 0x2C, 0x9F, 0x34, 0x80, 0x20, 0xE9, 0x31, 0x53, 0x2F, 0x9F,
    0x00, 0x80, 0x00, 0xE8, 0x88, 0x73, 0x5E, 0xE9, 0x00, 0x80, 0x00, 0xE8,
    0x27, 0xCF, 0x75, 0xC6, 0x3C, 0x3D, 0x20, 0xE9, 0x0A, 0x44, 0x4C, 0xB0,
    0x02, 0x44, 0x54, 0xB0, 0x2A, 0x44, 0x4C, 0xB2, 0x1A, 0x44, 0x54, 0xB2,
    0x20, 0x80, 0x3A, 0xEA, 0x0A, 0x20, 0x02, 0x20, 0x3D, 0xCF, 0x74, 0xC2,
    0x2A, 0x20, 0x1A, 0x20, 0x30, 0x50, 0x2E, 0x9F, 0x32, 0x31, 0x5F, 0xE9,
    0x38, 0x21, 0x2C, 0x9F, 0x33, 0x39, 0x5F, 0xE9, 0x31, 0x53, 0x2F, 0x9F,
    0x31, 0x27, 0x20, 0xE9, 0x0A, 0x44, 0x4C, 0xB4, 0x02, 0x44, 0x54, 0xB4,
    0x2A, 0x45, 0x4D, 0xB6, 0x1A, 0x45, 0x55, 0xB6, 0x39, 0xE5, 0x2C, 0x9F,
    0x38, 0x3D, 0x20, 0xE9, 0x0A, 0x20, 0x02, 0x20, 0x2A, 0x20, 0x1A, 0x20,
    0x0A, 0x47, 0x4F, 0xBF, 0x02, 0x47, 0x57, 0xBF, 0x30, 0x50, 0x2E, 0x9F,
    0x3E, 0x30, 0x4F, 0xE9, 0x38, 0x21, 0x2C, 0x9F, 0x3F, 0x38, 0x4F, 0xE9,
    0x2A, 0x46, 0x4E, 0xBF, 0x1A, 0x46, 0x56, 0xBF, 0x31, 0x53, 0x2F, 0x9F,
    0x3A, 0x31, 0x4F, 0xE9, 0x39, 0xE5, 0x2C, 0x9F, 0x3B, 0x39, 0x4F, 0xE9,
    0x31, 0x53, 0x2F, 0x9F, 0x36, 0x30, 0x4F, 0xE9, 0x39, 0xE5, 0x2C, 0x9F,
    0x37, 0x38, 0x4F, 0xE9, 0x2A, 0x43, 0x4B, 0xBF, 0x1A, 0x43, 0x53, 0xBF,
    0x30, 0x50, 0x2E, 0x9F, 0x35, 0x31, 0x4F, 0xE9, 0x38, 0x21, 0x2C, 0x9F,
    0x39, 0x39, 0x4F, 0xE9, 0x31, 0x53, 0x2F, 0x9F, 0x80, 0x31, 0x57, 0xE9,
    0x39, 0xE5, 0x2C, 0x9F, 0x81, 0x39, 0x57, 0xE9, 0x37, 0x48, 0x50, 0xBD,
    0x8A, 0x36, 0x20, 0xE9, 0x86, 0x76, 0x57, 0xE9, 0x8B, 0x3E, 0x20, 0xE9,
    0x82, 0x30, 0x57, 0xE9, 0x87, 0x77, 0x57, 0xE9, 0x83, 0x38, 0x57, 0xE9,
    0x35, 0x49, 0x51, 0xBD, 0x84, 0x31, 0x5E, 0xE9, 0x30, 0x1F, 0x5F, 0xE9,
    0x85, 0x39, 0x5E, 0xE9, 0x57, 0x25, 0x20, 0xE9, 0x2B, 0x48, 0x20, 0xE9,
    0x1D, 0x37, 0xE1, 0xEA, 0x1E, 0x35, 0xE1, 0xEA, 0x00, 0xE0, 0x26, 0x77,
    0x24, 0x49, 0x20, 0xE9, 0xAA, 0xFF, 0x20, 0xEA, 0x16, 0x26, 0x20, 0xE9,
    0x57, 0x2E, 0xBF, 0xEA, 0x1C, 0x46, 0xA0, 0xE8, 0x23, 0x4E, 0xA0, 0xE8,
    0x2B, 0x56, 0xA0, 0xE8, 0x1D, 0x47, 0xA0, 0xE8, 0x24, 0x4F, 0xA0, 0xE8,
    0x2C, 0x57, 0xA0, 0xE8, 0x1C, 0x00, 0x23, 0x00, 0x2B, 0x00, 0x00, 0xE0,
    0x1D, 0x00, 0x24, 0x00, 0x2C, 0x00, 0x00, 0xE0, 0x1C, 0x65, 0x23, 0x65,
    0x2B, 0x65, 0x00, 0xE0, 0x1D, 0x65, 0x24, 0x65, 0x2C, 0x65, 0x00, 0xE0,
    0x1C, 0x23, 0x60, 0xEC, 0x36, 0xD7, 0x36, 0xAD, 0x2B, 0x80, 0x60, 0xEC,
    0x1D, 0x24, 0x60, 0xEC, 0x3E, 0xD7, 0x3E, 0xAD, 0x2C, 0x80, 0x60, 0xEC,
    0x1C, 0x2B, 0xDE, 0xE8, 0x23, 0x80, 0xDE, 0xE8, 0x36, 0x80, 0x36, 0xBD,
    0x3E, 0x80, 0x3E, 0xBD, 0x33, 0xD7, 0x1C, 0xBD, 0x3B, 0xD7, 0x23, 0xBD,
    0x46, 0x80, 0x46, 0xCF, 0x4F, 0x80, 0x4F, 0xCF, 0x56, 0x33, 0x56, 0xCF,
    0x47, 0x3B, 0x47, 0xCF, 0xD3, 0xFF, 0x20, 0xEA, 0x00, 0x80, 0x00, 0xE8,
    0x4E, 0x33, 0x4E, 0xCF, 0x57, 0x3B, 0x57, 0xCF, 0x98, 0xFF, 0x20, 0xEA,
    0x57, 0xC0, 0xBF, 0xEA, 0x00, 0x80, 0xA0, 0xE9, 0x00, 0x00, 0xD8, 0xEC,
};

static const unsigned char osmgaWarpG400_tgza[856] = {
    0x00, 0x88, 0x98, 0xE9, 0x00, 0x80, 0x00, 0xE8, 0x00, 0x80, 0xA0, 0xE9,
    0x00, 0x00, 0xD8, 0xEC, 0xFF, 0x80, 0xC0, 0xE9, 0x00, 0x80, 0x00, 0xE8,
    0x22, 0x40, 0x48, 0xBF, 0x2A, 0x40, 0x50, 0xBF, 0x32, 0x41, 0x49, 0xBF,
    0x3A, 0x41, 0x51, 0xBF, 0xC3, 0x6B, 0xCB, 0x6B, 0x00, 0x88, 0x98, 0xE9,
    0x73, 0x7B, 0xC8, 0xEC, 0x96, 0xE2, 0x41, 0x04, 0x7B, 0x43, 0xA0, 0xE8,
    0x73, 0x4B, 0xA0, 0xE8, 0xAD, 0xEE, 0x29, 0x9F, 0x00, 0xE0, 0x49, 0x04,
    0x90, 0xE2, 0x51, 0x04, 0x31, 0x46, 0xB1, 0xE8, 0x49, 0x41, 0xC0, 0xEC,
    0x39, 0x57, 0xB1, 0xE8, 0x00, 0x04, 0x46, 0xE2, 0x73, 0x53, 0xA0, 0xE8,
    0x51, 0x41, 0xC0, 0xEC, 0x31, 0x00, 0x39, 0x00, 0x5C, 0x80, 0x15, 0xEA,
    0x08, 0x04, 0x10, 0x04, 0x51, 0x49, 0xC0, 0xEC, 0x2F, 0x41, 0x60, 0xEA,
    0x31, 0x20, 0x39, 0x20, 0x1F, 0x42, 0xA0, 0xE8, 0x2A, 0x42, 0x4A, 0xBF,
    0x27, 0x4A, 0xA0, 0xE8, 0x1A, 0x42, 0x52, 0xBF, 0x1E, 0x49, 0x60, 0xEA,
    0x73, 0x7B, 0xC8, 0xEC, 0x26, 0x51, 0x60, 0xEA, 0x32, 0x40, 0x48, 0xBD,
    0x22, 0x40, 0x50, 0xBD, 0x12, 0x41, 0x49, 0xBD, 0x3A, 0x41, 0x51, 0xBD,
    0xBF, 0x2F, 0x26, 0xBD, 0x00, 0xE0, 0x7B, 0x72, 0x32, 0x20, 0x22, 0x20,
    0x12, 0x20, 0x3A, 0x20, 0x46, 0x31, 0x46, 0xBF, 0x4E, 0x31, 0x4E, 0xBF,
    0xB3, 0xE2, 0x2D, 0x9F, 0x00, 0x80, 0x00, 0xE8, 0x56, 0x31, 0x56, 0xBF,
    0x47, 0x39, 0x47, 0xBF, 0x4F, 0x39, 0x4F, 0xBF, 0x57, 0x39, 0x57, 0xBF,
    0x4E, 0x80, 0x07, 0xEA, 0x24, 0x41, 0x20, 0xE9, 0x42, 0x73, 0xF8, 0xEC,
    0x00, 0xE0, 0x2D, 0x73, 0x33, 0x72, 0x0C, 0xE3, 0xA5, 0x2F, 0x1E, 0xBD,
    0x43, 0x43, 0x2D, 0xDF, 0x4B, 0x4B, 0x2D, 0xDF, 0xAE, 0x1E, 0x26, 0xBD,
    0x58, 0xE3, 0x33, 0x66, 0x53, 0x53, 0x2D, 0xDF, 0x00, 0x80, 0x00, 0xE8,
    0xB8, 0x38, 0x33, 0xBF, 0x00, 0xE0, 0x59, 0xE3, 0x1E, 0x12, 0x41, 0xE9,
    0x1A, 0x22, 0x41, 0xE9, 0x2B, 0x40, 0x3D, 0xE9, 0x3F, 0x4B, 0xA0, 0xE8,
    0x2D, 0x73, 0x30, 0x76, 0x05, 0x80, 0x3D, 0xEA, 0x37, 0x43, 0xA0, 0xE8,
    0x3D, 0x53, 0xA0, 0xE8, 0x48, 0x70, 0xF8, 0xEC, 0x2B, 0x48, 0x3C, 0xE9,
    0x1F, 0x27, 0xBC, 0xE8, 0x00, 0x80, 0x00, 0xE8, 0x00, 0x80, 0x00, 0xE8,
    0x00, 0x80, 0x00, 0xE8, 0x15, 0xC0, 0x20, 0xE9, 0x15, 0xC0, 0x20, 0xE9,
    0x15, 0xC0, 0x20, 0xE9, 0x15, 0xC0, 0x20, 0xE9, 0x18, 0x3A, 0x41, 0xE9,
    0x1D, 0x32, 0x41, 0xE9, 0x2A, 0x40, 0x20, 0xE9, 0x56, 0x3D, 0x56, 0xDF,
    0x46, 0x37, 0x46, 0xDF, 0x4E, 0x3F, 0x4E, 0xDF, 0x16, 0x30, 0x20, 0xE9,
    0x4F, 0x3F, 0x4F, 0xDF, 0x32, 0x32, 0x2D, 0xDF, 0x22, 0x22, 0x2D, 0xDF,
    0x12, 0x12, 0x2D, 0xDF, 0x3A, 0x3A, 0x2D, 0xDF, 0x47, 0x37, 0x47, 0xDF,
    0x57, 0x3D, 0x57, 0xDF, 0x3D, 0xCF, 0x74, 0xC0, 0x37, 0xCF, 0x74, 0xC4,
    0x31, 0x53, 0x2F, 0x9F, 0x34, 0x80, 0x20, 0xE9, 0x39, 0xE5, 0x2C, 0x9F,
    0x3C, 0x3D, 0x20, 0xE9, 0x27, 0xCF, 0x74, 0xC6, 0x3D, 0xCF, 0x74, 0xC2,
    0x0A, 0x44, 0x4C, 0xB0, 0x02, 0x44, 0x54, 0xB0, 0x2A, 0x44, 0x4C, 0xB2,
    0x1A, 0x44, 0x54, 0xB2, 0x20, 0x80, 0x3A, 0xEA, 0x0A, 0x20, 0x02, 0x20,
    0x88, 0x73, 0x5E, 0xE9, 0x2A, 0x20, 0x1A, 0x20, 0x30, 0x50, 0x2E, 0x9F,
    0x32, 0x31, 0x5F, 0xE9, 0x38, 0x21, 0x2C, 0x9F, 0x33, 0x39, 0x5F, 0xE9,
    0x31, 0x53, 0x2F, 0x9F, 0x9C, 0x27, 0x20, 0xE9, 0x0A, 0x44, 0x4C, 0xB4,
    0x02, 0x44, 0x54, 0xB4, 0x2A, 0x44, 0x4C, 0xB6, 0x1A, 0x44, 0x54, 0xB6,
    0x39, 0xE5, 0x2C, 0x9F, 0x38, 0x3D, 0x20, 0xE9, 0x0A, 0x20, 0x02, 0x20,
    0x2A, 0x20, 0x1A, 0x20, 0x0A, 0x47, 0x4F, 0xBF, 0x02, 0x47, 0x57, 0xBF,
    0x30, 0x50, 0x2E, 0x9F, 0x3E, 0x30, 0x4F, 0xE9, 0x38, 0x21, 0x2C, 0x9F,
    0x3F, 0x38, 0x4F, 0xE9, 0x2A, 0x46, 0x4E, 0xBF, 0x1A, 0x46, 0x56, 0xBF,
    0x31, 0x53, 0x2F, 0x9F, 0x3A, 0x31, 0x4F, 0xE9, 0x39, 0xE5, 0x2C, 0x9F,
    0x3B, 0x39, 0x4F, 0xE9, 0x31, 0x53, 0x2F, 0x9F, 0x36, 0x30, 0x4F, 0xE9,
    0x39, 0xE5, 0x2C, 0x9F, 0x37, 0x38, 0x4F, 0xE9, 0x2A, 0x43, 0x4B, 0xBF,
    0x1A, 0x43, 0x53, 0xBF, 0x30, 0x50, 0x2E, 0x9F, 0x9D, 0x31, 0x4F, 0xE9,
    0x38, 0x21, 0x2C, 0x9F, 0x9E, 0x39, 0x4F, 0xE9, 0x31, 0x53, 0x2F, 0x9F,
    0x80, 0x31, 0x57, 0xE9, 0x39, 0xE5, 0x2C, 0x9F, 0x81, 0x39, 0x57, 0xE9,
    0x37, 0x48, 0x50, 0xBD, 0x8A, 0x36, 0x20, 0xE9, 0x86, 0x76, 0x57, 0xE9,
    0x8B, 0x3E, 0x20, 0xE9, 0x82, 0x30, 0x57, 0xE9, 0x87, 0x77, 0x57, 0xE9,
    0x83, 0x38, 0x57, 0xE9, 0x35, 0x49, 0x51, 0xBD, 0x84, 0x31, 0x5E, 0xE9,
    0x30, 0x1F, 0x5F, 0xE9, 0x85, 0x39, 0x5E, 0xE9, 0x57, 0x25, 0x20, 0xE9,
    0x2B, 0x48, 0x20, 0xE9, 0x1D, 0x37, 0xE1, 0xEA, 0x1E, 0x35, 0xE1, 0xEA,
    0x00, 0xE0, 0x26, 0x77, 0x24, 0x49, 0x20, 0xE9, 0xAB, 0xFF, 0x20, 0xEA,
    0x16, 0x26, 0x20, 0xE9, 0x57, 0x2E, 0xBF, 0xEA, 0x1C, 0x46, 0xA0, 0xE8,
    0x23, 0x4E, 0xA0, 0xE8, 0x2B, 0x56, 0xA0, 0xE8, 0x1D, 0x47, 0xA0, 0xE8,
    0x24, 0x4F, 0xA0, 0xE8, 0x2C, 0x57, 0xA0, 0xE8, 0x1C, 0x00, 0x23, 0x00,
    0x2B, 0x00, 0x00, 0xE0, 0x1D, 0x00, 0x24, 0x00, 0x2C, 0x00, 0x00, 0xE0,
    0x1C, 0x65, 0x23, 0x65, 0x2B, 0x65, 0x00, 0xE0, 0x1D, 0x65, 0x24, 0x65,
    0x2C, 0x65, 0x00, 0xE0, 0x1C, 0x23, 0x60, 0xEC, 0x36, 0xD7, 0x36, 0xAD,
    0x2B, 0x80, 0x60, 0xEC, 0x1D, 0x24, 0x60, 0xEC, 0x3E, 0xD7, 0x3E, 0xAD,
    0x2C, 0x80, 0x60, 0xEC, 0x1C, 0x2B, 0xDE, 0xE8, 0x23, 0x80, 0xDE, 0xE8,
    0x36, 0x80, 0x36, 0xBD, 0x3E, 0x80, 0x3E, 0xBD, 0x33, 0xD7, 0x1C, 0xBD,
    0x3B, 0xD7, 0x23, 0xBD, 0x46, 0x80, 0x46, 0xCF, 0x4F, 0x80, 0x4F, 0xCF,
    0x56, 0x33, 0x56, 0xCF, 0x47, 0x3B, 0x47, 0xCF, 0xD3, 0xFF, 0x20, 0xEA,
    0x00, 0x80, 0x00, 0xE8, 0x4E, 0x33, 0x4E, 0xCF, 0x57, 0x3B, 0x57, 0xCF,
    0x99, 0xFF, 0x20, 0xEA, 0x57, 0xC0, 0xBF, 0xEA, 0x00, 0x80, 0xA0, 0xE9,
    0x00, 0x00, 0xD8, 0xEC,
};

static const unsigned char osmgaWarpG400_tgzaf[896] = {
    0x00, 0x88, 0x98, 0xE9, 0x00, 0x80, 0x00, 0xE8, 0x00, 0x80, 0xA0, 0xE9,
    0x00, 0x00, 0xD8, 0xEC, 0xFF, 0x80, 0xC0, 0xE9, 0x00, 0x80, 0x00, 0xE8,
    0x22, 0x40, 0x48, 0xBF, 0x2A, 0x40, 0x50, 0xBF, 0x32, 0x41, 0x49, 0xBF,
    0x3A, 0x41, 0x51, 0xBF, 0xC3, 0x6B, 0xCB, 0x6B, 0x00, 0x88, 0x98, 0xE9,
    0x73, 0x7B, 0xC8, 0xEC, 0x96, 0xE2, 0x41, 0x04, 0x7B, 0x43, 0xA0, 0xE8,
    0x73, 0x4B, 0xA0, 0xE8, 0xAD, 0xEE, 0x29, 0x9F, 0x00, 0xE0, 0x49, 0x04,
    0x90, 0xE2, 0x51, 0x04, 0x31, 0x46, 0xB1, 0xE8, 0x49, 0x41, 0xC0, 0xEC,
    0x39, 0x57, 0xB1, 0xE8, 0x00, 0x04, 0x46, 0xE2, 0x73, 0x53, 0xA0, 0xE8,
    0x51, 0x41, 0xC0, 0xEC, 0x31, 0x00, 0x39, 0x00, 0x61, 0x80, 0x15, 0xEA,
    0x08, 0x04, 0x10, 0x04, 0x51, 0x49, 0xC0, 0xEC, 0x2F, 0x41, 0x60, 0xEA,
    0x31, 0x20, 0x39, 0x20, 0x1F, 0x42, 0xA0, 0xE8, 0x2A, 0x42, 0x4A, 0xBF,
    0x27, 0x4A, 0xA0, 0xE8, 0x1A, 0x42, 0x52, 0xBF, 0x1E, 0x49, 0x60, 0xEA,
    0x73, 0x7B, 0xC8, 0xEC, 0x26, 0x51, 0x60, 0xEA, 0x32, 0x40, 0x48, 0xBD,
    0x22, 0x40, 0x50, 0xBD, 0x12, 0x41, 0x49, 0xBD, 0x3A, 0x41, 0x51, 0xBD,
    0xBF, 0x2F, 0x26, 0xBD, 0x00, 0xE0, 0x7B, 0x72, 0x32, 0x20, 0x22, 0x20,
    0x12, 0x20, 0x3A, 0x20, 0x46, 0x31, 0x46, 0xBF, 0x4E, 0x31, 0x4E, 0xBF,
    0xB3, 0xE2, 0x2D, 0x9F, 0x00, 0x80, 0x00, 0xE8, 0x56, 0x31, 0x56, 0xBF,
    0x47, 0x39, 0x47, 0xBF, 0x4F, 0x39, 0x4F, 0xBF, 0x57, 0x39, 0x57, 0xBF,
    0x53, 0x80, 0x07, 0xEA, 0x24, 0x41, 0x20, 0xE9, 0x42, 0x73, 0xF8, 0xEC,
    0x00, 0xE0, 0x2D, 0x73, 0x33, 0x72, 0x0C, 0xE3, 0xA5, 0x2F, 0x1E, 0xBD,
    0x43, 0x43, 0x2D, 0xDF, 0x4B, 0x4B, 0x2D, 0xDF, 0xAE, 0x1E, 0x26, 0xBD,
    0x58, 0xE3, 0x33, 0x66, 0x53, 0x53, 0x2D, 0xDF, 0x00, 0x80, 0x00, 0xE8,
    0xB8, 0x38, 0x33, 0xBF, 0x00, 0xE0, 0x59, 0xE3, 0x1E, 0x12, 0x41, 0xE9,
    0x1A, 0x22, 0x41, 0xE9, 0x2B, 0x40, 0x3D, 0xE9, 0x3F, 0x4B, 0xA0, 0xE8,
    0x2D, 0x73, 0x30, 0x76, 0x05, 0x80, 0x3D, 0xEA, 0x37, 0x43, 0xA0, 0xE8,
    0x3D, 0x53, 0xA0, 0xE8, 0x48, 0x70, 0xF8, 0xEC, 0x2B, 0x48, 0x3C, 0xE9,
    0x1F, 0x27, 0xBC, 0xE8, 0x00, 0x80, 0x00, 0xE8, 0x00, 0x80, 0x00, 0xE8,
    0x00, 0x80, 0x00, 0xE8, 0x15, 0xC0, 0x20, 0xE9, 0x15, 0xC0, 0x20, 0xE9,
    0x15, 0xC0, 0x20, 0xE9, 0x15, 0xC0, 0x20, 0xE9, 0x18, 0x3A, 0x41, 0xE9,
    0x1D, 0x32, 0x41, 0xE9, 0x2A, 0x40, 0x20, 0xE9, 0x56, 0x3D, 0x56, 0xDF,
    0x46, 0x37, 0x46, 0xDF, 0x4E, 0x3F, 0x4E, 0xDF, 0x16, 0x30, 0x20, 0xE9,
    0x4F, 0x3F, 0x4F, 0xDF, 0x32, 0x32, 0x2D, 0xDF, 0x22, 0x22, 0x2D, 0xDF,
    0x12, 0x12, 0x2D, 0xDF, 0x3A, 0x3A, 0x2D, 0xDF, 0x47, 0x37, 0x47, 0xDF,
    0x57, 0x3D, 0x57, 0xDF, 0x3D, 0xCF, 0x74, 0xC0, 0x37, 0xCF, 0x74, 0xC4,
    0x0A, 0x44, 0x4C, 0xB0, 0x02, 0x44, 0x54, 0xB0, 0x31, 0x53, 0x2F, 0x9F,
    0x34, 0x37, 0x20, 0xE9, 0x39, 0xE5, 0x2C, 0x9F, 0x3C, 0x3D, 0x20, 0xE9,
    0x2A, 0x44, 0x4C, 0xB2, 0x1A, 0x44, 0x54, 0xB2, 0x26, 0x80, 0x3A, 0xEA,
    0x0A, 0x20, 0x02, 0x20, 0x88, 0x73, 0x5E, 0xE9, 0x2A, 0x20, 0x1A, 0x20,
    0x3D, 0xCF, 0x74, 0xC2, 0x27, 0xCF, 0x74, 0xC6, 0x30, 0x50, 0x2E, 0x9F,
    0x32, 0x31, 0x5F, 0xE9, 0x38, 0x21, 0x2C, 0x9F, 0x33, 0x39, 0x5F, 0xE9,
    0x31, 0x53, 0x2F, 0x9F, 0x9C, 0x27, 0x20, 0xE9, 0x0A, 0x44, 0x4C, 0xB4,
    0x02, 0x44, 0x54, 0xB4, 0x2A, 0x44, 0x4C, 0xB6, 0x1A, 0x44, 0x54, 0xB6,
    0x39, 0xE5, 0x2C, 0x9F, 0x38, 0x3D, 0x20, 0xE9, 0x0A, 0x20, 0x02, 0x20,
    0x2A, 0x20, 0x1A, 0x20, 0x3D, 0xCF, 0x75, 0xC6, 0x00, 0x80, 0x00, 0xE8,
    0x30, 0x50, 0x2E, 0x9F, 0x3E, 0x30, 0x4F, 0xE9, 0x38, 0x21, 0x2C, 0x9F,
    0x3F, 0x38, 0x4F, 0xE9, 0x0A, 0x45, 0x4D, 0xB6, 0x02, 0x45, 0x55, 0xB6,
    0x31, 0x53, 0x2F, 0x9F, 0x3A, 0x31, 0x4F, 0xE9, 0x39, 0xE5, 0x2C, 0x9F,
    0x3B, 0x39, 0x4F, 0xE9, 0x31, 0x3D, 0x20, 0xE9, 0x0A, 0x20, 0x02, 0x20,
    0x2A, 0x46, 0x4E, 0xBF, 0x1A, 0x46, 0x56, 0xBF, 0x0A, 0x47, 0x4F, 0xBF,
    0x02, 0x47, 0x57, 0xBF, 0x30, 0x50, 0x2E, 0x9F, 0x36, 0x30, 0x4F, 0xE9,
    0x38, 0x21, 0x2C, 0x9F, 0x37, 0x38, 0x4F, 0xE9, 0x31, 0x53, 0x2F, 0x9F,
    0x9D, 0x31, 0x4F, 0xE9, 0x39, 0xE5, 0x2C, 0x9F, 0x9E, 0x39, 0x4F, 0xE9,
    0x2A, 0x43, 0x4B, 0xBF, 0x1A, 0x43, 0x53, 0xBF, 0x30, 0x50, 0x2E, 0x9F,
    0x35, 0x30, 0x4F, 0xE9, 0x38, 0x21, 0x2C, 0x9F, 0x39, 0x38, 0x4F, 0xE9,
    0x31, 0x53, 0x2F, 0x9F, 0x80, 0x31, 0x57, 0xE9, 0x39, 0xE5, 0x2C, 0x9F,
    0x81, 0x39, 0x57, 0xE9, 0x37, 0x48, 0x50, 0xBD, 0x8A, 0x36, 0x20, 0xE9,
    0x86, 0x76, 0x57, 0xE9, 0x8B, 0x3E, 0x20, 0xE9, 0x82, 0x30, 0x57, 0xE9,
    0x87, 0x77, 0x57, 0xE9, 0x83, 0x38, 0x57, 0xE9, 0x35, 0x49, 0x51, 0xBD,
    0x84, 0x31, 0x5E, 0xE9, 0x30, 0x1F, 0x5F, 0xE9, 0x85, 0x39, 0x5E, 0xE9,
    0x57, 0x25, 0x20, 0xE9, 0x2B, 0x48, 0x20, 0xE9, 0x1D, 0x37, 0xE1, 0xEA,
    0x1E, 0x35, 0xE1, 0xEA, 0x00, 0xE0, 0x26, 0x77, 0x24, 0x49, 0x20, 0xE9,
    0xA6, 0xFF, 0x20, 0xEA, 0x16, 0x26, 0x20, 0xE9, 0x57, 0x2E, 0xBF, 0xEA,
    0x1C, 0x46, 0xA0, 0xE8, 0x23, 0x4E, 0xA0, 0xE8, 0x2B, 0x56, 0xA0, 0xE8,
    0x1D, 0x47, 0xA0, 0xE8, 0x24, 0x4F, 0xA0, 0xE8, 0x2C, 0x57, 0xA0, 0xE8,
    0x1C, 0x00, 0x23, 0x00, 0x2B, 0x00, 0x00, 0xE0, 0x1D, 0x00, 0x24, 0x00,
    0x2C, 0x00, 0x00, 0xE0, 0x1C, 0x65, 0x23, 0x65, 0x2B, 0x65, 0x00, 0xE0,
    0x1D, 0x65, 0x24, 0x65, 0x2C, 0x65, 0x00, 0xE0, 0x1C, 0x23, 0x60, 0xEC,
    0x36, 0xD7, 0x36, 0xAD, 0x2B, 0x80, 0x60, 0xEC, 0x1D, 0x24, 0x60, 0xEC,
    0x3E, 0xD7, 0x3E, 0xAD, 0x2C, 0x80, 0x60, 0xEC, 0x1C, 0x2B, 0xDE, 0xE8,
    0x23, 0x80, 0xDE, 0xE8, 0x36, 0x80, 0x36, 0xBD, 0x3E, 0x80, 0x3E, 0xBD,
    0x33, 0xD7, 0x1C, 0xBD, 0x3B, 0xD7, 0x23, 0xBD, 0x46, 0x80, 0x46, 0xCF,
    0x4F, 0x80, 0x4F, 0xCF, 0x56, 0x33, 0x56, 0xCF, 0x47, 0x3B, 0x47, 0xCF,
    0xCD, 0xFF, 0x20, 0xEA, 0x00, 0x80, 0x00, 0xE8, 0x4E, 0x33, 0x4E, 0xCF,
    0x57, 0x3B, 0x57, 0xCF, 0x94, 0xFF, 0x20, 0xEA, 0x57, 0xC0, 0xBF, 0xEA,
    0x00, 0x80, 0xA0, 0xE9, 0x00, 0x00, 0xD8, 0xEC,
};

static const unsigned char osmgaWarpG400_tgzs[928] = {
    0x00, 0x88, 0x98, 0xE9, 0x00, 0x80, 0x00, 0xE8, 0x00, 0x80, 0xA0, 0xE9,
    0x00, 0x00, 0xD8, 0xEC, 0xFF, 0x80, 0xC0, 0xE9, 0x00, 0x80, 0x00, 0xE8,
    0x22, 0x40, 0x48, 0xBF, 0x2A, 0x40, 0x50, 0xBF, 0x32, 0x41, 0x49, 0xBF,
    0x3A, 0x41, 0x51, 0xBF, 0xC3, 0x6B, 0xCB, 0x6B, 0x00, 0x88, 0x98, 0xE9,
    0x73, 0x7B, 0xC8, 0xEC, 0x96, 0xE2, 0x41, 0x04, 0x7B, 0x43, 0xA0, 0xE8,
    0x73, 0x4B, 0xA0, 0xE8, 0xAD, 0xEE, 0x29, 0x9F, 0x00, 0xE0, 0x49, 0x04,
    0x90, 0xE2, 0x51, 0x04, 0x31, 0x46, 0xB1, 0xE8, 0x49, 0x41, 0xC0, 0xEC,
    0x39, 0x57, 0xB1, 0xE8, 0x00, 0x04, 0x46, 0xE2, 0x73, 0x53, 0xA0, 0xE8,
    0x51, 0x41, 0xC0, 0xEC, 0x31, 0x00, 0x39, 0x00, 0x65, 0x80, 0x15, 0xEA,
    0x08, 0x04, 0x10, 0x04, 0x51, 0x49, 0xC0, 0xEC, 0x2F, 0x41, 0x60, 0xEA,
    0x31, 0x20, 0x39, 0x20, 0x1F, 0x42, 0xA0, 0xE8, 0x2A, 0x42, 0x4A, 0xBF,
    0x27, 0x4A, 0xA0, 0xE8, 0x1A, 0x42, 0x52, 0xBF, 0x1E, 0x49, 0x60, 0xEA,
    0x73, 0x7B, 0xC8, 0xEC, 0x26, 0x51, 0x60, 0xEA, 0x32, 0x40, 0x48, 0xBD,
    0x22, 0x40, 0x50, 0xBD, 0x12, 0x41, 0x49, 0xBD, 0x3A, 0x41, 0x51, 0xBD,
    0xBF, 0x2F, 0x26, 0xBD, 0x00, 0xE0, 0x7B, 0x72, 0x32, 0x20, 0x22, 0x20,
    0x12, 0x20, 0x3A, 0x20, 0x46, 0x31, 0x46, 0xBF, 0x4E, 0x31, 0x4E, 0xBF,
    0xB3, 0xE2, 0x2D, 0x9F, 0x00, 0x80, 0x00, 0xE8, 0x56, 0x31, 0x56, 0xBF,
    0x47, 0x39, 0x47, 0xBF, 0x4F, 0x39, 0x4F, 0xBF, 0x57, 0x39, 0x57, 0xBF,
    0x57, 0x80, 0x07, 0xEA, 0x24, 0x41, 0x20, 0xE9, 0x42, 0x73, 0xF8, 0xEC,
    0x00, 0xE0, 0x2D, 0x73, 0x33, 0x72, 0x0C, 0xE3, 0xA5, 0x2F, 0x1E, 0xBD,
    0x43, 0x43, 0x2D, 0xDF, 0x4B, 0x4B, 0x2D, 0xDF, 0xAE, 0x1E, 0x26, 0xBD,
    0x58, 0xE3, 0x33, 0x66, 0x53, 0x53, 0x2D, 0xDF, 0x00, 0x80, 0x00, 0xE8,
    0xB8, 0x38, 0x33, 0xBF, 0x00, 0xE0, 0x59, 0xE3, 0x1E, 0x12, 0x41, 0xE9,
    0x1A, 0x22, 0x41, 0xE9, 0x2B, 0x40, 0x3D, 0xE9, 0x3F, 0x4B, 0xA0, 0xE8,
    0x2D, 0x73, 0x30, 0x76, 0x05, 0x80, 0x3D, 0xEA, 0x37, 0x43, 0xA0, 0xE8,
    0x3D, 0x53, 0xA0, 0xE8, 0x48, 0x70, 0xF8, 0xEC, 0x2B, 0x48, 0x3C, 0xE9,
    0x1F, 0x27, 0xBC, 0xE8, 0x00, 0x80, 0x00, 0xE8, 0x00, 0x80, 0x00, 0xE8,
    0x00, 0x80, 0x00, 0xE8, 0x15, 0xC0, 0x20, 0xE9, 0x15, 0xC0, 0x20, 0xE9,
    0x15, 0xC0, 0x20, 0xE9, 0x15, 0xC0, 0x20, 0xE9, 0x18, 0x3A, 0x41, 0xE9,
    0x1D, 0x32, 0x41, 0xE9, 0x2A, 0x40, 0x20, 0xE9, 0x56, 0x3D, 0x56, 0xDF,
    0x46, 0x37, 0x46, 0xDF, 0x4E, 0x3F, 0x4E, 0xDF, 0x16, 0x30, 0x20, 0xE9,
    0x4F, 0x3F, 0x4F, 0xDF, 0x47, 0x37, 0x47, 0xDF, 0x57, 0x3D, 0x57, 0xDF,
    0x32, 0x32, 0x2D, 0xDF, 0x22, 0x22, 0x2D, 0xDF, 0x12, 0x12, 0x2D, 0xDF,
    0x3A, 0x3A, 0x2D, 0xDF, 0x27, 0xCF, 0x74, 0xC2, 0x37, 0xCF, 0x74, 0xC4,
    0x0A, 0x44, 0x4C, 0xB0, 0x02, 0x44, 0x54, 0xB0, 0x3D, 0xCF, 0x74, 0xC0,
    0x34, 0x37, 0x20, 0xE9, 0x31, 0x53, 0x2F, 0x9F, 0x38, 0x27, 0x20, 0xE9,
    0x39, 0xE5, 0x2C, 0x9F, 0x3C, 0x3D, 0x20, 0xE9, 0x2A, 0x44, 0x4C, 0xB2,
    0x1A, 0x44, 0x54, 0xB2, 0x29, 0x80, 0x3A, 0xEA, 0x0A, 0x20, 0x02, 0x20,
    0x27, 0xCF, 0x75, 0xC0, 0x2A, 0x20, 0x1A, 0x20, 0x30, 0x50, 0x2E, 0x9F,
    0x32, 0x31, 0x5F, 0xE9, 0x38, 0x21, 0x2C, 0x9F, 0x33, 0x39, 0x5F, 0xE9,
    0x3D, 0xCF, 0x75, 0xC2, 0x37, 0xCF, 0x75, 0xC4, 0x31, 0x53, 0x2F, 0x9F,
    0xA6, 0x27, 0x20, 0xE9, 0x39, 0xE5, 0x2C, 0x9F, 0xA3, 0x3D, 0x20, 0xE9,
    0x2A, 0x44, 0x4C, 0xB4, 0x1A, 0x44, 0x54, 0xB4, 0x0A, 0x45, 0x4D, 0xB0,
    0x02, 0x45, 0x55, 0xB0, 0x88, 0x73, 0x5E, 0xE9, 0x2A, 0x20, 0x1A, 0x20,
    0xA0, 0x37, 0x20, 0xE9, 0x0A, 0x20, 0x02, 0x20, 0x31, 0x53, 0x2F, 0x9F,
    0x3E, 0x30, 0x4F, 0xE9, 0x39, 0xE5, 0x2C, 0x9F, 0x3F, 0x38, 0x4F, 0xE9,
    0x30, 0x50, 0x2E, 0x9F, 0x3A, 0x31, 0x4F, 0xE9, 0x2A, 0x45, 0x4D, 0xB2,
    0x1A, 0x45, 0x55, 0xB2, 0x0A, 0x45, 0x4D, 0xB4, 0x02, 0x45, 0x55, 0xB4,
    0x38, 0x21, 0x2C, 0x9F, 0x3B, 0x39, 0x4F, 0xE9, 0x0A, 0x20, 0x02, 0x20,
    0x2A, 0x20, 0x1A, 0x20, 0x2A, 0x46, 0x4E, 0xBF, 0x1A, 0x46, 0x56, 0xBF,
    0x31, 0x53, 0x2F, 0x9F, 0x36, 0x31, 0x4F, 0xE9, 0x39, 0xE5, 0x2C, 0x9F,
    0x37, 0x39, 0x4F, 0xE9, 0x30, 0x50, 0x2E, 0x9F, 0xA7, 0x30, 0x4F, 0xE9,
    0x38, 0x21, 0x2C, 0x9F, 0xA8, 0x38, 0x4F, 0xE9, 0x0A, 0x47, 0x4F, 0xBF,
    0x02, 0x47, 0x57, 0xBF, 0x31, 0x53, 0x2F, 0x9F, 0xA4, 0x31, 0x4F, 0xE9,
    0x39, 0xE5, 0x2C, 0x9F, 0xA5, 0x39, 0x4F, 0xE9, 0x2A, 0x43, 0x4B, 0xBF,
    0x1A, 0x43, 0x53, 0xBF, 0x30, 0x50, 0x2E, 0x9F, 0xA1, 0x30, 0x4F, 0xE9,
    0x38, 0x21, 0x2C, 0x9F, 0xA2, 0x38, 0x4F, 0xE9, 0x31, 0x53, 0x2F, 0x9F,
    0x80, 0x31, 0x57, 0xE9, 0x39, 0xE5, 0x2C, 0x9F, 0x81, 0x39, 0x57, 0xE9,
    0x37, 0x48, 0x50, 0xBD, 0x8A, 0x36, 0x20, 0xE9, 0x86, 0x76, 0x57, 0xE9,
    0x8B, 0x3E, 0x20, 0xE9, 0x82, 0x30, 0x57, 0xE9, 0x87, 0x77, 0x57, 0xE9,
    0x83, 0x38, 0x57, 0xE9, 0x35, 0x49, 0x51, 0xBD, 0x84, 0x31, 0x5E, 0xE9,
    0x30, 0x1F, 0x5F, 0xE9, 0x85, 0x39, 0x5E, 0xE9, 0x57, 0x25, 0x20, 0xE9,
    0x2B, 0x48, 0x20, 0xE9, 0x1D, 0x37, 0xE1, 0xEA, 0x1E, 0x35, 0xE1, 0xEA,
    0x00, 0xE0, 0x26, 0x77, 0x24, 0x49, 0x20, 0xE9, 0xA2, 0xFF, 0x20, 0xEA,
    0x16, 0x26, 0x20, 0xE9, 0x57, 0x2E, 0xBF, 0xEA, 0x1C, 0x46, 0xA0, 0xE8,
    0x23, 0x4E, 0xA0, 0xE8, 0x2B, 0x56, 0xA0, 0xE8, 0x1D, 0x47, 0xA0, 0xE8,
    0x24, 0x4F, 0xA0, 0xE8, 0x2C, 0x57, 0xA0, 0xE8, 0x1C, 0x00, 0x23, 0x00,
    0x2B, 0x00, 0x00, 0xE0, 0x1D, 0x00, 0x24, 0x00, 0x2C, 0x00, 0x00, 0xE0,
    0x1C, 0x65, 0x23, 0x65, 0x2B, 0x65, 0x00, 0xE0, 0x1D, 0x65, 0x24, 0x65,
    0x2C, 0x65, 0x00, 0xE0, 0x1C, 0x23, 0x60, 0xEC, 0x36, 0xD7, 0x36, 0xAD,
    0x2B, 0x80, 0x60, 0xEC, 0x1D, 0x24, 0x60, 0xEC, 0x3E, 0xD7, 0x3E, 0xAD,
    0x2C, 0x80, 0x60, 0xEC, 0x1C, 0x2B, 0xDE, 0xE8, 0x23, 0x80, 0xDE, 0xE8,
    0x36, 0x80, 0x36, 0xBD, 0x3E, 0x80, 0x3E, 0xBD, 0x33, 0xD7, 0x1C, 0xBD,
    0x3B, 0xD7, 0x23, 0xBD, 0x46, 0x80, 0x46, 0xCF, 0x4F, 0x80, 0x4F, 0xCF,
    0x56, 0x33, 0x56, 0xCF, 0x47, 0x3B, 0x47, 0xCF, 0xCA, 0xFF, 0x20, 0xEA,
    0x00, 0x80, 0x00, 0xE8, 0x4E, 0x33, 0x4E, 0xCF, 0x57, 0x3B, 0x57, 0xCF,
    0x90, 0xFF, 0x20, 0xEA, 0x57, 0xC0, 0xBF, 0xEA, 0x00, 0x80, 0xA0, 0xE9,
    0x00, 0x00, 0xD8, 0xEC,
};

static const unsigned char osmgaWarpG400_tgzsf[968] = {
    0x00, 0x88, 0x98, 0xE9, 0x00, 0x80, 0x00, 0xE8, 0x00, 0x80, 0xA0, 0xE9,
    0x00, 0x00, 0xD8, 0xEC, 0xFF, 0x80, 0xC0, 0xE9, 0x00, 0x80, 0x00, 0xE8,
    0x22, 0x40, 0x48, 0xBF, 0x2A, 0x40, 0x50, 0xBF, 0x32, 0x41, 0x49, 0xBF,
    0x3A, 0x41, 0x51, 0xBF, 0xC3, 0x6B, 0xCB, 0x6B, 0x00, 0x88, 0x98, 0xE9,
    0x73, 0x7B, 0xC8, 0xEC, 0x96, 0xE2, 0x41, 0x04, 0x7B, 0x43, 0xA0, 0xE8,
    0x73, 0x4B, 0xA0, 0xE8, 0xAD, 0xEE, 0x29, 0x9F, 0x00, 0xE0, 0x49, 0x04,
    0x90, 0xE2, 0x51, 0x04, 0x31, 0x46, 0xB1, 0xE8, 0x49, 0x41, 0xC0, 0xEC,
    0x39, 0x57, 0xB1, 0xE8, 0x00, 0x04, 0x46, 0xE2, 0x73, 0x53, 0xA0, 0xE8,
    0x51, 0x41, 0xC0, 0xEC, 0x31, 0x00, 0x39, 0x00, 0x6A, 0x80, 0x15, 0xEA,
    0x08, 0x04, 0x10, 0x04, 0x51, 0x49, 0xC0, 0xEC, 0x2F, 0x41, 0x60, 0xEA,
    0x31, 0x20, 0x39, 0x20, 0x1F, 0x42, 0xA0, 0xE8, 0x2A, 0x42, 0x4A, 0xBF,
    0x27, 0x4A, 0xA0, 0xE8, 0x1A, 0x42, 0x52, 0xBF, 0x1E, 0x49, 0x60, 0xEA,
    0x73, 0x7B, 0xC8, 0xEC, 0x26, 0x51, 0x60, 0xEA, 0x32, 0x40, 0x48, 0xBD,
    0x22, 0x40, 0x50, 0xBD, 0x12, 0x41, 0x49, 0xBD, 0x3A, 0x41, 0x51, 0xBD,
    0xBF, 0x2F, 0x26, 0xBD, 0x00, 0xE0, 0x7B, 0x72, 0x32, 0x20, 0x22, 0x20,
    0x12, 0x20, 0x3A, 0x20, 0x46, 0x31, 0x46, 0xBF, 0x4E, 0x31, 0x4E, 0xBF,
    0xB3, 0xE2, 0x2D, 0x9F, 0x00, 0x80, 0x00, 0xE8, 0x56, 0x31, 0x56, 0xBF,
    0x47, 0x39, 0x47, 0xBF, 0x4F, 0x39, 0x4F, 0xBF, 0x57, 0x39, 0x57, 0xBF,
    0x5C, 0x80, 0x07, 0xEA, 0x24, 0x41, 0x20, 0xE9, 0x42, 0x73, 0xF8, 0xEC,
    0x00, 0xE0, 0x2D, 0x73, 0x33, 0x72, 0x0C, 0xE3, 0xA5, 0x2F, 0x1E, 0xBD,
    0x43, 0x43, 0x2D, 0xDF, 0x4B, 0x4B, 0x2D, 0xDF, 0xAE, 0x1E, 0x26, 0xBD,
    0x58, 0xE3, 0x33, 0x66, 0x53, 0x53, 0x2D, 0xDF, 0x00, 0x80, 0x00, 0xE8,
    0xB8, 0x38, 0x33, 0xBF, 0x00, 0xE0, 0x59, 0xE3, 0x1E, 0x12, 0x41, 0xE9,
    0x1A, 0x22, 0x41, 0xE9, 0x2B, 0x40, 0x3D, 0xE9, 0x3F, 0x4B, 0xA0, 0xE8,
    0x2D, 0x73, 0x30, 0x76, 0x05, 0x80, 0x3D, 0xEA, 0x37, 0x43, 0xA0, 0xE8,
    0x3D, 0x53, 0xA0, 0xE8, 0x48, 0x70, 0xF8, 0xEC, 0x2B, 0x48, 0x3C, 0xE9,
    0x1F, 0x27, 0xBC, 0xE8, 0x00, 0x80, 0x00, 0xE8, 0x00, 0x80, 0x00, 0xE8,
    0x00, 0x80, 0x00, 0xE8, 0x15, 0xC0, 0x20, 0xE9, 0x15, 0xC0, 0x20, 0xE9,
    0x15, 0xC0, 0x20, 0xE9, 0x15, 0xC0, 0x20, 0xE9, 0x18, 0x3A, 0x41, 0xE9,
    0x1D, 0x32, 0x41, 0xE9, 0x2A, 0x40, 0x20, 0xE9, 0x56, 0x3D, 0x56, 0xDF,
    0x46, 0x37, 0x46, 0xDF, 0x4E, 0x3F, 0x4E, 0xDF, 0x16, 0x30, 0x20, 0xE9,
    0x4F, 0x3F, 0x4F, 0xDF, 0x47, 0x37, 0x47, 0xDF, 0x57, 0x3D, 0x57, 0xDF,
    0x32, 0x32, 0x2D, 0xDF, 0x22, 0x22, 0x2D, 0xDF, 0x12, 0x12, 0x2D, 0xDF,
    0x3A, 0x3A, 0x2D, 0xDF, 0x27, 0xCF, 0x74, 0xC2, 0x37, 0xCF, 0x74, 0xC4,
    0x0A, 0x44, 0x4C, 0xB0, 0x02, 0x44, 0x54, 0xB0, 0x3D, 0xCF, 0x74, 0xC0,
    0x34, 0x37, 0x20, 0xE9, 0x31, 0x53, 0x2F, 0x9F, 0x38, 0x27, 0x20, 0xE9,
    0x39, 0xE5, 0x2C, 0x9F, 0x3C, 0x3D, 0x20, 0xE9, 0x2A, 0x44, 0x4C, 0xB2,
    0x1A, 0x44, 0x54, 0xB2, 0x2E, 0x80, 0x3A, 0xEA, 0x0A, 0x20, 0x02, 0x20,
    0x27, 0xCF, 0x75, 0xC0, 0x2A, 0x20, 0x1A, 0x20, 0x30, 0x50, 0x2E, 0x9F,
    0x32, 0x31, 0x5F, 0xE9, 0x38, 0x21, 0x2C, 0x9F, 0x33, 0x39, 0x5F, 0xE9,
    0x3D, 0xCF, 0x75, 0xC2, 0x37, 0xCF, 0x75, 0xC4, 0x31, 0x53, 0x2F, 0x9F,
    0xA6, 0x27, 0x20, 0xE9, 0x39, 0xE5, 0x2C, 0x9F, 0xA3, 0x3D, 0x20, 0xE9,
    0x2A, 0x44, 0x4C, 0xB4, 0x1A, 0x44, 0x54, 0xB4, 0x0A, 0x45, 0x4D, 0xB0,
    0x02, 0x45, 0x55, 0xB0, 0x88, 0x73, 0x5E, 0xE9, 0x2A, 0x20, 0x1A, 0x20,
    0xA0, 0x37, 0x20, 0xE9, 0x0A, 0x20, 0x02, 0x20, 0x31, 0x53, 0x2F, 0x9F,
    0x3E, 0x30, 0x4F, 0xE9, 0x39, 0xE5, 0x2C, 0x9F, 0x3F, 0x38, 0x4F, 0xE9,
    0x30, 0x50, 0x2E, 0x9F, 0x3A, 0x31, 0x4F, 0xE9, 0x38, 0x21, 0x2C, 0x9F,
    0x3B, 0x39, 0x4F, 0xE9, 0x2A, 0x45, 0x4D, 0xB2, 0x1A, 0x45, 0x55, 0xB2,
    0x0A, 0x45, 0x4D, 0xB4, 0x02, 0x45, 0x55, 0xB4, 0x27, 0xCF, 0x75, 0xC6,
    0x2A, 0x20, 0x1A, 0x20, 0xA7, 0x30, 0x4F, 0xE9, 0x0A, 0x20, 0x02, 0x20,
    0x31, 0x53, 0x2F, 0x9F, 0x31, 0x27, 0x20, 0xE9, 0x39, 0xE5, 0x2C, 0x9F,
    0xA8, 0x38, 0x4F, 0xE9, 0x2A, 0x45, 0x4D, 0xB6, 0x1A, 0x45, 0x55, 0xB6,
    0x30, 0x50, 0x2E, 0x9F, 0x36, 0x31, 0x4F, 0xE9, 0x38, 0x21, 0x2C, 0x9F,
    0x37, 0x39, 0x4F, 0xE9, 0x00, 0x80, 0x00, 0xE8, 0x2A, 0x20, 0x1A, 0x20,
    0x2A, 0x46, 0x4E, 0xBF, 0x1A, 0x46, 0x56, 0xBF, 0x31, 0x53, 0x2F, 0x9F,
    0xA4, 0x31, 0x4F, 0xE9, 0x39, 0xE5, 0x2C, 0x9F, 0xA5, 0x39, 0x4F, 0xE9,
    0x0A, 0x47, 0x4F, 0xBF, 0x02, 0x47, 0x57, 0xBF, 0x31, 0x53, 0x2F, 0x9F,
    0xA1, 0x30, 0x4F, 0xE9, 0x39, 0xE5, 0x2C, 0x9F, 0xA2, 0x38, 0x4F, 0xE9,
    0x2A, 0x43, 0x4B, 0xBF, 0x1A, 0x43, 0x53, 0xBF, 0x30, 0x50, 0x2E, 0x9F,
    0x35, 0x31, 0x4F, 0xE9, 0x38, 0x21, 0x2C, 0x9F, 0x39, 0x39, 0x4F, 0xE9,
    0x31, 0x53, 0x2F, 0x9F, 0x80, 0x31, 0x57, 0xE9, 0x39, 0xE5, 0x2C, 0x9F,
    0x81, 0x39, 0x57, 0xE9, 0x37, 0x48, 0x50, 0xBD, 0x8A, 0x36, 0x20, 0xE9,
    0x86, 0x76, 0x57, 0xE9, 0x8B, 0x3E, 0x20, 0xE9, 0x82, 0x30, 0x57, 0xE9,
    0x87, 0x77, 0x57, 0xE9, 0x83, 0x38, 0x57, 0xE9, 0x35, 0x49, 0x51, 0xBD,
    0x84, 0x31, 0x5E, 0xE9, 0x30, 0x1F, 0x5F, 0xE9, 0x85, 0x39, 0x5E, 0xE9,
    0x57, 0x25, 0x20, 0xE9, 0x2B, 0x48, 0x20, 0xE9, 0x1D, 0x37, 0xE1, 0xEA,
    0x1E, 0x35, 0xE1, 0xEA, 0x00, 0xE0, 0x26, 0x77, 0x24, 0x49, 0x20, 0xE9,
    0x9D, 0xFF, 0x20, 0xEA, 0x16, 0x26, 0x20, 0xE9, 0x57, 0x2E, 0xBF, 0xEA,
    0x1C, 0x46, 0xA0, 0xE8, 0x23, 0x4E, 0xA0, 0xE8, 0x2B, 0x56, 0xA0, 0xE8,
    0x1D, 0x47, 0xA0, 0xE8, 0x24, 0x4F, 0xA0, 0xE8, 0x2C, 0x57, 0xA0, 0xE8,
    0x1C, 0x00, 0x23, 0x00, 0x2B, 0x00, 0x00, 0xE0, 0x1D, 0x00, 0x24, 0x00,
    0x2C, 0x00, 0x00, 0xE0, 0x1C, 0x65, 0x23, 0x65, 0x2B, 0x65, 0x00, 0xE0,
    0x1D, 0x65, 0x24, 0x65, 0x2C, 0x65, 0x00, 0xE0, 0x1C, 0x23, 0x60, 0xEC,
    0x36, 0xD7, 0x36, 0xAD, 0x2B, 0x80, 0x60, 0xEC, 0x1D, 0x24, 0x60, 0xEC,
    0x3E, 0xD7, 0x3E, 0xAD, 0x2C, 0x80, 0x60, 0xEC, 0x1C, 0x2B, 0xDE, 0xE8,
    0x23, 0x80, 0xDE, 0xE8, 0x36, 0x80, 0x36, 0xBD, 0x3E, 0x80, 0x3E, 0xBD,
    0x33, 0xD7, 0x1C, 0xBD, 0x3B, 0xD7, 0x23, 0xBD, 0x46, 0x80, 0x46, 0xCF,
    0x4F, 0x80, 0x4F, 0xCF, 0x56, 0x33, 0x56, 0xCF, 0x47, 0x3B, 0x47, 0xCF,
    0xC5, 0xFF, 0x20, 0xEA, 0x00, 0x80, 0x00, 0xE8, 0x4E, 0x33, 0x4E, 0xCF,
    0x57, 0x3B, 0x57, 0xCF, 0x8B, 0xFF, 0x20, 0xEA, 0x57, 0xC0, 0xBF, 0xEA,
    0x00, 0x80, 0xA0, 0xE9, 0x00, 0x00, 0xD8, 0xEC,
};

static const unsigned char osmgaWarpG400_tgzsa[968] = {
    0x00, 0x88, 0x98, 0xE9, 0x00, 0x80, 0x00, 0xE8, 0x00, 0x80, 0xA0, 0xE9,
    0x00, 0x00, 0xD8, 0xEC, 0xFF, 0x80, 0xC0, 0xE9, 0x00, 0x80, 0x00, 0xE8,
    0x22, 0x40, 0x48, 0xBF, 0x2A, 0x40, 0x50, 0xBF, 0x32, 0x41, 0x49, 0xBF,
    0x3A, 0x41, 0x51, 0xBF, 0xC3, 0x6B, 0xCB, 0x6B, 0x00, 0x88, 0x98, 0xE9,
    0x73, 0x7B, 0xC8, 0xEC, 0x96, 0xE2, 0x41, 0x04, 0x7B, 0x43, 0xA0, 0xE8,
    0x73, 0x4B, 0xA0, 0xE8, 0xAD, 0xEE, 0x29, 0x9F, 0x00, 0xE0, 0x49, 0x04,
    0x90, 0xE2, 0x51, 0x04, 0x31, 0x46, 0xB1, 0xE8, 0x49, 0x41, 0xC0, 0xEC,
    0x39, 0x57, 0xB1, 0xE8, 0x00, 0x04, 0x46, 0xE2, 0x73, 0x53, 0xA0, 0xE8,
    0x51, 0x41, 0xC0, 0xEC, 0x31, 0x00, 0x39, 0x00, 0x6A, 0x80, 0x15, 0xEA,
    0x08, 0x04, 0x10, 0x04, 0x51, 0x49, 0xC0, 0xEC, 0x2F, 0x41, 0x60, 0xEA,
    0x31, 0x20, 0x39, 0x20, 0x1F, 0x42, 0xA0, 0xE8, 0x2A, 0x42, 0x4A, 0xBF,
    0x27, 0x4A, 0xA0, 0xE8, 0x1A, 0x42, 0x52, 0xBF, 0x1E, 0x49, 0x60, 0xEA,
    0x73, 0x7B, 0xC8, 0xEC, 0x26, 0x51, 0x60, 0xEA, 0x32, 0x40, 0x48, 0xBD,
    0x22, 0x40, 0x50, 0xBD, 0x12, 0x41, 0x49, 0xBD, 0x3A, 0x41, 0x51, 0xBD,
    0xBF, 0x2F, 0x26, 0xBD, 0x00, 0xE0, 0x7B, 0x72, 0x32, 0x20, 0x22, 0x20,
    0x12, 0x20, 0x3A, 0x20, 0x46, 0x31, 0x46, 0xBF, 0x4E, 0x31, 0x4E, 0xBF,
    0xB3, 0xE2, 0x2D, 0x9F, 0x00, 0x80, 0x00, 0xE8, 0x56, 0x31, 0x56, 0xBF,
    0x47, 0x39, 0x47, 0xBF, 0x4F, 0x39, 0x4F, 0xBF, 0x57, 0x39, 0x57, 0xBF,
    0x5C, 0x80, 0x07, 0xEA, 0x24, 0x41, 0x20, 0xE9, 0x42, 0x73, 0xF8, 0xEC,
    0x00, 0xE0, 0x2D, 0x73, 0x33, 0x72, 0x0C, 0xE3, 0xA5, 0x2F, 0x1E, 0xBD,
    0x43, 0x43, 0x2D, 0xDF, 0x4B, 0x4B, 0x2D, 0xDF, 0xAE, 0x1E, 0x26, 0xBD,
    0x58, 0xE3, 0x33, 0x66, 0x53, 0x53, 0x2D, 0xDF, 0x00, 0x80, 0x00, 0xE8,
    0xB8, 0x38, 0x33, 0xBF, 0x00, 0xE0, 0x59, 0xE3, 0x1E, 0x12, 0x41, 0xE9,
    0x1A, 0x22, 0x41, 0xE9, 0x2B, 0x40, 0x3D, 0xE9, 0x3F, 0x4B, 0xA0, 0xE8,
    0x2D, 0x73, 0x30, 0x76, 0x05, 0x80, 0x3D, 0xEA, 0x37, 0x43, 0xA0, 0xE8,
    0x3D, 0x53, 0xA0, 0xE8, 0x48, 0x70, 0xF8, 0xEC, 0x2B, 0x48, 0x3C, 0xE9,
    0x1F, 0x27, 0xBC, 0xE8, 0x00, 0x80, 0x00, 0xE8, 0x00, 0x80, 0x00, 0xE8,
    0x00, 0x80, 0x00, 0xE8, 0x15, 0xC0, 0x20, 0xE9, 0x15, 0xC0, 0x20, 0xE9,
    0x15, 0xC0, 0x20, 0xE9, 0x15, 0xC0, 0x20, 0xE9, 0x18, 0x3A, 0x41, 0xE9,
    0x1D, 0x32, 0x41, 0xE9, 0x2A, 0x40, 0x20, 0xE9, 0x56, 0x3D, 0x56, 0xDF,
    0x46, 0x37, 0x46, 0xDF, 0x4E, 0x3F, 0x4E, 0xDF, 0x16, 0x30, 0x20, 0xE9,
    0x4F, 0x3F, 0x4F, 0xDF, 0x47, 0x37, 0x47, 0xDF, 0x57, 0x3D, 0x57, 0xDF,
    0x32, 0x32, 0x2D, 0xDF, 0x22, 0x22, 0x2D, 0xDF, 0x12, 0x12, 0x2D, 0xDF,
    0x3A, 0x3A, 0x2D, 0xDF, 0x27, 0xCF, 0x74, 0xC2, 0x37, 0xCF, 0x74, 0xC4,
    0x0A, 0x44, 0x4C, 0xB0, 0x02, 0x44, 0x54, 0xB0, 0x3D, 0xCF, 0x74, 0xC0,
    0x34, 0x37, 0x20, 0xE9, 0x31, 0x53, 0x2F, 0x9F, 0x38, 0x27, 0x20, 0xE9,
    0x39, 0xE5, 0x2C, 0x9F, 0x3C, 0x3D, 0x20, 0xE9, 0x2A, 0x44, 0x4C, 0xB2,
    0x1A, 0x44, 0x54, 0xB2, 0x2E, 0x80, 0x3A, 0xEA, 0x0A, 0x20, 0x02, 0x20,
    0x27, 0xCF, 0x75, 0xC0, 0x2A, 0x20, 0x1A, 0x20, 0x30, 0x50, 0x2E, 0x9F,
    0x32, 0x31, 0x5F, 0xE9, 0x38, 0x21, 0x2C, 0x9F, 0x33, 0x39, 0x5F, 0xE9,
    0x3D, 0xCF, 0x75, 0xC2, 0x37, 0xCF, 0x75, 0xC4, 0x31, 0x53, 0x2F, 0x9F,
    0xA6, 0x27, 0x20, 0xE9, 0x39, 0xE5, 0x2C, 0x9F, 0xA3, 0x3D, 0x20, 0xE9,
    0x2A, 0x44, 0x4C, 0xB4, 0x1A, 0x44, 0x54, 0xB4, 0x0A, 0x45, 0x4D, 0xB0,
    0x02, 0x45, 0x55, 0xB0, 0x88, 0x73, 0x5E, 0xE9, 0x2A, 0x20, 0x1A, 0x20,
    0xA0, 0x37, 0x20, 0xE9, 0x0A, 0x20, 0x02, 0x20, 0x31, 0x53, 0x2F, 0x9F,
    0x3E, 0x30, 0x4F, 0xE9, 0x39, 0xE5, 0x2C, 0x9F, 0x3F, 0x38, 0x4F, 0xE9,
    0x30, 0x50, 0x2E, 0x9F, 0x3A, 0x31, 0x4F, 0xE9, 0x38, 0x21, 0x2C, 0x9F,
    0x3B, 0x39, 0x4F, 0xE9, 0x2A, 0x45, 0x4D, 0xB2, 0x1A, 0x45, 0x55, 0xB2,
    0x0A, 0x45, 0x4D, 0xB4, 0x02, 0x45, 0x55, 0xB4, 0x27, 0xCF, 0x74, 0xC6,
    0x2A, 0x20, 0x1A, 0x20, 0xA7, 0x30, 0x4F, 0xE9, 0x0A, 0x20, 0x02, 0x20,
    0x31, 0x53, 0x2F, 0x9F, 0x9C, 0x27, 0x20, 0xE9, 0x39, 0xE5, 0x2C, 0x9F,
    0xA8, 0x38, 0x4F, 0xE9, 0x2A, 0x44, 0x4C, 0xB6, 0x1A, 0x44, 0x54, 0xB6,
    0x30, 0x50, 0x2E, 0x9F, 0x36, 0x31, 0x4F, 0xE9, 0x38, 0x21, 0x2C, 0x9F,
    0x37, 0x39, 0x4F, 0xE9, 0x00, 0x80, 0x00, 0xE8, 0x2A, 0x20, 0x1A, 0x20,
    0x2A, 0x46, 0x4E, 0xBF, 0x1A, 0x46, 0x56, 0xBF, 0x31, 0x53, 0x2F, 0x9F,
    0xA4, 0x31, 0x4F, 0xE9, 0x39, 0xE5, 0x2C, 0x9F, 0xA5, 0x39, 0x4F, 0xE9,
    0x0A, 0x47, 0x4F, 0xBF, 0x02, 0x47, 0x57, 0xBF, 0x31, 0x53, 0x2F, 0x9F,
    0xA1, 0x30, 0x4F, 0xE9, 0x39, 0xE5, 0x2C, 0x9F, 0xA2, 0x38, 0x4F, 0xE9,
    0x2A, 0x43, 0x4B, 0xBF, 0x1A, 0x43, 0x53, 0xBF, 0x30, 0x50, 0x2E, 0x9F,
    0x9D, 0x31, 0x4F, 0xE9, 0x38, 0x21, 0x2C, 0x9F, 0x9E, 0x39, 0x4F, 0xE9,
    0x31, 0x53, 0x2F, 0x9F, 0x80, 0x31, 0x57, 0xE9, 0x39, 0xE5, 0x2C, 0x9F,
    0x81, 0x39, 0x57, 0xE9, 0x37, 0x48, 0x50, 0xBD, 0x8A, 0x36, 0x20, 0xE9,
    0x86, 0x76, 0x57, 0xE9, 0x8B, 0x3E, 0x20, 0xE9, 0x82, 0x30, 0x57, 0xE9,
    0x87, 0x77, 0x57, 0xE9, 0x83, 0x38, 0x57, 0xE9, 0x35, 0x49, 0x51, 0xBD,
    0x84, 0x31, 0x5E, 0xE9, 0x30, 0x1F, 0x5F, 0xE9, 0x85, 0x39, 0x5E, 0xE9,
    0x57, 0x25, 0x20, 0xE9, 0x2B, 0x48, 0x20, 0xE9, 0x1D, 0x37, 0xE1, 0xEA,
    0x1E, 0x35, 0xE1, 0xEA, 0x00, 0xE0, 0x26, 0x77, 0x24, 0x49, 0x20, 0xE9,
    0x9D, 0xFF, 0x20, 0xEA, 0x16, 0x26, 0x20, 0xE9, 0x57, 0x2E, 0xBF, 0xEA,
    0x1C, 0x46, 0xA0, 0xE8, 0x23, 0x4E, 0xA0, 0xE8, 0x2B, 0x56, 0xA0, 0xE8,
    0x1D, 0x47, 0xA0, 0xE8, 0x24, 0x4F, 0xA0, 0xE8, 0x2C, 0x57, 0xA0, 0xE8,
    0x1C, 0x00, 0x23, 0x00, 0x2B, 0x00, 0x00, 0xE0, 0x1D, 0x00, 0x24, 0x00,
    0x2C, 0x00, 0x00, 0xE0, 0x1C, 0x65, 0x23, 0x65, 0x2B, 0x65, 0x00, 0xE0,
    0x1D, 0x65, 0x24, 0x65, 0x2C, 0x65, 0x00, 0xE0, 0x1C, 0x23, 0x60, 0xEC,
    0x36, 0xD7, 0x36, 0xAD, 0x2B, 0x80, 0x60, 0xEC, 0x1D, 0x24, 0x60, 0xEC,
    0x3E, 0xD7, 0x3E, 0xAD, 0x2C, 0x80, 0x60, 0xEC, 0x1C, 0x2B, 0xDE, 0xE8,
    0x23, 0x80, 0xDE, 0xE8, 0x36, 0x80, 0x36, 0xBD, 0x3E, 0x80, 0x3E, 0xBD,
    0x33, 0xD7, 0x1C, 0xBD, 0x3B, 0xD7, 0x23, 0xBD, 0x46, 0x80, 0x46, 0xCF,
    0x4F, 0x80, 0x4F, 0xCF, 0x56, 0x33, 0x56, 0xCF, 0x47, 0x3B, 0x47, 0xCF,
    0xC5, 0xFF, 0x20, 0xEA, 0x00, 0x80, 0x00, 0xE8, 0x4E, 0x33, 0x4E, 0xCF,
    0x57, 0x3B, 0x57, 0xCF, 0x8B, 0xFF, 0x20, 0xEA, 0x57, 0xC0, 0xBF, 0xEA,
    0x00, 0x80, 0xA0, 0xE9, 0x00, 0x00, 0xD8, 0xEC,
};

static const unsigned char osmgaWarpG400_tgzsaf[1000] = {
    0x00, 0x88, 0x98, 0xE9, 0x00, 0x80, 0x00, 0xE8, 0x00, 0x80, 0xA0, 0xE9,
    0x00, 0x00, 0xD8, 0xEC, 0xFF, 0x80, 0xC0, 0xE9, 0x00, 0x80, 0x00, 0xE8,
    0x22, 0x40, 0x48, 0xBF, 0x2A, 0x40, 0x50, 0xBF, 0x32, 0x41, 0x49, 0xBF,
    0x3A, 0x41, 0x51, 0xBF, 0xC3, 0x6B, 0xCB, 0x6B, 0x00, 0x88, 0x98, 0xE9,
    0x73, 0x7B, 0xC8, 0xEC, 0x96, 0xE2, 0x41, 0x04, 0x7B, 0x43, 0xA0, 0xE8,
    0x73, 0x4B, 0xA0, 0xE8, 0xAD, 0xEE, 0x29, 0x9F, 0x00, 0xE0, 0x49, 0x04,
    0x90, 0xE2, 0x51, 0x04, 0x31, 0x46, 0xB1, 0xE8, 0x49, 0x41, 0xC0, 0xEC,
    0x39, 0x57, 0xB1, 0xE8, 0x00, 0x04, 0x46, 0xE2, 0x73, 0x53, 0xA0, 0xE8,
    0x51, 0x41, 0xC0, 0xEC, 0x31, 0x00, 0x39, 0x00, 0x6E, 0x80, 0x15, 0xEA,
    0x08, 0x04, 0x10, 0x04, 0x51, 0x49, 0xC0, 0xEC, 0x2F, 0x41, 0x60, 0xEA,
    0x31, 0x20, 0x39, 0x20, 0x1F, 0x42, 0xA0, 0xE8, 0x2A, 0x42, 0x4A, 0xBF,
    0x27, 0x4A, 0xA0, 0xE8, 0x1A, 0x42, 0x52, 0xBF, 0x1E, 0x49, 0x60, 0xEA,
    0x73, 0x7B, 0xC8, 0xEC, 0x26, 0x51, 0x60, 0xEA, 0x32, 0x40, 0x48, 0xBD,
    0x22, 0x40, 0x50, 0xBD, 0x12, 0x41, 0x49, 0xBD, 0x3A, 0x41, 0x51, 0xBD,
    0xBF, 0x2F, 0x26, 0xBD, 0x00, 0xE0, 0x7B, 0x72, 0x32, 0x20, 0x22, 0x20,
    0x12, 0x20, 0x3A, 0x20, 0x46, 0x31, 0x46, 0xBF, 0x4E, 0x31, 0x4E, 0xBF,
    0xB3, 0xE2, 0x2D, 0x9F, 0x00, 0x80, 0x00, 0xE8, 0x56, 0x31, 0x56, 0xBF,
    0x47, 0x39, 0x47, 0xBF, 0x4F, 0x39, 0x4F, 0xBF, 0x57, 0x39, 0x57, 0xBF,
    0x60, 0x80, 0x07, 0xEA, 0x24, 0x41, 0x20, 0xE9, 0x42, 0x73, 0xF8, 0xEC,
    0x00, 0xE0, 0x2D, 0x73, 0x33, 0x72, 0x0C, 0xE3, 0xA5, 0x2F, 0x1E, 0xBD,
    0x43, 0x43, 0x2D, 0xDF, 0x4B, 0x4B, 0x2D, 0xDF, 0xAE, 0x1E, 0x26, 0xBD,
    0x58, 0xE3, 0x33, 0x66, 0x53, 0x53, 0x2D, 0xDF, 0x00, 0x80, 0x00, 0xE8,
    0xB8, 0x38, 0x33, 0xBF, 0x00, 0xE0, 0x59, 0xE3, 0x1E, 0x12, 0x41, 0xE9,
    0x1A, 0x22, 0x41, 0xE9, 0x2B, 0x40, 0x3D, 0xE9, 0x3F, 0x4B, 0xA0, 0xE8,
    0x2D, 0x73, 0x30, 0x76, 0x05, 0x80, 0x3D, 0xEA, 0x37, 0x43, 0xA0, 0xE8,
    0x3D, 0x53, 0xA0, 0xE8, 0x48, 0x70, 0xF8, 0xEC, 0x2B, 0x48, 0x3C, 0xE9,
    0x1F, 0x27, 0xBC, 0xE8, 0x00, 0x80, 0x00, 0xE8, 0x00, 0x80, 0x00, 0xE8,
    0x00, 0x80, 0x00, 0xE8, 0x15, 0xC0, 0x20, 0xE9, 0x15, 0xC0, 0x20, 0xE9,
    0x15, 0xC0, 0x20, 0xE9, 0x15, 0xC0, 0x20, 0xE9, 0x18, 0x3A, 0x41, 0xE9,
    0x1D, 0x32, 0x41, 0xE9, 0x2A, 0x40, 0x20, 0xE9, 0x56, 0x3D, 0x56, 0xDF,
    0x46, 0x37, 0x46, 0xDF, 0x4E, 0x3F, 0x4E, 0xDF, 0x16, 0x30, 0x20, 0xE9,
    0x4F, 0x3F, 0x4F, 0xDF, 0x47, 0x37, 0x47, 0xDF, 0x57, 0x3D, 0x57, 0xDF,
    0x32, 0x32, 0x2D, 0xDF, 0x22, 0x22, 0x2D, 0xDF, 0x12, 0x12, 0x2D, 0xDF,
    0x3A, 0x3A, 0x2D, 0xDF, 0x27, 0xCF, 0x74, 0xC2, 0x37, 0xCF, 0x74, 0xC4,
    0x0A, 0x44, 0x4C, 0xB0, 0x02, 0x44, 0x54, 0xB0, 0x3D, 0xCF, 0x74, 0xC0,
    0x34, 0x37, 0x20, 0xE9, 0x31, 0x53, 0x2F, 0x9F, 0x38, 0x27, 0x20, 0xE9,
    0x39, 0xE5, 0x2C, 0x9F, 0x3C, 0x3D, 0x20, 0xE9, 0x2A, 0x44, 0x4C, 0xB2,
    0x1A, 0x44, 0x54, 0xB2, 0x32, 0x80, 0x3A, 0xEA, 0x0A, 0x20, 0x02, 0x20,
    0x27, 0xCF, 0x75, 0xC0, 0x2A, 0x20, 0x1A, 0x20, 0x30, 0x50, 0x2E, 0x9F,
    0x32, 0x31, 0x5F, 0xE9, 0x38, 0x21, 0x2C, 0x9F, 0x33, 0x39, 0x5F, 0xE9,
    0x3D, 0xCF, 0x75, 0xC2, 0x37, 0xCF, 0x75, 0xC4, 0x31, 0x53, 0x2F, 0x9F,
    0xA6, 0x27, 0x20, 0xE9, 0x39, 0xE5, 0x2C, 0x9F, 0xA3, 0x3D, 0x20, 0xE9,
    0x2A, 0x44, 0x4C, 0xB4, 0x1A, 0x44, 0x54, 0xB4, 0x0A, 0x45, 0x4D, 0xB0,
    0x02, 0x45, 0x55, 0xB0, 0x88, 0x73, 0x5E, 0xE9, 0x2A, 0x20, 0x1A, 0x20,
    0xA0, 0x37, 0x20, 0xE9, 0x0A, 0x20, 0x02, 0x20, 0x31, 0x53, 0x2F, 0x9F,
    0x3E, 0x30, 0x4F, 0xE9, 0x39, 0xE5, 0x2C, 0x9F, 0x3F, 0x38, 0x4F, 0xE9,
    0x30, 0x50, 0x2E, 0x9F, 0x3A, 0x31, 0x4F, 0xE9, 0x38, 0x21, 0x2C, 0x9F,
    0x3B, 0x39, 0x4F, 0xE9, 0x2A, 0x45, 0x4D, 0xB2, 0x1A, 0x45, 0x55, 0xB2,
    0x0A, 0x45, 0x4D, 0xB4, 0x02, 0x45, 0x55, 0xB4, 0x27, 0xCF, 0x74, 0xC6,
    0x2A, 0x20, 0x1A, 0x20, 0xA7, 0x30, 0x4F, 0xE9, 0x0A, 0x20, 0x02, 0x20,
    0x31, 0x53, 0x2F, 0x9F, 0x9C, 0x27, 0x20, 0xE9, 0x39, 0xE5, 0x2C, 0x9F,
    0xA8, 0x38, 0x4F, 0xE9, 0x2A, 0x44, 0x4C, 0xB6, 0x1A, 0x44, 0x54, 0xB6,
    0x30, 0x50, 0x2E, 0x9F, 0x36, 0x31, 0x4F, 0xE9, 0x38, 0x21, 0x2C, 0x9F,
    0x37, 0x39, 0x4F, 0xE9, 0x0A, 0x45, 0x4D, 0xB6, 0x02, 0x45, 0x55, 0xB6,
    0x3D, 0xCF, 0x75, 0xC6, 0x2A, 0x20, 0x1A, 0x20, 0x2A, 0x46, 0x4E, 0xBF,
    0x1A, 0x46, 0x56, 0xBF, 0x31, 0x53, 0x2F, 0x9F, 0xA4, 0x31, 0x4F, 0xE9,
    0x39, 0xE5, 0x2C, 0x9F, 0xA5, 0x39, 0x4F, 0xE9, 0x31, 0x3D, 0x20, 0xE9,
    0x0A, 0x20, 0x02, 0x20, 0x0A, 0x47, 0x4F, 0xBF, 0x02, 0x47, 0x57, 0xBF,
    0x30, 0x50, 0x2E, 0x9F, 0xA1, 0x30, 0x4F, 0xE9, 0x38, 0x21, 0x2C, 0x9F,
    0xA2, 0x38, 0x4F, 0xE9, 0x31, 0x53, 0x2F, 0x9F, 0x9D, 0x31, 0x4F, 0xE9,
    0x39, 0xE5, 0x2C, 0x9F, 0x9E, 0x39, 0x4F, 0xE9, 0x2A, 0x43, 0x4B, 0xBF,
    0x1A, 0x43, 0x53, 0xBF, 0x30, 0x50, 0x2E, 0x9F, 0x35, 0x30, 0x4F, 0xE9,
    0x38, 0x21, 0x2C, 0x9F, 0x39, 0x38, 0x4F, 0xE9, 0x31, 0x53, 0x2F, 0x9F,
    0x80, 0x31, 0x57, 0xE9, 0x39, 0xE5, 0x2C, 0x9F, 0x81, 0x39, 0x57, 0xE9,
    0x37, 0x48, 0x50, 0xBD, 0x8A, 0x36, 0x20, 0xE9, 0x86, 0x76, 0x57, 0xE9,
    0x8B, 0x3E, 0x20, 0xE9, 0x82, 0x30, 0x57, 0xE9, 0x87, 0x77, 0x57, 0xE9,
    0x83, 0x38, 0x57, 0xE9, 0x35, 0x49, 0x51, 0xBD, 0x84, 0x31, 0x5E, 0xE9,
    0x30, 0x1F, 0x5F, 0xE9, 0x85, 0x39, 0x5E, 0xE9, 0x57, 0x25, 0x20, 0xE9,
    0x2B, 0x48, 0x20, 0xE9, 0x1D, 0x37, 0xE1, 0xEA, 0x1E, 0x35, 0xE1, 0xEA,
    0x00, 0xE0, 0x26, 0x77, 0x24, 0x49, 0x20, 0xE9, 0x99, 0xFF, 0x20, 0xEA,
    0x16, 0x26, 0x20, 0xE9, 0x57, 0x2E, 0xBF, 0xEA, 0x1C, 0x46, 0xA0, 0xE8,
    0x23, 0x4E, 0xA0, 0xE8, 0x2B, 0x56, 0xA0, 0xE8, 0x1D, 0x47, 0xA0, 0xE8,
    0x24, 0x4F, 0xA0, 0xE8, 0x2C, 0x57, 0xA0, 0xE8, 0x1C, 0x00, 0x23, 0x00,
    0x2B, 0x00, 0x00, 0xE0, 0x1D, 0x00, 0x24, 0x00, 0x2C, 0x00, 0x00, 0xE0,
    0x1C, 0x65, 0x23, 0x65, 0x2B, 0x65, 0x00, 0xE0, 0x1D, 0x65, 0x24, 0x65,
    0x2C, 0x65, 0x00, 0xE0, 0x1C, 0x23, 0x60, 0xEC, 0x36, 0xD7, 0x36, 0xAD,
    0x2B, 0x80, 0x60, 0xEC, 0x1D, 0x24, 0x60, 0xEC, 0x3E, 0xD7, 0x3E, 0xAD,
    0x2C, 0x80, 0x60, 0xEC, 0x1C, 0x2B, 0xDE, 0xE8, 0x23, 0x80, 0xDE, 0xE8,
    0x36, 0x80, 0x36, 0xBD, 0x3E, 0x80, 0x3E, 0xBD, 0x33, 0xD7, 0x1C, 0xBD,
    0x3B, 0xD7, 0x23, 0xBD, 0x46, 0x80, 0x46, 0xCF, 0x4F, 0x80, 0x4F, 0xCF,
    0x56, 0x33, 0x56, 0xCF, 0x47, 0x3B, 0x47, 0xCF, 0xC1, 0xFF, 0x20, 0xEA,
    0x00, 0x80, 0x00, 0xE8, 0x4E, 0x33, 0x4E, 0xCF, 0x57, 0x3B, 0x57, 0xCF,
    0x87, 0xFF, 0x20, 0xEA, 0x57, 0xC0, 0xBF, 0xEA, 0x00, 0x80, 0xA0, 0xE9,
    0x00, 0x00, 0xD8, 0xEC,
};

static const unsigned char osmgaWarpG400_t2gz[1080] = {
    0x00, 0x8A, 0x98, 0xE9, 0x00, 0x80, 0x00, 0xE8, 0x00, 0x80, 0xA0, 0xE9,
    0x00, 0x00, 0xD8, 0xEC, 0xFF, 0x80, 0xC0, 0xE9, 0x00, 0x80, 0x00, 0xE8,
    0x0A, 0x40, 0x50, 0xBF, 0x2A, 0x40, 0x60, 0xBF, 0x32, 0x41, 0x51, 0xBF,
    0x3A, 0x41, 0x61, 0xBF, 0xC3, 0x6B, 0xD3, 0x6B, 0x00, 0x8A, 0x98, 0xE9,
    0x73, 0x7B, 0xC8, 0xEC, 0x96, 0xE2, 0x41, 0x04, 0x7B, 0x43, 0xA0, 0xE8,
    0x73, 0x53, 0xA0, 0xE8, 0xAD, 0xEE, 0x23, 0x9F, 0x00, 0xE0, 0x51, 0x04,
    0x90, 0xE2, 0x61, 0x04, 0x31, 0x46, 0xB1, 0xE8, 0x51, 0x41, 0xE0, 0xEC,
    0x39, 0x67, 0xB1, 0xE8, 0x00, 0x04, 0x46, 0xE2, 0x73, 0x63, 0xA0, 0xE8,
    0x61, 0x41, 0xE0, 0xEC, 0x31, 0x00, 0x39, 0x00, 0x78, 0x80, 0x15, 0xEA,
    0x10, 0x04, 0x20, 0x04, 0x61, 0x51, 0xE0, 0xEC, 0x2F, 0x41, 0x60, 0xEA,
    0x31, 0x20, 0x39, 0x20, 0x1F, 0x42, 0xA0, 0xE8, 0x2A, 0x42, 0x52, 0xBF,
    0x0F, 0x52, 0xA0, 0xE8, 0x1A, 0x42, 0x62, 0xBF, 0x1E, 0x51, 0x60, 0xEA,
    0x73, 0x7B, 0xC8, 0xEC, 0x0E, 0x61, 0x60, 0xEA, 0x32, 0x40, 0x50, 0xBD,
    0x22, 0x40, 0x60, 0xBD, 0x12, 0x41, 0x51, 0xBD, 0x3A, 0x41, 0x61, 0xBD,
    0xBF, 0x2F, 0x0E, 0xBD, 0x97, 0xE2, 0x7B, 0x72, 0x32, 0x20, 0x22, 0x20,
    0x12, 0x20, 0x3A, 0x20, 0x35, 0x48, 0xB1, 0xE8, 0x3D, 0x59, 0xB1, 0xE8,
    0x46, 0x31, 0x46, 0xBF, 0x56, 0x31, 0x56, 0xBF, 0xB3, 0xE2, 0x2D, 0x9F,
    0x00, 0x80, 0x00, 0xE8, 0x66, 0x31, 0x66, 0xBF, 0x47, 0x39, 0x47, 0xBF,
    0x57, 0x39, 0x57, 0xBF, 0x67, 0x39, 0x67, 0xBF, 0x69, 0x80, 0x07, 0xEA,
    0x24, 0x41, 0x20, 0xE9, 0x35, 0x00, 0x3D, 0x00, 0x00, 0xE0, 0x2D, 0x73,
    0x33, 0x72, 0x0C, 0xE3, 0x8D, 0x2F, 0x1E, 0xBD, 0x43, 0x75, 0xF8, 0xEC,
    0x35, 0x20, 0x3D, 0x20, 0x43, 0x43, 0x2D, 0xDF, 0x53, 0x53, 0x2D, 0xDF,
    0xAE, 0x1E, 0x0E, 0xBD, 0x58, 0xE3, 0x33, 0x66, 0x48, 0x35, 0x48, 0xBF,
    0x58, 0x35, 0x58, 0xBF, 0x68, 0x35, 0x68, 0xBF, 0x49, 0x3D, 0x49, 0xBF,
    0x59, 0x3D, 0x59, 0xBF, 0x69, 0x3D, 0x69, 0xBF, 0x63, 0x63, 0x2D, 0xDF,
    0x4D, 0x7D, 0xF8, 0xEC, 0x59, 0xE3, 0x00, 0xE0, 0xB8, 0x38, 0x33, 0xBF,
    0x2D, 0x73, 0x30, 0x76, 0x18, 0x3A, 0x41, 0xE9, 0x3F, 0x53, 0xA0, 0xE8,
    0x05, 0x80, 0x3D, 0xEA, 0x37, 0x43, 0xA0, 0xE8, 0x3D, 0x63, 0xA0, 0xE8,
    0x50, 0x70, 0xF8, 0xEC, 0x2B, 0x50, 0x3C, 0xE9, 0x1F, 0x0F, 0xBC, 0xE8,
    0x00, 0x80, 0x00, 0xE8, 0x59, 0x78, 0xF8, 0xEC, 0x00, 0x80, 0x00, 0xE8,
    0x15, 0xC0, 0x20, 0xE9, 0x15, 0xC0, 0x20, 0xE9, 0x15, 0xC0, 0x20, 0xE9,
    0x15, 0xC0, 0x20, 0xE9, 0x1E, 0x12, 0x41, 0xE9, 0x1A, 0x22, 0x41, 0xE9,
    0x46, 0x37, 0x46, 0xDF, 0x56, 0x3F, 0x56, 0xDF, 0x2B, 0x40, 0x3D, 0xE9,
    0x66, 0x3D, 0x66, 0xDF, 0x1D, 0x32, 0x41, 0xE9, 0x67, 0x3D, 0x67, 0xDF,
    0x47, 0x37, 0x47, 0xDF, 0x57, 0x3F, 0x57, 0xDF, 0x2A, 0x40, 0x20, 0xE9,
    0x59, 0x3F, 0x59, 0xDF, 0x16, 0x30, 0x20, 0xE9, 0x69, 0x3D, 0x69, 0xDF,
    0x48, 0x37, 0x48, 0xDF, 0x58, 0x3F, 0x58, 0xDF, 0x12, 0x12, 0x2D, 0xDF,
    0x22, 0x22, 0x2D, 0xDF, 0x32, 0x32, 0x2D, 0xDF, 0x3A, 0x3A, 0x2D, 0xDF,
    0x68, 0x3D, 0x68, 0xDF, 0x49, 0x37, 0x49, 0xDF, 0x3D, 0xCF, 0x74, 0xC0,
    0x37, 0xCF, 0x74, 0xC4, 0x31, 0x53, 0x2F, 0x9F, 0x34, 0x80, 0x20, 0xE9,
    0x39, 0xE5, 0x2C, 0x9F, 0x3C, 0x3D, 0x20, 0xE9, 0x0A, 0x44, 0x54, 0xB0,
    0x02, 0x44, 0x64, 0xB0, 0x2A, 0x44, 0x54, 0xB2, 0x1A, 0x44, 0x64, 0xB2,
    0x25, 0x80, 0x3A, 0xEA, 0x0A, 0x20, 0x02, 0x20, 0x3D, 0xCF, 0x74, 0xC2,
    0x2A, 0x20, 0x1A, 0x20, 0x30, 0x50, 0x2E, 0x9F, 0x32, 0x31, 0x5F, 0xE9,
    0x38, 0x21, 0x2C, 0x9F, 0x33, 0x39, 0x5F, 0xE9, 0x31, 0x53, 0x2F, 0x9F,
    0x00, 0x80, 0x00, 0xE8, 0x2A, 0x44, 0x54, 0xB4, 0x1A, 0x44, 0x64, 0xB4,
    0x39, 0xE5, 0x2C, 0x9F, 0x38, 0x3D, 0x20, 0xE9, 0x88, 0x73, 0x5E, 0xE9,
    0x2A, 0x20, 0x1A, 0x20, 0x2A, 0x46, 0x56, 0xBF, 0x1A, 0x46, 0x66, 0xBF,
    0x31, 0x53, 0x2F, 0x9F, 0x3E, 0x30, 0x4F, 0xE9, 0x39, 0xE5, 0x2C, 0x9F,
    0x3F, 0x38, 0x4F, 0xE9, 0x0A, 0x47, 0x57, 0xBF, 0x02, 0x47, 0x67, 0xBF,
    0x31, 0x53, 0x2F, 0x9F, 0x3A, 0x31, 0x4F, 0xE9, 0x39, 0xE5, 0x2C, 0x9F,
    0x3B, 0x39, 0x4F, 0xE9, 0x2A, 0x43, 0x53, 0xBF, 0x1A, 0x43, 0x63, 0xBF,
    0x30, 0x50, 0x2E, 0x9F, 0x36, 0x31, 0x4F, 0xE9, 0x38, 0x21, 0x2C, 0x9F,
    0x37, 0x39, 0x4F, 0xE9, 0x0A, 0x48, 0x58, 0xBF, 0x02, 0x48, 0x68, 0xBF,
    0x31, 0x53, 0x2F, 0x9F, 0x80, 0x31, 0x57, 0xE9, 0x39, 0xE5, 0x2C, 0x9F,
    0x81, 0x39, 0x57, 0xE9, 0x2A, 0x49, 0x59, 0xBF, 0x1A, 0x49, 0x69, 0xBF,
    0x30, 0x50, 0x2E, 0x9F, 0x82, 0x30, 0x57, 0xE9, 0x38, 0x21, 0x2C, 0x9F,
    0x83, 0x38, 0x57, 0xE9, 0x31, 0x53, 0x2F, 0x9F, 0x84, 0x31, 0x5E, 0xE9,
    0x39, 0xE5, 0x2C, 0x9F, 0x85, 0x39, 0x5E, 0xE9, 0x86, 0x76, 0x57, 0xE9,
    0x8A, 0x36, 0x20, 0xE9, 0x87, 0x77, 0x57, 0xE9, 0x8B, 0x3E, 0xBF, 0xEA,
    0x80, 0x30, 0x57, 0xE9, 0x81, 0x38, 0x57, 0xE9, 0x82, 0x31, 0x57, 0xE9,
    0x86, 0x78, 0x57, 0xE9, 0x83, 0x39, 0x57, 0xE9, 0x87, 0x79, 0x57, 0xE9,
    0x30, 0x1F, 0x5F, 0xE9, 0x8A, 0x34, 0x20, 0xE9, 0x8B, 0x3C, 0x20, 0xE9,
    0x37, 0x50, 0x60, 0xBD, 0x57, 0x0D, 0x20, 0xE9, 0x35, 0x51, 0x61, 0xBD,
    0x2B, 0x50, 0x20, 0xE9, 0x1D, 0x37, 0xE1, 0xEA, 0x1E, 0x35, 0xE1, 0xEA,
    0x00, 0xE0, 0x0E, 0x77, 0x24, 0x51, 0x20, 0xE9, 0x9F, 0xFF, 0x20, 0xEA,
    0x16, 0x0E, 0x20, 0xE9, 0x57, 0x2E, 0xBF, 0xEA, 0x0B, 0x46, 0xA0, 0xE8,
    0x1B, 0x56, 0xA0, 0xE8, 0x2B, 0x66, 0xA0, 0xE8, 0x0C, 0x47, 0xA0, 0xE8,
    0x1C, 0x57, 0xA0, 0xE8, 0x2C, 0x67, 0xA0, 0xE8, 0x0B, 0x00, 0x1B, 0x00,
    0x2B, 0x00, 0x00, 0xE0, 0x0C, 0x00, 0x1C, 0x00, 0x2C, 0x00, 0x00, 0xE0,
    0x0B, 0x65, 0x1B, 0x65, 0x2B, 0x65, 0x00, 0xE0, 0x0C, 0x65, 0x1C, 0x65,
    0x2C, 0x65, 0x00, 0xE0, 0x0B, 0x1B, 0x60, 0xEC, 0x36, 0xD7, 0x36, 0xAD,
    0x2B, 0x80, 0x60, 0xEC, 0x0C, 0x1C, 0x60, 0xEC, 0x3E, 0xD7, 0x3E, 0xAD,
    0x2C, 0x80, 0x60, 0xEC, 0x0B, 0x2B, 0xDE, 0xE8, 0x1B, 0x80, 0xDE, 0xE8,
    0x36, 0x80, 0x36, 0xBD, 0x3E, 0x80, 0x3E, 0xBD, 0x33, 0xD7, 0x0B, 0xBD,
    0x3B, 0xD7, 0x1B, 0xBD, 0x46, 0x80, 0x46, 0xCF, 0x57, 0x80, 0x57, 0xCF,
    0x66, 0x33, 0x66, 0xCF, 0x47, 0x3B, 0x47, 0xCF, 0x56, 0x33, 0x56, 0xCF,
    0x67, 0x3B, 0x67, 0xCF, 0x0B, 0x48, 0xA0, 0xE8, 0x1B, 0x58, 0xA0, 0xE8,
    0x2B, 0x68, 0xA0, 0xE8, 0x0C, 0x49, 0xA0, 0xE8, 0x1C, 0x59, 0xA0, 0xE8,
    0x2C, 0x69, 0xA0, 0xE8, 0x0B, 0x00, 0x1B, 0x00, 0x2B, 0x00, 0x00, 0xE0,
    0x0C, 0x00, 0x1C, 0x00, 0x2C, 0x00, 0x00, 0xE0, 0x0B, 0x65, 0x1B, 0x65,
    0x2B, 0x65, 0x00, 0xE0, 0x0C, 0x65, 0x1C, 0x65, 0x2C, 0x65, 0x00, 0xE0,
    0x0B, 0x1B, 0x60, 0xEC, 0x34, 0xD7, 0x34, 0xAD, 0x2B, 0x80, 0x60, 0xEC,
    0x0C, 0x1C, 0x60, 0xEC, 0x3C, 0xD7, 0x3C, 0xAD, 0x2C, 0x80, 0x60, 0xEC,
    0x0B, 0x2B, 0xDE, 0xE8, 0x1B, 0x80, 0xDE, 0xE8, 0x34, 0x80, 0x34, 0xBD,
    0x3C, 0x80, 0x3C, 0xBD, 0x33, 0xD7, 0x0B, 0xBD, 0x3B, 0xD7, 0x1B, 0xBD,
    0x48, 0x80, 0x48, 0xCF, 0x59, 0x80, 0x59, 0xCF, 0x68, 0x33, 0x68, 0xCF,
    0x49, 0x3B, 0x49, 0xCF, 0xBE, 0xFF, 0x20, 0xEA, 0x00, 0x80, 0x00, 0xE8,
    0x58, 0x33, 0x58, 0xCF, 0x69, 0x3B, 0x69, 0xCF, 0x7D, 0xFF, 0x20, 0xEA,
    0x57, 0xC0, 0xBF, 0xEA, 0x00, 0x80, 0xA0, 0xE9, 0x00, 0x00, 0xD8, 0xEC,
};

static const unsigned char osmgaWarpG400_t2gzf[1120] = {
    0x00, 0x8A, 0x98, 0xE9, 0x00, 0x80, 0x00, 0xE8, 0x00, 0x80, 0xA0, 0xE9,
    0x00, 0x00, 0xD8, 0xEC, 0xFF, 0x80, 0xC0, 0xE9, 0x00, 0x80, 0x00, 0xE8,
    0x0A, 0x40, 0x50, 0xBF, 0x2A, 0x40, 0x60, 0xBF, 0x32, 0x41, 0x51, 0xBF,
    0x3A, 0x41, 0x61, 0xBF, 0xC3, 0x6B, 0xD3, 0x6B, 0x00, 0x8A, 0x98, 0xE9,
    0x73, 0x7B, 0xC8, 0xEC, 0x96, 0xE2, 0x41, 0x04, 0x7B, 0x43, 0xA0, 0xE8,
    0x73, 0x53, 0xA0, 0xE8, 0xAD, 0xEE, 0x23, 0x9F, 0x00, 0xE0, 0x51, 0x04,
    0x90, 0xE2, 0x61, 0x04, 0x31, 0x46, 0xB1, 0xE8, 0x51, 0x41, 0xE0, 0xEC,
    0x39, 0x67, 0xB1, 0xE8, 0x00, 0x04, 0x46, 0xE2, 0x73, 0x63, 0xA0, 0xE8,
    0x61, 0x41, 0xE0, 0xEC, 0x31, 0x00, 0x39, 0x00, 0x7D, 0x80, 0x15, 0xEA,
    0x10, 0x04, 0x20, 0x04, 0x61, 0x51, 0xE0, 0xEC, 0x2F, 0x41, 0x60, 0xEA,
    0x31, 0x20, 0x39, 0x20, 0x1F, 0x42, 0xA0, 0xE8, 0x2A, 0x42, 0x52, 0xBF,
    0x0F, 0x52, 0xA0, 0xE8, 0x1A, 0x42, 0x62, 0xBF, 0x1E, 0x51, 0x60, 0xEA,
    0x73, 0x7B, 0xC8, 0xEC, 0x0E, 0x61, 0x60, 0xEA, 0x32, 0x40, 0x50, 0xBD,
    0x22, 0x40, 0x60, 0xBD, 0x12, 0x41, 0x51, 0xBD, 0x3A, 0x41, 0x61, 0xBD,
    0xBF, 0x2F, 0x0E, 0xBD, 0x97, 0xE2, 0x7B, 0x72, 0x32, 0x20, 0x22, 0x20,
    0x12, 0x20, 0x3A, 0x20, 0x35, 0x48, 0xB1, 0xE8, 0x3D, 0x59, 0xB1, 0xE8,
    0x46, 0x31, 0x46, 0xBF, 0x56, 0x31, 0x56, 0xBF, 0xB3, 0xE2, 0x2D, 0x9F,
    0x00, 0x80, 0x00, 0xE8, 0x66, 0x31, 0x66, 0xBF, 0x47, 0x39, 0x47, 0xBF,
    0x57, 0x39, 0x57, 0xBF, 0x67, 0x39, 0x67, 0xBF, 0x6E, 0x80, 0x07, 0xEA,
    0x24, 0x41, 0x20, 0xE9, 0x35, 0x00, 0x3D, 0x00, 0x00, 0xE0, 0x2D, 0x73,
    0x33, 0x72, 0x0C, 0xE3, 0x8D, 0x2F, 0x1E, 0xBD, 0x43, 0x75, 0xF8, 0xEC,
    0x35, 0x20, 0x3D, 0x20, 0x43, 0x43, 0x2D, 0xDF, 0x53, 0x53, 0x2D, 0xDF,
    0xAE, 0x1E, 0x0E, 0xBD, 0x58, 0xE3, 0x33, 0x66, 0x48, 0x35, 0x48, 0xBF,
    0x58, 0x35, 0x58, 0xBF, 0x68, 0x35, 0x68, 0xBF, 0x49, 0x3D, 0x49, 0xBF,
    0x59, 0x3D, 0x59, 0xBF, 0x69, 0x3D, 0x69, 0xBF, 0x63, 0x63, 0x2D, 0xDF,
    0x4D, 0x7D, 0xF8, 0xEC, 0x59, 0xE3, 0x00, 0xE0, 0xB8, 0x38, 0x33, 0xBF,
    0x2D, 0x73, 0x30, 0x76, 0x18, 0x3A, 0x41, 0xE9, 0x3F, 0x53, 0xA0, 0xE8,
    0x05, 0x80, 0x3D, 0xEA, 0x37, 0x43, 0xA0, 0xE8, 0x3D, 0x63, 0xA0, 0xE8,
    0x50, 0x70, 0xF8, 0xEC, 0x2B, 0x50, 0x3C, 0xE9, 0x1F, 0x0F, 0xBC, 0xE8,
    0x00, 0x80, 0x00, 0xE8, 0x59, 0x78, 0xF8, 0xEC, 0x00, 0x80, 0x00, 0xE8,
    0x15, 0xC0, 0x20, 0xE9, 0x15, 0xC0, 0x20, 0xE9, 0x15, 0xC0, 0x20, 0xE9,
    0x15, 0xC0, 0x20, 0xE9, 0x1E, 0x12, 0x41, 0xE9, 0x1A, 0x22, 0x41, 0xE9,
    0x46, 0x37, 0x46, 0xDF, 0x56, 0x3F, 0x56, 0xDF, 0x2B, 0x40, 0x3D, 0xE9,
    0x66, 0x3D, 0x66, 0xDF, 0x1D, 0x32, 0x41, 0xE9, 0x67, 0x3D, 0x67, 0xDF,
    0x47, 0x37, 0x47, 0xDF, 0x57, 0x3F, 0x57, 0xDF, 0x2A, 0x40, 0x20, 0xE9,
    0x59, 0x3F, 0x59, 0xDF, 0x16, 0x30, 0x20, 0xE9, 0x69, 0x3D, 0x69, 0xDF,
    0x48, 0x37, 0x48, 0xDF, 0x58, 0x3F, 0x58, 0xDF, 0x12, 0x12, 0x2D, 0xDF,
    0x22, 0x22, 0x2D, 0xDF, 0x32, 0x32, 0x2D, 0xDF, 0x3A, 0x3A, 0x2D, 0xDF,
    0x68, 0x3D, 0x68, 0xDF, 0x49, 0x37, 0x49, 0xDF, 0x3D, 0xCF, 0x74, 0xC0,
    0x37, 0xCF, 0x74, 0xC4, 0x39, 0xE5, 0x2C, 0x9F, 0x34, 0x80, 0x20, 0xE9,
    0x31, 0x53, 0x2F, 0x9F, 0x00, 0x80, 0x00, 0xE8, 0x88, 0x73, 0x5E, 0xE9,
    0x00, 0x80, 0x00, 0xE8, 0x0F, 0xCF, 0x75, 0xC6, 0x3C, 0x3D, 0x20, 0xE9,
    0x0A, 0x44, 0x54, 0xB0, 0x02, 0x44, 0x64, 0xB0, 0x2A, 0x44, 0x54, 0xB2,
    0x1A, 0x44, 0x64, 0xB2, 0x28, 0x80, 0x3A, 0xEA, 0x0A, 0x20, 0x02, 0x20,
    0x3D, 0xCF, 0x74, 0xC2, 0x2A, 0x20, 0x1A, 0x20, 0x30, 0x50, 0x2E, 0x9F,
    0x32, 0x31, 0x5F, 0xE9, 0x38, 0x21, 0x2C, 0x9F, 0x33, 0x39, 0x5F, 0xE9,
    0x31, 0x53, 0x2F, 0x9F, 0x31, 0x0F, 0x20, 0xE9, 0x0A, 0x44, 0x54, 0xB4,
    0x02, 0x44, 0x64, 0xB4, 0x2A, 0x45, 0x55, 0xB6, 0x1A, 0x45, 0x65, 0xB6,
    0x39, 0xE5, 0x2C, 0x9F, 0x38, 0x3D, 0x20, 0xE9, 0x0A, 0x20, 0x02, 0x20,
    0x2A, 0x20, 0x1A, 0x20, 0x0A, 0x47, 0x57, 0xBF, 0x02, 0x47, 0x67, 0xBF,
    0x30, 0x50, 0x2E, 0x9F, 0x3E, 0x30, 0x4F, 0xE9, 0x38, 0x21, 0x2C, 0x9F,
    0x3F, 0x38, 0x4F, 0xE9, 0x2A, 0x46, 0x56, 0xBF, 0x1A, 0x46, 0x66, 0xBF,
    0x31, 0x53, 0x2F, 0x9F, 0x3A, 0x31, 0x4F, 0xE9, 0x39, 0xE5, 0x2C, 0x9F,
    0x3B, 0x39, 0x4F, 0xE9, 0x31, 0x53, 0x2F, 0x9F, 0x36, 0x30, 0x4F, 0xE9,
    0x39, 0xE5, 0x2C, 0x9F, 0x37, 0x38, 0x4F, 0xE9, 0x2A, 0x43, 0x53, 0xBF,
    0x1A, 0x43, 0x63, 0xBF, 0x30, 0x50, 0x2E, 0x9F, 0x35, 0x31, 0x4F, 0xE9,
    0x38, 0x21, 0x2C, 0x9F, 0x39, 0x39, 0x4F, 0xE9, 0x0A, 0x48, 0x58, 0xBF,
    0x02, 0x48, 0x68, 0xBF, 0x31, 0x53, 0x2F, 0x9F, 0x80, 0x31, 0x57, 0xE9,
    0x39, 0xE5, 0x2C, 0x9F, 0x81, 0x39, 0x57, 0xE9, 0x2A, 0x49, 0x59, 0xBF,
    0x1A, 0x49, 0x69, 0xBF, 0x30, 0x50, 0x2E, 0x9F, 0x82, 0x30, 0x57, 0xE9,
    0x38, 0x21, 0x2C, 0x9F, 0x83, 0x38, 0x57, 0xE9, 0x31, 0x53, 0x2F, 0x9F,
    0x84, 0x31, 0x5E, 0xE9, 0x39, 0xE5, 0x2C, 0x9F, 0x85, 0x39, 0x5E, 0xE9,
    0x86, 0x76, 0x57, 0xE9, 0x8A, 0x36, 0x20, 0xE9, 0x87, 0x77, 0x57, 0xE9,
    0x8B, 0x3E, 0xBF, 0xEA, 0x80, 0x30, 0x57, 0xE9, 0x81, 0x38, 0x57, 0xE9,
    0x82, 0x31, 0x57, 0xE9, 0x86, 0x78, 0x57, 0xE9, 0x83, 0x39, 0x57, 0xE9,
    0x87, 0x79, 0x57, 0xE9, 0x30, 0x1F, 0x5F, 0xE9, 0x8A, 0x34, 0x20, 0xE9,
    0x8B, 0x3C, 0x20, 0xE9, 0x37, 0x50, 0x60, 0xBD, 0x57, 0x0D, 0x20, 0xE9,
    0x35, 0x51, 0x61, 0xBD, 0x2B, 0x50, 0x20, 0xE9, 0x1D, 0x37, 0xE1, 0xEA,
    0x1E, 0x35, 0xE1, 0xEA, 0x00, 0xE0, 0x0E, 0x77, 0x24, 0x51, 0x20, 0xE9,
    0x9A, 0xFF, 0x20, 0xEA, 0x16, 0x0E, 0x20, 0xE9, 0x57, 0x2E, 0xBF, 0xEA,
    0x0B, 0x46, 0xA0, 0xE8, 0x1B, 0x56, 0xA0, 0xE8, 0x2B, 0x66, 0xA0, 0xE8,
    0x0C, 0x47, 0xA0, 0xE8, 0x1C, 0x57, 0xA0, 0xE8, 0x2C, 0x67, 0xA0, 0xE8,
    0x0B, 0x00, 0x1B, 0x00, 0x2B, 0x00, 0x00, 0xE0, 0x0C, 0x00, 0x1C, 0x00,
    0x2C, 0x00, 0x00, 0xE0, 0x0B, 0x65, 0x1B, 0x65, 0x2B, 0x65, 0x00, 0xE0,
    0x0C, 0x65, 0x1C, 0x65, 0x2C, 0x65, 0x00, 0xE0, 0x0B, 0x1B, 0x60, 0xEC,
    0x36, 0xD7, 0x36, 0xAD, 0x2B, 0x80, 0x60, 0xEC, 0x0C, 0x1C, 0x60, 0xEC,
    0x3E, 0xD7, 0x3E, 0xAD, 0x2C, 0x80, 0x60, 0xEC, 0x0B, 0x2B, 0xDE, 0xE8,
    0x1B, 0x80, 0xDE, 0xE8, 0x36, 0x80, 0x36, 0xBD, 0x3E, 0x80, 0x3E, 0xBD,
    0x33, 0xD7, 0x0B, 0xBD, 0x3B, 0xD7, 0x1B, 0xBD, 0x46, 0x80, 0x46, 0xCF,
    0x57, 0x80, 0x57, 0xCF, 0x66, 0x33, 0x66, 0xCF, 0x47, 0x3B, 0x47, 0xCF,
    0x56, 0x33, 0x56, 0xCF, 0x67, 0x3B, 0x67, 0xCF, 0x0B, 0x48, 0xA0, 0xE8,
    0x1B, 0x58, 0xA0, 0xE8, 0x2B, 0x68, 0xA0, 0xE8, 0x0C, 0x49, 0xA0, 0xE8,
    0x1C, 0x59, 0xA0, 0xE8, 0x2C, 0x69, 0xA0, 0xE8, 0x0B, 0x00, 0x1B, 0x00,
    0x2B, 0x00, 0x00, 0xE0, 0x0C, 0x00, 0x1C, 0x00, 0x2C, 0x00, 0x00, 0xE0,
    0x0B, 0x65, 0x1B, 0x65, 0x2B, 0x65, 0x00, 0xE0, 0x0C, 0x65, 0x1C, 0x65,
    0x2C, 0x65, 0x00, 0xE0, 0x0B, 0x1B, 0x60, 0xEC, 0x34, 0xD7, 0x34, 0xAD,
    0x2B, 0x80, 0x60, 0xEC, 0x0C, 0x1C, 0x60, 0xEC, 0x3C, 0xD7, 0x3C, 0xAD,
    0x2C, 0x80, 0x60, 0xEC, 0x0B, 0x2B, 0xDE, 0xE8, 0x1B, 0x80, 0xDE, 0xE8,
    0x34, 0x80, 0x34, 0xBD, 0x3C, 0x80, 0x3C, 0xBD, 0x33, 0xD7, 0x0B, 0xBD,
    0x3B, 0xD7, 0x1B, 0xBD, 0x48, 0x80, 0x48, 0xCF, 0x59, 0x80, 0x59, 0xCF,
    0x68, 0x33, 0x68, 0xCF, 0x49, 0x3B, 0x49, 0xCF, 0xBB, 0xFF, 0x20, 0xEA,
    0x00, 0x80, 0x00, 0xE8, 0x58, 0x33, 0x58, 0xCF, 0x69, 0x3B, 0x69, 0xCF,
    0x78, 0xFF, 0x20, 0xEA, 0x57, 0xC0, 0xBF, 0xEA, 0x00, 0x80, 0xA0, 0xE9,
    0x00, 0x00, 0xD8, 0xEC,
};

static const unsigned char osmgaWarpG400_t2gza[1112] = {
    0x00, 0x8A, 0x98, 0xE9, 0x00, 0x80, 0x00, 0xE8, 0x00, 0x80, 0xA0, 0xE9,
    0x00, 0x00, 0xD8, 0xEC, 0xFF, 0x80, 0xC0, 0xE9, 0x00, 0x80, 0x00, 0xE8,
    0x0A, 0x40, 0x50, 0xBF, 0x2A, 0x40, 0x60, 0xBF, 0x32, 0x41, 0x51, 0xBF,
    0x3A, 0x41, 0x61, 0xBF, 0xC3, 0x6B, 0xD3, 0x6B, 0x00, 0x8A, 0x98, 0xE9,
    0x73, 0x7B, 0xC8, 0xEC, 0x96, 0xE2, 0x41, 0x04, 0x7B, 0x43, 0xA0, 0xE8,
    0x73, 0x53, 0xA0, 0xE8, 0xAD, 0xEE, 0x23, 0x9F, 0x00, 0xE0, 0x51, 0x04,
    0x90, 0xE2, 0x61, 0x04, 0x31, 0x46, 0xB1, 0xE8, 0x51, 0x41, 0xE0, 0xEC,
    0x39, 0x67, 0xB1, 0xE8, 0x00, 0x04, 0x46, 0xE2, 0x73, 0x63, 0xA0, 0xE8,
    0x61, 0x41, 0xE0, 0xEC, 0x31, 0x00, 0x39, 0x00, 0x7C, 0x80, 0x15, 0xEA,
    0x10, 0x04, 0x20, 0x04, 0x61, 0x51, 0xE0, 0xEC, 0x2F, 0x41, 0x60, 0xEA,
    0x31, 0x20, 0x39, 0x20, 0x1F, 0x42, 0xA0, 0xE8, 0x2A, 0x42, 0x52, 0xBF,
    0x0F, 0x52, 0xA0, 0xE8, 0x1A, 0x42, 0x62, 0xBF, 0x1E, 0x51, 0x60, 0xEA,
    0x73, 0x7B, 0xC8, 0xEC, 0x0E, 0x61, 0x60, 0xEA, 0x32, 0x40, 0x50, 0xBD,
    0x22, 0x40, 0x60, 0xBD, 0x12, 0x41, 0x51, 0xBD, 0x3A, 0x41, 0x61, 0xBD,
    0xBF, 0x2F, 0x0E, 0xBD, 0x97, 0xE2, 0x7B, 0x72, 0x32, 0x20, 0x22, 0x20,
    0x12, 0x20, 0x3A, 0x20, 0x35, 0x48, 0xB1, 0xE8, 0x3D, 0x59, 0xB1, 0xE8,
    0x46, 0x31, 0x46, 0xBF, 0x56, 0x31, 0x56, 0xBF, 0xB3, 0xE2, 0x2D, 0x9F,
    0x00, 0x80, 0x00, 0xE8, 0x66, 0x31, 0x66, 0xBF, 0x47, 0x39, 0x47, 0xBF,
    0x57, 0x39, 0x57, 0xBF, 0x67, 0x39, 0x67, 0xBF, 0x6D, 0x80, 0x07, 0xEA,
    0x24, 0x41, 0x20, 0xE9, 0x35, 0x00, 0x3D, 0x00, 0x00, 0xE0, 0x2D, 0x73,
    0x33, 0x72, 0x0C, 0xE3, 0x8D, 0x2F, 0x1E, 0xBD, 0x43, 0x75, 0xF8, 0xEC,
    0x35, 0x20, 0x3D, 0x20, 0x43, 0x43, 0x2D, 0xDF, 0x53, 0x53, 0x2D, 0xDF,
    0xAE, 0x1E, 0x0E, 0xBD, 0x58, 0xE3, 0x33, 0x66, 0x48, 0x35, 0x48, 0xBF,
    0x58, 0x35, 0x58, 0xBF, 0x68, 0x35, 0x68, 0xBF, 0x49, 0x3D, 0x49, 0xBF,
    0x59, 0x3D, 0x59, 0xBF, 0x69, 0x3D, 0x69, 0xBF, 0x63, 0x63, 0x2D, 0xDF,
    0x4D, 0x7D, 0xF8, 0xEC, 0x59, 0xE3, 0x00, 0xE0, 0xB8, 0x38, 0x33, 0xBF,
    0x2D, 0x73, 0x30, 0x76, 0x18, 0x3A, 0x41, 0xE9, 0x3F, 0x53, 0xA0, 0xE8,
    0x05, 0x80, 0x3D, 0xEA, 0x37, 0x43, 0xA0, 0xE8, 0x3D, 0x63, 0xA0, 0xE8,
    0x50, 0x70, 0xF8, 0xEC, 0x2B, 0x50, 0x3C, 0xE9, 0x1F, 0x0F, 0xBC, 0xE8,
    0x00, 0x80, 0x00, 0xE8, 0x59, 0x78, 0xF8, 0xEC, 0x00, 0x80, 0x00, 0xE8,
    0x15, 0xC0, 0x20, 0xE9, 0x15, 0xC0, 0x20, 0xE9, 0x15, 0xC0, 0x20, 0xE9,
    0x15, 0xC0, 0x20, 0xE9, 0x1E, 0x12, 0x41, 0xE9, 0x1A, 0x22, 0x41, 0xE9,
    0x46, 0x37, 0x46, 0xDF, 0x56, 0x3F, 0x56, 0xDF, 0x2B, 0x40, 0x3D, 0xE9,
    0x66, 0x3D, 0x66, 0xDF, 0x1D, 0x32, 0x41, 0xE9, 0x67, 0x3D, 0x67, 0xDF,
    0x47, 0x37, 0x47, 0xDF, 0x57, 0x3F, 0x57, 0xDF, 0x2A, 0x40, 0x20, 0xE9,
    0x59, 0x3F, 0x59, 0xDF, 0x16, 0x30, 0x20, 0xE9, 0x69, 0x3D, 0x69, 0xDF,
    0x48, 0x37, 0x48, 0xDF, 0x58, 0x3F, 0x58, 0xDF, 0x12, 0x12, 0x2D, 0xDF,
    0x22, 0x22, 0x2D, 0xDF, 0x32, 0x32, 0x2D, 0xDF, 0x3A, 0x3A, 0x2D, 0xDF,
    0x68, 0x3D, 0x68, 0xDF, 0x49, 0x37, 0x49, 0xDF, 0x3D, 0xCF, 0x74, 0xC0,
    0x37, 0xCF, 0x74, 0xC4, 0x31, 0x53, 0x2F, 0x9F, 0x34, 0x80, 0x20, 0xE9,
    0x39, 0xE5, 0x2C, 0x9F, 0x3C, 0x3D, 0x20, 0xE9, 0x0A, 0x44, 0x54, 0xB0,
    0x02, 0x44, 0x64, 0xB0, 0x2A, 0x44, 0x54, 0xB2, 0x1A, 0x44, 0x64, 0xB2,
    0x29, 0x80, 0x3A, 0xEA, 0x0A, 0x20, 0x02, 0x20, 0x0F, 0xCF, 0x74, 0xC6,
    0x3D, 0xCF, 0x74, 0xC2, 0x88, 0x73, 0x5E, 0xE9, 0x2A, 0x20, 0x1A, 0x20,
    0x30, 0x50, 0x2E, 0x9F, 0x32, 0x31, 0x5F, 0xE9, 0x38, 0x21, 0x2C, 0x9F,
    0x33, 0x39, 0x5F, 0xE9, 0x31, 0x53, 0x2F, 0x9F, 0x9C, 0x0F, 0x20, 0xE9,
    0x0A, 0x44, 0x54, 0xB4, 0x02, 0x44, 0x64, 0xB4, 0x2A, 0x44, 0x54, 0xB6,
    0x1A, 0x44, 0x64, 0xB6, 0x39, 0xE5, 0x2C, 0x9F, 0x38, 0x3D, 0x20, 0xE9,
    0x0A, 0x20, 0x02, 0x20, 0x2A, 0x20, 0x1A, 0x20, 0x0A, 0x47, 0x57, 0xBF,
    0x02, 0x47, 0x67, 0xBF, 0x30, 0x50, 0x2E, 0x9F, 0x3E, 0x30, 0x4F, 0xE9,
    0x38, 0x21, 0x2C, 0x9F, 0x3F, 0x38, 0x4F, 0xE9, 0x2A, 0x46, 0x56, 0xBF,
    0x1A, 0x46, 0x66, 0xBF, 0x31, 0x53, 0x2F, 0x9F, 0x3A, 0x31, 0x4F, 0xE9,
    0x39, 0xE5, 0x2C, 0x9F, 0x3B, 0x39, 0x4F, 0xE9, 0x31, 0x53, 0x2F, 0x9F,
    0x36, 0x30, 0x4F, 0xE9, 0x39, 0xE5, 0x2C, 0x9F, 0x37, 0x38, 0x4F, 0xE9,
    0x2A, 0x43, 0x53, 0xBF, 0x1A, 0x43, 0x63, 0xBF, 0x30, 0x50, 0x2E, 0x9F,
    0x9D, 0x31, 0x4F, 0xE9, 0x38, 0x21, 0x2C, 0x9F, 0x9E, 0x39, 0x4F, 0xE9,
    0x0A, 0x48, 0x58, 0xBF, 0x02, 0x48, 0x68, 0xBF, 0x31, 0x53, 0x2F, 0x9F,
    0x80, 0x31, 0x57, 0xE9, 0x39, 0xE5, 0x2C, 0x9F, 0x81, 0x39, 0x57, 0xE9,
    0x2A, 0x49, 0x59, 0xBF, 0x1A, 0x49, 0x69, 0xBF, 0x30, 0x50, 0x2E, 0x9F,
    0x82, 0x30, 0x57, 0xE9, 0x38, 0x21, 0x2C, 0x9F, 0x83, 0x38, 0x57, 0xE9,
    0x31, 0x53, 0x2F, 0x9F, 0x84, 0x31, 0x5E, 0xE9, 0x39, 0xE5, 0x2C, 0x9F,
    0x85, 0x39, 0x5E, 0xE9, 0x86, 0x76, 0x57, 0xE9, 0x8A, 0x36, 0x20, 0xE9,
    0x87, 0x77, 0x57, 0xE9, 0x8B, 0x3E, 0xBF, 0xEA, 0x80, 0x30, 0x57, 0xE9,
    0x81, 0x38, 0x57, 0xE9, 0x82, 0x31, 0x57, 0xE9, 0x86, 0x78, 0x57, 0xE9,
    0x83, 0x39, 0x57, 0xE9, 0x87, 0x79, 0x57, 0xE9, 0x30, 0x1F, 0x5F, 0xE9,
    0x8A, 0x34, 0x20, 0xE9, 0x8B, 0x3C, 0x20, 0xE9, 0x37, 0x50, 0x60, 0xBD,
    0x57, 0x0D, 0x20, 0xE9, 0x35, 0x51, 0x61, 0xBD, 0x2B, 0x50, 0x20, 0xE9,
    0x1D, 0x37, 0xE1, 0xEA, 0x1E, 0x35, 0xE1, 0xEA, 0x00, 0xE0, 0x0E, 0x77,
    0x24, 0x51, 0x20, 0xE9, 0x9B, 0xFF, 0x20, 0xEA, 0x16, 0x0E, 0x20, 0xE9,
    0x57, 0x2E, 0xBF, 0xEA, 0x0B, 0x46, 0xA0, 0xE8, 0x1B, 0x56, 0xA0, 0xE8,
    0x2B, 0x66, 0xA0, 0xE8, 0x0C, 0x47, 0xA0, 0xE8, 0x1C, 0x57, 0xA0, 0xE8,
    0x2C, 0x67, 0xA0, 0xE8, 0x0B, 0x00, 0x1B, 0x00, 0x2B, 0x00, 0x00, 0xE0,
    0x0C, 0x00, 0x1C, 0x00, 0x2C, 0x00, 0x00, 0xE0, 0x0B, 0x65, 0x1B, 0x65,
    0x2B, 0x65, 0x00, 0xE0, 0x0C, 0x65, 0x1C, 0x65, 0x2C, 0x65, 0x00, 0xE0,
    0x0B, 0x1B, 0x60, 0xEC, 0x36, 0xD7, 0x36, 0xAD, 0x2B, 0x80, 0x60, 0xEC,
    0x0C, 0x1C, 0x60, 0xEC, 0x3E, 0xD7, 0x3E, 0xAD, 0x2C, 0x80, 0x60, 0xEC,
    0x0B, 0x2B, 0xDE, 0xE8, 0x1B, 0x80, 0xDE, 0xE8, 0x36, 0x80, 0x36, 0xBD,
    0x3E, 0x80, 0x3E, 0xBD, 0x33, 0xD7, 0x0B, 0xBD, 0x3B, 0xD7, 0x1B, 0xBD,
    0x46, 0x80, 0x46, 0xCF, 0x57, 0x80, 0x57, 0xCF, 0x66, 0x33, 0x66, 0xCF,
    0x47, 0x3B, 0x47, 0xCF, 0x56, 0x33, 0x56, 0xCF, 0x67, 0x3B, 0x67, 0xCF,
    0x0B, 0x48, 0xA0, 0xE8, 0x1B, 0x58, 0xA0, 0xE8, 0x2B, 0x68, 0xA0, 0xE8,
    0x0C, 0x49, 0xA0, 0xE8, 0x1C, 0x59, 0xA0, 0xE8, 0x2C, 0x69, 0xA0, 0xE8,
    0x0B, 0x00, 0x1B, 0x00, 0x2B, 0x00, 0x00, 0xE0, 0x0C, 0x00, 0x1C, 0x00,
    0x2C, 0x00, 0x00, 0xE0, 0x0B, 0x65, 0x1B, 0x65, 0x2B, 0x65, 0x00, 0xE0,
    0x0C, 0x65, 0x1C, 0x65, 0x2C, 0x65, 0x00, 0xE0, 0x0B, 0x1B, 0x60, 0xEC,
    0x34, 0xD7, 0x34, 0xAD, 0x2B, 0x80, 0x60, 0xEC, 0x0C, 0x1C, 0x60, 0xEC,
    0x3C, 0xD7, 0x3C, 0xAD, 0x2C, 0x80, 0x60, 0xEC, 0x0B, 0x2B, 0xDE, 0xE8,
    0x1B, 0x80, 0xDE, 0xE8, 0x34, 0x80, 0x34, 0xBD, 0x3C, 0x80, 0x3C, 0xBD,
    0x33, 0xD7, 0x0B, 0xBD, 0x3B, 0xD7, 0x1B, 0xBD, 0x48, 0x80, 0x48, 0xCF,
    0x59, 0x80, 0x59, 0xCF, 0x68, 0x33, 0x68, 0xCF, 0x49, 0x3B, 0x49, 0xCF,
    0xBA, 0xFF, 0x20, 0xEA, 0x00, 0x80, 0x00, 0xE8, 0x58, 0x33, 0x58, 0xCF,
    0x69, 0x3B, 0x69, 0xCF, 0x79, 0xFF, 0x20, 0xEA, 0x57, 0xC0, 0xBF, 0xEA,
    0x00, 0x80, 0xA0, 0xE9, 0x00, 0x00, 0xD8, 0xEC,
};

static const unsigned char osmgaWarpG400_t2gzaf[1152] = {
    0x00, 0x8A, 0x98, 0xE9, 0x00, 0x80, 0x00, 0xE8, 0x00, 0x80, 0xA0, 0xE9,
    0x00, 0x00, 0xD8, 0xEC, 0xFF, 0x80, 0xC0, 0xE9, 0x00, 0x80, 0x00, 0xE8,
    0x0A, 0x40, 0x50, 0xBF, 0x2A, 0x40, 0x60, 0xBF, 0x32, 0x41, 0x51, 0xBF,
    0x3A, 0x41, 0x61, 0xBF, 0xC3, 0x6B, 0xD3, 0x6B, 0x00, 0x8A, 0x98, 0xE9,
    0x73, 0x7B, 0xC8, 0xEC, 0x96, 0xE2, 0x41, 0x04, 0x7B, 0x43, 0xA0, 0xE8,
    0x73, 0x53, 0xA0, 0xE8, 0xAD, 0xEE, 0x23, 0x9F, 0x00, 0xE0, 0x51, 0x04,
    0x90, 0xE2, 0x61, 0x04, 0x31, 0x46, 0xB1, 0xE8, 0x51, 0x41, 0xE0, 0xEC,
    0x39, 0x67, 0xB1, 0xE8, 0x00, 0x04, 0x46, 0xE2, 0x73, 0x63, 0xA0, 0xE8,
    0x61, 0x41, 0xE0, 0xEC, 0x31, 0x00, 0x39, 0x00, 0x81, 0x80, 0x15, 0xEA,
    0x10, 0x04, 0x20, 0x04, 0x61, 0x51, 0xE0, 0xEC, 0x2F, 0x41, 0x60, 0xEA,
    0x31, 0x20, 0x39, 0x20, 0x1F, 0x42, 0xA0, 0xE8, 0x2A, 0x42, 0x52, 0xBF,
    0x0F, 0x52, 0xA0, 0xE8, 0x1A, 0x42, 0x62, 0xBF, 0x1E, 0x51, 0x60, 0xEA,
    0x73, 0x7B, 0xC8, 0xEC, 0x0E, 0x61, 0x60, 0xEA, 0x32, 0x40, 0x50, 0xBD,
    0x22, 0x40, 0x60, 0xBD, 0x12, 0x41, 0x51, 0xBD, 0x3A, 0x41, 0x61, 0xBD,
    0xBF, 0x2F, 0x0E, 0xBD, 0x97, 0xE2, 0x7B, 0x72, 0x32, 0x20, 0x22, 0x20,
    0x12, 0x20, 0x3A, 0x20, 0x35, 0x48, 0xB1, 0xE8, 0x3D, 0x59, 0xB1, 0xE8,
    0x46, 0x31, 0x46, 0xBF, 0x56, 0x31, 0x56, 0xBF, 0xB3, 0xE2, 0x2D, 0x9F,
    0x00, 0x80, 0x00, 0xE8, 0x66, 0x31, 0x66, 0xBF, 0x47, 0x39, 0x47, 0xBF,
    0x57, 0x39, 0x57, 0xBF, 0x67, 0x39, 0x67, 0xBF, 0x72, 0x80, 0x07, 0xEA,
    0x24, 0x41, 0x20, 0xE9, 0x35, 0x00, 0x3D, 0x00, 0x00, 0xE0, 0x2D, 0x73,
    0x33, 0x72, 0x0C, 0xE3, 0x8D, 0x2F, 0x1E, 0xBD, 0x43, 0x75, 0xF8, 0xEC,
    0x35, 0x20, 0x3D, 0x20, 0x43, 0x43, 0x2D, 0xDF, 0x53, 0x53, 0x2D, 0xDF,
    0xAE, 0x1E, 0x0E, 0xBD, 0x58, 0xE3, 0x33, 0x66, 0x48, 0x35, 0x48, 0xBF,
    0x58, 0x35, 0x58, 0xBF, 0x68, 0x35, 0x68, 0xBF, 0x49, 0x3D, 0x49, 0xBF,
    0x59, 0x3D, 0x59, 0xBF, 0x69, 0x3D, 0x69, 0xBF, 0x63, 0x63, 0x2D, 0xDF,
    0x4D, 0x7D, 0xF8, 0xEC, 0x59, 0xE3, 0x00, 0xE0, 0xB8, 0x38, 0x33, 0xBF,
    0x2D, 0x73, 0x30, 0x76, 0x18, 0x3A, 0x41, 0xE9, 0x3F, 0x53, 0xA0, 0xE8,
    0x05, 0x80, 0x3D, 0xEA, 0x37, 0x43, 0xA0, 0xE8, 0x3D, 0x63, 0xA0, 0xE8,
    0x50, 0x70, 0xF8, 0xEC, 0x2B, 0x50, 0x3C, 0xE9, 0x1F, 0x0F, 0xBC, 0xE8,
    0x00, 0x80, 0x00, 0xE8, 0x59, 0x78, 0xF8, 0xEC, 0x00, 0x80, 0x00, 0xE8,
    0x15, 0xC0, 0x20, 0xE9, 0x15, 0xC0, 0x20, 0xE9, 0x15, 0xC0, 0x20, 0xE9,
    0x15, 0xC0, 0x20, 0xE9, 0x1E, 0x12, 0x41, 0xE9, 0x1A, 0x22, 0x41, 0xE9,
    0x46, 0x37, 0x46, 0xDF, 0x56, 0x3F, 0x56, 0xDF, 0x2B, 0x40, 0x3D, 0xE9,
    0x66, 0x3D, 0x66, 0xDF, 0x1D, 0x32, 0x41, 0xE9, 0x67, 0x3D, 0x67, 0xDF,
    0x47, 0x37, 0x47, 0xDF, 0x57, 0x3F, 0x57, 0xDF, 0x2A, 0x40, 0x20, 0xE9,
    0x59, 0x3F, 0x59, 0xDF, 0x16, 0x30, 0x20, 0xE9, 0x69, 0x3D, 0x69, 0xDF,
    0x48, 0x37, 0x48, 0xDF, 0x58, 0x3F, 0x58, 0xDF, 0x12, 0x12, 0x2D, 0xDF,
    0x22, 0x22, 0x2D, 0xDF, 0x32, 0x32, 0x2D, 0xDF, 0x3A, 0x3A, 0x2D, 0xDF,
    0x68, 0x3D, 0x68, 0xDF, 0x49, 0x37, 0x49, 0xDF, 0x3D, 0xCF, 0x74, 0xC0,
    0x37, 0xCF, 0x74, 0xC4, 0x0A, 0x44, 0x54, 0xB0, 0x02, 0x44, 0x64, 0xB0,
    0x31, 0x53, 0x2F, 0x9F, 0x34, 0x37, 0x20, 0xE9, 0x39, 0xE5, 0x2C, 0x9F,
    0x3C, 0x3D, 0x20, 0xE9, 0x2A, 0x44, 0x54, 0xB2, 0x1A, 0x44, 0x64, 0xB2,
    0x2E, 0x80, 0x3A, 0xEA, 0x0A, 0x20, 0x02, 0x20, 0x88, 0x73, 0x5E, 0xE9,
    0x2A, 0x20, 0x1A, 0x20, 0x3D, 0xCF, 0x74, 0xC2, 0x0F, 0xCF, 0x74, 0xC6,
    0x30, 0x50, 0x2E, 0x9F, 0x32, 0x31, 0x5F, 0xE9, 0x38, 0x21, 0x2C, 0x9F,
    0x33, 0x39, 0x5F, 0xE9, 0x31, 0x53, 0x2F, 0x9F, 0x9C, 0x0F, 0x20, 0xE9,
    0x0A, 0x44, 0x54, 0xB4, 0x02, 0x44, 0x64, 0xB4, 0x2A, 0x44, 0x54, 0xB6,
    0x1A, 0x44, 0x64, 0xB6, 0x39, 0xE5, 0x2C, 0x9F, 0x38, 0x3D, 0x20, 0xE9,
    0x0A, 0x20, 0x02, 0x20, 0x2A, 0x20, 0x1A, 0x20, 0x3D, 0xCF, 0x75, 0xC6,
    0x00, 0x80, 0x00, 0xE8, 0x30, 0x50, 0x2E, 0x9F, 0x3E, 0x30, 0x4F, 0xE9,
    0x38, 0x21, 0x2C, 0x9F, 0x3F, 0x38, 0x4F, 0xE9, 0x0A, 0x45, 0x55, 0xB6,
    0x02, 0x45, 0x65, 0xB6, 0x31, 0x53, 0x2F, 0x9F, 0x3A, 0x31, 0x4F, 0xE9,
    0x39, 0xE5, 0x2C, 0x9F, 0x3B, 0x39, 0x4F, 0xE9, 0x31, 0x3D, 0x20, 0xE9,
    0x0A, 0x20, 0x02, 0x20, 0x2A, 0x46, 0x56, 0xBF, 0x1A, 0x46, 0x66, 0xBF,
    0x0A, 0x47, 0x57, 0xBF, 0x02, 0x47, 0x67, 0xBF, 0x30, 0x50, 0x2E, 0x9F,
    0x36, 0x30, 0x4F, 0xE9, 0x38, 0x21, 0x2C, 0x9F, 0x37, 0x38, 0x4F, 0xE9,
    0x31, 0x53, 0x2F, 0x9F, 0x9D, 0x31, 0x4F, 0xE9, 0x39, 0xE5, 0x2C, 0x9F,
    0x9E, 0x39, 0x4F, 0xE9, 0x2A, 0x43, 0x53, 0xBF, 0x1A, 0x43, 0x63, 0xBF,
    0x30, 0x50, 0x2E, 0x9F, 0x35, 0x30, 0x4F, 0xE9, 0x38, 0x21, 0x2C, 0x9F,
    0x39, 0x38, 0x4F, 0xE9, 0x0A, 0x48, 0x58, 0xBF, 0x02, 0x48, 0x68, 0xBF,
    0x31, 0x53, 0x2F, 0x9F, 0x80, 0x31, 0x57, 0xE9, 0x39, 0xE5, 0x2C, 0x9F,
    0x81, 0x39, 0x57, 0xE9, 0x2A, 0x49, 0x59, 0xBF, 0x1A, 0x49, 0x69, 0xBF,
    0x30, 0x50, 0x2E, 0x9F, 0x82, 0x30, 0x57, 0xE9, 0x38, 0x21, 0x2C, 0x9F,
    0x83, 0x38, 0x57, 0xE9, 0x31, 0x53, 0x2F, 0x9F, 0x84, 0x31, 0x5E, 0xE9,
    0x39, 0xE5, 0x2C, 0x9F, 0x85, 0x39, 0x5E, 0xE9, 0x86, 0x76, 0x57, 0xE9,
    0x8A, 0x36, 0x20, 0xE9, 0x87, 0x77, 0x57, 0xE9, 0x8B, 0x3E, 0xBF, 0xEA,
    0x80, 0x30, 0x57, 0xE9, 0x81, 0x38, 0x57, 0xE9, 0x82, 0x31, 0x57, 0xE9,
    0x86, 0x78, 0x57, 0xE9, 0x83, 0x39, 0x57, 0xE9, 0x87, 0x79, 0x57, 0xE9,
    0x30, 0x1F, 0x5F, 0xE9, 0x8A, 0x34, 0x20, 0xE9, 0x8B, 0x3C, 0x20, 0xE9,
    0x37, 0x50, 0x60, 0xBD, 0x57, 0x0D, 0x20, 0xE9, 0x35, 0x51, 0x61, 0xBD,
    0x2B, 0x50, 0x20, 0xE9, 0x1D, 0x37, 0xE1, 0xEA, 0x1E, 0x35, 0xE1, 0xEA,
    0x00, 0xE0, 0x0E, 0x77, 0x24, 0x51, 0x20, 0xE9, 0x96, 0xFF, 0x20, 0xEA,
    0x16, 0x0E, 0x20, 0xE9, 0x57, 0x2E, 0xBF, 0xEA, 0x0B, 0x46, 0xA0, 0xE8,
    0x1B, 0x56, 0xA0, 0xE8, 0x2B, 0x66, 0xA0, 0xE8, 0x0C, 0x47, 0xA0, 0xE8,
    0x1C, 0x57, 0xA0, 0xE8, 0x2C, 0x67, 0xA0, 0xE8, 0x0B, 0x00, 0x1B, 0x00,
    0x2B, 0x00, 0x00, 0xE0, 0x0C, 0x00, 0x1C, 0x00, 0x2C, 0x00, 0x00, 0xE0,
    0x0B, 0x65, 0x1B, 0x65, 0x2B, 0x65, 0x00, 0xE0, 0x0C, 0x65, 0x1C, 0x65,
    0x2C, 0x65, 0x00, 0xE0, 0x0B, 0x1B, 0x60, 0xEC, 0x36, 0xD7, 0x36, 0xAD,
    0x2B, 0x80, 0x60, 0xEC, 0x0C, 0x1C, 0x60, 0xEC, 0x3E, 0xD7, 0x3E, 0xAD,
    0x2C, 0x80, 0x60, 0xEC, 0x0B, 0x2B, 0xDE, 0xE8, 0x1B, 0x80, 0xDE, 0xE8,
    0x36, 0x80, 0x36, 0xBD, 0x3E, 0x80, 0x3E, 0xBD, 0x33, 0xD7, 0x0B, 0xBD,
    0x3B, 0xD7, 0x1B, 0xBD, 0x46, 0x80, 0x46, 0xCF, 0x57, 0x80, 0x57, 0xCF,
    0x66, 0x33, 0x66, 0xCF, 0x47, 0x3B, 0x47, 0xCF, 0x56, 0x33, 0x56, 0xCF,
    0x67, 0x3B, 0x67, 0xCF, 0x0B, 0x48, 0xA0, 0xE8, 0x1B, 0x58, 0xA0, 0xE8,
    0x2B, 0x68, 0xA0, 0xE8, 0x0C, 0x49, 0xA0, 0xE8, 0x1C, 0x59, 0xA0, 0xE8,
    0x2C, 0x69, 0xA0, 0xE8, 0x0B, 0x00, 0x1B, 0x00, 0x2B, 0x00, 0x00, 0xE0,
    0x0C, 0x00, 0x1C, 0x00, 0x2C, 0x00, 0x00, 0xE0, 0x0B, 0x65, 0x1B, 0x65,
    0x2B, 0x65, 0x00, 0xE0, 0x0C, 0x65, 0x1C, 0x65, 0x2C, 0x65, 0x00, 0xE0,
    0x0B, 0x1B, 0x60, 0xEC, 0x34, 0xD7, 0x34, 0xAD, 0x2B, 0x80, 0x60, 0xEC,
    0x0C, 0x1C, 0x60, 0xEC, 0x3C, 0xD7, 0x3C, 0xAD, 0x2C, 0x80, 0x60, 0xEC,
    0x0B, 0x2B, 0xDE, 0xE8, 0x1B, 0x80, 0xDE, 0xE8, 0x34, 0x80, 0x34, 0xBD,
    0x3C, 0x80, 0x3C, 0xBD, 0x33, 0xD7, 0x0B, 0xBD, 0x3B, 0xD7, 0x1B, 0xBD,
    0x48, 0x80, 0x48, 0xCF, 0x59, 0x80, 0x59, 0xCF, 0x68, 0x33, 0x68, 0xCF,
    0x49, 0x3B, 0x49, 0xCF, 0xB5, 0xFF, 0x20, 0xEA, 0x00, 0x80, 0x00, 0xE8,
    0x58, 0x33, 0x58, 0xCF, 0x69, 0x3B, 0x69, 0xCF, 0x74, 0xFF, 0x20, 0xEA,
    0x57, 0xC0, 0xBF, 0xEA, 0x00, 0x80, 0xA0, 0xE9, 0x00, 0x00, 0xD8, 0xEC,
};

static const unsigned char osmgaWarpG400_t2gzs[1184] = {
    0x00, 0x8A, 0x98, 0xE9, 0x00, 0x80, 0x00, 0xE8, 0x00, 0x80, 0xA0, 0xE9,
    0x00, 0x00, 0xD8, 0xEC, 0xFF, 0x80, 0xC0, 0xE9, 0x00, 0x80, 0x00, 0xE8,
    0x0A, 0x40, 0x50, 0xBF, 0x2A, 0x40, 0x60, 0xBF, 0x32, 0x41, 0x51, 0xBF,
    0x3A, 0x41, 0x61, 0xBF, 0xC3, 0x6B, 0xD3, 0x6B, 0x00, 0x8A, 0x98, 0xE9,
    0x73, 0x7B, 0xC8, 0xEC, 0x96, 0xE2, 0x41, 0x04, 0x7B, 0x43, 0xA0, 0xE8,
    0x73, 0x53, 0xA0, 0xE8, 0xAD, 0xEE, 0x23, 0x9F, 0x00, 0xE0, 0x51, 0x04,
    0x90, 0xE2, 0x61, 0x04, 0x31, 0x46, 0xB1, 0xE8, 0x51, 0x41, 0xE0, 0xEC,
    0x39, 0x67, 0xB1, 0xE8, 0x00, 0x04, 0x46, 0xE2, 0x73, 0x63, 0xA0, 0xE8,
    0x61, 0x41, 0xE0, 0xEC, 0x31, 0x00, 0x39, 0x00, 0x85, 0x80, 0x15, 0xEA,
    0x10, 0x04, 0x20, 0x04, 0x61, 0x51, 0xE0, 0xEC, 0x2F, 0x41, 0x60, 0xEA,
    0x31, 0x20, 0x39, 0x20, 0x1F, 0x42, 0xA0, 0xE8, 0x2A, 0x42, 0x52, 0xBF,
    0x0F, 0x52, 0xA0, 0xE8, 0x1A, 0x42, 0x62, 0xBF, 0x1E, 0x51, 0x60, 0xEA,
    0x73, 0x7B, 0xC8, 0xEC, 0x0E, 0x61, 0x60, 0xEA, 0x32, 0x40, 0x50, 0xBD,
    0x22, 0x40, 0x60, 0xBD, 0x12, 0x41, 0x51, 0xBD, 0x3A, 0x41, 0x61, 0xBD,
    0xBF, 0x2F, 0x0E, 0xBD, 0x97, 0xE2, 0x7B, 0x72, 0x32, 0x20, 0x22, 0x20,
    0x12, 0x20, 0x3A, 0x20, 0x35, 0x48, 0xB1, 0xE8, 0x3D, 0x59, 0xB1, 0xE8,
    0x46, 0x31, 0x46, 0xBF, 0x56, 0x31, 0x56, 0xBF, 0xB3, 0xE2, 0x2D, 0x9F,
    0x00, 0x80, 0x00, 0xE8, 0x66, 0x31, 0x66, 0xBF, 0x47, 0x39, 0x47, 0xBF,
    0x57, 0x39, 0x57, 0xBF, 0x67, 0x39, 0x67, 0xBF, 0x76, 0x80, 0x07, 0xEA,
    0x24, 0x41, 0x20, 0xE9, 0x35, 0x00, 0x3D, 0x00, 0x00, 0xE0, 0x2D, 0x73,
    0x33, 0x72, 0x0C, 0xE3, 0x8D, 0x2F, 0x1E, 0xBD, 0x43, 0x75, 0xF8, 0xEC,
    0x35, 0x20, 0x3D, 0x20, 0x43, 0x43, 0x2D, 0xDF, 0x53, 0x53, 0x2D, 0xDF,
    0xAE, 0x1E, 0x0E, 0xBD, 0x58, 0xE3, 0x33, 0x66, 0x48, 0x35, 0x48, 0xBF,
    0x58, 0x35, 0x58, 0xBF, 0x68, 0x35, 0x68, 0xBF, 0x49, 0x3D, 0x49, 0xBF,
    0x59, 0x3D, 0x59, 0xBF, 0x69, 0x3D, 0x69, 0xBF, 0x63, 0x63, 0x2D, 0xDF,
    0x4D, 0x7D, 0xF8, 0xEC, 0x59, 0xE3, 0x00, 0xE0, 0xB8, 0x38, 0x33, 0xBF,
    0x2D, 0x73, 0x30, 0x76, 0x18, 0x3A, 0x41, 0xE9, 0x3F, 0x53, 0xA0, 0xE8,
    0x05, 0x80, 0x3D, 0xEA, 0x37, 0x43, 0xA0, 0xE8, 0x3D, 0x63, 0xA0, 0xE8,
    0x50, 0x70, 0xF8, 0xEC, 0x2B, 0x50, 0x3C, 0xE9, 0x1F, 0x0F, 0xBC, 0xE8,
    0x00, 0x80, 0x00, 0xE8, 0x59, 0x78, 0xF8, 0xEC, 0x00, 0x80, 0x00, 0xE8,
    0x15, 0xC0, 0x20, 0xE9, 0x15, 0xC0, 0x20, 0xE9, 0x15, 0xC0, 0x20, 0xE9,
    0x15, 0xC0, 0x20, 0xE9, 0x1E, 0x12, 0x41, 0xE9, 0x1A, 0x22, 0x41, 0xE9,
    0x46, 0x37, 0x46, 0xDF, 0x56, 0x3F, 0x56, 0xDF, 0x2B, 0x40, 0x3D, 0xE9,
    0x66, 0x3D, 0x66, 0xDF, 0x1D, 0x32, 0x41, 0xE9, 0x67, 0x3D, 0x67, 0xDF,
    0x47, 0x37, 0x47, 0xDF, 0x57, 0x3F, 0x57, 0xDF, 0x2A, 0x40, 0x20, 0xE9,
    0x59, 0x3F, 0x59, 0xDF, 0x16, 0x30, 0x20, 0xE9, 0x69, 0x3D, 0x69, 0xDF,
    0x48, 0x37, 0x48, 0xDF, 0x58, 0x3F, 0x58, 0xDF, 0x68, 0x3D, 0x68, 0xDF,
    0x49, 0x37, 0x49, 0xDF, 0x32, 0x32, 0x2D, 0xDF, 0x22, 0x22, 0x2D, 0xDF,
    0x12, 0x12, 0x2D, 0xDF, 0x3A, 0x3A, 0x2D, 0xDF, 0x0F, 0xCF, 0x74, 0xC2,
    0x37, 0xCF, 0x74, 0xC4, 0x0A, 0x44, 0x54, 0xB0, 0x02, 0x44, 0x64, 0xB0,
    0x3D, 0xCF, 0x74, 0xC0, 0x34, 0x37, 0x20, 0xE9, 0x31, 0x53, 0x2F, 0x9F,
    0x38, 0x0F, 0x20, 0xE9, 0x39, 0xE5, 0x2C, 0x9F, 0x3C, 0x3D, 0x20, 0xE9,
    0x2A, 0x44, 0x54, 0xB2, 0x1A, 0x44, 0x64, 0xB2, 0x31, 0x80, 0x3A, 0xEA,
    0x0A, 0x20, 0x02, 0x20, 0x0F, 0xCF, 0x75, 0xC0, 0x2A, 0x20, 0x1A, 0x20,
    0x30, 0x50, 0x2E, 0x9F, 0x32, 0x31, 0x5F, 0xE9, 0x38, 0x21, 0x2C, 0x9F,
    0x33, 0x39, 0x5F, 0xE9, 0x3D, 0xCF, 0x75, 0xC2, 0x37, 0xCF, 0x75, 0xC4,
    0x31, 0x53, 0x2F, 0x9F, 0xA6, 0x0F, 0x20, 0xE9, 0x39, 0xE5, 0x2C, 0x9F,
    0xA3, 0x3D, 0x20, 0xE9, 0x2A, 0x44, 0x54, 0xB4, 0x1A, 0x44, 0x64, 0xB4,
    0x0A, 0x45, 0x55, 0xB0, 0x02, 0x45, 0x65, 0xB0, 0x88, 0x73, 0x5E, 0xE9,
    0x2A, 0x20, 0x1A, 0x20, 0xA0, 0x37, 0x20, 0xE9, 0x0A, 0x20, 0x02, 0x20,
    0x31, 0x53, 0x2F, 0x9F, 0x3E, 0x30, 0x4F, 0xE9, 0x39, 0xE5, 0x2C, 0x9F,
    0x3F, 0x38, 0x4F, 0xE9, 0x30, 0x50, 0x2E, 0x9F, 0x3A, 0x31, 0x4F, 0xE9,
    0x2A, 0x45, 0x55, 0xB2, 0x1A, 0x45, 0x65, 0xB2, 0x0A, 0x45, 0x55, 0xB4,
    0x02, 0x45, 0x65, 0xB4, 0x38, 0x21, 0x2C, 0x9F, 0x3B, 0x39, 0x4F, 0xE9,
    0x2A, 0x20, 0x1A, 0x20, 0x0A, 0x20, 0x02, 0x20, 0x2A, 0x46, 0x56, 0xBF,
    0x1A, 0x46, 0x66, 0xBF, 0x31, 0x53, 0x2F, 0x9F, 0x36, 0x31, 0x4F, 0xE9,
    0x39, 0xE5, 0x2C, 0x9F, 0x37, 0x39, 0x4F, 0xE9, 0x30, 0x50, 0x2E, 0x9F,
    0xA7, 0x30, 0x4F, 0xE9, 0x38, 0x21, 0x2C, 0x9F, 0xA8, 0x38, 0x4F, 0xE9,
    0x0A, 0x47, 0x57, 0xBF, 0x02, 0x47, 0x67, 0xBF, 0x31, 0x53, 0x2F, 0x9F,
    0xA4, 0x31, 0x4F, 0xE9, 0x39, 0xE5, 0x2C, 0x9F, 0xA5, 0x39, 0x4F, 0xE9,
    0x2A, 0x43, 0x53, 0xBF, 0x1A, 0x43, 0x63, 0xBF, 0x30, 0x50, 0x2E, 0x9F,
    0xA1, 0x30, 0x4F, 0xE9, 0x38, 0x21, 0x2C, 0x9F, 0xA2, 0x38, 0x4F, 0xE9,
    0x0A, 0x48, 0x58, 0xBF, 0x02, 0x48, 0x68, 0xBF, 0x31, 0x53, 0x2F, 0x9F,
    0x80, 0x31, 0x57, 0xE9, 0x39, 0xE5, 0x2C, 0x9F, 0x81, 0x39, 0x57, 0xE9,
    0x2A, 0x49, 0x59, 0xBF, 0x1A, 0x49, 0x69, 0xBF, 0x30, 0x50, 0x2E, 0x9F,
    0x82, 0x30, 0x57, 0xE9, 0x38, 0x21, 0x2C, 0x9F, 0x83, 0x38, 0x57, 0xE9,
    0x31, 0x53, 0x2F, 0x9F, 0x84, 0x31, 0x5E, 0xE9, 0x39, 0xE5, 0x2C, 0x9F,
    0x85, 0x39, 0x5E, 0xE9, 0x86, 0x76, 0x57, 0xE9, 0x8A, 0x36, 0x20, 0xE9,
    0x87, 0x77, 0x57, 0xE9, 0x8B, 0x3E, 0xBF, 0xEA, 0x80, 0x30, 0x57, 0xE9,
    0x81, 0x38, 0x57, 0xE9, 0x82, 0x31, 0x57, 0xE9, 0x86, 0x78, 0x57, 0xE9,
    0x83, 0x39, 0x57, 0xE9, 0x87, 0x79, 0x57, 0xE9, 0x30, 0x1F, 0x5F, 0xE9,
    0x8A, 0x34, 0x20, 0xE9, 0x8B, 0x3C, 0x20, 0xE9, 0x37, 0x50, 0x60, 0xBD,
    0x57, 0x0D, 0x20, 0xE9, 0x35, 0x51, 0x61, 0xBD, 0x2B, 0x50, 0x20, 0xE9,
    0x1D, 0x37, 0xE1, 0xEA, 0x1E, 0x35, 0xE1, 0xEA, 0x00, 0xE0, 0x0E, 0x77,
    0x24, 0x51, 0x20, 0xE9, 0x92, 0xFF, 0x20, 0xEA, 0x16, 0x0E, 0x20, 0xE9,
    0x57, 0x2E, 0xBF, 0xEA, 0x0B, 0x46, 0xA0, 0xE8, 0x1B, 0x56, 0xA0, 0xE8,
    0x2B, 0x66, 0xA0, 0xE8, 0x0C, 0x47, 0xA0, 0xE8, 0x1C, 0x57, 0xA0, 0xE8,
    0x2C, 0x67, 0xA0, 0xE8, 0x0B, 0x00, 0x1B, 0x00, 0x2B, 0x00, 0x00, 0xE0,
    0x0C, 0x00, 0x1C, 0x00, 0x2C, 0x00, 0x00, 0xE0, 0x0B, 0x65, 0x1B, 0x65,
    0x2B, 0x65, 0x00, 0xE0, 0x0C, 0x65, 0x1C, 0x65, 0x2C, 0x65, 0x00, 0xE0,
    0x0B, 0x1B, 0x60, 0xEC, 0x36, 0xD7, 0x36, 0xAD, 0x2B, 0x80, 0x60, 0xEC,
    0x0C, 0x1C, 0x60, 0xEC, 0x3E, 0xD7, 0x3E, 0xAD, 0x2C, 0x80, 0x60, 0xEC,
    0x0B, 0x2B, 0xDE, 0xE8, 0x1B, 0x80, 0xDE, 0xE8, 0x36, 0x80, 0x36, 0xBD,
    0x3E, 0x80, 0x3E, 0xBD, 0x33, 0xD7, 0x0B, 0xBD, 0x3B, 0xD7, 0x1B, 0xBD,
    0x46, 0x80, 0x46, 0xCF, 0x57, 0x80, 0x57, 0xCF, 0x66, 0x33, 0x66, 0xCF,
    0x47, 0x3B, 0x47, 0xCF, 0x56, 0x33, 0x56, 0xCF, 0x67, 0x3B, 0x67, 0xCF,
    0x0B, 0x48, 0xA0, 0xE8, 0x1B, 0x58, 0xA0, 0xE8, 0x2B, 0x68, 0xA0, 0xE8,
    0x0C, 0x49, 0xA0, 0xE8, 0x1C, 0x59, 0xA0, 0xE8, 0x2C, 0x69, 0xA0, 0xE8,
    0x0B, 0x00, 0x1B, 0x00, 0x2B, 0x00, 0x00, 0xE0, 0x0C, 0x00, 0x1C, 0x00,
    0x2C, 0x00, 0x00, 0xE0, 0x0B, 0x65, 0x1B, 0x65, 0x2B, 0x65, 0x00, 0xE0,
    0x0C, 0x65, 0x1C, 0x65, 0x2C, 0x65, 0x00, 0xE0, 0x0B, 0x1B, 0x60, 0xEC,
    0x34, 0xD7, 0x34, 0xAD, 0x2B, 0x80, 0x60, 0xEC, 0x0C, 0x1C, 0x60, 0xEC,
    0x3C, 0xD7, 0x3C, 0xAD, 0x2C, 0x80, 0x60, 0xEC, 0x0B, 0x2B, 0xDE, 0xE8,
    0x1B, 0x80, 0xDE, 0xE8, 0x34, 0x80, 0x34, 0xBD, 0x3C, 0x80, 0x3C, 0xBD,
    0x33, 0xD7, 0x0B, 0xBD, 0x3B, 0xD7, 0x1B, 0xBD, 0x48, 0x80, 0x48, 0xCF,
    0x59, 0x80, 0x59, 0xCF, 0x68, 0x33, 0x68, 0xCF, 0x49, 0x3B, 0x49, 0xCF,
    0xB2, 0xFF, 0x20, 0xEA, 0x00, 0x80, 0x00, 0xE8, 0x58, 0x33, 0x58, 0xCF,
    0x69, 0x3B, 0x69, 0xCF, 0x70, 0xFF, 0x20, 0xEA, 0x57, 0xC0, 0xBF, 0xEA,
    0x00, 0x80, 0xA0, 0xE9, 0x00, 0x00, 0xD8, 0xEC,
};

static const unsigned char osmgaWarpG400_t2gzsf[1224] = {
    0x00, 0x8A, 0x98, 0xE9, 0x00, 0x80, 0x00, 0xE8, 0x00, 0x80, 0xA0, 0xE9,
    0x00, 0x00, 0xD8, 0xEC, 0xFF, 0x80, 0xC0, 0xE9, 0x00, 0x80, 0x00, 0xE8,
    0x0A, 0x40, 0x50, 0xBF, 0x2A, 0x40, 0x60, 0xBF, 0x32, 0x41, 0x51, 0xBF,
    0x3A, 0x41, 0x61, 0xBF, 0xC3, 0x6B, 0xD3, 0x6B, 0x00, 0x8A, 0x98, 0xE9,
    0x73, 0x7B, 0xC8, 0xEC, 0x96, 0xE2, 0x41, 0x04, 0x7B, 0x43, 0xA0, 0xE8,
    0x73, 0x53, 0xA0, 0xE8, 0xAD, 0xEE, 0x23, 0x9F, 0x00, 0xE0, 0x51, 0x04,
    0x90, 0xE2, 0x61, 0x04, 0x31, 0x46, 0xB1, 0xE8, 0x51, 0x41, 0xE0, 0xEC,
    0x39, 0x67, 0xB1, 0xE8, 0x00, 0x04, 0x46, 0xE2, 0x73, 0x63, 0xA0, 0xE8,
    0x61, 0x41, 0xE0, 0xEC, 0x31, 0x00, 0x39, 0x00, 0x8A, 0x80, 0x15, 0xEA,
    0x10, 0x04, 0x20, 0x04, 0x61, 0x51, 0xE0, 0xEC, 0x2F, 0x41, 0x60, 0xEA,
    0x31, 0x20, 0x39, 0x20, 0x1F, 0x42, 0xA0, 0xE8, 0x2A, 0x42, 0x52, 0xBF,
    0x0F, 0x52, 0xA0, 0xE8, 0x1A, 0x42, 0x62, 0xBF, 0x1E, 0x51, 0x60, 0xEA,
    0x73, 0x7B, 0xC8, 0xEC, 0x0E, 0x61, 0x60, 0xEA, 0x32, 0x40, 0x50, 0xBD,
    0x22, 0x40, 0x60, 0xBD, 0x12, 0x41, 0x51, 0xBD, 0x3A, 0x41, 0x61, 0xBD,
    0xBF, 0x2F, 0x0E, 0xBD, 0x97, 0xE2, 0x7B, 0x72, 0x32, 0x20, 0x22, 0x20,
    0x12, 0x20, 0x3A, 0x20, 0x35, 0x48, 0xB1, 0xE8, 0x3D, 0x59, 0xB1, 0xE8,
    0x46, 0x31, 0x46, 0xBF, 0x56, 0x31, 0x56, 0xBF, 0xB3, 0xE2, 0x2D, 0x9F,
    0x00, 0x80, 0x00, 0xE8, 0x66, 0x31, 0x66, 0xBF, 0x47, 0x39, 0x47, 0xBF,
    0x57, 0x39, 0x57, 0xBF, 0x67, 0x39, 0x67, 0xBF, 0x7B, 0x80, 0x07, 0xEA,
    0x24, 0x41, 0x20, 0xE9, 0x35, 0x00, 0x3D, 0x00, 0x00, 0xE0, 0x2D, 0x73,
    0x33, 0x72, 0x0C, 0xE3, 0x8D, 0x2F, 0x1E, 0xBD, 0x43, 0x75, 0xF8, 0xEC,
    0x35, 0x20, 0x3D, 0x20, 0x43, 0x43, 0x2D, 0xDF, 0x53, 0x53, 0x2D, 0xDF,
    0xAE, 0x1E, 0x0E, 0xBD, 0x58, 0xE3, 0x33, 0x66, 0x48, 0x35, 0x48, 0xBF,
    0x58, 0x35, 0x58, 0xBF, 0x68, 0x35, 0x68, 0xBF, 0x49, 0x3D, 0x49, 0xBF,
    0x59, 0x3D, 0x59, 0xBF, 0x69, 0x3D, 0x69, 0xBF, 0x63, 0x63, 0x2D, 0xDF,
    0x4D, 0x7D, 0xF8, 0xEC, 0x59, 0xE3, 0x00, 0xE0, 0xB8, 0x38, 0x33, 0xBF,
    0x2D, 0x73, 0x30, 0x76, 0x18, 0x3A, 0x41, 0xE9, 0x3F, 0x53, 0xA0, 0xE8,
    0x05, 0x80, 0x3D, 0xEA, 0x37, 0x43, 0xA0, 0xE8, 0x3D, 0x63, 0xA0, 0xE8,
    0x50, 0x70, 0xF8, 0xEC, 0x2B, 0x50, 0x3C, 0xE9, 0x1F, 0x0F, 0xBC, 0xE8,
    0x00, 0x80, 0x00, 0xE8, 0x59, 0x78, 0xF8, 0xEC, 0x00, 0x80, 0x00, 0xE8,
    0x15, 0xC0, 0x20, 0xE9, 0x15, 0xC0, 0x20, 0xE9, 0x15, 0xC0, 0x20, 0xE9,
    0x15, 0xC0, 0x20, 0xE9, 0x1E, 0x12, 0x41, 0xE9, 0x1A, 0x22, 0x41, 0xE9,
    0x46, 0x37, 0x46, 0xDF, 0x56, 0x3F, 0x56, 0xDF, 0x2B, 0x40, 0x3D, 0xE9,
    0x66, 0x3D, 0x66, 0xDF, 0x1D, 0x32, 0x41, 0xE9, 0x67, 0x3D, 0x67, 0xDF,
    0x47, 0x37, 0x47, 0xDF, 0x57, 0x3F, 0x57, 0xDF, 0x2A, 0x40, 0x20, 0xE9,
    0x59, 0x3F, 0x59, 0xDF, 0x16, 0x30, 0x20, 0xE9, 0x69, 0x3D, 0x69, 0xDF,
    0x48, 0x37, 0x48, 0xDF, 0x58, 0x3F, 0x58, 0xDF, 0x68, 0x3D, 0x68, 0xDF,
    0x49, 0x37, 0x49, 0xDF, 0x32, 0x32, 0x2D, 0xDF, 0x22, 0x22, 0x2D, 0xDF,
    0x12, 0x12, 0x2D, 0xDF, 0x3A, 0x3A, 0x2D, 0xDF, 0x0F, 0xCF, 0x74, 0xC2,
    0x37, 0xCF, 0x74, 0xC4, 0x0A, 0x44, 0x54, 0xB0, 0x02, 0x44, 0x64, 0xB0,
    0x3D, 0xCF, 0x74, 0xC0, 0x34, 0x37, 0x20, 0xE9, 0x31, 0x53, 0x2F, 0x9F,
    0x38, 0x0F, 0x20, 0xE9, 0x39, 0xE5, 0x2C, 0x9F, 0x3C, 0x3D, 0x20, 0xE9,
    0x2A, 0x44, 0x54, 0xB2, 0x1A, 0x44, 0x64, 0xB2, 0x36, 0x80, 0x3A, 0xEA,
    0x0A, 0x20, 0x02, 0x20, 0x0F, 0xCF, 0x75, 0xC0, 0x2A, 0x20, 0x1A, 0x20,
    0x30, 0x50, 0x2E, 0x9F, 0x32, 0x31, 0x5F, 0xE9, 0x38, 0x21, 0x2C, 0x9F,
    0x33, 0x39, 0x5F, 0xE9, 0x3D, 0xCF, 0x75, 0xC2, 0x37, 0xCF, 0x75, 0xC4,
    0x31, 0x53, 0x2F, 0x9F, 0xA6, 0x0F, 0x20, 0xE9, 0x39, 0xE5, 0x2C, 0x9F,
    0xA3, 0x3D, 0x20, 0xE9, 0x2A, 0x44, 0x54, 0xB4, 0x1A, 0x44, 0x64, 0xB4,
    0x0A, 0x45, 0x55, 0xB0, 0x02, 0x45, 0x65, 0xB0, 0x88, 0x73, 0x5E, 0xE9,
    0x2A, 0x20, 0x1A, 0x20, 0xA0, 0x37, 0x20, 0xE9, 0x0A, 0x20, 0x02, 0x20,
    0x31, 0x53, 0x2F, 0x9F, 0x3E, 0x30, 0x4F, 0xE9, 0x39, 0xE5, 0x2C, 0x9F,
    0x3F, 0x38, 0x4F, 0xE9, 0x30, 0x50, 0x2E, 0x9F, 0x3A, 0x31, 0x4F, 0xE9,
    0x38, 0x21, 0x2C, 0x9F, 0x3B, 0x39, 0x4F, 0xE9, 0x2A, 0x45, 0x55, 0xB2,
    0x1A, 0x45, 0x65, 0xB2, 0x0A, 0x45, 0x55, 0xB4, 0x02, 0x45, 0x65, 0xB4,
    0x0F, 0xCF, 0x75, 0xC6, 0x2A, 0x20, 0x1A, 0x20, 0xA7, 0x30, 0x4F, 0xE9,
    0x0A, 0x20, 0x02, 0x20, 0x31, 0x53, 0x2F, 0x9F, 0x31, 0x0F, 0x20, 0xE9,
    0x39, 0xE5, 0x2C, 0x9F, 0xA8, 0x38, 0x4F, 0xE9, 0x2A, 0x45, 0x55, 0xB6,
    0x1A, 0x45, 0x65, 0xB6, 0x30, 0x50, 0x2E, 0x9F, 0x36, 0x31, 0x4F, 0xE9,
    0x38, 0x21, 0x2C, 0x9F, 0x37, 0x39, 0x4F, 0xE9, 0x00, 0x80, 0x00, 0xE8,
    0x2A, 0x20, 0x1A, 0x20, 0x2A, 0x46, 0x56, 0xBF, 0x1A, 0x46, 0x66, 0xBF,
    0x31, 0x53, 0x2F, 0x9F, 0xA4, 0x31, 0x4F, 0xE9, 0x39, 0xE5, 0x2C, 0x9F,
    0xA5, 0x39, 0x4F, 0xE9, 0x0A, 0x47, 0x57, 0xBF, 0x02, 0x47, 0x67, 0xBF,
    0x31, 0x53, 0x2F, 0x9F, 0xA1, 0x30, 0x4F, 0xE9, 0x39, 0xE5, 0x2C, 0x9F,
    0xA2, 0x38, 0x4F, 0xE9, 0x2A, 0x43, 0x53, 0xBF, 0x1A, 0x43, 0x63, 0xBF,
    0x30, 0x50, 0x2E, 0x9F, 0x35, 0x31, 0x4F, 0xE9, 0x38, 0x21, 0x2C, 0x9F,
    0x39, 0x39, 0x4F, 0xE9, 0x0A, 0x48, 0x58, 0xBF, 0x02, 0x48, 0x68, 0xBF,
    0x31, 0x53, 0x2F, 0x9F, 0x80, 0x31, 0x57, 0xE9, 0x39, 0xE5, 0x2C, 0x9F,
    0x81, 0x39, 0x57, 0xE9, 0x2A, 0x49, 0x59, 0xBF, 0x1A, 0x49, 0x69, 0xBF,
    0x30, 0x50, 0x2E, 0x9F, 0x82, 0x30, 0x57, 0xE9, 0x38, 0x21, 0x2C, 0x9F,
    0x83, 0x38, 0x57, 0xE9, 0x31, 0x53, 0x2F, 0x9F, 0x84, 0x31, 0x5E, 0xE9,
    0x39, 0xE5, 0x2C, 0x9F, 0x85, 0x39, 0x5E, 0xE9, 0x86, 0x76, 0x57, 0xE9,
    0x8A, 0x36, 0x20, 0xE9, 0x87, 0x77, 0x57, 0xE9, 0x8B, 0x3E, 0xBF, 0xEA,
    0x80, 0x30, 0x57, 0xE9, 0x81, 0x38, 0x57, 0xE9, 0x82, 0x31, 0x57, 0xE9,
    0x86, 0x78, 0x57, 0xE9, 0x83, 0x39, 0x57, 0xE9, 0x87, 0x79, 0x57, 0xE9,
    0x30, 0x1F, 0x5F, 0xE9, 0x8A, 0x34, 0x20, 0xE9, 0x8B, 0x3C, 0x20, 0xE9,
    0x37, 0x50, 0x60, 0xBD, 0x57, 0x0D, 0x20, 0xE9, 0x35, 0x51, 0x61, 0xBD,
    0x2B, 0x50, 0x20, 0xE9, 0x1D, 0x37, 0xE1, 0xEA, 0x1E, 0x35, 0xE1, 0xEA,
    0x00, 0xE0, 0x0E, 0x77, 0x24, 0x51, 0x20, 0xE9, 0x8D, 0xFF, 0x20, 0xEA,
    0x16, 0x0E, 0x20, 0xE9, 0x57, 0x2E, 0xBF, 0xEA, 0x0B, 0x46, 0xA0, 0xE8,
    0x1B, 0x56, 0xA0, 0xE8, 0x2B, 0x66, 0xA0, 0xE8, 0x0C, 0x47, 0xA0, 0xE8,
    0x1C, 0x57, 0xA0, 0xE8, 0x2C, 0x67, 0xA0, 0xE8, 0x0B, 0x00, 0x1B, 0x00,
    0x2B, 0x00, 0x00, 0xE0, 0x0C, 0x00, 0x1C, 0x00, 0x2C, 0x00, 0x00, 0xE0,
    0x0B, 0x65, 0x1B, 0x65, 0x2B, 0x65, 0x00, 0xE0, 0x0C, 0x65, 0x1C, 0x65,
    0x2C, 0x65, 0x00, 0xE0, 0x0B, 0x1B, 0x60, 0xEC, 0x36, 0xD7, 0x36, 0xAD,
    0x2B, 0x80, 0x60, 0xEC, 0x0C, 0x1C, 0x60, 0xEC, 0x3E, 0xD7, 0x3E, 0xAD,
    0x2C, 0x80, 0x60, 0xEC, 0x0B, 0x2B, 0xDE, 0xE8, 0x1B, 0x80, 0xDE, 0xE8,
    0x36, 0x80, 0x36, 0xBD, 0x3E, 0x80, 0x3E, 0xBD, 0x33, 0xD7, 0x0B, 0xBD,
    0x3B, 0xD7, 0x1B, 0xBD, 0x46, 0x80, 0x46, 0xCF, 0x57, 0x80, 0x57, 0xCF,
    0x66, 0x33, 0x66, 0xCF, 0x47, 0x3B, 0x47, 0xCF, 0x56, 0x33, 0x56, 0xCF,
    0x67, 0x3B, 0x67, 0xCF, 0x0B, 0x48, 0xA0, 0xE8, 0x1B, 0x58, 0xA0, 0xE8,
    0x2B, 0x68, 0xA0, 0xE8, 0x0C, 0x49, 0xA0, 0xE8, 0x1C, 0x59, 0xA0, 0xE8,
    0x2C, 0x69, 0xA0, 0xE8, 0x0B, 0x00, 0x1B, 0x00, 0x2B, 0x00, 0x00, 0xE0,
    0x0C, 0x00, 0x1C, 0x00, 0x2C, 0x00, 0x00, 0xE0, 0x0B, 0x65, 0x1B, 0x65,
    0x2B, 0x65, 0x00, 0xE0, 0x0C, 0x65, 0x1C, 0x65, 0x2C, 0x65, 0x00, 0xE0,
    0x0B, 0x1B, 0x60, 0xEC, 0x34, 0xD7, 0x34, 0xAD, 0x2B, 0x80, 0x60, 0xEC,
    0x0C, 0x1C, 0x60, 0xEC, 0x3C, 0xD7, 0x3C, 0xAD, 0x2C, 0x80, 0x60, 0xEC,
    0x0B, 0x2B, 0xDE, 0xE8, 0x1B, 0x80, 0xDE, 0xE8, 0x34, 0x80, 0x34, 0xBD,
    0x3C, 0x80, 0x3C, 0xBD, 0x33, 0xD7, 0x0B, 0xBD, 0x3B, 0xD7, 0x1B, 0xBD,
    0x48, 0x80, 0x48, 0xCF, 0x59, 0x80, 0x59, 0xCF, 0x68, 0x33, 0x68, 0xCF,
    0x49, 0x3B, 0x49, 0xCF, 0xAD, 0xFF, 0x20, 0xEA, 0x00, 0x80, 0x00, 0xE8,
    0x58, 0x33, 0x58, 0xCF, 0x69, 0x3B, 0x69, 0xCF, 0x6B, 0xFF, 0x20, 0xEA,
    0x57, 0xC0, 0xBF, 0xEA, 0x00, 0x80, 0xA0, 0xE9, 0x00, 0x00, 0xD8, 0xEC,
};

static const unsigned char osmgaWarpG400_t2gzsa[1224] = {
    0x00, 0x8A, 0x98, 0xE9, 0x00, 0x80, 0x00, 0xE8, 0x00, 0x80, 0xA0, 0xE9,
    0x00, 0x00, 0xD8, 0xEC, 0xFF, 0x80, 0xC0, 0xE9, 0x00, 0x80, 0x00, 0xE8,
    0x0A, 0x40, 0x50, 0xBF, 0x2A, 0x40, 0x60, 0xBF, 0x32, 0x41, 0x51, 0xBF,
    0x3A, 0x41, 0x61, 0xBF, 0xC3, 0x6B, 0xD3, 0x6B, 0x00, 0x8A, 0x98, 0xE9,
    0x73, 0x7B, 0xC8, 0xEC, 0x96, 0xE2, 0x41, 0x04, 0x7B, 0x43, 0xA0, 0xE8,
    0x73, 0x53, 0xA0, 0xE8, 0xAD, 0xEE, 0x23, 0x9F, 0x00, 0xE0, 0x51, 0x04,
    0x90, 0xE2, 0x61, 0x04, 0x31, 0x46, 0xB1, 0xE8, 0x51, 0x41, 0xE0, 0xEC,
    0x39, 0x67, 0xB1, 0xE8, 0x00, 0x04, 0x46, 0xE2, 0x73, 0x63, 0xA0, 0xE8,
    0x61, 0x41, 0xE0, 0xEC, 0x31, 0x00, 0x39, 0x00, 0x8A, 0x80, 0x15, 0xEA,
    0x10, 0x04, 0x20, 0x04, 0x61, 0x51, 0xE0, 0xEC, 0x2F, 0x41, 0x60, 0xEA,
    0x31, 0x20, 0x39, 0x20, 0x1F, 0x42, 0xA0, 0xE8, 0x2A, 0x42, 0x52, 0xBF,
    0x0F, 0x52, 0xA0, 0xE8, 0x1A, 0x42, 0x62, 0xBF, 0x1E, 0x51, 0x60, 0xEA,
    0x73, 0x7B, 0xC8, 0xEC, 0x0E, 0x61, 0x60, 0xEA, 0x32, 0x40, 0x50, 0xBD,
    0x22, 0x40, 0x60, 0xBD, 0x12, 0x41, 0x51, 0xBD, 0x3A, 0x41, 0x61, 0xBD,
    0xBF, 0x2F, 0x0E, 0xBD, 0x97, 0xE2, 0x7B, 0x72, 0x32, 0x20, 0x22, 0x20,
    0x12, 0x20, 0x3A, 0x20, 0x35, 0x48, 0xB1, 0xE8, 0x3D, 0x59, 0xB1, 0xE8,
    0x46, 0x31, 0x46, 0xBF, 0x56, 0x31, 0x56, 0xBF, 0xB3, 0xE2, 0x2D, 0x9F,
    0x00, 0x80, 0x00, 0xE8, 0x66, 0x31, 0x66, 0xBF, 0x47, 0x39, 0x47, 0xBF,
    0x57, 0x39, 0x57, 0xBF, 0x67, 0x39, 0x67, 0xBF, 0x7B, 0x80, 0x07, 0xEA,
    0x24, 0x41, 0x20, 0xE9, 0x35, 0x00, 0x3D, 0x00, 0x00, 0xE0, 0x2D, 0x73,
    0x33, 0x72, 0x0C, 0xE3, 0x8D, 0x2F, 0x1E, 0xBD, 0x43, 0x75, 0xF8, 0xEC,
    0x35, 0x20, 0x3D, 0x20, 0x43, 0x43, 0x2D, 0xDF, 0x53, 0x53, 0x2D, 0xDF,
    0xAE, 0x1E, 0x0E, 0xBD, 0x58, 0xE3, 0x33, 0x66, 0x48, 0x35, 0x48, 0xBF,
    0x58, 0x35, 0x58, 0xBF, 0x68, 0x35, 0x68, 0xBF, 0x49, 0x3D, 0x49, 0xBF,
    0x59, 0x3D, 0x59, 0xBF, 0x69, 0x3D, 0x69, 0xBF, 0x63, 0x63, 0x2D, 0xDF,
    0x4D, 0x7D, 0xF8, 0xEC, 0x59, 0xE3, 0x00, 0xE0, 0xB8, 0x38, 0x33, 0xBF,
    0x2D, 0x73, 0x30, 0x76, 0x18, 0x3A, 0x41, 0xE9, 0x3F, 0x53, 0xA0, 0xE8,
    0x05, 0x80, 0x3D, 0xEA, 0x37, 0x43, 0xA0, 0xE8, 0x3D, 0x63, 0xA0, 0xE8,
    0x50, 0x70, 0xF8, 0xEC, 0x2B, 0x50, 0x3C, 0xE9, 0x1F, 0x0F, 0xBC, 0xE8,
    0x00, 0x80, 0x00, 0xE8, 0x59, 0x78, 0xF8, 0xEC, 0x00, 0x80, 0x00, 0xE8,
    0x15, 0xC0, 0x20, 0xE9, 0x15, 0xC0, 0x20, 0xE9, 0x15, 0xC0, 0x20, 0xE9,
    0x15, 0xC0, 0x20, 0xE9, 0x1E, 0x12, 0x41, 0xE9, 0x1A, 0x22, 0x41, 0xE9,
    0x46, 0x37, 0x46, 0xDF, 0x56, 0x3F, 0x56, 0xDF, 0x2B, 0x40, 0x3D, 0xE9,
    0x66, 0x3D, 0x66, 0xDF, 0x1D, 0x32, 0x41, 0xE9, 0x67, 0x3D, 0x67, 0xDF,
    0x47, 0x37, 0x47, 0xDF, 0x57, 0x3F, 0x57, 0xDF, 0x2A, 0x40, 0x20, 0xE9,
    0x59, 0x3F, 0x59, 0xDF, 0x16, 0x30, 0x20, 0xE9, 0x69, 0x3D, 0x69, 0xDF,
    0x48, 0x37, 0x48, 0xDF, 0x58, 0x3F, 0x58, 0xDF, 0x68, 0x3D, 0x68, 0xDF,
    0x49, 0x37, 0x49, 0xDF, 0x32, 0x32, 0x2D, 0xDF, 0x22, 0x22, 0x2D, 0xDF,
    0x12, 0x12, 0x2D, 0xDF, 0x3A, 0x3A, 0x2D, 0xDF, 0x0F, 0xCF, 0x74, 0xC2,
    0x37, 0xCF, 0x74, 0xC4, 0x0A, 0x44, 0x54, 0xB0, 0x02, 0x44, 0x64, 0xB0,
    0x3D, 0xCF, 0x74, 0xC0, 0x34, 0x37, 0x20, 0xE9, 0x31, 0x53, 0x2F, 0x9F,
    0x38, 0x0F, 0x20, 0xE9, 0x39, 0xE5, 0x2C, 0x9F, 0x3C, 0x3D, 0x20, 0xE9,
    0x2A, 0x44, 0x54, 0xB2, 0x1A, 0x44, 0x64, 0xB2, 0x36, 0x80, 0x3A, 0xEA,
    0x0A, 0x20, 0x02, 0x20, 0x0F, 0xCF, 0x75, 0xC0, 0x2A, 0x20, 0x1A, 0x20,
    0x30, 0x50, 0x2E, 0x9F, 0x32, 0x31, 0x5F, 0xE9, 0x38, 0x21, 0x2C, 0x9F,
    0x33, 0x39, 0x5F, 0xE9, 0x3D, 0xCF, 0x75, 0xC2, 0x37, 0xCF, 0x75, 0xC4,
    0x31, 0x53, 0x2F, 0x9F, 0xA6, 0x0F, 0x20, 0xE9, 0x39, 0xE5, 0x2C, 0x9F,
    0xA3, 0x3D, 0x20, 0xE9, 0x2A, 0x44, 0x54, 0xB4, 0x1A, 0x44, 0x64, 0xB4,
    0x0A, 0x45, 0x55, 0xB0, 0x02, 0x45, 0x65, 0xB0, 0x88, 0x73, 0x5E, 0xE9,
    0x2A, 0x20, 0x1A, 0x20, 0xA0, 0x37, 0x20, 0xE9, 0x0A, 0x20, 0x02, 0x20,
    0x31, 0x53, 0x2F, 0x9F, 0x3E, 0x30, 0x4F, 0xE9, 0x39, 0xE5, 0x2C, 0x9F,
    0x3F, 0x38, 0x4F, 0xE9, 0x30, 0x50, 0x2E, 0x9F, 0x3A, 0x31, 0x4F, 0xE9,
    0x38, 0x21, 0x2C, 0x9F, 0x3B, 0x39, 0x4F, 0xE9, 0x2A, 0x45, 0x55, 0xB2,
    0x1A, 0x45, 0x65, 0xB2, 0x0A, 0x45, 0x55, 0xB4, 0x02, 0x45, 0x65, 0xB4,
    0x0F, 0xCF, 0x74, 0xC6, 0x2A, 0x20, 0x1A, 0x20, 0xA7, 0x30, 0x4F, 0xE9,
    0x0A, 0x20, 0x02, 0x20, 0x31, 0x53, 0x2F, 0x9F, 0x9C, 0x0F, 0x20, 0xE9,
    0x39, 0xE5, 0x2C, 0x9F, 0xA8, 0x38, 0x4F, 0xE9, 0x2A, 0x44, 0x54, 0xB6,
    0x1A, 0x44, 0x64, 0xB6, 0x30, 0x50, 0x2E, 0x9F, 0x36, 0x31, 0x4F, 0xE9,
    0x38, 0x21, 0x2C, 0x9F, 0x37, 0x39, 0x4F, 0xE9, 0x00, 0x80, 0x00, 0xE8,
    0x2A, 0x20, 0x1A, 0x20, 0x2A, 0x46, 0x56, 0xBF, 0x1A, 0x46, 0x66, 0xBF,
    0x31, 0x53, 0x2F, 0x9F, 0xA4, 0x31, 0x4F, 0xE9, 0x39, 0xE5, 0x2C, 0x9F,
    0xA5, 0x39, 0x4F, 0xE9, 0x0A, 0x47, 0x57, 0xBF, 0x02, 0x47, 0x67, 0xBF,
    0x31, 0x53, 0x2F, 0x9F, 0xA1, 0x30, 0x4F, 0xE9, 0x39, 0xE5, 0x2C, 0x9F,
    0xA2, 0x38, 0x4F, 0xE9, 0x2A, 0x43, 0x53, 0xBF, 0x1A, 0x43, 0x63, 0xBF,
    0x30, 0x50, 0x2E, 0x9F, 0x9D, 0x31, 0x4F, 0xE9, 0x38, 0x21, 0x2C, 0x9F,
    0x9E, 0x39, 0x4F, 0xE9, 0x0A, 0x48, 0x58, 0xBF, 0x02, 0x48, 0x68, 0xBF,
    0x31, 0x53, 0x2F, 0x9F, 0x80, 0x31, 0x57, 0xE9, 0x39, 0xE5, 0x2C, 0x9F,
    0x81, 0x39, 0x57, 0xE9, 0x2A, 0x49, 0x59, 0xBF, 0x1A, 0x49, 0x69, 0xBF,
    0x30, 0x50, 0x2E, 0x9F, 0x82, 0x30, 0x57, 0xE9, 0x38, 0x21, 0x2C, 0x9F,
    0x83, 0x38, 0x57, 0xE9, 0x31, 0x53, 0x2F, 0x9F, 0x84, 0x31, 0x5E, 0xE9,
    0x39, 0xE5, 0x2C, 0x9F, 0x85, 0x39, 0x5E, 0xE9, 0x86, 0x76, 0x57, 0xE9,
    0x8A, 0x36, 0x20, 0xE9, 0x87, 0x77, 0x57, 0xE9, 0x8B, 0x3E, 0xBF, 0xEA,
    0x80, 0x30, 0x57, 0xE9, 0x81, 0x38, 0x57, 0xE9, 0x82, 0x31, 0x57, 0xE9,
    0x86, 0x78, 0x57, 0xE9, 0x83, 0x39, 0x57, 0xE9, 0x87, 0x79, 0x57, 0xE9,
    0x30, 0x1F, 0x5F, 0xE9, 0x8A, 0x34, 0x20, 0xE9, 0x8B, 0x3C, 0x20, 0xE9,
    0x37, 0x50, 0x60, 0xBD, 0x57, 0x0D, 0x20, 0xE9, 0x35, 0x51, 0x61, 0xBD,
    0x2B, 0x50, 0x20, 0xE9, 0x1D, 0x37, 0xE1, 0xEA, 0x1E, 0x35, 0xE1, 0xEA,
    0x00, 0xE0, 0x0E, 0x77, 0x24, 0x51, 0x20, 0xE9, 0x8D, 0xFF, 0x20, 0xEA,
    0x16, 0x0E, 0x20, 0xE9, 0x57, 0x2E, 0xBF, 0xEA, 0x0B, 0x46, 0xA0, 0xE8,
    0x1B, 0x56, 0xA0, 0xE8, 0x2B, 0x66, 0xA0, 0xE8, 0x0C, 0x47, 0xA0, 0xE8,
    0x1C, 0x57, 0xA0, 0xE8, 0x2C, 0x67, 0xA0, 0xE8, 0x0B, 0x00, 0x1B, 0x00,
    0x2B, 0x00, 0x00, 0xE0, 0x0C, 0x00, 0x1C, 0x00, 0x2C, 0x00, 0x00, 0xE0,
    0x0B, 0x65, 0x1B, 0x65, 0x2B, 0x65, 0x00, 0xE0, 0x0C, 0x65, 0x1C, 0x65,
    0x2C, 0x65, 0x00, 0xE0, 0x0B, 0x1B, 0x60, 0xEC, 0x36, 0xD7, 0x36, 0xAD,
    0x2B, 0x80, 0x60, 0xEC, 0x0C, 0x1C, 0x60, 0xEC, 0x3E, 0xD7, 0x3E, 0xAD,
    0x2C, 0x80, 0x60, 0xEC, 0x0B, 0x2B, 0xDE, 0xE8, 0x1B, 0x80, 0xDE, 0xE8,
    0x36, 0x80, 0x36, 0xBD, 0x3E, 0x80, 0x3E, 0xBD, 0x33, 0xD7, 0x0B, 0xBD,
    0x3B, 0xD7, 0x1B, 0xBD, 0x46, 0x80, 0x46, 0xCF, 0x57, 0x80, 0x57, 0xCF,
    0x66, 0x33, 0x66, 0xCF, 0x47, 0x3B, 0x47, 0xCF, 0x56, 0x33, 0x56, 0xCF,
    0x67, 0x3B, 0x67, 0xCF, 0x0B, 0x48, 0xA0, 0xE8, 0x1B, 0x58, 0xA0, 0xE8,
    0x2B, 0x68, 0xA0, 0xE8, 0x0C, 0x49, 0xA0, 0xE8, 0x1C, 0x59, 0xA0, 0xE8,
    0x2C, 0x69, 0xA0, 0xE8, 0x0B, 0x00, 0x1B, 0x00, 0x2B, 0x00, 0x00, 0xE0,
    0x0C, 0x00, 0x1C, 0x00, 0x2C, 0x00, 0x00, 0xE0, 0x0B, 0x65, 0x1B, 0x65,
    0x2B, 0x65, 0x00, 0xE0, 0x0C, 0x65, 0x1C, 0x65, 0x2C, 0x65, 0x00, 0xE0,
    0x0B, 0x1B, 0x60, 0xEC, 0x34, 0xD7, 0x34, 0xAD, 0x2B, 0x80, 0x60, 0xEC,
    0x0C, 0x1C, 0x60, 0xEC, 0x3C, 0xD7, 0x3C, 0xAD, 0x2C, 0x80, 0x60, 0xEC,
    0x0B, 0x2B, 0xDE, 0xE8, 0x1B, 0x80, 0xDE, 0xE8, 0x34, 0x80, 0x34, 0xBD,
    0x3C, 0x80, 0x3C, 0xBD, 0x33, 0xD7, 0x0B, 0xBD, 0x3B, 0xD7, 0x1B, 0xBD,
    0x48, 0x80, 0x48, 0xCF, 0x59, 0x80, 0x59, 0xCF, 0x68, 0x33, 0x68, 0xCF,
    0x49, 0x3B, 0x49, 0xCF, 0xAD, 0xFF, 0x20, 0xEA, 0x00, 0x80, 0x00, 0xE8,
    0x58, 0x33, 0x58, 0xCF, 0x69, 0x3B, 0x69, 0xCF, 0x6B, 0xFF, 0x20, 0xEA,
    0x57, 0xC0, 0xBF, 0xEA, 0x00, 0x80, 0xA0, 0xE9, 0x00, 0x00, 0xD8, 0xEC,
};

static const unsigned char osmgaWarpG400_t2gzsaf[1256] = {
    0x00, 0x8A, 0x98, 0xE9, 0x00, 0x80, 0x00, 0xE8, 0x00, 0x80, 0xA0, 0xE9,
    0x00, 0x00, 0xD8, 0xEC, 0xFF, 0x80, 0xC0, 0xE9, 0x00, 0x80, 0x00, 0xE8,
    0x0A, 0x40, 0x50, 0xBF, 0x2A, 0x40, 0x60, 0xBF, 0x32, 0x41, 0x51, 0xBF,
    0x3A, 0x41, 0x61, 0xBF, 0xC3, 0x6B, 0xD3, 0x6B, 0x00, 0x8A, 0x98, 0xE9,
    0x73, 0x7B, 0xC8, 0xEC, 0x96, 0xE2, 0x41, 0x04, 0x7B, 0x43, 0xA0, 0xE8,
    0x73, 0x53, 0xA0, 0xE8, 0xAD, 0xEE, 0x23, 0x9F, 0x00, 0xE0, 0x51, 0x04,
    0x90, 0xE2, 0x61, 0x04, 0x31, 0x46, 0xB1, 0xE8, 0x51, 0x41, 0xE0, 0xEC,
    0x39, 0x67, 0xB1, 0xE8, 0x00, 0x04, 0x46, 0xE2, 0x73, 0x63, 0xA0, 0xE8,
    0x61, 0x41, 0xE0, 0xEC, 0x31, 0x00, 0x39, 0x00, 0x8E, 0x80, 0x15, 0xEA,
    0x10, 0x04, 0x20, 0x04, 0x61, 0x51, 0xE0, 0xEC, 0x2F, 0x41, 0x60, 0xEA,
    0x31, 0x20, 0x39, 0x20, 0x1F, 0x42, 0xA0, 0xE8, 0x2A, 0x42, 0x52, 0xBF,
    0x0F, 0x52, 0xA0, 0xE8, 0x1A, 0x42, 0x62, 0xBF, 0x1E, 0x51, 0x60, 0xEA,
    0x73, 0x7B, 0xC8, 0xEC, 0x0E, 0x61, 0x60, 0xEA, 0x32, 0x40, 0x50, 0xBD,
    0x22, 0x40, 0x60, 0xBD, 0x12, 0x41, 0x51, 0xBD, 0x3A, 0x41, 0x61, 0xBD,
    0xBF, 0x2F, 0x0E, 0xBD, 0x97, 0xE2, 0x7B, 0x72, 0x32, 0x20, 0x22, 0x20,
    0x12, 0x20, 0x3A, 0x20, 0x35, 0x48, 0xB1, 0xE8, 0x3D, 0x59, 0xB1, 0xE8,
    0x46, 0x31, 0x46, 0xBF, 0x56, 0x31, 0x56, 0xBF, 0xB3, 0xE2, 0x2D, 0x9F,
    0x00, 0x80, 0x00, 0xE8, 0x66, 0x31, 0x66, 0xBF, 0x47, 0x39, 0x47, 0xBF,
    0x57, 0x39, 0x57, 0xBF, 0x67, 0x39, 0x67, 0xBF, 0x7F, 0x80, 0x07, 0xEA,
    0x24, 0x41, 0x20, 0xE9, 0x35, 0x00, 0x3D, 0x00, 0x00, 0xE0, 0x2D, 0x73,
    0x33, 0x72, 0x0C, 0xE3, 0x8D, 0x2F, 0x1E, 0xBD, 0x43, 0x75, 0xF8, 0xEC,
    0x35, 0x20, 0x3D, 0x20, 0x43, 0x43, 0x2D, 0xDF, 0x53, 0x53, 0x2D, 0xDF,
    0xAE, 0x1E, 0x0E, 0xBD, 0x58, 0xE3, 0x33, 0x66, 0x48, 0x35, 0x48, 0xBF,
    0x58, 0x35, 0x58, 0xBF, 0x68, 0x35, 0x68, 0xBF, 0x49, 0x3D, 0x49, 0xBF,
    0x59, 0x3D, 0x59, 0xBF, 0x69, 0x3D, 0x69, 0xBF, 0x63, 0x63, 0x2D, 0xDF,
    0x4D, 0x7D, 0xF8, 0xEC, 0x59, 0xE3, 0x00, 0xE0, 0xB8, 0x38, 0x33, 0xBF,
    0x2D, 0x73, 0x30, 0x76, 0x18, 0x3A, 0x41, 0xE9, 0x3F, 0x53, 0xA0, 0xE8,
    0x05, 0x80, 0x3D, 0xEA, 0x37, 0x43, 0xA0, 0xE8, 0x3D, 0x63, 0xA0, 0xE8,
    0x50, 0x70, 0xF8, 0xEC, 0x2B, 0x50, 0x3C, 0xE9, 0x1F, 0x0F, 0xBC, 0xE8,
    0x00, 0x80, 0x00, 0xE8, 0x59, 0x78, 0xF8, 0xEC, 0x00, 0x80, 0x00, 0xE8,
    0x15, 0xC0, 0x20, 0xE9, 0x15, 0xC0, 0x20, 0xE9, 0x15, 0xC0, 0x20, 0xE9,
    0x15, 0xC0, 0x20, 0xE9, 0x1E, 0x12, 0x41, 0xE9, 0x1A, 0x22, 0x41, 0xE9,
    0x46, 0x37, 0x46, 0xDF, 0x56, 0x3F, 0x56, 0xDF, 0x2B, 0x40, 0x3D, 0xE9,
    0x66, 0x3D, 0x66, 0xDF, 0x1D, 0x32, 0x41, 0xE9, 0x67, 0x3D, 0x67, 0xDF,
    0x47, 0x37, 0x47, 0xDF, 0x57, 0x3F, 0x57, 0xDF, 0x2A, 0x40, 0x20, 0xE9,
    0x59, 0x3F, 0x59, 0xDF, 0x16, 0x30, 0x20, 0xE9, 0x69, 0x3D, 0x69, 0xDF,
    0x48, 0x37, 0x48, 0xDF, 0x58, 0x3F, 0x58, 0xDF, 0x68, 0x3D, 0x68, 0xDF,
    0x49, 0x37, 0x49, 0xDF, 0x32, 0x32, 0x2D, 0xDF, 0x22, 0x22, 0x2D, 0xDF,
    0x12, 0x12, 0x2D, 0xDF, 0x3A, 0x3A, 0x2D, 0xDF, 0x0F, 0xCF, 0x74, 0xC2,
    0x37, 0xCF, 0x74, 0xC4, 0x0A, 0x44, 0x54, 0xB0, 0x02, 0x44, 0x64, 0xB0,
    0x3D, 0xCF, 0x74, 0xC0, 0x34, 0x37, 0x20, 0xE9, 0x31, 0x53, 0x2F, 0x9F,
    0x38, 0x0F, 0x20, 0xE9, 0x39, 0xE5, 0x2C, 0x9F, 0x3C, 0x3D, 0x20, 0xE9,
    0x2A, 0x44, 0x54, 0xB2, 0x1A, 0x44, 0x64, 0xB2, 0x3A, 0x80, 0x3A, 0xEA,
    0x0A, 0x20, 0x02, 0x20, 0x0F, 0xCF, 0x75, 0xC0, 0x2A, 0x20, 0x1A, 0x20,
    0x30, 0x50, 0x2E, 0x9F, 0x32, 0x31, 0x5F, 0xE9, 0x38, 0x21, 0x2C, 0x9F,
    0x33, 0x39, 0x5F, 0xE9, 0x3D, 0xCF, 0x75, 0xC2, 0x37, 0xCF, 0x75, 0xC4,
    0x31, 0x53, 0x2F, 0x9F, 0xA6, 0x0F, 0x20, 0xE9, 0x39, 0xE5, 0x2C, 0x9F,
    0xA3, 0x3D, 0x20, 0xE9, 0x2A, 0x44, 0x54, 0xB4, 0x1A, 0x44, 0x64, 0xB4,
    0x0A, 0x45, 0x55, 0xB0, 0x02, 0x45, 0x65, 0xB0, 0x88, 0x73, 0x5E, 0xE9,
    0x2A, 0x20, 0x1A, 0x20, 0xA0, 0x37, 0x20, 0xE9, 0x0A, 0x20, 0x02, 0x20,
    0x31, 0x53, 0x2F, 0x9F, 0x3E, 0x30, 0x4F, 0xE9, 0x39, 0xE5, 0x2C, 0x9F,
    0x3F, 0x38, 0x4F, 0xE9, 0x30, 0x50, 0x2E, 0x9F, 0x3A, 0x31, 0x4F, 0xE9,
    0x38, 0x21, 0x2C, 0x9F, 0x3B, 0x39, 0x4F, 0xE9, 0x2A, 0x45, 0x55, 0xB2,
    0x1A, 0x45, 0x65, 0xB2, 0x0A, 0x45, 0x55, 0xB4, 0x02, 0x45, 0x65, 0xB4,
    0x0F, 0xCF, 0x74, 0xC6, 0x2A, 0x20, 0x1A, 0x20, 0xA7, 0x30, 0x4F, 0xE9,
    0x0A, 0x20, 0x02, 0x20, 0x31, 0x53, 0x2F, 0x9F, 0x9C, 0x0F, 0x20, 0xE9,
    0x39, 0xE5, 0x2C, 0x9F, 0xA8, 0x38, 0x4F, 0xE9, 0x2A, 0x44, 0x54, 0xB6,
    0x1A, 0x44, 0x64, 0xB6, 0x30, 0x50, 0x2E, 0x9F, 0x36, 0x31, 0x4F, 0xE9,
    0x38, 0x21, 0x2C, 0x9F, 0x37, 0x39, 0x4F, 0xE9, 0x0A, 0x45, 0x55, 0xB6,
    0x02, 0x45, 0x65, 0xB6, 0x3D, 0xCF, 0x75, 0xC6, 0x2A, 0x20, 0x1A, 0x20,
    0x2A, 0x46, 0x56, 0xBF, 0x1A, 0x46, 0x66, 0xBF, 0x31, 0x53, 0x2F, 0x9F,
    0xA4, 0x31, 0x4F, 0xE9, 0x39, 0xE5, 0x2C, 0x9F, 0xA5, 0x39, 0x4F, 0xE9,
    0x31, 0x3D, 0x20, 0xE9, 0x0A, 0x20, 0x02, 0x20, 0x0A, 0x47, 0x57, 0xBF,
    0x02, 0x47, 0x67, 0xBF, 0x30, 0x50, 0x2E, 0x9F, 0xA1, 0x30, 0x4F, 0xE9,
    0x38, 0x21, 0x2C, 0x9F, 0xA2, 0x38, 0x4F, 0xE9, 0x31, 0x53, 0x2F, 0x9F,
    0x9D, 0x31, 0x4F, 0xE9, 0x39, 0xE5, 0x2C, 0x9F, 0x9E, 0x39, 0x4F, 0xE9,
    0x2A, 0x43, 0x53, 0xBF, 0x1A, 0x43, 0x63, 0xBF, 0x30, 0x50, 0x2E, 0x9F,
    0x35, 0x30, 0x4F, 0xE9, 0x38, 0x21, 0x2C, 0x9F, 0x39, 0x38, 0x4F, 0xE9,
    0x0A, 0x48, 0x58, 0xBF, 0x02, 0x48, 0x68, 0xBF, 0x31, 0x53, 0x2F, 0x9F,
    0x80, 0x31, 0x57, 0xE9, 0x39, 0xE5, 0x2C, 0x9F, 0x81, 0x39, 0x57, 0xE9,
    0x2A, 0x49, 0x59, 0xBF, 0x1A, 0x49, 0x69, 0xBF, 0x30, 0x50, 0x2E, 0x9F,
    0x82, 0x30, 0x57, 0xE9, 0x38, 0x21, 0x2C, 0x9F, 0x83, 0x38, 0x57, 0xE9,
    0x31, 0x53, 0x2F, 0x9F, 0x84, 0x31, 0x5E, 0xE9, 0x39, 0xE5, 0x2C, 0x9F,
    0x85, 0x39, 0x5E, 0xE9, 0x86, 0x76, 0x57, 0xE9, 0x8A, 0x36, 0x20, 0xE9,
    0x87, 0x77, 0x57, 0xE9, 0x8B, 0x3E, 0xBF, 0xEA, 0x80, 0x30, 0x57, 0xE9,
    0x81, 0x38, 0x57, 0xE9, 0x82, 0x31, 0x57, 0xE9, 0x86, 0x78, 0x57, 0xE9,
    0x83, 0x39, 0x57, 0xE9, 0x87, 0x79, 0x57, 0xE9, 0x30, 0x1F, 0x5F, 0xE9,
    0x8A, 0x34, 0x20, 0xE9, 0x8B, 0x3C, 0x20, 0xE9, 0x37, 0x50, 0x60, 0xBD,
    0x57, 0x0D, 0x20, 0xE9, 0x35, 0x51, 0x61, 0xBD, 0x2B, 0x50, 0x20, 0xE9,
    0x1D, 0x37, 0xE1, 0xEA, 0x1E, 0x35, 0xE1, 0xEA, 0x00, 0xE0, 0x0E, 0x77,
    0x24, 0x51, 0x20, 0xE9, 0x89, 0xFF, 0x20, 0xEA, 0x16, 0x0E, 0x20, 0xE9,
    0x57, 0x2E, 0xBF, 0xEA, 0x0B, 0x46, 0xA0, 0xE8, 0x1B, 0x56, 0xA0, 0xE8,
    0x2B, 0x66, 0xA0, 0xE8, 0x0C, 0x47, 0xA0, 0xE8, 0x1C, 0x57, 0xA0, 0xE8,
    0x2C, 0x67, 0xA0, 0xE8, 0x0B, 0x00, 0x1B, 0x00, 0x2B, 0x00, 0x00, 0xE0,
    0x0C, 0x00, 0x1C, 0x00, 0x2C, 0x00, 0x00, 0xE0, 0x0B, 0x65, 0x1B, 0x65,
    0x2B, 0x65, 0x00, 0xE0, 0x0C, 0x65, 0x1C, 0x65, 0x2C, 0x65, 0x00, 0xE0,
    0x0B, 0x1B, 0x60, 0xEC, 0x36, 0xD7, 0x36, 0xAD, 0x2B, 0x80, 0x60, 0xEC,
    0x0C, 0x1C, 0x60, 0xEC, 0x3E, 0xD7, 0x3E, 0xAD, 0x2C, 0x80, 0x60, 0xEC,
    0x0B, 0x2B, 0xDE, 0xE8, 0x1B, 0x80, 0xDE, 0xE8, 0x36, 0x80, 0x36, 0xBD,
    0x3E, 0x80, 0x3E, 0xBD, 0x33, 0xD7, 0x0B, 0xBD, 0x3B, 0xD7, 0x1B, 0xBD,
    0x46, 0x80, 0x46, 0xCF, 0x57, 0x80, 0x57, 0xCF, 0x66, 0x33, 0x66, 0xCF,
    0x47, 0x3B, 0x47, 0xCF, 0x56, 0x33, 0x56, 0xCF, 0x67, 0x3B, 0x67, 0xCF,
    0x0B, 0x48, 0xA0, 0xE8, 0x1B, 0x58, 0xA0, 0xE8, 0x2B, 0x68, 0xA0, 0xE8,
    0x0C, 0x49, 0xA0, 0xE8, 0x1C, 0x59, 0xA0, 0xE8, 0x2C, 0x69, 0xA0, 0xE8,
    0x0B, 0x00, 0x1B, 0x00, 0x2B, 0x00, 0x00, 0xE0, 0x0C, 0x00, 0x1C, 0x00,
    0x2C, 0x00, 0x00, 0xE0, 0x0B, 0x65, 0x1B, 0x65, 0x2B, 0x65, 0x00, 0xE0,
    0x0C, 0x65, 0x1C, 0x65, 0x2C, 0x65, 0x00, 0xE0, 0x0B, 0x1B, 0x60, 0xEC,
    0x34, 0xD7, 0x34, 0xAD, 0x2B, 0x80, 0x60, 0xEC, 0x0C, 0x1C, 0x60, 0xEC,
    0x3C, 0xD7, 0x3C, 0xAD, 0x2C, 0x80, 0x60, 0xEC, 0x0B, 0x2B, 0xDE, 0xE8,
    0x1B, 0x80, 0xDE, 0xE8, 0x34, 0x80, 0x34, 0xBD, 0x3C, 0x80, 0x3C, 0xBD,
    0x33, 0xD7, 0x0B, 0xBD, 0x3B, 0xD7, 0x1B, 0xBD, 0x48, 0x80, 0x48, 0xCF,
    0x59, 0x80, 0x59, 0xCF, 0x68, 0x33, 0x68, 0xCF, 0x49, 0x3B, 0x49, 0xCF,
    0xA9, 0xFF, 0x20, 0xEA, 0x00, 0x80, 0x00, 0xE8, 0x58, 0x33, 0x58, 0xCF,
    0x69, 0x3B, 0x69, 0xCF, 0x67, 0xFF, 0x20, 0xEA, 0x57, 0xC0, 0xBF, 0xEA,
    0x00, 0x80, 0xA0, 0xE9, 0x00, 0x00, 0xD8, 0xEC,
};

/* Indexed by pipe number (F=1 A=2 S=4 T2=8), not by install
 * order.  They coincide here, but the sizes do not, so callers
 * must accumulate offsets instead of scaling the index. */
const OSMGAWarpPipe osmgaWarpG400Pipes[OSMGA_WARP_PIPES] = {
    { osmgaWarpG400_tgz, 824UL },   /*  0 tgz */
    { osmgaWarpG400_tgzf, 864UL },   /*  1 tgzf */
    { osmgaWarpG400_tgza, 856UL },   /*  2 tgza */
    { osmgaWarpG400_tgzaf, 896UL },   /*  3 tgzaf */
    { osmgaWarpG400_tgzs, 928UL },   /*  4 tgzs */
    { osmgaWarpG400_tgzsf, 968UL },   /*  5 tgzsf */
    { osmgaWarpG400_tgzsa, 968UL },   /*  6 tgzsa */
    { osmgaWarpG400_tgzsaf, 1000UL },   /*  7 tgzsaf */
    { osmgaWarpG400_t2gz, 1080UL },   /*  8 t2gz */
    { osmgaWarpG400_t2gzf, 1120UL },   /*  9 t2gzf */
    { osmgaWarpG400_t2gza, 1112UL },   /* 10 t2gza */
    { osmgaWarpG400_t2gzaf, 1152UL },   /* 11 t2gzaf */
    { osmgaWarpG400_t2gzs, 1184UL },   /* 12 t2gzs */
    { osmgaWarpG400_t2gzsf, 1224UL },   /* 13 t2gzsf */
    { osmgaWarpG400_t2gzsa, 1224UL },   /* 14 t2gzsa */
    { osmgaWarpG400_t2gzsaf, 1256UL },   /* 15 t2gzsaf */
};
