# shape C mode plane ntri 2
# v0 148.0000000 72.0000000
# v1 24.0000000 132.0000000
# v2 144.0000000 172.0000000
# v3 296.0000000 48.0000000
# t0 0 1 2
# t1 0 2 3
# counters drawn=2 software=0 declined=0
# mode hardware
P 293 48 206 206 206
P 294 48 206 206 206
P 287 49 204 204 204
P 288 49 205 205 205
P 289 49 205 205 205
P 290 49 205 205 205
P 291 49 205 205 205
P 292 49 206 206 206
P 293 49 206 206 206
P 281 50 203 203 203
P 282 50 203 203 203
P 283 50 204 204 204
P 284 50 204 204 204
P 285 50 204 204 204
P 286 50 204 204 204
P 287 50 205 205 205
P 288 50 205 205 205
P 289 50 205 205 205
P 290 50 205 205 205
P 291 50 206 206 206
P 292 50 206 206 206
P 274 51 202 202 202
P 275 51 202 202 202
P 276 51 202 202 202
P 277 51 202 202 202
P 278 51 203 203 203
P 279 51 203 203 203
P 280 51 203 203 203
P 281 51 203 203 203
P 282 51 204 204 204
P 283 51 204 204 204
P 284 51 204 204 204
P 285 51 204 204 204
P 286 51 205 205 205
P 287 51 205 205 205
P 288 51 205 205 205
P 289 51 205 205 205
P 290 51 206 206 206
P 291 51 206 206 206
P 268 52 200 200 200
P 269 52 201 201 201
P 270 52 201 201 201
P 271 52 201 201 201
P 272 52 201 201 201
P 273 52 202 202 202
P 274 52 202 202 202
P 275 52 202 202 202
P 276 52 202 202 202
P 277 52 203 203 203
P 278 52 203 203 203
P 279 52 203 203 203
P 280 52 203 203 203
P 281 52 204 204 204
P 282 52 204 204 204
P 283 52 204 204 204
P 284 52 204 204 204
P 285 52 205 205 205
P 286 52 205 205 205
P 287 52 205 205 205
P 288 52 205 205 205
P 289 52 206 206 206
P 262 53 199 199 199
P 263 53 199 199 199
P 264 53 200 200 200
P 265 53 200 200 200
P 266 53 200 200 200
P 267 53 200 200 200
P 268 53 201 201 201
P 269 53 201 201 201
P 270 53 201 201 201
P 271 53 201 201 201
P 272 53 202 202 202
P 273 53 202 202 202
P 274 53 202 202 202
P 275 53 202 202 202
P 276 53 203 203 203
P 277 53 203 203 203
P 278 53 203 203 203
P 279 53 203 203 203
P 280 53 204 204 204
P 281 53 204 204 204
P 282 53 204 204 204
P 283 53 204 204 204
P 284 53 205 205 205
P 285 53 205 205 205
P 286 53 205 205 205
P 287 53 205 205 205
P 288 53 206 206 206
P 256 54 198 198 198
P 257 54 198 198 198
P 258 54 198 198 198
P 259 54 199 199 199
P 260 54 199 199 199
P 261 54 199 199 199
P 262 54 199 199 199
P 263 54 200 200 200
P 264 54 200 200 200
P 265 54 200 200 200
P 266 54 200 200 200
P 267 54 201 201 201
P 268 54 201 201 201
P 269 54 201 201 201
P 270 54 201 201 201
P 271 54 202 202 202
P 272 54 202 202 202
P 273 54 202 202 202
P 274 54 202 202 202
P 275 54 203 203 203
P 276 54 203 203 203
P 277 54 203 203 203
P 278 54 203 203 203
P 279 54 204 204 204
P 280 54 204 204 204
P 281 54 204 204 204
P 282 54 204 204 204
P 283 54 205 205 205
P 284 54 205 205 205
P 285 54 205 205 205
P 286 54 205 205 205
P 287 54 206 206 206
P 250 55 197 197 197
P 251 55 197 197 197
P 252 55 197 197 197
P 253 55 197 197 197
P 254 55 198 198 198
P 255 55 198 198 198
P 256 55 198 198 198
P 257 55 198 198 198
P 258 55 199 199 199
P 259 55 199 199 199
P 260 55 199 199 199
P 261 55 199 199 199
P 262 55 200 200 200
P 263 55 200 200 200
P 264 55 200 200 200
P 265 55 200 200 200
P 266 55 201 201 201
P 267 55 201 201 201
P 268 55 201 201 201
P 269 55 201 201 201
P 270 55 202 202 202
P 271 55 202 202 202
P 272 55 202 202 202
P 273 55 202 202 202
P 274 55 203 203 203
P 275 55 203 203 203
P 276 55 203 203 203
P 277 55 203 203 203
P 278 55 204 204 204
P 279 55 204 204 204
P 280 55 204 204 204
P 281 55 204 204 204
P 282 55 205 205 205
P 283 55 205 205 205
P 284 55 205 205 205
P 285 55 205 205 205
P 286 55 206 206 206
P 244 56 195 195 195
P 245 56 196 196 196
P 246 56 196 196 196
P 247 56 196 196 196
P 248 56 196 196 196
P 249 56 197 197 197
P 250 56 197 197 197
P 251 56 197 197 197
P 252 56 197 197 197
P 253 56 198 198 198
P 254 56 198 198 198
P 255 56 198 198 198
P 256 56 198 198 198
P 257 56 199 199 199
P 258 56 199 199 199
P 259 56 199 199 199
P 260 56 199 199 199
P 261 56 200 200 200
P 262 56 200 200 200
P 263 56 200 200 200
P 264 56 200 200 200
P 265 56 201 201 201
P 266 56 201 201 201
P 267 56 201 201 201
P 268 56 201 201 201
P 269 56 202 202 202
P 270 56 202 202 202
P 271 56 202 202 202
P 272 56 202 202 202
P 273 56 203 203 203
P 274 56 203 203 203
P 275 56 203 203 203
P 276 56 203 203 203
P 277 56 204 204 204
P 278 56 204 204 204
P 279 56 204 204 204
P 280 56 204 204 204
P 281 56 205 205 205
P 282 56 205 205 205
P 283 56 205 205 205
P 284 56 205 205 205
P 285 56 206 206 206
P 237 57 194 194 194
P 238 57 194 194 194
P 239 57 194 194 194
P 240 57 195 195 195
P 241 57 195 195 195
P 242 57 195 195 195
P 243 57 195 195 195
P 244 57 196 196 196
P 245 57 196 196 196
P 246 57 196 196 196
P 247 57 196 196 196
P 248 57 197 197 197
P 249 57 197 197 197
P 250 57 197 197 197
P 251 57 197 197 197
P 252 57 198 198 198
P 253 57 198 198 198
P 254 57 198 198 198
P 255 57 198 198 198
P 256 57 199 199 199
P 257 57 199 199 199
P 258 57 199 199 199
P 259 57 199 199 199
P 260 57 200 200 200
P 261 57 200 200 200
P 262 57 200 200 200
P 263 57 200 200 200
P 264 57 201 201 201
P 265 57 201 201 201
P 266 57 201 201 201
P 267 57 201 201 201
P 268 57 202 202 202
P 269 57 202 202 202
P 270 57 202 202 202
P 271 57 202 202 202
P 272 57 203 203 203
P 273 57 203 203 203
P 274 57 203 203 203
P 275 57 203 203 203
P 276 57 204 204 204
P 277 57 204 204 204
P 278 57 204 204 204
P 279 57 204 204 204
P 280 57 205 205 205
P 281 57 205 205 205
P 282 57 205 205 205
P 283 57 205 205 205
P 231 58 193 193 193
P 232 58 193 193 193
P 233 58 193 193 193
P 234 58 193 193 193
P 235 58 194 194 194
P 236 58 194 194 194
P 237 58 194 194 194
P 238 58 194 194 194
P 239 58 195 195 195
P 240 58 195 195 195
P 241 58 195 195 195
P 242 58 195 195 195
P 243 58 196 196 196
P 244 58 196 196 196
P 245 58 196 196 196
P 246 58 196 196 196
P 247 58 197 197 197
P 248 58 197 197 197
P 249 58 197 197 197
P 250 58 197 197 197
P 251 58 198 198 198
P 252 58 198 198 198
P 253 58 198 198 198
P 254 58 198 198 198
P 255 58 199 199 199
P 256 58 199 199 199
P 257 58 199 199 199
P 258 58 199 199 199
P 259 58 200 200 200
P 260 58 200 200 200
P 261 58 200 200 200
P 262 58 200 200 200
P 263 58 201 201 201
P 264 58 201 201 201
P 265 58 201 201 201
P 266 58 201 201 201
P 267 58 202 202 202
P 268 58 202 202 202
P 269 58 202 202 202
P 270 58 202 202 202
P 271 58 203 203 203
P 272 58 203 203 203
P 273 58 203 203 203
P 274 58 203 203 203
P 275 58 204 204 204
P 276 58 204 204 204
P 277 58 204 204 204
P 278 58 204 204 204
P 279 58 205 205 205
P 280 58 205 205 205
P 281 58 205 205 205
P 282 58 205 205 205
P 225 59 191 191 191
P 226 59 192 192 192
P 227 59 192 192 192
P 228 59 192 192 192
P 229 59 192 192 192
P 230 59 193 193 193
P 231 59 193 193 193
P 232 59 193 193 193
P 233 59 193 193 193
P 234 59 194 194 194
P 235 59 194 194 194
P 236 59 194 194 194
P 237 59 194 194 194
P 238 59 195 195 195
P 239 59 195 195 195
P 240 59 195 195 195
P 241 59 195 195 195
P 242 59 196 196 196
P 243 59 196 196 196
P 244 59 196 196 196
P 245 59 196 196 196
P 246 59 197 197 197
P 247 59 197 197 197
P 248 59 197 197 197
P 249 59 197 197 197
P 250 59 198 198 198
P 251 59 198 198 198
P 252 59 198 198 198
P 253 59 198 198 198
P 254 59 199 199 199
P 255 59 199 199 199
P 256 59 199 199 199
P 257 59 199 199 199
P 258 59 200 200 200
P 259 59 200 200 200
P 260 59 200 200 200
P 261 59 200 200 200
P 262 59 201 201 201
P 263 59 201 201 201
P 264 59 201 201 201
P 265 59 201 201 201
P 266 59 202 202 202
P 267 59 202 202 202
P 268 59 202 202 202
P 269 59 202 202 202
P 270 59 203 203 203
P 271 59 203 203 203
P 272 59 203 203 203
P 273 59 203 203 203
P 274 59 204 204 204
P 275 59 204 204 204
P 276 59 204 204 204
P 277 59 204 204 204
P 278 59 205 205 205
P 279 59 205 205 205
P 280 59 205 205 205
P 281 59 205 205 205
P 219 60 190 190 190
P 220 60 190 190 190
P 221 60 191 191 191
P 222 60 191 191 191
P 223 60 191 191 191
P 224 60 191 191 191
P 225 60 192 192 192
P 226 60 192 192 192
P 227 60 192 192 192
P 228 60 192 192 192
P 229 60 193 193 193
P 230 60 193 193 193
P 231 60 193 193 193
P 232 60 193 193 193
P 233 60 194 194 194
P 234 60 194 194 194
P 235 60 194 194 194
P 236 60 194 194 194
P 237 60 195 195 195
P 238 60 195 195 195
P 239 60 195 195 195
P 240 60 195 195 195
P 241 60 196 196 196
P 242 60 196 196 196
P 243 60 196 196 196
P 244 60 196 196 196
P 245 60 197 197 197
P 246 60 197 197 197
P 247 60 197 197 197
P 248 60 197 197 197
P 249 60 198 198 198
P 250 60 198 198 198
P 251 60 198 198 198
P 252 60 198 198 198
P 253 60 199 199 199
P 254 60 199 199 199
P 255 60 199 199 199
P 256 60 199 199 199
P 257 60 200 200 200
P 258 60 200 200 200
P 259 60 200 200 200
P 260 60 200 200 200
P 261 60 201 201 201
P 262 60 201 201 201
P 263 60 201 201 201
P 264 60 201 201 201
P 265 60 202 202 202
P 266 60 202 202 202
P 267 60 202 202 202
P 268 60 202 202 202
P 269 60 203 203 203
P 270 60 203 203 203
P 271 60 203 203 203
P 272 60 203 203 203
P 273 60 204 204 204
P 274 60 204 204 204
P 275 60 204 204 204
P 276 60 204 204 204
P 277 60 205 205 205
P 278 60 205 205 205
P 279 60 205 205 205
P 280 60 205 205 205
P 213 61 189 189 189
P 214 61 189 189 189
P 215 61 189 189 189
P 216 61 190 190 190
P 217 61 190 190 190
P 218 61 190 190 190
P 219 61 190 190 190
P 220 61 191 191 191
P 221 61 191 191 191
P 222 61 191 191 191
P 223 61 191 191 191
P 224 61 192 192 192
P 225 61 192 192 192
P 226 61 192 192 192
P 227 61 192 192 192
P 228 61 193 193 193
P 229 61 193 193 193
P 230 61 193 193 193
P 231 61 193 193 193
P 232 61 194 194 194
P 233 61 194 194 194
P 234 61 194 194 194
P 235 61 194 194 194
P 236 61 195 195 195
P 237 61 195 195 195
P 238 61 195 195 195
P 239 61 195 195 195
P 240 61 196 196 196
P 241 61 196 196 196
P 242 61 196 196 196
P 243 61 196 196 196
P 244 61 197 197 197
P 245 61 197 197 197
P 246 61 197 197 197
P 247 61 197 197 197
P 248 61 198 198 198
P 249 61 198 198 198
P 250 61 198 198 198
P 251 61 198 198 198
P 252 61 199 199 199
P 253 61 199 199 199
P 254 61 199 199 199
P 255 61 199 199 199
P 256 61 200 200 200
P 257 61 200 200 200
P 258 61 200 200 200
P 259 61 200 200 200
P 260 61 201 201 201
P 261 61 201 201 201
P 262 61 201 201 201
P 263 61 201 201 201
P 264 61 202 202 202
P 265 61 202 202 202
P 266 61 202 202 202
P 267 61 202 202 202
P 268 61 203 203 203
P 269 61 203 203 203
P 270 61 203 203 203
P 271 61 203 203 203
P 272 61 204 204 204
P 273 61 204 204 204
P 274 61 204 204 204
P 275 61 204 204 204
P 276 61 205 205 205
P 277 61 205 205 205
P 278 61 205 205 205
P 207 62 188 188 188
P 208 62 188 188 188
P 209 62 188 188 188
P 210 62 188 188 188
P 211 62 189 189 189
P 212 62 189 189 189
P 213 62 189 189 189
P 214 62 189 189 189
P 215 62 190 190 190
P 216 62 190 190 190
P 217 62 190 190 190
P 218 62 190 190 190
P 219 62 191 191 191
P 220 62 191 191 191
P 221 62 191 191 191
P 222 62 191 191 191
P 223 62 192 192 192
P 224 62 192 192 192
P 225 62 192 192 192
P 226 62 192 192 192
P 227 62 193 193 193
P 228 62 193 193 193
P 229 62 193 193 193
P 230 62 193 193 193
P 231 62 194 194 194
P 232 62 194 194 194
P 233 62 194 194 194
P 234 62 194 194 194
P 235 62 195 195 195
P 236 62 195 195 195
P 237 62 195 195 195
P 238 62 195 195 195
P 239 62 196 196 196
P 240 62 196 196 196
P 241 62 196 196 196
P 242 62 196 196 196
P 243 62 197 197 197
P 244 62 197 197 197
P 245 62 197 197 197
P 246 62 197 197 197
P 247 62 198 198 198
P 248 62 198 198 198
P 249 62 198 198 198
P 250 62 198 198 198
P 251 62 199 199 199
P 252 62 199 199 199
P 253 62 199 199 199
P 254 62 199 199 199
P 255 62 200 200 200
P 256 62 200 200 200
P 257 62 200 200 200
P 258 62 200 200 200
P 259 62 201 201 201
P 260 62 201 201 201
P 261 62 201 201 201
P 262 62 201 201 201
P 263 62 202 202 202
P 264 62 202 202 202
P 265 62 202 202 202
P 266 62 202 202 202
P 267 62 203 203 203
P 268 62 203 203 203
P 269 62 203 203 203
P 270 62 203 203 203
P 271 62 204 204 204
P 272 62 204 204 204
P 273 62 204 204 204
P 274 62 204 204 204
P 275 62 205 205 205
P 276 62 205 205 205
P 277 62 205 205 205
P 200 63 186 186 186
P 201 63 186 186 186
P 202 63 187 187 187
P 203 63 187 187 187
P 204 63 187 187 187
P 205 63 187 187 187
P 206 63 188 188 188
P 207 63 188 188 188
P 208 63 188 188 188
P 209 63 188 188 188
P 210 63 189 189 189
P 211 63 189 189 189
P 212 63 189 189 189
P 213 63 189 189 189
P 214 63 190 190 190
P 215 63 190 190 190
P 216 63 190 190 190
P 217 63 190 190 190
P 218 63 191 191 191
P 219 63 191 191 191
P 220 63 191 191 191
P 221 63 191 191 191
P 222 63 192 192 192
P 223 63 192 192 192
P 224 63 192 192 192
P 225 63 192 192 192
P 226 63 193 193 193
P 227 63 193 193 193
P 228 63 193 193 193
P 229 63 193 193 193
P 230 63 194 194 194
P 231 63 194 194 194
P 232 63 194 194 194
P 233 63 194 194 194
P 234 63 195 195 195
P 235 63 195 195 195
P 236 63 195 195 195
P 237 63 195 195 195
P 238 63 196 196 196
P 239 63 196 196 196
P 240 63 196 196 196
P 241 63 196 196 196
P 242 63 197 197 197
P 243 63 197 197 197
P 244 63 197 197 197
P 245 63 197 197 197
P 246 63 198 198 198
P 247 63 198 198 198
P 248 63 198 198 198
P 249 63 198 198 198
P 250 63 199 199 199
P 251 63 199 199 199
P 252 63 199 199 199
P 253 63 199 199 199
P 254 63 200 200 200
P 255 63 200 200 200
P 256 63 200 200 200
P 257 63 200 200 200
P 258 63 201 201 201
P 259 63 201 201 201
P 260 63 201 201 201
P 261 63 201 201 201
P 262 63 202 202 202
P 263 63 202 202 202
P 264 63 202 202 202
P 265 63 202 202 202
P 266 63 203 203 203
P 267 63 203 203 203
P 268 63 203 203 203
P 269 63 203 203 203
P 270 63 204 204 204
P 271 63 204 204 204
P 272 63 204 204 204
P 273 63 204 204 204
P 274 63 205 205 205
P 275 63 205 205 205
P 276 63 205 205 205
P 194 64 185 185 185
P 195 64 185 185 185
P 196 64 185 185 185
P 197 64 186 186 186
P 198 64 186 186 186
P 199 64 186 186 186
P 200 64 186 186 186
P 201 64 187 187 187
P 202 64 187 187 187
P 203 64 187 187 187
P 204 64 187 187 187
P 205 64 188 188 188
P 206 64 188 188 188
P 207 64 188 188 188
P 208 64 188 188 188
P 209 64 189 189 189
P 210 64 189 189 189
P 211 64 189 189 189
P 212 64 189 189 189
P 213 64 190 190 190
P 214 64 190 190 190
P 215 64 190 190 190
P 216 64 190 190 190
P 217 64 191 191 191
P 218 64 191 191 191
P 219 64 191 191 191
P 220 64 191 191 191
P 221 64 192 192 192
P 222 64 192 192 192
P 223 64 192 192 192
P 224 64 192 192 192
P 225 64 193 193 193
P 226 64 193 193 193
P 227 64 193 193 193
P 228 64 193 193 193
P 229 64 194 194 194
P 230 64 194 194 194
P 231 64 194 194 194
P 232 64 194 194 194
P 233 64 195 195 195
P 234 64 195 195 195
P 235 64 195 195 195
P 236 64 195 195 195
P 237 64 196 196 196
P 238 64 196 196 196
P 239 64 196 196 196
P 240 64 196 196 196
P 241 64 197 197 197
P 242 64 197 197 197
P 243 64 197 197 197
P 244 64 197 197 197
P 245 64 198 198 198
P 246 64 198 198 198
P 247 64 198 198 198
P 248 64 198 198 198
P 249 64 199 199 199
P 250 64 199 199 199
P 251 64 199 199 199
P 252 64 199 199 199
P 253 64 200 200 200
P 254 64 200 200 200
P 255 64 200 200 200
P 256 64 200 200 200
P 257 64 201 201 201
P 258 64 201 201 201
P 259 64 201 201 201
P 260 64 201 201 201
P 261 64 202 202 202
P 262 64 202 202 202
P 263 64 202 202 202
P 264 64 202 202 202
P 265 64 203 203 203
P 266 64 203 203 203
P 267 64 203 203 203
P 268 64 203 203 203
P 269 64 204 204 204
P 270 64 204 204 204
P 271 64 204 204 204
P 272 64 204 204 204
P 273 64 205 205 205
P 274 64 205 205 205
P 275 64 205 205 205
P 188 65 184 184 184
P 189 65 184 184 184
P 190 65 184 184 184
P 191 65 184 184 184
P 192 65 185 185 185
P 193 65 185 185 185
P 194 65 185 185 185
P 195 65 185 185 185
P 196 65 186 186 186
P 197 65 186 186 186
P 198 65 186 186 186
P 199 65 186 186 186
P 200 65 187 187 187
P 201 65 187 187 187
P 202 65 187 187 187
P 203 65 187 187 187
P 204 65 188 188 188
P 205 65 188 188 188
P 206 65 188 188 188
P 207 65 188 188 188
P 208 65 189 189 189
P 209 65 189 189 189
P 210 65 189 189 189
P 211 65 189 189 189
P 212 65 190 190 190
P 213 65 190 190 190
P 214 65 190 190 190
P 215 65 190 190 190
P 216 65 191 191 191
P 217 65 191 191 191
P 218 65 191 191 191
P 219 65 191 191 191
P 220 65 192 192 192
P 221 65 192 192 192
P 222 65 192 192 192
P 223 65 192 192 192
P 224 65 193 193 193
P 225 65 193 193 193
P 226 65 193 193 193
P 227 65 193 193 193
P 228 65 194 194 194
P 229 65 194 194 194
P 230 65 194 194 194
P 231 65 194 194 194
P 232 65 195 195 195
P 233 65 195 195 195
P 234 65 195 195 195
P 235 65 195 195 195
P 236 65 196 196 196
P 237 65 196 196 196
P 238 65 196 196 196
P 239 65 196 196 196
P 240 65 197 197 197
P 241 65 197 197 197
P 242 65 197 197 197
P 243 65 197 197 197
P 244 65 198 198 198
P 245 65 198 198 198
P 246 65 198 198 198
P 247 65 198 198 198
P 248 65 199 199 199
P 249 65 199 199 199
P 250 65 199 199 199
P 251 65 199 199 199
P 252 65 200 200 200
P 253 65 200 200 200
P 254 65 200 200 200
P 255 65 200 200 200
P 256 65 201 201 201
P 257 65 201 201 201
P 258 65 201 201 201
P 259 65 201 201 201
P 260 65 202 202 202
P 261 65 202 202 202
P 262 65 202 202 202
P 263 65 202 202 202
P 264 65 203 203 203
P 265 65 203 203 203
P 266 65 203 203 203
P 267 65 203 203 203
P 268 65 204 204 204
P 269 65 204 204 204
P 270 65 204 204 204
P 271 65 204 204 204
P 272 65 205 205 205
P 273 65 205 205 205
P 274 65 205 205 205
P 182 66 182 182 182
P 183 66 183 183 183
P 184 66 183 183 183
P 185 66 183 183 183
P 186 66 183 183 183
P 187 66 184 184 184
P 188 66 184 184 184
P 189 66 184 184 184
P 190 66 184 184 184
P 191 66 185 185 185
P 192 66 185 185 185
P 193 66 185 185 185
P 194 66 185 185 185
P 195 66 186 186 186
P 196 66 186 186 186
P 197 66 186 186 186
P 198 66 186 186 186
P 199 66 187 187 187
P 200 66 187 187 187
P 201 66 187 187 187
P 202 66 187 187 187
P 203 66 188 188 188
P 204 66 188 188 188
P 205 66 188 188 188
P 206 66 188 188 188
P 207 66 189 189 189
P 208 66 189 189 189
P 209 66 189 189 189
P 210 66 189 189 189
P 211 66 190 190 190
P 212 66 190 190 190
P 213 66 190 190 190
P 214 66 190 190 190
P 215 66 191 191 191
P 216 66 191 191 191
P 217 66 191 191 191
P 218 66 191 191 191
P 219 66 192 192 192
P 220 66 192 192 192
P 221 66 192 192 192
P 222 66 192 192 192
P 223 66 193 193 193
P 224 66 193 193 193
P 225 66 193 193 193
P 226 66 193 193 193
P 227 66 194 194 194
P 228 66 194 194 194
P 229 66 194 194 194
P 230 66 194 194 194
P 231 66 195 195 195
P 232 66 195 195 195
P 233 66 195 195 195
P 234 66 195 195 195
P 235 66 196 196 196
P 236 66 196 196 196
P 237 66 196 196 196
P 238 66 196 196 196
P 239 66 197 197 197
P 240 66 197 197 197
P 241 66 197 197 197
P 242 66 197 197 197
P 243 66 198 198 198
P 244 66 198 198 198
P 245 66 198 198 198
P 246 66 198 198 198
P 247 66 199 199 199
P 248 66 199 199 199
P 249 66 199 199 199
P 250 66 199 199 199
P 251 66 200 200 200
P 252 66 200 200 200
P 253 66 200 200 200
P 254 66 200 200 200
P 255 66 201 201 201
P 256 66 201 201 201
P 257 66 201 201 201
P 258 66 201 201 201
P 259 66 202 202 202
P 260 66 202 202 202
P 261 66 202 202 202
P 262 66 202 202 202
P 263 66 203 203 203
P 264 66 203 203 203
P 265 66 203 203 203
P 266 66 203 203 203
P 267 66 204 204 204
P 268 66 204 204 204
P 269 66 204 204 204
P 270 66 204 204 204
P 271 66 205 205 205
P 272 66 205 205 205
P 176 67 181 181 181
P 177 67 181 181 181
P 178 67 182 182 182
P 179 67 182 182 182
P 180 67 182 182 182
P 181 67 182 182 182
P 182 67 183 183 183
P 183 67 183 183 183
P 184 67 183 183 183
P 185 67 183 183 183
P 186 67 184 184 184
P 187 67 184 184 184
P 188 67 184 184 184
P 189 67 184 184 184
P 190 67 185 185 185
P 191 67 185 185 185
P 192 67 185 185 185
P 193 67 185 185 185
P 194 67 186 186 186
P 195 67 186 186 186
P 196 67 186 186 186
P 197 67 186 186 186
P 198 67 187 187 187
P 199 67 187 187 187
P 200 67 187 187 187
P 201 67 187 187 187
P 202 67 188 188 188
P 203 67 188 188 188
P 204 67 188 188 188
P 205 67 188 188 188
P 206 67 189 189 189
P 207 67 189 189 189
P 208 67 189 189 189
P 209 67 189 189 189
P 210 67 190 190 190
P 211 67 190 190 190
P 212 67 190 190 190
P 213 67 190 190 190
P 214 67 191 191 191
P 215 67 191 191 191
P 216 67 191 191 191
P 217 67 191 191 191
P 218 67 192 192 192
P 219 67 192 192 192
P 220 67 192 192 192
P 221 67 192 192 192
P 222 67 193 193 193
P 223 67 193 193 193
P 224 67 193 193 193
P 225 67 193 193 193
P 226 67 194 194 194
P 227 67 194 194 194
P 228 67 194 194 194
P 229 67 194 194 194
P 230 67 195 195 195
P 231 67 195 195 195
P 232 67 195 195 195
P 233 67 195 195 195
P 234 67 196 196 196
P 235 67 196 196 196
P 236 67 196 196 196
P 237 67 196 196 196
P 238 67 197 197 197
P 239 67 197 197 197
P 240 67 197 197 197
P 241 67 197 197 197
P 242 67 198 198 198
P 243 67 198 198 198
P 244 67 198 198 198
P 245 67 198 198 198
P 246 67 199 199 199
P 247 67 199 199 199
P 248 67 199 199 199
P 249 67 199 199 199
P 250 67 200 200 200
P 251 67 200 200 200
P 252 67 200 200 200
P 253 67 200 200 200
P 254 67 201 201 201
P 255 67 201 201 201
P 256 67 201 201 201
P 257 67 201 201 201
P 258 67 202 202 202
P 259 67 202 202 202
P 260 67 202 202 202
P 261 67 202 202 202
P 262 67 203 203 203
P 263 67 203 203 203
P 264 67 203 203 203
P 265 67 203 203 203
P 266 67 204 204 204
P 267 67 204 204 204
P 268 67 204 204 204
P 269 67 204 204 204
P 270 67 205 205 205
P 271 67 205 205 205
P 170 68 180 180 180
P 171 68 180 180 180
P 172 68 180 180 180
P 173 68 181 181 181
P 174 68 181 181 181
P 175 68 181 181 181
P 176 68 181 181 181
P 177 68 182 182 182
P 178 68 182 182 182
P 179 68 182 182 182
P 180 68 182 182 182
P 181 68 183 183 183
P 182 68 183 183 183
P 183 68 183 183 183
P 184 68 183 183 183
P 185 68 184 184 184
P 186 68 184 184 184
P 187 68 184 184 184
P 188 68 184 184 184
P 189 68 185 185 185
P 190 68 185 185 185
P 191 68 185 185 185
P 192 68 185 185 185
P 193 68 186 186 186
P 194 68 186 186 186
P 195 68 186 186 186
P 196 68 186 186 186
P 197 68 187 187 187
P 198 68 187 187 187
P 199 68 187 187 187
P 200 68 187 187 187
P 201 68 188 188 188
P 202 68 188 188 188
P 203 68 188 188 188
P 204 68 188 188 188
P 205 68 189 189 189
P 206 68 189 189 189
P 207 68 189 189 189
P 208 68 189 189 189
P 209 68 190 190 190
P 210 68 190 190 190
P 211 68 190 190 190
P 212 68 190 190 190
P 213 68 191 191 191
P 214 68 191 191 191
P 215 68 191 191 191
P 216 68 191 191 191
P 217 68 192 192 192
P 218 68 192 192 192
P 219 68 192 192 192
P 220 68 192 192 192
P 221 68 193 193 193
P 222 68 193 193 193
P 223 68 193 193 193
P 224 68 193 193 193
P 225 68 194 194 194
P 226 68 194 194 194
P 227 68 194 194 194
P 228 68 194 194 194
P 229 68 195 195 195
P 230 68 195 195 195
P 231 68 195 195 195
P 232 68 195 195 195
P 233 68 196 196 196
P 234 68 196 196 196
P 235 68 196 196 196
P 236 68 196 196 196
P 237 68 197 197 197
P 238 68 197 197 197
P 239 68 197 197 197
P 240 68 197 197 197
P 241 68 198 198 198
P 242 68 198 198 198
P 243 68 198 198 198
P 244 68 198 198 198
P 245 68 199 199 199
P 246 68 199 199 199
P 247 68 199 199 199
P 248 68 199 199 199
P 249 68 200 200 200
P 250 68 200 200 200
P 251 68 200 200 200
P 252 68 200 200 200
P 253 68 201 201 201
P 254 68 201 201 201
P 255 68 201 201 201
P 256 68 201 201 201
P 257 68 202 202 202
P 258 68 202 202 202
P 259 68 202 202 202
P 260 68 202 202 202
P 261 68 203 203 203
P 262 68 203 203 203
P 263 68 203 203 203
P 264 68 203 203 203
P 265 68 204 204 204
P 266 68 204 204 204
P 267 68 204 204 204
P 268 68 204 204 204
P 269 68 205 205 205
P 270 68 205 205 205
P 163 69 178 178 178
P 164 69 179 179 179
P 165 69 179 179 179
P 166 69 179 179 179
P 167 69 179 179 179
P 168 69 180 180 180
P 169 69 180 180 180
P 170 69 180 180 180
P 171 69 180 180 180
P 172 69 181 181 181
P 173 69 181 181 181
P 174 69 181 181 181
P 175 69 181 181 181
P 176 69 182 182 182
P 177 69 182 182 182
P 178 69 182 182 182
P 179 69 182 182 182
P 180 69 183 183 183
P 181 69 183 183 183
P 182 69 183 183 183
P 183 69 183 183 183
P 184 69 184 184 184
P 185 69 184 184 184
P 186 69 184 184 184
P 187 69 184 184 184
P 188 69 185 185 185
P 189 69 185 185 185
P 190 69 185 185 185
P 191 69 185 185 185
P 192 69 186 186 186
P 193 69 186 186 186
P 194 69 186 186 186
P 195 69 186 186 186
P 196 69 187 187 187
P 197 69 187 187 187
P 198 69 187 187 187
P 199 69 187 187 187
P 200 69 188 188 188
P 201 69 188 188 188
P 202 69 188 188 188
P 203 69 188 188 188
P 204 69 189 189 189
P 205 69 189 189 189
P 206 69 189 189 189
P 207 69 189 189 189
P 208 69 190 190 190
P 209 69 190 190 190
P 210 69 190 190 190
P 211 69 190 190 190
P 212 69 191 191 191
P 213 69 191 191 191
P 214 69 191 191 191
P 215 69 191 191 191
P 216 69 192 192 192
P 217 69 192 192 192
P 218 69 192 192 192
P 219 69 192 192 192
P 220 69 193 193 193
P 221 69 193 193 193
P 222 69 193 193 193
P 223 69 193 193 193
P 224 69 194 194 194
P 225 69 194 194 194
P 226 69 194 194 194
P 227 69 194 194 194
P 228 69 195 195 195
P 229 69 195 195 195
P 230 69 195 195 195
P 231 69 195 195 195
P 232 69 196 196 196
P 233 69 196 196 196
P 234 69 196 196 196
P 235 69 196 196 196
P 236 69 197 197 197
P 237 69 197 197 197
P 238 69 197 197 197
P 239 69 197 197 197
P 240 69 198 198 198
P 241 69 198 198 198
P 242 69 198 198 198
P 243 69 198 198 198
P 244 69 199 199 199
P 245 69 199 199 199
P 246 69 199 199 199
P 247 69 199 199 199
P 248 69 200 200 200
P 249 69 200 200 200
P 250 69 200 200 200
P 251 69 200 200 200
P 252 69 201 201 201
P 253 69 201 201 201
P 254 69 201 201 201
P 255 69 201 201 201
P 256 69 202 202 202
P 257 69 202 202 202
P 258 69 202 202 202
P 259 69 202 202 202
P 260 69 203 203 203
P 261 69 203 203 203
P 262 69 203 203 203
P 263 69 203 203 203
P 264 69 204 204 204
P 265 69 204 204 204
P 266 69 204 204 204
P 267 69 204 204 204
P 268 69 205 205 205
P 269 69 205 205 205
P 157 70 177 177 177
P 158 70 177 177 177
P 159 70 178 178 178
P 160 70 178 178 178
P 161 70 178 178 178
P 162 70 178 178 178
P 163 70 179 179 179
P 164 70 179 179 179
P 165 70 179 179 179
P 166 70 179 179 179
P 167 70 180 180 180
P 168 70 180 180 180
P 169 70 180 180 180
P 170 70 180 180 180
P 171 70 181 181 181
P 172 70 181 181 181
P 173 70 181 181 181
P 174 70 181 181 181
P 175 70 182 182 182
P 176 70 182 182 182
P 177 70 182 182 182
P 178 70 182 182 182
P 179 70 183 183 183
P 180 70 183 183 183
P 181 70 183 183 183
P 182 70 183 183 183
P 183 70 184 184 184
P 184 70 184 184 184
P 185 70 184 184 184
P 186 70 184 184 184
P 187 70 185 185 185
P 188 70 185 185 185
P 189 70 185 185 185
P 190 70 185 185 185
P 191 70 186 186 186
P 192 70 186 186 186
P 193 70 186 186 186
P 194 70 186 186 186
P 195 70 187 187 187
P 196 70 187 187 187
P 197 70 187 187 187
P 198 70 187 187 187
P 199 70 188 188 188
P 200 70 188 188 188
P 201 70 188 188 188
P 202 70 188 188 188
P 203 70 189 189 189
P 204 70 189 189 189
P 205 70 189 189 189
P 206 70 189 189 189
P 207 70 190 190 190
P 208 70 190 190 190
P 209 70 190 190 190
P 210 70 190 190 190
P 211 70 191 191 191
P 212 70 191 191 191
P 213 70 191 191 191
P 214 70 191 191 191
P 215 70 192 192 192
P 216 70 192 192 192
P 217 70 192 192 192
P 218 70 192 192 192
P 219 70 193 193 193
P 220 70 193 193 193
P 221 70 193 193 193
P 222 70 193 193 193
P 223 70 194 194 194
P 224 70 194 194 194
P 225 70 194 194 194
P 226 70 194 194 194
P 227 70 195 195 195
P 228 70 195 195 195
P 229 70 195 195 195
P 230 70 195 195 195
P 231 70 196 196 196
P 232 70 196 196 196
P 233 70 196 196 196
P 234 70 196 196 196
P 235 70 197 197 197
P 236 70 197 197 197
P 237 70 197 197 197
P 238 70 197 197 197
P 239 70 198 198 198
P 240 70 198 198 198
P 241 70 198 198 198
P 242 70 198 198 198
P 243 70 199 199 199
P 244 70 199 199 199
P 245 70 199 199 199
P 246 70 199 199 199
P 247 70 200 200 200
P 248 70 200 200 200
P 249 70 200 200 200
P 250 70 200 200 200
P 251 70 201 201 201
P 252 70 201 201 201
P 253 70 201 201 201
P 254 70 201 201 201
P 255 70 202 202 202
P 256 70 202 202 202
P 257 70 202 202 202
P 258 70 202 202 202
P 259 70 203 203 203
P 260 70 203 203 203
P 261 70 203 203 203
P 262 70 203 203 203
P 263 70 204 204 204
P 264 70 204 204 204
P 265 70 204 204 204
P 266 70 204 204 204
P 267 70 205 205 205
P 151 71 176 176 176
P 152 71 176 176 176
P 153 71 176 176 176
P 154 71 177 177 177
P 155 71 177 177 177
P 156 71 177 177 177
P 157 71 177 177 177
P 158 71 178 178 178
P 159 71 178 178 178
P 160 71 178 178 178
P 161 71 178 178 178
P 162 71 179 179 179
P 163 71 179 179 179
P 164 71 179 179 179
P 165 71 179 179 179
P 166 71 180 180 180
P 167 71 180 180 180
P 168 71 180 180 180
P 169 71 180 180 180
P 170 71 181 181 181
P 171 71 181 181 181
P 172 71 181 181 181
P 173 71 181 181 181
P 174 71 182 182 182
P 175 71 182 182 182
P 176 71 182 182 182
P 177 71 182 182 182
P 178 71 183 183 183
P 179 71 183 183 183
P 180 71 183 183 183
P 181 71 183 183 183
P 182 71 184 184 184
P 183 71 184 184 184
P 184 71 184 184 184
P 185 71 184 184 184
P 186 71 185 185 185
P 187 71 185 185 185
P 188 71 185 185 185
P 189 71 185 185 185
P 190 71 186 186 186
P 191 71 186 186 186
P 192 71 186 186 186
P 193 71 186 186 186
P 194 71 187 187 187
P 195 71 187 187 187
P 196 71 187 187 187
P 197 71 187 187 187
P 198 71 188 188 188
P 199 71 188 188 188
P 200 71 188 188 188
P 201 71 188 188 188
P 202 71 189 189 189
P 203 71 189 189 189
P 204 71 189 189 189
P 205 71 189 189 189
P 206 71 190 190 190
P 207 71 190 190 190
P 208 71 190 190 190
P 209 71 190 190 190
P 210 71 191 191 191
P 211 71 191 191 191
P 212 71 191 191 191
P 213 71 191 191 191
P 214 71 192 192 192
P 215 71 192 192 192
P 216 71 192 192 192
P 217 71 192 192 192
P 218 71 193 193 193
P 219 71 193 193 193
P 220 71 193 193 193
P 221 71 193 193 193
P 222 71 194 194 194
P 223 71 194 194 194
P 224 71 194 194 194
P 225 71 194 194 194
P 226 71 195 195 195
P 227 71 195 195 195
P 228 71 195 195 195
P 229 71 195 195 195
P 230 71 196 196 196
P 231 71 196 196 196
P 232 71 196 196 196
P 233 71 196 196 196
P 234 71 197 197 197
P 235 71 197 197 197
P 236 71 197 197 197
P 237 71 197 197 197
P 238 71 198 198 198
P 239 71 198 198 198
P 240 71 198 198 198
P 241 71 198 198 198
P 242 71 199 199 199
P 243 71 199 199 199
P 244 71 199 199 199
P 245 71 199 199 199
P 246 71 200 200 200
P 247 71 200 200 200
P 248 71 200 200 200
P 249 71 200 200 200
P 250 71 201 201 201
P 251 71 201 201 201
P 252 71 201 201 201
P 253 71 201 201 201
P 254 71 202 202 202
P 255 71 202 202 202
P 256 71 202 202 202
P 257 71 202 202 202
P 258 71 203 203 203
P 259 71 203 203 203
P 260 71 203 203 203
P 261 71 203 203 203
P 262 71 204 204 204
P 263 71 204 204 204
P 264 71 204 204 204
P 265 71 204 204 204
P 266 71 205 205 205
P 147 72 175 175 175
P 148 72 175 175 175
P 149 72 176 176 176
P 150 72 176 176 176
P 151 72 176 176 176
P 152 72 176 176 176
P 153 72 177 177 177
P 154 72 177 177 177
P 155 72 177 177 177
P 156 72 177 177 177
P 157 72 178 178 178
P 158 72 178 178 178
P 159 72 178 178 178
P 160 72 178 178 178
P 161 72 179 179 179
P 162 72 179 179 179
P 163 72 179 179 179
P 164 72 179 179 179
P 165 72 180 180 180
P 166 72 180 180 180
P 167 72 180 180 180
P 168 72 180 180 180
P 169 72 181 181 181
P 170 72 181 181 181
P 171 72 181 181 181
P 172 72 181 181 181
P 173 72 182 182 182
P 174 72 182 182 182
P 175 72 182 182 182
P 176 72 182 182 182
P 177 72 183 183 183
P 178 72 183 183 183
P 179 72 183 183 183
P 180 72 183 183 183
P 181 72 184 184 184
P 182 72 184 184 184
P 183 72 184 184 184
P 184 72 184 184 184
P 185 72 185 185 185
P 186 72 185 185 185
P 187 72 185 185 185
P 188 72 185 185 185
P 189 72 186 186 186
P 190 72 186 186 186
P 191 72 186 186 186
P 192 72 186 186 186
P 193 72 187 187 187
P 194 72 187 187 187
P 195 72 187 187 187
P 196 72 187 187 187
P 197 72 188 188 188
P 198 72 188 188 188
P 199 72 188 188 188
P 200 72 188 188 188
P 201 72 189 189 189
P 202 72 189 189 189
P 203 72 189 189 189
P 204 72 189 189 189
P 205 72 190 190 190
P 206 72 190 190 190
P 207 72 190 190 190
P 208 72 190 190 190
P 209 72 191 191 191
P 210 72 191 191 191
P 211 72 191 191 191
P 212 72 191 191 191
P 213 72 192 192 192
P 214 72 192 192 192
P 215 72 192 192 192
P 216 72 192 192 192
P 217 72 193 193 193
P 218 72 193 193 193
P 219 72 193 193 193
P 220 72 193 193 193
P 221 72 194 194 194
P 222 72 194 194 194
P 223 72 194 194 194
P 224 72 194 194 194
P 225 72 195 195 195
P 226 72 195 195 195
P 227 72 195 195 195
P 228 72 195 195 195
P 229 72 196 196 196
P 230 72 196 196 196
P 231 72 196 196 196
P 232 72 196 196 196
P 233 72 197 197 197
P 234 72 197 197 197
P 235 72 197 197 197
P 236 72 197 197 197
P 237 72 198 198 198
P 238 72 198 198 198
P 239 72 198 198 198
P 240 72 198 198 198
P 241 72 199 199 199
P 242 72 199 199 199
P 243 72 199 199 199
P 244 72 199 199 199
P 245 72 200 200 200
P 246 72 200 200 200
P 247 72 200 200 200
P 248 72 200 200 200
P 249 72 201 201 201
P 250 72 201 201 201
P 251 72 201 201 201
P 252 72 201 201 201
P 253 72 202 202 202
P 254 72 202 202 202
P 255 72 202 202 202
P 256 72 202 202 202
P 257 72 203 203 203
P 258 72 203 203 203
P 259 72 203 203 203
P 260 72 203 203 203
P 261 72 204 204 204
P 262 72 204 204 204
P 263 72 204 204 204
P 264 72 204 204 204
P 265 72 205 205 205
P 145 73 175 175 175
P 146 73 175 175 175
P 147 73 175 175 175
P 148 73 176 176 176
P 149 73 176 176 176
P 150 73 176 176 176
P 151 73 176 176 176
P 152 73 177 177 177
P 153 73 177 177 177
P 154 73 177 177 177
P 155 73 177 177 177
P 156 73 178 178 178
P 157 73 178 178 178
P 158 73 178 178 178
P 159 73 178 178 178
P 160 73 179 179 179
P 161 73 179 179 179
P 162 73 179 179 179
P 163 73 179 179 179
P 164 73 180 180 180
P 165 73 180 180 180
P 166 73 180 180 180
P 167 73 180 180 180
P 168 73 181 181 181
P 169 73 181 181 181
P 170 73 181 181 181
P 171 73 181 181 181
P 172 73 182 182 182
P 173 73 182 182 182
P 174 73 182 182 182
P 175 73 182 182 182
P 176 73 183 183 183
P 177 73 183 183 183
P 178 73 183 183 183
P 179 73 183 183 183
P 180 73 184 184 184
P 181 73 184 184 184
P 182 73 184 184 184
P 183 73 184 184 184
P 184 73 185 185 185
P 185 73 185 185 185
P 186 73 185 185 185
P 187 73 185 185 185
P 188 73 186 186 186
P 189 73 186 186 186
P 190 73 186 186 186
P 191 73 186 186 186
P 192 73 187 187 187
P 193 73 187 187 187
P 194 73 187 187 187
P 195 73 187 187 187
P 196 73 188 188 188
P 197 73 188 188 188
P 198 73 188 188 188
P 199 73 188 188 188
P 200 73 189 189 189
P 201 73 189 189 189
P 202 73 189 189 189
P 203 73 189 189 189
P 204 73 190 190 190
P 205 73 190 190 190
P 206 73 190 190 190
P 207 73 190 190 190
P 208 73 191 191 191
P 209 73 191 191 191
P 210 73 191 191 191
P 211 73 191 191 191
P 212 73 192 192 192
P 213 73 192 192 192
P 214 73 192 192 192
P 215 73 192 192 192
P 216 73 193 193 193
P 217 73 193 193 193
P 218 73 193 193 193
P 219 73 193 193 193
P 220 73 194 194 194
P 221 73 194 194 194
P 222 73 194 194 194
P 223 73 194 194 194
P 224 73 195 195 195
P 225 73 195 195 195
P 226 73 195 195 195
P 227 73 195 195 195
P 228 73 196 196 196
P 229 73 196 196 196
P 230 73 196 196 196
P 231 73 196 196 196
P 232 73 197 197 197
P 233 73 197 197 197
P 234 73 197 197 197
P 235 73 197 197 197
P 236 73 198 198 198
P 237 73 198 198 198
P 238 73 198 198 198
P 239 73 198 198 198
P 240 73 199 199 199
P 241 73 199 199 199
P 242 73 199 199 199
P 243 73 199 199 199
P 244 73 200 200 200
P 245 73 200 200 200
P 246 73 200 200 200
P 247 73 200 200 200
P 248 73 201 201 201
P 249 73 201 201 201
P 250 73 201 201 201
P 251 73 201 201 201
P 252 73 202 202 202
P 253 73 202 202 202
P 254 73 202 202 202
P 255 73 202 202 202
P 256 73 203 203 203
P 257 73 203 203 203
P 258 73 203 203 203
P 259 73 203 203 203
P 260 73 204 204 204
P 261 73 204 204 204
P 262 73 204 204 204
P 263 73 204 204 204
P 264 73 205 205 205
P 143 74 175 175 175
P 144 74 175 175 175
P 145 74 175 175 175
P 146 74 175 175 175
P 147 74 176 176 176
P 148 74 176 176 176
P 149 74 176 176 176
P 150 74 176 176 176
P 151 74 177 177 177
P 152 74 177 177 177
P 153 74 177 177 177
P 154 74 177 177 177
P 155 74 178 178 178
P 156 74 178 178 178
P 157 74 178 178 178
P 158 74 178 178 178
P 159 74 179 179 179
P 160 74 179 179 179
P 161 74 179 179 179
P 162 74 179 179 179
P 163 74 180 180 180
P 164 74 180 180 180
P 165 74 180 180 180
P 166 74 180 180 180
P 167 74 181 181 181
P 168 74 181 181 181
P 169 74 181 181 181
P 170 74 181 181 181
P 171 74 182 182 182
P 172 74 182 182 182
P 173 74 182 182 182
P 174 74 182 182 182
P 175 74 183 183 183
P 176 74 183 183 183
P 177 74 183 183 183
P 178 74 183 183 183
P 179 74 184 184 184
P 180 74 184 184 184
P 181 74 184 184 184
P 182 74 184 184 184
P 183 74 185 185 185
P 184 74 185 185 185
P 185 74 185 185 185
P 186 74 185 185 185
P 187 74 186 186 186
P 188 74 186 186 186
P 189 74 186 186 186
P 190 74 186 186 186
P 191 74 187 187 187
P 192 74 187 187 187
P 193 74 187 187 187
P 194 74 187 187 187
P 195 74 188 188 188
P 196 74 188 188 188
P 197 74 188 188 188
P 198 74 188 188 188
P 199 74 189 189 189
P 200 74 189 189 189
P 201 74 189 189 189
P 202 74 189 189 189
P 203 74 190 190 190
P 204 74 190 190 190
P 205 74 190 190 190
P 206 74 190 190 190
P 207 74 191 191 191
P 208 74 191 191 191
P 209 74 191 191 191
P 210 74 191 191 191
P 211 74 192 192 192
P 212 74 192 192 192
P 213 74 192 192 192
P 214 74 192 192 192
P 215 74 193 193 193
P 216 74 193 193 193
P 217 74 193 193 193
P 218 74 193 193 193
P 219 74 194 194 194
P 220 74 194 194 194
P 221 74 194 194 194
P 222 74 194 194 194
P 223 74 195 195 195
P 224 74 195 195 195
P 225 74 195 195 195
P 226 74 195 195 195
P 227 74 196 196 196
P 228 74 196 196 196
P 229 74 196 196 196
P 230 74 196 196 196
P 231 74 197 197 197
P 232 74 197 197 197
P 233 74 197 197 197
P 234 74 197 197 197
P 235 74 198 198 198
P 236 74 198 198 198
P 237 74 198 198 198
P 238 74 198 198 198
P 239 74 199 199 199
P 240 74 199 199 199
P 241 74 199 199 199
P 242 74 199 199 199
P 243 74 200 200 200
P 244 74 200 200 200
P 245 74 200 200 200
P 246 74 200 200 200
P 247 74 201 201 201
P 248 74 201 201 201
P 249 74 201 201 201
P 250 74 201 201 201
P 251 74 202 202 202
P 252 74 202 202 202
P 253 74 202 202 202
P 254 74 202 202 202
P 255 74 203 203 203
P 256 74 203 203 203
P 257 74 203 203 203
P 258 74 203 203 203
P 259 74 204 204 204
P 260 74 204 204 204
P 261 74 204 204 204
P 262 74 204 204 204
P 263 74 205 205 205
P 141 75 174 174 174
P 142 75 175 175 175
P 143 75 175 175 175
P 144 75 175 175 175
P 145 75 175 175 175
P 146 75 176 176 176
P 147 75 176 176 176
P 148 75 176 176 176
P 149 75 176 176 176
P 150 75 177 177 177
P 151 75 177 177 177
P 152 75 177 177 177
P 153 75 177 177 177
P 154 75 178 178 178
P 155 75 178 178 178
P 156 75 178 178 178
P 157 75 178 178 178
P 158 75 179 179 179
P 159 75 179 179 179
P 160 75 179 179 179
P 161 75 179 179 179
P 162 75 180 180 180
P 163 75 180 180 180
P 164 75 180 180 180
P 165 75 180 180 180
P 166 75 181 181 181
P 167 75 181 181 181
P 168 75 181 181 181
P 169 75 181 181 181
P 170 75 182 182 182
P 171 75 182 182 182
P 172 75 182 182 182
P 173 75 182 182 182
P 174 75 183 183 183
P 175 75 183 183 183
P 176 75 183 183 183
P 177 75 183 183 183
P 178 75 184 184 184
P 179 75 184 184 184
P 180 75 184 184 184
P 181 75 184 184 184
P 182 75 185 185 185
P 183 75 185 185 185
P 184 75 185 185 185
P 185 75 185 185 185
P 186 75 186 186 186
P 187 75 186 186 186
P 188 75 186 186 186
P 189 75 186 186 186
P 190 75 187 187 187
P 191 75 187 187 187
P 192 75 187 187 187
P 193 75 187 187 187
P 194 75 188 188 188
P 195 75 188 188 188
P 196 75 188 188 188
P 197 75 188 188 188
P 198 75 189 189 189
P 199 75 189 189 189
P 200 75 189 189 189
P 201 75 189 189 189
P 202 75 190 190 190
P 203 75 190 190 190
P 204 75 190 190 190
P 205 75 190 190 190
P 206 75 191 191 191
P 207 75 191 191 191
P 208 75 191 191 191
P 209 75 191 191 191
P 210 75 192 192 192
P 211 75 192 192 192
P 212 75 192 192 192
P 213 75 192 192 192
P 214 75 193 193 193
P 215 75 193 193 193
P 216 75 193 193 193
P 217 75 193 193 193
P 218 75 194 194 194
P 219 75 194 194 194
P 220 75 194 194 194
P 221 75 194 194 194
P 222 75 195 195 195
P 223 75 195 195 195
P 224 75 195 195 195
P 225 75 195 195 195
P 226 75 196 196 196
P 227 75 196 196 196
P 228 75 196 196 196
P 229 75 196 196 196
P 230 75 197 197 197
P 231 75 197 197 197
P 232 75 197 197 197
P 233 75 197 197 197
P 234 75 198 198 198
P 235 75 198 198 198
P 236 75 198 198 198
P 237 75 198 198 198
P 238 75 199 199 199
P 239 75 199 199 199
P 240 75 199 199 199
P 241 75 199 199 199
P 242 75 200 200 200
P 243 75 200 200 200
P 244 75 200 200 200
P 245 75 200 200 200
P 246 75 201 201 201
P 247 75 201 201 201
P 248 75 201 201 201
P 249 75 201 201 201
P 250 75 202 202 202
P 251 75 202 202 202
P 252 75 202 202 202
P 253 75 202 202 202
P 254 75 203 203 203
P 255 75 203 203 203
P 256 75 203 203 203
P 257 75 203 203 203
P 258 75 204 204 204
P 259 75 204 204 204
P 260 75 204 204 204
P 261 75 204 204 204
P 139 76 174 174 174
P 140 76 174 174 174
P 141 76 175 175 175
P 142 76 175 175 175
P 143 76 175 175 175
P 144 76 175 175 175
P 145 76 176 176 176
P 146 76 176 176 176
P 147 76 176 176 176
P 148 76 176 176 176
P 149 76 177 177 177
P 150 76 177 177 177
P 151 76 177 177 177
P 152 76 177 177 177
P 153 76 178 178 178
P 154 76 178 178 178
P 155 76 178 178 178
P 156 76 178 178 178
P 157 76 179 179 179
P 158 76 179 179 179
P 159 76 179 179 179
P 160 76 179 179 179
P 161 76 180 180 180
P 162 76 180 180 180
P 163 76 180 180 180
P 164 76 180 180 180
P 165 76 181 181 181
P 166 76 181 181 181
P 167 76 181 181 181
P 168 76 181 181 181
P 169 76 182 182 182
P 170 76 182 182 182
P 171 76 182 182 182
P 172 76 182 182 182
P 173 76 183 183 183
P 174 76 183 183 183
P 175 76 183 183 183
P 176 76 183 183 183
P 177 76 184 184 184
P 178 76 184 184 184
P 179 76 184 184 184
P 180 76 184 184 184
P 181 76 185 185 185
P 182 76 185 185 185
P 183 76 185 185 185
P 184 76 185 185 185
P 185 76 186 186 186
P 186 76 186 186 186
P 187 76 186 186 186
P 188 76 186 186 186
P 189 76 187 187 187
P 190 76 187 187 187
P 191 76 187 187 187
P 192 76 187 187 187
P 193 76 188 188 188
P 194 76 188 188 188
P 195 76 188 188 188
P 196 76 188 188 188
P 197 76 189 189 189
P 198 76 189 189 189
P 199 76 189 189 189
P 200 76 189 189 189
P 201 76 190 190 190
P 202 76 190 190 190
P 203 76 190 190 190
P 204 76 190 190 190
P 205 76 191 191 191
P 206 76 191 191 191
P 207 76 191 191 191
P 208 76 191 191 191
P 209 76 192 192 192
P 210 76 192 192 192
P 211 76 192 192 192
P 212 76 192 192 192
P 213 76 193 193 193
P 214 76 193 193 193
P 215 76 193 193 193
P 216 76 193 193 193
P 217 76 194 194 194
P 218 76 194 194 194
P 219 76 194 194 194
P 220 76 194 194 194
P 221 76 195 195 195
P 222 76 195 195 195
P 223 76 195 195 195
P 224 76 195 195 195
P 225 76 196 196 196
P 226 76 196 196 196
P 227 76 196 196 196
P 228 76 196 196 196
P 229 76 197 197 197
P 230 76 197 197 197
P 231 76 197 197 197
P 232 76 197 197 197
P 233 76 198 198 198
P 234 76 198 198 198
P 235 76 198 198 198
P 236 76 198 198 198
P 237 76 199 199 199
P 238 76 199 199 199
P 239 76 199 199 199
P 240 76 199 199 199
P 241 76 200 200 200
P 242 76 200 200 200
P 243 76 200 200 200
P 244 76 200 200 200
P 245 76 201 201 201
P 246 76 201 201 201
P 247 76 201 201 201
P 248 76 201 201 201
P 249 76 202 202 202
P 250 76 202 202 202
P 251 76 202 202 202
P 252 76 202 202 202
P 253 76 203 203 203
P 254 76 203 203 203
P 255 76 203 203 203
P 256 76 203 203 203
P 257 76 204 204 204
P 258 76 204 204 204
P 259 76 204 204 204
P 260 76 204 204 204
P 137 77 174 174 174
P 138 77 174 174 174
P 139 77 174 174 174
P 140 77 175 175 175
P 141 77 175 175 175
P 142 77 175 175 175
P 143 77 175 175 175
P 144 77 176 176 176
P 145 77 176 176 176
P 146 77 176 176 176
P 147 77 176 176 176
P 148 77 177 177 177
P 149 77 177 177 177
P 150 77 177 177 177
P 151 77 177 177 177
P 152 77 178 178 178
P 153 77 178 178 178
P 154 77 178 178 178
P 155 77 178 178 178
P 156 77 179 179 179
P 157 77 179 179 179
P 158 77 179 179 179
P 159 77 179 179 179
P 160 77 180 180 180
P 161 77 180 180 180
P 162 77 180 180 180
P 163 77 180 180 180
P 164 77 181 181 181
P 165 77 181 181 181
P 166 77 181 181 181
P 167 77 181 181 181
P 168 77 182 182 182
P 169 77 182 182 182
P 170 77 182 182 182
P 171 77 182 182 182
P 172 77 183 183 183
P 173 77 183 183 183
P 174 77 183 183 183
P 175 77 183 183 183
P 176 77 184 184 184
P 177 77 184 184 184
P 178 77 184 184 184
P 179 77 184 184 184
P 180 77 185 185 185
P 181 77 185 185 185
P 182 77 185 185 185
P 183 77 185 185 185
P 184 77 186 186 186
P 185 77 186 186 186
P 186 77 186 186 186
P 187 77 186 186 186
P 188 77 187 187 187
P 189 77 187 187 187
P 190 77 187 187 187
P 191 77 187 187 187
P 192 77 188 188 188
P 193 77 188 188 188
P 194 77 188 188 188
P 195 77 188 188 188
P 196 77 189 189 189
P 197 77 189 189 189
P 198 77 189 189 189
P 199 77 189 189 189
P 200 77 190 190 190
P 201 77 190 190 190
P 202 77 190 190 190
P 203 77 190 190 190
P 204 77 191 191 191
P 205 77 191 191 191
P 206 77 191 191 191
P 207 77 191 191 191
P 208 77 192 192 192
P 209 77 192 192 192
P 210 77 192 192 192
P 211 77 192 192 192
P 212 77 193 193 193
P 213 77 193 193 193
P 214 77 193 193 193
P 215 77 193 193 193
P 216 77 194 194 194
P 217 77 194 194 194
P 218 77 194 194 194
P 219 77 194 194 194
P 220 77 195 195 195
P 221 77 195 195 195
P 222 77 195 195 195
P 223 77 195 195 195
P 224 77 196 196 196
P 225 77 196 196 196
P 226 77 196 196 196
P 227 77 196 196 196
P 228 77 197 197 197
P 229 77 197 197 197
P 230 77 197 197 197
P 231 77 197 197 197
P 232 77 198 198 198
P 233 77 198 198 198
P 234 77 198 198 198
P 235 77 198 198 198
P 236 77 199 199 199
P 237 77 199 199 199
P 238 77 199 199 199
P 239 77 199 199 199
P 240 77 200 200 200
P 241 77 200 200 200
P 242 77 200 200 200
P 243 77 200 200 200
P 244 77 201 201 201
P 245 77 201 201 201
P 246 77 201 201 201
P 247 77 201 201 201
P 248 77 202 202 202
P 249 77 202 202 202
P 250 77 202 202 202
P 251 77 202 202 202
P 252 77 203 203 203
P 253 77 203 203 203
P 254 77 203 203 203
P 255 77 203 203 203
P 256 77 204 204 204
P 257 77 204 204 204
P 258 77 204 204 204
P 259 77 204 204 204
P 135 78 174 174 174
P 136 78 174 174 174
P 137 78 174 174 174
P 138 78 174 174 174
P 139 78 175 175 175
P 140 78 175 175 175
P 141 78 175 175 175
P 142 78 175 175 175
P 143 78 176 176 176
P 144 78 176 176 176
P 145 78 176 176 176
P 146 78 176 176 176
P 147 78 177 177 177
P 148 78 177 177 177
P 149 78 177 177 177
P 150 78 177 177 177
P 151 78 178 178 178
P 152 78 178 178 178
P 153 78 178 178 178
P 154 78 178 178 178
P 155 78 179 179 179
P 156 78 179 179 179
P 157 78 179 179 179
P 158 78 179 179 179
P 159 78 180 180 180
P 160 78 180 180 180
P 161 78 180 180 180
P 162 78 180 180 180
P 163 78 181 181 181
P 164 78 181 181 181
P 165 78 181 181 181
P 166 78 181 181 181
P 167 78 182 182 182
P 168 78 182 182 182
P 169 78 182 182 182
P 170 78 182 182 182
P 171 78 183 183 183
P 172 78 183 183 183
P 173 78 183 183 183
P 174 78 183 183 183
P 175 78 184 184 184
P 176 78 184 184 184
P 177 78 184 184 184
P 178 78 184 184 184
P 179 78 185 185 185
P 180 78 185 185 185
P 181 78 185 185 185
P 182 78 185 185 185
P 183 78 186 186 186
P 184 78 186 186 186
P 185 78 186 186 186
P 186 78 186 186 186
P 187 78 187 187 187
P 188 78 187 187 187
P 189 78 187 187 187
P 190 78 187 187 187
P 191 78 188 188 188
P 192 78 188 188 188
P 193 78 188 188 188
P 194 78 188 188 188
P 195 78 189 189 189
P 196 78 189 189 189
P 197 78 189 189 189
P 198 78 189 189 189
P 199 78 190 190 190
P 200 78 190 190 190
P 201 78 190 190 190
P 202 78 190 190 190
P 203 78 191 191 191
P 204 78 191 191 191
P 205 78 191 191 191
P 206 78 191 191 191
P 207 78 192 192 192
P 208 78 192 192 192
P 209 78 192 192 192
P 210 78 192 192 192
P 211 78 193 193 193
P 212 78 193 193 193
P 213 78 193 193 193
P 214 78 193 193 193
P 215 78 194 194 194
P 216 78 194 194 194
P 217 78 194 194 194
P 218 78 194 194 194
P 219 78 195 195 195
P 220 78 195 195 195
P 221 78 195 195 195
P 222 78 195 195 195
P 223 78 196 196 196
P 224 78 196 196 196
P 225 78 196 196 196
P 226 78 196 196 196
P 227 78 197 197 197
P 228 78 197 197 197
P 229 78 197 197 197
P 230 78 197 197 197
P 231 78 198 198 198
P 232 78 198 198 198
P 233 78 198 198 198
P 234 78 198 198 198
P 235 78 199 199 199
P 236 78 199 199 199
P 237 78 199 199 199
P 238 78 199 199 199
P 239 78 200 200 200
P 240 78 200 200 200
P 241 78 200 200 200
P 242 78 200 200 200
P 243 78 201 201 201
P 244 78 201 201 201
P 245 78 201 201 201
P 246 78 201 201 201
P 247 78 202 202 202
P 248 78 202 202 202
P 249 78 202 202 202
P 250 78 202 202 202
P 251 78 203 203 203
P 252 78 203 203 203
P 253 78 203 203 203
P 254 78 203 203 203
P 255 78 204 204 204
P 256 78 204 204 204
P 257 78 204 204 204
P 258 78 204 204 204
P 132 79 173 173 173
P 133 79 173 173 173
P 134 79 174 174 174
P 135 79 174 174 174
P 136 79 174 174 174
P 137 79 174 174 174
P 138 79 175 175 175
P 139 79 175 175 175
P 140 79 175 175 175
P 141 79 175 175 175
P 142 79 176 176 176
P 143 79 176 176 176
P 144 79 176 176 176
P 145 79 176 176 176
P 146 79 177 177 177
P 147 79 177 177 177
P 148 79 177 177 177
P 149 79 177 177 177
P 150 79 178 178 178
P 151 79 178 178 178
P 152 79 178 178 178
P 153 79 178 178 178
P 154 79 179 179 179
P 155 79 179 179 179
P 156 79 179 179 179
P 157 79 179 179 179
P 158 79 180 180 180
P 159 79 180 180 180
P 160 79 180 180 180
P 161 79 180 180 180
P 162 79 181 181 181
P 163 79 181 181 181
P 164 79 181 181 181
P 165 79 181 181 181
P 166 79 182 182 182
P 167 79 182 182 182
P 168 79 182 182 182
P 169 79 182 182 182
P 170 79 183 183 183
P 171 79 183 183 183
P 172 79 183 183 183
P 173 79 183 183 183
P 174 79 184 184 184
P 175 79 184 184 184
P 176 79 184 184 184
P 177 79 184 184 184
P 178 79 185 185 185
P 179 79 185 185 185
P 180 79 185 185 185
P 181 79 185 185 185
P 182 79 186 186 186
P 183 79 186 186 186
P 184 79 186 186 186
P 185 79 186 186 186
P 186 79 187 187 187
P 187 79 187 187 187
P 188 79 187 187 187
P 189 79 187 187 187
P 190 79 188 188 188
P 191 79 188 188 188
P 192 79 188 188 188
P 193 79 188 188 188
P 194 79 189 189 189
P 195 79 189 189 189
P 196 79 189 189 189
P 197 79 189 189 189
P 198 79 190 190 190
P 199 79 190 190 190
P 200 79 190 190 190
P 201 79 190 190 190
P 202 79 191 191 191
P 203 79 191 191 191
P 204 79 191 191 191
P 205 79 191 191 191
P 206 79 192 192 192
P 207 79 192 192 192
P 208 79 192 192 192
P 209 79 192 192 192
P 210 79 193 193 193
P 211 79 193 193 193
P 212 79 193 193 193
P 213 79 193 193 193
P 214 79 194 194 194
P 215 79 194 194 194
P 216 79 194 194 194
P 217 79 194 194 194
P 218 79 195 195 195
P 219 79 195 195 195
P 220 79 195 195 195
P 221 79 195 195 195
P 222 79 196 196 196
P 223 79 196 196 196
P 224 79 196 196 196
P 225 79 196 196 196
P 226 79 197 197 197
P 227 79 197 197 197
P 228 79 197 197 197
P 229 79 197 197 197
P 230 79 198 198 198
P 231 79 198 198 198
P 232 79 198 198 198
P 233 79 198 198 198
P 234 79 199 199 199
P 235 79 199 199 199
P 236 79 199 199 199
P 237 79 199 199 199
P 238 79 200 200 200
P 239 79 200 200 200
P 240 79 200 200 200
P 241 79 200 200 200
P 242 79 201 201 201
P 243 79 201 201 201
P 244 79 201 201 201
P 245 79 201 201 201
P 246 79 202 202 202
P 247 79 202 202 202
P 248 79 202 202 202
P 249 79 202 202 202
P 250 79 203 203 203
P 251 79 203 203 203
P 252 79 203 203 203
P 253 79 203 203 203
P 254 79 204 204 204
P 255 79 204 204 204
P 256 79 204 204 204
P 130 80 173 173 173
P 131 80 173 173 173
P 132 80 173 173 173
P 133 80 174 174 174
P 134 80 174 174 174
P 135 80 174 174 174
P 136 80 174 174 174
P 137 80 175 175 175
P 138 80 175 175 175
P 139 80 175 175 175
P 140 80 175 175 175
P 141 80 176 176 176
P 142 80 176 176 176
P 143 80 176 176 176
P 144 80 176 176 176
P 145 80 177 177 177
P 146 80 177 177 177
P 147 80 177 177 177
P 148 80 177 177 177
P 149 80 178 178 178
P 150 80 178 178 178
P 151 80 178 178 178
P 152 80 178 178 178
P 153 80 179 179 179
P 154 80 179 179 179
P 155 80 179 179 179
P 156 80 179 179 179
P 157 80 180 180 180
P 158 80 180 180 180
P 159 80 180 180 180
P 160 80 180 180 180
P 161 80 181 181 181
P 162 80 181 181 181
P 163 80 181 181 181
P 164 80 181 181 181
P 165 80 182 182 182
P 166 80 182 182 182
P 167 80 182 182 182
P 168 80 182 182 182
P 169 80 183 183 183
P 170 80 183 183 183
P 171 80 183 183 183
P 172 80 183 183 183
P 173 80 184 184 184
P 174 80 184 184 184
P 175 80 184 184 184
P 176 80 184 184 184
P 177 80 185 185 185
P 178 80 185 185 185
P 179 80 185 185 185
P 180 80 185 185 185
P 181 80 186 186 186
P 182 80 186 186 186
P 183 80 186 186 186
P 184 80 186 186 186
P 185 80 187 187 187
P 186 80 187 187 187
P 187 80 187 187 187
P 188 80 187 187 187
P 189 80 188 188 188
P 190 80 188 188 188
P 191 80 188 188 188
P 192 80 188 188 188
P 193 80 189 189 189
P 194 80 189 189 189
P 195 80 189 189 189
P 196 80 189 189 189
P 197 80 190 190 190
P 198 80 190 190 190
P 199 80 190 190 190
P 200 80 190 190 190
P 201 80 191 191 191
P 202 80 191 191 191
P 203 80 191 191 191
P 204 80 191 191 191
P 205 80 192 192 192
P 206 80 192 192 192
P 207 80 192 192 192
P 208 80 192 192 192
P 209 80 193 193 193
P 210 80 193 193 193
P 211 80 193 193 193
P 212 80 193 193 193
P 213 80 194 194 194
P 214 80 194 194 194
P 215 80 194 194 194
P 216 80 194 194 194
P 217 80 195 195 195
P 218 80 195 195 195
P 219 80 195 195 195
P 220 80 195 195 195
P 221 80 196 196 196
P 222 80 196 196 196
P 223 80 196 196 196
P 224 80 196 196 196
P 225 80 197 197 197
P 226 80 197 197 197
P 227 80 197 197 197
P 228 80 197 197 197
P 229 80 198 198 198
P 230 80 198 198 198
P 231 80 198 198 198
P 232 80 198 198 198
P 233 80 199 199 199
P 234 80 199 199 199
P 235 80 199 199 199
P 236 80 199 199 199
P 237 80 200 200 200
P 238 80 200 200 200
P 239 80 200 200 200
P 240 80 200 200 200
P 241 80 201 201 201
P 242 80 201 201 201
P 243 80 201 201 201
P 244 80 201 201 201
P 245 80 202 202 202
P 246 80 202 202 202
P 247 80 202 202 202
P 248 80 202 202 202
P 249 80 203 203 203
P 250 80 203 203 203
P 251 80 203 203 203
P 252 80 203 203 203
P 253 80 204 204 204
P 254 80 204 204 204
P 255 80 204 204 204
P 128 81 173 173 173
P 129 81 173 173 173
P 130 81 173 173 173
P 131 81 173 173 173
P 132 81 174 174 174
P 133 81 174 174 174
P 134 81 174 174 174
P 135 81 174 174 174
P 136 81 175 175 175
P 137 81 175 175 175
P 138 81 175 175 175
P 139 81 175 175 175
P 140 81 176 176 176
P 141 81 176 176 176
P 142 81 176 176 176
P 143 81 176 176 176
P 144 81 177 177 177
P 145 81 177 177 177
P 146 81 177 177 177
P 147 81 177 177 177
P 148 81 178 178 178
P 149 81 178 178 178
P 150 81 178 178 178
P 151 81 178 178 178
P 152 81 179 179 179
P 153 81 179 179 179
P 154 81 179 179 179
P 155 81 179 179 179
P 156 81 180 180 180
P 157 81 180 180 180
P 158 81 180 180 180
P 159 81 180 180 180
P 160 81 181 181 181
P 161 81 181 181 181
P 162 81 181 181 181
P 163 81 181 181 181
P 164 81 182 182 182
P 165 81 182 182 182
P 166 81 182 182 182
P 167 81 182 182 182
P 168 81 183 183 183
P 169 81 183 183 183
P 170 81 183 183 183
P 171 81 183 183 183
P 172 81 184 184 184
P 173 81 184 184 184
P 174 81 184 184 184
P 175 81 184 184 184
P 176 81 185 185 185
P 177 81 185 185 185
P 178 81 185 185 185
P 179 81 185 185 185
P 180 81 186 186 186
P 181 81 186 186 186
P 182 81 186 186 186
P 183 81 186 186 186
P 184 81 187 187 187
P 185 81 187 187 187
P 186 81 187 187 187
P 187 81 187 187 187
P 188 81 188 188 188
P 189 81 188 188 188
P 190 81 188 188 188
P 191 81 188 188 188
P 192 81 189 189 189
P 193 81 189 189 189
P 194 81 189 189 189
P 195 81 189 189 189
P 196 81 190 190 190
P 197 81 190 190 190
P 198 81 190 190 190
P 199 81 190 190 190
P 200 81 191 191 191
P 201 81 191 191 191
P 202 81 191 191 191
P 203 81 191 191 191
P 204 81 192 192 192
P 205 81 192 192 192
P 206 81 192 192 192
P 207 81 192 192 192
P 208 81 193 193 193
P 209 81 193 193 193
P 210 81 193 193 193
P 211 81 193 193 193
P 212 81 194 194 194
P 213 81 194 194 194
P 214 81 194 194 194
P 215 81 194 194 194
P 216 81 195 195 195
P 217 81 195 195 195
P 218 81 195 195 195
P 219 81 195 195 195
P 220 81 196 196 196
P 221 81 196 196 196
P 222 81 196 196 196
P 223 81 196 196 196
P 224 81 197 197 197
P 225 81 197 197 197
P 226 81 197 197 197
P 227 81 197 197 197
P 228 81 198 198 198
P 229 81 198 198 198
P 230 81 198 198 198
P 231 81 198 198 198
P 232 81 199 199 199
P 233 81 199 199 199
P 234 81 199 199 199
P 235 81 199 199 199
P 236 81 200 200 200
P 237 81 200 200 200
P 238 81 200 200 200
P 239 81 200 200 200
P 240 81 201 201 201
P 241 81 201 201 201
P 242 81 201 201 201
P 243 81 201 201 201
P 244 81 202 202 202
P 245 81 202 202 202
P 246 81 202 202 202
P 247 81 202 202 202
P 248 81 203 203 203
P 249 81 203 203 203
P 250 81 203 203 203
P 251 81 203 203 203
P 252 81 204 204 204
P 253 81 204 204 204
P 254 81 204 204 204
P 126 82 172 172 172
P 127 82 173 173 173
P 128 82 173 173 173
P 129 82 173 173 173
P 130 82 173 173 173
P 131 82 174 174 174
P 132 82 174 174 174
P 133 82 174 174 174
P 134 82 174 174 174
P 135 82 175 175 175
P 136 82 175 175 175
P 137 82 175 175 175
P 138 82 175 175 175
P 139 82 176 176 176
P 140 82 176 176 176
P 141 82 176 176 176
P 142 82 176 176 176
P 143 82 177 177 177
P 144 82 177 177 177
P 145 82 177 177 177
P 146 82 177 177 177
P 147 82 178 178 178
P 148 82 178 178 178
P 149 82 178 178 178
P 150 82 178 178 178
P 151 82 179 179 179
P 152 82 179 179 179
P 153 82 179 179 179
P 154 82 179 179 179
P 155 82 180 180 180
P 156 82 180 180 180
P 157 82 180 180 180
P 158 82 180 180 180
P 159 82 181 181 181
P 160 82 181 181 181
P 161 82 181 181 181
P 162 82 181 181 181
P 163 82 182 182 182
P 164 82 182 182 182
P 165 82 182 182 182
P 166 82 182 182 182
P 167 82 183 183 183
P 168 82 183 183 183
P 169 82 183 183 183
P 170 82 183 183 183
P 171 82 184 184 184
P 172 82 184 184 184
P 173 82 184 184 184
P 174 82 184 184 184
P 175 82 185 185 185
P 176 82 185 185 185
P 177 82 185 185 185
P 178 82 185 185 185
P 179 82 186 186 186
P 180 82 186 186 186
P 181 82 186 186 186
P 182 82 186 186 186
P 183 82 187 187 187
P 184 82 187 187 187
P 185 82 187 187 187
P 186 82 187 187 187
P 187 82 188 188 188
P 188 82 188 188 188
P 189 82 188 188 188
P 190 82 188 188 188
P 191 82 189 189 189
P 192 82 189 189 189
P 193 82 189 189 189
P 194 82 189 189 189
P 195 82 190 190 190
P 196 82 190 190 190
P 197 82 190 190 190
P 198 82 190 190 190
P 199 82 191 191 191
P 200 82 191 191 191
P 201 82 191 191 191
P 202 82 191 191 191
P 203 82 192 192 192
P 204 82 192 192 192
P 205 82 192 192 192
P 206 82 192 192 192
P 207 82 193 193 193
P 208 82 193 193 193
P 209 82 193 193 193
P 210 82 193 193 193
P 211 82 194 194 194
P 212 82 194 194 194
P 213 82 194 194 194
P 214 82 194 194 194
P 215 82 195 195 195
P 216 82 195 195 195
P 217 82 195 195 195
P 218 82 195 195 195
P 219 82 196 196 196
P 220 82 196 196 196
P 221 82 196 196 196
P 222 82 196 196 196
P 223 82 197 197 197
P 224 82 197 197 197
P 225 82 197 197 197
P 226 82 197 197 197
P 227 82 198 198 198
P 228 82 198 198 198
P 229 82 198 198 198
P 230 82 198 198 198
P 231 82 199 199 199
P 232 82 199 199 199
P 233 82 199 199 199
P 234 82 199 199 199
P 235 82 200 200 200
P 236 82 200 200 200
P 237 82 200 200 200
P 238 82 200 200 200
P 239 82 201 201 201
P 240 82 201 201 201
P 241 82 201 201 201
P 242 82 201 201 201
P 243 82 202 202 202
P 244 82 202 202 202
P 245 82 202 202 202
P 246 82 202 202 202
P 247 82 203 203 203
P 248 82 203 203 203
P 249 82 203 203 203
P 250 82 203 203 203
P 251 82 204 204 204
P 252 82 204 204 204
P 253 82 204 204 204
P 124 83 172 172 172
P 125 83 172 172 172
P 126 83 173 173 173
P 127 83 173 173 173
P 128 83 173 173 173
P 129 83 173 173 173
P 130 83 174 174 174
P 131 83 174 174 174
P 132 83 174 174 174
P 133 83 174 174 174
P 134 83 175 175 175
P 135 83 175 175 175
P 136 83 175 175 175
P 137 83 175 175 175
P 138 83 176 176 176
P 139 83 176 176 176
P 140 83 176 176 176
P 141 83 176 176 176
P 142 83 177 177 177
P 143 83 177 177 177
P 144 83 177 177 177
P 145 83 177 177 177
P 146 83 178 178 178
P 147 83 178 178 178
P 148 83 178 178 178
P 149 83 178 178 178
P 150 83 179 179 179
P 151 83 179 179 179
P 152 83 179 179 179
P 153 83 179 179 179
P 154 83 180 180 180
P 155 83 180 180 180
P 156 83 180 180 180
P 157 83 180 180 180
P 158 83 181 181 181
P 159 83 181 181 181
P 160 83 181 181 181
P 161 83 181 181 181
P 162 83 182 182 182
P 163 83 182 182 182
P 164 83 182 182 182
P 165 83 182 182 182
P 166 83 183 183 183
P 167 83 183 183 183
P 168 83 183 183 183
P 169 83 183 183 183
P 170 83 184 184 184
P 171 83 184 184 184
P 172 83 184 184 184
P 173 83 184 184 184
P 174 83 185 185 185
P 175 83 185 185 185
P 176 83 185 185 185
P 177 83 185 185 185
P 178 83 186 186 186
P 179 83 186 186 186
P 180 83 186 186 186
P 181 83 186 186 186
P 182 83 187 187 187
P 183 83 187 187 187
P 184 83 187 187 187
P 185 83 187 187 187
P 186 83 188 188 188
P 187 83 188 188 188
P 188 83 188 188 188
P 189 83 188 188 188
P 190 83 189 189 189
P 191 83 189 189 189
P 192 83 189 189 189
P 193 83 189 189 189
P 194 83 190 190 190
P 195 83 190 190 190
P 196 83 190 190 190
P 197 83 190 190 190
P 198 83 191 191 191
P 199 83 191 191 191
P 200 83 191 191 191
P 201 83 191 191 191
P 202 83 192 192 192
P 203 83 192 192 192
P 204 83 192 192 192
P 205 83 192 192 192
P 206 83 193 193 193
P 207 83 193 193 193
P 208 83 193 193 193
P 209 83 193 193 193
P 210 83 194 194 194
P 211 83 194 194 194
P 212 83 194 194 194
P 213 83 194 194 194
P 214 83 195 195 195
P 215 83 195 195 195
P 216 83 195 195 195
P 217 83 195 195 195
P 218 83 196 196 196
P 219 83 196 196 196
P 220 83 196 196 196
P 221 83 196 196 196
P 222 83 197 197 197
P 223 83 197 197 197
P 224 83 197 197 197
P 225 83 197 197 197
P 226 83 198 198 198
P 227 83 198 198 198
P 228 83 198 198 198
P 229 83 198 198 198
P 230 83 199 199 199
P 231 83 199 199 199
P 232 83 199 199 199
P 233 83 199 199 199
P 234 83 200 200 200
P 235 83 200 200 200
P 236 83 200 200 200
P 237 83 200 200 200
P 238 83 201 201 201
P 239 83 201 201 201
P 240 83 201 201 201
P 241 83 201 201 201
P 242 83 202 202 202
P 243 83 202 202 202
P 244 83 202 202 202
P 245 83 202 202 202
P 246 83 203 203 203
P 247 83 203 203 203
P 248 83 203 203 203
P 249 83 203 203 203
P 250 83 204 204 204
P 251 83 204 204 204
P 122 84 172 172 172
P 123 84 172 172 172
P 124 84 172 172 172
P 125 84 173 173 173
P 126 84 173 173 173
P 127 84 173 173 173
P 128 84 173 173 173
P 129 84 174 174 174
P 130 84 174 174 174
P 131 84 174 174 174
P 132 84 174 174 174
P 133 84 175 175 175
P 134 84 175 175 175
P 135 84 175 175 175
P 136 84 175 175 175
P 137 84 176 176 176
P 138 84 176 176 176
P 139 84 176 176 176
P 140 84 176 176 176
P 141 84 177 177 177
P 142 84 177 177 177
P 143 84 177 177 177
P 144 84 177 177 177
P 145 84 178 178 178
P 146 84 178 178 178
P 147 84 178 178 178
P 148 84 178 178 178
P 149 84 179 179 179
P 150 84 179 179 179
P 151 84 179 179 179
P 152 84 179 179 179
P 153 84 180 180 180
P 154 84 180 180 180
P 155 84 180 180 180
P 156 84 180 180 180
P 157 84 181 181 181
P 158 84 181 181 181
P 159 84 181 181 181
P 160 84 181 181 181
P 161 84 182 182 182
P 162 84 182 182 182
P 163 84 182 182 182
P 164 84 182 182 182
P 165 84 183 183 183
P 166 84 183 183 183
P 167 84 183 183 183
P 168 84 183 183 183
P 169 84 184 184 184
P 170 84 184 184 184
P 171 84 184 184 184
P 172 84 184 184 184
P 173 84 185 185 185
P 174 84 185 185 185
P 175 84 185 185 185
P 176 84 185 185 185
P 177 84 186 186 186
P 178 84 186 186 186
P 179 84 186 186 186
P 180 84 186 186 186
P 181 84 187 187 187
P 182 84 187 187 187
P 183 84 187 187 187
P 184 84 187 187 187
P 185 84 188 188 188
P 186 84 188 188 188
P 187 84 188 188 188
P 188 84 188 188 188
P 189 84 189 189 189
P 190 84 189 189 189
P 191 84 189 189 189
P 192 84 189 189 189
P 193 84 190 190 190
P 194 84 190 190 190
P 195 84 190 190 190
P 196 84 190 190 190
P 197 84 191 191 191
P 198 84 191 191 191
P 199 84 191 191 191
P 200 84 191 191 191
P 201 84 192 192 192
P 202 84 192 192 192
P 203 84 192 192 192
P 204 84 192 192 192
P 205 84 193 193 193
P 206 84 193 193 193
P 207 84 193 193 193
P 208 84 193 193 193
P 209 84 194 194 194
P 210 84 194 194 194
P 211 84 194 194 194
P 212 84 194 194 194
P 213 84 195 195 195
P 214 84 195 195 195
P 215 84 195 195 195
P 216 84 195 195 195
P 217 84 196 196 196
P 218 84 196 196 196
P 219 84 196 196 196
P 220 84 196 196 196
P 221 84 197 197 197
P 222 84 197 197 197
P 223 84 197 197 197
P 224 84 197 197 197
P 225 84 198 198 198
P 226 84 198 198 198
P 227 84 198 198 198
P 228 84 198 198 198
P 229 84 199 199 199
P 230 84 199 199 199
P 231 84 199 199 199
P 232 84 199 199 199
P 233 84 200 200 200
P 234 84 200 200 200
P 235 84 200 200 200
P 236 84 200 200 200
P 237 84 201 201 201
P 238 84 201 201 201
P 239 84 201 201 201
P 240 84 201 201 201
P 241 84 202 202 202
P 242 84 202 202 202
P 243 84 202 202 202
P 244 84 202 202 202
P 245 84 203 203 203
P 246 84 203 203 203
P 247 84 203 203 203
P 248 84 203 203 203
P 249 84 204 204 204
P 250 84 204 204 204
P 120 85 172 172 172
P 121 85 172 172 172
P 122 85 172 172 172
P 123 85 172 172 172
P 124 85 173 173 173
P 125 85 173 173 173
P 126 85 173 173 173
P 127 85 173 173 173
P 128 85 174 174 174
P 129 85 174 174 174
P 130 85 174 174 174
P 131 85 174 174 174
P 132 85 175 175 175
P 133 85 175 175 175
P 134 85 175 175 175
P 135 85 175 175 175
P 136 85 176 176 176
P 137 85 176 176 176
P 138 85 176 176 176
P 139 85 176 176 176
P 140 85 177 177 177
P 141 85 177 177 177
P 142 85 177 177 177
P 143 85 177 177 177
P 144 85 178 178 178
P 145 85 178 178 178
P 146 85 178 178 178
P 147 85 178 178 178
P 148 85 179 179 179
P 149 85 179 179 179
P 150 85 179 179 179
P 151 85 179 179 179
P 152 85 180 180 180
P 153 85 180 180 180
P 154 85 180 180 180
P 155 85 180 180 180
P 156 85 181 181 181
P 157 85 181 181 181
P 158 85 181 181 181
P 159 85 181 181 181
P 160 85 182 182 182
P 161 85 182 182 182
P 162 85 182 182 182
P 163 85 182 182 182
P 164 85 183 183 183
P 165 85 183 183 183
P 166 85 183 183 183
P 167 85 183 183 183
P 168 85 184 184 184
P 169 85 184 184 184
P 170 85 184 184 184
P 171 85 184 184 184
P 172 85 185 185 185
P 173 85 185 185 185
P 174 85 185 185 185
P 175 85 185 185 185
P 176 85 186 186 186
P 177 85 186 186 186
P 178 85 186 186 186
P 179 85 186 186 186
P 180 85 187 187 187
P 181 85 187 187 187
P 182 85 187 187 187
P 183 85 187 187 187
P 184 85 188 188 188
P 185 85 188 188 188
P 186 85 188 188 188
P 187 85 188 188 188
P 188 85 189 189 189
P 189 85 189 189 189
P 190 85 189 189 189
P 191 85 189 189 189
P 192 85 190 190 190
P 193 85 190 190 190
P 194 85 190 190 190
P 195 85 190 190 190
P 196 85 191 191 191
P 197 85 191 191 191
P 198 85 191 191 191
P 199 85 191 191 191
P 200 85 192 192 192
P 201 85 192 192 192
P 202 85 192 192 192
P 203 85 192 192 192
P 204 85 193 193 193
P 205 85 193 193 193
P 206 85 193 193 193
P 207 85 193 193 193
P 208 85 194 194 194
P 209 85 194 194 194
P 210 85 194 194 194
P 211 85 194 194 194
P 212 85 195 195 195
P 213 85 195 195 195
P 214 85 195 195 195
P 215 85 195 195 195
P 216 85 196 196 196
P 217 85 196 196 196
P 218 85 196 196 196
P 219 85 196 196 196
P 220 85 197 197 197
P 221 85 197 197 197
P 222 85 197 197 197
P 223 85 197 197 197
P 224 85 198 198 198
P 225 85 198 198 198
P 226 85 198 198 198
P 227 85 198 198 198
P 228 85 199 199 199
P 229 85 199 199 199
P 230 85 199 199 199
P 231 85 199 199 199
P 232 85 200 200 200
P 233 85 200 200 200
P 234 85 200 200 200
P 235 85 200 200 200
P 236 85 201 201 201
P 237 85 201 201 201
P 238 85 201 201 201
P 239 85 201 201 201
P 240 85 202 202 202
P 241 85 202 202 202
P 242 85 202 202 202
P 243 85 202 202 202
P 244 85 203 203 203
P 245 85 203 203 203
P 246 85 203 203 203
P 247 85 203 203 203
P 248 85 204 204 204
P 249 85 204 204 204
P 118 86 171 171 171
P 119 86 172 172 172
P 120 86 172 172 172
P 121 86 172 172 172
P 122 86 172 172 172
P 123 86 173 173 173
P 124 86 173 173 173
P 125 86 173 173 173
P 126 86 173 173 173
P 127 86 174 174 174
P 128 86 174 174 174
P 129 86 174 174 174
P 130 86 174 174 174
P 131 86 175 175 175
P 132 86 175 175 175
P 133 86 175 175 175
P 134 86 175 175 175
P 135 86 176 176 176
P 136 86 176 176 176
P 137 86 176 176 176
P 138 86 176 176 176
P 139 86 177 177 177
P 140 86 177 177 177
P 141 86 177 177 177
P 142 86 177 177 177
P 143 86 178 178 178
P 144 86 178 178 178
P 145 86 178 178 178
P 146 86 178 178 178
P 147 86 179 179 179
P 148 86 179 179 179
P 149 86 179 179 179
P 150 86 179 179 179
P 151 86 180 180 180
P 152 86 180 180 180
P 153 86 180 180 180
P 154 86 180 180 180
P 155 86 181 181 181
P 156 86 181 181 181
P 157 86 181 181 181
P 158 86 181 181 181
P 159 86 182 182 182
P 160 86 182 182 182
P 161 86 182 182 182
P 162 86 182 182 182
P 163 86 183 183 183
P 164 86 183 183 183
P 165 86 183 183 183
P 166 86 183 183 183
P 167 86 184 184 184
P 168 86 184 184 184
P 169 86 184 184 184
P 170 86 184 184 184
P 171 86 185 185 185
P 172 86 185 185 185
P 173 86 185 185 185
P 174 86 185 185 185
P 175 86 186 186 186
P 176 86 186 186 186
P 177 86 186 186 186
P 178 86 186 186 186
P 179 86 187 187 187
P 180 86 187 187 187
P 181 86 187 187 187
P 182 86 187 187 187
P 183 86 188 188 188
P 184 86 188 188 188
P 185 86 188 188 188
P 186 86 188 188 188
P 187 86 189 189 189
P 188 86 189 189 189
P 189 86 189 189 189
P 190 86 189 189 189
P 191 86 190 190 190
P 192 86 190 190 190
P 193 86 190 190 190
P 194 86 190 190 190
P 195 86 191 191 191
P 196 86 191 191 191
P 197 86 191 191 191
P 198 86 191 191 191
P 199 86 192 192 192
P 200 86 192 192 192
P 201 86 192 192 192
P 202 86 192 192 192
P 203 86 193 193 193
P 204 86 193 193 193
P 205 86 193 193 193
P 206 86 193 193 193
P 207 86 194 194 194
P 208 86 194 194 194
P 209 86 194 194 194
P 210 86 194 194 194
P 211 86 195 195 195
P 212 86 195 195 195
P 213 86 195 195 195
P 214 86 195 195 195
P 215 86 196 196 196
P 216 86 196 196 196
P 217 86 196 196 196
P 218 86 196 196 196
P 219 86 197 197 197
P 220 86 197 197 197
P 221 86 197 197 197
P 222 86 197 197 197
P 223 86 198 198 198
P 224 86 198 198 198
P 225 86 198 198 198
P 226 86 198 198 198
P 227 86 199 199 199
P 228 86 199 199 199
P 229 86 199 199 199
P 230 86 199 199 199
P 231 86 200 200 200
P 232 86 200 200 200
P 233 86 200 200 200
P 234 86 200 200 200
P 235 86 201 201 201
P 236 86 201 201 201
P 237 86 201 201 201
P 238 86 201 201 201
P 239 86 202 202 202
P 240 86 202 202 202
P 241 86 202 202 202
P 242 86 202 202 202
P 243 86 203 203 203
P 244 86 203 203 203
P 245 86 203 203 203
P 246 86 203 203 203
P 247 86 204 204 204
P 248 86 204 204 204
P 116 87 171 171 171
P 117 87 171 171 171
P 118 87 172 172 172
P 119 87 172 172 172
P 120 87 172 172 172
P 121 87 172 172 172
P 122 87 173 173 173
P 123 87 173 173 173
P 124 87 173 173 173
P 125 87 173 173 173
P 126 87 174 174 174
P 127 87 174 174 174
P 128 87 174 174 174
P 129 87 174 174 174
P 130 87 175 175 175
P 131 87 175 175 175
P 132 87 175 175 175
P 133 87 175 175 175
P 134 87 176 176 176
P 135 87 176 176 176
P 136 87 176 176 176
P 137 87 176 176 176
P 138 87 177 177 177
P 139 87 177 177 177
P 140 87 177 177 177
P 141 87 177 177 177
P 142 87 178 178 178
P 143 87 178 178 178
P 144 87 178 178 178
P 145 87 178 178 178
P 146 87 179 179 179
P 147 87 179 179 179
P 148 87 179 179 179
P 149 87 179 179 179
P 150 87 180 180 180
P 151 87 180 180 180
P 152 87 180 180 180
P 153 87 180 180 180
P 154 87 181 181 181
P 155 87 181 181 181
P 156 87 181 181 181
P 157 87 181 181 181
P 158 87 182 182 182
P 159 87 182 182 182
P 160 87 182 182 182
P 161 87 182 182 182
P 162 87 183 183 183
P 163 87 183 183 183
P 164 87 183 183 183
P 165 87 183 183 183
P 166 87 184 184 184
P 167 87 184 184 184
P 168 87 184 184 184
P 169 87 184 184 184
P 170 87 185 185 185
P 171 87 185 185 185
P 172 87 185 185 185
P 173 87 185 185 185
P 174 87 186 186 186
P 175 87 186 186 186
P 176 87 186 186 186
P 177 87 186 186 186
P 178 87 187 187 187
P 179 87 187 187 187
P 180 87 187 187 187
P 181 87 187 187 187
P 182 87 188 188 188
P 183 87 188 188 188
P 184 87 188 188 188
P 185 87 188 188 188
P 186 87 189 189 189
P 187 87 189 189 189
P 188 87 189 189 189
P 189 87 189 189 189
P 190 87 190 190 190
P 191 87 190 190 190
P 192 87 190 190 190
P 193 87 190 190 190
P 194 87 191 191 191
P 195 87 191 191 191
P 196 87 191 191 191
P 197 87 191 191 191
P 198 87 192 192 192
P 199 87 192 192 192
P 200 87 192 192 192
P 201 87 192 192 192
P 202 87 193 193 193
P 203 87 193 193 193
P 204 87 193 193 193
P 205 87 193 193 193
P 206 87 194 194 194
P 207 87 194 194 194
P 208 87 194 194 194
P 209 87 194 194 194
P 210 87 195 195 195
P 211 87 195 195 195
P 212 87 195 195 195
P 213 87 195 195 195
P 214 87 196 196 196
P 215 87 196 196 196
P 216 87 196 196 196
P 217 87 196 196 196
P 218 87 197 197 197
P 219 87 197 197 197
P 220 87 197 197 197
P 221 87 197 197 197
P 222 87 198 198 198
P 223 87 198 198 198
P 224 87 198 198 198
P 225 87 198 198 198
P 226 87 199 199 199
P 227 87 199 199 199
P 228 87 199 199 199
P 229 87 199 199 199
P 230 87 200 200 200
P 231 87 200 200 200
P 232 87 200 200 200
P 233 87 200 200 200
P 234 87 201 201 201
P 235 87 201 201 201
P 236 87 201 201 201
P 237 87 201 201 201
P 238 87 202 202 202
P 239 87 202 202 202
P 240 87 202 202 202
P 241 87 202 202 202
P 242 87 203 203 203
P 243 87 203 203 203
P 244 87 203 203 203
P 245 87 203 203 203
P 246 87 204 204 204
P 247 87 204 204 204
P 114 88 171 171 171
P 115 88 171 171 171
P 116 88 171 171 171
P 117 88 172 172 172
P 118 88 172 172 172
P 119 88 172 172 172
P 120 88 172 172 172
P 121 88 173 173 173
P 122 88 173 173 173
P 123 88 173 173 173
P 124 88 173 173 173
P 125 88 174 174 174
P 126 88 174 174 174
P 127 88 174 174 174
P 128 88 174 174 174
P 129 88 175 175 175
P 130 88 175 175 175
P 131 88 175 175 175
P 132 88 175 175 175
P 133 88 176 176 176
P 134 88 176 176 176
P 135 88 176 176 176
P 136 88 176 176 176
P 137 88 177 177 177
P 138 88 177 177 177
P 139 88 177 177 177
P 140 88 177 177 177
P 141 88 178 178 178
P 142 88 178 178 178
P 143 88 178 178 178
P 144 88 178 178 178
P 145 88 179 179 179
P 146 88 179 179 179
P 147 88 179 179 179
P 148 88 179 179 179
P 149 88 180 180 180
P 150 88 180 180 180
P 151 88 180 180 180
P 152 88 180 180 180
P 153 88 181 181 181
P 154 88 181 181 181
P 155 88 181 181 181
P 156 88 181 181 181
P 157 88 182 182 182
P 158 88 182 182 182
P 159 88 182 182 182
P 160 88 182 182 182
P 161 88 183 183 183
P 162 88 183 183 183
P 163 88 183 183 183
P 164 88 183 183 183
P 165 88 184 184 184
P 166 88 184 184 184
P 167 88 184 184 184
P 168 88 184 184 184
P 169 88 185 185 185
P 170 88 185 185 185
P 171 88 185 185 185
P 172 88 185 185 185
P 173 88 186 186 186
P 174 88 186 186 186
P 175 88 186 186 186
P 176 88 186 186 186
P 177 88 187 187 187
P 178 88 187 187 187
P 179 88 187 187 187
P 180 88 187 187 187
P 181 88 188 188 188
P 182 88 188 188 188
P 183 88 188 188 188
P 184 88 188 188 188
P 185 88 189 189 189
P 186 88 189 189 189
P 187 88 189 189 189
P 188 88 189 189 189
P 189 88 190 190 190
P 190 88 190 190 190
P 191 88 190 190 190
P 192 88 190 190 190
P 193 88 191 191 191
P 194 88 191 191 191
P 195 88 191 191 191
P 196 88 191 191 191
P 197 88 192 192 192
P 198 88 192 192 192
P 199 88 192 192 192
P 200 88 192 192 192
P 201 88 193 193 193
P 202 88 193 193 193
P 203 88 193 193 193
P 204 88 193 193 193
P 205 88 194 194 194
P 206 88 194 194 194
P 207 88 194 194 194
P 208 88 194 194 194
P 209 88 195 195 195
P 210 88 195 195 195
P 211 88 195 195 195
P 212 88 195 195 195
P 213 88 196 196 196
P 214 88 196 196 196
P 215 88 196 196 196
P 216 88 196 196 196
P 217 88 197 197 197
P 218 88 197 197 197
P 219 88 197 197 197
P 220 88 197 197 197
P 221 88 198 198 198
P 222 88 198 198 198
P 223 88 198 198 198
P 224 88 198 198 198
P 225 88 199 199 199
P 226 88 199 199 199
P 227 88 199 199 199
P 228 88 199 199 199
P 229 88 200 200 200
P 230 88 200 200 200
P 231 88 200 200 200
P 232 88 200 200 200
P 233 88 201 201 201
P 234 88 201 201 201
P 235 88 201 201 201
P 236 88 201 201 201
P 237 88 202 202 202
P 238 88 202 202 202
P 239 88 202 202 202
P 240 88 202 202 202
P 241 88 203 203 203
P 242 88 203 203 203
P 243 88 203 203 203
P 244 88 203 203 203
P 245 88 204 204 204
P 112 89 171 171 171
P 113 89 171 171 171
P 114 89 171 171 171
P 115 89 171 171 171
P 116 89 172 172 172
P 117 89 172 172 172
P 118 89 172 172 172
P 119 89 172 172 172
P 120 89 173 173 173
P 121 89 173 173 173
P 122 89 173 173 173
P 123 89 173 173 173
P 124 89 174 174 174
P 125 89 174 174 174
P 126 89 174 174 174
P 127 89 174 174 174
P 128 89 175 175 175
P 129 89 175 175 175
P 130 89 175 175 175
P 131 89 175 175 175
P 132 89 176 176 176
P 133 89 176 176 176
P 134 89 176 176 176
P 135 89 176 176 176
P 136 89 177 177 177
P 137 89 177 177 177
P 138 89 177 177 177
P 139 89 177 177 177
P 140 89 178 178 178
P 141 89 178 178 178
P 142 89 178 178 178
P 143 89 178 178 178
P 144 89 179 179 179
P 145 89 179 179 179
P 146 89 179 179 179
P 147 89 179 179 179
P 148 89 180 180 180
P 149 89 180 180 180
P 150 89 180 180 180
P 151 89 180 180 180
P 152 89 181 181 181
P 153 89 181 181 181
P 154 89 181 181 181
P 155 89 181 181 181
P 156 89 182 182 182
P 157 89 182 182 182
P 158 89 182 182 182
P 159 89 182 182 182
P 160 89 183 183 183
P 161 89 183 183 183
P 162 89 183 183 183
P 163 89 183 183 183
P 164 89 184 184 184
P 165 89 184 184 184
P 166 89 184 184 184
P 167 89 184 184 184
P 168 89 185 185 185
P 169 89 185 185 185
P 170 89 185 185 185
P 171 89 185 185 185
P 172 89 186 186 186
P 173 89 186 186 186
P 174 89 186 186 186
P 175 89 186 186 186
P 176 89 187 187 187
P 177 89 187 187 187
P 178 89 187 187 187
P 179 89 187 187 187
P 180 89 188 188 188
P 181 89 188 188 188
P 182 89 188 188 188
P 183 89 188 188 188
P 184 89 189 189 189
P 185 89 189 189 189
P 186 89 189 189 189
P 187 89 189 189 189
P 188 89 190 190 190
P 189 89 190 190 190
P 190 89 190 190 190
P 191 89 190 190 190
P 192 89 191 191 191
P 193 89 191 191 191
P 194 89 191 191 191
P 195 89 191 191 191
P 196 89 192 192 192
P 197 89 192 192 192
P 198 89 192 192 192
P 199 89 192 192 192
P 200 89 193 193 193
P 201 89 193 193 193
P 202 89 193 193 193
P 203 89 193 193 193
P 204 89 194 194 194
P 205 89 194 194 194
P 206 89 194 194 194
P 207 89 194 194 194
P 208 89 195 195 195
P 209 89 195 195 195
P 210 89 195 195 195
P 211 89 195 195 195
P 212 89 196 196 196
P 213 89 196 196 196
P 214 89 196 196 196
P 215 89 196 196 196
P 216 89 197 197 197
P 217 89 197 197 197
P 218 89 197 197 197
P 219 89 197 197 197
P 220 89 198 198 198
P 221 89 198 198 198
P 222 89 198 198 198
P 223 89 198 198 198
P 224 89 199 199 199
P 225 89 199 199 199
P 226 89 199 199 199
P 227 89 199 199 199
P 228 89 200 200 200
P 229 89 200 200 200
P 230 89 200 200 200
P 231 89 200 200 200
P 232 89 201 201 201
P 233 89 201 201 201
P 234 89 201 201 201
P 235 89 201 201 201
P 236 89 202 202 202
P 237 89 202 202 202
P 238 89 202 202 202
P 239 89 202 202 202
P 240 89 203 203 203
P 241 89 203 203 203
P 242 89 203 203 203
P 243 89 203 203 203
P 244 89 204 204 204
P 110 90 170 170 170
P 111 90 171 171 171
P 112 90 171 171 171
P 113 90 171 171 171
P 114 90 171 171 171
P 115 90 172 172 172
P 116 90 172 172 172
P 117 90 172 172 172
P 118 90 172 172 172
P 119 90 173 173 173
P 120 90 173 173 173
P 121 90 173 173 173
P 122 90 173 173 173
P 123 90 174 174 174
P 124 90 174 174 174
P 125 90 174 174 174
P 126 90 174 174 174
P 127 90 175 175 175
P 128 90 175 175 175
P 129 90 175 175 175
P 130 90 175 175 175
P 131 90 176 176 176
P 132 90 176 176 176
P 133 90 176 176 176
P 134 90 176 176 176
P 135 90 177 177 177
P 136 90 177 177 177
P 137 90 177 177 177
P 138 90 177 177 177
P 139 90 178 178 178
P 140 90 178 178 178
P 141 90 178 178 178
P 142 90 178 178 178
P 143 90 179 179 179
P 144 90 179 179 179
P 145 90 179 179 179
P 146 90 179 179 179
P 147 90 180 180 180
P 148 90 180 180 180
P 149 90 180 180 180
P 150 90 180 180 180
P 151 90 181 181 181
P 152 90 181 181 181
P 153 90 181 181 181
P 154 90 181 181 181
P 155 90 182 182 182
P 156 90 182 182 182
P 157 90 182 182 182
P 158 90 182 182 182
P 159 90 183 183 183
P 160 90 183 183 183
P 161 90 183 183 183
P 162 90 183 183 183
P 163 90 184 184 184
P 164 90 184 184 184
P 165 90 184 184 184
P 166 90 184 184 184
P 167 90 185 185 185
P 168 90 185 185 185
P 169 90 185 185 185
P 170 90 185 185 185
P 171 90 186 186 186
P 172 90 186 186 186
P 173 90 186 186 186
P 174 90 186 186 186
P 175 90 187 187 187
P 176 90 187 187 187
P 177 90 187 187 187
P 178 90 187 187 187
P 179 90 188 188 188
P 180 90 188 188 188
P 181 90 188 188 188
P 182 90 188 188 188
P 183 90 189 189 189
P 184 90 189 189 189
P 185 90 189 189 189
P 186 90 189 189 189
P 187 90 190 190 190
P 188 90 190 190 190
P 189 90 190 190 190
P 190 90 190 190 190
P 191 90 191 191 191
P 192 90 191 191 191
P 193 90 191 191 191
P 194 90 191 191 191
P 195 90 192 192 192
P 196 90 192 192 192
P 197 90 192 192 192
P 198 90 192 192 192
P 199 90 193 193 193
P 200 90 193 193 193
P 201 90 193 193 193
P 202 90 193 193 193
P 203 90 194 194 194
P 204 90 194 194 194
P 205 90 194 194 194
P 206 90 194 194 194
P 207 90 195 195 195
P 208 90 195 195 195
P 209 90 195 195 195
P 210 90 195 195 195
P 211 90 196 196 196
P 212 90 196 196 196
P 213 90 196 196 196
P 214 90 196 196 196
P 215 90 197 197 197
P 216 90 197 197 197
P 217 90 197 197 197
P 218 90 197 197 197
P 219 90 198 198 198
P 220 90 198 198 198
P 221 90 198 198 198
P 222 90 198 198 198
P 223 90 199 199 199
P 224 90 199 199 199
P 225 90 199 199 199
P 226 90 199 199 199
P 227 90 200 200 200
P 228 90 200 200 200
P 229 90 200 200 200
P 230 90 200 200 200
P 231 90 201 201 201
P 232 90 201 201 201
P 233 90 201 201 201
P 234 90 201 201 201
P 235 90 202 202 202
P 236 90 202 202 202
P 237 90 202 202 202
P 238 90 202 202 202
P 239 90 203 203 203
P 240 90 203 203 203
P 241 90 203 203 203
P 242 90 203 203 203
P 243 90 204 204 204
P 108 91 170 170 170
P 109 91 170 170 170
P 110 91 171 171 171
P 111 91 171 171 171
P 112 91 171 171 171
P 113 91 171 171 171
P 114 91 172 172 172
P 115 91 172 172 172
P 116 91 172 172 172
P 117 91 172 172 172
P 118 91 173 173 173
P 119 91 173 173 173
P 120 91 173 173 173
P 121 91 173 173 173
P 122 91 174 174 174
P 123 91 174 174 174
P 124 91 174 174 174
P 125 91 174 174 174
P 126 91 175 175 175
P 127 91 175 175 175
P 128 91 175 175 175
P 129 91 175 175 175
P 130 91 176 176 176
P 131 91 176 176 176
P 132 91 176 176 176
P 133 91 176 176 176
P 134 91 177 177 177
P 135 91 177 177 177
P 136 91 177 177 177
P 137 91 177 177 177
P 138 91 178 178 178
P 139 91 178 178 178
P 140 91 178 178 178
P 141 91 178 178 178
P 142 91 179 179 179
P 143 91 179 179 179
P 144 91 179 179 179
P 145 91 179 179 179
P 146 91 180 180 180
P 147 91 180 180 180
P 148 91 180 180 180
P 149 91 180 180 180
P 150 91 181 181 181
P 151 91 181 181 181
P 152 91 181 181 181
P 153 91 181 181 181
P 154 91 182 182 182
P 155 91 182 182 182
P 156 91 182 182 182
P 157 91 182 182 182
P 158 91 183 183 183
P 159 91 183 183 183
P 160 91 183 183 183
P 161 91 183 183 183
P 162 91 184 184 184
P 163 91 184 184 184
P 164 91 184 184 184
P 165 91 184 184 184
P 166 91 185 185 185
P 167 91 185 185 185
P 168 91 185 185 185
P 169 91 185 185 185
P 170 91 186 186 186
P 171 91 186 186 186
P 172 91 186 186 186
P 173 91 186 186 186
P 174 91 187 187 187
P 175 91 187 187 187
P 176 91 187 187 187
P 177 91 187 187 187
P 178 91 188 188 188
P 179 91 188 188 188
P 180 91 188 188 188
P 181 91 188 188 188
P 182 91 189 189 189
P 183 91 189 189 189
P 184 91 189 189 189
P 185 91 189 189 189
P 186 91 190 190 190
P 187 91 190 190 190
P 188 91 190 190 190
P 189 91 190 190 190
P 190 91 191 191 191
P 191 91 191 191 191
P 192 91 191 191 191
P 193 91 191 191 191
P 194 91 192 192 192
P 195 91 192 192 192
P 196 91 192 192 192
P 197 91 192 192 192
P 198 91 193 193 193
P 199 91 193 193 193
P 200 91 193 193 193
P 201 91 193 193 193
P 202 91 194 194 194
P 203 91 194 194 194
P 204 91 194 194 194
P 205 91 194 194 194
P 206 91 195 195 195
P 207 91 195 195 195
P 208 91 195 195 195
P 209 91 195 195 195
P 210 91 196 196 196
P 211 91 196 196 196
P 212 91 196 196 196
P 213 91 196 196 196
P 214 91 197 197 197
P 215 91 197 197 197
P 216 91 197 197 197
P 217 91 197 197 197
P 218 91 198 198 198
P 219 91 198 198 198
P 220 91 198 198 198
P 221 91 198 198 198
P 222 91 199 199 199
P 223 91 199 199 199
P 224 91 199 199 199
P 225 91 199 199 199
P 226 91 200 200 200
P 227 91 200 200 200
P 228 91 200 200 200
P 229 91 200 200 200
P 230 91 201 201 201
P 231 91 201 201 201
P 232 91 201 201 201
P 233 91 201 201 201
P 234 91 202 202 202
P 235 91 202 202 202
P 236 91 202 202 202
P 237 91 202 202 202
P 238 91 203 203 203
P 239 91 203 203 203
P 240 91 203 203 203
P 241 91 203 203 203
P 242 91 204 204 204
P 106 92 170 170 170
P 107 92 170 170 170
P 108 92 170 170 170
P 109 92 171 171 171
P 110 92 171 171 171
P 111 92 171 171 171
P 112 92 171 171 171
P 113 92 172 172 172
P 114 92 172 172 172
P 115 92 172 172 172
P 116 92 172 172 172
P 117 92 173 173 173
P 118 92 173 173 173
P 119 92 173 173 173
P 120 92 173 173 173
P 121 92 174 174 174
P 122 92 174 174 174
P 123 92 174 174 174
P 124 92 174 174 174
P 125 92 175 175 175
P 126 92 175 175 175
P 127 92 175 175 175
P 128 92 175 175 175
P 129 92 176 176 176
P 130 92 176 176 176
P 131 92 176 176 176
P 132 92 176 176 176
P 133 92 177 177 177
P 134 92 177 177 177
P 135 92 177 177 177
P 136 92 177 177 177
P 137 92 178 178 178
P 138 92 178 178 178
P 139 92 178 178 178
P 140 92 178 178 178
P 141 92 179 179 179
P 142 92 179 179 179
P 143 92 179 179 179
P 144 92 179 179 179
P 145 92 180 180 180
P 146 92 180 180 180
P 147 92 180 180 180
P 148 92 180 180 180
P 149 92 181 181 181
P 150 92 181 181 181
P 151 92 181 181 181
P 152 92 181 181 181
P 153 92 182 182 182
P 154 92 182 182 182
P 155 92 182 182 182
P 156 92 182 182 182
P 157 92 183 183 183
P 158 92 183 183 183
P 159 92 183 183 183
P 160 92 183 183 183
P 161 92 184 184 184
P 162 92 184 184 184
P 163 92 184 184 184
P 164 92 184 184 184
P 165 92 185 185 185
P 166 92 185 185 185
P 167 92 185 185 185
P 168 92 185 185 185
P 169 92 186 186 186
P 170 92 186 186 186
P 171 92 186 186 186
P 172 92 186 186 186
P 173 92 187 187 187
P 174 92 187 187 187
P 175 92 187 187 187
P 176 92 187 187 187
P 177 92 188 188 188
P 178 92 188 188 188
P 179 92 188 188 188
P 180 92 188 188 188
P 181 92 189 189 189
P 182 92 189 189 189
P 183 92 189 189 189
P 184 92 189 189 189
P 185 92 190 190 190
P 186 92 190 190 190
P 187 92 190 190 190
P 188 92 190 190 190
P 189 92 191 191 191
P 190 92 191 191 191
P 191 92 191 191 191
P 192 92 191 191 191
P 193 92 192 192 192
P 194 92 192 192 192
P 195 92 192 192 192
P 196 92 192 192 192
P 197 92 193 193 193
P 198 92 193 193 193
P 199 92 193 193 193
P 200 92 193 193 193
P 201 92 194 194 194
P 202 92 194 194 194
P 203 92 194 194 194
P 204 92 194 194 194
P 205 92 195 195 195
P 206 92 195 195 195
P 207 92 195 195 195
P 208 92 195 195 195
P 209 92 196 196 196
P 210 92 196 196 196
P 211 92 196 196 196
P 212 92 196 196 196
P 213 92 197 197 197
P 214 92 197 197 197
P 215 92 197 197 197
P 216 92 197 197 197
P 217 92 198 198 198
P 218 92 198 198 198
P 219 92 198 198 198
P 220 92 198 198 198
P 221 92 199 199 199
P 222 92 199 199 199
P 223 92 199 199 199
P 224 92 199 199 199
P 225 92 200 200 200
P 226 92 200 200 200
P 227 92 200 200 200
P 228 92 200 200 200
P 229 92 201 201 201
P 230 92 201 201 201
P 231 92 201 201 201
P 232 92 201 201 201
P 233 92 202 202 202
P 234 92 202 202 202
P 235 92 202 202 202
P 236 92 202 202 202
P 237 92 203 203 203
P 238 92 203 203 203
P 239 92 203 203 203
P 240 92 203 203 203
P 104 93 170 170 170
P 105 93 170 170 170
P 106 93 170 170 170
P 107 93 170 170 170
P 108 93 171 171 171
P 109 93 171 171 171
P 110 93 171 171 171
P 111 93 171 171 171
P 112 93 172 172 172
P 113 93 172 172 172
P 114 93 172 172 172
P 115 93 172 172 172
P 116 93 173 173 173
P 117 93 173 173 173
P 118 93 173 173 173
P 119 93 173 173 173
P 120 93 174 174 174
P 121 93 174 174 174
P 122 93 174 174 174
P 123 93 174 174 174
P 124 93 175 175 175
P 125 93 175 175 175
P 126 93 175 175 175
P 127 93 175 175 175
P 128 93 176 176 176
P 129 93 176 176 176
P 130 93 176 176 176
P 131 93 176 176 176
P 132 93 177 177 177
P 133 93 177 177 177
P 134 93 177 177 177
P 135 93 177 177 177
P 136 93 178 178 178
P 137 93 178 178 178
P 138 93 178 178 178
P 139 93 178 178 178
P 140 93 179 179 179
P 141 93 179 179 179
P 142 93 179 179 179
P 143 93 179 179 179
P 144 93 180 180 180
P 145 93 180 180 180
P 146 93 180 180 180
P 147 93 180 180 180
P 148 93 181 181 181
P 149 93 181 181 181
P 150 93 181 181 181
P 151 93 181 181 181
P 152 93 182 182 182
P 153 93 182 182 182
P 154 93 182 182 182
P 155 93 182 182 182
P 156 93 183 183 183
P 157 93 183 183 183
P 158 93 183 183 183
P 159 93 183 183 183
P 160 93 184 184 184
P 161 93 184 184 184
P 162 93 184 184 184
P 163 93 184 184 184
P 164 93 185 185 185
P 165 93 185 185 185
P 166 93 185 185 185
P 167 93 185 185 185
P 168 93 186 186 186
P 169 93 186 186 186
P 170 93 186 186 186
P 171 93 186 186 186
P 172 93 187 187 187
P 173 93 187 187 187
P 174 93 187 187 187
P 175 93 187 187 187
P 176 93 188 188 188
P 177 93 188 188 188
P 178 93 188 188 188
P 179 93 188 188 188
P 180 93 189 189 189
P 181 93 189 189 189
P 182 93 189 189 189
P 183 93 189 189 189
P 184 93 190 190 190
P 185 93 190 190 190
P 186 93 190 190 190
P 187 93 190 190 190
P 188 93 191 191 191
P 189 93 191 191 191
P 190 93 191 191 191
P 191 93 191 191 191
P 192 93 192 192 192
P 193 93 192 192 192
P 194 93 192 192 192
P 195 93 192 192 192
P 196 93 193 193 193
P 197 93 193 193 193
P 198 93 193 193 193
P 199 93 193 193 193
P 200 93 194 194 194
P 201 93 194 194 194
P 202 93 194 194 194
P 203 93 194 194 194
P 204 93 195 195 195
P 205 93 195 195 195
P 206 93 195 195 195
P 207 93 195 195 195
P 208 93 196 196 196
P 209 93 196 196 196
P 210 93 196 196 196
P 211 93 196 196 196
P 212 93 197 197 197
P 213 93 197 197 197
P 214 93 197 197 197
P 215 93 197 197 197
P 216 93 198 198 198
P 217 93 198 198 198
P 218 93 198 198 198
P 219 93 198 198 198
P 220 93 199 199 199
P 221 93 199 199 199
P 222 93 199 199 199
P 223 93 199 199 199
P 224 93 200 200 200
P 225 93 200 200 200
P 226 93 200 200 200
P 227 93 200 200 200
P 228 93 201 201 201
P 229 93 201 201 201
P 230 93 201 201 201
P 231 93 201 201 201
P 232 93 202 202 202
P 233 93 202 202 202
P 234 93 202 202 202
P 235 93 202 202 202
P 236 93 203 203 203
P 237 93 203 203 203
P 238 93 203 203 203
P 239 93 203 203 203
P 101 94 169 169 169
P 102 94 169 169 169
P 103 94 170 170 170
P 104 94 170 170 170
P 105 94 170 170 170
P 106 94 170 170 170
P 107 94 171 171 171
P 108 94 171 171 171
P 109 94 171 171 171
P 110 94 171 171 171
P 111 94 172 172 172
P 112 94 172 172 172
P 113 94 172 172 172
P 114 94 172 172 172
P 115 94 173 173 173
P 116 94 173 173 173
P 117 94 173 173 173
P 118 94 173 173 173
P 119 94 174 174 174
P 120 94 174 174 174
P 121 94 174 174 174
P 122 94 174 174 174
P 123 94 175 175 175
P 124 94 175 175 175
P 125 94 175 175 175
P 126 94 175 175 175
P 127 94 176 176 176
P 128 94 176 176 176
P 129 94 176 176 176
P 130 94 176 176 176
P 131 94 177 177 177
P 132 94 177 177 177
P 133 94 177 177 177
P 134 94 177 177 177
P 135 94 178 178 178
P 136 94 178 178 178
P 137 94 178 178 178
P 138 94 178 178 178
P 139 94 179 179 179
P 140 94 179 179 179
P 141 94 179 179 179
P 142 94 179 179 179
P 143 94 180 180 180
P 144 94 180 180 180
P 145 94 180 180 180
P 146 94 180 180 180
P 147 94 181 181 181
P 148 94 181 181 181
P 149 94 181 181 181
P 150 94 181 181 181
P 151 94 182 182 182
P 152 94 182 182 182
P 153 94 182 182 182
P 154 94 182 182 182
P 155 94 183 183 183
P 156 94 183 183 183
P 157 94 183 183 183
P 158 94 183 183 183
P 159 94 184 184 184
P 160 94 184 184 184
P 161 94 184 184 184
P 162 94 184 184 184
P 163 94 185 185 185
P 164 94 185 185 185
P 165 94 185 185 185
P 166 94 185 185 185
P 167 94 186 186 186
P 168 94 186 186 186
P 169 94 186 186 186
P 170 94 186 186 186
P 171 94 187 187 187
P 172 94 187 187 187
P 173 94 187 187 187
P 174 94 187 187 187
P 175 94 188 188 188
P 176 94 188 188 188
P 177 94 188 188 188
P 178 94 188 188 188
P 179 94 189 189 189
P 180 94 189 189 189
P 181 94 189 189 189
P 182 94 189 189 189
P 183 94 190 190 190
P 184 94 190 190 190
P 185 94 190 190 190
P 186 94 190 190 190
P 187 94 191 191 191
P 188 94 191 191 191
P 189 94 191 191 191
P 190 94 191 191 191
P 191 94 192 192 192
P 192 94 192 192 192
P 193 94 192 192 192
P 194 94 192 192 192
P 195 94 193 193 193
P 196 94 193 193 193
P 197 94 193 193 193
P 198 94 193 193 193
P 199 94 194 194 194
P 200 94 194 194 194
P 201 94 194 194 194
P 202 94 194 194 194
P 203 94 195 195 195
P 204 94 195 195 195
P 205 94 195 195 195
P 206 94 195 195 195
P 207 94 196 196 196
P 208 94 196 196 196
P 209 94 196 196 196
P 210 94 196 196 196
P 211 94 197 197 197
P 212 94 197 197 197
P 213 94 197 197 197
P 214 94 197 197 197
P 215 94 198 198 198
P 216 94 198 198 198
P 217 94 198 198 198
P 218 94 198 198 198
P 219 94 199 199 199
P 220 94 199 199 199
P 221 94 199 199 199
P 222 94 199 199 199
P 223 94 200 200 200
P 224 94 200 200 200
P 225 94 200 200 200
P 226 94 200 200 200
P 227 94 201 201 201
P 228 94 201 201 201
P 229 94 201 201 201
P 230 94 201 201 201
P 231 94 202 202 202
P 232 94 202 202 202
P 233 94 202 202 202
P 234 94 202 202 202
P 235 94 203 203 203
P 236 94 203 203 203
P 237 94 203 203 203
P 238 94 203 203 203
P 99 95 169 169 169
P 100 95 169 169 169
P 101 95 169 169 169
P 102 95 170 170 170
P 103 95 170 170 170
P 104 95 170 170 170
P 105 95 170 170 170
P 106 95 171 171 171
P 107 95 171 171 171
P 108 95 171 171 171
P 109 95 171 171 171
P 110 95 172 172 172
P 111 95 172 172 172
P 112 95 172 172 172
P 113 95 172 172 172
P 114 95 173 173 173
P 115 95 173 173 173
P 116 95 173 173 173
P 117 95 173 173 173
P 118 95 174 174 174
P 119 95 174 174 174
P 120 95 174 174 174
P 121 95 174 174 174
P 122 95 175 175 175
P 123 95 175 175 175
P 124 95 175 175 175
P 125 95 175 175 175
P 126 95 176 176 176
P 127 95 176 176 176
P 128 95 176 176 176
P 129 95 176 176 176
P 130 95 177 177 177
P 131 95 177 177 177
P 132 95 177 177 177
P 133 95 177 177 177
P 134 95 178 178 178
P 135 95 178 178 178
P 136 95 178 178 178
P 137 95 178 178 178
P 138 95 179 179 179
P 139 95 179 179 179
P 140 95 179 179 179
P 141 95 179 179 179
P 142 95 180 180 180
P 143 95 180 180 180
P 144 95 180 180 180
P 145 95 180 180 180
P 146 95 181 181 181
P 147 95 181 181 181
P 148 95 181 181 181
P 149 95 181 181 181
P 150 95 182 182 182
P 151 95 182 182 182
P 152 95 182 182 182
P 153 95 182 182 182
P 154 95 183 183 183
P 155 95 183 183 183
P 156 95 183 183 183
P 157 95 183 183 183
P 158 95 184 184 184
P 159 95 184 184 184
P 160 95 184 184 184
P 161 95 184 184 184
P 162 95 185 185 185
P 163 95 185 185 185
P 164 95 185 185 185
P 165 95 185 185 185
P 166 95 186 186 186
P 167 95 186 186 186
P 168 95 186 186 186
P 169 95 186 186 186
P 170 95 187 187 187
P 171 95 187 187 187
P 172 95 187 187 187
P 173 95 187 187 187
P 174 95 188 188 188
P 175 95 188 188 188
P 176 95 188 188 188
P 177 95 188 188 188
P 178 95 189 189 189
P 179 95 189 189 189
P 180 95 189 189 189
P 181 95 189 189 189
P 182 95 190 190 190
P 183 95 190 190 190
P 184 95 190 190 190
P 185 95 190 190 190
P 186 95 191 191 191
P 187 95 191 191 191
P 188 95 191 191 191
P 189 95 191 191 191
P 190 95 192 192 192
P 191 95 192 192 192
P 192 95 192 192 192
P 193 95 192 192 192
P 194 95 193 193 193
P 195 95 193 193 193
P 196 95 193 193 193
P 197 95 193 193 193
P 198 95 194 194 194
P 199 95 194 194 194
P 200 95 194 194 194
P 201 95 194 194 194
P 202 95 195 195 195
P 203 95 195 195 195
P 204 95 195 195 195
P 205 95 195 195 195
P 206 95 196 196 196
P 207 95 196 196 196
P 208 95 196 196 196
P 209 95 196 196 196
P 210 95 197 197 197
P 211 95 197 197 197
P 212 95 197 197 197
P 213 95 197 197 197
P 214 95 198 198 198
P 215 95 198 198 198
P 216 95 198 198 198
P 217 95 198 198 198
P 218 95 199 199 199
P 219 95 199 199 199
P 220 95 199 199 199
P 221 95 199 199 199
P 222 95 200 200 200
P 223 95 200 200 200
P 224 95 200 200 200
P 225 95 200 200 200
P 226 95 201 201 201
P 227 95 201 201 201
P 228 95 201 201 201
P 229 95 201 201 201
P 230 95 202 202 202
P 231 95 202 202 202
P 232 95 202 202 202
P 233 95 202 202 202
P 234 95 203 203 203
P 235 95 203 203 203
P 236 95 203 203 203
P 237 95 203 203 203
P 97 96 169 169 169
P 98 96 169 169 169
P 99 96 169 169 169
P 100 96 169 169 169
P 101 96 170 170 170
P 102 96 170 170 170
P 103 96 170 170 170
P 104 96 170 170 170
P 105 96 171 171 171
P 106 96 171 171 171
P 107 96 171 171 171
P 108 96 171 171 171
P 109 96 172 172 172
P 110 96 172 172 172
P 111 96 172 172 172
P 112 96 172 172 172
P 113 96 173 173 173
P 114 96 173 173 173
P 115 96 173 173 173
P 116 96 173 173 173
P 117 96 174 174 174
P 118 96 174 174 174
P 119 96 174 174 174
P 120 96 174 174 174
P 121 96 175 175 175
P 122 96 175 175 175
P 123 96 175 175 175
P 124 96 175 175 175
P 125 96 176 176 176
P 126 96 176 176 176
P 127 96 176 176 176
P 128 96 176 176 176
P 129 96 177 177 177
P 130 96 177 177 177
P 131 96 177 177 177
P 132 96 177 177 177
P 133 96 178 178 178
P 134 96 178 178 178
P 135 96 178 178 178
P 136 96 178 178 178
P 137 96 179 179 179
P 138 96 179 179 179
P 139 96 179 179 179
P 140 96 179 179 179
P 141 96 180 180 180
P 142 96 180 180 180
P 143 96 180 180 180
P 144 96 180 180 180
P 145 96 181 181 181
P 146 96 181 181 181
P 147 96 181 181 181
P 148 96 181 181 181
P 149 96 182 182 182
P 150 96 182 182 182
P 151 96 182 182 182
P 152 96 182 182 182
P 153 96 183 183 183
P 154 96 183 183 183
P 155 96 183 183 183
P 156 96 183 183 183
P 157 96 184 184 184
P 158 96 184 184 184
P 159 96 184 184 184
P 160 96 184 184 184
P 161 96 185 185 185
P 162 96 185 185 185
P 163 96 185 185 185
P 164 96 185 185 185
P 165 96 186 186 186
P 166 96 186 186 186
P 167 96 186 186 186
P 168 96 186 186 186
P 169 96 187 187 187
P 170 96 187 187 187
P 171 96 187 187 187
P 172 96 187 187 187
P 173 96 188 188 188
P 174 96 188 188 188
P 175 96 188 188 188
P 176 96 188 188 188
P 177 96 189 189 189
P 178 96 189 189 189
P 179 96 189 189 189
P 180 96 189 189 189
P 181 96 190 190 190
P 182 96 190 190 190
P 183 96 190 190 190
P 184 96 190 190 190
P 185 96 191 191 191
P 186 96 191 191 191
P 187 96 191 191 191
P 188 96 191 191 191
P 189 96 192 192 192
P 190 96 192 192 192
P 191 96 192 192 192
P 192 96 192 192 192
P 193 96 193 193 193
P 194 96 193 193 193
P 195 96 193 193 193
P 196 96 193 193 193
P 197 96 194 194 194
P 198 96 194 194 194
P 199 96 194 194 194
P 200 96 194 194 194
P 201 96 195 195 195
P 202 96 195 195 195
P 203 96 195 195 195
P 204 96 195 195 195
P 205 96 196 196 196
P 206 96 196 196 196
P 207 96 196 196 196
P 208 96 196 196 196
P 209 96 197 197 197
P 210 96 197 197 197
P 211 96 197 197 197
P 212 96 197 197 197
P 213 96 198 198 198
P 214 96 198 198 198
P 215 96 198 198 198
P 216 96 198 198 198
P 217 96 199 199 199
P 218 96 199 199 199
P 219 96 199 199 199
P 220 96 199 199 199
P 221 96 200 200 200
P 222 96 200 200 200
P 223 96 200 200 200
P 224 96 200 200 200
P 225 96 201 201 201
P 226 96 201 201 201
P 227 96 201 201 201
P 228 96 201 201 201
P 229 96 202 202 202
P 230 96 202 202 202
P 231 96 202 202 202
P 232 96 202 202 202
P 233 96 203 203 203
P 234 96 203 203 203
P 235 96 203 203 203
P 236 96 203 203 203
P 95 97 168 168 168
P 96 97 169 169 169
P 97 97 169 169 169
P 98 97 169 169 169
P 99 97 169 169 169
P 100 97 170 170 170
P 101 97 170 170 170
P 102 97 170 170 170
P 103 97 170 170 170
P 104 97 171 171 171
P 105 97 171 171 171
P 106 97 171 171 171
P 107 97 171 171 171
P 108 97 172 172 172
P 109 97 172 172 172
P 110 97 172 172 172
P 111 97 172 172 172
P 112 97 173 173 173
P 113 97 173 173 173
P 114 97 173 173 173
P 115 97 173 173 173
P 116 97 174 174 174
P 117 97 174 174 174
P 118 97 174 174 174
P 119 97 174 174 174
P 120 97 175 175 175
P 121 97 175 175 175
P 122 97 175 175 175
P 123 97 175 175 175
P 124 97 176 176 176
P 125 97 176 176 176
P 126 97 176 176 176
P 127 97 176 176 176
P 128 97 177 177 177
P 129 97 177 177 177
P 130 97 177 177 177
P 131 97 177 177 177
P 132 97 178 178 178
P 133 97 178 178 178
P 134 97 178 178 178
P 135 97 178 178 178
P 136 97 179 179 179
P 137 97 179 179 179
P 138 97 179 179 179
P 139 97 179 179 179
P 140 97 180 180 180
P 141 97 180 180 180
P 142 97 180 180 180
P 143 97 180 180 180
P 144 97 181 181 181
P 145 97 181 181 181
P 146 97 181 181 181
P 147 97 181 181 181
P 148 97 182 182 182
P 149 97 182 182 182
P 150 97 182 182 182
P 151 97 182 182 182
P 152 97 183 183 183
P 153 97 183 183 183
P 154 97 183 183 183
P 155 97 183 183 183
P 156 97 184 184 184
P 157 97 184 184 184
P 158 97 184 184 184
P 159 97 184 184 184
P 160 97 185 185 185
P 161 97 185 185 185
P 162 97 185 185 185
P 163 97 185 185 185
P 164 97 186 186 186
P 165 97 186 186 186
P 166 97 186 186 186
P 167 97 186 186 186
P 168 97 187 187 187
P 169 97 187 187 187
P 170 97 187 187 187
P 171 97 187 187 187
P 172 97 188 188 188
P 173 97 188 188 188
P 174 97 188 188 188
P 175 97 188 188 188
P 176 97 189 189 189
P 177 97 189 189 189
P 178 97 189 189 189
P 179 97 189 189 189
P 180 97 190 190 190
P 181 97 190 190 190
P 182 97 190 190 190
P 183 97 190 190 190
P 184 97 191 191 191
P 185 97 191 191 191
P 186 97 191 191 191
P 187 97 191 191 191
P 188 97 192 192 192
P 189 97 192 192 192
P 190 97 192 192 192
P 191 97 192 192 192
P 192 97 193 193 193
P 193 97 193 193 193
P 194 97 193 193 193
P 195 97 193 193 193
P 196 97 194 194 194
P 197 97 194 194 194
P 198 97 194 194 194
P 199 97 194 194 194
P 200 97 195 195 195
P 201 97 195 195 195
P 202 97 195 195 195
P 203 97 195 195 195
P 204 97 196 196 196
P 205 97 196 196 196
P 206 97 196 196 196
P 207 97 196 196 196
P 208 97 197 197 197
P 209 97 197 197 197
P 210 97 197 197 197
P 211 97 197 197 197
P 212 97 198 198 198
P 213 97 198 198 198
P 214 97 198 198 198
P 215 97 198 198 198
P 216 97 199 199 199
P 217 97 199 199 199
P 218 97 199 199 199
P 219 97 199 199 199
P 220 97 200 200 200
P 221 97 200 200 200
P 222 97 200 200 200
P 223 97 200 200 200
P 224 97 201 201 201
P 225 97 201 201 201
P 226 97 201 201 201
P 227 97 201 201 201
P 228 97 202 202 202
P 229 97 202 202 202
P 230 97 202 202 202
P 231 97 202 202 202
P 232 97 203 203 203
P 233 97 203 203 203
P 234 97 203 203 203
P 93 98 168 168 168
P 94 98 168 168 168
P 95 98 169 169 169
P 96 98 169 169 169
P 97 98 169 169 169
P 98 98 169 169 169
P 99 98 170 170 170
P 100 98 170 170 170
P 101 98 170 170 170
P 102 98 170 170 170
P 103 98 171 171 171
P 104 98 171 171 171
P 105 98 171 171 171
P 106 98 171 171 171
P 107 98 172 172 172
P 108 98 172 172 172
P 109 98 172 172 172
P 110 98 172 172 172
P 111 98 173 173 173
P 112 98 173 173 173
P 113 98 173 173 173
P 114 98 173 173 173
P 115 98 174 174 174
P 116 98 174 174 174
P 117 98 174 174 174
P 118 98 174 174 174
P 119 98 175 175 175
P 120 98 175 175 175
P 121 98 175 175 175
P 122 98 175 175 175
P 123 98 176 176 176
P 124 98 176 176 176
P 125 98 176 176 176
P 126 98 176 176 176
P 127 98 177 177 177
P 128 98 177 177 177
P 129 98 177 177 177
P 130 98 177 177 177
P 131 98 178 178 178
P 132 98 178 178 178
P 133 98 178 178 178
P 134 98 178 178 178
P 135 98 179 179 179
P 136 98 179 179 179
P 137 98 179 179 179
P 138 98 179 179 179
P 139 98 180 180 180
P 140 98 180 180 180
P 141 98 180 180 180
P 142 98 180 180 180
P 143 98 181 181 181
P 144 98 181 181 181
P 145 98 181 181 181
P 146 98 181 181 181
P 147 98 182 182 182
P 148 98 182 182 182
P 149 98 182 182 182
P 150 98 182 182 182
P 151 98 183 183 183
P 152 98 183 183 183
P 153 98 183 183 183
P 154 98 183 183 183
P 155 98 184 184 184
P 156 98 184 184 184
P 157 98 184 184 184
P 158 98 184 184 184
P 159 98 185 185 185
P 160 98 185 185 185
P 161 98 185 185 185
P 162 98 185 185 185
P 163 98 186 186 186
P 164 98 186 186 186
P 165 98 186 186 186
P 166 98 186 186 186
P 167 98 187 187 187
P 168 98 187 187 187
P 169 98 187 187 187
P 170 98 187 187 187
P 171 98 188 188 188
P 172 98 188 188 188
P 173 98 188 188 188
P 174 98 188 188 188
P 175 98 189 189 189
P 176 98 189 189 189
P 177 98 189 189 189
P 178 98 189 189 189
P 179 98 190 190 190
P 180 98 190 190 190
P 181 98 190 190 190
P 182 98 190 190 190
P 183 98 191 191 191
P 184 98 191 191 191
P 185 98 191 191 191
P 186 98 191 191 191
P 187 98 192 192 192
P 188 98 192 192 192
P 189 98 192 192 192
P 190 98 192 192 192
P 191 98 193 193 193
P 192 98 193 193 193
P 193 98 193 193 193
P 194 98 193 193 193
P 195 98 194 194 194
P 196 98 194 194 194
P 197 98 194 194 194
P 198 98 194 194 194
P 199 98 195 195 195
P 200 98 195 195 195
P 201 98 195 195 195
P 202 98 195 195 195
P 203 98 196 196 196
P 204 98 196 196 196
P 205 98 196 196 196
P 206 98 196 196 196
P 207 98 197 197 197
P 208 98 197 197 197
P 209 98 197 197 197
P 210 98 197 197 197
P 211 98 198 198 198
P 212 98 198 198 198
P 213 98 198 198 198
P 214 98 198 198 198
P 215 98 199 199 199
P 216 98 199 199 199
P 217 98 199 199 199
P 218 98 199 199 199
P 219 98 200 200 200
P 220 98 200 200 200
P 221 98 200 200 200
P 222 98 200 200 200
P 223 98 201 201 201
P 224 98 201 201 201
P 225 98 201 201 201
P 226 98 201 201 201
P 227 98 202 202 202
P 228 98 202 202 202
P 229 98 202 202 202
P 230 98 202 202 202
P 231 98 203 203 203
P 232 98 203 203 203
P 233 98 203 203 203
P 91 99 168 168 168
P 92 99 168 168 168
P 93 99 168 168 168
P 94 99 169 169 169
P 95 99 169 169 169
P 96 99 169 169 169
P 97 99 169 169 169
P 98 99 170 170 170
P 99 99 170 170 170
P 100 99 170 170 170
P 101 99 170 170 170
P 102 99 171 171 171
P 103 99 171 171 171
P 104 99 171 171 171
P 105 99 171 171 171
P 106 99 172 172 172
P 107 99 172 172 172
P 108 99 172 172 172
P 109 99 172 172 172
P 110 99 173 173 173
P 111 99 173 173 173
P 112 99 173 173 173
P 113 99 173 173 173
P 114 99 174 174 174
P 115 99 174 174 174
P 116 99 174 174 174
P 117 99 174 174 174
P 118 99 175 175 175
P 119 99 175 175 175
P 120 99 175 175 175
P 121 99 175 175 175
P 122 99 176 176 176
P 123 99 176 176 176
P 124 99 176 176 176
P 125 99 176 176 176
P 126 99 177 177 177
P 127 99 177 177 177
P 128 99 177 177 177
P 129 99 177 177 177
P 130 99 178 178 178
P 131 99 178 178 178
P 132 99 178 178 178
P 133 99 178 178 178
P 134 99 179 179 179
P 135 99 179 179 179
P 136 99 179 179 179
P 137 99 179 179 179
P 138 99 180 180 180
P 139 99 180 180 180
P 140 99 180 180 180
P 141 99 180 180 180
P 142 99 181 181 181
P 143 99 181 181 181
P 144 99 181 181 181
P 145 99 181 181 181
P 146 99 182 182 182
P 147 99 182 182 182
P 148 99 182 182 182
P 149 99 182 182 182
P 150 99 183 183 183
P 151 99 183 183 183
P 152 99 183 183 183
P 153 99 183 183 183
P 154 99 184 184 184
P 155 99 184 184 184
P 156 99 184 184 184
P 157 99 184 184 184
P 158 99 185 185 185
P 159 99 185 185 185
P 160 99 185 185 185
P 161 99 185 185 185
P 162 99 186 186 186
P 163 99 186 186 186
P 164 99 186 186 186
P 165 99 186 186 186
P 166 99 187 187 187
P 167 99 187 187 187
P 168 99 187 187 187
P 169 99 187 187 187
P 170 99 188 188 188
P 171 99 188 188 188
P 172 99 188 188 188
P 173 99 188 188 188
P 174 99 189 189 189
P 175 99 189 189 189
P 176 99 189 189 189
P 177 99 189 189 189
P 178 99 190 190 190
P 179 99 190 190 190
P 180 99 190 190 190
P 181 99 190 190 190
P 182 99 191 191 191
P 183 99 191 191 191
P 184 99 191 191 191
P 185 99 191 191 191
P 186 99 192 192 192
P 187 99 192 192 192
P 188 99 192 192 192
P 189 99 192 192 192
P 190 99 193 193 193
P 191 99 193 193 193
P 192 99 193 193 193
P 193 99 193 193 193
P 194 99 194 194 194
P 195 99 194 194 194
P 196 99 194 194 194
P 197 99 194 194 194
P 198 99 195 195 195
P 199 99 195 195 195
P 200 99 195 195 195
P 201 99 195 195 195
P 202 99 196 196 196
P 203 99 196 196 196
P 204 99 196 196 196
P 205 99 196 196 196
P 206 99 197 197 197
P 207 99 197 197 197
P 208 99 197 197 197
P 209 99 197 197 197
P 210 99 198 198 198
P 211 99 198 198 198
P 212 99 198 198 198
P 213 99 198 198 198
P 214 99 199 199 199
P 215 99 199 199 199
P 216 99 199 199 199
P 217 99 199 199 199
P 218 99 200 200 200
P 219 99 200 200 200
P 220 99 200 200 200
P 221 99 200 200 200
P 222 99 201 201 201
P 223 99 201 201 201
P 224 99 201 201 201
P 225 99 201 201 201
P 226 99 202 202 202
P 227 99 202 202 202
P 228 99 202 202 202
P 229 99 202 202 202
P 230 99 203 203 203
P 231 99 203 203 203
P 232 99 203 203 203
P 89 100 168 168 168
P 90 100 168 168 168
P 91 100 168 168 168
P 92 100 168 168 168
P 93 100 169 169 169
P 94 100 169 169 169
P 95 100 169 169 169
P 96 100 169 169 169
P 97 100 170 170 170
P 98 100 170 170 170
P 99 100 170 170 170
P 100 100 170 170 170
P 101 100 171 171 171
P 102 100 171 171 171
P 103 100 171 171 171
P 104 100 171 171 171
P 105 100 172 172 172
P 106 100 172 172 172
P 107 100 172 172 172
P 108 100 172 172 172
P 109 100 173 173 173
P 110 100 173 173 173
P 111 100 173 173 173
P 112 100 173 173 173
P 113 100 174 174 174
P 114 100 174 174 174
P 115 100 174 174 174
P 116 100 174 174 174
P 117 100 175 175 175
P 118 100 175 175 175
P 119 100 175 175 175
P 120 100 175 175 175
P 121 100 176 176 176
P 122 100 176 176 176
P 123 100 176 176 176
P 124 100 176 176 176
P 125 100 177 177 177
P 126 100 177 177 177
P 127 100 177 177 177
P 128 100 177 177 177
P 129 100 178 178 178
P 130 100 178 178 178
P 131 100 178 178 178
P 132 100 178 178 178
P 133 100 179 179 179
P 134 100 179 179 179
P 135 100 179 179 179
P 136 100 179 179 179
P 137 100 180 180 180
P 138 100 180 180 180
P 139 100 180 180 180
P 140 100 180 180 180
P 141 100 181 181 181
P 142 100 181 181 181
P 143 100 181 181 181
P 144 100 181 181 181
P 145 100 182 182 182
P 146 100 182 182 182
P 147 100 182 182 182
P 148 100 182 182 182
P 149 100 183 183 183
P 150 100 183 183 183
P 151 100 183 183 183
P 152 100 183 183 183
P 153 100 184 184 184
P 154 100 184 184 184
P 155 100 184 184 184
P 156 100 184 184 184
P 157 100 185 185 185
P 158 100 185 185 185
P 159 100 185 185 185
P 160 100 185 185 185
P 161 100 186 186 186
P 162 100 186 186 186
P 163 100 186 186 186
P 164 100 186 186 186
P 165 100 187 187 187
P 166 100 187 187 187
P 167 100 187 187 187
P 168 100 187 187 187
P 169 100 188 188 188
P 170 100 188 188 188
P 171 100 188 188 188
P 172 100 188 188 188
P 173 100 189 189 189
P 174 100 189 189 189
P 175 100 189 189 189
P 176 100 189 189 189
P 177 100 190 190 190
P 178 100 190 190 190
P 179 100 190 190 190
P 180 100 190 190 190
P 181 100 191 191 191
P 182 100 191 191 191
P 183 100 191 191 191
P 184 100 191 191 191
P 185 100 192 192 192
P 186 100 192 192 192
P 187 100 192 192 192
P 188 100 192 192 192
P 189 100 193 193 193
P 190 100 193 193 193
P 191 100 193 193 193
P 192 100 193 193 193
P 193 100 194 194 194
P 194 100 194 194 194
P 195 100 194 194 194
P 196 100 194 194 194
P 197 100 195 195 195
P 198 100 195 195 195
P 199 100 195 195 195
P 200 100 195 195 195
P 201 100 196 196 196
P 202 100 196 196 196
P 203 100 196 196 196
P 204 100 196 196 196
P 205 100 197 197 197
P 206 100 197 197 197
P 207 100 197 197 197
P 208 100 197 197 197
P 209 100 198 198 198
P 210 100 198 198 198
P 211 100 198 198 198
P 212 100 198 198 198
P 213 100 199 199 199
P 214 100 199 199 199
P 215 100 199 199 199
P 216 100 199 199 199
P 217 100 200 200 200
P 218 100 200 200 200
P 219 100 200 200 200
P 220 100 200 200 200
P 221 100 201 201 201
P 222 100 201 201 201
P 223 100 201 201 201
P 224 100 201 201 201
P 225 100 202 202 202
P 226 100 202 202 202
P 227 100 202 202 202
P 228 100 202 202 202
P 229 100 203 203 203
P 230 100 203 203 203
P 231 100 203 203 203
P 87 101 167 167 167
P 88 101 168 168 168
P 89 101 168 168 168
P 90 101 168 168 168
P 91 101 168 168 168
P 92 101 169 169 169
P 93 101 169 169 169
P 94 101 169 169 169
P 95 101 169 169 169
P 96 101 170 170 170
P 97 101 170 170 170
P 98 101 170 170 170
P 99 101 170 170 170
P 100 101 171 171 171
P 101 101 171 171 171
P 102 101 171 171 171
P 103 101 171 171 171
P 104 101 172 172 172
P 105 101 172 172 172
P 106 101 172 172 172
P 107 101 172 172 172
P 108 101 173 173 173
P 109 101 173 173 173
P 110 101 173 173 173
P 111 101 173 173 173
P 112 101 174 174 174
P 113 101 174 174 174
P 114 101 174 174 174
P 115 101 174 174 174
P 116 101 175 175 175
P 117 101 175 175 175
P 118 101 175 175 175
P 119 101 175 175 175
P 120 101 176 176 176
P 121 101 176 176 176
P 122 101 176 176 176
P 123 101 176 176 176
P 124 101 177 177 177
P 125 101 177 177 177
P 126 101 177 177 177
P 127 101 177 177 177
P 128 101 178 178 178
P 129 101 178 178 178
P 130 101 178 178 178
P 131 101 178 178 178
P 132 101 179 179 179
P 133 101 179 179 179
P 134 101 179 179 179
P 135 101 179 179 179
P 136 101 180 180 180
P 137 101 180 180 180
P 138 101 180 180 180
P 139 101 180 180 180
P 140 101 181 181 181
P 141 101 181 181 181
P 142 101 181 181 181
P 143 101 181 181 181
P 144 101 182 182 182
P 145 101 182 182 182
P 146 101 182 182 182
P 147 101 182 182 182
P 148 101 183 183 183
P 149 101 183 183 183
P 150 101 183 183 183
P 151 101 183 183 183
P 152 101 184 184 184
P 153 101 184 184 184
P 154 101 184 184 184
P 155 101 184 184 184
P 156 101 185 185 185
P 157 101 185 185 185
P 158 101 185 185 185
P 159 101 185 185 185
P 160 101 186 186 186
P 161 101 186 186 186
P 162 101 186 186 186
P 163 101 186 186 186
P 164 101 187 187 187
P 165 101 187 187 187
P 166 101 187 187 187
P 167 101 187 187 187
P 168 101 188 188 188
P 169 101 188 188 188
P 170 101 188 188 188
P 171 101 188 188 188
P 172 101 189 189 189
P 173 101 189 189 189
P 174 101 189 189 189
P 175 101 189 189 189
P 176 101 190 190 190
P 177 101 190 190 190
P 178 101 190 190 190
P 179 101 190 190 190
P 180 101 191 191 191
P 181 101 191 191 191
P 182 101 191 191 191
P 183 101 191 191 191
P 184 101 192 192 192
P 185 101 192 192 192
P 186 101 192 192 192
P 187 101 192 192 192
P 188 101 193 193 193
P 189 101 193 193 193
P 190 101 193 193 193
P 191 101 193 193 193
P 192 101 194 194 194
P 193 101 194 194 194
P 194 101 194 194 194
P 195 101 194 194 194
P 196 101 195 195 195
P 197 101 195 195 195
P 198 101 195 195 195
P 199 101 195 195 195
P 200 101 196 196 196
P 201 101 196 196 196
P 202 101 196 196 196
P 203 101 196 196 196
P 204 101 197 197 197
P 205 101 197 197 197
P 206 101 197 197 197
P 207 101 197 197 197
P 208 101 198 198 198
P 209 101 198 198 198
P 210 101 198 198 198
P 211 101 198 198 198
P 212 101 199 199 199
P 213 101 199 199 199
P 214 101 199 199 199
P 215 101 199 199 199
P 216 101 200 200 200
P 217 101 200 200 200
P 218 101 200 200 200
P 219 101 200 200 200
P 220 101 201 201 201
P 221 101 201 201 201
P 222 101 201 201 201
P 223 101 201 201 201
P 224 101 202 202 202
P 225 101 202 202 202
P 226 101 202 202 202
P 227 101 202 202 202
P 228 101 203 203 203
P 229 101 203 203 203
P 85 102 167 167 167
P 86 102 167 167 167
P 87 102 168 168 168
P 88 102 168 168 168
P 89 102 168 168 168
P 90 102 168 168 168
P 91 102 169 169 169
P 92 102 169 169 169
P 93 102 169 169 169
P 94 102 169 169 169
P 95 102 170 170 170
P 96 102 170 170 170
P 97 102 170 170 170
P 98 102 170 170 170
P 99 102 171 171 171
P 100 102 171 171 171
P 101 102 171 171 171
P 102 102 171 171 171
P 103 102 172 172 172
P 104 102 172 172 172
P 105 102 172 172 172
P 106 102 172 172 172
P 107 102 173 173 173
P 108 102 173 173 173
P 109 102 173 173 173
P 110 102 173 173 173
P 111 102 174 174 174
P 112 102 174 174 174
P 113 102 174 174 174
P 114 102 174 174 174
P 115 102 175 175 175
P 116 102 175 175 175
P 117 102 175 175 175
P 118 102 175 175 175
P 119 102 176 176 176
P 120 102 176 176 176
P 121 102 176 176 176
P 122 102 176 176 176
P 123 102 177 177 177
P 124 102 177 177 177
P 125 102 177 177 177
P 126 102 177 177 177
P 127 102 178 178 178
P 128 102 178 178 178
P 129 102 178 178 178
P 130 102 178 178 178
P 131 102 179 179 179
P 132 102 179 179 179
P 133 102 179 179 179
P 134 102 179 179 179
P 135 102 180 180 180
P 136 102 180 180 180
P 137 102 180 180 180
P 138 102 180 180 180
P 139 102 181 181 181
P 140 102 181 181 181
P 141 102 181 181 181
P 142 102 181 181 181
P 143 102 182 182 182
P 144 102 182 182 182
P 145 102 182 182 182
P 146 102 182 182 182
P 147 102 183 183 183
P 148 102 183 183 183
P 149 102 183 183 183
P 150 102 183 183 183
P 151 102 184 184 184
P 152 102 184 184 184
P 153 102 184 184 184
P 154 102 184 184 184
P 155 102 185 185 185
P 156 102 185 185 185
P 157 102 185 185 185
P 158 102 185 185 185
P 159 102 186 186 186
P 160 102 186 186 186
P 161 102 186 186 186
P 162 102 186 186 186
P 163 102 187 187 187
P 164 102 187 187 187
P 165 102 187 187 187
P 166 102 187 187 187
P 167 102 188 188 188
P 168 102 188 188 188
P 169 102 188 188 188
P 170 102 188 188 188
P 171 102 189 189 189
P 172 102 189 189 189
P 173 102 189 189 189
P 174 102 189 189 189
P 175 102 190 190 190
P 176 102 190 190 190
P 177 102 190 190 190
P 178 102 190 190 190
P 179 102 191 191 191
P 180 102 191 191 191
P 181 102 191 191 191
P 182 102 191 191 191
P 183 102 192 192 192
P 184 102 192 192 192
P 185 102 192 192 192
P 186 102 192 192 192
P 187 102 193 193 193
P 188 102 193 193 193
P 189 102 193 193 193
P 190 102 193 193 193
P 191 102 194 194 194
P 192 102 194 194 194
P 193 102 194 194 194
P 194 102 194 194 194
P 195 102 195 195 195
P 196 102 195 195 195
P 197 102 195 195 195
P 198 102 195 195 195
P 199 102 196 196 196
P 200 102 196 196 196
P 201 102 196 196 196
P 202 102 196 196 196
P 203 102 197 197 197
P 204 102 197 197 197
P 205 102 197 197 197
P 206 102 197 197 197
P 207 102 198 198 198
P 208 102 198 198 198
P 209 102 198 198 198
P 210 102 198 198 198
P 211 102 199 199 199
P 212 102 199 199 199
P 213 102 199 199 199
P 214 102 199 199 199
P 215 102 200 200 200
P 216 102 200 200 200
P 217 102 200 200 200
P 218 102 200 200 200
P 219 102 201 201 201
P 220 102 201 201 201
P 221 102 201 201 201
P 222 102 201 201 201
P 223 102 202 202 202
P 224 102 202 202 202
P 225 102 202 202 202
P 226 102 202 202 202
P 227 102 203 203 203
P 228 102 203 203 203
P 83 103 167 167 167
P 84 103 167 167 167
P 85 103 167 167 167
P 86 103 168 168 168
P 87 103 168 168 168
P 88 103 168 168 168
P 89 103 168 168 168
P 90 103 169 169 169
P 91 103 169 169 169
P 92 103 169 169 169
P 93 103 169 169 169
P 94 103 170 170 170
P 95 103 170 170 170
P 96 103 170 170 170
P 97 103 170 170 170
P 98 103 171 171 171
P 99 103 171 171 171
P 100 103 171 171 171
P 101 103 171 171 171
P 102 103 172 172 172
P 103 103 172 172 172
P 104 103 172 172 172
P 105 103 172 172 172
P 106 103 173 173 173
P 107 103 173 173 173
P 108 103 173 173 173
P 109 103 173 173 173
P 110 103 174 174 174
P 111 103 174 174 174
P 112 103 174 174 174
P 113 103 174 174 174
P 114 103 175 175 175
P 115 103 175 175 175
P 116 103 175 175 175
P 117 103 175 175 175
P 118 103 176 176 176
P 119 103 176 176 176
P 120 103 176 176 176
P 121 103 176 176 176
P 122 103 177 177 177
P 123 103 177 177 177
P 124 103 177 177 177
P 125 103 177 177 177
P 126 103 178 178 178
P 127 103 178 178 178
P 128 103 178 178 178
P 129 103 178 178 178
P 130 103 179 179 179
P 131 103 179 179 179
P 132 103 179 179 179
P 133 103 179 179 179
P 134 103 180 180 180
P 135 103 180 180 180
P 136 103 180 180 180
P 137 103 180 180 180
P 138 103 181 181 181
P 139 103 181 181 181
P 140 103 181 181 181
P 141 103 181 181 181
P 142 103 182 182 182
P 143 103 182 182 182
P 144 103 182 182 182
P 145 103 182 182 182
P 146 103 183 183 183
P 147 103 183 183 183
P 148 103 183 183 183
P 149 103 183 183 183
P 150 103 184 184 184
P 151 103 184 184 184
P 152 103 184 184 184
P 153 103 184 184 184
P 154 103 185 185 185
P 155 103 185 185 185
P 156 103 185 185 185
P 157 103 185 185 185
P 158 103 186 186 186
P 159 103 186 186 186
P 160 103 186 186 186
P 161 103 186 186 186
P 162 103 187 187 187
P 163 103 187 187 187
P 164 103 187 187 187
P 165 103 187 187 187
P 166 103 188 188 188
P 167 103 188 188 188
P 168 103 188 188 188
P 169 103 188 188 188
P 170 103 189 189 189
P 171 103 189 189 189
P 172 103 189 189 189
P 173 103 189 189 189
P 174 103 190 190 190
P 175 103 190 190 190
P 176 103 190 190 190
P 177 103 190 190 190
P 178 103 191 191 191
P 179 103 191 191 191
P 180 103 191 191 191
P 181 103 191 191 191
P 182 103 192 192 192
P 183 103 192 192 192
P 184 103 192 192 192
P 185 103 192 192 192
P 186 103 193 193 193
P 187 103 193 193 193
P 188 103 193 193 193
P 189 103 193 193 193
P 190 103 194 194 194
P 191 103 194 194 194
P 192 103 194 194 194
P 193 103 194 194 194
P 194 103 195 195 195
P 195 103 195 195 195
P 196 103 195 195 195
P 197 103 195 195 195
P 198 103 196 196 196
P 199 103 196 196 196
P 200 103 196 196 196
P 201 103 196 196 196
P 202 103 197 197 197
P 203 103 197 197 197
P 204 103 197 197 197
P 205 103 197 197 197
P 206 103 198 198 198
P 207 103 198 198 198
P 208 103 198 198 198
P 209 103 198 198 198
P 210 103 199 199 199
P 211 103 199 199 199
P 212 103 199 199 199
P 213 103 199 199 199
P 214 103 200 200 200
P 215 103 200 200 200
P 216 103 200 200 200
P 217 103 200 200 200
P 218 103 201 201 201
P 219 103 201 201 201
P 220 103 201 201 201
P 221 103 201 201 201
P 222 103 202 202 202
P 223 103 202 202 202
P 224 103 202 202 202
P 225 103 202 202 202
P 226 103 203 203 203
P 227 103 203 203 203
P 81 104 167 167 167
P 82 104 167 167 167
P 83 104 167 167 167
P 84 104 167 167 167
P 85 104 168 168 168
P 86 104 168 168 168
P 87 104 168 168 168
P 88 104 168 168 168
P 89 104 169 169 169
P 90 104 169 169 169
P 91 104 169 169 169
P 92 104 169 169 169
P 93 104 170 170 170
P 94 104 170 170 170
P 95 104 170 170 170
P 96 104 170 170 170
P 97 104 171 171 171
P 98 104 171 171 171
P 99 104 171 171 171
P 100 104 171 171 171
P 101 104 172 172 172
P 102 104 172 172 172
P 103 104 172 172 172
P 104 104 172 172 172
P 105 104 173 173 173
P 106 104 173 173 173
P 107 104 173 173 173
P 108 104 173 173 173
P 109 104 174 174 174
P 110 104 174 174 174
P 111 104 174 174 174
P 112 104 174 174 174
P 113 104 175 175 175
P 114 104 175 175 175
P 115 104 175 175 175
P 116 104 175 175 175
P 117 104 176 176 176
P 118 104 176 176 176
P 119 104 176 176 176
P 120 104 176 176 176
P 121 104 177 177 177
P 122 104 177 177 177
P 123 104 177 177 177
P 124 104 177 177 177
P 125 104 178 178 178
P 126 104 178 178 178
P 127 104 178 178 178
P 128 104 178 178 178
P 129 104 179 179 179
P 130 104 179 179 179
P 131 104 179 179 179
P 132 104 179 179 179
P 133 104 180 180 180
P 134 104 180 180 180
P 135 104 180 180 180
P 136 104 180 180 180
P 137 104 181 181 181
P 138 104 181 181 181
P 139 104 181 181 181
P 140 104 181 181 181
P 141 104 182 182 182
P 142 104 182 182 182
P 143 104 182 182 182
P 144 104 182 182 182
P 145 104 183 183 183
P 146 104 183 183 183
P 147 104 183 183 183
P 148 104 183 183 183
P 149 104 184 184 184
P 150 104 184 184 184
P 151 104 184 184 184
P 152 104 184 184 184
P 153 104 185 185 185
P 154 104 185 185 185
P 155 104 185 185 185
P 156 104 185 185 185
P 157 104 186 186 186
P 158 104 186 186 186
P 159 104 186 186 186
P 160 104 186 186 186
P 161 104 187 187 187
P 162 104 187 187 187
P 163 104 187 187 187
P 164 104 187 187 187
P 165 104 188 188 188
P 166 104 188 188 188
P 167 104 188 188 188
P 168 104 188 188 188
P 169 104 189 189 189
P 170 104 189 189 189
P 171 104 189 189 189
P 172 104 189 189 189
P 173 104 190 190 190
P 174 104 190 190 190
P 175 104 190 190 190
P 176 104 190 190 190
P 177 104 191 191 191
P 178 104 191 191 191
P 179 104 191 191 191
P 180 104 191 191 191
P 181 104 192 192 192
P 182 104 192 192 192
P 183 104 192 192 192
P 184 104 192 192 192
P 185 104 193 193 193
P 186 104 193 193 193
P 187 104 193 193 193
P 188 104 193 193 193
P 189 104 194 194 194
P 190 104 194 194 194
P 191 104 194 194 194
P 192 104 194 194 194
P 193 104 195 195 195
P 194 104 195 195 195
P 195 104 195 195 195
P 196 104 195 195 195
P 197 104 196 196 196
P 198 104 196 196 196
P 199 104 196 196 196
P 200 104 196 196 196
P 201 104 197 197 197
P 202 104 197 197 197
P 203 104 197 197 197
P 204 104 197 197 197
P 205 104 198 198 198
P 206 104 198 198 198
P 207 104 198 198 198
P 208 104 198 198 198
P 209 104 199 199 199
P 210 104 199 199 199
P 211 104 199 199 199
P 212 104 199 199 199
P 213 104 200 200 200
P 214 104 200 200 200
P 215 104 200 200 200
P 216 104 200 200 200
P 217 104 201 201 201
P 218 104 201 201 201
P 219 104 201 201 201
P 220 104 201 201 201
P 221 104 202 202 202
P 222 104 202 202 202
P 223 104 202 202 202
P 224 104 202 202 202
P 225 104 203 203 203
P 226 104 203 203 203
P 79 105 166 166 166
P 80 105 167 167 167
P 81 105 167 167 167
P 82 105 167 167 167
P 83 105 167 167 167
P 84 105 168 168 168
P 85 105 168 168 168
P 86 105 168 168 168
P 87 105 168 168 168
P 88 105 169 169 169
P 89 105 169 169 169
P 90 105 169 169 169
P 91 105 169 169 169
P 92 105 170 170 170
P 93 105 170 170 170
P 94 105 170 170 170
P 95 105 170 170 170
P 96 105 171 171 171
P 97 105 171 171 171
P 98 105 171 171 171
P 99 105 171 171 171
P 100 105 172 172 172
P 101 105 172 172 172
P 102 105 172 172 172
P 103 105 172 172 172
P 104 105 173 173 173
P 105 105 173 173 173
P 106 105 173 173 173
P 107 105 173 173 173
P 108 105 174 174 174
P 109 105 174 174 174
P 110 105 174 174 174
P 111 105 174 174 174
P 112 105 175 175 175
P 113 105 175 175 175
P 114 105 175 175 175
P 115 105 175 175 175
P 116 105 176 176 176
P 117 105 176 176 176
P 118 105 176 176 176
P 119 105 176 176 176
P 120 105 177 177 177
P 121 105 177 177 177
P 122 105 177 177 177
P 123 105 177 177 177
P 124 105 178 178 178
P 125 105 178 178 178
P 126 105 178 178 178
P 127 105 178 178 178
P 128 105 179 179 179
P 129 105 179 179 179
P 130 105 179 179 179
P 131 105 179 179 179
P 132 105 180 180 180
P 133 105 180 180 180
P 134 105 180 180 180
P 135 105 180 180 180
P 136 105 181 181 181
P 137 105 181 181 181
P 138 105 181 181 181
P 139 105 181 181 181
P 140 105 182 182 182
P 141 105 182 182 182
P 142 105 182 182 182
P 143 105 182 182 182
P 144 105 183 183 183
P 145 105 183 183 183
P 146 105 183 183 183
P 147 105 183 183 183
P 148 105 184 184 184
P 149 105 184 184 184
P 150 105 184 184 184
P 151 105 184 184 184
P 152 105 185 185 185
P 153 105 185 185 185
P 154 105 185 185 185
P 155 105 185 185 185
P 156 105 186 186 186
P 157 105 186 186 186
P 158 105 186 186 186
P 159 105 186 186 186
P 160 105 187 187 187
P 161 105 187 187 187
P 162 105 187 187 187
P 163 105 187 187 187
P 164 105 188 188 188
P 165 105 188 188 188
P 166 105 188 188 188
P 167 105 188 188 188
P 168 105 189 189 189
P 169 105 189 189 189
P 170 105 189 189 189
P 171 105 189 189 189
P 172 105 190 190 190
P 173 105 190 190 190
P 174 105 190 190 190
P 175 105 190 190 190
P 176 105 191 191 191
P 177 105 191 191 191
P 178 105 191 191 191
P 179 105 191 191 191
P 180 105 192 192 192
P 181 105 192 192 192
P 182 105 192 192 192
P 183 105 192 192 192
P 184 105 193 193 193
P 185 105 193 193 193
P 186 105 193 193 193
P 187 105 193 193 193
P 188 105 194 194 194
P 189 105 194 194 194
P 190 105 194 194 194
P 191 105 194 194 194
P 192 105 195 195 195
P 193 105 195 195 195
P 194 105 195 195 195
P 195 105 195 195 195
P 196 105 196 196 196
P 197 105 196 196 196
P 198 105 196 196 196
P 199 105 196 196 196
P 200 105 197 197 197
P 201 105 197 197 197
P 202 105 197 197 197
P 203 105 197 197 197
P 204 105 198 198 198
P 205 105 198 198 198
P 206 105 198 198 198
P 207 105 198 198 198
P 208 105 199 199 199
P 209 105 199 199 199
P 210 105 199 199 199
P 211 105 199 199 199
P 212 105 200 200 200
P 213 105 200 200 200
P 214 105 200 200 200
P 215 105 200 200 200
P 216 105 201 201 201
P 217 105 201 201 201
P 218 105 201 201 201
P 219 105 201 201 201
P 220 105 202 202 202
P 221 105 202 202 202
P 222 105 202 202 202
P 223 105 202 202 202
P 224 105 203 203 203
P 225 105 203 203 203
P 77 106 166 166 166
P 78 106 166 166 166
P 79 106 167 167 167
P 80 106 167 167 167
P 81 106 167 167 167
P 82 106 167 167 167
P 83 106 168 168 168
P 84 106 168 168 168
P 85 106 168 168 168
P 86 106 168 168 168
P 87 106 169 169 169
P 88 106 169 169 169
P 89 106 169 169 169
P 90 106 169 169 169
P 91 106 170 170 170
P 92 106 170 170 170
P 93 106 170 170 170
P 94 106 170 170 170
P 95 106 171 171 171
P 96 106 171 171 171
P 97 106 171 171 171
P 98 106 171 171 171
P 99 106 172 172 172
P 100 106 172 172 172
P 101 106 172 172 172
P 102 106 172 172 172
P 103 106 173 173 173
P 104 106 173 173 173
P 105 106 173 173 173
P 106 106 173 173 173
P 107 106 174 174 174
P 108 106 174 174 174
P 109 106 174 174 174
P 110 106 174 174 174
P 111 106 175 175 175
P 112 106 175 175 175
P 113 106 175 175 175
P 114 106 175 175 175
P 115 106 176 176 176
P 116 106 176 176 176
P 117 106 176 176 176
P 118 106 176 176 176
P 119 106 177 177 177
P 120 106 177 177 177
P 121 106 177 177 177
P 122 106 177 177 177
P 123 106 178 178 178
P 124 106 178 178 178
P 125 106 178 178 178
P 126 106 178 178 178
P 127 106 179 179 179
P 128 106 179 179 179
P 129 106 179 179 179
P 130 106 179 179 179
P 131 106 180 180 180
P 132 106 180 180 180
P 133 106 180 180 180
P 134 106 180 180 180
P 135 106 181 181 181
P 136 106 181 181 181
P 137 106 181 181 181
P 138 106 181 181 181
P 139 106 182 182 182
P 140 106 182 182 182
P 141 106 182 182 182
P 142 106 182 182 182
P 143 106 183 183 183
P 144 106 183 183 183
P 145 106 183 183 183
P 146 106 183 183 183
P 147 106 184 184 184
P 148 106 184 184 184
P 149 106 184 184 184
P 150 106 184 184 184
P 151 106 185 185 185
P 152 106 185 185 185
P 153 106 185 185 185
P 154 106 185 185 185
P 155 106 186 186 186
P 156 106 186 186 186
P 157 106 186 186 186
P 158 106 186 186 186
P 159 106 187 187 187
P 160 106 187 187 187
P 161 106 187 187 187
P 162 106 187 187 187
P 163 106 188 188 188
P 164 106 188 188 188
P 165 106 188 188 188
P 166 106 188 188 188
P 167 106 189 189 189
P 168 106 189 189 189
P 169 106 189 189 189
P 170 106 189 189 189
P 171 106 190 190 190
P 172 106 190 190 190
P 173 106 190 190 190
P 174 106 190 190 190
P 175 106 191 191 191
P 176 106 191 191 191
P 177 106 191 191 191
P 178 106 191 191 191
P 179 106 192 192 192
P 180 106 192 192 192
P 181 106 192 192 192
P 182 106 192 192 192
P 183 106 193 193 193
P 184 106 193 193 193
P 185 106 193 193 193
P 186 106 193 193 193
P 187 106 194 194 194
P 188 106 194 194 194
P 189 106 194 194 194
P 190 106 194 194 194
P 191 106 195 195 195
P 192 106 195 195 195
P 193 106 195 195 195
P 194 106 195 195 195
P 195 106 196 196 196
P 196 106 196 196 196
P 197 106 196 196 196
P 198 106 196 196 196
P 199 106 197 197 197
P 200 106 197 197 197
P 201 106 197 197 197
P 202 106 197 197 197
P 203 106 198 198 198
P 204 106 198 198 198
P 205 106 198 198 198
P 206 106 198 198 198
P 207 106 199 199 199
P 208 106 199 199 199
P 209 106 199 199 199
P 210 106 199 199 199
P 211 106 200 200 200
P 212 106 200 200 200
P 213 106 200 200 200
P 214 106 200 200 200
P 215 106 201 201 201
P 216 106 201 201 201
P 217 106 201 201 201
P 218 106 201 201 201
P 219 106 202 202 202
P 220 106 202 202 202
P 221 106 202 202 202
P 222 106 202 202 202
P 223 106 203 203 203
P 75 107 166 166 166
P 76 107 166 166 166
P 77 107 166 166 166
P 78 107 167 167 167
P 79 107 167 167 167
P 80 107 167 167 167
P 81 107 167 167 167
P 82 107 168 168 168
P 83 107 168 168 168
P 84 107 168 168 168
P 85 107 168 168 168
P 86 107 169 169 169
P 87 107 169 169 169
P 88 107 169 169 169
P 89 107 169 169 169
P 90 107 170 170 170
P 91 107 170 170 170
P 92 107 170 170 170
P 93 107 170 170 170
P 94 107 171 171 171
P 95 107 171 171 171
P 96 107 171 171 171
P 97 107 171 171 171
P 98 107 172 172 172
P 99 107 172 172 172
P 100 107 172 172 172
P 101 107 172 172 172
P 102 107 173 173 173
P 103 107 173 173 173
P 104 107 173 173 173
P 105 107 173 173 173
P 106 107 174 174 174
P 107 107 174 174 174
P 108 107 174 174 174
P 109 107 174 174 174
P 110 107 175 175 175
P 111 107 175 175 175
P 112 107 175 175 175
P 113 107 175 175 175
P 114 107 176 176 176
P 115 107 176 176 176
P 116 107 176 176 176
P 117 107 176 176 176
P 118 107 177 177 177
P 119 107 177 177 177
P 120 107 177 177 177
P 121 107 177 177 177
P 122 107 178 178 178
P 123 107 178 178 178
P 124 107 178 178 178
P 125 107 178 178 178
P 126 107 179 179 179
P 127 107 179 179 179
P 128 107 179 179 179
P 129 107 179 179 179
P 130 107 180 180 180
P 131 107 180 180 180
P 132 107 180 180 180
P 133 107 180 180 180
P 134 107 181 181 181
P 135 107 181 181 181
P 136 107 181 181 181
P 137 107 181 181 181
P 138 107 182 182 182
P 139 107 182 182 182
P 140 107 182 182 182
P 141 107 182 182 182
P 142 107 183 183 183
P 143 107 183 183 183
P 144 107 183 183 183
P 145 107 183 183 183
P 146 107 184 184 184
P 147 107 184 184 184
P 148 107 184 184 184
P 149 107 184 184 184
P 150 107 185 185 185
P 151 107 185 185 185
P 152 107 185 185 185
P 153 107 185 185 185
P 154 107 186 186 186
P 155 107 186 186 186
P 156 107 186 186 186
P 157 107 186 186 186
P 158 107 187 187 187
P 159 107 187 187 187
P 160 107 187 187 187
P 161 107 187 187 187
P 162 107 188 188 188
P 163 107 188 188 188
P 164 107 188 188 188
P 165 107 188 188 188
P 166 107 189 189 189
P 167 107 189 189 189
P 168 107 189 189 189
P 169 107 189 189 189
P 170 107 190 190 190
P 171 107 190 190 190
P 172 107 190 190 190
P 173 107 190 190 190
P 174 107 191 191 191
P 175 107 191 191 191
P 176 107 191 191 191
P 177 107 191 191 191
P 178 107 192 192 192
P 179 107 192 192 192
P 180 107 192 192 192
P 181 107 192 192 192
P 182 107 193 193 193
P 183 107 193 193 193
P 184 107 193 193 193
P 185 107 193 193 193
P 186 107 194 194 194
P 187 107 194 194 194
P 188 107 194 194 194
P 189 107 194 194 194
P 190 107 195 195 195
P 191 107 195 195 195
P 192 107 195 195 195
P 193 107 195 195 195
P 194 107 196 196 196
P 195 107 196 196 196
P 196 107 196 196 196
P 197 107 196 196 196
P 198 107 197 197 197
P 199 107 197 197 197
P 200 107 197 197 197
P 201 107 197 197 197
P 202 107 198 198 198
P 203 107 198 198 198
P 204 107 198 198 198
P 205 107 198 198 198
P 206 107 199 199 199
P 207 107 199 199 199
P 208 107 199 199 199
P 209 107 199 199 199
P 210 107 200 200 200
P 211 107 200 200 200
P 212 107 200 200 200
P 213 107 200 200 200
P 214 107 201 201 201
P 215 107 201 201 201
P 216 107 201 201 201
P 217 107 201 201 201
P 218 107 202 202 202
P 219 107 202 202 202
P 220 107 202 202 202
P 221 107 202 202 202
P 222 107 203 203 203
P 73 108 166 166 166
P 74 108 166 166 166
P 75 108 166 166 166
P 76 108 166 166 166
P 77 108 167 167 167
P 78 108 167 167 167
P 79 108 167 167 167
P 80 108 167 167 167
P 81 108 168 168 168
P 82 108 168 168 168
P 83 108 168 168 168
P 84 108 168 168 168
P 85 108 169 169 169
P 86 108 169 169 169
P 87 108 169 169 169
P 88 108 169 169 169
P 89 108 170 170 170
P 90 108 170 170 170
P 91 108 170 170 170
P 92 108 170 170 170
P 93 108 171 171 171
P 94 108 171 171 171
P 95 108 171 171 171
P 96 108 171 171 171
P 97 108 172 172 172
P 98 108 172 172 172
P 99 108 172 172 172
P 100 108 172 172 172
P 101 108 173 173 173
P 102 108 173 173 173
P 103 108 173 173 173
P 104 108 173 173 173
P 105 108 174 174 174
P 106 108 174 174 174
P 107 108 174 174 174
P 108 108 174 174 174
P 109 108 175 175 175
P 110 108 175 175 175
P 111 108 175 175 175
P 112 108 175 175 175
P 113 108 176 176 176
P 114 108 176 176 176
P 115 108 176 176 176
P 116 108 176 176 176
P 117 108 177 177 177
P 118 108 177 177 177
P 119 108 177 177 177
P 120 108 177 177 177
P 121 108 178 178 178
P 122 108 178 178 178
P 123 108 178 178 178
P 124 108 178 178 178
P 125 108 179 179 179
P 126 108 179 179 179
P 127 108 179 179 179
P 128 108 179 179 179
P 129 108 180 180 180
P 130 108 180 180 180
P 131 108 180 180 180
P 132 108 180 180 180
P 133 108 181 181 181
P 134 108 181 181 181
P 135 108 181 181 181
P 136 108 181 181 181
P 137 108 182 182 182
P 138 108 182 182 182
P 139 108 182 182 182
P 140 108 182 182 182
P 141 108 183 183 183
P 142 108 183 183 183
P 143 108 183 183 183
P 144 108 183 183 183
P 145 108 184 184 184
P 146 108 184 184 184
P 147 108 184 184 184
P 148 108 184 184 184
P 149 108 185 185 185
P 150 108 185 185 185
P 151 108 185 185 185
P 152 108 185 185 185
P 153 108 186 186 186
P 154 108 186 186 186
P 155 108 186 186 186
P 156 108 186 186 186
P 157 108 187 187 187
P 158 108 187 187 187
P 159 108 187 187 187
P 160 108 187 187 187
P 161 108 188 188 188
P 162 108 188 188 188
P 163 108 188 188 188
P 164 108 188 188 188
P 165 108 189 189 189
P 166 108 189 189 189
P 167 108 189 189 189
P 168 108 189 189 189
P 169 108 190 190 190
P 170 108 190 190 190
P 171 108 190 190 190
P 172 108 190 190 190
P 173 108 191 191 191
P 174 108 191 191 191
P 175 108 191 191 191
P 176 108 191 191 191
P 177 108 192 192 192
P 178 108 192 192 192
P 179 108 192 192 192
P 180 108 192 192 192
P 181 108 193 193 193
P 182 108 193 193 193
P 183 108 193 193 193
P 184 108 193 193 193
P 185 108 194 194 194
P 186 108 194 194 194
P 187 108 194 194 194
P 188 108 194 194 194
P 189 108 195 195 195
P 190 108 195 195 195
P 191 108 195 195 195
P 192 108 195 195 195
P 193 108 196 196 196
P 194 108 196 196 196
P 195 108 196 196 196
P 196 108 196 196 196
P 197 108 197 197 197
P 198 108 197 197 197
P 199 108 197 197 197
P 200 108 197 197 197
P 201 108 198 198 198
P 202 108 198 198 198
P 203 108 198 198 198
P 204 108 198 198 198
P 205 108 199 199 199
P 206 108 199 199 199
P 207 108 199 199 199
P 208 108 199 199 199
P 209 108 200 200 200
P 210 108 200 200 200
P 211 108 200 200 200
P 212 108 200 200 200
P 213 108 201 201 201
P 214 108 201 201 201
P 215 108 201 201 201
P 216 108 201 201 201
P 217 108 202 202 202
P 218 108 202 202 202
P 219 108 202 202 202
P 220 108 202 202 202
P 221 108 203 203 203
P 70 109 165 165 165
P 71 109 165 165 165
P 72 109 166 166 166
P 73 109 166 166 166
P 74 109 166 166 166
P 75 109 166 166 166
P 76 109 167 167 167
P 77 109 167 167 167
P 78 109 167 167 167
P 79 109 167 167 167
P 80 109 168 168 168
P 81 109 168 168 168
P 82 109 168 168 168
P 83 109 168 168 168
P 84 109 169 169 169
P 85 109 169 169 169
P 86 109 169 169 169
P 87 109 169 169 169
P 88 109 170 170 170
P 89 109 170 170 170
P 90 109 170 170 170
P 91 109 170 170 170
P 92 109 171 171 171
P 93 109 171 171 171
P 94 109 171 171 171
P 95 109 171 171 171
P 96 109 172 172 172
P 97 109 172 172 172
P 98 109 172 172 172
P 99 109 172 172 172
P 100 109 173 173 173
P 101 109 173 173 173
P 102 109 173 173 173
P 103 109 173 173 173
P 104 109 174 174 174
P 105 109 174 174 174
P 106 109 174 174 174
P 107 109 174 174 174
P 108 109 175 175 175
P 109 109 175 175 175
P 110 109 175 175 175
P 111 109 175 175 175
P 112 109 176 176 176
P 113 109 176 176 176
P 114 109 176 176 176
P 115 109 176 176 176
P 116 109 177 177 177
P 117 109 177 177 177
P 118 109 177 177 177
P 119 109 177 177 177
P 120 109 178 178 178
P 121 109 178 178 178
P 122 109 178 178 178
P 123 109 178 178 178
P 124 109 179 179 179
P 125 109 179 179 179
P 126 109 179 179 179
P 127 109 179 179 179
P 128 109 180 180 180
P 129 109 180 180 180
P 130 109 180 180 180
P 131 109 180 180 180
P 132 109 181 181 181
P 133 109 181 181 181
P 134 109 181 181 181
P 135 109 181 181 181
P 136 109 182 182 182
P 137 109 182 182 182
P 138 109 182 182 182
P 139 109 182 182 182
P 140 109 183 183 183
P 141 109 183 183 183
P 142 109 183 183 183
P 143 109 183 183 183
P 144 109 184 184 184
P 145 109 184 184 184
P 146 109 184 184 184
P 147 109 184 184 184
P 148 109 185 185 185
P 149 109 185 185 185
P 150 109 185 185 185
P 151 109 185 185 185
P 152 109 186 186 186
P 153 109 186 186 186
P 154 109 186 186 186
P 155 109 186 186 186
P 156 109 187 187 187
P 157 109 187 187 187
P 158 109 187 187 187
P 159 109 187 187 187
P 160 109 188 188 188
P 161 109 188 188 188
P 162 109 188 188 188
P 163 109 188 188 188
P 164 109 189 189 189
P 165 109 189 189 189
P 166 109 189 189 189
P 167 109 189 189 189
P 168 109 190 190 190
P 169 109 190 190 190
P 170 109 190 190 190
P 171 109 190 190 190
P 172 109 191 191 191
P 173 109 191 191 191
P 174 109 191 191 191
P 175 109 191 191 191
P 176 109 192 192 192
P 177 109 192 192 192
P 178 109 192 192 192
P 179 109 192 192 192
P 180 109 193 193 193
P 181 109 193 193 193
P 182 109 193 193 193
P 183 109 193 193 193
P 184 109 194 194 194
P 185 109 194 194 194
P 186 109 194 194 194
P 187 109 194 194 194
P 188 109 195 195 195
P 189 109 195 195 195
P 190 109 195 195 195
P 191 109 195 195 195
P 192 109 196 196 196
P 193 109 196 196 196
P 194 109 196 196 196
P 195 109 196 196 196
P 196 109 197 197 197
P 197 109 197 197 197
P 198 109 197 197 197
P 199 109 197 197 197
P 200 109 198 198 198
P 201 109 198 198 198
P 202 109 198 198 198
P 203 109 198 198 198
P 204 109 199 199 199
P 205 109 199 199 199
P 206 109 199 199 199
P 207 109 199 199 199
P 208 109 200 200 200
P 209 109 200 200 200
P 210 109 200 200 200
P 211 109 200 200 200
P 212 109 201 201 201
P 213 109 201 201 201
P 214 109 201 201 201
P 215 109 201 201 201
P 216 109 202 202 202
P 217 109 202 202 202
P 218 109 202 202 202
P 219 109 202 202 202
P 220 109 203 203 203
P 68 110 165 165 165
P 69 110 165 165 165
P 70 110 165 165 165
P 71 110 166 166 166
P 72 110 166 166 166
P 73 110 166 166 166
P 74 110 166 166 166
P 75 110 167 167 167
P 76 110 167 167 167
P 77 110 167 167 167
P 78 110 167 167 167
P 79 110 168 168 168
P 80 110 168 168 168
P 81 110 168 168 168
P 82 110 168 168 168
P 83 110 169 169 169
P 84 110 169 169 169
P 85 110 169 169 169
P 86 110 169 169 169
P 87 110 170 170 170
P 88 110 170 170 170
P 89 110 170 170 170
P 90 110 170 170 170
P 91 110 171 171 171
P 92 110 171 171 171
P 93 110 171 171 171
P 94 110 171 171 171
P 95 110 172 172 172
P 96 110 172 172 172
P 97 110 172 172 172
P 98 110 172 172 172
P 99 110 173 173 173
P 100 110 173 173 173
P 101 110 173 173 173
P 102 110 173 173 173
P 103 110 174 174 174
P 104 110 174 174 174
P 105 110 174 174 174
P 106 110 174 174 174
P 107 110 175 175 175
P 108 110 175 175 175
P 109 110 175 175 175
P 110 110 175 175 175
P 111 110 176 176 176
P 112 110 176 176 176
P 113 110 176 176 176
P 114 110 176 176 176
P 115 110 177 177 177
P 116 110 177 177 177
P 117 110 177 177 177
P 118 110 177 177 177
P 119 110 178 178 178
P 120 110 178 178 178
P 121 110 178 178 178
P 122 110 178 178 178
P 123 110 179 179 179
P 124 110 179 179 179
P 125 110 179 179 179
P 126 110 179 179 179
P 127 110 180 180 180
P 128 110 180 180 180
P 129 110 180 180 180
P 130 110 180 180 180
P 131 110 181 181 181
P 132 110 181 181 181
P 133 110 181 181 181
P 134 110 181 181 181
P 135 110 182 182 182
P 136 110 182 182 182
P 137 110 182 182 182
P 138 110 182 182 182
P 139 110 183 183 183
P 140 110 183 183 183
P 141 110 183 183 183
P 142 110 183 183 183
P 143 110 184 184 184
P 144 110 184 184 184
P 145 110 184 184 184
P 146 110 184 184 184
P 147 110 185 185 185
P 148 110 185 185 185
P 149 110 185 185 185
P 150 110 185 185 185
P 151 110 186 186 186
P 152 110 186 186 186
P 153 110 186 186 186
P 154 110 186 186 186
P 155 110 187 187 187
P 156 110 187 187 187
P 157 110 187 187 187
P 158 110 187 187 187
P 159 110 188 188 188
P 160 110 188 188 188
P 161 110 188 188 188
P 162 110 188 188 188
P 163 110 189 189 189
P 164 110 189 189 189
P 165 110 189 189 189
P 166 110 189 189 189
P 167 110 190 190 190
P 168 110 190 190 190
P 169 110 190 190 190
P 170 110 190 190 190
P 171 110 191 191 191
P 172 110 191 191 191
P 173 110 191 191 191
P 174 110 191 191 191
P 175 110 192 192 192
P 176 110 192 192 192
P 177 110 192 192 192
P 178 110 192 192 192
P 179 110 193 193 193
P 180 110 193 193 193
P 181 110 193 193 193
P 182 110 193 193 193
P 183 110 194 194 194
P 184 110 194 194 194
P 185 110 194 194 194
P 186 110 194 194 194
P 187 110 195 195 195
P 188 110 195 195 195
P 189 110 195 195 195
P 190 110 195 195 195
P 191 110 196 196 196
P 192 110 196 196 196
P 193 110 196 196 196
P 194 110 196 196 196
P 195 110 197 197 197
P 196 110 197 197 197
P 197 110 197 197 197
P 198 110 197 197 197
P 199 110 198 198 198
P 200 110 198 198 198
P 201 110 198 198 198
P 202 110 198 198 198
P 203 110 199 199 199
P 204 110 199 199 199
P 205 110 199 199 199
P 206 110 199 199 199
P 207 110 200 200 200
P 208 110 200 200 200
P 209 110 200 200 200
P 210 110 200 200 200
P 211 110 201 201 201
P 212 110 201 201 201
P 213 110 201 201 201
P 214 110 201 201 201
P 215 110 202 202 202
P 216 110 202 202 202
P 217 110 202 202 202
P 218 110 202 202 202
P 66 111 165 165 165
P 67 111 165 165 165
P 68 111 165 165 165
P 69 111 165 165 165
P 70 111 166 166 166
P 71 111 166 166 166
P 72 111 166 166 166
P 73 111 166 166 166
P 74 111 167 167 167
P 75 111 167 167 167
P 76 111 167 167 167
P 77 111 167 167 167
P 78 111 168 168 168
P 79 111 168 168 168
P 80 111 168 168 168
P 81 111 168 168 168
P 82 111 169 169 169
P 83 111 169 169 169
P 84 111 169 169 169
P 85 111 169 169 169
P 86 111 170 170 170
P 87 111 170 170 170
P 88 111 170 170 170
P 89 111 170 170 170
P 90 111 171 171 171
P 91 111 171 171 171
P 92 111 171 171 171
P 93 111 171 171 171
P 94 111 172 172 172
P 95 111 172 172 172
P 96 111 172 172 172
P 97 111 172 172 172
P 98 111 173 173 173
P 99 111 173 173 173
P 100 111 173 173 173
P 101 111 173 173 173
P 102 111 174 174 174
P 103 111 174 174 174
P 104 111 174 174 174
P 105 111 174 174 174
P 106 111 175 175 175
P 107 111 175 175 175
P 108 111 175 175 175
P 109 111 175 175 175
P 110 111 176 176 176
P 111 111 176 176 176
P 112 111 176 176 176
P 113 111 176 176 176
P 114 111 177 177 177
P 115 111 177 177 177
P 116 111 177 177 177
P 117 111 177 177 177
P 118 111 178 178 178
P 119 111 178 178 178
P 120 111 178 178 178
P 121 111 178 178 178
P 122 111 179 179 179
P 123 111 179 179 179
P 124 111 179 179 179
P 125 111 179 179 179
P 126 111 180 180 180
P 127 111 180 180 180
P 128 111 180 180 180
P 129 111 180 180 180
P 130 111 181 181 181
P 131 111 181 181 181
P 132 111 181 181 181
P 133 111 181 181 181
P 134 111 182 182 182
P 135 111 182 182 182
P 136 111 182 182 182
P 137 111 182 182 182
P 138 111 183 183 183
P 139 111 183 183 183
P 140 111 183 183 183
P 141 111 183 183 183
P 142 111 184 184 184
P 143 111 184 184 184
P 144 111 184 184 184
P 145 111 184 184 184
P 146 111 185 185 185
P 147 111 185 185 185
P 148 111 185 185 185
P 149 111 185 185 185
P 150 111 186 186 186
P 151 111 186 186 186
P 152 111 186 186 186
P 153 111 186 186 186
P 154 111 187 187 187
P 155 111 187 187 187
P 156 111 187 187 187
P 157 111 187 187 187
P 158 111 188 188 188
P 159 111 188 188 188
P 160 111 188 188 188
P 161 111 188 188 188
P 162 111 189 189 189
P 163 111 189 189 189
P 164 111 189 189 189
P 165 111 189 189 189
P 166 111 190 190 190
P 167 111 190 190 190
P 168 111 190 190 190
P 169 111 190 190 190
P 170 111 191 191 191
P 171 111 191 191 191
P 172 111 191 191 191
P 173 111 191 191 191
P 174 111 192 192 192
P 175 111 192 192 192
P 176 111 192 192 192
P 177 111 192 192 192
P 178 111 193 193 193
P 179 111 193 193 193
P 180 111 193 193 193
P 181 111 193 193 193
P 182 111 194 194 194
P 183 111 194 194 194
P 184 111 194 194 194
P 185 111 194 194 194
P 186 111 195 195 195
P 187 111 195 195 195
P 188 111 195 195 195
P 189 111 195 195 195
P 190 111 196 196 196
P 191 111 196 196 196
P 192 111 196 196 196
P 193 111 196 196 196
P 194 111 197 197 197
P 195 111 197 197 197
P 196 111 197 197 197
P 197 111 197 197 197
P 198 111 198 198 198
P 199 111 198 198 198
P 200 111 198 198 198
P 201 111 198 198 198
P 202 111 199 199 199
P 203 111 199 199 199
P 204 111 199 199 199
P 205 111 199 199 199
P 206 111 200 200 200
P 207 111 200 200 200
P 208 111 200 200 200
P 209 111 200 200 200
P 210 111 201 201 201
P 211 111 201 201 201
P 212 111 201 201 201
P 213 111 201 201 201
P 214 111 202 202 202
P 215 111 202 202 202
P 216 111 202 202 202
P 217 111 202 202 202
P 64 112 164 164 164
P 65 112 165 165 165
P 66 112 165 165 165
P 67 112 165 165 165
P 68 112 165 165 165
P 69 112 166 166 166
P 70 112 166 166 166
P 71 112 166 166 166
P 72 112 166 166 166
P 73 112 167 167 167
P 74 112 167 167 167
P 75 112 167 167 167
P 76 112 167 167 167
P 77 112 168 168 168
P 78 112 168 168 168
P 79 112 168 168 168
P 80 112 168 168 168
P 81 112 169 169 169
P 82 112 169 169 169
P 83 112 169 169 169
P 84 112 169 169 169
P 85 112 170 170 170
P 86 112 170 170 170
P 87 112 170 170 170
P 88 112 170 170 170
P 89 112 171 171 171
P 90 112 171 171 171
P 91 112 171 171 171
P 92 112 171 171 171
P 93 112 172 172 172
P 94 112 172 172 172
P 95 112 172 172 172
P 96 112 172 172 172
P 97 112 173 173 173
P 98 112 173 173 173
P 99 112 173 173 173
P 100 112 173 173 173
P 101 112 174 174 174
P 102 112 174 174 174
P 103 112 174 174 174
P 104 112 174 174 174
P 105 112 175 175 175
P 106 112 175 175 175
P 107 112 175 175 175
P 108 112 175 175 175
P 109 112 176 176 176
P 110 112 176 176 176
P 111 112 176 176 176
P 112 112 176 176 176
P 113 112 177 177 177
P 114 112 177 177 177
P 115 112 177 177 177
P 116 112 177 177 177
P 117 112 178 178 178
P 118 112 178 178 178
P 119 112 178 178 178
P 120 112 178 178 178
P 121 112 179 179 179
P 122 112 179 179 179
P 123 112 179 179 179
P 124 112 179 179 179
P 125 112 180 180 180
P 126 112 180 180 180
P 127 112 180 180 180
P 128 112 180 180 180
P 129 112 181 181 181
P 130 112 181 181 181
P 131 112 181 181 181
P 132 112 181 181 181
P 133 112 182 182 182
P 134 112 182 182 182
P 135 112 182 182 182
P 136 112 182 182 182
P 137 112 183 183 183
P 138 112 183 183 183
P 139 112 183 183 183
P 140 112 183 183 183
P 141 112 184 184 184
P 142 112 184 184 184
P 143 112 184 184 184
P 144 112 184 184 184
P 145 112 185 185 185
P 146 112 185 185 185
P 147 112 185 185 185
P 148 112 185 185 185
P 149 112 186 186 186
P 150 112 186 186 186
P 151 112 186 186 186
P 152 112 186 186 186
P 153 112 187 187 187
P 154 112 187 187 187
P 155 112 187 187 187
P 156 112 187 187 187
P 157 112 188 188 188
P 158 112 188 188 188
P 159 112 188 188 188
P 160 112 188 188 188
P 161 112 189 189 189
P 162 112 189 189 189
P 163 112 189 189 189
P 164 112 189 189 189
P 165 112 190 190 190
P 166 112 190 190 190
P 167 112 190 190 190
P 168 112 190 190 190
P 169 112 191 191 191
P 170 112 191 191 191
P 171 112 191 191 191
P 172 112 191 191 191
P 173 112 192 192 192
P 174 112 192 192 192
P 175 112 192 192 192
P 176 112 192 192 192
P 177 112 193 193 193
P 178 112 193 193 193
P 179 112 193 193 193
P 180 112 193 193 193
P 181 112 194 194 194
P 182 112 194 194 194
P 183 112 194 194 194
P 184 112 194 194 194
P 185 112 195 195 195
P 186 112 195 195 195
P 187 112 195 195 195
P 188 112 195 195 195
P 189 112 196 196 196
P 190 112 196 196 196
P 191 112 196 196 196
P 192 112 196 196 196
P 193 112 197 197 197
P 194 112 197 197 197
P 195 112 197 197 197
P 196 112 197 197 197
P 197 112 198 198 198
P 198 112 198 198 198
P 199 112 198 198 198
P 200 112 198 198 198
P 201 112 199 199 199
P 202 112 199 199 199
P 203 112 199 199 199
P 204 112 199 199 199
P 205 112 200 200 200
P 206 112 200 200 200
P 207 112 200 200 200
P 208 112 200 200 200
P 209 112 201 201 201
P 210 112 201 201 201
P 211 112 201 201 201
P 212 112 201 201 201
P 213 112 202 202 202
P 214 112 202 202 202
P 215 112 202 202 202
P 216 112 202 202 202
P 62 113 164 164 164
P 63 113 164 164 164
P 64 113 165 165 165
P 65 113 165 165 165
P 66 113 165 165 165
P 67 113 165 165 165
P 68 113 166 166 166
P 69 113 166 166 166
P 70 113 166 166 166
P 71 113 166 166 166
P 72 113 167 167 167
P 73 113 167 167 167
P 74 113 167 167 167
P 75 113 167 167 167
P 76 113 168 168 168
P 77 113 168 168 168
P 78 113 168 168 168
P 79 113 168 168 168
P 80 113 169 169 169
P 81 113 169 169 169
P 82 113 169 169 169
P 83 113 169 169 169
P 84 113 170 170 170
P 85 113 170 170 170
P 86 113 170 170 170
P 87 113 170 170 170
P 88 113 171 171 171
P 89 113 171 171 171
P 90 113 171 171 171
P 91 113 171 171 171
P 92 113 172 172 172
P 93 113 172 172 172
P 94 113 172 172 172
P 95 113 172 172 172
P 96 113 173 173 173
P 97 113 173 173 173
P 98 113 173 173 173
P 99 113 173 173 173
P 100 113 174 174 174
P 101 113 174 174 174
P 102 113 174 174 174
P 103 113 174 174 174
P 104 113 175 175 175
P 105 113 175 175 175
P 106 113 175 175 175
P 107 113 175 175 175
P 108 113 176 176 176
P 109 113 176 176 176
P 110 113 176 176 176
P 111 113 176 176 176
P 112 113 177 177 177
P 113 113 177 177 177
P 114 113 177 177 177
P 115 113 177 177 177
P 116 113 178 178 178
P 117 113 178 178 178
P 118 113 178 178 178
P 119 113 178 178 178
P 120 113 179 179 179
P 121 113 179 179 179
P 122 113 179 179 179
P 123 113 179 179 179
P 124 113 180 180 180
P 125 113 180 180 180
P 126 113 180 180 180
P 127 113 180 180 180
P 128 113 181 181 181
P 129 113 181 181 181
P 130 113 181 181 181
P 131 113 181 181 181
P 132 113 182 182 182
P 133 113 182 182 182
P 134 113 182 182 182
P 135 113 182 182 182
P 136 113 183 183 183
P 137 113 183 183 183
P 138 113 183 183 183
P 139 113 183 183 183
P 140 113 184 184 184
P 141 113 184 184 184
P 142 113 184 184 184
P 143 113 184 184 184
P 144 113 185 185 185
P 145 113 185 185 185
P 146 113 185 185 185
P 147 113 185 185 185
P 148 113 186 186 186
P 149 113 186 186 186
P 150 113 186 186 186
P 151 113 186 186 186
P 152 113 187 187 187
P 153 113 187 187 187
P 154 113 187 187 187
P 155 113 187 187 187
P 156 113 188 188 188
P 157 113 188 188 188
P 158 113 188 188 188
P 159 113 188 188 188
P 160 113 189 189 189
P 161 113 189 189 189
P 162 113 189 189 189
P 163 113 189 189 189
P 164 113 190 190 190
P 165 113 190 190 190
P 166 113 190 190 190
P 167 113 190 190 190
P 168 113 191 191 191
P 169 113 191 191 191
P 170 113 191 191 191
P 171 113 191 191 191
P 172 113 192 192 192
P 173 113 192 192 192
P 174 113 192 192 192
P 175 113 192 192 192
P 176 113 193 193 193
P 177 113 193 193 193
P 178 113 193 193 193
P 179 113 193 193 193
P 180 113 194 194 194
P 181 113 194 194 194
P 182 113 194 194 194
P 183 113 194 194 194
P 184 113 195 195 195
P 185 113 195 195 195
P 186 113 195 195 195
P 187 113 195 195 195
P 188 113 196 196 196
P 189 113 196 196 196
P 190 113 196 196 196
P 191 113 196 196 196
P 192 113 197 197 197
P 193 113 197 197 197
P 194 113 197 197 197
P 195 113 197 197 197
P 196 113 198 198 198
P 197 113 198 198 198
P 198 113 198 198 198
P 199 113 198 198 198
P 200 113 199 199 199
P 201 113 199 199 199
P 202 113 199 199 199
P 203 113 199 199 199
P 204 113 200 200 200
P 205 113 200 200 200
P 206 113 200 200 200
P 207 113 200 200 200
P 208 113 201 201 201
P 209 113 201 201 201
P 210 113 201 201 201
P 211 113 201 201 201
P 212 113 202 202 202
P 213 113 202 202 202
P 214 113 202 202 202
P 215 113 202 202 202
P 60 114 164 164 164
P 61 114 164 164 164
P 62 114 164 164 164
P 63 114 165 165 165
P 64 114 165 165 165
P 65 114 165 165 165
P 66 114 165 165 165
P 67 114 166 166 166
P 68 114 166 166 166
P 69 114 166 166 166
P 70 114 166 166 166
P 71 114 167 167 167
P 72 114 167 167 167
P 73 114 167 167 167
P 74 114 167 167 167
P 75 114 168 168 168
P 76 114 168 168 168
P 77 114 168 168 168
P 78 114 168 168 168
P 79 114 169 169 169
P 80 114 169 169 169
P 81 114 169 169 169
P 82 114 169 169 169
P 83 114 170 170 170
P 84 114 170 170 170
P 85 114 170 170 170
P 86 114 170 170 170
P 87 114 171 171 171
P 88 114 171 171 171
P 89 114 171 171 171
P 90 114 171 171 171
P 91 114 172 172 172
P 92 114 172 172 172
P 93 114 172 172 172
P 94 114 172 172 172
P 95 114 173 173 173
P 96 114 173 173 173
P 97 114 173 173 173
P 98 114 173 173 173
P 99 114 174 174 174
P 100 114 174 174 174
P 101 114 174 174 174
P 102 114 174 174 174
P 103 114 175 175 175
P 104 114 175 175 175
P 105 114 175 175 175
P 106 114 175 175 175
P 107 114 176 176 176
P 108 114 176 176 176
P 109 114 176 176 176
P 110 114 176 176 176
P 111 114 177 177 177
P 112 114 177 177 177
P 113 114 177 177 177
P 114 114 177 177 177
P 115 114 178 178 178
P 116 114 178 178 178
P 117 114 178 178 178
P 118 114 178 178 178
P 119 114 179 179 179
P 120 114 179 179 179
P 121 114 179 179 179
P 122 114 179 179 179
P 123 114 180 180 180
P 124 114 180 180 180
P 125 114 180 180 180
P 126 114 180 180 180
P 127 114 181 181 181
P 128 114 181 181 181
P 129 114 181 181 181
P 130 114 181 181 181
P 131 114 182 182 182
P 132 114 182 182 182
P 133 114 182 182 182
P 134 114 182 182 182
P 135 114 183 183 183
P 136 114 183 183 183
P 137 114 183 183 183
P 138 114 183 183 183
P 139 114 184 184 184
P 140 114 184 184 184
P 141 114 184 184 184
P 142 114 184 184 184
P 143 114 185 185 185
P 144 114 185 185 185
P 145 114 185 185 185
P 146 114 185 185 185
P 147 114 186 186 186
P 148 114 186 186 186
P 149 114 186 186 186
P 150 114 186 186 186
P 151 114 187 187 187
P 152 114 187 187 187
P 153 114 187 187 187
P 154 114 187 187 187
P 155 114 188 188 188
P 156 114 188 188 188
P 157 114 188 188 188
P 158 114 188 188 188
P 159 114 189 189 189
P 160 114 189 189 189
P 161 114 189 189 189
P 162 114 189 189 189
P 163 114 190 190 190
P 164 114 190 190 190
P 165 114 190 190 190
P 166 114 190 190 190
P 167 114 191 191 191
P 168 114 191 191 191
P 169 114 191 191 191
P 170 114 191 191 191
P 171 114 192 192 192
P 172 114 192 192 192
P 173 114 192 192 192
P 174 114 192 192 192
P 175 114 193 193 193
P 176 114 193 193 193
P 177 114 193 193 193
P 178 114 193 193 193
P 179 114 194 194 194
P 180 114 194 194 194
P 181 114 194 194 194
P 182 114 194 194 194
P 183 114 195 195 195
P 184 114 195 195 195
P 185 114 195 195 195
P 186 114 195 195 195
P 187 114 196 196 196
P 188 114 196 196 196
P 189 114 196 196 196
P 190 114 196 196 196
P 191 114 197 197 197
P 192 114 197 197 197
P 193 114 197 197 197
P 194 114 197 197 197
P 195 114 198 198 198
P 196 114 198 198 198
P 197 114 198 198 198
P 198 114 198 198 198
P 199 114 199 199 199
P 200 114 199 199 199
P 201 114 199 199 199
P 202 114 199 199 199
P 203 114 200 200 200
P 204 114 200 200 200
P 205 114 200 200 200
P 206 114 200 200 200
P 207 114 201 201 201
P 208 114 201 201 201
P 209 114 201 201 201
P 210 114 201 201 201
P 211 114 202 202 202
P 212 114 202 202 202
P 213 114 202 202 202
P 58 115 164 164 164
P 59 115 164 164 164
P 60 115 164 164 164
P 61 115 164 164 164
P 62 115 165 165 165
P 63 115 165 165 165
P 64 115 165 165 165
P 65 115 165 165 165
P 66 115 166 166 166
P 67 115 166 166 166
P 68 115 166 166 166
P 69 115 166 166 166
P 70 115 167 167 167
P 71 115 167 167 167
P 72 115 167 167 167
P 73 115 167 167 167
P 74 115 168 168 168
P 75 115 168 168 168
P 76 115 168 168 168
P 77 115 168 168 168
P 78 115 169 169 169
P 79 115 169 169 169
P 80 115 169 169 169
P 81 115 169 169 169
P 82 115 170 170 170
P 83 115 170 170 170
P 84 115 170 170 170
P 85 115 170 170 170
P 86 115 171 171 171
P 87 115 171 171 171
P 88 115 171 171 171
P 89 115 171 171 171
P 90 115 172 172 172
P 91 115 172 172 172
P 92 115 172 172 172
P 93 115 172 172 172
P 94 115 173 173 173
P 95 115 173 173 173
P 96 115 173 173 173
P 97 115 173 173 173
P 98 115 174 174 174
P 99 115 174 174 174
P 100 115 174 174 174
P 101 115 174 174 174
P 102 115 175 175 175
P 103 115 175 175 175
P 104 115 175 175 175
P 105 115 175 175 175
P 106 115 176 176 176
P 107 115 176 176 176
P 108 115 176 176 176
P 109 115 176 176 176
P 110 115 177 177 177
P 111 115 177 177 177
P 112 115 177 177 177
P 113 115 177 177 177
P 114 115 178 178 178
P 115 115 178 178 178
P 116 115 178 178 178
P 117 115 178 178 178
P 118 115 179 179 179
P 119 115 179 179 179
P 120 115 179 179 179
P 121 115 179 179 179
P 122 115 180 180 180
P 123 115 180 180 180
P 124 115 180 180 180
P 125 115 180 180 180
P 126 115 181 181 181
P 127 115 181 181 181
P 128 115 181 181 181
P 129 115 181 181 181
P 130 115 182 182 182
P 131 115 182 182 182
P 132 115 182 182 182
P 133 115 182 182 182
P 134 115 183 183 183
P 135 115 183 183 183
P 136 115 183 183 183
P 137 115 183 183 183
P 138 115 184 184 184
P 139 115 184 184 184
P 140 115 184 184 184
P 141 115 184 184 184
P 142 115 185 185 185
P 143 115 185 185 185
P 144 115 185 185 185
P 145 115 185 185 185
P 146 115 186 186 186
P 147 115 186 186 186
P 148 115 186 186 186
P 149 115 186 186 186
P 150 115 187 187 187
P 151 115 187 187 187
P 152 115 187 187 187
P 153 115 187 187 187
P 154 115 188 188 188
P 155 115 188 188 188
P 156 115 188 188 188
P 157 115 188 188 188
P 158 115 189 189 189
P 159 115 189 189 189
P 160 115 189 189 189
P 161 115 189 189 189
P 162 115 190 190 190
P 163 115 190 190 190
P 164 115 190 190 190
P 165 115 190 190 190
P 166 115 191 191 191
P 167 115 191 191 191
P 168 115 191 191 191
P 169 115 191 191 191
P 170 115 192 192 192
P 171 115 192 192 192
P 172 115 192 192 192
P 173 115 192 192 192
P 174 115 193 193 193
P 175 115 193 193 193
P 176 115 193 193 193
P 177 115 193 193 193
P 178 115 194 194 194
P 179 115 194 194 194
P 180 115 194 194 194
P 181 115 194 194 194
P 182 115 195 195 195
P 183 115 195 195 195
P 184 115 195 195 195
P 185 115 195 195 195
P 186 115 196 196 196
P 187 115 196 196 196
P 188 115 196 196 196
P 189 115 196 196 196
P 190 115 197 197 197
P 191 115 197 197 197
P 192 115 197 197 197
P 193 115 197 197 197
P 194 115 198 198 198
P 195 115 198 198 198
P 196 115 198 198 198
P 197 115 198 198 198
P 198 115 199 199 199
P 199 115 199 199 199
P 200 115 199 199 199
P 201 115 199 199 199
P 202 115 200 200 200
P 203 115 200 200 200
P 204 115 200 200 200
P 205 115 200 200 200
P 206 115 201 201 201
P 207 115 201 201 201
P 208 115 201 201 201
P 209 115 201 201 201
P 210 115 202 202 202
P 211 115 202 202 202
P 212 115 202 202 202
P 56 116 163 163 163
P 57 116 164 164 164
P 58 116 164 164 164
P 59 116 164 164 164
P 60 116 164 164 164
P 61 116 165 165 165
P 62 116 165 165 165
P 63 116 165 165 165
P 64 116 165 165 165
P 65 116 166 166 166
P 66 116 166 166 166
P 67 116 166 166 166
P 68 116 166 166 166
P 69 116 167 167 167
P 70 116 167 167 167
P 71 116 167 167 167
P 72 116 167 167 167
P 73 116 168 168 168
P 74 116 168 168 168
P 75 116 168 168 168
P 76 116 168 168 168
P 77 116 169 169 169
P 78 116 169 169 169
P 79 116 169 169 169
P 80 116 169 169 169
P 81 116 170 170 170
P 82 116 170 170 170
P 83 116 170 170 170
P 84 116 170 170 170
P 85 116 171 171 171
P 86 116 171 171 171
P 87 116 171 171 171
P 88 116 171 171 171
P 89 116 172 172 172
P 90 116 172 172 172
P 91 116 172 172 172
P 92 116 172 172 172
P 93 116 173 173 173
P 94 116 173 173 173
P 95 116 173 173 173
P 96 116 173 173 173
P 97 116 174 174 174
P 98 116 174 174 174
P 99 116 174 174 174
P 100 116 174 174 174
P 101 116 175 175 175
P 102 116 175 175 175
P 103 116 175 175 175
P 104 116 175 175 175
P 105 116 176 176 176
P 106 116 176 176 176
P 107 116 176 176 176
P 108 116 176 176 176
P 109 116 177 177 177
P 110 116 177 177 177
P 111 116 177 177 177
P 112 116 177 177 177
P 113 116 178 178 178
P 114 116 178 178 178
P 115 116 178 178 178
P 116 116 178 178 178
P 117 116 179 179 179
P 118 116 179 179 179
P 119 116 179 179 179
P 120 116 179 179 179
P 121 116 180 180 180
P 122 116 180 180 180
P 123 116 180 180 180
P 124 116 180 180 180
P 125 116 181 181 181
P 126 116 181 181 181
P 127 116 181 181 181
P 128 116 181 181 181
P 129 116 182 182 182
P 130 116 182 182 182
P 131 116 182 182 182
P 132 116 182 182 182
P 133 116 183 183 183
P 134 116 183 183 183
P 135 116 183 183 183
P 136 116 183 183 183
P 137 116 184 184 184
P 138 116 184 184 184
P 139 116 184 184 184
P 140 116 184 184 184
P 141 116 185 185 185
P 142 116 185 185 185
P 143 116 185 185 185
P 144 116 185 185 185
P 145 116 186 186 186
P 146 116 186 186 186
P 147 116 186 186 186
P 148 116 186 186 186
P 149 116 187 187 187
P 150 116 187 187 187
P 151 116 187 187 187
P 152 116 187 187 187
P 153 116 188 188 188
P 154 116 188 188 188
P 155 116 188 188 188
P 156 116 188 188 188
P 157 116 189 189 189
P 158 116 189 189 189
P 159 116 189 189 189
P 160 116 189 189 189
P 161 116 190 190 190
P 162 116 190 190 190
P 163 116 190 190 190
P 164 116 190 190 190
P 165 116 191 191 191
P 166 116 191 191 191
P 167 116 191 191 191
P 168 116 191 191 191
P 169 116 192 192 192
P 170 116 192 192 192
P 171 116 192 192 192
P 172 116 192 192 192
P 173 116 193 193 193
P 174 116 193 193 193
P 175 116 193 193 193
P 176 116 193 193 193
P 177 116 194 194 194
P 178 116 194 194 194
P 179 116 194 194 194
P 180 116 194 194 194
P 181 116 195 195 195
P 182 116 195 195 195
P 183 116 195 195 195
P 184 116 195 195 195
P 185 116 196 196 196
P 186 116 196 196 196
P 187 116 196 196 196
P 188 116 196 196 196
P 189 116 197 197 197
P 190 116 197 197 197
P 191 116 197 197 197
P 192 116 197 197 197
P 193 116 198 198 198
P 194 116 198 198 198
P 195 116 198 198 198
P 196 116 198 198 198
P 197 116 199 199 199
P 198 116 199 199 199
P 199 116 199 199 199
P 200 116 199 199 199
P 201 116 200 200 200
P 202 116 200 200 200
P 203 116 200 200 200
P 204 116 200 200 200
P 205 116 201 201 201
P 206 116 201 201 201
P 207 116 201 201 201
P 208 116 201 201 201
P 209 116 202 202 202
P 210 116 202 202 202
P 211 116 202 202 202
P 54 117 163 163 163
P 55 117 163 163 163
P 56 117 164 164 164
P 57 117 164 164 164
P 58 117 164 164 164
P 59 117 164 164 164
P 60 117 165 165 165
P 61 117 165 165 165
P 62 117 165 165 165
P 63 117 165 165 165
P 64 117 166 166 166
P 65 117 166 166 166
P 66 117 166 166 166
P 67 117 166 166 166
P 68 117 167 167 167
P 69 117 167 167 167
P 70 117 167 167 167
P 71 117 167 167 167
P 72 117 168 168 168
P 73 117 168 168 168
P 74 117 168 168 168
P 75 117 168 168 168
P 76 117 169 169 169
P 77 117 169 169 169
P 78 117 169 169 169
P 79 117 169 169 169
P 80 117 170 170 170
P 81 117 170 170 170
P 82 117 170 170 170
P 83 117 170 170 170
P 84 117 171 171 171
P 85 117 171 171 171
P 86 117 171 171 171
P 87 117 171 171 171
P 88 117 172 172 172
P 89 117 172 172 172
P 90 117 172 172 172
P 91 117 172 172 172
P 92 117 173 173 173
P 93 117 173 173 173
P 94 117 173 173 173
P 95 117 173 173 173
P 96 117 174 174 174
P 97 117 174 174 174
P 98 117 174 174 174
P 99 117 174 174 174
P 100 117 175 175 175
P 101 117 175 175 175
P 102 117 175 175 175
P 103 117 175 175 175
P 104 117 176 176 176
P 105 117 176 176 176
P 106 117 176 176 176
P 107 117 176 176 176
P 108 117 177 177 177
P 109 117 177 177 177
P 110 117 177 177 177
P 111 117 177 177 177
P 112 117 178 178 178
P 113 117 178 178 178
P 114 117 178 178 178
P 115 117 178 178 178
P 116 117 179 179 179
P 117 117 179 179 179
P 118 117 179 179 179
P 119 117 179 179 179
P 120 117 180 180 180
P 121 117 180 180 180
P 122 117 180 180 180
P 123 117 180 180 180
P 124 117 181 181 181
P 125 117 181 181 181
P 126 117 181 181 181
P 127 117 181 181 181
P 128 117 182 182 182
P 129 117 182 182 182
P 130 117 182 182 182
P 131 117 182 182 182
P 132 117 183 183 183
P 133 117 183 183 183
P 134 117 183 183 183
P 135 117 183 183 183
P 136 117 184 184 184
P 137 117 184 184 184
P 138 117 184 184 184
P 139 117 184 184 184
P 140 117 185 185 185
P 141 117 185 185 185
P 142 117 185 185 185
P 143 117 185 185 185
P 144 117 186 186 186
P 145 117 186 186 186
P 146 117 186 186 186
P 147 117 186 186 186
P 148 117 187 187 187
P 149 117 187 187 187
P 150 117 187 187 187
P 151 117 187 187 187
P 152 117 188 188 188
P 153 117 188 188 188
P 154 117 188 188 188
P 155 117 188 188 188
P 156 117 189 189 189
P 157 117 189 189 189
P 158 117 189 189 189
P 159 117 189 189 189
P 160 117 190 190 190
P 161 117 190 190 190
P 162 117 190 190 190
P 163 117 190 190 190
P 164 117 191 191 191
P 165 117 191 191 191
P 166 117 191 191 191
P 167 117 191 191 191
P 168 117 192 192 192
P 169 117 192 192 192
P 170 117 192 192 192
P 171 117 192 192 192
P 172 117 193 193 193
P 173 117 193 193 193
P 174 117 193 193 193
P 175 117 193 193 193
P 176 117 194 194 194
P 177 117 194 194 194
P 178 117 194 194 194
P 179 117 194 194 194
P 180 117 195 195 195
P 181 117 195 195 195
P 182 117 195 195 195
P 183 117 195 195 195
P 184 117 196 196 196
P 185 117 196 196 196
P 186 117 196 196 196
P 187 117 196 196 196
P 188 117 197 197 197
P 189 117 197 197 197
P 190 117 197 197 197
P 191 117 197 197 197
P 192 117 198 198 198
P 193 117 198 198 198
P 194 117 198 198 198
P 195 117 198 198 198
P 196 117 199 199 199
P 197 117 199 199 199
P 198 117 199 199 199
P 199 117 199 199 199
P 200 117 200 200 200
P 201 117 200 200 200
P 202 117 200 200 200
P 203 117 200 200 200
P 204 117 201 201 201
P 205 117 201 201 201
P 206 117 201 201 201
P 207 117 201 201 201
P 208 117 202 202 202
P 209 117 202 202 202
P 210 117 202 202 202
P 52 118 163 163 163
P 53 118 163 163 163
P 54 118 163 163 163
P 55 118 164 164 164
P 56 118 164 164 164
P 57 118 164 164 164
P 58 118 164 164 164
P 59 118 165 165 165
P 60 118 165 165 165
P 61 118 165 165 165
P 62 118 165 165 165
P 63 118 166 166 166
P 64 118 166 166 166
P 65 118 166 166 166
P 66 118 166 166 166
P 67 118 167 167 167
P 68 118 167 167 167
P 69 118 167 167 167
P 70 118 167 167 167
P 71 118 168 168 168
P 72 118 168 168 168
P 73 118 168 168 168
P 74 118 168 168 168
P 75 118 169 169 169
P 76 118 169 169 169
P 77 118 169 169 169
P 78 118 169 169 169
P 79 118 170 170 170
P 80 118 170 170 170
P 81 118 170 170 170
P 82 118 170 170 170
P 83 118 171 171 171
P 84 118 171 171 171
P 85 118 171 171 171
P 86 118 171 171 171
P 87 118 172 172 172
P 88 118 172 172 172
P 89 118 172 172 172
P 90 118 172 172 172
P 91 118 173 173 173
P 92 118 173 173 173
P 93 118 173 173 173
P 94 118 173 173 173
P 95 118 174 174 174
P 96 118 174 174 174
P 97 118 174 174 174
P 98 118 174 174 174
P 99 118 175 175 175
P 100 118 175 175 175
P 101 118 175 175 175
P 102 118 175 175 175
P 103 118 176 176 176
P 104 118 176 176 176
P 105 118 176 176 176
P 106 118 176 176 176
P 107 118 177 177 177
P 108 118 177 177 177
P 109 118 177 177 177
P 110 118 177 177 177
P 111 118 178 178 178
P 112 118 178 178 178
P 113 118 178 178 178
P 114 118 178 178 178
P 115 118 179 179 179
P 116 118 179 179 179
P 117 118 179 179 179
P 118 118 179 179 179
P 119 118 180 180 180
P 120 118 180 180 180
P 121 118 180 180 180
P 122 118 180 180 180
P 123 118 181 181 181
P 124 118 181 181 181
P 125 118 181 181 181
P 126 118 181 181 181
P 127 118 182 182 182
P 128 118 182 182 182
P 129 118 182 182 182
P 130 118 182 182 182
P 131 118 183 183 183
P 132 118 183 183 183
P 133 118 183 183 183
P 134 118 183 183 183
P 135 118 184 184 184
P 136 118 184 184 184
P 137 118 184 184 184
P 138 118 184 184 184
P 139 118 185 185 185
P 140 118 185 185 185
P 141 118 185 185 185
P 142 118 185 185 185
P 143 118 186 186 186
P 144 118 186 186 186
P 145 118 186 186 186
P 146 118 186 186 186
P 147 118 187 187 187
P 148 118 187 187 187
P 149 118 187 187 187
P 150 118 187 187 187
P 151 118 188 188 188
P 152 118 188 188 188
P 153 118 188 188 188
P 154 118 188 188 188
P 155 118 189 189 189
P 156 118 189 189 189
P 157 118 189 189 189
P 158 118 189 189 189
P 159 118 190 190 190
P 160 118 190 190 190
P 161 118 190 190 190
P 162 118 190 190 190
P 163 118 191 191 191
P 164 118 191 191 191
P 165 118 191 191 191
P 166 118 191 191 191
P 167 118 192 192 192
P 168 118 192 192 192
P 169 118 192 192 192
P 170 118 192 192 192
P 171 118 193 193 193
P 172 118 193 193 193
P 173 118 193 193 193
P 174 118 193 193 193
P 175 118 194 194 194
P 176 118 194 194 194
P 177 118 194 194 194
P 178 118 194 194 194
P 179 118 195 195 195
P 180 118 195 195 195
P 181 118 195 195 195
P 182 118 195 195 195
P 183 118 196 196 196
P 184 118 196 196 196
P 185 118 196 196 196
P 186 118 196 196 196
P 187 118 197 197 197
P 188 118 197 197 197
P 189 118 197 197 197
P 190 118 197 197 197
P 191 118 198 198 198
P 192 118 198 198 198
P 193 118 198 198 198
P 194 118 198 198 198
P 195 118 199 199 199
P 196 118 199 199 199
P 197 118 199 199 199
P 198 118 199 199 199
P 199 118 200 200 200
P 200 118 200 200 200
P 201 118 200 200 200
P 202 118 200 200 200
P 203 118 201 201 201
P 204 118 201 201 201
P 205 118 201 201 201
P 206 118 201 201 201
P 207 118 202 202 202
P 208 118 202 202 202
P 209 118 202 202 202
P 50 119 163 163 163
P 51 119 163 163 163
P 52 119 163 163 163
P 53 119 163 163 163
P 54 119 164 164 164
P 55 119 164 164 164
P 56 119 164 164 164
P 57 119 164 164 164
P 58 119 165 165 165
P 59 119 165 165 165
P 60 119 165 165 165
P 61 119 165 165 165
P 62 119 166 166 166
P 63 119 166 166 166
P 64 119 166 166 166
P 65 119 166 166 166
P 66 119 167 167 167
P 67 119 167 167 167
P 68 119 167 167 167
P 69 119 167 167 167
P 70 119 168 168 168
P 71 119 168 168 168
P 72 119 168 168 168
P 73 119 168 168 168
P 74 119 169 169 169
P 75 119 169 169 169
P 76 119 169 169 169
P 77 119 169 169 169
P 78 119 170 170 170
P 79 119 170 170 170
P 80 119 170 170 170
P 81 119 170 170 170
P 82 119 171 171 171
P 83 119 171 171 171
P 84 119 171 171 171
P 85 119 171 171 171
P 86 119 172 172 172
P 87 119 172 172 172
P 88 119 172 172 172
P 89 119 172 172 172
P 90 119 173 173 173
P 91 119 173 173 173
P 92 119 173 173 173
P 93 119 173 173 173
P 94 119 174 174 174
P 95 119 174 174 174
P 96 119 174 174 174
P 97 119 174 174 174
P 98 119 175 175 175
P 99 119 175 175 175
P 100 119 175 175 175
P 101 119 175 175 175
P 102 119 176 176 176
P 103 119 176 176 176
P 104 119 176 176 176
P 105 119 176 176 176
P 106 119 177 177 177
P 107 119 177 177 177
P 108 119 177 177 177
P 109 119 177 177 177
P 110 119 178 178 178
P 111 119 178 178 178
P 112 119 178 178 178
P 113 119 178 178 178
P 114 119 179 179 179
P 115 119 179 179 179
P 116 119 179 179 179
P 117 119 179 179 179
P 118 119 180 180 180
P 119 119 180 180 180
P 120 119 180 180 180
P 121 119 180 180 180
P 122 119 181 181 181
P 123 119 181 181 181
P 124 119 181 181 181
P 125 119 181 181 181
P 126 119 182 182 182
P 127 119 182 182 182
P 128 119 182 182 182
P 129 119 182 182 182
P 130 119 183 183 183
P 131 119 183 183 183
P 132 119 183 183 183
P 133 119 183 183 183
P 134 119 184 184 184
P 135 119 184 184 184
P 136 119 184 184 184
P 137 119 184 184 184
P 138 119 185 185 185
P 139 119 185 185 185
P 140 119 185 185 185
P 141 119 185 185 185
P 142 119 186 186 186
P 143 119 186 186 186
P 144 119 186 186 186
P 145 119 186 186 186
P 146 119 187 187 187
P 147 119 187 187 187
P 148 119 187 187 187
P 149 119 187 187 187
P 150 119 188 188 188
P 151 119 188 188 188
P 152 119 188 188 188
P 153 119 188 188 188
P 154 119 189 189 189
P 155 119 189 189 189
P 156 119 189 189 189
P 157 119 189 189 189
P 158 119 190 190 190
P 159 119 190 190 190
P 160 119 190 190 190
P 161 119 190 190 190
P 162 119 191 191 191
P 163 119 191 191 191
P 164 119 191 191 191
P 165 119 191 191 191
P 166 119 192 192 192
P 167 119 192 192 192
P 168 119 192 192 192
P 169 119 192 192 192
P 170 119 193 193 193
P 171 119 193 193 193
P 172 119 193 193 193
P 173 119 193 193 193
P 174 119 194 194 194
P 175 119 194 194 194
P 176 119 194 194 194
P 177 119 194 194 194
P 178 119 195 195 195
P 179 119 195 195 195
P 180 119 195 195 195
P 181 119 195 195 195
P 182 119 196 196 196
P 183 119 196 196 196
P 184 119 196 196 196
P 185 119 196 196 196
P 186 119 197 197 197
P 187 119 197 197 197
P 188 119 197 197 197
P 189 119 197 197 197
P 190 119 198 198 198
P 191 119 198 198 198
P 192 119 198 198 198
P 193 119 198 198 198
P 194 119 199 199 199
P 195 119 199 199 199
P 196 119 199 199 199
P 197 119 199 199 199
P 198 119 200 200 200
P 199 119 200 200 200
P 200 119 200 200 200
P 201 119 200 200 200
P 202 119 201 201 201
P 203 119 201 201 201
P 204 119 201 201 201
P 205 119 201 201 201
P 206 119 202 202 202
P 207 119 202 202 202
P 48 120 162 162 162
P 49 120 163 163 163
P 50 120 163 163 163
P 51 120 163 163 163
P 52 120 163 163 163
P 53 120 164 164 164
P 54 120 164 164 164
P 55 120 164 164 164
P 56 120 164 164 164
P 57 120 165 165 165
P 58 120 165 165 165
P 59 120 165 165 165
P 60 120 165 165 165
P 61 120 166 166 166
P 62 120 166 166 166
P 63 120 166 166 166
P 64 120 166 166 166
P 65 120 167 167 167
P 66 120 167 167 167
P 67 120 167 167 167
P 68 120 167 167 167
P 69 120 168 168 168
P 70 120 168 168 168
P 71 120 168 168 168
P 72 120 168 168 168
P 73 120 169 169 169
P 74 120 169 169 169
P 75 120 169 169 169
P 76 120 169 169 169
P 77 120 170 170 170
P 78 120 170 170 170
P 79 120 170 170 170
P 80 120 170 170 170
P 81 120 171 171 171
P 82 120 171 171 171
P 83 120 171 171 171
P 84 120 171 171 171
P 85 120 172 172 172
P 86 120 172 172 172
P 87 120 172 172 172
P 88 120 172 172 172
P 89 120 173 173 173
P 90 120 173 173 173
P 91 120 173 173 173
P 92 120 173 173 173
P 93 120 174 174 174
P 94 120 174 174 174
P 95 120 174 174 174
P 96 120 174 174 174
P 97 120 175 175 175
P 98 120 175 175 175
P 99 120 175 175 175
P 100 120 175 175 175
P 101 120 176 176 176
P 102 120 176 176 176
P 103 120 176 176 176
P 104 120 176 176 176
P 105 120 177 177 177
P 106 120 177 177 177
P 107 120 177 177 177
P 108 120 177 177 177
P 109 120 178 178 178
P 110 120 178 178 178
P 111 120 178 178 178
P 112 120 178 178 178
P 113 120 179 179 179
P 114 120 179 179 179
P 115 120 179 179 179
P 116 120 179 179 179
P 117 120 180 180 180
P 118 120 180 180 180
P 119 120 180 180 180
P 120 120 180 180 180
P 121 120 181 181 181
P 122 120 181 181 181
P 123 120 181 181 181
P 124 120 181 181 181
P 125 120 182 182 182
P 126 120 182 182 182
P 127 120 182 182 182
P 128 120 182 182 182
P 129 120 183 183 183
P 130 120 183 183 183
P 131 120 183 183 183
P 132 120 183 183 183
P 133 120 184 184 184
P 134 120 184 184 184
P 135 120 184 184 184
P 136 120 184 184 184
P 137 120 185 185 185
P 138 120 185 185 185
P 139 120 185 185 185
P 140 120 185 185 185
P 141 120 186 186 186
P 142 120 186 186 186
P 143 120 186 186 186
P 144 120 186 186 186
P 145 120 187 187 187
P 146 120 187 187 187
P 147 120 187 187 187
P 148 120 187 187 187
P 149 120 188 188 188
P 150 120 188 188 188
P 151 120 188 188 188
P 152 120 188 188 188
P 153 120 189 189 189
P 154 120 189 189 189
P 155 120 189 189 189
P 156 120 189 189 189
P 157 120 190 190 190
P 158 120 190 190 190
P 159 120 190 190 190
P 160 120 190 190 190
P 161 120 191 191 191
P 162 120 191 191 191
P 163 120 191 191 191
P 164 120 191 191 191
P 165 120 192 192 192
P 166 120 192 192 192
P 167 120 192 192 192
P 168 120 192 192 192
P 169 120 193 193 193
P 170 120 193 193 193
P 171 120 193 193 193
P 172 120 193 193 193
P 173 120 194 194 194
P 174 120 194 194 194
P 175 120 194 194 194
P 176 120 194 194 194
P 177 120 195 195 195
P 178 120 195 195 195
P 179 120 195 195 195
P 180 120 195 195 195
P 181 120 196 196 196
P 182 120 196 196 196
P 183 120 196 196 196
P 184 120 196 196 196
P 185 120 197 197 197
P 186 120 197 197 197
P 187 120 197 197 197
P 188 120 197 197 197
P 189 120 198 198 198
P 190 120 198 198 198
P 191 120 198 198 198
P 192 120 198 198 198
P 193 120 199 199 199
P 194 120 199 199 199
P 195 120 199 199 199
P 196 120 199 199 199
P 197 120 200 200 200
P 198 120 200 200 200
P 199 120 200 200 200
P 200 120 200 200 200
P 201 120 201 201 201
P 202 120 201 201 201
P 203 120 201 201 201
P 204 120 201 201 201
P 205 120 202 202 202
P 206 120 202 202 202
P 46 121 162 162 162
P 47 121 162 162 162
P 48 121 163 163 163
P 49 121 163 163 163
P 50 121 163 163 163
P 51 121 163 163 163
P 52 121 164 164 164
P 53 121 164 164 164
P 54 121 164 164 164
P 55 121 164 164 164
P 56 121 165 165 165
P 57 121 165 165 165
P 58 121 165 165 165
P 59 121 165 165 165
P 60 121 166 166 166
P 61 121 166 166 166
P 62 121 166 166 166
P 63 121 166 166 166
P 64 121 167 167 167
P 65 121 167 167 167
P 66 121 167 167 167
P 67 121 167 167 167
P 68 121 168 168 168
P 69 121 168 168 168
P 70 121 168 168 168
P 71 121 168 168 168
P 72 121 169 169 169
P 73 121 169 169 169
P 74 121 169 169 169
P 75 121 169 169 169
P 76 121 170 170 170
P 77 121 170 170 170
P 78 121 170 170 170
P 79 121 170 170 170
P 80 121 171 171 171
P 81 121 171 171 171
P 82 121 171 171 171
P 83 121 171 171 171
P 84 121 172 172 172
P 85 121 172 172 172
P 86 121 172 172 172
P 87 121 172 172 172
P 88 121 173 173 173
P 89 121 173 173 173
P 90 121 173 173 173
P 91 121 173 173 173
P 92 121 174 174 174
P 93 121 174 174 174
P 94 121 174 174 174
P 95 121 174 174 174
P 96 121 175 175 175
P 97 121 175 175 175
P 98 121 175 175 175
P 99 121 175 175 175
P 100 121 176 176 176
P 101 121 176 176 176
P 102 121 176 176 176
P 103 121 176 176 176
P 104 121 177 177 177
P 105 121 177 177 177
P 106 121 177 177 177
P 107 121 177 177 177
P 108 121 178 178 178
P 109 121 178 178 178
P 110 121 178 178 178
P 111 121 178 178 178
P 112 121 179 179 179
P 113 121 179 179 179
P 114 121 179 179 179
P 115 121 179 179 179
P 116 121 180 180 180
P 117 121 180 180 180
P 118 121 180 180 180
P 119 121 180 180 180
P 120 121 181 181 181
P 121 121 181 181 181
P 122 121 181 181 181
P 123 121 181 181 181
P 124 121 182 182 182
P 125 121 182 182 182
P 126 121 182 182 182
P 127 121 182 182 182
P 128 121 183 183 183
P 129 121 183 183 183
P 130 121 183 183 183
P 131 121 183 183 183
P 132 121 184 184 184
P 133 121 184 184 184
P 134 121 184 184 184
P 135 121 184 184 184
P 136 121 185 185 185
P 137 121 185 185 185
P 138 121 185 185 185
P 139 121 185 185 185
P 140 121 186 186 186
P 141 121 186 186 186
P 142 121 186 186 186
P 143 121 186 186 186
P 144 121 187 187 187
P 145 121 187 187 187
P 146 121 187 187 187
P 147 121 187 187 187
P 148 121 188 188 188
P 149 121 188 188 188
P 150 121 188 188 188
P 151 121 188 188 188
P 152 121 189 189 189
P 153 121 189 189 189
P 154 121 189 189 189
P 155 121 189 189 189
P 156 121 190 190 190
P 157 121 190 190 190
P 158 121 190 190 190
P 159 121 190 190 190
P 160 121 191 191 191
P 161 121 191 191 191
P 162 121 191 191 191
P 163 121 191 191 191
P 164 121 192 192 192
P 165 121 192 192 192
P 166 121 192 192 192
P 167 121 192 192 192
P 168 121 193 193 193
P 169 121 193 193 193
P 170 121 193 193 193
P 171 121 193 193 193
P 172 121 194 194 194
P 173 121 194 194 194
P 174 121 194 194 194
P 175 121 194 194 194
P 176 121 195 195 195
P 177 121 195 195 195
P 178 121 195 195 195
P 179 121 195 195 195
P 180 121 196 196 196
P 181 121 196 196 196
P 182 121 196 196 196
P 183 121 196 196 196
P 184 121 197 197 197
P 185 121 197 197 197
P 186 121 197 197 197
P 187 121 197 197 197
P 188 121 198 198 198
P 189 121 198 198 198
P 190 121 198 198 198
P 191 121 198 198 198
P 192 121 199 199 199
P 193 121 199 199 199
P 194 121 199 199 199
P 195 121 199 199 199
P 196 121 200 200 200
P 197 121 200 200 200
P 198 121 200 200 200
P 199 121 200 200 200
P 200 121 201 201 201
P 201 121 201 201 201
P 202 121 201 201 201
P 203 121 201 201 201
P 204 121 202 202 202
P 205 121 202 202 202
P 44 122 162 162 162
P 45 122 162 162 162
P 46 122 162 162 162
P 47 122 163 163 163
P 48 122 163 163 163
P 49 122 163 163 163
P 50 122 163 163 163
P 51 122 164 164 164
P 52 122 164 164 164
P 53 122 164 164 164
P 54 122 164 164 164
P 55 122 165 165 165
P 56 122 165 165 165
P 57 122 165 165 165
P 58 122 165 165 165
P 59 122 166 166 166
P 60 122 166 166 166
P 61 122 166 166 166
P 62 122 166 166 166
P 63 122 167 167 167
P 64 122 167 167 167
P 65 122 167 167 167
P 66 122 167 167 167
P 67 122 168 168 168
P 68 122 168 168 168
P 69 122 168 168 168
P 70 122 168 168 168
P 71 122 169 169 169
P 72 122 169 169 169
P 73 122 169 169 169
P 74 122 169 169 169
P 75 122 170 170 170
P 76 122 170 170 170
P 77 122 170 170 170
P 78 122 170 170 170
P 79 122 171 171 171
P 80 122 171 171 171
P 81 122 171 171 171
P 82 122 171 171 171
P 83 122 172 172 172
P 84 122 172 172 172
P 85 122 172 172 172
P 86 122 172 172 172
P 87 122 173 173 173
P 88 122 173 173 173
P 89 122 173 173 173
P 90 122 173 173 173
P 91 122 174 174 174
P 92 122 174 174 174
P 93 122 174 174 174
P 94 122 174 174 174
P 95 122 175 175 175
P 96 122 175 175 175
P 97 122 175 175 175
P 98 122 175 175 175
P 99 122 176 176 176
P 100 122 176 176 176
P 101 122 176 176 176
P 102 122 176 176 176
P 103 122 177 177 177
P 104 122 177 177 177
P 105 122 177 177 177
P 106 122 177 177 177
P 107 122 178 178 178
P 108 122 178 178 178
P 109 122 178 178 178
P 110 122 178 178 178
P 111 122 179 179 179
P 112 122 179 179 179
P 113 122 179 179 179
P 114 122 179 179 179
P 115 122 180 180 180
P 116 122 180 180 180
P 117 122 180 180 180
P 118 122 180 180 180
P 119 122 181 181 181
P 120 122 181 181 181
P 121 122 181 181 181
P 122 122 181 181 181
P 123 122 182 182 182
P 124 122 182 182 182
P 125 122 182 182 182
P 126 122 182 182 182
P 127 122 183 183 183
P 128 122 183 183 183
P 129 122 183 183 183
P 130 122 183 183 183
P 131 122 184 184 184
P 132 122 184 184 184
P 133 122 184 184 184
P 134 122 184 184 184
P 135 122 185 185 185
P 136 122 185 185 185
P 137 122 185 185 185
P 138 122 185 185 185
P 139 122 186 186 186
P 140 122 186 186 186
P 141 122 186 186 186
P 142 122 186 186 186
P 143 122 187 187 187
P 144 122 187 187 187
P 145 122 187 187 187
P 146 122 187 187 187
P 147 122 188 188 188
P 148 122 188 188 188
P 149 122 188 188 188
P 150 122 188 188 188
P 151 122 189 189 189
P 152 122 189 189 189
P 153 122 189 189 189
P 154 122 189 189 189
P 155 122 190 190 190
P 156 122 190 190 190
P 157 122 190 190 190
P 158 122 190 190 190
P 159 122 191 191 191
P 160 122 191 191 191
P 161 122 191 191 191
P 162 122 191 191 191
P 163 122 192 192 192
P 164 122 192 192 192
P 165 122 192 192 192
P 166 122 192 192 192
P 167 122 193 193 193
P 168 122 193 193 193
P 169 122 193 193 193
P 170 122 193 193 193
P 171 122 194 194 194
P 172 122 194 194 194
P 173 122 194 194 194
P 174 122 194 194 194
P 175 122 195 195 195
P 176 122 195 195 195
P 177 122 195 195 195
P 178 122 195 195 195
P 179 122 196 196 196
P 180 122 196 196 196
P 181 122 196 196 196
P 182 122 196 196 196
P 183 122 197 197 197
P 184 122 197 197 197
P 185 122 197 197 197
P 186 122 197 197 197
P 187 122 198 198 198
P 188 122 198 198 198
P 189 122 198 198 198
P 190 122 198 198 198
P 191 122 199 199 199
P 192 122 199 199 199
P 193 122 199 199 199
P 194 122 199 199 199
P 195 122 200 200 200
P 196 122 200 200 200
P 197 122 200 200 200
P 198 122 200 200 200
P 199 122 201 201 201
P 200 122 201 201 201
P 201 122 201 201 201
P 202 122 201 201 201
P 203 122 202 202 202
P 204 122 202 202 202
P 42 123 162 162 162
P 43 123 162 162 162
P 44 123 162 162 162
P 45 123 162 162 162
P 46 123 163 163 163
P 47 123 163 163 163
P 48 123 163 163 163
P 49 123 163 163 163
P 50 123 164 164 164
P 51 123 164 164 164
P 52 123 164 164 164
P 53 123 164 164 164
P 54 123 165 165 165
P 55 123 165 165 165
P 56 123 165 165 165
P 57 123 165 165 165
P 58 123 166 166 166
P 59 123 166 166 166
P 60 123 166 166 166
P 61 123 166 166 166
P 62 123 167 167 167
P 63 123 167 167 167
P 64 123 167 167 167
P 65 123 167 167 167
P 66 123 168 168 168
P 67 123 168 168 168
P 68 123 168 168 168
P 69 123 168 168 168
P 70 123 169 169 169
P 71 123 169 169 169
P 72 123 169 169 169
P 73 123 169 169 169
P 74 123 170 170 170
P 75 123 170 170 170
P 76 123 170 170 170
P 77 123 170 170 170
P 78 123 171 171 171
P 79 123 171 171 171
P 80 123 171 171 171
P 81 123 171 171 171
P 82 123 172 172 172
P 83 123 172 172 172
P 84 123 172 172 172
P 85 123 172 172 172
P 86 123 173 173 173
P 87 123 173 173 173
P 88 123 173 173 173
P 89 123 173 173 173
P 90 123 174 174 174
P 91 123 174 174 174
P 92 123 174 174 174
P 93 123 174 174 174
P 94 123 175 175 175
P 95 123 175 175 175
P 96 123 175 175 175
P 97 123 175 175 175
P 98 123 176 176 176
P 99 123 176 176 176
P 100 123 176 176 176
P 101 123 176 176 176
P 102 123 177 177 177
P 103 123 177 177 177
P 104 123 177 177 177
P 105 123 177 177 177
P 106 123 178 178 178
P 107 123 178 178 178
P 108 123 178 178 178
P 109 123 178 178 178
P 110 123 179 179 179
P 111 123 179 179 179
P 112 123 179 179 179
P 113 123 179 179 179
P 114 123 180 180 180
P 115 123 180 180 180
P 116 123 180 180 180
P 117 123 180 180 180
P 118 123 181 181 181
P 119 123 181 181 181
P 120 123 181 181 181
P 121 123 181 181 181
P 122 123 182 182 182
P 123 123 182 182 182
P 124 123 182 182 182
P 125 123 182 182 182
P 126 123 183 183 183
P 127 123 183 183 183
P 128 123 183 183 183
P 129 123 183 183 183
P 130 123 184 184 184
P 131 123 184 184 184
P 132 123 184 184 184
P 133 123 184 184 184
P 134 123 185 185 185
P 135 123 185 185 185
P 136 123 185 185 185
P 137 123 185 185 185
P 138 123 186 186 186
P 139 123 186 186 186
P 140 123 186 186 186
P 141 123 186 186 186
P 142 123 187 187 187
P 143 123 187 187 187
P 144 123 187 187 187
P 145 123 187 187 187
P 146 123 188 188 188
P 147 123 188 188 188
P 148 123 188 188 188
P 149 123 188 188 188
P 150 123 189 189 189
P 151 123 189 189 189
P 152 123 189 189 189
P 153 123 189 189 189
P 154 123 190 190 190
P 155 123 190 190 190
P 156 123 190 190 190
P 157 123 190 190 190
P 158 123 191 191 191
P 159 123 191 191 191
P 160 123 191 191 191
P 161 123 191 191 191
P 162 123 192 192 192
P 163 123 192 192 192
P 164 123 192 192 192
P 165 123 192 192 192
P 166 123 193 193 193
P 167 123 193 193 193
P 168 123 193 193 193
P 169 123 193 193 193
P 170 123 194 194 194
P 171 123 194 194 194
P 172 123 194 194 194
P 173 123 194 194 194
P 174 123 195 195 195
P 175 123 195 195 195
P 176 123 195 195 195
P 177 123 195 195 195
P 178 123 196 196 196
P 179 123 196 196 196
P 180 123 196 196 196
P 181 123 196 196 196
P 182 123 197 197 197
P 183 123 197 197 197
P 184 123 197 197 197
P 185 123 197 197 197
P 186 123 198 198 198
P 187 123 198 198 198
P 188 123 198 198 198
P 189 123 198 198 198
P 190 123 199 199 199
P 191 123 199 199 199
P 192 123 199 199 199
P 193 123 199 199 199
P 194 123 200 200 200
P 195 123 200 200 200
P 196 123 200 200 200
P 197 123 200 200 200
P 198 123 201 201 201
P 199 123 201 201 201
P 200 123 201 201 201
P 201 123 201 201 201
P 202 123 202 202 202
P 39 124 161 161 161
P 40 124 161 161 161
P 41 124 162 162 162
P 42 124 162 162 162
P 43 124 162 162 162
P 44 124 162 162 162
P 45 124 163 163 163
P 46 124 163 163 163
P 47 124 163 163 163
P 48 124 163 163 163
P 49 124 164 164 164
P 50 124 164 164 164
P 51 124 164 164 164
P 52 124 164 164 164
P 53 124 165 165 165
P 54 124 165 165 165
P 55 124 165 165 165
P 56 124 165 165 165
P 57 124 166 166 166
P 58 124 166 166 166
P 59 124 166 166 166
P 60 124 166 166 166
P 61 124 167 167 167
P 62 124 167 167 167
P 63 124 167 167 167
P 64 124 167 167 167
P 65 124 168 168 168
P 66 124 168 168 168
P 67 124 168 168 168
P 68 124 168 168 168
P 69 124 169 169 169
P 70 124 169 169 169
P 71 124 169 169 169
P 72 124 169 169 169
P 73 124 170 170 170
P 74 124 170 170 170
P 75 124 170 170 170
P 76 124 170 170 170
P 77 124 171 171 171
P 78 124 171 171 171
P 79 124 171 171 171
P 80 124 171 171 171
P 81 124 172 172 172
P 82 124 172 172 172
P 83 124 172 172 172
P 84 124 172 172 172
P 85 124 173 173 173
P 86 124 173 173 173
P 87 124 173 173 173
P 88 124 173 173 173
P 89 124 174 174 174
P 90 124 174 174 174
P 91 124 174 174 174
P 92 124 174 174 174
P 93 124 175 175 175
P 94 124 175 175 175
P 95 124 175 175 175
P 96 124 175 175 175
P 97 124 176 176 176
P 98 124 176 176 176
P 99 124 176 176 176
P 100 124 176 176 176
P 101 124 177 177 177
P 102 124 177 177 177
P 103 124 177 177 177
P 104 124 177 177 177
P 105 124 178 178 178
P 106 124 178 178 178
P 107 124 178 178 178
P 108 124 178 178 178
P 109 124 179 179 179
P 110 124 179 179 179
P 111 124 179 179 179
P 112 124 179 179 179
P 113 124 180 180 180
P 114 124 180 180 180
P 115 124 180 180 180
P 116 124 180 180 180
P 117 124 181 181 181
P 118 124 181 181 181
P 119 124 181 181 181
P 120 124 181 181 181
P 121 124 182 182 182
P 122 124 182 182 182
P 123 124 182 182 182
P 124 124 182 182 182
P 125 124 183 183 183
P 126 124 183 183 183
P 127 124 183 183 183
P 128 124 183 183 183
P 129 124 184 184 184
P 130 124 184 184 184
P 131 124 184 184 184
P 132 124 184 184 184
P 133 124 185 185 185
P 134 124 185 185 185
P 135 124 185 185 185
P 136 124 185 185 185
P 137 124 186 186 186
P 138 124 186 186 186
P 139 124 186 186 186
P 140 124 186 186 186
P 141 124 187 187 187
P 142 124 187 187 187
P 143 124 187 187 187
P 144 124 187 187 187
P 145 124 188 188 188
P 146 124 188 188 188
P 147 124 188 188 188
P 148 124 188 188 188
P 149 124 189 189 189
P 150 124 189 189 189
P 151 124 189 189 189
P 152 124 189 189 189
P 153 124 190 190 190
P 154 124 190 190 190
P 155 124 190 190 190
P 156 124 190 190 190
P 157 124 191 191 191
P 158 124 191 191 191
P 159 124 191 191 191
P 160 124 191 191 191
P 161 124 192 192 192
P 162 124 192 192 192
P 163 124 192 192 192
P 164 124 192 192 192
P 165 124 193 193 193
P 166 124 193 193 193
P 167 124 193 193 193
P 168 124 193 193 193
P 169 124 194 194 194
P 170 124 194 194 194
P 171 124 194 194 194
P 172 124 194 194 194
P 173 124 195 195 195
P 174 124 195 195 195
P 175 124 195 195 195
P 176 124 195 195 195
P 177 124 196 196 196
P 178 124 196 196 196
P 179 124 196 196 196
P 180 124 196 196 196
P 181 124 197 197 197
P 182 124 197 197 197
P 183 124 197 197 197
P 184 124 197 197 197
P 185 124 198 198 198
P 186 124 198 198 198
P 187 124 198 198 198
P 188 124 198 198 198
P 189 124 199 199 199
P 190 124 199 199 199
P 191 124 199 199 199
P 192 124 199 199 199
P 193 124 200 200 200
P 194 124 200 200 200
P 195 124 200 200 200
P 196 124 200 200 200
P 197 124 201 201 201
P 198 124 201 201 201
P 199 124 201 201 201
P 200 124 201 201 201
P 201 124 202 202 202
P 37 125 161 161 161
P 38 125 161 161 161
P 39 125 161 161 161
P 40 125 162 162 162
P 41 125 162 162 162
P 42 125 162 162 162
P 43 125 162 162 162
P 44 125 163 163 163
P 45 125 163 163 163
P 46 125 163 163 163
P 47 125 163 163 163
P 48 125 164 164 164
P 49 125 164 164 164
P 50 125 164 164 164
P 51 125 164 164 164
P 52 125 165 165 165
P 53 125 165 165 165
P 54 125 165 165 165
P 55 125 165 165 165
P 56 125 166 166 166
P 57 125 166 166 166
P 58 125 166 166 166
P 59 125 166 166 166
P 60 125 167 167 167
P 61 125 167 167 167
P 62 125 167 167 167
P 63 125 167 167 167
P 64 125 168 168 168
P 65 125 168 168 168
P 66 125 168 168 168
P 67 125 168 168 168
P 68 125 169 169 169
P 69 125 169 169 169
P 70 125 169 169 169
P 71 125 169 169 169
P 72 125 170 170 170
P 73 125 170 170 170
P 74 125 170 170 170
P 75 125 170 170 170
P 76 125 171 171 171
P 77 125 171 171 171
P 78 125 171 171 171
P 79 125 171 171 171
P 80 125 172 172 172
P 81 125 172 172 172
P 82 125 172 172 172
P 83 125 172 172 172
P 84 125 173 173 173
P 85 125 173 173 173
P 86 125 173 173 173
P 87 125 173 173 173
P 88 125 174 174 174
P 89 125 174 174 174
P 90 125 174 174 174
P 91 125 174 174 174
P 92 125 175 175 175
P 93 125 175 175 175
P 94 125 175 175 175
P 95 125 175 175 175
P 96 125 176 176 176
P 97 125 176 176 176
P 98 125 176 176 176
P 99 125 176 176 176
P 100 125 177 177 177
P 101 125 177 177 177
P 102 125 177 177 177
P 103 125 177 177 177
P 104 125 178 178 178
P 105 125 178 178 178
P 106 125 178 178 178
P 107 125 178 178 178
P 108 125 179 179 179
P 109 125 179 179 179
P 110 125 179 179 179
P 111 125 179 179 179
P 112 125 180 180 180
P 113 125 180 180 180
P 114 125 180 180 180
P 115 125 180 180 180
P 116 125 181 181 181
P 117 125 181 181 181
P 118 125 181 181 181
P 119 125 181 181 181
P 120 125 182 182 182
P 121 125 182 182 182
P 122 125 182 182 182
P 123 125 182 182 182
P 124 125 183 183 183
P 125 125 183 183 183
P 126 125 183 183 183
P 127 125 183 183 183
P 128 125 184 184 184
P 129 125 184 184 184
P 130 125 184 184 184
P 131 125 184 184 184
P 132 125 185 185 185
P 133 125 185 185 185
P 134 125 185 185 185
P 135 125 185 185 185
P 136 125 186 186 186
P 137 125 186 186 186
P 138 125 186 186 186
P 139 125 186 186 186
P 140 125 187 187 187
P 141 125 187 187 187
P 142 125 187 187 187
P 143 125 187 187 187
P 144 125 188 188 188
P 145 125 188 188 188
P 146 125 188 188 188
P 147 125 188 188 188
P 148 125 189 189 189
P 149 125 189 189 189
P 150 125 189 189 189
P 151 125 189 189 189
P 152 125 190 190 190
P 153 125 190 190 190
P 154 125 190 190 190
P 155 125 190 190 190
P 156 125 191 191 191
P 157 125 191 191 191
P 158 125 191 191 191
P 159 125 191 191 191
P 160 125 192 192 192
P 161 125 192 192 192
P 162 125 192 192 192
P 163 125 192 192 192
P 164 125 193 193 193
P 165 125 193 193 193
P 166 125 193 193 193
P 167 125 193 193 193
P 168 125 194 194 194
P 169 125 194 194 194
P 170 125 194 194 194
P 171 125 194 194 194
P 172 125 195 195 195
P 173 125 195 195 195
P 174 125 195 195 195
P 175 125 195 195 195
P 176 125 196 196 196
P 177 125 196 196 196
P 178 125 196 196 196
P 179 125 196 196 196
P 180 125 197 197 197
P 181 125 197 197 197
P 182 125 197 197 197
P 183 125 197 197 197
P 184 125 198 198 198
P 185 125 198 198 198
P 186 125 198 198 198
P 187 125 198 198 198
P 188 125 199 199 199
P 189 125 199 199 199
P 190 125 199 199 199
P 191 125 199 199 199
P 192 125 200 200 200
P 193 125 200 200 200
P 194 125 200 200 200
P 195 125 200 200 200
P 196 125 201 201 201
P 197 125 201 201 201
P 198 125 201 201 201
P 199 125 201 201 201
P 200 125 202 202 202
P 35 126 161 161 161
P 36 126 161 161 161
P 37 126 161 161 161
P 38 126 161 161 161
P 39 126 162 162 162
P 40 126 162 162 162
P 41 126 162 162 162
P 42 126 162 162 162
P 43 126 163 163 163
P 44 126 163 163 163
P 45 126 163 163 163
P 46 126 163 163 163
P 47 126 164 164 164
P 48 126 164 164 164
P 49 126 164 164 164
P 50 126 164 164 164
P 51 126 165 165 165
P 52 126 165 165 165
P 53 126 165 165 165
P 54 126 165 165 165
P 55 126 166 166 166
P 56 126 166 166 166
P 57 126 166 166 166
P 58 126 166 166 166
P 59 126 167 167 167
P 60 126 167 167 167
P 61 126 167 167 167
P 62 126 167 167 167
P 63 126 168 168 168
P 64 126 168 168 168
P 65 126 168 168 168
P 66 126 168 168 168
P 67 126 169 169 169
P 68 126 169 169 169
P 69 126 169 169 169
P 70 126 169 169 169
P 71 126 170 170 170
P 72 126 170 170 170
P 73 126 170 170 170
P 74 126 170 170 170
P 75 126 171 171 171
P 76 126 171 171 171
P 77 126 171 171 171
P 78 126 171 171 171
P 79 126 172 172 172
P 80 126 172 172 172
P 81 126 172 172 172
P 82 126 172 172 172
P 83 126 173 173 173
P 84 126 173 173 173
P 85 126 173 173 173
P 86 126 173 173 173
P 87 126 174 174 174
P 88 126 174 174 174
P 89 126 174 174 174
P 90 126 174 174 174
P 91 126 175 175 175
P 92 126 175 175 175
P 93 126 175 175 175
P 94 126 175 175 175
P 95 126 176 176 176
P 96 126 176 176 176
P 97 126 176 176 176
P 98 126 176 176 176
P 99 126 177 177 177
P 100 126 177 177 177
P 101 126 177 177 177
P 102 126 177 177 177
P 103 126 178 178 178
P 104 126 178 178 178
P 105 126 178 178 178
P 106 126 178 178 178
P 107 126 179 179 179
P 108 126 179 179 179
P 109 126 179 179 179
P 110 126 179 179 179
P 111 126 180 180 180
P 112 126 180 180 180
P 113 126 180 180 180
P 114 126 180 180 180
P 115 126 181 181 181
P 116 126 181 181 181
P 117 126 181 181 181
P 118 126 181 181 181
P 119 126 182 182 182
P 120 126 182 182 182
P 121 126 182 182 182
P 122 126 182 182 182
P 123 126 183 183 183
P 124 126 183 183 183
P 125 126 183 183 183
P 126 126 183 183 183
P 127 126 184 184 184
P 128 126 184 184 184
P 129 126 184 184 184
P 130 126 184 184 184
P 131 126 185 185 185
P 132 126 185 185 185
P 133 126 185 185 185
P 134 126 185 185 185
P 135 126 186 186 186
P 136 126 186 186 186
P 137 126 186 186 186
P 138 126 186 186 186
P 139 126 187 187 187
P 140 126 187 187 187
P 141 126 187 187 187
P 142 126 187 187 187
P 143 126 188 188 188
P 144 126 188 188 188
P 145 126 188 188 188
P 146 126 188 188 188
P 147 126 189 189 189
P 148 126 189 189 189
P 149 126 189 189 189
P 150 126 189 189 189
P 151 126 190 190 190
P 152 126 190 190 190
P 153 126 190 190 190
P 154 126 190 190 190
P 155 126 191 191 191
P 156 126 191 191 191
P 157 126 191 191 191
P 158 126 191 191 191
P 159 126 192 192 192
P 160 126 192 192 192
P 161 126 192 192 192
P 162 126 192 192 192
P 163 126 193 193 193
P 164 126 193 193 193
P 165 126 193 193 193
P 166 126 193 193 193
P 167 126 194 194 194
P 168 126 194 194 194
P 169 126 194 194 194
P 170 126 194 194 194
P 171 126 195 195 195
P 172 126 195 195 195
P 173 126 195 195 195
P 174 126 195 195 195
P 175 126 196 196 196
P 176 126 196 196 196
P 177 126 196 196 196
P 178 126 196 196 196
P 179 126 197 197 197
P 180 126 197 197 197
P 181 126 197 197 197
P 182 126 197 197 197
P 183 126 198 198 198
P 184 126 198 198 198
P 185 126 198 198 198
P 186 126 198 198 198
P 187 126 199 199 199
P 188 126 199 199 199
P 189 126 199 199 199
P 190 126 199 199 199
P 191 126 200 200 200
P 192 126 200 200 200
P 193 126 200 200 200
P 194 126 200 200 200
P 195 126 201 201 201
P 196 126 201 201 201
P 197 126 201 201 201
P 198 126 201 201 201
P 199 126 202 202 202
P 33 127 160 160 160
P 34 127 161 161 161
P 35 127 161 161 161
P 36 127 161 161 161
P 37 127 161 161 161
P 38 127 162 162 162
P 39 127 162 162 162
P 40 127 162 162 162
P 41 127 162 162 162
P 42 127 163 163 163
P 43 127 163 163 163
P 44 127 163 163 163
P 45 127 163 163 163
P 46 127 164 164 164
P 47 127 164 164 164
P 48 127 164 164 164
P 49 127 164 164 164
P 50 127 165 165 165
P 51 127 165 165 165
P 52 127 165 165 165
P 53 127 165 165 165
P 54 127 166 166 166
P 55 127 166 166 166
P 56 127 166 166 166
P 57 127 166 166 166
P 58 127 167 167 167
P 59 127 167 167 167
P 60 127 167 167 167
P 61 127 167 167 167
P 62 127 168 168 168
P 63 127 168 168 168
P 64 127 168 168 168
P 65 127 168 168 168
P 66 127 169 169 169
P 67 127 169 169 169
P 68 127 169 169 169
P 69 127 169 169 169
P 70 127 170 170 170
P 71 127 170 170 170
P 72 127 170 170 170
P 73 127 170 170 170
P 74 127 171 171 171
P 75 127 171 171 171
P 76 127 171 171 171
P 77 127 171 171 171
P 78 127 172 172 172
P 79 127 172 172 172
P 80 127 172 172 172
P 81 127 172 172 172
P 82 127 173 173 173
P 83 127 173 173 173
P 84 127 173 173 173
P 85 127 173 173 173
P 86 127 174 174 174
P 87 127 174 174 174
P 88 127 174 174 174
P 89 127 174 174 174
P 90 127 175 175 175
P 91 127 175 175 175
P 92 127 175 175 175
P 93 127 175 175 175
P 94 127 176 176 176
P 95 127 176 176 176
P 96 127 176 176 176
P 97 127 176 176 176
P 98 127 177 177 177
P 99 127 177 177 177
P 100 127 177 177 177
P 101 127 177 177 177
P 102 127 178 178 178
P 103 127 178 178 178
P 104 127 178 178 178
P 105 127 178 178 178
P 106 127 179 179 179
P 107 127 179 179 179
P 108 127 179 179 179
P 109 127 179 179 179
P 110 127 180 180 180
P 111 127 180 180 180
P 112 127 180 180 180
P 113 127 180 180 180
P 114 127 181 181 181
P 115 127 181 181 181
P 116 127 181 181 181
P 117 127 181 181 181
P 118 127 182 182 182
P 119 127 182 182 182
P 120 127 182 182 182
P 121 127 182 182 182
P 122 127 183 183 183
P 123 127 183 183 183
P 124 127 183 183 183
P 125 127 183 183 183
P 126 127 184 184 184
P 127 127 184 184 184
P 128 127 184 184 184
P 129 127 184 184 184
P 130 127 185 185 185
P 131 127 185 185 185
P 132 127 185 185 185
P 133 127 185 185 185
P 134 127 186 186 186
P 135 127 186 186 186
P 136 127 186 186 186
P 137 127 186 186 186
P 138 127 187 187 187
P 139 127 187 187 187
P 140 127 187 187 187
P 141 127 187 187 187
P 142 127 188 188 188
P 143 127 188 188 188
P 144 127 188 188 188
P 145 127 188 188 188
P 146 127 189 189 189
P 147 127 189 189 189
P 148 127 189 189 189
P 149 127 189 189 189
P 150 127 190 190 190
P 151 127 190 190 190
P 152 127 190 190 190
P 153 127 190 190 190
P 154 127 191 191 191
P 155 127 191 191 191
P 156 127 191 191 191
P 157 127 191 191 191
P 158 127 192 192 192
P 159 127 192 192 192
P 160 127 192 192 192
P 161 127 192 192 192
P 162 127 193 193 193
P 163 127 193 193 193
P 164 127 193 193 193
P 165 127 193 193 193
P 166 127 194 194 194
P 167 127 194 194 194
P 168 127 194 194 194
P 169 127 194 194 194
P 170 127 195 195 195
P 171 127 195 195 195
P 172 127 195 195 195
P 173 127 195 195 195
P 174 127 196 196 196
P 175 127 196 196 196
P 176 127 196 196 196
P 177 127 196 196 196
P 178 127 197 197 197
P 179 127 197 197 197
P 180 127 197 197 197
P 181 127 197 197 197
P 182 127 198 198 198
P 183 127 198 198 198
P 184 127 198 198 198
P 185 127 198 198 198
P 186 127 199 199 199
P 187 127 199 199 199
P 188 127 199 199 199
P 189 127 199 199 199
P 190 127 200 200 200
P 191 127 200 200 200
P 192 127 200 200 200
P 193 127 200 200 200
P 194 127 201 201 201
P 195 127 201 201 201
P 196 127 201 201 201
P 197 127 201 201 201
P 198 127 202 202 202
P 31 128 160 160 160
P 32 128 160 160 160
P 33 128 161 161 161
P 34 128 161 161 161
P 35 128 161 161 161
P 36 128 161 161 161
P 37 128 162 162 162
P 38 128 162 162 162
P 39 128 162 162 162
P 40 128 162 162 162
P 41 128 163 163 163
P 42 128 163 163 163
P 43 128 163 163 163
P 44 128 163 163 163
P 45 128 164 164 164
P 46 128 164 164 164
P 47 128 164 164 164
P 48 128 164 164 164
P 49 128 165 165 165
P 50 128 165 165 165
P 51 128 165 165 165
P 52 128 165 165 165
P 53 128 166 166 166
P 54 128 166 166 166
P 55 128 166 166 166
P 56 128 166 166 166
P 57 128 167 167 167
P 58 128 167 167 167
P 59 128 167 167 167
P 60 128 167 167 167
P 61 128 168 168 168
P 62 128 168 168 168
P 63 128 168 168 168
P 64 128 168 168 168
P 65 128 169 169 169
P 66 128 169 169 169
P 67 128 169 169 169
P 68 128 169 169 169
P 69 128 170 170 170
P 70 128 170 170 170
P 71 128 170 170 170
P 72 128 170 170 170
P 73 128 171 171 171
P 74 128 171 171 171
P 75 128 171 171 171
P 76 128 171 171 171
P 77 128 172 172 172
P 78 128 172 172 172
P 79 128 172 172 172
P 80 128 172 172 172
P 81 128 173 173 173
P 82 128 173 173 173
P 83 128 173 173 173
P 84 128 173 173 173
P 85 128 174 174 174
P 86 128 174 174 174
P 87 128 174 174 174
P 88 128 174 174 174
P 89 128 175 175 175
P 90 128 175 175 175
P 91 128 175 175 175
P 92 128 175 175 175
P 93 128 176 176 176
P 94 128 176 176 176
P 95 128 176 176 176
P 96 128 176 176 176
P 97 128 177 177 177
P 98 128 177 177 177
P 99 128 177 177 177
P 100 128 177 177 177
P 101 128 178 178 178
P 102 128 178 178 178
P 103 128 178 178 178
P 104 128 178 178 178
P 105 128 179 179 179
P 106 128 179 179 179
P 107 128 179 179 179
P 108 128 179 179 179
P 109 128 180 180 180
P 110 128 180 180 180
P 111 128 180 180 180
P 112 128 180 180 180
P 113 128 181 181 181
P 114 128 181 181 181
P 115 128 181 181 181
P 116 128 181 181 181
P 117 128 182 182 182
P 118 128 182 182 182
P 119 128 182 182 182
P 120 128 182 182 182
P 121 128 183 183 183
P 122 128 183 183 183
P 123 128 183 183 183
P 124 128 183 183 183
P 125 128 184 184 184
P 126 128 184 184 184
P 127 128 184 184 184
P 128 128 184 184 184
P 129 128 185 185 185
P 130 128 185 185 185
P 131 128 185 185 185
P 132 128 185 185 185
P 133 128 186 186 186
P 134 128 186 186 186
P 135 128 186 186 186
P 136 128 186 186 186
P 137 128 187 187 187
P 138 128 187 187 187
P 139 128 187 187 187
P 140 128 187 187 187
P 141 128 188 188 188
P 142 128 188 188 188
P 143 128 188 188 188
P 144 128 188 188 188
P 145 128 189 189 189
P 146 128 189 189 189
P 147 128 189 189 189
P 148 128 189 189 189
P 149 128 190 190 190
P 150 128 190 190 190
P 151 128 190 190 190
P 152 128 190 190 190
P 153 128 191 191 191
P 154 128 191 191 191
P 155 128 191 191 191
P 156 128 191 191 191
P 157 128 192 192 192
P 158 128 192 192 192
P 159 128 192 192 192
P 160 128 192 192 192
P 161 128 193 193 193
P 162 128 193 193 193
P 163 128 193 193 193
P 164 128 193 193 193
P 165 128 194 194 194
P 166 128 194 194 194
P 167 128 194 194 194
P 168 128 194 194 194
P 169 128 195 195 195
P 170 128 195 195 195
P 171 128 195 195 195
P 172 128 195 195 195
P 173 128 196 196 196
P 174 128 196 196 196
P 175 128 196 196 196
P 176 128 196 196 196
P 177 128 197 197 197
P 178 128 197 197 197
P 179 128 197 197 197
P 180 128 197 197 197
P 181 128 198 198 198
P 182 128 198 198 198
P 183 128 198 198 198
P 184 128 198 198 198
P 185 128 199 199 199
P 186 128 199 199 199
P 187 128 199 199 199
P 188 128 199 199 199
P 189 128 200 200 200
P 190 128 200 200 200
P 191 128 200 200 200
P 192 128 200 200 200
P 193 128 201 201 201
P 194 128 201 201 201
P 195 128 201 201 201
P 196 128 201 201 201
P 29 129 160 160 160
P 30 129 160 160 160
P 31 129 160 160 160
P 32 129 161 161 161
P 33 129 161 161 161
P 34 129 161 161 161
P 35 129 161 161 161
P 36 129 162 162 162
P 37 129 162 162 162
P 38 129 162 162 162
P 39 129 162 162 162
P 40 129 163 163 163
P 41 129 163 163 163
P 42 129 163 163 163
P 43 129 163 163 163
P 44 129 164 164 164
P 45 129 164 164 164
P 46 129 164 164 164
P 47 129 164 164 164
P 48 129 165 165 165
P 49 129 165 165 165
P 50 129 165 165 165
P 51 129 165 165 165
P 52 129 166 166 166
P 53 129 166 166 166
P 54 129 166 166 166
P 55 129 166 166 166
P 56 129 167 167 167
P 57 129 167 167 167
P 58 129 167 167 167
P 59 129 167 167 167
P 60 129 168 168 168
P 61 129 168 168 168
P 62 129 168 168 168
P 63 129 168 168 168
P 64 129 169 169 169
P 65 129 169 169 169
P 66 129 169 169 169
P 67 129 169 169 169
P 68 129 170 170 170
P 69 129 170 170 170
P 70 129 170 170 170
P 71 129 170 170 170
P 72 129 171 171 171
P 73 129 171 171 171
P 74 129 171 171 171
P 75 129 171 171 171
P 76 129 172 172 172
P 77 129 172 172 172
P 78 129 172 172 172
P 79 129 172 172 172
P 80 129 173 173 173
P 81 129 173 173 173
P 82 129 173 173 173
P 83 129 173 173 173
P 84 129 174 174 174
P 85 129 174 174 174
P 86 129 174 174 174
P 87 129 174 174 174
P 88 129 175 175 175
P 89 129 175 175 175
P 90 129 175 175 175
P 91 129 175 175 175
P 92 129 176 176 176
P 93 129 176 176 176
P 94 129 176 176 176
P 95 129 176 176 176
P 96 129 177 177 177
P 97 129 177 177 177
P 98 129 177 177 177
P 99 129 177 177 177
P 100 129 178 178 178
P 101 129 178 178 178
P 102 129 178 178 178
P 103 129 178 178 178
P 104 129 179 179 179
P 105 129 179 179 179
P 106 129 179 179 179
P 107 129 179 179 179
P 108 129 180 180 180
P 109 129 180 180 180
P 110 129 180 180 180
P 111 129 180 180 180
P 112 129 181 181 181
P 113 129 181 181 181
P 114 129 181 181 181
P 115 129 181 181 181
P 116 129 182 182 182
P 117 129 182 182 182
P 118 129 182 182 182
P 119 129 182 182 182
P 120 129 183 183 183
P 121 129 183 183 183
P 122 129 183 183 183
P 123 129 183 183 183
P 124 129 184 184 184
P 125 129 184 184 184
P 126 129 184 184 184
P 127 129 184 184 184
P 128 129 185 185 185
P 129 129 185 185 185
P 130 129 185 185 185
P 131 129 185 185 185
P 132 129 186 186 186
P 133 129 186 186 186
P 134 129 186 186 186
P 135 129 186 186 186
P 136 129 187 187 187
P 137 129 187 187 187
P 138 129 187 187 187
P 139 129 187 187 187
P 140 129 188 188 188
P 141 129 188 188 188
P 142 129 188 188 188
P 143 129 188 188 188
P 144 129 189 189 189
P 145 129 189 189 189
P 146 129 189 189 189
P 147 129 189 189 189
P 148 129 190 190 190
P 149 129 190 190 190
P 150 129 190 190 190
P 151 129 190 190 190
P 152 129 191 191 191
P 153 129 191 191 191
P 154 129 191 191 191
P 155 129 191 191 191
P 156 129 192 192 192
P 157 129 192 192 192
P 158 129 192 192 192
P 159 129 192 192 192
P 160 129 193 193 193
P 161 129 193 193 193
P 162 129 193 193 193
P 163 129 193 193 193
P 164 129 194 194 194
P 165 129 194 194 194
P 166 129 194 194 194
P 167 129 194 194 194
P 168 129 195 195 195
P 169 129 195 195 195
P 170 129 195 195 195
P 171 129 195 195 195
P 172 129 196 196 196
P 173 129 196 196 196
P 174 129 196 196 196
P 175 129 196 196 196
P 176 129 197 197 197
P 177 129 197 197 197
P 178 129 197 197 197
P 179 129 197 197 197
P 180 129 198 198 198
P 181 129 198 198 198
P 182 129 198 198 198
P 183 129 198 198 198
P 184 129 199 199 199
P 185 129 199 199 199
P 186 129 199 199 199
P 187 129 199 199 199
P 188 129 200 200 200
P 189 129 200 200 200
P 190 129 200 200 200
P 191 129 200 200 200
P 192 129 201 201 201
P 193 129 201 201 201
P 194 129 201 201 201
P 195 129 201 201 201
P 27 130 160 160 160
P 28 130 160 160 160
P 29 130 160 160 160
P 30 130 160 160 160
P 31 130 161 161 161
P 32 130 161 161 161
P 33 130 161 161 161
P 34 130 161 161 161
P 35 130 162 162 162
P 36 130 162 162 162
P 37 130 162 162 162
P 38 130 162 162 162
P 39 130 163 163 163
P 40 130 163 163 163
P 41 130 163 163 163
P 42 130 163 163 163
P 43 130 164 164 164
P 44 130 164 164 164
P 45 130 164 164 164
P 46 130 164 164 164
P 47 130 165 165 165
P 48 130 165 165 165
P 49 130 165 165 165
P 50 130 165 165 165
P 51 130 166 166 166
P 52 130 166 166 166
P 53 130 166 166 166
P 54 130 166 166 166
P 55 130 167 167 167
P 56 130 167 167 167
P 57 130 167 167 167
P 58 130 167 167 167
P 59 130 168 168 168
P 60 130 168 168 168
P 61 130 168 168 168
P 62 130 168 168 168
P 63 130 169 169 169
P 64 130 169 169 169
P 65 130 169 169 169
P 66 130 169 169 169
P 67 130 170 170 170
P 68 130 170 170 170
P 69 130 170 170 170
P 70 130 170 170 170
P 71 130 171 171 171
P 72 130 171 171 171
P 73 130 171 171 171
P 74 130 171 171 171
P 75 130 172 172 172
P 76 130 172 172 172
P 77 130 172 172 172
P 78 130 172 172 172
P 79 130 173 173 173
P 80 130 173 173 173
P 81 130 173 173 173
P 82 130 173 173 173
P 83 130 174 174 174
P 84 130 174 174 174
P 85 130 174 174 174
P 86 130 174 174 174
P 87 130 175 175 175
P 88 130 175 175 175
P 89 130 175 175 175
P 90 130 175 175 175
P 91 130 176 176 176
P 92 130 176 176 176
P 93 130 176 176 176
P 94 130 176 176 176
P 95 130 177 177 177
P 96 130 177 177 177
P 97 130 177 177 177
P 98 130 177 177 177
P 99 130 178 178 178
P 100 130 178 178 178
P 101 130 178 178 178
P 102 130 178 178 178
P 103 130 179 179 179
P 104 130 179 179 179
P 105 130 179 179 179
P 106 130 179 179 179
P 107 130 180 180 180
P 108 130 180 180 180
P 109 130 180 180 180
P 110 130 180 180 180
P 111 130 181 181 181
P 112 130 181 181 181
P 113 130 181 181 181
P 114 130 181 181 181
P 115 130 182 182 182
P 116 130 182 182 182
P 117 130 182 182 182
P 118 130 182 182 182
P 119 130 183 183 183
P 120 130 183 183 183
P 121 130 183 183 183
P 122 130 183 183 183
P 123 130 184 184 184
P 124 130 184 184 184
P 125 130 184 184 184
P 126 130 184 184 184
P 127 130 185 185 185
P 128 130 185 185 185
P 129 130 185 185 185
P 130 130 185 185 185
P 131 130 186 186 186
P 132 130 186 186 186
P 133 130 186 186 186
P 134 130 186 186 186
P 135 130 187 187 187
P 136 130 187 187 187
P 137 130 187 187 187
P 138 130 187 187 187
P 139 130 188 188 188
P 140 130 188 188 188
P 141 130 188 188 188
P 142 130 188 188 188
P 143 130 189 189 189
P 144 130 189 189 189
P 145 130 189 189 189
P 146 130 189 189 189
P 147 130 190 190 190
P 148 130 190 190 190
P 149 130 190 190 190
P 150 130 190 190 190
P 151 130 191 191 191
P 152 130 191 191 191
P 153 130 191 191 191
P 154 130 191 191 191
P 155 130 192 192 192
P 156 130 192 192 192
P 157 130 192 192 192
P 158 130 192 192 192
P 159 130 193 193 193
P 160 130 193 193 193
P 161 130 193 193 193
P 162 130 193 193 193
P 163 130 194 194 194
P 164 130 194 194 194
P 165 130 194 194 194
P 166 130 194 194 194
P 167 130 195 195 195
P 168 130 195 195 195
P 169 130 195 195 195
P 170 130 195 195 195
P 171 130 196 196 196
P 172 130 196 196 196
P 173 130 196 196 196
P 174 130 196 196 196
P 175 130 197 197 197
P 176 130 197 197 197
P 177 130 197 197 197
P 178 130 197 197 197
P 179 130 198 198 198
P 180 130 198 198 198
P 181 130 198 198 198
P 182 130 198 198 198
P 183 130 199 199 199
P 184 130 199 199 199
P 185 130 199 199 199
P 186 130 199 199 199
P 187 130 200 200 200
P 188 130 200 200 200
P 189 130 200 200 200
P 190 130 200 200 200
P 191 130 201 201 201
P 192 130 201 201 201
P 193 130 201 201 201
P 194 130 201 201 201
P 25 131 159 159 159
P 26 131 160 160 160
P 27 131 160 160 160
P 28 131 160 160 160
P 29 131 160 160 160
P 30 131 161 161 161
P 31 131 161 161 161
P 32 131 161 161 161
P 33 131 161 161 161
P 34 131 162 162 162
P 35 131 162 162 162
P 36 131 162 162 162
P 37 131 162 162 162
P 38 131 163 163 163
P 39 131 163 163 163
P 40 131 163 163 163
P 41 131 163 163 163
P 42 131 164 164 164
P 43 131 164 164 164
P 44 131 164 164 164
P 45 131 164 164 164
P 46 131 165 165 165
P 47 131 165 165 165
P 48 131 165 165 165
P 49 131 165 165 165
P 50 131 166 166 166
P 51 131 166 166 166
P 52 131 166 166 166
P 53 131 166 166 166
P 54 131 167 167 167
P 55 131 167 167 167
P 56 131 167 167 167
P 57 131 167 167 167
P 58 131 168 168 168
P 59 131 168 168 168
P 60 131 168 168 168
P 61 131 168 168 168
P 62 131 169 169 169
P 63 131 169 169 169
P 64 131 169 169 169
P 65 131 169 169 169
P 66 131 170 170 170
P 67 131 170 170 170
P 68 131 170 170 170
P 69 131 170 170 170
P 70 131 171 171 171
P 71 131 171 171 171
P 72 131 171 171 171
P 73 131 171 171 171
P 74 131 172 172 172
P 75 131 172 172 172
P 76 131 172 172 172
P 77 131 172 172 172
P 78 131 173 173 173
P 79 131 173 173 173
P 80 131 173 173 173
P 81 131 173 173 173
P 82 131 174 174 174
P 83 131 174 174 174
P 84 131 174 174 174
P 85 131 174 174 174
P 86 131 175 175 175
P 87 131 175 175 175
P 88 131 175 175 175
P 89 131 175 175 175
P 90 131 176 176 176
P 91 131 176 176 176
P 92 131 176 176 176
P 93 131 176 176 176
P 94 131 177 177 177
P 95 131 177 177 177
P 96 131 177 177 177
P 97 131 177 177 177
P 98 131 178 178 178
P 99 131 178 178 178
P 100 131 178 178 178
P 101 131 178 178 178
P 102 131 179 179 179
P 103 131 179 179 179
P 104 131 179 179 179
P 105 131 179 179 179
P 106 131 180 180 180
P 107 131 180 180 180
P 108 131 180 180 180
P 109 131 180 180 180
P 110 131 181 181 181
P 111 131 181 181 181
P 112 131 181 181 181
P 113 131 181 181 181
P 114 131 182 182 182
P 115 131 182 182 182
P 116 131 182 182 182
P 117 131 182 182 182
P 118 131 183 183 183
P 119 131 183 183 183
P 120 131 183 183 183
P 121 131 183 183 183
P 122 131 184 184 184
P 123 131 184 184 184
P 124 131 184 184 184
P 125 131 184 184 184
P 126 131 185 185 185
P 127 131 185 185 185
P 128 131 185 185 185
P 129 131 185 185 185
P 130 131 186 186 186
P 131 131 186 186 186
P 132 131 186 186 186
P 133 131 186 186 186
P 134 131 187 187 187
P 135 131 187 187 187
P 136 131 187 187 187
P 137 131 187 187 187
P 138 131 188 188 188
P 139 131 188 188 188
P 140 131 188 188 188
P 141 131 188 188 188
P 142 131 189 189 189
P 143 131 189 189 189
P 144 131 189 189 189
P 145 131 189 189 189
P 146 131 190 190 190
P 147 131 190 190 190
P 148 131 190 190 190
P 149 131 190 190 190
P 150 131 191 191 191
P 151 131 191 191 191
P 152 131 191 191 191
P 153 131 191 191 191
P 154 131 192 192 192
P 155 131 192 192 192
P 156 131 192 192 192
P 157 131 192 192 192
P 158 131 193 193 193
P 159 131 193 193 193
P 160 131 193 193 193
P 161 131 193 193 193
P 162 131 194 194 194
P 163 131 194 194 194
P 164 131 194 194 194
P 165 131 194 194 194
P 166 131 195 195 195
P 167 131 195 195 195
P 168 131 195 195 195
P 169 131 195 195 195
P 170 131 196 196 196
P 171 131 196 196 196
P 172 131 196 196 196
P 173 131 196 196 196
P 174 131 197 197 197
P 175 131 197 197 197
P 176 131 197 197 197
P 177 131 197 197 197
P 178 131 198 198 198
P 179 131 198 198 198
P 180 131 198 198 198
P 181 131 198 198 198
P 182 131 199 199 199
P 183 131 199 199 199
P 184 131 199 199 199
P 185 131 199 199 199
P 186 131 200 200 200
P 187 131 200 200 200
P 188 131 200 200 200
P 189 131 200 200 200
P 190 131 201 201 201
P 191 131 201 201 201
P 192 131 201 201 201
P 193 131 201 201 201
P 25 132 160 160 160
P 26 132 160 160 160
P 27 132 160 160 160
P 28 132 160 160 160
P 29 132 161 161 161
P 30 132 161 161 161
P 31 132 161 161 161
P 32 132 161 161 161
P 33 132 162 162 162
P 34 132 162 162 162
P 35 132 162 162 162
P 36 132 162 162 162
P 37 132 163 163 163
P 38 132 163 163 163
P 39 132 163 163 163
P 40 132 163 163 163
P 41 132 164 164 164
P 42 132 164 164 164
P 43 132 164 164 164
P 44 132 164 164 164
P 45 132 165 165 165
P 46 132 165 165 165
P 47 132 165 165 165
P 48 132 165 165 165
P 49 132 166 166 166
P 50 132 166 166 166
P 51 132 166 166 166
P 52 132 166 166 166
P 53 132 167 167 167
P 54 132 167 167 167
P 55 132 167 167 167
P 56 132 167 167 167
P 57 132 168 168 168
P 58 132 168 168 168
P 59 132 168 168 168
P 60 132 168 168 168
P 61 132 169 169 169
P 62 132 169 169 169
P 63 132 169 169 169
P 64 132 169 169 169
P 65 132 170 170 170
P 66 132 170 170 170
P 67 132 170 170 170
P 68 132 170 170 170
P 69 132 171 171 171
P 70 132 171 171 171
P 71 132 171 171 171
P 72 132 171 171 171
P 73 132 172 172 172
P 74 132 172 172 172
P 75 132 172 172 172
P 76 132 172 172 172
P 77 132 173 173 173
P 78 132 173 173 173
P 79 132 173 173 173
P 80 132 173 173 173
P 81 132 174 174 174
P 82 132 174 174 174
P 83 132 174 174 174
P 84 132 174 174 174
P 85 132 175 175 175
P 86 132 175 175 175
P 87 132 175 175 175
P 88 132 175 175 175
P 89 132 176 176 176
P 90 132 176 176 176
P 91 132 176 176 176
P 92 132 176 176 176
P 93 132 177 177 177
P 94 132 177 177 177
P 95 132 177 177 177
P 96 132 177 177 177
P 97 132 178 178 178
P 98 132 178 178 178
P 99 132 178 178 178
P 100 132 178 178 178
P 101 132 179 179 179
P 102 132 179 179 179
P 103 132 179 179 179
P 104 132 179 179 179
P 105 132 180 180 180
P 106 132 180 180 180
P 107 132 180 180 180
P 108 132 180 180 180
P 109 132 181 181 181
P 110 132 181 181 181
P 111 132 181 181 181
P 112 132 181 181 181
P 113 132 182 182 182
P 114 132 182 182 182
P 115 132 182 182 182
P 116 132 182 182 182
P 117 132 183 183 183
P 118 132 183 183 183
P 119 132 183 183 183
P 120 132 183 183 183
P 121 132 184 184 184
P 122 132 184 184 184
P 123 132 184 184 184
P 124 132 184 184 184
P 125 132 185 185 185
P 126 132 185 185 185
P 127 132 185 185 185
P 128 132 185 185 185
P 129 132 186 186 186
P 130 132 186 186 186
P 131 132 186 186 186
P 132 132 186 186 186
P 133 132 187 187 187
P 134 132 187 187 187
P 135 132 187 187 187
P 136 132 187 187 187
P 137 132 188 188 188
P 138 132 188 188 188
P 139 132 188 188 188
P 140 132 188 188 188
P 141 132 189 189 189
P 142 132 189 189 189
P 143 132 189 189 189
P 144 132 189 189 189
P 145 132 190 190 190
P 146 132 190 190 190
P 147 132 190 190 190
P 148 132 190 190 190
P 149 132 191 191 191
P 150 132 191 191 191
P 151 132 191 191 191
P 152 132 191 191 191
P 153 132 192 192 192
P 154 132 192 192 192
P 155 132 192 192 192
P 156 132 192 192 192
P 157 132 193 193 193
P 158 132 193 193 193
P 159 132 193 193 193
P 160 132 193 193 193
P 161 132 194 194 194
P 162 132 194 194 194
P 163 132 194 194 194
P 164 132 194 194 194
P 165 132 195 195 195
P 166 132 195 195 195
P 167 132 195 195 195
P 168 132 195 195 195
P 169 132 196 196 196
P 170 132 196 196 196
P 171 132 196 196 196
P 172 132 196 196 196
P 173 132 197 197 197
P 174 132 197 197 197
P 175 132 197 197 197
P 176 132 197 197 197
P 177 132 198 198 198
P 178 132 198 198 198
P 179 132 198 198 198
P 180 132 198 198 198
P 181 132 199 199 199
P 182 132 199 199 199
P 183 132 199 199 199
P 184 132 199 199 199
P 185 132 200 200 200
P 186 132 200 200 200
P 187 132 200 200 200
P 188 132 200 200 200
P 189 132 201 201 201
P 190 132 201 201 201
P 191 132 201 201 201
P 28 133 161 161 161
P 29 133 161 161 161
P 30 133 161 161 161
P 31 133 161 161 161
P 32 133 162 162 162
P 33 133 162 162 162
P 34 133 162 162 162
P 35 133 162 162 162
P 36 133 163 163 163
P 37 133 163 163 163
P 38 133 163 163 163
P 39 133 163 163 163
P 40 133 164 164 164
P 41 133 164 164 164
P 42 133 164 164 164
P 43 133 164 164 164
P 44 133 165 165 165
P 45 133 165 165 165
P 46 133 165 165 165
P 47 133 165 165 165
P 48 133 166 166 166
P 49 133 166 166 166
P 50 133 166 166 166
P 51 133 166 166 166
P 52 133 167 167 167
P 53 133 167 167 167
P 54 133 167 167 167
P 55 133 167 167 167
P 56 133 168 168 168
P 57 133 168 168 168
P 58 133 168 168 168
P 59 133 168 168 168
P 60 133 169 169 169
P 61 133 169 169 169
P 62 133 169 169 169
P 63 133 169 169 169
P 64 133 170 170 170
P 65 133 170 170 170
P 66 133 170 170 170
P 67 133 170 170 170
P 68 133 171 171 171
P 69 133 171 171 171
P 70 133 171 171 171
P 71 133 171 171 171
P 72 133 172 172 172
P 73 133 172 172 172
P 74 133 172 172 172
P 75 133 172 172 172
P 76 133 173 173 173
P 77 133 173 173 173
P 78 133 173 173 173
P 79 133 173 173 173
P 80 133 174 174 174
P 81 133 174 174 174
P 82 133 174 174 174
P 83 133 174 174 174
P 84 133 175 175 175
P 85 133 175 175 175
P 86 133 175 175 175
P 87 133 175 175 175
P 88 133 176 176 176
P 89 133 176 176 176
P 90 133 176 176 176
P 91 133 176 176 176
P 92 133 177 177 177
P 93 133 177 177 177
P 94 133 177 177 177
P 95 133 177 177 177
P 96 133 178 178 178
P 97 133 178 178 178
P 98 133 178 178 178
P 99 133 178 178 178
P 100 133 179 179 179
P 101 133 179 179 179
P 102 133 179 179 179
P 103 133 179 179 179
P 104 133 180 180 180
P 105 133 180 180 180
P 106 133 180 180 180
P 107 133 180 180 180
P 108 133 181 181 181
P 109 133 181 181 181
P 110 133 181 181 181
P 111 133 181 181 181
P 112 133 182 182 182
P 113 133 182 182 182
P 114 133 182 182 182
P 115 133 182 182 182
P 116 133 183 183 183
P 117 133 183 183 183
P 118 133 183 183 183
P 119 133 183 183 183
P 120 133 184 184 184
P 121 133 184 184 184
P 122 133 184 184 184
P 123 133 184 184 184
P 124 133 185 185 185
P 125 133 185 185 185
P 126 133 185 185 185
P 127 133 185 185 185
P 128 133 186 186 186
P 129 133 186 186 186
P 130 133 186 186 186
P 131 133 186 186 186
P 132 133 187 187 187
P 133 133 187 187 187
P 134 133 187 187 187
P 135 133 187 187 187
P 136 133 188 188 188
P 137 133 188 188 188
P 138 133 188 188 188
P 139 133 188 188 188
P 140 133 189 189 189
P 141 133 189 189 189
P 142 133 189 189 189
P 143 133 189 189 189
P 144 133 190 190 190
P 145 133 190 190 190
P 146 133 190 190 190
P 147 133 190 190 190
P 148 133 191 191 191
P 149 133 191 191 191
P 150 133 191 191 191
P 151 133 191 191 191
P 152 133 192 192 192
P 153 133 192 192 192
P 154 133 192 192 192
P 155 133 192 192 192
P 156 133 193 193 193
P 157 133 193 193 193
P 158 133 193 193 193
P 159 133 193 193 193
P 160 133 194 194 194
P 161 133 194 194 194
P 162 133 194 194 194
P 163 133 194 194 194
P 164 133 195 195 195
P 165 133 195 195 195
P 166 133 195 195 195
P 167 133 195 195 195
P 168 133 196 196 196
P 169 133 196 196 196
P 170 133 196 196 196
P 171 133 196 196 196
P 172 133 197 197 197
P 173 133 197 197 197
P 174 133 197 197 197
P 175 133 197 197 197
P 176 133 198 198 198
P 177 133 198 198 198
P 178 133 198 198 198
P 179 133 198 198 198
P 180 133 199 199 199
P 181 133 199 199 199
P 182 133 199 199 199
P 183 133 199 199 199
P 184 133 200 200 200
P 185 133 200 200 200
P 186 133 200 200 200
P 187 133 200 200 200
P 188 133 201 201 201
P 189 133 201 201 201
P 190 133 201 201 201
P 31 134 162 162 162
P 32 134 162 162 162
P 33 134 162 162 162
P 34 134 162 162 162
P 35 134 163 163 163
P 36 134 163 163 163
P 37 134 163 163 163
P 38 134 163 163 163
P 39 134 164 164 164
P 40 134 164 164 164
P 41 134 164 164 164
P 42 134 164 164 164
P 43 134 165 165 165
P 44 134 165 165 165
P 45 134 165 165 165
P 46 134 165 165 165
P 47 134 166 166 166
P 48 134 166 166 166
P 49 134 166 166 166
P 50 134 166 166 166
P 51 134 167 167 167
P 52 134 167 167 167
P 53 134 167 167 167
P 54 134 167 167 167
P 55 134 168 168 168
P 56 134 168 168 168
P 57 134 168 168 168
P 58 134 168 168 168
P 59 134 169 169 169
P 60 134 169 169 169
P 61 134 169 169 169
P 62 134 169 169 169
P 63 134 170 170 170
P 64 134 170 170 170
P 65 134 170 170 170
P 66 134 170 170 170
P 67 134 171 171 171
P 68 134 171 171 171
P 69 134 171 171 171
P 70 134 171 171 171
P 71 134 172 172 172
P 72 134 172 172 172
P 73 134 172 172 172
P 74 134 172 172 172
P 75 134 173 173 173
P 76 134 173 173 173
P 77 134 173 173 173
P 78 134 173 173 173
P 79 134 174 174 174
P 80 134 174 174 174
P 81 134 174 174 174
P 82 134 174 174 174
P 83 134 175 175 175
P 84 134 175 175 175
P 85 134 175 175 175
P 86 134 175 175 175
P 87 134 176 176 176
P 88 134 176 176 176
P 89 134 176 176 176
P 90 134 176 176 176
P 91 134 177 177 177
P 92 134 177 177 177
P 93 134 177 177 177
P 94 134 177 177 177
P 95 134 178 178 178
P 96 134 178 178 178
P 97 134 178 178 178
P 98 134 178 178 178
P 99 134 179 179 179
P 100 134 179 179 179
P 101 134 179 179 179
P 102 134 179 179 179
P 103 134 180 180 180
P 104 134 180 180 180
P 105 134 180 180 180
P 106 134 180 180 180
P 107 134 181 181 181
P 108 134 181 181 181
P 109 134 181 181 181
P 110 134 181 181 181
P 111 134 182 182 182
P 112 134 182 182 182
P 113 134 182 182 182
P 114 134 182 182 182
P 115 134 183 183 183
P 116 134 183 183 183
P 117 134 183 183 183
P 118 134 183 183 183
P 119 134 184 184 184
P 120 134 184 184 184
P 121 134 184 184 184
P 122 134 184 184 184
P 123 134 185 185 185
P 124 134 185 185 185
P 125 134 185 185 185
P 126 134 185 185 185
P 127 134 186 186 186
P 128 134 186 186 186
P 129 134 186 186 186
P 130 134 186 186 186
P 131 134 187 187 187
P 132 134 187 187 187
P 133 134 187 187 187
P 134 134 187 187 187
P 135 134 188 188 188
P 136 134 188 188 188
P 137 134 188 188 188
P 138 134 188 188 188
P 139 134 189 189 189
P 140 134 189 189 189
P 141 134 189 189 189
P 142 134 189 189 189
P 143 134 190 190 190
P 144 134 190 190 190
P 145 134 190 190 190
P 146 134 190 190 190
P 147 134 191 191 191
P 148 134 191 191 191
P 149 134 191 191 191
P 150 134 191 191 191
P 151 134 192 192 192
P 152 134 192 192 192
P 153 134 192 192 192
P 154 134 192 192 192
P 155 134 193 193 193
P 156 134 193 193 193
P 157 134 193 193 193
P 158 134 193 193 193
P 159 134 194 194 194
P 160 134 194 194 194
P 161 134 194 194 194
P 162 134 194 194 194
P 163 134 195 195 195
P 164 134 195 195 195
P 165 134 195 195 195
P 166 134 195 195 195
P 167 134 196 196 196
P 168 134 196 196 196
P 169 134 196 196 196
P 170 134 196 196 196
P 171 134 197 197 197
P 172 134 197 197 197
P 173 134 197 197 197
P 174 134 197 197 197
P 175 134 198 198 198
P 176 134 198 198 198
P 177 134 198 198 198
P 178 134 198 198 198
P 179 134 199 199 199
P 180 134 199 199 199
P 181 134 199 199 199
P 182 134 199 199 199
P 183 134 200 200 200
P 184 134 200 200 200
P 185 134 200 200 200
P 186 134 200 200 200
P 187 134 201 201 201
P 188 134 201 201 201
P 189 134 201 201 201
P 34 135 163 163 163
P 35 135 163 163 163
P 36 135 163 163 163
P 37 135 163 163 163
P 38 135 164 164 164
P 39 135 164 164 164
P 40 135 164 164 164
P 41 135 164 164 164
P 42 135 165 165 165
P 43 135 165 165 165
P 44 135 165 165 165
P 45 135 165 165 165
P 46 135 166 166 166
P 47 135 166 166 166
P 48 135 166 166 166
P 49 135 166 166 166
P 50 135 167 167 167
P 51 135 167 167 167
P 52 135 167 167 167
P 53 135 167 167 167
P 54 135 168 168 168
P 55 135 168 168 168
P 56 135 168 168 168
P 57 135 168 168 168
P 58 135 169 169 169
P 59 135 169 169 169
P 60 135 169 169 169
P 61 135 169 169 169
P 62 135 170 170 170
P 63 135 170 170 170
P 64 135 170 170 170
P 65 135 170 170 170
P 66 135 171 171 171
P 67 135 171 171 171
P 68 135 171 171 171
P 69 135 171 171 171
P 70 135 172 172 172
P 71 135 172 172 172
P 72 135 172 172 172
P 73 135 172 172 172
P 74 135 173 173 173
P 75 135 173 173 173
P 76 135 173 173 173
P 77 135 173 173 173
P 78 135 174 174 174
P 79 135 174 174 174
P 80 135 174 174 174
P 81 135 174 174 174
P 82 135 175 175 175
P 83 135 175 175 175
P 84 135 175 175 175
P 85 135 175 175 175
P 86 135 176 176 176
P 87 135 176 176 176
P 88 135 176 176 176
P 89 135 176 176 176
P 90 135 177 177 177
P 91 135 177 177 177
P 92 135 177 177 177
P 93 135 177 177 177
P 94 135 178 178 178
P 95 135 178 178 178
P 96 135 178 178 178
P 97 135 178 178 178
P 98 135 179 179 179
P 99 135 179 179 179
P 100 135 179 179 179
P 101 135 179 179 179
P 102 135 180 180 180
P 103 135 180 180 180
P 104 135 180 180 180
P 105 135 180 180 180
P 106 135 181 181 181
P 107 135 181 181 181
P 108 135 181 181 181
P 109 135 181 181 181
P 110 135 182 182 182
P 111 135 182 182 182
P 112 135 182 182 182
P 113 135 182 182 182
P 114 135 183 183 183
P 115 135 183 183 183
P 116 135 183 183 183
P 117 135 183 183 183
P 118 135 184 184 184
P 119 135 184 184 184
P 120 135 184 184 184
P 121 135 184 184 184
P 122 135 185 185 185
P 123 135 185 185 185
P 124 135 185 185 185
P 125 135 185 185 185
P 126 135 186 186 186
P 127 135 186 186 186
P 128 135 186 186 186
P 129 135 186 186 186
P 130 135 187 187 187
P 131 135 187 187 187
P 132 135 187 187 187
P 133 135 187 187 187
P 134 135 188 188 188
P 135 135 188 188 188
P 136 135 188 188 188
P 137 135 188 188 188
P 138 135 189 189 189
P 139 135 189 189 189
P 140 135 189 189 189
P 141 135 189 189 189
P 142 135 190 190 190
P 143 135 190 190 190
P 144 135 190 190 190
P 145 135 190 190 190
P 146 135 191 191 191
P 147 135 191 191 191
P 148 135 191 191 191
P 149 135 191 191 191
P 150 135 192 192 192
P 151 135 192 192 192
P 152 135 192 192 192
P 153 135 192 192 192
P 154 135 193 193 193
P 155 135 193 193 193
P 156 135 193 193 193
P 157 135 193 193 193
P 158 135 194 194 194
P 159 135 194 194 194
P 160 135 194 194 194
P 161 135 194 194 194
P 162 135 195 195 195
P 163 135 195 195 195
P 164 135 195 195 195
P 165 135 195 195 195
P 166 135 196 196 196
P 167 135 196 196 196
P 168 135 196 196 196
P 169 135 196 196 196
P 170 135 197 197 197
P 171 135 197 197 197
P 172 135 197 197 197
P 173 135 197 197 197
P 174 135 198 198 198
P 175 135 198 198 198
P 176 135 198 198 198
P 177 135 198 198 198
P 178 135 199 199 199
P 179 135 199 199 199
P 180 135 199 199 199
P 181 135 199 199 199
P 182 135 200 200 200
P 183 135 200 200 200
P 184 135 200 200 200
P 185 135 200 200 200
P 186 135 201 201 201
P 187 135 201 201 201
P 188 135 201 201 201
P 37 136 164 164 164
P 38 136 164 164 164
P 39 136 164 164 164
P 40 136 164 164 164
P 41 136 165 165 165
P 42 136 165 165 165
P 43 136 165 165 165
P 44 136 165 165 165
P 45 136 166 166 166
P 46 136 166 166 166
P 47 136 166 166 166
P 48 136 166 166 166
P 49 136 167 167 167
P 50 136 167 167 167
P 51 136 167 167 167
P 52 136 167 167 167
P 53 136 168 168 168
P 54 136 168 168 168
P 55 136 168 168 168
P 56 136 168 168 168
P 57 136 169 169 169
P 58 136 169 169 169
P 59 136 169 169 169
P 60 136 169 169 169
P 61 136 170 170 170
P 62 136 170 170 170
P 63 136 170 170 170
P 64 136 170 170 170
P 65 136 171 171 171
P 66 136 171 171 171
P 67 136 171 171 171
P 68 136 171 171 171
P 69 136 172 172 172
P 70 136 172 172 172
P 71 136 172 172 172
P 72 136 172 172 172
P 73 136 173 173 173
P 74 136 173 173 173
P 75 136 173 173 173
P 76 136 173 173 173
P 77 136 174 174 174
P 78 136 174 174 174
P 79 136 174 174 174
P 80 136 174 174 174
P 81 136 175 175 175
P 82 136 175 175 175
P 83 136 175 175 175
P 84 136 175 175 175
P 85 136 176 176 176
P 86 136 176 176 176
P 87 136 176 176 176
P 88 136 176 176 176
P 89 136 177 177 177
P 90 136 177 177 177
P 91 136 177 177 177
P 92 136 177 177 177
P 93 136 178 178 178
P 94 136 178 178 178
P 95 136 178 178 178
P 96 136 178 178 178
P 97 136 179 179 179
P 98 136 179 179 179
P 99 136 179 179 179
P 100 136 179 179 179
P 101 136 180 180 180
P 102 136 180 180 180
P 103 136 180 180 180
P 104 136 180 180 180
P 105 136 181 181 181
P 106 136 181 181 181
P 107 136 181 181 181
P 108 136 181 181 181
P 109 136 182 182 182
P 110 136 182 182 182
P 111 136 182 182 182
P 112 136 182 182 182
P 113 136 183 183 183
P 114 136 183 183 183
P 115 136 183 183 183
P 116 136 183 183 183
P 117 136 184 184 184
P 118 136 184 184 184
P 119 136 184 184 184
P 120 136 184 184 184
P 121 136 185 185 185
P 122 136 185 185 185
P 123 136 185 185 185
P 124 136 185 185 185
P 125 136 186 186 186
P 126 136 186 186 186
P 127 136 186 186 186
P 128 136 186 186 186
P 129 136 187 187 187
P 130 136 187 187 187
P 131 136 187 187 187
P 132 136 187 187 187
P 133 136 188 188 188
P 134 136 188 188 188
P 135 136 188 188 188
P 136 136 188 188 188
P 137 136 189 189 189
P 138 136 189 189 189
P 139 136 189 189 189
P 140 136 189 189 189
P 141 136 190 190 190
P 142 136 190 190 190
P 143 136 190 190 190
P 144 136 190 190 190
P 145 136 191 191 191
P 146 136 191 191 191
P 147 136 191 191 191
P 148 136 191 191 191
P 149 136 192 192 192
P 150 136 192 192 192
P 151 136 192 192 192
P 152 136 192 192 192
P 153 136 193 193 193
P 154 136 193 193 193
P 155 136 193 193 193
P 156 136 193 193 193
P 157 136 194 194 194
P 158 136 194 194 194
P 159 136 194 194 194
P 160 136 194 194 194
P 161 136 195 195 195
P 162 136 195 195 195
P 163 136 195 195 195
P 164 136 195 195 195
P 165 136 196 196 196
P 166 136 196 196 196
P 167 136 196 196 196
P 168 136 196 196 196
P 169 136 197 197 197
P 170 136 197 197 197
P 171 136 197 197 197
P 172 136 197 197 197
P 173 136 198 198 198
P 174 136 198 198 198
P 175 136 198 198 198
P 176 136 198 198 198
P 177 136 199 199 199
P 178 136 199 199 199
P 179 136 199 199 199
P 180 136 199 199 199
P 181 136 200 200 200
P 182 136 200 200 200
P 183 136 200 200 200
P 184 136 200 200 200
P 185 136 201 201 201
P 186 136 201 201 201
P 187 136 201 201 201
P 40 137 165 165 165
P 41 137 165 165 165
P 42 137 165 165 165
P 43 137 165 165 165
P 44 137 166 166 166
P 45 137 166 166 166
P 46 137 166 166 166
P 47 137 166 166 166
P 48 137 167 167 167
P 49 137 167 167 167
P 50 137 167 167 167
P 51 137 167 167 167
P 52 137 168 168 168
P 53 137 168 168 168
P 54 137 168 168 168
P 55 137 168 168 168
P 56 137 169 169 169
P 57 137 169 169 169
P 58 137 169 169 169
P 59 137 169 169 169
P 60 137 170 170 170
P 61 137 170 170 170
P 62 137 170 170 170
P 63 137 170 170 170
P 64 137 171 171 171
P 65 137 171 171 171
P 66 137 171 171 171
P 67 137 171 171 171
P 68 137 172 172 172
P 69 137 172 172 172
P 70 137 172 172 172
P 71 137 172 172 172
P 72 137 173 173 173
P 73 137 173 173 173
P 74 137 173 173 173
P 75 137 173 173 173
P 76 137 174 174 174
P 77 137 174 174 174
P 78 137 174 174 174
P 79 137 174 174 174
P 80 137 175 175 175
P 81 137 175 175 175
P 82 137 175 175 175
P 83 137 175 175 175
P 84 137 176 176 176
P 85 137 176 176 176
P 86 137 176 176 176
P 87 137 176 176 176
P 88 137 177 177 177
P 89 137 177 177 177
P 90 137 177 177 177
P 91 137 177 177 177
P 92 137 178 178 178
P 93 137 178 178 178
P 94 137 178 178 178
P 95 137 178 178 178
P 96 137 179 179 179
P 97 137 179 179 179
P 98 137 179 179 179
P 99 137 179 179 179
P 100 137 180 180 180
P 101 137 180 180 180
P 102 137 180 180 180
P 103 137 180 180 180
P 104 137 181 181 181
P 105 137 181 181 181
P 106 137 181 181 181
P 107 137 181 181 181
P 108 137 182 182 182
P 109 137 182 182 182
P 110 137 182 182 182
P 111 137 182 182 182
P 112 137 183 183 183
P 113 137 183 183 183
P 114 137 183 183 183
P 115 137 183 183 183
P 116 137 184 184 184
P 117 137 184 184 184
P 118 137 184 184 184
P 119 137 184 184 184
P 120 137 185 185 185
P 121 137 185 185 185
P 122 137 185 185 185
P 123 137 185 185 185
P 124 137 186 186 186
P 125 137 186 186 186
P 126 137 186 186 186
P 127 137 186 186 186
P 128 137 187 187 187
P 129 137 187 187 187
P 130 137 187 187 187
P 131 137 187 187 187
P 132 137 188 188 188
P 133 137 188 188 188
P 134 137 188 188 188
P 135 137 188 188 188
P 136 137 189 189 189
P 137 137 189 189 189
P 138 137 189 189 189
P 139 137 189 189 189
P 140 137 190 190 190
P 141 137 190 190 190
P 142 137 190 190 190
P 143 137 190 190 190
P 144 137 191 191 191
P 145 137 191 191 191
P 146 137 191 191 191
P 147 137 191 191 191
P 148 137 192 192 192
P 149 137 192 192 192
P 150 137 192 192 192
P 151 137 192 192 192
P 152 137 193 193 193
P 153 137 193 193 193
P 154 137 193 193 193
P 155 137 193 193 193
P 156 137 194 194 194
P 157 137 194 194 194
P 158 137 194 194 194
P 159 137 194 194 194
P 160 137 195 195 195
P 161 137 195 195 195
P 162 137 195 195 195
P 163 137 195 195 195
P 164 137 196 196 196
P 165 137 196 196 196
P 166 137 196 196 196
P 167 137 196 196 196
P 168 137 197 197 197
P 169 137 197 197 197
P 170 137 197 197 197
P 171 137 197 197 197
P 172 137 198 198 198
P 173 137 198 198 198
P 174 137 198 198 198
P 175 137 198 198 198
P 176 137 199 199 199
P 177 137 199 199 199
P 178 137 199 199 199
P 179 137 199 199 199
P 180 137 200 200 200
P 181 137 200 200 200
P 182 137 200 200 200
P 183 137 200 200 200
P 184 137 201 201 201
P 185 137 201 201 201
P 43 138 166 166 166
P 44 138 166 166 166
P 45 138 166 166 166
P 46 138 166 166 166
P 47 138 167 167 167
P 48 138 167 167 167
P 49 138 167 167 167
P 50 138 167 167 167
P 51 138 168 168 168
P 52 138 168 168 168
P 53 138 168 168 168
P 54 138 168 168 168
P 55 138 169 169 169
P 56 138 169 169 169
P 57 138 169 169 169
P 58 138 169 169 169
P 59 138 170 170 170
P 60 138 170 170 170
P 61 138 170 170 170
P 62 138 170 170 170
P 63 138 171 171 171
P 64 138 171 171 171
P 65 138 171 171 171
P 66 138 171 171 171
P 67 138 172 172 172
P 68 138 172 172 172
P 69 138 172 172 172
P 70 138 172 172 172
P 71 138 173 173 173
P 72 138 173 173 173
P 73 138 173 173 173
P 74 138 173 173 173
P 75 138 174 174 174
P 76 138 174 174 174
P 77 138 174 174 174
P 78 138 174 174 174
P 79 138 175 175 175
P 80 138 175 175 175
P 81 138 175 175 175
P 82 138 175 175 175
P 83 138 176 176 176
P 84 138 176 176 176
P 85 138 176 176 176
P 86 138 176 176 176
P 87 138 177 177 177
P 88 138 177 177 177
P 89 138 177 177 177
P 90 138 177 177 177
P 91 138 178 178 178
P 92 138 178 178 178
P 93 138 178 178 178
P 94 138 178 178 178
P 95 138 179 179 179
P 96 138 179 179 179
P 97 138 179 179 179
P 98 138 179 179 179
P 99 138 180 180 180
P 100 138 180 180 180
P 101 138 180 180 180
P 102 138 180 180 180
P 103 138 181 181 181
P 104 138 181 181 181
P 105 138 181 181 181
P 106 138 181 181 181
P 107 138 182 182 182
P 108 138 182 182 182
P 109 138 182 182 182
P 110 138 182 182 182
P 111 138 183 183 183
P 112 138 183 183 183
P 113 138 183 183 183
P 114 138 183 183 183
P 115 138 184 184 184
P 116 138 184 184 184
P 117 138 184 184 184
P 118 138 184 184 184
P 119 138 185 185 185
P 120 138 185 185 185
P 121 138 185 185 185
P 122 138 185 185 185
P 123 138 186 186 186
P 124 138 186 186 186
P 125 138 186 186 186
P 126 138 186 186 186
P 127 138 187 187 187
P 128 138 187 187 187
P 129 138 187 187 187
P 130 138 187 187 187
P 131 138 188 188 188
P 132 138 188 188 188
P 133 138 188 188 188
P 134 138 188 188 188
P 135 138 189 189 189
P 136 138 189 189 189
P 137 138 189 189 189
P 138 138 189 189 189
P 139 138 190 190 190
P 140 138 190 190 190
P 141 138 190 190 190
P 142 138 190 190 190
P 143 138 191 191 191
P 144 138 191 191 191
P 145 138 191 191 191
P 146 138 191 191 191
P 147 138 192 192 192
P 148 138 192 192 192
P 149 138 192 192 192
P 150 138 192 192 192
P 151 138 193 193 193
P 152 138 193 193 193
P 153 138 193 193 193
P 154 138 193 193 193
P 155 138 194 194 194
P 156 138 194 194 194
P 157 138 194 194 194
P 158 138 194 194 194
P 159 138 195 195 195
P 160 138 195 195 195
P 161 138 195 195 195
P 162 138 195 195 195
P 163 138 196 196 196
P 164 138 196 196 196
P 165 138 196 196 196
P 166 138 196 196 196
P 167 138 197 197 197
P 168 138 197 197 197
P 169 138 197 197 197
P 170 138 197 197 197
P 171 138 198 198 198
P 172 138 198 198 198
P 173 138 198 198 198
P 174 138 198 198 198
P 175 138 199 199 199
P 176 138 199 199 199
P 177 138 199 199 199
P 178 138 199 199 199
P 179 138 200 200 200
P 180 138 200 200 200
P 181 138 200 200 200
P 182 138 200 200 200
P 183 138 201 201 201
P 184 138 201 201 201
P 46 139 167 167 167
P 47 139 167 167 167
P 48 139 167 167 167
P 49 139 167 167 167
P 50 139 168 168 168
P 51 139 168 168 168
P 52 139 168 168 168
P 53 139 168 168 168
P 54 139 169 169 169
P 55 139 169 169 169
P 56 139 169 169 169
P 57 139 169 169 169
P 58 139 170 170 170
P 59 139 170 170 170
P 60 139 170 170 170
P 61 139 170 170 170
P 62 139 171 171 171
P 63 139 171 171 171
P 64 139 171 171 171
P 65 139 171 171 171
P 66 139 172 172 172
P 67 139 172 172 172
P 68 139 172 172 172
P 69 139 172 172 172
P 70 139 173 173 173
P 71 139 173 173 173
P 72 139 173 173 173
P 73 139 173 173 173
P 74 139 174 174 174
P 75 139 174 174 174
P 76 139 174 174 174
P 77 139 174 174 174
P 78 139 175 175 175
P 79 139 175 175 175
P 80 139 175 175 175
P 81 139 175 175 175
P 82 139 176 176 176
P 83 139 176 176 176
P 84 139 176 176 176
P 85 139 176 176 176
P 86 139 177 177 177
P 87 139 177 177 177
P 88 139 177 177 177
P 89 139 177 177 177
P 90 139 178 178 178
P 91 139 178 178 178
P 92 139 178 178 178
P 93 139 178 178 178
P 94 139 179 179 179
P 95 139 179 179 179
P 96 139 179 179 179
P 97 139 179 179 179
P 98 139 180 180 180
P 99 139 180 180 180
P 100 139 180 180 180
P 101 139 180 180 180
P 102 139 181 181 181
P 103 139 181 181 181
P 104 139 181 181 181
P 105 139 181 181 181
P 106 139 182 182 182
P 107 139 182 182 182
P 108 139 182 182 182
P 109 139 182 182 182
P 110 139 183 183 183
P 111 139 183 183 183
P 112 139 183 183 183
P 113 139 183 183 183
P 114 139 184 184 184
P 115 139 184 184 184
P 116 139 184 184 184
P 117 139 184 184 184
P 118 139 185 185 185
P 119 139 185 185 185
P 120 139 185 185 185
P 121 139 185 185 185
P 122 139 186 186 186
P 123 139 186 186 186
P 124 139 186 186 186
P 125 139 186 186 186
P 126 139 187 187 187
P 127 139 187 187 187
P 128 139 187 187 187
P 129 139 187 187 187
P 130 139 188 188 188
P 131 139 188 188 188
P 132 139 188 188 188
P 133 139 188 188 188
P 134 139 189 189 189
P 135 139 189 189 189
P 136 139 189 189 189
P 137 139 189 189 189
P 138 139 190 190 190
P 139 139 190 190 190
P 140 139 190 190 190
P 141 139 190 190 190
P 142 139 191 191 191
P 143 139 191 191 191
P 144 139 191 191 191
P 145 139 191 191 191
P 146 139 192 192 192
P 147 139 192 192 192
P 148 139 192 192 192
P 149 139 192 192 192
P 150 139 193 193 193
P 151 139 193 193 193
P 152 139 193 193 193
P 153 139 193 193 193
P 154 139 194 194 194
P 155 139 194 194 194
P 156 139 194 194 194
P 157 139 194 194 194
P 158 139 195 195 195
P 159 139 195 195 195
P 160 139 195 195 195
P 161 139 195 195 195
P 162 139 196 196 196
P 163 139 196 196 196
P 164 139 196 196 196
P 165 139 196 196 196
P 166 139 197 197 197
P 167 139 197 197 197
P 168 139 197 197 197
P 169 139 197 197 197
P 170 139 198 198 198
P 171 139 198 198 198
P 172 139 198 198 198
P 173 139 198 198 198
P 174 139 199 199 199
P 175 139 199 199 199
P 176 139 199 199 199
P 177 139 199 199 199
P 178 139 200 200 200
P 179 139 200 200 200
P 180 139 200 200 200
P 181 139 200 200 200
P 182 139 201 201 201
P 183 139 201 201 201
P 49 140 168 168 168
P 50 140 168 168 168
P 51 140 168 168 168
P 52 140 168 168 168
P 53 140 169 169 169
P 54 140 169 169 169
P 55 140 169 169 169
P 56 140 169 169 169
P 57 140 170 170 170
P 58 140 170 170 170
P 59 140 170 170 170
P 60 140 170 170 170
P 61 140 171 171 171
P 62 140 171 171 171
P 63 140 171 171 171
P 64 140 171 171 171
P 65 140 172 172 172
P 66 140 172 172 172
P 67 140 172 172 172
P 68 140 172 172 172
P 69 140 173 173 173
P 70 140 173 173 173
P 71 140 173 173 173
P 72 140 173 173 173
P 73 140 174 174 174
P 74 140 174 174 174
P 75 140 174 174 174
P 76 140 174 174 174
P 77 140 175 175 175
P 78 140 175 175 175
P 79 140 175 175 175
P 80 140 175 175 175
P 81 140 176 176 176
P 82 140 176 176 176
P 83 140 176 176 176
P 84 140 176 176 176
P 85 140 177 177 177
P 86 140 177 177 177
P 87 140 177 177 177
P 88 140 177 177 177
P 89 140 178 178 178
P 90 140 178 178 178
P 91 140 178 178 178
P 92 140 178 178 178
P 93 140 179 179 179
P 94 140 179 179 179
P 95 140 179 179 179
P 96 140 179 179 179
P 97 140 180 180 180
P 98 140 180 180 180
P 99 140 180 180 180
P 100 140 180 180 180
P 101 140 181 181 181
P 102 140 181 181 181
P 103 140 181 181 181
P 104 140 181 181 181
P 105 140 182 182 182
P 106 140 182 182 182
P 107 140 182 182 182
P 108 140 182 182 182
P 109 140 183 183 183
P 110 140 183 183 183
P 111 140 183 183 183
P 112 140 183 183 183
P 113 140 184 184 184
P 114 140 184 184 184
P 115 140 184 184 184
P 116 140 184 184 184
P 117 140 185 185 185
P 118 140 185 185 185
P 119 140 185 185 185
P 120 140 185 185 185
P 121 140 186 186 186
P 122 140 186 186 186
P 123 140 186 186 186
P 124 140 186 186 186
P 125 140 187 187 187
P 126 140 187 187 187
P 127 140 187 187 187
P 128 140 187 187 187
P 129 140 188 188 188
P 130 140 188 188 188
P 131 140 188 188 188
P 132 140 188 188 188
P 133 140 189 189 189
P 134 140 189 189 189
P 135 140 189 189 189
P 136 140 189 189 189
P 137 140 190 190 190
P 138 140 190 190 190
P 139 140 190 190 190
P 140 140 190 190 190
P 141 140 191 191 191
P 142 140 191 191 191
P 143 140 191 191 191
P 144 140 191 191 191
P 145 140 192 192 192
P 146 140 192 192 192
P 147 140 192 192 192
P 148 140 192 192 192
P 149 140 193 193 193
P 150 140 193 193 193
P 151 140 193 193 193
P 152 140 193 193 193
P 153 140 194 194 194
P 154 140 194 194 194
P 155 140 194 194 194
P 156 140 194 194 194
P 157 140 195 195 195
P 158 140 195 195 195
P 159 140 195 195 195
P 160 140 195 195 195
P 161 140 196 196 196
P 162 140 196 196 196
P 163 140 196 196 196
P 164 140 196 196 196
P 165 140 197 197 197
P 166 140 197 197 197
P 167 140 197 197 197
P 168 140 197 197 197
P 169 140 198 198 198
P 170 140 198 198 198
P 171 140 198 198 198
P 172 140 198 198 198
P 173 140 199 199 199
P 174 140 199 199 199
P 175 140 199 199 199
P 176 140 199 199 199
P 177 140 200 200 200
P 178 140 200 200 200
P 179 140 200 200 200
P 180 140 200 200 200
P 181 140 201 201 201
P 182 140 201 201 201
P 52 141 169 169 169
P 53 141 169 169 169
P 54 141 169 169 169
P 55 141 169 169 169
P 56 141 170 170 170
P 57 141 170 170 170
P 58 141 170 170 170
P 59 141 170 170 170
P 60 141 171 171 171
P 61 141 171 171 171
P 62 141 171 171 171
P 63 141 171 171 171
P 64 141 172 172 172
P 65 141 172 172 172
P 66 141 172 172 172
P 67 141 172 172 172
P 68 141 173 173 173
P 69 141 173 173 173
P 70 141 173 173 173
P 71 141 173 173 173
P 72 141 174 174 174
P 73 141 174 174 174
P 74 141 174 174 174
P 75 141 174 174 174
P 76 141 175 175 175
P 77 141 175 175 175
P 78 141 175 175 175
P 79 141 175 175 175
P 80 141 176 176 176
P 81 141 176 176 176
P 82 141 176 176 176
P 83 141 176 176 176
P 84 141 177 177 177
P 85 141 177 177 177
P 86 141 177 177 177
P 87 141 177 177 177
P 88 141 178 178 178
P 89 141 178 178 178
P 90 141 178 178 178
P 91 141 178 178 178
P 92 141 179 179 179
P 93 141 179 179 179
P 94 141 179 179 179
P 95 141 179 179 179
P 96 141 180 180 180
P 97 141 180 180 180
P 98 141 180 180 180
P 99 141 180 180 180
P 100 141 181 181 181
P 101 141 181 181 181
P 102 141 181 181 181
P 103 141 181 181 181
P 104 141 182 182 182
P 105 141 182 182 182
P 106 141 182 182 182
P 107 141 182 182 182
P 108 141 183 183 183
P 109 141 183 183 183
P 110 141 183 183 183
P 111 141 183 183 183
P 112 141 184 184 184
P 113 141 184 184 184
P 114 141 184 184 184
P 115 141 184 184 184
P 116 141 185 185 185
P 117 141 185 185 185
P 118 141 185 185 185
P 119 141 185 185 185
P 120 141 186 186 186
P 121 141 186 186 186
P 122 141 186 186 186
P 123 141 186 186 186
P 124 141 187 187 187
P 125 141 187 187 187
P 126 141 187 187 187
P 127 141 187 187 187
P 128 141 188 188 188
P 129 141 188 188 188
P 130 141 188 188 188
P 131 141 188 188 188
P 132 141 189 189 189
P 133 141 189 189 189
P 134 141 189 189 189
P 135 141 189 189 189
P 136 141 190 190 190
P 137 141 190 190 190
P 138 141 190 190 190
P 139 141 190 190 190
P 140 141 191 191 191
P 141 141 191 191 191
P 142 141 191 191 191
P 143 141 191 191 191
P 144 141 192 192 192
P 145 141 192 192 192
P 146 141 192 192 192
P 147 141 192 192 192
P 148 141 193 193 193
P 149 141 193 193 193
P 150 141 193 193 193
P 151 141 193 193 193
P 152 141 194 194 194
P 153 141 194 194 194
P 154 141 194 194 194
P 155 141 194 194 194
P 156 141 195 195 195
P 157 141 195 195 195
P 158 141 195 195 195
P 159 141 195 195 195
P 160 141 196 196 196
P 161 141 196 196 196
P 162 141 196 196 196
P 163 141 196 196 196
P 164 141 197 197 197
P 165 141 197 197 197
P 166 141 197 197 197
P 167 141 197 197 197
P 168 141 198 198 198
P 169 141 198 198 198
P 170 141 198 198 198
P 171 141 198 198 198
P 172 141 199 199 199
P 173 141 199 199 199
P 174 141 199 199 199
P 175 141 199 199 199
P 176 141 200 200 200
P 177 141 200 200 200
P 178 141 200 200 200
P 179 141 200 200 200
P 180 141 201 201 201
P 55 142 170 170 170
P 56 142 170 170 170
P 57 142 170 170 170
P 58 142 170 170 170
P 59 142 171 171 171
P 60 142 171 171 171
P 61 142 171 171 171
P 62 142 171 171 171
P 63 142 172 172 172
P 64 142 172 172 172
P 65 142 172 172 172
P 66 142 172 172 172
P 67 142 173 173 173
P 68 142 173 173 173
P 69 142 173 173 173
P 70 142 173 173 173
P 71 142 174 174 174
P 72 142 174 174 174
P 73 142 174 174 174
P 74 142 174 174 174
P 75 142 175 175 175
P 76 142 175 175 175
P 77 142 175 175 175
P 78 142 175 175 175
P 79 142 176 176 176
P 80 142 176 176 176
P 81 142 176 176 176
P 82 142 176 176 176
P 83 142 177 177 177
P 84 142 177 177 177
P 85 142 177 177 177
P 86 142 177 177 177
P 87 142 178 178 178
P 88 142 178 178 178
P 89 142 178 178 178
P 90 142 178 178 178
P 91 142 179 179 179
P 92 142 179 179 179
P 93 142 179 179 179
P 94 142 179 179 179
P 95 142 180 180 180
P 96 142 180 180 180
P 97 142 180 180 180
P 98 142 180 180 180
P 99 142 181 181 181
P 100 142 181 181 181
P 101 142 181 181 181
P 102 142 181 181 181
P 103 142 182 182 182
P 104 142 182 182 182
P 105 142 182 182 182
P 106 142 182 182 182
P 107 142 183 183 183
P 108 142 183 183 183
P 109 142 183 183 183
P 110 142 183 183 183
P 111 142 184 184 184
P 112 142 184 184 184
P 113 142 184 184 184
P 114 142 184 184 184
P 115 142 185 185 185
P 116 142 185 185 185
P 117 142 185 185 185
P 118 142 185 185 185
P 119 142 186 186 186
P 120 142 186 186 186
P 121 142 186 186 186
P 122 142 186 186 186
P 123 142 187 187 187
P 124 142 187 187 187
P 125 142 187 187 187
P 126 142 187 187 187
P 127 142 188 188 188
P 128 142 188 188 188
P 129 142 188 188 188
P 130 142 188 188 188
P 131 142 189 189 189
P 132 142 189 189 189
P 133 142 189 189 189
P 134 142 189 189 189
P 135 142 190 190 190
P 136 142 190 190 190
P 137 142 190 190 190
P 138 142 190 190 190
P 139 142 191 191 191
P 140 142 191 191 191
P 141 142 191 191 191
P 142 142 191 191 191
P 143 142 192 192 192
P 144 142 192 192 192
P 145 142 192 192 192
P 146 142 192 192 192
P 147 142 193 193 193
P 148 142 193 193 193
P 149 142 193 193 193
P 150 142 193 193 193
P 151 142 194 194 194
P 152 142 194 194 194
P 153 142 194 194 194
P 154 142 194 194 194
P 155 142 195 195 195
P 156 142 195 195 195
P 157 142 195 195 195
P 158 142 195 195 195
P 159 142 196 196 196
P 160 142 196 196 196
P 161 142 196 196 196
P 162 142 196 196 196
P 163 142 197 197 197
P 164 142 197 197 197
P 165 142 197 197 197
P 166 142 197 197 197
P 167 142 198 198 198
P 168 142 198 198 198
P 169 142 198 198 198
P 170 142 198 198 198
P 171 142 199 199 199
P 172 142 199 199 199
P 173 142 199 199 199
P 174 142 199 199 199
P 175 142 200 200 200
P 176 142 200 200 200
P 177 142 200 200 200
P 178 142 200 200 200
P 179 142 201 201 201
P 58 143 171 171 171
P 59 143 171 171 171
P 60 143 171 171 171
P 61 143 171 171 171
P 62 143 172 172 172
P 63 143 172 172 172
P 64 143 172 172 172
P 65 143 172 172 172
P 66 143 173 173 173
P 67 143 173 173 173
P 68 143 173 173 173
P 69 143 173 173 173
P 70 143 174 174 174
P 71 143 174 174 174
P 72 143 174 174 174
P 73 143 174 174 174
P 74 143 175 175 175
P 75 143 175 175 175
P 76 143 175 175 175
P 77 143 175 175 175
P 78 143 176 176 176
P 79 143 176 176 176
P 80 143 176 176 176
P 81 143 176 176 176
P 82 143 177 177 177
P 83 143 177 177 177
P 84 143 177 177 177
P 85 143 177 177 177
P 86 143 178 178 178
P 87 143 178 178 178
P 88 143 178 178 178
P 89 143 178 178 178
P 90 143 179 179 179
P 91 143 179 179 179
P 92 143 179 179 179
P 93 143 179 179 179
P 94 143 180 180 180
P 95 143 180 180 180
P 96 143 180 180 180
P 97 143 180 180 180
P 98 143 181 181 181
P 99 143 181 181 181
P 100 143 181 181 181
P 101 143 181 181 181
P 102 143 182 182 182
P 103 143 182 182 182
P 104 143 182 182 182
P 105 143 182 182 182
P 106 143 183 183 183
P 107 143 183 183 183
P 108 143 183 183 183
P 109 143 183 183 183
P 110 143 184 184 184
P 111 143 184 184 184
P 112 143 184 184 184
P 113 143 184 184 184
P 114 143 185 185 185
P 115 143 185 185 185
P 116 143 185 185 185
P 117 143 185 185 185
P 118 143 186 186 186
P 119 143 186 186 186
P 120 143 186 186 186
P 121 143 186 186 186
P 122 143 187 187 187
P 123 143 187 187 187
P 124 143 187 187 187
P 125 143 187 187 187
P 126 143 188 188 188
P 127 143 188 188 188
P 128 143 188 188 188
P 129 143 188 188 188
P 130 143 189 189 189
P 131 143 189 189 189
P 132 143 189 189 189
P 133 143 189 189 189
P 134 143 190 190 190
P 135 143 190 190 190
P 136 143 190 190 190
P 137 143 190 190 190
P 138 143 191 191 191
P 139 143 191 191 191
P 140 143 191 191 191
P 141 143 191 191 191
P 142 143 192 192 192
P 143 143 192 192 192
P 144 143 192 192 192
P 145 143 192 192 192
P 146 143 193 193 193
P 147 143 193 193 193
P 148 143 193 193 193
P 149 143 193 193 193
P 150 143 194 194 194
P 151 143 194 194 194
P 152 143 194 194 194
P 153 143 194 194 194
P 154 143 195 195 195
P 155 143 195 195 195
P 156 143 195 195 195
P 157 143 195 195 195
P 158 143 196 196 196
P 159 143 196 196 196
P 160 143 196 196 196
P 161 143 196 196 196
P 162 143 197 197 197
P 163 143 197 197 197
P 164 143 197 197 197
P 165 143 197 197 197
P 166 143 198 198 198
P 167 143 198 198 198
P 168 143 198 198 198
P 169 143 198 198 198
P 170 143 199 199 199
P 171 143 199 199 199
P 172 143 199 199 199
P 173 143 199 199 199
P 174 143 200 200 200
P 175 143 200 200 200
P 176 143 200 200 200
P 177 143 200 200 200
P 178 143 201 201 201
P 61 144 172 172 172
P 62 144 172 172 172
P 63 144 172 172 172
P 64 144 172 172 172
P 65 144 173 173 173
P 66 144 173 173 173
P 67 144 173 173 173
P 68 144 173 173 173
P 69 144 174 174 174
P 70 144 174 174 174
P 71 144 174 174 174
P 72 144 174 174 174
P 73 144 175 175 175
P 74 144 175 175 175
P 75 144 175 175 175
P 76 144 175 175 175
P 77 144 176 176 176
P 78 144 176 176 176
P 79 144 176 176 176
P 80 144 176 176 176
P 81 144 177 177 177
P 82 144 177 177 177
P 83 144 177 177 177
P 84 144 177 177 177
P 85 144 178 178 178
P 86 144 178 178 178
P 87 144 178 178 178
P 88 144 178 178 178
P 89 144 179 179 179
P 90 144 179 179 179
P 91 144 179 179 179
P 92 144 179 179 179
P 93 144 180 180 180
P 94 144 180 180 180
P 95 144 180 180 180
P 96 144 180 180 180
P 97 144 181 181 181
P 98 144 181 181 181
P 99 144 181 181 181
P 100 144 181 181 181
P 101 144 182 182 182
P 102 144 182 182 182
P 103 144 182 182 182
P 104 144 182 182 182
P 105 144 183 183 183
P 106 144 183 183 183
P 107 144 183 183 183
P 108 144 183 183 183
P 109 144 184 184 184
P 110 144 184 184 184
P 111 144 184 184 184
P 112 144 184 184 184
P 113 144 185 185 185
P 114 144 185 185 185
P 115 144 185 185 185
P 116 144 185 185 185
P 117 144 186 186 186
P 118 144 186 186 186
P 119 144 186 186 186
P 120 144 186 186 186
P 121 144 187 187 187
P 122 144 187 187 187
P 123 144 187 187 187
P 124 144 187 187 187
P 125 144 188 188 188
P 126 144 188 188 188
P 127 144 188 188 188
P 128 144 188 188 188
P 129 144 189 189 189
P 130 144 189 189 189
P 131 144 189 189 189
P 132 144 189 189 189
P 133 144 190 190 190
P 134 144 190 190 190
P 135 144 190 190 190
P 136 144 190 190 190
P 137 144 191 191 191
P 138 144 191 191 191
P 139 144 191 191 191
P 140 144 191 191 191
P 141 144 192 192 192
P 142 144 192 192 192
P 143 144 192 192 192
P 144 144 192 192 192
P 145 144 193 193 193
P 146 144 193 193 193
P 147 144 193 193 193
P 148 144 193 193 193
P 149 144 194 194 194
P 150 144 194 194 194
P 151 144 194 194 194
P 152 144 194 194 194
P 153 144 195 195 195
P 154 144 195 195 195
P 155 144 195 195 195
P 156 144 195 195 195
P 157 144 196 196 196
P 158 144 196 196 196
P 159 144 196 196 196
P 160 144 196 196 196
P 161 144 197 197 197
P 162 144 197 197 197
P 163 144 197 197 197
P 164 144 197 197 197
P 165 144 198 198 198
P 166 144 198 198 198
P 167 144 198 198 198
P 168 144 198 198 198
P 169 144 199 199 199
P 170 144 199 199 199
P 171 144 199 199 199
P 172 144 199 199 199
P 173 144 200 200 200
P 174 144 200 200 200
P 175 144 200 200 200
P 176 144 200 200 200
P 177 144 201 201 201
P 64 145 173 173 173
P 65 145 173 173 173
P 66 145 173 173 173
P 67 145 173 173 173
P 68 145 174 174 174
P 69 145 174 174 174
P 70 145 174 174 174
P 71 145 174 174 174
P 72 145 175 175 175
P 73 145 175 175 175
P 74 145 175 175 175
P 75 145 175 175 175
P 76 145 176 176 176
P 77 145 176 176 176
P 78 145 176 176 176
P 79 145 176 176 176
P 80 145 177 177 177
P 81 145 177 177 177
P 82 145 177 177 177
P 83 145 177 177 177
P 84 145 178 178 178
P 85 145 178 178 178
P 86 145 178 178 178
P 87 145 178 178 178
P 88 145 179 179 179
P 89 145 179 179 179
P 90 145 179 179 179
P 91 145 179 179 179
P 92 145 180 180 180
P 93 145 180 180 180
P 94 145 180 180 180
P 95 145 180 180 180
P 96 145 181 181 181
P 97 145 181 181 181
P 98 145 181 181 181
P 99 145 181 181 181
P 100 145 182 182 182
P 101 145 182 182 182
P 102 145 182 182 182
P 103 145 182 182 182
P 104 145 183 183 183
P 105 145 183 183 183
P 106 145 183 183 183
P 107 145 183 183 183
P 108 145 184 184 184
P 109 145 184 184 184
P 110 145 184 184 184
P 111 145 184 184 184
P 112 145 185 185 185
P 113 145 185 185 185
P 114 145 185 185 185
P 115 145 185 185 185
P 116 145 186 186 186
P 117 145 186 186 186
P 118 145 186 186 186
P 119 145 186 186 186
P 120 145 187 187 187
P 121 145 187 187 187
P 122 145 187 187 187
P 123 145 187 187 187
P 124 145 188 188 188
P 125 145 188 188 188
P 126 145 188 188 188
P 127 145 188 188 188
P 128 145 189 189 189
P 129 145 189 189 189
P 130 145 189 189 189
P 131 145 189 189 189
P 132 145 190 190 190
P 133 145 190 190 190
P 134 145 190 190 190
P 135 145 190 190 190
P 136 145 191 191 191
P 137 145 191 191 191
P 138 145 191 191 191
P 139 145 191 191 191
P 140 145 192 192 192
P 141 145 192 192 192
P 142 145 192 192 192
P 143 145 192 192 192
P 144 145 193 193 193
P 145 145 193 193 193
P 146 145 193 193 193
P 147 145 193 193 193
P 148 145 194 194 194
P 149 145 194 194 194
P 150 145 194 194 194
P 151 145 194 194 194
P 152 145 195 195 195
P 153 145 195 195 195
P 154 145 195 195 195
P 155 145 195 195 195
P 156 145 196 196 196
P 157 145 196 196 196
P 158 145 196 196 196
P 159 145 196 196 196
P 160 145 197 197 197
P 161 145 197 197 197
P 162 145 197 197 197
P 163 145 197 197 197
P 164 145 198 198 198
P 165 145 198 198 198
P 166 145 198 198 198
P 167 145 198 198 198
P 168 145 199 199 199
P 169 145 199 199 199
P 170 145 199 199 199
P 171 145 199 199 199
P 172 145 200 200 200
P 173 145 200 200 200
P 174 145 200 200 200
P 175 145 200 200 200
P 67 146 174 174 174
P 68 146 174 174 174
P 69 146 174 174 174
P 70 146 174 174 174
P 71 146 175 175 175
P 72 146 175 175 175
P 73 146 175 175 175
P 74 146 175 175 175
P 75 146 176 176 176
P 76 146 176 176 176
P 77 146 176 176 176
P 78 146 176 176 176
P 79 146 177 177 177
P 80 146 177 177 177
P 81 146 177 177 177
P 82 146 177 177 177
P 83 146 178 178 178
P 84 146 178 178 178
P 85 146 178 178 178
P 86 146 178 178 178
P 87 146 179 179 179
P 88 146 179 179 179
P 89 146 179 179 179
P 90 146 179 179 179
P 91 146 180 180 180
P 92 146 180 180 180
P 93 146 180 180 180
P 94 146 180 180 180
P 95 146 181 181 181
P 96 146 181 181 181
P 97 146 181 181 181
P 98 146 181 181 181
P 99 146 182 182 182
P 100 146 182 182 182
P 101 146 182 182 182
P 102 146 182 182 182
P 103 146 183 183 183
P 104 146 183 183 183
P 105 146 183 183 183
P 106 146 183 183 183
P 107 146 184 184 184
P 108 146 184 184 184
P 109 146 184 184 184
P 110 146 184 184 184
P 111 146 185 185 185
P 112 146 185 185 185
P 113 146 185 185 185
P 114 146 185 185 185
P 115 146 186 186 186
P 116 146 186 186 186
P 117 146 186 186 186
P 118 146 186 186 186
P 119 146 187 187 187
P 120 146 187 187 187
P 121 146 187 187 187
P 122 146 187 187 187
P 123 146 188 188 188
P 124 146 188 188 188
P 125 146 188 188 188
P 126 146 188 188 188
P 127 146 189 189 189
P 128 146 189 189 189
P 129 146 189 189 189
P 130 146 189 189 189
P 131 146 190 190 190
P 132 146 190 190 190
P 133 146 190 190 190
P 134 146 190 190 190
P 135 146 191 191 191
P 136 146 191 191 191
P 137 146 191 191 191
P 138 146 191 191 191
P 139 146 192 192 192
P 140 146 192 192 192
P 141 146 192 192 192
P 142 146 192 192 192
P 143 146 193 193 193
P 144 146 193 193 193
P 145 146 193 193 193
P 146 146 193 193 193
P 147 146 194 194 194
P 148 146 194 194 194
P 149 146 194 194 194
P 150 146 194 194 194
P 151 146 195 195 195
P 152 146 195 195 195
P 153 146 195 195 195
P 154 146 195 195 195
P 155 146 196 196 196
P 156 146 196 196 196
P 157 146 196 196 196
P 158 146 196 196 196
P 159 146 197 197 197
P 160 146 197 197 197
P 161 146 197 197 197
P 162 146 197 197 197
P 163 146 198 198 198
P 164 146 198 198 198
P 165 146 198 198 198
P 166 146 198 198 198
P 167 146 199 199 199
P 168 146 199 199 199
P 169 146 199 199 199
P 170 146 199 199 199
P 171 146 200 200 200
P 172 146 200 200 200
P 173 146 200 200 200
P 174 146 200 200 200
P 70 147 175 175 175
P 71 147 175 175 175
P 72 147 175 175 175
P 73 147 175 175 175
P 74 147 176 176 176
P 75 147 176 176 176
P 76 147 176 176 176
P 77 147 176 176 176
P 78 147 177 177 177
P 79 147 177 177 177
P 80 147 177 177 177
P 81 147 177 177 177
P 82 147 178 178 178
P 83 147 178 178 178
P 84 147 178 178 178
P 85 147 178 178 178
P 86 147 179 179 179
P 87 147 179 179 179
P 88 147 179 179 179
P 89 147 179 179 179
P 90 147 180 180 180
P 91 147 180 180 180
P 92 147 180 180 180
P 93 147 180 180 180
P 94 147 181 181 181
P 95 147 181 181 181
P 96 147 181 181 181
P 97 147 181 181 181
P 98 147 182 182 182
P 99 147 182 182 182
P 100 147 182 182 182
P 101 147 182 182 182
P 102 147 183 183 183
P 103 147 183 183 183
P 104 147 183 183 183
P 105 147 183 183 183
P 106 147 184 184 184
P 107 147 184 184 184
P 108 147 184 184 184
P 109 147 184 184 184
P 110 147 185 185 185
P 111 147 185 185 185
P 112 147 185 185 185
P 113 147 185 185 185
P 114 147 186 186 186
P 115 147 186 186 186
P 116 147 186 186 186
P 117 147 186 186 186
P 118 147 187 187 187
P 119 147 187 187 187
P 120 147 187 187 187
P 121 147 187 187 187
P 122 147 188 188 188
P 123 147 188 188 188
P 124 147 188 188 188
P 125 147 188 188 188
P 126 147 189 189 189
P 127 147 189 189 189
P 128 147 189 189 189
P 129 147 189 189 189
P 130 147 190 190 190
P 131 147 190 190 190
P 132 147 190 190 190
P 133 147 190 190 190
P 134 147 191 191 191
P 135 147 191 191 191
P 136 147 191 191 191
P 137 147 191 191 191
P 138 147 192 192 192
P 139 147 192 192 192
P 140 147 192 192 192
P 141 147 192 192 192
P 142 147 193 193 193
P 143 147 193 193 193
P 144 147 193 193 193
P 145 147 193 193 193
P 146 147 194 194 194
P 147 147 194 194 194
P 148 147 194 194 194
P 149 147 194 194 194
P 150 147 195 195 195
P 151 147 195 195 195
P 152 147 195 195 195
P 153 147 195 195 195
P 154 147 196 196 196
P 155 147 196 196 196
P 156 147 196 196 196
P 157 147 196 196 196
P 158 147 197 197 197
P 159 147 197 197 197
P 160 147 197 197 197
P 161 147 197 197 197
P 162 147 198 198 198
P 163 147 198 198 198
P 164 147 198 198 198
P 165 147 198 198 198
P 166 147 199 199 199
P 167 147 199 199 199
P 168 147 199 199 199
P 169 147 199 199 199
P 170 147 200 200 200
P 171 147 200 200 200
P 172 147 200 200 200
P 173 147 200 200 200
P 73 148 176 176 176
P 74 148 176 176 176
P 75 148 176 176 176
P 76 148 176 176 176
P 77 148 177 177 177
P 78 148 177 177 177
P 79 148 177 177 177
P 80 148 177 177 177
P 81 148 178 178 178
P 82 148 178 178 178
P 83 148 178 178 178
P 84 148 178 178 178
P 85 148 179 179 179
P 86 148 179 179 179
P 87 148 179 179 179
P 88 148 179 179 179
P 89 148 180 180 180
P 90 148 180 180 180
P 91 148 180 180 180
P 92 148 180 180 180
P 93 148 181 181 181
P 94 148 181 181 181
P 95 148 181 181 181
P 96 148 181 181 181
P 97 148 182 182 182
P 98 148 182 182 182
P 99 148 182 182 182
P 100 148 182 182 182
P 101 148 183 183 183
P 102 148 183 183 183
P 103 148 183 183 183
P 104 148 183 183 183
P 105 148 184 184 184
P 106 148 184 184 184
P 107 148 184 184 184
P 108 148 184 184 184
P 109 148 185 185 185
P 110 148 185 185 185
P 111 148 185 185 185
P 112 148 185 185 185
P 113 148 186 186 186
P 114 148 186 186 186
P 115 148 186 186 186
P 116 148 186 186 186
P 117 148 187 187 187
P 118 148 187 187 187
P 119 148 187 187 187
P 120 148 187 187 187
P 121 148 188 188 188
P 122 148 188 188 188
P 123 148 188 188 188
P 124 148 188 188 188
P 125 148 189 189 189
P 126 148 189 189 189
P 127 148 189 189 189
P 128 148 189 189 189
P 129 148 190 190 190
P 130 148 190 190 190
P 131 148 190 190 190
P 132 148 190 190 190
P 133 148 191 191 191
P 134 148 191 191 191
P 135 148 191 191 191
P 136 148 191 191 191
P 137 148 192 192 192
P 138 148 192 192 192
P 139 148 192 192 192
P 140 148 192 192 192
P 141 148 193 193 193
P 142 148 193 193 193
P 143 148 193 193 193
P 144 148 193 193 193
P 145 148 194 194 194
P 146 148 194 194 194
P 147 148 194 194 194
P 148 148 194 194 194
P 149 148 195 195 195
P 150 148 195 195 195
P 151 148 195 195 195
P 152 148 195 195 195
P 153 148 196 196 196
P 154 148 196 196 196
P 155 148 196 196 196
P 156 148 196 196 196
P 157 148 197 197 197
P 158 148 197 197 197
P 159 148 197 197 197
P 160 148 197 197 197
P 161 148 198 198 198
P 162 148 198 198 198
P 163 148 198 198 198
P 164 148 198 198 198
P 165 148 199 199 199
P 166 148 199 199 199
P 167 148 199 199 199
P 168 148 199 199 199
P 169 148 200 200 200
P 170 148 200 200 200
P 171 148 200 200 200
P 172 148 200 200 200
P 76 149 177 177 177
P 77 149 177 177 177
P 78 149 177 177 177
P 79 149 177 177 177
P 80 149 178 178 178
P 81 149 178 178 178
P 82 149 178 178 178
P 83 149 178 178 178
P 84 149 179 179 179
P 85 149 179 179 179
P 86 149 179 179 179
P 87 149 179 179 179
P 88 149 180 180 180
P 89 149 180 180 180
P 90 149 180 180 180
P 91 149 180 180 180
P 92 149 181 181 181
P 93 149 181 181 181
P 94 149 181 181 181
P 95 149 181 181 181
P 96 149 182 182 182
P 97 149 182 182 182
P 98 149 182 182 182
P 99 149 182 182 182
P 100 149 183 183 183
P 101 149 183 183 183
P 102 149 183 183 183
P 103 149 183 183 183
P 104 149 184 184 184
P 105 149 184 184 184
P 106 149 184 184 184
P 107 149 184 184 184
P 108 149 185 185 185
P 109 149 185 185 185
P 110 149 185 185 185
P 111 149 185 185 185
P 112 149 186 186 186
P 113 149 186 186 186
P 114 149 186 186 186
P 115 149 186 186 186
P 116 149 187 187 187
P 117 149 187 187 187
P 118 149 187 187 187
P 119 149 187 187 187
P 120 149 188 188 188
P 121 149 188 188 188
P 122 149 188 188 188
P 123 149 188 188 188
P 124 149 189 189 189
P 125 149 189 189 189
P 126 149 189 189 189
P 127 149 189 189 189
P 128 149 190 190 190
P 129 149 190 190 190
P 130 149 190 190 190
P 131 149 190 190 190
P 132 149 191 191 191
P 133 149 191 191 191
P 134 149 191 191 191
P 135 149 191 191 191
P 136 149 192 192 192
P 137 149 192 192 192
P 138 149 192 192 192
P 139 149 192 192 192
P 140 149 193 193 193
P 141 149 193 193 193
P 142 149 193 193 193
P 143 149 193 193 193
P 144 149 194 194 194
P 145 149 194 194 194
P 146 149 194 194 194
P 147 149 194 194 194
P 148 149 195 195 195
P 149 149 195 195 195
P 150 149 195 195 195
P 151 149 195 195 195
P 152 149 196 196 196
P 153 149 196 196 196
P 154 149 196 196 196
P 155 149 196 196 196
P 156 149 197 197 197
P 157 149 197 197 197
P 158 149 197 197 197
P 159 149 197 197 197
P 160 149 198 198 198
P 161 149 198 198 198
P 162 149 198 198 198
P 163 149 198 198 198
P 164 149 199 199 199
P 165 149 199 199 199
P 166 149 199 199 199
P 167 149 199 199 199
P 168 149 200 200 200
P 169 149 200 200 200
P 170 149 200 200 200
P 171 149 200 200 200
P 79 150 178 178 178
P 80 150 178 178 178
P 81 150 178 178 178
P 82 150 178 178 178
P 83 150 179 179 179
P 84 150 179 179 179
P 85 150 179 179 179
P 86 150 179 179 179
P 87 150 180 180 180
P 88 150 180 180 180
P 89 150 180 180 180
P 90 150 180 180 180
P 91 150 181 181 181
P 92 150 181 181 181
P 93 150 181 181 181
P 94 150 181 181 181
P 95 150 182 182 182
P 96 150 182 182 182
P 97 150 182 182 182
P 98 150 182 182 182
P 99 150 183 183 183
P 100 150 183 183 183
P 101 150 183 183 183
P 102 150 183 183 183
P 103 150 184 184 184
P 104 150 184 184 184
P 105 150 184 184 184
P 106 150 184 184 184
P 107 150 185 185 185
P 108 150 185 185 185
P 109 150 185 185 185
P 110 150 185 185 185
P 111 150 186 186 186
P 112 150 186 186 186
P 113 150 186 186 186
P 114 150 186 186 186
P 115 150 187 187 187
P 116 150 187 187 187
P 117 150 187 187 187
P 118 150 187 187 187
P 119 150 188 188 188
P 120 150 188 188 188
P 121 150 188 188 188
P 122 150 188 188 188
P 123 150 189 189 189
P 124 150 189 189 189
P 125 150 189 189 189
P 126 150 189 189 189
P 127 150 190 190 190
P 128 150 190 190 190
P 129 150 190 190 190
P 130 150 190 190 190
P 131 150 191 191 191
P 132 150 191 191 191
P 133 150 191 191 191
P 134 150 191 191 191
P 135 150 192 192 192
P 136 150 192 192 192
P 137 150 192 192 192
P 138 150 192 192 192
P 139 150 193 193 193
P 140 150 193 193 193
P 141 150 193 193 193
P 142 150 193 193 193
P 143 150 194 194 194
P 144 150 194 194 194
P 145 150 194 194 194
P 146 150 194 194 194
P 147 150 195 195 195
P 148 150 195 195 195
P 149 150 195 195 195
P 150 150 195 195 195
P 151 150 196 196 196
P 152 150 196 196 196
P 153 150 196 196 196
P 154 150 196 196 196
P 155 150 197 197 197
P 156 150 197 197 197
P 157 150 197 197 197
P 158 150 197 197 197
P 159 150 198 198 198
P 160 150 198 198 198
P 161 150 198 198 198
P 162 150 198 198 198
P 163 150 199 199 199
P 164 150 199 199 199
P 165 150 199 199 199
P 166 150 199 199 199
P 167 150 200 200 200
P 168 150 200 200 200
P 169 150 200 200 200
P 82 151 179 179 179
P 83 151 179 179 179
P 84 151 179 179 179
P 85 151 179 179 179
P 86 151 180 180 180
P 87 151 180 180 180
P 88 151 180 180 180
P 89 151 180 180 180
P 90 151 181 181 181
P 91 151 181 181 181
P 92 151 181 181 181
P 93 151 181 181 181
P 94 151 182 182 182
P 95 151 182 182 182
P 96 151 182 182 182
P 97 151 182 182 182
P 98 151 183 183 183
P 99 151 183 183 183
P 100 151 183 183 183
P 101 151 183 183 183
P 102 151 184 184 184
P 103 151 184 184 184
P 104 151 184 184 184
P 105 151 184 184 184
P 106 151 185 185 185
P 107 151 185 185 185
P 108 151 185 185 185
P 109 151 185 185 185
P 110 151 186 186 186
P 111 151 186 186 186
P 112 151 186 186 186
P 113 151 186 186 186
P 114 151 187 187 187
P 115 151 187 187 187
P 116 151 187 187 187
P 117 151 187 187 187
P 118 151 188 188 188
P 119 151 188 188 188
P 120 151 188 188 188
P 121 151 188 188 188
P 122 151 189 189 189
P 123 151 189 189 189
P 124 151 189 189 189
P 125 151 189 189 189
P 126 151 190 190 190
P 127 151 190 190 190
P 128 151 190 190 190
P 129 151 190 190 190
P 130 151 191 191 191
P 131 151 191 191 191
P 132 151 191 191 191
P 133 151 191 191 191
P 134 151 192 192 192
P 135 151 192 192 192
P 136 151 192 192 192
P 137 151 192 192 192
P 138 151 193 193 193
P 139 151 193 193 193
P 140 151 193 193 193
P 141 151 193 193 193
P 142 151 194 194 194
P 143 151 194 194 194
P 144 151 194 194 194
P 145 151 194 194 194
P 146 151 195 195 195
P 147 151 195 195 195
P 148 151 195 195 195
P 149 151 195 195 195
P 150 151 196 196 196
P 151 151 196 196 196
P 152 151 196 196 196
P 153 151 196 196 196
P 154 151 197 197 197
P 155 151 197 197 197
P 156 151 197 197 197
P 157 151 197 197 197
P 158 151 198 198 198
P 159 151 198 198 198
P 160 151 198 198 198
P 161 151 198 198 198
P 162 151 199 199 199
P 163 151 199 199 199
P 164 151 199 199 199
P 165 151 199 199 199
P 166 151 200 200 200
P 167 151 200 200 200
P 168 151 200 200 200
P 85 152 180 180 180
P 86 152 180 180 180
P 87 152 180 180 180
P 88 152 180 180 180
P 89 152 181 181 181
P 90 152 181 181 181
P 91 152 181 181 181
P 92 152 181 181 181
P 93 152 182 182 182
P 94 152 182 182 182
P 95 152 182 182 182
P 96 152 182 182 182
P 97 152 183 183 183
P 98 152 183 183 183
P 99 152 183 183 183
P 100 152 183 183 183
P 101 152 184 184 184
P 102 152 184 184 184
P 103 152 184 184 184
P 104 152 184 184 184
P 105 152 185 185 185
P 106 152 185 185 185
P 107 152 185 185 185
P 108 152 185 185 185
P 109 152 186 186 186
P 110 152 186 186 186
P 111 152 186 186 186
P 112 152 186 186 186
P 113 152 187 187 187
P 114 152 187 187 187
P 115 152 187 187 187
P 116 152 187 187 187
P 117 152 188 188 188
P 118 152 188 188 188
P 119 152 188 188 188
P 120 152 188 188 188
P 121 152 189 189 189
P 122 152 189 189 189
P 123 152 189 189 189
P 124 152 189 189 189
P 125 152 190 190 190
P 126 152 190 190 190
P 127 152 190 190 190
P 128 152 190 190 190
P 129 152 191 191 191
P 130 152 191 191 191
P 131 152 191 191 191
P 132 152 191 191 191
P 133 152 192 192 192
P 134 152 192 192 192
P 135 152 192 192 192
P 136 152 192 192 192
P 137 152 193 193 193
P 138 152 193 193 193
P 139 152 193 193 193
P 140 152 193 193 193
P 141 152 194 194 194
P 142 152 194 194 194
P 143 152 194 194 194
P 144 152 194 194 194
P 145 152 195 195 195
P 146 152 195 195 195
P 147 152 195 195 195
P 148 152 195 195 195
P 149 152 196 196 196
P 150 152 196 196 196
P 151 152 196 196 196
P 152 152 196 196 196
P 153 152 197 197 197
P 154 152 197 197 197
P 155 152 197 197 197
P 156 152 197 197 197
P 157 152 198 198 198
P 158 152 198 198 198
P 159 152 198 198 198
P 160 152 198 198 198
P 161 152 199 199 199
P 162 152 199 199 199
P 163 152 199 199 199
P 164 152 199 199 199
P 165 152 200 200 200
P 166 152 200 200 200
P 167 152 200 200 200
P 88 153 181 181 181
P 89 153 181 181 181
P 90 153 181 181 181
P 91 153 181 181 181
P 92 153 182 182 182
P 93 153 182 182 182
P 94 153 182 182 182
P 95 153 182 182 182
P 96 153 183 183 183
P 97 153 183 183 183
P 98 153 183 183 183
P 99 153 183 183 183
P 100 153 184 184 184
P 101 153 184 184 184
P 102 153 184 184 184
P 103 153 184 184 184
P 104 153 185 185 185
P 105 153 185 185 185
P 106 153 185 185 185
P 107 153 185 185 185
P 108 153 186 186 186
P 109 153 186 186 186
P 110 153 186 186 186
P 111 153 186 186 186
P 112 153 187 187 187
P 113 153 187 187 187
P 114 153 187 187 187
P 115 153 187 187 187
P 116 153 188 188 188
P 117 153 188 188 188
P 118 153 188 188 188
P 119 153 188 188 188
P 120 153 189 189 189
P 121 153 189 189 189
P 122 153 189 189 189
P 123 153 189 189 189
P 124 153 190 190 190
P 125 153 190 190 190
P 126 153 190 190 190
P 127 153 190 190 190
P 128 153 191 191 191
P 129 153 191 191 191
P 130 153 191 191 191
P 131 153 191 191 191
P 132 153 192 192 192
P 133 153 192 192 192
P 134 153 192 192 192
P 135 153 192 192 192
P 136 153 193 193 193
P 137 153 193 193 193
P 138 153 193 193 193
P 139 153 193 193 193
P 140 153 194 194 194
P 141 153 194 194 194
P 142 153 194 194 194
P 143 153 194 194 194
P 144 153 195 195 195
P 145 153 195 195 195
P 146 153 195 195 195
P 147 153 195 195 195
P 148 153 196 196 196
P 149 153 196 196 196
P 150 153 196 196 196
P 151 153 196 196 196
P 152 153 197 197 197
P 153 153 197 197 197
P 154 153 197 197 197
P 155 153 197 197 197
P 156 153 198 198 198
P 157 153 198 198 198
P 158 153 198 198 198
P 159 153 198 198 198
P 160 153 199 199 199
P 161 153 199 199 199
P 162 153 199 199 199
P 163 153 199 199 199
P 164 153 200 200 200
P 165 153 200 200 200
P 166 153 200 200 200
P 91 154 182 182 182
P 92 154 182 182 182
P 93 154 182 182 182
P 94 154 182 182 182
P 95 154 183 183 183
P 96 154 183 183 183
P 97 154 183 183 183
P 98 154 183 183 183
P 99 154 184 184 184
P 100 154 184 184 184
P 101 154 184 184 184
P 102 154 184 184 184
P 103 154 185 185 185
P 104 154 185 185 185
P 105 154 185 185 185
P 106 154 185 185 185
P 107 154 186 186 186
P 108 154 186 186 186
P 109 154 186 186 186
P 110 154 186 186 186
P 111 154 187 187 187
P 112 154 187 187 187
P 113 154 187 187 187
P 114 154 187 187 187
P 115 154 188 188 188
P 116 154 188 188 188
P 117 154 188 188 188
P 118 154 188 188 188
P 119 154 189 189 189
P 120 154 189 189 189
P 121 154 189 189 189
P 122 154 189 189 189
P 123 154 190 190 190
P 124 154 190 190 190
P 125 154 190 190 190
P 126 154 190 190 190
P 127 154 191 191 191
P 128 154 191 191 191
P 129 154 191 191 191
P 130 154 191 191 191
P 131 154 192 192 192
P 132 154 192 192 192
P 133 154 192 192 192
P 134 154 192 192 192
P 135 154 193 193 193
P 136 154 193 193 193
P 137 154 193 193 193
P 138 154 193 193 193
P 139 154 194 194 194
P 140 154 194 194 194
P 141 154 194 194 194
P 142 154 194 194 194
P 143 154 195 195 195
P 144 154 195 195 195
P 145 154 195 195 195
P 146 154 195 195 195
P 147 154 196 196 196
P 148 154 196 196 196
P 149 154 196 196 196
P 150 154 196 196 196
P 151 154 197 197 197
P 152 154 197 197 197
P 153 154 197 197 197
P 154 154 197 197 197
P 155 154 198 198 198
P 156 154 198 198 198
P 157 154 198 198 198
P 158 154 198 198 198
P 159 154 199 199 199
P 160 154 199 199 199
P 161 154 199 199 199
P 162 154 199 199 199
P 163 154 200 200 200
P 164 154 200 200 200
P 94 155 183 183 183
P 95 155 183 183 183
P 96 155 183 183 183
P 97 155 183 183 183
P 98 155 184 184 184
P 99 155 184 184 184
P 100 155 184 184 184
P 101 155 184 184 184
P 102 155 185 185 185
P 103 155 185 185 185
P 104 155 185 185 185
P 105 155 185 185 185
P 106 155 186 186 186
P 107 155 186 186 186
P 108 155 186 186 186
P 109 155 186 186 186
P 110 155 187 187 187
P 111 155 187 187 187
P 112 155 187 187 187
P 113 155 187 187 187
P 114 155 188 188 188
P 115 155 188 188 188
P 116 155 188 188 188
P 117 155 188 188 188
P 118 155 189 189 189
P 119 155 189 189 189
P 120 155 189 189 189
P 121 155 189 189 189
P 122 155 190 190 190
P 123 155 190 190 190
P 124 155 190 190 190
P 125 155 190 190 190
P 126 155 191 191 191
P 127 155 191 191 191
P 128 155 191 191 191
P 129 155 191 191 191
P 130 155 192 192 192
P 131 155 192 192 192
P 132 155 192 192 192
P 133 155 192 192 192
P 134 155 193 193 193
P 135 155 193 193 193
P 136 155 193 193 193
P 137 155 193 193 193
P 138 155 194 194 194
P 139 155 194 194 194
P 140 155 194 194 194
P 141 155 194 194 194
P 142 155 195 195 195
P 143 155 195 195 195
P 144 155 195 195 195
P 145 155 195 195 195
P 146 155 196 196 196
P 147 155 196 196 196
P 148 155 196 196 196
P 149 155 196 196 196
P 150 155 197 197 197
P 151 155 197 197 197
P 152 155 197 197 197
P 153 155 197 197 197
P 154 155 198 198 198
P 155 155 198 198 198
P 156 155 198 198 198
P 157 155 198 198 198
P 158 155 199 199 199
P 159 155 199 199 199
P 160 155 199 199 199
P 161 155 199 199 199
P 162 155 200 200 200
P 163 155 200 200 200
P 97 156 184 184 184
P 98 156 184 184 184
P 99 156 184 184 184
P 100 156 184 184 184
P 101 156 185 185 185
P 102 156 185 185 185
P 103 156 185 185 185
P 104 156 185 185 185
P 105 156 186 186 186
P 106 156 186 186 186
P 107 156 186 186 186
P 108 156 186 186 186
P 109 156 187 187 187
P 110 156 187 187 187
P 111 156 187 187 187
P 112 156 187 187 187
P 113 156 188 188 188
P 114 156 188 188 188
P 115 156 188 188 188
P 116 156 188 188 188
P 117 156 189 189 189
P 118 156 189 189 189
P 119 156 189 189 189
P 120 156 189 189 189
P 121 156 190 190 190
P 122 156 190 190 190
P 123 156 190 190 190
P 124 156 190 190 190
P 125 156 191 191 191
P 126 156 191 191 191
P 127 156 191 191 191
P 128 156 191 191 191
P 129 156 192 192 192
P 130 156 192 192 192
P 131 156 192 192 192
P 132 156 192 192 192
P 133 156 193 193 193
P 134 156 193 193 193
P 135 156 193 193 193
P 136 156 193 193 193
P 137 156 194 194 194
P 138 156 194 194 194
P 139 156 194 194 194
P 140 156 194 194 194
P 141 156 195 195 195
P 142 156 195 195 195
P 143 156 195 195 195
P 144 156 195 195 195
P 145 156 196 196 196
P 146 156 196 196 196
P 147 156 196 196 196
P 148 156 196 196 196
P 149 156 197 197 197
P 150 156 197 197 197
P 151 156 197 197 197
P 152 156 197 197 197
P 153 156 198 198 198
P 154 156 198 198 198
P 155 156 198 198 198
P 156 156 198 198 198
P 157 156 199 199 199
P 158 156 199 199 199
P 159 156 199 199 199
P 160 156 199 199 199
P 161 156 200 200 200
P 162 156 200 200 200
P 100 157 185 185 185
P 101 157 185 185 185
P 102 157 185 185 185
P 103 157 185 185 185
P 104 157 186 186 186
P 105 157 186 186 186
P 106 157 186 186 186
P 107 157 186 186 186
P 108 157 187 187 187
P 109 157 187 187 187
P 110 157 187 187 187
P 111 157 187 187 187
P 112 157 188 188 188
P 113 157 188 188 188
P 114 157 188 188 188
P 115 157 188 188 188
P 116 157 189 189 189
P 117 157 189 189 189
P 118 157 189 189 189
P 119 157 189 189 189
P 120 157 190 190 190
P 121 157 190 190 190
P 122 157 190 190 190
P 123 157 190 190 190
P 124 157 191 191 191
P 125 157 191 191 191
P 126 157 191 191 191
P 127 157 191 191 191
P 128 157 192 192 192
P 129 157 192 192 192
P 130 157 192 192 192
P 131 157 192 192 192
P 132 157 193 193 193
P 133 157 193 193 193
P 134 157 193 193 193
P 135 157 193 193 193
P 136 157 194 194 194
P 137 157 194 194 194
P 138 157 194 194 194
P 139 157 194 194 194
P 140 157 195 195 195
P 141 157 195 195 195
P 142 157 195 195 195
P 143 157 195 195 195
P 144 157 196 196 196
P 145 157 196 196 196
P 146 157 196 196 196
P 147 157 196 196 196
P 148 157 197 197 197
P 149 157 197 197 197
P 150 157 197 197 197
P 151 157 197 197 197
P 152 157 198 198 198
P 153 157 198 198 198
P 154 157 198 198 198
P 155 157 198 198 198
P 156 157 199 199 199
P 157 157 199 199 199
P 158 157 199 199 199
P 159 157 199 199 199
P 160 157 200 200 200
P 161 157 200 200 200
P 103 158 186 186 186
P 104 158 186 186 186
P 105 158 186 186 186
P 106 158 186 186 186
P 107 158 187 187 187
P 108 158 187 187 187
P 109 158 187 187 187
P 110 158 187 187 187
P 111 158 188 188 188
P 112 158 188 188 188
P 113 158 188 188 188
P 114 158 188 188 188
P 115 158 189 189 189
P 116 158 189 189 189
P 117 158 189 189 189
P 118 158 189 189 189
P 119 158 190 190 190
P 120 158 190 190 190
P 121 158 190 190 190
P 122 158 190 190 190
P 123 158 191 191 191
P 124 158 191 191 191
P 125 158 191 191 191
P 126 158 191 191 191
P 127 158 192 192 192
P 128 158 192 192 192
P 129 158 192 192 192
P 130 158 192 192 192
P 131 158 193 193 193
P 132 158 193 193 193
P 133 158 193 193 193
P 134 158 193 193 193
P 135 158 194 194 194
P 136 158 194 194 194
P 137 158 194 194 194
P 138 158 194 194 194
P 139 158 195 195 195
P 140 158 195 195 195
P 141 158 195 195 195
P 142 158 195 195 195
P 143 158 196 196 196
P 144 158 196 196 196
P 145 158 196 196 196
P 146 158 196 196 196
P 147 158 197 197 197
P 148 158 197 197 197
P 149 158 197 197 197
P 150 158 197 197 197
P 151 158 198 198 198
P 152 158 198 198 198
P 153 158 198 198 198
P 154 158 198 198 198
P 155 158 199 199 199
P 156 158 199 199 199
P 157 158 199 199 199
P 158 158 199 199 199
P 159 158 200 200 200
P 160 158 200 200 200
P 106 159 187 187 187
P 107 159 187 187 187
P 108 159 187 187 187
P 109 159 187 187 187
P 110 159 188 188 188
P 111 159 188 188 188
P 112 159 188 188 188
P 113 159 188 188 188
P 114 159 189 189 189
P 115 159 189 189 189
P 116 159 189 189 189
P 117 159 189 189 189
P 118 159 190 190 190
P 119 159 190 190 190
P 120 159 190 190 190
P 121 159 190 190 190
P 122 159 191 191 191
P 123 159 191 191 191
P 124 159 191 191 191
P 125 159 191 191 191
P 126 159 192 192 192
P 127 159 192 192 192
P 128 159 192 192 192
P 129 159 192 192 192
P 130 159 193 193 193
P 131 159 193 193 193
P 132 159 193 193 193
P 133 159 193 193 193
P 134 159 194 194 194
P 135 159 194 194 194
P 136 159 194 194 194
P 137 159 194 194 194
P 138 159 195 195 195
P 139 159 195 195 195
P 140 159 195 195 195
P 141 159 195 195 195
P 142 159 196 196 196
P 143 159 196 196 196
P 144 159 196 196 196
P 145 159 196 196 196
P 146 159 197 197 197
P 147 159 197 197 197
P 148 159 197 197 197
P 149 159 197 197 197
P 150 159 198 198 198
P 151 159 198 198 198
P 152 159 198 198 198
P 153 159 198 198 198
P 154 159 199 199 199
P 155 159 199 199 199
P 156 159 199 199 199
P 157 159 199 199 199
P 158 159 200 200 200
P 109 160 188 188 188
P 110 160 188 188 188
P 111 160 188 188 188
P 112 160 188 188 188
P 113 160 189 189 189
P 114 160 189 189 189
P 115 160 189 189 189
P 116 160 189 189 189
P 117 160 190 190 190
P 118 160 190 190 190
P 119 160 190 190 190
P 120 160 190 190 190
P 121 160 191 191 191
P 122 160 191 191 191
P 123 160 191 191 191
P 124 160 191 191 191
P 125 160 192 192 192
P 126 160 192 192 192
P 127 160 192 192 192
P 128 160 192 192 192
P 129 160 193 193 193
P 130 160 193 193 193
P 131 160 193 193 193
P 132 160 193 193 193
P 133 160 194 194 194
P 134 160 194 194 194
P 135 160 194 194 194
P 136 160 194 194 194
P 137 160 195 195 195
P 138 160 195 195 195
P 139 160 195 195 195
P 140 160 195 195 195
P 141 160 196 196 196
P 142 160 196 196 196
P 143 160 196 196 196
P 144 160 196 196 196
P 145 160 197 197 197
P 146 160 197 197 197
P 147 160 197 197 197
P 148 160 197 197 197
P 149 160 198 198 198
P 150 160 198 198 198
P 151 160 198 198 198
P 152 160 198 198 198
P 153 160 199 199 199
P 154 160 199 199 199
P 155 160 199 199 199
P 156 160 199 199 199
P 157 160 200 200 200
P 112 161 189 189 189
P 113 161 189 189 189
P 114 161 189 189 189
P 115 161 189 189 189
P 116 161 190 190 190
P 117 161 190 190 190
P 118 161 190 190 190
P 119 161 190 190 190
P 120 161 191 191 191
P 121 161 191 191 191
P 122 161 191 191 191
P 123 161 191 191 191
P 124 161 192 192 192
P 125 161 192 192 192
P 126 161 192 192 192
P 127 161 192 192 192
P 128 161 193 193 193
P 129 161 193 193 193
P 130 161 193 193 193
P 131 161 193 193 193
P 132 161 194 194 194
P 133 161 194 194 194
P 134 161 194 194 194
P 135 161 194 194 194
P 136 161 195 195 195
P 137 161 195 195 195
P 138 161 195 195 195
P 139 161 195 195 195
P 140 161 196 196 196
P 141 161 196 196 196
P 142 161 196 196 196
P 143 161 196 196 196
P 144 161 197 197 197
P 145 161 197 197 197
P 146 161 197 197 197
P 147 161 197 197 197
P 148 161 198 198 198
P 149 161 198 198 198
P 150 161 198 198 198
P 151 161 198 198 198
P 152 161 199 199 199
P 153 161 199 199 199
P 154 161 199 199 199
P 155 161 199 199 199
P 156 161 200 200 200
P 115 162 190 190 190
P 116 162 190 190 190
P 117 162 190 190 190
P 118 162 190 190 190
P 119 162 191 191 191
P 120 162 191 191 191
P 121 162 191 191 191
P 122 162 191 191 191
P 123 162 192 192 192
P 124 162 192 192 192
P 125 162 192 192 192
P 126 162 192 192 192
P 127 162 193 193 193
P 128 162 193 193 193
P 129 162 193 193 193
P 130 162 193 193 193
P 131 162 194 194 194
P 132 162 194 194 194
P 133 162 194 194 194
P 134 162 194 194 194
P 135 162 195 195 195
P 136 162 195 195 195
P 137 162 195 195 195
P 138 162 195 195 195
P 139 162 196 196 196
P 140 162 196 196 196
P 141 162 196 196 196
P 142 162 196 196 196
P 143 162 197 197 197
P 144 162 197 197 197
P 145 162 197 197 197
P 146 162 197 197 197
P 147 162 198 198 198
P 148 162 198 198 198
P 149 162 198 198 198
P 150 162 198 198 198
P 151 162 199 199 199
P 152 162 199 199 199
P 153 162 199 199 199
P 154 162 199 199 199
P 155 162 200 200 200
P 118 163 191 191 191
P 119 163 191 191 191
P 120 163 191 191 191
P 121 163 191 191 191
P 122 163 192 192 192
P 123 163 192 192 192
P 124 163 192 192 192
P 125 163 192 192 192
P 126 163 193 193 193
P 127 163 193 193 193
P 128 163 193 193 193
P 129 163 193 193 193
P 130 163 194 194 194
P 131 163 194 194 194
P 132 163 194 194 194
P 133 163 194 194 194
P 134 163 195 195 195
P 135 163 195 195 195
P 136 163 195 195 195
P 137 163 195 195 195
P 138 163 196 196 196
P 139 163 196 196 196
P 140 163 196 196 196
P 141 163 196 196 196
P 142 163 197 197 197
P 143 163 197 197 197
P 144 163 197 197 197
P 145 163 197 197 197
P 146 163 198 198 198
P 147 163 198 198 198
P 148 163 198 198 198
P 149 163 198 198 198
P 150 163 199 199 199
P 151 163 199 199 199
P 152 163 199 199 199
P 153 163 199 199 199
P 121 164 192 192 192
P 122 164 192 192 192
P 123 164 192 192 192
P 124 164 192 192 192
P 125 164 193 193 193
P 126 164 193 193 193
P 127 164 193 193 193
P 128 164 193 193 193
P 129 164 194 194 194
P 130 164 194 194 194
P 131 164 194 194 194
P 132 164 194 194 194
P 133 164 195 195 195
P 134 164 195 195 195
P 135 164 195 195 195
P 136 164 195 195 195
P 137 164 196 196 196
P 138 164 196 196 196
P 139 164 196 196 196
P 140 164 196 196 196
P 141 164 197 197 197
P 142 164 197 197 197
P 143 164 197 197 197
P 144 164 197 197 197
P 145 164 198 198 198
P 146 164 198 198 198
P 147 164 198 198 198
P 148 164 198 198 198
P 149 164 199 199 199
P 150 164 199 199 199
P 151 164 199 199 199
P 152 164 199 199 199
P 124 165 193 193 193
P 125 165 193 193 193
P 126 165 193 193 193
P 127 165 193 193 193
P 128 165 194 194 194
P 129 165 194 194 194
P 130 165 194 194 194
P 131 165 194 194 194
P 132 165 195 195 195
P 133 165 195 195 195
P 134 165 195 195 195
P 135 165 195 195 195
P 136 165 196 196 196
P 137 165 196 196 196
P 138 165 196 196 196
P 139 165 196 196 196
P 140 165 197 197 197
P 141 165 197 197 197
P 142 165 197 197 197
P 143 165 197 197 197
P 144 165 198 198 198
P 145 165 198 198 198
P 146 165 198 198 198
P 147 165 198 198 198
P 148 165 199 199 199
P 149 165 199 199 199
P 150 165 199 199 199
P 151 165 199 199 199
P 127 166 194 194 194
P 128 166 194 194 194
P 129 166 194 194 194
P 130 166 194 194 194
P 131 166 195 195 195
P 132 166 195 195 195
P 133 166 195 195 195
P 134 166 195 195 195
P 135 166 196 196 196
P 136 166 196 196 196
P 137 166 196 196 196
P 138 166 196 196 196
P 139 166 197 197 197
P 140 166 197 197 197
P 141 166 197 197 197
P 142 166 197 197 197
P 143 166 198 198 198
P 144 166 198 198 198
P 145 166 198 198 198
P 146 166 198 198 198
P 147 166 199 199 199
P 148 166 199 199 199
P 149 166 199 199 199
P 150 166 199 199 199
P 130 167 195 195 195
P 131 167 195 195 195
P 132 167 195 195 195
P 133 167 195 195 195
P 134 167 196 196 196
P 135 167 196 196 196
P 136 167 196 196 196
P 137 167 196 196 196
P 138 167 197 197 197
P 139 167 197 197 197
P 140 167 197 197 197
P 141 167 197 197 197
P 142 167 198 198 198
P 143 167 198 198 198
P 144 167 198 198 198
P 145 167 198 198 198
P 146 167 199 199 199
P 147 167 199 199 199
P 148 167 199 199 199
P 149 167 199 199 199
P 133 168 196 196 196
P 134 168 196 196 196
P 135 168 196 196 196
P 136 168 196 196 196
P 137 168 197 197 197
P 138 168 197 197 197
P 139 168 197 197 197
P 140 168 197 197 197
P 141 168 198 198 198
P 142 168 198 198 198
P 143 168 198 198 198
P 144 168 198 198 198
P 145 168 199 199 199
P 146 168 199 199 199
P 147 168 199 199 199
P 136 169 197 197 197
P 137 169 197 197 197
P 138 169 197 197 197
P 139 169 197 197 197
P 140 169 198 198 198
P 141 169 198 198 198
P 142 169 198 198 198
P 143 169 198 198 198
P 144 169 199 199 199
P 145 169 199 199 199
P 146 169 199 199 199
P 139 170 198 198 198
P 140 170 198 198 198
P 141 170 198 198 198
P 142 170 198 198 198
P 143 170 199 199 199
P 144 170 199 199 199
P 145 170 199 199 199
P 142 171 199 199 199
P 143 171 199 199 199
P 144 171 199 199 199
