# shape E mode plane ntri 4
# v0 40.0000000 60.0000000
# v1 120.0000000 52.0000000
# v2 200.0000000 64.0000000
# v3 280.0000000 56.0000000
# v4 48.0000000 180.0000000
# v5 128.0000000 188.0000000
# v6 208.0000000 176.0000000
# v7 288.0000000 184.0000000
# t0 0 4 1
# t1 4 5 1
# t2 1 5 2
# t3 5 6 2
# counters drawn=4 software=0 declined=0
# mode hardware
P 115 52 162 162 162
P 116 52 162 162 162
P 117 52 163 163 163
P 118 52 163 163 163
P 119 52 163 163 163
P 120 52 163 163 163
P 121 52 164 164 164
P 122 52 164 164 164
P 105 53 160 160 160
P 106 53 160 160 160
P 107 53 160 160 160
P 108 53 161 161 161
P 109 53 161 161 161
P 110 53 161 161 161
P 111 53 161 161 161
P 112 53 162 162 162
P 113 53 162 162 162
P 114 53 162 162 162
P 115 53 162 162 162
P 116 53 163 163 163
P 117 53 163 163 163
P 118 53 163 163 163
P 119 53 163 163 163
P 120 53 164 164 164
P 121 53 164 164 164
P 122 53 164 164 164
P 123 53 164 164 164
P 124 53 165 165 165
P 125 53 165 165 165
P 126 53 165 165 165
P 127 53 165 165 165
P 128 53 166 166 166
P 129 53 166 166 166
P 95 54 158 158 158
P 96 54 158 158 158
P 97 54 158 158 158
P 98 54 158 158 158
P 99 54 159 159 159
P 100 54 159 159 159
P 101 54 159 159 159
P 102 54 159 159 159
P 103 54 160 160 160
P 104 54 160 160 160
P 105 54 160 160 160
P 106 54 160 160 160
P 107 54 161 161 161
P 108 54 161 161 161
P 109 54 161 161 161
P 110 54 161 161 161
P 111 54 162 162 162
P 112 54 162 162 162
P 113 54 162 162 162
P 114 54 162 162 162
P 115 54 163 163 163
P 116 54 163 163 163
P 117 54 163 163 163
P 118 54 163 163 163
P 119 54 164 164 164
P 120 54 164 164 164
P 121 54 164 164 164
P 122 54 164 164 164
P 123 54 165 165 165
P 124 54 165 165 165
P 125 54 165 165 165
P 126 54 165 165 165
P 127 54 166 166 166
P 128 54 166 166 166
P 129 54 166 166 166
P 130 54 166 166 166
P 131 54 167 167 167
P 132 54 167 167 167
P 133 54 167 167 167
P 134 54 167 167 167
P 135 54 168 168 168
P 136 54 168 168 168
P 85 55 155 155 155
P 86 55 156 156 156
P 87 55 156 156 156
P 88 55 156 156 156
P 89 55 156 156 156
P 90 55 157 157 157
P 91 55 157 157 157
P 92 55 157 157 157
P 93 55 157 157 157
P 94 55 158 158 158
P 95 55 158 158 158
P 96 55 158 158 158
P 97 55 158 158 158
P 98 55 159 159 159
P 99 55 159 159 159
P 100 55 159 159 159
P 101 55 159 159 159
P 102 55 160 160 160
P 103 55 160 160 160
P 104 55 160 160 160
P 105 55 160 160 160
P 106 55 161 161 161
P 107 55 161 161 161
P 108 55 161 161 161
P 109 55 161 161 161
P 110 55 162 162 162
P 111 55 162 162 162
P 112 55 162 162 162
P 113 55 162 162 162
P 114 55 163 163 163
P 115 55 163 163 163
P 116 55 163 163 163
P 117 55 163 163 163
P 118 55 164 164 164
P 119 55 164 164 164
P 120 55 164 164 164
P 121 55 164 164 164
P 122 55 165 165 165
P 123 55 165 165 165
P 124 55 165 165 165
P 125 55 165 165 165
P 126 55 166 166 166
P 127 55 166 166 166
P 128 55 166 166 166
P 129 55 166 166 166
P 130 55 167 167 167
P 131 55 167 167 167
P 132 55 167 167 167
P 133 55 167 167 167
P 134 55 168 168 168
P 135 55 168 168 168
P 136 55 168 168 168
P 137 55 168 168 168
P 138 55 169 169 169
P 139 55 169 169 169
P 140 55 169 169 169
P 141 55 169 169 169
P 142 55 170 170 170
P 75 56 153 153 153
P 76 56 153 153 153
P 77 56 154 154 154
P 78 56 154 154 154
P 79 56 154 154 154
P 80 56 154 154 154
P 81 56 155 155 155
P 82 56 155 155 155
P 83 56 155 155 155
P 84 56 155 155 155
P 85 56 156 156 156
P 86 56 156 156 156
P 87 56 156 156 156
P 88 56 156 156 156
P 89 56 157 157 157
P 90 56 157 157 157
P 91 56 157 157 157
P 92 56 157 157 157
P 93 56 158 158 158
P 94 56 158 158 158
P 95 56 158 158 158
P 96 56 158 158 158
P 97 56 159 159 159
P 98 56 159 159 159
P 99 56 159 159 159
P 100 56 159 159 159
P 101 56 160 160 160
P 102 56 160 160 160
P 103 56 160 160 160
P 104 56 160 160 160
P 105 56 161 161 161
P 106 56 161 161 161
P 107 56 161 161 161
P 108 56 161 161 161
P 109 56 162 162 162
P 110 56 162 162 162
P 111 56 162 162 162
P 112 56 162 162 162
P 113 56 163 163 163
P 114 56 163 163 163
P 115 56 163 163 163
P 116 56 163 163 163
P 117 56 164 164 164
P 118 56 164 164 164
P 119 56 164 164 164
P 120 56 164 164 164
P 121 56 165 165 165
P 122 56 165 165 165
P 123 56 165 165 165
P 124 56 165 165 165
P 125 56 166 166 166
P 126 56 166 166 166
P 127 56 166 166 166
P 128 56 166 166 166
P 129 56 167 167 167
P 130 56 167 167 167
P 131 56 167 167 167
P 132 56 167 167 167
P 133 56 168 168 168
P 134 56 168 168 168
P 135 56 168 168 168
P 136 56 168 168 168
P 137 56 169 169 169
P 138 56 169 169 169
P 139 56 169 169 169
P 140 56 169 169 169
P 141 56 170 170 170
P 142 56 170 170 170
P 143 56 170 170 170
P 144 56 170 170 170
P 145 56 171 171 171
P 146 56 171 171 171
P 147 56 171 171 171
P 148 56 171 171 171
P 149 56 172 172 172
P 65 57 151 151 151
P 66 57 151 151 151
P 67 57 151 151 151
P 68 57 152 152 152
P 69 57 152 152 152
P 70 57 152 152 152
P 71 57 152 152 152
P 72 57 153 153 153
P 73 57 153 153 153
P 74 57 153 153 153
P 75 57 153 153 153
P 76 57 154 154 154
P 77 57 154 154 154
P 78 57 154 154 154
P 79 57 154 154 154
P 80 57 155 155 155
P 81 57 155 155 155
P 82 57 155 155 155
P 83 57 155 155 155
P 84 57 156 156 156
P 85 57 156 156 156
P 86 57 156 156 156
P 87 57 156 156 156
P 88 57 157 157 157
P 89 57 157 157 157
P 90 57 157 157 157
P 91 57 157 157 157
P 92 57 158 158 158
P 93 57 158 158 158
P 94 57 158 158 158
P 95 57 158 158 158
P 96 57 159 159 159
P 97 57 159 159 159
P 98 57 159 159 159
P 99 57 159 159 159
P 100 57 160 160 160
P 101 57 160 160 160
P 102 57 160 160 160
P 103 57 160 160 160
P 104 57 161 161 161
P 105 57 161 161 161
P 106 57 161 161 161
P 107 57 161 161 161
P 108 57 162 162 162
P 109 57 162 162 162
P 110 57 162 162 162
P 111 57 162 162 162
P 112 57 163 163 163
P 113 57 163 163 163
P 114 57 163 163 163
P 115 57 163 163 163
P 116 57 164 164 164
P 117 57 164 164 164
P 118 57 164 164 164
P 119 57 164 164 164
P 120 57 165 165 165
P 121 57 165 165 165
P 122 57 165 165 165
P 123 57 165 165 165
P 124 57 166 166 166
P 125 57 166 166 166
P 126 57 166 166 166
P 127 57 166 166 166
P 128 57 167 167 167
P 129 57 167 167 167
P 130 57 167 167 167
P 131 57 167 167 167
P 132 57 168 168 168
P 133 57 168 168 168
P 134 57 168 168 168
P 135 57 168 168 168
P 136 57 169 169 169
P 137 57 169 169 169
P 138 57 169 169 169
P 139 57 169 169 169
P 140 57 170 170 170
P 141 57 170 170 170
P 142 57 170 170 170
P 143 57 170 170 170
P 144 57 171 171 171
P 145 57 171 171 171
P 146 57 171 171 171
P 147 57 171 171 171
P 148 57 172 172 172
P 149 57 172 172 172
P 150 57 172 172 172
P 151 57 172 172 172
P 152 57 173 173 173
P 153 57 173 173 173
P 154 57 173 173 173
P 155 57 173 173 173
P 156 57 174 174 174
P 55 58 149 149 149
P 56 58 149 149 149
P 57 58 149 149 149
P 58 58 149 149 149
P 59 58 150 150 150
P 60 58 150 150 150
P 61 58 150 150 150
P 62 58 150 150 150
P 63 58 151 151 151
P 64 58 151 151 151
P 65 58 151 151 151
P 66 58 151 151 151
P 67 58 152 152 152
P 68 58 152 152 152
P 69 58 152 152 152
P 70 58 152 152 152
P 71 58 153 153 153
P 72 58 153 153 153
P 73 58 153 153 153
P 74 58 153 153 153
P 75 58 154 154 154
P 76 58 154 154 154
P 77 58 154 154 154
P 78 58 154 154 154
P 79 58 155 155 155
P 80 58 155 155 155
P 81 58 155 155 155
P 82 58 155 155 155
P 83 58 156 156 156
P 84 58 156 156 156
P 85 58 156 156 156
P 86 58 156 156 156
P 87 58 157 157 157
P 88 58 157 157 157
P 89 58 157 157 157
P 90 58 157 157 157
P 91 58 158 158 158
P 92 58 158 158 158
P 93 58 158 158 158
P 94 58 158 158 158
P 95 58 159 159 159
P 96 58 159 159 159
P 97 58 159 159 159
P 98 58 159 159 159
P 99 58 160 160 160
P 100 58 160 160 160
P 101 58 160 160 160
P 102 58 160 160 160
P 103 58 161 161 161
P 104 58 161 161 161
P 105 58 161 161 161
P 106 58 161 161 161
P 107 58 162 162 162
P 108 58 162 162 162
P 109 58 162 162 162
P 110 58 162 162 162
P 111 58 163 163 163
P 112 58 163 163 163
P 113 58 163 163 163
P 114 58 163 163 163
P 115 58 164 164 164
P 116 58 164 164 164
P 117 58 164 164 164
P 118 58 164 164 164
P 119 58 165 165 165
P 120 58 165 165 165
P 121 58 165 165 165
P 122 58 165 165 165
P 123 58 166 166 166
P 124 58 166 166 166
P 125 58 166 166 166
P 126 58 166 166 166
P 127 58 167 167 167
P 128 58 167 167 167
P 129 58 167 167 167
P 130 58 167 167 167
P 131 58 168 168 168
P 132 58 168 168 168
P 133 58 168 168 168
P 134 58 168 168 168
P 135 58 169 169 169
P 136 58 169 169 169
P 137 58 169 169 169
P 138 58 169 169 169
P 139 58 170 170 170
P 140 58 170 170 170
P 141 58 170 170 170
P 142 58 170 170 170
P 143 58 171 171 171
P 144 58 171 171 171
P 145 58 171 171 171
P 146 58 171 171 171
P 147 58 172 172 172
P 148 58 172 172 172
P 149 58 172 172 172
P 150 58 172 172 172
P 151 58 173 173 173
P 152 58 173 173 173
P 153 58 173 173 173
P 154 58 173 173 173
P 155 58 174 174 174
P 156 58 174 174 174
P 157 58 174 174 174
P 158 58 174 174 174
P 159 58 175 175 175
P 160 58 175 175 175
P 161 58 175 175 175
P 162 58 175 175 175
P 45 59 146 146 146
P 46 59 147 147 147
P 47 59 147 147 147
P 48 59 147 147 147
P 49 59 147 147 147
P 50 59 148 148 148
P 51 59 148 148 148
P 52 59 148 148 148
P 53 59 148 148 148
P 54 59 149 149 149
P 55 59 149 149 149
P 56 59 149 149 149
P 57 59 149 149 149
P 58 59 150 150 150
P 59 59 150 150 150
P 60 59 150 150 150
P 61 59 150 150 150
P 62 59 151 151 151
P 63 59 151 151 151
P 64 59 151 151 151
P 65 59 151 151 151
P 66 59 152 152 152
P 67 59 152 152 152
P 68 59 152 152 152
P 69 59 152 152 152
P 70 59 153 153 153
P 71 59 153 153 153
P 72 59 153 153 153
P 73 59 153 153 153
P 74 59 154 154 154
P 75 59 154 154 154
P 76 59 154 154 154
P 77 59 154 154 154
P 78 59 155 155 155
P 79 59 155 155 155
P 80 59 155 155 155
P 81 59 155 155 155
P 82 59 156 156 156
P 83 59 156 156 156
P 84 59 156 156 156
P 85 59 156 156 156
P 86 59 157 157 157
P 87 59 157 157 157
P 88 59 157 157 157
P 89 59 157 157 157
P 90 59 158 158 158
P 91 59 158 158 158
P 92 59 158 158 158
P 93 59 158 158 158
P 94 59 159 159 159
P 95 59 159 159 159
P 96 59 159 159 159
P 97 59 159 159 159
P 98 59 160 160 160
P 99 59 160 160 160
P 100 59 160 160 160
P 101 59 160 160 160
P 102 59 161 161 161
P 103 59 161 161 161
P 104 59 161 161 161
P 105 59 161 161 161
P 106 59 162 162 162
P 107 59 162 162 162
P 108 59 162 162 162
P 109 59 162 162 162
P 110 59 163 163 163
P 111 59 163 163 163
P 112 59 163 163 163
P 113 59 163 163 163
P 114 59 164 164 164
P 115 59 164 164 164
P 116 59 164 164 164
P 117 59 164 164 164
P 118 59 165 165 165
P 119 59 165 165 165
P 120 59 165 165 165
P 121 59 165 165 165
P 122 59 166 166 166
P 123 59 166 166 166
P 124 59 166 166 166
P 125 59 166 166 166
P 126 59 167 167 167
P 127 59 167 167 167
P 128 59 167 167 167
P 129 59 167 167 167
P 130 59 168 168 168
P 131 59 168 168 168
P 132 59 168 168 168
P 133 59 168 168 168
P 134 59 169 169 169
P 135 59 169 169 169
P 136 59 169 169 169
P 137 59 169 169 169
P 138 59 170 170 170
P 139 59 170 170 170
P 140 59 170 170 170
P 141 59 170 170 170
P 142 59 171 171 171
P 143 59 171 171 171
P 144 59 171 171 171
P 145 59 171 171 171
P 146 59 172 172 172
P 147 59 172 172 172
P 148 59 172 172 172
P 149 59 172 172 172
P 150 59 173 173 173
P 151 59 173 173 173
P 152 59 173 173 173
P 153 59 173 173 173
P 154 59 174 174 174
P 155 59 174 174 174
P 156 59 174 174 174
P 157 59 174 174 174
P 158 59 175 175 175
P 159 59 175 175 175
P 160 59 175 175 175
P 161 59 175 175 175
P 162 59 176 176 176
P 163 59 176 176 176
P 164 59 176 176 176
P 165 59 176 176 176
P 166 59 177 177 177
P 167 59 177 177 177
P 168 59 177 177 177
P 169 59 177 177 177
P 40 60 145 145 145
P 41 60 146 146 146
P 42 60 146 146 146
P 43 60 146 146 146
P 44 60 146 146 146
P 45 60 147 147 147
P 46 60 147 147 147
P 47 60 147 147 147
P 48 60 147 147 147
P 49 60 148 148 148
P 50 60 148 148 148
P 51 60 148 148 148
P 52 60 148 148 148
P 53 60 149 149 149
P 54 60 149 149 149
P 55 60 149 149 149
P 56 60 149 149 149
P 57 60 150 150 150
P 58 60 150 150 150
P 59 60 150 150 150
P 60 60 150 150 150
P 61 60 151 151 151
P 62 60 151 151 151
P 63 60 151 151 151
P 64 60 151 151 151
P 65 60 152 152 152
P 66 60 152 152 152
P 67 60 152 152 152
P 68 60 152 152 152
P 69 60 153 153 153
P 70 60 153 153 153
P 71 60 153 153 153
P 72 60 153 153 153
P 73 60 154 154 154
P 74 60 154 154 154
P 75 60 154 154 154
P 76 60 154 154 154
P 77 60 155 155 155
P 78 60 155 155 155
P 79 60 155 155 155
P 80 60 155 155 155
P 81 60 156 156 156
P 82 60 156 156 156
P 83 60 156 156 156
P 84 60 156 156 156
P 85 60 157 157 157
P 86 60 157 157 157
P 87 60 157 157 157
P 88 60 157 157 157
P 89 60 158 158 158
P 90 60 158 158 158
P 91 60 158 158 158
P 92 60 158 158 158
P 93 60 159 159 159
P 94 60 159 159 159
P 95 60 159 159 159
P 96 60 159 159 159
P 97 60 160 160 160
P 98 60 160 160 160
P 99 60 160 160 160
P 100 60 160 160 160
P 101 60 161 161 161
P 102 60 161 161 161
P 103 60 161 161 161
P 104 60 161 161 161
P 105 60 162 162 162
P 106 60 162 162 162
P 107 60 162 162 162
P 108 60 162 162 162
P 109 60 163 163 163
P 110 60 163 163 163
P 111 60 163 163 163
P 112 60 163 163 163
P 113 60 164 164 164
P 114 60 164 164 164
P 115 60 164 164 164
P 116 60 164 164 164
P 117 60 165 165 165
P 118 60 165 165 165
P 119 60 165 165 165
P 120 60 165 165 165
P 121 60 166 166 166
P 122 60 166 166 166
P 123 60 166 166 166
P 124 60 166 166 166
P 125 60 167 167 167
P 126 60 167 167 167
P 127 60 167 167 167
P 128 60 167 167 167
P 129 60 168 168 168
P 130 60 168 168 168
P 131 60 168 168 168
P 132 60 168 168 168
P 133 60 169 169 169
P 134 60 169 169 169
P 135 60 169 169 169
P 136 60 169 169 169
P 137 60 170 170 170
P 138 60 170 170 170
P 139 60 170 170 170
P 140 60 170 170 170
P 141 60 171 171 171
P 142 60 171 171 171
P 143 60 171 171 171
P 144 60 171 171 171
P 145 60 172 172 172
P 146 60 172 172 172
P 147 60 172 172 172
P 148 60 172 172 172
P 149 60 173 173 173
P 150 60 173 173 173
P 151 60 173 173 173
P 152 60 173 173 173
P 153 60 174 174 174
P 154 60 174 174 174
P 155 60 174 174 174
P 156 60 174 174 174
P 157 60 175 175 175
P 158 60 175 175 175
P 159 60 175 175 175
P 160 60 175 175 175
P 161 60 176 176 176
P 162 60 176 176 176
P 163 60 176 176 176
P 164 60 176 176 176
P 165 60 177 177 177
P 166 60 177 177 177
P 167 60 177 177 177
P 168 60 177 177 177
P 169 60 178 178 178
P 170 60 178 178 178
P 171 60 178 178 178
P 172 60 178 178 178
P 173 60 179 179 179
P 174 60 179 179 179
P 175 60 179 179 179
P 176 60 179 179 179
P 40 61 146 146 146
P 41 61 146 146 146
P 42 61 146 146 146
P 43 61 146 146 146
P 44 61 147 147 147
P 45 61 147 147 147
P 46 61 147 147 147
P 47 61 147 147 147
P 48 61 148 148 148
P 49 61 148 148 148
P 50 61 148 148 148
P 51 61 148 148 148
P 52 61 149 149 149
P 53 61 149 149 149
P 54 61 149 149 149
P 55 61 149 149 149
P 56 61 150 150 150
P 57 61 150 150 150
P 58 61 150 150 150
P 59 61 150 150 150
P 60 61 151 151 151
P 61 61 151 151 151
P 62 61 151 151 151
P 63 61 151 151 151
P 64 61 152 152 152
P 65 61 152 152 152
P 66 61 152 152 152
P 67 61 152 152 152
P 68 61 153 153 153
P 69 61 153 153 153
P 70 61 153 153 153
P 71 61 153 153 153
P 72 61 154 154 154
P 73 61 154 154 154
P 74 61 154 154 154
P 75 61 154 154 154
P 76 61 155 155 155
P 77 61 155 155 155
P 78 61 155 155 155
P 79 61 155 155 155
P 80 61 156 156 156
P 81 61 156 156 156
P 82 61 156 156 156
P 83 61 156 156 156
P 84 61 157 157 157
P 85 61 157 157 157
P 86 61 157 157 157
P 87 61 157 157 157
P 88 61 158 158 158
P 89 61 158 158 158
P 90 61 158 158 158
P 91 61 158 158 158
P 92 61 159 159 159
P 93 61 159 159 159
P 94 61 159 159 159
P 95 61 159 159 159
P 96 61 160 160 160
P 97 61 160 160 160
P 98 61 160 160 160
P 99 61 160 160 160
P 100 61 161 161 161
P 101 61 161 161 161
P 102 61 161 161 161
P 103 61 161 161 161
P 104 61 162 162 162
P 105 61 162 162 162
P 106 61 162 162 162
P 107 61 162 162 162
P 108 61 163 163 163
P 109 61 163 163 163
P 110 61 163 163 163
P 111 61 163 163 163
P 112 61 164 164 164
P 113 61 164 164 164
P 114 61 164 164 164
P 115 61 164 164 164
P 116 61 165 165 165
P 117 61 165 165 165
P 118 61 165 165 165
P 119 61 165 165 165
P 120 61 166 166 166
P 121 61 166 166 166
P 122 61 166 166 166
P 123 61 166 166 166
P 124 61 167 167 167
P 125 61 167 167 167
P 126 61 167 167 167
P 127 61 167 167 167
P 128 61 168 168 168
P 129 61 168 168 168
P 130 61 168 168 168
P 131 61 168 168 168
P 132 61 169 169 169
P 133 61 169 169 169
P 134 61 169 169 169
P 135 61 169 169 169
P 136 61 170 170 170
P 137 61 170 170 170
P 138 61 170 170 170
P 139 61 170 170 170
P 140 61 171 171 171
P 141 61 171 171 171
P 142 61 171 171 171
P 143 61 171 171 171
P 144 61 172 172 172
P 145 61 172 172 172
P 146 61 172 172 172
P 147 61 172 172 172
P 148 61 173 173 173
P 149 61 173 173 173
P 150 61 173 173 173
P 151 61 173 173 173
P 152 61 174 174 174
P 153 61 174 174 174
P 154 61 174 174 174
P 155 61 174 174 174
P 156 61 175 175 175
P 157 61 175 175 175
P 158 61 175 175 175
P 159 61 175 175 175
P 160 61 176 176 176
P 161 61 176 176 176
P 162 61 176 176 176
P 163 61 176 176 176
P 164 61 177 177 177
P 165 61 177 177 177
P 166 61 177 177 177
P 167 61 177 177 177
P 168 61 178 178 178
P 169 61 178 178 178
P 170 61 178 178 178
P 171 61 178 178 178
P 172 61 179 179 179
P 173 61 179 179 179
P 174 61 179 179 179
P 175 61 179 179 179
P 176 61 180 180 180
P 177 61 180 180 180
P 178 61 180 180 180
P 179 61 180 180 180
P 180 61 181 181 181
P 181 61 181 181 181
P 182 61 181 181 181
P 40 62 146 146 146
P 41 62 146 146 146
P 42 62 146 146 146
P 43 62 147 147 147
P 44 62 147 147 147
P 45 62 147 147 147
P 46 62 147 147 147
P 47 62 148 148 148
P 48 62 148 148 148
P 49 62 148 148 148
P 50 62 148 148 148
P 51 62 149 149 149
P 52 62 149 149 149
P 53 62 149 149 149
P 54 62 149 149 149
P 55 62 150 150 150
P 56 62 150 150 150
P 57 62 150 150 150
P 58 62 150 150 150
P 59 62 151 151 151
P 60 62 151 151 151
P 61 62 151 151 151
P 62 62 151 151 151
P 63 62 152 152 152
P 64 62 152 152 152
P 65 62 152 152 152
P 66 62 152 152 152
P 67 62 153 153 153
P 68 62 153 153 153
P 69 62 153 153 153
P 70 62 153 153 153
P 71 62 154 154 154
P 72 62 154 154 154
P 73 62 154 154 154
P 74 62 154 154 154
P 75 62 155 155 155
P 76 62 155 155 155
P 77 62 155 155 155
P 78 62 155 155 155
P 79 62 156 156 156
P 80 62 156 156 156
P 81 62 156 156 156
P 82 62 156 156 156
P 83 62 157 157 157
P 84 62 157 157 157
P 85 62 157 157 157
P 86 62 157 157 157
P 87 62 158 158 158
P 88 62 158 158 158
P 89 62 158 158 158
P 90 62 158 158 158
P 91 62 159 159 159
P 92 62 159 159 159
P 93 62 159 159 159
P 94 62 159 159 159
P 95 62 160 160 160
P 96 62 160 160 160
P 97 62 160 160 160
P 98 62 160 160 160
P 99 62 161 161 161
P 100 62 161 161 161
P 101 62 161 161 161
P 102 62 161 161 161
P 103 62 162 162 162
P 104 62 162 162 162
P 105 62 162 162 162
P 106 62 162 162 162
P 107 62 163 163 163
P 108 62 163 163 163
P 109 62 163 163 163
P 110 62 163 163 163
P 111 62 164 164 164
P 112 62 164 164 164
P 113 62 164 164 164
P 114 62 164 164 164
P 115 62 165 165 165
P 116 62 165 165 165
P 117 62 165 165 165
P 118 62 165 165 165
P 119 62 166 166 166
P 120 62 166 166 166
P 121 62 166 166 166
P 122 62 166 166 166
P 123 62 167 167 167
P 124 62 167 167 167
P 125 62 167 167 167
P 126 62 167 167 167
P 127 62 168 168 168
P 128 62 168 168 168
P 129 62 168 168 168
P 130 62 168 168 168
P 131 62 169 169 169
P 132 62 169 169 169
P 133 62 169 169 169
P 134 62 169 169 169
P 135 62 170 170 170
P 136 62 170 170 170
P 137 62 170 170 170
P 138 62 170 170 170
P 139 62 171 171 171
P 140 62 171 171 171
P 141 62 171 171 171
P 142 62 171 171 171
P 143 62 172 172 172
P 144 62 172 172 172
P 145 62 172 172 172
P 146 62 172 172 172
P 147 62 173 173 173
P 148 62 173 173 173
P 149 62 173 173 173
P 150 62 173 173 173
P 151 62 174 174 174
P 152 62 174 174 174
P 153 62 174 174 174
P 154 62 174 174 174
P 155 62 175 175 175
P 156 62 175 175 175
P 157 62 175 175 175
P 158 62 175 175 175
P 159 62 176 176 176
P 160 62 176 176 176
P 161 62 176 176 176
P 162 62 176 176 176
P 163 62 177 177 177
P 164 62 177 177 177
P 165 62 177 177 177
P 166 62 177 177 177
P 167 62 178 178 178
P 168 62 178 178 178
P 169 62 178 178 178
P 170 62 178 178 178
P 171 62 179 179 179
P 172 62 179 179 179
P 173 62 179 179 179
P 174 62 179 179 179
P 175 62 180 180 180
P 176 62 180 180 180
P 177 62 180 180 180
P 178 62 180 180 180
P 179 62 181 181 181
P 180 62 181 181 181
P 181 62 181 181 181
P 182 62 181 181 181
P 183 62 182 182 182
P 184 62 182 182 182
P 185 62 182 182 182
P 186 62 182 182 182
P 187 62 183 183 183
P 188 62 183 183 183
P 189 62 183 183 183
P 40 63 146 146 146
P 41 63 146 146 146
P 42 63 147 147 147
P 43 63 147 147 147
P 44 63 147 147 147
P 45 63 147 147 147
P 46 63 148 148 148
P 47 63 148 148 148
P 48 63 148 148 148
P 49 63 148 148 148
P 50 63 149 149 149
P 51 63 149 149 149
P 52 63 149 149 149
P 53 63 149 149 149
P 54 63 150 150 150
P 55 63 150 150 150
P 56 63 150 150 150
P 57 63 150 150 150
P 58 63 151 151 151
P 59 63 151 151 151
P 60 63 151 151 151
P 61 63 151 151 151
P 62 63 152 152 152
P 63 63 152 152 152
P 64 63 152 152 152
P 65 63 152 152 152
P 66 63 153 153 153
P 67 63 153 153 153
P 68 63 153 153 153
P 69 63 153 153 153
P 70 63 154 154 154
P 71 63 154 154 154
P 72 63 154 154 154
P 73 63 154 154 154
P 74 63 155 155 155
P 75 63 155 155 155
P 76 63 155 155 155
P 77 63 155 155 155
P 78 63 156 156 156
P 79 63 156 156 156
P 80 63 156 156 156
P 81 63 156 156 156
P 82 63 157 157 157
P 83 63 157 157 157
P 84 63 157 157 157
P 85 63 157 157 157
P 86 63 158 158 158
P 87 63 158 158 158
P 88 63 158 158 158
P 89 63 158 158 158
P 90 63 159 159 159
P 91 63 159 159 159
P 92 63 159 159 159
P 93 63 159 159 159
P 94 63 160 160 160
P 95 63 160 160 160
P 96 63 160 160 160
P 97 63 160 160 160
P 98 63 161 161 161
P 99 63 161 161 161
P 100 63 161 161 161
P 101 63 161 161 161
P 102 63 162 162 162
P 103 63 162 162 162
P 104 63 162 162 162
P 105 63 162 162 162
P 106 63 163 163 163
P 107 63 163 163 163
P 108 63 163 163 163
P 109 63 163 163 163
P 110 63 164 164 164
P 111 63 164 164 164
P 112 63 164 164 164
P 113 63 164 164 164
P 114 63 165 165 165
P 115 63 165 165 165
P 116 63 165 165 165
P 117 63 165 165 165
P 118 63 166 166 166
P 119 63 166 166 166
P 120 63 166 166 166
P 121 63 166 166 166
P 122 63 167 167 167
P 123 63 167 167 167
P 124 63 167 167 167
P 125 63 167 167 167
P 126 63 168 168 168
P 127 63 168 168 168
P 128 63 168 168 168
P 129 63 168 168 168
P 130 63 169 169 169
P 131 63 169 169 169
P 132 63 169 169 169
P 133 63 169 169 169
P 134 63 170 170 170
P 135 63 170 170 170
P 136 63 170 170 170
P 137 63 170 170 170
P 138 63 171 171 171
P 139 63 171 171 171
P 140 63 171 171 171
P 141 63 171 171 171
P 142 63 172 172 172
P 143 63 172 172 172
P 144 63 172 172 172
P 145 63 172 172 172
P 146 63 173 173 173
P 147 63 173 173 173
P 148 63 173 173 173
P 149 63 173 173 173
P 150 63 174 174 174
P 151 63 174 174 174
P 152 63 174 174 174
P 153 63 174 174 174
P 154 63 175 175 175
P 155 63 175 175 175
P 156 63 175 175 175
P 157 63 175 175 175
P 158 63 176 176 176
P 159 63 176 176 176
P 160 63 176 176 176
P 161 63 176 176 176
P 162 63 177 177 177
P 163 63 177 177 177
P 164 63 177 177 177
P 165 63 177 177 177
P 166 63 178 178 178
P 167 63 178 178 178
P 168 63 178 178 178
P 169 63 178 178 178
P 170 63 179 179 179
P 171 63 179 179 179
P 172 63 179 179 179
P 173 63 179 179 179
P 174 63 180 180 180
P 175 63 180 180 180
P 176 63 180 180 180
P 177 63 180 180 180
P 178 63 181 181 181
P 179 63 181 181 181
P 180 63 181 181 181
P 181 63 181 181 181
P 182 63 182 182 182
P 183 63 182 182 182
P 184 63 182 182 182
P 185 63 182 182 182
P 186 63 183 183 183
P 187 63 183 183 183
P 188 63 183 183 183
P 189 63 183 183 183
P 190 63 184 184 184
P 191 63 184 184 184
P 192 63 184 184 184
P 193 63 184 184 184
P 194 63 185 185 185
P 195 63 185 185 185
P 196 63 185 185 185
P 40 64 146 146 146
P 41 64 147 147 147
P 42 64 147 147 147
P 43 64 147 147 147
P 44 64 147 147 147
P 45 64 148 148 148
P 46 64 148 148 148
P 47 64 148 148 148
P 48 64 148 148 148
P 49 64 149 149 149
P 50 64 149 149 149
P 51 64 149 149 149
P 52 64 149 149 149
P 53 64 150 150 150
P 54 64 150 150 150
P 55 64 150 150 150
P 56 64 150 150 150
P 57 64 151 151 151
P 58 64 151 151 151
P 59 64 151 151 151
P 60 64 151 151 151
P 61 64 152 152 152
P 62 64 152 152 152
P 63 64 152 152 152
P 64 64 152 152 152
P 65 64 153 153 153
P 66 64 153 153 153
P 67 64 153 153 153
P 68 64 153 153 153
P 69 64 154 154 154
P 70 64 154 154 154
P 71 64 154 154 154
P 72 64 154 154 154
P 73 64 155 155 155
P 74 64 155 155 155
P 75 64 155 155 155
P 76 64 155 155 155
P 77 64 156 156 156
P 78 64 156 156 156
P 79 64 156 156 156
P 80 64 156 156 156
P 81 64 157 157 157
P 82 64 157 157 157
P 83 64 157 157 157
P 84 64 157 157 157
P 85 64 158 158 158
P 86 64 158 158 158
P 87 64 158 158 158
P 88 64 158 158 158
P 89 64 159 159 159
P 90 64 159 159 159
P 91 64 159 159 159
P 92 64 159 159 159
P 93 64 160 160 160
P 94 64 160 160 160
P 95 64 160 160 160
P 96 64 160 160 160
P 97 64 161 161 161
P 98 64 161 161 161
P 99 64 161 161 161
P 100 64 161 161 161
P 101 64 162 162 162
P 102 64 162 162 162
P 103 64 162 162 162
P 104 64 162 162 162
P 105 64 163 163 163
P 106 64 163 163 163
P 107 64 163 163 163
P 108 64 163 163 163
P 109 64 164 164 164
P 110 64 164 164 164
P 111 64 164 164 164
P 112 64 164 164 164
P 113 64 165 165 165
P 114 64 165 165 165
P 115 64 165 165 165
P 116 64 165 165 165
P 117 64 166 166 166
P 118 64 166 166 166
P 119 64 166 166 166
P 120 64 166 166 166
P 121 64 167 167 167
P 122 64 167 167 167
P 123 64 167 167 167
P 124 64 167 167 167
P 125 64 168 168 168
P 126 64 168 168 168
P 127 64 168 168 168
P 128 64 168 168 168
P 129 64 169 169 169
P 130 64 169 169 169
P 131 64 169 169 169
P 132 64 169 169 169
P 133 64 170 170 170
P 134 64 170 170 170
P 135 64 170 170 170
P 136 64 170 170 170
P 137 64 171 171 171
P 138 64 171 171 171
P 139 64 171 171 171
P 140 64 171 171 171
P 141 64 172 172 172
P 142 64 172 172 172
P 143 64 172 172 172
P 144 64 172 172 172
P 145 64 173 173 173
P 146 64 173 173 173
P 147 64 173 173 173
P 148 64 173 173 173
P 149 64 174 174 174
P 150 64 174 174 174
P 151 64 174 174 174
P 152 64 174 174 174
P 153 64 175 175 175
P 154 64 175 175 175
P 155 64 175 175 175
P 156 64 175 175 175
P 157 64 176 176 176
P 158 64 176 176 176
P 159 64 176 176 176
P 160 64 176 176 176
P 161 64 177 177 177
P 162 64 177 177 177
P 163 64 177 177 177
P 164 64 177 177 177
P 165 64 178 178 178
P 166 64 178 178 178
P 167 64 178 178 178
P 168 64 178 178 178
P 169 64 179 179 179
P 170 64 179 179 179
P 171 64 179 179 179
P 172 64 179 179 179
P 173 64 180 180 180
P 174 64 180 180 180
P 175 64 180 180 180
P 176 64 180 180 180
P 177 64 181 181 181
P 178 64 181 181 181
P 179 64 181 181 181
P 180 64 181 181 181
P 181 64 182 182 182
P 182 64 182 182 182
P 183 64 182 182 182
P 184 64 182 182 182
P 185 64 183 183 183
P 186 64 183 183 183
P 187 64 183 183 183
P 188 64 183 183 183
P 189 64 184 184 184
P 190 64 184 184 184
P 191 64 184 184 184
P 192 64 184 184 184
P 193 64 185 185 185
P 194 64 185 185 185
P 195 64 185 185 185
P 196 64 185 185 185
P 197 64 186 186 186
P 198 64 186 186 186
P 199 64 186 186 186
P 40 65 147 147 147
P 41 65 147 147 147
P 42 65 147 147 147
P 43 65 147 147 147
P 44 65 148 148 148
P 45 65 148 148 148
P 46 65 148 148 148
P 47 65 148 148 148
P 48 65 149 149 149
P 49 65 149 149 149
P 50 65 149 149 149
P 51 65 149 149 149
P 52 65 150 150 150
P 53 65 150 150 150
P 54 65 150 150 150
P 55 65 150 150 150
P 56 65 151 151 151
P 57 65 151 151 151
P 58 65 151 151 151
P 59 65 151 151 151
P 60 65 152 152 152
P 61 65 152 152 152
P 62 65 152 152 152
P 63 65 152 152 152
P 64 65 153 153 153
P 65 65 153 153 153
P 66 65 153 153 153
P 67 65 153 153 153
P 68 65 154 154 154
P 69 65 154 154 154
P 70 65 154 154 154
P 71 65 154 154 154
P 72 65 155 155 155
P 73 65 155 155 155
P 74 65 155 155 155
P 75 65 155 155 155
P 76 65 156 156 156
P 77 65 156 156 156
P 78 65 156 156 156
P 79 65 156 156 156
P 80 65 157 157 157
P 81 65 157 157 157
P 82 65 157 157 157
P 83 65 157 157 157
P 84 65 158 158 158
P 85 65 158 158 158
P 86 65 158 158 158
P 87 65 158 158 158
P 88 65 159 159 159
P 89 65 159 159 159
P 90 65 159 159 159
P 91 65 159 159 159
P 92 65 160 160 160
P 93 65 160 160 160
P 94 65 160 160 160
P 95 65 160 160 160
P 96 65 161 161 161
P 97 65 161 161 161
P 98 65 161 161 161
P 99 65 161 161 161
P 100 65 162 162 162
P 101 65 162 162 162
P 102 65 162 162 162
P 103 65 162 162 162
P 104 65 163 163 163
P 105 65 163 163 163
P 106 65 163 163 163
P 107 65 163 163 163
P 108 65 164 164 164
P 109 65 164 164 164
P 110 65 164 164 164
P 111 65 164 164 164
P 112 65 165 165 165
P 113 65 165 165 165
P 114 65 165 165 165
P 115 65 165 165 165
P 116 65 166 166 166
P 117 65 166 166 166
P 118 65 166 166 166
P 119 65 166 166 166
P 120 65 167 167 167
P 121 65 167 167 167
P 122 65 167 167 167
P 123 65 167 167 167
P 124 65 168 168 168
P 125 65 168 168 168
P 126 65 168 168 168
P 127 65 168 168 168
P 128 65 169 169 169
P 129 65 169 169 169
P 130 65 169 169 169
P 131 65 169 169 169
P 132 65 170 170 170
P 133 65 170 170 170
P 134 65 170 170 170
P 135 65 170 170 170
P 136 65 171 171 171
P 137 65 171 171 171
P 138 65 171 171 171
P 139 65 171 171 171
P 140 65 172 172 172
P 141 65 172 172 172
P 142 65 172 172 172
P 143 65 172 172 172
P 144 65 173 173 173
P 145 65 173 173 173
P 146 65 173 173 173
P 147 65 173 173 173
P 148 65 174 174 174
P 149 65 174 174 174
P 150 65 174 174 174
P 151 65 174 174 174
P 152 65 175 175 175
P 153 65 175 175 175
P 154 65 175 175 175
P 155 65 175 175 175
P 156 65 176 176 176
P 157 65 176 176 176
P 158 65 176 176 176
P 159 65 176 176 176
P 160 65 177 177 177
P 161 65 177 177 177
P 162 65 177 177 177
P 163 65 177 177 177
P 164 65 178 178 178
P 165 65 178 178 178
P 166 65 178 178 178
P 167 65 178 178 178
P 168 65 179 179 179
P 169 65 179 179 179
P 170 65 179 179 179
P 171 65 179 179 179
P 172 65 180 180 180
P 173 65 180 180 180
P 174 65 180 180 180
P 175 65 180 180 180
P 176 65 181 181 181
P 177 65 181 181 181
P 178 65 181 181 181
P 179 65 181 181 181
P 180 65 182 182 182
P 181 65 182 182 182
P 182 65 182 182 182
P 183 65 182 182 182
P 184 65 183 183 183
P 185 65 183 183 183
P 186 65 183 183 183
P 187 65 183 183 183
P 188 65 184 184 184
P 189 65 184 184 184
P 190 65 184 184 184
P 191 65 184 184 184
P 192 65 185 185 185
P 193 65 185 185 185
P 194 65 185 185 185
P 195 65 185 185 185
P 196 65 186 186 186
P 197 65 186 186 186
P 198 65 186 186 186
P 199 65 186 186 186
P 40 66 147 147 147
P 41 66 147 147 147
P 42 66 147 147 147
P 43 66 148 148 148
P 44 66 148 148 148
P 45 66 148 148 148
P 46 66 148 148 148
P 47 66 149 149 149
P 48 66 149 149 149
P 49 66 149 149 149
P 50 66 149 149 149
P 51 66 150 150 150
P 52 66 150 150 150
P 53 66 150 150 150
P 54 66 150 150 150
P 55 66 151 151 151
P 56 66 151 151 151
P 57 66 151 151 151
P 58 66 151 151 151
P 59 66 152 152 152
P 60 66 152 152 152
P 61 66 152 152 152
P 62 66 152 152 152
P 63 66 153 153 153
P 64 66 153 153 153
P 65 66 153 153 153
P 66 66 153 153 153
P 67 66 154 154 154
P 68 66 154 154 154
P 69 66 154 154 154
P 70 66 154 154 154
P 71 66 155 155 155
P 72 66 155 155 155
P 73 66 155 155 155
P 74 66 155 155 155
P 75 66 156 156 156
P 76 66 156 156 156
P 77 66 156 156 156
P 78 66 156 156 156
P 79 66 157 157 157
P 80 66 157 157 157
P 81 66 157 157 157
P 82 66 157 157 157
P 83 66 158 158 158
P 84 66 158 158 158
P 85 66 158 158 158
P 86 66 158 158 158
P 87 66 159 159 159
P 88 66 159 159 159
P 89 66 159 159 159
P 90 66 159 159 159
P 91 66 160 160 160
P 92 66 160 160 160
P 93 66 160 160 160
P 94 66 160 160 160
P 95 66 161 161 161
P 96 66 161 161 161
P 97 66 161 161 161
P 98 66 161 161 161
P 99 66 162 162 162
P 100 66 162 162 162
P 101 66 162 162 162
P 102 66 162 162 162
P 103 66 163 163 163
P 104 66 163 163 163
P 105 66 163 163 163
P 106 66 163 163 163
P 107 66 164 164 164
P 108 66 164 164 164
P 109 66 164 164 164
P 110 66 164 164 164
P 111 66 165 165 165
P 112 66 165 165 165
P 113 66 165 165 165
P 114 66 165 165 165
P 115 66 166 166 166
P 116 66 166 166 166
P 117 66 166 166 166
P 118 66 166 166 166
P 119 66 167 167 167
P 120 66 167 167 167
P 121 66 167 167 167
P 122 66 167 167 167
P 123 66 168 168 168
P 124 66 168 168 168
P 125 66 168 168 168
P 126 66 168 168 168
P 127 66 169 169 169
P 128 66 169 169 169
P 129 66 169 169 169
P 130 66 169 169 169
P 131 66 170 170 170
P 132 66 170 170 170
P 133 66 170 170 170
P 134 66 170 170 170
P 135 66 171 171 171
P 136 66 171 171 171
P 137 66 171 171 171
P 138 66 171 171 171
P 139 66 172 172 172
P 140 66 172 172 172
P 141 66 172 172 172
P 142 66 172 172 172
P 143 66 173 173 173
P 144 66 173 173 173
P 145 66 173 173 173
P 146 66 173 173 173
P 147 66 174 174 174
P 148 66 174 174 174
P 149 66 174 174 174
P 150 66 174 174 174
P 151 66 175 175 175
P 152 66 175 175 175
P 153 66 175 175 175
P 154 66 175 175 175
P 155 66 176 176 176
P 156 66 176 176 176
P 157 66 176 176 176
P 158 66 176 176 176
P 159 66 177 177 177
P 160 66 177 177 177
P 161 66 177 177 177
P 162 66 177 177 177
P 163 66 178 178 178
P 164 66 178 178 178
P 165 66 178 178 178
P 166 66 178 178 178
P 167 66 179 179 179
P 168 66 179 179 179
P 169 66 179 179 179
P 170 66 179 179 179
P 171 66 180 180 180
P 172 66 180 180 180
P 173 66 180 180 180
P 174 66 180 180 180
P 175 66 181 181 181
P 176 66 181 181 181
P 177 66 181 181 181
P 178 66 181 181 181
P 179 66 182 182 182
P 180 66 182 182 182
P 181 66 182 182 182
P 182 66 182 182 182
P 183 66 183 183 183
P 184 66 183 183 183
P 185 66 183 183 183
P 186 66 183 183 183
P 187 66 184 184 184
P 188 66 184 184 184
P 189 66 184 184 184
P 190 66 184 184 184
P 191 66 185 185 185
P 192 66 185 185 185
P 193 66 185 185 185
P 194 66 185 185 185
P 195 66 186 186 186
P 196 66 186 186 186
P 197 66 186 186 186
P 198 66 186 186 186
P 199 66 187 187 187
P 40 67 147 147 147
P 41 67 147 147 147
P 42 67 148 148 148
P 43 67 148 148 148
P 44 67 148 148 148
P 45 67 148 148 148
P 46 67 149 149 149
P 47 67 149 149 149
P 48 67 149 149 149
P 49 67 149 149 149
P 50 67 150 150 150
P 51 67 150 150 150
P 52 67 150 150 150
P 53 67 150 150 150
P 54 67 151 151 151
P 55 67 151 151 151
P 56 67 151 151 151
P 57 67 151 151 151
P 58 67 152 152 152
P 59 67 152 152 152
P 60 67 152 152 152
P 61 67 152 152 152
P 62 67 153 153 153
P 63 67 153 153 153
P 64 67 153 153 153
P 65 67 153 153 153
P 66 67 154 154 154
P 67 67 154 154 154
P 68 67 154 154 154
P 69 67 154 154 154
P 70 67 155 155 155
P 71 67 155 155 155
P 72 67 155 155 155
P 73 67 155 155 155
P 74 67 156 156 156
P 75 67 156 156 156
P 76 67 156 156 156
P 77 67 156 156 156
P 78 67 157 157 157
P 79 67 157 157 157
P 80 67 157 157 157
P 81 67 157 157 157
P 82 67 158 158 158
P 83 67 158 158 158
P 84 67 158 158 158
P 85 67 158 158 158
P 86 67 159 159 159
P 87 67 159 159 159
P 88 67 159 159 159
P 89 67 159 159 159
P 90 67 160 160 160
P 91 67 160 160 160
P 92 67 160 160 160
P 93 67 160 160 160
P 94 67 161 161 161
P 95 67 161 161 161
P 96 67 161 161 161
P 97 67 161 161 161
P 98 67 162 162 162
P 99 67 162 162 162
P 100 67 162 162 162
P 101 67 162 162 162
P 102 67 163 163 163
P 103 67 163 163 163
P 104 67 163 163 163
P 105 67 163 163 163
P 106 67 164 164 164
P 107 67 164 164 164
P 108 67 164 164 164
P 109 67 164 164 164
P 110 67 165 165 165
P 111 67 165 165 165
P 112 67 165 165 165
P 113 67 165 165 165
P 114 67 166 166 166
P 115 67 166 166 166
P 116 67 166 166 166
P 117 67 166 166 166
P 118 67 167 167 167
P 119 67 167 167 167
P 120 67 167 167 167
P 121 67 167 167 167
P 122 67 168 168 168
P 123 67 168 168 168
P 124 67 168 168 168
P 125 67 168 168 168
P 126 67 169 169 169
P 127 67 169 169 169
P 128 67 169 169 169
P 129 67 169 169 169
P 130 67 170 170 170
P 131 67 170 170 170
P 132 67 170 170 170
P 133 67 170 170 170
P 134 67 171 171 171
P 135 67 171 171 171
P 136 67 171 171 171
P 137 67 171 171 171
P 138 67 172 172 172
P 139 67 172 172 172
P 140 67 172 172 172
P 141 67 172 172 172
P 142 67 173 173 173
P 143 67 173 173 173
P 144 67 173 173 173
P 145 67 173 173 173
P 146 67 174 174 174
P 147 67 174 174 174
P 148 67 174 174 174
P 149 67 174 174 174
P 150 67 175 175 175
P 151 67 175 175 175
P 152 67 175 175 175
P 153 67 175 175 175
P 154 67 176 176 176
P 155 67 176 176 176
P 156 67 176 176 176
P 157 67 176 176 176
P 158 67 177 177 177
P 159 67 177 177 177
P 160 67 177 177 177
P 161 67 177 177 177
P 162 67 178 178 178
P 163 67 178 178 178
P 164 67 178 178 178
P 165 67 178 178 178
P 166 67 179 179 179
P 167 67 179 179 179
P 168 67 179 179 179
P 169 67 179 179 179
P 170 67 180 180 180
P 171 67 180 180 180
P 172 67 180 180 180
P 173 67 180 180 180
P 174 67 181 181 181
P 175 67 181 181 181
P 176 67 181 181 181
P 177 67 181 181 181
P 178 67 182 182 182
P 179 67 182 182 182
P 180 67 182 182 182
P 181 67 182 182 182
P 182 67 183 183 183
P 183 67 183 183 183
P 184 67 183 183 183
P 185 67 183 183 183
P 186 67 184 184 184
P 187 67 184 184 184
P 188 67 184 184 184
P 189 67 184 184 184
P 190 67 185 185 185
P 191 67 185 185 185
P 192 67 185 185 185
P 193 67 185 185 185
P 194 67 186 186 186
P 195 67 186 186 186
P 196 67 186 186 186
P 197 67 186 186 186
P 198 67 187 187 187
P 199 67 187 187 187
P 41 68 148 148 148
P 42 68 148 148 148
P 43 68 148 148 148
P 44 68 148 148 148
P 45 68 149 149 149
P 46 68 149 149 149
P 47 68 149 149 149
P 48 68 149 149 149
P 49 68 150 150 150
P 50 68 150 150 150
P 51 68 150 150 150
P 52 68 150 150 150
P 53 68 151 151 151
P 54 68 151 151 151
P 55 68 151 151 151
P 56 68 151 151 151
P 57 68 152 152 152
P 58 68 152 152 152
P 59 68 152 152 152
P 60 68 152 152 152
P 61 68 153 153 153
P 62 68 153 153 153
P 63 68 153 153 153
P 64 68 153 153 153
P 65 68 154 154 154
P 66 68 154 154 154
P 67 68 154 154 154
P 68 68 154 154 154
P 69 68 155 155 155
P 70 68 155 155 155
P 71 68 155 155 155
P 72 68 155 155 155
P 73 68 156 156 156
P 74 68 156 156 156
P 75 68 156 156 156
P 76 68 156 156 156
P 77 68 157 157 157
P 78 68 157 157 157
P 79 68 157 157 157
P 80 68 157 157 157
P 81 68 158 158 158
P 82 68 158 158 158
P 83 68 158 158 158
P 84 68 158 158 158
P 85 68 159 159 159
P 86 68 159 159 159
P 87 68 159 159 159
P 88 68 159 159 159
P 89 68 160 160 160
P 90 68 160 160 160
P 91 68 160 160 160
P 92 68 160 160 160
P 93 68 161 161 161
P 94 68 161 161 161
P 95 68 161 161 161
P 96 68 161 161 161
P 97 68 162 162 162
P 98 68 162 162 162
P 99 68 162 162 162
P 100 68 162 162 162
P 101 68 163 163 163
P 102 68 163 163 163
P 103 68 163 163 163
P 104 68 163 163 163
P 105 68 164 164 164
P 106 68 164 164 164
P 107 68 164 164 164
P 108 68 164 164 164
P 109 68 165 165 165
P 110 68 165 165 165
P 111 68 165 165 165
P 112 68 165 165 165
P 113 68 166 166 166
P 114 68 166 166 166
P 115 68 166 166 166
P 116 68 166 166 166
P 117 68 167 167 167
P 118 68 167 167 167
P 119 68 167 167 167
P 120 68 167 167 167
P 121 68 168 168 168
P 122 68 168 168 168
P 123 68 168 168 168
P 124 68 168 168 168
P 125 68 169 169 169
P 126 68 169 169 169
P 127 68 169 169 169
P 128 68 169 169 169
P 129 68 170 170 170
P 130 68 170 170 170
P 131 68 170 170 170
P 132 68 170 170 170
P 133 68 171 171 171
P 134 68 171 171 171
P 135 68 171 171 171
P 136 68 171 171 171
P 137 68 172 172 172
P 138 68 172 172 172
P 139 68 172 172 172
P 140 68 172 172 172
P 141 68 173 173 173
P 142 68 173 173 173
P 143 68 173 173 173
P 144 68 173 173 173
P 145 68 174 174 174
P 146 68 174 174 174
P 147 68 174 174 174
P 148 68 174 174 174
P 149 68 175 175 175
P 150 68 175 175 175
P 151 68 175 175 175
P 152 68 175 175 175
P 153 68 176 176 176
P 154 68 176 176 176
P 155 68 176 176 176
P 156 68 176 176 176
P 157 68 177 177 177
P 158 68 177 177 177
P 159 68 177 177 177
P 160 68 177 177 177
P 161 68 178 178 178
P 162 68 178 178 178
P 163 68 178 178 178
P 164 68 178 178 178
P 165 68 179 179 179
P 166 68 179 179 179
P 167 68 179 179 179
P 168 68 179 179 179
P 169 68 180 180 180
P 170 68 180 180 180
P 171 68 180 180 180
P 172 68 180 180 180
P 173 68 181 181 181
P 174 68 181 181 181
P 175 68 181 181 181
P 176 68 181 181 181
P 177 68 182 182 182
P 178 68 182 182 182
P 179 68 182 182 182
P 180 68 182 182 182
P 181 68 183 183 183
P 182 68 183 183 183
P 183 68 183 183 183
P 184 68 183 183 183
P 185 68 184 184 184
P 186 68 184 184 184
P 187 68 184 184 184
P 188 68 184 184 184
P 189 68 185 185 185
P 190 68 185 185 185
P 191 68 185 185 185
P 192 68 185 185 185
P 193 68 186 186 186
P 194 68 186 186 186
P 195 68 186 186 186
P 196 68 186 186 186
P 197 68 187 187 187
P 198 68 187 187 187
P 199 68 187 187 187
P 41 69 148 148 148
P 42 69 148 148 148
P 43 69 148 148 148
P 44 69 149 149 149
P 45 69 149 149 149
P 46 69 149 149 149
P 47 69 149 149 149
P 48 69 150 150 150
P 49 69 150 150 150
P 50 69 150 150 150
P 51 69 150 150 150
P 52 69 151 151 151
P 53 69 151 151 151
P 54 69 151 151 151
P 55 69 151 151 151
P 56 69 152 152 152
P 57 69 152 152 152
P 58 69 152 152 152
P 59 69 152 152 152
P 60 69 153 153 153
P 61 69 153 153 153
P 62 69 153 153 153
P 63 69 153 153 153
P 64 69 154 154 154
P 65 69 154 154 154
P 66 69 154 154 154
P 67 69 154 154 154
P 68 69 155 155 155
P 69 69 155 155 155
P 70 69 155 155 155
P 71 69 155 155 155
P 72 69 156 156 156
P 73 69 156 156 156
P 74 69 156 156 156
P 75 69 156 156 156
P 76 69 157 157 157
P 77 69 157 157 157
P 78 69 157 157 157
P 79 69 157 157 157
P 80 69 158 158 158
P 81 69 158 158 158
P 82 69 158 158 158
P 83 69 158 158 158
P 84 69 159 159 159
P 85 69 159 159 159
P 86 69 159 159 159
P 87 69 159 159 159
P 88 69 160 160 160
P 89 69 160 160 160
P 90 69 160 160 160
P 91 69 160 160 160
P 92 69 161 161 161
P 93 69 161 161 161
P 94 69 161 161 161
P 95 69 161 161 161
P 96 69 162 162 162
P 97 69 162 162 162
P 98 69 162 162 162
P 99 69 162 162 162
P 100 69 163 163 163
P 101 69 163 163 163
P 102 69 163 163 163
P 103 69 163 163 163
P 104 69 164 164 164
P 105 69 164 164 164
P 106 69 164 164 164
P 107 69 164 164 164
P 108 69 165 165 165
P 109 69 165 165 165
P 110 69 165 165 165
P 111 69 165 165 165
P 112 69 166 166 166
P 113 69 166 166 166
P 114 69 166 166 166
P 115 69 166 166 166
P 116 69 167 167 167
P 117 69 167 167 167
P 118 69 167 167 167
P 119 69 167 167 167
P 120 69 168 168 168
P 121 69 168 168 168
P 122 69 168 168 168
P 123 69 168 168 168
P 124 69 169 169 169
P 125 69 169 169 169
P 126 69 169 169 169
P 127 69 169 169 169
P 128 69 170 170 170
P 129 69 170 170 170
P 130 69 170 170 170
P 131 69 170 170 170
P 132 69 171 171 171
P 133 69 171 171 171
P 134 69 171 171 171
P 135 69 171 171 171
P 136 69 172 172 172
P 137 69 172 172 172
P 138 69 172 172 172
P 139 69 172 172 172
P 140 69 173 173 173
P 141 69 173 173 173
P 142 69 173 173 173
P 143 69 173 173 173
P 144 69 174 174 174
P 145 69 174 174 174
P 146 69 174 174 174
P 147 69 174 174 174
P 148 69 175 175 175
P 149 69 175 175 175
P 150 69 175 175 175
P 151 69 175 175 175
P 152 69 176 176 176
P 153 69 176 176 176
P 154 69 176 176 176
P 155 69 176 176 176
P 156 69 177 177 177
P 157 69 177 177 177
P 158 69 177 177 177
P 159 69 177 177 177
P 160 69 178 178 178
P 161 69 178 178 178
P 162 69 178 178 178
P 163 69 178 178 178
P 164 69 179 179 179
P 165 69 179 179 179
P 166 69 179 179 179
P 167 69 179 179 179
P 168 69 180 180 180
P 169 69 180 180 180
P 170 69 180 180 180
P 171 69 180 180 180
P 172 69 181 181 181
P 173 69 181 181 181
P 174 69 181 181 181
P 175 69 181 181 181
P 176 69 182 182 182
P 177 69 182 182 182
P 178 69 182 182 182
P 179 69 182 182 182
P 180 69 183 183 183
P 181 69 183 183 183
P 182 69 183 183 183
P 183 69 183 183 183
P 184 69 184 184 184
P 185 69 184 184 184
P 186 69 184 184 184
P 187 69 184 184 184
P 188 69 185 185 185
P 189 69 185 185 185
P 190 69 185 185 185
P 191 69 185 185 185
P 192 69 186 186 186
P 193 69 186 186 186
P 194 69 186 186 186
P 195 69 186 186 186
P 196 69 187 187 187
P 197 69 187 187 187
P 198 69 187 187 187
P 199 69 187 187 187
P 41 70 148 148 148
P 42 70 148 148 148
P 43 70 149 149 149
P 44 70 149 149 149
P 45 70 149 149 149
P 46 70 149 149 149
P 47 70 150 150 150
P 48 70 150 150 150
P 49 70 150 150 150
P 50 70 150 150 150
P 51 70 151 151 151
P 52 70 151 151 151
P 53 70 151 151 151
P 54 70 151 151 151
P 55 70 152 152 152
P 56 70 152 152 152
P 57 70 152 152 152
P 58 70 152 152 152
P 59 70 153 153 153
P 60 70 153 153 153
P 61 70 153 153 153
P 62 70 153 153 153
P 63 70 154 154 154
P 64 70 154 154 154
P 65 70 154 154 154
P 66 70 154 154 154
P 67 70 155 155 155
P 68 70 155 155 155
P 69 70 155 155 155
P 70 70 155 155 155
P 71 70 156 156 156
P 72 70 156 156 156
P 73 70 156 156 156
P 74 70 156 156 156
P 75 70 157 157 157
P 76 70 157 157 157
P 77 70 157 157 157
P 78 70 157 157 157
P 79 70 158 158 158
P 80 70 158 158 158
P 81 70 158 158 158
P 82 70 158 158 158
P 83 70 159 159 159
P 84 70 159 159 159
P 85 70 159 159 159
P 86 70 159 159 159
P 87 70 160 160 160
P 88 70 160 160 160
P 89 70 160 160 160
P 90 70 160 160 160
P 91 70 161 161 161
P 92 70 161 161 161
P 93 70 161 161 161
P 94 70 161 161 161
P 95 70 162 162 162
P 96 70 162 162 162
P 97 70 162 162 162
P 98 70 162 162 162
P 99 70 163 163 163
P 100 70 163 163 163
P 101 70 163 163 163
P 102 70 163 163 163
P 103 70 164 164 164
P 104 70 164 164 164
P 105 70 164 164 164
P 106 70 164 164 164
P 107 70 165 165 165
P 108 70 165 165 165
P 109 70 165 165 165
P 110 70 165 165 165
P 111 70 166 166 166
P 112 70 166 166 166
P 113 70 166 166 166
P 114 70 166 166 166
P 115 70 167 167 167
P 116 70 167 167 167
P 117 70 167 167 167
P 118 70 167 167 167
P 119 70 168 168 168
P 120 70 168 168 168
P 121 70 168 168 168
P 122 70 168 168 168
P 123 70 169 169 169
P 124 70 169 169 169
P 125 70 169 169 169
P 126 70 169 169 169
P 127 70 170 170 170
P 128 70 170 170 170
P 129 70 170 170 170
P 130 70 170 170 170
P 131 70 171 171 171
P 132 70 171 171 171
P 133 70 171 171 171
P 134 70 171 171 171
P 135 70 172 172 172
P 136 70 172 172 172
P 137 70 172 172 172
P 138 70 172 172 172
P 139 70 173 173 173
P 140 70 173 173 173
P 141 70 173 173 173
P 142 70 173 173 173
P 143 70 174 174 174
P 144 70 174 174 174
P 145 70 174 174 174
P 146 70 174 174 174
P 147 70 175 175 175
P 148 70 175 175 175
P 149 70 175 175 175
P 150 70 175 175 175
P 151 70 176 176 176
P 152 70 176 176 176
P 153 70 176 176 176
P 154 70 176 176 176
P 155 70 177 177 177
P 156 70 177 177 177
P 157 70 177 177 177
P 158 70 177 177 177
P 159 70 178 178 178
P 160 70 178 178 178
P 161 70 178 178 178
P 162 70 178 178 178
P 163 70 179 179 179
P 164 70 179 179 179
P 165 70 179 179 179
P 166 70 179 179 179
P 167 70 180 180 180
P 168 70 180 180 180
P 169 70 180 180 180
P 170 70 180 180 180
P 171 70 181 181 181
P 172 70 181 181 181
P 173 70 181 181 181
P 174 70 181 181 181
P 175 70 182 182 182
P 176 70 182 182 182
P 177 70 182 182 182
P 178 70 182 182 182
P 179 70 183 183 183
P 180 70 183 183 183
P 181 70 183 183 183
P 182 70 183 183 183
P 183 70 184 184 184
P 184 70 184 184 184
P 185 70 184 184 184
P 186 70 184 184 184
P 187 70 185 185 185
P 188 70 185 185 185
P 189 70 185 185 185
P 190 70 185 185 185
P 191 70 186 186 186
P 192 70 186 186 186
P 193 70 186 186 186
P 194 70 186 186 186
P 195 70 187 187 187
P 196 70 187 187 187
P 197 70 187 187 187
P 198 70 187 187 187
P 199 70 188 188 188
P 41 71 148 148 148
P 42 71 149 149 149
P 43 71 149 149 149
P 44 71 149 149 149
P 45 71 149 149 149
P 46 71 150 150 150
P 47 71 150 150 150
P 48 71 150 150 150
P 49 71 150 150 150
P 50 71 151 151 151
P 51 71 151 151 151
P 52 71 151 151 151
P 53 71 151 151 151
P 54 71 152 152 152
P 55 71 152 152 152
P 56 71 152 152 152
P 57 71 152 152 152
P 58 71 153 153 153
P 59 71 153 153 153
P 60 71 153 153 153
P 61 71 153 153 153
P 62 71 154 154 154
P 63 71 154 154 154
P 64 71 154 154 154
P 65 71 154 154 154
P 66 71 155 155 155
P 67 71 155 155 155
P 68 71 155 155 155
P 69 71 155 155 155
P 70 71 156 156 156
P 71 71 156 156 156
P 72 71 156 156 156
P 73 71 156 156 156
P 74 71 157 157 157
P 75 71 157 157 157
P 76 71 157 157 157
P 77 71 157 157 157
P 78 71 158 158 158
P 79 71 158 158 158
P 80 71 158 158 158
P 81 71 158 158 158
P 82 71 159 159 159
P 83 71 159 159 159
P 84 71 159 159 159
P 85 71 159 159 159
P 86 71 160 160 160
P 87 71 160 160 160
P 88 71 160 160 160
P 89 71 160 160 160
P 90 71 161 161 161
P 91 71 161 161 161
P 92 71 161 161 161
P 93 71 161 161 161
P 94 71 162 162 162
P 95 71 162 162 162
P 96 71 162 162 162
P 97 71 162 162 162
P 98 71 163 163 163
P 99 71 163 163 163
P 100 71 163 163 163
P 101 71 163 163 163
P 102 71 164 164 164
P 103 71 164 164 164
P 104 71 164 164 164
P 105 71 164 164 164
P 106 71 165 165 165
P 107 71 165 165 165
P 108 71 165 165 165
P 109 71 165 165 165
P 110 71 166 166 166
P 111 71 166 166 166
P 112 71 166 166 166
P 113 71 166 166 166
P 114 71 167 167 167
P 115 71 167 167 167
P 116 71 167 167 167
P 117 71 167 167 167
P 118 71 168 168 168
P 119 71 168 168 168
P 120 71 168 168 168
P 121 71 168 168 168
P 122 71 169 169 169
P 123 71 169 169 169
P 124 71 169 169 169
P 125 71 169 169 169
P 126 71 170 170 170
P 127 71 170 170 170
P 128 71 170 170 170
P 129 71 170 170 170
P 130 71 171 171 171
P 131 71 171 171 171
P 132 71 171 171 171
P 133 71 171 171 171
P 134 71 172 172 172
P 135 71 172 172 172
P 136 71 172 172 172
P 137 71 172 172 172
P 138 71 173 173 173
P 139 71 173 173 173
P 140 71 173 173 173
P 141 71 173 173 173
P 142 71 174 174 174
P 143 71 174 174 174
P 144 71 174 174 174
P 145 71 174 174 174
P 146 71 175 175 175
P 147 71 175 175 175
P 148 71 175 175 175
P 149 71 175 175 175
P 150 71 176 176 176
P 151 71 176 176 176
P 152 71 176 176 176
P 153 71 176 176 176
P 154 71 177 177 177
P 155 71 177 177 177
P 156 71 177 177 177
P 157 71 177 177 177
P 158 71 178 178 178
P 159 71 178 178 178
P 160 71 178 178 178
P 161 71 178 178 178
P 162 71 179 179 179
P 163 71 179 179 179
P 164 71 179 179 179
P 165 71 179 179 179
P 166 71 180 180 180
P 167 71 180 180 180
P 168 71 180 180 180
P 169 71 180 180 180
P 170 71 181 181 181
P 171 71 181 181 181
P 172 71 181 181 181
P 173 71 181 181 181
P 174 71 182 182 182
P 175 71 182 182 182
P 176 71 182 182 182
P 177 71 182 182 182
P 178 71 183 183 183
P 179 71 183 183 183
P 180 71 183 183 183
P 181 71 183 183 183
P 182 71 184 184 184
P 183 71 184 184 184
P 184 71 184 184 184
P 185 71 184 184 184
P 186 71 185 185 185
P 187 71 185 185 185
P 188 71 185 185 185
P 189 71 185 185 185
P 190 71 186 186 186
P 191 71 186 186 186
P 192 71 186 186 186
P 193 71 186 186 186
P 194 71 187 187 187
P 195 71 187 187 187
P 196 71 187 187 187
P 197 71 187 187 187
P 198 71 188 188 188
P 199 71 188 188 188
P 200 71 188 188 188
P 41 72 149 149 149
P 42 72 149 149 149
P 43 72 149 149 149
P 44 72 149 149 149
P 45 72 150 150 150
P 46 72 150 150 150
P 47 72 150 150 150
P 48 72 150 150 150
P 49 72 151 151 151
P 50 72 151 151 151
P 51 72 151 151 151
P 52 72 151 151 151
P 53 72 152 152 152
P 54 72 152 152 152
P 55 72 152 152 152
P 56 72 152 152 152
P 57 72 153 153 153
P 58 72 153 153 153
P 59 72 153 153 153
P 60 72 153 153 153
P 61 72 154 154 154
P 62 72 154 154 154
P 63 72 154 154 154
P 64 72 154 154 154
P 65 72 155 155 155
P 66 72 155 155 155
P 67 72 155 155 155
P 68 72 155 155 155
P 69 72 156 156 156
P 70 72 156 156 156
P 71 72 156 156 156
P 72 72 156 156 156
P 73 72 157 157 157
P 74 72 157 157 157
P 75 72 157 157 157
P 76 72 157 157 157
P 77 72 158 158 158
P 78 72 158 158 158
P 79 72 158 158 158
P 80 72 158 158 158
P 81 72 159 159 159
P 82 72 159 159 159
P 83 72 159 159 159
P 84 72 159 159 159
P 85 72 160 160 160
P 86 72 160 160 160
P 87 72 160 160 160
P 88 72 160 160 160
P 89 72 161 161 161
P 90 72 161 161 161
P 91 72 161 161 161
P 92 72 161 161 161
P 93 72 162 162 162
P 94 72 162 162 162
P 95 72 162 162 162
P 96 72 162 162 162
P 97 72 163 163 163
P 98 72 163 163 163
P 99 72 163 163 163
P 100 72 163 163 163
P 101 72 164 164 164
P 102 72 164 164 164
P 103 72 164 164 164
P 104 72 164 164 164
P 105 72 165 165 165
P 106 72 165 165 165
P 107 72 165 165 165
P 108 72 165 165 165
P 109 72 166 166 166
P 110 72 166 166 166
P 111 72 166 166 166
P 112 72 166 166 166
P 113 72 167 167 167
P 114 72 167 167 167
P 115 72 167 167 167
P 116 72 167 167 167
P 117 72 168 168 168
P 118 72 168 168 168
P 119 72 168 168 168
P 120 72 168 168 168
P 121 72 169 169 169
P 122 72 169 169 169
P 123 72 169 169 169
P 124 72 169 169 169
P 125 72 170 170 170
P 126 72 170 170 170
P 127 72 170 170 170
P 128 72 170 170 170
P 129 72 171 171 171
P 130 72 171 171 171
P 131 72 171 171 171
P 132 72 171 171 171
P 133 72 172 172 172
P 134 72 172 172 172
P 135 72 172 172 172
P 136 72 172 172 172
P 137 72 173 173 173
P 138 72 173 173 173
P 139 72 173 173 173
P 140 72 173 173 173
P 141 72 174 174 174
P 142 72 174 174 174
P 143 72 174 174 174
P 144 72 174 174 174
P 145 72 175 175 175
P 146 72 175 175 175
P 147 72 175 175 175
P 148 72 175 175 175
P 149 72 176 176 176
P 150 72 176 176 176
P 151 72 176 176 176
P 152 72 176 176 176
P 153 72 177 177 177
P 154 72 177 177 177
P 155 72 177 177 177
P 156 72 177 177 177
P 157 72 178 178 178
P 158 72 178 178 178
P 159 72 178 178 178
P 160 72 178 178 178
P 161 72 179 179 179
P 162 72 179 179 179
P 163 72 179 179 179
P 164 72 179 179 179
P 165 72 180 180 180
P 166 72 180 180 180
P 167 72 180 180 180
P 168 72 180 180 180
P 169 72 181 181 181
P 170 72 181 181 181
P 171 72 181 181 181
P 172 72 181 181 181
P 173 72 182 182 182
P 174 72 182 182 182
P 175 72 182 182 182
P 176 72 182 182 182
P 177 72 183 183 183
P 178 72 183 183 183
P 179 72 183 183 183
P 180 72 183 183 183
P 181 72 184 184 184
P 182 72 184 184 184
P 183 72 184 184 184
P 184 72 184 184 184
P 185 72 185 185 185
P 186 72 185 185 185
P 187 72 185 185 185
P 188 72 185 185 185
P 189 72 186 186 186
P 190 72 186 186 186
P 191 72 186 186 186
P 192 72 186 186 186
P 193 72 187 187 187
P 194 72 187 187 187
P 195 72 187 187 187
P 196 72 187 187 187
P 197 72 188 188 188
P 198 72 188 188 188
P 199 72 188 188 188
P 200 72 188 188 188
P 41 73 149 149 149
P 42 73 149 149 149
P 43 73 149 149 149
P 44 73 150 150 150
P 45 73 150 150 150
P 46 73 150 150 150
P 47 73 150 150 150
P 48 73 151 151 151
P 49 73 151 151 151
P 50 73 151 151 151
P 51 73 151 151 151
P 52 73 152 152 152
P 53 73 152 152 152
P 54 73 152 152 152
P 55 73 152 152 152
P 56 73 153 153 153
P 57 73 153 153 153
P 58 73 153 153 153
P 59 73 153 153 153
P 60 73 154 154 154
P 61 73 154 154 154
P 62 73 154 154 154
P 63 73 154 154 154
P 64 73 155 155 155
P 65 73 155 155 155
P 66 73 155 155 155
P 67 73 155 155 155
P 68 73 156 156 156
P 69 73 156 156 156
P 70 73 156 156 156
P 71 73 156 156 156
P 72 73 157 157 157
P 73 73 157 157 157
P 74 73 157 157 157
P 75 73 157 157 157
P 76 73 158 158 158
P 77 73 158 158 158
P 78 73 158 158 158
P 79 73 158 158 158
P 80 73 159 159 159
P 81 73 159 159 159
P 82 73 159 159 159
P 83 73 159 159 159
P 84 73 160 160 160
P 85 73 160 160 160
P 86 73 160 160 160
P 87 73 160 160 160
P 88 73 161 161 161
P 89 73 161 161 161
P 90 73 161 161 161
P 91 73 161 161 161
P 92 73 162 162 162
P 93 73 162 162 162
P 94 73 162 162 162
P 95 73 162 162 162
P 96 73 163 163 163
P 97 73 163 163 163
P 98 73 163 163 163
P 99 73 163 163 163
P 100 73 164 164 164
P 101 73 164 164 164
P 102 73 164 164 164
P 103 73 164 164 164
P 104 73 165 165 165
P 105 73 165 165 165
P 106 73 165 165 165
P 107 73 165 165 165
P 108 73 166 166 166
P 109 73 166 166 166
P 110 73 166 166 166
P 111 73 166 166 166
P 112 73 167 167 167
P 113 73 167 167 167
P 114 73 167 167 167
P 115 73 167 167 167
P 116 73 168 168 168
P 117 73 168 168 168
P 118 73 168 168 168
P 119 73 168 168 168
P 120 73 169 169 169
P 121 73 169 169 169
P 122 73 169 169 169
P 123 73 169 169 169
P 124 73 170 170 170
P 125 73 170 170 170
P 126 73 170 170 170
P 127 73 170 170 170
P 128 73 171 171 171
P 129 73 171 171 171
P 130 73 171 171 171
P 131 73 171 171 171
P 132 73 172 172 172
P 133 73 172 172 172
P 134 73 172 172 172
P 135 73 172 172 172
P 136 73 173 173 173
P 137 73 173 173 173
P 138 73 173 173 173
P 139 73 173 173 173
P 140 73 174 174 174
P 141 73 174 174 174
P 142 73 174 174 174
P 143 73 174 174 174
P 144 73 175 175 175
P 145 73 175 175 175
P 146 73 175 175 175
P 147 73 175 175 175
P 148 73 176 176 176
P 149 73 176 176 176
P 150 73 176 176 176
P 151 73 176 176 176
P 152 73 177 177 177
P 153 73 177 177 177
P 154 73 177 177 177
P 155 73 177 177 177
P 156 73 178 178 178
P 157 73 178 178 178
P 158 73 178 178 178
P 159 73 178 178 178
P 160 73 179 179 179
P 161 73 179 179 179
P 162 73 179 179 179
P 163 73 179 179 179
P 164 73 180 180 180
P 165 73 180 180 180
P 166 73 180 180 180
P 167 73 180 180 180
P 168 73 181 181 181
P 169 73 181 181 181
P 170 73 181 181 181
P 171 73 181 181 181
P 172 73 182 182 182
P 173 73 182 182 182
P 174 73 182 182 182
P 175 73 182 182 182
P 176 73 183 183 183
P 177 73 183 183 183
P 178 73 183 183 183
P 179 73 183 183 183
P 180 73 184 184 184
P 181 73 184 184 184
P 182 73 184 184 184
P 183 73 184 184 184
P 184 73 185 185 185
P 185 73 185 185 185
P 186 73 185 185 185
P 187 73 185 185 185
P 188 73 186 186 186
P 189 73 186 186 186
P 190 73 186 186 186
P 191 73 186 186 186
P 192 73 187 187 187
P 193 73 187 187 187
P 194 73 187 187 187
P 195 73 187 187 187
P 196 73 188 188 188
P 197 73 188 188 188
P 198 73 188 188 188
P 199 73 188 188 188
P 200 73 189 189 189
P 41 74 149 149 149
P 42 74 149 149 149
P 43 74 150 150 150
P 44 74 150 150 150
P 45 74 150 150 150
P 46 74 150 150 150
P 47 74 151 151 151
P 48 74 151 151 151
P 49 74 151 151 151
P 50 74 151 151 151
P 51 74 152 152 152
P 52 74 152 152 152
P 53 74 152 152 152
P 54 74 152 152 152
P 55 74 153 153 153
P 56 74 153 153 153
P 57 74 153 153 153
P 58 74 153 153 153
P 59 74 154 154 154
P 60 74 154 154 154
P 61 74 154 154 154
P 62 74 154 154 154
P 63 74 155 155 155
P 64 74 155 155 155
P 65 74 155 155 155
P 66 74 155 155 155
P 67 74 156 156 156
P 68 74 156 156 156
P 69 74 156 156 156
P 70 74 156 156 156
P 71 74 157 157 157
P 72 74 157 157 157
P 73 74 157 157 157
P 74 74 157 157 157
P 75 74 158 158 158
P 76 74 158 158 158
P 77 74 158 158 158
P 78 74 158 158 158
P 79 74 159 159 159
P 80 74 159 159 159
P 81 74 159 159 159
P 82 74 159 159 159
P 83 74 160 160 160
P 84 74 160 160 160
P 85 74 160 160 160
P 86 74 160 160 160
P 87 74 161 161 161
P 88 74 161 161 161
P 89 74 161 161 161
P 90 74 161 161 161
P 91 74 162 162 162
P 92 74 162 162 162
P 93 74 162 162 162
P 94 74 162 162 162
P 95 74 163 163 163
P 96 74 163 163 163
P 97 74 163 163 163
P 98 74 163 163 163
P 99 74 164 164 164
P 100 74 164 164 164
P 101 74 164 164 164
P 102 74 164 164 164
P 103 74 165 165 165
P 104 74 165 165 165
P 105 74 165 165 165
P 106 74 165 165 165
P 107 74 166 166 166
P 108 74 166 166 166
P 109 74 166 166 166
P 110 74 166 166 166
P 111 74 167 167 167
P 112 74 167 167 167
P 113 74 167 167 167
P 114 74 167 167 167
P 115 74 168 168 168
P 116 74 168 168 168
P 117 74 168 168 168
P 118 74 168 168 168
P 119 74 169 169 169
P 120 74 169 169 169
P 121 74 169 169 169
P 122 74 169 169 169
P 123 74 170 170 170
P 124 74 170 170 170
P 125 74 170 170 170
P 126 74 170 170 170
P 127 74 171 171 171
P 128 74 171 171 171
P 129 74 171 171 171
P 130 74 171 171 171
P 131 74 172 172 172
P 132 74 172 172 172
P 133 74 172 172 172
P 134 74 172 172 172
P 135 74 173 173 173
P 136 74 173 173 173
P 137 74 173 173 173
P 138 74 173 173 173
P 139 74 174 174 174
P 140 74 174 174 174
P 141 74 174 174 174
P 142 74 174 174 174
P 143 74 175 175 175
P 144 74 175 175 175
P 145 74 175 175 175
P 146 74 175 175 175
P 147 74 176 176 176
P 148 74 176 176 176
P 149 74 176 176 176
P 150 74 176 176 176
P 151 74 177 177 177
P 152 74 177 177 177
P 153 74 177 177 177
P 154 74 177 177 177
P 155 74 178 178 178
P 156 74 178 178 178
P 157 74 178 178 178
P 158 74 178 178 178
P 159 74 179 179 179
P 160 74 179 179 179
P 161 74 179 179 179
P 162 74 179 179 179
P 163 74 180 180 180
P 164 74 180 180 180
P 165 74 180 180 180
P 166 74 180 180 180
P 167 74 181 181 181
P 168 74 181 181 181
P 169 74 181 181 181
P 170 74 181 181 181
P 171 74 182 182 182
P 172 74 182 182 182
P 173 74 182 182 182
P 174 74 182 182 182
P 175 74 183 183 183
P 176 74 183 183 183
P 177 74 183 183 183
P 178 74 183 183 183
P 179 74 184 184 184
P 180 74 184 184 184
P 181 74 184 184 184
P 182 74 184 184 184
P 183 74 185 185 185
P 184 74 185 185 185
P 185 74 185 185 185
P 186 74 185 185 185
P 187 74 186 186 186
P 188 74 186 186 186
P 189 74 186 186 186
P 190 74 186 186 186
P 191 74 187 187 187
P 192 74 187 187 187
P 193 74 187 187 187
P 194 74 187 187 187
P 195 74 188 188 188
P 196 74 188 188 188
P 197 74 188 188 188
P 198 74 188 188 188
P 199 74 189 189 189
P 200 74 189 189 189
P 41 75 149 149 149
P 42 75 150 150 150
P 43 75 150 150 150
P 44 75 150 150 150
P 45 75 150 150 150
P 46 75 151 151 151
P 47 75 151 151 151
P 48 75 151 151 151
P 49 75 151 151 151
P 50 75 152 152 152
P 51 75 152 152 152
P 52 75 152 152 152
P 53 75 152 152 152
P 54 75 153 153 153
P 55 75 153 153 153
P 56 75 153 153 153
P 57 75 153 153 153
P 58 75 154 154 154
P 59 75 154 154 154
P 60 75 154 154 154
P 61 75 154 154 154
P 62 75 155 155 155
P 63 75 155 155 155
P 64 75 155 155 155
P 65 75 155 155 155
P 66 75 156 156 156
P 67 75 156 156 156
P 68 75 156 156 156
P 69 75 156 156 156
P 70 75 157 157 157
P 71 75 157 157 157
P 72 75 157 157 157
P 73 75 157 157 157
P 74 75 158 158 158
P 75 75 158 158 158
P 76 75 158 158 158
P 77 75 158 158 158
P 78 75 159 159 159
P 79 75 159 159 159
P 80 75 159 159 159
P 81 75 159 159 159
P 82 75 160 160 160
P 83 75 160 160 160
P 84 75 160 160 160
P 85 75 160 160 160
P 86 75 161 161 161
P 87 75 161 161 161
P 88 75 161 161 161
P 89 75 161 161 161
P 90 75 162 162 162
P 91 75 162 162 162
P 92 75 162 162 162
P 93 75 162 162 162
P 94 75 163 163 163
P 95 75 163 163 163
P 96 75 163 163 163
P 97 75 163 163 163
P 98 75 164 164 164
P 99 75 164 164 164
P 100 75 164 164 164
P 101 75 164 164 164
P 102 75 165 165 165
P 103 75 165 165 165
P 104 75 165 165 165
P 105 75 165 165 165
P 106 75 166 166 166
P 107 75 166 166 166
P 108 75 166 166 166
P 109 75 166 166 166
P 110 75 167 167 167
P 111 75 167 167 167
P 112 75 167 167 167
P 113 75 167 167 167
P 114 75 168 168 168
P 115 75 168 168 168
P 116 75 168 168 168
P 117 75 168 168 168
P 118 75 169 169 169
P 119 75 169 169 169
P 120 75 169 169 169
P 121 75 169 169 169
P 122 75 170 170 170
P 123 75 170 170 170
P 124 75 170 170 170
P 125 75 170 170 170
P 126 75 171 171 171
P 127 75 171 171 171
P 128 75 171 171 171
P 129 75 171 171 171
P 130 75 172 172 172
P 131 75 172 172 172
P 132 75 172 172 172
P 133 75 172 172 172
P 134 75 173 173 173
P 135 75 173 173 173
P 136 75 173 173 173
P 137 75 173 173 173
P 138 75 174 174 174
P 139 75 174 174 174
P 140 75 174 174 174
P 141 75 174 174 174
P 142 75 175 175 175
P 143 75 175 175 175
P 144 75 175 175 175
P 145 75 175 175 175
P 146 75 176 176 176
P 147 75 176 176 176
P 148 75 176 176 176
P 149 75 176 176 176
P 150 75 177 177 177
P 151 75 177 177 177
P 152 75 177 177 177
P 153 75 177 177 177
P 154 75 178 178 178
P 155 75 178 178 178
P 156 75 178 178 178
P 157 75 178 178 178
P 158 75 179 179 179
P 159 75 179 179 179
P 160 75 179 179 179
P 161 75 179 179 179
P 162 75 180 180 180
P 163 75 180 180 180
P 164 75 180 180 180
P 165 75 180 180 180
P 166 75 181 181 181
P 167 75 181 181 181
P 168 75 181 181 181
P 169 75 181 181 181
P 170 75 182 182 182
P 171 75 182 182 182
P 172 75 182 182 182
P 173 75 182 182 182
P 174 75 183 183 183
P 175 75 183 183 183
P 176 75 183 183 183
P 177 75 183 183 183
P 178 75 184 184 184
P 179 75 184 184 184
P 180 75 184 184 184
P 181 75 184 184 184
P 182 75 185 185 185
P 183 75 185 185 185
P 184 75 185 185 185
P 185 75 185 185 185
P 186 75 186 186 186
P 187 75 186 186 186
P 188 75 186 186 186
P 189 75 186 186 186
P 190 75 187 187 187
P 191 75 187 187 187
P 192 75 187 187 187
P 193 75 187 187 187
P 194 75 188 188 188
P 195 75 188 188 188
P 196 75 188 188 188
P 197 75 188 188 188
P 198 75 189 189 189
P 199 75 189 189 189
P 200 75 189 189 189
P 41 76 150 150 150
P 42 76 150 150 150
P 43 76 150 150 150
P 44 76 150 150 150
P 45 76 151 151 151
P 46 76 151 151 151
P 47 76 151 151 151
P 48 76 151 151 151
P 49 76 152 152 152
P 50 76 152 152 152
P 51 76 152 152 152
P 52 76 152 152 152
P 53 76 153 153 153
P 54 76 153 153 153
P 55 76 153 153 153
P 56 76 153 153 153
P 57 76 154 154 154
P 58 76 154 154 154
P 59 76 154 154 154
P 60 76 154 154 154
P 61 76 155 155 155
P 62 76 155 155 155
P 63 76 155 155 155
P 64 76 155 155 155
P 65 76 156 156 156
P 66 76 156 156 156
P 67 76 156 156 156
P 68 76 156 156 156
P 69 76 157 157 157
P 70 76 157 157 157
P 71 76 157 157 157
P 72 76 157 157 157
P 73 76 158 158 158
P 74 76 158 158 158
P 75 76 158 158 158
P 76 76 158 158 158
P 77 76 159 159 159
P 78 76 159 159 159
P 79 76 159 159 159
P 80 76 159 159 159
P 81 76 160 160 160
P 82 76 160 160 160
P 83 76 160 160 160
P 84 76 160 160 160
P 85 76 161 161 161
P 86 76 161 161 161
P 87 76 161 161 161
P 88 76 161 161 161
P 89 76 162 162 162
P 90 76 162 162 162
P 91 76 162 162 162
P 92 76 162 162 162
P 93 76 163 163 163
P 94 76 163 163 163
P 95 76 163 163 163
P 96 76 163 163 163
P 97 76 164 164 164
P 98 76 164 164 164
P 99 76 164 164 164
P 100 76 164 164 164
P 101 76 165 165 165
P 102 76 165 165 165
P 103 76 165 165 165
P 104 76 165 165 165
P 105 76 166 166 166
P 106 76 166 166 166
P 107 76 166 166 166
P 108 76 166 166 166
P 109 76 167 167 167
P 110 76 167 167 167
P 111 76 167 167 167
P 112 76 167 167 167
P 113 76 168 168 168
P 114 76 168 168 168
P 115 76 168 168 168
P 116 76 168 168 168
P 117 76 169 169 169
P 118 76 169 169 169
P 119 76 169 169 169
P 120 76 169 169 169
P 121 76 170 170 170
P 122 76 170 170 170
P 123 76 170 170 170
P 124 76 170 170 170
P 125 76 171 171 171
P 126 76 171 171 171
P 127 76 171 171 171
P 128 76 171 171 171
P 129 76 172 172 172
P 130 76 172 172 172
P 131 76 172 172 172
P 132 76 172 172 172
P 133 76 173 173 173
P 134 76 173 173 173
P 135 76 173 173 173
P 136 76 173 173 173
P 137 76 174 174 174
P 138 76 174 174 174
P 139 76 174 174 174
P 140 76 174 174 174
P 141 76 175 175 175
P 142 76 175 175 175
P 143 76 175 175 175
P 144 76 175 175 175
P 145 76 176 176 176
P 146 76 176 176 176
P 147 76 176 176 176
P 148 76 176 176 176
P 149 76 177 177 177
P 150 76 177 177 177
P 151 76 177 177 177
P 152 76 177 177 177
P 153 76 178 178 178
P 154 76 178 178 178
P 155 76 178 178 178
P 156 76 178 178 178
P 157 76 179 179 179
P 158 76 179 179 179
P 159 76 179 179 179
P 160 76 179 179 179
P 161 76 180 180 180
P 162 76 180 180 180
P 163 76 180 180 180
P 164 76 180 180 180
P 165 76 181 181 181
P 166 76 181 181 181
P 167 76 181 181 181
P 168 76 181 181 181
P 169 76 182 182 182
P 170 76 182 182 182
P 171 76 182 182 182
P 172 76 182 182 182
P 173 76 183 183 183
P 174 76 183 183 183
P 175 76 183 183 183
P 176 76 183 183 183
P 177 76 184 184 184
P 178 76 184 184 184
P 179 76 184 184 184
P 180 76 184 184 184
P 181 76 185 185 185
P 182 76 185 185 185
P 183 76 185 185 185
P 184 76 185 185 185
P 185 76 186 186 186
P 186 76 186 186 186
P 187 76 186 186 186
P 188 76 186 186 186
P 189 76 187 187 187
P 190 76 187 187 187
P 191 76 187 187 187
P 192 76 187 187 187
P 193 76 188 188 188
P 194 76 188 188 188
P 195 76 188 188 188
P 196 76 188 188 188
P 197 76 189 189 189
P 198 76 189 189 189
P 199 76 189 189 189
P 200 76 189 189 189
P 41 77 150 150 150
P 42 77 150 150 150
P 43 77 150 150 150
P 44 77 151 151 151
P 45 77 151 151 151
P 46 77 151 151 151
P 47 77 151 151 151
P 48 77 152 152 152
P 49 77 152 152 152
P 50 77 152 152 152
P 51 77 152 152 152
P 52 77 153 153 153
P 53 77 153 153 153
P 54 77 153 153 153
P 55 77 153 153 153
P 56 77 154 154 154
P 57 77 154 154 154
P 58 77 154 154 154
P 59 77 154 154 154
P 60 77 155 155 155
P 61 77 155 155 155
P 62 77 155 155 155
P 63 77 155 155 155
P 64 77 156 156 156
P 65 77 156 156 156
P 66 77 156 156 156
P 67 77 156 156 156
P 68 77 157 157 157
P 69 77 157 157 157
P 70 77 157 157 157
P 71 77 157 157 157
P 72 77 158 158 158
P 73 77 158 158 158
P 74 77 158 158 158
P 75 77 158 158 158
P 76 77 159 159 159
P 77 77 159 159 159
P 78 77 159 159 159
P 79 77 159 159 159
P 80 77 160 160 160
P 81 77 160 160 160
P 82 77 160 160 160
P 83 77 160 160 160
P 84 77 161 161 161
P 85 77 161 161 161
P 86 77 161 161 161
P 87 77 161 161 161
P 88 77 162 162 162
P 89 77 162 162 162
P 90 77 162 162 162
P 91 77 162 162 162
P 92 77 163 163 163
P 93 77 163 163 163
P 94 77 163 163 163
P 95 77 163 163 163
P 96 77 164 164 164
P 97 77 164 164 164
P 98 77 164 164 164
P 99 77 164 164 164
P 100 77 165 165 165
P 101 77 165 165 165
P 102 77 165 165 165
P 103 77 165 165 165
P 104 77 166 166 166
P 105 77 166 166 166
P 106 77 166 166 166
P 107 77 166 166 166
P 108 77 167 167 167
P 109 77 167 167 167
P 110 77 167 167 167
P 111 77 167 167 167
P 112 77 168 168 168
P 113 77 168 168 168
P 114 77 168 168 168
P 115 77 168 168 168
P 116 77 169 169 169
P 117 77 169 169 169
P 118 77 169 169 169
P 119 77 169 169 169
P 120 77 170 170 170
P 121 77 170 170 170
P 122 77 170 170 170
P 123 77 170 170 170
P 124 77 171 171 171
P 125 77 171 171 171
P 126 77 171 171 171
P 127 77 171 171 171
P 128 77 172 172 172
P 129 77 172 172 172
P 130 77 172 172 172
P 131 77 172 172 172
P 132 77 173 173 173
P 133 77 173 173 173
P 134 77 173 173 173
P 135 77 173 173 173
P 136 77 174 174 174
P 137 77 174 174 174
P 138 77 174 174 174
P 139 77 174 174 174
P 140 77 175 175 175
P 141 77 175 175 175
P 142 77 175 175 175
P 143 77 175 175 175
P 144 77 176 176 176
P 145 77 176 176 176
P 146 77 176 176 176
P 147 77 176 176 176
P 148 77 177 177 177
P 149 77 177 177 177
P 150 77 177 177 177
P 151 77 177 177 177
P 152 77 178 178 178
P 153 77 178 178 178
P 154 77 178 178 178
P 155 77 178 178 178
P 156 77 179 179 179
P 157 77 179 179 179
P 158 77 179 179 179
P 159 77 179 179 179
P 160 77 180 180 180
P 161 77 180 180 180
P 162 77 180 180 180
P 163 77 180 180 180
P 164 77 181 181 181
P 165 77 181 181 181
P 166 77 181 181 181
P 167 77 181 181 181
P 168 77 182 182 182
P 169 77 182 182 182
P 170 77 182 182 182
P 171 77 182 182 182
P 172 77 183 183 183
P 173 77 183 183 183
P 174 77 183 183 183
P 175 77 183 183 183
P 176 77 184 184 184
P 177 77 184 184 184
P 178 77 184 184 184
P 179 77 184 184 184
P 180 77 185 185 185
P 181 77 185 185 185
P 182 77 185 185 185
P 183 77 185 185 185
P 184 77 186 186 186
P 185 77 186 186 186
P 186 77 186 186 186
P 187 77 186 186 186
P 188 77 187 187 187
P 189 77 187 187 187
P 190 77 187 187 187
P 191 77 187 187 187
P 192 77 188 188 188
P 193 77 188 188 188
P 194 77 188 188 188
P 195 77 188 188 188
P 196 77 189 189 189
P 197 77 189 189 189
P 198 77 189 189 189
P 199 77 189 189 189
P 200 77 190 190 190
P 41 78 150 150 150
P 42 78 150 150 150
P 43 78 151 151 151
P 44 78 151 151 151
P 45 78 151 151 151
P 46 78 151 151 151
P 47 78 152 152 152
P 48 78 152 152 152
P 49 78 152 152 152
P 50 78 152 152 152
P 51 78 153 153 153
P 52 78 153 153 153
P 53 78 153 153 153
P 54 78 153 153 153
P 55 78 154 154 154
P 56 78 154 154 154
P 57 78 154 154 154
P 58 78 154 154 154
P 59 78 155 155 155
P 60 78 155 155 155
P 61 78 155 155 155
P 62 78 155 155 155
P 63 78 156 156 156
P 64 78 156 156 156
P 65 78 156 156 156
P 66 78 156 156 156
P 67 78 157 157 157
P 68 78 157 157 157
P 69 78 157 157 157
P 70 78 157 157 157
P 71 78 158 158 158
P 72 78 158 158 158
P 73 78 158 158 158
P 74 78 158 158 158
P 75 78 159 159 159
P 76 78 159 159 159
P 77 78 159 159 159
P 78 78 159 159 159
P 79 78 160 160 160
P 80 78 160 160 160
P 81 78 160 160 160
P 82 78 160 160 160
P 83 78 161 161 161
P 84 78 161 161 161
P 85 78 161 161 161
P 86 78 161 161 161
P 87 78 162 162 162
P 88 78 162 162 162
P 89 78 162 162 162
P 90 78 162 162 162
P 91 78 163 163 163
P 92 78 163 163 163
P 93 78 163 163 163
P 94 78 163 163 163
P 95 78 164 164 164
P 96 78 164 164 164
P 97 78 164 164 164
P 98 78 164 164 164
P 99 78 165 165 165
P 100 78 165 165 165
P 101 78 165 165 165
P 102 78 165 165 165
P 103 78 166 166 166
P 104 78 166 166 166
P 105 78 166 166 166
P 106 78 166 166 166
P 107 78 167 167 167
P 108 78 167 167 167
P 109 78 167 167 167
P 110 78 167 167 167
P 111 78 168 168 168
P 112 78 168 168 168
P 113 78 168 168 168
P 114 78 168 168 168
P 115 78 169 169 169
P 116 78 169 169 169
P 117 78 169 169 169
P 118 78 169 169 169
P 119 78 170 170 170
P 120 78 170 170 170
P 121 78 170 170 170
P 122 78 170 170 170
P 123 78 171 171 171
P 124 78 171 171 171
P 125 78 171 171 171
P 126 78 171 171 171
P 127 78 172 172 172
P 128 78 172 172 172
P 129 78 172 172 172
P 130 78 172 172 172
P 131 78 173 173 173
P 132 78 173 173 173
P 133 78 173 173 173
P 134 78 173 173 173
P 135 78 174 174 174
P 136 78 174 174 174
P 137 78 174 174 174
P 138 78 174 174 174
P 139 78 175 175 175
P 140 78 175 175 175
P 141 78 175 175 175
P 142 78 175 175 175
P 143 78 176 176 176
P 144 78 176 176 176
P 145 78 176 176 176
P 146 78 176 176 176
P 147 78 177 177 177
P 148 78 177 177 177
P 149 78 177 177 177
P 150 78 177 177 177
P 151 78 178 178 178
P 152 78 178 178 178
P 153 78 178 178 178
P 154 78 178 178 178
P 155 78 179 179 179
P 156 78 179 179 179
P 157 78 179 179 179
P 158 78 179 179 179
P 159 78 180 180 180
P 160 78 180 180 180
P 161 78 180 180 180
P 162 78 180 180 180
P 163 78 181 181 181
P 164 78 181 181 181
P 165 78 181 181 181
P 166 78 181 181 181
P 167 78 182 182 182
P 168 78 182 182 182
P 169 78 182 182 182
P 170 78 182 182 182
P 171 78 183 183 183
P 172 78 183 183 183
P 173 78 183 183 183
P 174 78 183 183 183
P 175 78 184 184 184
P 176 78 184 184 184
P 177 78 184 184 184
P 178 78 184 184 184
P 179 78 185 185 185
P 180 78 185 185 185
P 181 78 185 185 185
P 182 78 185 185 185
P 183 78 186 186 186
P 184 78 186 186 186
P 185 78 186 186 186
P 186 78 186 186 186
P 187 78 187 187 187
P 188 78 187 187 187
P 189 78 187 187 187
P 190 78 187 187 187
P 191 78 188 188 188
P 192 78 188 188 188
P 193 78 188 188 188
P 194 78 188 188 188
P 195 78 189 189 189
P 196 78 189 189 189
P 197 78 189 189 189
P 198 78 189 189 189
P 199 78 190 190 190
P 200 78 190 190 190
P 41 79 150 150 150
P 42 79 151 151 151
P 43 79 151 151 151
P 44 79 151 151 151
P 45 79 151 151 151
P 46 79 152 152 152
P 47 79 152 152 152
P 48 79 152 152 152
P 49 79 152 152 152
P 50 79 153 153 153
P 51 79 153 153 153
P 52 79 153 153 153
P 53 79 153 153 153
P 54 79 154 154 154
P 55 79 154 154 154
P 56 79 154 154 154
P 57 79 154 154 154
P 58 79 155 155 155
P 59 79 155 155 155
P 60 79 155 155 155
P 61 79 155 155 155
P 62 79 156 156 156
P 63 79 156 156 156
P 64 79 156 156 156
P 65 79 156 156 156
P 66 79 157 157 157
P 67 79 157 157 157
P 68 79 157 157 157
P 69 79 157 157 157
P 70 79 158 158 158
P 71 79 158 158 158
P 72 79 158 158 158
P 73 79 158 158 158
P 74 79 159 159 159
P 75 79 159 159 159
P 76 79 159 159 159
P 77 79 159 159 159
P 78 79 160 160 160
P 79 79 160 160 160
P 80 79 160 160 160
P 81 79 160 160 160
P 82 79 161 161 161
P 83 79 161 161 161
P 84 79 161 161 161
P 85 79 161 161 161
P 86 79 162 162 162
P 87 79 162 162 162
P 88 79 162 162 162
P 89 79 162 162 162
P 90 79 163 163 163
P 91 79 163 163 163
P 92 79 163 163 163
P 93 79 163 163 163
P 94 79 164 164 164
P 95 79 164 164 164
P 96 79 164 164 164
P 97 79 164 164 164
P 98 79 165 165 165
P 99 79 165 165 165
P 100 79 165 165 165
P 101 79 165 165 165
P 102 79 166 166 166
P 103 79 166 166 166
P 104 79 166 166 166
P 105 79 166 166 166
P 106 79 167 167 167
P 107 79 167 167 167
P 108 79 167 167 167
P 109 79 167 167 167
P 110 79 168 168 168
P 111 79 168 168 168
P 112 79 168 168 168
P 113 79 168 168 168
P 114 79 169 169 169
P 115 79 169 169 169
P 116 79 169 169 169
P 117 79 169 169 169
P 118 79 170 170 170
P 119 79 170 170 170
P 120 79 170 170 170
P 121 79 170 170 170
P 122 79 171 171 171
P 123 79 171 171 171
P 124 79 171 171 171
P 125 79 171 171 171
P 126 79 172 172 172
P 127 79 172 172 172
P 128 79 172 172 172
P 129 79 172 172 172
P 130 79 173 173 173
P 131 79 173 173 173
P 132 79 173 173 173
P 133 79 173 173 173
P 134 79 174 174 174
P 135 79 174 174 174
P 136 79 174 174 174
P 137 79 174 174 174
P 138 79 175 175 175
P 139 79 175 175 175
P 140 79 175 175 175
P 141 79 175 175 175
P 142 79 176 176 176
P 143 79 176 176 176
P 144 79 176 176 176
P 145 79 176 176 176
P 146 79 177 177 177
P 147 79 177 177 177
P 148 79 177 177 177
P 149 79 177 177 177
P 150 79 178 178 178
P 151 79 178 178 178
P 152 79 178 178 178
P 153 79 178 178 178
P 154 79 179 179 179
P 155 79 179 179 179
P 156 79 179 179 179
P 157 79 179 179 179
P 158 79 180 180 180
P 159 79 180 180 180
P 160 79 180 180 180
P 161 79 180 180 180
P 162 79 181 181 181
P 163 79 181 181 181
P 164 79 181 181 181
P 165 79 181 181 181
P 166 79 182 182 182
P 167 79 182 182 182
P 168 79 182 182 182
P 169 79 182 182 182
P 170 79 183 183 183
P 171 79 183 183 183
P 172 79 183 183 183
P 173 79 183 183 183
P 174 79 184 184 184
P 175 79 184 184 184
P 176 79 184 184 184
P 177 79 184 184 184
P 178 79 185 185 185
P 179 79 185 185 185
P 180 79 185 185 185
P 181 79 185 185 185
P 182 79 186 186 186
P 183 79 186 186 186
P 184 79 186 186 186
P 185 79 186 186 186
P 186 79 187 187 187
P 187 79 187 187 187
P 188 79 187 187 187
P 189 79 187 187 187
P 190 79 188 188 188
P 191 79 188 188 188
P 192 79 188 188 188
P 193 79 188 188 188
P 194 79 189 189 189
P 195 79 189 189 189
P 196 79 189 189 189
P 197 79 189 189 189
P 198 79 190 190 190
P 199 79 190 190 190
P 200 79 190 190 190
P 41 80 151 151 151
P 42 80 151 151 151
P 43 80 151 151 151
P 44 80 151 151 151
P 45 80 152 152 152
P 46 80 152 152 152
P 47 80 152 152 152
P 48 80 152 152 152
P 49 80 153 153 153
P 50 80 153 153 153
P 51 80 153 153 153
P 52 80 153 153 153
P 53 80 154 154 154
P 54 80 154 154 154
P 55 80 154 154 154
P 56 80 154 154 154
P 57 80 155 155 155
P 58 80 155 155 155
P 59 80 155 155 155
P 60 80 155 155 155
P 61 80 156 156 156
P 62 80 156 156 156
P 63 80 156 156 156
P 64 80 156 156 156
P 65 80 157 157 157
P 66 80 157 157 157
P 67 80 157 157 157
P 68 80 157 157 157
P 69 80 158 158 158
P 70 80 158 158 158
P 71 80 158 158 158
P 72 80 158 158 158
P 73 80 159 159 159
P 74 80 159 159 159
P 75 80 159 159 159
P 76 80 159 159 159
P 77 80 160 160 160
P 78 80 160 160 160
P 79 80 160 160 160
P 80 80 160 160 160
P 81 80 161 161 161
P 82 80 161 161 161
P 83 80 161 161 161
P 84 80 161 161 161
P 85 80 162 162 162
P 86 80 162 162 162
P 87 80 162 162 162
P 88 80 162 162 162
P 89 80 163 163 163
P 90 80 163 163 163
P 91 80 163 163 163
P 92 80 163 163 163
P 93 80 164 164 164
P 94 80 164 164 164
P 95 80 164 164 164
P 96 80 164 164 164
P 97 80 165 165 165
P 98 80 165 165 165
P 99 80 165 165 165
P 100 80 165 165 165
P 101 80 166 166 166
P 102 80 166 166 166
P 103 80 166 166 166
P 104 80 166 166 166
P 105 80 167 167 167
P 106 80 167 167 167
P 107 80 167 167 167
P 108 80 167 167 167
P 109 80 168 168 168
P 110 80 168 168 168
P 111 80 168 168 168
P 112 80 168 168 168
P 113 80 169 169 169
P 114 80 169 169 169
P 115 80 169 169 169
P 116 80 169 169 169
P 117 80 170 170 170
P 118 80 170 170 170
P 119 80 170 170 170
P 120 80 170 170 170
P 121 80 171 171 171
P 122 80 171 171 171
P 123 80 171 171 171
P 124 80 171 171 171
P 125 80 172 172 172
P 126 80 172 172 172
P 127 80 172 172 172
P 128 80 172 172 172
P 129 80 173 173 173
P 130 80 173 173 173
P 131 80 173 173 173
P 132 80 173 173 173
P 133 80 174 174 174
P 134 80 174 174 174
P 135 80 174 174 174
P 136 80 174 174 174
P 137 80 175 175 175
P 138 80 175 175 175
P 139 80 175 175 175
P 140 80 175 175 175
P 141 80 176 176 176
P 142 80 176 176 176
P 143 80 176 176 176
P 144 80 176 176 176
P 145 80 177 177 177
P 146 80 177 177 177
P 147 80 177 177 177
P 148 80 177 177 177
P 149 80 178 178 178
P 150 80 178 178 178
P 151 80 178 178 178
P 152 80 178 178 178
P 153 80 179 179 179
P 154 80 179 179 179
P 155 80 179 179 179
P 156 80 179 179 179
P 157 80 180 180 180
P 158 80 180 180 180
P 159 80 180 180 180
P 160 80 180 180 180
P 161 80 181 181 181
P 162 80 181 181 181
P 163 80 181 181 181
P 164 80 181 181 181
P 165 80 182 182 182
P 166 80 182 182 182
P 167 80 182 182 182
P 168 80 182 182 182
P 169 80 183 183 183
P 170 80 183 183 183
P 171 80 183 183 183
P 172 80 183 183 183
P 173 80 184 184 184
P 174 80 184 184 184
P 175 80 184 184 184
P 176 80 184 184 184
P 177 80 185 185 185
P 178 80 185 185 185
P 179 80 185 185 185
P 180 80 185 185 185
P 181 80 186 186 186
P 182 80 186 186 186
P 183 80 186 186 186
P 184 80 186 186 186
P 185 80 187 187 187
P 186 80 187 187 187
P 187 80 187 187 187
P 188 80 187 187 187
P 189 80 188 188 188
P 190 80 188 188 188
P 191 80 188 188 188
P 192 80 188 188 188
P 193 80 189 189 189
P 194 80 189 189 189
P 195 80 189 189 189
P 196 80 189 189 189
P 197 80 190 190 190
P 198 80 190 190 190
P 199 80 190 190 190
P 200 80 190 190 190
P 41 81 151 151 151
P 42 81 151 151 151
P 43 81 151 151 151
P 44 81 152 152 152
P 45 81 152 152 152
P 46 81 152 152 152
P 47 81 152 152 152
P 48 81 153 153 153
P 49 81 153 153 153
P 50 81 153 153 153
P 51 81 153 153 153
P 52 81 154 154 154
P 53 81 154 154 154
P 54 81 154 154 154
P 55 81 154 154 154
P 56 81 155 155 155
P 57 81 155 155 155
P 58 81 155 155 155
P 59 81 155 155 155
P 60 81 156 156 156
P 61 81 156 156 156
P 62 81 156 156 156
P 63 81 156 156 156
P 64 81 157 157 157
P 65 81 157 157 157
P 66 81 157 157 157
P 67 81 157 157 157
P 68 81 158 158 158
P 69 81 158 158 158
P 70 81 158 158 158
P 71 81 158 158 158
P 72 81 159 159 159
P 73 81 159 159 159
P 74 81 159 159 159
P 75 81 159 159 159
P 76 81 160 160 160
P 77 81 160 160 160
P 78 81 160 160 160
P 79 81 160 160 160
P 80 81 161 161 161
P 81 81 161 161 161
P 82 81 161 161 161
P 83 81 161 161 161
P 84 81 162 162 162
P 85 81 162 162 162
P 86 81 162 162 162
P 87 81 162 162 162
P 88 81 163 163 163
P 89 81 163 163 163
P 90 81 163 163 163
P 91 81 163 163 163
P 92 81 164 164 164
P 93 81 164 164 164
P 94 81 164 164 164
P 95 81 164 164 164
P 96 81 165 165 165
P 97 81 165 165 165
P 98 81 165 165 165
P 99 81 165 165 165
P 100 81 166 166 166
P 101 81 166 166 166
P 102 81 166 166 166
P 103 81 166 166 166
P 104 81 167 167 167
P 105 81 167 167 167
P 106 81 167 167 167
P 107 81 167 167 167
P 108 81 168 168 168
P 109 81 168 168 168
P 110 81 168 168 168
P 111 81 168 168 168
P 112 81 169 169 169
P 113 81 169 169 169
P 114 81 169 169 169
P 115 81 169 169 169
P 116 81 170 170 170
P 117 81 170 170 170
P 118 81 170 170 170
P 119 81 170 170 170
P 120 81 171 171 171
P 121 81 171 171 171
P 122 81 171 171 171
P 123 81 171 171 171
P 124 81 172 172 172
P 125 81 172 172 172
P 126 81 172 172 172
P 127 81 172 172 172
P 128 81 173 173 173
P 129 81 173 173 173
P 130 81 173 173 173
P 131 81 173 173 173
P 132 81 174 174 174
P 133 81 174 174 174
P 134 81 174 174 174
P 135 81 174 174 174
P 136 81 175 175 175
P 137 81 175 175 175
P 138 81 175 175 175
P 139 81 175 175 175
P 140 81 176 176 176
P 141 81 176 176 176
P 142 81 176 176 176
P 143 81 176 176 176
P 144 81 177 177 177
P 145 81 177 177 177
P 146 81 177 177 177
P 147 81 177 177 177
P 148 81 178 178 178
P 149 81 178 178 178
P 150 81 178 178 178
P 151 81 178 178 178
P 152 81 179 179 179
P 153 81 179 179 179
P 154 81 179 179 179
P 155 81 179 179 179
P 156 81 180 180 180
P 157 81 180 180 180
P 158 81 180 180 180
P 159 81 180 180 180
P 160 81 181 181 181
P 161 81 181 181 181
P 162 81 181 181 181
P 163 81 181 181 181
P 164 81 182 182 182
P 165 81 182 182 182
P 166 81 182 182 182
P 167 81 182 182 182
P 168 81 183 183 183
P 169 81 183 183 183
P 170 81 183 183 183
P 171 81 183 183 183
P 172 81 184 184 184
P 173 81 184 184 184
P 174 81 184 184 184
P 175 81 184 184 184
P 176 81 185 185 185
P 177 81 185 185 185
P 178 81 185 185 185
P 179 81 185 185 185
P 180 81 186 186 186
P 181 81 186 186 186
P 182 81 186 186 186
P 183 81 186 186 186
P 184 81 187 187 187
P 185 81 187 187 187
P 186 81 187 187 187
P 187 81 187 187 187
P 188 81 188 188 188
P 189 81 188 188 188
P 190 81 188 188 188
P 191 81 188 188 188
P 192 81 189 189 189
P 193 81 189 189 189
P 194 81 189 189 189
P 195 81 189 189 189
P 196 81 190 190 190
P 197 81 190 190 190
P 198 81 190 190 190
P 199 81 190 190 190
P 200 81 191 191 191
P 41 82 151 151 151
P 42 82 151 151 151
P 43 82 152 152 152
P 44 82 152 152 152
P 45 82 152 152 152
P 46 82 152 152 152
P 47 82 153 153 153
P 48 82 153 153 153
P 49 82 153 153 153
P 50 82 153 153 153
P 51 82 154 154 154
P 52 82 154 154 154
P 53 82 154 154 154
P 54 82 154 154 154
P 55 82 155 155 155
P 56 82 155 155 155
P 57 82 155 155 155
P 58 82 155 155 155
P 59 82 156 156 156
P 60 82 156 156 156
P 61 82 156 156 156
P 62 82 156 156 156
P 63 82 157 157 157
P 64 82 157 157 157
P 65 82 157 157 157
P 66 82 157 157 157
P 67 82 158 158 158
P 68 82 158 158 158
P 69 82 158 158 158
P 70 82 158 158 158
P 71 82 159 159 159
P 72 82 159 159 159
P 73 82 159 159 159
P 74 82 159 159 159
P 75 82 160 160 160
P 76 82 160 160 160
P 77 82 160 160 160
P 78 82 160 160 160
P 79 82 161 161 161
P 80 82 161 161 161
P 81 82 161 161 161
P 82 82 161 161 161
P 83 82 162 162 162
P 84 82 162 162 162
P 85 82 162 162 162
P 86 82 162 162 162
P 87 82 163 163 163
P 88 82 163 163 163
P 89 82 163 163 163
P 90 82 163 163 163
P 91 82 164 164 164
P 92 82 164 164 164
P 93 82 164 164 164
P 94 82 164 164 164
P 95 82 165 165 165
P 96 82 165 165 165
P 97 82 165 165 165
P 98 82 165 165 165
P 99 82 166 166 166
P 100 82 166 166 166
P 101 82 166 166 166
P 102 82 166 166 166
P 103 82 167 167 167
P 104 82 167 167 167
P 105 82 167 167 167
P 106 82 167 167 167
P 107 82 168 168 168
P 108 82 168 168 168
P 109 82 168 168 168
P 110 82 168 168 168
P 111 82 169 169 169
P 112 82 169 169 169
P 113 82 169 169 169
P 114 82 169 169 169
P 115 82 170 170 170
P 116 82 170 170 170
P 117 82 170 170 170
P 118 82 170 170 170
P 119 82 171 171 171
P 120 82 171 171 171
P 121 82 171 171 171
P 122 82 171 171 171
P 123 82 172 172 172
P 124 82 172 172 172
P 125 82 172 172 172
P 126 82 172 172 172
P 127 82 173 173 173
P 128 82 173 173 173
P 129 82 173 173 173
P 130 82 173 173 173
P 131 82 174 174 174
P 132 82 174 174 174
P 133 82 174 174 174
P 134 82 174 174 174
P 135 82 175 175 175
P 136 82 175 175 175
P 137 82 175 175 175
P 138 82 175 175 175
P 139 82 176 176 176
P 140 82 176 176 176
P 141 82 176 176 176
P 142 82 176 176 176
P 143 82 177 177 177
P 144 82 177 177 177
P 145 82 177 177 177
P 146 82 177 177 177
P 147 82 178 178 178
P 148 82 178 178 178
P 149 82 178 178 178
P 150 82 178 178 178
P 151 82 179 179 179
P 152 82 179 179 179
P 153 82 179 179 179
P 154 82 179 179 179
P 155 82 180 180 180
P 156 82 180 180 180
P 157 82 180 180 180
P 158 82 180 180 180
P 159 82 181 181 181
P 160 82 181 181 181
P 161 82 181 181 181
P 162 82 181 181 181
P 163 82 182 182 182
P 164 82 182 182 182
P 165 82 182 182 182
P 166 82 182 182 182
P 167 82 183 183 183
P 168 82 183 183 183
P 169 82 183 183 183
P 170 82 183 183 183
P 171 82 184 184 184
P 172 82 184 184 184
P 173 82 184 184 184
P 174 82 184 184 184
P 175 82 185 185 185
P 176 82 185 185 185
P 177 82 185 185 185
P 178 82 185 185 185
P 179 82 186 186 186
P 180 82 186 186 186
P 181 82 186 186 186
P 182 82 186 186 186
P 183 82 187 187 187
P 184 82 187 187 187
P 185 82 187 187 187
P 186 82 187 187 187
P 187 82 188 188 188
P 188 82 188 188 188
P 189 82 188 188 188
P 190 82 188 188 188
P 191 82 189 189 189
P 192 82 189 189 189
P 193 82 189 189 189
P 194 82 189 189 189
P 195 82 190 190 190
P 196 82 190 190 190
P 197 82 190 190 190
P 198 82 190 190 190
P 199 82 191 191 191
P 200 82 191 191 191
P 42 83 152 152 152
P 43 83 152 152 152
P 44 83 152 152 152
P 45 83 152 152 152
P 46 83 153 153 153
P 47 83 153 153 153
P 48 83 153 153 153
P 49 83 153 153 153
P 50 83 154 154 154
P 51 83 154 154 154
P 52 83 154 154 154
P 53 83 154 154 154
P 54 83 155 155 155
P 55 83 155 155 155
P 56 83 155 155 155
P 57 83 155 155 155
P 58 83 156 156 156
P 59 83 156 156 156
P 60 83 156 156 156
P 61 83 156 156 156
P 62 83 157 157 157
P 63 83 157 157 157
P 64 83 157 157 157
P 65 83 157 157 157
P 66 83 158 158 158
P 67 83 158 158 158
P 68 83 158 158 158
P 69 83 158 158 158
P 70 83 159 159 159
P 71 83 159 159 159
P 72 83 159 159 159
P 73 83 159 159 159
P 74 83 160 160 160
P 75 83 160 160 160
P 76 83 160 160 160
P 77 83 160 160 160
P 78 83 161 161 161
P 79 83 161 161 161
P 80 83 161 161 161
P 81 83 161 161 161
P 82 83 162 162 162
P 83 83 162 162 162
P 84 83 162 162 162
P 85 83 162 162 162
P 86 83 163 163 163
P 87 83 163 163 163
P 88 83 163 163 163
P 89 83 163 163 163
P 90 83 164 164 164
P 91 83 164 164 164
P 92 83 164 164 164
P 93 83 164 164 164
P 94 83 165 165 165
P 95 83 165 165 165
P 96 83 165 165 165
P 97 83 165 165 165
P 98 83 166 166 166
P 99 83 166 166 166
P 100 83 166 166 166
P 101 83 166 166 166
P 102 83 167 167 167
P 103 83 167 167 167
P 104 83 167 167 167
P 105 83 167 167 167
P 106 83 168 168 168
P 107 83 168 168 168
P 108 83 168 168 168
P 109 83 168 168 168
P 110 83 169 169 169
P 111 83 169 169 169
P 112 83 169 169 169
P 113 83 169 169 169
P 114 83 170 170 170
P 115 83 170 170 170
P 116 83 170 170 170
P 117 83 170 170 170
P 118 83 171 171 171
P 119 83 171 171 171
P 120 83 171 171 171
P 121 83 171 171 171
P 122 83 172 172 172
P 123 83 172 172 172
P 124 83 172 172 172
P 125 83 172 172 172
P 126 83 173 173 173
P 127 83 173 173 173
P 128 83 173 173 173
P 129 83 173 173 173
P 130 83 174 174 174
P 131 83 174 174 174
P 132 83 174 174 174
P 133 83 174 174 174
P 134 83 175 175 175
P 135 83 175 175 175
P 136 83 175 175 175
P 137 83 175 175 175
P 138 83 176 176 176
P 139 83 176 176 176
P 140 83 176 176 176
P 141 83 176 176 176
P 142 83 177 177 177
P 143 83 177 177 177
P 144 83 177 177 177
P 145 83 177 177 177
P 146 83 178 178 178
P 147 83 178 178 178
P 148 83 178 178 178
P 149 83 178 178 178
P 150 83 179 179 179
P 151 83 179 179 179
P 152 83 179 179 179
P 153 83 179 179 179
P 154 83 180 180 180
P 155 83 180 180 180
P 156 83 180 180 180
P 157 83 180 180 180
P 158 83 181 181 181
P 159 83 181 181 181
P 160 83 181 181 181
P 161 83 181 181 181
P 162 83 182 182 182
P 163 83 182 182 182
P 164 83 182 182 182
P 165 83 182 182 182
P 166 83 183 183 183
P 167 83 183 183 183
P 168 83 183 183 183
P 169 83 183 183 183
P 170 83 184 184 184
P 171 83 184 184 184
P 172 83 184 184 184
P 173 83 184 184 184
P 174 83 185 185 185
P 175 83 185 185 185
P 176 83 185 185 185
P 177 83 185 185 185
P 178 83 186 186 186
P 179 83 186 186 186
P 180 83 186 186 186
P 181 83 186 186 186
P 182 83 187 187 187
P 183 83 187 187 187
P 184 83 187 187 187
P 185 83 187 187 187
P 186 83 188 188 188
P 187 83 188 188 188
P 188 83 188 188 188
P 189 83 188 188 188
P 190 83 189 189 189
P 191 83 189 189 189
P 192 83 189 189 189
P 193 83 189 189 189
P 194 83 190 190 190
P 195 83 190 190 190
P 196 83 190 190 190
P 197 83 190 190 190
P 198 83 191 191 191
P 199 83 191 191 191
P 200 83 191 191 191
P 42 84 152 152 152
P 43 84 152 152 152
P 44 84 152 152 152
P 45 84 153 153 153
P 46 84 153 153 153
P 47 84 153 153 153
P 48 84 153 153 153
P 49 84 154 154 154
P 50 84 154 154 154
P 51 84 154 154 154
P 52 84 154 154 154
P 53 84 155 155 155
P 54 84 155 155 155
P 55 84 155 155 155
P 56 84 155 155 155
P 57 84 156 156 156
P 58 84 156 156 156
P 59 84 156 156 156
P 60 84 156 156 156
P 61 84 157 157 157
P 62 84 157 157 157
P 63 84 157 157 157
P 64 84 157 157 157
P 65 84 158 158 158
P 66 84 158 158 158
P 67 84 158 158 158
P 68 84 158 158 158
P 69 84 159 159 159
P 70 84 159 159 159
P 71 84 159 159 159
P 72 84 159 159 159
P 73 84 160 160 160
P 74 84 160 160 160
P 75 84 160 160 160
P 76 84 160 160 160
P 77 84 161 161 161
P 78 84 161 161 161
P 79 84 161 161 161
P 80 84 161 161 161
P 81 84 162 162 162
P 82 84 162 162 162
P 83 84 162 162 162
P 84 84 162 162 162
P 85 84 163 163 163
P 86 84 163 163 163
P 87 84 163 163 163
P 88 84 163 163 163
P 89 84 164 164 164
P 90 84 164 164 164
P 91 84 164 164 164
P 92 84 164 164 164
P 93 84 165 165 165
P 94 84 165 165 165
P 95 84 165 165 165
P 96 84 165 165 165
P 97 84 166 166 166
P 98 84 166 166 166
P 99 84 166 166 166
P 100 84 166 166 166
P 101 84 167 167 167
P 102 84 167 167 167
P 103 84 167 167 167
P 104 84 167 167 167
P 105 84 168 168 168
P 106 84 168 168 168
P 107 84 168 168 168
P 108 84 168 168 168
P 109 84 169 169 169
P 110 84 169 169 169
P 111 84 169 169 169
P 112 84 169 169 169
P 113 84 170 170 170
P 114 84 170 170 170
P 115 84 170 170 170
P 116 84 170 170 170
P 117 84 171 171 171
P 118 84 171 171 171
P 119 84 171 171 171
P 120 84 171 171 171
P 121 84 172 172 172
P 122 84 172 172 172
P 123 84 172 172 172
P 124 84 172 172 172
P 125 84 173 173 173
P 126 84 173 173 173
P 127 84 173 173 173
P 128 84 173 173 173
P 129 84 174 174 174
P 130 84 174 174 174
P 131 84 174 174 174
P 132 84 174 174 174
P 133 84 175 175 175
P 134 84 175 175 175
P 135 84 175 175 175
P 136 84 175 175 175
P 137 84 176 176 176
P 138 84 176 176 176
P 139 84 176 176 176
P 140 84 176 176 176
P 141 84 177 177 177
P 142 84 177 177 177
P 143 84 177 177 177
P 144 84 177 177 177
P 145 84 178 178 178
P 146 84 178 178 178
P 147 84 178 178 178
P 148 84 178 178 178
P 149 84 179 179 179
P 150 84 179 179 179
P 151 84 179 179 179
P 152 84 179 179 179
P 153 84 180 180 180
P 154 84 180 180 180
P 155 84 180 180 180
P 156 84 180 180 180
P 157 84 181 181 181
P 158 84 181 181 181
P 159 84 181 181 181
P 160 84 181 181 181
P 161 84 182 182 182
P 162 84 182 182 182
P 163 84 182 182 182
P 164 84 182 182 182
P 165 84 183 183 183
P 166 84 183 183 183
P 167 84 183 183 183
P 168 84 183 183 183
P 169 84 184 184 184
P 170 84 184 184 184
P 171 84 184 184 184
P 172 84 184 184 184
P 173 84 185 185 185
P 174 84 185 185 185
P 175 84 185 185 185
P 176 84 185 185 185
P 177 84 186 186 186
P 178 84 186 186 186
P 179 84 186 186 186
P 180 84 186 186 186
P 181 84 187 187 187
P 182 84 187 187 187
P 183 84 187 187 187
P 184 84 187 187 187
P 185 84 188 188 188
P 186 84 188 188 188
P 187 84 188 188 188
P 188 84 188 188 188
P 189 84 189 189 189
P 190 84 189 189 189
P 191 84 189 189 189
P 192 84 189 189 189
P 193 84 190 190 190
P 194 84 190 190 190
P 195 84 190 190 190
P 196 84 190 190 190
P 197 84 191 191 191
P 198 84 191 191 191
P 199 84 191 191 191
P 200 84 191 191 191
P 42 85 152 152 152
P 43 85 152 152 152
P 44 85 153 153 153
P 45 85 153 153 153
P 46 85 153 153 153
P 47 85 153 153 153
P 48 85 154 154 154
P 49 85 154 154 154
P 50 85 154 154 154
P 51 85 154 154 154
P 52 85 155 155 155
P 53 85 155 155 155
P 54 85 155 155 155
P 55 85 155 155 155
P 56 85 156 156 156
P 57 85 156 156 156
P 58 85 156 156 156
P 59 85 156 156 156
P 60 85 157 157 157
P 61 85 157 157 157
P 62 85 157 157 157
P 63 85 157 157 157
P 64 85 158 158 158
P 65 85 158 158 158
P 66 85 158 158 158
P 67 85 158 158 158
P 68 85 159 159 159
P 69 85 159 159 159
P 70 85 159 159 159
P 71 85 159 159 159
P 72 85 160 160 160
P 73 85 160 160 160
P 74 85 160 160 160
P 75 85 160 160 160
P 76 85 161 161 161
P 77 85 161 161 161
P 78 85 161 161 161
P 79 85 161 161 161
P 80 85 162 162 162
P 81 85 162 162 162
P 82 85 162 162 162
P 83 85 162 162 162
P 84 85 163 163 163
P 85 85 163 163 163
P 86 85 163 163 163
P 87 85 163 163 163
P 88 85 164 164 164
P 89 85 164 164 164
P 90 85 164 164 164
P 91 85 164 164 164
P 92 85 165 165 165
P 93 85 165 165 165
P 94 85 165 165 165
P 95 85 165 165 165
P 96 85 166 166 166
P 97 85 166 166 166
P 98 85 166 166 166
P 99 85 166 166 166
P 100 85 167 167 167
P 101 85 167 167 167
P 102 85 167 167 167
P 103 85 167 167 167
P 104 85 168 168 168
P 105 85 168 168 168
P 106 85 168 168 168
P 107 85 168 168 168
P 108 85 169 169 169
P 109 85 169 169 169
P 110 85 169 169 169
P 111 85 169 169 169
P 112 85 170 170 170
P 113 85 170 170 170
P 114 85 170 170 170
P 115 85 170 170 170
P 116 85 171 171 171
P 117 85 171 171 171
P 118 85 171 171 171
P 119 85 171 171 171
P 120 85 172 172 172
P 121 85 172 172 172
P 122 85 172 172 172
P 123 85 172 172 172
P 124 85 173 173 173
P 125 85 173 173 173
P 126 85 173 173 173
P 127 85 173 173 173
P 128 85 174 174 174
P 129 85 174 174 174
P 130 85 174 174 174
P 131 85 174 174 174
P 132 85 175 175 175
P 133 85 175 175 175
P 134 85 175 175 175
P 135 85 175 175 175
P 136 85 176 176 176
P 137 85 176 176 176
P 138 85 176 176 176
P 139 85 176 176 176
P 140 85 177 177 177
P 141 85 177 177 177
P 142 85 177 177 177
P 143 85 177 177 177
P 144 85 178 178 178
P 145 85 178 178 178
P 146 85 178 178 178
P 147 85 178 178 178
P 148 85 179 179 179
P 149 85 179 179 179
P 150 85 179 179 179
P 151 85 179 179 179
P 152 85 180 180 180
P 153 85 180 180 180
P 154 85 180 180 180
P 155 85 180 180 180
P 156 85 181 181 181
P 157 85 181 181 181
P 158 85 181 181 181
P 159 85 181 181 181
P 160 85 182 182 182
P 161 85 182 182 182
P 162 85 182 182 182
P 163 85 182 182 182
P 164 85 183 183 183
P 165 85 183 183 183
P 166 85 183 183 183
P 167 85 183 183 183
P 168 85 184 184 184
P 169 85 184 184 184
P 170 85 184 184 184
P 171 85 184 184 184
P 172 85 185 185 185
P 173 85 185 185 185
P 174 85 185 185 185
P 175 85 185 185 185
P 176 85 186 186 186
P 177 85 186 186 186
P 178 85 186 186 186
P 179 85 186 186 186
P 180 85 187 187 187
P 181 85 187 187 187
P 182 85 187 187 187
P 183 85 187 187 187
P 184 85 188 188 188
P 185 85 188 188 188
P 186 85 188 188 188
P 187 85 188 188 188
P 188 85 189 189 189
P 189 85 189 189 189
P 190 85 189 189 189
P 191 85 189 189 189
P 192 85 190 190 190
P 193 85 190 190 190
P 194 85 190 190 190
P 195 85 190 190 190
P 196 85 191 191 191
P 197 85 191 191 191
P 198 85 191 191 191
P 199 85 191 191 191
P 200 85 192 192 192
P 201 85 192 192 192
P 42 86 152 152 152
P 43 86 153 153 153
P 44 86 153 153 153
P 45 86 153 153 153
P 46 86 153 153 153
P 47 86 154 154 154
P 48 86 154 154 154
P 49 86 154 154 154
P 50 86 154 154 154
P 51 86 155 155 155
P 52 86 155 155 155
P 53 86 155 155 155
P 54 86 155 155 155
P 55 86 156 156 156
P 56 86 156 156 156
P 57 86 156 156 156
P 58 86 156 156 156
P 59 86 157 157 157
P 60 86 157 157 157
P 61 86 157 157 157
P 62 86 157 157 157
P 63 86 158 158 158
P 64 86 158 158 158
P 65 86 158 158 158
P 66 86 158 158 158
P 67 86 159 159 159
P 68 86 159 159 159
P 69 86 159 159 159
P 70 86 159 159 159
P 71 86 160 160 160
P 72 86 160 160 160
P 73 86 160 160 160
P 74 86 160 160 160
P 75 86 161 161 161
P 76 86 161 161 161
P 77 86 161 161 161
P 78 86 161 161 161
P 79 86 162 162 162
P 80 86 162 162 162
P 81 86 162 162 162
P 82 86 162 162 162
P 83 86 163 163 163
P 84 86 163 163 163
P 85 86 163 163 163
P 86 86 163 163 163
P 87 86 164 164 164
P 88 86 164 164 164
P 89 86 164 164 164
P 90 86 164 164 164
P 91 86 165 165 165
P 92 86 165 165 165
P 93 86 165 165 165
P 94 86 165 165 165
P 95 86 166 166 166
P 96 86 166 166 166
P 97 86 166 166 166
P 98 86 166 166 166
P 99 86 167 167 167
P 100 86 167 167 167
P 101 86 167 167 167
P 102 86 167 167 167
P 103 86 168 168 168
P 104 86 168 168 168
P 105 86 168 168 168
P 106 86 168 168 168
P 107 86 169 169 169
P 108 86 169 169 169
P 109 86 169 169 169
P 110 86 169 169 169
P 111 86 170 170 170
P 112 86 170 170 170
P 113 86 170 170 170
P 114 86 170 170 170
P 115 86 171 171 171
P 116 86 171 171 171
P 117 86 171 171 171
P 118 86 171 171 171
P 119 86 172 172 172
P 120 86 172 172 172
P 121 86 172 172 172
P 122 86 172 172 172
P 123 86 173 173 173
P 124 86 173 173 173
P 125 86 173 173 173
P 126 86 173 173 173
P 127 86 174 174 174
P 128 86 174 174 174
P 129 86 174 174 174
P 130 86 174 174 174
P 131 86 175 175 175
P 132 86 175 175 175
P 133 86 175 175 175
P 134 86 175 175 175
P 135 86 176 176 176
P 136 86 176 176 176
P 137 86 176 176 176
P 138 86 176 176 176
P 139 86 177 177 177
P 140 86 177 177 177
P 141 86 177 177 177
P 142 86 177 177 177
P 143 86 178 178 178
P 144 86 178 178 178
P 145 86 178 178 178
P 146 86 178 178 178
P 147 86 179 179 179
P 148 86 179 179 179
P 149 86 179 179 179
P 150 86 179 179 179
P 151 86 180 180 180
P 152 86 180 180 180
P 153 86 180 180 180
P 154 86 180 180 180
P 155 86 181 181 181
P 156 86 181 181 181
P 157 86 181 181 181
P 158 86 181 181 181
P 159 86 182 182 182
P 160 86 182 182 182
P 161 86 182 182 182
P 162 86 182 182 182
P 163 86 183 183 183
P 164 86 183 183 183
P 165 86 183 183 183
P 166 86 183 183 183
P 167 86 184 184 184
P 168 86 184 184 184
P 169 86 184 184 184
P 170 86 184 184 184
P 171 86 185 185 185
P 172 86 185 185 185
P 173 86 185 185 185
P 174 86 185 185 185
P 175 86 186 186 186
P 176 86 186 186 186
P 177 86 186 186 186
P 178 86 186 186 186
P 179 86 187 187 187
P 180 86 187 187 187
P 181 86 187 187 187
P 182 86 187 187 187
P 183 86 188 188 188
P 184 86 188 188 188
P 185 86 188 188 188
P 186 86 188 188 188
P 187 86 189 189 189
P 188 86 189 189 189
P 189 86 189 189 189
P 190 86 189 189 189
P 191 86 190 190 190
P 192 86 190 190 190
P 193 86 190 190 190
P 194 86 190 190 190
P 195 86 191 191 191
P 196 86 191 191 191
P 197 86 191 191 191
P 198 86 191 191 191
P 199 86 192 192 192
P 200 86 192 192 192
P 201 86 192 192 192
P 42 87 153 153 153
P 43 87 153 153 153
P 44 87 153 153 153
P 45 87 153 153 153
P 46 87 154 154 154
P 47 87 154 154 154
P 48 87 154 154 154
P 49 87 154 154 154
P 50 87 155 155 155
P 51 87 155 155 155
P 52 87 155 155 155
P 53 87 155 155 155
P 54 87 156 156 156
P 55 87 156 156 156
P 56 87 156 156 156
P 57 87 156 156 156
P 58 87 157 157 157
P 59 87 157 157 157
P 60 87 157 157 157
P 61 87 157 157 157
P 62 87 158 158 158
P 63 87 158 158 158
P 64 87 158 158 158
P 65 87 158 158 158
P 66 87 159 159 159
P 67 87 159 159 159
P 68 87 159 159 159
P 69 87 159 159 159
P 70 87 160 160 160
P 71 87 160 160 160
P 72 87 160 160 160
P 73 87 160 160 160
P 74 87 161 161 161
P 75 87 161 161 161
P 76 87 161 161 161
P 77 87 161 161 161
P 78 87 162 162 162
P 79 87 162 162 162
P 80 87 162 162 162
P 81 87 162 162 162
P 82 87 163 163 163
P 83 87 163 163 163
P 84 87 163 163 163
P 85 87 163 163 163
P 86 87 164 164 164
P 87 87 164 164 164
P 88 87 164 164 164
P 89 87 164 164 164
P 90 87 165 165 165
P 91 87 165 165 165
P 92 87 165 165 165
P 93 87 165 165 165
P 94 87 166 166 166
P 95 87 166 166 166
P 96 87 166 166 166
P 97 87 166 166 166
P 98 87 167 167 167
P 99 87 167 167 167
P 100 87 167 167 167
P 101 87 167 167 167
P 102 87 168 168 168
P 103 87 168 168 168
P 104 87 168 168 168
P 105 87 168 168 168
P 106 87 169 169 169
P 107 87 169 169 169
P 108 87 169 169 169
P 109 87 169 169 169
P 110 87 170 170 170
P 111 87 170 170 170
P 112 87 170 170 170
P 113 87 170 170 170
P 114 87 171 171 171
P 115 87 171 171 171
P 116 87 171 171 171
P 117 87 171 171 171
P 118 87 172 172 172
P 119 87 172 172 172
P 120 87 172 172 172
P 121 87 172 172 172
P 122 87 173 173 173
P 123 87 173 173 173
P 124 87 173 173 173
P 125 87 173 173 173
P 126 87 174 174 174
P 127 87 174 174 174
P 128 87 174 174 174
P 129 87 174 174 174
P 130 87 175 175 175
P 131 87 175 175 175
P 132 87 175 175 175
P 133 87 175 175 175
P 134 87 176 176 176
P 135 87 176 176 176
P 136 87 176 176 176
P 137 87 176 176 176
P 138 87 177 177 177
P 139 87 177 177 177
P 140 87 177 177 177
P 141 87 177 177 177
P 142 87 178 178 178
P 143 87 178 178 178
P 144 87 178 178 178
P 145 87 178 178 178
P 146 87 179 179 179
P 147 87 179 179 179
P 148 87 179 179 179
P 149 87 179 179 179
P 150 87 180 180 180
P 151 87 180 180 180
P 152 87 180 180 180
P 153 87 180 180 180
P 154 87 181 181 181
P 155 87 181 181 181
P 156 87 181 181 181
P 157 87 181 181 181
P 158 87 182 182 182
P 159 87 182 182 182
P 160 87 182 182 182
P 161 87 182 182 182
P 162 87 183 183 183
P 163 87 183 183 183
P 164 87 183 183 183
P 165 87 183 183 183
P 166 87 184 184 184
P 167 87 184 184 184
P 168 87 184 184 184
P 169 87 184 184 184
P 170 87 185 185 185
P 171 87 185 185 185
P 172 87 185 185 185
P 173 87 185 185 185
P 174 87 186 186 186
P 175 87 186 186 186
P 176 87 186 186 186
P 177 87 186 186 186
P 178 87 187 187 187
P 179 87 187 187 187
P 180 87 187 187 187
P 181 87 187 187 187
P 182 87 188 188 188
P 183 87 188 188 188
P 184 87 188 188 188
P 185 87 188 188 188
P 186 87 189 189 189
P 187 87 189 189 189
P 188 87 189 189 189
P 189 87 189 189 189
P 190 87 190 190 190
P 191 87 190 190 190
P 192 87 190 190 190
P 193 87 190 190 190
P 194 87 191 191 191
P 195 87 191 191 191
P 196 87 191 191 191
P 197 87 191 191 191
P 198 87 192 192 192
P 199 87 192 192 192
P 200 87 192 192 192
P 201 87 192 192 192
P 42 88 153 153 153
P 43 88 153 153 153
P 44 88 153 153 153
P 45 88 154 154 154
P 46 88 154 154 154
P 47 88 154 154 154
P 48 88 154 154 154
P 49 88 155 155 155
P 50 88 155 155 155
P 51 88 155 155 155
P 52 88 155 155 155
P 53 88 156 156 156
P 54 88 156 156 156
P 55 88 156 156 156
P 56 88 156 156 156
P 57 88 157 157 157
P 58 88 157 157 157
P 59 88 157 157 157
P 60 88 157 157 157
P 61 88 158 158 158
P 62 88 158 158 158
P 63 88 158 158 158
P 64 88 158 158 158
P 65 88 159 159 159
P 66 88 159 159 159
P 67 88 159 159 159
P 68 88 159 159 159
P 69 88 160 160 160
P 70 88 160 160 160
P 71 88 160 160 160
P 72 88 160 160 160
P 73 88 161 161 161
P 74 88 161 161 161
P 75 88 161 161 161
P 76 88 161 161 161
P 77 88 162 162 162
P 78 88 162 162 162
P 79 88 162 162 162
P 80 88 162 162 162
P 81 88 163 163 163
P 82 88 163 163 163
P 83 88 163 163 163
P 84 88 163 163 163
P 85 88 164 164 164
P 86 88 164 164 164
P 87 88 164 164 164
P 88 88 164 164 164
P 89 88 165 165 165
P 90 88 165 165 165
P 91 88 165 165 165
P 92 88 165 165 165
P 93 88 166 166 166
P 94 88 166 166 166
P 95 88 166 166 166
P 96 88 166 166 166
P 97 88 167 167 167
P 98 88 167 167 167
P 99 88 167 167 167
P 100 88 167 167 167
P 101 88 168 168 168
P 102 88 168 168 168
P 103 88 168 168 168
P 104 88 168 168 168
P 105 88 169 169 169
P 106 88 169 169 169
P 107 88 169 169 169
P 108 88 169 169 169
P 109 88 170 170 170
P 110 88 170 170 170
P 111 88 170 170 170
P 112 88 170 170 170
P 113 88 171 171 171
P 114 88 171 171 171
P 115 88 171 171 171
P 116 88 171 171 171
P 117 88 172 172 172
P 118 88 172 172 172
P 119 88 172 172 172
P 120 88 172 172 172
P 121 88 173 173 173
P 122 88 173 173 173
P 123 88 173 173 173
P 124 88 173 173 173
P 125 88 174 174 174
P 126 88 174 174 174
P 127 88 174 174 174
P 128 88 174 174 174
P 129 88 175 175 175
P 130 88 175 175 175
P 131 88 175 175 175
P 132 88 175 175 175
P 133 88 176 176 176
P 134 88 176 176 176
P 135 88 176 176 176
P 136 88 176 176 176
P 137 88 177 177 177
P 138 88 177 177 177
P 139 88 177 177 177
P 140 88 177 177 177
P 141 88 178 178 178
P 142 88 178 178 178
P 143 88 178 178 178
P 144 88 178 178 178
P 145 88 179 179 179
P 146 88 179 179 179
P 147 88 179 179 179
P 148 88 179 179 179
P 149 88 180 180 180
P 150 88 180 180 180
P 151 88 180 180 180
P 152 88 180 180 180
P 153 88 181 181 181
P 154 88 181 181 181
P 155 88 181 181 181
P 156 88 181 181 181
P 157 88 182 182 182
P 158 88 182 182 182
P 159 88 182 182 182
P 160 88 182 182 182
P 161 88 183 183 183
P 162 88 183 183 183
P 163 88 183 183 183
P 164 88 183 183 183
P 165 88 184 184 184
P 166 88 184 184 184
P 167 88 184 184 184
P 168 88 184 184 184
P 169 88 185 185 185
P 170 88 185 185 185
P 171 88 185 185 185
P 172 88 185 185 185
P 173 88 186 186 186
P 174 88 186 186 186
P 175 88 186 186 186
P 176 88 186 186 186
P 177 88 187 187 187
P 178 88 187 187 187
P 179 88 187 187 187
P 180 88 187 187 187
P 181 88 188 188 188
P 182 88 188 188 188
P 183 88 188 188 188
P 184 88 188 188 188
P 185 88 189 189 189
P 186 88 189 189 189
P 187 88 189 189 189
P 188 88 189 189 189
P 189 88 190 190 190
P 190 88 190 190 190
P 191 88 190 190 190
P 192 88 190 190 190
P 193 88 191 191 191
P 194 88 191 191 191
P 195 88 191 191 191
P 196 88 191 191 191
P 197 88 192 192 192
P 198 88 192 192 192
P 199 88 192 192 192
P 200 88 192 192 192
P 201 88 193 193 193
P 42 89 153 153 153
P 43 89 153 153 153
P 44 89 154 154 154
P 45 89 154 154 154
P 46 89 154 154 154
P 47 89 154 154 154
P 48 89 155 155 155
P 49 89 155 155 155
P 50 89 155 155 155
P 51 89 155 155 155
P 52 89 156 156 156
P 53 89 156 156 156
P 54 89 156 156 156
P 55 89 156 156 156
P 56 89 157 157 157
P 57 89 157 157 157
P 58 89 157 157 157
P 59 89 157 157 157
P 60 89 158 158 158
P 61 89 158 158 158
P 62 89 158 158 158
P 63 89 158 158 158
P 64 89 159 159 159
P 65 89 159 159 159
P 66 89 159 159 159
P 67 89 159 159 159
P 68 89 160 160 160
P 69 89 160 160 160
P 70 89 160 160 160
P 71 89 160 160 160
P 72 89 161 161 161
P 73 89 161 161 161
P 74 89 161 161 161
P 75 89 161 161 161
P 76 89 162 162 162
P 77 89 162 162 162
P 78 89 162 162 162
P 79 89 162 162 162
P 80 89 163 163 163
P 81 89 163 163 163
P 82 89 163 163 163
P 83 89 163 163 163
P 84 89 164 164 164
P 85 89 164 164 164
P 86 89 164 164 164
P 87 89 164 164 164
P 88 89 165 165 165
P 89 89 165 165 165
P 90 89 165 165 165
P 91 89 165 165 165
P 92 89 166 166 166
P 93 89 166 166 166
P 94 89 166 166 166
P 95 89 166 166 166
P 96 89 167 167 167
P 97 89 167 167 167
P 98 89 167 167 167
P 99 89 167 167 167
P 100 89 168 168 168
P 101 89 168 168 168
P 102 89 168 168 168
P 103 89 168 168 168
P 104 89 169 169 169
P 105 89 169 169 169
P 106 89 169 169 169
P 107 89 169 169 169
P 108 89 170 170 170
P 109 89 170 170 170
P 110 89 170 170 170
P 111 89 170 170 170
P 112 89 171 171 171
P 113 89 171 171 171
P 114 89 171 171 171
P 115 89 171 171 171
P 116 89 172 172 172
P 117 89 172 172 172
P 118 89 172 172 172
P 119 89 172 172 172
P 120 89 173 173 173
P 121 89 173 173 173
P 122 89 173 173 173
P 123 89 173 173 173
P 124 89 174 174 174
P 125 89 174 174 174
P 126 89 174 174 174
P 127 89 174 174 174
P 128 89 175 175 175
P 129 89 175 175 175
P 130 89 175 175 175
P 131 89 175 175 175
P 132 89 176 176 176
P 133 89 176 176 176
P 134 89 176 176 176
P 135 89 176 176 176
P 136 89 177 177 177
P 137 89 177 177 177
P 138 89 177 177 177
P 139 89 177 177 177
P 140 89 178 178 178
P 141 89 178 178 178
P 142 89 178 178 178
P 143 89 178 178 178
P 144 89 179 179 179
P 145 89 179 179 179
P 146 89 179 179 179
P 147 89 179 179 179
P 148 89 180 180 180
P 149 89 180 180 180
P 150 89 180 180 180
P 151 89 180 180 180
P 152 89 181 181 181
P 153 89 181 181 181
P 154 89 181 181 181
P 155 89 181 181 181
P 156 89 182 182 182
P 157 89 182 182 182
P 158 89 182 182 182
P 159 89 182 182 182
P 160 89 183 183 183
P 161 89 183 183 183
P 162 89 183 183 183
P 163 89 183 183 183
P 164 89 184 184 184
P 165 89 184 184 184
P 166 89 184 184 184
P 167 89 184 184 184
P 168 89 185 185 185
P 169 89 185 185 185
P 170 89 185 185 185
P 171 89 185 185 185
P 172 89 186 186 186
P 173 89 186 186 186
P 174 89 186 186 186
P 175 89 186 186 186
P 176 89 187 187 187
P 177 89 187 187 187
P 178 89 187 187 187
P 179 89 187 187 187
P 180 89 188 188 188
P 181 89 188 188 188
P 182 89 188 188 188
P 183 89 188 188 188
P 184 89 189 189 189
P 185 89 189 189 189
P 186 89 189 189 189
P 187 89 189 189 189
P 188 89 190 190 190
P 189 89 190 190 190
P 190 89 190 190 190
P 191 89 190 190 190
P 192 89 191 191 191
P 193 89 191 191 191
P 194 89 191 191 191
P 195 89 191 191 191
P 196 89 192 192 192
P 197 89 192 192 192
P 198 89 192 192 192
P 199 89 192 192 192
P 200 89 193 193 193
P 201 89 193 193 193
P 42 90 153 153 153
P 43 90 154 154 154
P 44 90 154 154 154
P 45 90 154 154 154
P 46 90 154 154 154
P 47 90 155 155 155
P 48 90 155 155 155
P 49 90 155 155 155
P 50 90 155 155 155
P 51 90 156 156 156
P 52 90 156 156 156
P 53 90 156 156 156
P 54 90 156 156 156
P 55 90 157 157 157
P 56 90 157 157 157
P 57 90 157 157 157
P 58 90 157 157 157
P 59 90 158 158 158
P 60 90 158 158 158
P 61 90 158 158 158
P 62 90 158 158 158
P 63 90 159 159 159
P 64 90 159 159 159
P 65 90 159 159 159
P 66 90 159 159 159
P 67 90 160 160 160
P 68 90 160 160 160
P 69 90 160 160 160
P 70 90 160 160 160
P 71 90 161 161 161
P 72 90 161 161 161
P 73 90 161 161 161
P 74 90 161 161 161
P 75 90 162 162 162
P 76 90 162 162 162
P 77 90 162 162 162
P 78 90 162 162 162
P 79 90 163 163 163
P 80 90 163 163 163
P 81 90 163 163 163
P 82 90 163 163 163
P 83 90 164 164 164
P 84 90 164 164 164
P 85 90 164 164 164
P 86 90 164 164 164
P 87 90 165 165 165
P 88 90 165 165 165
P 89 90 165 165 165
P 90 90 165 165 165
P 91 90 166 166 166
P 92 90 166 166 166
P 93 90 166 166 166
P 94 90 166 166 166
P 95 90 167 167 167
P 96 90 167 167 167
P 97 90 167 167 167
P 98 90 167 167 167
P 99 90 168 168 168
P 100 90 168 168 168
P 101 90 168 168 168
P 102 90 168 168 168
P 103 90 169 169 169
P 104 90 169 169 169
P 105 90 169 169 169
P 106 90 169 169 169
P 107 90 170 170 170
P 108 90 170 170 170
P 109 90 170 170 170
P 110 90 170 170 170
P 111 90 171 171 171
P 112 90 171 171 171
P 113 90 171 171 171
P 114 90 171 171 171
P 115 90 172 172 172
P 116 90 172 172 172
P 117 90 172 172 172
P 118 90 172 172 172
P 119 90 173 173 173
P 120 90 173 173 173
P 121 90 173 173 173
P 122 90 173 173 173
P 123 90 174 174 174
P 124 90 174 174 174
P 125 90 174 174 174
P 126 90 174 174 174
P 127 90 175 175 175
P 128 90 175 175 175
P 129 90 175 175 175
P 130 90 175 175 175
P 131 90 176 176 176
P 132 90 176 176 176
P 133 90 176 176 176
P 134 90 176 176 176
P 135 90 177 177 177
P 136 90 177 177 177
P 137 90 177 177 177
P 138 90 177 177 177
P 139 90 178 178 178
P 140 90 178 178 178
P 141 90 178 178 178
P 142 90 178 178 178
P 143 90 179 179 179
P 144 90 179 179 179
P 145 90 179 179 179
P 146 90 179 179 179
P 147 90 180 180 180
P 148 90 180 180 180
P 149 90 180 180 180
P 150 90 180 180 180
P 151 90 181 181 181
P 152 90 181 181 181
P 153 90 181 181 181
P 154 90 181 181 181
P 155 90 182 182 182
P 156 90 182 182 182
P 157 90 182 182 182
P 158 90 182 182 182
P 159 90 183 183 183
P 160 90 183 183 183
P 161 90 183 183 183
P 162 90 183 183 183
P 163 90 184 184 184
P 164 90 184 184 184
P 165 90 184 184 184
P 166 90 184 184 184
P 167 90 185 185 185
P 168 90 185 185 185
P 169 90 185 185 185
P 170 90 185 185 185
P 171 90 186 186 186
P 172 90 186 186 186
P 173 90 186 186 186
P 174 90 186 186 186
P 175 90 187 187 187
P 176 90 187 187 187
P 177 90 187 187 187
P 178 90 187 187 187
P 179 90 188 188 188
P 180 90 188 188 188
P 181 90 188 188 188
P 182 90 188 188 188
P 183 90 189 189 189
P 184 90 189 189 189
P 185 90 189 189 189
P 186 90 189 189 189
P 187 90 190 190 190
P 188 90 190 190 190
P 189 90 190 190 190
P 190 90 190 190 190
P 191 90 191 191 191
P 192 90 191 191 191
P 193 90 191 191 191
P 194 90 191 191 191
P 195 90 192 192 192
P 196 90 192 192 192
P 197 90 192 192 192
P 198 90 192 192 192
P 199 90 193 193 193
P 200 90 193 193 193
P 201 90 193 193 193
P 42 91 154 154 154
P 43 91 154 154 154
P 44 91 154 154 154
P 45 91 154 154 154
P 46 91 155 155 155
P 47 91 155 155 155
P 48 91 155 155 155
P 49 91 155 155 155
P 50 91 156 156 156
P 51 91 156 156 156
P 52 91 156 156 156
P 53 91 156 156 156
P 54 91 157 157 157
P 55 91 157 157 157
P 56 91 157 157 157
P 57 91 157 157 157
P 58 91 158 158 158
P 59 91 158 158 158
P 60 91 158 158 158
P 61 91 158 158 158
P 62 91 159 159 159
P 63 91 159 159 159
P 64 91 159 159 159
P 65 91 159 159 159
P 66 91 160 160 160
P 67 91 160 160 160
P 68 91 160 160 160
P 69 91 160 160 160
P 70 91 161 161 161
P 71 91 161 161 161
P 72 91 161 161 161
P 73 91 161 161 161
P 74 91 162 162 162
P 75 91 162 162 162
P 76 91 162 162 162
P 77 91 162 162 162
P 78 91 163 163 163
P 79 91 163 163 163
P 80 91 163 163 163
P 81 91 163 163 163
P 82 91 164 164 164
P 83 91 164 164 164
P 84 91 164 164 164
P 85 91 164 164 164
P 86 91 165 165 165
P 87 91 165 165 165
P 88 91 165 165 165
P 89 91 165 165 165
P 90 91 166 166 166
P 91 91 166 166 166
P 92 91 166 166 166
P 93 91 166 166 166
P 94 91 167 167 167
P 95 91 167 167 167
P 96 91 167 167 167
P 97 91 167 167 167
P 98 91 168 168 168
P 99 91 168 168 168
P 100 91 168 168 168
P 101 91 168 168 168
P 102 91 169 169 169
P 103 91 169 169 169
P 104 91 169 169 169
P 105 91 169 169 169
P 106 91 170 170 170
P 107 91 170 170 170
P 108 91 170 170 170
P 109 91 170 170 170
P 110 91 171 171 171
P 111 91 171 171 171
P 112 91 171 171 171
P 113 91 171 171 171
P 114 91 172 172 172
P 115 91 172 172 172
P 116 91 172 172 172
P 117 91 172 172 172
P 118 91 173 173 173
P 119 91 173 173 173
P 120 91 173 173 173
P 121 91 173 173 173
P 122 91 174 174 174
P 123 91 174 174 174
P 124 91 174 174 174
P 125 91 174 174 174
P 126 91 175 175 175
P 127 91 175 175 175
P 128 91 175 175 175
P 129 91 175 175 175
P 130 91 176 176 176
P 131 91 176 176 176
P 132 91 176 176 176
P 133 91 176 176 176
P 134 91 177 177 177
P 135 91 177 177 177
P 136 91 177 177 177
P 137 91 177 177 177
P 138 91 178 178 178
P 139 91 178 178 178
P 140 91 178 178 178
P 141 91 178 178 178
P 142 91 179 179 179
P 143 91 179 179 179
P 144 91 179 179 179
P 145 91 179 179 179
P 146 91 180 180 180
P 147 91 180 180 180
P 148 91 180 180 180
P 149 91 180 180 180
P 150 91 181 181 181
P 151 91 181 181 181
P 152 91 181 181 181
P 153 91 181 181 181
P 154 91 182 182 182
P 155 91 182 182 182
P 156 91 182 182 182
P 157 91 182 182 182
P 158 91 183 183 183
P 159 91 183 183 183
P 160 91 183 183 183
P 161 91 183 183 183
P 162 91 184 184 184
P 163 91 184 184 184
P 164 91 184 184 184
P 165 91 184 184 184
P 166 91 185 185 185
P 167 91 185 185 185
P 168 91 185 185 185
P 169 91 185 185 185
P 170 91 186 186 186
P 171 91 186 186 186
P 172 91 186 186 186
P 173 91 186 186 186
P 174 91 187 187 187
P 175 91 187 187 187
P 176 91 187 187 187
P 177 91 187 187 187
P 178 91 188 188 188
P 179 91 188 188 188
P 180 91 188 188 188
P 181 91 188 188 188
P 182 91 189 189 189
P 183 91 189 189 189
P 184 91 189 189 189
P 185 91 189 189 189
P 186 91 190 190 190
P 187 91 190 190 190
P 188 91 190 190 190
P 189 91 190 190 190
P 190 91 191 191 191
P 191 91 191 191 191
P 192 91 191 191 191
P 193 91 191 191 191
P 194 91 192 192 192
P 195 91 192 192 192
P 196 91 192 192 192
P 197 91 192 192 192
P 198 91 193 193 193
P 199 91 193 193 193
P 200 91 193 193 193
P 201 91 193 193 193
P 42 92 154 154 154
P 43 92 154 154 154
P 44 92 154 154 154
P 45 92 155 155 155
P 46 92 155 155 155
P 47 92 155 155 155
P 48 92 155 155 155
P 49 92 156 156 156
P 50 92 156 156 156
P 51 92 156 156 156
P 52 92 156 156 156
P 53 92 157 157 157
P 54 92 157 157 157
P 55 92 157 157 157
P 56 92 157 157 157
P 57 92 158 158 158
P 58 92 158 158 158
P 59 92 158 158 158
P 60 92 158 158 158
P 61 92 159 159 159
P 62 92 159 159 159
P 63 92 159 159 159
P 64 92 159 159 159
P 65 92 160 160 160
P 66 92 160 160 160
P 67 92 160 160 160
P 68 92 160 160 160
P 69 92 161 161 161
P 70 92 161 161 161
P 71 92 161 161 161
P 72 92 161 161 161
P 73 92 162 162 162
P 74 92 162 162 162
P 75 92 162 162 162
P 76 92 162 162 162
P 77 92 163 163 163
P 78 92 163 163 163
P 79 92 163 163 163
P 80 92 163 163 163
P 81 92 164 164 164
P 82 92 164 164 164
P 83 92 164 164 164
P 84 92 164 164 164
P 85 92 165 165 165
P 86 92 165 165 165
P 87 92 165 165 165
P 88 92 165 165 165
P 89 92 166 166 166
P 90 92 166 166 166
P 91 92 166 166 166
P 92 92 166 166 166
P 93 92 167 167 167
P 94 92 167 167 167
P 95 92 167 167 167
P 96 92 167 167 167
P 97 92 168 168 168
P 98 92 168 168 168
P 99 92 168 168 168
P 100 92 168 168 168
P 101 92 169 169 169
P 102 92 169 169 169
P 103 92 169 169 169
P 104 92 169 169 169
P 105 92 170 170 170
P 106 92 170 170 170
P 107 92 170 170 170
P 108 92 170 170 170
P 109 92 171 171 171
P 110 92 171 171 171
P 111 92 171 171 171
P 112 92 171 171 171
P 113 92 172 172 172
P 114 92 172 172 172
P 115 92 172 172 172
P 116 92 172 172 172
P 117 92 173 173 173
P 118 92 173 173 173
P 119 92 173 173 173
P 120 92 173 173 173
P 121 92 174 174 174
P 122 92 174 174 174
P 123 92 174 174 174
P 124 92 174 174 174
P 125 92 175 175 175
P 126 92 175 175 175
P 127 92 175 175 175
P 128 92 175 175 175
P 129 92 176 176 176
P 130 92 176 176 176
P 131 92 176 176 176
P 132 92 176 176 176
P 133 92 177 177 177
P 134 92 177 177 177
P 135 92 177 177 177
P 136 92 177 177 177
P 137 92 178 178 178
P 138 92 178 178 178
P 139 92 178 178 178
P 140 92 178 178 178
P 141 92 179 179 179
P 142 92 179 179 179
P 143 92 179 179 179
P 144 92 179 179 179
P 145 92 180 180 180
P 146 92 180 180 180
P 147 92 180 180 180
P 148 92 180 180 180
P 149 92 181 181 181
P 150 92 181 181 181
P 151 92 181 181 181
P 152 92 181 181 181
P 153 92 182 182 182
P 154 92 182 182 182
P 155 92 182 182 182
P 156 92 182 182 182
P 157 92 183 183 183
P 158 92 183 183 183
P 159 92 183 183 183
P 160 92 183 183 183
P 161 92 184 184 184
P 162 92 184 184 184
P 163 92 184 184 184
P 164 92 184 184 184
P 165 92 185 185 185
P 166 92 185 185 185
P 167 92 185 185 185
P 168 92 185 185 185
P 169 92 186 186 186
P 170 92 186 186 186
P 171 92 186 186 186
P 172 92 186 186 186
P 173 92 187 187 187
P 174 92 187 187 187
P 175 92 187 187 187
P 176 92 187 187 187
P 177 92 188 188 188
P 178 92 188 188 188
P 179 92 188 188 188
P 180 92 188 188 188
P 181 92 189 189 189
P 182 92 189 189 189
P 183 92 189 189 189
P 184 92 189 189 189
P 185 92 190 190 190
P 186 92 190 190 190
P 187 92 190 190 190
P 188 92 190 190 190
P 189 92 191 191 191
P 190 92 191 191 191
P 191 92 191 191 191
P 192 92 191 191 191
P 193 92 192 192 192
P 194 92 192 192 192
P 195 92 192 192 192
P 196 92 192 192 192
P 197 92 193 193 193
P 198 92 193 193 193
P 199 92 193 193 193
P 200 92 193 193 193
P 201 92 194 194 194
P 42 93 154 154 154
P 43 93 154 154 154
P 44 93 155 155 155
P 45 93 155 155 155
P 46 93 155 155 155
P 47 93 155 155 155
P 48 93 156 156 156
P 49 93 156 156 156
P 50 93 156 156 156
P 51 93 156 156 156
P 52 93 157 157 157
P 53 93 157 157 157
P 54 93 157 157 157
P 55 93 157 157 157
P 56 93 158 158 158
P 57 93 158 158 158
P 58 93 158 158 158
P 59 93 158 158 158
P 60 93 159 159 159
P 61 93 159 159 159
P 62 93 159 159 159
P 63 93 159 159 159
P 64 93 160 160 160
P 65 93 160 160 160
P 66 93 160 160 160
P 67 93 160 160 160
P 68 93 161 161 161
P 69 93 161 161 161
P 70 93 161 161 161
P 71 93 161 161 161
P 72 93 162 162 162
P 73 93 162 162 162
P 74 93 162 162 162
P 75 93 162 162 162
P 76 93 163 163 163
P 77 93 163 163 163
P 78 93 163 163 163
P 79 93 163 163 163
P 80 93 164 164 164
P 81 93 164 164 164
P 82 93 164 164 164
P 83 93 164 164 164
P 84 93 165 165 165
P 85 93 165 165 165
P 86 93 165 165 165
P 87 93 165 165 165
P 88 93 166 166 166
P 89 93 166 166 166
P 90 93 166 166 166
P 91 93 166 166 166
P 92 93 167 167 167
P 93 93 167 167 167
P 94 93 167 167 167
P 95 93 167 167 167
P 96 93 168 168 168
P 97 93 168 168 168
P 98 93 168 168 168
P 99 93 168 168 168
P 100 93 169 169 169
P 101 93 169 169 169
P 102 93 169 169 169
P 103 93 169 169 169
P 104 93 170 170 170
P 105 93 170 170 170
P 106 93 170 170 170
P 107 93 170 170 170
P 108 93 171 171 171
P 109 93 171 171 171
P 110 93 171 171 171
P 111 93 171 171 171
P 112 93 172 172 172
P 113 93 172 172 172
P 114 93 172 172 172
P 115 93 172 172 172
P 116 93 173 173 173
P 117 93 173 173 173
P 118 93 173 173 173
P 119 93 173 173 173
P 120 93 174 174 174
P 121 93 174 174 174
P 122 93 174 174 174
P 123 93 174 174 174
P 124 93 175 175 175
P 125 93 175 175 175
P 126 93 175 175 175
P 127 93 175 175 175
P 128 93 176 176 176
P 129 93 176 176 176
P 130 93 176 176 176
P 131 93 176 176 176
P 132 93 177 177 177
P 133 93 177 177 177
P 134 93 177 177 177
P 135 93 177 177 177
P 136 93 178 178 178
P 137 93 178 178 178
P 138 93 178 178 178
P 139 93 178 178 178
P 140 93 179 179 179
P 141 93 179 179 179
P 142 93 179 179 179
P 143 93 179 179 179
P 144 93 180 180 180
P 145 93 180 180 180
P 146 93 180 180 180
P 147 93 180 180 180
P 148 93 181 181 181
P 149 93 181 181 181
P 150 93 181 181 181
P 151 93 181 181 181
P 152 93 182 182 182
P 153 93 182 182 182
P 154 93 182 182 182
P 155 93 182 182 182
P 156 93 183 183 183
P 157 93 183 183 183
P 158 93 183 183 183
P 159 93 183 183 183
P 160 93 184 184 184
P 161 93 184 184 184
P 162 93 184 184 184
P 163 93 184 184 184
P 164 93 185 185 185
P 165 93 185 185 185
P 166 93 185 185 185
P 167 93 185 185 185
P 168 93 186 186 186
P 169 93 186 186 186
P 170 93 186 186 186
P 171 93 186 186 186
P 172 93 187 187 187
P 173 93 187 187 187
P 174 93 187 187 187
P 175 93 187 187 187
P 176 93 188 188 188
P 177 93 188 188 188
P 178 93 188 188 188
P 179 93 188 188 188
P 180 93 189 189 189
P 181 93 189 189 189
P 182 93 189 189 189
P 183 93 189 189 189
P 184 93 190 190 190
P 185 93 190 190 190
P 186 93 190 190 190
P 187 93 190 190 190
P 188 93 191 191 191
P 189 93 191 191 191
P 190 93 191 191 191
P 191 93 191 191 191
P 192 93 192 192 192
P 193 93 192 192 192
P 194 93 192 192 192
P 195 93 192 192 192
P 196 93 193 193 193
P 197 93 193 193 193
P 198 93 193 193 193
P 199 93 193 193 193
P 200 93 194 194 194
P 201 93 194 194 194
P 42 94 154 154 154
P 43 94 155 155 155
P 44 94 155 155 155
P 45 94 155 155 155
P 46 94 155 155 155
P 47 94 156 156 156
P 48 94 156 156 156
P 49 94 156 156 156
P 50 94 156 156 156
P 51 94 157 157 157
P 52 94 157 157 157
P 53 94 157 157 157
P 54 94 157 157 157
P 55 94 158 158 158
P 56 94 158 158 158
P 57 94 158 158 158
P 58 94 158 158 158
P 59 94 159 159 159
P 60 94 159 159 159
P 61 94 159 159 159
P 62 94 159 159 159
P 63 94 160 160 160
P 64 94 160 160 160
P 65 94 160 160 160
P 66 94 160 160 160
P 67 94 161 161 161
P 68 94 161 161 161
P 69 94 161 161 161
P 70 94 161 161 161
P 71 94 162 162 162
P 72 94 162 162 162
P 73 94 162 162 162
P 74 94 162 162 162
P 75 94 163 163 163
P 76 94 163 163 163
P 77 94 163 163 163
P 78 94 163 163 163
P 79 94 164 164 164
P 80 94 164 164 164
P 81 94 164 164 164
P 82 94 164 164 164
P 83 94 165 165 165
P 84 94 165 165 165
P 85 94 165 165 165
P 86 94 165 165 165
P 87 94 166 166 166
P 88 94 166 166 166
P 89 94 166 166 166
P 90 94 166 166 166
P 91 94 167 167 167
P 92 94 167 167 167
P 93 94 167 167 167
P 94 94 167 167 167
P 95 94 168 168 168
P 96 94 168 168 168
P 97 94 168 168 168
P 98 94 168 168 168
P 99 94 169 169 169
P 100 94 169 169 169
P 101 94 169 169 169
P 102 94 169 169 169
P 103 94 170 170 170
P 104 94 170 170 170
P 105 94 170 170 170
P 106 94 170 170 170
P 107 94 171 171 171
P 108 94 171 171 171
P 109 94 171 171 171
P 110 94 171 171 171
P 111 94 172 172 172
P 112 94 172 172 172
P 113 94 172 172 172
P 114 94 172 172 172
P 115 94 173 173 173
P 116 94 173 173 173
P 117 94 173 173 173
P 118 94 173 173 173
P 119 94 174 174 174
P 120 94 174 174 174
P 121 94 174 174 174
P 122 94 174 174 174
P 123 94 175 175 175
P 124 94 175 175 175
P 125 94 175 175 175
P 126 94 175 175 175
P 127 94 176 176 176
P 128 94 176 176 176
P 129 94 176 176 176
P 130 94 176 176 176
P 131 94 177 177 177
P 132 94 177 177 177
P 133 94 177 177 177
P 134 94 177 177 177
P 135 94 178 178 178
P 136 94 178 178 178
P 137 94 178 178 178
P 138 94 178 178 178
P 139 94 179 179 179
P 140 94 179 179 179
P 141 94 179 179 179
P 142 94 179 179 179
P 143 94 180 180 180
P 144 94 180 180 180
P 145 94 180 180 180
P 146 94 180 180 180
P 147 94 181 181 181
P 148 94 181 181 181
P 149 94 181 181 181
P 150 94 181 181 181
P 151 94 182 182 182
P 152 94 182 182 182
P 153 94 182 182 182
P 154 94 182 182 182
P 155 94 183 183 183
P 156 94 183 183 183
P 157 94 183 183 183
P 158 94 183 183 183
P 159 94 184 184 184
P 160 94 184 184 184
P 161 94 184 184 184
P 162 94 184 184 184
P 163 94 185 185 185
P 164 94 185 185 185
P 165 94 185 185 185
P 166 94 185 185 185
P 167 94 186 186 186
P 168 94 186 186 186
P 169 94 186 186 186
P 170 94 186 186 186
P 171 94 187 187 187
P 172 94 187 187 187
P 173 94 187 187 187
P 174 94 187 187 187
P 175 94 188 188 188
P 176 94 188 188 188
P 177 94 188 188 188
P 178 94 188 188 188
P 179 94 189 189 189
P 180 94 189 189 189
P 181 94 189 189 189
P 182 94 189 189 189
P 183 94 190 190 190
P 184 94 190 190 190
P 185 94 190 190 190
P 186 94 190 190 190
P 187 94 191 191 191
P 188 94 191 191 191
P 189 94 191 191 191
P 190 94 191 191 191
P 191 94 192 192 192
P 192 94 192 192 192
P 193 94 192 192 192
P 194 94 192 192 192
P 195 94 193 193 193
P 196 94 193 193 193
P 197 94 193 193 193
P 198 94 193 193 193
P 199 94 194 194 194
P 200 94 194 194 194
P 201 94 194 194 194
P 42 95 155 155 155
P 43 95 155 155 155
P 44 95 155 155 155
P 45 95 155 155 155
P 46 95 156 156 156
P 47 95 156 156 156
P 48 95 156 156 156
P 49 95 156 156 156
P 50 95 157 157 157
P 51 95 157 157 157
P 52 95 157 157 157
P 53 95 157 157 157
P 54 95 158 158 158
P 55 95 158 158 158
P 56 95 158 158 158
P 57 95 158 158 158
P 58 95 159 159 159
P 59 95 159 159 159
P 60 95 159 159 159
P 61 95 159 159 159
P 62 95 160 160 160
P 63 95 160 160 160
P 64 95 160 160 160
P 65 95 160 160 160
P 66 95 161 161 161
P 67 95 161 161 161
P 68 95 161 161 161
P 69 95 161 161 161
P 70 95 162 162 162
P 71 95 162 162 162
P 72 95 162 162 162
P 73 95 162 162 162
P 74 95 163 163 163
P 75 95 163 163 163
P 76 95 163 163 163
P 77 95 163 163 163
P 78 95 164 164 164
P 79 95 164 164 164
P 80 95 164 164 164
P 81 95 164 164 164
P 82 95 165 165 165
P 83 95 165 165 165
P 84 95 165 165 165
P 85 95 165 165 165
P 86 95 166 166 166
P 87 95 166 166 166
P 88 95 166 166 166
P 89 95 166 166 166
P 90 95 167 167 167
P 91 95 167 167 167
P 92 95 167 167 167
P 93 95 167 167 167
P 94 95 168 168 168
P 95 95 168 168 168
P 96 95 168 168 168
P 97 95 168 168 168
P 98 95 169 169 169
P 99 95 169 169 169
P 100 95 169 169 169
P 101 95 169 169 169
P 102 95 170 170 170
P 103 95 170 170 170
P 104 95 170 170 170
P 105 95 170 170 170
P 106 95 171 171 171
P 107 95 171 171 171
P 108 95 171 171 171
P 109 95 171 171 171
P 110 95 172 172 172
P 111 95 172 172 172
P 112 95 172 172 172
P 113 95 172 172 172
P 114 95 173 173 173
P 115 95 173 173 173
P 116 95 173 173 173
P 117 95 173 173 173
P 118 95 174 174 174
P 119 95 174 174 174
P 120 95 174 174 174
P 121 95 174 174 174
P 122 95 175 175 175
P 123 95 175 175 175
P 124 95 175 175 175
P 125 95 175 175 175
P 126 95 176 176 176
P 127 95 176 176 176
P 128 95 176 176 176
P 129 95 176 176 176
P 130 95 177 177 177
P 131 95 177 177 177
P 132 95 177 177 177
P 133 95 177 177 177
P 134 95 178 178 178
P 135 95 178 178 178
P 136 95 178 178 178
P 137 95 178 178 178
P 138 95 179 179 179
P 139 95 179 179 179
P 140 95 179 179 179
P 141 95 179 179 179
P 142 95 180 180 180
P 143 95 180 180 180
P 144 95 180 180 180
P 145 95 180 180 180
P 146 95 181 181 181
P 147 95 181 181 181
P 148 95 181 181 181
P 149 95 181 181 181
P 150 95 182 182 182
P 151 95 182 182 182
P 152 95 182 182 182
P 153 95 182 182 182
P 154 95 183 183 183
P 155 95 183 183 183
P 156 95 183 183 183
P 157 95 183 183 183
P 158 95 184 184 184
P 159 95 184 184 184
P 160 95 184 184 184
P 161 95 184 184 184
P 162 95 185 185 185
P 163 95 185 185 185
P 164 95 185 185 185
P 165 95 185 185 185
P 166 95 186 186 186
P 167 95 186 186 186
P 168 95 186 186 186
P 169 95 186 186 186
P 170 95 187 187 187
P 171 95 187 187 187
P 172 95 187 187 187
P 173 95 187 187 187
P 174 95 188 188 188
P 175 95 188 188 188
P 176 95 188 188 188
P 177 95 188 188 188
P 178 95 189 189 189
P 179 95 189 189 189
P 180 95 189 189 189
P 181 95 189 189 189
P 182 95 190 190 190
P 183 95 190 190 190
P 184 95 190 190 190
P 185 95 190 190 190
P 186 95 191 191 191
P 187 95 191 191 191
P 188 95 191 191 191
P 189 95 191 191 191
P 190 95 192 192 192
P 191 95 192 192 192
P 192 95 192 192 192
P 193 95 192 192 192
P 194 95 193 193 193
P 195 95 193 193 193
P 196 95 193 193 193
P 197 95 193 193 193
P 198 95 194 194 194
P 199 95 194 194 194
P 200 95 194 194 194
P 201 95 194 194 194
P 42 96 155 155 155
P 43 96 155 155 155
P 44 96 155 155 155
P 45 96 156 156 156
P 46 96 156 156 156
P 47 96 156 156 156
P 48 96 156 156 156
P 49 96 157 157 157
P 50 96 157 157 157
P 51 96 157 157 157
P 52 96 157 157 157
P 53 96 158 158 158
P 54 96 158 158 158
P 55 96 158 158 158
P 56 96 158 158 158
P 57 96 159 159 159
P 58 96 159 159 159
P 59 96 159 159 159
P 60 96 159 159 159
P 61 96 160 160 160
P 62 96 160 160 160
P 63 96 160 160 160
P 64 96 160 160 160
P 65 96 161 161 161
P 66 96 161 161 161
P 67 96 161 161 161
P 68 96 161 161 161
P 69 96 162 162 162
P 70 96 162 162 162
P 71 96 162 162 162
P 72 96 162 162 162
P 73 96 163 163 163
P 74 96 163 163 163
P 75 96 163 163 163
P 76 96 163 163 163
P 77 96 164 164 164
P 78 96 164 164 164
P 79 96 164 164 164
P 80 96 164 164 164
P 81 96 165 165 165
P 82 96 165 165 165
P 83 96 165 165 165
P 84 96 165 165 165
P 85 96 166 166 166
P 86 96 166 166 166
P 87 96 166 166 166
P 88 96 166 166 166
P 89 96 167 167 167
P 90 96 167 167 167
P 91 96 167 167 167
P 92 96 167 167 167
P 93 96 168 168 168
P 94 96 168 168 168
P 95 96 168 168 168
P 96 96 168 168 168
P 97 96 169 169 169
P 98 96 169 169 169
P 99 96 169 169 169
P 100 96 169 169 169
P 101 96 170 170 170
P 102 96 170 170 170
P 103 96 170 170 170
P 104 96 170 170 170
P 105 96 171 171 171
P 106 96 171 171 171
P 107 96 171 171 171
P 108 96 171 171 171
P 109 96 172 172 172
P 110 96 172 172 172
P 111 96 172 172 172
P 112 96 172 172 172
P 113 96 173 173 173
P 114 96 173 173 173
P 115 96 173 173 173
P 116 96 173 173 173
P 117 96 174 174 174
P 118 96 174 174 174
P 119 96 174 174 174
P 120 96 174 174 174
P 121 96 175 175 175
P 122 96 175 175 175
P 123 96 175 175 175
P 124 96 175 175 175
P 125 96 176 176 176
P 126 96 176 176 176
P 127 96 176 176 176
P 128 96 176 176 176
P 129 96 177 177 177
P 130 96 177 177 177
P 131 96 177 177 177
P 132 96 177 177 177
P 133 96 178 178 178
P 134 96 178 178 178
P 135 96 178 178 178
P 136 96 178 178 178
P 137 96 179 179 179
P 138 96 179 179 179
P 139 96 179 179 179
P 140 96 179 179 179
P 141 96 180 180 180
P 142 96 180 180 180
P 143 96 180 180 180
P 144 96 180 180 180
P 145 96 181 181 181
P 146 96 181 181 181
P 147 96 181 181 181
P 148 96 181 181 181
P 149 96 182 182 182
P 150 96 182 182 182
P 151 96 182 182 182
P 152 96 182 182 182
P 153 96 183 183 183
P 154 96 183 183 183
P 155 96 183 183 183
P 156 96 183 183 183
P 157 96 184 184 184
P 158 96 184 184 184
P 159 96 184 184 184
P 160 96 184 184 184
P 161 96 185 185 185
P 162 96 185 185 185
P 163 96 185 185 185
P 164 96 185 185 185
P 165 96 186 186 186
P 166 96 186 186 186
P 167 96 186 186 186
P 168 96 186 186 186
P 169 96 187 187 187
P 170 96 187 187 187
P 171 96 187 187 187
P 172 96 187 187 187
P 173 96 188 188 188
P 174 96 188 188 188
P 175 96 188 188 188
P 176 96 188 188 188
P 177 96 189 189 189
P 178 96 189 189 189
P 179 96 189 189 189
P 180 96 189 189 189
P 181 96 190 190 190
P 182 96 190 190 190
P 183 96 190 190 190
P 184 96 190 190 190
P 185 96 191 191 191
P 186 96 191 191 191
P 187 96 191 191 191
P 188 96 191 191 191
P 189 96 192 192 192
P 190 96 192 192 192
P 191 96 192 192 192
P 192 96 192 192 192
P 193 96 193 193 193
P 194 96 193 193 193
P 195 96 193 193 193
P 196 96 193 193 193
P 197 96 194 194 194
P 198 96 194 194 194
P 199 96 194 194 194
P 200 96 194 194 194
P 201 96 195 195 195
P 42 97 155 155 155
P 43 97 155 155 155
P 44 97 156 156 156
P 45 97 156 156 156
P 46 97 156 156 156
P 47 97 156 156 156
P 48 97 157 157 157
P 49 97 157 157 157
P 50 97 157 157 157
P 51 97 157 157 157
P 52 97 158 158 158
P 53 97 158 158 158
P 54 97 158 158 158
P 55 97 158 158 158
P 56 97 159 159 159
P 57 97 159 159 159
P 58 97 159 159 159
P 59 97 159 159 159
P 60 97 160 160 160
P 61 97 160 160 160
P 62 97 160 160 160
P 63 97 160 160 160
P 64 97 161 161 161
P 65 97 161 161 161
P 66 97 161 161 161
P 67 97 161 161 161
P 68 97 162 162 162
P 69 97 162 162 162
P 70 97 162 162 162
P 71 97 162 162 162
P 72 97 163 163 163
P 73 97 163 163 163
P 74 97 163 163 163
P 75 97 163 163 163
P 76 97 164 164 164
P 77 97 164 164 164
P 78 97 164 164 164
P 79 97 164 164 164
P 80 97 165 165 165
P 81 97 165 165 165
P 82 97 165 165 165
P 83 97 165 165 165
P 84 97 166 166 166
P 85 97 166 166 166
P 86 97 166 166 166
P 87 97 166 166 166
P 88 97 167 167 167
P 89 97 167 167 167
P 90 97 167 167 167
P 91 97 167 167 167
P 92 97 168 168 168
P 93 97 168 168 168
P 94 97 168 168 168
P 95 97 168 168 168
P 96 97 169 169 169
P 97 97 169 169 169
P 98 97 169 169 169
P 99 97 169 169 169
P 100 97 170 170 170
P 101 97 170 170 170
P 102 97 170 170 170
P 103 97 170 170 170
P 104 97 171 171 171
P 105 97 171 171 171
P 106 97 171 171 171
P 107 97 171 171 171
P 108 97 172 172 172
P 109 97 172 172 172
P 110 97 172 172 172
P 111 97 172 172 172
P 112 97 173 173 173
P 113 97 173 173 173
P 114 97 173 173 173
P 115 97 173 173 173
P 116 97 174 174 174
P 117 97 174 174 174
P 118 97 174 174 174
P 119 97 174 174 174
P 120 97 175 175 175
P 121 97 175 175 175
P 122 97 175 175 175
P 123 97 175 175 175
P 124 97 176 176 176
P 125 97 176 176 176
P 126 97 176 176 176
P 127 97 176 176 176
P 128 97 177 177 177
P 129 97 177 177 177
P 130 97 177 177 177
P 131 97 177 177 177
P 132 97 178 178 178
P 133 97 178 178 178
P 134 97 178 178 178
P 135 97 178 178 178
P 136 97 179 179 179
P 137 97 179 179 179
P 138 97 179 179 179
P 139 97 179 179 179
P 140 97 180 180 180
P 141 97 180 180 180
P 142 97 180 180 180
P 143 97 180 180 180
P 144 97 181 181 181
P 145 97 181 181 181
P 146 97 181 181 181
P 147 97 181 181 181
P 148 97 182 182 182
P 149 97 182 182 182
P 150 97 182 182 182
P 151 97 182 182 182
P 152 97 183 183 183
P 153 97 183 183 183
P 154 97 183 183 183
P 155 97 183 183 183
P 156 97 184 184 184
P 157 97 184 184 184
P 158 97 184 184 184
P 159 97 184 184 184
P 160 97 185 185 185
P 161 97 185 185 185
P 162 97 185 185 185
P 163 97 185 185 185
P 164 97 186 186 186
P 165 97 186 186 186
P 166 97 186 186 186
P 167 97 186 186 186
P 168 97 187 187 187
P 169 97 187 187 187
P 170 97 187 187 187
P 171 97 187 187 187
P 172 97 188 188 188
P 173 97 188 188 188
P 174 97 188 188 188
P 175 97 188 188 188
P 176 97 189 189 189
P 177 97 189 189 189
P 178 97 189 189 189
P 179 97 189 189 189
P 180 97 190 190 190
P 181 97 190 190 190
P 182 97 190 190 190
P 183 97 190 190 190
P 184 97 191 191 191
P 185 97 191 191 191
P 186 97 191 191 191
P 187 97 191 191 191
P 188 97 192 192 192
P 189 97 192 192 192
P 190 97 192 192 192
P 191 97 192 192 192
P 192 97 193 193 193
P 193 97 193 193 193
P 194 97 193 193 193
P 195 97 193 193 193
P 196 97 194 194 194
P 197 97 194 194 194
P 198 97 194 194 194
P 199 97 194 194 194
P 200 97 195 195 195
P 201 97 195 195 195
P 43 98 156 156 156
P 44 98 156 156 156
P 45 98 156 156 156
P 46 98 156 156 156
P 47 98 157 157 157
P 48 98 157 157 157
P 49 98 157 157 157
P 50 98 157 157 157
P 51 98 158 158 158
P 52 98 158 158 158
P 53 98 158 158 158
P 54 98 158 158 158
P 55 98 159 159 159
P 56 98 159 159 159
P 57 98 159 159 159
P 58 98 159 159 159
P 59 98 160 160 160
P 60 98 160 160 160
P 61 98 160 160 160
P 62 98 160 160 160
P 63 98 161 161 161
P 64 98 161 161 161
P 65 98 161 161 161
P 66 98 161 161 161
P 67 98 162 162 162
P 68 98 162 162 162
P 69 98 162 162 162
P 70 98 162 162 162
P 71 98 163 163 163
P 72 98 163 163 163
P 73 98 163 163 163
P 74 98 163 163 163
P 75 98 164 164 164
P 76 98 164 164 164
P 77 98 164 164 164
P 78 98 164 164 164
P 79 98 165 165 165
P 80 98 165 165 165
P 81 98 165 165 165
P 82 98 165 165 165
P 83 98 166 166 166
P 84 98 166 166 166
P 85 98 166 166 166
P 86 98 166 166 166
P 87 98 167 167 167
P 88 98 167 167 167
P 89 98 167 167 167
P 90 98 167 167 167
P 91 98 168 168 168
P 92 98 168 168 168
P 93 98 168 168 168
P 94 98 168 168 168
P 95 98 169 169 169
P 96 98 169 169 169
P 97 98 169 169 169
P 98 98 169 169 169
P 99 98 170 170 170
P 100 98 170 170 170
P 101 98 170 170 170
P 102 98 170 170 170
P 103 98 171 171 171
P 104 98 171 171 171
P 105 98 171 171 171
P 106 98 171 171 171
P 107 98 172 172 172
P 108 98 172 172 172
P 109 98 172 172 172
P 110 98 172 172 172
P 111 98 173 173 173
P 112 98 173 173 173
P 113 98 173 173 173
P 114 98 173 173 173
P 115 98 174 174 174
P 116 98 174 174 174
P 117 98 174 174 174
P 118 98 174 174 174
P 119 98 175 175 175
P 120 98 175 175 175
P 121 98 175 175 175
P 122 98 175 175 175
P 123 98 176 176 176
P 124 98 176 176 176
P 125 98 176 176 176
P 126 98 176 176 176
P 127 98 177 177 177
P 128 98 177 177 177
P 129 98 177 177 177
P 130 98 177 177 177
P 131 98 178 178 178
P 132 98 178 178 178
P 133 98 178 178 178
P 134 98 178 178 178
P 135 98 179 179 179
P 136 98 179 179 179
P 137 98 179 179 179
P 138 98 179 179 179
P 139 98 180 180 180
P 140 98 180 180 180
P 141 98 180 180 180
P 142 98 180 180 180
P 143 98 181 181 181
P 144 98 181 181 181
P 145 98 181 181 181
P 146 98 181 181 181
P 147 98 182 182 182
P 148 98 182 182 182
P 149 98 182 182 182
P 150 98 182 182 182
P 151 98 183 183 183
P 152 98 183 183 183
P 153 98 183 183 183
P 154 98 183 183 183
P 155 98 184 184 184
P 156 98 184 184 184
P 157 98 184 184 184
P 158 98 184 184 184
P 159 98 185 185 185
P 160 98 185 185 185
P 161 98 185 185 185
P 162 98 185 185 185
P 163 98 186 186 186
P 164 98 186 186 186
P 165 98 186 186 186
P 166 98 186 186 186
P 167 98 187 187 187
P 168 98 187 187 187
P 169 98 187 187 187
P 170 98 187 187 187
P 171 98 188 188 188
P 172 98 188 188 188
P 173 98 188 188 188
P 174 98 188 188 188
P 175 98 189 189 189
P 176 98 189 189 189
P 177 98 189 189 189
P 178 98 189 189 189
P 179 98 190 190 190
P 180 98 190 190 190
P 181 98 190 190 190
P 182 98 190 190 190
P 183 98 191 191 191
P 184 98 191 191 191
P 185 98 191 191 191
P 186 98 191 191 191
P 187 98 192 192 192
P 188 98 192 192 192
P 189 98 192 192 192
P 190 98 192 192 192
P 191 98 193 193 193
P 192 98 193 193 193
P 193 98 193 193 193
P 194 98 193 193 193
P 195 98 194 194 194
P 196 98 194 194 194
P 197 98 194 194 194
P 198 98 194 194 194
P 199 98 195 195 195
P 200 98 195 195 195
P 201 98 195 195 195
P 43 99 156 156 156
P 44 99 156 156 156
P 45 99 156 156 156
P 46 99 157 157 157
P 47 99 157 157 157
P 48 99 157 157 157
P 49 99 157 157 157
P 50 99 158 158 158
P 51 99 158 158 158
P 52 99 158 158 158
P 53 99 158 158 158
P 54 99 159 159 159
P 55 99 159 159 159
P 56 99 159 159 159
P 57 99 159 159 159
P 58 99 160 160 160
P 59 99 160 160 160
P 60 99 160 160 160
P 61 99 160 160 160
P 62 99 161 161 161
P 63 99 161 161 161
P 64 99 161 161 161
P 65 99 161 161 161
P 66 99 162 162 162
P 67 99 162 162 162
P 68 99 162 162 162
P 69 99 162 162 162
P 70 99 163 163 163
P 71 99 163 163 163
P 72 99 163 163 163
P 73 99 163 163 163
P 74 99 164 164 164
P 75 99 164 164 164
P 76 99 164 164 164
P 77 99 164 164 164
P 78 99 165 165 165
P 79 99 165 165 165
P 80 99 165 165 165
P 81 99 165 165 165
P 82 99 166 166 166
P 83 99 166 166 166
P 84 99 166 166 166
P 85 99 166 166 166
P 86 99 167 167 167
P 87 99 167 167 167
P 88 99 167 167 167
P 89 99 167 167 167
P 90 99 168 168 168
P 91 99 168 168 168
P 92 99 168 168 168
P 93 99 168 168 168
P 94 99 169 169 169
P 95 99 169 169 169
P 96 99 169 169 169
P 97 99 169 169 169
P 98 99 170 170 170
P 99 99 170 170 170
P 100 99 170 170 170
P 101 99 170 170 170
P 102 99 171 171 171
P 103 99 171 171 171
P 104 99 171 171 171
P 105 99 171 171 171
P 106 99 172 172 172
P 107 99 172 172 172
P 108 99 172 172 172
P 109 99 172 172 172
P 110 99 173 173 173
P 111 99 173 173 173
P 112 99 173 173 173
P 113 99 173 173 173
P 114 99 174 174 174
P 115 99 174 174 174
P 116 99 174 174 174
P 117 99 174 174 174
P 118 99 175 175 175
P 119 99 175 175 175
P 120 99 175 175 175
P 121 99 175 175 175
P 122 99 176 176 176
P 123 99 176 176 176
P 124 99 176 176 176
P 125 99 176 176 176
P 126 99 177 177 177
P 127 99 177 177 177
P 128 99 177 177 177
P 129 99 177 177 177
P 130 99 178 178 178
P 131 99 178 178 178
P 132 99 178 178 178
P 133 99 178 178 178
P 134 99 179 179 179
P 135 99 179 179 179
P 136 99 179 179 179
P 137 99 179 179 179
P 138 99 180 180 180
P 139 99 180 180 180
P 140 99 180 180 180
P 141 99 180 180 180
P 142 99 181 181 181
P 143 99 181 181 181
P 144 99 181 181 181
P 145 99 181 181 181
P 146 99 182 182 182
P 147 99 182 182 182
P 148 99 182 182 182
P 149 99 182 182 182
P 150 99 183 183 183
P 151 99 183 183 183
P 152 99 183 183 183
P 153 99 183 183 183
P 154 99 184 184 184
P 155 99 184 184 184
P 156 99 184 184 184
P 157 99 184 184 184
P 158 99 185 185 185
P 159 99 185 185 185
P 160 99 185 185 185
P 161 99 185 185 185
P 162 99 186 186 186
P 163 99 186 186 186
P 164 99 186 186 186
P 165 99 186 186 186
P 166 99 187 187 187
P 167 99 187 187 187
P 168 99 187 187 187
P 169 99 187 187 187
P 170 99 188 188 188
P 171 99 188 188 188
P 172 99 188 188 188
P 173 99 188 188 188
P 174 99 189 189 189
P 175 99 189 189 189
P 176 99 189 189 189
P 177 99 189 189 189
P 178 99 190 190 190
P 179 99 190 190 190
P 180 99 190 190 190
P 181 99 190 190 190
P 182 99 191 191 191
P 183 99 191 191 191
P 184 99 191 191 191
P 185 99 191 191 191
P 186 99 192 192 192
P 187 99 192 192 192
P 188 99 192 192 192
P 189 99 192 192 192
P 190 99 193 193 193
P 191 99 193 193 193
P 192 99 193 193 193
P 193 99 193 193 193
P 194 99 194 194 194
P 195 99 194 194 194
P 196 99 194 194 194
P 197 99 194 194 194
P 198 99 195 195 195
P 199 99 195 195 195
P 200 99 195 195 195
P 201 99 195 195 195
P 202 99 196 196 196
P 43 100 156 156 156
P 44 100 156 156 156
P 45 100 157 157 157
P 46 100 157 157 157
P 47 100 157 157 157
P 48 100 157 157 157
P 49 100 158 158 158
P 50 100 158 158 158
P 51 100 158 158 158
P 52 100 158 158 158
P 53 100 159 159 159
P 54 100 159 159 159
P 55 100 159 159 159
P 56 100 159 159 159
P 57 100 160 160 160
P 58 100 160 160 160
P 59 100 160 160 160
P 60 100 160 160 160
P 61 100 161 161 161
P 62 100 161 161 161
P 63 100 161 161 161
P 64 100 161 161 161
P 65 100 162 162 162
P 66 100 162 162 162
P 67 100 162 162 162
P 68 100 162 162 162
P 69 100 163 163 163
P 70 100 163 163 163
P 71 100 163 163 163
P 72 100 163 163 163
P 73 100 164 164 164
P 74 100 164 164 164
P 75 100 164 164 164
P 76 100 164 164 164
P 77 100 165 165 165
P 78 100 165 165 165
P 79 100 165 165 165
P 80 100 165 165 165
P 81 100 166 166 166
P 82 100 166 166 166
P 83 100 166 166 166
P 84 100 166 166 166
P 85 100 167 167 167
P 86 100 167 167 167
P 87 100 167 167 167
P 88 100 167 167 167
P 89 100 168 168 168
P 90 100 168 168 168
P 91 100 168 168 168
P 92 100 168 168 168
P 93 100 169 169 169
P 94 100 169 169 169
P 95 100 169 169 169
P 96 100 169 169 169
P 97 100 170 170 170
P 98 100 170 170 170
P 99 100 170 170 170
P 100 100 170 170 170
P 101 100 171 171 171
P 102 100 171 171 171
P 103 100 171 171 171
P 104 100 171 171 171
P 105 100 172 172 172
P 106 100 172 172 172
P 107 100 172 172 172
P 108 100 172 172 172
P 109 100 173 173 173
P 110 100 173 173 173
P 111 100 173 173 173
P 112 100 173 173 173
P 113 100 174 174 174
P 114 100 174 174 174
P 115 100 174 174 174
P 116 100 174 174 174
P 117 100 175 175 175
P 118 100 175 175 175
P 119 100 175 175 175
P 120 100 175 175 175
P 121 100 176 176 176
P 122 100 176 176 176
P 123 100 176 176 176
P 124 100 176 176 176
P 125 100 177 177 177
P 126 100 177 177 177
P 127 100 177 177 177
P 128 100 177 177 177
P 129 100 178 178 178
P 130 100 178 178 178
P 131 100 178 178 178
P 132 100 178 178 178
P 133 100 179 179 179
P 134 100 179 179 179
P 135 100 179 179 179
P 136 100 179 179 179
P 137 100 180 180 180
P 138 100 180 180 180
P 139 100 180 180 180
P 140 100 180 180 180
P 141 100 181 181 181
P 142 100 181 181 181
P 143 100 181 181 181
P 144 100 181 181 181
P 145 100 182 182 182
P 146 100 182 182 182
P 147 100 182 182 182
P 148 100 182 182 182
P 149 100 183 183 183
P 150 100 183 183 183
P 151 100 183 183 183
P 152 100 183 183 183
P 153 100 184 184 184
P 154 100 184 184 184
P 155 100 184 184 184
P 156 100 184 184 184
P 157 100 185 185 185
P 158 100 185 185 185
P 159 100 185 185 185
P 160 100 185 185 185
P 161 100 186 186 186
P 162 100 186 186 186
P 163 100 186 186 186
P 164 100 186 186 186
P 165 100 187 187 187
P 166 100 187 187 187
P 167 100 187 187 187
P 168 100 187 187 187
P 169 100 188 188 188
P 170 100 188 188 188
P 171 100 188 188 188
P 172 100 188 188 188
P 173 100 189 189 189
P 174 100 189 189 189
P 175 100 189 189 189
P 176 100 189 189 189
P 177 100 190 190 190
P 178 100 190 190 190
P 179 100 190 190 190
P 180 100 190 190 190
P 181 100 191 191 191
P 182 100 191 191 191
P 183 100 191 191 191
P 184 100 191 191 191
P 185 100 192 192 192
P 186 100 192 192 192
P 187 100 192 192 192
P 188 100 192 192 192
P 189 100 193 193 193
P 190 100 193 193 193
P 191 100 193 193 193
P 192 100 193 193 193
P 193 100 194 194 194
P 194 100 194 194 194
P 195 100 194 194 194
P 196 100 194 194 194
P 197 100 195 195 195
P 198 100 195 195 195
P 199 100 195 195 195
P 200 100 195 195 195
P 201 100 196 196 196
P 202 100 196 196 196
P 43 101 156 156 156
P 44 101 157 157 157
P 45 101 157 157 157
P 46 101 157 157 157
P 47 101 157 157 157
P 48 101 158 158 158
P 49 101 158 158 158
P 50 101 158 158 158
P 51 101 158 158 158
P 52 101 159 159 159
P 53 101 159 159 159
P 54 101 159 159 159
P 55 101 159 159 159
P 56 101 160 160 160
P 57 101 160 160 160
P 58 101 160 160 160
P 59 101 160 160 160
P 60 101 161 161 161
P 61 101 161 161 161
P 62 101 161 161 161
P 63 101 161 161 161
P 64 101 162 162 162
P 65 101 162 162 162
P 66 101 162 162 162
P 67 101 162 162 162
P 68 101 163 163 163
P 69 101 163 163 163
P 70 101 163 163 163
P 71 101 163 163 163
P 72 101 164 164 164
P 73 101 164 164 164
P 74 101 164 164 164
P 75 101 164 164 164
P 76 101 165 165 165
P 77 101 165 165 165
P 78 101 165 165 165
P 79 101 165 165 165
P 80 101 166 166 166
P 81 101 166 166 166
P 82 101 166 166 166
P 83 101 166 166 166
P 84 101 167 167 167
P 85 101 167 167 167
P 86 101 167 167 167
P 87 101 167 167 167
P 88 101 168 168 168
P 89 101 168 168 168
P 90 101 168 168 168
P 91 101 168 168 168
P 92 101 169 169 169
P 93 101 169 169 169
P 94 101 169 169 169
P 95 101 169 169 169
P 96 101 170 170 170
P 97 101 170 170 170
P 98 101 170 170 170
P 99 101 170 170 170
P 100 101 171 171 171
P 101 101 171 171 171
P 102 101 171 171 171
P 103 101 171 171 171
P 104 101 172 172 172
P 105 101 172 172 172
P 106 101 172 172 172
P 107 101 172 172 172
P 108 101 173 173 173
P 109 101 173 173 173
P 110 101 173 173 173
P 111 101 173 173 173
P 112 101 174 174 174
P 113 101 174 174 174
P 114 101 174 174 174
P 115 101 174 174 174
P 116 101 175 175 175
P 117 101 175 175 175
P 118 101 175 175 175
P 119 101 175 175 175
P 120 101 176 176 176
P 121 101 176 176 176
P 122 101 176 176 176
P 123 101 176 176 176
P 124 101 177 177 177
P 125 101 177 177 177
P 126 101 177 177 177
P 127 101 177 177 177
P 128 101 178 178 178
P 129 101 178 178 178
P 130 101 178 178 178
P 131 101 178 178 178
P 132 101 179 179 179
P 133 101 179 179 179
P 134 101 179 179 179
P 135 101 179 179 179
P 136 101 180 180 180
P 137 101 180 180 180
P 138 101 180 180 180
P 139 101 180 180 180
P 140 101 181 181 181
P 141 101 181 181 181
P 142 101 181 181 181
P 143 101 181 181 181
P 144 101 182 182 182
P 145 101 182 182 182
P 146 101 182 182 182
P 147 101 182 182 182
P 148 101 183 183 183
P 149 101 183 183 183
P 150 101 183 183 183
P 151 101 183 183 183
P 152 101 184 184 184
P 153 101 184 184 184
P 154 101 184 184 184
P 155 101 184 184 184
P 156 101 185 185 185
P 157 101 185 185 185
P 158 101 185 185 185
P 159 101 185 185 185
P 160 101 186 186 186
P 161 101 186 186 186
P 162 101 186 186 186
P 163 101 186 186 186
P 164 101 187 187 187
P 165 101 187 187 187
P 166 101 187 187 187
P 167 101 187 187 187
P 168 101 188 188 188
P 169 101 188 188 188
P 170 101 188 188 188
P 171 101 188 188 188
P 172 101 189 189 189
P 173 101 189 189 189
P 174 101 189 189 189
P 175 101 189 189 189
P 176 101 190 190 190
P 177 101 190 190 190
P 178 101 190 190 190
P 179 101 190 190 190
P 180 101 191 191 191
P 181 101 191 191 191
P 182 101 191 191 191
P 183 101 191 191 191
P 184 101 192 192 192
P 185 101 192 192 192
P 186 101 192 192 192
P 187 101 192 192 192
P 188 101 193 193 193
P 189 101 193 193 193
P 190 101 193 193 193
P 191 101 193 193 193
P 192 101 194 194 194
P 193 101 194 194 194
P 194 101 194 194 194
P 195 101 194 194 194
P 196 101 195 195 195
P 197 101 195 195 195
P 198 101 195 195 195
P 199 101 195 195 195
P 200 101 196 196 196
P 201 101 196 196 196
P 202 101 196 196 196
P 43 102 157 157 157
P 44 102 157 157 157
P 45 102 157 157 157
P 46 102 157 157 157
P 47 102 158 158 158
P 48 102 158 158 158
P 49 102 158 158 158
P 50 102 158 158 158
P 51 102 159 159 159
P 52 102 159 159 159
P 53 102 159 159 159
P 54 102 159 159 159
P 55 102 160 160 160
P 56 102 160 160 160
P 57 102 160 160 160
P 58 102 160 160 160
P 59 102 161 161 161
P 60 102 161 161 161
P 61 102 161 161 161
P 62 102 161 161 161
P 63 102 162 162 162
P 64 102 162 162 162
P 65 102 162 162 162
P 66 102 162 162 162
P 67 102 163 163 163
P 68 102 163 163 163
P 69 102 163 163 163
P 70 102 163 163 163
P 71 102 164 164 164
P 72 102 164 164 164
P 73 102 164 164 164
P 74 102 164 164 164
P 75 102 165 165 165
P 76 102 165 165 165
P 77 102 165 165 165
P 78 102 165 165 165
P 79 102 166 166 166
P 80 102 166 166 166
P 81 102 166 166 166
P 82 102 166 166 166
P 83 102 167 167 167
P 84 102 167 167 167
P 85 102 167 167 167
P 86 102 167 167 167
P 87 102 168 168 168
P 88 102 168 168 168
P 89 102 168 168 168
P 90 102 168 168 168
P 91 102 169 169 169
P 92 102 169 169 169
P 93 102 169 169 169
P 94 102 169 169 169
P 95 102 170 170 170
P 96 102 170 170 170
P 97 102 170 170 170
P 98 102 170 170 170
P 99 102 171 171 171
P 100 102 171 171 171
P 101 102 171 171 171
P 102 102 171 171 171
P 103 102 172 172 172
P 104 102 172 172 172
P 105 102 172 172 172
P 106 102 172 172 172
P 107 102 173 173 173
P 108 102 173 173 173
P 109 102 173 173 173
P 110 102 173 173 173
P 111 102 174 174 174
P 112 102 174 174 174
P 113 102 174 174 174
P 114 102 174 174 174
P 115 102 175 175 175
P 116 102 175 175 175
P 117 102 175 175 175
P 118 102 175 175 175
P 119 102 176 176 176
P 120 102 176 176 176
P 121 102 176 176 176
P 122 102 176 176 176
P 123 102 177 177 177
P 124 102 177 177 177
P 125 102 177 177 177
P 126 102 177 177 177
P 127 102 178 178 178
P 128 102 178 178 178
P 129 102 178 178 178
P 130 102 178 178 178
P 131 102 179 179 179
P 132 102 179 179 179
P 133 102 179 179 179
P 134 102 179 179 179
P 135 102 180 180 180
P 136 102 180 180 180
P 137 102 180 180 180
P 138 102 180 180 180
P 139 102 181 181 181
P 140 102 181 181 181
P 141 102 181 181 181
P 142 102 181 181 181
P 143 102 182 182 182
P 144 102 182 182 182
P 145 102 182 182 182
P 146 102 182 182 182
P 147 102 183 183 183
P 148 102 183 183 183
P 149 102 183 183 183
P 150 102 183 183 183
P 151 102 184 184 184
P 152 102 184 184 184
P 153 102 184 184 184
P 154 102 184 184 184
P 155 102 185 185 185
P 156 102 185 185 185
P 157 102 185 185 185
P 158 102 185 185 185
P 159 102 186 186 186
P 160 102 186 186 186
P 161 102 186 186 186
P 162 102 186 186 186
P 163 102 187 187 187
P 164 102 187 187 187
P 165 102 187 187 187
P 166 102 187 187 187
P 167 102 188 188 188
P 168 102 188 188 188
P 169 102 188 188 188
P 170 102 188 188 188
P 171 102 189 189 189
P 172 102 189 189 189
P 173 102 189 189 189
P 174 102 189 189 189
P 175 102 190 190 190
P 176 102 190 190 190
P 177 102 190 190 190
P 178 102 190 190 190
P 179 102 191 191 191
P 180 102 191 191 191
P 181 102 191 191 191
P 182 102 191 191 191
P 183 102 192 192 192
P 184 102 192 192 192
P 185 102 192 192 192
P 186 102 192 192 192
P 187 102 193 193 193
P 188 102 193 193 193
P 189 102 193 193 193
P 190 102 193 193 193
P 191 102 194 194 194
P 192 102 194 194 194
P 193 102 194 194 194
P 194 102 194 194 194
P 195 102 195 195 195
P 196 102 195 195 195
P 197 102 195 195 195
P 198 102 195 195 195
P 199 102 196 196 196
P 200 102 196 196 196
P 201 102 196 196 196
P 202 102 196 196 196
P 43 103 157 157 157
P 44 103 157 157 157
P 45 103 157 157 157
P 46 103 158 158 158
P 47 103 158 158 158
P 48 103 158 158 158
P 49 103 158 158 158
P 50 103 159 159 159
P 51 103 159 159 159
P 52 103 159 159 159
P 53 103 159 159 159
P 54 103 160 160 160
P 55 103 160 160 160
P 56 103 160 160 160
P 57 103 160 160 160
P 58 103 161 161 161
P 59 103 161 161 161
P 60 103 161 161 161
P 61 103 161 161 161
P 62 103 162 162 162
P 63 103 162 162 162
P 64 103 162 162 162
P 65 103 162 162 162
P 66 103 163 163 163
P 67 103 163 163 163
P 68 103 163 163 163
P 69 103 163 163 163
P 70 103 164 164 164
P 71 103 164 164 164
P 72 103 164 164 164
P 73 103 164 164 164
P 74 103 165 165 165
P 75 103 165 165 165
P 76 103 165 165 165
P 77 103 165 165 165
P 78 103 166 166 166
P 79 103 166 166 166
P 80 103 166 166 166
P 81 103 166 166 166
P 82 103 167 167 167
P 83 103 167 167 167
P 84 103 167 167 167
P 85 103 167 167 167
P 86 103 168 168 168
P 87 103 168 168 168
P 88 103 168 168 168
P 89 103 168 168 168
P 90 103 169 169 169
P 91 103 169 169 169
P 92 103 169 169 169
P 93 103 169 169 169
P 94 103 170 170 170
P 95 103 170 170 170
P 96 103 170 170 170
P 97 103 170 170 170
P 98 103 171 171 171
P 99 103 171 171 171
P 100 103 171 171 171
P 101 103 171 171 171
P 102 103 172 172 172
P 103 103 172 172 172
P 104 103 172 172 172
P 105 103 172 172 172
P 106 103 173 173 173
P 107 103 173 173 173
P 108 103 173 173 173
P 109 103 173 173 173
P 110 103 174 174 174
P 111 103 174 174 174
P 112 103 174 174 174
P 113 103 174 174 174
P 114 103 175 175 175
P 115 103 175 175 175
P 116 103 175 175 175
P 117 103 175 175 175
P 118 103 176 176 176
P 119 103 176 176 176
P 120 103 176 176 176
P 121 103 176 176 176
P 122 103 177 177 177
P 123 103 177 177 177
P 124 103 177 177 177
P 125 103 177 177 177
P 126 103 178 178 178
P 127 103 178 178 178
P 128 103 178 178 178
P 129 103 178 178 178
P 130 103 179 179 179
P 131 103 179 179 179
P 132 103 179 179 179
P 133 103 179 179 179
P 134 103 180 180 180
P 135 103 180 180 180
P 136 103 180 180 180
P 137 103 180 180 180
P 138 103 181 181 181
P 139 103 181 181 181
P 140 103 181 181 181
P 141 103 181 181 181
P 142 103 182 182 182
P 143 103 182 182 182
P 144 103 182 182 182
P 145 103 182 182 182
P 146 103 183 183 183
P 147 103 183 183 183
P 148 103 183 183 183
P 149 103 183 183 183
P 150 103 184 184 184
P 151 103 184 184 184
P 152 103 184 184 184
P 153 103 184 184 184
P 154 103 185 185 185
P 155 103 185 185 185
P 156 103 185 185 185
P 157 103 185 185 185
P 158 103 186 186 186
P 159 103 186 186 186
P 160 103 186 186 186
P 161 103 186 186 186
P 162 103 187 187 187
P 163 103 187 187 187
P 164 103 187 187 187
P 165 103 187 187 187
P 166 103 188 188 188
P 167 103 188 188 188
P 168 103 188 188 188
P 169 103 188 188 188
P 170 103 189 189 189
P 171 103 189 189 189
P 172 103 189 189 189
P 173 103 189 189 189
P 174 103 190 190 190
P 175 103 190 190 190
P 176 103 190 190 190
P 177 103 190 190 190
P 178 103 191 191 191
P 179 103 191 191 191
P 180 103 191 191 191
P 181 103 191 191 191
P 182 103 192 192 192
P 183 103 192 192 192
P 184 103 192 192 192
P 185 103 192 192 192
P 186 103 193 193 193
P 187 103 193 193 193
P 188 103 193 193 193
P 189 103 193 193 193
P 190 103 194 194 194
P 191 103 194 194 194
P 192 103 194 194 194
P 193 103 194 194 194
P 194 103 195 195 195
P 195 103 195 195 195
P 196 103 195 195 195
P 197 103 195 195 195
P 198 103 196 196 196
P 199 103 196 196 196
P 200 103 196 196 196
P 201 103 196 196 196
P 202 103 197 197 197
P 43 104 157 157 157
P 44 104 157 157 157
P 45 104 158 158 158
P 46 104 158 158 158
P 47 104 158 158 158
P 48 104 158 158 158
P 49 104 159 159 159
P 50 104 159 159 159
P 51 104 159 159 159
P 52 104 159 159 159
P 53 104 160 160 160
P 54 104 160 160 160
P 55 104 160 160 160
P 56 104 160 160 160
P 57 104 161 161 161
P 58 104 161 161 161
P 59 104 161 161 161
P 60 104 161 161 161
P 61 104 162 162 162
P 62 104 162 162 162
P 63 104 162 162 162
P 64 104 162 162 162
P 65 104 163 163 163
P 66 104 163 163 163
P 67 104 163 163 163
P 68 104 163 163 163
P 69 104 164 164 164
P 70 104 164 164 164
P 71 104 164 164 164
P 72 104 164 164 164
P 73 104 165 165 165
P 74 104 165 165 165
P 75 104 165 165 165
P 76 104 165 165 165
P 77 104 166 166 166
P 78 104 166 166 166
P 79 104 166 166 166
P 80 104 166 166 166
P 81 104 167 167 167
P 82 104 167 167 167
P 83 104 167 167 167
P 84 104 167 167 167
P 85 104 168 168 168
P 86 104 168 168 168
P 87 104 168 168 168
P 88 104 168 168 168
P 89 104 169 169 169
P 90 104 169 169 169
P 91 104 169 169 169
P 92 104 169 169 169
P 93 104 170 170 170
P 94 104 170 170 170
P 95 104 170 170 170
P 96 104 170 170 170
P 97 104 171 171 171
P 98 104 171 171 171
P 99 104 171 171 171
P 100 104 171 171 171
P 101 104 172 172 172
P 102 104 172 172 172
P 103 104 172 172 172
P 104 104 172 172 172
P 105 104 173 173 173
P 106 104 173 173 173
P 107 104 173 173 173
P 108 104 173 173 173
P 109 104 174 174 174
P 110 104 174 174 174
P 111 104 174 174 174
P 112 104 174 174 174
P 113 104 175 175 175
P 114 104 175 175 175
P 115 104 175 175 175
P 116 104 175 175 175
P 117 104 176 176 176
P 118 104 176 176 176
P 119 104 176 176 176
P 120 104 176 176 176
P 121 104 177 177 177
P 122 104 177 177 177
P 123 104 177 177 177
P 124 104 177 177 177
P 125 104 178 178 178
P 126 104 178 178 178
P 127 104 178 178 178
P 128 104 178 178 178
P 129 104 179 179 179
P 130 104 179 179 179
P 131 104 179 179 179
P 132 104 179 179 179
P 133 104 180 180 180
P 134 104 180 180 180
P 135 104 180 180 180
P 136 104 180 180 180
P 137 104 181 181 181
P 138 104 181 181 181
P 139 104 181 181 181
P 140 104 181 181 181
P 141 104 182 182 182
P 142 104 182 182 182
P 143 104 182 182 182
P 144 104 182 182 182
P 145 104 183 183 183
P 146 104 183 183 183
P 147 104 183 183 183
P 148 104 183 183 183
P 149 104 184 184 184
P 150 104 184 184 184
P 151 104 184 184 184
P 152 104 184 184 184
P 153 104 185 185 185
P 154 104 185 185 185
P 155 104 185 185 185
P 156 104 185 185 185
P 157 104 186 186 186
P 158 104 186 186 186
P 159 104 186 186 186
P 160 104 186 186 186
P 161 104 187 187 187
P 162 104 187 187 187
P 163 104 187 187 187
P 164 104 187 187 187
P 165 104 188 188 188
P 166 104 188 188 188
P 167 104 188 188 188
P 168 104 188 188 188
P 169 104 189 189 189
P 170 104 189 189 189
P 171 104 189 189 189
P 172 104 189 189 189
P 173 104 190 190 190
P 174 104 190 190 190
P 175 104 190 190 190
P 176 104 190 190 190
P 177 104 191 191 191
P 178 104 191 191 191
P 179 104 191 191 191
P 180 104 191 191 191
P 181 104 192 192 192
P 182 104 192 192 192
P 183 104 192 192 192
P 184 104 192 192 192
P 185 104 193 193 193
P 186 104 193 193 193
P 187 104 193 193 193
P 188 104 193 193 193
P 189 104 194 194 194
P 190 104 194 194 194
P 191 104 194 194 194
P 192 104 194 194 194
P 193 104 195 195 195
P 194 104 195 195 195
P 195 104 195 195 195
P 196 104 195 195 195
P 197 104 196 196 196
P 198 104 196 196 196
P 199 104 196 196 196
P 200 104 196 196 196
P 201 104 197 197 197
P 202 104 197 197 197
P 43 105 157 157 157
P 44 105 158 158 158
P 45 105 158 158 158
P 46 105 158 158 158
P 47 105 158 158 158
P 48 105 159 159 159
P 49 105 159 159 159
P 50 105 159 159 159
P 51 105 159 159 159
P 52 105 160 160 160
P 53 105 160 160 160
P 54 105 160 160 160
P 55 105 160 160 160
P 56 105 161 161 161
P 57 105 161 161 161
P 58 105 161 161 161
P 59 105 161 161 161
P 60 105 162 162 162
P 61 105 162 162 162
P 62 105 162 162 162
P 63 105 162 162 162
P 64 105 163 163 163
P 65 105 163 163 163
P 66 105 163 163 163
P 67 105 163 163 163
P 68 105 164 164 164
P 69 105 164 164 164
P 70 105 164 164 164
P 71 105 164 164 164
P 72 105 165 165 165
P 73 105 165 165 165
P 74 105 165 165 165
P 75 105 165 165 165
P 76 105 166 166 166
P 77 105 166 166 166
P 78 105 166 166 166
P 79 105 166 166 166
P 80 105 167 167 167
P 81 105 167 167 167
P 82 105 167 167 167
P 83 105 167 167 167
P 84 105 168 168 168
P 85 105 168 168 168
P 86 105 168 168 168
P 87 105 168 168 168
P 88 105 169 169 169
P 89 105 169 169 169
P 90 105 169 169 169
P 91 105 169 169 169
P 92 105 170 170 170
P 93 105 170 170 170
P 94 105 170 170 170
P 95 105 170 170 170
P 96 105 171 171 171
P 97 105 171 171 171
P 98 105 171 171 171
P 99 105 171 171 171
P 100 105 172 172 172
P 101 105 172 172 172
P 102 105 172 172 172
P 103 105 172 172 172
P 104 105 173 173 173
P 105 105 173 173 173
P 106 105 173 173 173
P 107 105 173 173 173
P 108 105 174 174 174
P 109 105 174 174 174
P 110 105 174 174 174
P 111 105 174 174 174
P 112 105 175 175 175
P 113 105 175 175 175
P 114 105 175 175 175
P 115 105 175 175 175
P 116 105 176 176 176
P 117 105 176 176 176
P 118 105 176 176 176
P 119 105 176 176 176
P 120 105 177 177 177
P 121 105 177 177 177
P 122 105 177 177 177
P 123 105 177 177 177
P 124 105 178 178 178
P 125 105 178 178 178
P 126 105 178 178 178
P 127 105 178 178 178
P 128 105 179 179 179
P 129 105 179 179 179
P 130 105 179 179 179
P 131 105 179 179 179
P 132 105 180 180 180
P 133 105 180 180 180
P 134 105 180 180 180
P 135 105 180 180 180
P 136 105 181 181 181
P 137 105 181 181 181
P 138 105 181 181 181
P 139 105 181 181 181
P 140 105 182 182 182
P 141 105 182 182 182
P 142 105 182 182 182
P 143 105 182 182 182
P 144 105 183 183 183
P 145 105 183 183 183
P 146 105 183 183 183
P 147 105 183 183 183
P 148 105 184 184 184
P 149 105 184 184 184
P 150 105 184 184 184
P 151 105 184 184 184
P 152 105 185 185 185
P 153 105 185 185 185
P 154 105 185 185 185
P 155 105 185 185 185
P 156 105 186 186 186
P 157 105 186 186 186
P 158 105 186 186 186
P 159 105 186 186 186
P 160 105 187 187 187
P 161 105 187 187 187
P 162 105 187 187 187
P 163 105 187 187 187
P 164 105 188 188 188
P 165 105 188 188 188
P 166 105 188 188 188
P 167 105 188 188 188
P 168 105 189 189 189
P 169 105 189 189 189
P 170 105 189 189 189
P 171 105 189 189 189
P 172 105 190 190 190
P 173 105 190 190 190
P 174 105 190 190 190
P 175 105 190 190 190
P 176 105 191 191 191
P 177 105 191 191 191
P 178 105 191 191 191
P 179 105 191 191 191
P 180 105 192 192 192
P 181 105 192 192 192
P 182 105 192 192 192
P 183 105 192 192 192
P 184 105 193 193 193
P 185 105 193 193 193
P 186 105 193 193 193
P 187 105 193 193 193
P 188 105 194 194 194
P 189 105 194 194 194
P 190 105 194 194 194
P 191 105 194 194 194
P 192 105 195 195 195
P 193 105 195 195 195
P 194 105 195 195 195
P 195 105 195 195 195
P 196 105 196 196 196
P 197 105 196 196 196
P 198 105 196 196 196
P 199 105 196 196 196
P 200 105 197 197 197
P 201 105 197 197 197
P 202 105 197 197 197
P 43 106 158 158 158
P 44 106 158 158 158
P 45 106 158 158 158
P 46 106 158 158 158
P 47 106 159 159 159
P 48 106 159 159 159
P 49 106 159 159 159
P 50 106 159 159 159
P 51 106 160 160 160
P 52 106 160 160 160
P 53 106 160 160 160
P 54 106 160 160 160
P 55 106 161 161 161
P 56 106 161 161 161
P 57 106 161 161 161
P 58 106 161 161 161
P 59 106 162 162 162
P 60 106 162 162 162
P 61 106 162 162 162
P 62 106 162 162 162
P 63 106 163 163 163
P 64 106 163 163 163
P 65 106 163 163 163
P 66 106 163 163 163
P 67 106 164 164 164
P 68 106 164 164 164
P 69 106 164 164 164
P 70 106 164 164 164
P 71 106 165 165 165
P 72 106 165 165 165
P 73 106 165 165 165
P 74 106 165 165 165
P 75 106 166 166 166
P 76 106 166 166 166
P 77 106 166 166 166
P 78 106 166 166 166
P 79 106 167 167 167
P 80 106 167 167 167
P 81 106 167 167 167
P 82 106 167 167 167
P 83 106 168 168 168
P 84 106 168 168 168
P 85 106 168 168 168
P 86 106 168 168 168
P 87 106 169 169 169
P 88 106 169 169 169
P 89 106 169 169 169
P 90 106 169 169 169
P 91 106 170 170 170
P 92 106 170 170 170
P 93 106 170 170 170
P 94 106 170 170 170
P 95 106 171 171 171
P 96 106 171 171 171
P 97 106 171 171 171
P 98 106 171 171 171
P 99 106 172 172 172
P 100 106 172 172 172
P 101 106 172 172 172
P 102 106 172 172 172
P 103 106 173 173 173
P 104 106 173 173 173
P 105 106 173 173 173
P 106 106 173 173 173
P 107 106 174 174 174
P 108 106 174 174 174
P 109 106 174 174 174
P 110 106 174 174 174
P 111 106 175 175 175
P 112 106 175 175 175
P 113 106 175 175 175
P 114 106 175 175 175
P 115 106 176 176 176
P 116 106 176 176 176
P 117 106 176 176 176
P 118 106 176 176 176
P 119 106 177 177 177
P 120 106 177 177 177
P 121 106 177 177 177
P 122 106 177 177 177
P 123 106 178 178 178
P 124 106 178 178 178
P 125 106 178 178 178
P 126 106 178 178 178
P 127 106 179 179 179
P 128 106 179 179 179
P 129 106 179 179 179
P 130 106 179 179 179
P 131 106 180 180 180
P 132 106 180 180 180
P 133 106 180 180 180
P 134 106 180 180 180
P 135 106 181 181 181
P 136 106 181 181 181
P 137 106 181 181 181
P 138 106 181 181 181
P 139 106 182 182 182
P 140 106 182 182 182
P 141 106 182 182 182
P 142 106 182 182 182
P 143 106 183 183 183
P 144 106 183 183 183
P 145 106 183 183 183
P 146 106 183 183 183
P 147 106 184 184 184
P 148 106 184 184 184
P 149 106 184 184 184
P 150 106 184 184 184
P 151 106 185 185 185
P 152 106 185 185 185
P 153 106 185 185 185
P 154 106 185 185 185
P 155 106 186 186 186
P 156 106 186 186 186
P 157 106 186 186 186
P 158 106 186 186 186
P 159 106 187 187 187
P 160 106 187 187 187
P 161 106 187 187 187
P 162 106 187 187 187
P 163 106 188 188 188
P 164 106 188 188 188
P 165 106 188 188 188
P 166 106 188 188 188
P 167 106 189 189 189
P 168 106 189 189 189
P 169 106 189 189 189
P 170 106 189 189 189
P 171 106 190 190 190
P 172 106 190 190 190
P 173 106 190 190 190
P 174 106 190 190 190
P 175 106 191 191 191
P 176 106 191 191 191
P 177 106 191 191 191
P 178 106 191 191 191
P 179 106 192 192 192
P 180 106 192 192 192
P 181 106 192 192 192
P 182 106 192 192 192
P 183 106 193 193 193
P 184 106 193 193 193
P 185 106 193 193 193
P 186 106 193 193 193
P 187 106 194 194 194
P 188 106 194 194 194
P 189 106 194 194 194
P 190 106 194 194 194
P 191 106 195 195 195
P 192 106 195 195 195
P 193 106 195 195 195
P 194 106 195 195 195
P 195 106 196 196 196
P 196 106 196 196 196
P 197 106 196 196 196
P 198 106 196 196 196
P 199 106 197 197 197
P 200 106 197 197 197
P 201 106 197 197 197
P 202 106 197 197 197
P 43 107 158 158 158
P 44 107 158 158 158
P 45 107 158 158 158
P 46 107 159 159 159
P 47 107 159 159 159
P 48 107 159 159 159
P 49 107 159 159 159
P 50 107 160 160 160
P 51 107 160 160 160
P 52 107 160 160 160
P 53 107 160 160 160
P 54 107 161 161 161
P 55 107 161 161 161
P 56 107 161 161 161
P 57 107 161 161 161
P 58 107 162 162 162
P 59 107 162 162 162
P 60 107 162 162 162
P 61 107 162 162 162
P 62 107 163 163 163
P 63 107 163 163 163
P 64 107 163 163 163
P 65 107 163 163 163
P 66 107 164 164 164
P 67 107 164 164 164
P 68 107 164 164 164
P 69 107 164 164 164
P 70 107 165 165 165
P 71 107 165 165 165
P 72 107 165 165 165
P 73 107 165 165 165
P 74 107 166 166 166
P 75 107 166 166 166
P 76 107 166 166 166
P 77 107 166 166 166
P 78 107 167 167 167
P 79 107 167 167 167
P 80 107 167 167 167
P 81 107 167 167 167
P 82 107 168 168 168
P 83 107 168 168 168
P 84 107 168 168 168
P 85 107 168 168 168
P 86 107 169 169 169
P 87 107 169 169 169
P 88 107 169 169 169
P 89 107 169 169 169
P 90 107 170 170 170
P 91 107 170 170 170
P 92 107 170 170 170
P 93 107 170 170 170
P 94 107 171 171 171
P 95 107 171 171 171
P 96 107 171 171 171
P 97 107 171 171 171
P 98 107 172 172 172
P 99 107 172 172 172
P 100 107 172 172 172
P 101 107 172 172 172
P 102 107 173 173 173
P 103 107 173 173 173
P 104 107 173 173 173
P 105 107 173 173 173
P 106 107 174 174 174
P 107 107 174 174 174
P 108 107 174 174 174
P 109 107 174 174 174
P 110 107 175 175 175
P 111 107 175 175 175
P 112 107 175 175 175
P 113 107 175 175 175
P 114 107 176 176 176
P 115 107 176 176 176
P 116 107 176 176 176
P 117 107 176 176 176
P 118 107 177 177 177
P 119 107 177 177 177
P 120 107 177 177 177
P 121 107 177 177 177
P 122 107 178 178 178
P 123 107 178 178 178
P 124 107 178 178 178
P 125 107 178 178 178
P 126 107 179 179 179
P 127 107 179 179 179
P 128 107 179 179 179
P 129 107 179 179 179
P 130 107 180 180 180
P 131 107 180 180 180
P 132 107 180 180 180
P 133 107 180 180 180
P 134 107 181 181 181
P 135 107 181 181 181
P 136 107 181 181 181
P 137 107 181 181 181
P 138 107 182 182 182
P 139 107 182 182 182
P 140 107 182 182 182
P 141 107 182 182 182
P 142 107 183 183 183
P 143 107 183 183 183
P 144 107 183 183 183
P 145 107 183 183 183
P 146 107 184 184 184
P 147 107 184 184 184
P 148 107 184 184 184
P 149 107 184 184 184
P 150 107 185 185 185
P 151 107 185 185 185
P 152 107 185 185 185
P 153 107 185 185 185
P 154 107 186 186 186
P 155 107 186 186 186
P 156 107 186 186 186
P 157 107 186 186 186
P 158 107 187 187 187
P 159 107 187 187 187
P 160 107 187 187 187
P 161 107 187 187 187
P 162 107 188 188 188
P 163 107 188 188 188
P 164 107 188 188 188
P 165 107 188 188 188
P 166 107 189 189 189
P 167 107 189 189 189
P 168 107 189 189 189
P 169 107 189 189 189
P 170 107 190 190 190
P 171 107 190 190 190
P 172 107 190 190 190
P 173 107 190 190 190
P 174 107 191 191 191
P 175 107 191 191 191
P 176 107 191 191 191
P 177 107 191 191 191
P 178 107 192 192 192
P 179 107 192 192 192
P 180 107 192 192 192
P 181 107 192 192 192
P 182 107 193 193 193
P 183 107 193 193 193
P 184 107 193 193 193
P 185 107 193 193 193
P 186 107 194 194 194
P 187 107 194 194 194
P 188 107 194 194 194
P 189 107 194 194 194
P 190 107 195 195 195
P 191 107 195 195 195
P 192 107 195 195 195
P 193 107 195 195 195
P 194 107 196 196 196
P 195 107 196 196 196
P 196 107 196 196 196
P 197 107 196 196 196
P 198 107 197 197 197
P 199 107 197 197 197
P 200 107 197 197 197
P 201 107 197 197 197
P 202 107 198 198 198
P 43 108 158 158 158
P 44 108 158 158 158
P 45 108 159 159 159
P 46 108 159 159 159
P 47 108 159 159 159
P 48 108 159 159 159
P 49 108 160 160 160
P 50 108 160 160 160
P 51 108 160 160 160
P 52 108 160 160 160
P 53 108 161 161 161
P 54 108 161 161 161
P 55 108 161 161 161
P 56 108 161 161 161
P 57 108 162 162 162
P 58 108 162 162 162
P 59 108 162 162 162
P 60 108 162 162 162
P 61 108 163 163 163
P 62 108 163 163 163
P 63 108 163 163 163
P 64 108 163 163 163
P 65 108 164 164 164
P 66 108 164 164 164
P 67 108 164 164 164
P 68 108 164 164 164
P 69 108 165 165 165
P 70 108 165 165 165
P 71 108 165 165 165
P 72 108 165 165 165
P 73 108 166 166 166
P 74 108 166 166 166
P 75 108 166 166 166
P 76 108 166 166 166
P 77 108 167 167 167
P 78 108 167 167 167
P 79 108 167 167 167
P 80 108 167 167 167
P 81 108 168 168 168
P 82 108 168 168 168
P 83 108 168 168 168
P 84 108 168 168 168
P 85 108 169 169 169
P 86 108 169 169 169
P 87 108 169 169 169
P 88 108 169 169 169
P 89 108 170 170 170
P 90 108 170 170 170
P 91 108 170 170 170
P 92 108 170 170 170
P 93 108 171 171 171
P 94 108 171 171 171
P 95 108 171 171 171
P 96 108 171 171 171
P 97 108 172 172 172
P 98 108 172 172 172
P 99 108 172 172 172
P 100 108 172 172 172
P 101 108 173 173 173
P 102 108 173 173 173
P 103 108 173 173 173
P 104 108 173 173 173
P 105 108 174 174 174
P 106 108 174 174 174
P 107 108 174 174 174
P 108 108 174 174 174
P 109 108 175 175 175
P 110 108 175 175 175
P 111 108 175 175 175
P 112 108 175 175 175
P 113 108 176 176 176
P 114 108 176 176 176
P 115 108 176 176 176
P 116 108 176 176 176
P 117 108 177 177 177
P 118 108 177 177 177
P 119 108 177 177 177
P 120 108 177 177 177
P 121 108 178 178 178
P 122 108 178 178 178
P 123 108 178 178 178
P 124 108 178 178 178
P 125 108 179 179 179
P 126 108 179 179 179
P 127 108 179 179 179
P 128 108 179 179 179
P 129 108 180 180 180
P 130 108 180 180 180
P 131 108 180 180 180
P 132 108 180 180 180
P 133 108 181 181 181
P 134 108 181 181 181
P 135 108 181 181 181
P 136 108 181 181 181
P 137 108 182 182 182
P 138 108 182 182 182
P 139 108 182 182 182
P 140 108 182 182 182
P 141 108 183 183 183
P 142 108 183 183 183
P 143 108 183 183 183
P 144 108 183 183 183
P 145 108 184 184 184
P 146 108 184 184 184
P 147 108 184 184 184
P 148 108 184 184 184
P 149 108 185 185 185
P 150 108 185 185 185
P 151 108 185 185 185
P 152 108 185 185 185
P 153 108 186 186 186
P 154 108 186 186 186
P 155 108 186 186 186
P 156 108 186 186 186
P 157 108 187 187 187
P 158 108 187 187 187
P 159 108 187 187 187
P 160 108 187 187 187
P 161 108 188 188 188
P 162 108 188 188 188
P 163 108 188 188 188
P 164 108 188 188 188
P 165 108 189 189 189
P 166 108 189 189 189
P 167 108 189 189 189
P 168 108 189 189 189
P 169 108 190 190 190
P 170 108 190 190 190
P 171 108 190 190 190
P 172 108 190 190 190
P 173 108 191 191 191
P 174 108 191 191 191
P 175 108 191 191 191
P 176 108 191 191 191
P 177 108 192 192 192
P 178 108 192 192 192
P 179 108 192 192 192
P 180 108 192 192 192
P 181 108 193 193 193
P 182 108 193 193 193
P 183 108 193 193 193
P 184 108 193 193 193
P 185 108 194 194 194
P 186 108 194 194 194
P 187 108 194 194 194
P 188 108 194 194 194
P 189 108 195 195 195
P 190 108 195 195 195
P 191 108 195 195 195
P 192 108 195 195 195
P 193 108 196 196 196
P 194 108 196 196 196
P 195 108 196 196 196
P 196 108 196 196 196
P 197 108 197 197 197
P 198 108 197 197 197
P 199 108 197 197 197
P 200 108 197 197 197
P 201 108 198 198 198
P 202 108 198 198 198
P 43 109 158 158 158
P 44 109 159 159 159
P 45 109 159 159 159
P 46 109 159 159 159
P 47 109 159 159 159
P 48 109 160 160 160
P 49 109 160 160 160
P 50 109 160 160 160
P 51 109 160 160 160
P 52 109 161 161 161
P 53 109 161 161 161
P 54 109 161 161 161
P 55 109 161 161 161
P 56 109 162 162 162
P 57 109 162 162 162
P 58 109 162 162 162
P 59 109 162 162 162
P 60 109 163 163 163
P 61 109 163 163 163
P 62 109 163 163 163
P 63 109 163 163 163
P 64 109 164 164 164
P 65 109 164 164 164
P 66 109 164 164 164
P 67 109 164 164 164
P 68 109 165 165 165
P 69 109 165 165 165
P 70 109 165 165 165
P 71 109 165 165 165
P 72 109 166 166 166
P 73 109 166 166 166
P 74 109 166 166 166
P 75 109 166 166 166
P 76 109 167 167 167
P 77 109 167 167 167
P 78 109 167 167 167
P 79 109 167 167 167
P 80 109 168 168 168
P 81 109 168 168 168
P 82 109 168 168 168
P 83 109 168 168 168
P 84 109 169 169 169
P 85 109 169 169 169
P 86 109 169 169 169
P 87 109 169 169 169
P 88 109 170 170 170
P 89 109 170 170 170
P 90 109 170 170 170
P 91 109 170 170 170
P 92 109 171 171 171
P 93 109 171 171 171
P 94 109 171 171 171
P 95 109 171 171 171
P 96 109 172 172 172
P 97 109 172 172 172
P 98 109 172 172 172
P 99 109 172 172 172
P 100 109 173 173 173
P 101 109 173 173 173
P 102 109 173 173 173
P 103 109 173 173 173
P 104 109 174 174 174
P 105 109 174 174 174
P 106 109 174 174 174
P 107 109 174 174 174
P 108 109 175 175 175
P 109 109 175 175 175
P 110 109 175 175 175
P 111 109 175 175 175
P 112 109 176 176 176
P 113 109 176 176 176
P 114 109 176 176 176
P 115 109 176 176 176
P 116 109 177 177 177
P 117 109 177 177 177
P 118 109 177 177 177
P 119 109 177 177 177
P 120 109 178 178 178
P 121 109 178 178 178
P 122 109 178 178 178
P 123 109 178 178 178
P 124 109 179 179 179
P 125 109 179 179 179
P 126 109 179 179 179
P 127 109 179 179 179
P 128 109 180 180 180
P 129 109 180 180 180
P 130 109 180 180 180
P 131 109 180 180 180
P 132 109 181 181 181
P 133 109 181 181 181
P 134 109 181 181 181
P 135 109 181 181 181
P 136 109 182 182 182
P 137 109 182 182 182
P 138 109 182 182 182
P 139 109 182 182 182
P 140 109 183 183 183
P 141 109 183 183 183
P 142 109 183 183 183
P 143 109 183 183 183
P 144 109 184 184 184
P 145 109 184 184 184
P 146 109 184 184 184
P 147 109 184 184 184
P 148 109 185 185 185
P 149 109 185 185 185
P 150 109 185 185 185
P 151 109 185 185 185
P 152 109 186 186 186
P 153 109 186 186 186
P 154 109 186 186 186
P 155 109 186 186 186
P 156 109 187 187 187
P 157 109 187 187 187
P 158 109 187 187 187
P 159 109 187 187 187
P 160 109 188 188 188
P 161 109 188 188 188
P 162 109 188 188 188
P 163 109 188 188 188
P 164 109 189 189 189
P 165 109 189 189 189
P 166 109 189 189 189
P 167 109 189 189 189
P 168 109 190 190 190
P 169 109 190 190 190
P 170 109 190 190 190
P 171 109 190 190 190
P 172 109 191 191 191
P 173 109 191 191 191
P 174 109 191 191 191
P 175 109 191 191 191
P 176 109 192 192 192
P 177 109 192 192 192
P 178 109 192 192 192
P 179 109 192 192 192
P 180 109 193 193 193
P 181 109 193 193 193
P 182 109 193 193 193
P 183 109 193 193 193
P 184 109 194 194 194
P 185 109 194 194 194
P 186 109 194 194 194
P 187 109 194 194 194
P 188 109 195 195 195
P 189 109 195 195 195
P 190 109 195 195 195
P 191 109 195 195 195
P 192 109 196 196 196
P 193 109 196 196 196
P 194 109 196 196 196
P 195 109 196 196 196
P 196 109 197 197 197
P 197 109 197 197 197
P 198 109 197 197 197
P 199 109 197 197 197
P 200 109 198 198 198
P 201 109 198 198 198
P 202 109 198 198 198
P 43 110 159 159 159
P 44 110 159 159 159
P 45 110 159 159 159
P 46 110 159 159 159
P 47 110 160 160 160
P 48 110 160 160 160
P 49 110 160 160 160
P 50 110 160 160 160
P 51 110 161 161 161
P 52 110 161 161 161
P 53 110 161 161 161
P 54 110 161 161 161
P 55 110 162 162 162
P 56 110 162 162 162
P 57 110 162 162 162
P 58 110 162 162 162
P 59 110 163 163 163
P 60 110 163 163 163
P 61 110 163 163 163
P 62 110 163 163 163
P 63 110 164 164 164
P 64 110 164 164 164
P 65 110 164 164 164
P 66 110 164 164 164
P 67 110 165 165 165
P 68 110 165 165 165
P 69 110 165 165 165
P 70 110 165 165 165
P 71 110 166 166 166
P 72 110 166 166 166
P 73 110 166 166 166
P 74 110 166 166 166
P 75 110 167 167 167
P 76 110 167 167 167
P 77 110 167 167 167
P 78 110 167 167 167
P 79 110 168 168 168
P 80 110 168 168 168
P 81 110 168 168 168
P 82 110 168 168 168
P 83 110 169 169 169
P 84 110 169 169 169
P 85 110 169 169 169
P 86 110 169 169 169
P 87 110 170 170 170
P 88 110 170 170 170
P 89 110 170 170 170
P 90 110 170 170 170
P 91 110 171 171 171
P 92 110 171 171 171
P 93 110 171 171 171
P 94 110 171 171 171
P 95 110 172 172 172
P 96 110 172 172 172
P 97 110 172 172 172
P 98 110 172 172 172
P 99 110 173 173 173
P 100 110 173 173 173
P 101 110 173 173 173
P 102 110 173 173 173
P 103 110 174 174 174
P 104 110 174 174 174
P 105 110 174 174 174
P 106 110 174 174 174
P 107 110 175 175 175
P 108 110 175 175 175
P 109 110 175 175 175
P 110 110 175 175 175
P 111 110 176 176 176
P 112 110 176 176 176
P 113 110 176 176 176
P 114 110 176 176 176
P 115 110 177 177 177
P 116 110 177 177 177
P 117 110 177 177 177
P 118 110 177 177 177
P 119 110 178 178 178
P 120 110 178 178 178
P 121 110 178 178 178
P 122 110 178 178 178
P 123 110 179 179 179
P 124 110 179 179 179
P 125 110 179 179 179
P 126 110 179 179 179
P 127 110 180 180 180
P 128 110 180 180 180
P 129 110 180 180 180
P 130 110 180 180 180
P 131 110 181 181 181
P 132 110 181 181 181
P 133 110 181 181 181
P 134 110 181 181 181
P 135 110 182 182 182
P 136 110 182 182 182
P 137 110 182 182 182
P 138 110 182 182 182
P 139 110 183 183 183
P 140 110 183 183 183
P 141 110 183 183 183
P 142 110 183 183 183
P 143 110 184 184 184
P 144 110 184 184 184
P 145 110 184 184 184
P 146 110 184 184 184
P 147 110 185 185 185
P 148 110 185 185 185
P 149 110 185 185 185
P 150 110 185 185 185
P 151 110 186 186 186
P 152 110 186 186 186
P 153 110 186 186 186
P 154 110 186 186 186
P 155 110 187 187 187
P 156 110 187 187 187
P 157 110 187 187 187
P 158 110 187 187 187
P 159 110 188 188 188
P 160 110 188 188 188
P 161 110 188 188 188
P 162 110 188 188 188
P 163 110 189 189 189
P 164 110 189 189 189
P 165 110 189 189 189
P 166 110 189 189 189
P 167 110 190 190 190
P 168 110 190 190 190
P 169 110 190 190 190
P 170 110 190 190 190
P 171 110 191 191 191
P 172 110 191 191 191
P 173 110 191 191 191
P 174 110 191 191 191
P 175 110 192 192 192
P 176 110 192 192 192
P 177 110 192 192 192
P 178 110 192 192 192
P 179 110 193 193 193
P 180 110 193 193 193
P 181 110 193 193 193
P 182 110 193 193 193
P 183 110 194 194 194
P 184 110 194 194 194
P 185 110 194 194 194
P 186 110 194 194 194
P 187 110 195 195 195
P 188 110 195 195 195
P 189 110 195 195 195
P 190 110 195 195 195
P 191 110 196 196 196
P 192 110 196 196 196
P 193 110 196 196 196
P 194 110 196 196 196
P 195 110 197 197 197
P 196 110 197 197 197
P 197 110 197 197 197
P 198 110 197 197 197
P 199 110 198 198 198
P 200 110 198 198 198
P 201 110 198 198 198
P 202 110 198 198 198
P 43 111 159 159 159
P 44 111 159 159 159
P 45 111 159 159 159
P 46 111 160 160 160
P 47 111 160 160 160
P 48 111 160 160 160
P 49 111 160 160 160
P 50 111 161 161 161
P 51 111 161 161 161
P 52 111 161 161 161
P 53 111 161 161 161
P 54 111 162 162 162
P 55 111 162 162 162
P 56 111 162 162 162
P 57 111 162 162 162
P 58 111 163 163 163
P 59 111 163 163 163
P 60 111 163 163 163
P 61 111 163 163 163
P 62 111 164 164 164
P 63 111 164 164 164
P 64 111 164 164 164
P 65 111 164 164 164
P 66 111 165 165 165
P 67 111 165 165 165
P 68 111 165 165 165
P 69 111 165 165 165
P 70 111 166 166 166
P 71 111 166 166 166
P 72 111 166 166 166
P 73 111 166 166 166
P 74 111 167 167 167
P 75 111 167 167 167
P 76 111 167 167 167
P 77 111 167 167 167
P 78 111 168 168 168
P 79 111 168 168 168
P 80 111 168 168 168
P 81 111 168 168 168
P 82 111 169 169 169
P 83 111 169 169 169
P 84 111 169 169 169
P 85 111 169 169 169
P 86 111 170 170 170
P 87 111 170 170 170
P 88 111 170 170 170
P 89 111 170 170 170
P 90 111 171 171 171
P 91 111 171 171 171
P 92 111 171 171 171
P 93 111 171 171 171
P 94 111 172 172 172
P 95 111 172 172 172
P 96 111 172 172 172
P 97 111 172 172 172
P 98 111 173 173 173
P 99 111 173 173 173
P 100 111 173 173 173
P 101 111 173 173 173
P 102 111 174 174 174
P 103 111 174 174 174
P 104 111 174 174 174
P 105 111 174 174 174
P 106 111 175 175 175
P 107 111 175 175 175
P 108 111 175 175 175
P 109 111 175 175 175
P 110 111 176 176 176
P 111 111 176 176 176
P 112 111 176 176 176
P 113 111 176 176 176
P 114 111 177 177 177
P 115 111 177 177 177
P 116 111 177 177 177
P 117 111 177 177 177
P 118 111 178 178 178
P 119 111 178 178 178
P 120 111 178 178 178
P 121 111 178 178 178
P 122 111 179 179 179
P 123 111 179 179 179
P 124 111 179 179 179
P 125 111 179 179 179
P 126 111 180 180 180
P 127 111 180 180 180
P 128 111 180 180 180
P 129 111 180 180 180
P 130 111 181 181 181
P 131 111 181 181 181
P 132 111 181 181 181
P 133 111 181 181 181
P 134 111 182 182 182
P 135 111 182 182 182
P 136 111 182 182 182
P 137 111 182 182 182
P 138 111 183 183 183
P 139 111 183 183 183
P 140 111 183 183 183
P 141 111 183 183 183
P 142 111 184 184 184
P 143 111 184 184 184
P 144 111 184 184 184
P 145 111 184 184 184
P 146 111 185 185 185
P 147 111 185 185 185
P 148 111 185 185 185
P 149 111 185 185 185
P 150 111 186 186 186
P 151 111 186 186 186
P 152 111 186 186 186
P 153 111 186 186 186
P 154 111 187 187 187
P 155 111 187 187 187
P 156 111 187 187 187
P 157 111 187 187 187
P 158 111 188 188 188
P 159 111 188 188 188
P 160 111 188 188 188
P 161 111 188 188 188
P 162 111 189 189 189
P 163 111 189 189 189
P 164 111 189 189 189
P 165 111 189 189 189
P 166 111 190 190 190
P 167 111 190 190 190
P 168 111 190 190 190
P 169 111 190 190 190
P 170 111 191 191 191
P 171 111 191 191 191
P 172 111 191 191 191
P 173 111 191 191 191
P 174 111 192 192 192
P 175 111 192 192 192
P 176 111 192 192 192
P 177 111 192 192 192
P 178 111 193 193 193
P 179 111 193 193 193
P 180 111 193 193 193
P 181 111 193 193 193
P 182 111 194 194 194
P 183 111 194 194 194
P 184 111 194 194 194
P 185 111 194 194 194
P 186 111 195 195 195
P 187 111 195 195 195
P 188 111 195 195 195
P 189 111 195 195 195
P 190 111 196 196 196
P 191 111 196 196 196
P 192 111 196 196 196
P 193 111 196 196 196
P 194 111 197 197 197
P 195 111 197 197 197
P 196 111 197 197 197
P 197 111 197 197 197
P 198 111 198 198 198
P 199 111 198 198 198
P 200 111 198 198 198
P 201 111 198 198 198
P 202 111 199 199 199
P 43 112 159 159 159
P 44 112 159 159 159
P 45 112 160 160 160
P 46 112 160 160 160
P 47 112 160 160 160
P 48 112 160 160 160
P 49 112 161 161 161
P 50 112 161 161 161
P 51 112 161 161 161
P 52 112 161 161 161
P 53 112 162 162 162
P 54 112 162 162 162
P 55 112 162 162 162
P 56 112 162 162 162
P 57 112 163 163 163
P 58 112 163 163 163
P 59 112 163 163 163
P 60 112 163 163 163
P 61 112 164 164 164
P 62 112 164 164 164
P 63 112 164 164 164
P 64 112 164 164 164
P 65 112 165 165 165
P 66 112 165 165 165
P 67 112 165 165 165
P 68 112 165 165 165
P 69 112 166 166 166
P 70 112 166 166 166
P 71 112 166 166 166
P 72 112 166 166 166
P 73 112 167 167 167
P 74 112 167 167 167
P 75 112 167 167 167
P 76 112 167 167 167
P 77 112 168 168 168
P 78 112 168 168 168
P 79 112 168 168 168
P 80 112 168 168 168
P 81 112 169 169 169
P 82 112 169 169 169
P 83 112 169 169 169
P 84 112 169 169 169
P 85 112 170 170 170
P 86 112 170 170 170
P 87 112 170 170 170
P 88 112 170 170 170
P 89 112 171 171 171
P 90 112 171 171 171
P 91 112 171 171 171
P 92 112 171 171 171
P 93 112 172 172 172
P 94 112 172 172 172
P 95 112 172 172 172
P 96 112 172 172 172
P 97 112 173 173 173
P 98 112 173 173 173
P 99 112 173 173 173
P 100 112 173 173 173
P 101 112 174 174 174
P 102 112 174 174 174
P 103 112 174 174 174
P 104 112 174 174 174
P 105 112 175 175 175
P 106 112 175 175 175
P 107 112 175 175 175
P 108 112 175 175 175
P 109 112 176 176 176
P 110 112 176 176 176
P 111 112 176 176 176
P 112 112 176 176 176
P 113 112 177 177 177
P 114 112 177 177 177
P 115 112 177 177 177
P 116 112 177 177 177
P 117 112 178 178 178
P 118 112 178 178 178
P 119 112 178 178 178
P 120 112 178 178 178
P 121 112 179 179 179
P 122 112 179 179 179
P 123 112 179 179 179
P 124 112 179 179 179
P 125 112 180 180 180
P 126 112 180 180 180
P 127 112 180 180 180
P 128 112 180 180 180
P 129 112 181 181 181
P 130 112 181 181 181
P 131 112 181 181 181
P 132 112 181 181 181
P 133 112 182 182 182
P 134 112 182 182 182
P 135 112 182 182 182
P 136 112 182 182 182
P 137 112 183 183 183
P 138 112 183 183 183
P 139 112 183 183 183
P 140 112 183 183 183
P 141 112 184 184 184
P 142 112 184 184 184
P 143 112 184 184 184
P 144 112 184 184 184
P 145 112 185 185 185
P 146 112 185 185 185
P 147 112 185 185 185
P 148 112 185 185 185
P 149 112 186 186 186
P 150 112 186 186 186
P 151 112 186 186 186
P 152 112 186 186 186
P 153 112 187 187 187
P 154 112 187 187 187
P 155 112 187 187 187
P 156 112 187 187 187
P 157 112 188 188 188
P 158 112 188 188 188
P 159 112 188 188 188
P 160 112 188 188 188
P 161 112 189 189 189
P 162 112 189 189 189
P 163 112 189 189 189
P 164 112 189 189 189
P 165 112 190 190 190
P 166 112 190 190 190
P 167 112 190 190 190
P 168 112 190 190 190
P 169 112 191 191 191
P 170 112 191 191 191
P 171 112 191 191 191
P 172 112 191 191 191
P 173 112 192 192 192
P 174 112 192 192 192
P 175 112 192 192 192
P 176 112 192 192 192
P 177 112 193 193 193
P 178 112 193 193 193
P 179 112 193 193 193
P 180 112 193 193 193
P 181 112 194 194 194
P 182 112 194 194 194
P 183 112 194 194 194
P 184 112 194 194 194
P 185 112 195 195 195
P 186 112 195 195 195
P 187 112 195 195 195
P 188 112 195 195 195
P 189 112 196 196 196
P 190 112 196 196 196
P 191 112 196 196 196
P 192 112 196 196 196
P 193 112 197 197 197
P 194 112 197 197 197
P 195 112 197 197 197
P 196 112 197 197 197
P 197 112 198 198 198
P 198 112 198 198 198
P 199 112 198 198 198
P 200 112 198 198 198
P 201 112 199 199 199
P 202 112 199 199 199
P 44 113 160 160 160
P 45 113 160 160 160
P 46 113 160 160 160
P 47 113 160 160 160
P 48 113 161 161 161
P 49 113 161 161 161
P 50 113 161 161 161
P 51 113 161 161 161
P 52 113 162 162 162
P 53 113 162 162 162
P 54 113 162 162 162
P 55 113 162 162 162
P 56 113 163 163 163
P 57 113 163 163 163
P 58 113 163 163 163
P 59 113 163 163 163
P 60 113 164 164 164
P 61 113 164 164 164
P 62 113 164 164 164
P 63 113 164 164 164
P 64 113 165 165 165
P 65 113 165 165 165
P 66 113 165 165 165
P 67 113 165 165 165
P 68 113 166 166 166
P 69 113 166 166 166
P 70 113 166 166 166
P 71 113 166 166 166
P 72 113 167 167 167
P 73 113 167 167 167
P 74 113 167 167 167
P 75 113 167 167 167
P 76 113 168 168 168
P 77 113 168 168 168
P 78 113 168 168 168
P 79 113 168 168 168
P 80 113 169 169 169
P 81 113 169 169 169
P 82 113 169 169 169
P 83 113 169 169 169
P 84 113 170 170 170
P 85 113 170 170 170
P 86 113 170 170 170
P 87 113 170 170 170
P 88 113 171 171 171
P 89 113 171 171 171
P 90 113 171 171 171
P 91 113 171 171 171
P 92 113 172 172 172
P 93 113 172 172 172
P 94 113 172 172 172
P 95 113 172 172 172
P 96 113 173 173 173
P 97 113 173 173 173
P 98 113 173 173 173
P 99 113 173 173 173
P 100 113 174 174 174
P 101 113 174 174 174
P 102 113 174 174 174
P 103 113 174 174 174
P 104 113 175 175 175
P 105 113 175 175 175
P 106 113 175 175 175
P 107 113 175 175 175
P 108 113 176 176 176
P 109 113 176 176 176
P 110 113 176 176 176
P 111 113 176 176 176
P 112 113 177 177 177
P 113 113 177 177 177
P 114 113 177 177 177
P 115 113 177 177 177
P 116 113 178 178 178
P 117 113 178 178 178
P 118 113 178 178 178
P 119 113 178 178 178
P 120 113 179 179 179
P 121 113 179 179 179
P 122 113 179 179 179
P 123 113 179 179 179
P 124 113 180 180 180
P 125 113 180 180 180
P 126 113 180 180 180
P 127 113 180 180 180
P 128 113 181 181 181
P 129 113 181 181 181
P 130 113 181 181 181
P 131 113 181 181 181
P 132 113 182 182 182
P 133 113 182 182 182
P 134 113 182 182 182
P 135 113 182 182 182
P 136 113 183 183 183
P 137 113 183 183 183
P 138 113 183 183 183
P 139 113 183 183 183
P 140 113 184 184 184
P 141 113 184 184 184
P 142 113 184 184 184
P 143 113 184 184 184
P 144 113 185 185 185
P 145 113 185 185 185
P 146 113 185 185 185
P 147 113 185 185 185
P 148 113 186 186 186
P 149 113 186 186 186
P 150 113 186 186 186
P 151 113 186 186 186
P 152 113 187 187 187
P 153 113 187 187 187
P 154 113 187 187 187
P 155 113 187 187 187
P 156 113 188 188 188
P 157 113 188 188 188
P 158 113 188 188 188
P 159 113 188 188 188
P 160 113 189 189 189
P 161 113 189 189 189
P 162 113 189 189 189
P 163 113 189 189 189
P 164 113 190 190 190
P 165 113 190 190 190
P 166 113 190 190 190
P 167 113 190 190 190
P 168 113 191 191 191
P 169 113 191 191 191
P 170 113 191 191 191
P 171 113 191 191 191
P 172 113 192 192 192
P 173 113 192 192 192
P 174 113 192 192 192
P 175 113 192 192 192
P 176 113 193 193 193
P 177 113 193 193 193
P 178 113 193 193 193
P 179 113 193 193 193
P 180 113 194 194 194
P 181 113 194 194 194
P 182 113 194 194 194
P 183 113 194 194 194
P 184 113 195 195 195
P 185 113 195 195 195
P 186 113 195 195 195
P 187 113 195 195 195
P 188 113 196 196 196
P 189 113 196 196 196
P 190 113 196 196 196
P 191 113 196 196 196
P 192 113 197 197 197
P 193 113 197 197 197
P 194 113 197 197 197
P 195 113 197 197 197
P 196 113 198 198 198
P 197 113 198 198 198
P 198 113 198 198 198
P 199 113 198 198 198
P 200 113 199 199 199
P 201 113 199 199 199
P 202 113 199 199 199
P 203 113 199 199 199
P 44 114 160 160 160
P 45 114 160 160 160
P 46 114 160 160 160
P 47 114 161 161 161
P 48 114 161 161 161
P 49 114 161 161 161
P 50 114 161 161 161
P 51 114 162 162 162
P 52 114 162 162 162
P 53 114 162 162 162
P 54 114 162 162 162
P 55 114 163 163 163
P 56 114 163 163 163
P 57 114 163 163 163
P 58 114 163 163 163
P 59 114 164 164 164
P 60 114 164 164 164
P 61 114 164 164 164
P 62 114 164 164 164
P 63 114 165 165 165
P 64 114 165 165 165
P 65 114 165 165 165
P 66 114 165 165 165
P 67 114 166 166 166
P 68 114 166 166 166
P 69 114 166 166 166
P 70 114 166 166 166
P 71 114 167 167 167
P 72 114 167 167 167
P 73 114 167 167 167
P 74 114 167 167 167
P 75 114 168 168 168
P 76 114 168 168 168
P 77 114 168 168 168
P 78 114 168 168 168
P 79 114 169 169 169
P 80 114 169 169 169
P 81 114 169 169 169
P 82 114 169 169 169
P 83 114 170 170 170
P 84 114 170 170 170
P 85 114 170 170 170
P 86 114 170 170 170
P 87 114 171 171 171
P 88 114 171 171 171
P 89 114 171 171 171
P 90 114 171 171 171
P 91 114 172 172 172
P 92 114 172 172 172
P 93 114 172 172 172
P 94 114 172 172 172
P 95 114 173 173 173
P 96 114 173 173 173
P 97 114 173 173 173
P 98 114 173 173 173
P 99 114 174 174 174
P 100 114 174 174 174
P 101 114 174 174 174
P 102 114 174 174 174
P 103 114 175 175 175
P 104 114 175 175 175
P 105 114 175 175 175
P 106 114 175 175 175
P 107 114 176 176 176
P 108 114 176 176 176
P 109 114 176 176 176
P 110 114 176 176 176
P 111 114 177 177 177
P 112 114 177 177 177
P 113 114 177 177 177
P 114 114 177 177 177
P 115 114 178 178 178
P 116 114 178 178 178
P 117 114 178 178 178
P 118 114 178 178 178
P 119 114 179 179 179
P 120 114 179 179 179
P 121 114 179 179 179
P 122 114 179 179 179
P 123 114 180 180 180
P 124 114 180 180 180
P 125 114 180 180 180
P 126 114 180 180 180
P 127 114 181 181 181
P 128 114 181 181 181
P 129 114 181 181 181
P 130 114 181 181 181
P 131 114 182 182 182
P 132 114 182 182 182
P 133 114 182 182 182
P 134 114 182 182 182
P 135 114 183 183 183
P 136 114 183 183 183
P 137 114 183 183 183
P 138 114 183 183 183
P 139 114 184 184 184
P 140 114 184 184 184
P 141 114 184 184 184
P 142 114 184 184 184
P 143 114 185 185 185
P 144 114 185 185 185
P 145 114 185 185 185
P 146 114 185 185 185
P 147 114 186 186 186
P 148 114 186 186 186
P 149 114 186 186 186
P 150 114 186 186 186
P 151 114 187 187 187
P 152 114 187 187 187
P 153 114 187 187 187
P 154 114 187 187 187
P 155 114 188 188 188
P 156 114 188 188 188
P 157 114 188 188 188
P 158 114 188 188 188
P 159 114 189 189 189
P 160 114 189 189 189
P 161 114 189 189 189
P 162 114 189 189 189
P 163 114 190 190 190
P 164 114 190 190 190
P 165 114 190 190 190
P 166 114 190 190 190
P 167 114 191 191 191
P 168 114 191 191 191
P 169 114 191 191 191
P 170 114 191 191 191
P 171 114 192 192 192
P 172 114 192 192 192
P 173 114 192 192 192
P 174 114 192 192 192
P 175 114 193 193 193
P 176 114 193 193 193
P 177 114 193 193 193
P 178 114 193 193 193
P 179 114 194 194 194
P 180 114 194 194 194
P 181 114 194 194 194
P 182 114 194 194 194
P 183 114 195 195 195
P 184 114 195 195 195
P 185 114 195 195 195
P 186 114 195 195 195
P 187 114 196 196 196
P 188 114 196 196 196
P 189 114 196 196 196
P 190 114 196 196 196
P 191 114 197 197 197
P 192 114 197 197 197
P 193 114 197 197 197
P 194 114 197 197 197
P 195 114 198 198 198
P 196 114 198 198 198
P 197 114 198 198 198
P 198 114 198 198 198
P 199 114 199 199 199
P 200 114 199 199 199
P 201 114 199 199 199
P 202 114 199 199 199
P 203 114 200 200 200
P 44 115 160 160 160
P 45 115 160 160 160
P 46 115 161 161 161
P 47 115 161 161 161
P 48 115 161 161 161
P 49 115 161 161 161
P 50 115 162 162 162
P 51 115 162 162 162
P 52 115 162 162 162
P 53 115 162 162 162
P 54 115 163 163 163
P 55 115 163 163 163
P 56 115 163 163 163
P 57 115 163 163 163
P 58 115 164 164 164
P 59 115 164 164 164
P 60 115 164 164 164
P 61 115 164 164 164
P 62 115 165 165 165
P 63 115 165 165 165
P 64 115 165 165 165
P 65 115 165 165 165
P 66 115 166 166 166
P 67 115 166 166 166
P 68 115 166 166 166
P 69 115 166 166 166
P 70 115 167 167 167
P 71 115 167 167 167
P 72 115 167 167 167
P 73 115 167 167 167
P 74 115 168 168 168
P 75 115 168 168 168
P 76 115 168 168 168
P 77 115 168 168 168
P 78 115 169 169 169
P 79 115 169 169 169
P 80 115 169 169 169
P 81 115 169 169 169
P 82 115 170 170 170
P 83 115 170 170 170
P 84 115 170 170 170
P 85 115 170 170 170
P 86 115 171 171 171
P 87 115 171 171 171
P 88 115 171 171 171
P 89 115 171 171 171
P 90 115 172 172 172
P 91 115 172 172 172
P 92 115 172 172 172
P 93 115 172 172 172
P 94 115 173 173 173
P 95 115 173 173 173
P 96 115 173 173 173
P 97 115 173 173 173
P 98 115 174 174 174
P 99 115 174 174 174
P 100 115 174 174 174
P 101 115 174 174 174
P 102 115 175 175 175
P 103 115 175 175 175
P 104 115 175 175 175
P 105 115 175 175 175
P 106 115 176 176 176
P 107 115 176 176 176
P 108 115 176 176 176
P 109 115 176 176 176
P 110 115 177 177 177
P 111 115 177 177 177
P 112 115 177 177 177
P 113 115 177 177 177
P 114 115 178 178 178
P 115 115 178 178 178
P 116 115 178 178 178
P 117 115 178 178 178
P 118 115 179 179 179
P 119 115 179 179 179
P 120 115 179 179 179
P 121 115 179 179 179
P 122 115 180 180 180
P 123 115 180 180 180
P 124 115 180 180 180
P 125 115 180 180 180
P 126 115 181 181 181
P 127 115 181 181 181
P 128 115 181 181 181
P 129 115 181 181 181
P 130 115 182 182 182
P 131 115 182 182 182
P 132 115 182 182 182
P 133 115 182 182 182
P 134 115 183 183 183
P 135 115 183 183 183
P 136 115 183 183 183
P 137 115 183 183 183
P 138 115 184 184 184
P 139 115 184 184 184
P 140 115 184 184 184
P 141 115 184 184 184
P 142 115 185 185 185
P 143 115 185 185 185
P 144 115 185 185 185
P 145 115 185 185 185
P 146 115 186 186 186
P 147 115 186 186 186
P 148 115 186 186 186
P 149 115 186 186 186
P 150 115 187 187 187
P 151 115 187 187 187
P 152 115 187 187 187
P 153 115 187 187 187
P 154 115 188 188 188
P 155 115 188 188 188
P 156 115 188 188 188
P 157 115 188 188 188
P 158 115 189 189 189
P 159 115 189 189 189
P 160 115 189 189 189
P 161 115 189 189 189
P 162 115 190 190 190
P 163 115 190 190 190
P 164 115 190 190 190
P 165 115 190 190 190
P 166 115 191 191 191
P 167 115 191 191 191
P 168 115 191 191 191
P 169 115 191 191 191
P 170 115 192 192 192
P 171 115 192 192 192
P 172 115 192 192 192
P 173 115 192 192 192
P 174 115 193 193 193
P 175 115 193 193 193
P 176 115 193 193 193
P 177 115 193 193 193
P 178 115 194 194 194
P 179 115 194 194 194
P 180 115 194 194 194
P 181 115 194 194 194
P 182 115 195 195 195
P 183 115 195 195 195
P 184 115 195 195 195
P 185 115 195 195 195
P 186 115 196 196 196
P 187 115 196 196 196
P 188 115 196 196 196
P 189 115 196 196 196
P 190 115 197 197 197
P 191 115 197 197 197
P 192 115 197 197 197
P 193 115 197 197 197
P 194 115 198 198 198
P 195 115 198 198 198
P 196 115 198 198 198
P 197 115 198 198 198
P 198 115 199 199 199
P 199 115 199 199 199
P 200 115 199 199 199
P 201 115 199 199 199
P 202 115 200 200 200
P 203 115 200 200 200
P 44 116 160 160 160
P 45 116 161 161 161
P 46 116 161 161 161
P 47 116 161 161 161
P 48 116 161 161 161
P 49 116 162 162 162
P 50 116 162 162 162
P 51 116 162 162 162
P 52 116 162 162 162
P 53 116 163 163 163
P 54 116 163 163 163
P 55 116 163 163 163
P 56 116 163 163 163
P 57 116 164 164 164
P 58 116 164 164 164
P 59 116 164 164 164
P 60 116 164 164 164
P 61 116 165 165 165
P 62 116 165 165 165
P 63 116 165 165 165
P 64 116 165 165 165
P 65 116 166 166 166
P 66 116 166 166 166
P 67 116 166 166 166
P 68 116 166 166 166
P 69 116 167 167 167
P 70 116 167 167 167
P 71 116 167 167 167
P 72 116 167 167 167
P 73 116 168 168 168
P 74 116 168 168 168
P 75 116 168 168 168
P 76 116 168 168 168
P 77 116 169 169 169
P 78 116 169 169 169
P 79 116 169 169 169
P 80 116 169 169 169
P 81 116 170 170 170
P 82 116 170 170 170
P 83 116 170 170 170
P 84 116 170 170 170
P 85 116 171 171 171
P 86 116 171 171 171
P 87 116 171 171 171
P 88 116 171 171 171
P 89 116 172 172 172
P 90 116 172 172 172
P 91 116 172 172 172
P 92 116 172 172 172
P 93 116 173 173 173
P 94 116 173 173 173
P 95 116 173 173 173
P 96 116 173 173 173
P 97 116 174 174 174
P 98 116 174 174 174
P 99 116 174 174 174
P 100 116 174 174 174
P 101 116 175 175 175
P 102 116 175 175 175
P 103 116 175 175 175
P 104 116 175 175 175
P 105 116 176 176 176
P 106 116 176 176 176
P 107 116 176 176 176
P 108 116 176 176 176
P 109 116 177 177 177
P 110 116 177 177 177
P 111 116 177 177 177
P 112 116 177 177 177
P 113 116 178 178 178
P 114 116 178 178 178
P 115 116 178 178 178
P 116 116 178 178 178
P 117 116 179 179 179
P 118 116 179 179 179
P 119 116 179 179 179
P 120 116 179 179 179
P 121 116 180 180 180
P 122 116 180 180 180
P 123 116 180 180 180
P 124 116 180 180 180
P 125 116 181 181 181
P 126 116 181 181 181
P 127 116 181 181 181
P 128 116 181 181 181
P 129 116 182 182 182
P 130 116 182 182 182
P 131 116 182 182 182
P 132 116 182 182 182
P 133 116 183 183 183
P 134 116 183 183 183
P 135 116 183 183 183
P 136 116 183 183 183
P 137 116 184 184 184
P 138 116 184 184 184
P 139 116 184 184 184
P 140 116 184 184 184
P 141 116 185 185 185
P 142 116 185 185 185
P 143 116 185 185 185
P 144 116 185 185 185
P 145 116 186 186 186
P 146 116 186 186 186
P 147 116 186 186 186
P 148 116 186 186 186
P 149 116 187 187 187
P 150 116 187 187 187
P 151 116 187 187 187
P 152 116 187 187 187
P 153 116 188 188 188
P 154 116 188 188 188
P 155 116 188 188 188
P 156 116 188 188 188
P 157 116 189 189 189
P 158 116 189 189 189
P 159 116 189 189 189
P 160 116 189 189 189
P 161 116 190 190 190
P 162 116 190 190 190
P 163 116 190 190 190
P 164 116 190 190 190
P 165 116 191 191 191
P 166 116 191 191 191
P 167 116 191 191 191
P 168 116 191 191 191
P 169 116 192 192 192
P 170 116 192 192 192
P 171 116 192 192 192
P 172 116 192 192 192
P 173 116 193 193 193
P 174 116 193 193 193
P 175 116 193 193 193
P 176 116 193 193 193
P 177 116 194 194 194
P 178 116 194 194 194
P 179 116 194 194 194
P 180 116 194 194 194
P 181 116 195 195 195
P 182 116 195 195 195
P 183 116 195 195 195
P 184 116 195 195 195
P 185 116 196 196 196
P 186 116 196 196 196
P 187 116 196 196 196
P 188 116 196 196 196
P 189 116 197 197 197
P 190 116 197 197 197
P 191 116 197 197 197
P 192 116 197 197 197
P 193 116 198 198 198
P 194 116 198 198 198
P 195 116 198 198 198
P 196 116 198 198 198
P 197 116 199 199 199
P 198 116 199 199 199
P 199 116 199 199 199
P 200 116 199 199 199
P 201 116 200 200 200
P 202 116 200 200 200
P 203 116 200 200 200
P 44 117 161 161 161
P 45 117 161 161 161
P 46 117 161 161 161
P 47 117 161 161 161
P 48 117 162 162 162
P 49 117 162 162 162
P 50 117 162 162 162
P 51 117 162 162 162
P 52 117 163 163 163
P 53 117 163 163 163
P 54 117 163 163 163
P 55 117 163 163 163
P 56 117 164 164 164
P 57 117 164 164 164
P 58 117 164 164 164
P 59 117 164 164 164
P 60 117 165 165 165
P 61 117 165 165 165
P 62 117 165 165 165
P 63 117 165 165 165
P 64 117 166 166 166
P 65 117 166 166 166
P 66 117 166 166 166
P 67 117 166 166 166
P 68 117 167 167 167
P 69 117 167 167 167
P 70 117 167 167 167
P 71 117 167 167 167
P 72 117 168 168 168
P 73 117 168 168 168
P 74 117 168 168 168
P 75 117 168 168 168
P 76 117 169 169 169
P 77 117 169 169 169
P 78 117 169 169 169
P 79 117 169 169 169
P 80 117 170 170 170
P 81 117 170 170 170
P 82 117 170 170 170
P 83 117 170 170 170
P 84 117 171 171 171
P 85 117 171 171 171
P 86 117 171 171 171
P 87 117 171 171 171
P 88 117 172 172 172
P 89 117 172 172 172
P 90 117 172 172 172
P 91 117 172 172 172
P 92 117 173 173 173
P 93 117 173 173 173
P 94 117 173 173 173
P 95 117 173 173 173
P 96 117 174 174 174
P 97 117 174 174 174
P 98 117 174 174 174
P 99 117 174 174 174
P 100 117 175 175 175
P 101 117 175 175 175
P 102 117 175 175 175
P 103 117 175 175 175
P 104 117 176 176 176
P 105 117 176 176 176
P 106 117 176 176 176
P 107 117 176 176 176
P 108 117 177 177 177
P 109 117 177 177 177
P 110 117 177 177 177
P 111 117 177 177 177
P 112 117 178 178 178
P 113 117 178 178 178
P 114 117 178 178 178
P 115 117 178 178 178
P 116 117 179 179 179
P 117 117 179 179 179
P 118 117 179 179 179
P 119 117 179 179 179
P 120 117 180 180 180
P 121 117 180 180 180
P 122 117 180 180 180
P 123 117 180 180 180
P 124 117 181 181 181
P 125 117 181 181 181
P 126 117 181 181 181
P 127 117 181 181 181
P 128 117 182 182 182
P 129 117 182 182 182
P 130 117 182 182 182
P 131 117 182 182 182
P 132 117 183 183 183
P 133 117 183 183 183
P 134 117 183 183 183
P 135 117 183 183 183
P 136 117 184 184 184
P 137 117 184 184 184
P 138 117 184 184 184
P 139 117 184 184 184
P 140 117 185 185 185
P 141 117 185 185 185
P 142 117 185 185 185
P 143 117 185 185 185
P 144 117 186 186 186
P 145 117 186 186 186
P 146 117 186 186 186
P 147 117 186 186 186
P 148 117 187 187 187
P 149 117 187 187 187
P 150 117 187 187 187
P 151 117 187 187 187
P 152 117 188 188 188
P 153 117 188 188 188
P 154 117 188 188 188
P 155 117 188 188 188
P 156 117 189 189 189
P 157 117 189 189 189
P 158 117 189 189 189
P 159 117 189 189 189
P 160 117 190 190 190
P 161 117 190 190 190
P 162 117 190 190 190
P 163 117 190 190 190
P 164 117 191 191 191
P 165 117 191 191 191
P 166 117 191 191 191
P 167 117 191 191 191
P 168 117 192 192 192
P 169 117 192 192 192
P 170 117 192 192 192
P 171 117 192 192 192
P 172 117 193 193 193
P 173 117 193 193 193
P 174 117 193 193 193
P 175 117 193 193 193
P 176 117 194 194 194
P 177 117 194 194 194
P 178 117 194 194 194
P 179 117 194 194 194
P 180 117 195 195 195
P 181 117 195 195 195
P 182 117 195 195 195
P 183 117 195 195 195
P 184 117 196 196 196
P 185 117 196 196 196
P 186 117 196 196 196
P 187 117 196 196 196
P 188 117 197 197 197
P 189 117 197 197 197
P 190 117 197 197 197
P 191 117 197 197 197
P 192 117 198 198 198
P 193 117 198 198 198
P 194 117 198 198 198
P 195 117 198 198 198
P 196 117 199 199 199
P 197 117 199 199 199
P 198 117 199 199 199
P 199 117 199 199 199
P 200 117 200 200 200
P 201 117 200 200 200
P 202 117 200 200 200
P 203 117 200 200 200
P 44 118 161 161 161
P 45 118 161 161 161
P 46 118 161 161 161
P 47 118 162 162 162
P 48 118 162 162 162
P 49 118 162 162 162
P 50 118 162 162 162
P 51 118 163 163 163
P 52 118 163 163 163
P 53 118 163 163 163
P 54 118 163 163 163
P 55 118 164 164 164
P 56 118 164 164 164
P 57 118 164 164 164
P 58 118 164 164 164
P 59 118 165 165 165
P 60 118 165 165 165
P 61 118 165 165 165
P 62 118 165 165 165
P 63 118 166 166 166
P 64 118 166 166 166
P 65 118 166 166 166
P 66 118 166 166 166
P 67 118 167 167 167
P 68 118 167 167 167
P 69 118 167 167 167
P 70 118 167 167 167
P 71 118 168 168 168
P 72 118 168 168 168
P 73 118 168 168 168
P 74 118 168 168 168
P 75 118 169 169 169
P 76 118 169 169 169
P 77 118 169 169 169
P 78 118 169 169 169
P 79 118 170 170 170
P 80 118 170 170 170
P 81 118 170 170 170
P 82 118 170 170 170
P 83 118 171 171 171
P 84 118 171 171 171
P 85 118 171 171 171
P 86 118 171 171 171
P 87 118 172 172 172
P 88 118 172 172 172
P 89 118 172 172 172
P 90 118 172 172 172
P 91 118 173 173 173
P 92 118 173 173 173
P 93 118 173 173 173
P 94 118 173 173 173
P 95 118 174 174 174
P 96 118 174 174 174
P 97 118 174 174 174
P 98 118 174 174 174
P 99 118 175 175 175
P 100 118 175 175 175
P 101 118 175 175 175
P 102 118 175 175 175
P 103 118 176 176 176
P 104 118 176 176 176
P 105 118 176 176 176
P 106 118 176 176 176
P 107 118 177 177 177
P 108 118 177 177 177
P 109 118 177 177 177
P 110 118 177 177 177
P 111 118 178 178 178
P 112 118 178 178 178
P 113 118 178 178 178
P 114 118 178 178 178
P 115 118 179 179 179
P 116 118 179 179 179
P 117 118 179 179 179
P 118 118 179 179 179
P 119 118 180 180 180
P 120 118 180 180 180
P 121 118 180 180 180
P 122 118 180 180 180
P 123 118 181 181 181
P 124 118 181 181 181
P 125 118 181 181 181
P 126 118 181 181 181
P 127 118 182 182 182
P 128 118 182 182 182
P 129 118 182 182 182
P 130 118 182 182 182
P 131 118 183 183 183
P 132 118 183 183 183
P 133 118 183 183 183
P 134 118 183 183 183
P 135 118 184 184 184
P 136 118 184 184 184
P 137 118 184 184 184
P 138 118 184 184 184
P 139 118 185 185 185
P 140 118 185 185 185
P 141 118 185 185 185
P 142 118 185 185 185
P 143 118 186 186 186
P 144 118 186 186 186
P 145 118 186 186 186
P 146 118 186 186 186
P 147 118 187 187 187
P 148 118 187 187 187
P 149 118 187 187 187
P 150 118 187 187 187
P 151 118 188 188 188
P 152 118 188 188 188
P 153 118 188 188 188
P 154 118 188 188 188
P 155 118 189 189 189
P 156 118 189 189 189
P 157 118 189 189 189
P 158 118 189 189 189
P 159 118 190 190 190
P 160 118 190 190 190
P 161 118 190 190 190
P 162 118 190 190 190
P 163 118 191 191 191
P 164 118 191 191 191
P 165 118 191 191 191
P 166 118 191 191 191
P 167 118 192 192 192
P 168 118 192 192 192
P 169 118 192 192 192
P 170 118 192 192 192
P 171 118 193 193 193
P 172 118 193 193 193
P 173 118 193 193 193
P 174 118 193 193 193
P 175 118 194 194 194
P 176 118 194 194 194
P 177 118 194 194 194
P 178 118 194 194 194
P 179 118 195 195 195
P 180 118 195 195 195
P 181 118 195 195 195
P 182 118 195 195 195
P 183 118 196 196 196
P 184 118 196 196 196
P 185 118 196 196 196
P 186 118 196 196 196
P 187 118 197 197 197
P 188 118 197 197 197
P 189 118 197 197 197
P 190 118 197 197 197
P 191 118 198 198 198
P 192 118 198 198 198
P 193 118 198 198 198
P 194 118 198 198 198
P 195 118 199 199 199
P 196 118 199 199 199
P 197 118 199 199 199
P 198 118 199 199 199
P 199 118 200 200 200
P 200 118 200 200 200
P 201 118 200 200 200
P 202 118 200 200 200
P 203 118 201 201 201
P 44 119 161 161 161
P 45 119 161 161 161
P 46 119 162 162 162
P 47 119 162 162 162
P 48 119 162 162 162
P 49 119 162 162 162
P 50 119 163 163 163
P 51 119 163 163 163
P 52 119 163 163 163
P 53 119 163 163 163
P 54 119 164 164 164
P 55 119 164 164 164
P 56 119 164 164 164
P 57 119 164 164 164
P 58 119 165 165 165
P 59 119 165 165 165
P 60 119 165 165 165
P 61 119 165 165 165
P 62 119 166 166 166
P 63 119 166 166 166
P 64 119 166 166 166
P 65 119 166 166 166
P 66 119 167 167 167
P 67 119 167 167 167
P 68 119 167 167 167
P 69 119 167 167 167
P 70 119 168 168 168
P 71 119 168 168 168
P 72 119 168 168 168
P 73 119 168 168 168
P 74 119 169 169 169
P 75 119 169 169 169
P 76 119 169 169 169
P 77 119 169 169 169
P 78 119 170 170 170
P 79 119 170 170 170
P 80 119 170 170 170
P 81 119 170 170 170
P 82 119 171 171 171
P 83 119 171 171 171
P 84 119 171 171 171
P 85 119 171 171 171
P 86 119 172 172 172
P 87 119 172 172 172
P 88 119 172 172 172
P 89 119 172 172 172
P 90 119 173 173 173
P 91 119 173 173 173
P 92 119 173 173 173
P 93 119 173 173 173
P 94 119 174 174 174
P 95 119 174 174 174
P 96 119 174 174 174
P 97 119 174 174 174
P 98 119 175 175 175
P 99 119 175 175 175
P 100 119 175 175 175
P 101 119 175 175 175
P 102 119 176 176 176
P 103 119 176 176 176
P 104 119 176 176 176
P 105 119 176 176 176
P 106 119 177 177 177
P 107 119 177 177 177
P 108 119 177 177 177
P 109 119 177 177 177
P 110 119 178 178 178
P 111 119 178 178 178
P 112 119 178 178 178
P 113 119 178 178 178
P 114 119 179 179 179
P 115 119 179 179 179
P 116 119 179 179 179
P 117 119 179 179 179
P 118 119 180 180 180
P 119 119 180 180 180
P 120 119 180 180 180
P 121 119 180 180 180
P 122 119 181 181 181
P 123 119 181 181 181
P 124 119 181 181 181
P 125 119 181 181 181
P 126 119 182 182 182
P 127 119 182 182 182
P 128 119 182 182 182
P 129 119 182 182 182
P 130 119 183 183 183
P 131 119 183 183 183
P 132 119 183 183 183
P 133 119 183 183 183
P 134 119 184 184 184
P 135 119 184 184 184
P 136 119 184 184 184
P 137 119 184 184 184
P 138 119 185 185 185
P 139 119 185 185 185
P 140 119 185 185 185
P 141 119 185 185 185
P 142 119 186 186 186
P 143 119 186 186 186
P 144 119 186 186 186
P 145 119 186 186 186
P 146 119 187 187 187
P 147 119 187 187 187
P 148 119 187 187 187
P 149 119 187 187 187
P 150 119 188 188 188
P 151 119 188 188 188
P 152 119 188 188 188
P 153 119 188 188 188
P 154 119 189 189 189
P 155 119 189 189 189
P 156 119 189 189 189
P 157 119 189 189 189
P 158 119 190 190 190
P 159 119 190 190 190
P 160 119 190 190 190
P 161 119 190 190 190
P 162 119 191 191 191
P 163 119 191 191 191
P 164 119 191 191 191
P 165 119 191 191 191
P 166 119 192 192 192
P 167 119 192 192 192
P 168 119 192 192 192
P 169 119 192 192 192
P 170 119 193 193 193
P 171 119 193 193 193
P 172 119 193 193 193
P 173 119 193 193 193
P 174 119 194 194 194
P 175 119 194 194 194
P 176 119 194 194 194
P 177 119 194 194 194
P 178 119 195 195 195
P 179 119 195 195 195
P 180 119 195 195 195
P 181 119 195 195 195
P 182 119 196 196 196
P 183 119 196 196 196
P 184 119 196 196 196
P 185 119 196 196 196
P 186 119 197 197 197
P 187 119 197 197 197
P 188 119 197 197 197
P 189 119 197 197 197
P 190 119 198 198 198
P 191 119 198 198 198
P 192 119 198 198 198
P 193 119 198 198 198
P 194 119 199 199 199
P 195 119 199 199 199
P 196 119 199 199 199
P 197 119 199 199 199
P 198 119 200 200 200
P 199 119 200 200 200
P 200 119 200 200 200
P 201 119 200 200 200
P 202 119 201 201 201
P 203 119 201 201 201
P 44 120 161 161 161
P 45 120 162 162 162
P 46 120 162 162 162
P 47 120 162 162 162
P 48 120 162 162 162
P 49 120 163 163 163
P 50 120 163 163 163
P 51 120 163 163 163
P 52 120 163 163 163
P 53 120 164 164 164
P 54 120 164 164 164
P 55 120 164 164 164
P 56 120 164 164 164
P 57 120 165 165 165
P 58 120 165 165 165
P 59 120 165 165 165
P 60 120 165 165 165
P 61 120 166 166 166
P 62 120 166 166 166
P 63 120 166 166 166
P 64 120 166 166 166
P 65 120 167 167 167
P 66 120 167 167 167
P 67 120 167 167 167
P 68 120 167 167 167
P 69 120 168 168 168
P 70 120 168 168 168
P 71 120 168 168 168
P 72 120 168 168 168
P 73 120 169 169 169
P 74 120 169 169 169
P 75 120 169 169 169
P 76 120 169 169 169
P 77 120 170 170 170
P 78 120 170 170 170
P 79 120 170 170 170
P 80 120 170 170 170
P 81 120 171 171 171
P 82 120 171 171 171
P 83 120 171 171 171
P 84 120 171 171 171
P 85 120 172 172 172
P 86 120 172 172 172
P 87 120 172 172 172
P 88 120 172 172 172
P 89 120 173 173 173
P 90 120 173 173 173
P 91 120 173 173 173
P 92 120 173 173 173
P 93 120 174 174 174
P 94 120 174 174 174
P 95 120 174 174 174
P 96 120 174 174 174
P 97 120 175 175 175
P 98 120 175 175 175
P 99 120 175 175 175
P 100 120 175 175 175
P 101 120 176 176 176
P 102 120 176 176 176
P 103 120 176 176 176
P 104 120 176 176 176
P 105 120 177 177 177
P 106 120 177 177 177
P 107 120 177 177 177
P 108 120 177 177 177
P 109 120 178 178 178
P 110 120 178 178 178
P 111 120 178 178 178
P 112 120 178 178 178
P 113 120 179 179 179
P 114 120 179 179 179
P 115 120 179 179 179
P 116 120 179 179 179
P 117 120 180 180 180
P 118 120 180 180 180
P 119 120 180 180 180
P 120 120 180 180 180
P 121 120 181 181 181
P 122 120 181 181 181
P 123 120 181 181 181
P 124 120 181 181 181
P 125 120 182 182 182
P 126 120 182 182 182
P 127 120 182 182 182
P 128 120 182 182 182
P 129 120 183 183 183
P 130 120 183 183 183
P 131 120 183 183 183
P 132 120 183 183 183
P 133 120 184 184 184
P 134 120 184 184 184
P 135 120 184 184 184
P 136 120 184 184 184
P 137 120 185 185 185
P 138 120 185 185 185
P 139 120 185 185 185
P 140 120 185 185 185
P 141 120 186 186 186
P 142 120 186 186 186
P 143 120 186 186 186
P 144 120 186 186 186
P 145 120 187 187 187
P 146 120 187 187 187
P 147 120 187 187 187
P 148 120 187 187 187
P 149 120 188 188 188
P 150 120 188 188 188
P 151 120 188 188 188
P 152 120 188 188 188
P 153 120 189 189 189
P 154 120 189 189 189
P 155 120 189 189 189
P 156 120 189 189 189
P 157 120 190 190 190
P 158 120 190 190 190
P 159 120 190 190 190
P 160 120 190 190 190
P 161 120 191 191 191
P 162 120 191 191 191
P 163 120 191 191 191
P 164 120 191 191 191
P 165 120 192 192 192
P 166 120 192 192 192
P 167 120 192 192 192
P 168 120 192 192 192
P 169 120 193 193 193
P 170 120 193 193 193
P 171 120 193 193 193
P 172 120 193 193 193
P 173 120 194 194 194
P 174 120 194 194 194
P 175 120 194 194 194
P 176 120 194 194 194
P 177 120 195 195 195
P 178 120 195 195 195
P 179 120 195 195 195
P 180 120 195 195 195
P 181 120 196 196 196
P 182 120 196 196 196
P 183 120 196 196 196
P 184 120 196 196 196
P 185 120 197 197 197
P 186 120 197 197 197
P 187 120 197 197 197
P 188 120 197 197 197
P 189 120 198 198 198
P 190 120 198 198 198
P 191 120 198 198 198
P 192 120 198 198 198
P 193 120 199 199 199
P 194 120 199 199 199
P 195 120 199 199 199
P 196 120 199 199 199
P 197 120 200 200 200
P 198 120 200 200 200
P 199 120 200 200 200
P 200 120 200 200 200
P 201 120 201 201 201
P 202 120 201 201 201
P 203 120 201 201 201
P 44 121 162 162 162
P 45 121 162 162 162
P 46 121 162 162 162
P 47 121 162 162 162
P 48 121 163 163 163
P 49 121 163 163 163
P 50 121 163 163 163
P 51 121 163 163 163
P 52 121 164 164 164
P 53 121 164 164 164
P 54 121 164 164 164
P 55 121 164 164 164
P 56 121 165 165 165
P 57 121 165 165 165
P 58 121 165 165 165
P 59 121 165 165 165
P 60 121 166 166 166
P 61 121 166 166 166
P 62 121 166 166 166
P 63 121 166 166 166
P 64 121 167 167 167
P 65 121 167 167 167
P 66 121 167 167 167
P 67 121 167 167 167
P 68 121 168 168 168
P 69 121 168 168 168
P 70 121 168 168 168
P 71 121 168 168 168
P 72 121 169 169 169
P 73 121 169 169 169
P 74 121 169 169 169
P 75 121 169 169 169
P 76 121 170 170 170
P 77 121 170 170 170
P 78 121 170 170 170
P 79 121 170 170 170
P 80 121 171 171 171
P 81 121 171 171 171
P 82 121 171 171 171
P 83 121 171 171 171
P 84 121 172 172 172
P 85 121 172 172 172
P 86 121 172 172 172
P 87 121 172 172 172
P 88 121 173 173 173
P 89 121 173 173 173
P 90 121 173 173 173
P 91 121 173 173 173
P 92 121 174 174 174
P 93 121 174 174 174
P 94 121 174 174 174
P 95 121 174 174 174
P 96 121 175 175 175
P 97 121 175 175 175
P 98 121 175 175 175
P 99 121 175 175 175
P 100 121 176 176 176
P 101 121 176 176 176
P 102 121 176 176 176
P 103 121 176 176 176
P 104 121 177 177 177
P 105 121 177 177 177
P 106 121 177 177 177
P 107 121 177 177 177
P 108 121 178 178 178
P 109 121 178 178 178
P 110 121 178 178 178
P 111 121 178 178 178
P 112 121 179 179 179
P 113 121 179 179 179
P 114 121 179 179 179
P 115 121 179 179 179
P 116 121 180 180 180
P 117 121 180 180 180
P 118 121 180 180 180
P 119 121 180 180 180
P 120 121 181 181 181
P 121 121 181 181 181
P 122 121 181 181 181
P 123 121 181 181 181
P 124 121 182 182 182
P 125 121 182 182 182
P 126 121 182 182 182
P 127 121 182 182 182
P 128 121 183 183 183
P 129 121 183 183 183
P 130 121 183 183 183
P 131 121 183 183 183
P 132 121 184 184 184
P 133 121 184 184 184
P 134 121 184 184 184
P 135 121 184 184 184
P 136 121 185 185 185
P 137 121 185 185 185
P 138 121 185 185 185
P 139 121 185 185 185
P 140 121 186 186 186
P 141 121 186 186 186
P 142 121 186 186 186
P 143 121 186 186 186
P 144 121 187 187 187
P 145 121 187 187 187
P 146 121 187 187 187
P 147 121 187 187 187
P 148 121 188 188 188
P 149 121 188 188 188
P 150 121 188 188 188
P 151 121 188 188 188
P 152 121 189 189 189
P 153 121 189 189 189
P 154 121 189 189 189
P 155 121 189 189 189
P 156 121 190 190 190
P 157 121 190 190 190
P 158 121 190 190 190
P 159 121 190 190 190
P 160 121 191 191 191
P 161 121 191 191 191
P 162 121 191 191 191
P 163 121 191 191 191
P 164 121 192 192 192
P 165 121 192 192 192
P 166 121 192 192 192
P 167 121 192 192 192
P 168 121 193 193 193
P 169 121 193 193 193
P 170 121 193 193 193
P 171 121 193 193 193
P 172 121 194 194 194
P 173 121 194 194 194
P 174 121 194 194 194
P 175 121 194 194 194
P 176 121 195 195 195
P 177 121 195 195 195
P 178 121 195 195 195
P 179 121 195 195 195
P 180 121 196 196 196
P 181 121 196 196 196
P 182 121 196 196 196
P 183 121 196 196 196
P 184 121 197 197 197
P 185 121 197 197 197
P 186 121 197 197 197
P 187 121 197 197 197
P 188 121 198 198 198
P 189 121 198 198 198
P 190 121 198 198 198
P 191 121 198 198 198
P 192 121 199 199 199
P 193 121 199 199 199
P 194 121 199 199 199
P 195 121 199 199 199
P 196 121 200 200 200
P 197 121 200 200 200
P 198 121 200 200 200
P 199 121 200 200 200
P 200 121 201 201 201
P 201 121 201 201 201
P 202 121 201 201 201
P 203 121 201 201 201
P 44 122 162 162 162
P 45 122 162 162 162
P 46 122 162 162 162
P 47 122 163 163 163
P 48 122 163 163 163
P 49 122 163 163 163
P 50 122 163 163 163
P 51 122 164 164 164
P 52 122 164 164 164
P 53 122 164 164 164
P 54 122 164 164 164
P 55 122 165 165 165
P 56 122 165 165 165
P 57 122 165 165 165
P 58 122 165 165 165
P 59 122 166 166 166
P 60 122 166 166 166
P 61 122 166 166 166
P 62 122 166 166 166
P 63 122 167 167 167
P 64 122 167 167 167
P 65 122 167 167 167
P 66 122 167 167 167
P 67 122 168 168 168
P 68 122 168 168 168
P 69 122 168 168 168
P 70 122 168 168 168
P 71 122 169 169 169
P 72 122 169 169 169
P 73 122 169 169 169
P 74 122 169 169 169
P 75 122 170 170 170
P 76 122 170 170 170
P 77 122 170 170 170
P 78 122 170 170 170
P 79 122 171 171 171
P 80 122 171 171 171
P 81 122 171 171 171
P 82 122 171 171 171
P 83 122 172 172 172
P 84 122 172 172 172
P 85 122 172 172 172
P 86 122 172 172 172
P 87 122 173 173 173
P 88 122 173 173 173
P 89 122 173 173 173
P 90 122 173 173 173
P 91 122 174 174 174
P 92 122 174 174 174
P 93 122 174 174 174
P 94 122 174 174 174
P 95 122 175 175 175
P 96 122 175 175 175
P 97 122 175 175 175
P 98 122 175 175 175
P 99 122 176 176 176
P 100 122 176 176 176
P 101 122 176 176 176
P 102 122 176 176 176
P 103 122 177 177 177
P 104 122 177 177 177
P 105 122 177 177 177
P 106 122 177 177 177
P 107 122 178 178 178
P 108 122 178 178 178
P 109 122 178 178 178
P 110 122 178 178 178
P 111 122 179 179 179
P 112 122 179 179 179
P 113 122 179 179 179
P 114 122 179 179 179
P 115 122 180 180 180
P 116 122 180 180 180
P 117 122 180 180 180
P 118 122 180 180 180
P 119 122 181 181 181
P 120 122 181 181 181
P 121 122 181 181 181
P 122 122 181 181 181
P 123 122 182 182 182
P 124 122 182 182 182
P 125 122 182 182 182
P 126 122 182 182 182
P 127 122 183 183 183
P 128 122 183 183 183
P 129 122 183 183 183
P 130 122 183 183 183
P 131 122 184 184 184
P 132 122 184 184 184
P 133 122 184 184 184
P 134 122 184 184 184
P 135 122 185 185 185
P 136 122 185 185 185
P 137 122 185 185 185
P 138 122 185 185 185
P 139 122 186 186 186
P 140 122 186 186 186
P 141 122 186 186 186
P 142 122 186 186 186
P 143 122 187 187 187
P 144 122 187 187 187
P 145 122 187 187 187
P 146 122 187 187 187
P 147 122 188 188 188
P 148 122 188 188 188
P 149 122 188 188 188
P 150 122 188 188 188
P 151 122 189 189 189
P 152 122 189 189 189
P 153 122 189 189 189
P 154 122 189 189 189
P 155 122 190 190 190
P 156 122 190 190 190
P 157 122 190 190 190
P 158 122 190 190 190
P 159 122 191 191 191
P 160 122 191 191 191
P 161 122 191 191 191
P 162 122 191 191 191
P 163 122 192 192 192
P 164 122 192 192 192
P 165 122 192 192 192
P 166 122 192 192 192
P 167 122 193 193 193
P 168 122 193 193 193
P 169 122 193 193 193
P 170 122 193 193 193
P 171 122 194 194 194
P 172 122 194 194 194
P 173 122 194 194 194
P 174 122 194 194 194
P 175 122 195 195 195
P 176 122 195 195 195
P 177 122 195 195 195
P 178 122 195 195 195
P 179 122 196 196 196
P 180 122 196 196 196
P 181 122 196 196 196
P 182 122 196 196 196
P 183 122 197 197 197
P 184 122 197 197 197
P 185 122 197 197 197
P 186 122 197 197 197
P 187 122 198 198 198
P 188 122 198 198 198
P 189 122 198 198 198
P 190 122 198 198 198
P 191 122 199 199 199
P 192 122 199 199 199
P 193 122 199 199 199
P 194 122 199 199 199
P 195 122 200 200 200
P 196 122 200 200 200
P 197 122 200 200 200
P 198 122 200 200 200
P 199 122 201 201 201
P 200 122 201 201 201
P 201 122 201 201 201
P 202 122 201 201 201
P 203 122 202 202 202
P 44 123 162 162 162
P 45 123 162 162 162
P 46 123 163 163 163
P 47 123 163 163 163
P 48 123 163 163 163
P 49 123 163 163 163
P 50 123 164 164 164
P 51 123 164 164 164
P 52 123 164 164 164
P 53 123 164 164 164
P 54 123 165 165 165
P 55 123 165 165 165
P 56 123 165 165 165
P 57 123 165 165 165
P 58 123 166 166 166
P 59 123 166 166 166
P 60 123 166 166 166
P 61 123 166 166 166
P 62 123 167 167 167
P 63 123 167 167 167
P 64 123 167 167 167
P 65 123 167 167 167
P 66 123 168 168 168
P 67 123 168 168 168
P 68 123 168 168 168
P 69 123 168 168 168
P 70 123 169 169 169
P 71 123 169 169 169
P 72 123 169 169 169
P 73 123 169 169 169
P 74 123 170 170 170
P 75 123 170 170 170
P 76 123 170 170 170
P 77 123 170 170 170
P 78 123 171 171 171
P 79 123 171 171 171
P 80 123 171 171 171
P 81 123 171 171 171
P 82 123 172 172 172
P 83 123 172 172 172
P 84 123 172 172 172
P 85 123 172 172 172
P 86 123 173 173 173
P 87 123 173 173 173
P 88 123 173 173 173
P 89 123 173 173 173
P 90 123 174 174 174
P 91 123 174 174 174
P 92 123 174 174 174
P 93 123 174 174 174
P 94 123 175 175 175
P 95 123 175 175 175
P 96 123 175 175 175
P 97 123 175 175 175
P 98 123 176 176 176
P 99 123 176 176 176
P 100 123 176 176 176
P 101 123 176 176 176
P 102 123 177 177 177
P 103 123 177 177 177
P 104 123 177 177 177
P 105 123 177 177 177
P 106 123 178 178 178
P 107 123 178 178 178
P 108 123 178 178 178
P 109 123 178 178 178
P 110 123 179 179 179
P 111 123 179 179 179
P 112 123 179 179 179
P 113 123 179 179 179
P 114 123 180 180 180
P 115 123 180 180 180
P 116 123 180 180 180
P 117 123 180 180 180
P 118 123 181 181 181
P 119 123 181 181 181
P 120 123 181 181 181
P 121 123 181 181 181
P 122 123 182 182 182
P 123 123 182 182 182
P 124 123 182 182 182
P 125 123 182 182 182
P 126 123 183 183 183
P 127 123 183 183 183
P 128 123 183 183 183
P 129 123 183 183 183
P 130 123 184 184 184
P 131 123 184 184 184
P 132 123 184 184 184
P 133 123 184 184 184
P 134 123 185 185 185
P 135 123 185 185 185
P 136 123 185 185 185
P 137 123 185 185 185
P 138 123 186 186 186
P 139 123 186 186 186
P 140 123 186 186 186
P 141 123 186 186 186
P 142 123 187 187 187
P 143 123 187 187 187
P 144 123 187 187 187
P 145 123 187 187 187
P 146 123 188 188 188
P 147 123 188 188 188
P 148 123 188 188 188
P 149 123 188 188 188
P 150 123 189 189 189
P 151 123 189 189 189
P 152 123 189 189 189
P 153 123 189 189 189
P 154 123 190 190 190
P 155 123 190 190 190
P 156 123 190 190 190
P 157 123 190 190 190
P 158 123 191 191 191
P 159 123 191 191 191
P 160 123 191 191 191
P 161 123 191 191 191
P 162 123 192 192 192
P 163 123 192 192 192
P 164 123 192 192 192
P 165 123 192 192 192
P 166 123 193 193 193
P 167 123 193 193 193
P 168 123 193 193 193
P 169 123 193 193 193
P 170 123 194 194 194
P 171 123 194 194 194
P 172 123 194 194 194
P 173 123 194 194 194
P 174 123 195 195 195
P 175 123 195 195 195
P 176 123 195 195 195
P 177 123 195 195 195
P 178 123 196 196 196
P 179 123 196 196 196
P 180 123 196 196 196
P 181 123 196 196 196
P 182 123 197 197 197
P 183 123 197 197 197
P 184 123 197 197 197
P 185 123 197 197 197
P 186 123 198 198 198
P 187 123 198 198 198
P 188 123 198 198 198
P 189 123 198 198 198
P 190 123 199 199 199
P 191 123 199 199 199
P 192 123 199 199 199
P 193 123 199 199 199
P 194 123 200 200 200
P 195 123 200 200 200
P 196 123 200 200 200
P 197 123 200 200 200
P 198 123 201 201 201
P 199 123 201 201 201
P 200 123 201 201 201
P 201 123 201 201 201
P 202 123 202 202 202
P 203 123 202 202 202
P 44 124 162 162 162
P 45 124 163 163 163
P 46 124 163 163 163
P 47 124 163 163 163
P 48 124 163 163 163
P 49 124 164 164 164
P 50 124 164 164 164
P 51 124 164 164 164
P 52 124 164 164 164
P 53 124 165 165 165
P 54 124 165 165 165
P 55 124 165 165 165
P 56 124 165 165 165
P 57 124 166 166 166
P 58 124 166 166 166
P 59 124 166 166 166
P 60 124 166 166 166
P 61 124 167 167 167
P 62 124 167 167 167
P 63 124 167 167 167
P 64 124 167 167 167
P 65 124 168 168 168
P 66 124 168 168 168
P 67 124 168 168 168
P 68 124 168 168 168
P 69 124 169 169 169
P 70 124 169 169 169
P 71 124 169 169 169
P 72 124 169 169 169
P 73 124 170 170 170
P 74 124 170 170 170
P 75 124 170 170 170
P 76 124 170 170 170
P 77 124 171 171 171
P 78 124 171 171 171
P 79 124 171 171 171
P 80 124 171 171 171
P 81 124 172 172 172
P 82 124 172 172 172
P 83 124 172 172 172
P 84 124 172 172 172
P 85 124 173 173 173
P 86 124 173 173 173
P 87 124 173 173 173
P 88 124 173 173 173
P 89 124 174 174 174
P 90 124 174 174 174
P 91 124 174 174 174
P 92 124 174 174 174
P 93 124 175 175 175
P 94 124 175 175 175
P 95 124 175 175 175
P 96 124 175 175 175
P 97 124 176 176 176
P 98 124 176 176 176
P 99 124 176 176 176
P 100 124 176 176 176
P 101 124 177 177 177
P 102 124 177 177 177
P 103 124 177 177 177
P 104 124 177 177 177
P 105 124 178 178 178
P 106 124 178 178 178
P 107 124 178 178 178
P 108 124 178 178 178
P 109 124 179 179 179
P 110 124 179 179 179
P 111 124 179 179 179
P 112 124 179 179 179
P 113 124 180 180 180
P 114 124 180 180 180
P 115 124 180 180 180
P 116 124 180 180 180
P 117 124 181 181 181
P 118 124 181 181 181
P 119 124 181 181 181
P 120 124 181 181 181
P 121 124 182 182 182
P 122 124 182 182 182
P 123 124 182 182 182
P 124 124 182 182 182
P 125 124 183 183 183
P 126 124 183 183 183
P 127 124 183 183 183
P 128 124 183 183 183
P 129 124 184 184 184
P 130 124 184 184 184
P 131 124 184 184 184
P 132 124 184 184 184
P 133 124 185 185 185
P 134 124 185 185 185
P 135 124 185 185 185
P 136 124 185 185 185
P 137 124 186 186 186
P 138 124 186 186 186
P 139 124 186 186 186
P 140 124 186 186 186
P 141 124 187 187 187
P 142 124 187 187 187
P 143 124 187 187 187
P 144 124 187 187 187
P 145 124 188 188 188
P 146 124 188 188 188
P 147 124 188 188 188
P 148 124 188 188 188
P 149 124 189 189 189
P 150 124 189 189 189
P 151 124 189 189 189
P 152 124 189 189 189
P 153 124 190 190 190
P 154 124 190 190 190
P 155 124 190 190 190
P 156 124 190 190 190
P 157 124 191 191 191
P 158 124 191 191 191
P 159 124 191 191 191
P 160 124 191 191 191
P 161 124 192 192 192
P 162 124 192 192 192
P 163 124 192 192 192
P 164 124 192 192 192
P 165 124 193 193 193
P 166 124 193 193 193
P 167 124 193 193 193
P 168 124 193 193 193
P 169 124 194 194 194
P 170 124 194 194 194
P 171 124 194 194 194
P 172 124 194 194 194
P 173 124 195 195 195
P 174 124 195 195 195
P 175 124 195 195 195
P 176 124 195 195 195
P 177 124 196 196 196
P 178 124 196 196 196
P 179 124 196 196 196
P 180 124 196 196 196
P 181 124 197 197 197
P 182 124 197 197 197
P 183 124 197 197 197
P 184 124 197 197 197
P 185 124 198 198 198
P 186 124 198 198 198
P 187 124 198 198 198
P 188 124 198 198 198
P 189 124 199 199 199
P 190 124 199 199 199
P 191 124 199 199 199
P 192 124 199 199 199
P 193 124 200 200 200
P 194 124 200 200 200
P 195 124 200 200 200
P 196 124 200 200 200
P 197 124 201 201 201
P 198 124 201 201 201
P 199 124 201 201 201
P 200 124 201 201 201
P 201 124 202 202 202
P 202 124 202 202 202
P 203 124 202 202 202
P 44 125 163 163 163
P 45 125 163 163 163
P 46 125 163 163 163
P 47 125 163 163 163
P 48 125 164 164 164
P 49 125 164 164 164
P 50 125 164 164 164
P 51 125 164 164 164
P 52 125 165 165 165
P 53 125 165 165 165
P 54 125 165 165 165
P 55 125 165 165 165
P 56 125 166 166 166
P 57 125 166 166 166
P 58 125 166 166 166
P 59 125 166 166 166
P 60 125 167 167 167
P 61 125 167 167 167
P 62 125 167 167 167
P 63 125 167 167 167
P 64 125 168 168 168
P 65 125 168 168 168
P 66 125 168 168 168
P 67 125 168 168 168
P 68 125 169 169 169
P 69 125 169 169 169
P 70 125 169 169 169
P 71 125 169 169 169
P 72 125 170 170 170
P 73 125 170 170 170
P 74 125 170 170 170
P 75 125 170 170 170
P 76 125 171 171 171
P 77 125 171 171 171
P 78 125 171 171 171
P 79 125 171 171 171
P 80 125 172 172 172
P 81 125 172 172 172
P 82 125 172 172 172
P 83 125 172 172 172
P 84 125 173 173 173
P 85 125 173 173 173
P 86 125 173 173 173
P 87 125 173 173 173
P 88 125 174 174 174
P 89 125 174 174 174
P 90 125 174 174 174
P 91 125 174 174 174
P 92 125 175 175 175
P 93 125 175 175 175
P 94 125 175 175 175
P 95 125 175 175 175
P 96 125 176 176 176
P 97 125 176 176 176
P 98 125 176 176 176
P 99 125 176 176 176
P 100 125 177 177 177
P 101 125 177 177 177
P 102 125 177 177 177
P 103 125 177 177 177
P 104 125 178 178 178
P 105 125 178 178 178
P 106 125 178 178 178
P 107 125 178 178 178
P 108 125 179 179 179
P 109 125 179 179 179
P 110 125 179 179 179
P 111 125 179 179 179
P 112 125 180 180 180
P 113 125 180 180 180
P 114 125 180 180 180
P 115 125 180 180 180
P 116 125 181 181 181
P 117 125 181 181 181
P 118 125 181 181 181
P 119 125 181 181 181
P 120 125 182 182 182
P 121 125 182 182 182
P 122 125 182 182 182
P 123 125 182 182 182
P 124 125 183 183 183
P 125 125 183 183 183
P 126 125 183 183 183
P 127 125 183 183 183
P 128 125 184 184 184
P 129 125 184 184 184
P 130 125 184 184 184
P 131 125 184 184 184
P 132 125 185 185 185
P 133 125 185 185 185
P 134 125 185 185 185
P 135 125 185 185 185
P 136 125 186 186 186
P 137 125 186 186 186
P 138 125 186 186 186
P 139 125 186 186 186
P 140 125 187 187 187
P 141 125 187 187 187
P 142 125 187 187 187
P 143 125 187 187 187
P 144 125 188 188 188
P 145 125 188 188 188
P 146 125 188 188 188
P 147 125 188 188 188
P 148 125 189 189 189
P 149 125 189 189 189
P 150 125 189 189 189
P 151 125 189 189 189
P 152 125 190 190 190
P 153 125 190 190 190
P 154 125 190 190 190
P 155 125 190 190 190
P 156 125 191 191 191
P 157 125 191 191 191
P 158 125 191 191 191
P 159 125 191 191 191
P 160 125 192 192 192
P 161 125 192 192 192
P 162 125 192 192 192
P 163 125 192 192 192
P 164 125 193 193 193
P 165 125 193 193 193
P 166 125 193 193 193
P 167 125 193 193 193
P 168 125 194 194 194
P 169 125 194 194 194
P 170 125 194 194 194
P 171 125 194 194 194
P 172 125 195 195 195
P 173 125 195 195 195
P 174 125 195 195 195
P 175 125 195 195 195
P 176 125 196 196 196
P 177 125 196 196 196
P 178 125 196 196 196
P 179 125 196 196 196
P 180 125 197 197 197
P 181 125 197 197 197
P 182 125 197 197 197
P 183 125 197 197 197
P 184 125 198 198 198
P 185 125 198 198 198
P 186 125 198 198 198
P 187 125 198 198 198
P 188 125 199 199 199
P 189 125 199 199 199
P 190 125 199 199 199
P 191 125 199 199 199
P 192 125 200 200 200
P 193 125 200 200 200
P 194 125 200 200 200
P 195 125 200 200 200
P 196 125 201 201 201
P 197 125 201 201 201
P 198 125 201 201 201
P 199 125 201 201 201
P 200 125 202 202 202
P 201 125 202 202 202
P 202 125 202 202 202
P 203 125 202 202 202
P 44 126 163 163 163
P 45 126 163 163 163
P 46 126 163 163 163
P 47 126 164 164 164
P 48 126 164 164 164
P 49 126 164 164 164
P 50 126 164 164 164
P 51 126 165 165 165
P 52 126 165 165 165
P 53 126 165 165 165
P 54 126 165 165 165
P 55 126 166 166 166
P 56 126 166 166 166
P 57 126 166 166 166
P 58 126 166 166 166
P 59 126 167 167 167
P 60 126 167 167 167
P 61 126 167 167 167
P 62 126 167 167 167
P 63 126 168 168 168
P 64 126 168 168 168
P 65 126 168 168 168
P 66 126 168 168 168
P 67 126 169 169 169
P 68 126 169 169 169
P 69 126 169 169 169
P 70 126 169 169 169
P 71 126 170 170 170
P 72 126 170 170 170
P 73 126 170 170 170
P 74 126 170 170 170
P 75 126 171 171 171
P 76 126 171 171 171
P 77 126 171 171 171
P 78 126 171 171 171
P 79 126 172 172 172
P 80 126 172 172 172
P 81 126 172 172 172
P 82 126 172 172 172
P 83 126 173 173 173
P 84 126 173 173 173
P 85 126 173 173 173
P 86 126 173 173 173
P 87 126 174 174 174
P 88 126 174 174 174
P 89 126 174 174 174
P 90 126 174 174 174
P 91 126 175 175 175
P 92 126 175 175 175
P 93 126 175 175 175
P 94 126 175 175 175
P 95 126 176 176 176
P 96 126 176 176 176
P 97 126 176 176 176
P 98 126 176 176 176
P 99 126 177 177 177
P 100 126 177 177 177
P 101 126 177 177 177
P 102 126 177 177 177
P 103 126 178 178 178
P 104 126 178 178 178
P 105 126 178 178 178
P 106 126 178 178 178
P 107 126 179 179 179
P 108 126 179 179 179
P 109 126 179 179 179
P 110 126 179 179 179
P 111 126 180 180 180
P 112 126 180 180 180
P 113 126 180 180 180
P 114 126 180 180 180
P 115 126 181 181 181
P 116 126 181 181 181
P 117 126 181 181 181
P 118 126 181 181 181
P 119 126 182 182 182
P 120 126 182 182 182
P 121 126 182 182 182
P 122 126 182 182 182
P 123 126 183 183 183
P 124 126 183 183 183
P 125 126 183 183 183
P 126 126 183 183 183
P 127 126 184 184 184
P 128 126 184 184 184
P 129 126 184 184 184
P 130 126 184 184 184
P 131 126 185 185 185
P 132 126 185 185 185
P 133 126 185 185 185
P 134 126 185 185 185
P 135 126 186 186 186
P 136 126 186 186 186
P 137 126 186 186 186
P 138 126 186 186 186
P 139 126 187 187 187
P 140 126 187 187 187
P 141 126 187 187 187
P 142 126 187 187 187
P 143 126 188 188 188
P 144 126 188 188 188
P 145 126 188 188 188
P 146 126 188 188 188
P 147 126 189 189 189
P 148 126 189 189 189
P 149 126 189 189 189
P 150 126 189 189 189
P 151 126 190 190 190
P 152 126 190 190 190
P 153 126 190 190 190
P 154 126 190 190 190
P 155 126 191 191 191
P 156 126 191 191 191
P 157 126 191 191 191
P 158 126 191 191 191
P 159 126 192 192 192
P 160 126 192 192 192
P 161 126 192 192 192
P 162 126 192 192 192
P 163 126 193 193 193
P 164 126 193 193 193
P 165 126 193 193 193
P 166 126 193 193 193
P 167 126 194 194 194
P 168 126 194 194 194
P 169 126 194 194 194
P 170 126 194 194 194
P 171 126 195 195 195
P 172 126 195 195 195
P 173 126 195 195 195
P 174 126 195 195 195
P 175 126 196 196 196
P 176 126 196 196 196
P 177 126 196 196 196
P 178 126 196 196 196
P 179 126 197 197 197
P 180 126 197 197 197
P 181 126 197 197 197
P 182 126 197 197 197
P 183 126 198 198 198
P 184 126 198 198 198
P 185 126 198 198 198
P 186 126 198 198 198
P 187 126 199 199 199
P 188 126 199 199 199
P 189 126 199 199 199
P 190 126 199 199 199
P 191 126 200 200 200
P 192 126 200 200 200
P 193 126 200 200 200
P 194 126 200 200 200
P 195 126 201 201 201
P 196 126 201 201 201
P 197 126 201 201 201
P 198 126 201 201 201
P 199 126 202 202 202
P 200 126 202 202 202
P 201 126 202 202 202
P 202 126 202 202 202
P 203 126 203 203 203
P 44 127 163 163 163
P 45 127 163 163 163
P 46 127 164 164 164
P 47 127 164 164 164
P 48 127 164 164 164
P 49 127 164 164 164
P 50 127 165 165 165
P 51 127 165 165 165
P 52 127 165 165 165
P 53 127 165 165 165
P 54 127 166 166 166
P 55 127 166 166 166
P 56 127 166 166 166
P 57 127 166 166 166
P 58 127 167 167 167
P 59 127 167 167 167
P 60 127 167 167 167
P 61 127 167 167 167
P 62 127 168 168 168
P 63 127 168 168 168
P 64 127 168 168 168
P 65 127 168 168 168
P 66 127 169 169 169
P 67 127 169 169 169
P 68 127 169 169 169
P 69 127 169 169 169
P 70 127 170 170 170
P 71 127 170 170 170
P 72 127 170 170 170
P 73 127 170 170 170
P 74 127 171 171 171
P 75 127 171 171 171
P 76 127 171 171 171
P 77 127 171 171 171
P 78 127 172 172 172
P 79 127 172 172 172
P 80 127 172 172 172
P 81 127 172 172 172
P 82 127 173 173 173
P 83 127 173 173 173
P 84 127 173 173 173
P 85 127 173 173 173
P 86 127 174 174 174
P 87 127 174 174 174
P 88 127 174 174 174
P 89 127 174 174 174
P 90 127 175 175 175
P 91 127 175 175 175
P 92 127 175 175 175
P 93 127 175 175 175
P 94 127 176 176 176
P 95 127 176 176 176
P 96 127 176 176 176
P 97 127 176 176 176
P 98 127 177 177 177
P 99 127 177 177 177
P 100 127 177 177 177
P 101 127 177 177 177
P 102 127 178 178 178
P 103 127 178 178 178
P 104 127 178 178 178
P 105 127 178 178 178
P 106 127 179 179 179
P 107 127 179 179 179
P 108 127 179 179 179
P 109 127 179 179 179
P 110 127 180 180 180
P 111 127 180 180 180
P 112 127 180 180 180
P 113 127 180 180 180
P 114 127 181 181 181
P 115 127 181 181 181
P 116 127 181 181 181
P 117 127 181 181 181
P 118 127 182 182 182
P 119 127 182 182 182
P 120 127 182 182 182
P 121 127 182 182 182
P 122 127 183 183 183
P 123 127 183 183 183
P 124 127 183 183 183
P 125 127 183 183 183
P 126 127 184 184 184
P 127 127 184 184 184
P 128 127 184 184 184
P 129 127 184 184 184
P 130 127 185 185 185
P 131 127 185 185 185
P 132 127 185 185 185
P 133 127 185 185 185
P 134 127 186 186 186
P 135 127 186 186 186
P 136 127 186 186 186
P 137 127 186 186 186
P 138 127 187 187 187
P 139 127 187 187 187
P 140 127 187 187 187
P 141 127 187 187 187
P 142 127 188 188 188
P 143 127 188 188 188
P 144 127 188 188 188
P 145 127 188 188 188
P 146 127 189 189 189
P 147 127 189 189 189
P 148 127 189 189 189
P 149 127 189 189 189
P 150 127 190 190 190
P 151 127 190 190 190
P 152 127 190 190 190
P 153 127 190 190 190
P 154 127 191 191 191
P 155 127 191 191 191
P 156 127 191 191 191
P 157 127 191 191 191
P 158 127 192 192 192
P 159 127 192 192 192
P 160 127 192 192 192
P 161 127 192 192 192
P 162 127 193 193 193
P 163 127 193 193 193
P 164 127 193 193 193
P 165 127 193 193 193
P 166 127 194 194 194
P 167 127 194 194 194
P 168 127 194 194 194
P 169 127 194 194 194
P 170 127 195 195 195
P 171 127 195 195 195
P 172 127 195 195 195
P 173 127 195 195 195
P 174 127 196 196 196
P 175 127 196 196 196
P 176 127 196 196 196
P 177 127 196 196 196
P 178 127 197 197 197
P 179 127 197 197 197
P 180 127 197 197 197
P 181 127 197 197 197
P 182 127 198 198 198
P 183 127 198 198 198
P 184 127 198 198 198
P 185 127 198 198 198
P 186 127 199 199 199
P 187 127 199 199 199
P 188 127 199 199 199
P 189 127 199 199 199
P 190 127 200 200 200
P 191 127 200 200 200
P 192 127 200 200 200
P 193 127 200 200 200
P 194 127 201 201 201
P 195 127 201 201 201
P 196 127 201 201 201
P 197 127 201 201 201
P 198 127 202 202 202
P 199 127 202 202 202
P 200 127 202 202 202
P 201 127 202 202 202
P 202 127 203 203 203
P 203 127 203 203 203
P 204 127 203 203 203
P 45 128 164 164 164
P 46 128 164 164 164
P 47 128 164 164 164
P 48 128 164 164 164
P 49 128 165 165 165
P 50 128 165 165 165
P 51 128 165 165 165
P 52 128 165 165 165
P 53 128 166 166 166
P 54 128 166 166 166
P 55 128 166 166 166
P 56 128 166 166 166
P 57 128 167 167 167
P 58 128 167 167 167
P 59 128 167 167 167
P 60 128 167 167 167
P 61 128 168 168 168
P 62 128 168 168 168
P 63 128 168 168 168
P 64 128 168 168 168
P 65 128 169 169 169
P 66 128 169 169 169
P 67 128 169 169 169
P 68 128 169 169 169
P 69 128 170 170 170
P 70 128 170 170 170
P 71 128 170 170 170
P 72 128 170 170 170
P 73 128 171 171 171
P 74 128 171 171 171
P 75 128 171 171 171
P 76 128 171 171 171
P 77 128 172 172 172
P 78 128 172 172 172
P 79 128 172 172 172
P 80 128 172 172 172
P 81 128 173 173 173
P 82 128 173 173 173
P 83 128 173 173 173
P 84 128 173 173 173
P 85 128 174 174 174
P 86 128 174 174 174
P 87 128 174 174 174
P 88 128 174 174 174
P 89 128 175 175 175
P 90 128 175 175 175
P 91 128 175 175 175
P 92 128 175 175 175
P 93 128 176 176 176
P 94 128 176 176 176
P 95 128 176 176 176
P 96 128 176 176 176
P 97 128 177 177 177
P 98 128 177 177 177
P 99 128 177 177 177
P 100 128 177 177 177
P 101 128 178 178 178
P 102 128 178 178 178
P 103 128 178 178 178
P 104 128 178 178 178
P 105 128 179 179 179
P 106 128 179 179 179
P 107 128 179 179 179
P 108 128 179 179 179
P 109 128 180 180 180
P 110 128 180 180 180
P 111 128 180 180 180
P 112 128 180 180 180
P 113 128 181 181 181
P 114 128 181 181 181
P 115 128 181 181 181
P 116 128 181 181 181
P 117 128 182 182 182
P 118 128 182 182 182
P 119 128 182 182 182
P 120 128 182 182 182
P 121 128 183 183 183
P 122 128 183 183 183
P 123 128 183 183 183
P 124 128 183 183 183
P 125 128 184 184 184
P 126 128 184 184 184
P 127 128 184 184 184
P 128 128 184 184 184
P 129 128 185 185 185
P 130 128 185 185 185
P 131 128 185 185 185
P 132 128 185 185 185
P 133 128 186 186 186
P 134 128 186 186 186
P 135 128 186 186 186
P 136 128 186 186 186
P 137 128 187 187 187
P 138 128 187 187 187
P 139 128 187 187 187
P 140 128 187 187 187
P 141 128 188 188 188
P 142 128 188 188 188
P 143 128 188 188 188
P 144 128 188 188 188
P 145 128 189 189 189
P 146 128 189 189 189
P 147 128 189 189 189
P 148 128 189 189 189
P 149 128 190 190 190
P 150 128 190 190 190
P 151 128 190 190 190
P 152 128 190 190 190
P 153 128 191 191 191
P 154 128 191 191 191
P 155 128 191 191 191
P 156 128 191 191 191
P 157 128 192 192 192
P 158 128 192 192 192
P 159 128 192 192 192
P 160 128 192 192 192
P 161 128 193 193 193
P 162 128 193 193 193
P 163 128 193 193 193
P 164 128 193 193 193
P 165 128 194 194 194
P 166 128 194 194 194
P 167 128 194 194 194
P 168 128 194 194 194
P 169 128 195 195 195
P 170 128 195 195 195
P 171 128 195 195 195
P 172 128 195 195 195
P 173 128 196 196 196
P 174 128 196 196 196
P 175 128 196 196 196
P 176 128 196 196 196
P 177 128 197 197 197
P 178 128 197 197 197
P 179 128 197 197 197
P 180 128 197 197 197
P 181 128 198 198 198
P 182 128 198 198 198
P 183 128 198 198 198
P 184 128 198 198 198
P 185 128 199 199 199
P 186 128 199 199 199
P 187 128 199 199 199
P 188 128 199 199 199
P 189 128 200 200 200
P 190 128 200 200 200
P 191 128 200 200 200
P 192 128 200 200 200
P 193 128 201 201 201
P 194 128 201 201 201
P 195 128 201 201 201
P 196 128 201 201 201
P 197 128 202 202 202
P 198 128 202 202 202
P 199 128 202 202 202
P 200 128 202 202 202
P 201 128 203 203 203
P 202 128 203 203 203
P 203 128 203 203 203
P 204 128 203 203 203
P 45 129 164 164 164
P 46 129 164 164 164
P 47 129 164 164 164
P 48 129 165 165 165
P 49 129 165 165 165
P 50 129 165 165 165
P 51 129 165 165 165
P 52 129 166 166 166
P 53 129 166 166 166
P 54 129 166 166 166
P 55 129 166 166 166
P 56 129 167 167 167
P 57 129 167 167 167
P 58 129 167 167 167
P 59 129 167 167 167
P 60 129 168 168 168
P 61 129 168 168 168
P 62 129 168 168 168
P 63 129 168 168 168
P 64 129 169 169 169
P 65 129 169 169 169
P 66 129 169 169 169
P 67 129 169 169 169
P 68 129 170 170 170
P 69 129 170 170 170
P 70 129 170 170 170
P 71 129 170 170 170
P 72 129 171 171 171
P 73 129 171 171 171
P 74 129 171 171 171
P 75 129 171 171 171
P 76 129 172 172 172
P 77 129 172 172 172
P 78 129 172 172 172
P 79 129 172 172 172
P 80 129 173 173 173
P 81 129 173 173 173
P 82 129 173 173 173
P 83 129 173 173 173
P 84 129 174 174 174
P 85 129 174 174 174
P 86 129 174 174 174
P 87 129 174 174 174
P 88 129 175 175 175
P 89 129 175 175 175
P 90 129 175 175 175
P 91 129 175 175 175
P 92 129 176 176 176
P 93 129 176 176 176
P 94 129 176 176 176
P 95 129 176 176 176
P 96 129 177 177 177
P 97 129 177 177 177
P 98 129 177 177 177
P 99 129 177 177 177
P 100 129 178 178 178
P 101 129 178 178 178
P 102 129 178 178 178
P 103 129 178 178 178
P 104 129 179 179 179
P 105 129 179 179 179
P 106 129 179 179 179
P 107 129 179 179 179
P 108 129 180 180 180
P 109 129 180 180 180
P 110 129 180 180 180
P 111 129 180 180 180
P 112 129 181 181 181
P 113 129 181 181 181
P 114 129 181 181 181
P 115 129 181 181 181
P 116 129 182 182 182
P 117 129 182 182 182
P 118 129 182 182 182
P 119 129 182 182 182
P 120 129 183 183 183
P 121 129 183 183 183
P 122 129 183 183 183
P 123 129 183 183 183
P 124 129 184 184 184
P 125 129 184 184 184
P 126 129 184 184 184
P 127 129 184 184 184
P 128 129 185 185 185
P 129 129 185 185 185
P 130 129 185 185 185
P 131 129 185 185 185
P 132 129 186 186 186
P 133 129 186 186 186
P 134 129 186 186 186
P 135 129 186 186 186
P 136 129 187 187 187
P 137 129 187 187 187
P 138 129 187 187 187
P 139 129 187 187 187
P 140 129 188 188 188
P 141 129 188 188 188
P 142 129 188 188 188
P 143 129 188 188 188
P 144 129 189 189 189
P 145 129 189 189 189
P 146 129 189 189 189
P 147 129 189 189 189
P 148 129 190 190 190
P 149 129 190 190 190
P 150 129 190 190 190
P 151 129 190 190 190
P 152 129 191 191 191
P 153 129 191 191 191
P 154 129 191 191 191
P 155 129 191 191 191
P 156 129 192 192 192
P 157 129 192 192 192
P 158 129 192 192 192
P 159 129 192 192 192
P 160 129 193 193 193
P 161 129 193 193 193
P 162 129 193 193 193
P 163 129 193 193 193
P 164 129 194 194 194
P 165 129 194 194 194
P 166 129 194 194 194
P 167 129 194 194 194
P 168 129 195 195 195
P 169 129 195 195 195
P 170 129 195 195 195
P 171 129 195 195 195
P 172 129 196 196 196
P 173 129 196 196 196
P 174 129 196 196 196
P 175 129 196 196 196
P 176 129 197 197 197
P 177 129 197 197 197
P 178 129 197 197 197
P 179 129 197 197 197
P 180 129 198 198 198
P 181 129 198 198 198
P 182 129 198 198 198
P 183 129 198 198 198
P 184 129 199 199 199
P 185 129 199 199 199
P 186 129 199 199 199
P 187 129 199 199 199
P 188 129 200 200 200
P 189 129 200 200 200
P 190 129 200 200 200
P 191 129 200 200 200
P 192 129 201 201 201
P 193 129 201 201 201
P 194 129 201 201 201
P 195 129 201 201 201
P 196 129 202 202 202
P 197 129 202 202 202
P 198 129 202 202 202
P 199 129 202 202 202
P 200 129 203 203 203
P 201 129 203 203 203
P 202 129 203 203 203
P 203 129 203 203 203
P 204 129 204 204 204
P 45 130 164 164 164
P 46 130 164 164 164
P 47 130 165 165 165
P 48 130 165 165 165
P 49 130 165 165 165
P 50 130 165 165 165
P 51 130 166 166 166
P 52 130 166 166 166
P 53 130 166 166 166
P 54 130 166 166 166
P 55 130 167 167 167
P 56 130 167 167 167
P 57 130 167 167 167
P 58 130 167 167 167
P 59 130 168 168 168
P 60 130 168 168 168
P 61 130 168 168 168
P 62 130 168 168 168
P 63 130 169 169 169
P 64 130 169 169 169
P 65 130 169 169 169
P 66 130 169 169 169
P 67 130 170 170 170
P 68 130 170 170 170
P 69 130 170 170 170
P 70 130 170 170 170
P 71 130 171 171 171
P 72 130 171 171 171
P 73 130 171 171 171
P 74 130 171 171 171
P 75 130 172 172 172
P 76 130 172 172 172
P 77 130 172 172 172
P 78 130 172 172 172
P 79 130 173 173 173
P 80 130 173 173 173
P 81 130 173 173 173
P 82 130 173 173 173
P 83 130 174 174 174
P 84 130 174 174 174
P 85 130 174 174 174
P 86 130 174 174 174
P 87 130 175 175 175
P 88 130 175 175 175
P 89 130 175 175 175
P 90 130 175 175 175
P 91 130 176 176 176
P 92 130 176 176 176
P 93 130 176 176 176
P 94 130 176 176 176
P 95 130 177 177 177
P 96 130 177 177 177
P 97 130 177 177 177
P 98 130 177 177 177
P 99 130 178 178 178
P 100 130 178 178 178
P 101 130 178 178 178
P 102 130 178 178 178
P 103 130 179 179 179
P 104 130 179 179 179
P 105 130 179 179 179
P 106 130 179 179 179
P 107 130 180 180 180
P 108 130 180 180 180
P 109 130 180 180 180
P 110 130 180 180 180
P 111 130 181 181 181
P 112 130 181 181 181
P 113 130 181 181 181
P 114 130 181 181 181
P 115 130 182 182 182
P 116 130 182 182 182
P 117 130 182 182 182
P 118 130 182 182 182
P 119 130 183 183 183
P 120 130 183 183 183
P 121 130 183 183 183
P 122 130 183 183 183
P 123 130 184 184 184
P 124 130 184 184 184
P 125 130 184 184 184
P 126 130 184 184 184
P 127 130 185 185 185
P 128 130 185 185 185
P 129 130 185 185 185
P 130 130 185 185 185
P 131 130 186 186 186
P 132 130 186 186 186
P 133 130 186 186 186
P 134 130 186 186 186
P 135 130 187 187 187
P 136 130 187 187 187
P 137 130 187 187 187
P 138 130 187 187 187
P 139 130 188 188 188
P 140 130 188 188 188
P 141 130 188 188 188
P 142 130 188 188 188
P 143 130 189 189 189
P 144 130 189 189 189
P 145 130 189 189 189
P 146 130 189 189 189
P 147 130 190 190 190
P 148 130 190 190 190
P 149 130 190 190 190
P 150 130 190 190 190
P 151 130 191 191 191
P 152 130 191 191 191
P 153 130 191 191 191
P 154 130 191 191 191
P 155 130 192 192 192
P 156 130 192 192 192
P 157 130 192 192 192
P 158 130 192 192 192
P 159 130 193 193 193
P 160 130 193 193 193
P 161 130 193 193 193
P 162 130 193 193 193
P 163 130 194 194 194
P 164 130 194 194 194
P 165 130 194 194 194
P 166 130 194 194 194
P 167 130 195 195 195
P 168 130 195 195 195
P 169 130 195 195 195
P 170 130 195 195 195
P 171 130 196 196 196
P 172 130 196 196 196
P 173 130 196 196 196
P 174 130 196 196 196
P 175 130 197 197 197
P 176 130 197 197 197
P 177 130 197 197 197
P 178 130 197 197 197
P 179 130 198 198 198
P 180 130 198 198 198
P 181 130 198 198 198
P 182 130 198 198 198
P 183 130 199 199 199
P 184 130 199 199 199
P 185 130 199 199 199
P 186 130 199 199 199
P 187 130 200 200 200
P 188 130 200 200 200
P 189 130 200 200 200
P 190 130 200 200 200
P 191 130 201 201 201
P 192 130 201 201 201
P 193 130 201 201 201
P 194 130 201 201 201
P 195 130 202 202 202
P 196 130 202 202 202
P 197 130 202 202 202
P 198 130 202 202 202
P 199 130 203 203 203
P 200 130 203 203 203
P 201 130 203 203 203
P 202 130 203 203 203
P 203 130 204 204 204
P 204 130 204 204 204
P 45 131 164 164 164
P 46 131 165 165 165
P 47 131 165 165 165
P 48 131 165 165 165
P 49 131 165 165 165
P 50 131 166 166 166
P 51 131 166 166 166
P 52 131 166 166 166
P 53 131 166 166 166
P 54 131 167 167 167
P 55 131 167 167 167
P 56 131 167 167 167
P 57 131 167 167 167
P 58 131 168 168 168
P 59 131 168 168 168
P 60 131 168 168 168
P 61 131 168 168 168
P 62 131 169 169 169
P 63 131 169 169 169
P 64 131 169 169 169
P 65 131 169 169 169
P 66 131 170 170 170
P 67 131 170 170 170
P 68 131 170 170 170
P 69 131 170 170 170
P 70 131 171 171 171
P 71 131 171 171 171
P 72 131 171 171 171
P 73 131 171 171 171
P 74 131 172 172 172
P 75 131 172 172 172
P 76 131 172 172 172
P 77 131 172 172 172
P 78 131 173 173 173
P 79 131 173 173 173
P 80 131 173 173 173
P 81 131 173 173 173
P 82 131 174 174 174
P 83 131 174 174 174
P 84 131 174 174 174
P 85 131 174 174 174
P 86 131 175 175 175
P 87 131 175 175 175
P 88 131 175 175 175
P 89 131 175 175 175
P 90 131 176 176 176
P 91 131 176 176 176
P 92 131 176 176 176
P 93 131 176 176 176
P 94 131 177 177 177
P 95 131 177 177 177
P 96 131 177 177 177
P 97 131 177 177 177
P 98 131 178 178 178
P 99 131 178 178 178
P 100 131 178 178 178
P 101 131 178 178 178
P 102 131 179 179 179
P 103 131 179 179 179
P 104 131 179 179 179
P 105 131 179 179 179
P 106 131 180 180 180
P 107 131 180 180 180
P 108 131 180 180 180
P 109 131 180 180 180
P 110 131 181 181 181
P 111 131 181 181 181
P 112 131 181 181 181
P 113 131 181 181 181
P 114 131 182 182 182
P 115 131 182 182 182
P 116 131 182 182 182
P 117 131 182 182 182
P 118 131 183 183 183
P 119 131 183 183 183
P 120 131 183 183 183
P 121 131 183 183 183
P 122 131 184 184 184
P 123 131 184 184 184
P 124 131 184 184 184
P 125 131 184 184 184
P 126 131 185 185 185
P 127 131 185 185 185
P 128 131 185 185 185
P 129 131 185 185 185
P 130 131 186 186 186
P 131 131 186 186 186
P 132 131 186 186 186
P 133 131 186 186 186
P 134 131 187 187 187
P 135 131 187 187 187
P 136 131 187 187 187
P 137 131 187 187 187
P 138 131 188 188 188
P 139 131 188 188 188
P 140 131 188 188 188
P 141 131 188 188 188
P 142 131 189 189 189
P 143 131 189 189 189
P 144 131 189 189 189
P 145 131 189 189 189
P 146 131 190 190 190
P 147 131 190 190 190
P 148 131 190 190 190
P 149 131 190 190 190
P 150 131 191 191 191
P 151 131 191 191 191
P 152 131 191 191 191
P 153 131 191 191 191
P 154 131 192 192 192
P 155 131 192 192 192
P 156 131 192 192 192
P 157 131 192 192 192
P 158 131 193 193 193
P 159 131 193 193 193
P 160 131 193 193 193
P 161 131 193 193 193
P 162 131 194 194 194
P 163 131 194 194 194
P 164 131 194 194 194
P 165 131 194 194 194
P 166 131 195 195 195
P 167 131 195 195 195
P 168 131 195 195 195
P 169 131 195 195 195
P 170 131 196 196 196
P 171 131 196 196 196
P 172 131 196 196 196
P 173 131 196 196 196
P 174 131 197 197 197
P 175 131 197 197 197
P 176 131 197 197 197
P 177 131 197 197 197
P 178 131 198 198 198
P 179 131 198 198 198
P 180 131 198 198 198
P 181 131 198 198 198
P 182 131 199 199 199
P 183 131 199 199 199
P 184 131 199 199 199
P 185 131 199 199 199
P 186 131 200 200 200
P 187 131 200 200 200
P 188 131 200 200 200
P 189 131 200 200 200
P 190 131 201 201 201
P 191 131 201 201 201
P 192 131 201 201 201
P 193 131 201 201 201
P 194 131 202 202 202
P 195 131 202 202 202
P 196 131 202 202 202
P 197 131 202 202 202
P 198 131 203 203 203
P 199 131 203 203 203
P 200 131 203 203 203
P 201 131 203 203 203
P 202 131 204 204 204
P 203 131 204 204 204
P 204 131 204 204 204
P 45 132 165 165 165
P 46 132 165 165 165
P 47 132 165 165 165
P 48 132 165 165 165
P 49 132 166 166 166
P 50 132 166 166 166
P 51 132 166 166 166
P 52 132 166 166 166
P 53 132 167 167 167
P 54 132 167 167 167
P 55 132 167 167 167
P 56 132 167 167 167
P 57 132 168 168 168
P 58 132 168 168 168
P 59 132 168 168 168
P 60 132 168 168 168
P 61 132 169 169 169
P 62 132 169 169 169
P 63 132 169 169 169
P 64 132 169 169 169
P 65 132 170 170 170
P 66 132 170 170 170
P 67 132 170 170 170
P 68 132 170 170 170
P 69 132 171 171 171
P 70 132 171 171 171
P 71 132 171 171 171
P 72 132 171 171 171
P 73 132 172 172 172
P 74 132 172 172 172
P 75 132 172 172 172
P 76 132 172 172 172
P 77 132 173 173 173
P 78 132 173 173 173
P 79 132 173 173 173
P 80 132 173 173 173
P 81 132 174 174 174
P 82 132 174 174 174
P 83 132 174 174 174
P 84 132 174 174 174
P 85 132 175 175 175
P 86 132 175 175 175
P 87 132 175 175 175
P 88 132 175 175 175
P 89 132 176 176 176
P 90 132 176 176 176
P 91 132 176 176 176
P 92 132 176 176 176
P 93 132 177 177 177
P 94 132 177 177 177
P 95 132 177 177 177
P 96 132 177 177 177
P 97 132 178 178 178
P 98 132 178 178 178
P 99 132 178 178 178
P 100 132 178 178 178
P 101 132 179 179 179
P 102 132 179 179 179
P 103 132 179 179 179
P 104 132 179 179 179
P 105 132 180 180 180
P 106 132 180 180 180
P 107 132 180 180 180
P 108 132 180 180 180
P 109 132 181 181 181
P 110 132 181 181 181
P 111 132 181 181 181
P 112 132 181 181 181
P 113 132 182 182 182
P 114 132 182 182 182
P 115 132 182 182 182
P 116 132 182 182 182
P 117 132 183 183 183
P 118 132 183 183 183
P 119 132 183 183 183
P 120 132 183 183 183
P 121 132 184 184 184
P 122 132 184 184 184
P 123 132 184 184 184
P 124 132 184 184 184
P 125 132 185 185 185
P 126 132 185 185 185
P 127 132 185 185 185
P 128 132 185 185 185
P 129 132 186 186 186
P 130 132 186 186 186
P 131 132 186 186 186
P 132 132 186 186 186
P 133 132 187 187 187
P 134 132 187 187 187
P 135 132 187 187 187
P 136 132 187 187 187
P 137 132 188 188 188
P 138 132 188 188 188
P 139 132 188 188 188
P 140 132 188 188 188
P 141 132 189 189 189
P 142 132 189 189 189
P 143 132 189 189 189
P 144 132 189 189 189
P 145 132 190 190 190
P 146 132 190 190 190
P 147 132 190 190 190
P 148 132 190 190 190
P 149 132 191 191 191
P 150 132 191 191 191
P 151 132 191 191 191
P 152 132 191 191 191
P 153 132 192 192 192
P 154 132 192 192 192
P 155 132 192 192 192
P 156 132 192 192 192
P 157 132 193 193 193
P 158 132 193 193 193
P 159 132 193 193 193
P 160 132 193 193 193
P 161 132 194 194 194
P 162 132 194 194 194
P 163 132 194 194 194
P 164 132 194 194 194
P 165 132 195 195 195
P 166 132 195 195 195
P 167 132 195 195 195
P 168 132 195 195 195
P 169 132 196 196 196
P 170 132 196 196 196
P 171 132 196 196 196
P 172 132 196 196 196
P 173 132 197 197 197
P 174 132 197 197 197
P 175 132 197 197 197
P 176 132 197 197 197
P 177 132 198 198 198
P 178 132 198 198 198
P 179 132 198 198 198
P 180 132 198 198 198
P 181 132 199 199 199
P 182 132 199 199 199
P 183 132 199 199 199
P 184 132 199 199 199
P 185 132 200 200 200
P 186 132 200 200 200
P 187 132 200 200 200
P 188 132 200 200 200
P 189 132 201 201 201
P 190 132 201 201 201
P 191 132 201 201 201
P 192 132 201 201 201
P 193 132 202 202 202
P 194 132 202 202 202
P 195 132 202 202 202
P 196 132 202 202 202
P 197 132 203 203 203
P 198 132 203 203 203
P 199 132 203 203 203
P 200 132 203 203 203
P 201 132 204 204 204
P 202 132 204 204 204
P 203 132 204 204 204
P 204 132 204 204 204
P 45 133 165 165 165
P 46 133 165 165 165
P 47 133 165 165 165
P 48 133 166 166 166
P 49 133 166 166 166
P 50 133 166 166 166
P 51 133 166 166 166
P 52 133 167 167 167
P 53 133 167 167 167
P 54 133 167 167 167
P 55 133 167 167 167
P 56 133 168 168 168
P 57 133 168 168 168
P 58 133 168 168 168
P 59 133 168 168 168
P 60 133 169 169 169
P 61 133 169 169 169
P 62 133 169 169 169
P 63 133 169 169 169
P 64 133 170 170 170
P 65 133 170 170 170
P 66 133 170 170 170
P 67 133 170 170 170
P 68 133 171 171 171
P 69 133 171 171 171
P 70 133 171 171 171
P 71 133 171 171 171
P 72 133 172 172 172
P 73 133 172 172 172
P 74 133 172 172 172
P 75 133 172 172 172
P 76 133 173 173 173
P 77 133 173 173 173
P 78 133 173 173 173
P 79 133 173 173 173
P 80 133 174 174 174
P 81 133 174 174 174
P 82 133 174 174 174
P 83 133 174 174 174
P 84 133 175 175 175
P 85 133 175 175 175
P 86 133 175 175 175
P 87 133 175 175 175
P 88 133 176 176 176
P 89 133 176 176 176
P 90 133 176 176 176
P 91 133 176 176 176
P 92 133 177 177 177
P 93 133 177 177 177
P 94 133 177 177 177
P 95 133 177 177 177
P 96 133 178 178 178
P 97 133 178 178 178
P 98 133 178 178 178
P 99 133 178 178 178
P 100 133 179 179 179
P 101 133 179 179 179
P 102 133 179 179 179
P 103 133 179 179 179
P 104 133 180 180 180
P 105 133 180 180 180
P 106 133 180 180 180
P 107 133 180 180 180
P 108 133 181 181 181
P 109 133 181 181 181
P 110 133 181 181 181
P 111 133 181 181 181
P 112 133 182 182 182
P 113 133 182 182 182
P 114 133 182 182 182
P 115 133 182 182 182
P 116 133 183 183 183
P 117 133 183 183 183
P 118 133 183 183 183
P 119 133 183 183 183
P 120 133 184 184 184
P 121 133 184 184 184
P 122 133 184 184 184
P 123 133 184 184 184
P 124 133 185 185 185
P 125 133 185 185 185
P 126 133 185 185 185
P 127 133 185 185 185
P 128 133 186 186 186
P 129 133 186 186 186
P 130 133 186 186 186
P 131 133 186 186 186
P 132 133 187 187 187
P 133 133 187 187 187
P 134 133 187 187 187
P 135 133 187 187 187
P 136 133 188 188 188
P 137 133 188 188 188
P 138 133 188 188 188
P 139 133 188 188 188
P 140 133 189 189 189
P 141 133 189 189 189
P 142 133 189 189 189
P 143 133 189 189 189
P 144 133 190 190 190
P 145 133 190 190 190
P 146 133 190 190 190
P 147 133 190 190 190
P 148 133 191 191 191
P 149 133 191 191 191
P 150 133 191 191 191
P 151 133 191 191 191
P 152 133 192 192 192
P 153 133 192 192 192
P 154 133 192 192 192
P 155 133 192 192 192
P 156 133 193 193 193
P 157 133 193 193 193
P 158 133 193 193 193
P 159 133 193 193 193
P 160 133 194 194 194
P 161 133 194 194 194
P 162 133 194 194 194
P 163 133 194 194 194
P 164 133 195 195 195
P 165 133 195 195 195
P 166 133 195 195 195
P 167 133 195 195 195
P 168 133 196 196 196
P 169 133 196 196 196
P 170 133 196 196 196
P 171 133 196 196 196
P 172 133 197 197 197
P 173 133 197 197 197
P 174 133 197 197 197
P 175 133 197 197 197
P 176 133 198 198 198
P 177 133 198 198 198
P 178 133 198 198 198
P 179 133 198 198 198
P 180 133 199 199 199
P 181 133 199 199 199
P 182 133 199 199 199
P 183 133 199 199 199
P 184 133 200 200 200
P 185 133 200 200 200
P 186 133 200 200 200
P 187 133 200 200 200
P 188 133 201 201 201
P 189 133 201 201 201
P 190 133 201 201 201
P 191 133 201 201 201
P 192 133 202 202 202
P 193 133 202 202 202
P 194 133 202 202 202
P 195 133 202 202 202
P 196 133 203 203 203
P 197 133 203 203 203
P 198 133 203 203 203
P 199 133 203 203 203
P 200 133 204 204 204
P 201 133 204 204 204
P 202 133 204 204 204
P 203 133 204 204 204
P 204 133 205 205 205
P 45 134 165 165 165
P 46 134 165 165 165
P 47 134 166 166 166
P 48 134 166 166 166
P 49 134 166 166 166
P 50 134 166 166 166
P 51 134 167 167 167
P 52 134 167 167 167
P 53 134 167 167 167
P 54 134 167 167 167
P 55 134 168 168 168
P 56 134 168 168 168
P 57 134 168 168 168
P 58 134 168 168 168
P 59 134 169 169 169
P 60 134 169 169 169
P 61 134 169 169 169
P 62 134 169 169 169
P 63 134 170 170 170
P 64 134 170 170 170
P 65 134 170 170 170
P 66 134 170 170 170
P 67 134 171 171 171
P 68 134 171 171 171
P 69 134 171 171 171
P 70 134 171 171 171
P 71 134 172 172 172
P 72 134 172 172 172
P 73 134 172 172 172
P 74 134 172 172 172
P 75 134 173 173 173
P 76 134 173 173 173
P 77 134 173 173 173
P 78 134 173 173 173
P 79 134 174 174 174
P 80 134 174 174 174
P 81 134 174 174 174
P 82 134 174 174 174
P 83 134 175 175 175
P 84 134 175 175 175
P 85 134 175 175 175
P 86 134 175 175 175
P 87 134 176 176 176
P 88 134 176 176 176
P 89 134 176 176 176
P 90 134 176 176 176
P 91 134 177 177 177
P 92 134 177 177 177
P 93 134 177 177 177
P 94 134 177 177 177
P 95 134 178 178 178
P 96 134 178 178 178
P 97 134 178 178 178
P 98 134 178 178 178
P 99 134 179 179 179
P 100 134 179 179 179
P 101 134 179 179 179
P 102 134 179 179 179
P 103 134 180 180 180
P 104 134 180 180 180
P 105 134 180 180 180
P 106 134 180 180 180
P 107 134 181 181 181
P 108 134 181 181 181
P 109 134 181 181 181
P 110 134 181 181 181
P 111 134 182 182 182
P 112 134 182 182 182
P 113 134 182 182 182
P 114 134 182 182 182
P 115 134 183 183 183
P 116 134 183 183 183
P 117 134 183 183 183
P 118 134 183 183 183
P 119 134 184 184 184
P 120 134 184 184 184
P 121 134 184 184 184
P 122 134 184 184 184
P 123 134 185 185 185
P 124 134 185 185 185
P 125 134 185 185 185
P 126 134 185 185 185
P 127 134 186 186 186
P 128 134 186 186 186
P 129 134 186 186 186
P 130 134 186 186 186
P 131 134 187 187 187
P 132 134 187 187 187
P 133 134 187 187 187
P 134 134 187 187 187
P 135 134 188 188 188
P 136 134 188 188 188
P 137 134 188 188 188
P 138 134 188 188 188
P 139 134 189 189 189
P 140 134 189 189 189
P 141 134 189 189 189
P 142 134 189 189 189
P 143 134 190 190 190
P 144 134 190 190 190
P 145 134 190 190 190
P 146 134 190 190 190
P 147 134 191 191 191
P 148 134 191 191 191
P 149 134 191 191 191
P 150 134 191 191 191
P 151 134 192 192 192
P 152 134 192 192 192
P 153 134 192 192 192
P 154 134 192 192 192
P 155 134 193 193 193
P 156 134 193 193 193
P 157 134 193 193 193
P 158 134 193 193 193
P 159 134 194 194 194
P 160 134 194 194 194
P 161 134 194 194 194
P 162 134 194 194 194
P 163 134 195 195 195
P 164 134 195 195 195
P 165 134 195 195 195
P 166 134 195 195 195
P 167 134 196 196 196
P 168 134 196 196 196
P 169 134 196 196 196
P 170 134 196 196 196
P 171 134 197 197 197
P 172 134 197 197 197
P 173 134 197 197 197
P 174 134 197 197 197
P 175 134 198 198 198
P 176 134 198 198 198
P 177 134 198 198 198
P 178 134 198 198 198
P 179 134 199 199 199
P 180 134 199 199 199
P 181 134 199 199 199
P 182 134 199 199 199
P 183 134 200 200 200
P 184 134 200 200 200
P 185 134 200 200 200
P 186 134 200 200 200
P 187 134 201 201 201
P 188 134 201 201 201
P 189 134 201 201 201
P 190 134 201 201 201
P 191 134 202 202 202
P 192 134 202 202 202
P 193 134 202 202 202
P 194 134 202 202 202
P 195 134 203 203 203
P 196 134 203 203 203
P 197 134 203 203 203
P 198 134 203 203 203
P 199 134 204 204 204
P 200 134 204 204 204
P 201 134 204 204 204
P 202 134 204 204 204
P 203 134 205 205 205
P 204 134 205 205 205
P 45 135 165 165 165
P 46 135 166 166 166
P 47 135 166 166 166
P 48 135 166 166 166
P 49 135 166 166 166
P 50 135 167 167 167
P 51 135 167 167 167
P 52 135 167 167 167
P 53 135 167 167 167
P 54 135 168 168 168
P 55 135 168 168 168
P 56 135 168 168 168
P 57 135 168 168 168
P 58 135 169 169 169
P 59 135 169 169 169
P 60 135 169 169 169
P 61 135 169 169 169
P 62 135 170 170 170
P 63 135 170 170 170
P 64 135 170 170 170
P 65 135 170 170 170
P 66 135 171 171 171
P 67 135 171 171 171
P 68 135 171 171 171
P 69 135 171 171 171
P 70 135 172 172 172
P 71 135 172 172 172
P 72 135 172 172 172
P 73 135 172 172 172
P 74 135 173 173 173
P 75 135 173 173 173
P 76 135 173 173 173
P 77 135 173 173 173
P 78 135 174 174 174
P 79 135 174 174 174
P 80 135 174 174 174
P 81 135 174 174 174
P 82 135 175 175 175
P 83 135 175 175 175
P 84 135 175 175 175
P 85 135 175 175 175
P 86 135 176 176 176
P 87 135 176 176 176
P 88 135 176 176 176
P 89 135 176 176 176
P 90 135 177 177 177
P 91 135 177 177 177
P 92 135 177 177 177
P 93 135 177 177 177
P 94 135 178 178 178
P 95 135 178 178 178
P 96 135 178 178 178
P 97 135 178 178 178
P 98 135 179 179 179
P 99 135 179 179 179
P 100 135 179 179 179
P 101 135 179 179 179
P 102 135 180 180 180
P 103 135 180 180 180
P 104 135 180 180 180
P 105 135 180 180 180
P 106 135 181 181 181
P 107 135 181 181 181
P 108 135 181 181 181
P 109 135 181 181 181
P 110 135 182 182 182
P 111 135 182 182 182
P 112 135 182 182 182
P 113 135 182 182 182
P 114 135 183 183 183
P 115 135 183 183 183
P 116 135 183 183 183
P 117 135 183 183 183
P 118 135 184 184 184
P 119 135 184 184 184
P 120 135 184 184 184
P 121 135 184 184 184
P 122 135 185 185 185
P 123 135 185 185 185
P 124 135 185 185 185
P 125 135 185 185 185
P 126 135 186 186 186
P 127 135 186 186 186
P 128 135 186 186 186
P 129 135 186 186 186
P 130 135 187 187 187
P 131 135 187 187 187
P 132 135 187 187 187
P 133 135 187 187 187
P 134 135 188 188 188
P 135 135 188 188 188
P 136 135 188 188 188
P 137 135 188 188 188
P 138 135 189 189 189
P 139 135 189 189 189
P 140 135 189 189 189
P 141 135 189 189 189
P 142 135 190 190 190
P 143 135 190 190 190
P 144 135 190 190 190
P 145 135 190 190 190
P 146 135 191 191 191
P 147 135 191 191 191
P 148 135 191 191 191
P 149 135 191 191 191
P 150 135 192 192 192
P 151 135 192 192 192
P 152 135 192 192 192
P 153 135 192 192 192
P 154 135 193 193 193
P 155 135 193 193 193
P 156 135 193 193 193
P 157 135 193 193 193
P 158 135 194 194 194
P 159 135 194 194 194
P 160 135 194 194 194
P 161 135 194 194 194
P 162 135 195 195 195
P 163 135 195 195 195
P 164 135 195 195 195
P 165 135 195 195 195
P 166 135 196 196 196
P 167 135 196 196 196
P 168 135 196 196 196
P 169 135 196 196 196
P 170 135 197 197 197
P 171 135 197 197 197
P 172 135 197 197 197
P 173 135 197 197 197
P 174 135 198 198 198
P 175 135 198 198 198
P 176 135 198 198 198
P 177 135 198 198 198
P 178 135 199 199 199
P 179 135 199 199 199
P 180 135 199 199 199
P 181 135 199 199 199
P 182 135 200 200 200
P 183 135 200 200 200
P 184 135 200 200 200
P 185 135 200 200 200
P 186 135 201 201 201
P 187 135 201 201 201
P 188 135 201 201 201
P 189 135 201 201 201
P 190 135 202 202 202
P 191 135 202 202 202
P 192 135 202 202 202
P 193 135 202 202 202
P 194 135 203 203 203
P 195 135 203 203 203
P 196 135 203 203 203
P 197 135 203 203 203
P 198 135 204 204 204
P 199 135 204 204 204
P 200 135 204 204 204
P 201 135 204 204 204
P 202 135 205 205 205
P 203 135 205 205 205
P 204 135 205 205 205
P 45 136 166 166 166
P 46 136 166 166 166
P 47 136 166 166 166
P 48 136 166 166 166
P 49 136 167 167 167
P 50 136 167 167 167
P 51 136 167 167 167
P 52 136 167 167 167
P 53 136 168 168 168
P 54 136 168 168 168
P 55 136 168 168 168
P 56 136 168 168 168
P 57 136 169 169 169
P 58 136 169 169 169
P 59 136 169 169 169
P 60 136 169 169 169
P 61 136 170 170 170
P 62 136 170 170 170
P 63 136 170 170 170
P 64 136 170 170 170
P 65 136 171 171 171
P 66 136 171 171 171
P 67 136 171 171 171
P 68 136 171 171 171
P 69 136 172 172 172
P 70 136 172 172 172
P 71 136 172 172 172
P 72 136 172 172 172
P 73 136 173 173 173
P 74 136 173 173 173
P 75 136 173 173 173
P 76 136 173 173 173
P 77 136 174 174 174
P 78 136 174 174 174
P 79 136 174 174 174
P 80 136 174 174 174
P 81 136 175 175 175
P 82 136 175 175 175
P 83 136 175 175 175
P 84 136 175 175 175
P 85 136 176 176 176
P 86 136 176 176 176
P 87 136 176 176 176
P 88 136 176 176 176
P 89 136 177 177 177
P 90 136 177 177 177
P 91 136 177 177 177
P 92 136 177 177 177
P 93 136 178 178 178
P 94 136 178 178 178
P 95 136 178 178 178
P 96 136 178 178 178
P 97 136 179 179 179
P 98 136 179 179 179
P 99 136 179 179 179
P 100 136 179 179 179
P 101 136 180 180 180
P 102 136 180 180 180
P 103 136 180 180 180
P 104 136 180 180 180
P 105 136 181 181 181
P 106 136 181 181 181
P 107 136 181 181 181
P 108 136 181 181 181
P 109 136 182 182 182
P 110 136 182 182 182
P 111 136 182 182 182
P 112 136 182 182 182
P 113 136 183 183 183
P 114 136 183 183 183
P 115 136 183 183 183
P 116 136 183 183 183
P 117 136 184 184 184
P 118 136 184 184 184
P 119 136 184 184 184
P 120 136 184 184 184
P 121 136 185 185 185
P 122 136 185 185 185
P 123 136 185 185 185
P 124 136 185 185 185
P 125 136 186 186 186
P 126 136 186 186 186
P 127 136 186 186 186
P 128 136 186 186 186
P 129 136 187 187 187
P 130 136 187 187 187
P 131 136 187 187 187
P 132 136 187 187 187
P 133 136 188 188 188
P 134 136 188 188 188
P 135 136 188 188 188
P 136 136 188 188 188
P 137 136 189 189 189
P 138 136 189 189 189
P 139 136 189 189 189
P 140 136 189 189 189
P 141 136 190 190 190
P 142 136 190 190 190
P 143 136 190 190 190
P 144 136 190 190 190
P 145 136 191 191 191
P 146 136 191 191 191
P 147 136 191 191 191
P 148 136 191 191 191
P 149 136 192 192 192
P 150 136 192 192 192
P 151 136 192 192 192
P 152 136 192 192 192
P 153 136 193 193 193
P 154 136 193 193 193
P 155 136 193 193 193
P 156 136 193 193 193
P 157 136 194 194 194
P 158 136 194 194 194
P 159 136 194 194 194
P 160 136 194 194 194
P 161 136 195 195 195
P 162 136 195 195 195
P 163 136 195 195 195
P 164 136 195 195 195
P 165 136 196 196 196
P 166 136 196 196 196
P 167 136 196 196 196
P 168 136 196 196 196
P 169 136 197 197 197
P 170 136 197 197 197
P 171 136 197 197 197
P 172 136 197 197 197
P 173 136 198 198 198
P 174 136 198 198 198
P 175 136 198 198 198
P 176 136 198 198 198
P 177 136 199 199 199
P 178 136 199 199 199
P 179 136 199 199 199
P 180 136 199 199 199
P 181 136 200 200 200
P 182 136 200 200 200
P 183 136 200 200 200
P 184 136 200 200 200
P 185 136 201 201 201
P 186 136 201 201 201
P 187 136 201 201 201
P 188 136 201 201 201
P 189 136 202 202 202
P 190 136 202 202 202
P 191 136 202 202 202
P 192 136 202 202 202
P 193 136 203 203 203
P 194 136 203 203 203
P 195 136 203 203 203
P 196 136 203 203 203
P 197 136 204 204 204
P 198 136 204 204 204
P 199 136 204 204 204
P 200 136 204 204 204
P 201 136 205 205 205
P 202 136 205 205 205
P 203 136 205 205 205
P 204 136 205 205 205
P 45 137 166 166 166
P 46 137 166 166 166
P 47 137 166 166 166
P 48 137 167 167 167
P 49 137 167 167 167
P 50 137 167 167 167
P 51 137 167 167 167
P 52 137 168 168 168
P 53 137 168 168 168
P 54 137 168 168 168
P 55 137 168 168 168
P 56 137 169 169 169
P 57 137 169 169 169
P 58 137 169 169 169
P 59 137 169 169 169
P 60 137 170 170 170
P 61 137 170 170 170
P 62 137 170 170 170
P 63 137 170 170 170
P 64 137 171 171 171
P 65 137 171 171 171
P 66 137 171 171 171
P 67 137 171 171 171
P 68 137 172 172 172
P 69 137 172 172 172
P 70 137 172 172 172
P 71 137 172 172 172
P 72 137 173 173 173
P 73 137 173 173 173
P 74 137 173 173 173
P 75 137 173 173 173
P 76 137 174 174 174
P 77 137 174 174 174
P 78 137 174 174 174
P 79 137 174 174 174
P 80 137 175 175 175
P 81 137 175 175 175
P 82 137 175 175 175
P 83 137 175 175 175
P 84 137 176 176 176
P 85 137 176 176 176
P 86 137 176 176 176
P 87 137 176 176 176
P 88 137 177 177 177
P 89 137 177 177 177
P 90 137 177 177 177
P 91 137 177 177 177
P 92 137 178 178 178
P 93 137 178 178 178
P 94 137 178 178 178
P 95 137 178 178 178
P 96 137 179 179 179
P 97 137 179 179 179
P 98 137 179 179 179
P 99 137 179 179 179
P 100 137 180 180 180
P 101 137 180 180 180
P 102 137 180 180 180
P 103 137 180 180 180
P 104 137 181 181 181
P 105 137 181 181 181
P 106 137 181 181 181
P 107 137 181 181 181
P 108 137 182 182 182
P 109 137 182 182 182
P 110 137 182 182 182
P 111 137 182 182 182
P 112 137 183 183 183
P 113 137 183 183 183
P 114 137 183 183 183
P 115 137 183 183 183
P 116 137 184 184 184
P 117 137 184 184 184
P 118 137 184 184 184
P 119 137 184 184 184
P 120 137 185 185 185
P 121 137 185 185 185
P 122 137 185 185 185
P 123 137 185 185 185
P 124 137 186 186 186
P 125 137 186 186 186
P 126 137 186 186 186
P 127 137 186 186 186
P 128 137 187 187 187
P 129 137 187 187 187
P 130 137 187 187 187
P 131 137 187 187 187
P 132 137 188 188 188
P 133 137 188 188 188
P 134 137 188 188 188
P 135 137 188 188 188
P 136 137 189 189 189
P 137 137 189 189 189
P 138 137 189 189 189
P 139 137 189 189 189
P 140 137 190 190 190
P 141 137 190 190 190
P 142 137 190 190 190
P 143 137 190 190 190
P 144 137 191 191 191
P 145 137 191 191 191
P 146 137 191 191 191
P 147 137 191 191 191
P 148 137 192 192 192
P 149 137 192 192 192
P 150 137 192 192 192
P 151 137 192 192 192
P 152 137 193 193 193
P 153 137 193 193 193
P 154 137 193 193 193
P 155 137 193 193 193
P 156 137 194 194 194
P 157 137 194 194 194
P 158 137 194 194 194
P 159 137 194 194 194
P 160 137 195 195 195
P 161 137 195 195 195
P 162 137 195 195 195
P 163 137 195 195 195
P 164 137 196 196 196
P 165 137 196 196 196
P 166 137 196 196 196
P 167 137 196 196 196
P 168 137 197 197 197
P 169 137 197 197 197
P 170 137 197 197 197
P 171 137 197 197 197
P 172 137 198 198 198
P 173 137 198 198 198
P 174 137 198 198 198
P 175 137 198 198 198
P 176 137 199 199 199
P 177 137 199 199 199
P 178 137 199 199 199
P 179 137 199 199 199
P 180 137 200 200 200
P 181 137 200 200 200
P 182 137 200 200 200
P 183 137 200 200 200
P 184 137 201 201 201
P 185 137 201 201 201
P 186 137 201 201 201
P 187 137 201 201 201
P 188 137 202 202 202
P 189 137 202 202 202
P 190 137 202 202 202
P 191 137 202 202 202
P 192 137 203 203 203
P 193 137 203 203 203
P 194 137 203 203 203
P 195 137 203 203 203
P 196 137 204 204 204
P 197 137 204 204 204
P 198 137 204 204 204
P 199 137 204 204 204
P 200 137 205 205 205
P 201 137 205 205 205
P 202 137 205 205 205
P 203 137 205 205 205
P 204 137 206 206 206
P 45 138 166 166 166
P 46 138 166 166 166
P 47 138 167 167 167
P 48 138 167 167 167
P 49 138 167 167 167
P 50 138 167 167 167
P 51 138 168 168 168
P 52 138 168 168 168
P 53 138 168 168 168
P 54 138 168 168 168
P 55 138 169 169 169
P 56 138 169 169 169
P 57 138 169 169 169
P 58 138 169 169 169
P 59 138 170 170 170
P 60 138 170 170 170
P 61 138 170 170 170
P 62 138 170 170 170
P 63 138 171 171 171
P 64 138 171 171 171
P 65 138 171 171 171
P 66 138 171 171 171
P 67 138 172 172 172
P 68 138 172 172 172
P 69 138 172 172 172
P 70 138 172 172 172
P 71 138 173 173 173
P 72 138 173 173 173
P 73 138 173 173 173
P 74 138 173 173 173
P 75 138 174 174 174
P 76 138 174 174 174
P 77 138 174 174 174
P 78 138 174 174 174
P 79 138 175 175 175
P 80 138 175 175 175
P 81 138 175 175 175
P 82 138 175 175 175
P 83 138 176 176 176
P 84 138 176 176 176
P 85 138 176 176 176
P 86 138 176 176 176
P 87 138 177 177 177
P 88 138 177 177 177
P 89 138 177 177 177
P 90 138 177 177 177
P 91 138 178 178 178
P 92 138 178 178 178
P 93 138 178 178 178
P 94 138 178 178 178
P 95 138 179 179 179
P 96 138 179 179 179
P 97 138 179 179 179
P 98 138 179 179 179
P 99 138 180 180 180
P 100 138 180 180 180
P 101 138 180 180 180
P 102 138 180 180 180
P 103 138 181 181 181
P 104 138 181 181 181
P 105 138 181 181 181
P 106 138 181 181 181
P 107 138 182 182 182
P 108 138 182 182 182
P 109 138 182 182 182
P 110 138 182 182 182
P 111 138 183 183 183
P 112 138 183 183 183
P 113 138 183 183 183
P 114 138 183 183 183
P 115 138 184 184 184
P 116 138 184 184 184
P 117 138 184 184 184
P 118 138 184 184 184
P 119 138 185 185 185
P 120 138 185 185 185
P 121 138 185 185 185
P 122 138 185 185 185
P 123 138 186 186 186
P 124 138 186 186 186
P 125 138 186 186 186
P 126 138 186 186 186
P 127 138 187 187 187
P 128 138 187 187 187
P 129 138 187 187 187
P 130 138 187 187 187
P 131 138 188 188 188
P 132 138 188 188 188
P 133 138 188 188 188
P 134 138 188 188 188
P 135 138 189 189 189
P 136 138 189 189 189
P 137 138 189 189 189
P 138 138 189 189 189
P 139 138 190 190 190
P 140 138 190 190 190
P 141 138 190 190 190
P 142 138 190 190 190
P 143 138 191 191 191
P 144 138 191 191 191
P 145 138 191 191 191
P 146 138 191 191 191
P 147 138 192 192 192
P 148 138 192 192 192
P 149 138 192 192 192
P 150 138 192 192 192
P 151 138 193 193 193
P 152 138 193 193 193
P 153 138 193 193 193
P 154 138 193 193 193
P 155 138 194 194 194
P 156 138 194 194 194
P 157 138 194 194 194
P 158 138 194 194 194
P 159 138 195 195 195
P 160 138 195 195 195
P 161 138 195 195 195
P 162 138 195 195 195
P 163 138 196 196 196
P 164 138 196 196 196
P 165 138 196 196 196
P 166 138 196 196 196
P 167 138 197 197 197
P 168 138 197 197 197
P 169 138 197 197 197
P 170 138 197 197 197
P 171 138 198 198 198
P 172 138 198 198 198
P 173 138 198 198 198
P 174 138 198 198 198
P 175 138 199 199 199
P 176 138 199 199 199
P 177 138 199 199 199
P 178 138 199 199 199
P 179 138 200 200 200
P 180 138 200 200 200
P 181 138 200 200 200
P 182 138 200 200 200
P 183 138 201 201 201
P 184 138 201 201 201
P 185 138 201 201 201
P 186 138 201 201 201
P 187 138 202 202 202
P 188 138 202 202 202
P 189 138 202 202 202
P 190 138 202 202 202
P 191 138 203 203 203
P 192 138 203 203 203
P 193 138 203 203 203
P 194 138 203 203 203
P 195 138 204 204 204
P 196 138 204 204 204
P 197 138 204 204 204
P 198 138 204 204 204
P 199 138 205 205 205
P 200 138 205 205 205
P 201 138 205 205 205
P 202 138 205 205 205
P 203 138 206 206 206
P 204 138 206 206 206
P 45 139 166 166 166
P 46 139 167 167 167
P 47 139 167 167 167
P 48 139 167 167 167
P 49 139 167 167 167
P 50 139 168 168 168
P 51 139 168 168 168
P 52 139 168 168 168
P 53 139 168 168 168
P 54 139 169 169 169
P 55 139 169 169 169
P 56 139 169 169 169
P 57 139 169 169 169
P 58 139 170 170 170
P 59 139 170 170 170
P 60 139 170 170 170
P 61 139 170 170 170
P 62 139 171 171 171
P 63 139 171 171 171
P 64 139 171 171 171
P 65 139 171 171 171
P 66 139 172 172 172
P 67 139 172 172 172
P 68 139 172 172 172
P 69 139 172 172 172
P 70 139 173 173 173
P 71 139 173 173 173
P 72 139 173 173 173
P 73 139 173 173 173
P 74 139 174 174 174
P 75 139 174 174 174
P 76 139 174 174 174
P 77 139 174 174 174
P 78 139 175 175 175
P 79 139 175 175 175
P 80 139 175 175 175
P 81 139 175 175 175
P 82 139 176 176 176
P 83 139 176 176 176
P 84 139 176 176 176
P 85 139 176 176 176
P 86 139 177 177 177
P 87 139 177 177 177
P 88 139 177 177 177
P 89 139 177 177 177
P 90 139 178 178 178
P 91 139 178 178 178
P 92 139 178 178 178
P 93 139 178 178 178
P 94 139 179 179 179
P 95 139 179 179 179
P 96 139 179 179 179
P 97 139 179 179 179
P 98 139 180 180 180
P 99 139 180 180 180
P 100 139 180 180 180
P 101 139 180 180 180
P 102 139 181 181 181
P 103 139 181 181 181
P 104 139 181 181 181
P 105 139 181 181 181
P 106 139 182 182 182
P 107 139 182 182 182
P 108 139 182 182 182
P 109 139 182 182 182
P 110 139 183 183 183
P 111 139 183 183 183
P 112 139 183 183 183
P 113 139 183 183 183
P 114 139 184 184 184
P 115 139 184 184 184
P 116 139 184 184 184
P 117 139 184 184 184
P 118 139 185 185 185
P 119 139 185 185 185
P 120 139 185 185 185
P 121 139 185 185 185
P 122 139 186 186 186
P 123 139 186 186 186
P 124 139 186 186 186
P 125 139 186 186 186
P 126 139 187 187 187
P 127 139 187 187 187
P 128 139 187 187 187
P 129 139 187 187 187
P 130 139 188 188 188
P 131 139 188 188 188
P 132 139 188 188 188
P 133 139 188 188 188
P 134 139 189 189 189
P 135 139 189 189 189
P 136 139 189 189 189
P 137 139 189 189 189
P 138 139 190 190 190
P 139 139 190 190 190
P 140 139 190 190 190
P 141 139 190 190 190
P 142 139 191 191 191
P 143 139 191 191 191
P 144 139 191 191 191
P 145 139 191 191 191
P 146 139 192 192 192
P 147 139 192 192 192
P 148 139 192 192 192
P 149 139 192 192 192
P 150 139 193 193 193
P 151 139 193 193 193
P 152 139 193 193 193
P 153 139 193 193 193
P 154 139 194 194 194
P 155 139 194 194 194
P 156 139 194 194 194
P 157 139 194 194 194
P 158 139 195 195 195
P 159 139 195 195 195
P 160 139 195 195 195
P 161 139 195 195 195
P 162 139 196 196 196
P 163 139 196 196 196
P 164 139 196 196 196
P 165 139 196 196 196
P 166 139 197 197 197
P 167 139 197 197 197
P 168 139 197 197 197
P 169 139 197 197 197
P 170 139 198 198 198
P 171 139 198 198 198
P 172 139 198 198 198
P 173 139 198 198 198
P 174 139 199 199 199
P 175 139 199 199 199
P 176 139 199 199 199
P 177 139 199 199 199
P 178 139 200 200 200
P 179 139 200 200 200
P 180 139 200 200 200
P 181 139 200 200 200
P 182 139 201 201 201
P 183 139 201 201 201
P 184 139 201 201 201
P 185 139 201 201 201
P 186 139 202 202 202
P 187 139 202 202 202
P 188 139 202 202 202
P 189 139 202 202 202
P 190 139 203 203 203
P 191 139 203 203 203
P 192 139 203 203 203
P 193 139 203 203 203
P 194 139 204 204 204
P 195 139 204 204 204
P 196 139 204 204 204
P 197 139 204 204 204
P 198 139 205 205 205
P 199 139 205 205 205
P 200 139 205 205 205
P 201 139 205 205 205
P 202 139 206 206 206
P 203 139 206 206 206
P 204 139 206 206 206
P 45 140 167 167 167
P 46 140 167 167 167
P 47 140 167 167 167
P 48 140 167 167 167
P 49 140 168 168 168
P 50 140 168 168 168
P 51 140 168 168 168
P 52 140 168 168 168
P 53 140 169 169 169
P 54 140 169 169 169
P 55 140 169 169 169
P 56 140 169 169 169
P 57 140 170 170 170
P 58 140 170 170 170
P 59 140 170 170 170
P 60 140 170 170 170
P 61 140 171 171 171
P 62 140 171 171 171
P 63 140 171 171 171
P 64 140 171 171 171
P 65 140 172 172 172
P 66 140 172 172 172
P 67 140 172 172 172
P 68 140 172 172 172
P 69 140 173 173 173
P 70 140 173 173 173
P 71 140 173 173 173
P 72 140 173 173 173
P 73 140 174 174 174
P 74 140 174 174 174
P 75 140 174 174 174
P 76 140 174 174 174
P 77 140 175 175 175
P 78 140 175 175 175
P 79 140 175 175 175
P 80 140 175 175 175
P 81 140 176 176 176
P 82 140 176 176 176
P 83 140 176 176 176
P 84 140 176 176 176
P 85 140 177 177 177
P 86 140 177 177 177
P 87 140 177 177 177
P 88 140 177 177 177
P 89 140 178 178 178
P 90 140 178 178 178
P 91 140 178 178 178
P 92 140 178 178 178
P 93 140 179 179 179
P 94 140 179 179 179
P 95 140 179 179 179
P 96 140 179 179 179
P 97 140 180 180 180
P 98 140 180 180 180
P 99 140 180 180 180
P 100 140 180 180 180
P 101 140 181 181 181
P 102 140 181 181 181
P 103 140 181 181 181
P 104 140 181 181 181
P 105 140 182 182 182
P 106 140 182 182 182
P 107 140 182 182 182
P 108 140 182 182 182
P 109 140 183 183 183
P 110 140 183 183 183
P 111 140 183 183 183
P 112 140 183 183 183
P 113 140 184 184 184
P 114 140 184 184 184
P 115 140 184 184 184
P 116 140 184 184 184
P 117 140 185 185 185
P 118 140 185 185 185
P 119 140 185 185 185
P 120 140 185 185 185
P 121 140 186 186 186
P 122 140 186 186 186
P 123 140 186 186 186
P 124 140 186 186 186
P 125 140 187 187 187
P 126 140 187 187 187
P 127 140 187 187 187
P 128 140 187 187 187
P 129 140 188 188 188
P 130 140 188 188 188
P 131 140 188 188 188
P 132 140 188 188 188
P 133 140 189 189 189
P 134 140 189 189 189
P 135 140 189 189 189
P 136 140 189 189 189
P 137 140 190 190 190
P 138 140 190 190 190
P 139 140 190 190 190
P 140 140 190 190 190
P 141 140 191 191 191
P 142 140 191 191 191
P 143 140 191 191 191
P 144 140 191 191 191
P 145 140 192 192 192
P 146 140 192 192 192
P 147 140 192 192 192
P 148 140 192 192 192
P 149 140 193 193 193
P 150 140 193 193 193
P 151 140 193 193 193
P 152 140 193 193 193
P 153 140 194 194 194
P 154 140 194 194 194
P 155 140 194 194 194
P 156 140 194 194 194
P 157 140 195 195 195
P 158 140 195 195 195
P 159 140 195 195 195
P 160 140 195 195 195
P 161 140 196 196 196
P 162 140 196 196 196
P 163 140 196 196 196
P 164 140 196 196 196
P 165 140 197 197 197
P 166 140 197 197 197
P 167 140 197 197 197
P 168 140 197 197 197
P 169 140 198 198 198
P 170 140 198 198 198
P 171 140 198 198 198
P 172 140 198 198 198
P 173 140 199 199 199
P 174 140 199 199 199
P 175 140 199 199 199
P 176 140 199 199 199
P 177 140 200 200 200
P 178 140 200 200 200
P 179 140 200 200 200
P 180 140 200 200 200
P 181 140 201 201 201
P 182 140 201 201 201
P 183 140 201 201 201
P 184 140 201 201 201
P 185 140 202 202 202
P 186 140 202 202 202
P 187 140 202 202 202
P 188 140 202 202 202
P 189 140 203 203 203
P 190 140 203 203 203
P 191 140 203 203 203
P 192 140 203 203 203
P 193 140 204 204 204
P 194 140 204 204 204
P 195 140 204 204 204
P 196 140 204 204 204
P 197 140 205 205 205
P 198 140 205 205 205
P 199 140 205 205 205
P 200 140 205 205 205
P 201 140 206 206 206
P 202 140 206 206 206
P 203 140 206 206 206
P 204 140 206 206 206
P 45 141 167 167 167
P 46 141 167 167 167
P 47 141 167 167 167
P 48 141 168 168 168
P 49 141 168 168 168
P 50 141 168 168 168
P 51 141 168 168 168
P 52 141 169 169 169
P 53 141 169 169 169
P 54 141 169 169 169
P 55 141 169 169 169
P 56 141 170 170 170
P 57 141 170 170 170
P 58 141 170 170 170
P 59 141 170 170 170
P 60 141 171 171 171
P 61 141 171 171 171
P 62 141 171 171 171
P 63 141 171 171 171
P 64 141 172 172 172
P 65 141 172 172 172
P 66 141 172 172 172
P 67 141 172 172 172
P 68 141 173 173 173
P 69 141 173 173 173
P 70 141 173 173 173
P 71 141 173 173 173
P 72 141 174 174 174
P 73 141 174 174 174
P 74 141 174 174 174
P 75 141 174 174 174
P 76 141 175 175 175
P 77 141 175 175 175
P 78 141 175 175 175
P 79 141 175 175 175
P 80 141 176 176 176
P 81 141 176 176 176
P 82 141 176 176 176
P 83 141 176 176 176
P 84 141 177 177 177
P 85 141 177 177 177
P 86 141 177 177 177
P 87 141 177 177 177
P 88 141 178 178 178
P 89 141 178 178 178
P 90 141 178 178 178
P 91 141 178 178 178
P 92 141 179 179 179
P 93 141 179 179 179
P 94 141 179 179 179
P 95 141 179 179 179
P 96 141 180 180 180
P 97 141 180 180 180
P 98 141 180 180 180
P 99 141 180 180 180
P 100 141 181 181 181
P 101 141 181 181 181
P 102 141 181 181 181
P 103 141 181 181 181
P 104 141 182 182 182
P 105 141 182 182 182
P 106 141 182 182 182
P 107 141 182 182 182
P 108 141 183 183 183
P 109 141 183 183 183
P 110 141 183 183 183
P 111 141 183 183 183
P 112 141 184 184 184
P 113 141 184 184 184
P 114 141 184 184 184
P 115 141 184 184 184
P 116 141 185 185 185
P 117 141 185 185 185
P 118 141 185 185 185
P 119 141 185 185 185
P 120 141 186 186 186
P 121 141 186 186 186
P 122 141 186 186 186
P 123 141 186 186 186
P 124 141 187 187 187
P 125 141 187 187 187
P 126 141 187 187 187
P 127 141 187 187 187
P 128 141 188 188 188
P 129 141 188 188 188
P 130 141 188 188 188
P 131 141 188 188 188
P 132 141 189 189 189
P 133 141 189 189 189
P 134 141 189 189 189
P 135 141 189 189 189
P 136 141 190 190 190
P 137 141 190 190 190
P 138 141 190 190 190
P 139 141 190 190 190
P 140 141 191 191 191
P 141 141 191 191 191
P 142 141 191 191 191
P 143 141 191 191 191
P 144 141 192 192 192
P 145 141 192 192 192
P 146 141 192 192 192
P 147 141 192 192 192
P 148 141 193 193 193
P 149 141 193 193 193
P 150 141 193 193 193
P 151 141 193 193 193
P 152 141 194 194 194
P 153 141 194 194 194
P 154 141 194 194 194
P 155 141 194 194 194
P 156 141 195 195 195
P 157 141 195 195 195
P 158 141 195 195 195
P 159 141 195 195 195
P 160 141 196 196 196
P 161 141 196 196 196
P 162 141 196 196 196
P 163 141 196 196 196
P 164 141 197 197 197
P 165 141 197 197 197
P 166 141 197 197 197
P 167 141 197 197 197
P 168 141 198 198 198
P 169 141 198 198 198
P 170 141 198 198 198
P 171 141 198 198 198
P 172 141 199 199 199
P 173 141 199 199 199
P 174 141 199 199 199
P 175 141 199 199 199
P 176 141 200 200 200
P 177 141 200 200 200
P 178 141 200 200 200
P 179 141 200 200 200
P 180 141 201 201 201
P 181 141 201 201 201
P 182 141 201 201 201
P 183 141 201 201 201
P 184 141 202 202 202
P 185 141 202 202 202
P 186 141 202 202 202
P 187 141 202 202 202
P 188 141 203 203 203
P 189 141 203 203 203
P 190 141 203 203 203
P 191 141 203 203 203
P 192 141 204 204 204
P 193 141 204 204 204
P 194 141 204 204 204
P 195 141 204 204 204
P 196 141 205 205 205
P 197 141 205 205 205
P 198 141 205 205 205
P 199 141 205 205 205
P 200 141 206 206 206
P 201 141 206 206 206
P 202 141 206 206 206
P 203 141 206 206 206
P 204 141 207 207 207
P 205 141 207 207 207
P 45 142 167 167 167
P 46 142 167 167 167
P 47 142 168 168 168
P 48 142 168 168 168
P 49 142 168 168 168
P 50 142 168 168 168
P 51 142 169 169 169
P 52 142 169 169 169
P 53 142 169 169 169
P 54 142 169 169 169
P 55 142 170 170 170
P 56 142 170 170 170
P 57 142 170 170 170
P 58 142 170 170 170
P 59 142 171 171 171
P 60 142 171 171 171
P 61 142 171 171 171
P 62 142 171 171 171
P 63 142 172 172 172
P 64 142 172 172 172
P 65 142 172 172 172
P 66 142 172 172 172
P 67 142 173 173 173
P 68 142 173 173 173
P 69 142 173 173 173
P 70 142 173 173 173
P 71 142 174 174 174
P 72 142 174 174 174
P 73 142 174 174 174
P 74 142 174 174 174
P 75 142 175 175 175
P 76 142 175 175 175
P 77 142 175 175 175
P 78 142 175 175 175
P 79 142 176 176 176
P 80 142 176 176 176
P 81 142 176 176 176
P 82 142 176 176 176
P 83 142 177 177 177
P 84 142 177 177 177
P 85 142 177 177 177
P 86 142 177 177 177
P 87 142 178 178 178
P 88 142 178 178 178
P 89 142 178 178 178
P 90 142 178 178 178
P 91 142 179 179 179
P 92 142 179 179 179
P 93 142 179 179 179
P 94 142 179 179 179
P 95 142 180 180 180
P 96 142 180 180 180
P 97 142 180 180 180
P 98 142 180 180 180
P 99 142 181 181 181
P 100 142 181 181 181
P 101 142 181 181 181
P 102 142 181 181 181
P 103 142 182 182 182
P 104 142 182 182 182
P 105 142 182 182 182
P 106 142 182 182 182
P 107 142 183 183 183
P 108 142 183 183 183
P 109 142 183 183 183
P 110 142 183 183 183
P 111 142 184 184 184
P 112 142 184 184 184
P 113 142 184 184 184
P 114 142 184 184 184
P 115 142 185 185 185
P 116 142 185 185 185
P 117 142 185 185 185
P 118 142 185 185 185
P 119 142 186 186 186
P 120 142 186 186 186
P 121 142 186 186 186
P 122 142 186 186 186
P 123 142 187 187 187
P 124 142 187 187 187
P 125 142 187 187 187
P 126 142 187 187 187
P 127 142 188 188 188
P 128 142 188 188 188
P 129 142 188 188 188
P 130 142 188 188 188
P 131 142 189 189 189
P 132 142 189 189 189
P 133 142 189 189 189
P 134 142 189 189 189
P 135 142 190 190 190
P 136 142 190 190 190
P 137 142 190 190 190
P 138 142 190 190 190
P 139 142 191 191 191
P 140 142 191 191 191
P 141 142 191 191 191
P 142 142 191 191 191
P 143 142 192 192 192
P 144 142 192 192 192
P 145 142 192 192 192
P 146 142 192 192 192
P 147 142 193 193 193
P 148 142 193 193 193
P 149 142 193 193 193
P 150 142 193 193 193
P 151 142 194 194 194
P 152 142 194 194 194
P 153 142 194 194 194
P 154 142 194 194 194
P 155 142 195 195 195
P 156 142 195 195 195
P 157 142 195 195 195
P 158 142 195 195 195
P 159 142 196 196 196
P 160 142 196 196 196
P 161 142 196 196 196
P 162 142 196 196 196
P 163 142 197 197 197
P 164 142 197 197 197
P 165 142 197 197 197
P 166 142 197 197 197
P 167 142 198 198 198
P 168 142 198 198 198
P 169 142 198 198 198
P 170 142 198 198 198
P 171 142 199 199 199
P 172 142 199 199 199
P 173 142 199 199 199
P 174 142 199 199 199
P 175 142 200 200 200
P 176 142 200 200 200
P 177 142 200 200 200
P 178 142 200 200 200
P 179 142 201 201 201
P 180 142 201 201 201
P 181 142 201 201 201
P 182 142 201 201 201
P 183 142 202 202 202
P 184 142 202 202 202
P 185 142 202 202 202
P 186 142 202 202 202
P 187 142 203 203 203
P 188 142 203 203 203
P 189 142 203 203 203
P 190 142 203 203 203
P 191 142 204 204 204
P 192 142 204 204 204
P 193 142 204 204 204
P 194 142 204 204 204
P 195 142 205 205 205
P 196 142 205 205 205
P 197 142 205 205 205
P 198 142 205 205 205
P 199 142 206 206 206
P 200 142 206 206 206
P 201 142 206 206 206
P 202 142 206 206 206
P 203 142 207 207 207
P 204 142 207 207 207
P 205 142 207 207 207
P 46 143 168 168 168
P 47 143 168 168 168
P 48 143 168 168 168
P 49 143 168 168 168
P 50 143 169 169 169
P 51 143 169 169 169
P 52 143 169 169 169
P 53 143 169 169 169
P 54 143 170 170 170
P 55 143 170 170 170
P 56 143 170 170 170
P 57 143 170 170 170
P 58 143 171 171 171
P 59 143 171 171 171
P 60 143 171 171 171
P 61 143 171 171 171
P 62 143 172 172 172
P 63 143 172 172 172
P 64 143 172 172 172
P 65 143 172 172 172
P 66 143 173 173 173
P 67 143 173 173 173
P 68 143 173 173 173
P 69 143 173 173 173
P 70 143 174 174 174
P 71 143 174 174 174
P 72 143 174 174 174
P 73 143 174 174 174
P 74 143 175 175 175
P 75 143 175 175 175
P 76 143 175 175 175
P 77 143 175 175 175
P 78 143 176 176 176
P 79 143 176 176 176
P 80 143 176 176 176
P 81 143 176 176 176
P 82 143 177 177 177
P 83 143 177 177 177
P 84 143 177 177 177
P 85 143 177 177 177
P 86 143 178 178 178
P 87 143 178 178 178
P 88 143 178 178 178
P 89 143 178 178 178
P 90 143 179 179 179
P 91 143 179 179 179
P 92 143 179 179 179
P 93 143 179 179 179
P 94 143 180 180 180
P 95 143 180 180 180
P 96 143 180 180 180
P 97 143 180 180 180
P 98 143 181 181 181
P 99 143 181 181 181
P 100 143 181 181 181
P 101 143 181 181 181
P 102 143 182 182 182
P 103 143 182 182 182
P 104 143 182 182 182
P 105 143 182 182 182
P 106 143 183 183 183
P 107 143 183 183 183
P 108 143 183 183 183
P 109 143 183 183 183
P 110 143 184 184 184
P 111 143 184 184 184
P 112 143 184 184 184
P 113 143 184 184 184
P 114 143 185 185 185
P 115 143 185 185 185
P 116 143 185 185 185
P 117 143 185 185 185
P 118 143 186 186 186
P 119 143 186 186 186
P 120 143 186 186 186
P 121 143 186 186 186
P 122 143 187 187 187
P 123 143 187 187 187
P 124 143 187 187 187
P 125 143 187 187 187
P 126 143 188 188 188
P 127 143 188 188 188
P 128 143 188 188 188
P 129 143 188 188 188
P 130 143 189 189 189
P 131 143 189 189 189
P 132 143 189 189 189
P 133 143 189 189 189
P 134 143 190 190 190
P 135 143 190 190 190
P 136 143 190 190 190
P 137 143 190 190 190
P 138 143 191 191 191
P 139 143 191 191 191
P 140 143 191 191 191
P 141 143 191 191 191
P 142 143 192 192 192
P 143 143 192 192 192
P 144 143 192 192 192
P 145 143 192 192 192
P 146 143 193 193 193
P 147 143 193 193 193
P 148 143 193 193 193
P 149 143 193 193 193
P 150 143 194 194 194
P 151 143 194 194 194
P 152 143 194 194 194
P 153 143 194 194 194
P 154 143 195 195 195
P 155 143 195 195 195
P 156 143 195 195 195
P 157 143 195 195 195
P 158 143 196 196 196
P 159 143 196 196 196
P 160 143 196 196 196
P 161 143 196 196 196
P 162 143 197 197 197
P 163 143 197 197 197
P 164 143 197 197 197
P 165 143 197 197 197
P 166 143 198 198 198
P 167 143 198 198 198
P 168 143 198 198 198
P 169 143 198 198 198
P 170 143 199 199 199
P 171 143 199 199 199
P 172 143 199 199 199
P 173 143 199 199 199
P 174 143 200 200 200
P 175 143 200 200 200
P 176 143 200 200 200
P 177 143 200 200 200
P 178 143 201 201 201
P 179 143 201 201 201
P 180 143 201 201 201
P 181 143 201 201 201
P 182 143 202 202 202
P 183 143 202 202 202
P 184 143 202 202 202
P 185 143 202 202 202
P 186 143 203 203 203
P 187 143 203 203 203
P 188 143 203 203 203
P 189 143 203 203 203
P 190 143 204 204 204
P 191 143 204 204 204
P 192 143 204 204 204
P 193 143 204 204 204
P 194 143 205 205 205
P 195 143 205 205 205
P 196 143 205 205 205
P 197 143 205 205 205
P 198 143 206 206 206
P 199 143 206 206 206
P 200 143 206 206 206
P 201 143 206 206 206
P 202 143 207 207 207
P 203 143 207 207 207
P 204 143 207 207 207
P 205 143 207 207 207
P 46 144 168 168 168
P 47 144 168 168 168
P 48 144 168 168 168
P 49 144 169 169 169
P 50 144 169 169 169
P 51 144 169 169 169
P 52 144 169 169 169
P 53 144 170 170 170
P 54 144 170 170 170
P 55 144 170 170 170
P 56 144 170 170 170
P 57 144 171 171 171
P 58 144 171 171 171
P 59 144 171 171 171
P 60 144 171 171 171
P 61 144 172 172 172
P 62 144 172 172 172
P 63 144 172 172 172
P 64 144 172 172 172
P 65 144 173 173 173
P 66 144 173 173 173
P 67 144 173 173 173
P 68 144 173 173 173
P 69 144 174 174 174
P 70 144 174 174 174
P 71 144 174 174 174
P 72 144 174 174 174
P 73 144 175 175 175
P 74 144 175 175 175
P 75 144 175 175 175
P 76 144 175 175 175
P 77 144 176 176 176
P 78 144 176 176 176
P 79 144 176 176 176
P 80 144 176 176 176
P 81 144 177 177 177
P 82 144 177 177 177
P 83 144 177 177 177
P 84 144 177 177 177
P 85 144 178 178 178
P 86 144 178 178 178
P 87 144 178 178 178
P 88 144 178 178 178
P 89 144 179 179 179
P 90 144 179 179 179
P 91 144 179 179 179
P 92 144 179 179 179
P 93 144 180 180 180
P 94 144 180 180 180
P 95 144 180 180 180
P 96 144 180 180 180
P 97 144 181 181 181
P 98 144 181 181 181
P 99 144 181 181 181
P 100 144 181 181 181
P 101 144 182 182 182
P 102 144 182 182 182
P 103 144 182 182 182
P 104 144 182 182 182
P 105 144 183 183 183
P 106 144 183 183 183
P 107 144 183 183 183
P 108 144 183 183 183
P 109 144 184 184 184
P 110 144 184 184 184
P 111 144 184 184 184
P 112 144 184 184 184
P 113 144 185 185 185
P 114 144 185 185 185
P 115 144 185 185 185
P 116 144 185 185 185
P 117 144 186 186 186
P 118 144 186 186 186
P 119 144 186 186 186
P 120 144 186 186 186
P 121 144 187 187 187
P 122 144 187 187 187
P 123 144 187 187 187
P 124 144 187 187 187
P 125 144 188 188 188
P 126 144 188 188 188
P 127 144 188 188 188
P 128 144 188 188 188
P 129 144 189 189 189
P 130 144 189 189 189
P 131 144 189 189 189
P 132 144 189 189 189
P 133 144 190 190 190
P 134 144 190 190 190
P 135 144 190 190 190
P 136 144 190 190 190
P 137 144 191 191 191
P 138 144 191 191 191
P 139 144 191 191 191
P 140 144 191 191 191
P 141 144 192 192 192
P 142 144 192 192 192
P 143 144 192 192 192
P 144 144 192 192 192
P 145 144 193 193 193
P 146 144 193 193 193
P 147 144 193 193 193
P 148 144 193 193 193
P 149 144 194 194 194
P 150 144 194 194 194
P 151 144 194 194 194
P 152 144 194 194 194
P 153 144 195 195 195
P 154 144 195 195 195
P 155 144 195 195 195
P 156 144 195 195 195
P 157 144 196 196 196
P 158 144 196 196 196
P 159 144 196 196 196
P 160 144 196 196 196
P 161 144 197 197 197
P 162 144 197 197 197
P 163 144 197 197 197
P 164 144 197 197 197
P 165 144 198 198 198
P 166 144 198 198 198
P 167 144 198 198 198
P 168 144 198 198 198
P 169 144 199 199 199
P 170 144 199 199 199
P 171 144 199 199 199
P 172 144 199 199 199
P 173 144 200 200 200
P 174 144 200 200 200
P 175 144 200 200 200
P 176 144 200 200 200
P 177 144 201 201 201
P 178 144 201 201 201
P 179 144 201 201 201
P 180 144 201 201 201
P 181 144 202 202 202
P 182 144 202 202 202
P 183 144 202 202 202
P 184 144 202 202 202
P 185 144 203 203 203
P 186 144 203 203 203
P 187 144 203 203 203
P 188 144 203 203 203
P 189 144 204 204 204
P 190 144 204 204 204
P 191 144 204 204 204
P 192 144 204 204 204
P 193 144 205 205 205
P 194 144 205 205 205
P 195 144 205 205 205
P 196 144 205 205 205
P 197 144 206 206 206
P 198 144 206 206 206
P 199 144 206 206 206
P 200 144 206 206 206
P 201 144 207 207 207
P 202 144 207 207 207
P 203 144 207 207 207
P 204 144 207 207 207
P 205 144 208 208 208
P 46 145 168 168 168
P 47 145 168 168 168
P 48 145 169 169 169
P 49 145 169 169 169
P 50 145 169 169 169
P 51 145 169 169 169
P 52 145 170 170 170
P 53 145 170 170 170
P 54 145 170 170 170
P 55 145 170 170 170
P 56 145 171 171 171
P 57 145 171 171 171
P 58 145 171 171 171
P 59 145 171 171 171
P 60 145 172 172 172
P 61 145 172 172 172
P 62 145 172 172 172
P 63 145 172 172 172
P 64 145 173 173 173
P 65 145 173 173 173
P 66 145 173 173 173
P 67 145 173 173 173
P 68 145 174 174 174
P 69 145 174 174 174
P 70 145 174 174 174
P 71 145 174 174 174
P 72 145 175 175 175
P 73 145 175 175 175
P 74 145 175 175 175
P 75 145 175 175 175
P 76 145 176 176 176
P 77 145 176 176 176
P 78 145 176 176 176
P 79 145 176 176 176
P 80 145 177 177 177
P 81 145 177 177 177
P 82 145 177 177 177
P 83 145 177 177 177
P 84 145 178 178 178
P 85 145 178 178 178
P 86 145 178 178 178
P 87 145 178 178 178
P 88 145 179 179 179
P 89 145 179 179 179
P 90 145 179 179 179
P 91 145 179 179 179
P 92 145 180 180 180
P 93 145 180 180 180
P 94 145 180 180 180
P 95 145 180 180 180
P 96 145 181 181 181
P 97 145 181 181 181
P 98 145 181 181 181
P 99 145 181 181 181
P 100 145 182 182 182
P 101 145 182 182 182
P 102 145 182 182 182
P 103 145 182 182 182
P 104 145 183 183 183
P 105 145 183 183 183
P 106 145 183 183 183
P 107 145 183 183 183
P 108 145 184 184 184
P 109 145 184 184 184
P 110 145 184 184 184
P 111 145 184 184 184
P 112 145 185 185 185
P 113 145 185 185 185
P 114 145 185 185 185
P 115 145 185 185 185
P 116 145 186 186 186
P 117 145 186 186 186
P 118 145 186 186 186
P 119 145 186 186 186
P 120 145 187 187 187
P 121 145 187 187 187
P 122 145 187 187 187
P 123 145 187 187 187
P 124 145 188 188 188
P 125 145 188 188 188
P 126 145 188 188 188
P 127 145 188 188 188
P 128 145 189 189 189
P 129 145 189 189 189
P 130 145 189 189 189
P 131 145 189 189 189
P 132 145 190 190 190
P 133 145 190 190 190
P 134 145 190 190 190
P 135 145 190 190 190
P 136 145 191 191 191
P 137 145 191 191 191
P 138 145 191 191 191
P 139 145 191 191 191
P 140 145 192 192 192
P 141 145 192 192 192
P 142 145 192 192 192
P 143 145 192 192 192
P 144 145 193 193 193
P 145 145 193 193 193
P 146 145 193 193 193
P 147 145 193 193 193
P 148 145 194 194 194
P 149 145 194 194 194
P 150 145 194 194 194
P 151 145 194 194 194
P 152 145 195 195 195
P 153 145 195 195 195
P 154 145 195 195 195
P 155 145 195 195 195
P 156 145 196 196 196
P 157 145 196 196 196
P 158 145 196 196 196
P 159 145 196 196 196
P 160 145 197 197 197
P 161 145 197 197 197
P 162 145 197 197 197
P 163 145 197 197 197
P 164 145 198 198 198
P 165 145 198 198 198
P 166 145 198 198 198
P 167 145 198 198 198
P 168 145 199 199 199
P 169 145 199 199 199
P 170 145 199 199 199
P 171 145 199 199 199
P 172 145 200 200 200
P 173 145 200 200 200
P 174 145 200 200 200
P 175 145 200 200 200
P 176 145 201 201 201
P 177 145 201 201 201
P 178 145 201 201 201
P 179 145 201 201 201
P 180 145 202 202 202
P 181 145 202 202 202
P 182 145 202 202 202
P 183 145 202 202 202
P 184 145 203 203 203
P 185 145 203 203 203
P 186 145 203 203 203
P 187 145 203 203 203
P 188 145 204 204 204
P 189 145 204 204 204
P 190 145 204 204 204
P 191 145 204 204 204
P 192 145 205 205 205
P 193 145 205 205 205
P 194 145 205 205 205
P 195 145 205 205 205
P 196 145 206 206 206
P 197 145 206 206 206
P 198 145 206 206 206
P 199 145 206 206 206
P 200 145 207 207 207
P 201 145 207 207 207
P 202 145 207 207 207
P 203 145 207 207 207
P 204 145 208 208 208
P 205 145 208 208 208
P 46 146 168 168 168
P 47 146 169 169 169
P 48 146 169 169 169
P 49 146 169 169 169
P 50 146 169 169 169
P 51 146 170 170 170
P 52 146 170 170 170
P 53 146 170 170 170
P 54 146 170 170 170
P 55 146 171 171 171
P 56 146 171 171 171
P 57 146 171 171 171
P 58 146 171 171 171
P 59 146 172 172 172
P 60 146 172 172 172
P 61 146 172 172 172
P 62 146 172 172 172
P 63 146 173 173 173
P 64 146 173 173 173
P 65 146 173 173 173
P 66 146 173 173 173
P 67 146 174 174 174
P 68 146 174 174 174
P 69 146 174 174 174
P 70 146 174 174 174
P 71 146 175 175 175
P 72 146 175 175 175
P 73 146 175 175 175
P 74 146 175 175 175
P 75 146 176 176 176
P 76 146 176 176 176
P 77 146 176 176 176
P 78 146 176 176 176
P 79 146 177 177 177
P 80 146 177 177 177
P 81 146 177 177 177
P 82 146 177 177 177
P 83 146 178 178 178
P 84 146 178 178 178
P 85 146 178 178 178
P 86 146 178 178 178
P 87 146 179 179 179
P 88 146 179 179 179
P 89 146 179 179 179
P 90 146 179 179 179
P 91 146 180 180 180
P 92 146 180 180 180
P 93 146 180 180 180
P 94 146 180 180 180
P 95 146 181 181 181
P 96 146 181 181 181
P 97 146 181 181 181
P 98 146 181 181 181
P 99 146 182 182 182
P 100 146 182 182 182
P 101 146 182 182 182
P 102 146 182 182 182
P 103 146 183 183 183
P 104 146 183 183 183
P 105 146 183 183 183
P 106 146 183 183 183
P 107 146 184 184 184
P 108 146 184 184 184
P 109 146 184 184 184
P 110 146 184 184 184
P 111 146 185 185 185
P 112 146 185 185 185
P 113 146 185 185 185
P 114 146 185 185 185
P 115 146 186 186 186
P 116 146 186 186 186
P 117 146 186 186 186
P 118 146 186 186 186
P 119 146 187 187 187
P 120 146 187 187 187
P 121 146 187 187 187
P 122 146 187 187 187
P 123 146 188 188 188
P 124 146 188 188 188
P 125 146 188 188 188
P 126 146 188 188 188
P 127 146 189 189 189
P 128 146 189 189 189
P 129 146 189 189 189
P 130 146 189 189 189
P 131 146 190 190 190
P 132 146 190 190 190
P 133 146 190 190 190
P 134 146 190 190 190
P 135 146 191 191 191
P 136 146 191 191 191
P 137 146 191 191 191
P 138 146 191 191 191
P 139 146 192 192 192
P 140 146 192 192 192
P 141 146 192 192 192
P 142 146 192 192 192
P 143 146 193 193 193
P 144 146 193 193 193
P 145 146 193 193 193
P 146 146 193 193 193
P 147 146 194 194 194
P 148 146 194 194 194
P 149 146 194 194 194
P 150 146 194 194 194
P 151 146 195 195 195
P 152 146 195 195 195
P 153 146 195 195 195
P 154 146 195 195 195
P 155 146 196 196 196
P 156 146 196 196 196
P 157 146 196 196 196
P 158 146 196 196 196
P 159 146 197 197 197
P 160 146 197 197 197
P 161 146 197 197 197
P 162 146 197 197 197
P 163 146 198 198 198
P 164 146 198 198 198
P 165 146 198 198 198
P 166 146 198 198 198
P 167 146 199 199 199
P 168 146 199 199 199
P 169 146 199 199 199
P 170 146 199 199 199
P 171 146 200 200 200
P 172 146 200 200 200
P 173 146 200 200 200
P 174 146 200 200 200
P 175 146 201 201 201
P 176 146 201 201 201
P 177 146 201 201 201
P 178 146 201 201 201
P 179 146 202 202 202
P 180 146 202 202 202
P 181 146 202 202 202
P 182 146 202 202 202
P 183 146 203 203 203
P 184 146 203 203 203
P 185 146 203 203 203
P 186 146 203 203 203
P 187 146 204 204 204
P 188 146 204 204 204
P 189 146 204 204 204
P 190 146 204 204 204
P 191 146 205 205 205
P 192 146 205 205 205
P 193 146 205 205 205
P 194 146 205 205 205
P 195 146 206 206 206
P 196 146 206 206 206
P 197 146 206 206 206
P 198 146 206 206 206
P 199 146 207 207 207
P 200 146 207 207 207
P 201 146 207 207 207
P 202 146 207 207 207
P 203 146 208 208 208
P 204 146 208 208 208
P 205 146 208 208 208
P 46 147 169 169 169
P 47 147 169 169 169
P 48 147 169 169 169
P 49 147 169 169 169
P 50 147 170 170 170
P 51 147 170 170 170
P 52 147 170 170 170
P 53 147 170 170 170
P 54 147 171 171 171
P 55 147 171 171 171
P 56 147 171 171 171
P 57 147 171 171 171
P 58 147 172 172 172
P 59 147 172 172 172
P 60 147 172 172 172
P 61 147 172 172 172
P 62 147 173 173 173
P 63 147 173 173 173
P 64 147 173 173 173
P 65 147 173 173 173
P 66 147 174 174 174
P 67 147 174 174 174
P 68 147 174 174 174
P 69 147 174 174 174
P 70 147 175 175 175
P 71 147 175 175 175
P 72 147 175 175 175
P 73 147 175 175 175
P 74 147 176 176 176
P 75 147 176 176 176
P 76 147 176 176 176
P 77 147 176 176 176
P 78 147 177 177 177
P 79 147 177 177 177
P 80 147 177 177 177
P 81 147 177 177 177
P 82 147 178 178 178
P 83 147 178 178 178
P 84 147 178 178 178
P 85 147 178 178 178
P 86 147 179 179 179
P 87 147 179 179 179
P 88 147 179 179 179
P 89 147 179 179 179
P 90 147 180 180 180
P 91 147 180 180 180
P 92 147 180 180 180
P 93 147 180 180 180
P 94 147 181 181 181
P 95 147 181 181 181
P 96 147 181 181 181
P 97 147 181 181 181
P 98 147 182 182 182
P 99 147 182 182 182
P 100 147 182 182 182
P 101 147 182 182 182
P 102 147 183 183 183
P 103 147 183 183 183
P 104 147 183 183 183
P 105 147 183 183 183
P 106 147 184 184 184
P 107 147 184 184 184
P 108 147 184 184 184
P 109 147 184 184 184
P 110 147 185 185 185
P 111 147 185 185 185
P 112 147 185 185 185
P 113 147 185 185 185
P 114 147 186 186 186
P 115 147 186 186 186
P 116 147 186 186 186
P 117 147 186 186 186
P 118 147 187 187 187
P 119 147 187 187 187
P 120 147 187 187 187
P 121 147 187 187 187
P 122 147 188 188 188
P 123 147 188 188 188
P 124 147 188 188 188
P 125 147 188 188 188
P 126 147 189 189 189
P 127 147 189 189 189
P 128 147 189 189 189
P 129 147 189 189 189
P 130 147 190 190 190
P 131 147 190 190 190
P 132 147 190 190 190
P 133 147 190 190 190
P 134 147 191 191 191
P 135 147 191 191 191
P 136 147 191 191 191
P 137 147 191 191 191
P 138 147 192 192 192
P 139 147 192 192 192
P 140 147 192 192 192
P 141 147 192 192 192
P 142 147 193 193 193
P 143 147 193 193 193
P 144 147 193 193 193
P 145 147 193 193 193
P 146 147 194 194 194
P 147 147 194 194 194
P 148 147 194 194 194
P 149 147 194 194 194
P 150 147 195 195 195
P 151 147 195 195 195
P 152 147 195 195 195
P 153 147 195 195 195
P 154 147 196 196 196
P 155 147 196 196 196
P 156 147 196 196 196
P 157 147 196 196 196
P 158 147 197 197 197
P 159 147 197 197 197
P 160 147 197 197 197
P 161 147 197 197 197
P 162 147 198 198 198
P 163 147 198 198 198
P 164 147 198 198 198
P 165 147 198 198 198
P 166 147 199 199 199
P 167 147 199 199 199
P 168 147 199 199 199
P 169 147 199 199 199
P 170 147 200 200 200
P 171 147 200 200 200
P 172 147 200 200 200
P 173 147 200 200 200
P 174 147 201 201 201
P 175 147 201 201 201
P 176 147 201 201 201
P 177 147 201 201 201
P 178 147 202 202 202
P 179 147 202 202 202
P 180 147 202 202 202
P 181 147 202 202 202
P 182 147 203 203 203
P 183 147 203 203 203
P 184 147 203 203 203
P 185 147 203 203 203
P 186 147 204 204 204
P 187 147 204 204 204
P 188 147 204 204 204
P 189 147 204 204 204
P 190 147 205 205 205
P 191 147 205 205 205
P 192 147 205 205 205
P 193 147 205 205 205
P 194 147 206 206 206
P 195 147 206 206 206
P 196 147 206 206 206
P 197 147 206 206 206
P 198 147 207 207 207
P 199 147 207 207 207
P 200 147 207 207 207
P 201 147 207 207 207
P 202 147 208 208 208
P 203 147 208 208 208
P 204 147 208 208 208
P 205 147 208 208 208
P 46 148 169 169 169
P 47 148 169 169 169
P 48 148 169 169 169
P 49 148 170 170 170
P 50 148 170 170 170
P 51 148 170 170 170
P 52 148 170 170 170
P 53 148 171 171 171
P 54 148 171 171 171
P 55 148 171 171 171
P 56 148 171 171 171
P 57 148 172 172 172
P 58 148 172 172 172
P 59 148 172 172 172
P 60 148 172 172 172
P 61 148 173 173 173
P 62 148 173 173 173
P 63 148 173 173 173
P 64 148 173 173 173
P 65 148 174 174 174
P 66 148 174 174 174
P 67 148 174 174 174
P 68 148 174 174 174
P 69 148 175 175 175
P 70 148 175 175 175
P 71 148 175 175 175
P 72 148 175 175 175
P 73 148 176 176 176
P 74 148 176 176 176
P 75 148 176 176 176
P 76 148 176 176 176
P 77 148 177 177 177
P 78 148 177 177 177
P 79 148 177 177 177
P 80 148 177 177 177
P 81 148 178 178 178
P 82 148 178 178 178
P 83 148 178 178 178
P 84 148 178 178 178
P 85 148 179 179 179
P 86 148 179 179 179
P 87 148 179 179 179
P 88 148 179 179 179
P 89 148 180 180 180
P 90 148 180 180 180
P 91 148 180 180 180
P 92 148 180 180 180
P 93 148 181 181 181
P 94 148 181 181 181
P 95 148 181 181 181
P 96 148 181 181 181
P 97 148 182 182 182
P 98 148 182 182 182
P 99 148 182 182 182
P 100 148 182 182 182
P 101 148 183 183 183
P 102 148 183 183 183
P 103 148 183 183 183
P 104 148 183 183 183
P 105 148 184 184 184
P 106 148 184 184 184
P 107 148 184 184 184
P 108 148 184 184 184
P 109 148 185 185 185
P 110 148 185 185 185
P 111 148 185 185 185
P 112 148 185 185 185
P 113 148 186 186 186
P 114 148 186 186 186
P 115 148 186 186 186
P 116 148 186 186 186
P 117 148 187 187 187
P 118 148 187 187 187
P 119 148 187 187 187
P 120 148 187 187 187
P 121 148 188 188 188
P 122 148 188 188 188
P 123 148 188 188 188
P 124 148 188 188 188
P 125 148 189 189 189
P 126 148 189 189 189
P 127 148 189 189 189
P 128 148 189 189 189
P 129 148 190 190 190
P 130 148 190 190 190
P 131 148 190 190 190
P 132 148 190 190 190
P 133 148 191 191 191
P 134 148 191 191 191
P 135 148 191 191 191
P 136 148 191 191 191
P 137 148 192 192 192
P 138 148 192 192 192
P 139 148 192 192 192
P 140 148 192 192 192
P 141 148 193 193 193
P 142 148 193 193 193
P 143 148 193 193 193
P 144 148 193 193 193
P 145 148 194 194 194
P 146 148 194 194 194
P 147 148 194 194 194
P 148 148 194 194 194
P 149 148 195 195 195
P 150 148 195 195 195
P 151 148 195 195 195
P 152 148 195 195 195
P 153 148 196 196 196
P 154 148 196 196 196
P 155 148 196 196 196
P 156 148 196 196 196
P 157 148 197 197 197
P 158 148 197 197 197
P 159 148 197 197 197
P 160 148 197 197 197
P 161 148 198 198 198
P 162 148 198 198 198
P 163 148 198 198 198
P 164 148 198 198 198
P 165 148 199 199 199
P 166 148 199 199 199
P 167 148 199 199 199
P 168 148 199 199 199
P 169 148 200 200 200
P 170 148 200 200 200
P 171 148 200 200 200
P 172 148 200 200 200
P 173 148 201 201 201
P 174 148 201 201 201
P 175 148 201 201 201
P 176 148 201 201 201
P 177 148 202 202 202
P 178 148 202 202 202
P 179 148 202 202 202
P 180 148 202 202 202
P 181 148 203 203 203
P 182 148 203 203 203
P 183 148 203 203 203
P 184 148 203 203 203
P 185 148 204 204 204
P 186 148 204 204 204
P 187 148 204 204 204
P 188 148 204 204 204
P 189 148 205 205 205
P 190 148 205 205 205
P 191 148 205 205 205
P 192 148 205 205 205
P 193 148 206 206 206
P 194 148 206 206 206
P 195 148 206 206 206
P 196 148 206 206 206
P 197 148 207 207 207
P 198 148 207 207 207
P 199 148 207 207 207
P 200 148 207 207 207
P 201 148 208 208 208
P 202 148 208 208 208
P 203 148 208 208 208
P 204 148 208 208 208
P 205 148 209 209 209
P 46 149 169 169 169
P 47 149 169 169 169
P 48 149 170 170 170
P 49 149 170 170 170
P 50 149 170 170 170
P 51 149 170 170 170
P 52 149 171 171 171
P 53 149 171 171 171
P 54 149 171 171 171
P 55 149 171 171 171
P 56 149 172 172 172
P 57 149 172 172 172
P 58 149 172 172 172
P 59 149 172 172 172
P 60 149 173 173 173
P 61 149 173 173 173
P 62 149 173 173 173
P 63 149 173 173 173
P 64 149 174 174 174
P 65 149 174 174 174
P 66 149 174 174 174
P 67 149 174 174 174
P 68 149 175 175 175
P 69 149 175 175 175
P 70 149 175 175 175
P 71 149 175 175 175
P 72 149 176 176 176
P 73 149 176 176 176
P 74 149 176 176 176
P 75 149 176 176 176
P 76 149 177 177 177
P 77 149 177 177 177
P 78 149 177 177 177
P 79 149 177 177 177
P 80 149 178 178 178
P 81 149 178 178 178
P 82 149 178 178 178
P 83 149 178 178 178
P 84 149 179 179 179
P 85 149 179 179 179
P 86 149 179 179 179
P 87 149 179 179 179
P 88 149 180 180 180
P 89 149 180 180 180
P 90 149 180 180 180
P 91 149 180 180 180
P 92 149 181 181 181
P 93 149 181 181 181
P 94 149 181 181 181
P 95 149 181 181 181
P 96 149 182 182 182
P 97 149 182 182 182
P 98 149 182 182 182
P 99 149 182 182 182
P 100 149 183 183 183
P 101 149 183 183 183
P 102 149 183 183 183
P 103 149 183 183 183
P 104 149 184 184 184
P 105 149 184 184 184
P 106 149 184 184 184
P 107 149 184 184 184
P 108 149 185 185 185
P 109 149 185 185 185
P 110 149 185 185 185
P 111 149 185 185 185
P 112 149 186 186 186
P 113 149 186 186 186
P 114 149 186 186 186
P 115 149 186 186 186
P 116 149 187 187 187
P 117 149 187 187 187
P 118 149 187 187 187
P 119 149 187 187 187
P 120 149 188 188 188
P 121 149 188 188 188
P 122 149 188 188 188
P 123 149 188 188 188
P 124 149 189 189 189
P 125 149 189 189 189
P 126 149 189 189 189
P 127 149 189 189 189
P 128 149 190 190 190
P 129 149 190 190 190
P 130 149 190 190 190
P 131 149 190 190 190
P 132 149 191 191 191
P 133 149 191 191 191
P 134 149 191 191 191
P 135 149 191 191 191
P 136 149 192 192 192
P 137 149 192 192 192
P 138 149 192 192 192
P 139 149 192 192 192
P 140 149 193 193 193
P 141 149 193 193 193
P 142 149 193 193 193
P 143 149 193 193 193
P 144 149 194 194 194
P 145 149 194 194 194
P 146 149 194 194 194
P 147 149 194 194 194
P 148 149 195 195 195
P 149 149 195 195 195
P 150 149 195 195 195
P 151 149 195 195 195
P 152 149 196 196 196
P 153 149 196 196 196
P 154 149 196 196 196
P 155 149 196 196 196
P 156 149 197 197 197
P 157 149 197 197 197
P 158 149 197 197 197
P 159 149 197 197 197
P 160 149 198 198 198
P 161 149 198 198 198
P 162 149 198 198 198
P 163 149 198 198 198
P 164 149 199 199 199
P 165 149 199 199 199
P 166 149 199 199 199
P 167 149 199 199 199
P 168 149 200 200 200
P 169 149 200 200 200
P 170 149 200 200 200
P 171 149 200 200 200
P 172 149 201 201 201
P 173 149 201 201 201
P 174 149 201 201 201
P 175 149 201 201 201
P 176 149 202 202 202
P 177 149 202 202 202
P 178 149 202 202 202
P 179 149 202 202 202
P 180 149 203 203 203
P 181 149 203 203 203
P 182 149 203 203 203
P 183 149 203 203 203
P 184 149 204 204 204
P 185 149 204 204 204
P 186 149 204 204 204
P 187 149 204 204 204
P 188 149 205 205 205
P 189 149 205 205 205
P 190 149 205 205 205
P 191 149 205 205 205
P 192 149 206 206 206
P 193 149 206 206 206
P 194 149 206 206 206
P 195 149 206 206 206
P 196 149 207 207 207
P 197 149 207 207 207
P 198 149 207 207 207
P 199 149 207 207 207
P 200 149 208 208 208
P 201 149 208 208 208
P 202 149 208 208 208
P 203 149 208 208 208
P 204 149 209 209 209
P 205 149 209 209 209
P 46 150 169 169 169
P 47 150 170 170 170
P 48 150 170 170 170
P 49 150 170 170 170
P 50 150 170 170 170
P 51 150 171 171 171
P 52 150 171 171 171
P 53 150 171 171 171
P 54 150 171 171 171
P 55 150 172 172 172
P 56 150 172 172 172
P 57 150 172 172 172
P 58 150 172 172 172
P 59 150 173 173 173
P 60 150 173 173 173
P 61 150 173 173 173
P 62 150 173 173 173
P 63 150 174 174 174
P 64 150 174 174 174
P 65 150 174 174 174
P 66 150 174 174 174
P 67 150 175 175 175
P 68 150 175 175 175
P 69 150 175 175 175
P 70 150 175 175 175
P 71 150 176 176 176
P 72 150 176 176 176
P 73 150 176 176 176
P 74 150 176 176 176
P 75 150 177 177 177
P 76 150 177 177 177
P 77 150 177 177 177
P 78 150 177 177 177
P 79 150 178 178 178
P 80 150 178 178 178
P 81 150 178 178 178
P 82 150 178 178 178
P 83 150 179 179 179
P 84 150 179 179 179
P 85 150 179 179 179
P 86 150 179 179 179
P 87 150 180 180 180
P 88 150 180 180 180
P 89 150 180 180 180
P 90 150 180 180 180
P 91 150 181 181 181
P 92 150 181 181 181
P 93 150 181 181 181
P 94 150 181 181 181
P 95 150 182 182 182
P 96 150 182 182 182
P 97 150 182 182 182
P 98 150 182 182 182
P 99 150 183 183 183
P 100 150 183 183 183
P 101 150 183 183 183
P 102 150 183 183 183
P 103 150 184 184 184
P 104 150 184 184 184
P 105 150 184 184 184
P 106 150 184 184 184
P 107 150 185 185 185
P 108 150 185 185 185
P 109 150 185 185 185
P 110 150 185 185 185
P 111 150 186 186 186
P 112 150 186 186 186
P 113 150 186 186 186
P 114 150 186 186 186
P 115 150 187 187 187
P 116 150 187 187 187
P 117 150 187 187 187
P 118 150 187 187 187
P 119 150 188 188 188
P 120 150 188 188 188
P 121 150 188 188 188
P 122 150 188 188 188
P 123 150 189 189 189
P 124 150 189 189 189
P 125 150 189 189 189
P 126 150 189 189 189
P 127 150 190 190 190
P 128 150 190 190 190
P 129 150 190 190 190
P 130 150 190 190 190
P 131 150 191 191 191
P 132 150 191 191 191
P 133 150 191 191 191
P 134 150 191 191 191
P 135 150 192 192 192
P 136 150 192 192 192
P 137 150 192 192 192
P 138 150 192 192 192
P 139 150 193 193 193
P 140 150 193 193 193
P 141 150 193 193 193
P 142 150 193 193 193
P 143 150 194 194 194
P 144 150 194 194 194
P 145 150 194 194 194
P 146 150 194 194 194
P 147 150 195 195 195
P 148 150 195 195 195
P 149 150 195 195 195
P 150 150 195 195 195
P 151 150 196 196 196
P 152 150 196 196 196
P 153 150 196 196 196
P 154 150 196 196 196
P 155 150 197 197 197
P 156 150 197 197 197
P 157 150 197 197 197
P 158 150 197 197 197
P 159 150 198 198 198
P 160 150 198 198 198
P 161 150 198 198 198
P 162 150 198 198 198
P 163 150 199 199 199
P 164 150 199 199 199
P 165 150 199 199 199
P 166 150 199 199 199
P 167 150 200 200 200
P 168 150 200 200 200
P 169 150 200 200 200
P 170 150 200 200 200
P 171 150 201 201 201
P 172 150 201 201 201
P 173 150 201 201 201
P 174 150 201 201 201
P 175 150 202 202 202
P 176 150 202 202 202
P 177 150 202 202 202
P 178 150 202 202 202
P 179 150 203 203 203
P 180 150 203 203 203
P 181 150 203 203 203
P 182 150 203 203 203
P 183 150 204 204 204
P 184 150 204 204 204
P 185 150 204 204 204
P 186 150 204 204 204
P 187 150 205 205 205
P 188 150 205 205 205
P 189 150 205 205 205
P 190 150 205 205 205
P 191 150 206 206 206
P 192 150 206 206 206
P 193 150 206 206 206
P 194 150 206 206 206
P 195 150 207 207 207
P 196 150 207 207 207
P 197 150 207 207 207
P 198 150 207 207 207
P 199 150 208 208 208
P 200 150 208 208 208
P 201 150 208 208 208
P 202 150 208 208 208
P 203 150 209 209 209
P 204 150 209 209 209
P 205 150 209 209 209
P 46 151 170 170 170
P 47 151 170 170 170
P 48 151 170 170 170
P 49 151 170 170 170
P 50 151 171 171 171
P 51 151 171 171 171
P 52 151 171 171 171
P 53 151 171 171 171
P 54 151 172 172 172
P 55 151 172 172 172
P 56 151 172 172 172
P 57 151 172 172 172
P 58 151 173 173 173
P 59 151 173 173 173
P 60 151 173 173 173
P 61 151 173 173 173
P 62 151 174 174 174
P 63 151 174 174 174
P 64 151 174 174 174
P 65 151 174 174 174
P 66 151 175 175 175
P 67 151 175 175 175
P 68 151 175 175 175
P 69 151 175 175 175
P 70 151 176 176 176
P 71 151 176 176 176
P 72 151 176 176 176
P 73 151 176 176 176
P 74 151 177 177 177
P 75 151 177 177 177
P 76 151 177 177 177
P 77 151 177 177 177
P 78 151 178 178 178
P 79 151 178 178 178
P 80 151 178 178 178
P 81 151 178 178 178
P 82 151 179 179 179
P 83 151 179 179 179
P 84 151 179 179 179
P 85 151 179 179 179
P 86 151 180 180 180
P 87 151 180 180 180
P 88 151 180 180 180
P 89 151 180 180 180
P 90 151 181 181 181
P 91 151 181 181 181
P 92 151 181 181 181
P 93 151 181 181 181
P 94 151 182 182 182
P 95 151 182 182 182
P 96 151 182 182 182
P 97 151 182 182 182
P 98 151 183 183 183
P 99 151 183 183 183
P 100 151 183 183 183
P 101 151 183 183 183
P 102 151 184 184 184
P 103 151 184 184 184
P 104 151 184 184 184
P 105 151 184 184 184
P 106 151 185 185 185
P 107 151 185 185 185
P 108 151 185 185 185
P 109 151 185 185 185
P 110 151 186 186 186
P 111 151 186 186 186
P 112 151 186 186 186
P 113 151 186 186 186
P 114 151 187 187 187
P 115 151 187 187 187
P 116 151 187 187 187
P 117 151 187 187 187
P 118 151 188 188 188
P 119 151 188 188 188
P 120 151 188 188 188
P 121 151 188 188 188
P 122 151 189 189 189
P 123 151 189 189 189
P 124 151 189 189 189
P 125 151 189 189 189
P 126 151 190 190 190
P 127 151 190 190 190
P 128 151 190 190 190
P 129 151 190 190 190
P 130 151 191 191 191
P 131 151 191 191 191
P 132 151 191 191 191
P 133 151 191 191 191
P 134 151 192 192 192
P 135 151 192 192 192
P 136 151 192 192 192
P 137 151 192 192 192
P 138 151 193 193 193
P 139 151 193 193 193
P 140 151 193 193 193
P 141 151 193 193 193
P 142 151 194 194 194
P 143 151 194 194 194
P 144 151 194 194 194
P 145 151 194 194 194
P 146 151 195 195 195
P 147 151 195 195 195
P 148 151 195 195 195
P 149 151 195 195 195
P 150 151 196 196 196
P 151 151 196 196 196
P 152 151 196 196 196
P 153 151 196 196 196
P 154 151 197 197 197
P 155 151 197 197 197
P 156 151 197 197 197
P 157 151 197 197 197
P 158 151 198 198 198
P 159 151 198 198 198
P 160 151 198 198 198
P 161 151 198 198 198
P 162 151 199 199 199
P 163 151 199 199 199
P 164 151 199 199 199
P 165 151 199 199 199
P 166 151 200 200 200
P 167 151 200 200 200
P 168 151 200 200 200
P 169 151 200 200 200
P 170 151 201 201 201
P 171 151 201 201 201
P 172 151 201 201 201
P 173 151 201 201 201
P 174 151 202 202 202
P 175 151 202 202 202
P 176 151 202 202 202
P 177 151 202 202 202
P 178 151 203 203 203
P 179 151 203 203 203
P 180 151 203 203 203
P 181 151 203 203 203
P 182 151 204 204 204
P 183 151 204 204 204
P 184 151 204 204 204
P 185 151 204 204 204
P 186 151 205 205 205
P 187 151 205 205 205
P 188 151 205 205 205
P 189 151 205 205 205
P 190 151 206 206 206
P 191 151 206 206 206
P 192 151 206 206 206
P 193 151 206 206 206
P 194 151 207 207 207
P 195 151 207 207 207
P 196 151 207 207 207
P 197 151 207 207 207
P 198 151 208 208 208
P 199 151 208 208 208
P 200 151 208 208 208
P 201 151 208 208 208
P 202 151 209 209 209
P 203 151 209 209 209
P 204 151 209 209 209
P 205 151 209 209 209
P 46 152 170 170 170
P 47 152 170 170 170
P 48 152 170 170 170
P 49 152 171 171 171
P 50 152 171 171 171
P 51 152 171 171 171
P 52 152 171 171 171
P 53 152 172 172 172
P 54 152 172 172 172
P 55 152 172 172 172
P 56 152 172 172 172
P 57 152 173 173 173
P 58 152 173 173 173
P 59 152 173 173 173
P 60 152 173 173 173
P 61 152 174 174 174
P 62 152 174 174 174
P 63 152 174 174 174
P 64 152 174 174 174
P 65 152 175 175 175
P 66 152 175 175 175
P 67 152 175 175 175
P 68 152 175 175 175
P 69 152 176 176 176
P 70 152 176 176 176
P 71 152 176 176 176
P 72 152 176 176 176
P 73 152 177 177 177
P 74 152 177 177 177
P 75 152 177 177 177
P 76 152 177 177 177
P 77 152 178 178 178
P 78 152 178 178 178
P 79 152 178 178 178
P 80 152 178 178 178
P 81 152 179 179 179
P 82 152 179 179 179
P 83 152 179 179 179
P 84 152 179 179 179
P 85 152 180 180 180
P 86 152 180 180 180
P 87 152 180 180 180
P 88 152 180 180 180
P 89 152 181 181 181
P 90 152 181 181 181
P 91 152 181 181 181
P 92 152 181 181 181
P 93 152 182 182 182
P 94 152 182 182 182
P 95 152 182 182 182
P 96 152 182 182 182
P 97 152 183 183 183
P 98 152 183 183 183
P 99 152 183 183 183
P 100 152 183 183 183
P 101 152 184 184 184
P 102 152 184 184 184
P 103 152 184 184 184
P 104 152 184 184 184
P 105 152 185 185 185
P 106 152 185 185 185
P 107 152 185 185 185
P 108 152 185 185 185
P 109 152 186 186 186
P 110 152 186 186 186
P 111 152 186 186 186
P 112 152 186 186 186
P 113 152 187 187 187
P 114 152 187 187 187
P 115 152 187 187 187
P 116 152 187 187 187
P 117 152 188 188 188
P 118 152 188 188 188
P 119 152 188 188 188
P 120 152 188 188 188
P 121 152 189 189 189
P 122 152 189 189 189
P 123 152 189 189 189
P 124 152 189 189 189
P 125 152 190 190 190
P 126 152 190 190 190
P 127 152 190 190 190
P 128 152 190 190 190
P 129 152 191 191 191
P 130 152 191 191 191
P 131 152 191 191 191
P 132 152 191 191 191
P 133 152 192 192 192
P 134 152 192 192 192
P 135 152 192 192 192
P 136 152 192 192 192
P 137 152 193 193 193
P 138 152 193 193 193
P 139 152 193 193 193
P 140 152 193 193 193
P 141 152 194 194 194
P 142 152 194 194 194
P 143 152 194 194 194
P 144 152 194 194 194
P 145 152 195 195 195
P 146 152 195 195 195
P 147 152 195 195 195
P 148 152 195 195 195
P 149 152 196 196 196
P 150 152 196 196 196
P 151 152 196 196 196
P 152 152 196 196 196
P 153 152 197 197 197
P 154 152 197 197 197
P 155 152 197 197 197
P 156 152 197 197 197
P 157 152 198 198 198
P 158 152 198 198 198
P 159 152 198 198 198
P 160 152 198 198 198
P 161 152 199 199 199
P 162 152 199 199 199
P 163 152 199 199 199
P 164 152 199 199 199
P 165 152 200 200 200
P 166 152 200 200 200
P 167 152 200 200 200
P 168 152 200 200 200
P 169 152 201 201 201
P 170 152 201 201 201
P 171 152 201 201 201
P 172 152 201 201 201
P 173 152 202 202 202
P 174 152 202 202 202
P 175 152 202 202 202
P 176 152 202 202 202
P 177 152 203 203 203
P 178 152 203 203 203
P 179 152 203 203 203
P 180 152 203 203 203
P 181 152 204 204 204
P 182 152 204 204 204
P 183 152 204 204 204
P 184 152 204 204 204
P 185 152 205 205 205
P 186 152 205 205 205
P 187 152 205 205 205
P 188 152 205 205 205
P 189 152 206 206 206
P 190 152 206 206 206
P 191 152 206 206 206
P 192 152 206 206 206
P 193 152 207 207 207
P 194 152 207 207 207
P 195 152 207 207 207
P 196 152 207 207 207
P 197 152 208 208 208
P 198 152 208 208 208
P 199 152 208 208 208
P 200 152 208 208 208
P 201 152 209 209 209
P 202 152 209 209 209
P 203 152 209 209 209
P 204 152 209 209 209
P 205 152 210 210 210
P 46 153 170 170 170
P 47 153 170 170 170
P 48 153 171 171 171
P 49 153 171 171 171
P 50 153 171 171 171
P 51 153 171 171 171
P 52 153 172 172 172
P 53 153 172 172 172
P 54 153 172 172 172
P 55 153 172 172 172
P 56 153 173 173 173
P 57 153 173 173 173
P 58 153 173 173 173
P 59 153 173 173 173
P 60 153 174 174 174
P 61 153 174 174 174
P 62 153 174 174 174
P 63 153 174 174 174
P 64 153 175 175 175
P 65 153 175 175 175
P 66 153 175 175 175
P 67 153 175 175 175
P 68 153 176 176 176
P 69 153 176 176 176
P 70 153 176 176 176
P 71 153 176 176 176
P 72 153 177 177 177
P 73 153 177 177 177
P 74 153 177 177 177
P 75 153 177 177 177
P 76 153 178 178 178
P 77 153 178 178 178
P 78 153 178 178 178
P 79 153 178 178 178
P 80 153 179 179 179
P 81 153 179 179 179
P 82 153 179 179 179
P 83 153 179 179 179
P 84 153 180 180 180
P 85 153 180 180 180
P 86 153 180 180 180
P 87 153 180 180 180
P 88 153 181 181 181
P 89 153 181 181 181
P 90 153 181 181 181
P 91 153 181 181 181
P 92 153 182 182 182
P 93 153 182 182 182
P 94 153 182 182 182
P 95 153 182 182 182
P 96 153 183 183 183
P 97 153 183 183 183
P 98 153 183 183 183
P 99 153 183 183 183
P 100 153 184 184 184
P 101 153 184 184 184
P 102 153 184 184 184
P 103 153 184 184 184
P 104 153 185 185 185
P 105 153 185 185 185
P 106 153 185 185 185
P 107 153 185 185 185
P 108 153 186 186 186
P 109 153 186 186 186
P 110 153 186 186 186
P 111 153 186 186 186
P 112 153 187 187 187
P 113 153 187 187 187
P 114 153 187 187 187
P 115 153 187 187 187
P 116 153 188 188 188
P 117 153 188 188 188
P 118 153 188 188 188
P 119 153 188 188 188
P 120 153 189 189 189
P 121 153 189 189 189
P 122 153 189 189 189
P 123 153 189 189 189
P 124 153 190 190 190
P 125 153 190 190 190
P 126 153 190 190 190
P 127 153 190 190 190
P 128 153 191 191 191
P 129 153 191 191 191
P 130 153 191 191 191
P 131 153 191 191 191
P 132 153 192 192 192
P 133 153 192 192 192
P 134 153 192 192 192
P 135 153 192 192 192
P 136 153 193 193 193
P 137 153 193 193 193
P 138 153 193 193 193
P 139 153 193 193 193
P 140 153 194 194 194
P 141 153 194 194 194
P 142 153 194 194 194
P 143 153 194 194 194
P 144 153 195 195 195
P 145 153 195 195 195
P 146 153 195 195 195
P 147 153 195 195 195
P 148 153 196 196 196
P 149 153 196 196 196
P 150 153 196 196 196
P 151 153 196 196 196
P 152 153 197 197 197
P 153 153 197 197 197
P 154 153 197 197 197
P 155 153 197 197 197
P 156 153 198 198 198
P 157 153 198 198 198
P 158 153 198 198 198
P 159 153 198 198 198
P 160 153 199 199 199
P 161 153 199 199 199
P 162 153 199 199 199
P 163 153 199 199 199
P 164 153 200 200 200
P 165 153 200 200 200
P 166 153 200 200 200
P 167 153 200 200 200
P 168 153 201 201 201
P 169 153 201 201 201
P 170 153 201 201 201
P 171 153 201 201 201
P 172 153 202 202 202
P 173 153 202 202 202
P 174 153 202 202 202
P 175 153 202 202 202
P 176 153 203 203 203
P 177 153 203 203 203
P 178 153 203 203 203
P 179 153 203 203 203
P 180 153 204 204 204
P 181 153 204 204 204
P 182 153 204 204 204
P 183 153 204 204 204
P 184 153 205 205 205
P 185 153 205 205 205
P 186 153 205 205 205
P 187 153 205 205 205
P 188 153 206 206 206
P 189 153 206 206 206
P 190 153 206 206 206
P 191 153 206 206 206
P 192 153 207 207 207
P 193 153 207 207 207
P 194 153 207 207 207
P 195 153 207 207 207
P 196 153 208 208 208
P 197 153 208 208 208
P 198 153 208 208 208
P 199 153 208 208 208
P 200 153 209 209 209
P 201 153 209 209 209
P 202 153 209 209 209
P 203 153 209 209 209
P 204 153 210 210 210
P 205 153 210 210 210
P 46 154 170 170 170
P 47 154 171 171 171
P 48 154 171 171 171
P 49 154 171 171 171
P 50 154 171 171 171
P 51 154 172 172 172
P 52 154 172 172 172
P 53 154 172 172 172
P 54 154 172 172 172
P 55 154 173 173 173
P 56 154 173 173 173
P 57 154 173 173 173
P 58 154 173 173 173
P 59 154 174 174 174
P 60 154 174 174 174
P 61 154 174 174 174
P 62 154 174 174 174
P 63 154 175 175 175
P 64 154 175 175 175
P 65 154 175 175 175
P 66 154 175 175 175
P 67 154 176 176 176
P 68 154 176 176 176
P 69 154 176 176 176
P 70 154 176 176 176
P 71 154 177 177 177
P 72 154 177 177 177
P 73 154 177 177 177
P 74 154 177 177 177
P 75 154 178 178 178
P 76 154 178 178 178
P 77 154 178 178 178
P 78 154 178 178 178
P 79 154 179 179 179
P 80 154 179 179 179
P 81 154 179 179 179
P 82 154 179 179 179
P 83 154 180 180 180
P 84 154 180 180 180
P 85 154 180 180 180
P 86 154 180 180 180
P 87 154 181 181 181
P 88 154 181 181 181
P 89 154 181 181 181
P 90 154 181 181 181
P 91 154 182 182 182
P 92 154 182 182 182
P 93 154 182 182 182
P 94 154 182 182 182
P 95 154 183 183 183
P 96 154 183 183 183
P 97 154 183 183 183
P 98 154 183 183 183
P 99 154 184 184 184
P 100 154 184 184 184
P 101 154 184 184 184
P 102 154 184 184 184
P 103 154 185 185 185
P 104 154 185 185 185
P 105 154 185 185 185
P 106 154 185 185 185
P 107 154 186 186 186
P 108 154 186 186 186
P 109 154 186 186 186
P 110 154 186 186 186
P 111 154 187 187 187
P 112 154 187 187 187
P 113 154 187 187 187
P 114 154 187 187 187
P 115 154 188 188 188
P 116 154 188 188 188
P 117 154 188 188 188
P 118 154 188 188 188
P 119 154 189 189 189
P 120 154 189 189 189
P 121 154 189 189 189
P 122 154 189 189 189
P 123 154 190 190 190
P 124 154 190 190 190
P 125 154 190 190 190
P 126 154 190 190 190
P 127 154 191 191 191
P 128 154 191 191 191
P 129 154 191 191 191
P 130 154 191 191 191
P 131 154 192 192 192
P 132 154 192 192 192
P 133 154 192 192 192
P 134 154 192 192 192
P 135 154 193 193 193
P 136 154 193 193 193
P 137 154 193 193 193
P 138 154 193 193 193
P 139 154 194 194 194
P 140 154 194 194 194
P 141 154 194 194 194
P 142 154 194 194 194
P 143 154 195 195 195
P 144 154 195 195 195
P 145 154 195 195 195
P 146 154 195 195 195
P 147 154 196 196 196
P 148 154 196 196 196
P 149 154 196 196 196
P 150 154 196 196 196
P 151 154 197 197 197
P 152 154 197 197 197
P 153 154 197 197 197
P 154 154 197 197 197
P 155 154 198 198 198
P 156 154 198 198 198
P 157 154 198 198 198
P 158 154 198 198 198
P 159 154 199 199 199
P 160 154 199 199 199
P 161 154 199 199 199
P 162 154 199 199 199
P 163 154 200 200 200
P 164 154 200 200 200
P 165 154 200 200 200
P 166 154 200 200 200
P 167 154 201 201 201
P 168 154 201 201 201
P 169 154 201 201 201
P 170 154 201 201 201
P 171 154 202 202 202
P 172 154 202 202 202
P 173 154 202 202 202
P 174 154 202 202 202
P 175 154 203 203 203
P 176 154 203 203 203
P 177 154 203 203 203
P 178 154 203 203 203
P 179 154 204 204 204
P 180 154 204 204 204
P 181 154 204 204 204
P 182 154 204 204 204
P 183 154 205 205 205
P 184 154 205 205 205
P 185 154 205 205 205
P 186 154 205 205 205
P 187 154 206 206 206
P 188 154 206 206 206
P 189 154 206 206 206
P 190 154 206 206 206
P 191 154 207 207 207
P 192 154 207 207 207
P 193 154 207 207 207
P 194 154 207 207 207
P 195 154 208 208 208
P 196 154 208 208 208
P 197 154 208 208 208
P 198 154 208 208 208
P 199 154 209 209 209
P 200 154 209 209 209
P 201 154 209 209 209
P 202 154 209 209 209
P 203 154 210 210 210
P 204 154 210 210 210
P 205 154 210 210 210
P 46 155 171 171 171
P 47 155 171 171 171
P 48 155 171 171 171
P 49 155 171 171 171
P 50 155 172 172 172
P 51 155 172 172 172
P 52 155 172 172 172
P 53 155 172 172 172
P 54 155 173 173 173
P 55 155 173 173 173
P 56 155 173 173 173
P 57 155 173 173 173
P 58 155 174 174 174
P 59 155 174 174 174
P 60 155 174 174 174
P 61 155 174 174 174
P 62 155 175 175 175
P 63 155 175 175 175
P 64 155 175 175 175
P 65 155 175 175 175
P 66 155 176 176 176
P 67 155 176 176 176
P 68 155 176 176 176
P 69 155 176 176 176
P 70 155 177 177 177
P 71 155 177 177 177
P 72 155 177 177 177
P 73 155 177 177 177
P 74 155 178 178 178
P 75 155 178 178 178
P 76 155 178 178 178
P 77 155 178 178 178
P 78 155 179 179 179
P 79 155 179 179 179
P 80 155 179 179 179
P 81 155 179 179 179
P 82 155 180 180 180
P 83 155 180 180 180
P 84 155 180 180 180
P 85 155 180 180 180
P 86 155 181 181 181
P 87 155 181 181 181
P 88 155 181 181 181
P 89 155 181 181 181
P 90 155 182 182 182
P 91 155 182 182 182
P 92 155 182 182 182
P 93 155 182 182 182
P 94 155 183 183 183
P 95 155 183 183 183
P 96 155 183 183 183
P 97 155 183 183 183
P 98 155 184 184 184
P 99 155 184 184 184
P 100 155 184 184 184
P 101 155 184 184 184
P 102 155 185 185 185
P 103 155 185 185 185
P 104 155 185 185 185
P 105 155 185 185 185
P 106 155 186 186 186
P 107 155 186 186 186
P 108 155 186 186 186
P 109 155 186 186 186
P 110 155 187 187 187
P 111 155 187 187 187
P 112 155 187 187 187
P 113 155 187 187 187
P 114 155 188 188 188
P 115 155 188 188 188
P 116 155 188 188 188
P 117 155 188 188 188
P 118 155 189 189 189
P 119 155 189 189 189
P 120 155 189 189 189
P 121 155 189 189 189
P 122 155 190 190 190
P 123 155 190 190 190
P 124 155 190 190 190
P 125 155 190 190 190
P 126 155 191 191 191
P 127 155 191 191 191
P 128 155 191 191 191
P 129 155 191 191 191
P 130 155 192 192 192
P 131 155 192 192 192
P 132 155 192 192 192
P 133 155 192 192 192
P 134 155 193 193 193
P 135 155 193 193 193
P 136 155 193 193 193
P 137 155 193 193 193
P 138 155 194 194 194
P 139 155 194 194 194
P 140 155 194 194 194
P 141 155 194 194 194
P 142 155 195 195 195
P 143 155 195 195 195
P 144 155 195 195 195
P 145 155 195 195 195
P 146 155 196 196 196
P 147 155 196 196 196
P 148 155 196 196 196
P 149 155 196 196 196
P 150 155 197 197 197
P 151 155 197 197 197
P 152 155 197 197 197
P 153 155 197 197 197
P 154 155 198 198 198
P 155 155 198 198 198
P 156 155 198 198 198
P 157 155 198 198 198
P 158 155 199 199 199
P 159 155 199 199 199
P 160 155 199 199 199
P 161 155 199 199 199
P 162 155 200 200 200
P 163 155 200 200 200
P 164 155 200 200 200
P 165 155 200 200 200
P 166 155 201 201 201
P 167 155 201 201 201
P 168 155 201 201 201
P 169 155 201 201 201
P 170 155 202 202 202
P 171 155 202 202 202
P 172 155 202 202 202
P 173 155 202 202 202
P 174 155 203 203 203
P 175 155 203 203 203
P 176 155 203 203 203
P 177 155 203 203 203
P 178 155 204 204 204
P 179 155 204 204 204
P 180 155 204 204 204
P 181 155 204 204 204
P 182 155 205 205 205
P 183 155 205 205 205
P 184 155 205 205 205
P 185 155 205 205 205
P 186 155 206 206 206
P 187 155 206 206 206
P 188 155 206 206 206
P 189 155 206 206 206
P 190 155 207 207 207
P 191 155 207 207 207
P 192 155 207 207 207
P 193 155 207 207 207
P 194 155 208 208 208
P 195 155 208 208 208
P 196 155 208 208 208
P 197 155 208 208 208
P 198 155 209 209 209
P 199 155 209 209 209
P 200 155 209 209 209
P 201 155 209 209 209
P 202 155 210 210 210
P 203 155 210 210 210
P 204 155 210 210 210
P 205 155 210 210 210
P 206 155 211 211 211
P 46 156 171 171 171
P 47 156 171 171 171
P 48 156 171 171 171
P 49 156 172 172 172
P 50 156 172 172 172
P 51 156 172 172 172
P 52 156 172 172 172
P 53 156 173 173 173
P 54 156 173 173 173
P 55 156 173 173 173
P 56 156 173 173 173
P 57 156 174 174 174
P 58 156 174 174 174
P 59 156 174 174 174
P 60 156 174 174 174
P 61 156 175 175 175
P 62 156 175 175 175
P 63 156 175 175 175
P 64 156 175 175 175
P 65 156 176 176 176
P 66 156 176 176 176
P 67 156 176 176 176
P 68 156 176 176 176
P 69 156 177 177 177
P 70 156 177 177 177
P 71 156 177 177 177
P 72 156 177 177 177
P 73 156 178 178 178
P 74 156 178 178 178
P 75 156 178 178 178
P 76 156 178 178 178
P 77 156 179 179 179
P 78 156 179 179 179
P 79 156 179 179 179
P 80 156 179 179 179
P 81 156 180 180 180
P 82 156 180 180 180
P 83 156 180 180 180
P 84 156 180 180 180
P 85 156 181 181 181
P 86 156 181 181 181
P 87 156 181 181 181
P 88 156 181 181 181
P 89 156 182 182 182
P 90 156 182 182 182
P 91 156 182 182 182
P 92 156 182 182 182
P 93 156 183 183 183
P 94 156 183 183 183
P 95 156 183 183 183
P 96 156 183 183 183
P 97 156 184 184 184
P 98 156 184 184 184
P 99 156 184 184 184
P 100 156 184 184 184
P 101 156 185 185 185
P 102 156 185 185 185
P 103 156 185 185 185
P 104 156 185 185 185
P 105 156 186 186 186
P 106 156 186 186 186
P 107 156 186 186 186
P 108 156 186 186 186
P 109 156 187 187 187
P 110 156 187 187 187
P 111 156 187 187 187
P 112 156 187 187 187
P 113 156 188 188 188
P 114 156 188 188 188
P 115 156 188 188 188
P 116 156 188 188 188
P 117 156 189 189 189
P 118 156 189 189 189
P 119 156 189 189 189
P 120 156 189 189 189
P 121 156 190 190 190
P 122 156 190 190 190
P 123 156 190 190 190
P 124 156 190 190 190
P 125 156 191 191 191
P 126 156 191 191 191
P 127 156 191 191 191
P 128 156 191 191 191
P 129 156 192 192 192
P 130 156 192 192 192
P 131 156 192 192 192
P 132 156 192 192 192
P 133 156 193 193 193
P 134 156 193 193 193
P 135 156 193 193 193
P 136 156 193 193 193
P 137 156 194 194 194
P 138 156 194 194 194
P 139 156 194 194 194
P 140 156 194 194 194
P 141 156 195 195 195
P 142 156 195 195 195
P 143 156 195 195 195
P 144 156 195 195 195
P 145 156 196 196 196
P 146 156 196 196 196
P 147 156 196 196 196
P 148 156 196 196 196
P 149 156 197 197 197
P 150 156 197 197 197
P 151 156 197 197 197
P 152 156 197 197 197
P 153 156 198 198 198
P 154 156 198 198 198
P 155 156 198 198 198
P 156 156 198 198 198
P 157 156 199 199 199
P 158 156 199 199 199
P 159 156 199 199 199
P 160 156 199 199 199
P 161 156 200 200 200
P 162 156 200 200 200
P 163 156 200 200 200
P 164 156 200 200 200
P 165 156 201 201 201
P 166 156 201 201 201
P 167 156 201 201 201
P 168 156 201 201 201
P 169 156 202 202 202
P 170 156 202 202 202
P 171 156 202 202 202
P 172 156 202 202 202
P 173 156 203 203 203
P 174 156 203 203 203
P 175 156 203 203 203
P 176 156 203 203 203
P 177 156 204 204 204
P 178 156 204 204 204
P 179 156 204 204 204
P 180 156 204 204 204
P 181 156 205 205 205
P 182 156 205 205 205
P 183 156 205 205 205
P 184 156 205 205 205
P 185 156 206 206 206
P 186 156 206 206 206
P 187 156 206 206 206
P 188 156 206 206 206
P 189 156 207 207 207
P 190 156 207 207 207
P 191 156 207 207 207
P 192 156 207 207 207
P 193 156 208 208 208
P 194 156 208 208 208
P 195 156 208 208 208
P 196 156 208 208 208
P 197 156 209 209 209
P 198 156 209 209 209
P 199 156 209 209 209
P 200 156 209 209 209
P 201 156 210 210 210
P 202 156 210 210 210
P 203 156 210 210 210
P 204 156 210 210 210
P 205 156 211 211 211
P 206 156 211 211 211
P 46 157 171 171 171
P 47 157 171 171 171
P 48 157 172 172 172
P 49 157 172 172 172
P 50 157 172 172 172
P 51 157 172 172 172
P 52 157 173 173 173
P 53 157 173 173 173
P 54 157 173 173 173
P 55 157 173 173 173
P 56 157 174 174 174
P 57 157 174 174 174
P 58 157 174 174 174
P 59 157 174 174 174
P 60 157 175 175 175
P 61 157 175 175 175
P 62 157 175 175 175
P 63 157 175 175 175
P 64 157 176 176 176
P 65 157 176 176 176
P 66 157 176 176 176
P 67 157 176 176 176
P 68 157 177 177 177
P 69 157 177 177 177
P 70 157 177 177 177
P 71 157 177 177 177
P 72 157 178 178 178
P 73 157 178 178 178
P 74 157 178 178 178
P 75 157 178 178 178
P 76 157 179 179 179
P 77 157 179 179 179
P 78 157 179 179 179
P 79 157 179 179 179
P 80 157 180 180 180
P 81 157 180 180 180
P 82 157 180 180 180
P 83 157 180 180 180
P 84 157 181 181 181
P 85 157 181 181 181
P 86 157 181 181 181
P 87 157 181 181 181
P 88 157 182 182 182
P 89 157 182 182 182
P 90 157 182 182 182
P 91 157 182 182 182
P 92 157 183 183 183
P 93 157 183 183 183
P 94 157 183 183 183
P 95 157 183 183 183
P 96 157 184 184 184
P 97 157 184 184 184
P 98 157 184 184 184
P 99 157 184 184 184
P 100 157 185 185 185
P 101 157 185 185 185
P 102 157 185 185 185
P 103 157 185 185 185
P 104 157 186 186 186
P 105 157 186 186 186
P 106 157 186 186 186
P 107 157 186 186 186
P 108 157 187 187 187
P 109 157 187 187 187
P 110 157 187 187 187
P 111 157 187 187 187
P 112 157 188 188 188
P 113 157 188 188 188
P 114 157 188 188 188
P 115 157 188 188 188
P 116 157 189 189 189
P 117 157 189 189 189
P 118 157 189 189 189
P 119 157 189 189 189
P 120 157 190 190 190
P 121 157 190 190 190
P 122 157 190 190 190
P 123 157 190 190 190
P 124 157 191 191 191
P 125 157 191 191 191
P 126 157 191 191 191
P 127 157 191 191 191
P 128 157 192 192 192
P 129 157 192 192 192
P 130 157 192 192 192
P 131 157 192 192 192
P 132 157 193 193 193
P 133 157 193 193 193
P 134 157 193 193 193
P 135 157 193 193 193
P 136 157 194 194 194
P 137 157 194 194 194
P 138 157 194 194 194
P 139 157 194 194 194
P 140 157 195 195 195
P 141 157 195 195 195
P 142 157 195 195 195
P 143 157 195 195 195
P 144 157 196 196 196
P 145 157 196 196 196
P 146 157 196 196 196
P 147 157 196 196 196
P 148 157 197 197 197
P 149 157 197 197 197
P 150 157 197 197 197
P 151 157 197 197 197
P 152 157 198 198 198
P 153 157 198 198 198
P 154 157 198 198 198
P 155 157 198 198 198
P 156 157 199 199 199
P 157 157 199 199 199
P 158 157 199 199 199
P 159 157 199 199 199
P 160 157 200 200 200
P 161 157 200 200 200
P 162 157 200 200 200
P 163 157 200 200 200
P 164 157 201 201 201
P 165 157 201 201 201
P 166 157 201 201 201
P 167 157 201 201 201
P 168 157 202 202 202
P 169 157 202 202 202
P 170 157 202 202 202
P 171 157 202 202 202
P 172 157 203 203 203
P 173 157 203 203 203
P 174 157 203 203 203
P 175 157 203 203 203
P 176 157 204 204 204
P 177 157 204 204 204
P 178 157 204 204 204
P 179 157 204 204 204
P 180 157 205 205 205
P 181 157 205 205 205
P 182 157 205 205 205
P 183 157 205 205 205
P 184 157 206 206 206
P 185 157 206 206 206
P 186 157 206 206 206
P 187 157 206 206 206
P 188 157 207 207 207
P 189 157 207 207 207
P 190 157 207 207 207
P 191 157 207 207 207
P 192 157 208 208 208
P 193 157 208 208 208
P 194 157 208 208 208
P 195 157 208 208 208
P 196 157 209 209 209
P 197 157 209 209 209
P 198 157 209 209 209
P 199 157 209 209 209
P 200 157 210 210 210
P 201 157 210 210 210
P 202 157 210 210 210
P 203 157 210 210 210
P 204 157 211 211 211
P 205 157 211 211 211
P 206 157 211 211 211
P 47 158 172 172 172
P 48 158 172 172 172
P 49 158 172 172 172
P 50 158 172 172 172
P 51 158 173 173 173
P 52 158 173 173 173
P 53 158 173 173 173
P 54 158 173 173 173
P 55 158 174 174 174
P 56 158 174 174 174
P 57 158 174 174 174
P 58 158 174 174 174
P 59 158 175 175 175
P 60 158 175 175 175
P 61 158 175 175 175
P 62 158 175 175 175
P 63 158 176 176 176
P 64 158 176 176 176
P 65 158 176 176 176
P 66 158 176 176 176
P 67 158 177 177 177
P 68 158 177 177 177
P 69 158 177 177 177
P 70 158 177 177 177
P 71 158 178 178 178
P 72 158 178 178 178
P 73 158 178 178 178
P 74 158 178 178 178
P 75 158 179 179 179
P 76 158 179 179 179
P 77 158 179 179 179
P 78 158 179 179 179
P 79 158 180 180 180
P 80 158 180 180 180
P 81 158 180 180 180
P 82 158 180 180 180
P 83 158 181 181 181
P 84 158 181 181 181
P 85 158 181 181 181
P 86 158 181 181 181
P 87 158 182 182 182
P 88 158 182 182 182
P 89 158 182 182 182
P 90 158 182 182 182
P 91 158 183 183 183
P 92 158 183 183 183
P 93 158 183 183 183
P 94 158 183 183 183
P 95 158 184 184 184
P 96 158 184 184 184
P 97 158 184 184 184
P 98 158 184 184 184
P 99 158 185 185 185
P 100 158 185 185 185
P 101 158 185 185 185
P 102 158 185 185 185
P 103 158 186 186 186
P 104 158 186 186 186
P 105 158 186 186 186
P 106 158 186 186 186
P 107 158 187 187 187
P 108 158 187 187 187
P 109 158 187 187 187
P 110 158 187 187 187
P 111 158 188 188 188
P 112 158 188 188 188
P 113 158 188 188 188
P 114 158 188 188 188
P 115 158 189 189 189
P 116 158 189 189 189
P 117 158 189 189 189
P 118 158 189 189 189
P 119 158 190 190 190
P 120 158 190 190 190
P 121 158 190 190 190
P 122 158 190 190 190
P 123 158 191 191 191
P 124 158 191 191 191
P 125 158 191 191 191
P 126 158 191 191 191
P 127 158 192 192 192
P 128 158 192 192 192
P 129 158 192 192 192
P 130 158 192 192 192
P 131 158 193 193 193
P 132 158 193 193 193
P 133 158 193 193 193
P 134 158 193 193 193
P 135 158 194 194 194
P 136 158 194 194 194
P 137 158 194 194 194
P 138 158 194 194 194
P 139 158 195 195 195
P 140 158 195 195 195
P 141 158 195 195 195
P 142 158 195 195 195
P 143 158 196 196 196
P 144 158 196 196 196
P 145 158 196 196 196
P 146 158 196 196 196
P 147 158 197 197 197
P 148 158 197 197 197
P 149 158 197 197 197
P 150 158 197 197 197
P 151 158 198 198 198
P 152 158 198 198 198
P 153 158 198 198 198
P 154 158 198 198 198
P 155 158 199 199 199
P 156 158 199 199 199
P 157 158 199 199 199
P 158 158 199 199 199
P 159 158 200 200 200
P 160 158 200 200 200
P 161 158 200 200 200
P 162 158 200 200 200
P 163 158 201 201 201
P 164 158 201 201 201
P 165 158 201 201 201
P 166 158 201 201 201
P 167 158 202 202 202
P 168 158 202 202 202
P 169 158 202 202 202
P 170 158 202 202 202
P 171 158 203 203 203
P 172 158 203 203 203
P 173 158 203 203 203
P 174 158 203 203 203
P 175 158 204 204 204
P 176 158 204 204 204
P 177 158 204 204 204
P 178 158 204 204 204
P 179 158 205 205 205
P 180 158 205 205 205
P 181 158 205 205 205
P 182 158 205 205 205
P 183 158 206 206 206
P 184 158 206 206 206
P 185 158 206 206 206
P 186 158 206 206 206
P 187 158 207 207 207
P 188 158 207 207 207
P 189 158 207 207 207
P 190 158 207 207 207
P 191 158 208 208 208
P 192 158 208 208 208
P 193 158 208 208 208
P 194 158 208 208 208
P 195 158 209 209 209
P 196 158 209 209 209
P 197 158 209 209 209
P 198 158 209 209 209
P 199 158 210 210 210
P 200 158 210 210 210
P 201 158 210 210 210
P 202 158 210 210 210
P 203 158 211 211 211
P 204 158 211 211 211
P 205 158 211 211 211
P 206 158 211 211 211
P 47 159 172 172 172
P 48 159 172 172 172
P 49 159 172 172 172
P 50 159 173 173 173
P 51 159 173 173 173
P 52 159 173 173 173
P 53 159 173 173 173
P 54 159 174 174 174
P 55 159 174 174 174
P 56 159 174 174 174
P 57 159 174 174 174
P 58 159 175 175 175
P 59 159 175 175 175
P 60 159 175 175 175
P 61 159 175 175 175
P 62 159 176 176 176
P 63 159 176 176 176
P 64 159 176 176 176
P 65 159 176 176 176
P 66 159 177 177 177
P 67 159 177 177 177
P 68 159 177 177 177
P 69 159 177 177 177
P 70 159 178 178 178
P 71 159 178 178 178
P 72 159 178 178 178
P 73 159 178 178 178
P 74 159 179 179 179
P 75 159 179 179 179
P 76 159 179 179 179
P 77 159 179 179 179
P 78 159 180 180 180
P 79 159 180 180 180
P 80 159 180 180 180
P 81 159 180 180 180
P 82 159 181 181 181
P 83 159 181 181 181
P 84 159 181 181 181
P 85 159 181 181 181
P 86 159 182 182 182
P 87 159 182 182 182
P 88 159 182 182 182
P 89 159 182 182 182
P 90 159 183 183 183
P 91 159 183 183 183
P 92 159 183 183 183
P 93 159 183 183 183
P 94 159 184 184 184
P 95 159 184 184 184
P 96 159 184 184 184
P 97 159 184 184 184
P 98 159 185 185 185
P 99 159 185 185 185
P 100 159 185 185 185
P 101 159 185 185 185
P 102 159 186 186 186
P 103 159 186 186 186
P 104 159 186 186 186
P 105 159 186 186 186
P 106 159 187 187 187
P 107 159 187 187 187
P 108 159 187 187 187
P 109 159 187 187 187
P 110 159 188 188 188
P 111 159 188 188 188
P 112 159 188 188 188
P 113 159 188 188 188
P 114 159 189 189 189
P 115 159 189 189 189
P 116 159 189 189 189
P 117 159 189 189 189
P 118 159 190 190 190
P 119 159 190 190 190
P 120 159 190 190 190
P 121 159 190 190 190
P 122 159 191 191 191
P 123 159 191 191 191
P 124 159 191 191 191
P 125 159 191 191 191
P 126 159 192 192 192
P 127 159 192 192 192
P 128 159 192 192 192
P 129 159 192 192 192
P 130 159 193 193 193
P 131 159 193 193 193
P 132 159 193 193 193
P 133 159 193 193 193
P 134 159 194 194 194
P 135 159 194 194 194
P 136 159 194 194 194
P 137 159 194 194 194
P 138 159 195 195 195
P 139 159 195 195 195
P 140 159 195 195 195
P 141 159 195 195 195
P 142 159 196 196 196
P 143 159 196 196 196
P 144 159 196 196 196
P 145 159 196 196 196
P 146 159 197 197 197
P 147 159 197 197 197
P 148 159 197 197 197
P 149 159 197 197 197
P 150 159 198 198 198
P 151 159 198 198 198
P 152 159 198 198 198
P 153 159 198 198 198
P 154 159 199 199 199
P 155 159 199 199 199
P 156 159 199 199 199
P 157 159 199 199 199
P 158 159 200 200 200
P 159 159 200 200 200
P 160 159 200 200 200
P 161 159 200 200 200
P 162 159 201 201 201
P 163 159 201 201 201
P 164 159 201 201 201
P 165 159 201 201 201
P 166 159 202 202 202
P 167 159 202 202 202
P 168 159 202 202 202
P 169 159 202 202 202
P 170 159 203 203 203
P 171 159 203 203 203
P 172 159 203 203 203
P 173 159 203 203 203
P 174 159 204 204 204
P 175 159 204 204 204
P 176 159 204 204 204
P 177 159 204 204 204
P 178 159 205 205 205
P 179 159 205 205 205
P 180 159 205 205 205
P 181 159 205 205 205
P 182 159 206 206 206
P 183 159 206 206 206
P 184 159 206 206 206
P 185 159 206 206 206
P 186 159 207 207 207
P 187 159 207 207 207
P 188 159 207 207 207
P 189 159 207 207 207
P 190 159 208 208 208
P 191 159 208 208 208
P 192 159 208 208 208
P 193 159 208 208 208
P 194 159 209 209 209
P 195 159 209 209 209
P 196 159 209 209 209
P 197 159 209 209 209
P 198 159 210 210 210
P 199 159 210 210 210
P 200 159 210 210 210
P 201 159 210 210 210
P 202 159 211 211 211
P 203 159 211 211 211
P 204 159 211 211 211
P 205 159 211 211 211
P 206 159 212 212 212
P 47 160 172 172 172
P 48 160 172 172 172
P 49 160 173 173 173
P 50 160 173 173 173
P 51 160 173 173 173
P 52 160 173 173 173
P 53 160 174 174 174
P 54 160 174 174 174
P 55 160 174 174 174
P 56 160 174 174 174
P 57 160 175 175 175
P 58 160 175 175 175
P 59 160 175 175 175
P 60 160 175 175 175
P 61 160 176 176 176
P 62 160 176 176 176
P 63 160 176 176 176
P 64 160 176 176 176
P 65 160 177 177 177
P 66 160 177 177 177
P 67 160 177 177 177
P 68 160 177 177 177
P 69 160 178 178 178
P 70 160 178 178 178
P 71 160 178 178 178
P 72 160 178 178 178
P 73 160 179 179 179
P 74 160 179 179 179
P 75 160 179 179 179
P 76 160 179 179 179
P 77 160 180 180 180
P 78 160 180 180 180
P 79 160 180 180 180
P 80 160 180 180 180
P 81 160 181 181 181
P 82 160 181 181 181
P 83 160 181 181 181
P 84 160 181 181 181
P 85 160 182 182 182
P 86 160 182 182 182
P 87 160 182 182 182
P 88 160 182 182 182
P 89 160 183 183 183
P 90 160 183 183 183
P 91 160 183 183 183
P 92 160 183 183 183
P 93 160 184 184 184
P 94 160 184 184 184
P 95 160 184 184 184
P 96 160 184 184 184
P 97 160 185 185 185
P 98 160 185 185 185
P 99 160 185 185 185
P 100 160 185 185 185
P 101 160 186 186 186
P 102 160 186 186 186
P 103 160 186 186 186
P 104 160 186 186 186
P 105 160 187 187 187
P 106 160 187 187 187
P 107 160 187 187 187
P 108 160 187 187 187
P 109 160 188 188 188
P 110 160 188 188 188
P 111 160 188 188 188
P 112 160 188 188 188
P 113 160 189 189 189
P 114 160 189 189 189
P 115 160 189 189 189
P 116 160 189 189 189
P 117 160 190 190 190
P 118 160 190 190 190
P 119 160 190 190 190
P 120 160 190 190 190
P 121 160 191 191 191
P 122 160 191 191 191
P 123 160 191 191 191
P 124 160 191 191 191
P 125 160 192 192 192
P 126 160 192 192 192
P 127 160 192 192 192
P 128 160 192 192 192
P 129 160 193 193 193
P 130 160 193 193 193
P 131 160 193 193 193
P 132 160 193 193 193
P 133 160 194 194 194
P 134 160 194 194 194
P 135 160 194 194 194
P 136 160 194 194 194
P 137 160 195 195 195
P 138 160 195 195 195
P 139 160 195 195 195
P 140 160 195 195 195
P 141 160 196 196 196
P 142 160 196 196 196
P 143 160 196 196 196
P 144 160 196 196 196
P 145 160 197 197 197
P 146 160 197 197 197
P 147 160 197 197 197
P 148 160 197 197 197
P 149 160 198 198 198
P 150 160 198 198 198
P 151 160 198 198 198
P 152 160 198 198 198
P 153 160 199 199 199
P 154 160 199 199 199
P 155 160 199 199 199
P 156 160 199 199 199
P 157 160 200 200 200
P 158 160 200 200 200
P 159 160 200 200 200
P 160 160 200 200 200
P 161 160 201 201 201
P 162 160 201 201 201
P 163 160 201 201 201
P 164 160 201 201 201
P 165 160 202 202 202
P 166 160 202 202 202
P 167 160 202 202 202
P 168 160 202 202 202
P 169 160 203 203 203
P 170 160 203 203 203
P 171 160 203 203 203
P 172 160 203 203 203
P 173 160 204 204 204
P 174 160 204 204 204
P 175 160 204 204 204
P 176 160 204 204 204
P 177 160 205 205 205
P 178 160 205 205 205
P 179 160 205 205 205
P 180 160 205 205 205
P 181 160 206 206 206
P 182 160 206 206 206
P 183 160 206 206 206
P 184 160 206 206 206
P 185 160 207 207 207
P 186 160 207 207 207
P 187 160 207 207 207
P 188 160 207 207 207
P 189 160 208 208 208
P 190 160 208 208 208
P 191 160 208 208 208
P 192 160 208 208 208
P 193 160 209 209 209
P 194 160 209 209 209
P 195 160 209 209 209
P 196 160 209 209 209
P 197 160 210 210 210
P 198 160 210 210 210
P 199 160 210 210 210
P 200 160 210 210 210
P 201 160 211 211 211
P 202 160 211 211 211
P 203 160 211 211 211
P 204 160 211 211 211
P 205 160 212 212 212
P 206 160 212 212 212
P 47 161 172 172 172
P 48 161 173 173 173
P 49 161 173 173 173
P 50 161 173 173 173
P 51 161 173 173 173
P 52 161 174 174 174
P 53 161 174 174 174
P 54 161 174 174 174
P 55 161 174 174 174
P 56 161 175 175 175
P 57 161 175 175 175
P 58 161 175 175 175
P 59 161 175 175 175
P 60 161 176 176 176
P 61 161 176 176 176
P 62 161 176 176 176
P 63 161 176 176 176
P 64 161 177 177 177
P 65 161 177 177 177
P 66 161 177 177 177
P 67 161 177 177 177
P 68 161 178 178 178
P 69 161 178 178 178
P 70 161 178 178 178
P 71 161 178 178 178
P 72 161 179 179 179
P 73 161 179 179 179
P 74 161 179 179 179
P 75 161 179 179 179
P 76 161 180 180 180
P 77 161 180 180 180
P 78 161 180 180 180
P 79 161 180 180 180
P 80 161 181 181 181
P 81 161 181 181 181
P 82 161 181 181 181
P 83 161 181 181 181
P 84 161 182 182 182
P 85 161 182 182 182
P 86 161 182 182 182
P 87 161 182 182 182
P 88 161 183 183 183
P 89 161 183 183 183
P 90 161 183 183 183
P 91 161 183 183 183
P 92 161 184 184 184
P 93 161 184 184 184
P 94 161 184 184 184
P 95 161 184 184 184
P 96 161 185 185 185
P 97 161 185 185 185
P 98 161 185 185 185
P 99 161 185 185 185
P 100 161 186 186 186
P 101 161 186 186 186
P 102 161 186 186 186
P 103 161 186 186 186
P 104 161 187 187 187
P 105 161 187 187 187
P 106 161 187 187 187
P 107 161 187 187 187
P 108 161 188 188 188
P 109 161 188 188 188
P 110 161 188 188 188
P 111 161 188 188 188
P 112 161 189 189 189
P 113 161 189 189 189
P 114 161 189 189 189
P 115 161 189 189 189
P 116 161 190 190 190
P 117 161 190 190 190
P 118 161 190 190 190
P 119 161 190 190 190
P 120 161 191 191 191
P 121 161 191 191 191
P 122 161 191 191 191
P 123 161 191 191 191
P 124 161 192 192 192
P 125 161 192 192 192
P 126 161 192 192 192
P 127 161 192 192 192
P 128 161 193 193 193
P 129 161 193 193 193
P 130 161 193 193 193
P 131 161 193 193 193
P 132 161 194 194 194
P 133 161 194 194 194
P 134 161 194 194 194
P 135 161 194 194 194
P 136 161 195 195 195
P 137 161 195 195 195
P 138 161 195 195 195
P 139 161 195 195 195
P 140 161 196 196 196
P 141 161 196 196 196
P 142 161 196 196 196
P 143 161 196 196 196
P 144 161 197 197 197
P 145 161 197 197 197
P 146 161 197 197 197
P 147 161 197 197 197
P 148 161 198 198 198
P 149 161 198 198 198
P 150 161 198 198 198
P 151 161 198 198 198
P 152 161 199 199 199
P 153 161 199 199 199
P 154 161 199 199 199
P 155 161 199 199 199
P 156 161 200 200 200
P 157 161 200 200 200
P 158 161 200 200 200
P 159 161 200 200 200
P 160 161 201 201 201
P 161 161 201 201 201
P 162 161 201 201 201
P 163 161 201 201 201
P 164 161 202 202 202
P 165 161 202 202 202
P 166 161 202 202 202
P 167 161 202 202 202
P 168 161 203 203 203
P 169 161 203 203 203
P 170 161 203 203 203
P 171 161 203 203 203
P 172 161 204 204 204
P 173 161 204 204 204
P 174 161 204 204 204
P 175 161 204 204 204
P 176 161 205 205 205
P 177 161 205 205 205
P 178 161 205 205 205
P 179 161 205 205 205
P 180 161 206 206 206
P 181 161 206 206 206
P 182 161 206 206 206
P 183 161 206 206 206
P 184 161 207 207 207
P 185 161 207 207 207
P 186 161 207 207 207
P 187 161 207 207 207
P 188 161 208 208 208
P 189 161 208 208 208
P 190 161 208 208 208
P 191 161 208 208 208
P 192 161 209 209 209
P 193 161 209 209 209
P 194 161 209 209 209
P 195 161 209 209 209
P 196 161 210 210 210
P 197 161 210 210 210
P 198 161 210 210 210
P 199 161 210 210 210
P 200 161 211 211 211
P 201 161 211 211 211
P 202 161 211 211 211
P 203 161 211 211 211
P 204 161 212 212 212
P 205 161 212 212 212
P 206 161 212 212 212
P 47 162 173 173 173
P 48 162 173 173 173
P 49 162 173 173 173
P 50 162 173 173 173
P 51 162 174 174 174
P 52 162 174 174 174
P 53 162 174 174 174
P 54 162 174 174 174
P 55 162 175 175 175
P 56 162 175 175 175
P 57 162 175 175 175
P 58 162 175 175 175
P 59 162 176 176 176
P 60 162 176 176 176
P 61 162 176 176 176
P 62 162 176 176 176
P 63 162 177 177 177
P 64 162 177 177 177
P 65 162 177 177 177
P 66 162 177 177 177
P 67 162 178 178 178
P 68 162 178 178 178
P 69 162 178 178 178
P 70 162 178 178 178
P 71 162 179 179 179
P 72 162 179 179 179
P 73 162 179 179 179
P 74 162 179 179 179
P 75 162 180 180 180
P 76 162 180 180 180
P 77 162 180 180 180
P 78 162 180 180 180
P 79 162 181 181 181
P 80 162 181 181 181
P 81 162 181 181 181
P 82 162 181 181 181
P 83 162 182 182 182
P 84 162 182 182 182
P 85 162 182 182 182
P 86 162 182 182 182
P 87 162 183 183 183
P 88 162 183 183 183
P 89 162 183 183 183
P 90 162 183 183 183
P 91 162 184 184 184
P 92 162 184 184 184
P 93 162 184 184 184
P 94 162 184 184 184
P 95 162 185 185 185
P 96 162 185 185 185
P 97 162 185 185 185
P 98 162 185 185 185
P 99 162 186 186 186
P 100 162 186 186 186
P 101 162 186 186 186
P 102 162 186 186 186
P 103 162 187 187 187
P 104 162 187 187 187
P 105 162 187 187 187
P 106 162 187 187 187
P 107 162 188 188 188
P 108 162 188 188 188
P 109 162 188 188 188
P 110 162 188 188 188
P 111 162 189 189 189
P 112 162 189 189 189
P 113 162 189 189 189
P 114 162 189 189 189
P 115 162 190 190 190
P 116 162 190 190 190
P 117 162 190 190 190
P 118 162 190 190 190
P 119 162 191 191 191
P 120 162 191 191 191
P 121 162 191 191 191
P 122 162 191 191 191
P 123 162 192 192 192
P 124 162 192 192 192
P 125 162 192 192 192
P 126 162 192 192 192
P 127 162 193 193 193
P 128 162 193 193 193
P 129 162 193 193 193
P 130 162 193 193 193
P 131 162 194 194 194
P 132 162 194 194 194
P 133 162 194 194 194
P 134 162 194 194 194
P 135 162 195 195 195
P 136 162 195 195 195
P 137 162 195 195 195
P 138 162 195 195 195
P 139 162 196 196 196
P 140 162 196 196 196
P 141 162 196 196 196
P 142 162 196 196 196
P 143 162 197 197 197
P 144 162 197 197 197
P 145 162 197 197 197
P 146 162 197 197 197
P 147 162 198 198 198
P 148 162 198 198 198
P 149 162 198 198 198
P 150 162 198 198 198
P 151 162 199 199 199
P 152 162 199 199 199
P 153 162 199 199 199
P 154 162 199 199 199
P 155 162 200 200 200
P 156 162 200 200 200
P 157 162 200 200 200
P 158 162 200 200 200
P 159 162 201 201 201
P 160 162 201 201 201
P 161 162 201 201 201
P 162 162 201 201 201
P 163 162 202 202 202
P 164 162 202 202 202
P 165 162 202 202 202
P 166 162 202 202 202
P 167 162 203 203 203
P 168 162 203 203 203
P 169 162 203 203 203
P 170 162 203 203 203
P 171 162 204 204 204
P 172 162 204 204 204
P 173 162 204 204 204
P 174 162 204 204 204
P 175 162 205 205 205
P 176 162 205 205 205
P 177 162 205 205 205
P 178 162 205 205 205
P 179 162 206 206 206
P 180 162 206 206 206
P 181 162 206 206 206
P 182 162 206 206 206
P 183 162 207 207 207
P 184 162 207 207 207
P 185 162 207 207 207
P 186 162 207 207 207
P 187 162 208 208 208
P 188 162 208 208 208
P 189 162 208 208 208
P 190 162 208 208 208
P 191 162 209 209 209
P 192 162 209 209 209
P 193 162 209 209 209
P 194 162 209 209 209
P 195 162 210 210 210
P 196 162 210 210 210
P 197 162 210 210 210
P 198 162 210 210 210
P 199 162 211 211 211
P 200 162 211 211 211
P 201 162 211 211 211
P 202 162 211 211 211
P 203 162 212 212 212
P 204 162 212 212 212
P 205 162 212 212 212
P 206 162 212 212 212
P 47 163 173 173 173
P 48 163 173 173 173
P 49 163 173 173 173
P 50 163 174 174 174
P 51 163 174 174 174
P 52 163 174 174 174
P 53 163 174 174 174
P 54 163 175 175 175
P 55 163 175 175 175
P 56 163 175 175 175
P 57 163 175 175 175
P 58 163 176 176 176
P 59 163 176 176 176
P 60 163 176 176 176
P 61 163 176 176 176
P 62 163 177 177 177
P 63 163 177 177 177
P 64 163 177 177 177
P 65 163 177 177 177
P 66 163 178 178 178
P 67 163 178 178 178
P 68 163 178 178 178
P 69 163 178 178 178
P 70 163 179 179 179
P 71 163 179 179 179
P 72 163 179 179 179
P 73 163 179 179 179
P 74 163 180 180 180
P 75 163 180 180 180
P 76 163 180 180 180
P 77 163 180 180 180
P 78 163 181 181 181
P 79 163 181 181 181
P 80 163 181 181 181
P 81 163 181 181 181
P 82 163 182 182 182
P 83 163 182 182 182
P 84 163 182 182 182
P 85 163 182 182 182
P 86 163 183 183 183
P 87 163 183 183 183
P 88 163 183 183 183
P 89 163 183 183 183
P 90 163 184 184 184
P 91 163 184 184 184
P 92 163 184 184 184
P 93 163 184 184 184
P 94 163 185 185 185
P 95 163 185 185 185
P 96 163 185 185 185
P 97 163 185 185 185
P 98 163 186 186 186
P 99 163 186 186 186
P 100 163 186 186 186
P 101 163 186 186 186
P 102 163 187 187 187
P 103 163 187 187 187
P 104 163 187 187 187
P 105 163 187 187 187
P 106 163 188 188 188
P 107 163 188 188 188
P 108 163 188 188 188
P 109 163 188 188 188
P 110 163 189 189 189
P 111 163 189 189 189
P 112 163 189 189 189
P 113 163 189 189 189
P 114 163 190 190 190
P 115 163 190 190 190
P 116 163 190 190 190
P 117 163 190 190 190
P 118 163 191 191 191
P 119 163 191 191 191
P 120 163 191 191 191
P 121 163 191 191 191
P 122 163 192 192 192
P 123 163 192 192 192
P 124 163 192 192 192
P 125 163 192 192 192
P 126 163 193 193 193
P 127 163 193 193 193
P 128 163 193 193 193
P 129 163 193 193 193
P 130 163 194 194 194
P 131 163 194 194 194
P 132 163 194 194 194
P 133 163 194 194 194
P 134 163 195 195 195
P 135 163 195 195 195
P 136 163 195 195 195
P 137 163 195 195 195
P 138 163 196 196 196
P 139 163 196 196 196
P 140 163 196 196 196
P 141 163 196 196 196
P 142 163 197 197 197
P 143 163 197 197 197
P 144 163 197 197 197
P 145 163 197 197 197
P 146 163 198 198 198
P 147 163 198 198 198
P 148 163 198 198 198
P 149 163 198 198 198
P 150 163 199 199 199
P 151 163 199 199 199
P 152 163 199 199 199
P 153 163 199 199 199
P 154 163 200 200 200
P 155 163 200 200 200
P 156 163 200 200 200
P 157 163 200 200 200
P 158 163 201 201 201
P 159 163 201 201 201
P 160 163 201 201 201
P 161 163 201 201 201
P 162 163 202 202 202
P 163 163 202 202 202
P 164 163 202 202 202
P 165 163 202 202 202
P 166 163 203 203 203
P 167 163 203 203 203
P 168 163 203 203 203
P 169 163 203 203 203
P 170 163 204 204 204
P 171 163 204 204 204
P 172 163 204 204 204
P 173 163 204 204 204
P 174 163 205 205 205
P 175 163 205 205 205
P 176 163 205 205 205
P 177 163 205 205 205
P 178 163 206 206 206
P 179 163 206 206 206
P 180 163 206 206 206
P 181 163 206 206 206
P 182 163 207 207 207
P 183 163 207 207 207
P 184 163 207 207 207
P 185 163 207 207 207
P 186 163 208 208 208
P 187 163 208 208 208
P 188 163 208 208 208
P 189 163 208 208 208
P 190 163 209 209 209
P 191 163 209 209 209
P 192 163 209 209 209
P 193 163 209 209 209
P 194 163 210 210 210
P 195 163 210 210 210
P 196 163 210 210 210
P 197 163 210 210 210
P 198 163 211 211 211
P 199 163 211 211 211
P 200 163 211 211 211
P 201 163 211 211 211
P 202 163 212 212 212
P 203 163 212 212 212
P 204 163 212 212 212
P 205 163 212 212 212
P 206 163 213 213 213
P 47 164 173 173 173
P 48 164 173 173 173
P 49 164 174 174 174
P 50 164 174 174 174
P 51 164 174 174 174
P 52 164 174 174 174
P 53 164 175 175 175
P 54 164 175 175 175
P 55 164 175 175 175
P 56 164 175 175 175
P 57 164 176 176 176
P 58 164 176 176 176
P 59 164 176 176 176
P 60 164 176 176 176
P 61 164 177 177 177
P 62 164 177 177 177
P 63 164 177 177 177
P 64 164 177 177 177
P 65 164 178 178 178
P 66 164 178 178 178
P 67 164 178 178 178
P 68 164 178 178 178
P 69 164 179 179 179
P 70 164 179 179 179
P 71 164 179 179 179
P 72 164 179 179 179
P 73 164 180 180 180
P 74 164 180 180 180
P 75 164 180 180 180
P 76 164 180 180 180
P 77 164 181 181 181
P 78 164 181 181 181
P 79 164 181 181 181
P 80 164 181 181 181
P 81 164 182 182 182
P 82 164 182 182 182
P 83 164 182 182 182
P 84 164 182 182 182
P 85 164 183 183 183
P 86 164 183 183 183
P 87 164 183 183 183
P 88 164 183 183 183
P 89 164 184 184 184
P 90 164 184 184 184
P 91 164 184 184 184
P 92 164 184 184 184
P 93 164 185 185 185
P 94 164 185 185 185
P 95 164 185 185 185
P 96 164 185 185 185
P 97 164 186 186 186
P 98 164 186 186 186
P 99 164 186 186 186
P 100 164 186 186 186
P 101 164 187 187 187
P 102 164 187 187 187
P 103 164 187 187 187
P 104 164 187 187 187
P 105 164 188 188 188
P 106 164 188 188 188
P 107 164 188 188 188
P 108 164 188 188 188
P 109 164 189 189 189
P 110 164 189 189 189
P 111 164 189 189 189
P 112 164 189 189 189
P 113 164 190 190 190
P 114 164 190 190 190
P 115 164 190 190 190
P 116 164 190 190 190
P 117 164 191 191 191
P 118 164 191 191 191
P 119 164 191 191 191
P 120 164 191 191 191
P 121 164 192 192 192
P 122 164 192 192 192
P 123 164 192 192 192
P 124 164 192 192 192
P 125 164 193 193 193
P 126 164 193 193 193
P 127 164 193 193 193
P 128 164 193 193 193
P 129 164 194 194 194
P 130 164 194 194 194
P 131 164 194 194 194
P 132 164 194 194 194
P 133 164 195 195 195
P 134 164 195 195 195
P 135 164 195 195 195
P 136 164 195 195 195
P 137 164 196 196 196
P 138 164 196 196 196
P 139 164 196 196 196
P 140 164 196 196 196
P 141 164 197 197 197
P 142 164 197 197 197
P 143 164 197 197 197
P 144 164 197 197 197
P 145 164 198 198 198
P 146 164 198 198 198
P 147 164 198 198 198
P 148 164 198 198 198
P 149 164 199 199 199
P 150 164 199 199 199
P 151 164 199 199 199
P 152 164 199 199 199
P 153 164 200 200 200
P 154 164 200 200 200
P 155 164 200 200 200
P 156 164 200 200 200
P 157 164 201 201 201
P 158 164 201 201 201
P 159 164 201 201 201
P 160 164 201 201 201
P 161 164 202 202 202
P 162 164 202 202 202
P 163 164 202 202 202
P 164 164 202 202 202
P 165 164 203 203 203
P 166 164 203 203 203
P 167 164 203 203 203
P 168 164 203 203 203
P 169 164 204 204 204
P 170 164 204 204 204
P 171 164 204 204 204
P 172 164 204 204 204
P 173 164 205 205 205
P 174 164 205 205 205
P 175 164 205 205 205
P 176 164 205 205 205
P 177 164 206 206 206
P 178 164 206 206 206
P 179 164 206 206 206
P 180 164 206 206 206
P 181 164 207 207 207
P 182 164 207 207 207
P 183 164 207 207 207
P 184 164 207 207 207
P 185 164 208 208 208
P 186 164 208 208 208
P 187 164 208 208 208
P 188 164 208 208 208
P 189 164 209 209 209
P 190 164 209 209 209
P 191 164 209 209 209
P 192 164 209 209 209
P 193 164 210 210 210
P 194 164 210 210 210
P 195 164 210 210 210
P 196 164 210 210 210
P 197 164 211 211 211
P 198 164 211 211 211
P 199 164 211 211 211
P 200 164 211 211 211
P 201 164 212 212 212
P 202 164 212 212 212
P 203 164 212 212 212
P 204 164 212 212 212
P 205 164 213 213 213
P 206 164 213 213 213
P 47 165 173 173 173
P 48 165 174 174 174
P 49 165 174 174 174
P 50 165 174 174 174
P 51 165 174 174 174
P 52 165 175 175 175
P 53 165 175 175 175
P 54 165 175 175 175
P 55 165 175 175 175
P 56 165 176 176 176
P 57 165 176 176 176
P 58 165 176 176 176
P 59 165 176 176 176
P 60 165 177 177 177
P 61 165 177 177 177
P 62 165 177 177 177
P 63 165 177 177 177
P 64 165 178 178 178
P 65 165 178 178 178
P 66 165 178 178 178
P 67 165 178 178 178
P 68 165 179 179 179
P 69 165 179 179 179
P 70 165 179 179 179
P 71 165 179 179 179
P 72 165 180 180 180
P 73 165 180 180 180
P 74 165 180 180 180
P 75 165 180 180 180
P 76 165 181 181 181
P 77 165 181 181 181
P 78 165 181 181 181
P 79 165 181 181 181
P 80 165 182 182 182
P 81 165 182 182 182
P 82 165 182 182 182
P 83 165 182 182 182
P 84 165 183 183 183
P 85 165 183 183 183
P 86 165 183 183 183
P 87 165 183 183 183
P 88 165 184 184 184
P 89 165 184 184 184
P 90 165 184 184 184
P 91 165 184 184 184
P 92 165 185 185 185
P 93 165 185 185 185
P 94 165 185 185 185
P 95 165 185 185 185
P 96 165 186 186 186
P 97 165 186 186 186
P 98 165 186 186 186
P 99 165 186 186 186
P 100 165 187 187 187
P 101 165 187 187 187
P 102 165 187 187 187
P 103 165 187 187 187
P 104 165 188 188 188
P 105 165 188 188 188
P 106 165 188 188 188
P 107 165 188 188 188
P 108 165 189 189 189
P 109 165 189 189 189
P 110 165 189 189 189
P 111 165 189 189 189
P 112 165 190 190 190
P 113 165 190 190 190
P 114 165 190 190 190
P 115 165 190 190 190
P 116 165 191 191 191
P 117 165 191 191 191
P 118 165 191 191 191
P 119 165 191 191 191
P 120 165 192 192 192
P 121 165 192 192 192
P 122 165 192 192 192
P 123 165 192 192 192
P 124 165 193 193 193
P 125 165 193 193 193
P 126 165 193 193 193
P 127 165 193 193 193
P 128 165 194 194 194
P 129 165 194 194 194
P 130 165 194 194 194
P 131 165 194 194 194
P 132 165 195 195 195
P 133 165 195 195 195
P 134 165 195 195 195
P 135 165 195 195 195
P 136 165 196 196 196
P 137 165 196 196 196
P 138 165 196 196 196
P 139 165 196 196 196
P 140 165 197 197 197
P 141 165 197 197 197
P 142 165 197 197 197
P 143 165 197 197 197
P 144 165 198 198 198
P 145 165 198 198 198
P 146 165 198 198 198
P 147 165 198 198 198
P 148 165 199 199 199
P 149 165 199 199 199
P 150 165 199 199 199
P 151 165 199 199 199
P 152 165 200 200 200
P 153 165 200 200 200
P 154 165 200 200 200
P 155 165 200 200 200
P 156 165 201 201 201
P 157 165 201 201 201
P 158 165 201 201 201
P 159 165 201 201 201
P 160 165 202 202 202
P 161 165 202 202 202
P 162 165 202 202 202
P 163 165 202 202 202
P 164 165 203 203 203
P 165 165 203 203 203
P 166 165 203 203 203
P 167 165 203 203 203
P 168 165 204 204 204
P 169 165 204 204 204
P 170 165 204 204 204
P 171 165 204 204 204
P 172 165 205 205 205
P 173 165 205 205 205
P 174 165 205 205 205
P 175 165 205 205 205
P 176 165 206 206 206
P 177 165 206 206 206
P 178 165 206 206 206
P 179 165 206 206 206
P 180 165 207 207 207
P 181 165 207 207 207
P 182 165 207 207 207
P 183 165 207 207 207
P 184 165 208 208 208
P 185 165 208 208 208
P 186 165 208 208 208
P 187 165 208 208 208
P 188 165 209 209 209
P 189 165 209 209 209
P 190 165 209 209 209
P 191 165 209 209 209
P 192 165 210 210 210
P 193 165 210 210 210
P 194 165 210 210 210
P 195 165 210 210 210
P 196 165 211 211 211
P 197 165 211 211 211
P 198 165 211 211 211
P 199 165 211 211 211
P 200 165 212 212 212
P 201 165 212 212 212
P 202 165 212 212 212
P 203 165 212 212 212
P 204 165 213 213 213
P 205 165 213 213 213
P 206 165 213 213 213
P 47 166 174 174 174
P 48 166 174 174 174
P 49 166 174 174 174
P 50 166 174 174 174
P 51 166 175 175 175
P 52 166 175 175 175
P 53 166 175 175 175
P 54 166 175 175 175
P 55 166 176 176 176
P 56 166 176 176 176
P 57 166 176 176 176
P 58 166 176 176 176
P 59 166 177 177 177
P 60 166 177 177 177
P 61 166 177 177 177
P 62 166 177 177 177
P 63 166 178 178 178
P 64 166 178 178 178
P 65 166 178 178 178
P 66 166 178 178 178
P 67 166 179 179 179
P 68 166 179 179 179
P 69 166 179 179 179
P 70 166 179 179 179
P 71 166 180 180 180
P 72 166 180 180 180
P 73 166 180 180 180
P 74 166 180 180 180
P 75 166 181 181 181
P 76 166 181 181 181
P 77 166 181 181 181
P 78 166 181 181 181
P 79 166 182 182 182
P 80 166 182 182 182
P 81 166 182 182 182
P 82 166 182 182 182
P 83 166 183 183 183
P 84 166 183 183 183
P 85 166 183 183 183
P 86 166 183 183 183
P 87 166 184 184 184
P 88 166 184 184 184
P 89 166 184 184 184
P 90 166 184 184 184
P 91 166 185 185 185
P 92 166 185 185 185
P 93 166 185 185 185
P 94 166 185 185 185
P 95 166 186 186 186
P 96 166 186 186 186
P 97 166 186 186 186
P 98 166 186 186 186
P 99 166 187 187 187
P 100 166 187 187 187
P 101 166 187 187 187
P 102 166 187 187 187
P 103 166 188 188 188
P 104 166 188 188 188
P 105 166 188 188 188
P 106 166 188 188 188
P 107 166 189 189 189
P 108 166 189 189 189
P 109 166 189 189 189
P 110 166 189 189 189
P 111 166 190 190 190
P 112 166 190 190 190
P 113 166 190 190 190
P 114 166 190 190 190
P 115 166 191 191 191
P 116 166 191 191 191
P 117 166 191 191 191
P 118 166 191 191 191
P 119 166 192 192 192
P 120 166 192 192 192
P 121 166 192 192 192
P 122 166 192 192 192
P 123 166 193 193 193
P 124 166 193 193 193
P 125 166 193 193 193
P 126 166 193 193 193
P 127 166 194 194 194
P 128 166 194 194 194
P 129 166 194 194 194
P 130 166 194 194 194
P 131 166 195 195 195
P 132 166 195 195 195
P 133 166 195 195 195
P 134 166 195 195 195
P 135 166 196 196 196
P 136 166 196 196 196
P 137 166 196 196 196
P 138 166 196 196 196
P 139 166 197 197 197
P 140 166 197 197 197
P 141 166 197 197 197
P 142 166 197 197 197
P 143 166 198 198 198
P 144 166 198 198 198
P 145 166 198 198 198
P 146 166 198 198 198
P 147 166 199 199 199
P 148 166 199 199 199
P 149 166 199 199 199
P 150 166 199 199 199
P 151 166 200 200 200
P 152 166 200 200 200
P 153 166 200 200 200
P 154 166 200 200 200
P 155 166 201 201 201
P 156 166 201 201 201
P 157 166 201 201 201
P 158 166 201 201 201
P 159 166 202 202 202
P 160 166 202 202 202
P 161 166 202 202 202
P 162 166 202 202 202
P 163 166 203 203 203
P 164 166 203 203 203
P 165 166 203 203 203
P 166 166 203 203 203
P 167 166 204 204 204
P 168 166 204 204 204
P 169 166 204 204 204
P 170 166 204 204 204
P 171 166 205 205 205
P 172 166 205 205 205
P 173 166 205 205 205
P 174 166 205 205 205
P 175 166 206 206 206
P 176 166 206 206 206
P 177 166 206 206 206
P 178 166 206 206 206
P 179 166 207 207 207
P 180 166 207 207 207
P 181 166 207 207 207
P 182 166 207 207 207
P 183 166 208 208 208
P 184 166 208 208 208
P 185 166 208 208 208
P 186 166 208 208 208
P 187 166 209 209 209
P 188 166 209 209 209
P 189 166 209 209 209
P 190 166 209 209 209
P 191 166 210 210 210
P 192 166 210 210 210
P 193 166 210 210 210
P 194 166 210 210 210
P 195 166 211 211 211
P 196 166 211 211 211
P 197 166 211 211 211
P 198 166 211 211 211
P 199 166 212 212 212
P 200 166 212 212 212
P 201 166 212 212 212
P 202 166 212 212 212
P 203 166 213 213 213
P 204 166 213 213 213
P 205 166 213 213 213
P 206 166 213 213 213
P 47 167 174 174 174
P 48 167 174 174 174
P 49 167 174 174 174
P 50 167 175 175 175
P 51 167 175 175 175
P 52 167 175 175 175
P 53 167 175 175 175
P 54 167 176 176 176
P 55 167 176 176 176
P 56 167 176 176 176
P 57 167 176 176 176
P 58 167 177 177 177
P 59 167 177 177 177
P 60 167 177 177 177
P 61 167 177 177 177
P 62 167 178 178 178
P 63 167 178 178 178
P 64 167 178 178 178
P 65 167 178 178 178
P 66 167 179 179 179
P 67 167 179 179 179
P 68 167 179 179 179
P 69 167 179 179 179
P 70 167 180 180 180
P 71 167 180 180 180
P 72 167 180 180 180
P 73 167 180 180 180
P 74 167 181 181 181
P 75 167 181 181 181
P 76 167 181 181 181
P 77 167 181 181 181
P 78 167 182 182 182
P 79 167 182 182 182
P 80 167 182 182 182
P 81 167 182 182 182
P 82 167 183 183 183
P 83 167 183 183 183
P 84 167 183 183 183
P 85 167 183 183 183
P 86 167 184 184 184
P 87 167 184 184 184
P 88 167 184 184 184
P 89 167 184 184 184
P 90 167 185 185 185
P 91 167 185 185 185
P 92 167 185 185 185
P 93 167 185 185 185
P 94 167 186 186 186
P 95 167 186 186 186
P 96 167 186 186 186
P 97 167 186 186 186
P 98 167 187 187 187
P 99 167 187 187 187
P 100 167 187 187 187
P 101 167 187 187 187
P 102 167 188 188 188
P 103 167 188 188 188
P 104 167 188 188 188
P 105 167 188 188 188
P 106 167 189 189 189
P 107 167 189 189 189
P 108 167 189 189 189
P 109 167 189 189 189
P 110 167 190 190 190
P 111 167 190 190 190
P 112 167 190 190 190
P 113 167 190 190 190
P 114 167 191 191 191
P 115 167 191 191 191
P 116 167 191 191 191
P 117 167 191 191 191
P 118 167 192 192 192
P 119 167 192 192 192
P 120 167 192 192 192
P 121 167 192 192 192
P 122 167 193 193 193
P 123 167 193 193 193
P 124 167 193 193 193
P 125 167 193 193 193
P 126 167 194 194 194
P 127 167 194 194 194
P 128 167 194 194 194
P 129 167 194 194 194
P 130 167 195 195 195
P 131 167 195 195 195
P 132 167 195 195 195
P 133 167 195 195 195
P 134 167 196 196 196
P 135 167 196 196 196
P 136 167 196 196 196
P 137 167 196 196 196
P 138 167 197 197 197
P 139 167 197 197 197
P 140 167 197 197 197
P 141 167 197 197 197
P 142 167 198 198 198
P 143 167 198 198 198
P 144 167 198 198 198
P 145 167 198 198 198
P 146 167 199 199 199
P 147 167 199 199 199
P 148 167 199 199 199
P 149 167 199 199 199
P 150 167 200 200 200
P 151 167 200 200 200
P 152 167 200 200 200
P 153 167 200 200 200
P 154 167 201 201 201
P 155 167 201 201 201
P 156 167 201 201 201
P 157 167 201 201 201
P 158 167 202 202 202
P 159 167 202 202 202
P 160 167 202 202 202
P 161 167 202 202 202
P 162 167 203 203 203
P 163 167 203 203 203
P 164 167 203 203 203
P 165 167 203 203 203
P 166 167 204 204 204
P 167 167 204 204 204
P 168 167 204 204 204
P 169 167 204 204 204
P 170 167 205 205 205
P 171 167 205 205 205
P 172 167 205 205 205
P 173 167 205 205 205
P 174 167 206 206 206
P 175 167 206 206 206
P 176 167 206 206 206
P 177 167 206 206 206
P 178 167 207 207 207
P 179 167 207 207 207
P 180 167 207 207 207
P 181 167 207 207 207
P 182 167 208 208 208
P 183 167 208 208 208
P 184 167 208 208 208
P 185 167 208 208 208
P 186 167 209 209 209
P 187 167 209 209 209
P 188 167 209 209 209
P 189 167 209 209 209
P 190 167 210 210 210
P 191 167 210 210 210
P 192 167 210 210 210
P 193 167 210 210 210
P 194 167 211 211 211
P 195 167 211 211 211
P 196 167 211 211 211
P 197 167 211 211 211
P 198 167 212 212 212
P 199 167 212 212 212
P 200 167 212 212 212
P 201 167 212 212 212
P 202 167 213 213 213
P 203 167 213 213 213
P 204 167 213 213 213
P 205 167 213 213 213
P 206 167 214 214 214
P 47 168 174 174 174
P 48 168 174 174 174
P 49 168 175 175 175
P 50 168 175 175 175
P 51 168 175 175 175
P 52 168 175 175 175
P 53 168 176 176 176
P 54 168 176 176 176
P 55 168 176 176 176
P 56 168 176 176 176
P 57 168 177 177 177
P 58 168 177 177 177
P 59 168 177 177 177
P 60 168 177 177 177
P 61 168 178 178 178
P 62 168 178 178 178
P 63 168 178 178 178
P 64 168 178 178 178
P 65 168 179 179 179
P 66 168 179 179 179
P 67 168 179 179 179
P 68 168 179 179 179
P 69 168 180 180 180
P 70 168 180 180 180
P 71 168 180 180 180
P 72 168 180 180 180
P 73 168 181 181 181
P 74 168 181 181 181
P 75 168 181 181 181
P 76 168 181 181 181
P 77 168 182 182 182
P 78 168 182 182 182
P 79 168 182 182 182
P 80 168 182 182 182
P 81 168 183 183 183
P 82 168 183 183 183
P 83 168 183 183 183
P 84 168 183 183 183
P 85 168 184 184 184
P 86 168 184 184 184
P 87 168 184 184 184
P 88 168 184 184 184
P 89 168 185 185 185
P 90 168 185 185 185
P 91 168 185 185 185
P 92 168 185 185 185
P 93 168 186 186 186
P 94 168 186 186 186
P 95 168 186 186 186
P 96 168 186 186 186
P 97 168 187 187 187
P 98 168 187 187 187
P 99 168 187 187 187
P 100 168 187 187 187
P 101 168 188 188 188
P 102 168 188 188 188
P 103 168 188 188 188
P 104 168 188 188 188
P 105 168 189 189 189
P 106 168 189 189 189
P 107 168 189 189 189
P 108 168 189 189 189
P 109 168 190 190 190
P 110 168 190 190 190
P 111 168 190 190 190
P 112 168 190 190 190
P 113 168 191 191 191
P 114 168 191 191 191
P 115 168 191 191 191
P 116 168 191 191 191
P 117 168 192 192 192
P 118 168 192 192 192
P 119 168 192 192 192
P 120 168 192 192 192
P 121 168 193 193 193
P 122 168 193 193 193
P 123 168 193 193 193
P 124 168 193 193 193
P 125 168 194 194 194
P 126 168 194 194 194
P 127 168 194 194 194
P 128 168 194 194 194
P 129 168 195 195 195
P 130 168 195 195 195
P 131 168 195 195 195
P 132 168 195 195 195
P 133 168 196 196 196
P 134 168 196 196 196
P 135 168 196 196 196
P 136 168 196 196 196
P 137 168 197 197 197
P 138 168 197 197 197
P 139 168 197 197 197
P 140 168 197 197 197
P 141 168 198 198 198
P 142 168 198 198 198
P 143 168 198 198 198
P 144 168 198 198 198
P 145 168 199 199 199
P 146 168 199 199 199
P 147 168 199 199 199
P 148 168 199 199 199
P 149 168 200 200 200
P 150 168 200 200 200
P 151 168 200 200 200
P 152 168 200 200 200
P 153 168 201 201 201
P 154 168 201 201 201
P 155 168 201 201 201
P 156 168 201 201 201
P 157 168 202 202 202
P 158 168 202 202 202
P 159 168 202 202 202
P 160 168 202 202 202
P 161 168 203 203 203
P 162 168 203 203 203
P 163 168 203 203 203
P 164 168 203 203 203
P 165 168 204 204 204
P 166 168 204 204 204
P 167 168 204 204 204
P 168 168 204 204 204
P 169 168 205 205 205
P 170 168 205 205 205
P 171 168 205 205 205
P 172 168 205 205 205
P 173 168 206 206 206
P 174 168 206 206 206
P 175 168 206 206 206
P 176 168 206 206 206
P 177 168 207 207 207
P 178 168 207 207 207
P 179 168 207 207 207
P 180 168 207 207 207
P 181 168 208 208 208
P 182 168 208 208 208
P 183 168 208 208 208
P 184 168 208 208 208
P 185 168 209 209 209
P 186 168 209 209 209
P 187 168 209 209 209
P 188 168 209 209 209
P 189 168 210 210 210
P 190 168 210 210 210
P 191 168 210 210 210
P 192 168 210 210 210
P 193 168 211 211 211
P 194 168 211 211 211
P 195 168 211 211 211
P 196 168 211 211 211
P 197 168 212 212 212
P 198 168 212 212 212
P 199 168 212 212 212
P 200 168 212 212 212
P 201 168 213 213 213
P 202 168 213 213 213
P 203 168 213 213 213
P 204 168 213 213 213
P 205 168 214 214 214
P 206 168 214 214 214
P 47 169 174 174 174
P 48 169 175 175 175
P 49 169 175 175 175
P 50 169 175 175 175
P 51 169 175 175 175
P 52 169 176 176 176
P 53 169 176 176 176
P 54 169 176 176 176
P 55 169 176 176 176
P 56 169 177 177 177
P 57 169 177 177 177
P 58 169 177 177 177
P 59 169 177 177 177
P 60 169 178 178 178
P 61 169 178 178 178
P 62 169 178 178 178
P 63 169 178 178 178
P 64 169 179 179 179
P 65 169 179 179 179
P 66 169 179 179 179
P 67 169 179 179 179
P 68 169 180 180 180
P 69 169 180 180 180
P 70 169 180 180 180
P 71 169 180 180 180
P 72 169 181 181 181
P 73 169 181 181 181
P 74 169 181 181 181
P 75 169 181 181 181
P 76 169 182 182 182
P 77 169 182 182 182
P 78 169 182 182 182
P 79 169 182 182 182
P 80 169 183 183 183
P 81 169 183 183 183
P 82 169 183 183 183
P 83 169 183 183 183
P 84 169 184 184 184
P 85 169 184 184 184
P 86 169 184 184 184
P 87 169 184 184 184
P 88 169 185 185 185
P 89 169 185 185 185
P 90 169 185 185 185
P 91 169 185 185 185
P 92 169 186 186 186
P 93 169 186 186 186
P 94 169 186 186 186
P 95 169 186 186 186
P 96 169 187 187 187
P 97 169 187 187 187
P 98 169 187 187 187
P 99 169 187 187 187
P 100 169 188 188 188
P 101 169 188 188 188
P 102 169 188 188 188
P 103 169 188 188 188
P 104 169 189 189 189
P 105 169 189 189 189
P 106 169 189 189 189
P 107 169 189 189 189
P 108 169 190 190 190
P 109 169 190 190 190
P 110 169 190 190 190
P 111 169 190 190 190
P 112 169 191 191 191
P 113 169 191 191 191
P 114 169 191 191 191
P 115 169 191 191 191
P 116 169 192 192 192
P 117 169 192 192 192
P 118 169 192 192 192
P 119 169 192 192 192
P 120 169 193 193 193
P 121 169 193 193 193
P 122 169 193 193 193
P 123 169 193 193 193
P 124 169 194 194 194
P 125 169 194 194 194
P 126 169 194 194 194
P 127 169 194 194 194
P 128 169 195 195 195
P 129 169 195 195 195
P 130 169 195 195 195
P 131 169 195 195 195
P 132 169 196 196 196
P 133 169 196 196 196
P 134 169 196 196 196
P 135 169 196 196 196
P 136 169 197 197 197
P 137 169 197 197 197
P 138 169 197 197 197
P 139 169 197 197 197
P 140 169 198 198 198
P 141 169 198 198 198
P 142 169 198 198 198
P 143 169 198 198 198
P 144 169 199 199 199
P 145 169 199 199 199
P 146 169 199 199 199
P 147 169 199 199 199
P 148 169 200 200 200
P 149 169 200 200 200
P 150 169 200 200 200
P 151 169 200 200 200
P 152 169 201 201 201
P 153 169 201 201 201
P 154 169 201 201 201
P 155 169 201 201 201
P 156 169 202 202 202
P 157 169 202 202 202
P 158 169 202 202 202
P 159 169 202 202 202
P 160 169 203 203 203
P 161 169 203 203 203
P 162 169 203 203 203
P 163 169 203 203 203
P 164 169 204 204 204
P 165 169 204 204 204
P 166 169 204 204 204
P 167 169 204 204 204
P 168 169 205 205 205
P 169 169 205 205 205
P 170 169 205 205 205
P 171 169 205 205 205
P 172 169 206 206 206
P 173 169 206 206 206
P 174 169 206 206 206
P 175 169 206 206 206
P 176 169 207 207 207
P 177 169 207 207 207
P 178 169 207 207 207
P 179 169 207 207 207
P 180 169 208 208 208
P 181 169 208 208 208
P 182 169 208 208 208
P 183 169 208 208 208
P 184 169 209 209 209
P 185 169 209 209 209
P 186 169 209 209 209
P 187 169 209 209 209
P 188 169 210 210 210
P 189 169 210 210 210
P 190 169 210 210 210
P 191 169 210 210 210
P 192 169 211 211 211
P 193 169 211 211 211
P 194 169 211 211 211
P 195 169 211 211 211
P 196 169 212 212 212
P 197 169 212 212 212
P 198 169 212 212 212
P 199 169 212 212 212
P 200 169 213 213 213
P 201 169 213 213 213
P 202 169 213 213 213
P 203 169 213 213 213
P 204 169 214 214 214
P 205 169 214 214 214
P 206 169 214 214 214
P 207 169 214 214 214
P 47 170 175 175 175
P 48 170 175 175 175
P 49 170 175 175 175
P 50 170 175 175 175
P 51 170 176 176 176
P 52 170 176 176 176
P 53 170 176 176 176
P 54 170 176 176 176
P 55 170 177 177 177
P 56 170 177 177 177
P 57 170 177 177 177
P 58 170 177 177 177
P 59 170 178 178 178
P 60 170 178 178 178
P 61 170 178 178 178
P 62 170 178 178 178
P 63 170 179 179 179
P 64 170 179 179 179
P 65 170 179 179 179
P 66 170 179 179 179
P 67 170 180 180 180
P 68 170 180 180 180
P 69 170 180 180 180
P 70 170 180 180 180
P 71 170 181 181 181
P 72 170 181 181 181
P 73 170 181 181 181
P 74 170 181 181 181
P 75 170 182 182 182
P 76 170 182 182 182
P 77 170 182 182 182
P 78 170 182 182 182
P 79 170 183 183 183
P 80 170 183 183 183
P 81 170 183 183 183
P 82 170 183 183 183
P 83 170 184 184 184
P 84 170 184 184 184
P 85 170 184 184 184
P 86 170 184 184 184
P 87 170 185 185 185
P 88 170 185 185 185
P 89 170 185 185 185
P 90 170 185 185 185
P 91 170 186 186 186
P 92 170 186 186 186
P 93 170 186 186 186
P 94 170 186 186 186
P 95 170 187 187 187
P 96 170 187 187 187
P 97 170 187 187 187
P 98 170 187 187 187
P 99 170 188 188 188
P 100 170 188 188 188
P 101 170 188 188 188
P 102 170 188 188 188
P 103 170 189 189 189
P 104 170 189 189 189
P 105 170 189 189 189
P 106 170 189 189 189
P 107 170 190 190 190
P 108 170 190 190 190
P 109 170 190 190 190
P 110 170 190 190 190
P 111 170 191 191 191
P 112 170 191 191 191
P 113 170 191 191 191
P 114 170 191 191 191
P 115 170 192 192 192
P 116 170 192 192 192
P 117 170 192 192 192
P 118 170 192 192 192
P 119 170 193 193 193
P 120 170 193 193 193
P 121 170 193 193 193
P 122 170 193 193 193
P 123 170 194 194 194
P 124 170 194 194 194
P 125 170 194 194 194
P 126 170 194 194 194
P 127 170 195 195 195
P 128 170 195 195 195
P 129 170 195 195 195
P 130 170 195 195 195
P 131 170 196 196 196
P 132 170 196 196 196
P 133 170 196 196 196
P 134 170 196 196 196
P 135 170 197 197 197
P 136 170 197 197 197
P 137 170 197 197 197
P 138 170 197 197 197
P 139 170 198 198 198
P 140 170 198 198 198
P 141 170 198 198 198
P 142 170 198 198 198
P 143 170 199 199 199
P 144 170 199 199 199
P 145 170 199 199 199
P 146 170 199 199 199
P 147 170 200 200 200
P 148 170 200 200 200
P 149 170 200 200 200
P 150 170 200 200 200
P 151 170 201 201 201
P 152 170 201 201 201
P 153 170 201 201 201
P 154 170 201 201 201
P 155 170 202 202 202
P 156 170 202 202 202
P 157 170 202 202 202
P 158 170 202 202 202
P 159 170 203 203 203
P 160 170 203 203 203
P 161 170 203 203 203
P 162 170 203 203 203
P 163 170 204 204 204
P 164 170 204 204 204
P 165 170 204 204 204
P 166 170 204 204 204
P 167 170 205 205 205
P 168 170 205 205 205
P 169 170 205 205 205
P 170 170 205 205 205
P 171 170 206 206 206
P 172 170 206 206 206
P 173 170 206 206 206
P 174 170 206 206 206
P 175 170 207 207 207
P 176 170 207 207 207
P 177 170 207 207 207
P 178 170 207 207 207
P 179 170 208 208 208
P 180 170 208 208 208
P 181 170 208 208 208
P 182 170 208 208 208
P 183 170 209 209 209
P 184 170 209 209 209
P 185 170 209 209 209
P 186 170 209 209 209
P 187 170 210 210 210
P 188 170 210 210 210
P 189 170 210 210 210
P 190 170 210 210 210
P 191 170 211 211 211
P 192 170 211 211 211
P 193 170 211 211 211
P 194 170 211 211 211
P 195 170 212 212 212
P 196 170 212 212 212
P 197 170 212 212 212
P 198 170 212 212 212
P 199 170 213 213 213
P 200 170 213 213 213
P 201 170 213 213 213
P 202 170 213 213 213
P 203 170 214 214 214
P 204 170 214 214 214
P 205 170 214 214 214
P 206 170 214 214 214
P 207 170 215 215 215
P 47 171 175 175 175
P 48 171 175 175 175
P 49 171 175 175 175
P 50 171 176 176 176
P 51 171 176 176 176
P 52 171 176 176 176
P 53 171 176 176 176
P 54 171 177 177 177
P 55 171 177 177 177
P 56 171 177 177 177
P 57 171 177 177 177
P 58 171 178 178 178
P 59 171 178 178 178
P 60 171 178 178 178
P 61 171 178 178 178
P 62 171 179 179 179
P 63 171 179 179 179
P 64 171 179 179 179
P 65 171 179 179 179
P 66 171 180 180 180
P 67 171 180 180 180
P 68 171 180 180 180
P 69 171 180 180 180
P 70 171 181 181 181
P 71 171 181 181 181
P 72 171 181 181 181
P 73 171 181 181 181
P 74 171 182 182 182
P 75 171 182 182 182
P 76 171 182 182 182
P 77 171 182 182 182
P 78 171 183 183 183
P 79 171 183 183 183
P 80 171 183 183 183
P 81 171 183 183 183
P 82 171 184 184 184
P 83 171 184 184 184
P 84 171 184 184 184
P 85 171 184 184 184
P 86 171 185 185 185
P 87 171 185 185 185
P 88 171 185 185 185
P 89 171 185 185 185
P 90 171 186 186 186
P 91 171 186 186 186
P 92 171 186 186 186
P 93 171 186 186 186
P 94 171 187 187 187
P 95 171 187 187 187
P 96 171 187 187 187
P 97 171 187 187 187
P 98 171 188 188 188
P 99 171 188 188 188
P 100 171 188 188 188
P 101 171 188 188 188
P 102 171 189 189 189
P 103 171 189 189 189
P 104 171 189 189 189
P 105 171 189 189 189
P 106 171 190 190 190
P 107 171 190 190 190
P 108 171 190 190 190
P 109 171 190 190 190
P 110 171 191 191 191
P 111 171 191 191 191
P 112 171 191 191 191
P 113 171 191 191 191
P 114 171 192 192 192
P 115 171 192 192 192
P 116 171 192 192 192
P 117 171 192 192 192
P 118 171 193 193 193
P 119 171 193 193 193
P 120 171 193 193 193
P 121 171 193 193 193
P 122 171 194 194 194
P 123 171 194 194 194
P 124 171 194 194 194
P 125 171 194 194 194
P 126 171 195 195 195
P 127 171 195 195 195
P 128 171 195 195 195
P 129 171 195 195 195
P 130 171 196 196 196
P 131 171 196 196 196
P 132 171 196 196 196
P 133 171 196 196 196
P 134 171 197 197 197
P 135 171 197 197 197
P 136 171 197 197 197
P 137 171 197 197 197
P 138 171 198 198 198
P 139 171 198 198 198
P 140 171 198 198 198
P 141 171 198 198 198
P 142 171 199 199 199
P 143 171 199 199 199
P 144 171 199 199 199
P 145 171 199 199 199
P 146 171 200 200 200
P 147 171 200 200 200
P 148 171 200 200 200
P 149 171 200 200 200
P 150 171 201 201 201
P 151 171 201 201 201
P 152 171 201 201 201
P 153 171 201 201 201
P 154 171 202 202 202
P 155 171 202 202 202
P 156 171 202 202 202
P 157 171 202 202 202
P 158 171 203 203 203
P 159 171 203 203 203
P 160 171 203 203 203
P 161 171 203 203 203
P 162 171 204 204 204
P 163 171 204 204 204
P 164 171 204 204 204
P 165 171 204 204 204
P 166 171 205 205 205
P 167 171 205 205 205
P 168 171 205 205 205
P 169 171 205 205 205
P 170 171 206 206 206
P 171 171 206 206 206
P 172 171 206 206 206
P 173 171 206 206 206
P 174 171 207 207 207
P 175 171 207 207 207
P 176 171 207 207 207
P 177 171 207 207 207
P 178 171 208 208 208
P 179 171 208 208 208
P 180 171 208 208 208
P 181 171 208 208 208
P 182 171 209 209 209
P 183 171 209 209 209
P 184 171 209 209 209
P 185 171 209 209 209
P 186 171 210 210 210
P 187 171 210 210 210
P 188 171 210 210 210
P 189 171 210 210 210
P 190 171 211 211 211
P 191 171 211 211 211
P 192 171 211 211 211
P 193 171 211 211 211
P 194 171 212 212 212
P 195 171 212 212 212
P 196 171 212 212 212
P 197 171 212 212 212
P 198 171 213 213 213
P 199 171 213 213 213
P 200 171 213 213 213
P 201 171 213 213 213
P 202 171 214 214 214
P 203 171 214 214 214
P 204 171 214 214 214
P 205 171 214 214 214
P 206 171 215 215 215
P 207 171 215 215 215
P 47 172 175 175 175
P 48 172 175 175 175
P 49 172 176 176 176
P 50 172 176 176 176
P 51 172 176 176 176
P 52 172 176 176 176
P 53 172 177 177 177
P 54 172 177 177 177
P 55 172 177 177 177
P 56 172 177 177 177
P 57 172 178 178 178
P 58 172 178 178 178
P 59 172 178 178 178
P 60 172 178 178 178
P 61 172 179 179 179
P 62 172 179 179 179
P 63 172 179 179 179
P 64 172 179 179 179
P 65 172 180 180 180
P 66 172 180 180 180
P 67 172 180 180 180
P 68 172 180 180 180
P 69 172 181 181 181
P 70 172 181 181 181
P 71 172 181 181 181
P 72 172 181 181 181
P 73 172 182 182 182
P 74 172 182 182 182
P 75 172 182 182 182
P 76 172 182 182 182
P 77 172 183 183 183
P 78 172 183 183 183
P 79 172 183 183 183
P 80 172 183 183 183
P 81 172 184 184 184
P 82 172 184 184 184
P 83 172 184 184 184
P 84 172 184 184 184
P 85 172 185 185 185
P 86 172 185 185 185
P 87 172 185 185 185
P 88 172 185 185 185
P 89 172 186 186 186
P 90 172 186 186 186
P 91 172 186 186 186
P 92 172 186 186 186
P 93 172 187 187 187
P 94 172 187 187 187
P 95 172 187 187 187
P 96 172 187 187 187
P 97 172 188 188 188
P 98 172 188 188 188
P 99 172 188 188 188
P 100 172 188 188 188
P 101 172 189 189 189
P 102 172 189 189 189
P 103 172 189 189 189
P 104 172 189 189 189
P 105 172 190 190 190
P 106 172 190 190 190
P 107 172 190 190 190
P 108 172 190 190 190
P 109 172 191 191 191
P 110 172 191 191 191
P 111 172 191 191 191
P 112 172 191 191 191
P 113 172 192 192 192
P 114 172 192 192 192
P 115 172 192 192 192
P 116 172 192 192 192
P 117 172 193 193 193
P 118 172 193 193 193
P 119 172 193 193 193
P 120 172 193 193 193
P 121 172 194 194 194
P 122 172 194 194 194
P 123 172 194 194 194
P 124 172 194 194 194
P 125 172 195 195 195
P 126 172 195 195 195
P 127 172 195 195 195
P 128 172 195 195 195
P 129 172 196 196 196
P 130 172 196 196 196
P 131 172 196 196 196
P 132 172 196 196 196
P 133 172 197 197 197
P 134 172 197 197 197
P 135 172 197 197 197
P 136 172 197 197 197
P 137 172 198 198 198
P 138 172 198 198 198
P 139 172 198 198 198
P 140 172 198 198 198
P 141 172 199 199 199
P 142 172 199 199 199
P 143 172 199 199 199
P 144 172 199 199 199
P 145 172 200 200 200
P 146 172 200 200 200
P 147 172 200 200 200
P 148 172 200 200 200
P 149 172 201 201 201
P 150 172 201 201 201
P 151 172 201 201 201
P 152 172 201 201 201
P 153 172 202 202 202
P 154 172 202 202 202
P 155 172 202 202 202
P 156 172 202 202 202
P 157 172 203 203 203
P 158 172 203 203 203
P 159 172 203 203 203
P 160 172 203 203 203
P 161 172 204 204 204
P 162 172 204 204 204
P 163 172 204 204 204
P 164 172 204 204 204
P 165 172 205 205 205
P 166 172 205 205 205
P 167 172 205 205 205
P 168 172 205 205 205
P 169 172 206 206 206
P 170 172 206 206 206
P 171 172 206 206 206
P 172 172 206 206 206
P 173 172 207 207 207
P 174 172 207 207 207
P 175 172 207 207 207
P 176 172 207 207 207
P 177 172 208 208 208
P 178 172 208 208 208
P 179 172 208 208 208
P 180 172 208 208 208
P 181 172 209 209 209
P 182 172 209 209 209
P 183 172 209 209 209
P 184 172 209 209 209
P 185 172 210 210 210
P 186 172 210 210 210
P 187 172 210 210 210
P 188 172 210 210 210
P 189 172 211 211 211
P 190 172 211 211 211
P 191 172 211 211 211
P 192 172 211 211 211
P 193 172 212 212 212
P 194 172 212 212 212
P 195 172 212 212 212
P 196 172 212 212 212
P 197 172 213 213 213
P 198 172 213 213 213
P 199 172 213 213 213
P 200 172 213 213 213
P 201 172 214 214 214
P 202 172 214 214 214
P 203 172 214 214 214
P 204 172 214 214 214
P 205 172 215 215 215
P 206 172 215 215 215
P 207 172 215 215 215
P 48 173 176 176 176
P 49 173 176 176 176
P 50 173 176 176 176
P 51 173 176 176 176
P 52 173 177 177 177
P 53 173 177 177 177
P 54 173 177 177 177
P 55 173 177 177 177
P 56 173 178 178 178
P 57 173 178 178 178
P 58 173 178 178 178
P 59 173 178 178 178
P 60 173 179 179 179
P 61 173 179 179 179
P 62 173 179 179 179
P 63 173 179 179 179
P 64 173 180 180 180
P 65 173 180 180 180
P 66 173 180 180 180
P 67 173 180 180 180
P 68 173 181 181 181
P 69 173 181 181 181
P 70 173 181 181 181
P 71 173 181 181 181
P 72 173 182 182 182
P 73 173 182 182 182
P 74 173 182 182 182
P 75 173 182 182 182
P 76 173 183 183 183
P 77 173 183 183 183
P 78 173 183 183 183
P 79 173 183 183 183
P 80 173 184 184 184
P 81 173 184 184 184
P 82 173 184 184 184
P 83 173 184 184 184
P 84 173 185 185 185
P 85 173 185 185 185
P 86 173 185 185 185
P 87 173 185 185 185
P 88 173 186 186 186
P 89 173 186 186 186
P 90 173 186 186 186
P 91 173 186 186 186
P 92 173 187 187 187
P 93 173 187 187 187
P 94 173 187 187 187
P 95 173 187 187 187
P 96 173 188 188 188
P 97 173 188 188 188
P 98 173 188 188 188
P 99 173 188 188 188
P 100 173 189 189 189
P 101 173 189 189 189
P 102 173 189 189 189
P 103 173 189 189 189
P 104 173 190 190 190
P 105 173 190 190 190
P 106 173 190 190 190
P 107 173 190 190 190
P 108 173 191 191 191
P 109 173 191 191 191
P 110 173 191 191 191
P 111 173 191 191 191
P 112 173 192 192 192
P 113 173 192 192 192
P 114 173 192 192 192
P 115 173 192 192 192
P 116 173 193 193 193
P 117 173 193 193 193
P 118 173 193 193 193
P 119 173 193 193 193
P 120 173 194 194 194
P 121 173 194 194 194
P 122 173 194 194 194
P 123 173 194 194 194
P 124 173 195 195 195
P 125 173 195 195 195
P 126 173 195 195 195
P 127 173 195 195 195
P 128 173 196 196 196
P 129 173 196 196 196
P 130 173 196 196 196
P 131 173 196 196 196
P 132 173 197 197 197
P 133 173 197 197 197
P 134 173 197 197 197
P 135 173 197 197 197
P 136 173 198 198 198
P 137 173 198 198 198
P 138 173 198 198 198
P 139 173 198 198 198
P 140 173 199 199 199
P 141 173 199 199 199
P 142 173 199 199 199
P 143 173 199 199 199
P 144 173 200 200 200
P 145 173 200 200 200
P 146 173 200 200 200
P 147 173 200 200 200
P 148 173 201 201 201
P 149 173 201 201 201
P 150 173 201 201 201
P 151 173 201 201 201
P 152 173 202 202 202
P 153 173 202 202 202
P 154 173 202 202 202
P 155 173 202 202 202
P 156 173 203 203 203
P 157 173 203 203 203
P 158 173 203 203 203
P 159 173 203 203 203
P 160 173 204 204 204
P 161 173 204 204 204
P 162 173 204 204 204
P 163 173 204 204 204
P 164 173 205 205 205
P 165 173 205 205 205
P 166 173 205 205 205
P 167 173 205 205 205
P 168 173 206 206 206
P 169 173 206 206 206
P 170 173 206 206 206
P 171 173 206 206 206
P 172 173 207 207 207
P 173 173 207 207 207
P 174 173 207 207 207
P 175 173 207 207 207
P 176 173 208 208 208
P 177 173 208 208 208
P 178 173 208 208 208
P 179 173 208 208 208
P 180 173 209 209 209
P 181 173 209 209 209
P 182 173 209 209 209
P 183 173 209 209 209
P 184 173 210 210 210
P 185 173 210 210 210
P 186 173 210 210 210
P 187 173 210 210 210
P 188 173 211 211 211
P 189 173 211 211 211
P 190 173 211 211 211
P 191 173 211 211 211
P 192 173 212 212 212
P 193 173 212 212 212
P 194 173 212 212 212
P 195 173 212 212 212
P 196 173 213 213 213
P 197 173 213 213 213
P 198 173 213 213 213
P 199 173 213 213 213
P 200 173 214 214 214
P 201 173 214 214 214
P 202 173 214 214 214
P 203 173 214 214 214
P 204 173 215 215 215
P 205 173 215 215 215
P 206 173 215 215 215
P 207 173 215 215 215
P 48 174 176 176 176
P 49 174 176 176 176
P 50 174 176 176 176
P 51 174 177 177 177
P 52 174 177 177 177
P 53 174 177 177 177
P 54 174 177 177 177
P 55 174 178 178 178
P 56 174 178 178 178
P 57 174 178 178 178
P 58 174 178 178 178
P 59 174 179 179 179
P 60 174 179 179 179
P 61 174 179 179 179
P 62 174 179 179 179
P 63 174 180 180 180
P 64 174 180 180 180
P 65 174 180 180 180
P 66 174 180 180 180
P 67 174 181 181 181
P 68 174 181 181 181
P 69 174 181 181 181
P 70 174 181 181 181
P 71 174 182 182 182
P 72 174 182 182 182
P 73 174 182 182 182
P 74 174 182 182 182
P 75 174 183 183 183
P 76 174 183 183 183
P 77 174 183 183 183
P 78 174 183 183 183
P 79 174 184 184 184
P 80 174 184 184 184
P 81 174 184 184 184
P 82 174 184 184 184
P 83 174 185 185 185
P 84 174 185 185 185
P 85 174 185 185 185
P 86 174 185 185 185
P 87 174 186 186 186
P 88 174 186 186 186
P 89 174 186 186 186
P 90 174 186 186 186
P 91 174 187 187 187
P 92 174 187 187 187
P 93 174 187 187 187
P 94 174 187 187 187
P 95 174 188 188 188
P 96 174 188 188 188
P 97 174 188 188 188
P 98 174 188 188 188
P 99 174 189 189 189
P 100 174 189 189 189
P 101 174 189 189 189
P 102 174 189 189 189
P 103 174 190 190 190
P 104 174 190 190 190
P 105 174 190 190 190
P 106 174 190 190 190
P 107 174 191 191 191
P 108 174 191 191 191
P 109 174 191 191 191
P 110 174 191 191 191
P 111 174 192 192 192
P 112 174 192 192 192
P 113 174 192 192 192
P 114 174 192 192 192
P 115 174 193 193 193
P 116 174 193 193 193
P 117 174 193 193 193
P 118 174 193 193 193
P 119 174 194 194 194
P 120 174 194 194 194
P 121 174 194 194 194
P 122 174 194 194 194
P 123 174 195 195 195
P 124 174 195 195 195
P 125 174 195 195 195
P 126 174 195 195 195
P 127 174 196 196 196
P 128 174 196 196 196
P 129 174 196 196 196
P 130 174 196 196 196
P 131 174 197 197 197
P 132 174 197 197 197
P 133 174 197 197 197
P 134 174 197 197 197
P 135 174 198 198 198
P 136 174 198 198 198
P 137 174 198 198 198
P 138 174 198 198 198
P 139 174 199 199 199
P 140 174 199 199 199
P 141 174 199 199 199
P 142 174 199 199 199
P 143 174 200 200 200
P 144 174 200 200 200
P 145 174 200 200 200
P 146 174 200 200 200
P 147 174 201 201 201
P 148 174 201 201 201
P 149 174 201 201 201
P 150 174 201 201 201
P 151 174 202 202 202
P 152 174 202 202 202
P 153 174 202 202 202
P 154 174 202 202 202
P 155 174 203 203 203
P 156 174 203 203 203
P 157 174 203 203 203
P 158 174 203 203 203
P 159 174 204 204 204
P 160 174 204 204 204
P 161 174 204 204 204
P 162 174 204 204 204
P 163 174 205 205 205
P 164 174 205 205 205
P 165 174 205 205 205
P 166 174 205 205 205
P 167 174 206 206 206
P 168 174 206 206 206
P 169 174 206 206 206
P 170 174 206 206 206
P 171 174 207 207 207
P 172 174 207 207 207
P 173 174 207 207 207
P 174 174 207 207 207
P 175 174 208 208 208
P 176 174 208 208 208
P 177 174 208 208 208
P 178 174 208 208 208
P 179 174 209 209 209
P 180 174 209 209 209
P 181 174 209 209 209
P 182 174 209 209 209
P 183 174 210 210 210
P 184 174 210 210 210
P 185 174 210 210 210
P 186 174 210 210 210
P 187 174 211 211 211
P 188 174 211 211 211
P 189 174 211 211 211
P 190 174 211 211 211
P 191 174 212 212 212
P 192 174 212 212 212
P 193 174 212 212 212
P 194 174 212 212 212
P 195 174 213 213 213
P 196 174 213 213 213
P 197 174 213 213 213
P 198 174 213 213 213
P 199 174 214 214 214
P 200 174 214 214 214
P 201 174 214 214 214
P 202 174 214 214 214
P 203 174 215 215 215
P 204 174 215 215 215
P 205 174 215 215 215
P 206 174 215 215 215
P 207 174 216 216 216
P 48 175 176 176 176
P 49 175 176 176 176
P 50 175 177 177 177
P 51 175 177 177 177
P 52 175 177 177 177
P 53 175 177 177 177
P 54 175 178 178 178
P 55 175 178 178 178
P 56 175 178 178 178
P 57 175 178 178 178
P 58 175 179 179 179
P 59 175 179 179 179
P 60 175 179 179 179
P 61 175 179 179 179
P 62 175 180 180 180
P 63 175 180 180 180
P 64 175 180 180 180
P 65 175 180 180 180
P 66 175 181 181 181
P 67 175 181 181 181
P 68 175 181 181 181
P 69 175 181 181 181
P 70 175 182 182 182
P 71 175 182 182 182
P 72 175 182 182 182
P 73 175 182 182 182
P 74 175 183 183 183
P 75 175 183 183 183
P 76 175 183 183 183
P 77 175 183 183 183
P 78 175 184 184 184
P 79 175 184 184 184
P 80 175 184 184 184
P 81 175 184 184 184
P 82 175 185 185 185
P 83 175 185 185 185
P 84 175 185 185 185
P 85 175 185 185 185
P 86 175 186 186 186
P 87 175 186 186 186
P 88 175 186 186 186
P 89 175 186 186 186
P 90 175 187 187 187
P 91 175 187 187 187
P 92 175 187 187 187
P 93 175 187 187 187
P 94 175 188 188 188
P 95 175 188 188 188
P 96 175 188 188 188
P 97 175 188 188 188
P 98 175 189 189 189
P 99 175 189 189 189
P 100 175 189 189 189
P 101 175 189 189 189
P 102 175 190 190 190
P 103 175 190 190 190
P 104 175 190 190 190
P 105 175 190 190 190
P 106 175 191 191 191
P 107 175 191 191 191
P 108 175 191 191 191
P 109 175 191 191 191
P 110 175 192 192 192
P 111 175 192 192 192
P 112 175 192 192 192
P 113 175 192 192 192
P 114 175 193 193 193
P 115 175 193 193 193
P 116 175 193 193 193
P 117 175 193 193 193
P 118 175 194 194 194
P 119 175 194 194 194
P 120 175 194 194 194
P 121 175 194 194 194
P 122 175 195 195 195
P 123 175 195 195 195
P 124 175 195 195 195
P 125 175 195 195 195
P 126 175 196 196 196
P 127 175 196 196 196
P 128 175 196 196 196
P 129 175 196 196 196
P 130 175 197 197 197
P 131 175 197 197 197
P 132 175 197 197 197
P 133 175 197 197 197
P 134 175 198 198 198
P 135 175 198 198 198
P 136 175 198 198 198
P 137 175 198 198 198
P 138 175 199 199 199
P 139 175 199 199 199
P 140 175 199 199 199
P 141 175 199 199 199
P 142 175 200 200 200
P 143 175 200 200 200
P 144 175 200 200 200
P 145 175 200 200 200
P 146 175 201 201 201
P 147 175 201 201 201
P 148 175 201 201 201
P 149 175 201 201 201
P 150 175 202 202 202
P 151 175 202 202 202
P 152 175 202 202 202
P 153 175 202 202 202
P 154 175 203 203 203
P 155 175 203 203 203
P 156 175 203 203 203
P 157 175 203 203 203
P 158 175 204 204 204
P 159 175 204 204 204
P 160 175 204 204 204
P 161 175 204 204 204
P 162 175 205 205 205
P 163 175 205 205 205
P 164 175 205 205 205
P 165 175 205 205 205
P 166 175 206 206 206
P 167 175 206 206 206
P 168 175 206 206 206
P 169 175 206 206 206
P 170 175 207 207 207
P 171 175 207 207 207
P 172 175 207 207 207
P 173 175 207 207 207
P 174 175 208 208 208
P 175 175 208 208 208
P 176 175 208 208 208
P 177 175 208 208 208
P 178 175 209 209 209
P 179 175 209 209 209
P 180 175 209 209 209
P 181 175 209 209 209
P 182 175 210 210 210
P 183 175 210 210 210
P 184 175 210 210 210
P 185 175 210 210 210
P 186 175 211 211 211
P 187 175 211 211 211
P 188 175 211 211 211
P 189 175 211 211 211
P 190 175 212 212 212
P 191 175 212 212 212
P 192 175 212 212 212
P 193 175 212 212 212
P 194 175 213 213 213
P 195 175 213 213 213
P 196 175 213 213 213
P 197 175 213 213 213
P 198 175 214 214 214
P 199 175 214 214 214
P 200 175 214 214 214
P 201 175 214 214 214
P 202 175 215 215 215
P 203 175 215 215 215
P 204 175 215 215 215
P 205 175 215 215 215
P 206 175 216 216 216
P 207 175 216 216 216
P 48 176 176 176 176
P 49 176 177 177 177
P 50 176 177 177 177
P 51 176 177 177 177
P 52 176 177 177 177
P 53 176 178 178 178
P 54 176 178 178 178
P 55 176 178 178 178
P 56 176 178 178 178
P 57 176 179 179 179
P 58 176 179 179 179
P 59 176 179 179 179
P 60 176 179 179 179
P 61 176 180 180 180
P 62 176 180 180 180
P 63 176 180 180 180
P 64 176 180 180 180
P 65 176 181 181 181
P 66 176 181 181 181
P 67 176 181 181 181
P 68 176 181 181 181
P 69 176 182 182 182
P 70 176 182 182 182
P 71 176 182 182 182
P 72 176 182 182 182
P 73 176 183 183 183
P 74 176 183 183 183
P 75 176 183 183 183
P 76 176 183 183 183
P 77 176 184 184 184
P 78 176 184 184 184
P 79 176 184 184 184
P 80 176 184 184 184
P 81 176 185 185 185
P 82 176 185 185 185
P 83 176 185 185 185
P 84 176 185 185 185
P 85 176 186 186 186
P 86 176 186 186 186
P 87 176 186 186 186
P 88 176 186 186 186
P 89 176 187 187 187
P 90 176 187 187 187
P 91 176 187 187 187
P 92 176 187 187 187
P 93 176 188 188 188
P 94 176 188 188 188
P 95 176 188 188 188
P 96 176 188 188 188
P 97 176 189 189 189
P 98 176 189 189 189
P 99 176 189 189 189
P 100 176 189 189 189
P 101 176 190 190 190
P 102 176 190 190 190
P 103 176 190 190 190
P 104 176 190 190 190
P 105 176 191 191 191
P 106 176 191 191 191
P 107 176 191 191 191
P 108 176 191 191 191
P 109 176 192 192 192
P 110 176 192 192 192
P 111 176 192 192 192
P 112 176 192 192 192
P 113 176 193 193 193
P 114 176 193 193 193
P 115 176 193 193 193
P 116 176 193 193 193
P 117 176 194 194 194
P 118 176 194 194 194
P 119 176 194 194 194
P 120 176 194 194 194
P 121 176 195 195 195
P 122 176 195 195 195
P 123 176 195 195 195
P 124 176 195 195 195
P 125 176 196 196 196
P 126 176 196 196 196
P 127 176 196 196 196
P 128 176 196 196 196
P 129 176 197 197 197
P 130 176 197 197 197
P 131 176 197 197 197
P 132 176 197 197 197
P 133 176 198 198 198
P 134 176 198 198 198
P 135 176 198 198 198
P 136 176 198 198 198
P 137 176 199 199 199
P 138 176 199 199 199
P 139 176 199 199 199
P 140 176 199 199 199
P 141 176 200 200 200
P 142 176 200 200 200
P 143 176 200 200 200
P 144 176 200 200 200
P 145 176 201 201 201
P 146 176 201 201 201
P 147 176 201 201 201
P 148 176 201 201 201
P 149 176 202 202 202
P 150 176 202 202 202
P 151 176 202 202 202
P 152 176 202 202 202
P 153 176 203 203 203
P 154 176 203 203 203
P 155 176 203 203 203
P 156 176 203 203 203
P 157 176 204 204 204
P 158 176 204 204 204
P 159 176 204 204 204
P 160 176 204 204 204
P 161 176 205 205 205
P 162 176 205 205 205
P 163 176 205 205 205
P 164 176 205 205 205
P 165 176 206 206 206
P 166 176 206 206 206
P 167 176 206 206 206
P 168 176 206 206 206
P 169 176 207 207 207
P 170 176 207 207 207
P 171 176 207 207 207
P 172 176 207 207 207
P 173 176 208 208 208
P 174 176 208 208 208
P 175 176 208 208 208
P 176 176 208 208 208
P 177 176 209 209 209
P 178 176 209 209 209
P 179 176 209 209 209
P 180 176 209 209 209
P 181 176 210 210 210
P 182 176 210 210 210
P 183 176 210 210 210
P 184 176 210 210 210
P 185 176 211 211 211
P 186 176 211 211 211
P 187 176 211 211 211
P 188 176 211 211 211
P 189 176 212 212 212
P 190 176 212 212 212
P 191 176 212 212 212
P 192 176 212 212 212
P 193 176 213 213 213
P 194 176 213 213 213
P 195 176 213 213 213
P 196 176 213 213 213
P 197 176 214 214 214
P 198 176 214 214 214
P 199 176 214 214 214
P 200 176 214 214 214
P 201 176 215 215 215
P 202 176 215 215 215
P 203 176 215 215 215
P 204 176 215 215 215
P 48 177 177 177 177
P 49 177 177 177 177
P 50 177 177 177 177
P 51 177 177 177 177
P 52 177 178 178 178
P 53 177 178 178 178
P 54 177 178 178 178
P 55 177 178 178 178
P 56 177 179 179 179
P 57 177 179 179 179
P 58 177 179 179 179
P 59 177 179 179 179
P 60 177 180 180 180
P 61 177 180 180 180
P 62 177 180 180 180
P 63 177 180 180 180
P 64 177 181 181 181
P 65 177 181 181 181
P 66 177 181 181 181
P 67 177 181 181 181
P 68 177 182 182 182
P 69 177 182 182 182
P 70 177 182 182 182
P 71 177 182 182 182
P 72 177 183 183 183
P 73 177 183 183 183
P 74 177 183 183 183
P 75 177 183 183 183
P 76 177 184 184 184
P 77 177 184 184 184
P 78 177 184 184 184
P 79 177 184 184 184
P 80 177 185 185 185
P 81 177 185 185 185
P 82 177 185 185 185
P 83 177 185 185 185
P 84 177 186 186 186
P 85 177 186 186 186
P 86 177 186 186 186
P 87 177 186 186 186
P 88 177 187 187 187
P 89 177 187 187 187
P 90 177 187 187 187
P 91 177 187 187 187
P 92 177 188 188 188
P 93 177 188 188 188
P 94 177 188 188 188
P 95 177 188 188 188
P 96 177 189 189 189
P 97 177 189 189 189
P 98 177 189 189 189
P 99 177 189 189 189
P 100 177 190 190 190
P 101 177 190 190 190
P 102 177 190 190 190
P 103 177 190 190 190
P 104 177 191 191 191
P 105 177 191 191 191
P 106 177 191 191 191
P 107 177 191 191 191
P 108 177 192 192 192
P 109 177 192 192 192
P 110 177 192 192 192
P 111 177 192 192 192
P 112 177 193 193 193
P 113 177 193 193 193
P 114 177 193 193 193
P 115 177 193 193 193
P 116 177 194 194 194
P 117 177 194 194 194
P 118 177 194 194 194
P 119 177 194 194 194
P 120 177 195 195 195
P 121 177 195 195 195
P 122 177 195 195 195
P 123 177 195 195 195
P 124 177 196 196 196
P 125 177 196 196 196
P 126 177 196 196 196
P 127 177 196 196 196
P 128 177 197 197 197
P 129 177 197 197 197
P 130 177 197 197 197
P 131 177 197 197 197
P 132 177 198 198 198
P 133 177 198 198 198
P 134 177 198 198 198
P 135 177 198 198 198
P 136 177 199 199 199
P 137 177 199 199 199
P 138 177 199 199 199
P 139 177 199 199 199
P 140 177 200 200 200
P 141 177 200 200 200
P 142 177 200 200 200
P 143 177 200 200 200
P 144 177 201 201 201
P 145 177 201 201 201
P 146 177 201 201 201
P 147 177 201 201 201
P 148 177 202 202 202
P 149 177 202 202 202
P 150 177 202 202 202
P 151 177 202 202 202
P 152 177 203 203 203
P 153 177 203 203 203
P 154 177 203 203 203
P 155 177 203 203 203
P 156 177 204 204 204
P 157 177 204 204 204
P 158 177 204 204 204
P 159 177 204 204 204
P 160 177 205 205 205
P 161 177 205 205 205
P 162 177 205 205 205
P 163 177 205 205 205
P 164 177 206 206 206
P 165 177 206 206 206
P 166 177 206 206 206
P 167 177 206 206 206
P 168 177 207 207 207
P 169 177 207 207 207
P 170 177 207 207 207
P 171 177 207 207 207
P 172 177 208 208 208
P 173 177 208 208 208
P 174 177 208 208 208
P 175 177 208 208 208
P 176 177 209 209 209
P 177 177 209 209 209
P 178 177 209 209 209
P 179 177 209 209 209
P 180 177 210 210 210
P 181 177 210 210 210
P 182 177 210 210 210
P 183 177 210 210 210
P 184 177 211 211 211
P 185 177 211 211 211
P 186 177 211 211 211
P 187 177 211 211 211
P 188 177 212 212 212
P 189 177 212 212 212
P 190 177 212 212 212
P 191 177 212 212 212
P 192 177 213 213 213
P 193 177 213 213 213
P 194 177 213 213 213
P 195 177 213 213 213
P 196 177 214 214 214
P 197 177 214 214 214
P 48 178 177 177 177
P 49 178 177 177 177
P 50 178 177 177 177
P 51 178 178 178 178
P 52 178 178 178 178
P 53 178 178 178 178
P 54 178 178 178 178
P 55 178 179 179 179
P 56 178 179 179 179
P 57 178 179 179 179
P 58 178 179 179 179
P 59 178 180 180 180
P 60 178 180 180 180
P 61 178 180 180 180
P 62 178 180 180 180
P 63 178 181 181 181
P 64 178 181 181 181
P 65 178 181 181 181
P 66 178 181 181 181
P 67 178 182 182 182
P 68 178 182 182 182
P 69 178 182 182 182
P 70 178 182 182 182
P 71 178 183 183 183
P 72 178 183 183 183
P 73 178 183 183 183
P 74 178 183 183 183
P 75 178 184 184 184
P 76 178 184 184 184
P 77 178 184 184 184
P 78 178 184 184 184
P 79 178 185 185 185
P 80 178 185 185 185
P 81 178 185 185 185
P 82 178 185 185 185
P 83 178 186 186 186
P 84 178 186 186 186
P 85 178 186 186 186
P 86 178 186 186 186
P 87 178 187 187 187
P 88 178 187 187 187
P 89 178 187 187 187
P 90 178 187 187 187
P 91 178 188 188 188
P 92 178 188 188 188
P 93 178 188 188 188
P 94 178 188 188 188
P 95 178 189 189 189
P 96 178 189 189 189
P 97 178 189 189 189
P 98 178 189 189 189
P 99 178 190 190 190
P 100 178 190 190 190
P 101 178 190 190 190
P 102 178 190 190 190
P 103 178 191 191 191
P 104 178 191 191 191
P 105 178 191 191 191
P 106 178 191 191 191
P 107 178 192 192 192
P 108 178 192 192 192
P 109 178 192 192 192
P 110 178 192 192 192
P 111 178 193 193 193
P 112 178 193 193 193
P 113 178 193 193 193
P 114 178 193 193 193
P 115 178 194 194 194
P 116 178 194 194 194
P 117 178 194 194 194
P 118 178 194 194 194
P 119 178 195 195 195
P 120 178 195 195 195
P 121 178 195 195 195
P 122 178 195 195 195
P 123 178 196 196 196
P 124 178 196 196 196
P 125 178 196 196 196
P 126 178 196 196 196
P 127 178 197 197 197
P 128 178 197 197 197
P 129 178 197 197 197
P 130 178 197 197 197
P 131 178 198 198 198
P 132 178 198 198 198
P 133 178 198 198 198
P 134 178 198 198 198
P 135 178 199 199 199
P 136 178 199 199 199
P 137 178 199 199 199
P 138 178 199 199 199
P 139 178 200 200 200
P 140 178 200 200 200
P 141 178 200 200 200
P 142 178 200 200 200
P 143 178 201 201 201
P 144 178 201 201 201
P 145 178 201 201 201
P 146 178 201 201 201
P 147 178 202 202 202
P 148 178 202 202 202
P 149 178 202 202 202
P 150 178 202 202 202
P 151 178 203 203 203
P 152 178 203 203 203
P 153 178 203 203 203
P 154 178 203 203 203
P 155 178 204 204 204
P 156 178 204 204 204
P 157 178 204 204 204
P 158 178 204 204 204
P 159 178 205 205 205
P 160 178 205 205 205
P 161 178 205 205 205
P 162 178 205 205 205
P 163 178 206 206 206
P 164 178 206 206 206
P 165 178 206 206 206
P 166 178 206 206 206
P 167 178 207 207 207
P 168 178 207 207 207
P 169 178 207 207 207
P 170 178 207 207 207
P 171 178 208 208 208
P 172 178 208 208 208
P 173 178 208 208 208
P 174 178 208 208 208
P 175 178 209 209 209
P 176 178 209 209 209
P 177 178 209 209 209
P 178 178 209 209 209
P 179 178 210 210 210
P 180 178 210 210 210
P 181 178 210 210 210
P 182 178 210 210 210
P 183 178 211 211 211
P 184 178 211 211 211
P 185 178 211 211 211
P 186 178 211 211 211
P 187 178 212 212 212
P 188 178 212 212 212
P 189 178 212 212 212
P 190 178 212 212 212
P 48 179 177 177 177
P 49 179 177 177 177
P 50 179 178 178 178
P 51 179 178 178 178
P 52 179 178 178 178
P 53 179 178 178 178
P 54 179 179 179 179
P 55 179 179 179 179
P 56 179 179 179 179
P 57 179 179 179 179
P 58 179 180 180 180
P 59 179 180 180 180
P 60 179 180 180 180
P 61 179 180 180 180
P 62 179 181 181 181
P 63 179 181 181 181
P 64 179 181 181 181
P 65 179 181 181 181
P 66 179 182 182 182
P 67 179 182 182 182
P 68 179 182 182 182
P 69 179 182 182 182
P 70 179 183 183 183
P 71 179 183 183 183
P 72 179 183 183 183
P 73 179 183 183 183
P 74 179 184 184 184
P 75 179 184 184 184
P 76 179 184 184 184
P 77 179 184 184 184
P 78 179 185 185 185
P 79 179 185 185 185
P 80 179 185 185 185
P 81 179 185 185 185
P 82 179 186 186 186
P 83 179 186 186 186
P 84 179 186 186 186
P 85 179 186 186 186
P 86 179 187 187 187
P 87 179 187 187 187
P 88 179 187 187 187
P 89 179 187 187 187
P 90 179 188 188 188
P 91 179 188 188 188
P 92 179 188 188 188
P 93 179 188 188 188
P 94 179 189 189 189
P 95 179 189 189 189
P 96 179 189 189 189
P 97 179 189 189 189
P 98 179 190 190 190
P 99 179 190 190 190
P 100 179 190 190 190
P 101 179 190 190 190
P 102 179 191 191 191
P 103 179 191 191 191
P 104 179 191 191 191
P 105 179 191 191 191
P 106 179 192 192 192
P 107 179 192 192 192
P 108 179 192 192 192
P 109 179 192 192 192
P 110 179 193 193 193
P 111 179 193 193 193
P 112 179 193 193 193
P 113 179 193 193 193
P 114 179 194 194 194
P 115 179 194 194 194
P 116 179 194 194 194
P 117 179 194 194 194
P 118 179 195 195 195
P 119 179 195 195 195
P 120 179 195 195 195
P 121 179 195 195 195
P 122 179 196 196 196
P 123 179 196 196 196
P 124 179 196 196 196
P 125 179 196 196 196
P 126 179 197 197 197
P 127 179 197 197 197
P 128 179 197 197 197
P 129 179 197 197 197
P 130 179 198 198 198
P 131 179 198 198 198
P 132 179 198 198 198
P 133 179 198 198 198
P 134 179 199 199 199
P 135 179 199 199 199
P 136 179 199 199 199
P 137 179 199 199 199
P 138 179 200 200 200
P 139 179 200 200 200
P 140 179 200 200 200
P 141 179 200 200 200
P 142 179 201 201 201
P 143 179 201 201 201
P 144 179 201 201 201
P 145 179 201 201 201
P 146 179 202 202 202
P 147 179 202 202 202
P 148 179 202 202 202
P 149 179 202 202 202
P 150 179 203 203 203
P 151 179 203 203 203
P 152 179 203 203 203
P 153 179 203 203 203
P 154 179 204 204 204
P 155 179 204 204 204
P 156 179 204 204 204
P 157 179 204 204 204
P 158 179 205 205 205
P 159 179 205 205 205
P 160 179 205 205 205
P 161 179 205 205 205
P 162 179 206 206 206
P 163 179 206 206 206
P 164 179 206 206 206
P 165 179 206 206 206
P 166 179 207 207 207
P 167 179 207 207 207
P 168 179 207 207 207
P 169 179 207 207 207
P 170 179 208 208 208
P 171 179 208 208 208
P 172 179 208 208 208
P 173 179 208 208 208
P 174 179 209 209 209
P 175 179 209 209 209
P 176 179 209 209 209
P 177 179 209 209 209
P 178 179 210 210 210
P 179 179 210 210 210
P 180 179 210 210 210
P 181 179 210 210 210
P 182 179 211 211 211
P 183 179 211 211 211
P 184 179 211 211 211
P 53 180 179 179 179
P 54 180 179 179 179
P 55 180 179 179 179
P 56 180 179 179 179
P 57 180 180 180 180
P 58 180 180 180 180
P 59 180 180 180 180
P 60 180 180 180 180
P 61 180 181 181 181
P 62 180 181 181 181
P 63 180 181 181 181
P 64 180 181 181 181
P 65 180 182 182 182
P 66 180 182 182 182
P 67 180 182 182 182
P 68 180 182 182 182
P 69 180 183 183 183
P 70 180 183 183 183
P 71 180 183 183 183
P 72 180 183 183 183
P 73 180 184 184 184
P 74 180 184 184 184
P 75 180 184 184 184
P 76 180 184 184 184
P 77 180 185 185 185
P 78 180 185 185 185
P 79 180 185 185 185
P 80 180 185 185 185
P 81 180 186 186 186
P 82 180 186 186 186
P 83 180 186 186 186
P 84 180 186 186 186
P 85 180 187 187 187
P 86 180 187 187 187
P 87 180 187 187 187
P 88 180 187 187 187
P 89 180 188 188 188
P 90 180 188 188 188
P 91 180 188 188 188
P 92 180 188 188 188
P 93 180 189 189 189
P 94 180 189 189 189
P 95 180 189 189 189
P 96 180 189 189 189
P 97 180 190 190 190
P 98 180 190 190 190
P 99 180 190 190 190
P 100 180 190 190 190
P 101 180 191 191 191
P 102 180 191 191 191
P 103 180 191 191 191
P 104 180 191 191 191
P 105 180 192 192 192
P 106 180 192 192 192
P 107 180 192 192 192
P 108 180 192 192 192
P 109 180 193 193 193
P 110 180 193 193 193
P 111 180 193 193 193
P 112 180 193 193 193
P 113 180 194 194 194
P 114 180 194 194 194
P 115 180 194 194 194
P 116 180 194 194 194
P 117 180 195 195 195
P 118 180 195 195 195
P 119 180 195 195 195
P 120 180 195 195 195
P 121 180 196 196 196
P 122 180 196 196 196
P 123 180 196 196 196
P 124 180 196 196 196
P 125 180 197 197 197
P 126 180 197 197 197
P 127 180 197 197 197
P 128 180 197 197 197
P 129 180 198 198 198
P 130 180 198 198 198
P 131 180 198 198 198
P 132 180 198 198 198
P 133 180 199 199 199
P 134 180 199 199 199
P 135 180 199 199 199
P 136 180 199 199 199
P 137 180 200 200 200
P 138 180 200 200 200
P 139 180 200 200 200
P 140 180 200 200 200
P 141 180 201 201 201
P 142 180 201 201 201
P 143 180 201 201 201
P 144 180 201 201 201
P 145 180 202 202 202
P 146 180 202 202 202
P 147 180 202 202 202
P 148 180 202 202 202
P 149 180 203 203 203
P 150 180 203 203 203
P 151 180 203 203 203
P 152 180 203 203 203
P 153 180 204 204 204
P 154 180 204 204 204
P 155 180 204 204 204
P 156 180 204 204 204
P 157 180 205 205 205
P 158 180 205 205 205
P 159 180 205 205 205
P 160 180 205 205 205
P 161 180 206 206 206
P 162 180 206 206 206
P 163 180 206 206 206
P 164 180 206 206 206
P 165 180 207 207 207
P 166 180 207 207 207
P 167 180 207 207 207
P 168 180 207 207 207
P 169 180 208 208 208
P 170 180 208 208 208
P 171 180 208 208 208
P 172 180 208 208 208
P 173 180 209 209 209
P 174 180 209 209 209
P 175 180 209 209 209
P 176 180 209 209 209
P 177 180 210 210 210
P 63 181 181 181 181
P 64 181 182 182 182
P 65 181 182 182 182
P 66 181 182 182 182
P 67 181 182 182 182
P 68 181 183 183 183
P 69 181 183 183 183
P 70 181 183 183 183
P 71 181 183 183 183
P 72 181 184 184 184
P 73 181 184 184 184
P 74 181 184 184 184
P 75 181 184 184 184
P 76 181 185 185 185
P 77 181 185 185 185
P 78 181 185 185 185
P 79 181 185 185 185
P 80 181 186 186 186
P 81 181 186 186 186
P 82 181 186 186 186
P 83 181 186 186 186
P 84 181 187 187 187
P 85 181 187 187 187
P 86 181 187 187 187
P 87 181 187 187 187
P 88 181 188 188 188
P 89 181 188 188 188
P 90 181 188 188 188
P 91 181 188 188 188
P 92 181 189 189 189
P 93 181 189 189 189
P 94 181 189 189 189
P 95 181 189 189 189
P 96 181 190 190 190
P 97 181 190 190 190
P 98 181 190 190 190
P 99 181 190 190 190
P 100 181 191 191 191
P 101 181 191 191 191
P 102 181 191 191 191
P 103 181 191 191 191
P 104 181 192 192 192
P 105 181 192 192 192
P 106 181 192 192 192
P 107 181 192 192 192
P 108 181 193 193 193
P 109 181 193 193 193
P 110 181 193 193 193
P 111 181 193 193 193
P 112 181 194 194 194
P 113 181 194 194 194
P 114 181 194 194 194
P 115 181 194 194 194
P 116 181 195 195 195
P 117 181 195 195 195
P 118 181 195 195 195
P 119 181 195 195 195
P 120 181 196 196 196
P 121 181 196 196 196
P 122 181 196 196 196
P 123 181 196 196 196
P 124 181 197 197 197
P 125 181 197 197 197
P 126 181 197 197 197
P 127 181 197 197 197
P 128 181 198 198 198
P 129 181 198 198 198
P 130 181 198 198 198
P 131 181 198 198 198
P 132 181 199 199 199
P 133 181 199 199 199
P 134 181 199 199 199
P 135 181 199 199 199
P 136 181 200 200 200
P 137 181 200 200 200
P 138 181 200 200 200
P 139 181 200 200 200
P 140 181 201 201 201
P 141 181 201 201 201
P 142 181 201 201 201
P 143 181 201 201 201
P 144 181 202 202 202
P 145 181 202 202 202
P 146 181 202 202 202
P 147 181 202 202 202
P 148 181 203 203 203
P 149 181 203 203 203
P 150 181 203 203 203
P 151 181 203 203 203
P 152 181 204 204 204
P 153 181 204 204 204
P 154 181 204 204 204
P 155 181 204 204 204
P 156 181 205 205 205
P 157 181 205 205 205
P 158 181 205 205 205
P 159 181 205 205 205
P 160 181 206 206 206
P 161 181 206 206 206
P 162 181 206 206 206
P 163 181 206 206 206
P 164 181 207 207 207
P 165 181 207 207 207
P 166 181 207 207 207
P 167 181 207 207 207
P 168 181 208 208 208
P 169 181 208 208 208
P 170 181 208 208 208
P 73 182 184 184 184
P 74 182 184 184 184
P 75 182 185 185 185
P 76 182 185 185 185
P 77 182 185 185 185
P 78 182 185 185 185
P 79 182 186 186 186
P 80 182 186 186 186
P 81 182 186 186 186
P 82 182 186 186 186
P 83 182 187 187 187
P 84 182 187 187 187
P 85 182 187 187 187
P 86 182 187 187 187
P 87 182 188 188 188
P 88 182 188 188 188
P 89 182 188 188 188
P 90 182 188 188 188
P 91 182 189 189 189
P 92 182 189 189 189
P 93 182 189 189 189
P 94 182 189 189 189
P 95 182 190 190 190
P 96 182 190 190 190
P 97 182 190 190 190
P 98 182 190 190 190
P 99 182 191 191 191
P 100 182 191 191 191
P 101 182 191 191 191
P 102 182 191 191 191
P 103 182 192 192 192
P 104 182 192 192 192
P 105 182 192 192 192
P 106 182 192 192 192
P 107 182 193 193 193
P 108 182 193 193 193
P 109 182 193 193 193
P 110 182 193 193 193
P 111 182 194 194 194
P 112 182 194 194 194
P 113 182 194 194 194
P 114 182 194 194 194
P 115 182 195 195 195
P 116 182 195 195 195
P 117 182 195 195 195
P 118 182 195 195 195
P 119 182 196 196 196
P 120 182 196 196 196
P 121 182 196 196 196
P 122 182 196 196 196
P 123 182 197 197 197
P 124 182 197 197 197
P 125 182 197 197 197
P 126 182 197 197 197
P 127 182 198 198 198
P 128 182 198 198 198
P 129 182 198 198 198
P 130 182 198 198 198
P 131 182 199 199 199
P 132 182 199 199 199
P 133 182 199 199 199
P 134 182 199 199 199
P 135 182 200 200 200
P 136 182 200 200 200
P 137 182 200 200 200
P 138 182 200 200 200
P 139 182 201 201 201
P 140 182 201 201 201
P 141 182 201 201 201
P 142 182 201 201 201
P 143 182 202 202 202
P 144 182 202 202 202
P 145 182 202 202 202
P 146 182 202 202 202
P 147 182 203 203 203
P 148 182 203 203 203
P 149 182 203 203 203
P 150 182 203 203 203
P 151 182 204 204 204
P 152 182 204 204 204
P 153 182 204 204 204
P 154 182 204 204 204
P 155 182 205 205 205
P 156 182 205 205 205
P 157 182 205 205 205
P 158 182 205 205 205
P 159 182 206 206 206
P 160 182 206 206 206
P 161 182 206 206 206
P 162 182 206 206 206
P 163 182 207 207 207
P 164 182 207 207 207
P 83 183 187 187 187
P 84 183 187 187 187
P 85 183 187 187 187
P 86 183 188 188 188
P 87 183 188 188 188
P 88 183 188 188 188
P 89 183 188 188 188
P 90 183 189 189 189
P 91 183 189 189 189
P 92 183 189 189 189
P 93 183 189 189 189
P 94 183 190 190 190
P 95 183 190 190 190
P 96 183 190 190 190
P 97 183 190 190 190
P 98 183 191 191 191
P 99 183 191 191 191
P 100 183 191 191 191
P 101 183 191 191 191
P 102 183 192 192 192
P 103 183 192 192 192
P 104 183 192 192 192
P 105 183 192 192 192
P 106 183 193 193 193
P 107 183 193 193 193
P 108 183 193 193 193
P 109 183 193 193 193
P 110 183 194 194 194
P 111 183 194 194 194
P 112 183 194 194 194
P 113 183 194 194 194
P 114 183 195 195 195
P 115 183 195 195 195
P 116 183 195 195 195
P 117 183 195 195 195
P 118 183 196 196 196
P 119 183 196 196 196
P 120 183 196 196 196
P 121 183 196 196 196
P 122 183 197 197 197
P 123 183 197 197 197
P 124 183 197 197 197
P 125 183 197 197 197
P 126 183 198 198 198
P 127 183 198 198 198
P 128 183 198 198 198
P 129 183 198 198 198
P 130 183 199 199 199
P 131 183 199 199 199
P 132 183 199 199 199
P 133 183 199 199 199
P 134 183 200 200 200
P 135 183 200 200 200
P 136 183 200 200 200
P 137 183 200 200 200
P 138 183 201 201 201
P 139 183 201 201 201
P 140 183 201 201 201
P 141 183 201 201 201
P 142 183 202 202 202
P 143 183 202 202 202
P 144 183 202 202 202
P 145 183 202 202 202
P 146 183 203 203 203
P 147 183 203 203 203
P 148 183 203 203 203
P 149 183 203 203 203
P 150 183 204 204 204
P 151 183 204 204 204
P 152 183 204 204 204
P 153 183 204 204 204
P 154 183 205 205 205
P 155 183 205 205 205
P 156 183 205 205 205
P 157 183 205 205 205
P 93 184 190 190 190
P 94 184 190 190 190
P 95 184 190 190 190
P 96 184 190 190 190
P 97 184 191 191 191
P 98 184 191 191 191
P 99 184 191 191 191
P 100 184 191 191 191
P 101 184 192 192 192
P 102 184 192 192 192
P 103 184 192 192 192
P 104 184 192 192 192
P 105 184 193 193 193
P 106 184 193 193 193
P 107 184 193 193 193
P 108 184 193 193 193
P 109 184 194 194 194
P 110 184 194 194 194
P 111 184 194 194 194
P 112 184 194 194 194
P 113 184 195 195 195
P 114 184 195 195 195
P 115 184 195 195 195
P 116 184 195 195 195
P 117 184 196 196 196
P 118 184 196 196 196
P 119 184 196 196 196
P 120 184 196 196 196
P 121 184 197 197 197
P 122 184 197 197 197
P 123 184 197 197 197
P 124 184 197 197 197
P 125 184 198 198 198
P 126 184 198 198 198
P 127 184 198 198 198
P 128 184 198 198 198
P 129 184 199 199 199
P 130 184 199 199 199
P 131 184 199 199 199
P 132 184 199 199 199
P 133 184 200 200 200
P 134 184 200 200 200
P 135 184 200 200 200
P 136 184 200 200 200
P 137 184 201 201 201
P 138 184 201 201 201
P 139 184 201 201 201
P 140 184 201 201 201
P 141 184 202 202 202
P 142 184 202 202 202
P 143 184 202 202 202
P 144 184 202 202 202
P 145 184 203 203 203
P 146 184 203 203 203
P 147 184 203 203 203
P 148 184 203 203 203
P 149 184 204 204 204
P 150 184 204 204 204
P 103 185 192 192 192
P 104 185 193 193 193
P 105 185 193 193 193
P 106 185 193 193 193
P 107 185 193 193 193
P 108 185 194 194 194
P 109 185 194 194 194
P 110 185 194 194 194
P 111 185 194 194 194
P 112 185 195 195 195
P 113 185 195 195 195
P 114 185 195 195 195
P 115 185 195 195 195
P 116 185 196 196 196
P 117 185 196 196 196
P 118 185 196 196 196
P 119 185 196 196 196
P 120 185 197 197 197
P 121 185 197 197 197
P 122 185 197 197 197
P 123 185 197 197 197
P 124 185 198 198 198
P 125 185 198 198 198
P 126 185 198 198 198
P 127 185 198 198 198
P 128 185 199 199 199
P 129 185 199 199 199
P 130 185 199 199 199
P 131 185 199 199 199
P 132 185 200 200 200
P 133 185 200 200 200
P 134 185 200 200 200
P 135 185 200 200 200
P 136 185 201 201 201
P 137 185 201 201 201
P 138 185 201 201 201
P 139 185 201 201 201
P 140 185 202 202 202
P 141 185 202 202 202
P 142 185 202 202 202
P 143 185 202 202 202
P 144 185 203 203 203
P 113 186 195 195 195
P 114 186 195 195 195
P 115 186 196 196 196
P 116 186 196 196 196
P 117 186 196 196 196
P 118 186 196 196 196
P 119 186 197 197 197
P 120 186 197 197 197
P 121 186 197 197 197
P 122 186 197 197 197
P 123 186 198 198 198
P 124 186 198 198 198
P 125 186 198 198 198
P 126 186 198 198 198
P 127 186 199 199 199
P 128 186 199 199 199
P 129 186 199 199 199
P 130 186 199 199 199
P 131 186 200 200 200
P 132 186 200 200 200
P 133 186 200 200 200
P 134 186 200 200 200
P 135 186 201 201 201
P 136 186 201 201 201
P 137 186 201 201 201
P 123 187 198 198 198
P 124 187 198 198 198
P 125 187 198 198 198
P 126 187 199 199 199
P 127 187 199 199 199
P 128 187 199 199 199
P 129 187 199 199 199
P 130 187 200 200 200
