# checkpoint 0 hw painted 15345
# checkpoint 1 sw painted 21443
# shape F mode over ntri 2
# select hard 0 soft 1
# v0 50.0000000 50.0000000
# v1 260.0000000 70.0000000
# v2 90.0000000 200.0000000
# v3 240.0000000 50.0000000
# v4 70.0000000 90.0000000
# v5 250.0000000 210.0000000
# t0 0 1 2
# t1 3 4 5
# counters drawn=1 software=0 declined=0
# mode hardware
P 50 50 255 0 0
P 51 50 255 0 0
P 52 50 255 0 0
P 53 50 255 0 0
P 54 50 255 0 0
P 238 50 0 255 0
P 239 50 0 255 0
P 50 51 255 0 0
P 51 51 255 0 0
P 52 51 255 0 0
P 53 51 255 0 0
P 54 51 255 0 0
P 55 51 255 0 0
P 56 51 255 0 0
P 57 51 255 0 0
P 58 51 255 0 0
P 59 51 255 0 0
P 60 51 255 0 0
P 61 51 255 0 0
P 62 51 255 0 0
P 63 51 255 0 0
P 64 51 255 0 0
P 65 51 255 0 0
P 234 51 0 255 0
P 235 51 0 255 0
P 236 51 0 255 0
P 237 51 0 255 0
P 238 51 0 255 0
P 239 51 0 255 0
P 51 52 255 0 0
P 52 52 255 0 0
P 53 52 255 0 0
P 54 52 255 0 0
P 55 52 255 0 0
P 56 52 255 0 0
P 57 52 255 0 0
P 58 52 255 0 0
P 59 52 255 0 0
P 60 52 255 0 0
P 61 52 255 0 0
P 62 52 255 0 0
P 63 52 255 0 0
P 64 52 255 0 0
P 65 52 255 0 0
P 66 52 255 0 0
P 67 52 255 0 0
P 68 52 255 0 0
P 69 52 255 0 0
P 70 52 255 0 0
P 71 52 255 0 0
P 72 52 255 0 0
P 73 52 255 0 0
P 74 52 255 0 0
P 75 52 255 0 0
P 229 52 0 255 0
P 230 52 0 255 0
P 231 52 0 255 0
P 232 52 0 255 0
P 233 52 0 255 0
P 234 52 0 255 0
P 235 52 0 255 0
P 236 52 0 255 0
P 237 52 0 255 0
P 238 52 0 255 0
P 239 52 0 255 0
P 51 53 255 0 0
P 52 53 255 0 0
P 53 53 255 0 0
P 54 53 255 0 0
P 55 53 255 0 0
P 56 53 255 0 0
P 57 53 255 0 0
P 58 53 255 0 0
P 59 53 255 0 0
P 60 53 255 0 0
P 61 53 255 0 0
P 62 53 255 0 0
P 63 53 255 0 0
P 64 53 255 0 0
P 65 53 255 0 0
P 66 53 255 0 0
P 67 53 255 0 0
P 68 53 255 0 0
P 69 53 255 0 0
P 70 53 255 0 0
P 71 53 255 0 0
P 72 53 255 0 0
P 73 53 255 0 0
P 74 53 255 0 0
P 75 53 255 0 0
P 76 53 255 0 0
P 77 53 255 0 0
P 78 53 255 0 0
P 79 53 255 0 0
P 80 53 255 0 0
P 81 53 255 0 0
P 82 53 255 0 0
P 83 53 255 0 0
P 84 53 255 0 0
P 85 53 255 0 0
P 86 53 255 0 0
P 225 53 0 255 0
P 226 53 0 255 0
P 227 53 0 255 0
P 228 53 0 255 0
P 229 53 0 255 0
P 230 53 0 255 0
P 231 53 0 255 0
P 232 53 0 255 0
P 233 53 0 255 0
P 234 53 0 255 0
P 235 53 0 255 0
P 236 53 0 255 0
P 237 53 0 255 0
P 238 53 0 255 0
P 239 53 0 255 0
P 51 54 255 0 0
P 52 54 255 0 0
P 53 54 255 0 0
P 54 54 255 0 0
P 55 54 255 0 0
P 56 54 255 0 0
P 57 54 255 0 0
P 58 54 255 0 0
P 59 54 255 0 0
P 60 54 255 0 0
P 61 54 255 0 0
P 62 54 255 0 0
P 63 54 255 0 0
P 64 54 255 0 0
P 65 54 255 0 0
P 66 54 255 0 0
P 67 54 255 0 0
P 68 54 255 0 0
P 69 54 255 0 0
P 70 54 255 0 0
P 71 54 255 0 0
P 72 54 255 0 0
P 73 54 255 0 0
P 74 54 255 0 0
P 75 54 255 0 0
P 76 54 255 0 0
P 77 54 255 0 0
P 78 54 255 0 0
P 79 54 255 0 0
P 80 54 255 0 0
P 81 54 255 0 0
P 82 54 255 0 0
P 83 54 255 0 0
P 84 54 255 0 0
P 85 54 255 0 0
P 86 54 255 0 0
P 87 54 255 0 0
P 88 54 255 0 0
P 89 54 255 0 0
P 90 54 255 0 0
P 91 54 255 0 0
P 92 54 255 0 0
P 93 54 255 0 0
P 94 54 255 0 0
P 95 54 255 0 0
P 96 54 255 0 0
P 221 54 0 255 0
P 222 54 0 255 0
P 223 54 0 255 0
P 224 54 0 255 0
P 225 54 0 255 0
P 226 54 0 255 0
P 227 54 0 255 0
P 228 54 0 255 0
P 229 54 0 255 0
P 230 54 0 255 0
P 231 54 0 255 0
P 232 54 0 255 0
P 233 54 0 255 0
P 234 54 0 255 0
P 235 54 0 255 0
P 236 54 0 255 0
P 237 54 0 255 0
P 238 54 0 255 0
P 239 54 0 255 0
P 51 55 255 0 0
P 52 55 255 0 0
P 53 55 255 0 0
P 54 55 255 0 0
P 55 55 255 0 0
P 56 55 255 0 0
P 57 55 255 0 0
P 58 55 255 0 0
P 59 55 255 0 0
P 60 55 255 0 0
P 61 55 255 0 0
P 62 55 255 0 0
P 63 55 255 0 0
P 64 55 255 0 0
P 65 55 255 0 0
P 66 55 255 0 0
P 67 55 255 0 0
P 68 55 255 0 0
P 69 55 255 0 0
P 70 55 255 0 0
P 71 55 255 0 0
P 72 55 255 0 0
P 73 55 255 0 0
P 74 55 255 0 0
P 75 55 255 0 0
P 76 55 255 0 0
P 77 55 255 0 0
P 78 55 255 0 0
P 79 55 255 0 0
P 80 55 255 0 0
P 81 55 255 0 0
P 82 55 255 0 0
P 83 55 255 0 0
P 84 55 255 0 0
P 85 55 255 0 0
P 86 55 255 0 0
P 87 55 255 0 0
P 88 55 255 0 0
P 89 55 255 0 0
P 90 55 255 0 0
P 91 55 255 0 0
P 92 55 255 0 0
P 93 55 255 0 0
P 94 55 255 0 0
P 95 55 255 0 0
P 96 55 255 0 0
P 97 55 255 0 0
P 98 55 255 0 0
P 99 55 255 0 0
P 100 55 255 0 0
P 101 55 255 0 0
P 102 55 255 0 0
P 103 55 255 0 0
P 104 55 255 0 0
P 105 55 255 0 0
P 106 55 255 0 0
P 107 55 255 0 0
P 217 55 0 255 0
P 218 55 0 255 0
P 219 55 0 255 0
P 220 55 0 255 0
P 221 55 0 255 0
P 222 55 0 255 0
P 223 55 0 255 0
P 224 55 0 255 0
P 225 55 0 255 0
P 226 55 0 255 0
P 227 55 0 255 0
P 228 55 0 255 0
P 229 55 0 255 0
P 230 55 0 255 0
P 231 55 0 255 0
P 232 55 0 255 0
P 233 55 0 255 0
P 234 55 0 255 0
P 235 55 0 255 0
P 236 55 0 255 0
P 237 55 0 255 0
P 238 55 0 255 0
P 239 55 0 255 0
P 52 56 255 0 0
P 53 56 255 0 0
P 54 56 255 0 0
P 55 56 255 0 0
P 56 56 255 0 0
P 57 56 255 0 0
P 58 56 255 0 0
P 59 56 255 0 0
P 60 56 255 0 0
P 61 56 255 0 0
P 62 56 255 0 0
P 63 56 255 0 0
P 64 56 255 0 0
P 65 56 255 0 0
P 66 56 255 0 0
P 67 56 255 0 0
P 68 56 255 0 0
P 69 56 255 0 0
P 70 56 255 0 0
P 71 56 255 0 0
P 72 56 255 0 0
P 73 56 255 0 0
P 74 56 255 0 0
P 75 56 255 0 0
P 76 56 255 0 0
P 77 56 255 0 0
P 78 56 255 0 0
P 79 56 255 0 0
P 80 56 255 0 0
P 81 56 255 0 0
P 82 56 255 0 0
P 83 56 255 0 0
P 84 56 255 0 0
P 85 56 255 0 0
P 86 56 255 0 0
P 87 56 255 0 0
P 88 56 255 0 0
P 89 56 255 0 0
P 90 56 255 0 0
P 91 56 255 0 0
P 92 56 255 0 0
P 93 56 255 0 0
P 94 56 255 0 0
P 95 56 255 0 0
P 96 56 255 0 0
P 97 56 255 0 0
P 98 56 255 0 0
P 99 56 255 0 0
P 100 56 255 0 0
P 101 56 255 0 0
P 102 56 255 0 0
P 103 56 255 0 0
P 104 56 255 0 0
P 105 56 255 0 0
P 106 56 255 0 0
P 107 56 255 0 0
P 108 56 255 0 0
P 109 56 255 0 0
P 110 56 255 0 0
P 111 56 255 0 0
P 112 56 255 0 0
P 113 56 255 0 0
P 114 56 255 0 0
P 115 56 255 0 0
P 116 56 255 0 0
P 117 56 255 0 0
P 212 56 0 255 0
P 213 56 0 255 0
P 214 56 0 255 0
P 215 56 0 255 0
P 216 56 0 255 0
P 217 56 0 255 0
P 218 56 0 255 0
P 219 56 0 255 0
P 220 56 0 255 0
P 221 56 0 255 0
P 222 56 0 255 0
P 223 56 0 255 0
P 224 56 0 255 0
P 225 56 0 255 0
P 226 56 0 255 0
P 227 56 0 255 0
P 228 56 0 255 0
P 229 56 0 255 0
P 230 56 0 255 0
P 231 56 0 255 0
P 232 56 0 255 0
P 233 56 0 255 0
P 234 56 0 255 0
P 235 56 0 255 0
P 236 56 0 255 0
P 237 56 0 255 0
P 238 56 0 255 0
P 239 56 0 255 0
P 52 57 255 0 0
P 53 57 255 0 0
P 54 57 255 0 0
P 55 57 255 0 0
P 56 57 255 0 0
P 57 57 255 0 0
P 58 57 255 0 0
P 59 57 255 0 0
P 60 57 255 0 0
P 61 57 255 0 0
P 62 57 255 0 0
P 63 57 255 0 0
P 64 57 255 0 0
P 65 57 255 0 0
P 66 57 255 0 0
P 67 57 255 0 0
P 68 57 255 0 0
P 69 57 255 0 0
P 70 57 255 0 0
P 71 57 255 0 0
P 72 57 255 0 0
P 73 57 255 0 0
P 74 57 255 0 0
P 75 57 255 0 0
P 76 57 255 0 0
P 77 57 255 0 0
P 78 57 255 0 0
P 79 57 255 0 0
P 80 57 255 0 0
P 81 57 255 0 0
P 82 57 255 0 0
P 83 57 255 0 0
P 84 57 255 0 0
P 85 57 255 0 0
P 86 57 255 0 0
P 87 57 255 0 0
P 88 57 255 0 0
P 89 57 255 0 0
P 90 57 255 0 0
P 91 57 255 0 0
P 92 57 255 0 0
P 93 57 255 0 0
P 94 57 255 0 0
P 95 57 255 0 0
P 96 57 255 0 0
P 97 57 255 0 0
P 98 57 255 0 0
P 99 57 255 0 0
P 100 57 255 0 0
P 101 57 255 0 0
P 102 57 255 0 0
P 103 57 255 0 0
P 104 57 255 0 0
P 105 57 255 0 0
P 106 57 255 0 0
P 107 57 255 0 0
P 108 57 255 0 0
P 109 57 255 0 0
P 110 57 255 0 0
P 111 57 255 0 0
P 112 57 255 0 0
P 113 57 255 0 0
P 114 57 255 0 0
P 115 57 255 0 0
P 116 57 255 0 0
P 117 57 255 0 0
P 118 57 255 0 0
P 119 57 255 0 0
P 120 57 255 0 0
P 121 57 255 0 0
P 122 57 255 0 0
P 123 57 255 0 0
P 124 57 255 0 0
P 125 57 255 0 0
P 126 57 255 0 0
P 127 57 255 0 0
P 128 57 255 0 0
P 208 57 0 255 0
P 209 57 0 255 0
P 210 57 0 255 0
P 211 57 0 255 0
P 212 57 0 255 0
P 213 57 0 255 0
P 214 57 0 255 0
P 215 57 0 255 0
P 216 57 0 255 0
P 217 57 0 255 0
P 218 57 0 255 0
P 219 57 0 255 0
P 220 57 0 255 0
P 221 57 0 255 0
P 222 57 0 255 0
P 223 57 0 255 0
P 224 57 0 255 0
P 225 57 0 255 0
P 226 57 0 255 0
P 227 57 0 255 0
P 228 57 0 255 0
P 229 57 0 255 0
P 230 57 0 255 0
P 231 57 0 255 0
P 232 57 0 255 0
P 233 57 0 255 0
P 234 57 0 255 0
P 235 57 0 255 0
P 236 57 0 255 0
P 237 57 0 255 0
P 238 57 0 255 0
P 239 57 0 255 0
P 52 58 255 0 0
P 53 58 255 0 0
P 54 58 255 0 0
P 55 58 255 0 0
P 56 58 255 0 0
P 57 58 255 0 0
P 58 58 255 0 0
P 59 58 255 0 0
P 60 58 255 0 0
P 61 58 255 0 0
P 62 58 255 0 0
P 63 58 255 0 0
P 64 58 255 0 0
P 65 58 255 0 0
P 66 58 255 0 0
P 67 58 255 0 0
P 68 58 255 0 0
P 69 58 255 0 0
P 70 58 255 0 0
P 71 58 255 0 0
P 72 58 255 0 0
P 73 58 255 0 0
P 74 58 255 0 0
P 75 58 255 0 0
P 76 58 255 0 0
P 77 58 255 0 0
P 78 58 255 0 0
P 79 58 255 0 0
P 80 58 255 0 0
P 81 58 255 0 0
P 82 58 255 0 0
P 83 58 255 0 0
P 84 58 255 0 0
P 85 58 255 0 0
P 86 58 255 0 0
P 87 58 255 0 0
P 88 58 255 0 0
P 89 58 255 0 0
P 90 58 255 0 0
P 91 58 255 0 0
P 92 58 255 0 0
P 93 58 255 0 0
P 94 58 255 0 0
P 95 58 255 0 0
P 96 58 255 0 0
P 97 58 255 0 0
P 98 58 255 0 0
P 99 58 255 0 0
P 100 58 255 0 0
P 101 58 255 0 0
P 102 58 255 0 0
P 103 58 255 0 0
P 104 58 255 0 0
P 105 58 255 0 0
P 106 58 255 0 0
P 107 58 255 0 0
P 108 58 255 0 0
P 109 58 255 0 0
P 110 58 255 0 0
P 111 58 255 0 0
P 112 58 255 0 0
P 113 58 255 0 0
P 114 58 255 0 0
P 115 58 255 0 0
P 116 58 255 0 0
P 117 58 255 0 0
P 118 58 255 0 0
P 119 58 255 0 0
P 120 58 255 0 0
P 121 58 255 0 0
P 122 58 255 0 0
P 123 58 255 0 0
P 124 58 255 0 0
P 125 58 255 0 0
P 126 58 255 0 0
P 127 58 255 0 0
P 128 58 255 0 0
P 129 58 255 0 0
P 130 58 255 0 0
P 131 58 255 0 0
P 132 58 255 0 0
P 133 58 255 0 0
P 134 58 255 0 0
P 135 58 255 0 0
P 136 58 255 0 0
P 137 58 255 0 0
P 138 58 255 0 0
P 204 58 0 255 0
P 205 58 0 255 0
P 206 58 0 255 0
P 207 58 0 255 0
P 208 58 0 255 0
P 209 58 0 255 0
P 210 58 0 255 0
P 211 58 0 255 0
P 212 58 0 255 0
P 213 58 0 255 0
P 214 58 0 255 0
P 215 58 0 255 0
P 216 58 0 255 0
P 217 58 0 255 0
P 218 58 0 255 0
P 219 58 0 255 0
P 220 58 0 255 0
P 221 58 0 255 0
P 222 58 0 255 0
P 223 58 0 255 0
P 224 58 0 255 0
P 225 58 0 255 0
P 226 58 0 255 0
P 227 58 0 255 0
P 228 58 0 255 0
P 229 58 0 255 0
P 230 58 0 255 0
P 231 58 0 255 0
P 232 58 0 255 0
P 233 58 0 255 0
P 234 58 0 255 0
P 235 58 0 255 0
P 236 58 0 255 0
P 237 58 0 255 0
P 238 58 0 255 0
P 239 58 0 255 0
P 240 58 0 255 0
P 53 59 255 0 0
P 54 59 255 0 0
P 55 59 255 0 0
P 56 59 255 0 0
P 57 59 255 0 0
P 58 59 255 0 0
P 59 59 255 0 0
P 60 59 255 0 0
P 61 59 255 0 0
P 62 59 255 0 0
P 63 59 255 0 0
P 64 59 255 0 0
P 65 59 255 0 0
P 66 59 255 0 0
P 67 59 255 0 0
P 68 59 255 0 0
P 69 59 255 0 0
P 70 59 255 0 0
P 71 59 255 0 0
P 72 59 255 0 0
P 73 59 255 0 0
P 74 59 255 0 0
P 75 59 255 0 0
P 76 59 255 0 0
P 77 59 255 0 0
P 78 59 255 0 0
P 79 59 255 0 0
P 80 59 255 0 0
P 81 59 255 0 0
P 82 59 255 0 0
P 83 59 255 0 0
P 84 59 255 0 0
P 85 59 255 0 0
P 86 59 255 0 0
P 87 59 255 0 0
P 88 59 255 0 0
P 89 59 255 0 0
P 90 59 255 0 0
P 91 59 255 0 0
P 92 59 255 0 0
P 93 59 255 0 0
P 94 59 255 0 0
P 95 59 255 0 0
P 96 59 255 0 0
P 97 59 255 0 0
P 98 59 255 0 0
P 99 59 255 0 0
P 100 59 255 0 0
P 101 59 255 0 0
P 102 59 255 0 0
P 103 59 255 0 0
P 104 59 255 0 0
P 105 59 255 0 0
P 106 59 255 0 0
P 107 59 255 0 0
P 108 59 255 0 0
P 109 59 255 0 0
P 110 59 255 0 0
P 111 59 255 0 0
P 112 59 255 0 0
P 113 59 255 0 0
P 114 59 255 0 0
P 115 59 255 0 0
P 116 59 255 0 0
P 117 59 255 0 0
P 118 59 255 0 0
P 119 59 255 0 0
P 120 59 255 0 0
P 121 59 255 0 0
P 122 59 255 0 0
P 123 59 255 0 0
P 124 59 255 0 0
P 125 59 255 0 0
P 126 59 255 0 0
P 127 59 255 0 0
P 128 59 255 0 0
P 129 59 255 0 0
P 130 59 255 0 0
P 131 59 255 0 0
P 132 59 255 0 0
P 133 59 255 0 0
P 134 59 255 0 0
P 135 59 255 0 0
P 136 59 255 0 0
P 137 59 255 0 0
P 138 59 255 0 0
P 139 59 255 0 0
P 140 59 255 0 0
P 141 59 255 0 0
P 142 59 255 0 0
P 143 59 255 0 0
P 144 59 255 0 0
P 145 59 255 0 0
P 146 59 255 0 0
P 147 59 255 0 0
P 148 59 255 0 0
P 149 59 255 0 0
P 200 59 0 255 0
P 201 59 0 255 0
P 202 59 0 255 0
P 203 59 0 255 0
P 204 59 0 255 0
P 205 59 0 255 0
P 206 59 0 255 0
P 207 59 0 255 0
P 208 59 0 255 0
P 209 59 0 255 0
P 210 59 0 255 0
P 211 59 0 255 0
P 212 59 0 255 0
P 213 59 0 255 0
P 214 59 0 255 0
P 215 59 0 255 0
P 216 59 0 255 0
P 217 59 0 255 0
P 218 59 0 255 0
P 219 59 0 255 0
P 220 59 0 255 0
P 221 59 0 255 0
P 222 59 0 255 0
P 223 59 0 255 0
P 224 59 0 255 0
P 225 59 0 255 0
P 226 59 0 255 0
P 227 59 0 255 0
P 228 59 0 255 0
P 229 59 0 255 0
P 230 59 0 255 0
P 231 59 0 255 0
P 232 59 0 255 0
P 233 59 0 255 0
P 234 59 0 255 0
P 235 59 0 255 0
P 236 59 0 255 0
P 237 59 0 255 0
P 238 59 0 255 0
P 239 59 0 255 0
P 240 59 0 255 0
P 53 60 255 0 0
P 54 60 255 0 0
P 55 60 255 0 0
P 56 60 255 0 0
P 57 60 255 0 0
P 58 60 255 0 0
P 59 60 255 0 0
P 60 60 255 0 0
P 61 60 255 0 0
P 62 60 255 0 0
P 63 60 255 0 0
P 64 60 255 0 0
P 65 60 255 0 0
P 66 60 255 0 0
P 67 60 255 0 0
P 68 60 255 0 0
P 69 60 255 0 0
P 70 60 255 0 0
P 71 60 255 0 0
P 72 60 255 0 0
P 73 60 255 0 0
P 74 60 255 0 0
P 75 60 255 0 0
P 76 60 255 0 0
P 77 60 255 0 0
P 78 60 255 0 0
P 79 60 255 0 0
P 80 60 255 0 0
P 81 60 255 0 0
P 82 60 255 0 0
P 83 60 255 0 0
P 84 60 255 0 0
P 85 60 255 0 0
P 86 60 255 0 0
P 87 60 255 0 0
P 88 60 255 0 0
P 89 60 255 0 0
P 90 60 255 0 0
P 91 60 255 0 0
P 92 60 255 0 0
P 93 60 255 0 0
P 94 60 255 0 0
P 95 60 255 0 0
P 96 60 255 0 0
P 97 60 255 0 0
P 98 60 255 0 0
P 99 60 255 0 0
P 100 60 255 0 0
P 101 60 255 0 0
P 102 60 255 0 0
P 103 60 255 0 0
P 104 60 255 0 0
P 105 60 255 0 0
P 106 60 255 0 0
P 107 60 255 0 0
P 108 60 255 0 0
P 109 60 255 0 0
P 110 60 255 0 0
P 111 60 255 0 0
P 112 60 255 0 0
P 113 60 255 0 0
P 114 60 255 0 0
P 115 60 255 0 0
P 116 60 255 0 0
P 117 60 255 0 0
P 118 60 255 0 0
P 119 60 255 0 0
P 120 60 255 0 0
P 121 60 255 0 0
P 122 60 255 0 0
P 123 60 255 0 0
P 124 60 255 0 0
P 125 60 255 0 0
P 126 60 255 0 0
P 127 60 255 0 0
P 128 60 255 0 0
P 129 60 255 0 0
P 130 60 255 0 0
P 131 60 255 0 0
P 132 60 255 0 0
P 133 60 255 0 0
P 134 60 255 0 0
P 135 60 255 0 0
P 136 60 255 0 0
P 137 60 255 0 0
P 138 60 255 0 0
P 139 60 255 0 0
P 140 60 255 0 0
P 141 60 255 0 0
P 142 60 255 0 0
P 143 60 255 0 0
P 144 60 255 0 0
P 145 60 255 0 0
P 146 60 255 0 0
P 147 60 255 0 0
P 148 60 255 0 0
P 149 60 255 0 0
P 150 60 255 0 0
P 151 60 255 0 0
P 152 60 255 0 0
P 153 60 255 0 0
P 154 60 255 0 0
P 155 60 255 0 0
P 156 60 255 0 0
P 157 60 255 0 0
P 158 60 255 0 0
P 159 60 255 0 0
P 195 60 0 255 0
P 196 60 0 255 0
P 197 60 0 255 0
P 198 60 0 255 0
P 199 60 0 255 0
P 200 60 0 255 0
P 201 60 0 255 0
P 202 60 0 255 0
P 203 60 0 255 0
P 204 60 0 255 0
P 205 60 0 255 0
P 206 60 0 255 0
P 207 60 0 255 0
P 208 60 0 255 0
P 209 60 0 255 0
P 210 60 0 255 0
P 211 60 0 255 0
P 212 60 0 255 0
P 213 60 0 255 0
P 214 60 0 255 0
P 215 60 0 255 0
P 216 60 0 255 0
P 217 60 0 255 0
P 218 60 0 255 0
P 219 60 0 255 0
P 220 60 0 255 0
P 221 60 0 255 0
P 222 60 0 255 0
P 223 60 0 255 0
P 224 60 0 255 0
P 225 60 0 255 0
P 226 60 0 255 0
P 227 60 0 255 0
P 228 60 0 255 0
P 229 60 0 255 0
P 230 60 0 255 0
P 231 60 0 255 0
P 232 60 0 255 0
P 233 60 0 255 0
P 234 60 0 255 0
P 235 60 0 255 0
P 236 60 0 255 0
P 237 60 0 255 0
P 238 60 0 255 0
P 239 60 0 255 0
P 240 60 0 255 0
P 53 61 255 0 0
P 54 61 255 0 0
P 55 61 255 0 0
P 56 61 255 0 0
P 57 61 255 0 0
P 58 61 255 0 0
P 59 61 255 0 0
P 60 61 255 0 0
P 61 61 255 0 0
P 62 61 255 0 0
P 63 61 255 0 0
P 64 61 255 0 0
P 65 61 255 0 0
P 66 61 255 0 0
P 67 61 255 0 0
P 68 61 255 0 0
P 69 61 255 0 0
P 70 61 255 0 0
P 71 61 255 0 0
P 72 61 255 0 0
P 73 61 255 0 0
P 74 61 255 0 0
P 75 61 255 0 0
P 76 61 255 0 0
P 77 61 255 0 0
P 78 61 255 0 0
P 79 61 255 0 0
P 80 61 255 0 0
P 81 61 255 0 0
P 82 61 255 0 0
P 83 61 255 0 0
P 84 61 255 0 0
P 85 61 255 0 0
P 86 61 255 0 0
P 87 61 255 0 0
P 88 61 255 0 0
P 89 61 255 0 0
P 90 61 255 0 0
P 91 61 255 0 0
P 92 61 255 0 0
P 93 61 255 0 0
P 94 61 255 0 0
P 95 61 255 0 0
P 96 61 255 0 0
P 97 61 255 0 0
P 98 61 255 0 0
P 99 61 255 0 0
P 100 61 255 0 0
P 101 61 255 0 0
P 102 61 255 0 0
P 103 61 255 0 0
P 104 61 255 0 0
P 105 61 255 0 0
P 106 61 255 0 0
P 107 61 255 0 0
P 108 61 255 0 0
P 109 61 255 0 0
P 110 61 255 0 0
P 111 61 255 0 0
P 112 61 255 0 0
P 113 61 255 0 0
P 114 61 255 0 0
P 115 61 255 0 0
P 116 61 255 0 0
P 117 61 255 0 0
P 118 61 255 0 0
P 119 61 255 0 0
P 120 61 255 0 0
P 121 61 255 0 0
P 122 61 255 0 0
P 123 61 255 0 0
P 124 61 255 0 0
P 125 61 255 0 0
P 126 61 255 0 0
P 127 61 255 0 0
P 128 61 255 0 0
P 129 61 255 0 0
P 130 61 255 0 0
P 131 61 255 0 0
P 132 61 255 0 0
P 133 61 255 0 0
P 134 61 255 0 0
P 135 61 255 0 0
P 136 61 255 0 0
P 137 61 255 0 0
P 138 61 255 0 0
P 139 61 255 0 0
P 140 61 255 0 0
P 141 61 255 0 0
P 142 61 255 0 0
P 143 61 255 0 0
P 144 61 255 0 0
P 145 61 255 0 0
P 146 61 255 0 0
P 147 61 255 0 0
P 148 61 255 0 0
P 149 61 255 0 0
P 150 61 255 0 0
P 151 61 255 0 0
P 152 61 255 0 0
P 153 61 255 0 0
P 154 61 255 0 0
P 155 61 255 0 0
P 156 61 255 0 0
P 157 61 255 0 0
P 158 61 255 0 0
P 159 61 255 0 0
P 160 61 255 0 0
P 161 61 255 0 0
P 162 61 255 0 0
P 163 61 255 0 0
P 164 61 255 0 0
P 165 61 255 0 0
P 166 61 255 0 0
P 167 61 255 0 0
P 168 61 255 0 0
P 169 61 255 0 0
P 170 61 255 0 0
P 191 61 0 255 0
P 192 61 0 255 0
P 193 61 0 255 0
P 194 61 0 255 0
P 195 61 0 255 0
P 196 61 0 255 0
P 197 61 0 255 0
P 198 61 0 255 0
P 199 61 0 255 0
P 200 61 0 255 0
P 201 61 0 255 0
P 202 61 0 255 0
P 203 61 0 255 0
P 204 61 0 255 0
P 205 61 0 255 0
P 206 61 0 255 0
P 207 61 0 255 0
P 208 61 0 255 0
P 209 61 0 255 0
P 210 61 0 255 0
P 211 61 0 255 0
P 212 61 0 255 0
P 213 61 0 255 0
P 214 61 0 255 0
P 215 61 0 255 0
P 216 61 0 255 0
P 217 61 0 255 0
P 218 61 0 255 0
P 219 61 0 255 0
P 220 61 0 255 0
P 221 61 0 255 0
P 222 61 0 255 0
P 223 61 0 255 0
P 224 61 0 255 0
P 225 61 0 255 0
P 226 61 0 255 0
P 227 61 0 255 0
P 228 61 0 255 0
P 229 61 0 255 0
P 230 61 0 255 0
P 231 61 0 255 0
P 232 61 0 255 0
P 233 61 0 255 0
P 234 61 0 255 0
P 235 61 0 255 0
P 236 61 0 255 0
P 237 61 0 255 0
P 238 61 0 255 0
P 239 61 0 255 0
P 240 61 0 255 0
P 53 62 255 0 0
P 54 62 255 0 0
P 55 62 255 0 0
P 56 62 255 0 0
P 57 62 255 0 0
P 58 62 255 0 0
P 59 62 255 0 0
P 60 62 255 0 0
P 61 62 255 0 0
P 62 62 255 0 0
P 63 62 255 0 0
P 64 62 255 0 0
P 65 62 255 0 0
P 66 62 255 0 0
P 67 62 255 0 0
P 68 62 255 0 0
P 69 62 255 0 0
P 70 62 255 0 0
P 71 62 255 0 0
P 72 62 255 0 0
P 73 62 255 0 0
P 74 62 255 0 0
P 75 62 255 0 0
P 76 62 255 0 0
P 77 62 255 0 0
P 78 62 255 0 0
P 79 62 255 0 0
P 80 62 255 0 0
P 81 62 255 0 0
P 82 62 255 0 0
P 83 62 255 0 0
P 84 62 255 0 0
P 85 62 255 0 0
P 86 62 255 0 0
P 87 62 255 0 0
P 88 62 255 0 0
P 89 62 255 0 0
P 90 62 255 0 0
P 91 62 255 0 0
P 92 62 255 0 0
P 93 62 255 0 0
P 94 62 255 0 0
P 95 62 255 0 0
P 96 62 255 0 0
P 97 62 255 0 0
P 98 62 255 0 0
P 99 62 255 0 0
P 100 62 255 0 0
P 101 62 255 0 0
P 102 62 255 0 0
P 103 62 255 0 0
P 104 62 255 0 0
P 105 62 255 0 0
P 106 62 255 0 0
P 107 62 255 0 0
P 108 62 255 0 0
P 109 62 255 0 0
P 110 62 255 0 0
P 111 62 255 0 0
P 112 62 255 0 0
P 113 62 255 0 0
P 114 62 255 0 0
P 115 62 255 0 0
P 116 62 255 0 0
P 117 62 255 0 0
P 118 62 255 0 0
P 119 62 255 0 0
P 120 62 255 0 0
P 121 62 255 0 0
P 122 62 255 0 0
P 123 62 255 0 0
P 124 62 255 0 0
P 125 62 255 0 0
P 126 62 255 0 0
P 127 62 255 0 0
P 128 62 255 0 0
P 129 62 255 0 0
P 130 62 255 0 0
P 131 62 255 0 0
P 132 62 255 0 0
P 133 62 255 0 0
P 134 62 255 0 0
P 135 62 255 0 0
P 136 62 255 0 0
P 137 62 255 0 0
P 138 62 255 0 0
P 139 62 255 0 0
P 140 62 255 0 0
P 141 62 255 0 0
P 142 62 255 0 0
P 143 62 255 0 0
P 144 62 255 0 0
P 145 62 255 0 0
P 146 62 255 0 0
P 147 62 255 0 0
P 148 62 255 0 0
P 149 62 255 0 0
P 150 62 255 0 0
P 151 62 255 0 0
P 152 62 255 0 0
P 153 62 255 0 0
P 154 62 255 0 0
P 155 62 255 0 0
P 156 62 255 0 0
P 157 62 255 0 0
P 158 62 255 0 0
P 159 62 255 0 0
P 160 62 255 0 0
P 161 62 255 0 0
P 162 62 255 0 0
P 163 62 255 0 0
P 164 62 255 0 0
P 165 62 255 0 0
P 166 62 255 0 0
P 167 62 255 0 0
P 168 62 255 0 0
P 169 62 255 0 0
P 170 62 255 0 0
P 171 62 255 0 0
P 172 62 255 0 0
P 173 62 255 0 0
P 174 62 255 0 0
P 175 62 255 0 0
P 176 62 255 0 0
P 177 62 255 0 0
P 178 62 255 0 0
P 179 62 255 0 0
P 180 62 255 0 0
P 187 62 0 255 0
P 188 62 0 255 0
P 189 62 0 255 0
P 190 62 0 255 0
P 191 62 0 255 0
P 192 62 0 255 0
P 193 62 0 255 0
P 194 62 0 255 0
P 195 62 0 255 0
P 196 62 0 255 0
P 197 62 0 255 0
P 198 62 0 255 0
P 199 62 0 255 0
P 200 62 0 255 0
P 201 62 0 255 0
P 202 62 0 255 0
P 203 62 0 255 0
P 204 62 0 255 0
P 205 62 0 255 0
P 206 62 0 255 0
P 207 62 0 255 0
P 208 62 0 255 0
P 209 62 0 255 0
P 210 62 0 255 0
P 211 62 0 255 0
P 212 62 0 255 0
P 213 62 0 255 0
P 214 62 0 255 0
P 215 62 0 255 0
P 216 62 0 255 0
P 217 62 0 255 0
P 218 62 0 255 0
P 219 62 0 255 0
P 220 62 0 255 0
P 221 62 0 255 0
P 222 62 0 255 0
P 223 62 0 255 0
P 224 62 0 255 0
P 225 62 0 255 0
P 226 62 0 255 0
P 227 62 0 255 0
P 228 62 0 255 0
P 229 62 0 255 0
P 230 62 0 255 0
P 231 62 0 255 0
P 232 62 0 255 0
P 233 62 0 255 0
P 234 62 0 255 0
P 235 62 0 255 0
P 236 62 0 255 0
P 237 62 0 255 0
P 238 62 0 255 0
P 239 62 0 255 0
P 240 62 0 255 0
P 54 63 255 0 0
P 55 63 255 0 0
P 56 63 255 0 0
P 57 63 255 0 0
P 58 63 255 0 0
P 59 63 255 0 0
P 60 63 255 0 0
P 61 63 255 0 0
P 62 63 255 0 0
P 63 63 255 0 0
P 64 63 255 0 0
P 65 63 255 0 0
P 66 63 255 0 0
P 67 63 255 0 0
P 68 63 255 0 0
P 69 63 255 0 0
P 70 63 255 0 0
P 71 63 255 0 0
P 72 63 255 0 0
P 73 63 255 0 0
P 74 63 255 0 0
P 75 63 255 0 0
P 76 63 255 0 0
P 77 63 255 0 0
P 78 63 255 0 0
P 79 63 255 0 0
P 80 63 255 0 0
P 81 63 255 0 0
P 82 63 255 0 0
P 83 63 255 0 0
P 84 63 255 0 0
P 85 63 255 0 0
P 86 63 255 0 0
P 87 63 255 0 0
P 88 63 255 0 0
P 89 63 255 0 0
P 90 63 255 0 0
P 91 63 255 0 0
P 92 63 255 0 0
P 93 63 255 0 0
P 94 63 255 0 0
P 95 63 255 0 0
P 96 63 255 0 0
P 97 63 255 0 0
P 98 63 255 0 0
P 99 63 255 0 0
P 100 63 255 0 0
P 101 63 255 0 0
P 102 63 255 0 0
P 103 63 255 0 0
P 104 63 255 0 0
P 105 63 255 0 0
P 106 63 255 0 0
P 107 63 255 0 0
P 108 63 255 0 0
P 109 63 255 0 0
P 110 63 255 0 0
P 111 63 255 0 0
P 112 63 255 0 0
P 113 63 255 0 0
P 114 63 255 0 0
P 115 63 255 0 0
P 116 63 255 0 0
P 117 63 255 0 0
P 118 63 255 0 0
P 119 63 255 0 0
P 120 63 255 0 0
P 121 63 255 0 0
P 122 63 255 0 0
P 123 63 255 0 0
P 124 63 255 0 0
P 125 63 255 0 0
P 126 63 255 0 0
P 127 63 255 0 0
P 128 63 255 0 0
P 129 63 255 0 0
P 130 63 255 0 0
P 131 63 255 0 0
P 132 63 255 0 0
P 133 63 255 0 0
P 134 63 255 0 0
P 135 63 255 0 0
P 136 63 255 0 0
P 137 63 255 0 0
P 138 63 255 0 0
P 139 63 255 0 0
P 140 63 255 0 0
P 141 63 255 0 0
P 142 63 255 0 0
P 143 63 255 0 0
P 144 63 255 0 0
P 145 63 255 0 0
P 146 63 255 0 0
P 147 63 255 0 0
P 148 63 255 0 0
P 149 63 255 0 0
P 150 63 255 0 0
P 151 63 255 0 0
P 152 63 255 0 0
P 153 63 255 0 0
P 154 63 255 0 0
P 155 63 255 0 0
P 156 63 255 0 0
P 157 63 255 0 0
P 158 63 255 0 0
P 159 63 255 0 0
P 160 63 255 0 0
P 161 63 255 0 0
P 162 63 255 0 0
P 163 63 255 0 0
P 164 63 255 0 0
P 165 63 255 0 0
P 166 63 255 0 0
P 167 63 255 0 0
P 168 63 255 0 0
P 169 63 255 0 0
P 170 63 255 0 0
P 171 63 255 0 0
P 172 63 255 0 0
P 173 63 255 0 0
P 174 63 255 0 0
P 175 63 255 0 0
P 176 63 255 0 0
P 177 63 255 0 0
P 178 63 255 0 0
P 179 63 255 0 0
P 180 63 255 0 0
P 181 63 255 0 0
P 182 63 255 0 0
P 183 63 0 255 0
P 184 63 0 255 0
P 185 63 0 255 0
P 186 63 0 255 0
P 187 63 0 255 0
P 188 63 0 255 0
P 189 63 0 255 0
P 190 63 0 255 0
P 191 63 0 255 0
P 192 63 0 255 0
P 193 63 0 255 0
P 194 63 0 255 0
P 195 63 0 255 0
P 196 63 0 255 0
P 197 63 0 255 0
P 198 63 0 255 0
P 199 63 0 255 0
P 200 63 0 255 0
P 201 63 0 255 0
P 202 63 0 255 0
P 203 63 0 255 0
P 204 63 0 255 0
P 205 63 0 255 0
P 206 63 0 255 0
P 207 63 0 255 0
P 208 63 0 255 0
P 209 63 0 255 0
P 210 63 0 255 0
P 211 63 0 255 0
P 212 63 0 255 0
P 213 63 0 255 0
P 214 63 0 255 0
P 215 63 0 255 0
P 216 63 0 255 0
P 217 63 0 255 0
P 218 63 0 255 0
P 219 63 0 255 0
P 220 63 0 255 0
P 221 63 0 255 0
P 222 63 0 255 0
P 223 63 0 255 0
P 224 63 0 255 0
P 225 63 0 255 0
P 226 63 0 255 0
P 227 63 0 255 0
P 228 63 0 255 0
P 229 63 0 255 0
P 230 63 0 255 0
P 231 63 0 255 0
P 232 63 0 255 0
P 233 63 0 255 0
P 234 63 0 255 0
P 235 63 0 255 0
P 236 63 0 255 0
P 237 63 0 255 0
P 238 63 0 255 0
P 239 63 0 255 0
P 240 63 0 255 0
P 54 64 255 0 0
P 55 64 255 0 0
P 56 64 255 0 0
P 57 64 255 0 0
P 58 64 255 0 0
P 59 64 255 0 0
P 60 64 255 0 0
P 61 64 255 0 0
P 62 64 255 0 0
P 63 64 255 0 0
P 64 64 255 0 0
P 65 64 255 0 0
P 66 64 255 0 0
P 67 64 255 0 0
P 68 64 255 0 0
P 69 64 255 0 0
P 70 64 255 0 0
P 71 64 255 0 0
P 72 64 255 0 0
P 73 64 255 0 0
P 74 64 255 0 0
P 75 64 255 0 0
P 76 64 255 0 0
P 77 64 255 0 0
P 78 64 255 0 0
P 79 64 255 0 0
P 80 64 255 0 0
P 81 64 255 0 0
P 82 64 255 0 0
P 83 64 255 0 0
P 84 64 255 0 0
P 85 64 255 0 0
P 86 64 255 0 0
P 87 64 255 0 0
P 88 64 255 0 0
P 89 64 255 0 0
P 90 64 255 0 0
P 91 64 255 0 0
P 92 64 255 0 0
P 93 64 255 0 0
P 94 64 255 0 0
P 95 64 255 0 0
P 96 64 255 0 0
P 97 64 255 0 0
P 98 64 255 0 0
P 99 64 255 0 0
P 100 64 255 0 0
P 101 64 255 0 0
P 102 64 255 0 0
P 103 64 255 0 0
P 104 64 255 0 0
P 105 64 255 0 0
P 106 64 255 0 0
P 107 64 255 0 0
P 108 64 255 0 0
P 109 64 255 0 0
P 110 64 255 0 0
P 111 64 255 0 0
P 112 64 255 0 0
P 113 64 255 0 0
P 114 64 255 0 0
P 115 64 255 0 0
P 116 64 255 0 0
P 117 64 255 0 0
P 118 64 255 0 0
P 119 64 255 0 0
P 120 64 255 0 0
P 121 64 255 0 0
P 122 64 255 0 0
P 123 64 255 0 0
P 124 64 255 0 0
P 125 64 255 0 0
P 126 64 255 0 0
P 127 64 255 0 0
P 128 64 255 0 0
P 129 64 255 0 0
P 130 64 255 0 0
P 131 64 255 0 0
P 132 64 255 0 0
P 133 64 255 0 0
P 134 64 255 0 0
P 135 64 255 0 0
P 136 64 255 0 0
P 137 64 255 0 0
P 138 64 255 0 0
P 139 64 255 0 0
P 140 64 255 0 0
P 141 64 255 0 0
P 142 64 255 0 0
P 143 64 255 0 0
P 144 64 255 0 0
P 145 64 255 0 0
P 146 64 255 0 0
P 147 64 255 0 0
P 148 64 255 0 0
P 149 64 255 0 0
P 150 64 255 0 0
P 151 64 255 0 0
P 152 64 255 0 0
P 153 64 255 0 0
P 154 64 255 0 0
P 155 64 255 0 0
P 156 64 255 0 0
P 157 64 255 0 0
P 158 64 255 0 0
P 159 64 255 0 0
P 160 64 255 0 0
P 161 64 255 0 0
P 162 64 255 0 0
P 163 64 255 0 0
P 164 64 255 0 0
P 165 64 255 0 0
P 166 64 255 0 0
P 167 64 255 0 0
P 168 64 255 0 0
P 169 64 255 0 0
P 170 64 255 0 0
P 171 64 255 0 0
P 172 64 255 0 0
P 173 64 255 0 0
P 174 64 255 0 0
P 175 64 255 0 0
P 176 64 255 0 0
P 177 64 255 0 0
P 178 64 0 255 0
P 179 64 0 255 0
P 180 64 0 255 0
P 181 64 0 255 0
P 182 64 0 255 0
P 183 64 0 255 0
P 184 64 0 255 0
P 185 64 0 255 0
P 186 64 0 255 0
P 187 64 0 255 0
P 188 64 0 255 0
P 189 64 0 255 0
P 190 64 0 255 0
P 191 64 0 255 0
P 192 64 0 255 0
P 193 64 0 255 0
P 194 64 0 255 0
P 195 64 0 255 0
P 196 64 0 255 0
P 197 64 0 255 0
P 198 64 0 255 0
P 199 64 0 255 0
P 200 64 0 255 0
P 201 64 0 255 0
P 202 64 0 255 0
P 203 64 0 255 0
P 204 64 0 255 0
P 205 64 0 255 0
P 206 64 0 255 0
P 207 64 0 255 0
P 208 64 0 255 0
P 209 64 0 255 0
P 210 64 0 255 0
P 211 64 0 255 0
P 212 64 0 255 0
P 213 64 0 255 0
P 214 64 0 255 0
P 215 64 0 255 0
P 216 64 0 255 0
P 217 64 0 255 0
P 218 64 0 255 0
P 219 64 0 255 0
P 220 64 0 255 0
P 221 64 0 255 0
P 222 64 0 255 0
P 223 64 0 255 0
P 224 64 0 255 0
P 225 64 0 255 0
P 226 64 0 255 0
P 227 64 0 255 0
P 228 64 0 255 0
P 229 64 0 255 0
P 230 64 0 255 0
P 231 64 0 255 0
P 232 64 0 255 0
P 233 64 0 255 0
P 234 64 0 255 0
P 235 64 0 255 0
P 236 64 0 255 0
P 237 64 0 255 0
P 238 64 0 255 0
P 239 64 0 255 0
P 240 64 0 255 0
P 54 65 255 0 0
P 55 65 255 0 0
P 56 65 255 0 0
P 57 65 255 0 0
P 58 65 255 0 0
P 59 65 255 0 0
P 60 65 255 0 0
P 61 65 255 0 0
P 62 65 255 0 0
P 63 65 255 0 0
P 64 65 255 0 0
P 65 65 255 0 0
P 66 65 255 0 0
P 67 65 255 0 0
P 68 65 255 0 0
P 69 65 255 0 0
P 70 65 255 0 0
P 71 65 255 0 0
P 72 65 255 0 0
P 73 65 255 0 0
P 74 65 255 0 0
P 75 65 255 0 0
P 76 65 255 0 0
P 77 65 255 0 0
P 78 65 255 0 0
P 79 65 255 0 0
P 80 65 255 0 0
P 81 65 255 0 0
P 82 65 255 0 0
P 83 65 255 0 0
P 84 65 255 0 0
P 85 65 255 0 0
P 86 65 255 0 0
P 87 65 255 0 0
P 88 65 255 0 0
P 89 65 255 0 0
P 90 65 255 0 0
P 91 65 255 0 0
P 92 65 255 0 0
P 93 65 255 0 0
P 94 65 255 0 0
P 95 65 255 0 0
P 96 65 255 0 0
P 97 65 255 0 0
P 98 65 255 0 0
P 99 65 255 0 0
P 100 65 255 0 0
P 101 65 255 0 0
P 102 65 255 0 0
P 103 65 255 0 0
P 104 65 255 0 0
P 105 65 255 0 0
P 106 65 255 0 0
P 107 65 255 0 0
P 108 65 255 0 0
P 109 65 255 0 0
P 110 65 255 0 0
P 111 65 255 0 0
P 112 65 255 0 0
P 113 65 255 0 0
P 114 65 255 0 0
P 115 65 255 0 0
P 116 65 255 0 0
P 117 65 255 0 0
P 118 65 255 0 0
P 119 65 255 0 0
P 120 65 255 0 0
P 121 65 255 0 0
P 122 65 255 0 0
P 123 65 255 0 0
P 124 65 255 0 0
P 125 65 255 0 0
P 126 65 255 0 0
P 127 65 255 0 0
P 128 65 255 0 0
P 129 65 255 0 0
P 130 65 255 0 0
P 131 65 255 0 0
P 132 65 255 0 0
P 133 65 255 0 0
P 134 65 255 0 0
P 135 65 255 0 0
P 136 65 255 0 0
P 137 65 255 0 0
P 138 65 255 0 0
P 139 65 255 0 0
P 140 65 255 0 0
P 141 65 255 0 0
P 142 65 255 0 0
P 143 65 255 0 0
P 144 65 255 0 0
P 145 65 255 0 0
P 146 65 255 0 0
P 147 65 255 0 0
P 148 65 255 0 0
P 149 65 255 0 0
P 150 65 255 0 0
P 151 65 255 0 0
P 152 65 255 0 0
P 153 65 255 0 0
P 154 65 255 0 0
P 155 65 255 0 0
P 156 65 255 0 0
P 157 65 255 0 0
P 158 65 255 0 0
P 159 65 255 0 0
P 160 65 255 0 0
P 161 65 255 0 0
P 162 65 255 0 0
P 163 65 255 0 0
P 164 65 255 0 0
P 165 65 255 0 0
P 166 65 255 0 0
P 167 65 255 0 0
P 168 65 255 0 0
P 169 65 255 0 0
P 170 65 255 0 0
P 171 65 255 0 0
P 172 65 255 0 0
P 173 65 255 0 0
P 174 65 0 255 0
P 175 65 0 255 0
P 176 65 0 255 0
P 177 65 0 255 0
P 178 65 0 255 0
P 179 65 0 255 0
P 180 65 0 255 0
P 181 65 0 255 0
P 182 65 0 255 0
P 183 65 0 255 0
P 184 65 0 255 0
P 185 65 0 255 0
P 186 65 0 255 0
P 187 65 0 255 0
P 188 65 0 255 0
P 189 65 0 255 0
P 190 65 0 255 0
P 191 65 0 255 0
P 192 65 0 255 0
P 193 65 0 255 0
P 194 65 0 255 0
P 195 65 0 255 0
P 196 65 0 255 0
P 197 65 0 255 0
P 198 65 0 255 0
P 199 65 0 255 0
P 200 65 0 255 0
P 201 65 0 255 0
P 202 65 0 255 0
P 203 65 0 255 0
P 204 65 0 255 0
P 205 65 0 255 0
P 206 65 0 255 0
P 207 65 0 255 0
P 208 65 0 255 0
P 209 65 0 255 0
P 210 65 0 255 0
P 211 65 0 255 0
P 212 65 0 255 0
P 213 65 0 255 0
P 214 65 0 255 0
P 215 65 0 255 0
P 216 65 0 255 0
P 217 65 0 255 0
P 218 65 0 255 0
P 219 65 0 255 0
P 220 65 0 255 0
P 221 65 0 255 0
P 222 65 0 255 0
P 223 65 0 255 0
P 224 65 0 255 0
P 225 65 0 255 0
P 226 65 0 255 0
P 227 65 0 255 0
P 228 65 0 255 0
P 229 65 0 255 0
P 230 65 0 255 0
P 231 65 0 255 0
P 232 65 0 255 0
P 233 65 0 255 0
P 234 65 0 255 0
P 235 65 0 255 0
P 236 65 0 255 0
P 237 65 0 255 0
P 238 65 0 255 0
P 239 65 0 255 0
P 240 65 0 255 0
P 54 66 255 0 0
P 55 66 255 0 0
P 56 66 255 0 0
P 57 66 255 0 0
P 58 66 255 0 0
P 59 66 255 0 0
P 60 66 255 0 0
P 61 66 255 0 0
P 62 66 255 0 0
P 63 66 255 0 0
P 64 66 255 0 0
P 65 66 255 0 0
P 66 66 255 0 0
P 67 66 255 0 0
P 68 66 255 0 0
P 69 66 255 0 0
P 70 66 255 0 0
P 71 66 255 0 0
P 72 66 255 0 0
P 73 66 255 0 0
P 74 66 255 0 0
P 75 66 255 0 0
P 76 66 255 0 0
P 77 66 255 0 0
P 78 66 255 0 0
P 79 66 255 0 0
P 80 66 255 0 0
P 81 66 255 0 0
P 82 66 255 0 0
P 83 66 255 0 0
P 84 66 255 0 0
P 85 66 255 0 0
P 86 66 255 0 0
P 87 66 255 0 0
P 88 66 255 0 0
P 89 66 255 0 0
P 90 66 255 0 0
P 91 66 255 0 0
P 92 66 255 0 0
P 93 66 255 0 0
P 94 66 255 0 0
P 95 66 255 0 0
P 96 66 255 0 0
P 97 66 255 0 0
P 98 66 255 0 0
P 99 66 255 0 0
P 100 66 255 0 0
P 101 66 255 0 0
P 102 66 255 0 0
P 103 66 255 0 0
P 104 66 255 0 0
P 105 66 255 0 0
P 106 66 255 0 0
P 107 66 255 0 0
P 108 66 255 0 0
P 109 66 255 0 0
P 110 66 255 0 0
P 111 66 255 0 0
P 112 66 255 0 0
P 113 66 255 0 0
P 114 66 255 0 0
P 115 66 255 0 0
P 116 66 255 0 0
P 117 66 255 0 0
P 118 66 255 0 0
P 119 66 255 0 0
P 120 66 255 0 0
P 121 66 255 0 0
P 122 66 255 0 0
P 123 66 255 0 0
P 124 66 255 0 0
P 125 66 255 0 0
P 126 66 255 0 0
P 127 66 255 0 0
P 128 66 255 0 0
P 129 66 255 0 0
P 130 66 255 0 0
P 131 66 255 0 0
P 132 66 255 0 0
P 133 66 255 0 0
P 134 66 255 0 0
P 135 66 255 0 0
P 136 66 255 0 0
P 137 66 255 0 0
P 138 66 255 0 0
P 139 66 255 0 0
P 140 66 255 0 0
P 141 66 255 0 0
P 142 66 255 0 0
P 143 66 255 0 0
P 144 66 255 0 0
P 145 66 255 0 0
P 146 66 255 0 0
P 147 66 255 0 0
P 148 66 255 0 0
P 149 66 255 0 0
P 150 66 255 0 0
P 151 66 255 0 0
P 152 66 255 0 0
P 153 66 255 0 0
P 154 66 255 0 0
P 155 66 255 0 0
P 156 66 255 0 0
P 157 66 255 0 0
P 158 66 255 0 0
P 159 66 255 0 0
P 160 66 255 0 0
P 161 66 255 0 0
P 162 66 255 0 0
P 163 66 255 0 0
P 164 66 255 0 0
P 165 66 255 0 0
P 166 66 255 0 0
P 167 66 255 0 0
P 168 66 255 0 0
P 169 66 255 0 0
P 170 66 0 255 0
P 171 66 0 255 0
P 172 66 0 255 0
P 173 66 0 255 0
P 174 66 0 255 0
P 175 66 0 255 0
P 176 66 0 255 0
P 177 66 0 255 0
P 178 66 0 255 0
P 179 66 0 255 0
P 180 66 0 255 0
P 181 66 0 255 0
P 182 66 0 255 0
P 183 66 0 255 0
P 184 66 0 255 0
P 185 66 0 255 0
P 186 66 0 255 0
P 187 66 0 255 0
P 188 66 0 255 0
P 189 66 0 255 0
P 190 66 0 255 0
P 191 66 0 255 0
P 192 66 0 255 0
P 193 66 0 255 0
P 194 66 0 255 0
P 195 66 0 255 0
P 196 66 0 255 0
P 197 66 0 255 0
P 198 66 0 255 0
P 199 66 0 255 0
P 200 66 0 255 0
P 201 66 0 255 0
P 202 66 0 255 0
P 203 66 0 255 0
P 204 66 0 255 0
P 205 66 0 255 0
P 206 66 0 255 0
P 207 66 0 255 0
P 208 66 0 255 0
P 209 66 0 255 0
P 210 66 0 255 0
P 211 66 0 255 0
P 212 66 0 255 0
P 213 66 0 255 0
P 214 66 0 255 0
P 215 66 0 255 0
P 216 66 0 255 0
P 217 66 0 255 0
P 218 66 0 255 0
P 219 66 0 255 0
P 220 66 0 255 0
P 221 66 0 255 0
P 222 66 0 255 0
P 223 66 0 255 0
P 224 66 0 255 0
P 225 66 0 255 0
P 226 66 0 255 0
P 227 66 0 255 0
P 228 66 0 255 0
P 229 66 0 255 0
P 230 66 0 255 0
P 231 66 0 255 0
P 232 66 0 255 0
P 233 66 0 255 0
P 234 66 0 255 0
P 235 66 0 255 0
P 236 66 0 255 0
P 237 66 0 255 0
P 238 66 0 255 0
P 239 66 0 255 0
P 240 66 0 255 0
P 55 67 255 0 0
P 56 67 255 0 0
P 57 67 255 0 0
P 58 67 255 0 0
P 59 67 255 0 0
P 60 67 255 0 0
P 61 67 255 0 0
P 62 67 255 0 0
P 63 67 255 0 0
P 64 67 255 0 0
P 65 67 255 0 0
P 66 67 255 0 0
P 67 67 255 0 0
P 68 67 255 0 0
P 69 67 255 0 0
P 70 67 255 0 0
P 71 67 255 0 0
P 72 67 255 0 0
P 73 67 255 0 0
P 74 67 255 0 0
P 75 67 255 0 0
P 76 67 255 0 0
P 77 67 255 0 0
P 78 67 255 0 0
P 79 67 255 0 0
P 80 67 255 0 0
P 81 67 255 0 0
P 82 67 255 0 0
P 83 67 255 0 0
P 84 67 255 0 0
P 85 67 255 0 0
P 86 67 255 0 0
P 87 67 255 0 0
P 88 67 255 0 0
P 89 67 255 0 0
P 90 67 255 0 0
P 91 67 255 0 0
P 92 67 255 0 0
P 93 67 255 0 0
P 94 67 255 0 0
P 95 67 255 0 0
P 96 67 255 0 0
P 97 67 255 0 0
P 98 67 255 0 0
P 99 67 255 0 0
P 100 67 255 0 0
P 101 67 255 0 0
P 102 67 255 0 0
P 103 67 255 0 0
P 104 67 255 0 0
P 105 67 255 0 0
P 106 67 255 0 0
P 107 67 255 0 0
P 108 67 255 0 0
P 109 67 255 0 0
P 110 67 255 0 0
P 111 67 255 0 0
P 112 67 255 0 0
P 113 67 255 0 0
P 114 67 255 0 0
P 115 67 255 0 0
P 116 67 255 0 0
P 117 67 255 0 0
P 118 67 255 0 0
P 119 67 255 0 0
P 120 67 255 0 0
P 121 67 255 0 0
P 122 67 255 0 0
P 123 67 255 0 0
P 124 67 255 0 0
P 125 67 255 0 0
P 126 67 255 0 0
P 127 67 255 0 0
P 128 67 255 0 0
P 129 67 255 0 0
P 130 67 255 0 0
P 131 67 255 0 0
P 132 67 255 0 0
P 133 67 255 0 0
P 134 67 255 0 0
P 135 67 255 0 0
P 136 67 255 0 0
P 137 67 255 0 0
P 138 67 255 0 0
P 139 67 255 0 0
P 140 67 255 0 0
P 141 67 255 0 0
P 142 67 255 0 0
P 143 67 255 0 0
P 144 67 255 0 0
P 145 67 255 0 0
P 146 67 255 0 0
P 147 67 255 0 0
P 148 67 255 0 0
P 149 67 255 0 0
P 150 67 255 0 0
P 151 67 255 0 0
P 152 67 255 0 0
P 153 67 255 0 0
P 154 67 255 0 0
P 155 67 255 0 0
P 156 67 255 0 0
P 157 67 255 0 0
P 158 67 255 0 0
P 159 67 255 0 0
P 160 67 255 0 0
P 161 67 255 0 0
P 162 67 255 0 0
P 163 67 255 0 0
P 164 67 255 0 0
P 165 67 255 0 0
P 166 67 0 255 0
P 167 67 0 255 0
P 168 67 0 255 0
P 169 67 0 255 0
P 170 67 0 255 0
P 171 67 0 255 0
P 172 67 0 255 0
P 173 67 0 255 0
P 174 67 0 255 0
P 175 67 0 255 0
P 176 67 0 255 0
P 177 67 0 255 0
P 178 67 0 255 0
P 179 67 0 255 0
P 180 67 0 255 0
P 181 67 0 255 0
P 182 67 0 255 0
P 183 67 0 255 0
P 184 67 0 255 0
P 185 67 0 255 0
P 186 67 0 255 0
P 187 67 0 255 0
P 188 67 0 255 0
P 189 67 0 255 0
P 190 67 0 255 0
P 191 67 0 255 0
P 192 67 0 255 0
P 193 67 0 255 0
P 194 67 0 255 0
P 195 67 0 255 0
P 196 67 0 255 0
P 197 67 0 255 0
P 198 67 0 255 0
P 199 67 0 255 0
P 200 67 0 255 0
P 201 67 0 255 0
P 202 67 0 255 0
P 203 67 0 255 0
P 204 67 0 255 0
P 205 67 0 255 0
P 206 67 0 255 0
P 207 67 0 255 0
P 208 67 0 255 0
P 209 67 0 255 0
P 210 67 0 255 0
P 211 67 0 255 0
P 212 67 0 255 0
P 213 67 0 255 0
P 214 67 0 255 0
P 215 67 0 255 0
P 216 67 0 255 0
P 217 67 0 255 0
P 218 67 0 255 0
P 219 67 0 255 0
P 220 67 0 255 0
P 221 67 0 255 0
P 222 67 0 255 0
P 223 67 0 255 0
P 224 67 0 255 0
P 225 67 0 255 0
P 226 67 0 255 0
P 227 67 0 255 0
P 228 67 0 255 0
P 229 67 0 255 0
P 230 67 0 255 0
P 231 67 0 255 0
P 232 67 0 255 0
P 233 67 0 255 0
P 234 67 0 255 0
P 235 67 0 255 0
P 236 67 0 255 0
P 237 67 0 255 0
P 238 67 0 255 0
P 239 67 0 255 0
P 240 67 0 255 0
P 55 68 255 0 0
P 56 68 255 0 0
P 57 68 255 0 0
P 58 68 255 0 0
P 59 68 255 0 0
P 60 68 255 0 0
P 61 68 255 0 0
P 62 68 255 0 0
P 63 68 255 0 0
P 64 68 255 0 0
P 65 68 255 0 0
P 66 68 255 0 0
P 67 68 255 0 0
P 68 68 255 0 0
P 69 68 255 0 0
P 70 68 255 0 0
P 71 68 255 0 0
P 72 68 255 0 0
P 73 68 255 0 0
P 74 68 255 0 0
P 75 68 255 0 0
P 76 68 255 0 0
P 77 68 255 0 0
P 78 68 255 0 0
P 79 68 255 0 0
P 80 68 255 0 0
P 81 68 255 0 0
P 82 68 255 0 0
P 83 68 255 0 0
P 84 68 255 0 0
P 85 68 255 0 0
P 86 68 255 0 0
P 87 68 255 0 0
P 88 68 255 0 0
P 89 68 255 0 0
P 90 68 255 0 0
P 91 68 255 0 0
P 92 68 255 0 0
P 93 68 255 0 0
P 94 68 255 0 0
P 95 68 255 0 0
P 96 68 255 0 0
P 97 68 255 0 0
P 98 68 255 0 0
P 99 68 255 0 0
P 100 68 255 0 0
P 101 68 255 0 0
P 102 68 255 0 0
P 103 68 255 0 0
P 104 68 255 0 0
P 105 68 255 0 0
P 106 68 255 0 0
P 107 68 255 0 0
P 108 68 255 0 0
P 109 68 255 0 0
P 110 68 255 0 0
P 111 68 255 0 0
P 112 68 255 0 0
P 113 68 255 0 0
P 114 68 255 0 0
P 115 68 255 0 0
P 116 68 255 0 0
P 117 68 255 0 0
P 118 68 255 0 0
P 119 68 255 0 0
P 120 68 255 0 0
P 121 68 255 0 0
P 122 68 255 0 0
P 123 68 255 0 0
P 124 68 255 0 0
P 125 68 255 0 0
P 126 68 255 0 0
P 127 68 255 0 0
P 128 68 255 0 0
P 129 68 255 0 0
P 130 68 255 0 0
P 131 68 255 0 0
P 132 68 255 0 0
P 133 68 255 0 0
P 134 68 255 0 0
P 135 68 255 0 0
P 136 68 255 0 0
P 137 68 255 0 0
P 138 68 255 0 0
P 139 68 255 0 0
P 140 68 255 0 0
P 141 68 255 0 0
P 142 68 255 0 0
P 143 68 255 0 0
P 144 68 255 0 0
P 145 68 255 0 0
P 146 68 255 0 0
P 147 68 255 0 0
P 148 68 255 0 0
P 149 68 255 0 0
P 150 68 255 0 0
P 151 68 255 0 0
P 152 68 255 0 0
P 153 68 255 0 0
P 154 68 255 0 0
P 155 68 255 0 0
P 156 68 255 0 0
P 157 68 255 0 0
P 158 68 255 0 0
P 159 68 255 0 0
P 160 68 255 0 0
P 161 68 0 255 0
P 162 68 0 255 0
P 163 68 0 255 0
P 164 68 0 255 0
P 165 68 0 255 0
P 166 68 0 255 0
P 167 68 0 255 0
P 168 68 0 255 0
P 169 68 0 255 0
P 170 68 0 255 0
P 171 68 0 255 0
P 172 68 0 255 0
P 173 68 0 255 0
P 174 68 0 255 0
P 175 68 0 255 0
P 176 68 0 255 0
P 177 68 0 255 0
P 178 68 0 255 0
P 179 68 0 255 0
P 180 68 0 255 0
P 181 68 0 255 0
P 182 68 0 255 0
P 183 68 0 255 0
P 184 68 0 255 0
P 185 68 0 255 0
P 186 68 0 255 0
P 187 68 0 255 0
P 188 68 0 255 0
P 189 68 0 255 0
P 190 68 0 255 0
P 191 68 0 255 0
P 192 68 0 255 0
P 193 68 0 255 0
P 194 68 0 255 0
P 195 68 0 255 0
P 196 68 0 255 0
P 197 68 0 255 0
P 198 68 0 255 0
P 199 68 0 255 0
P 200 68 0 255 0
P 201 68 0 255 0
P 202 68 0 255 0
P 203 68 0 255 0
P 204 68 0 255 0
P 205 68 0 255 0
P 206 68 0 255 0
P 207 68 0 255 0
P 208 68 0 255 0
P 209 68 0 255 0
P 210 68 0 255 0
P 211 68 0 255 0
P 212 68 0 255 0
P 213 68 0 255 0
P 214 68 0 255 0
P 215 68 0 255 0
P 216 68 0 255 0
P 217 68 0 255 0
P 218 68 0 255 0
P 219 68 0 255 0
P 220 68 0 255 0
P 221 68 0 255 0
P 222 68 0 255 0
P 223 68 0 255 0
P 224 68 0 255 0
P 225 68 0 255 0
P 226 68 0 255 0
P 227 68 0 255 0
P 228 68 0 255 0
P 229 68 0 255 0
P 230 68 0 255 0
P 231 68 0 255 0
P 232 68 0 255 0
P 233 68 0 255 0
P 234 68 0 255 0
P 235 68 0 255 0
P 236 68 0 255 0
P 237 68 0 255 0
P 238 68 0 255 0
P 239 68 0 255 0
P 240 68 0 255 0
P 241 68 255 0 0
P 242 68 255 0 0
P 243 68 255 0 0
P 55 69 255 0 0
P 56 69 255 0 0
P 57 69 255 0 0
P 58 69 255 0 0
P 59 69 255 0 0
P 60 69 255 0 0
P 61 69 255 0 0
P 62 69 255 0 0
P 63 69 255 0 0
P 64 69 255 0 0
P 65 69 255 0 0
P 66 69 255 0 0
P 67 69 255 0 0
P 68 69 255 0 0
P 69 69 255 0 0
P 70 69 255 0 0
P 71 69 255 0 0
P 72 69 255 0 0
P 73 69 255 0 0
P 74 69 255 0 0
P 75 69 255 0 0
P 76 69 255 0 0
P 77 69 255 0 0
P 78 69 255 0 0
P 79 69 255 0 0
P 80 69 255 0 0
P 81 69 255 0 0
P 82 69 255 0 0
P 83 69 255 0 0
P 84 69 255 0 0
P 85 69 255 0 0
P 86 69 255 0 0
P 87 69 255 0 0
P 88 69 255 0 0
P 89 69 255 0 0
P 90 69 255 0 0
P 91 69 255 0 0
P 92 69 255 0 0
P 93 69 255 0 0
P 94 69 255 0 0
P 95 69 255 0 0
P 96 69 255 0 0
P 97 69 255 0 0
P 98 69 255 0 0
P 99 69 255 0 0
P 100 69 255 0 0
P 101 69 255 0 0
P 102 69 255 0 0
P 103 69 255 0 0
P 104 69 255 0 0
P 105 69 255 0 0
P 106 69 255 0 0
P 107 69 255 0 0
P 108 69 255 0 0
P 109 69 255 0 0
P 110 69 255 0 0
P 111 69 255 0 0
P 112 69 255 0 0
P 113 69 255 0 0
P 114 69 255 0 0
P 115 69 255 0 0
P 116 69 255 0 0
P 117 69 255 0 0
P 118 69 255 0 0
P 119 69 255 0 0
P 120 69 255 0 0
P 121 69 255 0 0
P 122 69 255 0 0
P 123 69 255 0 0
P 124 69 255 0 0
P 125 69 255 0 0
P 126 69 255 0 0
P 127 69 255 0 0
P 128 69 255 0 0
P 129 69 255 0 0
P 130 69 255 0 0
P 131 69 255 0 0
P 132 69 255 0 0
P 133 69 255 0 0
P 134 69 255 0 0
P 135 69 255 0 0
P 136 69 255 0 0
P 137 69 255 0 0
P 138 69 255 0 0
P 139 69 255 0 0
P 140 69 255 0 0
P 141 69 255 0 0
P 142 69 255 0 0
P 143 69 255 0 0
P 144 69 255 0 0
P 145 69 255 0 0
P 146 69 255 0 0
P 147 69 255 0 0
P 148 69 255 0 0
P 149 69 255 0 0
P 150 69 255 0 0
P 151 69 255 0 0
P 152 69 255 0 0
P 153 69 255 0 0
P 154 69 255 0 0
P 155 69 255 0 0
P 156 69 255 0 0
P 157 69 0 255 0
P 158 69 0 255 0
P 159 69 0 255 0
P 160 69 0 255 0
P 161 69 0 255 0
P 162 69 0 255 0
P 163 69 0 255 0
P 164 69 0 255 0
P 165 69 0 255 0
P 166 69 0 255 0
P 167 69 0 255 0
P 168 69 0 255 0
P 169 69 0 255 0
P 170 69 0 255 0
P 171 69 0 255 0
P 172 69 0 255 0
P 173 69 0 255 0
P 174 69 0 255 0
P 175 69 0 255 0
P 176 69 0 255 0
P 177 69 0 255 0
P 178 69 0 255 0
P 179 69 0 255 0
P 180 69 0 255 0
P 181 69 0 255 0
P 182 69 0 255 0
P 183 69 0 255 0
P 184 69 0 255 0
P 185 69 0 255 0
P 186 69 0 255 0
P 187 69 0 255 0
P 188 69 0 255 0
P 189 69 0 255 0
P 190 69 0 255 0
P 191 69 0 255 0
P 192 69 0 255 0
P 193 69 0 255 0
P 194 69 0 255 0
P 195 69 0 255 0
P 196 69 0 255 0
P 197 69 0 255 0
P 198 69 0 255 0
P 199 69 0 255 0
P 200 69 0 255 0
P 201 69 0 255 0
P 202 69 0 255 0
P 203 69 0 255 0
P 204 69 0 255 0
P 205 69 0 255 0
P 206 69 0 255 0
P 207 69 0 255 0
P 208 69 0 255 0
P 209 69 0 255 0
P 210 69 0 255 0
P 211 69 0 255 0
P 212 69 0 255 0
P 213 69 0 255 0
P 214 69 0 255 0
P 215 69 0 255 0
P 216 69 0 255 0
P 217 69 0 255 0
P 218 69 0 255 0
P 219 69 0 255 0
P 220 69 0 255 0
P 221 69 0 255 0
P 222 69 0 255 0
P 223 69 0 255 0
P 224 69 0 255 0
P 225 69 0 255 0
P 226 69 0 255 0
P 227 69 0 255 0
P 228 69 0 255 0
P 229 69 0 255 0
P 230 69 0 255 0
P 231 69 0 255 0
P 232 69 0 255 0
P 233 69 0 255 0
P 234 69 0 255 0
P 235 69 0 255 0
P 236 69 0 255 0
P 237 69 0 255 0
P 238 69 0 255 0
P 239 69 0 255 0
P 240 69 0 255 0
P 241 69 255 0 0
P 242 69 255 0 0
P 243 69 255 0 0
P 244 69 255 0 0
P 245 69 255 0 0
P 246 69 255 0 0
P 247 69 255 0 0
P 248 69 255 0 0
P 249 69 255 0 0
P 250 69 255 0 0
P 251 69 255 0 0
P 252 69 255 0 0
P 253 69 255 0 0
P 254 69 255 0 0
P 55 70 255 0 0
P 56 70 255 0 0
P 57 70 255 0 0
P 58 70 255 0 0
P 59 70 255 0 0
P 60 70 255 0 0
P 61 70 255 0 0
P 62 70 255 0 0
P 63 70 255 0 0
P 64 70 255 0 0
P 65 70 255 0 0
P 66 70 255 0 0
P 67 70 255 0 0
P 68 70 255 0 0
P 69 70 255 0 0
P 70 70 255 0 0
P 71 70 255 0 0
P 72 70 255 0 0
P 73 70 255 0 0
P 74 70 255 0 0
P 75 70 255 0 0
P 76 70 255 0 0
P 77 70 255 0 0
P 78 70 255 0 0
P 79 70 255 0 0
P 80 70 255 0 0
P 81 70 255 0 0
P 82 70 255 0 0
P 83 70 255 0 0
P 84 70 255 0 0
P 85 70 255 0 0
P 86 70 255 0 0
P 87 70 255 0 0
P 88 70 255 0 0
P 89 70 255 0 0
P 90 70 255 0 0
P 91 70 255 0 0
P 92 70 255 0 0
P 93 70 255 0 0
P 94 70 255 0 0
P 95 70 255 0 0
P 96 70 255 0 0
P 97 70 255 0 0
P 98 70 255 0 0
P 99 70 255 0 0
P 100 70 255 0 0
P 101 70 255 0 0
P 102 70 255 0 0
P 103 70 255 0 0
P 104 70 255 0 0
P 105 70 255 0 0
P 106 70 255 0 0
P 107 70 255 0 0
P 108 70 255 0 0
P 109 70 255 0 0
P 110 70 255 0 0
P 111 70 255 0 0
P 112 70 255 0 0
P 113 70 255 0 0
P 114 70 255 0 0
P 115 70 255 0 0
P 116 70 255 0 0
P 117 70 255 0 0
P 118 70 255 0 0
P 119 70 255 0 0
P 120 70 255 0 0
P 121 70 255 0 0
P 122 70 255 0 0
P 123 70 255 0 0
P 124 70 255 0 0
P 125 70 255 0 0
P 126 70 255 0 0
P 127 70 255 0 0
P 128 70 255 0 0
P 129 70 255 0 0
P 130 70 255 0 0
P 131 70 255 0 0
P 132 70 255 0 0
P 133 70 255 0 0
P 134 70 255 0 0
P 135 70 255 0 0
P 136 70 255 0 0
P 137 70 255 0 0
P 138 70 255 0 0
P 139 70 255 0 0
P 140 70 255 0 0
P 141 70 255 0 0
P 142 70 255 0 0
P 143 70 255 0 0
P 144 70 255 0 0
P 145 70 255 0 0
P 146 70 255 0 0
P 147 70 255 0 0
P 148 70 255 0 0
P 149 70 255 0 0
P 150 70 255 0 0
P 151 70 255 0 0
P 152 70 255 0 0
P 153 70 0 255 0
P 154 70 0 255 0
P 155 70 0 255 0
P 156 70 0 255 0
P 157 70 0 255 0
P 158 70 0 255 0
P 159 70 0 255 0
P 160 70 0 255 0
P 161 70 0 255 0
P 162 70 0 255 0
P 163 70 0 255 0
P 164 70 0 255 0
P 165 70 0 255 0
P 166 70 0 255 0
P 167 70 0 255 0
P 168 70 0 255 0
P 169 70 0 255 0
P 170 70 0 255 0
P 171 70 0 255 0
P 172 70 0 255 0
P 173 70 0 255 0
P 174 70 0 255 0
P 175 70 0 255 0
P 176 70 0 255 0
P 177 70 0 255 0
P 178 70 0 255 0
P 179 70 0 255 0
P 180 70 0 255 0
P 181 70 0 255 0
P 182 70 0 255 0
P 183 70 0 255 0
P 184 70 0 255 0
P 185 70 0 255 0
P 186 70 0 255 0
P 187 70 0 255 0
P 188 70 0 255 0
P 189 70 0 255 0
P 190 70 0 255 0
P 191 70 0 255 0
P 192 70 0 255 0
P 193 70 0 255 0
P 194 70 0 255 0
P 195 70 0 255 0
P 196 70 0 255 0
P 197 70 0 255 0
P 198 70 0 255 0
P 199 70 0 255 0
P 200 70 0 255 0
P 201 70 0 255 0
P 202 70 0 255 0
P 203 70 0 255 0
P 204 70 0 255 0
P 205 70 0 255 0
P 206 70 0 255 0
P 207 70 0 255 0
P 208 70 0 255 0
P 209 70 0 255 0
P 210 70 0 255 0
P 211 70 0 255 0
P 212 70 0 255 0
P 213 70 0 255 0
P 214 70 0 255 0
P 215 70 0 255 0
P 216 70 0 255 0
P 217 70 0 255 0
P 218 70 0 255 0
P 219 70 0 255 0
P 220 70 0 255 0
P 221 70 0 255 0
P 222 70 0 255 0
P 223 70 0 255 0
P 224 70 0 255 0
P 225 70 0 255 0
P 226 70 0 255 0
P 227 70 0 255 0
P 228 70 0 255 0
P 229 70 0 255 0
P 230 70 0 255 0
P 231 70 0 255 0
P 232 70 0 255 0
P 233 70 0 255 0
P 234 70 0 255 0
P 235 70 0 255 0
P 236 70 0 255 0
P 237 70 0 255 0
P 238 70 0 255 0
P 239 70 0 255 0
P 240 70 0 255 0
P 241 70 255 0 0
P 242 70 255 0 0
P 243 70 255 0 0
P 244 70 255 0 0
P 245 70 255 0 0
P 246 70 255 0 0
P 247 70 255 0 0
P 248 70 255 0 0
P 249 70 255 0 0
P 250 70 255 0 0
P 251 70 255 0 0
P 252 70 255 0 0
P 253 70 255 0 0
P 254 70 255 0 0
P 255 70 255 0 0
P 256 70 255 0 0
P 257 70 255 0 0
P 258 70 255 0 0
P 56 71 255 0 0
P 57 71 255 0 0
P 58 71 255 0 0
P 59 71 255 0 0
P 60 71 255 0 0
P 61 71 255 0 0
P 62 71 255 0 0
P 63 71 255 0 0
P 64 71 255 0 0
P 65 71 255 0 0
P 66 71 255 0 0
P 67 71 255 0 0
P 68 71 255 0 0
P 69 71 255 0 0
P 70 71 255 0 0
P 71 71 255 0 0
P 72 71 255 0 0
P 73 71 255 0 0
P 74 71 255 0 0
P 75 71 255 0 0
P 76 71 255 0 0
P 77 71 255 0 0
P 78 71 255 0 0
P 79 71 255 0 0
P 80 71 255 0 0
P 81 71 255 0 0
P 82 71 255 0 0
P 83 71 255 0 0
P 84 71 255 0 0
P 85 71 255 0 0
P 86 71 255 0 0
P 87 71 255 0 0
P 88 71 255 0 0
P 89 71 255 0 0
P 90 71 255 0 0
P 91 71 255 0 0
P 92 71 255 0 0
P 93 71 255 0 0
P 94 71 255 0 0
P 95 71 255 0 0
P 96 71 255 0 0
P 97 71 255 0 0
P 98 71 255 0 0
P 99 71 255 0 0
P 100 71 255 0 0
P 101 71 255 0 0
P 102 71 255 0 0
P 103 71 255 0 0
P 104 71 255 0 0
P 105 71 255 0 0
P 106 71 255 0 0
P 107 71 255 0 0
P 108 71 255 0 0
P 109 71 255 0 0
P 110 71 255 0 0
P 111 71 255 0 0
P 112 71 255 0 0
P 113 71 255 0 0
P 114 71 255 0 0
P 115 71 255 0 0
P 116 71 255 0 0
P 117 71 255 0 0
P 118 71 255 0 0
P 119 71 255 0 0
P 120 71 255 0 0
P 121 71 255 0 0
P 122 71 255 0 0
P 123 71 255 0 0
P 124 71 255 0 0
P 125 71 255 0 0
P 126 71 255 0 0
P 127 71 255 0 0
P 128 71 255 0 0
P 129 71 255 0 0
P 130 71 255 0 0
P 131 71 255 0 0
P 132 71 255 0 0
P 133 71 255 0 0
P 134 71 255 0 0
P 135 71 255 0 0
P 136 71 255 0 0
P 137 71 255 0 0
P 138 71 255 0 0
P 139 71 255 0 0
P 140 71 255 0 0
P 141 71 255 0 0
P 142 71 255 0 0
P 143 71 255 0 0
P 144 71 255 0 0
P 145 71 255 0 0
P 146 71 255 0 0
P 147 71 255 0 0
P 148 71 255 0 0
P 149 71 0 255 0
P 150 71 0 255 0
P 151 71 0 255 0
P 152 71 0 255 0
P 153 71 0 255 0
P 154 71 0 255 0
P 155 71 0 255 0
P 156 71 0 255 0
P 157 71 0 255 0
P 158 71 0 255 0
P 159 71 0 255 0
P 160 71 0 255 0
P 161 71 0 255 0
P 162 71 0 255 0
P 163 71 0 255 0
P 164 71 0 255 0
P 165 71 0 255 0
P 166 71 0 255 0
P 167 71 0 255 0
P 168 71 0 255 0
P 169 71 0 255 0
P 170 71 0 255 0
P 171 71 0 255 0
P 172 71 0 255 0
P 173 71 0 255 0
P 174 71 0 255 0
P 175 71 0 255 0
P 176 71 0 255 0
P 177 71 0 255 0
P 178 71 0 255 0
P 179 71 0 255 0
P 180 71 0 255 0
P 181 71 0 255 0
P 182 71 0 255 0
P 183 71 0 255 0
P 184 71 0 255 0
P 185 71 0 255 0
P 186 71 0 255 0
P 187 71 0 255 0
P 188 71 0 255 0
P 189 71 0 255 0
P 190 71 0 255 0
P 191 71 0 255 0
P 192 71 0 255 0
P 193 71 0 255 0
P 194 71 0 255 0
P 195 71 0 255 0
P 196 71 0 255 0
P 197 71 0 255 0
P 198 71 0 255 0
P 199 71 0 255 0
P 200 71 0 255 0
P 201 71 0 255 0
P 202 71 0 255 0
P 203 71 0 255 0
P 204 71 0 255 0
P 205 71 0 255 0
P 206 71 0 255 0
P 207 71 0 255 0
P 208 71 0 255 0
P 209 71 0 255 0
P 210 71 0 255 0
P 211 71 0 255 0
P 212 71 0 255 0
P 213 71 0 255 0
P 214 71 0 255 0
P 215 71 0 255 0
P 216 71 0 255 0
P 217 71 0 255 0
P 218 71 0 255 0
P 219 71 0 255 0
P 220 71 0 255 0
P 221 71 0 255 0
P 222 71 0 255 0
P 223 71 0 255 0
P 224 71 0 255 0
P 225 71 0 255 0
P 226 71 0 255 0
P 227 71 0 255 0
P 228 71 0 255 0
P 229 71 0 255 0
P 230 71 0 255 0
P 231 71 0 255 0
P 232 71 0 255 0
P 233 71 0 255 0
P 234 71 0 255 0
P 235 71 0 255 0
P 236 71 0 255 0
P 237 71 0 255 0
P 238 71 0 255 0
P 239 71 0 255 0
P 240 71 0 255 0
P 241 71 255 0 0
P 242 71 255 0 0
P 243 71 255 0 0
P 244 71 255 0 0
P 245 71 255 0 0
P 246 71 255 0 0
P 247 71 255 0 0
P 248 71 255 0 0
P 249 71 255 0 0
P 250 71 255 0 0
P 251 71 255 0 0
P 252 71 255 0 0
P 253 71 255 0 0
P 254 71 255 0 0
P 255 71 255 0 0
P 256 71 255 0 0
P 257 71 255 0 0
P 56 72 255 0 0
P 57 72 255 0 0
P 58 72 255 0 0
P 59 72 255 0 0
P 60 72 255 0 0
P 61 72 255 0 0
P 62 72 255 0 0
P 63 72 255 0 0
P 64 72 255 0 0
P 65 72 255 0 0
P 66 72 255 0 0
P 67 72 255 0 0
P 68 72 255 0 0
P 69 72 255 0 0
P 70 72 255 0 0
P 71 72 255 0 0
P 72 72 255 0 0
P 73 72 255 0 0
P 74 72 255 0 0
P 75 72 255 0 0
P 76 72 255 0 0
P 77 72 255 0 0
P 78 72 255 0 0
P 79 72 255 0 0
P 80 72 255 0 0
P 81 72 255 0 0
P 82 72 255 0 0
P 83 72 255 0 0
P 84 72 255 0 0
P 85 72 255 0 0
P 86 72 255 0 0
P 87 72 255 0 0
P 88 72 255 0 0
P 89 72 255 0 0
P 90 72 255 0 0
P 91 72 255 0 0
P 92 72 255 0 0
P 93 72 255 0 0
P 94 72 255 0 0
P 95 72 255 0 0
P 96 72 255 0 0
P 97 72 255 0 0
P 98 72 255 0 0
P 99 72 255 0 0
P 100 72 255 0 0
P 101 72 255 0 0
P 102 72 255 0 0
P 103 72 255 0 0
P 104 72 255 0 0
P 105 72 255 0 0
P 106 72 255 0 0
P 107 72 255 0 0
P 108 72 255 0 0
P 109 72 255 0 0
P 110 72 255 0 0
P 111 72 255 0 0
P 112 72 255 0 0
P 113 72 255 0 0
P 114 72 255 0 0
P 115 72 255 0 0
P 116 72 255 0 0
P 117 72 255 0 0
P 118 72 255 0 0
P 119 72 255 0 0
P 120 72 255 0 0
P 121 72 255 0 0
P 122 72 255 0 0
P 123 72 255 0 0
P 124 72 255 0 0
P 125 72 255 0 0
P 126 72 255 0 0
P 127 72 255 0 0
P 128 72 255 0 0
P 129 72 255 0 0
P 130 72 255 0 0
P 131 72 255 0 0
P 132 72 255 0 0
P 133 72 255 0 0
P 134 72 255 0 0
P 135 72 255 0 0
P 136 72 255 0 0
P 137 72 255 0 0
P 138 72 255 0 0
P 139 72 255 0 0
P 140 72 255 0 0
P 141 72 255 0 0
P 142 72 255 0 0
P 143 72 255 0 0
P 144 72 0 255 0
P 145 72 0 255 0
P 146 72 0 255 0
P 147 72 0 255 0
P 148 72 0 255 0
P 149 72 0 255 0
P 150 72 0 255 0
P 151 72 0 255 0
P 152 72 0 255 0
P 153 72 0 255 0
P 154 72 0 255 0
P 155 72 0 255 0
P 156 72 0 255 0
P 157 72 0 255 0
P 158 72 0 255 0
P 159 72 0 255 0
P 160 72 0 255 0
P 161 72 0 255 0
P 162 72 0 255 0
P 163 72 0 255 0
P 164 72 0 255 0
P 165 72 0 255 0
P 166 72 0 255 0
P 167 72 0 255 0
P 168 72 0 255 0
P 169 72 0 255 0
P 170 72 0 255 0
P 171 72 0 255 0
P 172 72 0 255 0
P 173 72 0 255 0
P 174 72 0 255 0
P 175 72 0 255 0
P 176 72 0 255 0
P 177 72 0 255 0
P 178 72 0 255 0
P 179 72 0 255 0
P 180 72 0 255 0
P 181 72 0 255 0
P 182 72 0 255 0
P 183 72 0 255 0
P 184 72 0 255 0
P 185 72 0 255 0
P 186 72 0 255 0
P 187 72 0 255 0
P 188 72 0 255 0
P 189 72 0 255 0
P 190 72 0 255 0
P 191 72 0 255 0
P 192 72 0 255 0
P 193 72 0 255 0
P 194 72 0 255 0
P 195 72 0 255 0
P 196 72 0 255 0
P 197 72 0 255 0
P 198 72 0 255 0
P 199 72 0 255 0
P 200 72 0 255 0
P 201 72 0 255 0
P 202 72 0 255 0
P 203 72 0 255 0
P 204 72 0 255 0
P 205 72 0 255 0
P 206 72 0 255 0
P 207 72 0 255 0
P 208 72 0 255 0
P 209 72 0 255 0
P 210 72 0 255 0
P 211 72 0 255 0
P 212 72 0 255 0
P 213 72 0 255 0
P 214 72 0 255 0
P 215 72 0 255 0
P 216 72 0 255 0
P 217 72 0 255 0
P 218 72 0 255 0
P 219 72 0 255 0
P 220 72 0 255 0
P 221 72 0 255 0
P 222 72 0 255 0
P 223 72 0 255 0
P 224 72 0 255 0
P 225 72 0 255 0
P 226 72 0 255 0
P 227 72 0 255 0
P 228 72 0 255 0
P 229 72 0 255 0
P 230 72 0 255 0
P 231 72 0 255 0
P 232 72 0 255 0
P 233 72 0 255 0
P 234 72 0 255 0
P 235 72 0 255 0
P 236 72 0 255 0
P 237 72 0 255 0
P 238 72 0 255 0
P 239 72 0 255 0
P 240 72 0 255 0
P 241 72 255 0 0
P 242 72 255 0 0
P 243 72 255 0 0
P 244 72 255 0 0
P 245 72 255 0 0
P 246 72 255 0 0
P 247 72 255 0 0
P 248 72 255 0 0
P 249 72 255 0 0
P 250 72 255 0 0
P 251 72 255 0 0
P 252 72 255 0 0
P 253 72 255 0 0
P 254 72 255 0 0
P 255 72 255 0 0
P 256 72 255 0 0
P 56 73 255 0 0
P 57 73 255 0 0
P 58 73 255 0 0
P 59 73 255 0 0
P 60 73 255 0 0
P 61 73 255 0 0
P 62 73 255 0 0
P 63 73 255 0 0
P 64 73 255 0 0
P 65 73 255 0 0
P 66 73 255 0 0
P 67 73 255 0 0
P 68 73 255 0 0
P 69 73 255 0 0
P 70 73 255 0 0
P 71 73 255 0 0
P 72 73 255 0 0
P 73 73 255 0 0
P 74 73 255 0 0
P 75 73 255 0 0
P 76 73 255 0 0
P 77 73 255 0 0
P 78 73 255 0 0
P 79 73 255 0 0
P 80 73 255 0 0
P 81 73 255 0 0
P 82 73 255 0 0
P 83 73 255 0 0
P 84 73 255 0 0
P 85 73 255 0 0
P 86 73 255 0 0
P 87 73 255 0 0
P 88 73 255 0 0
P 89 73 255 0 0
P 90 73 255 0 0
P 91 73 255 0 0
P 92 73 255 0 0
P 93 73 255 0 0
P 94 73 255 0 0
P 95 73 255 0 0
P 96 73 255 0 0
P 97 73 255 0 0
P 98 73 255 0 0
P 99 73 255 0 0
P 100 73 255 0 0
P 101 73 255 0 0
P 102 73 255 0 0
P 103 73 255 0 0
P 104 73 255 0 0
P 105 73 255 0 0
P 106 73 255 0 0
P 107 73 255 0 0
P 108 73 255 0 0
P 109 73 255 0 0
P 110 73 255 0 0
P 111 73 255 0 0
P 112 73 255 0 0
P 113 73 255 0 0
P 114 73 255 0 0
P 115 73 255 0 0
P 116 73 255 0 0
P 117 73 255 0 0
P 118 73 255 0 0
P 119 73 255 0 0
P 120 73 255 0 0
P 121 73 255 0 0
P 122 73 255 0 0
P 123 73 255 0 0
P 124 73 255 0 0
P 125 73 255 0 0
P 126 73 255 0 0
P 127 73 255 0 0
P 128 73 255 0 0
P 129 73 255 0 0
P 130 73 255 0 0
P 131 73 255 0 0
P 132 73 255 0 0
P 133 73 255 0 0
P 134 73 255 0 0
P 135 73 255 0 0
P 136 73 255 0 0
P 137 73 255 0 0
P 138 73 255 0 0
P 139 73 255 0 0
P 140 73 0 255 0
P 141 73 0 255 0
P 142 73 0 255 0
P 143 73 0 255 0
P 144 73 0 255 0
P 145 73 0 255 0
P 146 73 0 255 0
P 147 73 0 255 0
P 148 73 0 255 0
P 149 73 0 255 0
P 150 73 0 255 0
P 151 73 0 255 0
P 152 73 0 255 0
P 153 73 0 255 0
P 154 73 0 255 0
P 155 73 0 255 0
P 156 73 0 255 0
P 157 73 0 255 0
P 158 73 0 255 0
P 159 73 0 255 0
P 160 73 0 255 0
P 161 73 0 255 0
P 162 73 0 255 0
P 163 73 0 255 0
P 164 73 0 255 0
P 165 73 0 255 0
P 166 73 0 255 0
P 167 73 0 255 0
P 168 73 0 255 0
P 169 73 0 255 0
P 170 73 0 255 0
P 171 73 0 255 0
P 172 73 0 255 0
P 173 73 0 255 0
P 174 73 0 255 0
P 175 73 0 255 0
P 176 73 0 255 0
P 177 73 0 255 0
P 178 73 0 255 0
P 179 73 0 255 0
P 180 73 0 255 0
P 181 73 0 255 0
P 182 73 0 255 0
P 183 73 0 255 0
P 184 73 0 255 0
P 185 73 0 255 0
P 186 73 0 255 0
P 187 73 0 255 0
P 188 73 0 255 0
P 189 73 0 255 0
P 190 73 0 255 0
P 191 73 0 255 0
P 192 73 0 255 0
P 193 73 0 255 0
P 194 73 0 255 0
P 195 73 0 255 0
P 196 73 0 255 0
P 197 73 0 255 0
P 198 73 0 255 0
P 199 73 0 255 0
P 200 73 0 255 0
P 201 73 0 255 0
P 202 73 0 255 0
P 203 73 0 255 0
P 204 73 0 255 0
P 205 73 0 255 0
P 206 73 0 255 0
P 207 73 0 255 0
P 208 73 0 255 0
P 209 73 0 255 0
P 210 73 0 255 0
P 211 73 0 255 0
P 212 73 0 255 0
P 213 73 0 255 0
P 214 73 0 255 0
P 215 73 0 255 0
P 216 73 0 255 0
P 217 73 0 255 0
P 218 73 0 255 0
P 219 73 0 255 0
P 220 73 0 255 0
P 221 73 0 255 0
P 222 73 0 255 0
P 223 73 0 255 0
P 224 73 0 255 0
P 225 73 0 255 0
P 226 73 0 255 0
P 227 73 0 255 0
P 228 73 0 255 0
P 229 73 0 255 0
P 230 73 0 255 0
P 231 73 0 255 0
P 232 73 0 255 0
P 233 73 0 255 0
P 234 73 0 255 0
P 235 73 0 255 0
P 236 73 0 255 0
P 237 73 0 255 0
P 238 73 0 255 0
P 239 73 0 255 0
P 240 73 0 255 0
P 241 73 255 0 0
P 242 73 255 0 0
P 243 73 255 0 0
P 244 73 255 0 0
P 245 73 255 0 0
P 246 73 255 0 0
P 247 73 255 0 0
P 248 73 255 0 0
P 249 73 255 0 0
P 250 73 255 0 0
P 251 73 255 0 0
P 252 73 255 0 0
P 253 73 255 0 0
P 254 73 255 0 0
P 57 74 255 0 0
P 58 74 255 0 0
P 59 74 255 0 0
P 60 74 255 0 0
P 61 74 255 0 0
P 62 74 255 0 0
P 63 74 255 0 0
P 64 74 255 0 0
P 65 74 255 0 0
P 66 74 255 0 0
P 67 74 255 0 0
P 68 74 255 0 0
P 69 74 255 0 0
P 70 74 255 0 0
P 71 74 255 0 0
P 72 74 255 0 0
P 73 74 255 0 0
P 74 74 255 0 0
P 75 74 255 0 0
P 76 74 255 0 0
P 77 74 255 0 0
P 78 74 255 0 0
P 79 74 255 0 0
P 80 74 255 0 0
P 81 74 255 0 0
P 82 74 255 0 0
P 83 74 255 0 0
P 84 74 255 0 0
P 85 74 255 0 0
P 86 74 255 0 0
P 87 74 255 0 0
P 88 74 255 0 0
P 89 74 255 0 0
P 90 74 255 0 0
P 91 74 255 0 0
P 92 74 255 0 0
P 93 74 255 0 0
P 94 74 255 0 0
P 95 74 255 0 0
P 96 74 255 0 0
P 97 74 255 0 0
P 98 74 255 0 0
P 99 74 255 0 0
P 100 74 255 0 0
P 101 74 255 0 0
P 102 74 255 0 0
P 103 74 255 0 0
P 104 74 255 0 0
P 105 74 255 0 0
P 106 74 255 0 0
P 107 74 255 0 0
P 108 74 255 0 0
P 109 74 255 0 0
P 110 74 255 0 0
P 111 74 255 0 0
P 112 74 255 0 0
P 113 74 255 0 0
P 114 74 255 0 0
P 115 74 255 0 0
P 116 74 255 0 0
P 117 74 255 0 0
P 118 74 255 0 0
P 119 74 255 0 0
P 120 74 255 0 0
P 121 74 255 0 0
P 122 74 255 0 0
P 123 74 255 0 0
P 124 74 255 0 0
P 125 74 255 0 0
P 126 74 255 0 0
P 127 74 255 0 0
P 128 74 255 0 0
P 129 74 255 0 0
P 130 74 255 0 0
P 131 74 255 0 0
P 132 74 255 0 0
P 133 74 255 0 0
P 134 74 255 0 0
P 135 74 255 0 0
P 136 74 0 255 0
P 137 74 0 255 0
P 138 74 0 255 0
P 139 74 0 255 0
P 140 74 0 255 0
P 141 74 0 255 0
P 142 74 0 255 0
P 143 74 0 255 0
P 144 74 0 255 0
P 145 74 0 255 0
P 146 74 0 255 0
P 147 74 0 255 0
P 148 74 0 255 0
P 149 74 0 255 0
P 150 74 0 255 0
P 151 74 0 255 0
P 152 74 0 255 0
P 153 74 0 255 0
P 154 74 0 255 0
P 155 74 0 255 0
P 156 74 0 255 0
P 157 74 0 255 0
P 158 74 0 255 0
P 159 74 0 255 0
P 160 74 0 255 0
P 161 74 0 255 0
P 162 74 0 255 0
P 163 74 0 255 0
P 164 74 0 255 0
P 165 74 0 255 0
P 166 74 0 255 0
P 167 74 0 255 0
P 168 74 0 255 0
P 169 74 0 255 0
P 170 74 0 255 0
P 171 74 0 255 0
P 172 74 0 255 0
P 173 74 0 255 0
P 174 74 0 255 0
P 175 74 0 255 0
P 176 74 0 255 0
P 177 74 0 255 0
P 178 74 0 255 0
P 179 74 0 255 0
P 180 74 0 255 0
P 181 74 0 255 0
P 182 74 0 255 0
P 183 74 0 255 0
P 184 74 0 255 0
P 185 74 0 255 0
P 186 74 0 255 0
P 187 74 0 255 0
P 188 74 0 255 0
P 189 74 0 255 0
P 190 74 0 255 0
P 191 74 0 255 0
P 192 74 0 255 0
P 193 74 0 255 0
P 194 74 0 255 0
P 195 74 0 255 0
P 196 74 0 255 0
P 197 74 0 255 0
P 198 74 0 255 0
P 199 74 0 255 0
P 200 74 0 255 0
P 201 74 0 255 0
P 202 74 0 255 0
P 203 74 0 255 0
P 204 74 0 255 0
P 205 74 0 255 0
P 206 74 0 255 0
P 207 74 0 255 0
P 208 74 0 255 0
P 209 74 0 255 0
P 210 74 0 255 0
P 211 74 0 255 0
P 212 74 0 255 0
P 213 74 0 255 0
P 214 74 0 255 0
P 215 74 0 255 0
P 216 74 0 255 0
P 217 74 0 255 0
P 218 74 0 255 0
P 219 74 0 255 0
P 220 74 0 255 0
P 221 74 0 255 0
P 222 74 0 255 0
P 223 74 0 255 0
P 224 74 0 255 0
P 225 74 0 255 0
P 226 74 0 255 0
P 227 74 0 255 0
P 228 74 0 255 0
P 229 74 0 255 0
P 230 74 0 255 0
P 231 74 0 255 0
P 232 74 0 255 0
P 233 74 0 255 0
P 234 74 0 255 0
P 235 74 0 255 0
P 236 74 0 255 0
P 237 74 0 255 0
P 238 74 0 255 0
P 239 74 0 255 0
P 240 74 0 255 0
P 241 74 0 255 0
P 242 74 255 0 0
P 243 74 255 0 0
P 244 74 255 0 0
P 245 74 255 0 0
P 246 74 255 0 0
P 247 74 255 0 0
P 248 74 255 0 0
P 249 74 255 0 0
P 250 74 255 0 0
P 251 74 255 0 0
P 252 74 255 0 0
P 253 74 255 0 0
P 57 75 255 0 0
P 58 75 255 0 0
P 59 75 255 0 0
P 60 75 255 0 0
P 61 75 255 0 0
P 62 75 255 0 0
P 63 75 255 0 0
P 64 75 255 0 0
P 65 75 255 0 0
P 66 75 255 0 0
P 67 75 255 0 0
P 68 75 255 0 0
P 69 75 255 0 0
P 70 75 255 0 0
P 71 75 255 0 0
P 72 75 255 0 0
P 73 75 255 0 0
P 74 75 255 0 0
P 75 75 255 0 0
P 76 75 255 0 0
P 77 75 255 0 0
P 78 75 255 0 0
P 79 75 255 0 0
P 80 75 255 0 0
P 81 75 255 0 0
P 82 75 255 0 0
P 83 75 255 0 0
P 84 75 255 0 0
P 85 75 255 0 0
P 86 75 255 0 0
P 87 75 255 0 0
P 88 75 255 0 0
P 89 75 255 0 0
P 90 75 255 0 0
P 91 75 255 0 0
P 92 75 255 0 0
P 93 75 255 0 0
P 94 75 255 0 0
P 95 75 255 0 0
P 96 75 255 0 0
P 97 75 255 0 0
P 98 75 255 0 0
P 99 75 255 0 0
P 100 75 255 0 0
P 101 75 255 0 0
P 102 75 255 0 0
P 103 75 255 0 0
P 104 75 255 0 0
P 105 75 255 0 0
P 106 75 255 0 0
P 107 75 255 0 0
P 108 75 255 0 0
P 109 75 255 0 0
P 110 75 255 0 0
P 111 75 255 0 0
P 112 75 255 0 0
P 113 75 255 0 0
P 114 75 255 0 0
P 115 75 255 0 0
P 116 75 255 0 0
P 117 75 255 0 0
P 118 75 255 0 0
P 119 75 255 0 0
P 120 75 255 0 0
P 121 75 255 0 0
P 122 75 255 0 0
P 123 75 255 0 0
P 124 75 255 0 0
P 125 75 255 0 0
P 126 75 255 0 0
P 127 75 255 0 0
P 128 75 255 0 0
P 129 75 255 0 0
P 130 75 255 0 0
P 131 75 255 0 0
P 132 75 0 255 0
P 133 75 0 255 0
P 134 75 0 255 0
P 135 75 0 255 0
P 136 75 0 255 0
P 137 75 0 255 0
P 138 75 0 255 0
P 139 75 0 255 0
P 140 75 0 255 0
P 141 75 0 255 0
P 142 75 0 255 0
P 143 75 0 255 0
P 144 75 0 255 0
P 145 75 0 255 0
P 146 75 0 255 0
P 147 75 0 255 0
P 148 75 0 255 0
P 149 75 0 255 0
P 150 75 0 255 0
P 151 75 0 255 0
P 152 75 0 255 0
P 153 75 0 255 0
P 154 75 0 255 0
P 155 75 0 255 0
P 156 75 0 255 0
P 157 75 0 255 0
P 158 75 0 255 0
P 159 75 0 255 0
P 160 75 0 255 0
P 161 75 0 255 0
P 162 75 0 255 0
P 163 75 0 255 0
P 164 75 0 255 0
P 165 75 0 255 0
P 166 75 0 255 0
P 167 75 0 255 0
P 168 75 0 255 0
P 169 75 0 255 0
P 170 75 0 255 0
P 171 75 0 255 0
P 172 75 0 255 0
P 173 75 0 255 0
P 174 75 0 255 0
P 175 75 0 255 0
P 176 75 0 255 0
P 177 75 0 255 0
P 178 75 0 255 0
P 179 75 0 255 0
P 180 75 0 255 0
P 181 75 0 255 0
P 182 75 0 255 0
P 183 75 0 255 0
P 184 75 0 255 0
P 185 75 0 255 0
P 186 75 0 255 0
P 187 75 0 255 0
P 188 75 0 255 0
P 189 75 0 255 0
P 190 75 0 255 0
P 191 75 0 255 0
P 192 75 0 255 0
P 193 75 0 255 0
P 194 75 0 255 0
P 195 75 0 255 0
P 196 75 0 255 0
P 197 75 0 255 0
P 198 75 0 255 0
P 199 75 0 255 0
P 200 75 0 255 0
P 201 75 0 255 0
P 202 75 0 255 0
P 203 75 0 255 0
P 204 75 0 255 0
P 205 75 0 255 0
P 206 75 0 255 0
P 207 75 0 255 0
P 208 75 0 255 0
P 209 75 0 255 0
P 210 75 0 255 0
P 211 75 0 255 0
P 212 75 0 255 0
P 213 75 0 255 0
P 214 75 0 255 0
P 215 75 0 255 0
P 216 75 0 255 0
P 217 75 0 255 0
P 218 75 0 255 0
P 219 75 0 255 0
P 220 75 0 255 0
P 221 75 0 255 0
P 222 75 0 255 0
P 223 75 0 255 0
P 224 75 0 255 0
P 225 75 0 255 0
P 226 75 0 255 0
P 227 75 0 255 0
P 228 75 0 255 0
P 229 75 0 255 0
P 230 75 0 255 0
P 231 75 0 255 0
P 232 75 0 255 0
P 233 75 0 255 0
P 234 75 0 255 0
P 235 75 0 255 0
P 236 75 0 255 0
P 237 75 0 255 0
P 238 75 0 255 0
P 239 75 0 255 0
P 240 75 0 255 0
P 241 75 0 255 0
P 242 75 255 0 0
P 243 75 255 0 0
P 244 75 255 0 0
P 245 75 255 0 0
P 246 75 255 0 0
P 247 75 255 0 0
P 248 75 255 0 0
P 249 75 255 0 0
P 250 75 255 0 0
P 251 75 255 0 0
P 252 75 255 0 0
P 57 76 255 0 0
P 58 76 255 0 0
P 59 76 255 0 0
P 60 76 255 0 0
P 61 76 255 0 0
P 62 76 255 0 0
P 63 76 255 0 0
P 64 76 255 0 0
P 65 76 255 0 0
P 66 76 255 0 0
P 67 76 255 0 0
P 68 76 255 0 0
P 69 76 255 0 0
P 70 76 255 0 0
P 71 76 255 0 0
P 72 76 255 0 0
P 73 76 255 0 0
P 74 76 255 0 0
P 75 76 255 0 0
P 76 76 255 0 0
P 77 76 255 0 0
P 78 76 255 0 0
P 79 76 255 0 0
P 80 76 255 0 0
P 81 76 255 0 0
P 82 76 255 0 0
P 83 76 255 0 0
P 84 76 255 0 0
P 85 76 255 0 0
P 86 76 255 0 0
P 87 76 255 0 0
P 88 76 255 0 0
P 89 76 255 0 0
P 90 76 255 0 0
P 91 76 255 0 0
P 92 76 255 0 0
P 93 76 255 0 0
P 94 76 255 0 0
P 95 76 255 0 0
P 96 76 255 0 0
P 97 76 255 0 0
P 98 76 255 0 0
P 99 76 255 0 0
P 100 76 255 0 0
P 101 76 255 0 0
P 102 76 255 0 0
P 103 76 255 0 0
P 104 76 255 0 0
P 105 76 255 0 0
P 106 76 255 0 0
P 107 76 255 0 0
P 108 76 255 0 0
P 109 76 255 0 0
P 110 76 255 0 0
P 111 76 255 0 0
P 112 76 255 0 0
P 113 76 255 0 0
P 114 76 255 0 0
P 115 76 255 0 0
P 116 76 255 0 0
P 117 76 255 0 0
P 118 76 255 0 0
P 119 76 255 0 0
P 120 76 255 0 0
P 121 76 255 0 0
P 122 76 255 0 0
P 123 76 255 0 0
P 124 76 255 0 0
P 125 76 255 0 0
P 126 76 255 0 0
P 127 76 0 255 0
P 128 76 0 255 0
P 129 76 0 255 0
P 130 76 0 255 0
P 131 76 0 255 0
P 132 76 0 255 0
P 133 76 0 255 0
P 134 76 0 255 0
P 135 76 0 255 0
P 136 76 0 255 0
P 137 76 0 255 0
P 138 76 0 255 0
P 139 76 0 255 0
P 140 76 0 255 0
P 141 76 0 255 0
P 142 76 0 255 0
P 143 76 0 255 0
P 144 76 0 255 0
P 145 76 0 255 0
P 146 76 0 255 0
P 147 76 0 255 0
P 148 76 0 255 0
P 149 76 0 255 0
P 150 76 0 255 0
P 151 76 0 255 0
P 152 76 0 255 0
P 153 76 0 255 0
P 154 76 0 255 0
P 155 76 0 255 0
P 156 76 0 255 0
P 157 76 0 255 0
P 158 76 0 255 0
P 159 76 0 255 0
P 160 76 0 255 0
P 161 76 0 255 0
P 162 76 0 255 0
P 163 76 0 255 0
P 164 76 0 255 0
P 165 76 0 255 0
P 166 76 0 255 0
P 167 76 0 255 0
P 168 76 0 255 0
P 169 76 0 255 0
P 170 76 0 255 0
P 171 76 0 255 0
P 172 76 0 255 0
P 173 76 0 255 0
P 174 76 0 255 0
P 175 76 0 255 0
P 176 76 0 255 0
P 177 76 0 255 0
P 178 76 0 255 0
P 179 76 0 255 0
P 180 76 0 255 0
P 181 76 0 255 0
P 182 76 0 255 0
P 183 76 0 255 0
P 184 76 0 255 0
P 185 76 0 255 0
P 186 76 0 255 0
P 187 76 0 255 0
P 188 76 0 255 0
P 189 76 0 255 0
P 190 76 0 255 0
P 191 76 0 255 0
P 192 76 0 255 0
P 193 76 0 255 0
P 194 76 0 255 0
P 195 76 0 255 0
P 196 76 0 255 0
P 197 76 0 255 0
P 198 76 0 255 0
P 199 76 0 255 0
P 200 76 0 255 0
P 201 76 0 255 0
P 202 76 0 255 0
P 203 76 0 255 0
P 204 76 0 255 0
P 205 76 0 255 0
P 206 76 0 255 0
P 207 76 0 255 0
P 208 76 0 255 0
P 209 76 0 255 0
P 210 76 0 255 0
P 211 76 0 255 0
P 212 76 0 255 0
P 213 76 0 255 0
P 214 76 0 255 0
P 215 76 0 255 0
P 216 76 0 255 0
P 217 76 0 255 0
P 218 76 0 255 0
P 219 76 0 255 0
P 220 76 0 255 0
P 221 76 0 255 0
P 222 76 0 255 0
P 223 76 0 255 0
P 224 76 0 255 0
P 225 76 0 255 0
P 226 76 0 255 0
P 227 76 0 255 0
P 228 76 0 255 0
P 229 76 0 255 0
P 230 76 0 255 0
P 231 76 0 255 0
P 232 76 0 255 0
P 233 76 0 255 0
P 234 76 0 255 0
P 235 76 0 255 0
P 236 76 0 255 0
P 237 76 0 255 0
P 238 76 0 255 0
P 239 76 0 255 0
P 240 76 0 255 0
P 241 76 0 255 0
P 242 76 255 0 0
P 243 76 255 0 0
P 244 76 255 0 0
P 245 76 255 0 0
P 246 76 255 0 0
P 247 76 255 0 0
P 248 76 255 0 0
P 249 76 255 0 0
P 250 76 255 0 0
P 57 77 255 0 0
P 58 77 255 0 0
P 59 77 255 0 0
P 60 77 255 0 0
P 61 77 255 0 0
P 62 77 255 0 0
P 63 77 255 0 0
P 64 77 255 0 0
P 65 77 255 0 0
P 66 77 255 0 0
P 67 77 255 0 0
P 68 77 255 0 0
P 69 77 255 0 0
P 70 77 255 0 0
P 71 77 255 0 0
P 72 77 255 0 0
P 73 77 255 0 0
P 74 77 255 0 0
P 75 77 255 0 0
P 76 77 255 0 0
P 77 77 255 0 0
P 78 77 255 0 0
P 79 77 255 0 0
P 80 77 255 0 0
P 81 77 255 0 0
P 82 77 255 0 0
P 83 77 255 0 0
P 84 77 255 0 0
P 85 77 255 0 0
P 86 77 255 0 0
P 87 77 255 0 0
P 88 77 255 0 0
P 89 77 255 0 0
P 90 77 255 0 0
P 91 77 255 0 0
P 92 77 255 0 0
P 93 77 255 0 0
P 94 77 255 0 0
P 95 77 255 0 0
P 96 77 255 0 0
P 97 77 255 0 0
P 98 77 255 0 0
P 99 77 255 0 0
P 100 77 255 0 0
P 101 77 255 0 0
P 102 77 255 0 0
P 103 77 255 0 0
P 104 77 255 0 0
P 105 77 255 0 0
P 106 77 255 0 0
P 107 77 255 0 0
P 108 77 255 0 0
P 109 77 255 0 0
P 110 77 255 0 0
P 111 77 255 0 0
P 112 77 255 0 0
P 113 77 255 0 0
P 114 77 255 0 0
P 115 77 255 0 0
P 116 77 255 0 0
P 117 77 255 0 0
P 118 77 255 0 0
P 119 77 255 0 0
P 120 77 255 0 0
P 121 77 255 0 0
P 122 77 255 0 0
P 123 77 0 255 0
P 124 77 0 255 0
P 125 77 0 255 0
P 126 77 0 255 0
P 127 77 0 255 0
P 128 77 0 255 0
P 129 77 0 255 0
P 130 77 0 255 0
P 131 77 0 255 0
P 132 77 0 255 0
P 133 77 0 255 0
P 134 77 0 255 0
P 135 77 0 255 0
P 136 77 0 255 0
P 137 77 0 255 0
P 138 77 0 255 0
P 139 77 0 255 0
P 140 77 0 255 0
P 141 77 0 255 0
P 142 77 0 255 0
P 143 77 0 255 0
P 144 77 0 255 0
P 145 77 0 255 0
P 146 77 0 255 0
P 147 77 0 255 0
P 148 77 0 255 0
P 149 77 0 255 0
P 150 77 0 255 0
P 151 77 0 255 0
P 152 77 0 255 0
P 153 77 0 255 0
P 154 77 0 255 0
P 155 77 0 255 0
P 156 77 0 255 0
P 157 77 0 255 0
P 158 77 0 255 0
P 159 77 0 255 0
P 160 77 0 255 0
P 161 77 0 255 0
P 162 77 0 255 0
P 163 77 0 255 0
P 164 77 0 255 0
P 165 77 0 255 0
P 166 77 0 255 0
P 167 77 0 255 0
P 168 77 0 255 0
P 169 77 0 255 0
P 170 77 0 255 0
P 171 77 0 255 0
P 172 77 0 255 0
P 173 77 0 255 0
P 174 77 0 255 0
P 175 77 0 255 0
P 176 77 0 255 0
P 177 77 0 255 0
P 178 77 0 255 0
P 179 77 0 255 0
P 180 77 0 255 0
P 181 77 0 255 0
P 182 77 0 255 0
P 183 77 0 255 0
P 184 77 0 255 0
P 185 77 0 255 0
P 186 77 0 255 0
P 187 77 0 255 0
P 188 77 0 255 0
P 189 77 0 255 0
P 190 77 0 255 0
P 191 77 0 255 0
P 192 77 0 255 0
P 193 77 0 255 0
P 194 77 0 255 0
P 195 77 0 255 0
P 196 77 0 255 0
P 197 77 0 255 0
P 198 77 0 255 0
P 199 77 0 255 0
P 200 77 0 255 0
P 201 77 0 255 0
P 202 77 0 255 0
P 203 77 0 255 0
P 204 77 0 255 0
P 205 77 0 255 0
P 206 77 0 255 0
P 207 77 0 255 0
P 208 77 0 255 0
P 209 77 0 255 0
P 210 77 0 255 0
P 211 77 0 255 0
P 212 77 0 255 0
P 213 77 0 255 0
P 214 77 0 255 0
P 215 77 0 255 0
P 216 77 0 255 0
P 217 77 0 255 0
P 218 77 0 255 0
P 219 77 0 255 0
P 220 77 0 255 0
P 221 77 0 255 0
P 222 77 0 255 0
P 223 77 0 255 0
P 224 77 0 255 0
P 225 77 0 255 0
P 226 77 0 255 0
P 227 77 0 255 0
P 228 77 0 255 0
P 229 77 0 255 0
P 230 77 0 255 0
P 231 77 0 255 0
P 232 77 0 255 0
P 233 77 0 255 0
P 234 77 0 255 0
P 235 77 0 255 0
P 236 77 0 255 0
P 237 77 0 255 0
P 238 77 0 255 0
P 239 77 0 255 0
P 240 77 0 255 0
P 241 77 0 255 0
P 242 77 255 0 0
P 243 77 255 0 0
P 244 77 255 0 0
P 245 77 255 0 0
P 246 77 255 0 0
P 247 77 255 0 0
P 248 77 255 0 0
P 249 77 255 0 0
P 58 78 255 0 0
P 59 78 255 0 0
P 60 78 255 0 0
P 61 78 255 0 0
P 62 78 255 0 0
P 63 78 255 0 0
P 64 78 255 0 0
P 65 78 255 0 0
P 66 78 255 0 0
P 67 78 255 0 0
P 68 78 255 0 0
P 69 78 255 0 0
P 70 78 255 0 0
P 71 78 255 0 0
P 72 78 255 0 0
P 73 78 255 0 0
P 74 78 255 0 0
P 75 78 255 0 0
P 76 78 255 0 0
P 77 78 255 0 0
P 78 78 255 0 0
P 79 78 255 0 0
P 80 78 255 0 0
P 81 78 255 0 0
P 82 78 255 0 0
P 83 78 255 0 0
P 84 78 255 0 0
P 85 78 255 0 0
P 86 78 255 0 0
P 87 78 255 0 0
P 88 78 255 0 0
P 89 78 255 0 0
P 90 78 255 0 0
P 91 78 255 0 0
P 92 78 255 0 0
P 93 78 255 0 0
P 94 78 255 0 0
P 95 78 255 0 0
P 96 78 255 0 0
P 97 78 255 0 0
P 98 78 255 0 0
P 99 78 255 0 0
P 100 78 255 0 0
P 101 78 255 0 0
P 102 78 255 0 0
P 103 78 255 0 0
P 104 78 255 0 0
P 105 78 255 0 0
P 106 78 255 0 0
P 107 78 255 0 0
P 108 78 255 0 0
P 109 78 255 0 0
P 110 78 255 0 0
P 111 78 255 0 0
P 112 78 255 0 0
P 113 78 255 0 0
P 114 78 255 0 0
P 115 78 255 0 0
P 116 78 255 0 0
P 117 78 255 0 0
P 118 78 255 0 0
P 119 78 0 255 0
P 120 78 0 255 0
P 121 78 0 255 0
P 122 78 0 255 0
P 123 78 0 255 0
P 124 78 0 255 0
P 125 78 0 255 0
P 126 78 0 255 0
P 127 78 0 255 0
P 128 78 0 255 0
P 129 78 0 255 0
P 130 78 0 255 0
P 131 78 0 255 0
P 132 78 0 255 0
P 133 78 0 255 0
P 134 78 0 255 0
P 135 78 0 255 0
P 136 78 0 255 0
P 137 78 0 255 0
P 138 78 0 255 0
P 139 78 0 255 0
P 140 78 0 255 0
P 141 78 0 255 0
P 142 78 0 255 0
P 143 78 0 255 0
P 144 78 0 255 0
P 145 78 0 255 0
P 146 78 0 255 0
P 147 78 0 255 0
P 148 78 0 255 0
P 149 78 0 255 0
P 150 78 0 255 0
P 151 78 0 255 0
P 152 78 0 255 0
P 153 78 0 255 0
P 154 78 0 255 0
P 155 78 0 255 0
P 156 78 0 255 0
P 157 78 0 255 0
P 158 78 0 255 0
P 159 78 0 255 0
P 160 78 0 255 0
P 161 78 0 255 0
P 162 78 0 255 0
P 163 78 0 255 0
P 164 78 0 255 0
P 165 78 0 255 0
P 166 78 0 255 0
P 167 78 0 255 0
P 168 78 0 255 0
P 169 78 0 255 0
P 170 78 0 255 0
P 171 78 0 255 0
P 172 78 0 255 0
P 173 78 0 255 0
P 174 78 0 255 0
P 175 78 0 255 0
P 176 78 0 255 0
P 177 78 0 255 0
P 178 78 0 255 0
P 179 78 0 255 0
P 180 78 0 255 0
P 181 78 0 255 0
P 182 78 0 255 0
P 183 78 0 255 0
P 184 78 0 255 0
P 185 78 0 255 0
P 186 78 0 255 0
P 187 78 0 255 0
P 188 78 0 255 0
P 189 78 0 255 0
P 190 78 0 255 0
P 191 78 0 255 0
P 192 78 0 255 0
P 193 78 0 255 0
P 194 78 0 255 0
P 195 78 0 255 0
P 196 78 0 255 0
P 197 78 0 255 0
P 198 78 0 255 0
P 199 78 0 255 0
P 200 78 0 255 0
P 201 78 0 255 0
P 202 78 0 255 0
P 203 78 0 255 0
P 204 78 0 255 0
P 205 78 0 255 0
P 206 78 0 255 0
P 207 78 0 255 0
P 208 78 0 255 0
P 209 78 0 255 0
P 210 78 0 255 0
P 211 78 0 255 0
P 212 78 0 255 0
P 213 78 0 255 0
P 214 78 0 255 0
P 215 78 0 255 0
P 216 78 0 255 0
P 217 78 0 255 0
P 218 78 0 255 0
P 219 78 0 255 0
P 220 78 0 255 0
P 221 78 0 255 0
P 222 78 0 255 0
P 223 78 0 255 0
P 224 78 0 255 0
P 225 78 0 255 0
P 226 78 0 255 0
P 227 78 0 255 0
P 228 78 0 255 0
P 229 78 0 255 0
P 230 78 0 255 0
P 231 78 0 255 0
P 232 78 0 255 0
P 233 78 0 255 0
P 234 78 0 255 0
P 235 78 0 255 0
P 236 78 0 255 0
P 237 78 0 255 0
P 238 78 0 255 0
P 239 78 0 255 0
P 240 78 0 255 0
P 241 78 0 255 0
P 242 78 255 0 0
P 243 78 255 0 0
P 244 78 255 0 0
P 245 78 255 0 0
P 246 78 255 0 0
P 247 78 255 0 0
P 248 78 255 0 0
P 58 79 255 0 0
P 59 79 255 0 0
P 60 79 255 0 0
P 61 79 255 0 0
P 62 79 255 0 0
P 63 79 255 0 0
P 64 79 255 0 0
P 65 79 255 0 0
P 66 79 255 0 0
P 67 79 255 0 0
P 68 79 255 0 0
P 69 79 255 0 0
P 70 79 255 0 0
P 71 79 255 0 0
P 72 79 255 0 0
P 73 79 255 0 0
P 74 79 255 0 0
P 75 79 255 0 0
P 76 79 255 0 0
P 77 79 255 0 0
P 78 79 255 0 0
P 79 79 255 0 0
P 80 79 255 0 0
P 81 79 255 0 0
P 82 79 255 0 0
P 83 79 255 0 0
P 84 79 255 0 0
P 85 79 255 0 0
P 86 79 255 0 0
P 87 79 255 0 0
P 88 79 255 0 0
P 89 79 255 0 0
P 90 79 255 0 0
P 91 79 255 0 0
P 92 79 255 0 0
P 93 79 255 0 0
P 94 79 255 0 0
P 95 79 255 0 0
P 96 79 255 0 0
P 97 79 255 0 0
P 98 79 255 0 0
P 99 79 255 0 0
P 100 79 255 0 0
P 101 79 255 0 0
P 102 79 255 0 0
P 103 79 255 0 0
P 104 79 255 0 0
P 105 79 255 0 0
P 106 79 255 0 0
P 107 79 255 0 0
P 108 79 255 0 0
P 109 79 255 0 0
P 110 79 255 0 0
P 111 79 255 0 0
P 112 79 255 0 0
P 113 79 255 0 0
P 114 79 255 0 0
P 115 79 0 255 0
P 116 79 0 255 0
P 117 79 0 255 0
P 118 79 0 255 0
P 119 79 0 255 0
P 120 79 0 255 0
P 121 79 0 255 0
P 122 79 0 255 0
P 123 79 0 255 0
P 124 79 0 255 0
P 125 79 0 255 0
P 126 79 0 255 0
P 127 79 0 255 0
P 128 79 0 255 0
P 129 79 0 255 0
P 130 79 0 255 0
P 131 79 0 255 0
P 132 79 0 255 0
P 133 79 0 255 0
P 134 79 0 255 0
P 135 79 0 255 0
P 136 79 0 255 0
P 137 79 0 255 0
P 138 79 0 255 0
P 139 79 0 255 0
P 140 79 0 255 0
P 141 79 0 255 0
P 142 79 0 255 0
P 143 79 0 255 0
P 144 79 0 255 0
P 145 79 0 255 0
P 146 79 0 255 0
P 147 79 0 255 0
P 148 79 0 255 0
P 149 79 0 255 0
P 150 79 0 255 0
P 151 79 0 255 0
P 152 79 0 255 0
P 153 79 0 255 0
P 154 79 0 255 0
P 155 79 0 255 0
P 156 79 0 255 0
P 157 79 0 255 0
P 158 79 0 255 0
P 159 79 0 255 0
P 160 79 0 255 0
P 161 79 0 255 0
P 162 79 0 255 0
P 163 79 0 255 0
P 164 79 0 255 0
P 165 79 0 255 0
P 166 79 0 255 0
P 167 79 0 255 0
P 168 79 0 255 0
P 169 79 0 255 0
P 170 79 0 255 0
P 171 79 0 255 0
P 172 79 0 255 0
P 173 79 0 255 0
P 174 79 0 255 0
P 175 79 0 255 0
P 176 79 0 255 0
P 177 79 0 255 0
P 178 79 0 255 0
P 179 79 0 255 0
P 180 79 0 255 0
P 181 79 0 255 0
P 182 79 0 255 0
P 183 79 0 255 0
P 184 79 0 255 0
P 185 79 0 255 0
P 186 79 0 255 0
P 187 79 0 255 0
P 188 79 0 255 0
P 189 79 0 255 0
P 190 79 0 255 0
P 191 79 0 255 0
P 192 79 0 255 0
P 193 79 0 255 0
P 194 79 0 255 0
P 195 79 0 255 0
P 196 79 0 255 0
P 197 79 0 255 0
P 198 79 0 255 0
P 199 79 0 255 0
P 200 79 0 255 0
P 201 79 0 255 0
P 202 79 0 255 0
P 203 79 0 255 0
P 204 79 0 255 0
P 205 79 0 255 0
P 206 79 0 255 0
P 207 79 0 255 0
P 208 79 0 255 0
P 209 79 0 255 0
P 210 79 0 255 0
P 211 79 0 255 0
P 212 79 0 255 0
P 213 79 0 255 0
P 214 79 0 255 0
P 215 79 0 255 0
P 216 79 0 255 0
P 217 79 0 255 0
P 218 79 0 255 0
P 219 79 0 255 0
P 220 79 0 255 0
P 221 79 0 255 0
P 222 79 0 255 0
P 223 79 0 255 0
P 224 79 0 255 0
P 225 79 0 255 0
P 226 79 0 255 0
P 227 79 0 255 0
P 228 79 0 255 0
P 229 79 0 255 0
P 230 79 0 255 0
P 231 79 0 255 0
P 232 79 0 255 0
P 233 79 0 255 0
P 234 79 0 255 0
P 235 79 0 255 0
P 236 79 0 255 0
P 237 79 0 255 0
P 238 79 0 255 0
P 239 79 0 255 0
P 240 79 0 255 0
P 241 79 0 255 0
P 242 79 255 0 0
P 243 79 255 0 0
P 244 79 255 0 0
P 245 79 255 0 0
P 246 79 255 0 0
P 247 79 255 0 0
P 58 80 255 0 0
P 59 80 255 0 0
P 60 80 255 0 0
P 61 80 255 0 0
P 62 80 255 0 0
P 63 80 255 0 0
P 64 80 255 0 0
P 65 80 255 0 0
P 66 80 255 0 0
P 67 80 255 0 0
P 68 80 255 0 0
P 69 80 255 0 0
P 70 80 255 0 0
P 71 80 255 0 0
P 72 80 255 0 0
P 73 80 255 0 0
P 74 80 255 0 0
P 75 80 255 0 0
P 76 80 255 0 0
P 77 80 255 0 0
P 78 80 255 0 0
P 79 80 255 0 0
P 80 80 255 0 0
P 81 80 255 0 0
P 82 80 255 0 0
P 83 80 255 0 0
P 84 80 255 0 0
P 85 80 255 0 0
P 86 80 255 0 0
P 87 80 255 0 0
P 88 80 255 0 0
P 89 80 255 0 0
P 90 80 255 0 0
P 91 80 255 0 0
P 92 80 255 0 0
P 93 80 255 0 0
P 94 80 255 0 0
P 95 80 255 0 0
P 96 80 255 0 0
P 97 80 255 0 0
P 98 80 255 0 0
P 99 80 255 0 0
P 100 80 255 0 0
P 101 80 255 0 0
P 102 80 255 0 0
P 103 80 255 0 0
P 104 80 255 0 0
P 105 80 255 0 0
P 106 80 255 0 0
P 107 80 255 0 0
P 108 80 255 0 0
P 109 80 255 0 0
P 110 80 0 255 0
P 111 80 0 255 0
P 112 80 0 255 0
P 113 80 0 255 0
P 114 80 0 255 0
P 115 80 0 255 0
P 116 80 0 255 0
P 117 80 0 255 0
P 118 80 0 255 0
P 119 80 0 255 0
P 120 80 0 255 0
P 121 80 0 255 0
P 122 80 0 255 0
P 123 80 0 255 0
P 124 80 0 255 0
P 125 80 0 255 0
P 126 80 0 255 0
P 127 80 0 255 0
P 128 80 0 255 0
P 129 80 0 255 0
P 130 80 0 255 0
P 131 80 0 255 0
P 132 80 0 255 0
P 133 80 0 255 0
P 134 80 0 255 0
P 135 80 0 255 0
P 136 80 0 255 0
P 137 80 0 255 0
P 138 80 0 255 0
P 139 80 0 255 0
P 140 80 0 255 0
P 141 80 0 255 0
P 142 80 0 255 0
P 143 80 0 255 0
P 144 80 0 255 0
P 145 80 0 255 0
P 146 80 0 255 0
P 147 80 0 255 0
P 148 80 0 255 0
P 149 80 0 255 0
P 150 80 0 255 0
P 151 80 0 255 0
P 152 80 0 255 0
P 153 80 0 255 0
P 154 80 0 255 0
P 155 80 0 255 0
P 156 80 0 255 0
P 157 80 0 255 0
P 158 80 0 255 0
P 159 80 0 255 0
P 160 80 0 255 0
P 161 80 0 255 0
P 162 80 0 255 0
P 163 80 0 255 0
P 164 80 0 255 0
P 165 80 0 255 0
P 166 80 0 255 0
P 167 80 0 255 0
P 168 80 0 255 0
P 169 80 0 255 0
P 170 80 0 255 0
P 171 80 0 255 0
P 172 80 0 255 0
P 173 80 0 255 0
P 174 80 0 255 0
P 175 80 0 255 0
P 176 80 0 255 0
P 177 80 0 255 0
P 178 80 0 255 0
P 179 80 0 255 0
P 180 80 0 255 0
P 181 80 0 255 0
P 182 80 0 255 0
P 183 80 0 255 0
P 184 80 0 255 0
P 185 80 0 255 0
P 186 80 0 255 0
P 187 80 0 255 0
P 188 80 0 255 0
P 189 80 0 255 0
P 190 80 0 255 0
P 191 80 0 255 0
P 192 80 0 255 0
P 193 80 0 255 0
P 194 80 0 255 0
P 195 80 0 255 0
P 196 80 0 255 0
P 197 80 0 255 0
P 198 80 0 255 0
P 199 80 0 255 0
P 200 80 0 255 0
P 201 80 0 255 0
P 202 80 0 255 0
P 203 80 0 255 0
P 204 80 0 255 0
P 205 80 0 255 0
P 206 80 0 255 0
P 207 80 0 255 0
P 208 80 0 255 0
P 209 80 0 255 0
P 210 80 0 255 0
P 211 80 0 255 0
P 212 80 0 255 0
P 213 80 0 255 0
P 214 80 0 255 0
P 215 80 0 255 0
P 216 80 0 255 0
P 217 80 0 255 0
P 218 80 0 255 0
P 219 80 0 255 0
P 220 80 0 255 0
P 221 80 0 255 0
P 222 80 0 255 0
P 223 80 0 255 0
P 224 80 0 255 0
P 225 80 0 255 0
P 226 80 0 255 0
P 227 80 0 255 0
P 228 80 0 255 0
P 229 80 0 255 0
P 230 80 0 255 0
P 231 80 0 255 0
P 232 80 0 255 0
P 233 80 0 255 0
P 234 80 0 255 0
P 235 80 0 255 0
P 236 80 0 255 0
P 237 80 0 255 0
P 238 80 0 255 0
P 239 80 0 255 0
P 240 80 0 255 0
P 241 80 0 255 0
P 242 80 255 0 0
P 243 80 255 0 0
P 244 80 255 0 0
P 245 80 255 0 0
P 58 81 255 0 0
P 59 81 255 0 0
P 60 81 255 0 0
P 61 81 255 0 0
P 62 81 255 0 0
P 63 81 255 0 0
P 64 81 255 0 0
P 65 81 255 0 0
P 66 81 255 0 0
P 67 81 255 0 0
P 68 81 255 0 0
P 69 81 255 0 0
P 70 81 255 0 0
P 71 81 255 0 0
P 72 81 255 0 0
P 73 81 255 0 0
P 74 81 255 0 0
P 75 81 255 0 0
P 76 81 255 0 0
P 77 81 255 0 0
P 78 81 255 0 0
P 79 81 255 0 0
P 80 81 255 0 0
P 81 81 255 0 0
P 82 81 255 0 0
P 83 81 255 0 0
P 84 81 255 0 0
P 85 81 255 0 0
P 86 81 255 0 0
P 87 81 255 0 0
P 88 81 255 0 0
P 89 81 255 0 0
P 90 81 255 0 0
P 91 81 255 0 0
P 92 81 255 0 0
P 93 81 255 0 0
P 94 81 255 0 0
P 95 81 255 0 0
P 96 81 255 0 0
P 97 81 255 0 0
P 98 81 255 0 0
P 99 81 255 0 0
P 100 81 255 0 0
P 101 81 255 0 0
P 102 81 255 0 0
P 103 81 255 0 0
P 104 81 255 0 0
P 105 81 255 0 0
P 106 81 0 255 0
P 107 81 0 255 0
P 108 81 0 255 0
P 109 81 0 255 0
P 110 81 0 255 0
P 111 81 0 255 0
P 112 81 0 255 0
P 113 81 0 255 0
P 114 81 0 255 0
P 115 81 0 255 0
P 116 81 0 255 0
P 117 81 0 255 0
P 118 81 0 255 0
P 119 81 0 255 0
P 120 81 0 255 0
P 121 81 0 255 0
P 122 81 0 255 0
P 123 81 0 255 0
P 124 81 0 255 0
P 125 81 0 255 0
P 126 81 0 255 0
P 127 81 0 255 0
P 128 81 0 255 0
P 129 81 0 255 0
P 130 81 0 255 0
P 131 81 0 255 0
P 132 81 0 255 0
P 133 81 0 255 0
P 134 81 0 255 0
P 135 81 0 255 0
P 136 81 0 255 0
P 137 81 0 255 0
P 138 81 0 255 0
P 139 81 0 255 0
P 140 81 0 255 0
P 141 81 0 255 0
P 142 81 0 255 0
P 143 81 0 255 0
P 144 81 0 255 0
P 145 81 0 255 0
P 146 81 0 255 0
P 147 81 0 255 0
P 148 81 0 255 0
P 149 81 0 255 0
P 150 81 0 255 0
P 151 81 0 255 0
P 152 81 0 255 0
P 153 81 0 255 0
P 154 81 0 255 0
P 155 81 0 255 0
P 156 81 0 255 0
P 157 81 0 255 0
P 158 81 0 255 0
P 159 81 0 255 0
P 160 81 0 255 0
P 161 81 0 255 0
P 162 81 0 255 0
P 163 81 0 255 0
P 164 81 0 255 0
P 165 81 0 255 0
P 166 81 0 255 0
P 167 81 0 255 0
P 168 81 0 255 0
P 169 81 0 255 0
P 170 81 0 255 0
P 171 81 0 255 0
P 172 81 0 255 0
P 173 81 0 255 0
P 174 81 0 255 0
P 175 81 0 255 0
P 176 81 0 255 0
P 177 81 0 255 0
P 178 81 0 255 0
P 179 81 0 255 0
P 180 81 0 255 0
P 181 81 0 255 0
P 182 81 0 255 0
P 183 81 0 255 0
P 184 81 0 255 0
P 185 81 0 255 0
P 186 81 0 255 0
P 187 81 0 255 0
P 188 81 0 255 0
P 189 81 0 255 0
P 190 81 0 255 0
P 191 81 0 255 0
P 192 81 0 255 0
P 193 81 0 255 0
P 194 81 0 255 0
P 195 81 0 255 0
P 196 81 0 255 0
P 197 81 0 255 0
P 198 81 0 255 0
P 199 81 0 255 0
P 200 81 0 255 0
P 201 81 0 255 0
P 202 81 0 255 0
P 203 81 0 255 0
P 204 81 0 255 0
P 205 81 0 255 0
P 206 81 0 255 0
P 207 81 0 255 0
P 208 81 0 255 0
P 209 81 0 255 0
P 210 81 0 255 0
P 211 81 0 255 0
P 212 81 0 255 0
P 213 81 0 255 0
P 214 81 0 255 0
P 215 81 0 255 0
P 216 81 0 255 0
P 217 81 0 255 0
P 218 81 0 255 0
P 219 81 0 255 0
P 220 81 0 255 0
P 221 81 0 255 0
P 222 81 0 255 0
P 223 81 0 255 0
P 224 81 0 255 0
P 225 81 0 255 0
P 226 81 0 255 0
P 227 81 0 255 0
P 228 81 0 255 0
P 229 81 0 255 0
P 230 81 0 255 0
P 231 81 0 255 0
P 232 81 0 255 0
P 233 81 0 255 0
P 234 81 0 255 0
P 235 81 0 255 0
P 236 81 0 255 0
P 237 81 0 255 0
P 238 81 0 255 0
P 239 81 0 255 0
P 240 81 0 255 0
P 241 81 0 255 0
P 242 81 255 0 0
P 243 81 255 0 0
P 244 81 255 0 0
P 59 82 255 0 0
P 60 82 255 0 0
P 61 82 255 0 0
P 62 82 255 0 0
P 63 82 255 0 0
P 64 82 255 0 0
P 65 82 255 0 0
P 66 82 255 0 0
P 67 82 255 0 0
P 68 82 255 0 0
P 69 82 255 0 0
P 70 82 255 0 0
P 71 82 255 0 0
P 72 82 255 0 0
P 73 82 255 0 0
P 74 82 255 0 0
P 75 82 255 0 0
P 76 82 255 0 0
P 77 82 255 0 0
P 78 82 255 0 0
P 79 82 255 0 0
P 80 82 255 0 0
P 81 82 255 0 0
P 82 82 255 0 0
P 83 82 255 0 0
P 84 82 255 0 0
P 85 82 255 0 0
P 86 82 255 0 0
P 87 82 255 0 0
P 88 82 255 0 0
P 89 82 255 0 0
P 90 82 255 0 0
P 91 82 255 0 0
P 92 82 255 0 0
P 93 82 255 0 0
P 94 82 255 0 0
P 95 82 255 0 0
P 96 82 255 0 0
P 97 82 255 0 0
P 98 82 255 0 0
P 99 82 255 0 0
P 100 82 255 0 0
P 101 82 255 0 0
P 102 82 0 255 0
P 103 82 0 255 0
P 104 82 0 255 0
P 105 82 0 255 0
P 106 82 0 255 0
P 107 82 0 255 0
P 108 82 0 255 0
P 109 82 0 255 0
P 110 82 0 255 0
P 111 82 0 255 0
P 112 82 0 255 0
P 113 82 0 255 0
P 114 82 0 255 0
P 115 82 0 255 0
P 116 82 0 255 0
P 117 82 0 255 0
P 118 82 0 255 0
P 119 82 0 255 0
P 120 82 0 255 0
P 121 82 0 255 0
P 122 82 0 255 0
P 123 82 0 255 0
P 124 82 0 255 0
P 125 82 0 255 0
P 126 82 0 255 0
P 127 82 0 255 0
P 128 82 0 255 0
P 129 82 0 255 0
P 130 82 0 255 0
P 131 82 0 255 0
P 132 82 0 255 0
P 133 82 0 255 0
P 134 82 0 255 0
P 135 82 0 255 0
P 136 82 0 255 0
P 137 82 0 255 0
P 138 82 0 255 0
P 139 82 0 255 0
P 140 82 0 255 0
P 141 82 0 255 0
P 142 82 0 255 0
P 143 82 0 255 0
P 144 82 0 255 0
P 145 82 0 255 0
P 146 82 0 255 0
P 147 82 0 255 0
P 148 82 0 255 0
P 149 82 0 255 0
P 150 82 0 255 0
P 151 82 0 255 0
P 152 82 0 255 0
P 153 82 0 255 0
P 154 82 0 255 0
P 155 82 0 255 0
P 156 82 0 255 0
P 157 82 0 255 0
P 158 82 0 255 0
P 159 82 0 255 0
P 160 82 0 255 0
P 161 82 0 255 0
P 162 82 0 255 0
P 163 82 0 255 0
P 164 82 0 255 0
P 165 82 0 255 0
P 166 82 0 255 0
P 167 82 0 255 0
P 168 82 0 255 0
P 169 82 0 255 0
P 170 82 0 255 0
P 171 82 0 255 0
P 172 82 0 255 0
P 173 82 0 255 0
P 174 82 0 255 0
P 175 82 0 255 0
P 176 82 0 255 0
P 177 82 0 255 0
P 178 82 0 255 0
P 179 82 0 255 0
P 180 82 0 255 0
P 181 82 0 255 0
P 182 82 0 255 0
P 183 82 0 255 0
P 184 82 0 255 0
P 185 82 0 255 0
P 186 82 0 255 0
P 187 82 0 255 0
P 188 82 0 255 0
P 189 82 0 255 0
P 190 82 0 255 0
P 191 82 0 255 0
P 192 82 0 255 0
P 193 82 0 255 0
P 194 82 0 255 0
P 195 82 0 255 0
P 196 82 0 255 0
P 197 82 0 255 0
P 198 82 0 255 0
P 199 82 0 255 0
P 200 82 0 255 0
P 201 82 0 255 0
P 202 82 0 255 0
P 203 82 0 255 0
P 204 82 0 255 0
P 205 82 0 255 0
P 206 82 0 255 0
P 207 82 0 255 0
P 208 82 0 255 0
P 209 82 0 255 0
P 210 82 0 255 0
P 211 82 0 255 0
P 212 82 0 255 0
P 213 82 0 255 0
P 214 82 0 255 0
P 215 82 0 255 0
P 216 82 0 255 0
P 217 82 0 255 0
P 218 82 0 255 0
P 219 82 0 255 0
P 220 82 0 255 0
P 221 82 0 255 0
P 222 82 0 255 0
P 223 82 0 255 0
P 224 82 0 255 0
P 225 82 0 255 0
P 226 82 0 255 0
P 227 82 0 255 0
P 228 82 0 255 0
P 229 82 0 255 0
P 230 82 0 255 0
P 231 82 0 255 0
P 232 82 0 255 0
P 233 82 0 255 0
P 234 82 0 255 0
P 235 82 0 255 0
P 236 82 0 255 0
P 237 82 0 255 0
P 238 82 0 255 0
P 239 82 0 255 0
P 240 82 0 255 0
P 241 82 0 255 0
P 242 82 255 0 0
P 243 82 255 0 0
P 59 83 255 0 0
P 60 83 255 0 0
P 61 83 255 0 0
P 62 83 255 0 0
P 63 83 255 0 0
P 64 83 255 0 0
P 65 83 255 0 0
P 66 83 255 0 0
P 67 83 255 0 0
P 68 83 255 0 0
P 69 83 255 0 0
P 70 83 255 0 0
P 71 83 255 0 0
P 72 83 255 0 0
P 73 83 255 0 0
P 74 83 255 0 0
P 75 83 255 0 0
P 76 83 255 0 0
P 77 83 255 0 0
P 78 83 255 0 0
P 79 83 255 0 0
P 80 83 255 0 0
P 81 83 255 0 0
P 82 83 255 0 0
P 83 83 255 0 0
P 84 83 255 0 0
P 85 83 255 0 0
P 86 83 255 0 0
P 87 83 255 0 0
P 88 83 255 0 0
P 89 83 255 0 0
P 90 83 255 0 0
P 91 83 255 0 0
P 92 83 255 0 0
P 93 83 255 0 0
P 94 83 255 0 0
P 95 83 255 0 0
P 96 83 255 0 0
P 97 83 255 0 0
P 98 83 0 255 0
P 99 83 0 255 0
P 100 83 0 255 0
P 101 83 0 255 0
P 102 83 0 255 0
P 103 83 0 255 0
P 104 83 0 255 0
P 105 83 0 255 0
P 106 83 0 255 0
P 107 83 0 255 0
P 108 83 0 255 0
P 109 83 0 255 0
P 110 83 0 255 0
P 111 83 0 255 0
P 112 83 0 255 0
P 113 83 0 255 0
P 114 83 0 255 0
P 115 83 0 255 0
P 116 83 0 255 0
P 117 83 0 255 0
P 118 83 0 255 0
P 119 83 0 255 0
P 120 83 0 255 0
P 121 83 0 255 0
P 122 83 0 255 0
P 123 83 0 255 0
P 124 83 0 255 0
P 125 83 0 255 0
P 126 83 0 255 0
P 127 83 0 255 0
P 128 83 0 255 0
P 129 83 0 255 0
P 130 83 0 255 0
P 131 83 0 255 0
P 132 83 0 255 0
P 133 83 0 255 0
P 134 83 0 255 0
P 135 83 0 255 0
P 136 83 0 255 0
P 137 83 0 255 0
P 138 83 0 255 0
P 139 83 0 255 0
P 140 83 0 255 0
P 141 83 0 255 0
P 142 83 0 255 0
P 143 83 0 255 0
P 144 83 0 255 0
P 145 83 0 255 0
P 146 83 0 255 0
P 147 83 0 255 0
P 148 83 0 255 0
P 149 83 0 255 0
P 150 83 0 255 0
P 151 83 0 255 0
P 152 83 0 255 0
P 153 83 0 255 0
P 154 83 0 255 0
P 155 83 0 255 0
P 156 83 0 255 0
P 157 83 0 255 0
P 158 83 0 255 0
P 159 83 0 255 0
P 160 83 0 255 0
P 161 83 0 255 0
P 162 83 0 255 0
P 163 83 0 255 0
P 164 83 0 255 0
P 165 83 0 255 0
P 166 83 0 255 0
P 167 83 0 255 0
P 168 83 0 255 0
P 169 83 0 255 0
P 170 83 0 255 0
P 171 83 0 255 0
P 172 83 0 255 0
P 173 83 0 255 0
P 174 83 0 255 0
P 175 83 0 255 0
P 176 83 0 255 0
P 177 83 0 255 0
P 178 83 0 255 0
P 179 83 0 255 0
P 180 83 0 255 0
P 181 83 0 255 0
P 182 83 0 255 0
P 183 83 0 255 0
P 184 83 0 255 0
P 185 83 0 255 0
P 186 83 0 255 0
P 187 83 0 255 0
P 188 83 0 255 0
P 189 83 0 255 0
P 190 83 0 255 0
P 191 83 0 255 0
P 192 83 0 255 0
P 193 83 0 255 0
P 194 83 0 255 0
P 195 83 0 255 0
P 196 83 0 255 0
P 197 83 0 255 0
P 198 83 0 255 0
P 199 83 0 255 0
P 200 83 0 255 0
P 201 83 0 255 0
P 202 83 0 255 0
P 203 83 0 255 0
P 204 83 0 255 0
P 205 83 0 255 0
P 206 83 0 255 0
P 207 83 0 255 0
P 208 83 0 255 0
P 209 83 0 255 0
P 210 83 0 255 0
P 211 83 0 255 0
P 212 83 0 255 0
P 213 83 0 255 0
P 214 83 0 255 0
P 215 83 0 255 0
P 216 83 0 255 0
P 217 83 0 255 0
P 218 83 0 255 0
P 219 83 0 255 0
P 220 83 0 255 0
P 221 83 0 255 0
P 222 83 0 255 0
P 223 83 0 255 0
P 224 83 0 255 0
P 225 83 0 255 0
P 226 83 0 255 0
P 227 83 0 255 0
P 228 83 0 255 0
P 229 83 0 255 0
P 230 83 0 255 0
P 231 83 0 255 0
P 232 83 0 255 0
P 233 83 0 255 0
P 234 83 0 255 0
P 235 83 0 255 0
P 236 83 0 255 0
P 237 83 0 255 0
P 238 83 0 255 0
P 239 83 0 255 0
P 240 83 0 255 0
P 241 83 0 255 0
P 59 84 255 0 0
P 60 84 255 0 0
P 61 84 255 0 0
P 62 84 255 0 0
P 63 84 255 0 0
P 64 84 255 0 0
P 65 84 255 0 0
P 66 84 255 0 0
P 67 84 255 0 0
P 68 84 255 0 0
P 69 84 255 0 0
P 70 84 255 0 0
P 71 84 255 0 0
P 72 84 255 0 0
P 73 84 255 0 0
P 74 84 255 0 0
P 75 84 255 0 0
P 76 84 255 0 0
P 77 84 255 0 0
P 78 84 255 0 0
P 79 84 255 0 0
P 80 84 255 0 0
P 81 84 255 0 0
P 82 84 255 0 0
P 83 84 255 0 0
P 84 84 255 0 0
P 85 84 255 0 0
P 86 84 255 0 0
P 87 84 255 0 0
P 88 84 255 0 0
P 89 84 255 0 0
P 90 84 255 0 0
P 91 84 255 0 0
P 92 84 255 0 0
P 93 84 0 255 0
P 94 84 0 255 0
P 95 84 0 255 0
P 96 84 0 255 0
P 97 84 0 255 0
P 98 84 0 255 0
P 99 84 0 255 0
P 100 84 0 255 0
P 101 84 0 255 0
P 102 84 0 255 0
P 103 84 0 255 0
P 104 84 0 255 0
P 105 84 0 255 0
P 106 84 0 255 0
P 107 84 0 255 0
P 108 84 0 255 0
P 109 84 0 255 0
P 110 84 0 255 0
P 111 84 0 255 0
P 112 84 0 255 0
P 113 84 0 255 0
P 114 84 0 255 0
P 115 84 0 255 0
P 116 84 0 255 0
P 117 84 0 255 0
P 118 84 0 255 0
P 119 84 0 255 0
P 120 84 0 255 0
P 121 84 0 255 0
P 122 84 0 255 0
P 123 84 0 255 0
P 124 84 0 255 0
P 125 84 0 255 0
P 126 84 0 255 0
P 127 84 0 255 0
P 128 84 0 255 0
P 129 84 0 255 0
P 130 84 0 255 0
P 131 84 0 255 0
P 132 84 0 255 0
P 133 84 0 255 0
P 134 84 0 255 0
P 135 84 0 255 0
P 136 84 0 255 0
P 137 84 0 255 0
P 138 84 0 255 0
P 139 84 0 255 0
P 140 84 0 255 0
P 141 84 0 255 0
P 142 84 0 255 0
P 143 84 0 255 0
P 144 84 0 255 0
P 145 84 0 255 0
P 146 84 0 255 0
P 147 84 0 255 0
P 148 84 0 255 0
P 149 84 0 255 0
P 150 84 0 255 0
P 151 84 0 255 0
P 152 84 0 255 0
P 153 84 0 255 0
P 154 84 0 255 0
P 155 84 0 255 0
P 156 84 0 255 0
P 157 84 0 255 0
P 158 84 0 255 0
P 159 84 0 255 0
P 160 84 0 255 0
P 161 84 0 255 0
P 162 84 0 255 0
P 163 84 0 255 0
P 164 84 0 255 0
P 165 84 0 255 0
P 166 84 0 255 0
P 167 84 0 255 0
P 168 84 0 255 0
P 169 84 0 255 0
P 170 84 0 255 0
P 171 84 0 255 0
P 172 84 0 255 0
P 173 84 0 255 0
P 174 84 0 255 0
P 175 84 0 255 0
P 176 84 0 255 0
P 177 84 0 255 0
P 178 84 0 255 0
P 179 84 0 255 0
P 180 84 0 255 0
P 181 84 0 255 0
P 182 84 0 255 0
P 183 84 0 255 0
P 184 84 0 255 0
P 185 84 0 255 0
P 186 84 0 255 0
P 187 84 0 255 0
P 188 84 0 255 0
P 189 84 0 255 0
P 190 84 0 255 0
P 191 84 0 255 0
P 192 84 0 255 0
P 193 84 0 255 0
P 194 84 0 255 0
P 195 84 0 255 0
P 196 84 0 255 0
P 197 84 0 255 0
P 198 84 0 255 0
P 199 84 0 255 0
P 200 84 0 255 0
P 201 84 0 255 0
P 202 84 0 255 0
P 203 84 0 255 0
P 204 84 0 255 0
P 205 84 0 255 0
P 206 84 0 255 0
P 207 84 0 255 0
P 208 84 0 255 0
P 209 84 0 255 0
P 210 84 0 255 0
P 211 84 0 255 0
P 212 84 0 255 0
P 213 84 0 255 0
P 214 84 0 255 0
P 215 84 0 255 0
P 216 84 0 255 0
P 217 84 0 255 0
P 218 84 0 255 0
P 219 84 0 255 0
P 220 84 0 255 0
P 221 84 0 255 0
P 222 84 0 255 0
P 223 84 0 255 0
P 224 84 0 255 0
P 225 84 0 255 0
P 226 84 0 255 0
P 227 84 0 255 0
P 228 84 0 255 0
P 229 84 0 255 0
P 230 84 0 255 0
P 231 84 0 255 0
P 232 84 0 255 0
P 233 84 0 255 0
P 234 84 0 255 0
P 235 84 0 255 0
P 236 84 0 255 0
P 237 84 0 255 0
P 238 84 0 255 0
P 239 84 0 255 0
P 240 84 0 255 0
P 241 84 0 255 0
P 59 85 255 0 0
P 60 85 255 0 0
P 61 85 255 0 0
P 62 85 255 0 0
P 63 85 255 0 0
P 64 85 255 0 0
P 65 85 255 0 0
P 66 85 255 0 0
P 67 85 255 0 0
P 68 85 255 0 0
P 69 85 255 0 0
P 70 85 255 0 0
P 71 85 255 0 0
P 72 85 255 0 0
P 73 85 255 0 0
P 74 85 255 0 0
P 75 85 255 0 0
P 76 85 255 0 0
P 77 85 255 0 0
P 78 85 255 0 0
P 79 85 255 0 0
P 80 85 255 0 0
P 81 85 255 0 0
P 82 85 255 0 0
P 83 85 255 0 0
P 84 85 255 0 0
P 85 85 255 0 0
P 86 85 255 0 0
P 87 85 255 0 0
P 88 85 255 0 0
P 89 85 0 255 0
P 90 85 0 255 0
P 91 85 0 255 0
P 92 85 0 255 0
P 93 85 0 255 0
P 94 85 0 255 0
P 95 85 0 255 0
P 96 85 0 255 0
P 97 85 0 255 0
P 98 85 0 255 0
P 99 85 0 255 0
P 100 85 0 255 0
P 101 85 0 255 0
P 102 85 0 255 0
P 103 85 0 255 0
P 104 85 0 255 0
P 105 85 0 255 0
P 106 85 0 255 0
P 107 85 0 255 0
P 108 85 0 255 0
P 109 85 0 255 0
P 110 85 0 255 0
P 111 85 0 255 0
P 112 85 0 255 0
P 113 85 0 255 0
P 114 85 0 255 0
P 115 85 0 255 0
P 116 85 0 255 0
P 117 85 0 255 0
P 118 85 0 255 0
P 119 85 0 255 0
P 120 85 0 255 0
P 121 85 0 255 0
P 122 85 0 255 0
P 123 85 0 255 0
P 124 85 0 255 0
P 125 85 0 255 0
P 126 85 0 255 0
P 127 85 0 255 0
P 128 85 0 255 0
P 129 85 0 255 0
P 130 85 0 255 0
P 131 85 0 255 0
P 132 85 0 255 0
P 133 85 0 255 0
P 134 85 0 255 0
P 135 85 0 255 0
P 136 85 0 255 0
P 137 85 0 255 0
P 138 85 0 255 0
P 139 85 0 255 0
P 140 85 0 255 0
P 141 85 0 255 0
P 142 85 0 255 0
P 143 85 0 255 0
P 144 85 0 255 0
P 145 85 0 255 0
P 146 85 0 255 0
P 147 85 0 255 0
P 148 85 0 255 0
P 149 85 0 255 0
P 150 85 0 255 0
P 151 85 0 255 0
P 152 85 0 255 0
P 153 85 0 255 0
P 154 85 0 255 0
P 155 85 0 255 0
P 156 85 0 255 0
P 157 85 0 255 0
P 158 85 0 255 0
P 159 85 0 255 0
P 160 85 0 255 0
P 161 85 0 255 0
P 162 85 0 255 0
P 163 85 0 255 0
P 164 85 0 255 0
P 165 85 0 255 0
P 166 85 0 255 0
P 167 85 0 255 0
P 168 85 0 255 0
P 169 85 0 255 0
P 170 85 0 255 0
P 171 85 0 255 0
P 172 85 0 255 0
P 173 85 0 255 0
P 174 85 0 255 0
P 175 85 0 255 0
P 176 85 0 255 0
P 177 85 0 255 0
P 178 85 0 255 0
P 179 85 0 255 0
P 180 85 0 255 0
P 181 85 0 255 0
P 182 85 0 255 0
P 183 85 0 255 0
P 184 85 0 255 0
P 185 85 0 255 0
P 186 85 0 255 0
P 187 85 0 255 0
P 188 85 0 255 0
P 189 85 0 255 0
P 190 85 0 255 0
P 191 85 0 255 0
P 192 85 0 255 0
P 193 85 0 255 0
P 194 85 0 255 0
P 195 85 0 255 0
P 196 85 0 255 0
P 197 85 0 255 0
P 198 85 0 255 0
P 199 85 0 255 0
P 200 85 0 255 0
P 201 85 0 255 0
P 202 85 0 255 0
P 203 85 0 255 0
P 204 85 0 255 0
P 205 85 0 255 0
P 206 85 0 255 0
P 207 85 0 255 0
P 208 85 0 255 0
P 209 85 0 255 0
P 210 85 0 255 0
P 211 85 0 255 0
P 212 85 0 255 0
P 213 85 0 255 0
P 214 85 0 255 0
P 215 85 0 255 0
P 216 85 0 255 0
P 217 85 0 255 0
P 218 85 0 255 0
P 219 85 0 255 0
P 220 85 0 255 0
P 221 85 0 255 0
P 222 85 0 255 0
P 223 85 0 255 0
P 224 85 0 255 0
P 225 85 0 255 0
P 226 85 0 255 0
P 227 85 0 255 0
P 228 85 0 255 0
P 229 85 0 255 0
P 230 85 0 255 0
P 231 85 0 255 0
P 232 85 0 255 0
P 233 85 0 255 0
P 234 85 0 255 0
P 235 85 0 255 0
P 236 85 0 255 0
P 237 85 0 255 0
P 238 85 0 255 0
P 239 85 0 255 0
P 240 85 0 255 0
P 241 85 0 255 0
P 60 86 255 0 0
P 61 86 255 0 0
P 62 86 255 0 0
P 63 86 255 0 0
P 64 86 255 0 0
P 65 86 255 0 0
P 66 86 255 0 0
P 67 86 255 0 0
P 68 86 255 0 0
P 69 86 255 0 0
P 70 86 255 0 0
P 71 86 255 0 0
P 72 86 255 0 0
P 73 86 255 0 0
P 74 86 255 0 0
P 75 86 255 0 0
P 76 86 255 0 0
P 77 86 255 0 0
P 78 86 255 0 0
P 79 86 255 0 0
P 80 86 255 0 0
P 81 86 255 0 0
P 82 86 255 0 0
P 83 86 255 0 0
P 84 86 255 0 0
P 85 86 0 255 0
P 86 86 0 255 0
P 87 86 0 255 0
P 88 86 0 255 0
P 89 86 0 255 0
P 90 86 0 255 0
P 91 86 0 255 0
P 92 86 0 255 0
P 93 86 0 255 0
P 94 86 0 255 0
P 95 86 0 255 0
P 96 86 0 255 0
P 97 86 0 255 0
P 98 86 0 255 0
P 99 86 0 255 0
P 100 86 0 255 0
P 101 86 0 255 0
P 102 86 0 255 0
P 103 86 0 255 0
P 104 86 0 255 0
P 105 86 0 255 0
P 106 86 0 255 0
P 107 86 0 255 0
P 108 86 0 255 0
P 109 86 0 255 0
P 110 86 0 255 0
P 111 86 0 255 0
P 112 86 0 255 0
P 113 86 0 255 0
P 114 86 0 255 0
P 115 86 0 255 0
P 116 86 0 255 0
P 117 86 0 255 0
P 118 86 0 255 0
P 119 86 0 255 0
P 120 86 0 255 0
P 121 86 0 255 0
P 122 86 0 255 0
P 123 86 0 255 0
P 124 86 0 255 0
P 125 86 0 255 0
P 126 86 0 255 0
P 127 86 0 255 0
P 128 86 0 255 0
P 129 86 0 255 0
P 130 86 0 255 0
P 131 86 0 255 0
P 132 86 0 255 0
P 133 86 0 255 0
P 134 86 0 255 0
P 135 86 0 255 0
P 136 86 0 255 0
P 137 86 0 255 0
P 138 86 0 255 0
P 139 86 0 255 0
P 140 86 0 255 0
P 141 86 0 255 0
P 142 86 0 255 0
P 143 86 0 255 0
P 144 86 0 255 0
P 145 86 0 255 0
P 146 86 0 255 0
P 147 86 0 255 0
P 148 86 0 255 0
P 149 86 0 255 0
P 150 86 0 255 0
P 151 86 0 255 0
P 152 86 0 255 0
P 153 86 0 255 0
P 154 86 0 255 0
P 155 86 0 255 0
P 156 86 0 255 0
P 157 86 0 255 0
P 158 86 0 255 0
P 159 86 0 255 0
P 160 86 0 255 0
P 161 86 0 255 0
P 162 86 0 255 0
P 163 86 0 255 0
P 164 86 0 255 0
P 165 86 0 255 0
P 166 86 0 255 0
P 167 86 0 255 0
P 168 86 0 255 0
P 169 86 0 255 0
P 170 86 0 255 0
P 171 86 0 255 0
P 172 86 0 255 0
P 173 86 0 255 0
P 174 86 0 255 0
P 175 86 0 255 0
P 176 86 0 255 0
P 177 86 0 255 0
P 178 86 0 255 0
P 179 86 0 255 0
P 180 86 0 255 0
P 181 86 0 255 0
P 182 86 0 255 0
P 183 86 0 255 0
P 184 86 0 255 0
P 185 86 0 255 0
P 186 86 0 255 0
P 187 86 0 255 0
P 188 86 0 255 0
P 189 86 0 255 0
P 190 86 0 255 0
P 191 86 0 255 0
P 192 86 0 255 0
P 193 86 0 255 0
P 194 86 0 255 0
P 195 86 0 255 0
P 196 86 0 255 0
P 197 86 0 255 0
P 198 86 0 255 0
P 199 86 0 255 0
P 200 86 0 255 0
P 201 86 0 255 0
P 202 86 0 255 0
P 203 86 0 255 0
P 204 86 0 255 0
P 205 86 0 255 0
P 206 86 0 255 0
P 207 86 0 255 0
P 208 86 0 255 0
P 209 86 0 255 0
P 210 86 0 255 0
P 211 86 0 255 0
P 212 86 0 255 0
P 213 86 0 255 0
P 214 86 0 255 0
P 215 86 0 255 0
P 216 86 0 255 0
P 217 86 0 255 0
P 218 86 0 255 0
P 219 86 0 255 0
P 220 86 0 255 0
P 221 86 0 255 0
P 222 86 0 255 0
P 223 86 0 255 0
P 224 86 0 255 0
P 225 86 0 255 0
P 226 86 0 255 0
P 227 86 0 255 0
P 228 86 0 255 0
P 229 86 0 255 0
P 230 86 0 255 0
P 231 86 0 255 0
P 232 86 0 255 0
P 233 86 0 255 0
P 234 86 0 255 0
P 235 86 0 255 0
P 236 86 0 255 0
P 237 86 0 255 0
P 238 86 0 255 0
P 239 86 0 255 0
P 240 86 0 255 0
P 241 86 0 255 0
P 60 87 255 0 0
P 61 87 255 0 0
P 62 87 255 0 0
P 63 87 255 0 0
P 64 87 255 0 0
P 65 87 255 0 0
P 66 87 255 0 0
P 67 87 255 0 0
P 68 87 255 0 0
P 69 87 255 0 0
P 70 87 255 0 0
P 71 87 255 0 0
P 72 87 255 0 0
P 73 87 255 0 0
P 74 87 255 0 0
P 75 87 255 0 0
P 76 87 255 0 0
P 77 87 255 0 0
P 78 87 255 0 0
P 79 87 255 0 0
P 80 87 255 0 0
P 81 87 0 255 0
P 82 87 0 255 0
P 83 87 0 255 0
P 84 87 0 255 0
P 85 87 0 255 0
P 86 87 0 255 0
P 87 87 0 255 0
P 88 87 0 255 0
P 89 87 0 255 0
P 90 87 0 255 0
P 91 87 0 255 0
P 92 87 0 255 0
P 93 87 0 255 0
P 94 87 0 255 0
P 95 87 0 255 0
P 96 87 0 255 0
P 97 87 0 255 0
P 98 87 0 255 0
P 99 87 0 255 0
P 100 87 0 255 0
P 101 87 0 255 0
P 102 87 0 255 0
P 103 87 0 255 0
P 104 87 0 255 0
P 105 87 0 255 0
P 106 87 0 255 0
P 107 87 0 255 0
P 108 87 0 255 0
P 109 87 0 255 0
P 110 87 0 255 0
P 111 87 0 255 0
P 112 87 0 255 0
P 113 87 0 255 0
P 114 87 0 255 0
P 115 87 0 255 0
P 116 87 0 255 0
P 117 87 0 255 0
P 118 87 0 255 0
P 119 87 0 255 0
P 120 87 0 255 0
P 121 87 0 255 0
P 122 87 0 255 0
P 123 87 0 255 0
P 124 87 0 255 0
P 125 87 0 255 0
P 126 87 0 255 0
P 127 87 0 255 0
P 128 87 0 255 0
P 129 87 0 255 0
P 130 87 0 255 0
P 131 87 0 255 0
P 132 87 0 255 0
P 133 87 0 255 0
P 134 87 0 255 0
P 135 87 0 255 0
P 136 87 0 255 0
P 137 87 0 255 0
P 138 87 0 255 0
P 139 87 0 255 0
P 140 87 0 255 0
P 141 87 0 255 0
P 142 87 0 255 0
P 143 87 0 255 0
P 144 87 0 255 0
P 145 87 0 255 0
P 146 87 0 255 0
P 147 87 0 255 0
P 148 87 0 255 0
P 149 87 0 255 0
P 150 87 0 255 0
P 151 87 0 255 0
P 152 87 0 255 0
P 153 87 0 255 0
P 154 87 0 255 0
P 155 87 0 255 0
P 156 87 0 255 0
P 157 87 0 255 0
P 158 87 0 255 0
P 159 87 0 255 0
P 160 87 0 255 0
P 161 87 0 255 0
P 162 87 0 255 0
P 163 87 0 255 0
P 164 87 0 255 0
P 165 87 0 255 0
P 166 87 0 255 0
P 167 87 0 255 0
P 168 87 0 255 0
P 169 87 0 255 0
P 170 87 0 255 0
P 171 87 0 255 0
P 172 87 0 255 0
P 173 87 0 255 0
P 174 87 0 255 0
P 175 87 0 255 0
P 176 87 0 255 0
P 177 87 0 255 0
P 178 87 0 255 0
P 179 87 0 255 0
P 180 87 0 255 0
P 181 87 0 255 0
P 182 87 0 255 0
P 183 87 0 255 0
P 184 87 0 255 0
P 185 87 0 255 0
P 186 87 0 255 0
P 187 87 0 255 0
P 188 87 0 255 0
P 189 87 0 255 0
P 190 87 0 255 0
P 191 87 0 255 0
P 192 87 0 255 0
P 193 87 0 255 0
P 194 87 0 255 0
P 195 87 0 255 0
P 196 87 0 255 0
P 197 87 0 255 0
P 198 87 0 255 0
P 199 87 0 255 0
P 200 87 0 255 0
P 201 87 0 255 0
P 202 87 0 255 0
P 203 87 0 255 0
P 204 87 0 255 0
P 205 87 0 255 0
P 206 87 0 255 0
P 207 87 0 255 0
P 208 87 0 255 0
P 209 87 0 255 0
P 210 87 0 255 0
P 211 87 0 255 0
P 212 87 0 255 0
P 213 87 0 255 0
P 214 87 0 255 0
P 215 87 0 255 0
P 216 87 0 255 0
P 217 87 0 255 0
P 218 87 0 255 0
P 219 87 0 255 0
P 220 87 0 255 0
P 221 87 0 255 0
P 222 87 0 255 0
P 223 87 0 255 0
P 224 87 0 255 0
P 225 87 0 255 0
P 226 87 0 255 0
P 227 87 0 255 0
P 228 87 0 255 0
P 229 87 0 255 0
P 230 87 0 255 0
P 231 87 0 255 0
P 232 87 0 255 0
P 233 87 0 255 0
P 234 87 0 255 0
P 235 87 0 255 0
P 236 87 0 255 0
P 237 87 0 255 0
P 238 87 0 255 0
P 239 87 0 255 0
P 240 87 0 255 0
P 241 87 0 255 0
P 60 88 255 0 0
P 61 88 255 0 0
P 62 88 255 0 0
P 63 88 255 0 0
P 64 88 255 0 0
P 65 88 255 0 0
P 66 88 255 0 0
P 67 88 255 0 0
P 68 88 255 0 0
P 69 88 255 0 0
P 70 88 255 0 0
P 71 88 255 0 0
P 72 88 255 0 0
P 73 88 255 0 0
P 74 88 255 0 0
P 75 88 255 0 0
P 76 88 0 255 0
P 77 88 0 255 0
P 78 88 0 255 0
P 79 88 0 255 0
P 80 88 0 255 0
P 81 88 0 255 0
P 82 88 0 255 0
P 83 88 0 255 0
P 84 88 0 255 0
P 85 88 0 255 0
P 86 88 0 255 0
P 87 88 0 255 0
P 88 88 0 255 0
P 89 88 0 255 0
P 90 88 0 255 0
P 91 88 0 255 0
P 92 88 0 255 0
P 93 88 0 255 0
P 94 88 0 255 0
P 95 88 0 255 0
P 96 88 0 255 0
P 97 88 0 255 0
P 98 88 0 255 0
P 99 88 0 255 0
P 100 88 0 255 0
P 101 88 0 255 0
P 102 88 0 255 0
P 103 88 0 255 0
P 104 88 0 255 0
P 105 88 0 255 0
P 106 88 0 255 0
P 107 88 0 255 0
P 108 88 0 255 0
P 109 88 0 255 0
P 110 88 0 255 0
P 111 88 0 255 0
P 112 88 0 255 0
P 113 88 0 255 0
P 114 88 0 255 0
P 115 88 0 255 0
P 116 88 0 255 0
P 117 88 0 255 0
P 118 88 0 255 0
P 119 88 0 255 0
P 120 88 0 255 0
P 121 88 0 255 0
P 122 88 0 255 0
P 123 88 0 255 0
P 124 88 0 255 0
P 125 88 0 255 0
P 126 88 0 255 0
P 127 88 0 255 0
P 128 88 0 255 0
P 129 88 0 255 0
P 130 88 0 255 0
P 131 88 0 255 0
P 132 88 0 255 0
P 133 88 0 255 0
P 134 88 0 255 0
P 135 88 0 255 0
P 136 88 0 255 0
P 137 88 0 255 0
P 138 88 0 255 0
P 139 88 0 255 0
P 140 88 0 255 0
P 141 88 0 255 0
P 142 88 0 255 0
P 143 88 0 255 0
P 144 88 0 255 0
P 145 88 0 255 0
P 146 88 0 255 0
P 147 88 0 255 0
P 148 88 0 255 0
P 149 88 0 255 0
P 150 88 0 255 0
P 151 88 0 255 0
P 152 88 0 255 0
P 153 88 0 255 0
P 154 88 0 255 0
P 155 88 0 255 0
P 156 88 0 255 0
P 157 88 0 255 0
P 158 88 0 255 0
P 159 88 0 255 0
P 160 88 0 255 0
P 161 88 0 255 0
P 162 88 0 255 0
P 163 88 0 255 0
P 164 88 0 255 0
P 165 88 0 255 0
P 166 88 0 255 0
P 167 88 0 255 0
P 168 88 0 255 0
P 169 88 0 255 0
P 170 88 0 255 0
P 171 88 0 255 0
P 172 88 0 255 0
P 173 88 0 255 0
P 174 88 0 255 0
P 175 88 0 255 0
P 176 88 0 255 0
P 177 88 0 255 0
P 178 88 0 255 0
P 179 88 0 255 0
P 180 88 0 255 0
P 181 88 0 255 0
P 182 88 0 255 0
P 183 88 0 255 0
P 184 88 0 255 0
P 185 88 0 255 0
P 186 88 0 255 0
P 187 88 0 255 0
P 188 88 0 255 0
P 189 88 0 255 0
P 190 88 0 255 0
P 191 88 0 255 0
P 192 88 0 255 0
P 193 88 0 255 0
P 194 88 0 255 0
P 195 88 0 255 0
P 196 88 0 255 0
P 197 88 0 255 0
P 198 88 0 255 0
P 199 88 0 255 0
P 200 88 0 255 0
P 201 88 0 255 0
P 202 88 0 255 0
P 203 88 0 255 0
P 204 88 0 255 0
P 205 88 0 255 0
P 206 88 0 255 0
P 207 88 0 255 0
P 208 88 0 255 0
P 209 88 0 255 0
P 210 88 0 255 0
P 211 88 0 255 0
P 212 88 0 255 0
P 213 88 0 255 0
P 214 88 0 255 0
P 215 88 0 255 0
P 216 88 0 255 0
P 217 88 0 255 0
P 218 88 0 255 0
P 219 88 0 255 0
P 220 88 0 255 0
P 221 88 0 255 0
P 222 88 0 255 0
P 223 88 0 255 0
P 224 88 0 255 0
P 225 88 0 255 0
P 226 88 0 255 0
P 227 88 0 255 0
P 228 88 0 255 0
P 229 88 0 255 0
P 230 88 0 255 0
P 231 88 0 255 0
P 232 88 0 255 0
P 233 88 0 255 0
P 234 88 0 255 0
P 235 88 0 255 0
P 236 88 0 255 0
P 237 88 0 255 0
P 238 88 0 255 0
P 239 88 0 255 0
P 240 88 0 255 0
P 241 88 0 255 0
P 61 89 255 0 0
P 62 89 255 0 0
P 63 89 255 0 0
P 64 89 255 0 0
P 65 89 255 0 0
P 66 89 255 0 0
P 67 89 255 0 0
P 68 89 255 0 0
P 69 89 255 0 0
P 70 89 255 0 0
P 71 89 255 0 0
P 72 89 0 255 0
P 73 89 0 255 0
P 74 89 0 255 0
P 75 89 0 255 0
P 76 89 0 255 0
P 77 89 0 255 0
P 78 89 0 255 0
P 79 89 0 255 0
P 80 89 0 255 0
P 81 89 0 255 0
P 82 89 0 255 0
P 83 89 0 255 0
P 84 89 0 255 0
P 85 89 0 255 0
P 86 89 0 255 0
P 87 89 0 255 0
P 88 89 0 255 0
P 89 89 0 255 0
P 90 89 0 255 0
P 91 89 0 255 0
P 92 89 0 255 0
P 93 89 0 255 0
P 94 89 0 255 0
P 95 89 0 255 0
P 96 89 0 255 0
P 97 89 0 255 0
P 98 89 0 255 0
P 99 89 0 255 0
P 100 89 0 255 0
P 101 89 0 255 0
P 102 89 0 255 0
P 103 89 0 255 0
P 104 89 0 255 0
P 105 89 0 255 0
P 106 89 0 255 0
P 107 89 0 255 0
P 108 89 0 255 0
P 109 89 0 255 0
P 110 89 0 255 0
P 111 89 0 255 0
P 112 89 0 255 0
P 113 89 0 255 0
P 114 89 0 255 0
P 115 89 0 255 0
P 116 89 0 255 0
P 117 89 0 255 0
P 118 89 0 255 0
P 119 89 0 255 0
P 120 89 0 255 0
P 121 89 0 255 0
P 122 89 0 255 0
P 123 89 0 255 0
P 124 89 0 255 0
P 125 89 0 255 0
P 126 89 0 255 0
P 127 89 0 255 0
P 128 89 0 255 0
P 129 89 0 255 0
P 130 89 0 255 0
P 131 89 0 255 0
P 132 89 0 255 0
P 133 89 0 255 0
P 134 89 0 255 0
P 135 89 0 255 0
P 136 89 0 255 0
P 137 89 0 255 0
P 138 89 0 255 0
P 139 89 0 255 0
P 140 89 0 255 0
P 141 89 0 255 0
P 142 89 0 255 0
P 143 89 0 255 0
P 144 89 0 255 0
P 145 89 0 255 0
P 146 89 0 255 0
P 147 89 0 255 0
P 148 89 0 255 0
P 149 89 0 255 0
P 150 89 0 255 0
P 151 89 0 255 0
P 152 89 0 255 0
P 153 89 0 255 0
P 154 89 0 255 0
P 155 89 0 255 0
P 156 89 0 255 0
P 157 89 0 255 0
P 158 89 0 255 0
P 159 89 0 255 0
P 160 89 0 255 0
P 161 89 0 255 0
P 162 89 0 255 0
P 163 89 0 255 0
P 164 89 0 255 0
P 165 89 0 255 0
P 166 89 0 255 0
P 167 89 0 255 0
P 168 89 0 255 0
P 169 89 0 255 0
P 170 89 0 255 0
P 171 89 0 255 0
P 172 89 0 255 0
P 173 89 0 255 0
P 174 89 0 255 0
P 175 89 0 255 0
P 176 89 0 255 0
P 177 89 0 255 0
P 178 89 0 255 0
P 179 89 0 255 0
P 180 89 0 255 0
P 181 89 0 255 0
P 182 89 0 255 0
P 183 89 0 255 0
P 184 89 0 255 0
P 185 89 0 255 0
P 186 89 0 255 0
P 187 89 0 255 0
P 188 89 0 255 0
P 189 89 0 255 0
P 190 89 0 255 0
P 191 89 0 255 0
P 192 89 0 255 0
P 193 89 0 255 0
P 194 89 0 255 0
P 195 89 0 255 0
P 196 89 0 255 0
P 197 89 0 255 0
P 198 89 0 255 0
P 199 89 0 255 0
P 200 89 0 255 0
P 201 89 0 255 0
P 202 89 0 255 0
P 203 89 0 255 0
P 204 89 0 255 0
P 205 89 0 255 0
P 206 89 0 255 0
P 207 89 0 255 0
P 208 89 0 255 0
P 209 89 0 255 0
P 210 89 0 255 0
P 211 89 0 255 0
P 212 89 0 255 0
P 213 89 0 255 0
P 214 89 0 255 0
P 215 89 0 255 0
P 216 89 0 255 0
P 217 89 0 255 0
P 218 89 0 255 0
P 219 89 0 255 0
P 220 89 0 255 0
P 221 89 0 255 0
P 222 89 0 255 0
P 223 89 0 255 0
P 224 89 0 255 0
P 225 89 0 255 0
P 226 89 0 255 0
P 227 89 0 255 0
P 228 89 0 255 0
P 229 89 0 255 0
P 230 89 0 255 0
P 231 89 0 255 0
P 232 89 0 255 0
P 233 89 0 255 0
P 234 89 0 255 0
P 235 89 0 255 0
P 236 89 0 255 0
P 237 89 0 255 0
P 238 89 0 255 0
P 239 89 0 255 0
P 240 89 0 255 0
P 241 89 0 255 0
P 61 90 255 0 0
P 62 90 255 0 0
P 63 90 255 0 0
P 64 90 255 0 0
P 65 90 255 0 0
P 66 90 255 0 0
P 67 90 255 0 0
P 68 90 255 0 0
P 69 90 255 0 0
P 70 90 255 0 0
P 71 90 0 255 0
P 72 90 0 255 0
P 73 90 0 255 0
P 74 90 0 255 0
P 75 90 0 255 0
P 76 90 0 255 0
P 77 90 0 255 0
P 78 90 0 255 0
P 79 90 0 255 0
P 80 90 0 255 0
P 81 90 0 255 0
P 82 90 0 255 0
P 83 90 0 255 0
P 84 90 0 255 0
P 85 90 0 255 0
P 86 90 0 255 0
P 87 90 0 255 0
P 88 90 0 255 0
P 89 90 0 255 0
P 90 90 0 255 0
P 91 90 0 255 0
P 92 90 0 255 0
P 93 90 0 255 0
P 94 90 0 255 0
P 95 90 0 255 0
P 96 90 0 255 0
P 97 90 0 255 0
P 98 90 0 255 0
P 99 90 0 255 0
P 100 90 0 255 0
P 101 90 0 255 0
P 102 90 0 255 0
P 103 90 0 255 0
P 104 90 0 255 0
P 105 90 0 255 0
P 106 90 0 255 0
P 107 90 0 255 0
P 108 90 0 255 0
P 109 90 0 255 0
P 110 90 0 255 0
P 111 90 0 255 0
P 112 90 0 255 0
P 113 90 0 255 0
P 114 90 0 255 0
P 115 90 0 255 0
P 116 90 0 255 0
P 117 90 0 255 0
P 118 90 0 255 0
P 119 90 0 255 0
P 120 90 0 255 0
P 121 90 0 255 0
P 122 90 0 255 0
P 123 90 0 255 0
P 124 90 0 255 0
P 125 90 0 255 0
P 126 90 0 255 0
P 127 90 0 255 0
P 128 90 0 255 0
P 129 90 0 255 0
P 130 90 0 255 0
P 131 90 0 255 0
P 132 90 0 255 0
P 133 90 0 255 0
P 134 90 0 255 0
P 135 90 0 255 0
P 136 90 0 255 0
P 137 90 0 255 0
P 138 90 0 255 0
P 139 90 0 255 0
P 140 90 0 255 0
P 141 90 0 255 0
P 142 90 0 255 0
P 143 90 0 255 0
P 144 90 0 255 0
P 145 90 0 255 0
P 146 90 0 255 0
P 147 90 0 255 0
P 148 90 0 255 0
P 149 90 0 255 0
P 150 90 0 255 0
P 151 90 0 255 0
P 152 90 0 255 0
P 153 90 0 255 0
P 154 90 0 255 0
P 155 90 0 255 0
P 156 90 0 255 0
P 157 90 0 255 0
P 158 90 0 255 0
P 159 90 0 255 0
P 160 90 0 255 0
P 161 90 0 255 0
P 162 90 0 255 0
P 163 90 0 255 0
P 164 90 0 255 0
P 165 90 0 255 0
P 166 90 0 255 0
P 167 90 0 255 0
P 168 90 0 255 0
P 169 90 0 255 0
P 170 90 0 255 0
P 171 90 0 255 0
P 172 90 0 255 0
P 173 90 0 255 0
P 174 90 0 255 0
P 175 90 0 255 0
P 176 90 0 255 0
P 177 90 0 255 0
P 178 90 0 255 0
P 179 90 0 255 0
P 180 90 0 255 0
P 181 90 0 255 0
P 182 90 0 255 0
P 183 90 0 255 0
P 184 90 0 255 0
P 185 90 0 255 0
P 186 90 0 255 0
P 187 90 0 255 0
P 188 90 0 255 0
P 189 90 0 255 0
P 190 90 0 255 0
P 191 90 0 255 0
P 192 90 0 255 0
P 193 90 0 255 0
P 194 90 0 255 0
P 195 90 0 255 0
P 196 90 0 255 0
P 197 90 0 255 0
P 198 90 0 255 0
P 199 90 0 255 0
P 200 90 0 255 0
P 201 90 0 255 0
P 202 90 0 255 0
P 203 90 0 255 0
P 204 90 0 255 0
P 205 90 0 255 0
P 206 90 0 255 0
P 207 90 0 255 0
P 208 90 0 255 0
P 209 90 0 255 0
P 210 90 0 255 0
P 211 90 0 255 0
P 212 90 0 255 0
P 213 90 0 255 0
P 214 90 0 255 0
P 215 90 0 255 0
P 216 90 0 255 0
P 217 90 0 255 0
P 218 90 0 255 0
P 219 90 0 255 0
P 220 90 0 255 0
P 221 90 0 255 0
P 222 90 0 255 0
P 223 90 0 255 0
P 224 90 0 255 0
P 225 90 0 255 0
P 226 90 0 255 0
P 227 90 0 255 0
P 228 90 0 255 0
P 229 90 0 255 0
P 230 90 0 255 0
P 231 90 0 255 0
P 232 90 0 255 0
P 233 90 0 255 0
P 234 90 0 255 0
P 235 90 0 255 0
P 236 90 0 255 0
P 237 90 0 255 0
P 238 90 0 255 0
P 239 90 0 255 0
P 240 90 0 255 0
P 241 90 0 255 0
P 242 90 0 255 0
P 61 91 255 0 0
P 62 91 255 0 0
P 63 91 255 0 0
P 64 91 255 0 0
P 65 91 255 0 0
P 66 91 255 0 0
P 67 91 255 0 0
P 68 91 255 0 0
P 69 91 255 0 0
P 70 91 255 0 0
P 71 91 255 0 0
P 72 91 0 255 0
P 73 91 0 255 0
P 74 91 0 255 0
P 75 91 0 255 0
P 76 91 0 255 0
P 77 91 0 255 0
P 78 91 0 255 0
P 79 91 0 255 0
P 80 91 0 255 0
P 81 91 0 255 0
P 82 91 0 255 0
P 83 91 0 255 0
P 84 91 0 255 0
P 85 91 0 255 0
P 86 91 0 255 0
P 87 91 0 255 0
P 88 91 0 255 0
P 89 91 0 255 0
P 90 91 0 255 0
P 91 91 0 255 0
P 92 91 0 255 0
P 93 91 0 255 0
P 94 91 0 255 0
P 95 91 0 255 0
P 96 91 0 255 0
P 97 91 0 255 0
P 98 91 0 255 0
P 99 91 0 255 0
P 100 91 0 255 0
P 101 91 0 255 0
P 102 91 0 255 0
P 103 91 0 255 0
P 104 91 0 255 0
P 105 91 0 255 0
P 106 91 0 255 0
P 107 91 0 255 0
P 108 91 0 255 0
P 109 91 0 255 0
P 110 91 0 255 0
P 111 91 0 255 0
P 112 91 0 255 0
P 113 91 0 255 0
P 114 91 0 255 0
P 115 91 0 255 0
P 116 91 0 255 0
P 117 91 0 255 0
P 118 91 0 255 0
P 119 91 0 255 0
P 120 91 0 255 0
P 121 91 0 255 0
P 122 91 0 255 0
P 123 91 0 255 0
P 124 91 0 255 0
P 125 91 0 255 0
P 126 91 0 255 0
P 127 91 0 255 0
P 128 91 0 255 0
P 129 91 0 255 0
P 130 91 0 255 0
P 131 91 0 255 0
P 132 91 0 255 0
P 133 91 0 255 0
P 134 91 0 255 0
P 135 91 0 255 0
P 136 91 0 255 0
P 137 91 0 255 0
P 138 91 0 255 0
P 139 91 0 255 0
P 140 91 0 255 0
P 141 91 0 255 0
P 142 91 0 255 0
P 143 91 0 255 0
P 144 91 0 255 0
P 145 91 0 255 0
P 146 91 0 255 0
P 147 91 0 255 0
P 148 91 0 255 0
P 149 91 0 255 0
P 150 91 0 255 0
P 151 91 0 255 0
P 152 91 0 255 0
P 153 91 0 255 0
P 154 91 0 255 0
P 155 91 0 255 0
P 156 91 0 255 0
P 157 91 0 255 0
P 158 91 0 255 0
P 159 91 0 255 0
P 160 91 0 255 0
P 161 91 0 255 0
P 162 91 0 255 0
P 163 91 0 255 0
P 164 91 0 255 0
P 165 91 0 255 0
P 166 91 0 255 0
P 167 91 0 255 0
P 168 91 0 255 0
P 169 91 0 255 0
P 170 91 0 255 0
P 171 91 0 255 0
P 172 91 0 255 0
P 173 91 0 255 0
P 174 91 0 255 0
P 175 91 0 255 0
P 176 91 0 255 0
P 177 91 0 255 0
P 178 91 0 255 0
P 179 91 0 255 0
P 180 91 0 255 0
P 181 91 0 255 0
P 182 91 0 255 0
P 183 91 0 255 0
P 184 91 0 255 0
P 185 91 0 255 0
P 186 91 0 255 0
P 187 91 0 255 0
P 188 91 0 255 0
P 189 91 0 255 0
P 190 91 0 255 0
P 191 91 0 255 0
P 192 91 0 255 0
P 193 91 0 255 0
P 194 91 0 255 0
P 195 91 0 255 0
P 196 91 0 255 0
P 197 91 0 255 0
P 198 91 0 255 0
P 199 91 0 255 0
P 200 91 0 255 0
P 201 91 0 255 0
P 202 91 0 255 0
P 203 91 0 255 0
P 204 91 0 255 0
P 205 91 0 255 0
P 206 91 0 255 0
P 207 91 0 255 0
P 208 91 0 255 0
P 209 91 0 255 0
P 210 91 0 255 0
P 211 91 0 255 0
P 212 91 0 255 0
P 213 91 0 255 0
P 214 91 0 255 0
P 215 91 0 255 0
P 216 91 0 255 0
P 217 91 0 255 0
P 218 91 0 255 0
P 219 91 0 255 0
P 220 91 0 255 0
P 221 91 0 255 0
P 222 91 0 255 0
P 223 91 0 255 0
P 224 91 0 255 0
P 225 91 0 255 0
P 226 91 0 255 0
P 227 91 0 255 0
P 228 91 0 255 0
P 229 91 0 255 0
P 230 91 0 255 0
P 231 91 0 255 0
P 232 91 0 255 0
P 233 91 0 255 0
P 234 91 0 255 0
P 235 91 0 255 0
P 236 91 0 255 0
P 237 91 0 255 0
P 238 91 0 255 0
P 239 91 0 255 0
P 240 91 0 255 0
P 241 91 0 255 0
P 242 91 0 255 0
P 61 92 255 0 0
P 62 92 255 0 0
P 63 92 255 0 0
P 64 92 255 0 0
P 65 92 255 0 0
P 66 92 255 0 0
P 67 92 255 0 0
P 68 92 255 0 0
P 69 92 255 0 0
P 70 92 255 0 0
P 71 92 255 0 0
P 72 92 255 0 0
P 73 92 255 0 0
P 74 92 0 255 0
P 75 92 0 255 0
P 76 92 0 255 0
P 77 92 0 255 0
P 78 92 0 255 0
P 79 92 0 255 0
P 80 92 0 255 0
P 81 92 0 255 0
P 82 92 0 255 0
P 83 92 0 255 0
P 84 92 0 255 0
P 85 92 0 255 0
P 86 92 0 255 0
P 87 92 0 255 0
P 88 92 0 255 0
P 89 92 0 255 0
P 90 92 0 255 0
P 91 92 0 255 0
P 92 92 0 255 0
P 93 92 0 255 0
P 94 92 0 255 0
P 95 92 0 255 0
P 96 92 0 255 0
P 97 92 0 255 0
P 98 92 0 255 0
P 99 92 0 255 0
P 100 92 0 255 0
P 101 92 0 255 0
P 102 92 0 255 0
P 103 92 0 255 0
P 104 92 0 255 0
P 105 92 0 255 0
P 106 92 0 255 0
P 107 92 0 255 0
P 108 92 0 255 0
P 109 92 0 255 0
P 110 92 0 255 0
P 111 92 0 255 0
P 112 92 0 255 0
P 113 92 0 255 0
P 114 92 0 255 0
P 115 92 0 255 0
P 116 92 0 255 0
P 117 92 0 255 0
P 118 92 0 255 0
P 119 92 0 255 0
P 120 92 0 255 0
P 121 92 0 255 0
P 122 92 0 255 0
P 123 92 0 255 0
P 124 92 0 255 0
P 125 92 0 255 0
P 126 92 0 255 0
P 127 92 0 255 0
P 128 92 0 255 0
P 129 92 0 255 0
P 130 92 0 255 0
P 131 92 0 255 0
P 132 92 0 255 0
P 133 92 0 255 0
P 134 92 0 255 0
P 135 92 0 255 0
P 136 92 0 255 0
P 137 92 0 255 0
P 138 92 0 255 0
P 139 92 0 255 0
P 140 92 0 255 0
P 141 92 0 255 0
P 142 92 0 255 0
P 143 92 0 255 0
P 144 92 0 255 0
P 145 92 0 255 0
P 146 92 0 255 0
P 147 92 0 255 0
P 148 92 0 255 0
P 149 92 0 255 0
P 150 92 0 255 0
P 151 92 0 255 0
P 152 92 0 255 0
P 153 92 0 255 0
P 154 92 0 255 0
P 155 92 0 255 0
P 156 92 0 255 0
P 157 92 0 255 0
P 158 92 0 255 0
P 159 92 0 255 0
P 160 92 0 255 0
P 161 92 0 255 0
P 162 92 0 255 0
P 163 92 0 255 0
P 164 92 0 255 0
P 165 92 0 255 0
P 166 92 0 255 0
P 167 92 0 255 0
P 168 92 0 255 0
P 169 92 0 255 0
P 170 92 0 255 0
P 171 92 0 255 0
P 172 92 0 255 0
P 173 92 0 255 0
P 174 92 0 255 0
P 175 92 0 255 0
P 176 92 0 255 0
P 177 92 0 255 0
P 178 92 0 255 0
P 179 92 0 255 0
P 180 92 0 255 0
P 181 92 0 255 0
P 182 92 0 255 0
P 183 92 0 255 0
P 184 92 0 255 0
P 185 92 0 255 0
P 186 92 0 255 0
P 187 92 0 255 0
P 188 92 0 255 0
P 189 92 0 255 0
P 190 92 0 255 0
P 191 92 0 255 0
P 192 92 0 255 0
P 193 92 0 255 0
P 194 92 0 255 0
P 195 92 0 255 0
P 196 92 0 255 0
P 197 92 0 255 0
P 198 92 0 255 0
P 199 92 0 255 0
P 200 92 0 255 0
P 201 92 0 255 0
P 202 92 0 255 0
P 203 92 0 255 0
P 204 92 0 255 0
P 205 92 0 255 0
P 206 92 0 255 0
P 207 92 0 255 0
P 208 92 0 255 0
P 209 92 0 255 0
P 210 92 0 255 0
P 211 92 0 255 0
P 212 92 0 255 0
P 213 92 0 255 0
P 214 92 0 255 0
P 215 92 0 255 0
P 216 92 0 255 0
P 217 92 0 255 0
P 218 92 0 255 0
P 219 92 0 255 0
P 220 92 0 255 0
P 221 92 0 255 0
P 222 92 0 255 0
P 223 92 0 255 0
P 224 92 0 255 0
P 225 92 0 255 0
P 226 92 0 255 0
P 227 92 0 255 0
P 228 92 0 255 0
P 229 92 0 255 0
P 230 92 0 255 0
P 231 92 0 255 0
P 232 92 0 255 0
P 233 92 0 255 0
P 234 92 0 255 0
P 235 92 0 255 0
P 236 92 0 255 0
P 237 92 0 255 0
P 238 92 0 255 0
P 239 92 0 255 0
P 240 92 0 255 0
P 241 92 0 255 0
P 242 92 0 255 0
P 62 93 255 0 0
P 63 93 255 0 0
P 64 93 255 0 0
P 65 93 255 0 0
P 66 93 255 0 0
P 67 93 255 0 0
P 68 93 255 0 0
P 69 93 255 0 0
P 70 93 255 0 0
P 71 93 255 0 0
P 72 93 255 0 0
P 73 93 255 0 0
P 74 93 255 0 0
P 75 93 0 255 0
P 76 93 0 255 0
P 77 93 0 255 0
P 78 93 0 255 0
P 79 93 0 255 0
P 80 93 0 255 0
P 81 93 0 255 0
P 82 93 0 255 0
P 83 93 0 255 0
P 84 93 0 255 0
P 85 93 0 255 0
P 86 93 0 255 0
P 87 93 0 255 0
P 88 93 0 255 0
P 89 93 0 255 0
P 90 93 0 255 0
P 91 93 0 255 0
P 92 93 0 255 0
P 93 93 0 255 0
P 94 93 0 255 0
P 95 93 0 255 0
P 96 93 0 255 0
P 97 93 0 255 0
P 98 93 0 255 0
P 99 93 0 255 0
P 100 93 0 255 0
P 101 93 0 255 0
P 102 93 0 255 0
P 103 93 0 255 0
P 104 93 0 255 0
P 105 93 0 255 0
P 106 93 0 255 0
P 107 93 0 255 0
P 108 93 0 255 0
P 109 93 0 255 0
P 110 93 0 255 0
P 111 93 0 255 0
P 112 93 0 255 0
P 113 93 0 255 0
P 114 93 0 255 0
P 115 93 0 255 0
P 116 93 0 255 0
P 117 93 0 255 0
P 118 93 0 255 0
P 119 93 0 255 0
P 120 93 0 255 0
P 121 93 0 255 0
P 122 93 0 255 0
P 123 93 0 255 0
P 124 93 0 255 0
P 125 93 0 255 0
P 126 93 0 255 0
P 127 93 0 255 0
P 128 93 0 255 0
P 129 93 0 255 0
P 130 93 0 255 0
P 131 93 0 255 0
P 132 93 0 255 0
P 133 93 0 255 0
P 134 93 0 255 0
P 135 93 0 255 0
P 136 93 0 255 0
P 137 93 0 255 0
P 138 93 0 255 0
P 139 93 0 255 0
P 140 93 0 255 0
P 141 93 0 255 0
P 142 93 0 255 0
P 143 93 0 255 0
P 144 93 0 255 0
P 145 93 0 255 0
P 146 93 0 255 0
P 147 93 0 255 0
P 148 93 0 255 0
P 149 93 0 255 0
P 150 93 0 255 0
P 151 93 0 255 0
P 152 93 0 255 0
P 153 93 0 255 0
P 154 93 0 255 0
P 155 93 0 255 0
P 156 93 0 255 0
P 157 93 0 255 0
P 158 93 0 255 0
P 159 93 0 255 0
P 160 93 0 255 0
P 161 93 0 255 0
P 162 93 0 255 0
P 163 93 0 255 0
P 164 93 0 255 0
P 165 93 0 255 0
P 166 93 0 255 0
P 167 93 0 255 0
P 168 93 0 255 0
P 169 93 0 255 0
P 170 93 0 255 0
P 171 93 0 255 0
P 172 93 0 255 0
P 173 93 0 255 0
P 174 93 0 255 0
P 175 93 0 255 0
P 176 93 0 255 0
P 177 93 0 255 0
P 178 93 0 255 0
P 179 93 0 255 0
P 180 93 0 255 0
P 181 93 0 255 0
P 182 93 0 255 0
P 183 93 0 255 0
P 184 93 0 255 0
P 185 93 0 255 0
P 186 93 0 255 0
P 187 93 0 255 0
P 188 93 0 255 0
P 189 93 0 255 0
P 190 93 0 255 0
P 191 93 0 255 0
P 192 93 0 255 0
P 193 93 0 255 0
P 194 93 0 255 0
P 195 93 0 255 0
P 196 93 0 255 0
P 197 93 0 255 0
P 198 93 0 255 0
P 199 93 0 255 0
P 200 93 0 255 0
P 201 93 0 255 0
P 202 93 0 255 0
P 203 93 0 255 0
P 204 93 0 255 0
P 205 93 0 255 0
P 206 93 0 255 0
P 207 93 0 255 0
P 208 93 0 255 0
P 209 93 0 255 0
P 210 93 0 255 0
P 211 93 0 255 0
P 212 93 0 255 0
P 213 93 0 255 0
P 214 93 0 255 0
P 215 93 0 255 0
P 216 93 0 255 0
P 217 93 0 255 0
P 218 93 0 255 0
P 219 93 0 255 0
P 220 93 0 255 0
P 221 93 0 255 0
P 222 93 0 255 0
P 223 93 0 255 0
P 224 93 0 255 0
P 225 93 0 255 0
P 226 93 0 255 0
P 227 93 0 255 0
P 228 93 0 255 0
P 229 93 0 255 0
P 230 93 0 255 0
P 231 93 0 255 0
P 232 93 0 255 0
P 233 93 0 255 0
P 234 93 0 255 0
P 235 93 0 255 0
P 236 93 0 255 0
P 237 93 0 255 0
P 238 93 0 255 0
P 239 93 0 255 0
P 240 93 0 255 0
P 241 93 0 255 0
P 242 93 0 255 0
P 62 94 255 0 0
P 63 94 255 0 0
P 64 94 255 0 0
P 65 94 255 0 0
P 66 94 255 0 0
P 67 94 255 0 0
P 68 94 255 0 0
P 69 94 255 0 0
P 70 94 255 0 0
P 71 94 255 0 0
P 72 94 255 0 0
P 73 94 255 0 0
P 74 94 255 0 0
P 75 94 255 0 0
P 76 94 255 0 0
P 77 94 0 255 0
P 78 94 0 255 0
P 79 94 0 255 0
P 80 94 0 255 0
P 81 94 0 255 0
P 82 94 0 255 0
P 83 94 0 255 0
P 84 94 0 255 0
P 85 94 0 255 0
P 86 94 0 255 0
P 87 94 0 255 0
P 88 94 0 255 0
P 89 94 0 255 0
P 90 94 0 255 0
P 91 94 0 255 0
P 92 94 0 255 0
P 93 94 0 255 0
P 94 94 0 255 0
P 95 94 0 255 0
P 96 94 0 255 0
P 97 94 0 255 0
P 98 94 0 255 0
P 99 94 0 255 0
P 100 94 0 255 0
P 101 94 0 255 0
P 102 94 0 255 0
P 103 94 0 255 0
P 104 94 0 255 0
P 105 94 0 255 0
P 106 94 0 255 0
P 107 94 0 255 0
P 108 94 0 255 0
P 109 94 0 255 0
P 110 94 0 255 0
P 111 94 0 255 0
P 112 94 0 255 0
P 113 94 0 255 0
P 114 94 0 255 0
P 115 94 0 255 0
P 116 94 0 255 0
P 117 94 0 255 0
P 118 94 0 255 0
P 119 94 0 255 0
P 120 94 0 255 0
P 121 94 0 255 0
P 122 94 0 255 0
P 123 94 0 255 0
P 124 94 0 255 0
P 125 94 0 255 0
P 126 94 0 255 0
P 127 94 0 255 0
P 128 94 0 255 0
P 129 94 0 255 0
P 130 94 0 255 0
P 131 94 0 255 0
P 132 94 0 255 0
P 133 94 0 255 0
P 134 94 0 255 0
P 135 94 0 255 0
P 136 94 0 255 0
P 137 94 0 255 0
P 138 94 0 255 0
P 139 94 0 255 0
P 140 94 0 255 0
P 141 94 0 255 0
P 142 94 0 255 0
P 143 94 0 255 0
P 144 94 0 255 0
P 145 94 0 255 0
P 146 94 0 255 0
P 147 94 0 255 0
P 148 94 0 255 0
P 149 94 0 255 0
P 150 94 0 255 0
P 151 94 0 255 0
P 152 94 0 255 0
P 153 94 0 255 0
P 154 94 0 255 0
P 155 94 0 255 0
P 156 94 0 255 0
P 157 94 0 255 0
P 158 94 0 255 0
P 159 94 0 255 0
P 160 94 0 255 0
P 161 94 0 255 0
P 162 94 0 255 0
P 163 94 0 255 0
P 164 94 0 255 0
P 165 94 0 255 0
P 166 94 0 255 0
P 167 94 0 255 0
P 168 94 0 255 0
P 169 94 0 255 0
P 170 94 0 255 0
P 171 94 0 255 0
P 172 94 0 255 0
P 173 94 0 255 0
P 174 94 0 255 0
P 175 94 0 255 0
P 176 94 0 255 0
P 177 94 0 255 0
P 178 94 0 255 0
P 179 94 0 255 0
P 180 94 0 255 0
P 181 94 0 255 0
P 182 94 0 255 0
P 183 94 0 255 0
P 184 94 0 255 0
P 185 94 0 255 0
P 186 94 0 255 0
P 187 94 0 255 0
P 188 94 0 255 0
P 189 94 0 255 0
P 190 94 0 255 0
P 191 94 0 255 0
P 192 94 0 255 0
P 193 94 0 255 0
P 194 94 0 255 0
P 195 94 0 255 0
P 196 94 0 255 0
P 197 94 0 255 0
P 198 94 0 255 0
P 199 94 0 255 0
P 200 94 0 255 0
P 201 94 0 255 0
P 202 94 0 255 0
P 203 94 0 255 0
P 204 94 0 255 0
P 205 94 0 255 0
P 206 94 0 255 0
P 207 94 0 255 0
P 208 94 0 255 0
P 209 94 0 255 0
P 210 94 0 255 0
P 211 94 0 255 0
P 212 94 0 255 0
P 213 94 0 255 0
P 214 94 0 255 0
P 215 94 0 255 0
P 216 94 0 255 0
P 217 94 0 255 0
P 218 94 0 255 0
P 219 94 0 255 0
P 220 94 0 255 0
P 221 94 0 255 0
P 222 94 0 255 0
P 223 94 0 255 0
P 224 94 0 255 0
P 225 94 0 255 0
P 226 94 0 255 0
P 227 94 0 255 0
P 228 94 0 255 0
P 229 94 0 255 0
P 230 94 0 255 0
P 231 94 0 255 0
P 232 94 0 255 0
P 233 94 0 255 0
P 234 94 0 255 0
P 235 94 0 255 0
P 236 94 0 255 0
P 237 94 0 255 0
P 238 94 0 255 0
P 239 94 0 255 0
P 240 94 0 255 0
P 241 94 0 255 0
P 242 94 0 255 0
P 62 95 255 0 0
P 63 95 255 0 0
P 64 95 255 0 0
P 65 95 255 0 0
P 66 95 255 0 0
P 67 95 255 0 0
P 68 95 255 0 0
P 69 95 255 0 0
P 70 95 255 0 0
P 71 95 255 0 0
P 72 95 255 0 0
P 73 95 255 0 0
P 74 95 255 0 0
P 75 95 255 0 0
P 76 95 255 0 0
P 77 95 255 0 0
P 78 95 0 255 0
P 79 95 0 255 0
P 80 95 0 255 0
P 81 95 0 255 0
P 82 95 0 255 0
P 83 95 0 255 0
P 84 95 0 255 0
P 85 95 0 255 0
P 86 95 0 255 0
P 87 95 0 255 0
P 88 95 0 255 0
P 89 95 0 255 0
P 90 95 0 255 0
P 91 95 0 255 0
P 92 95 0 255 0
P 93 95 0 255 0
P 94 95 0 255 0
P 95 95 0 255 0
P 96 95 0 255 0
P 97 95 0 255 0
P 98 95 0 255 0
P 99 95 0 255 0
P 100 95 0 255 0
P 101 95 0 255 0
P 102 95 0 255 0
P 103 95 0 255 0
P 104 95 0 255 0
P 105 95 0 255 0
P 106 95 0 255 0
P 107 95 0 255 0
P 108 95 0 255 0
P 109 95 0 255 0
P 110 95 0 255 0
P 111 95 0 255 0
P 112 95 0 255 0
P 113 95 0 255 0
P 114 95 0 255 0
P 115 95 0 255 0
P 116 95 0 255 0
P 117 95 0 255 0
P 118 95 0 255 0
P 119 95 0 255 0
P 120 95 0 255 0
P 121 95 0 255 0
P 122 95 0 255 0
P 123 95 0 255 0
P 124 95 0 255 0
P 125 95 0 255 0
P 126 95 0 255 0
P 127 95 0 255 0
P 128 95 0 255 0
P 129 95 0 255 0
P 130 95 0 255 0
P 131 95 0 255 0
P 132 95 0 255 0
P 133 95 0 255 0
P 134 95 0 255 0
P 135 95 0 255 0
P 136 95 0 255 0
P 137 95 0 255 0
P 138 95 0 255 0
P 139 95 0 255 0
P 140 95 0 255 0
P 141 95 0 255 0
P 142 95 0 255 0
P 143 95 0 255 0
P 144 95 0 255 0
P 145 95 0 255 0
P 146 95 0 255 0
P 147 95 0 255 0
P 148 95 0 255 0
P 149 95 0 255 0
P 150 95 0 255 0
P 151 95 0 255 0
P 152 95 0 255 0
P 153 95 0 255 0
P 154 95 0 255 0
P 155 95 0 255 0
P 156 95 0 255 0
P 157 95 0 255 0
P 158 95 0 255 0
P 159 95 0 255 0
P 160 95 0 255 0
P 161 95 0 255 0
P 162 95 0 255 0
P 163 95 0 255 0
P 164 95 0 255 0
P 165 95 0 255 0
P 166 95 0 255 0
P 167 95 0 255 0
P 168 95 0 255 0
P 169 95 0 255 0
P 170 95 0 255 0
P 171 95 0 255 0
P 172 95 0 255 0
P 173 95 0 255 0
P 174 95 0 255 0
P 175 95 0 255 0
P 176 95 0 255 0
P 177 95 0 255 0
P 178 95 0 255 0
P 179 95 0 255 0
P 180 95 0 255 0
P 181 95 0 255 0
P 182 95 0 255 0
P 183 95 0 255 0
P 184 95 0 255 0
P 185 95 0 255 0
P 186 95 0 255 0
P 187 95 0 255 0
P 188 95 0 255 0
P 189 95 0 255 0
P 190 95 0 255 0
P 191 95 0 255 0
P 192 95 0 255 0
P 193 95 0 255 0
P 194 95 0 255 0
P 195 95 0 255 0
P 196 95 0 255 0
P 197 95 0 255 0
P 198 95 0 255 0
P 199 95 0 255 0
P 200 95 0 255 0
P 201 95 0 255 0
P 202 95 0 255 0
P 203 95 0 255 0
P 204 95 0 255 0
P 205 95 0 255 0
P 206 95 0 255 0
P 207 95 0 255 0
P 208 95 0 255 0
P 209 95 0 255 0
P 210 95 0 255 0
P 211 95 0 255 0
P 212 95 0 255 0
P 213 95 0 255 0
P 214 95 0 255 0
P 215 95 0 255 0
P 216 95 0 255 0
P 217 95 0 255 0
P 218 95 0 255 0
P 219 95 0 255 0
P 220 95 0 255 0
P 221 95 0 255 0
P 222 95 0 255 0
P 223 95 0 255 0
P 224 95 0 255 0
P 225 95 0 255 0
P 226 95 0 255 0
P 227 95 0 255 0
P 228 95 0 255 0
P 229 95 0 255 0
P 230 95 0 255 0
P 231 95 0 255 0
P 232 95 0 255 0
P 233 95 0 255 0
P 234 95 0 255 0
P 235 95 0 255 0
P 236 95 0 255 0
P 237 95 0 255 0
P 238 95 0 255 0
P 239 95 0 255 0
P 240 95 0 255 0
P 241 95 0 255 0
P 242 95 0 255 0
P 62 96 255 0 0
P 63 96 255 0 0
P 64 96 255 0 0
P 65 96 255 0 0
P 66 96 255 0 0
P 67 96 255 0 0
P 68 96 255 0 0
P 69 96 255 0 0
P 70 96 255 0 0
P 71 96 255 0 0
P 72 96 255 0 0
P 73 96 255 0 0
P 74 96 255 0 0
P 75 96 255 0 0
P 76 96 255 0 0
P 77 96 255 0 0
P 78 96 255 0 0
P 79 96 255 0 0
P 80 96 0 255 0
P 81 96 0 255 0
P 82 96 0 255 0
P 83 96 0 255 0
P 84 96 0 255 0
P 85 96 0 255 0
P 86 96 0 255 0
P 87 96 0 255 0
P 88 96 0 255 0
P 89 96 0 255 0
P 90 96 0 255 0
P 91 96 0 255 0
P 92 96 0 255 0
P 93 96 0 255 0
P 94 96 0 255 0
P 95 96 0 255 0
P 96 96 0 255 0
P 97 96 0 255 0
P 98 96 0 255 0
P 99 96 0 255 0
P 100 96 0 255 0
P 101 96 0 255 0
P 102 96 0 255 0
P 103 96 0 255 0
P 104 96 0 255 0
P 105 96 0 255 0
P 106 96 0 255 0
P 107 96 0 255 0
P 108 96 0 255 0
P 109 96 0 255 0
P 110 96 0 255 0
P 111 96 0 255 0
P 112 96 0 255 0
P 113 96 0 255 0
P 114 96 0 255 0
P 115 96 0 255 0
P 116 96 0 255 0
P 117 96 0 255 0
P 118 96 0 255 0
P 119 96 0 255 0
P 120 96 0 255 0
P 121 96 0 255 0
P 122 96 0 255 0
P 123 96 0 255 0
P 124 96 0 255 0
P 125 96 0 255 0
P 126 96 0 255 0
P 127 96 0 255 0
P 128 96 0 255 0
P 129 96 0 255 0
P 130 96 0 255 0
P 131 96 0 255 0
P 132 96 0 255 0
P 133 96 0 255 0
P 134 96 0 255 0
P 135 96 0 255 0
P 136 96 0 255 0
P 137 96 0 255 0
P 138 96 0 255 0
P 139 96 0 255 0
P 140 96 0 255 0
P 141 96 0 255 0
P 142 96 0 255 0
P 143 96 0 255 0
P 144 96 0 255 0
P 145 96 0 255 0
P 146 96 0 255 0
P 147 96 0 255 0
P 148 96 0 255 0
P 149 96 0 255 0
P 150 96 0 255 0
P 151 96 0 255 0
P 152 96 0 255 0
P 153 96 0 255 0
P 154 96 0 255 0
P 155 96 0 255 0
P 156 96 0 255 0
P 157 96 0 255 0
P 158 96 0 255 0
P 159 96 0 255 0
P 160 96 0 255 0
P 161 96 0 255 0
P 162 96 0 255 0
P 163 96 0 255 0
P 164 96 0 255 0
P 165 96 0 255 0
P 166 96 0 255 0
P 167 96 0 255 0
P 168 96 0 255 0
P 169 96 0 255 0
P 170 96 0 255 0
P 171 96 0 255 0
P 172 96 0 255 0
P 173 96 0 255 0
P 174 96 0 255 0
P 175 96 0 255 0
P 176 96 0 255 0
P 177 96 0 255 0
P 178 96 0 255 0
P 179 96 0 255 0
P 180 96 0 255 0
P 181 96 0 255 0
P 182 96 0 255 0
P 183 96 0 255 0
P 184 96 0 255 0
P 185 96 0 255 0
P 186 96 0 255 0
P 187 96 0 255 0
P 188 96 0 255 0
P 189 96 0 255 0
P 190 96 0 255 0
P 191 96 0 255 0
P 192 96 0 255 0
P 193 96 0 255 0
P 194 96 0 255 0
P 195 96 0 255 0
P 196 96 0 255 0
P 197 96 0 255 0
P 198 96 0 255 0
P 199 96 0 255 0
P 200 96 0 255 0
P 201 96 0 255 0
P 202 96 0 255 0
P 203 96 0 255 0
P 204 96 0 255 0
P 205 96 0 255 0
P 206 96 0 255 0
P 207 96 0 255 0
P 208 96 0 255 0
P 209 96 0 255 0
P 210 96 0 255 0
P 211 96 0 255 0
P 212 96 0 255 0
P 213 96 0 255 0
P 214 96 0 255 0
P 215 96 0 255 0
P 216 96 0 255 0
P 217 96 0 255 0
P 218 96 0 255 0
P 219 96 0 255 0
P 220 96 0 255 0
P 221 96 0 255 0
P 222 96 0 255 0
P 223 96 0 255 0
P 224 96 0 255 0
P 225 96 0 255 0
P 226 96 0 255 0
P 227 96 0 255 0
P 228 96 0 255 0
P 229 96 0 255 0
P 230 96 0 255 0
P 231 96 0 255 0
P 232 96 0 255 0
P 233 96 0 255 0
P 234 96 0 255 0
P 235 96 0 255 0
P 236 96 0 255 0
P 237 96 0 255 0
P 238 96 0 255 0
P 239 96 0 255 0
P 240 96 0 255 0
P 241 96 0 255 0
P 242 96 0 255 0
P 63 97 255 0 0
P 64 97 255 0 0
P 65 97 255 0 0
P 66 97 255 0 0
P 67 97 255 0 0
P 68 97 255 0 0
P 69 97 255 0 0
P 70 97 255 0 0
P 71 97 255 0 0
P 72 97 255 0 0
P 73 97 255 0 0
P 74 97 255 0 0
P 75 97 255 0 0
P 76 97 255 0 0
P 77 97 255 0 0
P 78 97 255 0 0
P 79 97 255 0 0
P 80 97 255 0 0
P 81 97 0 255 0
P 82 97 0 255 0
P 83 97 0 255 0
P 84 97 0 255 0
P 85 97 0 255 0
P 86 97 0 255 0
P 87 97 0 255 0
P 88 97 0 255 0
P 89 97 0 255 0
P 90 97 0 255 0
P 91 97 0 255 0
P 92 97 0 255 0
P 93 97 0 255 0
P 94 97 0 255 0
P 95 97 0 255 0
P 96 97 0 255 0
P 97 97 0 255 0
P 98 97 0 255 0
P 99 97 0 255 0
P 100 97 0 255 0
P 101 97 0 255 0
P 102 97 0 255 0
P 103 97 0 255 0
P 104 97 0 255 0
P 105 97 0 255 0
P 106 97 0 255 0
P 107 97 0 255 0
P 108 97 0 255 0
P 109 97 0 255 0
P 110 97 0 255 0
P 111 97 0 255 0
P 112 97 0 255 0
P 113 97 0 255 0
P 114 97 0 255 0
P 115 97 0 255 0
P 116 97 0 255 0
P 117 97 0 255 0
P 118 97 0 255 0
P 119 97 0 255 0
P 120 97 0 255 0
P 121 97 0 255 0
P 122 97 0 255 0
P 123 97 0 255 0
P 124 97 0 255 0
P 125 97 0 255 0
P 126 97 0 255 0
P 127 97 0 255 0
P 128 97 0 255 0
P 129 97 0 255 0
P 130 97 0 255 0
P 131 97 0 255 0
P 132 97 0 255 0
P 133 97 0 255 0
P 134 97 0 255 0
P 135 97 0 255 0
P 136 97 0 255 0
P 137 97 0 255 0
P 138 97 0 255 0
P 139 97 0 255 0
P 140 97 0 255 0
P 141 97 0 255 0
P 142 97 0 255 0
P 143 97 0 255 0
P 144 97 0 255 0
P 145 97 0 255 0
P 146 97 0 255 0
P 147 97 0 255 0
P 148 97 0 255 0
P 149 97 0 255 0
P 150 97 0 255 0
P 151 97 0 255 0
P 152 97 0 255 0
P 153 97 0 255 0
P 154 97 0 255 0
P 155 97 0 255 0
P 156 97 0 255 0
P 157 97 0 255 0
P 158 97 0 255 0
P 159 97 0 255 0
P 160 97 0 255 0
P 161 97 0 255 0
P 162 97 0 255 0
P 163 97 0 255 0
P 164 97 0 255 0
P 165 97 0 255 0
P 166 97 0 255 0
P 167 97 0 255 0
P 168 97 0 255 0
P 169 97 0 255 0
P 170 97 0 255 0
P 171 97 0 255 0
P 172 97 0 255 0
P 173 97 0 255 0
P 174 97 0 255 0
P 175 97 0 255 0
P 176 97 0 255 0
P 177 97 0 255 0
P 178 97 0 255 0
P 179 97 0 255 0
P 180 97 0 255 0
P 181 97 0 255 0
P 182 97 0 255 0
P 183 97 0 255 0
P 184 97 0 255 0
P 185 97 0 255 0
P 186 97 0 255 0
P 187 97 0 255 0
P 188 97 0 255 0
P 189 97 0 255 0
P 190 97 0 255 0
P 191 97 0 255 0
P 192 97 0 255 0
P 193 97 0 255 0
P 194 97 0 255 0
P 195 97 0 255 0
P 196 97 0 255 0
P 197 97 0 255 0
P 198 97 0 255 0
P 199 97 0 255 0
P 200 97 0 255 0
P 201 97 0 255 0
P 202 97 0 255 0
P 203 97 0 255 0
P 204 97 0 255 0
P 205 97 0 255 0
P 206 97 0 255 0
P 207 97 0 255 0
P 208 97 0 255 0
P 209 97 0 255 0
P 210 97 0 255 0
P 211 97 0 255 0
P 212 97 0 255 0
P 213 97 0 255 0
P 214 97 0 255 0
P 215 97 0 255 0
P 216 97 0 255 0
P 217 97 0 255 0
P 218 97 0 255 0
P 219 97 0 255 0
P 220 97 0 255 0
P 221 97 0 255 0
P 222 97 0 255 0
P 223 97 0 255 0
P 224 97 0 255 0
P 225 97 0 255 0
P 226 97 0 255 0
P 227 97 0 255 0
P 228 97 0 255 0
P 229 97 0 255 0
P 230 97 0 255 0
P 231 97 0 255 0
P 232 97 0 255 0
P 233 97 0 255 0
P 234 97 0 255 0
P 235 97 0 255 0
P 236 97 0 255 0
P 237 97 0 255 0
P 238 97 0 255 0
P 239 97 0 255 0
P 240 97 0 255 0
P 241 97 0 255 0
P 242 97 0 255 0
P 63 98 255 0 0
P 64 98 255 0 0
P 65 98 255 0 0
P 66 98 255 0 0
P 67 98 255 0 0
P 68 98 255 0 0
P 69 98 255 0 0
P 70 98 255 0 0
P 71 98 255 0 0
P 72 98 255 0 0
P 73 98 255 0 0
P 74 98 255 0 0
P 75 98 255 0 0
P 76 98 255 0 0
P 77 98 255 0 0
P 78 98 255 0 0
P 79 98 255 0 0
P 80 98 255 0 0
P 81 98 255 0 0
P 82 98 255 0 0
P 83 98 0 255 0
P 84 98 0 255 0
P 85 98 0 255 0
P 86 98 0 255 0
P 87 98 0 255 0
P 88 98 0 255 0
P 89 98 0 255 0
P 90 98 0 255 0
P 91 98 0 255 0
P 92 98 0 255 0
P 93 98 0 255 0
P 94 98 0 255 0
P 95 98 0 255 0
P 96 98 0 255 0
P 97 98 0 255 0
P 98 98 0 255 0
P 99 98 0 255 0
P 100 98 0 255 0
P 101 98 0 255 0
P 102 98 0 255 0
P 103 98 0 255 0
P 104 98 0 255 0
P 105 98 0 255 0
P 106 98 0 255 0
P 107 98 0 255 0
P 108 98 0 255 0
P 109 98 0 255 0
P 110 98 0 255 0
P 111 98 0 255 0
P 112 98 0 255 0
P 113 98 0 255 0
P 114 98 0 255 0
P 115 98 0 255 0
P 116 98 0 255 0
P 117 98 0 255 0
P 118 98 0 255 0
P 119 98 0 255 0
P 120 98 0 255 0
P 121 98 0 255 0
P 122 98 0 255 0
P 123 98 0 255 0
P 124 98 0 255 0
P 125 98 0 255 0
P 126 98 0 255 0
P 127 98 0 255 0
P 128 98 0 255 0
P 129 98 0 255 0
P 130 98 0 255 0
P 131 98 0 255 0
P 132 98 0 255 0
P 133 98 0 255 0
P 134 98 0 255 0
P 135 98 0 255 0
P 136 98 0 255 0
P 137 98 0 255 0
P 138 98 0 255 0
P 139 98 0 255 0
P 140 98 0 255 0
P 141 98 0 255 0
P 142 98 0 255 0
P 143 98 0 255 0
P 144 98 0 255 0
P 145 98 0 255 0
P 146 98 0 255 0
P 147 98 0 255 0
P 148 98 0 255 0
P 149 98 0 255 0
P 150 98 0 255 0
P 151 98 0 255 0
P 152 98 0 255 0
P 153 98 0 255 0
P 154 98 0 255 0
P 155 98 0 255 0
P 156 98 0 255 0
P 157 98 0 255 0
P 158 98 0 255 0
P 159 98 0 255 0
P 160 98 0 255 0
P 161 98 0 255 0
P 162 98 0 255 0
P 163 98 0 255 0
P 164 98 0 255 0
P 165 98 0 255 0
P 166 98 0 255 0
P 167 98 0 255 0
P 168 98 0 255 0
P 169 98 0 255 0
P 170 98 0 255 0
P 171 98 0 255 0
P 172 98 0 255 0
P 173 98 0 255 0
P 174 98 0 255 0
P 175 98 0 255 0
P 176 98 0 255 0
P 177 98 0 255 0
P 178 98 0 255 0
P 179 98 0 255 0
P 180 98 0 255 0
P 181 98 0 255 0
P 182 98 0 255 0
P 183 98 0 255 0
P 184 98 0 255 0
P 185 98 0 255 0
P 186 98 0 255 0
P 187 98 0 255 0
P 188 98 0 255 0
P 189 98 0 255 0
P 190 98 0 255 0
P 191 98 0 255 0
P 192 98 0 255 0
P 193 98 0 255 0
P 194 98 0 255 0
P 195 98 0 255 0
P 196 98 0 255 0
P 197 98 0 255 0
P 198 98 0 255 0
P 199 98 0 255 0
P 200 98 0 255 0
P 201 98 0 255 0
P 202 98 0 255 0
P 203 98 0 255 0
P 204 98 0 255 0
P 205 98 0 255 0
P 206 98 0 255 0
P 207 98 0 255 0
P 208 98 0 255 0
P 209 98 0 255 0
P 210 98 0 255 0
P 211 98 0 255 0
P 212 98 0 255 0
P 213 98 0 255 0
P 214 98 0 255 0
P 215 98 0 255 0
P 216 98 0 255 0
P 217 98 0 255 0
P 218 98 0 255 0
P 219 98 0 255 0
P 220 98 0 255 0
P 221 98 0 255 0
P 222 98 0 255 0
P 223 98 0 255 0
P 224 98 0 255 0
P 225 98 0 255 0
P 226 98 0 255 0
P 227 98 0 255 0
P 228 98 0 255 0
P 229 98 0 255 0
P 230 98 0 255 0
P 231 98 0 255 0
P 232 98 0 255 0
P 233 98 0 255 0
P 234 98 0 255 0
P 235 98 0 255 0
P 236 98 0 255 0
P 237 98 0 255 0
P 238 98 0 255 0
P 239 98 0 255 0
P 240 98 0 255 0
P 241 98 0 255 0
P 242 98 0 255 0
P 63 99 255 0 0
P 64 99 255 0 0
P 65 99 255 0 0
P 66 99 255 0 0
P 67 99 255 0 0
P 68 99 255 0 0
P 69 99 255 0 0
P 70 99 255 0 0
P 71 99 255 0 0
P 72 99 255 0 0
P 73 99 255 0 0
P 74 99 255 0 0
P 75 99 255 0 0
P 76 99 255 0 0
P 77 99 255 0 0
P 78 99 255 0 0
P 79 99 255 0 0
P 80 99 255 0 0
P 81 99 255 0 0
P 82 99 255 0 0
P 83 99 255 0 0
P 84 99 0 255 0
P 85 99 0 255 0
P 86 99 0 255 0
P 87 99 0 255 0
P 88 99 0 255 0
P 89 99 0 255 0
P 90 99 0 255 0
P 91 99 0 255 0
P 92 99 0 255 0
P 93 99 0 255 0
P 94 99 0 255 0
P 95 99 0 255 0
P 96 99 0 255 0
P 97 99 0 255 0
P 98 99 0 255 0
P 99 99 0 255 0
P 100 99 0 255 0
P 101 99 0 255 0
P 102 99 0 255 0
P 103 99 0 255 0
P 104 99 0 255 0
P 105 99 0 255 0
P 106 99 0 255 0
P 107 99 0 255 0
P 108 99 0 255 0
P 109 99 0 255 0
P 110 99 0 255 0
P 111 99 0 255 0
P 112 99 0 255 0
P 113 99 0 255 0
P 114 99 0 255 0
P 115 99 0 255 0
P 116 99 0 255 0
P 117 99 0 255 0
P 118 99 0 255 0
P 119 99 0 255 0
P 120 99 0 255 0
P 121 99 0 255 0
P 122 99 0 255 0
P 123 99 0 255 0
P 124 99 0 255 0
P 125 99 0 255 0
P 126 99 0 255 0
P 127 99 0 255 0
P 128 99 0 255 0
P 129 99 0 255 0
P 130 99 0 255 0
P 131 99 0 255 0
P 132 99 0 255 0
P 133 99 0 255 0
P 134 99 0 255 0
P 135 99 0 255 0
P 136 99 0 255 0
P 137 99 0 255 0
P 138 99 0 255 0
P 139 99 0 255 0
P 140 99 0 255 0
P 141 99 0 255 0
P 142 99 0 255 0
P 143 99 0 255 0
P 144 99 0 255 0
P 145 99 0 255 0
P 146 99 0 255 0
P 147 99 0 255 0
P 148 99 0 255 0
P 149 99 0 255 0
P 150 99 0 255 0
P 151 99 0 255 0
P 152 99 0 255 0
P 153 99 0 255 0
P 154 99 0 255 0
P 155 99 0 255 0
P 156 99 0 255 0
P 157 99 0 255 0
P 158 99 0 255 0
P 159 99 0 255 0
P 160 99 0 255 0
P 161 99 0 255 0
P 162 99 0 255 0
P 163 99 0 255 0
P 164 99 0 255 0
P 165 99 0 255 0
P 166 99 0 255 0
P 167 99 0 255 0
P 168 99 0 255 0
P 169 99 0 255 0
P 170 99 0 255 0
P 171 99 0 255 0
P 172 99 0 255 0
P 173 99 0 255 0
P 174 99 0 255 0
P 175 99 0 255 0
P 176 99 0 255 0
P 177 99 0 255 0
P 178 99 0 255 0
P 179 99 0 255 0
P 180 99 0 255 0
P 181 99 0 255 0
P 182 99 0 255 0
P 183 99 0 255 0
P 184 99 0 255 0
P 185 99 0 255 0
P 186 99 0 255 0
P 187 99 0 255 0
P 188 99 0 255 0
P 189 99 0 255 0
P 190 99 0 255 0
P 191 99 0 255 0
P 192 99 0 255 0
P 193 99 0 255 0
P 194 99 0 255 0
P 195 99 0 255 0
P 196 99 0 255 0
P 197 99 0 255 0
P 198 99 0 255 0
P 199 99 0 255 0
P 200 99 0 255 0
P 201 99 0 255 0
P 202 99 0 255 0
P 203 99 0 255 0
P 204 99 0 255 0
P 205 99 0 255 0
P 206 99 0 255 0
P 207 99 0 255 0
P 208 99 0 255 0
P 209 99 0 255 0
P 210 99 0 255 0
P 211 99 0 255 0
P 212 99 0 255 0
P 213 99 0 255 0
P 214 99 0 255 0
P 215 99 0 255 0
P 216 99 0 255 0
P 217 99 0 255 0
P 218 99 0 255 0
P 219 99 0 255 0
P 220 99 0 255 0
P 221 99 0 255 0
P 222 99 0 255 0
P 223 99 0 255 0
P 224 99 0 255 0
P 225 99 0 255 0
P 226 99 0 255 0
P 227 99 0 255 0
P 228 99 0 255 0
P 229 99 0 255 0
P 230 99 0 255 0
P 231 99 0 255 0
P 232 99 0 255 0
P 233 99 0 255 0
P 234 99 0 255 0
P 235 99 0 255 0
P 236 99 0 255 0
P 237 99 0 255 0
P 238 99 0 255 0
P 239 99 0 255 0
P 240 99 0 255 0
P 241 99 0 255 0
P 242 99 0 255 0
P 63 100 255 0 0
P 64 100 255 0 0
P 65 100 255 0 0
P 66 100 255 0 0
P 67 100 255 0 0
P 68 100 255 0 0
P 69 100 255 0 0
P 70 100 255 0 0
P 71 100 255 0 0
P 72 100 255 0 0
P 73 100 255 0 0
P 74 100 255 0 0
P 75 100 255 0 0
P 76 100 255 0 0
P 77 100 255 0 0
P 78 100 255 0 0
P 79 100 255 0 0
P 80 100 255 0 0
P 81 100 255 0 0
P 82 100 255 0 0
P 83 100 255 0 0
P 84 100 255 0 0
P 85 100 255 0 0
P 86 100 0 255 0
P 87 100 0 255 0
P 88 100 0 255 0
P 89 100 0 255 0
P 90 100 0 255 0
P 91 100 0 255 0
P 92 100 0 255 0
P 93 100 0 255 0
P 94 100 0 255 0
P 95 100 0 255 0
P 96 100 0 255 0
P 97 100 0 255 0
P 98 100 0 255 0
P 99 100 0 255 0
P 100 100 0 255 0
P 101 100 0 255 0
P 102 100 0 255 0
P 103 100 0 255 0
P 104 100 0 255 0
P 105 100 0 255 0
P 106 100 0 255 0
P 107 100 0 255 0
P 108 100 0 255 0
P 109 100 0 255 0
P 110 100 0 255 0
P 111 100 0 255 0
P 112 100 0 255 0
P 113 100 0 255 0
P 114 100 0 255 0
P 115 100 0 255 0
P 116 100 0 255 0
P 117 100 0 255 0
P 118 100 0 255 0
P 119 100 0 255 0
P 120 100 0 255 0
P 121 100 0 255 0
P 122 100 0 255 0
P 123 100 0 255 0
P 124 100 0 255 0
P 125 100 0 255 0
P 126 100 0 255 0
P 127 100 0 255 0
P 128 100 0 255 0
P 129 100 0 255 0
P 130 100 0 255 0
P 131 100 0 255 0
P 132 100 0 255 0
P 133 100 0 255 0
P 134 100 0 255 0
P 135 100 0 255 0
P 136 100 0 255 0
P 137 100 0 255 0
P 138 100 0 255 0
P 139 100 0 255 0
P 140 100 0 255 0
P 141 100 0 255 0
P 142 100 0 255 0
P 143 100 0 255 0
P 144 100 0 255 0
P 145 100 0 255 0
P 146 100 0 255 0
P 147 100 0 255 0
P 148 100 0 255 0
P 149 100 0 255 0
P 150 100 0 255 0
P 151 100 0 255 0
P 152 100 0 255 0
P 153 100 0 255 0
P 154 100 0 255 0
P 155 100 0 255 0
P 156 100 0 255 0
P 157 100 0 255 0
P 158 100 0 255 0
P 159 100 0 255 0
P 160 100 0 255 0
P 161 100 0 255 0
P 162 100 0 255 0
P 163 100 0 255 0
P 164 100 0 255 0
P 165 100 0 255 0
P 166 100 0 255 0
P 167 100 0 255 0
P 168 100 0 255 0
P 169 100 0 255 0
P 170 100 0 255 0
P 171 100 0 255 0
P 172 100 0 255 0
P 173 100 0 255 0
P 174 100 0 255 0
P 175 100 0 255 0
P 176 100 0 255 0
P 177 100 0 255 0
P 178 100 0 255 0
P 179 100 0 255 0
P 180 100 0 255 0
P 181 100 0 255 0
P 182 100 0 255 0
P 183 100 0 255 0
P 184 100 0 255 0
P 185 100 0 255 0
P 186 100 0 255 0
P 187 100 0 255 0
P 188 100 0 255 0
P 189 100 0 255 0
P 190 100 0 255 0
P 191 100 0 255 0
P 192 100 0 255 0
P 193 100 0 255 0
P 194 100 0 255 0
P 195 100 0 255 0
P 196 100 0 255 0
P 197 100 0 255 0
P 198 100 0 255 0
P 199 100 0 255 0
P 200 100 0 255 0
P 201 100 0 255 0
P 202 100 0 255 0
P 203 100 0 255 0
P 204 100 0 255 0
P 205 100 0 255 0
P 206 100 0 255 0
P 207 100 0 255 0
P 208 100 0 255 0
P 209 100 0 255 0
P 210 100 0 255 0
P 211 100 0 255 0
P 212 100 0 255 0
P 213 100 0 255 0
P 214 100 0 255 0
P 215 100 0 255 0
P 216 100 0 255 0
P 217 100 0 255 0
P 218 100 0 255 0
P 219 100 0 255 0
P 220 100 0 255 0
P 221 100 0 255 0
P 222 100 0 255 0
P 223 100 0 255 0
P 224 100 0 255 0
P 225 100 0 255 0
P 226 100 0 255 0
P 227 100 0 255 0
P 228 100 0 255 0
P 229 100 0 255 0
P 230 100 0 255 0
P 231 100 0 255 0
P 232 100 0 255 0
P 233 100 0 255 0
P 234 100 0 255 0
P 235 100 0 255 0
P 236 100 0 255 0
P 237 100 0 255 0
P 238 100 0 255 0
P 239 100 0 255 0
P 240 100 0 255 0
P 241 100 0 255 0
P 242 100 0 255 0
P 64 101 255 0 0
P 65 101 255 0 0
P 66 101 255 0 0
P 67 101 255 0 0
P 68 101 255 0 0
P 69 101 255 0 0
P 70 101 255 0 0
P 71 101 255 0 0
P 72 101 255 0 0
P 73 101 255 0 0
P 74 101 255 0 0
P 75 101 255 0 0
P 76 101 255 0 0
P 77 101 255 0 0
P 78 101 255 0 0
P 79 101 255 0 0
P 80 101 255 0 0
P 81 101 255 0 0
P 82 101 255 0 0
P 83 101 255 0 0
P 84 101 255 0 0
P 85 101 255 0 0
P 86 101 255 0 0
P 87 101 0 255 0
P 88 101 0 255 0
P 89 101 0 255 0
P 90 101 0 255 0
P 91 101 0 255 0
P 92 101 0 255 0
P 93 101 0 255 0
P 94 101 0 255 0
P 95 101 0 255 0
P 96 101 0 255 0
P 97 101 0 255 0
P 98 101 0 255 0
P 99 101 0 255 0
P 100 101 0 255 0
P 101 101 0 255 0
P 102 101 0 255 0
P 103 101 0 255 0
P 104 101 0 255 0
P 105 101 0 255 0
P 106 101 0 255 0
P 107 101 0 255 0
P 108 101 0 255 0
P 109 101 0 255 0
P 110 101 0 255 0
P 111 101 0 255 0
P 112 101 0 255 0
P 113 101 0 255 0
P 114 101 0 255 0
P 115 101 0 255 0
P 116 101 0 255 0
P 117 101 0 255 0
P 118 101 0 255 0
P 119 101 0 255 0
P 120 101 0 255 0
P 121 101 0 255 0
P 122 101 0 255 0
P 123 101 0 255 0
P 124 101 0 255 0
P 125 101 0 255 0
P 126 101 0 255 0
P 127 101 0 255 0
P 128 101 0 255 0
P 129 101 0 255 0
P 130 101 0 255 0
P 131 101 0 255 0
P 132 101 0 255 0
P 133 101 0 255 0
P 134 101 0 255 0
P 135 101 0 255 0
P 136 101 0 255 0
P 137 101 0 255 0
P 138 101 0 255 0
P 139 101 0 255 0
P 140 101 0 255 0
P 141 101 0 255 0
P 142 101 0 255 0
P 143 101 0 255 0
P 144 101 0 255 0
P 145 101 0 255 0
P 146 101 0 255 0
P 147 101 0 255 0
P 148 101 0 255 0
P 149 101 0 255 0
P 150 101 0 255 0
P 151 101 0 255 0
P 152 101 0 255 0
P 153 101 0 255 0
P 154 101 0 255 0
P 155 101 0 255 0
P 156 101 0 255 0
P 157 101 0 255 0
P 158 101 0 255 0
P 159 101 0 255 0
P 160 101 0 255 0
P 161 101 0 255 0
P 162 101 0 255 0
P 163 101 0 255 0
P 164 101 0 255 0
P 165 101 0 255 0
P 166 101 0 255 0
P 167 101 0 255 0
P 168 101 0 255 0
P 169 101 0 255 0
P 170 101 0 255 0
P 171 101 0 255 0
P 172 101 0 255 0
P 173 101 0 255 0
P 174 101 0 255 0
P 175 101 0 255 0
P 176 101 0 255 0
P 177 101 0 255 0
P 178 101 0 255 0
P 179 101 0 255 0
P 180 101 0 255 0
P 181 101 0 255 0
P 182 101 0 255 0
P 183 101 0 255 0
P 184 101 0 255 0
P 185 101 0 255 0
P 186 101 0 255 0
P 187 101 0 255 0
P 188 101 0 255 0
P 189 101 0 255 0
P 190 101 0 255 0
P 191 101 0 255 0
P 192 101 0 255 0
P 193 101 0 255 0
P 194 101 0 255 0
P 195 101 0 255 0
P 196 101 0 255 0
P 197 101 0 255 0
P 198 101 0 255 0
P 199 101 0 255 0
P 200 101 0 255 0
P 201 101 0 255 0
P 202 101 0 255 0
P 203 101 0 255 0
P 204 101 0 255 0
P 205 101 0 255 0
P 206 101 0 255 0
P 207 101 0 255 0
P 208 101 0 255 0
P 209 101 0 255 0
P 210 101 0 255 0
P 211 101 0 255 0
P 212 101 0 255 0
P 213 101 0 255 0
P 214 101 0 255 0
P 215 101 0 255 0
P 216 101 0 255 0
P 217 101 0 255 0
P 218 101 0 255 0
P 219 101 0 255 0
P 220 101 0 255 0
P 221 101 0 255 0
P 222 101 0 255 0
P 223 101 0 255 0
P 224 101 0 255 0
P 225 101 0 255 0
P 226 101 0 255 0
P 227 101 0 255 0
P 228 101 0 255 0
P 229 101 0 255 0
P 230 101 0 255 0
P 231 101 0 255 0
P 232 101 0 255 0
P 233 101 0 255 0
P 234 101 0 255 0
P 235 101 0 255 0
P 236 101 0 255 0
P 237 101 0 255 0
P 238 101 0 255 0
P 239 101 0 255 0
P 240 101 0 255 0
P 241 101 0 255 0
P 242 101 0 255 0
P 64 102 255 0 0
P 65 102 255 0 0
P 66 102 255 0 0
P 67 102 255 0 0
P 68 102 255 0 0
P 69 102 255 0 0
P 70 102 255 0 0
P 71 102 255 0 0
P 72 102 255 0 0
P 73 102 255 0 0
P 74 102 255 0 0
P 75 102 255 0 0
P 76 102 255 0 0
P 77 102 255 0 0
P 78 102 255 0 0
P 79 102 255 0 0
P 80 102 255 0 0
P 81 102 255 0 0
P 82 102 255 0 0
P 83 102 255 0 0
P 84 102 255 0 0
P 85 102 255 0 0
P 86 102 255 0 0
P 87 102 255 0 0
P 88 102 255 0 0
P 89 102 0 255 0
P 90 102 0 255 0
P 91 102 0 255 0
P 92 102 0 255 0
P 93 102 0 255 0
P 94 102 0 255 0
P 95 102 0 255 0
P 96 102 0 255 0
P 97 102 0 255 0
P 98 102 0 255 0
P 99 102 0 255 0
P 100 102 0 255 0
P 101 102 0 255 0
P 102 102 0 255 0
P 103 102 0 255 0
P 104 102 0 255 0
P 105 102 0 255 0
P 106 102 0 255 0
P 107 102 0 255 0
P 108 102 0 255 0
P 109 102 0 255 0
P 110 102 0 255 0
P 111 102 0 255 0
P 112 102 0 255 0
P 113 102 0 255 0
P 114 102 0 255 0
P 115 102 0 255 0
P 116 102 0 255 0
P 117 102 0 255 0
P 118 102 0 255 0
P 119 102 0 255 0
P 120 102 0 255 0
P 121 102 0 255 0
P 122 102 0 255 0
P 123 102 0 255 0
P 124 102 0 255 0
P 125 102 0 255 0
P 126 102 0 255 0
P 127 102 0 255 0
P 128 102 0 255 0
P 129 102 0 255 0
P 130 102 0 255 0
P 131 102 0 255 0
P 132 102 0 255 0
P 133 102 0 255 0
P 134 102 0 255 0
P 135 102 0 255 0
P 136 102 0 255 0
P 137 102 0 255 0
P 138 102 0 255 0
P 139 102 0 255 0
P 140 102 0 255 0
P 141 102 0 255 0
P 142 102 0 255 0
P 143 102 0 255 0
P 144 102 0 255 0
P 145 102 0 255 0
P 146 102 0 255 0
P 147 102 0 255 0
P 148 102 0 255 0
P 149 102 0 255 0
P 150 102 0 255 0
P 151 102 0 255 0
P 152 102 0 255 0
P 153 102 0 255 0
P 154 102 0 255 0
P 155 102 0 255 0
P 156 102 0 255 0
P 157 102 0 255 0
P 158 102 0 255 0
P 159 102 0 255 0
P 160 102 0 255 0
P 161 102 0 255 0
P 162 102 0 255 0
P 163 102 0 255 0
P 164 102 0 255 0
P 165 102 0 255 0
P 166 102 0 255 0
P 167 102 0 255 0
P 168 102 0 255 0
P 169 102 0 255 0
P 170 102 0 255 0
P 171 102 0 255 0
P 172 102 0 255 0
P 173 102 0 255 0
P 174 102 0 255 0
P 175 102 0 255 0
P 176 102 0 255 0
P 177 102 0 255 0
P 178 102 0 255 0
P 179 102 0 255 0
P 180 102 0 255 0
P 181 102 0 255 0
P 182 102 0 255 0
P 183 102 0 255 0
P 184 102 0 255 0
P 185 102 0 255 0
P 186 102 0 255 0
P 187 102 0 255 0
P 188 102 0 255 0
P 189 102 0 255 0
P 190 102 0 255 0
P 191 102 0 255 0
P 192 102 0 255 0
P 193 102 0 255 0
P 194 102 0 255 0
P 195 102 0 255 0
P 196 102 0 255 0
P 197 102 0 255 0
P 198 102 0 255 0
P 199 102 0 255 0
P 200 102 0 255 0
P 201 102 0 255 0
P 202 102 0 255 0
P 203 102 0 255 0
P 204 102 0 255 0
P 205 102 0 255 0
P 206 102 0 255 0
P 207 102 0 255 0
P 208 102 0 255 0
P 209 102 0 255 0
P 210 102 0 255 0
P 211 102 0 255 0
P 212 102 0 255 0
P 213 102 0 255 0
P 214 102 0 255 0
P 215 102 0 255 0
P 216 102 0 255 0
P 217 102 0 255 0
P 218 102 0 255 0
P 219 102 0 255 0
P 220 102 0 255 0
P 221 102 0 255 0
P 222 102 0 255 0
P 223 102 0 255 0
P 224 102 0 255 0
P 225 102 0 255 0
P 226 102 0 255 0
P 227 102 0 255 0
P 228 102 0 255 0
P 229 102 0 255 0
P 230 102 0 255 0
P 231 102 0 255 0
P 232 102 0 255 0
P 233 102 0 255 0
P 234 102 0 255 0
P 235 102 0 255 0
P 236 102 0 255 0
P 237 102 0 255 0
P 238 102 0 255 0
P 239 102 0 255 0
P 240 102 0 255 0
P 241 102 0 255 0
P 242 102 0 255 0
P 64 103 255 0 0
P 65 103 255 0 0
P 66 103 255 0 0
P 67 103 255 0 0
P 68 103 255 0 0
P 69 103 255 0 0
P 70 103 255 0 0
P 71 103 255 0 0
P 72 103 255 0 0
P 73 103 255 0 0
P 74 103 255 0 0
P 75 103 255 0 0
P 76 103 255 0 0
P 77 103 255 0 0
P 78 103 255 0 0
P 79 103 255 0 0
P 80 103 255 0 0
P 81 103 255 0 0
P 82 103 255 0 0
P 83 103 255 0 0
P 84 103 255 0 0
P 85 103 255 0 0
P 86 103 255 0 0
P 87 103 255 0 0
P 88 103 255 0 0
P 89 103 255 0 0
P 90 103 0 255 0
P 91 103 0 255 0
P 92 103 0 255 0
P 93 103 0 255 0
P 94 103 0 255 0
P 95 103 0 255 0
P 96 103 0 255 0
P 97 103 0 255 0
P 98 103 0 255 0
P 99 103 0 255 0
P 100 103 0 255 0
P 101 103 0 255 0
P 102 103 0 255 0
P 103 103 0 255 0
P 104 103 0 255 0
P 105 103 0 255 0
P 106 103 0 255 0
P 107 103 0 255 0
P 108 103 0 255 0
P 109 103 0 255 0
P 110 103 0 255 0
P 111 103 0 255 0
P 112 103 0 255 0
P 113 103 0 255 0
P 114 103 0 255 0
P 115 103 0 255 0
P 116 103 0 255 0
P 117 103 0 255 0
P 118 103 0 255 0
P 119 103 0 255 0
P 120 103 0 255 0
P 121 103 0 255 0
P 122 103 0 255 0
P 123 103 0 255 0
P 124 103 0 255 0
P 125 103 0 255 0
P 126 103 0 255 0
P 127 103 0 255 0
P 128 103 0 255 0
P 129 103 0 255 0
P 130 103 0 255 0
P 131 103 0 255 0
P 132 103 0 255 0
P 133 103 0 255 0
P 134 103 0 255 0
P 135 103 0 255 0
P 136 103 0 255 0
P 137 103 0 255 0
P 138 103 0 255 0
P 139 103 0 255 0
P 140 103 0 255 0
P 141 103 0 255 0
P 142 103 0 255 0
P 143 103 0 255 0
P 144 103 0 255 0
P 145 103 0 255 0
P 146 103 0 255 0
P 147 103 0 255 0
P 148 103 0 255 0
P 149 103 0 255 0
P 150 103 0 255 0
P 151 103 0 255 0
P 152 103 0 255 0
P 153 103 0 255 0
P 154 103 0 255 0
P 155 103 0 255 0
P 156 103 0 255 0
P 157 103 0 255 0
P 158 103 0 255 0
P 159 103 0 255 0
P 160 103 0 255 0
P 161 103 0 255 0
P 162 103 0 255 0
P 163 103 0 255 0
P 164 103 0 255 0
P 165 103 0 255 0
P 166 103 0 255 0
P 167 103 0 255 0
P 168 103 0 255 0
P 169 103 0 255 0
P 170 103 0 255 0
P 171 103 0 255 0
P 172 103 0 255 0
P 173 103 0 255 0
P 174 103 0 255 0
P 175 103 0 255 0
P 176 103 0 255 0
P 177 103 0 255 0
P 178 103 0 255 0
P 179 103 0 255 0
P 180 103 0 255 0
P 181 103 0 255 0
P 182 103 0 255 0
P 183 103 0 255 0
P 184 103 0 255 0
P 185 103 0 255 0
P 186 103 0 255 0
P 187 103 0 255 0
P 188 103 0 255 0
P 189 103 0 255 0
P 190 103 0 255 0
P 191 103 0 255 0
P 192 103 0 255 0
P 193 103 0 255 0
P 194 103 0 255 0
P 195 103 0 255 0
P 196 103 0 255 0
P 197 103 0 255 0
P 198 103 0 255 0
P 199 103 0 255 0
P 200 103 0 255 0
P 201 103 0 255 0
P 202 103 0 255 0
P 203 103 0 255 0
P 204 103 0 255 0
P 205 103 0 255 0
P 206 103 0 255 0
P 207 103 0 255 0
P 208 103 0 255 0
P 209 103 0 255 0
P 210 103 0 255 0
P 211 103 0 255 0
P 212 103 0 255 0
P 213 103 0 255 0
P 214 103 0 255 0
P 215 103 0 255 0
P 216 103 0 255 0
P 217 103 0 255 0
P 218 103 0 255 0
P 219 103 0 255 0
P 220 103 0 255 0
P 221 103 0 255 0
P 222 103 0 255 0
P 223 103 0 255 0
P 224 103 0 255 0
P 225 103 0 255 0
P 226 103 0 255 0
P 227 103 0 255 0
P 228 103 0 255 0
P 229 103 0 255 0
P 230 103 0 255 0
P 231 103 0 255 0
P 232 103 0 255 0
P 233 103 0 255 0
P 234 103 0 255 0
P 235 103 0 255 0
P 236 103 0 255 0
P 237 103 0 255 0
P 238 103 0 255 0
P 239 103 0 255 0
P 240 103 0 255 0
P 241 103 0 255 0
P 242 103 0 255 0
P 65 104 255 0 0
P 66 104 255 0 0
P 67 104 255 0 0
P 68 104 255 0 0
P 69 104 255 0 0
P 70 104 255 0 0
P 71 104 255 0 0
P 72 104 255 0 0
P 73 104 255 0 0
P 74 104 255 0 0
P 75 104 255 0 0
P 76 104 255 0 0
P 77 104 255 0 0
P 78 104 255 0 0
P 79 104 255 0 0
P 80 104 255 0 0
P 81 104 255 0 0
P 82 104 255 0 0
P 83 104 255 0 0
P 84 104 255 0 0
P 85 104 255 0 0
P 86 104 255 0 0
P 87 104 255 0 0
P 88 104 255 0 0
P 89 104 255 0 0
P 90 104 255 0 0
P 91 104 255 0 0
P 92 104 0 255 0
P 93 104 0 255 0
P 94 104 0 255 0
P 95 104 0 255 0
P 96 104 0 255 0
P 97 104 0 255 0
P 98 104 0 255 0
P 99 104 0 255 0
P 100 104 0 255 0
P 101 104 0 255 0
P 102 104 0 255 0
P 103 104 0 255 0
P 104 104 0 255 0
P 105 104 0 255 0
P 106 104 0 255 0
P 107 104 0 255 0
P 108 104 0 255 0
P 109 104 0 255 0
P 110 104 0 255 0
P 111 104 0 255 0
P 112 104 0 255 0
P 113 104 0 255 0
P 114 104 0 255 0
P 115 104 0 255 0
P 116 104 0 255 0
P 117 104 0 255 0
P 118 104 0 255 0
P 119 104 0 255 0
P 120 104 0 255 0
P 121 104 0 255 0
P 122 104 0 255 0
P 123 104 0 255 0
P 124 104 0 255 0
P 125 104 0 255 0
P 126 104 0 255 0
P 127 104 0 255 0
P 128 104 0 255 0
P 129 104 0 255 0
P 130 104 0 255 0
P 131 104 0 255 0
P 132 104 0 255 0
P 133 104 0 255 0
P 134 104 0 255 0
P 135 104 0 255 0
P 136 104 0 255 0
P 137 104 0 255 0
P 138 104 0 255 0
P 139 104 0 255 0
P 140 104 0 255 0
P 141 104 0 255 0
P 142 104 0 255 0
P 143 104 0 255 0
P 144 104 0 255 0
P 145 104 0 255 0
P 146 104 0 255 0
P 147 104 0 255 0
P 148 104 0 255 0
P 149 104 0 255 0
P 150 104 0 255 0
P 151 104 0 255 0
P 152 104 0 255 0
P 153 104 0 255 0
P 154 104 0 255 0
P 155 104 0 255 0
P 156 104 0 255 0
P 157 104 0 255 0
P 158 104 0 255 0
P 159 104 0 255 0
P 160 104 0 255 0
P 161 104 0 255 0
P 162 104 0 255 0
P 163 104 0 255 0
P 164 104 0 255 0
P 165 104 0 255 0
P 166 104 0 255 0
P 167 104 0 255 0
P 168 104 0 255 0
P 169 104 0 255 0
P 170 104 0 255 0
P 171 104 0 255 0
P 172 104 0 255 0
P 173 104 0 255 0
P 174 104 0 255 0
P 175 104 0 255 0
P 176 104 0 255 0
P 177 104 0 255 0
P 178 104 0 255 0
P 179 104 0 255 0
P 180 104 0 255 0
P 181 104 0 255 0
P 182 104 0 255 0
P 183 104 0 255 0
P 184 104 0 255 0
P 185 104 0 255 0
P 186 104 0 255 0
P 187 104 0 255 0
P 188 104 0 255 0
P 189 104 0 255 0
P 190 104 0 255 0
P 191 104 0 255 0
P 192 104 0 255 0
P 193 104 0 255 0
P 194 104 0 255 0
P 195 104 0 255 0
P 196 104 0 255 0
P 197 104 0 255 0
P 198 104 0 255 0
P 199 104 0 255 0
P 200 104 0 255 0
P 201 104 0 255 0
P 202 104 0 255 0
P 203 104 0 255 0
P 204 104 0 255 0
P 205 104 0 255 0
P 206 104 0 255 0
P 207 104 0 255 0
P 208 104 0 255 0
P 209 104 0 255 0
P 210 104 0 255 0
P 211 104 0 255 0
P 212 104 0 255 0
P 213 104 0 255 0
P 214 104 0 255 0
P 215 104 0 255 0
P 216 104 0 255 0
P 217 104 0 255 0
P 218 104 0 255 0
P 219 104 0 255 0
P 220 104 0 255 0
P 221 104 0 255 0
P 222 104 0 255 0
P 223 104 0 255 0
P 224 104 0 255 0
P 225 104 0 255 0
P 226 104 0 255 0
P 227 104 0 255 0
P 228 104 0 255 0
P 229 104 0 255 0
P 230 104 0 255 0
P 231 104 0 255 0
P 232 104 0 255 0
P 233 104 0 255 0
P 234 104 0 255 0
P 235 104 0 255 0
P 236 104 0 255 0
P 237 104 0 255 0
P 238 104 0 255 0
P 239 104 0 255 0
P 240 104 0 255 0
P 241 104 0 255 0
P 242 104 0 255 0
P 65 105 255 0 0
P 66 105 255 0 0
P 67 105 255 0 0
P 68 105 255 0 0
P 69 105 255 0 0
P 70 105 255 0 0
P 71 105 255 0 0
P 72 105 255 0 0
P 73 105 255 0 0
P 74 105 255 0 0
P 75 105 255 0 0
P 76 105 255 0 0
P 77 105 255 0 0
P 78 105 255 0 0
P 79 105 255 0 0
P 80 105 255 0 0
P 81 105 255 0 0
P 82 105 255 0 0
P 83 105 255 0 0
P 84 105 255 0 0
P 85 105 255 0 0
P 86 105 255 0 0
P 87 105 255 0 0
P 88 105 255 0 0
P 89 105 255 0 0
P 90 105 255 0 0
P 91 105 255 0 0
P 92 105 255 0 0
P 93 105 0 255 0
P 94 105 0 255 0
P 95 105 0 255 0
P 96 105 0 255 0
P 97 105 0 255 0
P 98 105 0 255 0
P 99 105 0 255 0
P 100 105 0 255 0
P 101 105 0 255 0
P 102 105 0 255 0
P 103 105 0 255 0
P 104 105 0 255 0
P 105 105 0 255 0
P 106 105 0 255 0
P 107 105 0 255 0
P 108 105 0 255 0
P 109 105 0 255 0
P 110 105 0 255 0
P 111 105 0 255 0
P 112 105 0 255 0
P 113 105 0 255 0
P 114 105 0 255 0
P 115 105 0 255 0
P 116 105 0 255 0
P 117 105 0 255 0
P 118 105 0 255 0
P 119 105 0 255 0
P 120 105 0 255 0
P 121 105 0 255 0
P 122 105 0 255 0
P 123 105 0 255 0
P 124 105 0 255 0
P 125 105 0 255 0
P 126 105 0 255 0
P 127 105 0 255 0
P 128 105 0 255 0
P 129 105 0 255 0
P 130 105 0 255 0
P 131 105 0 255 0
P 132 105 0 255 0
P 133 105 0 255 0
P 134 105 0 255 0
P 135 105 0 255 0
P 136 105 0 255 0
P 137 105 0 255 0
P 138 105 0 255 0
P 139 105 0 255 0
P 140 105 0 255 0
P 141 105 0 255 0
P 142 105 0 255 0
P 143 105 0 255 0
P 144 105 0 255 0
P 145 105 0 255 0
P 146 105 0 255 0
P 147 105 0 255 0
P 148 105 0 255 0
P 149 105 0 255 0
P 150 105 0 255 0
P 151 105 0 255 0
P 152 105 0 255 0
P 153 105 0 255 0
P 154 105 0 255 0
P 155 105 0 255 0
P 156 105 0 255 0
P 157 105 0 255 0
P 158 105 0 255 0
P 159 105 0 255 0
P 160 105 0 255 0
P 161 105 0 255 0
P 162 105 0 255 0
P 163 105 0 255 0
P 164 105 0 255 0
P 165 105 0 255 0
P 166 105 0 255 0
P 167 105 0 255 0
P 168 105 0 255 0
P 169 105 0 255 0
P 170 105 0 255 0
P 171 105 0 255 0
P 172 105 0 255 0
P 173 105 0 255 0
P 174 105 0 255 0
P 175 105 0 255 0
P 176 105 0 255 0
P 177 105 0 255 0
P 178 105 0 255 0
P 179 105 0 255 0
P 180 105 0 255 0
P 181 105 0 255 0
P 182 105 0 255 0
P 183 105 0 255 0
P 184 105 0 255 0
P 185 105 0 255 0
P 186 105 0 255 0
P 187 105 0 255 0
P 188 105 0 255 0
P 189 105 0 255 0
P 190 105 0 255 0
P 191 105 0 255 0
P 192 105 0 255 0
P 193 105 0 255 0
P 194 105 0 255 0
P 195 105 0 255 0
P 196 105 0 255 0
P 197 105 0 255 0
P 198 105 0 255 0
P 199 105 0 255 0
P 200 105 0 255 0
P 201 105 0 255 0
P 202 105 0 255 0
P 203 105 0 255 0
P 204 105 0 255 0
P 205 105 0 255 0
P 206 105 0 255 0
P 207 105 0 255 0
P 208 105 0 255 0
P 209 105 0 255 0
P 210 105 0 255 0
P 211 105 0 255 0
P 212 105 0 255 0
P 213 105 0 255 0
P 214 105 0 255 0
P 215 105 0 255 0
P 216 105 0 255 0
P 217 105 0 255 0
P 218 105 0 255 0
P 219 105 0 255 0
P 220 105 0 255 0
P 221 105 0 255 0
P 222 105 0 255 0
P 223 105 0 255 0
P 224 105 0 255 0
P 225 105 0 255 0
P 226 105 0 255 0
P 227 105 0 255 0
P 228 105 0 255 0
P 229 105 0 255 0
P 230 105 0 255 0
P 231 105 0 255 0
P 232 105 0 255 0
P 233 105 0 255 0
P 234 105 0 255 0
P 235 105 0 255 0
P 236 105 0 255 0
P 237 105 0 255 0
P 238 105 0 255 0
P 239 105 0 255 0
P 240 105 0 255 0
P 241 105 0 255 0
P 242 105 0 255 0
P 65 106 255 0 0
P 66 106 255 0 0
P 67 106 255 0 0
P 68 106 255 0 0
P 69 106 255 0 0
P 70 106 255 0 0
P 71 106 255 0 0
P 72 106 255 0 0
P 73 106 255 0 0
P 74 106 255 0 0
P 75 106 255 0 0
P 76 106 255 0 0
P 77 106 255 0 0
P 78 106 255 0 0
P 79 106 255 0 0
P 80 106 255 0 0
P 81 106 255 0 0
P 82 106 255 0 0
P 83 106 255 0 0
P 84 106 255 0 0
P 85 106 255 0 0
P 86 106 255 0 0
P 87 106 255 0 0
P 88 106 255 0 0
P 89 106 255 0 0
P 90 106 255 0 0
P 91 106 255 0 0
P 92 106 255 0 0
P 93 106 255 0 0
P 94 106 255 0 0
P 95 106 0 255 0
P 96 106 0 255 0
P 97 106 0 255 0
P 98 106 0 255 0
P 99 106 0 255 0
P 100 106 0 255 0
P 101 106 0 255 0
P 102 106 0 255 0
P 103 106 0 255 0
P 104 106 0 255 0
P 105 106 0 255 0
P 106 106 0 255 0
P 107 106 0 255 0
P 108 106 0 255 0
P 109 106 0 255 0
P 110 106 0 255 0
P 111 106 0 255 0
P 112 106 0 255 0
P 113 106 0 255 0
P 114 106 0 255 0
P 115 106 0 255 0
P 116 106 0 255 0
P 117 106 0 255 0
P 118 106 0 255 0
P 119 106 0 255 0
P 120 106 0 255 0
P 121 106 0 255 0
P 122 106 0 255 0
P 123 106 0 255 0
P 124 106 0 255 0
P 125 106 0 255 0
P 126 106 0 255 0
P 127 106 0 255 0
P 128 106 0 255 0
P 129 106 0 255 0
P 130 106 0 255 0
P 131 106 0 255 0
P 132 106 0 255 0
P 133 106 0 255 0
P 134 106 0 255 0
P 135 106 0 255 0
P 136 106 0 255 0
P 137 106 0 255 0
P 138 106 0 255 0
P 139 106 0 255 0
P 140 106 0 255 0
P 141 106 0 255 0
P 142 106 0 255 0
P 143 106 0 255 0
P 144 106 0 255 0
P 145 106 0 255 0
P 146 106 0 255 0
P 147 106 0 255 0
P 148 106 0 255 0
P 149 106 0 255 0
P 150 106 0 255 0
P 151 106 0 255 0
P 152 106 0 255 0
P 153 106 0 255 0
P 154 106 0 255 0
P 155 106 0 255 0
P 156 106 0 255 0
P 157 106 0 255 0
P 158 106 0 255 0
P 159 106 0 255 0
P 160 106 0 255 0
P 161 106 0 255 0
P 162 106 0 255 0
P 163 106 0 255 0
P 164 106 0 255 0
P 165 106 0 255 0
P 166 106 0 255 0
P 167 106 0 255 0
P 168 106 0 255 0
P 169 106 0 255 0
P 170 106 0 255 0
P 171 106 0 255 0
P 172 106 0 255 0
P 173 106 0 255 0
P 174 106 0 255 0
P 175 106 0 255 0
P 176 106 0 255 0
P 177 106 0 255 0
P 178 106 0 255 0
P 179 106 0 255 0
P 180 106 0 255 0
P 181 106 0 255 0
P 182 106 0 255 0
P 183 106 0 255 0
P 184 106 0 255 0
P 185 106 0 255 0
P 186 106 0 255 0
P 187 106 0 255 0
P 188 106 0 255 0
P 189 106 0 255 0
P 190 106 0 255 0
P 191 106 0 255 0
P 192 106 0 255 0
P 193 106 0 255 0
P 194 106 0 255 0
P 195 106 0 255 0
P 196 106 0 255 0
P 197 106 0 255 0
P 198 106 0 255 0
P 199 106 0 255 0
P 200 106 0 255 0
P 201 106 0 255 0
P 202 106 0 255 0
P 203 106 0 255 0
P 204 106 0 255 0
P 205 106 0 255 0
P 206 106 0 255 0
P 207 106 0 255 0
P 208 106 0 255 0
P 209 106 0 255 0
P 210 106 0 255 0
P 211 106 0 255 0
P 212 106 0 255 0
P 213 106 0 255 0
P 214 106 0 255 0
P 215 106 0 255 0
P 216 106 0 255 0
P 217 106 0 255 0
P 218 106 0 255 0
P 219 106 0 255 0
P 220 106 0 255 0
P 221 106 0 255 0
P 222 106 0 255 0
P 223 106 0 255 0
P 224 106 0 255 0
P 225 106 0 255 0
P 226 106 0 255 0
P 227 106 0 255 0
P 228 106 0 255 0
P 229 106 0 255 0
P 230 106 0 255 0
P 231 106 0 255 0
P 232 106 0 255 0
P 233 106 0 255 0
P 234 106 0 255 0
P 235 106 0 255 0
P 236 106 0 255 0
P 237 106 0 255 0
P 238 106 0 255 0
P 239 106 0 255 0
P 240 106 0 255 0
P 241 106 0 255 0
P 242 106 0 255 0
P 243 106 0 255 0
P 65 107 255 0 0
P 66 107 255 0 0
P 67 107 255 0 0
P 68 107 255 0 0
P 69 107 255 0 0
P 70 107 255 0 0
P 71 107 255 0 0
P 72 107 255 0 0
P 73 107 255 0 0
P 74 107 255 0 0
P 75 107 255 0 0
P 76 107 255 0 0
P 77 107 255 0 0
P 78 107 255 0 0
P 79 107 255 0 0
P 80 107 255 0 0
P 81 107 255 0 0
P 82 107 255 0 0
P 83 107 255 0 0
P 84 107 255 0 0
P 85 107 255 0 0
P 86 107 255 0 0
P 87 107 255 0 0
P 88 107 255 0 0
P 89 107 255 0 0
P 90 107 255 0 0
P 91 107 255 0 0
P 92 107 255 0 0
P 93 107 255 0 0
P 94 107 255 0 0
P 95 107 255 0 0
P 96 107 0 255 0
P 97 107 0 255 0
P 98 107 0 255 0
P 99 107 0 255 0
P 100 107 0 255 0
P 101 107 0 255 0
P 102 107 0 255 0
P 103 107 0 255 0
P 104 107 0 255 0
P 105 107 0 255 0
P 106 107 0 255 0
P 107 107 0 255 0
P 108 107 0 255 0
P 109 107 0 255 0
P 110 107 0 255 0
P 111 107 0 255 0
P 112 107 0 255 0
P 113 107 0 255 0
P 114 107 0 255 0
P 115 107 0 255 0
P 116 107 0 255 0
P 117 107 0 255 0
P 118 107 0 255 0
P 119 107 0 255 0
P 120 107 0 255 0
P 121 107 0 255 0
P 122 107 0 255 0
P 123 107 0 255 0
P 124 107 0 255 0
P 125 107 0 255 0
P 126 107 0 255 0
P 127 107 0 255 0
P 128 107 0 255 0
P 129 107 0 255 0
P 130 107 0 255 0
P 131 107 0 255 0
P 132 107 0 255 0
P 133 107 0 255 0
P 134 107 0 255 0
P 135 107 0 255 0
P 136 107 0 255 0
P 137 107 0 255 0
P 138 107 0 255 0
P 139 107 0 255 0
P 140 107 0 255 0
P 141 107 0 255 0
P 142 107 0 255 0
P 143 107 0 255 0
P 144 107 0 255 0
P 145 107 0 255 0
P 146 107 0 255 0
P 147 107 0 255 0
P 148 107 0 255 0
P 149 107 0 255 0
P 150 107 0 255 0
P 151 107 0 255 0
P 152 107 0 255 0
P 153 107 0 255 0
P 154 107 0 255 0
P 155 107 0 255 0
P 156 107 0 255 0
P 157 107 0 255 0
P 158 107 0 255 0
P 159 107 0 255 0
P 160 107 0 255 0
P 161 107 0 255 0
P 162 107 0 255 0
P 163 107 0 255 0
P 164 107 0 255 0
P 165 107 0 255 0
P 166 107 0 255 0
P 167 107 0 255 0
P 168 107 0 255 0
P 169 107 0 255 0
P 170 107 0 255 0
P 171 107 0 255 0
P 172 107 0 255 0
P 173 107 0 255 0
P 174 107 0 255 0
P 175 107 0 255 0
P 176 107 0 255 0
P 177 107 0 255 0
P 178 107 0 255 0
P 179 107 0 255 0
P 180 107 0 255 0
P 181 107 0 255 0
P 182 107 0 255 0
P 183 107 0 255 0
P 184 107 0 255 0
P 185 107 0 255 0
P 186 107 0 255 0
P 187 107 0 255 0
P 188 107 0 255 0
P 189 107 0 255 0
P 190 107 0 255 0
P 191 107 0 255 0
P 192 107 0 255 0
P 193 107 0 255 0
P 194 107 0 255 0
P 195 107 0 255 0
P 196 107 0 255 0
P 197 107 0 255 0
P 198 107 0 255 0
P 199 107 0 255 0
P 200 107 0 255 0
P 201 107 0 255 0
P 202 107 0 255 0
P 203 107 0 255 0
P 204 107 0 255 0
P 205 107 0 255 0
P 206 107 0 255 0
P 207 107 0 255 0
P 208 107 0 255 0
P 209 107 0 255 0
P 210 107 0 255 0
P 211 107 0 255 0
P 212 107 0 255 0
P 213 107 0 255 0
P 214 107 0 255 0
P 215 107 0 255 0
P 216 107 0 255 0
P 217 107 0 255 0
P 218 107 0 255 0
P 219 107 0 255 0
P 220 107 0 255 0
P 221 107 0 255 0
P 222 107 0 255 0
P 223 107 0 255 0
P 224 107 0 255 0
P 225 107 0 255 0
P 226 107 0 255 0
P 227 107 0 255 0
P 228 107 0 255 0
P 229 107 0 255 0
P 230 107 0 255 0
P 231 107 0 255 0
P 232 107 0 255 0
P 233 107 0 255 0
P 234 107 0 255 0
P 235 107 0 255 0
P 236 107 0 255 0
P 237 107 0 255 0
P 238 107 0 255 0
P 239 107 0 255 0
P 240 107 0 255 0
P 241 107 0 255 0
P 242 107 0 255 0
P 243 107 0 255 0
P 66 108 255 0 0
P 67 108 255 0 0
P 68 108 255 0 0
P 69 108 255 0 0
P 70 108 255 0 0
P 71 108 255 0 0
P 72 108 255 0 0
P 73 108 255 0 0
P 74 108 255 0 0
P 75 108 255 0 0
P 76 108 255 0 0
P 77 108 255 0 0
P 78 108 255 0 0
P 79 108 255 0 0
P 80 108 255 0 0
P 81 108 255 0 0
P 82 108 255 0 0
P 83 108 255 0 0
P 84 108 255 0 0
P 85 108 255 0 0
P 86 108 255 0 0
P 87 108 255 0 0
P 88 108 255 0 0
P 89 108 255 0 0
P 90 108 255 0 0
P 91 108 255 0 0
P 92 108 255 0 0
P 93 108 255 0 0
P 94 108 255 0 0
P 95 108 255 0 0
P 96 108 255 0 0
P 97 108 255 0 0
P 98 108 0 255 0
P 99 108 0 255 0
P 100 108 0 255 0
P 101 108 0 255 0
P 102 108 0 255 0
P 103 108 0 255 0
P 104 108 0 255 0
P 105 108 0 255 0
P 106 108 0 255 0
P 107 108 0 255 0
P 108 108 0 255 0
P 109 108 0 255 0
P 110 108 0 255 0
P 111 108 0 255 0
P 112 108 0 255 0
P 113 108 0 255 0
P 114 108 0 255 0
P 115 108 0 255 0
P 116 108 0 255 0
P 117 108 0 255 0
P 118 108 0 255 0
P 119 108 0 255 0
P 120 108 0 255 0
P 121 108 0 255 0
P 122 108 0 255 0
P 123 108 0 255 0
P 124 108 0 255 0
P 125 108 0 255 0
P 126 108 0 255 0
P 127 108 0 255 0
P 128 108 0 255 0
P 129 108 0 255 0
P 130 108 0 255 0
P 131 108 0 255 0
P 132 108 0 255 0
P 133 108 0 255 0
P 134 108 0 255 0
P 135 108 0 255 0
P 136 108 0 255 0
P 137 108 0 255 0
P 138 108 0 255 0
P 139 108 0 255 0
P 140 108 0 255 0
P 141 108 0 255 0
P 142 108 0 255 0
P 143 108 0 255 0
P 144 108 0 255 0
P 145 108 0 255 0
P 146 108 0 255 0
P 147 108 0 255 0
P 148 108 0 255 0
P 149 108 0 255 0
P 150 108 0 255 0
P 151 108 0 255 0
P 152 108 0 255 0
P 153 108 0 255 0
P 154 108 0 255 0
P 155 108 0 255 0
P 156 108 0 255 0
P 157 108 0 255 0
P 158 108 0 255 0
P 159 108 0 255 0
P 160 108 0 255 0
P 161 108 0 255 0
P 162 108 0 255 0
P 163 108 0 255 0
P 164 108 0 255 0
P 165 108 0 255 0
P 166 108 0 255 0
P 167 108 0 255 0
P 168 108 0 255 0
P 169 108 0 255 0
P 170 108 0 255 0
P 171 108 0 255 0
P 172 108 0 255 0
P 173 108 0 255 0
P 174 108 0 255 0
P 175 108 0 255 0
P 176 108 0 255 0
P 177 108 0 255 0
P 178 108 0 255 0
P 179 108 0 255 0
P 180 108 0 255 0
P 181 108 0 255 0
P 182 108 0 255 0
P 183 108 0 255 0
P 184 108 0 255 0
P 185 108 0 255 0
P 186 108 0 255 0
P 187 108 0 255 0
P 188 108 0 255 0
P 189 108 0 255 0
P 190 108 0 255 0
P 191 108 0 255 0
P 192 108 0 255 0
P 193 108 0 255 0
P 194 108 0 255 0
P 195 108 0 255 0
P 196 108 0 255 0
P 197 108 0 255 0
P 198 108 0 255 0
P 199 108 0 255 0
P 200 108 0 255 0
P 201 108 0 255 0
P 202 108 0 255 0
P 203 108 0 255 0
P 204 108 0 255 0
P 205 108 0 255 0
P 206 108 0 255 0
P 207 108 0 255 0
P 208 108 0 255 0
P 209 108 0 255 0
P 210 108 0 255 0
P 211 108 0 255 0
P 212 108 0 255 0
P 213 108 0 255 0
P 214 108 0 255 0
P 215 108 0 255 0
P 216 108 0 255 0
P 217 108 0 255 0
P 218 108 0 255 0
P 219 108 0 255 0
P 220 108 0 255 0
P 221 108 0 255 0
P 222 108 0 255 0
P 223 108 0 255 0
P 224 108 0 255 0
P 225 108 0 255 0
P 226 108 0 255 0
P 227 108 0 255 0
P 228 108 0 255 0
P 229 108 0 255 0
P 230 108 0 255 0
P 231 108 0 255 0
P 232 108 0 255 0
P 233 108 0 255 0
P 234 108 0 255 0
P 235 108 0 255 0
P 236 108 0 255 0
P 237 108 0 255 0
P 238 108 0 255 0
P 239 108 0 255 0
P 240 108 0 255 0
P 241 108 0 255 0
P 242 108 0 255 0
P 243 108 0 255 0
P 66 109 255 0 0
P 67 109 255 0 0
P 68 109 255 0 0
P 69 109 255 0 0
P 70 109 255 0 0
P 71 109 255 0 0
P 72 109 255 0 0
P 73 109 255 0 0
P 74 109 255 0 0
P 75 109 255 0 0
P 76 109 255 0 0
P 77 109 255 0 0
P 78 109 255 0 0
P 79 109 255 0 0
P 80 109 255 0 0
P 81 109 255 0 0
P 82 109 255 0 0
P 83 109 255 0 0
P 84 109 255 0 0
P 85 109 255 0 0
P 86 109 255 0 0
P 87 109 255 0 0
P 88 109 255 0 0
P 89 109 255 0 0
P 90 109 255 0 0
P 91 109 255 0 0
P 92 109 255 0 0
P 93 109 255 0 0
P 94 109 255 0 0
P 95 109 255 0 0
P 96 109 255 0 0
P 97 109 255 0 0
P 98 109 255 0 0
P 99 109 0 255 0
P 100 109 0 255 0
P 101 109 0 255 0
P 102 109 0 255 0
P 103 109 0 255 0
P 104 109 0 255 0
P 105 109 0 255 0
P 106 109 0 255 0
P 107 109 0 255 0
P 108 109 0 255 0
P 109 109 0 255 0
P 110 109 0 255 0
P 111 109 0 255 0
P 112 109 0 255 0
P 113 109 0 255 0
P 114 109 0 255 0
P 115 109 0 255 0
P 116 109 0 255 0
P 117 109 0 255 0
P 118 109 0 255 0
P 119 109 0 255 0
P 120 109 0 255 0
P 121 109 0 255 0
P 122 109 0 255 0
P 123 109 0 255 0
P 124 109 0 255 0
P 125 109 0 255 0
P 126 109 0 255 0
P 127 109 0 255 0
P 128 109 0 255 0
P 129 109 0 255 0
P 130 109 0 255 0
P 131 109 0 255 0
P 132 109 0 255 0
P 133 109 0 255 0
P 134 109 0 255 0
P 135 109 0 255 0
P 136 109 0 255 0
P 137 109 0 255 0
P 138 109 0 255 0
P 139 109 0 255 0
P 140 109 0 255 0
P 141 109 0 255 0
P 142 109 0 255 0
P 143 109 0 255 0
P 144 109 0 255 0
P 145 109 0 255 0
P 146 109 0 255 0
P 147 109 0 255 0
P 148 109 0 255 0
P 149 109 0 255 0
P 150 109 0 255 0
P 151 109 0 255 0
P 152 109 0 255 0
P 153 109 0 255 0
P 154 109 0 255 0
P 155 109 0 255 0
P 156 109 0 255 0
P 157 109 0 255 0
P 158 109 0 255 0
P 159 109 0 255 0
P 160 109 0 255 0
P 161 109 0 255 0
P 162 109 0 255 0
P 163 109 0 255 0
P 164 109 0 255 0
P 165 109 0 255 0
P 166 109 0 255 0
P 167 109 0 255 0
P 168 109 0 255 0
P 169 109 0 255 0
P 170 109 0 255 0
P 171 109 0 255 0
P 172 109 0 255 0
P 173 109 0 255 0
P 174 109 0 255 0
P 175 109 0 255 0
P 176 109 0 255 0
P 177 109 0 255 0
P 178 109 0 255 0
P 179 109 0 255 0
P 180 109 0 255 0
P 181 109 0 255 0
P 182 109 0 255 0
P 183 109 0 255 0
P 184 109 0 255 0
P 185 109 0 255 0
P 186 109 0 255 0
P 187 109 0 255 0
P 188 109 0 255 0
P 189 109 0 255 0
P 190 109 0 255 0
P 191 109 0 255 0
P 192 109 0 255 0
P 193 109 0 255 0
P 194 109 0 255 0
P 195 109 0 255 0
P 196 109 0 255 0
P 197 109 0 255 0
P 198 109 0 255 0
P 199 109 0 255 0
P 200 109 0 255 0
P 201 109 0 255 0
P 202 109 0 255 0
P 203 109 0 255 0
P 204 109 0 255 0
P 205 109 0 255 0
P 206 109 0 255 0
P 207 109 0 255 0
P 208 109 0 255 0
P 209 109 0 255 0
P 210 109 0 255 0
P 211 109 0 255 0
P 212 109 0 255 0
P 213 109 0 255 0
P 214 109 0 255 0
P 215 109 0 255 0
P 216 109 0 255 0
P 217 109 0 255 0
P 218 109 0 255 0
P 219 109 0 255 0
P 220 109 0 255 0
P 221 109 0 255 0
P 222 109 0 255 0
P 223 109 0 255 0
P 224 109 0 255 0
P 225 109 0 255 0
P 226 109 0 255 0
P 227 109 0 255 0
P 228 109 0 255 0
P 229 109 0 255 0
P 230 109 0 255 0
P 231 109 0 255 0
P 232 109 0 255 0
P 233 109 0 255 0
P 234 109 0 255 0
P 235 109 0 255 0
P 236 109 0 255 0
P 237 109 0 255 0
P 238 109 0 255 0
P 239 109 0 255 0
P 240 109 0 255 0
P 241 109 0 255 0
P 242 109 0 255 0
P 243 109 0 255 0
P 66 110 255 0 0
P 67 110 255 0 0
P 68 110 255 0 0
P 69 110 255 0 0
P 70 110 255 0 0
P 71 110 255 0 0
P 72 110 255 0 0
P 73 110 255 0 0
P 74 110 255 0 0
P 75 110 255 0 0
P 76 110 255 0 0
P 77 110 255 0 0
P 78 110 255 0 0
P 79 110 255 0 0
P 80 110 255 0 0
P 81 110 255 0 0
P 82 110 255 0 0
P 83 110 255 0 0
P 84 110 255 0 0
P 85 110 255 0 0
P 86 110 255 0 0
P 87 110 255 0 0
P 88 110 255 0 0
P 89 110 255 0 0
P 90 110 255 0 0
P 91 110 255 0 0
P 92 110 255 0 0
P 93 110 255 0 0
P 94 110 255 0 0
P 95 110 255 0 0
P 96 110 255 0 0
P 97 110 255 0 0
P 98 110 255 0 0
P 99 110 255 0 0
P 100 110 255 0 0
P 101 110 0 255 0
P 102 110 0 255 0
P 103 110 0 255 0
P 104 110 0 255 0
P 105 110 0 255 0
P 106 110 0 255 0
P 107 110 0 255 0
P 108 110 0 255 0
P 109 110 0 255 0
P 110 110 0 255 0
P 111 110 0 255 0
P 112 110 0 255 0
P 113 110 0 255 0
P 114 110 0 255 0
P 115 110 0 255 0
P 116 110 0 255 0
P 117 110 0 255 0
P 118 110 0 255 0
P 119 110 0 255 0
P 120 110 0 255 0
P 121 110 0 255 0
P 122 110 0 255 0
P 123 110 0 255 0
P 124 110 0 255 0
P 125 110 0 255 0
P 126 110 0 255 0
P 127 110 0 255 0
P 128 110 0 255 0
P 129 110 0 255 0
P 130 110 0 255 0
P 131 110 0 255 0
P 132 110 0 255 0
P 133 110 0 255 0
P 134 110 0 255 0
P 135 110 0 255 0
P 136 110 0 255 0
P 137 110 0 255 0
P 138 110 0 255 0
P 139 110 0 255 0
P 140 110 0 255 0
P 141 110 0 255 0
P 142 110 0 255 0
P 143 110 0 255 0
P 144 110 0 255 0
P 145 110 0 255 0
P 146 110 0 255 0
P 147 110 0 255 0
P 148 110 0 255 0
P 149 110 0 255 0
P 150 110 0 255 0
P 151 110 0 255 0
P 152 110 0 255 0
P 153 110 0 255 0
P 154 110 0 255 0
P 155 110 0 255 0
P 156 110 0 255 0
P 157 110 0 255 0
P 158 110 0 255 0
P 159 110 0 255 0
P 160 110 0 255 0
P 161 110 0 255 0
P 162 110 0 255 0
P 163 110 0 255 0
P 164 110 0 255 0
P 165 110 0 255 0
P 166 110 0 255 0
P 167 110 0 255 0
P 168 110 0 255 0
P 169 110 0 255 0
P 170 110 0 255 0
P 171 110 0 255 0
P 172 110 0 255 0
P 173 110 0 255 0
P 174 110 0 255 0
P 175 110 0 255 0
P 176 110 0 255 0
P 177 110 0 255 0
P 178 110 0 255 0
P 179 110 0 255 0
P 180 110 0 255 0
P 181 110 0 255 0
P 182 110 0 255 0
P 183 110 0 255 0
P 184 110 0 255 0
P 185 110 0 255 0
P 186 110 0 255 0
P 187 110 0 255 0
P 188 110 0 255 0
P 189 110 0 255 0
P 190 110 0 255 0
P 191 110 0 255 0
P 192 110 0 255 0
P 193 110 0 255 0
P 194 110 0 255 0
P 195 110 0 255 0
P 196 110 0 255 0
P 197 110 0 255 0
P 198 110 0 255 0
P 199 110 0 255 0
P 200 110 0 255 0
P 201 110 0 255 0
P 202 110 0 255 0
P 203 110 0 255 0
P 204 110 0 255 0
P 205 110 0 255 0
P 206 110 0 255 0
P 207 110 0 255 0
P 208 110 0 255 0
P 209 110 0 255 0
P 210 110 0 255 0
P 211 110 0 255 0
P 212 110 0 255 0
P 213 110 0 255 0
P 214 110 0 255 0
P 215 110 0 255 0
P 216 110 0 255 0
P 217 110 0 255 0
P 218 110 0 255 0
P 219 110 0 255 0
P 220 110 0 255 0
P 221 110 0 255 0
P 222 110 0 255 0
P 223 110 0 255 0
P 224 110 0 255 0
P 225 110 0 255 0
P 226 110 0 255 0
P 227 110 0 255 0
P 228 110 0 255 0
P 229 110 0 255 0
P 230 110 0 255 0
P 231 110 0 255 0
P 232 110 0 255 0
P 233 110 0 255 0
P 234 110 0 255 0
P 235 110 0 255 0
P 236 110 0 255 0
P 237 110 0 255 0
P 238 110 0 255 0
P 239 110 0 255 0
P 240 110 0 255 0
P 241 110 0 255 0
P 242 110 0 255 0
P 243 110 0 255 0
P 66 111 255 0 0
P 67 111 255 0 0
P 68 111 255 0 0
P 69 111 255 0 0
P 70 111 255 0 0
P 71 111 255 0 0
P 72 111 255 0 0
P 73 111 255 0 0
P 74 111 255 0 0
P 75 111 255 0 0
P 76 111 255 0 0
P 77 111 255 0 0
P 78 111 255 0 0
P 79 111 255 0 0
P 80 111 255 0 0
P 81 111 255 0 0
P 82 111 255 0 0
P 83 111 255 0 0
P 84 111 255 0 0
P 85 111 255 0 0
P 86 111 255 0 0
P 87 111 255 0 0
P 88 111 255 0 0
P 89 111 255 0 0
P 90 111 255 0 0
P 91 111 255 0 0
P 92 111 255 0 0
P 93 111 255 0 0
P 94 111 255 0 0
P 95 111 255 0 0
P 96 111 255 0 0
P 97 111 255 0 0
P 98 111 255 0 0
P 99 111 255 0 0
P 100 111 255 0 0
P 101 111 255 0 0
P 102 111 0 255 0
P 103 111 0 255 0
P 104 111 0 255 0
P 105 111 0 255 0
P 106 111 0 255 0
P 107 111 0 255 0
P 108 111 0 255 0
P 109 111 0 255 0
P 110 111 0 255 0
P 111 111 0 255 0
P 112 111 0 255 0
P 113 111 0 255 0
P 114 111 0 255 0
P 115 111 0 255 0
P 116 111 0 255 0
P 117 111 0 255 0
P 118 111 0 255 0
P 119 111 0 255 0
P 120 111 0 255 0
P 121 111 0 255 0
P 122 111 0 255 0
P 123 111 0 255 0
P 124 111 0 255 0
P 125 111 0 255 0
P 126 111 0 255 0
P 127 111 0 255 0
P 128 111 0 255 0
P 129 111 0 255 0
P 130 111 0 255 0
P 131 111 0 255 0
P 132 111 0 255 0
P 133 111 0 255 0
P 134 111 0 255 0
P 135 111 0 255 0
P 136 111 0 255 0
P 137 111 0 255 0
P 138 111 0 255 0
P 139 111 0 255 0
P 140 111 0 255 0
P 141 111 0 255 0
P 142 111 0 255 0
P 143 111 0 255 0
P 144 111 0 255 0
P 145 111 0 255 0
P 146 111 0 255 0
P 147 111 0 255 0
P 148 111 0 255 0
P 149 111 0 255 0
P 150 111 0 255 0
P 151 111 0 255 0
P 152 111 0 255 0
P 153 111 0 255 0
P 154 111 0 255 0
P 155 111 0 255 0
P 156 111 0 255 0
P 157 111 0 255 0
P 158 111 0 255 0
P 159 111 0 255 0
P 160 111 0 255 0
P 161 111 0 255 0
P 162 111 0 255 0
P 163 111 0 255 0
P 164 111 0 255 0
P 165 111 0 255 0
P 166 111 0 255 0
P 167 111 0 255 0
P 168 111 0 255 0
P 169 111 0 255 0
P 170 111 0 255 0
P 171 111 0 255 0
P 172 111 0 255 0
P 173 111 0 255 0
P 174 111 0 255 0
P 175 111 0 255 0
P 176 111 0 255 0
P 177 111 0 255 0
P 178 111 0 255 0
P 179 111 0 255 0
P 180 111 0 255 0
P 181 111 0 255 0
P 182 111 0 255 0
P 183 111 0 255 0
P 184 111 0 255 0
P 185 111 0 255 0
P 186 111 0 255 0
P 187 111 0 255 0
P 188 111 0 255 0
P 189 111 0 255 0
P 190 111 0 255 0
P 191 111 0 255 0
P 192 111 0 255 0
P 193 111 0 255 0
P 194 111 0 255 0
P 195 111 0 255 0
P 196 111 0 255 0
P 197 111 0 255 0
P 198 111 0 255 0
P 199 111 0 255 0
P 200 111 0 255 0
P 201 111 0 255 0
P 202 111 0 255 0
P 203 111 0 255 0
P 204 111 0 255 0
P 205 111 0 255 0
P 206 111 0 255 0
P 207 111 0 255 0
P 208 111 0 255 0
P 209 111 0 255 0
P 210 111 0 255 0
P 211 111 0 255 0
P 212 111 0 255 0
P 213 111 0 255 0
P 214 111 0 255 0
P 215 111 0 255 0
P 216 111 0 255 0
P 217 111 0 255 0
P 218 111 0 255 0
P 219 111 0 255 0
P 220 111 0 255 0
P 221 111 0 255 0
P 222 111 0 255 0
P 223 111 0 255 0
P 224 111 0 255 0
P 225 111 0 255 0
P 226 111 0 255 0
P 227 111 0 255 0
P 228 111 0 255 0
P 229 111 0 255 0
P 230 111 0 255 0
P 231 111 0 255 0
P 232 111 0 255 0
P 233 111 0 255 0
P 234 111 0 255 0
P 235 111 0 255 0
P 236 111 0 255 0
P 237 111 0 255 0
P 238 111 0 255 0
P 239 111 0 255 0
P 240 111 0 255 0
P 241 111 0 255 0
P 242 111 0 255 0
P 243 111 0 255 0
P 67 112 255 0 0
P 68 112 255 0 0
P 69 112 255 0 0
P 70 112 255 0 0
P 71 112 255 0 0
P 72 112 255 0 0
P 73 112 255 0 0
P 74 112 255 0 0
P 75 112 255 0 0
P 76 112 255 0 0
P 77 112 255 0 0
P 78 112 255 0 0
P 79 112 255 0 0
P 80 112 255 0 0
P 81 112 255 0 0
P 82 112 255 0 0
P 83 112 255 0 0
P 84 112 255 0 0
P 85 112 255 0 0
P 86 112 255 0 0
P 87 112 255 0 0
P 88 112 255 0 0
P 89 112 255 0 0
P 90 112 255 0 0
P 91 112 255 0 0
P 92 112 255 0 0
P 93 112 255 0 0
P 94 112 255 0 0
P 95 112 255 0 0
P 96 112 255 0 0
P 97 112 255 0 0
P 98 112 255 0 0
P 99 112 255 0 0
P 100 112 255 0 0
P 101 112 255 0 0
P 102 112 255 0 0
P 103 112 255 0 0
P 104 112 0 255 0
P 105 112 0 255 0
P 106 112 0 255 0
P 107 112 0 255 0
P 108 112 0 255 0
P 109 112 0 255 0
P 110 112 0 255 0
P 111 112 0 255 0
P 112 112 0 255 0
P 113 112 0 255 0
P 114 112 0 255 0
P 115 112 0 255 0
P 116 112 0 255 0
P 117 112 0 255 0
P 118 112 0 255 0
P 119 112 0 255 0
P 120 112 0 255 0
P 121 112 0 255 0
P 122 112 0 255 0
P 123 112 0 255 0
P 124 112 0 255 0
P 125 112 0 255 0
P 126 112 0 255 0
P 127 112 0 255 0
P 128 112 0 255 0
P 129 112 0 255 0
P 130 112 0 255 0
P 131 112 0 255 0
P 132 112 0 255 0
P 133 112 0 255 0
P 134 112 0 255 0
P 135 112 0 255 0
P 136 112 0 255 0
P 137 112 0 255 0
P 138 112 0 255 0
P 139 112 0 255 0
P 140 112 0 255 0
P 141 112 0 255 0
P 142 112 0 255 0
P 143 112 0 255 0
P 144 112 0 255 0
P 145 112 0 255 0
P 146 112 0 255 0
P 147 112 0 255 0
P 148 112 0 255 0
P 149 112 0 255 0
P 150 112 0 255 0
P 151 112 0 255 0
P 152 112 0 255 0
P 153 112 0 255 0
P 154 112 0 255 0
P 155 112 0 255 0
P 156 112 0 255 0
P 157 112 0 255 0
P 158 112 0 255 0
P 159 112 0 255 0
P 160 112 0 255 0
P 161 112 0 255 0
P 162 112 0 255 0
P 163 112 0 255 0
P 164 112 0 255 0
P 165 112 0 255 0
P 166 112 0 255 0
P 167 112 0 255 0
P 168 112 0 255 0
P 169 112 0 255 0
P 170 112 0 255 0
P 171 112 0 255 0
P 172 112 0 255 0
P 173 112 0 255 0
P 174 112 0 255 0
P 175 112 0 255 0
P 176 112 0 255 0
P 177 112 0 255 0
P 178 112 0 255 0
P 179 112 0 255 0
P 180 112 0 255 0
P 181 112 0 255 0
P 182 112 0 255 0
P 183 112 0 255 0
P 184 112 0 255 0
P 185 112 0 255 0
P 186 112 0 255 0
P 187 112 0 255 0
P 188 112 0 255 0
P 189 112 0 255 0
P 190 112 0 255 0
P 191 112 0 255 0
P 192 112 0 255 0
P 193 112 0 255 0
P 194 112 0 255 0
P 195 112 0 255 0
P 196 112 0 255 0
P 197 112 0 255 0
P 198 112 0 255 0
P 199 112 0 255 0
P 200 112 0 255 0
P 201 112 0 255 0
P 202 112 0 255 0
P 203 112 0 255 0
P 204 112 0 255 0
P 205 112 0 255 0
P 206 112 0 255 0
P 207 112 0 255 0
P 208 112 0 255 0
P 209 112 0 255 0
P 210 112 0 255 0
P 211 112 0 255 0
P 212 112 0 255 0
P 213 112 0 255 0
P 214 112 0 255 0
P 215 112 0 255 0
P 216 112 0 255 0
P 217 112 0 255 0
P 218 112 0 255 0
P 219 112 0 255 0
P 220 112 0 255 0
P 221 112 0 255 0
P 222 112 0 255 0
P 223 112 0 255 0
P 224 112 0 255 0
P 225 112 0 255 0
P 226 112 0 255 0
P 227 112 0 255 0
P 228 112 0 255 0
P 229 112 0 255 0
P 230 112 0 255 0
P 231 112 0 255 0
P 232 112 0 255 0
P 233 112 0 255 0
P 234 112 0 255 0
P 235 112 0 255 0
P 236 112 0 255 0
P 237 112 0 255 0
P 238 112 0 255 0
P 239 112 0 255 0
P 240 112 0 255 0
P 241 112 0 255 0
P 242 112 0 255 0
P 243 112 0 255 0
P 67 113 255 0 0
P 68 113 255 0 0
P 69 113 255 0 0
P 70 113 255 0 0
P 71 113 255 0 0
P 72 113 255 0 0
P 73 113 255 0 0
P 74 113 255 0 0
P 75 113 255 0 0
P 76 113 255 0 0
P 77 113 255 0 0
P 78 113 255 0 0
P 79 113 255 0 0
P 80 113 255 0 0
P 81 113 255 0 0
P 82 113 255 0 0
P 83 113 255 0 0
P 84 113 255 0 0
P 85 113 255 0 0
P 86 113 255 0 0
P 87 113 255 0 0
P 88 113 255 0 0
P 89 113 255 0 0
P 90 113 255 0 0
P 91 113 255 0 0
P 92 113 255 0 0
P 93 113 255 0 0
P 94 113 255 0 0
P 95 113 255 0 0
P 96 113 255 0 0
P 97 113 255 0 0
P 98 113 255 0 0
P 99 113 255 0 0
P 100 113 255 0 0
P 101 113 255 0 0
P 102 113 255 0 0
P 103 113 255 0 0
P 104 113 255 0 0
P 105 113 0 255 0
P 106 113 0 255 0
P 107 113 0 255 0
P 108 113 0 255 0
P 109 113 0 255 0
P 110 113 0 255 0
P 111 113 0 255 0
P 112 113 0 255 0
P 113 113 0 255 0
P 114 113 0 255 0
P 115 113 0 255 0
P 116 113 0 255 0
P 117 113 0 255 0
P 118 113 0 255 0
P 119 113 0 255 0
P 120 113 0 255 0
P 121 113 0 255 0
P 122 113 0 255 0
P 123 113 0 255 0
P 124 113 0 255 0
P 125 113 0 255 0
P 126 113 0 255 0
P 127 113 0 255 0
P 128 113 0 255 0
P 129 113 0 255 0
P 130 113 0 255 0
P 131 113 0 255 0
P 132 113 0 255 0
P 133 113 0 255 0
P 134 113 0 255 0
P 135 113 0 255 0
P 136 113 0 255 0
P 137 113 0 255 0
P 138 113 0 255 0
P 139 113 0 255 0
P 140 113 0 255 0
P 141 113 0 255 0
P 142 113 0 255 0
P 143 113 0 255 0
P 144 113 0 255 0
P 145 113 0 255 0
P 146 113 0 255 0
P 147 113 0 255 0
P 148 113 0 255 0
P 149 113 0 255 0
P 150 113 0 255 0
P 151 113 0 255 0
P 152 113 0 255 0
P 153 113 0 255 0
P 154 113 0 255 0
P 155 113 0 255 0
P 156 113 0 255 0
P 157 113 0 255 0
P 158 113 0 255 0
P 159 113 0 255 0
P 160 113 0 255 0
P 161 113 0 255 0
P 162 113 0 255 0
P 163 113 0 255 0
P 164 113 0 255 0
P 165 113 0 255 0
P 166 113 0 255 0
P 167 113 0 255 0
P 168 113 0 255 0
P 169 113 0 255 0
P 170 113 0 255 0
P 171 113 0 255 0
P 172 113 0 255 0
P 173 113 0 255 0
P 174 113 0 255 0
P 175 113 0 255 0
P 176 113 0 255 0
P 177 113 0 255 0
P 178 113 0 255 0
P 179 113 0 255 0
P 180 113 0 255 0
P 181 113 0 255 0
P 182 113 0 255 0
P 183 113 0 255 0
P 184 113 0 255 0
P 185 113 0 255 0
P 186 113 0 255 0
P 187 113 0 255 0
P 188 113 0 255 0
P 189 113 0 255 0
P 190 113 0 255 0
P 191 113 0 255 0
P 192 113 0 255 0
P 193 113 0 255 0
P 194 113 0 255 0
P 195 113 0 255 0
P 196 113 0 255 0
P 197 113 0 255 0
P 198 113 0 255 0
P 199 113 0 255 0
P 200 113 0 255 0
P 201 113 0 255 0
P 202 113 0 255 0
P 203 113 0 255 0
P 204 113 0 255 0
P 205 113 0 255 0
P 206 113 0 255 0
P 207 113 0 255 0
P 208 113 0 255 0
P 209 113 0 255 0
P 210 113 0 255 0
P 211 113 0 255 0
P 212 113 0 255 0
P 213 113 0 255 0
P 214 113 0 255 0
P 215 113 0 255 0
P 216 113 0 255 0
P 217 113 0 255 0
P 218 113 0 255 0
P 219 113 0 255 0
P 220 113 0 255 0
P 221 113 0 255 0
P 222 113 0 255 0
P 223 113 0 255 0
P 224 113 0 255 0
P 225 113 0 255 0
P 226 113 0 255 0
P 227 113 0 255 0
P 228 113 0 255 0
P 229 113 0 255 0
P 230 113 0 255 0
P 231 113 0 255 0
P 232 113 0 255 0
P 233 113 0 255 0
P 234 113 0 255 0
P 235 113 0 255 0
P 236 113 0 255 0
P 237 113 0 255 0
P 238 113 0 255 0
P 239 113 0 255 0
P 240 113 0 255 0
P 241 113 0 255 0
P 242 113 0 255 0
P 243 113 0 255 0
P 67 114 255 0 0
P 68 114 255 0 0
P 69 114 255 0 0
P 70 114 255 0 0
P 71 114 255 0 0
P 72 114 255 0 0
P 73 114 255 0 0
P 74 114 255 0 0
P 75 114 255 0 0
P 76 114 255 0 0
P 77 114 255 0 0
P 78 114 255 0 0
P 79 114 255 0 0
P 80 114 255 0 0
P 81 114 255 0 0
P 82 114 255 0 0
P 83 114 255 0 0
P 84 114 255 0 0
P 85 114 255 0 0
P 86 114 255 0 0
P 87 114 255 0 0
P 88 114 255 0 0
P 89 114 255 0 0
P 90 114 255 0 0
P 91 114 255 0 0
P 92 114 255 0 0
P 93 114 255 0 0
P 94 114 255 0 0
P 95 114 255 0 0
P 96 114 255 0 0
P 97 114 255 0 0
P 98 114 255 0 0
P 99 114 255 0 0
P 100 114 255 0 0
P 101 114 255 0 0
P 102 114 255 0 0
P 103 114 255 0 0
P 104 114 255 0 0
P 105 114 255 0 0
P 106 114 255 0 0
P 107 114 0 255 0
P 108 114 0 255 0
P 109 114 0 255 0
P 110 114 0 255 0
P 111 114 0 255 0
P 112 114 0 255 0
P 113 114 0 255 0
P 114 114 0 255 0
P 115 114 0 255 0
P 116 114 0 255 0
P 117 114 0 255 0
P 118 114 0 255 0
P 119 114 0 255 0
P 120 114 0 255 0
P 121 114 0 255 0
P 122 114 0 255 0
P 123 114 0 255 0
P 124 114 0 255 0
P 125 114 0 255 0
P 126 114 0 255 0
P 127 114 0 255 0
P 128 114 0 255 0
P 129 114 0 255 0
P 130 114 0 255 0
P 131 114 0 255 0
P 132 114 0 255 0
P 133 114 0 255 0
P 134 114 0 255 0
P 135 114 0 255 0
P 136 114 0 255 0
P 137 114 0 255 0
P 138 114 0 255 0
P 139 114 0 255 0
P 140 114 0 255 0
P 141 114 0 255 0
P 142 114 0 255 0
P 143 114 0 255 0
P 144 114 0 255 0
P 145 114 0 255 0
P 146 114 0 255 0
P 147 114 0 255 0
P 148 114 0 255 0
P 149 114 0 255 0
P 150 114 0 255 0
P 151 114 0 255 0
P 152 114 0 255 0
P 153 114 0 255 0
P 154 114 0 255 0
P 155 114 0 255 0
P 156 114 0 255 0
P 157 114 0 255 0
P 158 114 0 255 0
P 159 114 0 255 0
P 160 114 0 255 0
P 161 114 0 255 0
P 162 114 0 255 0
P 163 114 0 255 0
P 164 114 0 255 0
P 165 114 0 255 0
P 166 114 0 255 0
P 167 114 0 255 0
P 168 114 0 255 0
P 169 114 0 255 0
P 170 114 0 255 0
P 171 114 0 255 0
P 172 114 0 255 0
P 173 114 0 255 0
P 174 114 0 255 0
P 175 114 0 255 0
P 176 114 0 255 0
P 177 114 0 255 0
P 178 114 0 255 0
P 179 114 0 255 0
P 180 114 0 255 0
P 181 114 0 255 0
P 182 114 0 255 0
P 183 114 0 255 0
P 184 114 0 255 0
P 185 114 0 255 0
P 186 114 0 255 0
P 187 114 0 255 0
P 188 114 0 255 0
P 189 114 0 255 0
P 190 114 0 255 0
P 191 114 0 255 0
P 192 114 0 255 0
P 193 114 0 255 0
P 194 114 0 255 0
P 195 114 0 255 0
P 196 114 0 255 0
P 197 114 0 255 0
P 198 114 0 255 0
P 199 114 0 255 0
P 200 114 0 255 0
P 201 114 0 255 0
P 202 114 0 255 0
P 203 114 0 255 0
P 204 114 0 255 0
P 205 114 0 255 0
P 206 114 0 255 0
P 207 114 0 255 0
P 208 114 0 255 0
P 209 114 0 255 0
P 210 114 0 255 0
P 211 114 0 255 0
P 212 114 0 255 0
P 213 114 0 255 0
P 214 114 0 255 0
P 215 114 0 255 0
P 216 114 0 255 0
P 217 114 0 255 0
P 218 114 0 255 0
P 219 114 0 255 0
P 220 114 0 255 0
P 221 114 0 255 0
P 222 114 0 255 0
P 223 114 0 255 0
P 224 114 0 255 0
P 225 114 0 255 0
P 226 114 0 255 0
P 227 114 0 255 0
P 228 114 0 255 0
P 229 114 0 255 0
P 230 114 0 255 0
P 231 114 0 255 0
P 232 114 0 255 0
P 233 114 0 255 0
P 234 114 0 255 0
P 235 114 0 255 0
P 236 114 0 255 0
P 237 114 0 255 0
P 238 114 0 255 0
P 239 114 0 255 0
P 240 114 0 255 0
P 241 114 0 255 0
P 242 114 0 255 0
P 243 114 0 255 0
P 67 115 255 0 0
P 68 115 255 0 0
P 69 115 255 0 0
P 70 115 255 0 0
P 71 115 255 0 0
P 72 115 255 0 0
P 73 115 255 0 0
P 74 115 255 0 0
P 75 115 255 0 0
P 76 115 255 0 0
P 77 115 255 0 0
P 78 115 255 0 0
P 79 115 255 0 0
P 80 115 255 0 0
P 81 115 255 0 0
P 82 115 255 0 0
P 83 115 255 0 0
P 84 115 255 0 0
P 85 115 255 0 0
P 86 115 255 0 0
P 87 115 255 0 0
P 88 115 255 0 0
P 89 115 255 0 0
P 90 115 255 0 0
P 91 115 255 0 0
P 92 115 255 0 0
P 93 115 255 0 0
P 94 115 255 0 0
P 95 115 255 0 0
P 96 115 255 0 0
P 97 115 255 0 0
P 98 115 255 0 0
P 99 115 255 0 0
P 100 115 255 0 0
P 101 115 255 0 0
P 102 115 255 0 0
P 103 115 255 0 0
P 104 115 255 0 0
P 105 115 255 0 0
P 106 115 255 0 0
P 107 115 255 0 0
P 108 115 0 255 0
P 109 115 0 255 0
P 110 115 0 255 0
P 111 115 0 255 0
P 112 115 0 255 0
P 113 115 0 255 0
P 114 115 0 255 0
P 115 115 0 255 0
P 116 115 0 255 0
P 117 115 0 255 0
P 118 115 0 255 0
P 119 115 0 255 0
P 120 115 0 255 0
P 121 115 0 255 0
P 122 115 0 255 0
P 123 115 0 255 0
P 124 115 0 255 0
P 125 115 0 255 0
P 126 115 0 255 0
P 127 115 0 255 0
P 128 115 0 255 0
P 129 115 0 255 0
P 130 115 0 255 0
P 131 115 0 255 0
P 132 115 0 255 0
P 133 115 0 255 0
P 134 115 0 255 0
P 135 115 0 255 0
P 136 115 0 255 0
P 137 115 0 255 0
P 138 115 0 255 0
P 139 115 0 255 0
P 140 115 0 255 0
P 141 115 0 255 0
P 142 115 0 255 0
P 143 115 0 255 0
P 144 115 0 255 0
P 145 115 0 255 0
P 146 115 0 255 0
P 147 115 0 255 0
P 148 115 0 255 0
P 149 115 0 255 0
P 150 115 0 255 0
P 151 115 0 255 0
P 152 115 0 255 0
P 153 115 0 255 0
P 154 115 0 255 0
P 155 115 0 255 0
P 156 115 0 255 0
P 157 115 0 255 0
P 158 115 0 255 0
P 159 115 0 255 0
P 160 115 0 255 0
P 161 115 0 255 0
P 162 115 0 255 0
P 163 115 0 255 0
P 164 115 0 255 0
P 165 115 0 255 0
P 166 115 0 255 0
P 167 115 0 255 0
P 168 115 0 255 0
P 169 115 0 255 0
P 170 115 0 255 0
P 171 115 0 255 0
P 172 115 0 255 0
P 173 115 0 255 0
P 174 115 0 255 0
P 175 115 0 255 0
P 176 115 0 255 0
P 177 115 0 255 0
P 178 115 0 255 0
P 179 115 0 255 0
P 180 115 0 255 0
P 181 115 0 255 0
P 182 115 0 255 0
P 183 115 0 255 0
P 184 115 0 255 0
P 185 115 0 255 0
P 186 115 0 255 0
P 187 115 0 255 0
P 188 115 0 255 0
P 189 115 0 255 0
P 190 115 0 255 0
P 191 115 0 255 0
P 192 115 0 255 0
P 193 115 0 255 0
P 194 115 0 255 0
P 195 115 0 255 0
P 196 115 0 255 0
P 197 115 0 255 0
P 198 115 0 255 0
P 199 115 0 255 0
P 200 115 0 255 0
P 201 115 0 255 0
P 202 115 0 255 0
P 203 115 0 255 0
P 204 115 0 255 0
P 205 115 0 255 0
P 206 115 0 255 0
P 207 115 0 255 0
P 208 115 0 255 0
P 209 115 0 255 0
P 210 115 0 255 0
P 211 115 0 255 0
P 212 115 0 255 0
P 213 115 0 255 0
P 214 115 0 255 0
P 215 115 0 255 0
P 216 115 0 255 0
P 217 115 0 255 0
P 218 115 0 255 0
P 219 115 0 255 0
P 220 115 0 255 0
P 221 115 0 255 0
P 222 115 0 255 0
P 223 115 0 255 0
P 224 115 0 255 0
P 225 115 0 255 0
P 226 115 0 255 0
P 227 115 0 255 0
P 228 115 0 255 0
P 229 115 0 255 0
P 230 115 0 255 0
P 231 115 0 255 0
P 232 115 0 255 0
P 233 115 0 255 0
P 234 115 0 255 0
P 235 115 0 255 0
P 236 115 0 255 0
P 237 115 0 255 0
P 238 115 0 255 0
P 239 115 0 255 0
P 240 115 0 255 0
P 241 115 0 255 0
P 242 115 0 255 0
P 243 115 0 255 0
P 68 116 255 0 0
P 69 116 255 0 0
P 70 116 255 0 0
P 71 116 255 0 0
P 72 116 255 0 0
P 73 116 255 0 0
P 74 116 255 0 0
P 75 116 255 0 0
P 76 116 255 0 0
P 77 116 255 0 0
P 78 116 255 0 0
P 79 116 255 0 0
P 80 116 255 0 0
P 81 116 255 0 0
P 82 116 255 0 0
P 83 116 255 0 0
P 84 116 255 0 0
P 85 116 255 0 0
P 86 116 255 0 0
P 87 116 255 0 0
P 88 116 255 0 0
P 89 116 255 0 0
P 90 116 255 0 0
P 91 116 255 0 0
P 92 116 255 0 0
P 93 116 255 0 0
P 94 116 255 0 0
P 95 116 255 0 0
P 96 116 255 0 0
P 97 116 255 0 0
P 98 116 255 0 0
P 99 116 255 0 0
P 100 116 255 0 0
P 101 116 255 0 0
P 102 116 255 0 0
P 103 116 255 0 0
P 104 116 255 0 0
P 105 116 255 0 0
P 106 116 255 0 0
P 107 116 255 0 0
P 108 116 255 0 0
P 109 116 255 0 0
P 110 116 0 255 0
P 111 116 0 255 0
P 112 116 0 255 0
P 113 116 0 255 0
P 114 116 0 255 0
P 115 116 0 255 0
P 116 116 0 255 0
P 117 116 0 255 0
P 118 116 0 255 0
P 119 116 0 255 0
P 120 116 0 255 0
P 121 116 0 255 0
P 122 116 0 255 0
P 123 116 0 255 0
P 124 116 0 255 0
P 125 116 0 255 0
P 126 116 0 255 0
P 127 116 0 255 0
P 128 116 0 255 0
P 129 116 0 255 0
P 130 116 0 255 0
P 131 116 0 255 0
P 132 116 0 255 0
P 133 116 0 255 0
P 134 116 0 255 0
P 135 116 0 255 0
P 136 116 0 255 0
P 137 116 0 255 0
P 138 116 0 255 0
P 139 116 0 255 0
P 140 116 0 255 0
P 141 116 0 255 0
P 142 116 0 255 0
P 143 116 0 255 0
P 144 116 0 255 0
P 145 116 0 255 0
P 146 116 0 255 0
P 147 116 0 255 0
P 148 116 0 255 0
P 149 116 0 255 0
P 150 116 0 255 0
P 151 116 0 255 0
P 152 116 0 255 0
P 153 116 0 255 0
P 154 116 0 255 0
P 155 116 0 255 0
P 156 116 0 255 0
P 157 116 0 255 0
P 158 116 0 255 0
P 159 116 0 255 0
P 160 116 0 255 0
P 161 116 0 255 0
P 162 116 0 255 0
P 163 116 0 255 0
P 164 116 0 255 0
P 165 116 0 255 0
P 166 116 0 255 0
P 167 116 0 255 0
P 168 116 0 255 0
P 169 116 0 255 0
P 170 116 0 255 0
P 171 116 0 255 0
P 172 116 0 255 0
P 173 116 0 255 0
P 174 116 0 255 0
P 175 116 0 255 0
P 176 116 0 255 0
P 177 116 0 255 0
P 178 116 0 255 0
P 179 116 0 255 0
P 180 116 0 255 0
P 181 116 0 255 0
P 182 116 0 255 0
P 183 116 0 255 0
P 184 116 0 255 0
P 185 116 0 255 0
P 186 116 0 255 0
P 187 116 0 255 0
P 188 116 0 255 0
P 189 116 0 255 0
P 190 116 0 255 0
P 191 116 0 255 0
P 192 116 0 255 0
P 193 116 0 255 0
P 194 116 0 255 0
P 195 116 0 255 0
P 196 116 0 255 0
P 197 116 0 255 0
P 198 116 0 255 0
P 199 116 0 255 0
P 200 116 0 255 0
P 201 116 0 255 0
P 202 116 0 255 0
P 203 116 0 255 0
P 204 116 0 255 0
P 205 116 0 255 0
P 206 116 0 255 0
P 207 116 0 255 0
P 208 116 0 255 0
P 209 116 0 255 0
P 210 116 0 255 0
P 211 116 0 255 0
P 212 116 0 255 0
P 213 116 0 255 0
P 214 116 0 255 0
P 215 116 0 255 0
P 216 116 0 255 0
P 217 116 0 255 0
P 218 116 0 255 0
P 219 116 0 255 0
P 220 116 0 255 0
P 221 116 0 255 0
P 222 116 0 255 0
P 223 116 0 255 0
P 224 116 0 255 0
P 225 116 0 255 0
P 226 116 0 255 0
P 227 116 0 255 0
P 228 116 0 255 0
P 229 116 0 255 0
P 230 116 0 255 0
P 231 116 0 255 0
P 232 116 0 255 0
P 233 116 0 255 0
P 234 116 0 255 0
P 235 116 0 255 0
P 236 116 0 255 0
P 237 116 0 255 0
P 238 116 0 255 0
P 239 116 0 255 0
P 240 116 0 255 0
P 241 116 0 255 0
P 242 116 0 255 0
P 243 116 0 255 0
P 68 117 255 0 0
P 69 117 255 0 0
P 70 117 255 0 0
P 71 117 255 0 0
P 72 117 255 0 0
P 73 117 255 0 0
P 74 117 255 0 0
P 75 117 255 0 0
P 76 117 255 0 0
P 77 117 255 0 0
P 78 117 255 0 0
P 79 117 255 0 0
P 80 117 255 0 0
P 81 117 255 0 0
P 82 117 255 0 0
P 83 117 255 0 0
P 84 117 255 0 0
P 85 117 255 0 0
P 86 117 255 0 0
P 87 117 255 0 0
P 88 117 255 0 0
P 89 117 255 0 0
P 90 117 255 0 0
P 91 117 255 0 0
P 92 117 255 0 0
P 93 117 255 0 0
P 94 117 255 0 0
P 95 117 255 0 0
P 96 117 255 0 0
P 97 117 255 0 0
P 98 117 255 0 0
P 99 117 255 0 0
P 100 117 255 0 0
P 101 117 255 0 0
P 102 117 255 0 0
P 103 117 255 0 0
P 104 117 255 0 0
P 105 117 255 0 0
P 106 117 255 0 0
P 107 117 255 0 0
P 108 117 255 0 0
P 109 117 255 0 0
P 110 117 255 0 0
P 111 117 0 255 0
P 112 117 0 255 0
P 113 117 0 255 0
P 114 117 0 255 0
P 115 117 0 255 0
P 116 117 0 255 0
P 117 117 0 255 0
P 118 117 0 255 0
P 119 117 0 255 0
P 120 117 0 255 0
P 121 117 0 255 0
P 122 117 0 255 0
P 123 117 0 255 0
P 124 117 0 255 0
P 125 117 0 255 0
P 126 117 0 255 0
P 127 117 0 255 0
P 128 117 0 255 0
P 129 117 0 255 0
P 130 117 0 255 0
P 131 117 0 255 0
P 132 117 0 255 0
P 133 117 0 255 0
P 134 117 0 255 0
P 135 117 0 255 0
P 136 117 0 255 0
P 137 117 0 255 0
P 138 117 0 255 0
P 139 117 0 255 0
P 140 117 0 255 0
P 141 117 0 255 0
P 142 117 0 255 0
P 143 117 0 255 0
P 144 117 0 255 0
P 145 117 0 255 0
P 146 117 0 255 0
P 147 117 0 255 0
P 148 117 0 255 0
P 149 117 0 255 0
P 150 117 0 255 0
P 151 117 0 255 0
P 152 117 0 255 0
P 153 117 0 255 0
P 154 117 0 255 0
P 155 117 0 255 0
P 156 117 0 255 0
P 157 117 0 255 0
P 158 117 0 255 0
P 159 117 0 255 0
P 160 117 0 255 0
P 161 117 0 255 0
P 162 117 0 255 0
P 163 117 0 255 0
P 164 117 0 255 0
P 165 117 0 255 0
P 166 117 0 255 0
P 167 117 0 255 0
P 168 117 0 255 0
P 169 117 0 255 0
P 170 117 0 255 0
P 171 117 0 255 0
P 172 117 0 255 0
P 173 117 0 255 0
P 174 117 0 255 0
P 175 117 0 255 0
P 176 117 0 255 0
P 177 117 0 255 0
P 178 117 0 255 0
P 179 117 0 255 0
P 180 117 0 255 0
P 181 117 0 255 0
P 182 117 0 255 0
P 183 117 0 255 0
P 184 117 0 255 0
P 185 117 0 255 0
P 186 117 0 255 0
P 187 117 0 255 0
P 188 117 0 255 0
P 189 117 0 255 0
P 190 117 0 255 0
P 191 117 0 255 0
P 192 117 0 255 0
P 193 117 0 255 0
P 194 117 0 255 0
P 195 117 0 255 0
P 196 117 0 255 0
P 197 117 0 255 0
P 198 117 0 255 0
P 199 117 0 255 0
P 200 117 0 255 0
P 201 117 0 255 0
P 202 117 0 255 0
P 203 117 0 255 0
P 204 117 0 255 0
P 205 117 0 255 0
P 206 117 0 255 0
P 207 117 0 255 0
P 208 117 0 255 0
P 209 117 0 255 0
P 210 117 0 255 0
P 211 117 0 255 0
P 212 117 0 255 0
P 213 117 0 255 0
P 214 117 0 255 0
P 215 117 0 255 0
P 216 117 0 255 0
P 217 117 0 255 0
P 218 117 0 255 0
P 219 117 0 255 0
P 220 117 0 255 0
P 221 117 0 255 0
P 222 117 0 255 0
P 223 117 0 255 0
P 224 117 0 255 0
P 225 117 0 255 0
P 226 117 0 255 0
P 227 117 0 255 0
P 228 117 0 255 0
P 229 117 0 255 0
P 230 117 0 255 0
P 231 117 0 255 0
P 232 117 0 255 0
P 233 117 0 255 0
P 234 117 0 255 0
P 235 117 0 255 0
P 236 117 0 255 0
P 237 117 0 255 0
P 238 117 0 255 0
P 239 117 0 255 0
P 240 117 0 255 0
P 241 117 0 255 0
P 242 117 0 255 0
P 243 117 0 255 0
P 68 118 255 0 0
P 69 118 255 0 0
P 70 118 255 0 0
P 71 118 255 0 0
P 72 118 255 0 0
P 73 118 255 0 0
P 74 118 255 0 0
P 75 118 255 0 0
P 76 118 255 0 0
P 77 118 255 0 0
P 78 118 255 0 0
P 79 118 255 0 0
P 80 118 255 0 0
P 81 118 255 0 0
P 82 118 255 0 0
P 83 118 255 0 0
P 84 118 255 0 0
P 85 118 255 0 0
P 86 118 255 0 0
P 87 118 255 0 0
P 88 118 255 0 0
P 89 118 255 0 0
P 90 118 255 0 0
P 91 118 255 0 0
P 92 118 255 0 0
P 93 118 255 0 0
P 94 118 255 0 0
P 95 118 255 0 0
P 96 118 255 0 0
P 97 118 255 0 0
P 98 118 255 0 0
P 99 118 255 0 0
P 100 118 255 0 0
P 101 118 255 0 0
P 102 118 255 0 0
P 103 118 255 0 0
P 104 118 255 0 0
P 105 118 255 0 0
P 106 118 255 0 0
P 107 118 255 0 0
P 108 118 255 0 0
P 109 118 255 0 0
P 110 118 255 0 0
P 111 118 255 0 0
P 112 118 255 0 0
P 113 118 0 255 0
P 114 118 0 255 0
P 115 118 0 255 0
P 116 118 0 255 0
P 117 118 0 255 0
P 118 118 0 255 0
P 119 118 0 255 0
P 120 118 0 255 0
P 121 118 0 255 0
P 122 118 0 255 0
P 123 118 0 255 0
P 124 118 0 255 0
P 125 118 0 255 0
P 126 118 0 255 0
P 127 118 0 255 0
P 128 118 0 255 0
P 129 118 0 255 0
P 130 118 0 255 0
P 131 118 0 255 0
P 132 118 0 255 0
P 133 118 0 255 0
P 134 118 0 255 0
P 135 118 0 255 0
P 136 118 0 255 0
P 137 118 0 255 0
P 138 118 0 255 0
P 139 118 0 255 0
P 140 118 0 255 0
P 141 118 0 255 0
P 142 118 0 255 0
P 143 118 0 255 0
P 144 118 0 255 0
P 145 118 0 255 0
P 146 118 0 255 0
P 147 118 0 255 0
P 148 118 0 255 0
P 149 118 0 255 0
P 150 118 0 255 0
P 151 118 0 255 0
P 152 118 0 255 0
P 153 118 0 255 0
P 154 118 0 255 0
P 155 118 0 255 0
P 156 118 0 255 0
P 157 118 0 255 0
P 158 118 0 255 0
P 159 118 0 255 0
P 160 118 0 255 0
P 161 118 0 255 0
P 162 118 0 255 0
P 163 118 0 255 0
P 164 118 0 255 0
P 165 118 0 255 0
P 166 118 0 255 0
P 167 118 0 255 0
P 168 118 0 255 0
P 169 118 0 255 0
P 170 118 0 255 0
P 171 118 0 255 0
P 172 118 0 255 0
P 173 118 0 255 0
P 174 118 0 255 0
P 175 118 0 255 0
P 176 118 0 255 0
P 177 118 0 255 0
P 178 118 0 255 0
P 179 118 0 255 0
P 180 118 0 255 0
P 181 118 0 255 0
P 182 118 0 255 0
P 183 118 0 255 0
P 184 118 0 255 0
P 185 118 0 255 0
P 186 118 0 255 0
P 187 118 0 255 0
P 188 118 0 255 0
P 189 118 0 255 0
P 190 118 0 255 0
P 191 118 0 255 0
P 192 118 0 255 0
P 193 118 0 255 0
P 194 118 0 255 0
P 195 118 0 255 0
P 196 118 0 255 0
P 197 118 0 255 0
P 198 118 0 255 0
P 199 118 0 255 0
P 200 118 0 255 0
P 201 118 0 255 0
P 202 118 0 255 0
P 203 118 0 255 0
P 204 118 0 255 0
P 205 118 0 255 0
P 206 118 0 255 0
P 207 118 0 255 0
P 208 118 0 255 0
P 209 118 0 255 0
P 210 118 0 255 0
P 211 118 0 255 0
P 212 118 0 255 0
P 213 118 0 255 0
P 214 118 0 255 0
P 215 118 0 255 0
P 216 118 0 255 0
P 217 118 0 255 0
P 218 118 0 255 0
P 219 118 0 255 0
P 220 118 0 255 0
P 221 118 0 255 0
P 222 118 0 255 0
P 223 118 0 255 0
P 224 118 0 255 0
P 225 118 0 255 0
P 226 118 0 255 0
P 227 118 0 255 0
P 228 118 0 255 0
P 229 118 0 255 0
P 230 118 0 255 0
P 231 118 0 255 0
P 232 118 0 255 0
P 233 118 0 255 0
P 234 118 0 255 0
P 235 118 0 255 0
P 236 118 0 255 0
P 237 118 0 255 0
P 238 118 0 255 0
P 239 118 0 255 0
P 240 118 0 255 0
P 241 118 0 255 0
P 242 118 0 255 0
P 243 118 0 255 0
P 69 119 255 0 0
P 70 119 255 0 0
P 71 119 255 0 0
P 72 119 255 0 0
P 73 119 255 0 0
P 74 119 255 0 0
P 75 119 255 0 0
P 76 119 255 0 0
P 77 119 255 0 0
P 78 119 255 0 0
P 79 119 255 0 0
P 80 119 255 0 0
P 81 119 255 0 0
P 82 119 255 0 0
P 83 119 255 0 0
P 84 119 255 0 0
P 85 119 255 0 0
P 86 119 255 0 0
P 87 119 255 0 0
P 88 119 255 0 0
P 89 119 255 0 0
P 90 119 255 0 0
P 91 119 255 0 0
P 92 119 255 0 0
P 93 119 255 0 0
P 94 119 255 0 0
P 95 119 255 0 0
P 96 119 255 0 0
P 97 119 255 0 0
P 98 119 255 0 0
P 99 119 255 0 0
P 100 119 255 0 0
P 101 119 255 0 0
P 102 119 255 0 0
P 103 119 255 0 0
P 104 119 255 0 0
P 105 119 255 0 0
P 106 119 255 0 0
P 107 119 255 0 0
P 108 119 255 0 0
P 109 119 255 0 0
P 110 119 255 0 0
P 111 119 255 0 0
P 112 119 255 0 0
P 113 119 255 0 0
P 114 119 0 255 0
P 115 119 0 255 0
P 116 119 0 255 0
P 117 119 0 255 0
P 118 119 0 255 0
P 119 119 0 255 0
P 120 119 0 255 0
P 121 119 0 255 0
P 122 119 0 255 0
P 123 119 0 255 0
P 124 119 0 255 0
P 125 119 0 255 0
P 126 119 0 255 0
P 127 119 0 255 0
P 128 119 0 255 0
P 129 119 0 255 0
P 130 119 0 255 0
P 131 119 0 255 0
P 132 119 0 255 0
P 133 119 0 255 0
P 134 119 0 255 0
P 135 119 0 255 0
P 136 119 0 255 0
P 137 119 0 255 0
P 138 119 0 255 0
P 139 119 0 255 0
P 140 119 0 255 0
P 141 119 0 255 0
P 142 119 0 255 0
P 143 119 0 255 0
P 144 119 0 255 0
P 145 119 0 255 0
P 146 119 0 255 0
P 147 119 0 255 0
P 148 119 0 255 0
P 149 119 0 255 0
P 150 119 0 255 0
P 151 119 0 255 0
P 152 119 0 255 0
P 153 119 0 255 0
P 154 119 0 255 0
P 155 119 0 255 0
P 156 119 0 255 0
P 157 119 0 255 0
P 158 119 0 255 0
P 159 119 0 255 0
P 160 119 0 255 0
P 161 119 0 255 0
P 162 119 0 255 0
P 163 119 0 255 0
P 164 119 0 255 0
P 165 119 0 255 0
P 166 119 0 255 0
P 167 119 0 255 0
P 168 119 0 255 0
P 169 119 0 255 0
P 170 119 0 255 0
P 171 119 0 255 0
P 172 119 0 255 0
P 173 119 0 255 0
P 174 119 0 255 0
P 175 119 0 255 0
P 176 119 0 255 0
P 177 119 0 255 0
P 178 119 0 255 0
P 179 119 0 255 0
P 180 119 0 255 0
P 181 119 0 255 0
P 182 119 0 255 0
P 183 119 0 255 0
P 184 119 0 255 0
P 185 119 0 255 0
P 186 119 0 255 0
P 187 119 0 255 0
P 188 119 0 255 0
P 189 119 0 255 0
P 190 119 0 255 0
P 191 119 0 255 0
P 192 119 0 255 0
P 193 119 0 255 0
P 194 119 0 255 0
P 195 119 0 255 0
P 196 119 0 255 0
P 197 119 0 255 0
P 198 119 0 255 0
P 199 119 0 255 0
P 200 119 0 255 0
P 201 119 0 255 0
P 202 119 0 255 0
P 203 119 0 255 0
P 204 119 0 255 0
P 205 119 0 255 0
P 206 119 0 255 0
P 207 119 0 255 0
P 208 119 0 255 0
P 209 119 0 255 0
P 210 119 0 255 0
P 211 119 0 255 0
P 212 119 0 255 0
P 213 119 0 255 0
P 214 119 0 255 0
P 215 119 0 255 0
P 216 119 0 255 0
P 217 119 0 255 0
P 218 119 0 255 0
P 219 119 0 255 0
P 220 119 0 255 0
P 221 119 0 255 0
P 222 119 0 255 0
P 223 119 0 255 0
P 224 119 0 255 0
P 225 119 0 255 0
P 226 119 0 255 0
P 227 119 0 255 0
P 228 119 0 255 0
P 229 119 0 255 0
P 230 119 0 255 0
P 231 119 0 255 0
P 232 119 0 255 0
P 233 119 0 255 0
P 234 119 0 255 0
P 235 119 0 255 0
P 236 119 0 255 0
P 237 119 0 255 0
P 238 119 0 255 0
P 239 119 0 255 0
P 240 119 0 255 0
P 241 119 0 255 0
P 242 119 0 255 0
P 243 119 0 255 0
P 69 120 255 0 0
P 70 120 255 0 0
P 71 120 255 0 0
P 72 120 255 0 0
P 73 120 255 0 0
P 74 120 255 0 0
P 75 120 255 0 0
P 76 120 255 0 0
P 77 120 255 0 0
P 78 120 255 0 0
P 79 120 255 0 0
P 80 120 255 0 0
P 81 120 255 0 0
P 82 120 255 0 0
P 83 120 255 0 0
P 84 120 255 0 0
P 85 120 255 0 0
P 86 120 255 0 0
P 87 120 255 0 0
P 88 120 255 0 0
P 89 120 255 0 0
P 90 120 255 0 0
P 91 120 255 0 0
P 92 120 255 0 0
P 93 120 255 0 0
P 94 120 255 0 0
P 95 120 255 0 0
P 96 120 255 0 0
P 97 120 255 0 0
P 98 120 255 0 0
P 99 120 255 0 0
P 100 120 255 0 0
P 101 120 255 0 0
P 102 120 255 0 0
P 103 120 255 0 0
P 104 120 255 0 0
P 105 120 255 0 0
P 106 120 255 0 0
P 107 120 255 0 0
P 108 120 255 0 0
P 109 120 255 0 0
P 110 120 255 0 0
P 111 120 255 0 0
P 112 120 255 0 0
P 113 120 255 0 0
P 114 120 255 0 0
P 115 120 255 0 0
P 116 120 0 255 0
P 117 120 0 255 0
P 118 120 0 255 0
P 119 120 0 255 0
P 120 120 0 255 0
P 121 120 0 255 0
P 122 120 0 255 0
P 123 120 0 255 0
P 124 120 0 255 0
P 125 120 0 255 0
P 126 120 0 255 0
P 127 120 0 255 0
P 128 120 0 255 0
P 129 120 0 255 0
P 130 120 0 255 0
P 131 120 0 255 0
P 132 120 0 255 0
P 133 120 0 255 0
P 134 120 0 255 0
P 135 120 0 255 0
P 136 120 0 255 0
P 137 120 0 255 0
P 138 120 0 255 0
P 139 120 0 255 0
P 140 120 0 255 0
P 141 120 0 255 0
P 142 120 0 255 0
P 143 120 0 255 0
P 144 120 0 255 0
P 145 120 0 255 0
P 146 120 0 255 0
P 147 120 0 255 0
P 148 120 0 255 0
P 149 120 0 255 0
P 150 120 0 255 0
P 151 120 0 255 0
P 152 120 0 255 0
P 153 120 0 255 0
P 154 120 0 255 0
P 155 120 0 255 0
P 156 120 0 255 0
P 157 120 0 255 0
P 158 120 0 255 0
P 159 120 0 255 0
P 160 120 0 255 0
P 161 120 0 255 0
P 162 120 0 255 0
P 163 120 0 255 0
P 164 120 0 255 0
P 165 120 0 255 0
P 166 120 0 255 0
P 167 120 0 255 0
P 168 120 0 255 0
P 169 120 0 255 0
P 170 120 0 255 0
P 171 120 0 255 0
P 172 120 0 255 0
P 173 120 0 255 0
P 174 120 0 255 0
P 175 120 0 255 0
P 176 120 0 255 0
P 177 120 0 255 0
P 178 120 0 255 0
P 179 120 0 255 0
P 180 120 0 255 0
P 181 120 0 255 0
P 182 120 0 255 0
P 183 120 0 255 0
P 184 120 0 255 0
P 185 120 0 255 0
P 186 120 0 255 0
P 187 120 0 255 0
P 188 120 0 255 0
P 189 120 0 255 0
P 190 120 0 255 0
P 191 120 0 255 0
P 192 120 0 255 0
P 193 120 0 255 0
P 194 120 0 255 0
P 195 120 0 255 0
P 196 120 0 255 0
P 197 120 0 255 0
P 198 120 0 255 0
P 199 120 0 255 0
P 200 120 0 255 0
P 201 120 0 255 0
P 202 120 0 255 0
P 203 120 0 255 0
P 204 120 0 255 0
P 205 120 0 255 0
P 206 120 0 255 0
P 207 120 0 255 0
P 208 120 0 255 0
P 209 120 0 255 0
P 210 120 0 255 0
P 211 120 0 255 0
P 212 120 0 255 0
P 213 120 0 255 0
P 214 120 0 255 0
P 215 120 0 255 0
P 216 120 0 255 0
P 217 120 0 255 0
P 218 120 0 255 0
P 219 120 0 255 0
P 220 120 0 255 0
P 221 120 0 255 0
P 222 120 0 255 0
P 223 120 0 255 0
P 224 120 0 255 0
P 225 120 0 255 0
P 226 120 0 255 0
P 227 120 0 255 0
P 228 120 0 255 0
P 229 120 0 255 0
P 230 120 0 255 0
P 231 120 0 255 0
P 232 120 0 255 0
P 233 120 0 255 0
P 234 120 0 255 0
P 235 120 0 255 0
P 236 120 0 255 0
P 237 120 0 255 0
P 238 120 0 255 0
P 239 120 0 255 0
P 240 120 0 255 0
P 241 120 0 255 0
P 242 120 0 255 0
P 243 120 0 255 0
P 69 121 255 0 0
P 70 121 255 0 0
P 71 121 255 0 0
P 72 121 255 0 0
P 73 121 255 0 0
P 74 121 255 0 0
P 75 121 255 0 0
P 76 121 255 0 0
P 77 121 255 0 0
P 78 121 255 0 0
P 79 121 255 0 0
P 80 121 255 0 0
P 81 121 255 0 0
P 82 121 255 0 0
P 83 121 255 0 0
P 84 121 255 0 0
P 85 121 255 0 0
P 86 121 255 0 0
P 87 121 255 0 0
P 88 121 255 0 0
P 89 121 255 0 0
P 90 121 255 0 0
P 91 121 255 0 0
P 92 121 255 0 0
P 93 121 255 0 0
P 94 121 255 0 0
P 95 121 255 0 0
P 96 121 255 0 0
P 97 121 255 0 0
P 98 121 255 0 0
P 99 121 255 0 0
P 100 121 255 0 0
P 101 121 255 0 0
P 102 121 255 0 0
P 103 121 255 0 0
P 104 121 255 0 0
P 105 121 255 0 0
P 106 121 255 0 0
P 107 121 255 0 0
P 108 121 255 0 0
P 109 121 255 0 0
P 110 121 255 0 0
P 111 121 255 0 0
P 112 121 255 0 0
P 113 121 255 0 0
P 114 121 255 0 0
P 115 121 255 0 0
P 116 121 255 0 0
P 117 121 0 255 0
P 118 121 0 255 0
P 119 121 0 255 0
P 120 121 0 255 0
P 121 121 0 255 0
P 122 121 0 255 0
P 123 121 0 255 0
P 124 121 0 255 0
P 125 121 0 255 0
P 126 121 0 255 0
P 127 121 0 255 0
P 128 121 0 255 0
P 129 121 0 255 0
P 130 121 0 255 0
P 131 121 0 255 0
P 132 121 0 255 0
P 133 121 0 255 0
P 134 121 0 255 0
P 135 121 0 255 0
P 136 121 0 255 0
P 137 121 0 255 0
P 138 121 0 255 0
P 139 121 0 255 0
P 140 121 0 255 0
P 141 121 0 255 0
P 142 121 0 255 0
P 143 121 0 255 0
P 144 121 0 255 0
P 145 121 0 255 0
P 146 121 0 255 0
P 147 121 0 255 0
P 148 121 0 255 0
P 149 121 0 255 0
P 150 121 0 255 0
P 151 121 0 255 0
P 152 121 0 255 0
P 153 121 0 255 0
P 154 121 0 255 0
P 155 121 0 255 0
P 156 121 0 255 0
P 157 121 0 255 0
P 158 121 0 255 0
P 159 121 0 255 0
P 160 121 0 255 0
P 161 121 0 255 0
P 162 121 0 255 0
P 163 121 0 255 0
P 164 121 0 255 0
P 165 121 0 255 0
P 166 121 0 255 0
P 167 121 0 255 0
P 168 121 0 255 0
P 169 121 0 255 0
P 170 121 0 255 0
P 171 121 0 255 0
P 172 121 0 255 0
P 173 121 0 255 0
P 174 121 0 255 0
P 175 121 0 255 0
P 176 121 0 255 0
P 177 121 0 255 0
P 178 121 0 255 0
P 179 121 0 255 0
P 180 121 0 255 0
P 181 121 0 255 0
P 182 121 0 255 0
P 183 121 0 255 0
P 184 121 0 255 0
P 185 121 0 255 0
P 186 121 0 255 0
P 187 121 0 255 0
P 188 121 0 255 0
P 189 121 0 255 0
P 190 121 0 255 0
P 191 121 0 255 0
P 192 121 0 255 0
P 193 121 0 255 0
P 194 121 0 255 0
P 195 121 0 255 0
P 196 121 0 255 0
P 197 121 0 255 0
P 198 121 0 255 0
P 199 121 0 255 0
P 200 121 0 255 0
P 201 121 0 255 0
P 202 121 0 255 0
P 203 121 0 255 0
P 204 121 0 255 0
P 205 121 0 255 0
P 206 121 0 255 0
P 207 121 0 255 0
P 208 121 0 255 0
P 209 121 0 255 0
P 210 121 0 255 0
P 211 121 0 255 0
P 212 121 0 255 0
P 213 121 0 255 0
P 214 121 0 255 0
P 215 121 0 255 0
P 216 121 0 255 0
P 217 121 0 255 0
P 218 121 0 255 0
P 219 121 0 255 0
P 220 121 0 255 0
P 221 121 0 255 0
P 222 121 0 255 0
P 223 121 0 255 0
P 224 121 0 255 0
P 225 121 0 255 0
P 226 121 0 255 0
P 227 121 0 255 0
P 228 121 0 255 0
P 229 121 0 255 0
P 230 121 0 255 0
P 231 121 0 255 0
P 232 121 0 255 0
P 233 121 0 255 0
P 234 121 0 255 0
P 235 121 0 255 0
P 236 121 0 255 0
P 237 121 0 255 0
P 238 121 0 255 0
P 239 121 0 255 0
P 240 121 0 255 0
P 241 121 0 255 0
P 242 121 0 255 0
P 243 121 0 255 0
P 69 122 255 0 0
P 70 122 255 0 0
P 71 122 255 0 0
P 72 122 255 0 0
P 73 122 255 0 0
P 74 122 255 0 0
P 75 122 255 0 0
P 76 122 255 0 0
P 77 122 255 0 0
P 78 122 255 0 0
P 79 122 255 0 0
P 80 122 255 0 0
P 81 122 255 0 0
P 82 122 255 0 0
P 83 122 255 0 0
P 84 122 255 0 0
P 85 122 255 0 0
P 86 122 255 0 0
P 87 122 255 0 0
P 88 122 255 0 0
P 89 122 255 0 0
P 90 122 255 0 0
P 91 122 255 0 0
P 92 122 255 0 0
P 93 122 255 0 0
P 94 122 255 0 0
P 95 122 255 0 0
P 96 122 255 0 0
P 97 122 255 0 0
P 98 122 255 0 0
P 99 122 255 0 0
P 100 122 255 0 0
P 101 122 255 0 0
P 102 122 255 0 0
P 103 122 255 0 0
P 104 122 255 0 0
P 105 122 255 0 0
P 106 122 255 0 0
P 107 122 255 0 0
P 108 122 255 0 0
P 109 122 255 0 0
P 110 122 255 0 0
P 111 122 255 0 0
P 112 122 255 0 0
P 113 122 255 0 0
P 114 122 255 0 0
P 115 122 255 0 0
P 116 122 255 0 0
P 117 122 255 0 0
P 118 122 255 0 0
P 119 122 0 255 0
P 120 122 0 255 0
P 121 122 0 255 0
P 122 122 0 255 0
P 123 122 0 255 0
P 124 122 0 255 0
P 125 122 0 255 0
P 126 122 0 255 0
P 127 122 0 255 0
P 128 122 0 255 0
P 129 122 0 255 0
P 130 122 0 255 0
P 131 122 0 255 0
P 132 122 0 255 0
P 133 122 0 255 0
P 134 122 0 255 0
P 135 122 0 255 0
P 136 122 0 255 0
P 137 122 0 255 0
P 138 122 0 255 0
P 139 122 0 255 0
P 140 122 0 255 0
P 141 122 0 255 0
P 142 122 0 255 0
P 143 122 0 255 0
P 144 122 0 255 0
P 145 122 0 255 0
P 146 122 0 255 0
P 147 122 0 255 0
P 148 122 0 255 0
P 149 122 0 255 0
P 150 122 0 255 0
P 151 122 0 255 0
P 152 122 0 255 0
P 153 122 0 255 0
P 154 122 0 255 0
P 155 122 0 255 0
P 156 122 0 255 0
P 157 122 0 255 0
P 158 122 0 255 0
P 159 122 0 255 0
P 160 122 0 255 0
P 161 122 0 255 0
P 162 122 0 255 0
P 163 122 0 255 0
P 164 122 0 255 0
P 165 122 0 255 0
P 166 122 0 255 0
P 167 122 0 255 0
P 168 122 0 255 0
P 169 122 0 255 0
P 170 122 0 255 0
P 171 122 0 255 0
P 172 122 0 255 0
P 173 122 0 255 0
P 174 122 0 255 0
P 175 122 0 255 0
P 176 122 0 255 0
P 177 122 0 255 0
P 178 122 0 255 0
P 179 122 0 255 0
P 180 122 0 255 0
P 181 122 0 255 0
P 182 122 0 255 0
P 183 122 0 255 0
P 184 122 0 255 0
P 185 122 0 255 0
P 186 122 0 255 0
P 187 122 0 255 0
P 188 122 0 255 0
P 189 122 0 255 0
P 190 122 0 255 0
P 191 122 0 255 0
P 192 122 0 255 0
P 193 122 0 255 0
P 194 122 0 255 0
P 195 122 0 255 0
P 196 122 0 255 0
P 197 122 0 255 0
P 198 122 0 255 0
P 199 122 0 255 0
P 200 122 0 255 0
P 201 122 0 255 0
P 202 122 0 255 0
P 203 122 0 255 0
P 204 122 0 255 0
P 205 122 0 255 0
P 206 122 0 255 0
P 207 122 0 255 0
P 208 122 0 255 0
P 209 122 0 255 0
P 210 122 0 255 0
P 211 122 0 255 0
P 212 122 0 255 0
P 213 122 0 255 0
P 214 122 0 255 0
P 215 122 0 255 0
P 216 122 0 255 0
P 217 122 0 255 0
P 218 122 0 255 0
P 219 122 0 255 0
P 220 122 0 255 0
P 221 122 0 255 0
P 222 122 0 255 0
P 223 122 0 255 0
P 224 122 0 255 0
P 225 122 0 255 0
P 226 122 0 255 0
P 227 122 0 255 0
P 228 122 0 255 0
P 229 122 0 255 0
P 230 122 0 255 0
P 231 122 0 255 0
P 232 122 0 255 0
P 233 122 0 255 0
P 234 122 0 255 0
P 235 122 0 255 0
P 236 122 0 255 0
P 237 122 0 255 0
P 238 122 0 255 0
P 239 122 0 255 0
P 240 122 0 255 0
P 241 122 0 255 0
P 242 122 0 255 0
P 243 122 0 255 0
P 70 123 255 0 0
P 71 123 255 0 0
P 72 123 255 0 0
P 73 123 255 0 0
P 74 123 255 0 0
P 75 123 255 0 0
P 76 123 255 0 0
P 77 123 255 0 0
P 78 123 255 0 0
P 79 123 255 0 0
P 80 123 255 0 0
P 81 123 255 0 0
P 82 123 255 0 0
P 83 123 255 0 0
P 84 123 255 0 0
P 85 123 255 0 0
P 86 123 255 0 0
P 87 123 255 0 0
P 88 123 255 0 0
P 89 123 255 0 0
P 90 123 255 0 0
P 91 123 255 0 0
P 92 123 255 0 0
P 93 123 255 0 0
P 94 123 255 0 0
P 95 123 255 0 0
P 96 123 255 0 0
P 97 123 255 0 0
P 98 123 255 0 0
P 99 123 255 0 0
P 100 123 255 0 0
P 101 123 255 0 0
P 102 123 255 0 0
P 103 123 255 0 0
P 104 123 255 0 0
P 105 123 255 0 0
P 106 123 255 0 0
P 107 123 255 0 0
P 108 123 255 0 0
P 109 123 255 0 0
P 110 123 255 0 0
P 111 123 255 0 0
P 112 123 255 0 0
P 113 123 255 0 0
P 114 123 255 0 0
P 115 123 255 0 0
P 116 123 255 0 0
P 117 123 255 0 0
P 118 123 255 0 0
P 119 123 255 0 0
P 120 123 0 255 0
P 121 123 0 255 0
P 122 123 0 255 0
P 123 123 0 255 0
P 124 123 0 255 0
P 125 123 0 255 0
P 126 123 0 255 0
P 127 123 0 255 0
P 128 123 0 255 0
P 129 123 0 255 0
P 130 123 0 255 0
P 131 123 0 255 0
P 132 123 0 255 0
P 133 123 0 255 0
P 134 123 0 255 0
P 135 123 0 255 0
P 136 123 0 255 0
P 137 123 0 255 0
P 138 123 0 255 0
P 139 123 0 255 0
P 140 123 0 255 0
P 141 123 0 255 0
P 142 123 0 255 0
P 143 123 0 255 0
P 144 123 0 255 0
P 145 123 0 255 0
P 146 123 0 255 0
P 147 123 0 255 0
P 148 123 0 255 0
P 149 123 0 255 0
P 150 123 0 255 0
P 151 123 0 255 0
P 152 123 0 255 0
P 153 123 0 255 0
P 154 123 0 255 0
P 155 123 0 255 0
P 156 123 0 255 0
P 157 123 0 255 0
P 158 123 0 255 0
P 159 123 0 255 0
P 160 123 0 255 0
P 161 123 0 255 0
P 162 123 0 255 0
P 163 123 0 255 0
P 164 123 0 255 0
P 165 123 0 255 0
P 166 123 0 255 0
P 167 123 0 255 0
P 168 123 0 255 0
P 169 123 0 255 0
P 170 123 0 255 0
P 171 123 0 255 0
P 172 123 0 255 0
P 173 123 0 255 0
P 174 123 0 255 0
P 175 123 0 255 0
P 176 123 0 255 0
P 177 123 0 255 0
P 178 123 0 255 0
P 179 123 0 255 0
P 180 123 0 255 0
P 181 123 0 255 0
P 182 123 0 255 0
P 183 123 0 255 0
P 184 123 0 255 0
P 185 123 0 255 0
P 186 123 0 255 0
P 187 123 0 255 0
P 188 123 0 255 0
P 189 123 0 255 0
P 190 123 0 255 0
P 191 123 0 255 0
P 192 123 0 255 0
P 193 123 0 255 0
P 194 123 0 255 0
P 195 123 0 255 0
P 196 123 0 255 0
P 197 123 0 255 0
P 198 123 0 255 0
P 199 123 0 255 0
P 200 123 0 255 0
P 201 123 0 255 0
P 202 123 0 255 0
P 203 123 0 255 0
P 204 123 0 255 0
P 205 123 0 255 0
P 206 123 0 255 0
P 207 123 0 255 0
P 208 123 0 255 0
P 209 123 0 255 0
P 210 123 0 255 0
P 211 123 0 255 0
P 212 123 0 255 0
P 213 123 0 255 0
P 214 123 0 255 0
P 215 123 0 255 0
P 216 123 0 255 0
P 217 123 0 255 0
P 218 123 0 255 0
P 219 123 0 255 0
P 220 123 0 255 0
P 221 123 0 255 0
P 222 123 0 255 0
P 223 123 0 255 0
P 224 123 0 255 0
P 225 123 0 255 0
P 226 123 0 255 0
P 227 123 0 255 0
P 228 123 0 255 0
P 229 123 0 255 0
P 230 123 0 255 0
P 231 123 0 255 0
P 232 123 0 255 0
P 233 123 0 255 0
P 234 123 0 255 0
P 235 123 0 255 0
P 236 123 0 255 0
P 237 123 0 255 0
P 238 123 0 255 0
P 239 123 0 255 0
P 240 123 0 255 0
P 241 123 0 255 0
P 242 123 0 255 0
P 243 123 0 255 0
P 244 123 0 255 0
P 70 124 255 0 0
P 71 124 255 0 0
P 72 124 255 0 0
P 73 124 255 0 0
P 74 124 255 0 0
P 75 124 255 0 0
P 76 124 255 0 0
P 77 124 255 0 0
P 78 124 255 0 0
P 79 124 255 0 0
P 80 124 255 0 0
P 81 124 255 0 0
P 82 124 255 0 0
P 83 124 255 0 0
P 84 124 255 0 0
P 85 124 255 0 0
P 86 124 255 0 0
P 87 124 255 0 0
P 88 124 255 0 0
P 89 124 255 0 0
P 90 124 255 0 0
P 91 124 255 0 0
P 92 124 255 0 0
P 93 124 255 0 0
P 94 124 255 0 0
P 95 124 255 0 0
P 96 124 255 0 0
P 97 124 255 0 0
P 98 124 255 0 0
P 99 124 255 0 0
P 100 124 255 0 0
P 101 124 255 0 0
P 102 124 255 0 0
P 103 124 255 0 0
P 104 124 255 0 0
P 105 124 255 0 0
P 106 124 255 0 0
P 107 124 255 0 0
P 108 124 255 0 0
P 109 124 255 0 0
P 110 124 255 0 0
P 111 124 255 0 0
P 112 124 255 0 0
P 113 124 255 0 0
P 114 124 255 0 0
P 115 124 255 0 0
P 116 124 255 0 0
P 117 124 255 0 0
P 118 124 255 0 0
P 119 124 255 0 0
P 120 124 255 0 0
P 121 124 255 0 0
P 122 124 0 255 0
P 123 124 0 255 0
P 124 124 0 255 0
P 125 124 0 255 0
P 126 124 0 255 0
P 127 124 0 255 0
P 128 124 0 255 0
P 129 124 0 255 0
P 130 124 0 255 0
P 131 124 0 255 0
P 132 124 0 255 0
P 133 124 0 255 0
P 134 124 0 255 0
P 135 124 0 255 0
P 136 124 0 255 0
P 137 124 0 255 0
P 138 124 0 255 0
P 139 124 0 255 0
P 140 124 0 255 0
P 141 124 0 255 0
P 142 124 0 255 0
P 143 124 0 255 0
P 144 124 0 255 0
P 145 124 0 255 0
P 146 124 0 255 0
P 147 124 0 255 0
P 148 124 0 255 0
P 149 124 0 255 0
P 150 124 0 255 0
P 151 124 0 255 0
P 152 124 0 255 0
P 153 124 0 255 0
P 154 124 0 255 0
P 155 124 0 255 0
P 156 124 0 255 0
P 157 124 0 255 0
P 158 124 0 255 0
P 159 124 0 255 0
P 160 124 0 255 0
P 161 124 0 255 0
P 162 124 0 255 0
P 163 124 0 255 0
P 164 124 0 255 0
P 165 124 0 255 0
P 166 124 0 255 0
P 167 124 0 255 0
P 168 124 0 255 0
P 169 124 0 255 0
P 170 124 0 255 0
P 171 124 0 255 0
P 172 124 0 255 0
P 173 124 0 255 0
P 174 124 0 255 0
P 175 124 0 255 0
P 176 124 0 255 0
P 177 124 0 255 0
P 178 124 0 255 0
P 179 124 0 255 0
P 180 124 0 255 0
P 181 124 0 255 0
P 182 124 0 255 0
P 183 124 0 255 0
P 184 124 0 255 0
P 185 124 0 255 0
P 186 124 0 255 0
P 187 124 0 255 0
P 188 124 0 255 0
P 189 124 0 255 0
P 190 124 0 255 0
P 191 124 0 255 0
P 192 124 0 255 0
P 193 124 0 255 0
P 194 124 0 255 0
P 195 124 0 255 0
P 196 124 0 255 0
P 197 124 0 255 0
P 198 124 0 255 0
P 199 124 0 255 0
P 200 124 0 255 0
P 201 124 0 255 0
P 202 124 0 255 0
P 203 124 0 255 0
P 204 124 0 255 0
P 205 124 0 255 0
P 206 124 0 255 0
P 207 124 0 255 0
P 208 124 0 255 0
P 209 124 0 255 0
P 210 124 0 255 0
P 211 124 0 255 0
P 212 124 0 255 0
P 213 124 0 255 0
P 214 124 0 255 0
P 215 124 0 255 0
P 216 124 0 255 0
P 217 124 0 255 0
P 218 124 0 255 0
P 219 124 0 255 0
P 220 124 0 255 0
P 221 124 0 255 0
P 222 124 0 255 0
P 223 124 0 255 0
P 224 124 0 255 0
P 225 124 0 255 0
P 226 124 0 255 0
P 227 124 0 255 0
P 228 124 0 255 0
P 229 124 0 255 0
P 230 124 0 255 0
P 231 124 0 255 0
P 232 124 0 255 0
P 233 124 0 255 0
P 234 124 0 255 0
P 235 124 0 255 0
P 236 124 0 255 0
P 237 124 0 255 0
P 238 124 0 255 0
P 239 124 0 255 0
P 240 124 0 255 0
P 241 124 0 255 0
P 242 124 0 255 0
P 243 124 0 255 0
P 244 124 0 255 0
P 70 125 255 0 0
P 71 125 255 0 0
P 72 125 255 0 0
P 73 125 255 0 0
P 74 125 255 0 0
P 75 125 255 0 0
P 76 125 255 0 0
P 77 125 255 0 0
P 78 125 255 0 0
P 79 125 255 0 0
P 80 125 255 0 0
P 81 125 255 0 0
P 82 125 255 0 0
P 83 125 255 0 0
P 84 125 255 0 0
P 85 125 255 0 0
P 86 125 255 0 0
P 87 125 255 0 0
P 88 125 255 0 0
P 89 125 255 0 0
P 90 125 255 0 0
P 91 125 255 0 0
P 92 125 255 0 0
P 93 125 255 0 0
P 94 125 255 0 0
P 95 125 255 0 0
P 96 125 255 0 0
P 97 125 255 0 0
P 98 125 255 0 0
P 99 125 255 0 0
P 100 125 255 0 0
P 101 125 255 0 0
P 102 125 255 0 0
P 103 125 255 0 0
P 104 125 255 0 0
P 105 125 255 0 0
P 106 125 255 0 0
P 107 125 255 0 0
P 108 125 255 0 0
P 109 125 255 0 0
P 110 125 255 0 0
P 111 125 255 0 0
P 112 125 255 0 0
P 113 125 255 0 0
P 114 125 255 0 0
P 115 125 255 0 0
P 116 125 255 0 0
P 117 125 255 0 0
P 118 125 255 0 0
P 119 125 255 0 0
P 120 125 255 0 0
P 121 125 255 0 0
P 122 125 255 0 0
P 123 125 0 255 0
P 124 125 0 255 0
P 125 125 0 255 0
P 126 125 0 255 0
P 127 125 0 255 0
P 128 125 0 255 0
P 129 125 0 255 0
P 130 125 0 255 0
P 131 125 0 255 0
P 132 125 0 255 0
P 133 125 0 255 0
P 134 125 0 255 0
P 135 125 0 255 0
P 136 125 0 255 0
P 137 125 0 255 0
P 138 125 0 255 0
P 139 125 0 255 0
P 140 125 0 255 0
P 141 125 0 255 0
P 142 125 0 255 0
P 143 125 0 255 0
P 144 125 0 255 0
P 145 125 0 255 0
P 146 125 0 255 0
P 147 125 0 255 0
P 148 125 0 255 0
P 149 125 0 255 0
P 150 125 0 255 0
P 151 125 0 255 0
P 152 125 0 255 0
P 153 125 0 255 0
P 154 125 0 255 0
P 155 125 0 255 0
P 156 125 0 255 0
P 157 125 0 255 0
P 158 125 0 255 0
P 159 125 0 255 0
P 160 125 0 255 0
P 161 125 0 255 0
P 162 125 0 255 0
P 163 125 0 255 0
P 164 125 0 255 0
P 165 125 0 255 0
P 166 125 0 255 0
P 167 125 0 255 0
P 168 125 0 255 0
P 169 125 0 255 0
P 170 125 0 255 0
P 171 125 0 255 0
P 172 125 0 255 0
P 173 125 0 255 0
P 174 125 0 255 0
P 175 125 0 255 0
P 176 125 0 255 0
P 177 125 0 255 0
P 178 125 0 255 0
P 179 125 0 255 0
P 180 125 0 255 0
P 181 125 0 255 0
P 182 125 0 255 0
P 183 125 0 255 0
P 184 125 0 255 0
P 185 125 0 255 0
P 186 125 0 255 0
P 187 125 0 255 0
P 188 125 0 255 0
P 189 125 0 255 0
P 190 125 0 255 0
P 191 125 0 255 0
P 192 125 0 255 0
P 193 125 0 255 0
P 194 125 0 255 0
P 195 125 0 255 0
P 196 125 0 255 0
P 197 125 0 255 0
P 198 125 0 255 0
P 199 125 0 255 0
P 200 125 0 255 0
P 201 125 0 255 0
P 202 125 0 255 0
P 203 125 0 255 0
P 204 125 0 255 0
P 205 125 0 255 0
P 206 125 0 255 0
P 207 125 0 255 0
P 208 125 0 255 0
P 209 125 0 255 0
P 210 125 0 255 0
P 211 125 0 255 0
P 212 125 0 255 0
P 213 125 0 255 0
P 214 125 0 255 0
P 215 125 0 255 0
P 216 125 0 255 0
P 217 125 0 255 0
P 218 125 0 255 0
P 219 125 0 255 0
P 220 125 0 255 0
P 221 125 0 255 0
P 222 125 0 255 0
P 223 125 0 255 0
P 224 125 0 255 0
P 225 125 0 255 0
P 226 125 0 255 0
P 227 125 0 255 0
P 228 125 0 255 0
P 229 125 0 255 0
P 230 125 0 255 0
P 231 125 0 255 0
P 232 125 0 255 0
P 233 125 0 255 0
P 234 125 0 255 0
P 235 125 0 255 0
P 236 125 0 255 0
P 237 125 0 255 0
P 238 125 0 255 0
P 239 125 0 255 0
P 240 125 0 255 0
P 241 125 0 255 0
P 242 125 0 255 0
P 243 125 0 255 0
P 244 125 0 255 0
P 70 126 255 0 0
P 71 126 255 0 0
P 72 126 255 0 0
P 73 126 255 0 0
P 74 126 255 0 0
P 75 126 255 0 0
P 76 126 255 0 0
P 77 126 255 0 0
P 78 126 255 0 0
P 79 126 255 0 0
P 80 126 255 0 0
P 81 126 255 0 0
P 82 126 255 0 0
P 83 126 255 0 0
P 84 126 255 0 0
P 85 126 255 0 0
P 86 126 255 0 0
P 87 126 255 0 0
P 88 126 255 0 0
P 89 126 255 0 0
P 90 126 255 0 0
P 91 126 255 0 0
P 92 126 255 0 0
P 93 126 255 0 0
P 94 126 255 0 0
P 95 126 255 0 0
P 96 126 255 0 0
P 97 126 255 0 0
P 98 126 255 0 0
P 99 126 255 0 0
P 100 126 255 0 0
P 101 126 255 0 0
P 102 126 255 0 0
P 103 126 255 0 0
P 104 126 255 0 0
P 105 126 255 0 0
P 106 126 255 0 0
P 107 126 255 0 0
P 108 126 255 0 0
P 109 126 255 0 0
P 110 126 255 0 0
P 111 126 255 0 0
P 112 126 255 0 0
P 113 126 255 0 0
P 114 126 255 0 0
P 115 126 255 0 0
P 116 126 255 0 0
P 117 126 255 0 0
P 118 126 255 0 0
P 119 126 255 0 0
P 120 126 255 0 0
P 121 126 255 0 0
P 122 126 255 0 0
P 123 126 255 0 0
P 124 126 255 0 0
P 125 126 0 255 0
P 126 126 0 255 0
P 127 126 0 255 0
P 128 126 0 255 0
P 129 126 0 255 0
P 130 126 0 255 0
P 131 126 0 255 0
P 132 126 0 255 0
P 133 126 0 255 0
P 134 126 0 255 0
P 135 126 0 255 0
P 136 126 0 255 0
P 137 126 0 255 0
P 138 126 0 255 0
P 139 126 0 255 0
P 140 126 0 255 0
P 141 126 0 255 0
P 142 126 0 255 0
P 143 126 0 255 0
P 144 126 0 255 0
P 145 126 0 255 0
P 146 126 0 255 0
P 147 126 0 255 0
P 148 126 0 255 0
P 149 126 0 255 0
P 150 126 0 255 0
P 151 126 0 255 0
P 152 126 0 255 0
P 153 126 0 255 0
P 154 126 0 255 0
P 155 126 0 255 0
P 156 126 0 255 0
P 157 126 0 255 0
P 158 126 0 255 0
P 159 126 0 255 0
P 160 126 0 255 0
P 161 126 0 255 0
P 162 126 0 255 0
P 163 126 0 255 0
P 164 126 0 255 0
P 165 126 0 255 0
P 166 126 0 255 0
P 167 126 0 255 0
P 168 126 0 255 0
P 169 126 0 255 0
P 170 126 0 255 0
P 171 126 0 255 0
P 172 126 0 255 0
P 173 126 0 255 0
P 174 126 0 255 0
P 175 126 0 255 0
P 176 126 0 255 0
P 177 126 0 255 0
P 178 126 0 255 0
P 179 126 0 255 0
P 180 126 0 255 0
P 181 126 0 255 0
P 182 126 0 255 0
P 183 126 0 255 0
P 184 126 0 255 0
P 185 126 0 255 0
P 186 126 0 255 0
P 187 126 0 255 0
P 188 126 0 255 0
P 189 126 0 255 0
P 190 126 0 255 0
P 191 126 0 255 0
P 192 126 0 255 0
P 193 126 0 255 0
P 194 126 0 255 0
P 195 126 0 255 0
P 196 126 0 255 0
P 197 126 0 255 0
P 198 126 0 255 0
P 199 126 0 255 0
P 200 126 0 255 0
P 201 126 0 255 0
P 202 126 0 255 0
P 203 126 0 255 0
P 204 126 0 255 0
P 205 126 0 255 0
P 206 126 0 255 0
P 207 126 0 255 0
P 208 126 0 255 0
P 209 126 0 255 0
P 210 126 0 255 0
P 211 126 0 255 0
P 212 126 0 255 0
P 213 126 0 255 0
P 214 126 0 255 0
P 215 126 0 255 0
P 216 126 0 255 0
P 217 126 0 255 0
P 218 126 0 255 0
P 219 126 0 255 0
P 220 126 0 255 0
P 221 126 0 255 0
P 222 126 0 255 0
P 223 126 0 255 0
P 224 126 0 255 0
P 225 126 0 255 0
P 226 126 0 255 0
P 227 126 0 255 0
P 228 126 0 255 0
P 229 126 0 255 0
P 230 126 0 255 0
P 231 126 0 255 0
P 232 126 0 255 0
P 233 126 0 255 0
P 234 126 0 255 0
P 235 126 0 255 0
P 236 126 0 255 0
P 237 126 0 255 0
P 238 126 0 255 0
P 239 126 0 255 0
P 240 126 0 255 0
P 241 126 0 255 0
P 242 126 0 255 0
P 243 126 0 255 0
P 244 126 0 255 0
P 71 127 255 0 0
P 72 127 255 0 0
P 73 127 255 0 0
P 74 127 255 0 0
P 75 127 255 0 0
P 76 127 255 0 0
P 77 127 255 0 0
P 78 127 255 0 0
P 79 127 255 0 0
P 80 127 255 0 0
P 81 127 255 0 0
P 82 127 255 0 0
P 83 127 255 0 0
P 84 127 255 0 0
P 85 127 255 0 0
P 86 127 255 0 0
P 87 127 255 0 0
P 88 127 255 0 0
P 89 127 255 0 0
P 90 127 255 0 0
P 91 127 255 0 0
P 92 127 255 0 0
P 93 127 255 0 0
P 94 127 255 0 0
P 95 127 255 0 0
P 96 127 255 0 0
P 97 127 255 0 0
P 98 127 255 0 0
P 99 127 255 0 0
P 100 127 255 0 0
P 101 127 255 0 0
P 102 127 255 0 0
P 103 127 255 0 0
P 104 127 255 0 0
P 105 127 255 0 0
P 106 127 255 0 0
P 107 127 255 0 0
P 108 127 255 0 0
P 109 127 255 0 0
P 110 127 255 0 0
P 111 127 255 0 0
P 112 127 255 0 0
P 113 127 255 0 0
P 114 127 255 0 0
P 115 127 255 0 0
P 116 127 255 0 0
P 117 127 255 0 0
P 118 127 255 0 0
P 119 127 255 0 0
P 120 127 255 0 0
P 121 127 255 0 0
P 122 127 255 0 0
P 123 127 255 0 0
P 124 127 255 0 0
P 125 127 255 0 0
P 126 127 0 255 0
P 127 127 0 255 0
P 128 127 0 255 0
P 129 127 0 255 0
P 130 127 0 255 0
P 131 127 0 255 0
P 132 127 0 255 0
P 133 127 0 255 0
P 134 127 0 255 0
P 135 127 0 255 0
P 136 127 0 255 0
P 137 127 0 255 0
P 138 127 0 255 0
P 139 127 0 255 0
P 140 127 0 255 0
P 141 127 0 255 0
P 142 127 0 255 0
P 143 127 0 255 0
P 144 127 0 255 0
P 145 127 0 255 0
P 146 127 0 255 0
P 147 127 0 255 0
P 148 127 0 255 0
P 149 127 0 255 0
P 150 127 0 255 0
P 151 127 0 255 0
P 152 127 0 255 0
P 153 127 0 255 0
P 154 127 0 255 0
P 155 127 0 255 0
P 156 127 0 255 0
P 157 127 0 255 0
P 158 127 0 255 0
P 159 127 0 255 0
P 160 127 0 255 0
P 161 127 0 255 0
P 162 127 0 255 0
P 163 127 0 255 0
P 164 127 0 255 0
P 165 127 0 255 0
P 166 127 0 255 0
P 167 127 0 255 0
P 168 127 0 255 0
P 169 127 0 255 0
P 170 127 0 255 0
P 171 127 0 255 0
P 172 127 0 255 0
P 173 127 0 255 0
P 174 127 0 255 0
P 175 127 0 255 0
P 176 127 0 255 0
P 177 127 0 255 0
P 178 127 0 255 0
P 179 127 0 255 0
P 180 127 0 255 0
P 181 127 0 255 0
P 182 127 0 255 0
P 183 127 0 255 0
P 184 127 0 255 0
P 185 127 0 255 0
P 186 127 0 255 0
P 187 127 0 255 0
P 188 127 0 255 0
P 189 127 0 255 0
P 190 127 0 255 0
P 191 127 0 255 0
P 192 127 0 255 0
P 193 127 0 255 0
P 194 127 0 255 0
P 195 127 0 255 0
P 196 127 0 255 0
P 197 127 0 255 0
P 198 127 0 255 0
P 199 127 0 255 0
P 200 127 0 255 0
P 201 127 0 255 0
P 202 127 0 255 0
P 203 127 0 255 0
P 204 127 0 255 0
P 205 127 0 255 0
P 206 127 0 255 0
P 207 127 0 255 0
P 208 127 0 255 0
P 209 127 0 255 0
P 210 127 0 255 0
P 211 127 0 255 0
P 212 127 0 255 0
P 213 127 0 255 0
P 214 127 0 255 0
P 215 127 0 255 0
P 216 127 0 255 0
P 217 127 0 255 0
P 218 127 0 255 0
P 219 127 0 255 0
P 220 127 0 255 0
P 221 127 0 255 0
P 222 127 0 255 0
P 223 127 0 255 0
P 224 127 0 255 0
P 225 127 0 255 0
P 226 127 0 255 0
P 227 127 0 255 0
P 228 127 0 255 0
P 229 127 0 255 0
P 230 127 0 255 0
P 231 127 0 255 0
P 232 127 0 255 0
P 233 127 0 255 0
P 234 127 0 255 0
P 235 127 0 255 0
P 236 127 0 255 0
P 237 127 0 255 0
P 238 127 0 255 0
P 239 127 0 255 0
P 240 127 0 255 0
P 241 127 0 255 0
P 242 127 0 255 0
P 243 127 0 255 0
P 244 127 0 255 0
P 71 128 255 0 0
P 72 128 255 0 0
P 73 128 255 0 0
P 74 128 255 0 0
P 75 128 255 0 0
P 76 128 255 0 0
P 77 128 255 0 0
P 78 128 255 0 0
P 79 128 255 0 0
P 80 128 255 0 0
P 81 128 255 0 0
P 82 128 255 0 0
P 83 128 255 0 0
P 84 128 255 0 0
P 85 128 255 0 0
P 86 128 255 0 0
P 87 128 255 0 0
P 88 128 255 0 0
P 89 128 255 0 0
P 90 128 255 0 0
P 91 128 255 0 0
P 92 128 255 0 0
P 93 128 255 0 0
P 94 128 255 0 0
P 95 128 255 0 0
P 96 128 255 0 0
P 97 128 255 0 0
P 98 128 255 0 0
P 99 128 255 0 0
P 100 128 255 0 0
P 101 128 255 0 0
P 102 128 255 0 0
P 103 128 255 0 0
P 104 128 255 0 0
P 105 128 255 0 0
P 106 128 255 0 0
P 107 128 255 0 0
P 108 128 255 0 0
P 109 128 255 0 0
P 110 128 255 0 0
P 111 128 255 0 0
P 112 128 255 0 0
P 113 128 255 0 0
P 114 128 255 0 0
P 115 128 255 0 0
P 116 128 255 0 0
P 117 128 255 0 0
P 118 128 255 0 0
P 119 128 255 0 0
P 120 128 255 0 0
P 121 128 255 0 0
P 122 128 255 0 0
P 123 128 255 0 0
P 124 128 255 0 0
P 125 128 255 0 0
P 126 128 255 0 0
P 127 128 255 0 0
P 128 128 0 255 0
P 129 128 0 255 0
P 130 128 0 255 0
P 131 128 0 255 0
P 132 128 0 255 0
P 133 128 0 255 0
P 134 128 0 255 0
P 135 128 0 255 0
P 136 128 0 255 0
P 137 128 0 255 0
P 138 128 0 255 0
P 139 128 0 255 0
P 140 128 0 255 0
P 141 128 0 255 0
P 142 128 0 255 0
P 143 128 0 255 0
P 144 128 0 255 0
P 145 128 0 255 0
P 146 128 0 255 0
P 147 128 0 255 0
P 148 128 0 255 0
P 149 128 0 255 0
P 150 128 0 255 0
P 151 128 0 255 0
P 152 128 0 255 0
P 153 128 0 255 0
P 154 128 0 255 0
P 155 128 0 255 0
P 156 128 0 255 0
P 157 128 0 255 0
P 158 128 0 255 0
P 159 128 0 255 0
P 160 128 0 255 0
P 161 128 0 255 0
P 162 128 0 255 0
P 163 128 0 255 0
P 164 128 0 255 0
P 165 128 0 255 0
P 166 128 0 255 0
P 167 128 0 255 0
P 168 128 0 255 0
P 169 128 0 255 0
P 170 128 0 255 0
P 171 128 0 255 0
P 172 128 0 255 0
P 173 128 0 255 0
P 174 128 0 255 0
P 175 128 0 255 0
P 176 128 0 255 0
P 177 128 0 255 0
P 178 128 0 255 0
P 179 128 0 255 0
P 180 128 0 255 0
P 181 128 0 255 0
P 182 128 0 255 0
P 183 128 0 255 0
P 184 128 0 255 0
P 185 128 0 255 0
P 186 128 0 255 0
P 187 128 0 255 0
P 188 128 0 255 0
P 189 128 0 255 0
P 190 128 0 255 0
P 191 128 0 255 0
P 192 128 0 255 0
P 193 128 0 255 0
P 194 128 0 255 0
P 195 128 0 255 0
P 196 128 0 255 0
P 197 128 0 255 0
P 198 128 0 255 0
P 199 128 0 255 0
P 200 128 0 255 0
P 201 128 0 255 0
P 202 128 0 255 0
P 203 128 0 255 0
P 204 128 0 255 0
P 205 128 0 255 0
P 206 128 0 255 0
P 207 128 0 255 0
P 208 128 0 255 0
P 209 128 0 255 0
P 210 128 0 255 0
P 211 128 0 255 0
P 212 128 0 255 0
P 213 128 0 255 0
P 214 128 0 255 0
P 215 128 0 255 0
P 216 128 0 255 0
P 217 128 0 255 0
P 218 128 0 255 0
P 219 128 0 255 0
P 220 128 0 255 0
P 221 128 0 255 0
P 222 128 0 255 0
P 223 128 0 255 0
P 224 128 0 255 0
P 225 128 0 255 0
P 226 128 0 255 0
P 227 128 0 255 0
P 228 128 0 255 0
P 229 128 0 255 0
P 230 128 0 255 0
P 231 128 0 255 0
P 232 128 0 255 0
P 233 128 0 255 0
P 234 128 0 255 0
P 235 128 0 255 0
P 236 128 0 255 0
P 237 128 0 255 0
P 238 128 0 255 0
P 239 128 0 255 0
P 240 128 0 255 0
P 241 128 0 255 0
P 242 128 0 255 0
P 243 128 0 255 0
P 244 128 0 255 0
P 71 129 255 0 0
P 72 129 255 0 0
P 73 129 255 0 0
P 74 129 255 0 0
P 75 129 255 0 0
P 76 129 255 0 0
P 77 129 255 0 0
P 78 129 255 0 0
P 79 129 255 0 0
P 80 129 255 0 0
P 81 129 255 0 0
P 82 129 255 0 0
P 83 129 255 0 0
P 84 129 255 0 0
P 85 129 255 0 0
P 86 129 255 0 0
P 87 129 255 0 0
P 88 129 255 0 0
P 89 129 255 0 0
P 90 129 255 0 0
P 91 129 255 0 0
P 92 129 255 0 0
P 93 129 255 0 0
P 94 129 255 0 0
P 95 129 255 0 0
P 96 129 255 0 0
P 97 129 255 0 0
P 98 129 255 0 0
P 99 129 255 0 0
P 100 129 255 0 0
P 101 129 255 0 0
P 102 129 255 0 0
P 103 129 255 0 0
P 104 129 255 0 0
P 105 129 255 0 0
P 106 129 255 0 0
P 107 129 255 0 0
P 108 129 255 0 0
P 109 129 255 0 0
P 110 129 255 0 0
P 111 129 255 0 0
P 112 129 255 0 0
P 113 129 255 0 0
P 114 129 255 0 0
P 115 129 255 0 0
P 116 129 255 0 0
P 117 129 255 0 0
P 118 129 255 0 0
P 119 129 255 0 0
P 120 129 255 0 0
P 121 129 255 0 0
P 122 129 255 0 0
P 123 129 255 0 0
P 124 129 255 0 0
P 125 129 255 0 0
P 126 129 255 0 0
P 127 129 255 0 0
P 128 129 255 0 0
P 129 129 0 255 0
P 130 129 0 255 0
P 131 129 0 255 0
P 132 129 0 255 0
P 133 129 0 255 0
P 134 129 0 255 0
P 135 129 0 255 0
P 136 129 0 255 0
P 137 129 0 255 0
P 138 129 0 255 0
P 139 129 0 255 0
P 140 129 0 255 0
P 141 129 0 255 0
P 142 129 0 255 0
P 143 129 0 255 0
P 144 129 0 255 0
P 145 129 0 255 0
P 146 129 0 255 0
P 147 129 0 255 0
P 148 129 0 255 0
P 149 129 0 255 0
P 150 129 0 255 0
P 151 129 0 255 0
P 152 129 0 255 0
P 153 129 0 255 0
P 154 129 0 255 0
P 155 129 0 255 0
P 156 129 0 255 0
P 157 129 0 255 0
P 158 129 0 255 0
P 159 129 0 255 0
P 160 129 0 255 0
P 161 129 0 255 0
P 162 129 0 255 0
P 163 129 0 255 0
P 164 129 0 255 0
P 165 129 0 255 0
P 166 129 0 255 0
P 167 129 0 255 0
P 168 129 0 255 0
P 169 129 0 255 0
P 170 129 0 255 0
P 171 129 0 255 0
P 172 129 0 255 0
P 173 129 0 255 0
P 174 129 0 255 0
P 175 129 0 255 0
P 176 129 0 255 0
P 177 129 0 255 0
P 178 129 0 255 0
P 179 129 0 255 0
P 180 129 0 255 0
P 181 129 0 255 0
P 182 129 0 255 0
P 183 129 0 255 0
P 184 129 0 255 0
P 185 129 0 255 0
P 186 129 0 255 0
P 187 129 0 255 0
P 188 129 0 255 0
P 189 129 0 255 0
P 190 129 0 255 0
P 191 129 0 255 0
P 192 129 0 255 0
P 193 129 0 255 0
P 194 129 0 255 0
P 195 129 0 255 0
P 196 129 0 255 0
P 197 129 0 255 0
P 198 129 0 255 0
P 199 129 0 255 0
P 200 129 0 255 0
P 201 129 0 255 0
P 202 129 0 255 0
P 203 129 0 255 0
P 204 129 0 255 0
P 205 129 0 255 0
P 206 129 0 255 0
P 207 129 0 255 0
P 208 129 0 255 0
P 209 129 0 255 0
P 210 129 0 255 0
P 211 129 0 255 0
P 212 129 0 255 0
P 213 129 0 255 0
P 214 129 0 255 0
P 215 129 0 255 0
P 216 129 0 255 0
P 217 129 0 255 0
P 218 129 0 255 0
P 219 129 0 255 0
P 220 129 0 255 0
P 221 129 0 255 0
P 222 129 0 255 0
P 223 129 0 255 0
P 224 129 0 255 0
P 225 129 0 255 0
P 226 129 0 255 0
P 227 129 0 255 0
P 228 129 0 255 0
P 229 129 0 255 0
P 230 129 0 255 0
P 231 129 0 255 0
P 232 129 0 255 0
P 233 129 0 255 0
P 234 129 0 255 0
P 235 129 0 255 0
P 236 129 0 255 0
P 237 129 0 255 0
P 238 129 0 255 0
P 239 129 0 255 0
P 240 129 0 255 0
P 241 129 0 255 0
P 242 129 0 255 0
P 243 129 0 255 0
P 244 129 0 255 0
P 71 130 255 0 0
P 72 130 255 0 0
P 73 130 255 0 0
P 74 130 255 0 0
P 75 130 255 0 0
P 76 130 255 0 0
P 77 130 255 0 0
P 78 130 255 0 0
P 79 130 255 0 0
P 80 130 255 0 0
P 81 130 255 0 0
P 82 130 255 0 0
P 83 130 255 0 0
P 84 130 255 0 0
P 85 130 255 0 0
P 86 130 255 0 0
P 87 130 255 0 0
P 88 130 255 0 0
P 89 130 255 0 0
P 90 130 255 0 0
P 91 130 255 0 0
P 92 130 255 0 0
P 93 130 255 0 0
P 94 130 255 0 0
P 95 130 255 0 0
P 96 130 255 0 0
P 97 130 255 0 0
P 98 130 255 0 0
P 99 130 255 0 0
P 100 130 255 0 0
P 101 130 255 0 0
P 102 130 255 0 0
P 103 130 255 0 0
P 104 130 255 0 0
P 105 130 255 0 0
P 106 130 255 0 0
P 107 130 255 0 0
P 108 130 255 0 0
P 109 130 255 0 0
P 110 130 255 0 0
P 111 130 255 0 0
P 112 130 255 0 0
P 113 130 255 0 0
P 114 130 255 0 0
P 115 130 255 0 0
P 116 130 255 0 0
P 117 130 255 0 0
P 118 130 255 0 0
P 119 130 255 0 0
P 120 130 255 0 0
P 121 130 255 0 0
P 122 130 255 0 0
P 123 130 255 0 0
P 124 130 255 0 0
P 125 130 255 0 0
P 126 130 255 0 0
P 127 130 255 0 0
P 128 130 255 0 0
P 129 130 255 0 0
P 130 130 255 0 0
P 131 130 0 255 0
P 132 130 0 255 0
P 133 130 0 255 0
P 134 130 0 255 0
P 135 130 0 255 0
P 136 130 0 255 0
P 137 130 0 255 0
P 138 130 0 255 0
P 139 130 0 255 0
P 140 130 0 255 0
P 141 130 0 255 0
P 142 130 0 255 0
P 143 130 0 255 0
P 144 130 0 255 0
P 145 130 0 255 0
P 146 130 0 255 0
P 147 130 0 255 0
P 148 130 0 255 0
P 149 130 0 255 0
P 150 130 0 255 0
P 151 130 0 255 0
P 152 130 0 255 0
P 153 130 0 255 0
P 154 130 0 255 0
P 155 130 0 255 0
P 156 130 0 255 0
P 157 130 0 255 0
P 158 130 0 255 0
P 159 130 0 255 0
P 160 130 0 255 0
P 161 130 0 255 0
P 162 130 0 255 0
P 163 130 0 255 0
P 164 130 0 255 0
P 165 130 0 255 0
P 166 130 0 255 0
P 167 130 0 255 0
P 168 130 0 255 0
P 169 130 0 255 0
P 170 130 0 255 0
P 171 130 0 255 0
P 172 130 0 255 0
P 173 130 0 255 0
P 174 130 0 255 0
P 175 130 0 255 0
P 176 130 0 255 0
P 177 130 0 255 0
P 178 130 0 255 0
P 179 130 0 255 0
P 180 130 0 255 0
P 181 130 0 255 0
P 182 130 0 255 0
P 183 130 0 255 0
P 184 130 0 255 0
P 185 130 0 255 0
P 186 130 0 255 0
P 187 130 0 255 0
P 188 130 0 255 0
P 189 130 0 255 0
P 190 130 0 255 0
P 191 130 0 255 0
P 192 130 0 255 0
P 193 130 0 255 0
P 194 130 0 255 0
P 195 130 0 255 0
P 196 130 0 255 0
P 197 130 0 255 0
P 198 130 0 255 0
P 199 130 0 255 0
P 200 130 0 255 0
P 201 130 0 255 0
P 202 130 0 255 0
P 203 130 0 255 0
P 204 130 0 255 0
P 205 130 0 255 0
P 206 130 0 255 0
P 207 130 0 255 0
P 208 130 0 255 0
P 209 130 0 255 0
P 210 130 0 255 0
P 211 130 0 255 0
P 212 130 0 255 0
P 213 130 0 255 0
P 214 130 0 255 0
P 215 130 0 255 0
P 216 130 0 255 0
P 217 130 0 255 0
P 218 130 0 255 0
P 219 130 0 255 0
P 220 130 0 255 0
P 221 130 0 255 0
P 222 130 0 255 0
P 223 130 0 255 0
P 224 130 0 255 0
P 225 130 0 255 0
P 226 130 0 255 0
P 227 130 0 255 0
P 228 130 0 255 0
P 229 130 0 255 0
P 230 130 0 255 0
P 231 130 0 255 0
P 232 130 0 255 0
P 233 130 0 255 0
P 234 130 0 255 0
P 235 130 0 255 0
P 236 130 0 255 0
P 237 130 0 255 0
P 238 130 0 255 0
P 239 130 0 255 0
P 240 130 0 255 0
P 241 130 0 255 0
P 242 130 0 255 0
P 243 130 0 255 0
P 244 130 0 255 0
P 72 131 255 0 0
P 73 131 255 0 0
P 74 131 255 0 0
P 75 131 255 0 0
P 76 131 255 0 0
P 77 131 255 0 0
P 78 131 255 0 0
P 79 131 255 0 0
P 80 131 255 0 0
P 81 131 255 0 0
P 82 131 255 0 0
P 83 131 255 0 0
P 84 131 255 0 0
P 85 131 255 0 0
P 86 131 255 0 0
P 87 131 255 0 0
P 88 131 255 0 0
P 89 131 255 0 0
P 90 131 255 0 0
P 91 131 255 0 0
P 92 131 255 0 0
P 93 131 255 0 0
P 94 131 255 0 0
P 95 131 255 0 0
P 96 131 255 0 0
P 97 131 255 0 0
P 98 131 255 0 0
P 99 131 255 0 0
P 100 131 255 0 0
P 101 131 255 0 0
P 102 131 255 0 0
P 103 131 255 0 0
P 104 131 255 0 0
P 105 131 255 0 0
P 106 131 255 0 0
P 107 131 255 0 0
P 108 131 255 0 0
P 109 131 255 0 0
P 110 131 255 0 0
P 111 131 255 0 0
P 112 131 255 0 0
P 113 131 255 0 0
P 114 131 255 0 0
P 115 131 255 0 0
P 116 131 255 0 0
P 117 131 255 0 0
P 118 131 255 0 0
P 119 131 255 0 0
P 120 131 255 0 0
P 121 131 255 0 0
P 122 131 255 0 0
P 123 131 255 0 0
P 124 131 255 0 0
P 125 131 255 0 0
P 126 131 255 0 0
P 127 131 255 0 0
P 128 131 255 0 0
P 129 131 255 0 0
P 130 131 255 0 0
P 131 131 255 0 0
P 132 131 0 255 0
P 133 131 0 255 0
P 134 131 0 255 0
P 135 131 0 255 0
P 136 131 0 255 0
P 137 131 0 255 0
P 138 131 0 255 0
P 139 131 0 255 0
P 140 131 0 255 0
P 141 131 0 255 0
P 142 131 0 255 0
P 143 131 0 255 0
P 144 131 0 255 0
P 145 131 0 255 0
P 146 131 0 255 0
P 147 131 0 255 0
P 148 131 0 255 0
P 149 131 0 255 0
P 150 131 0 255 0
P 151 131 0 255 0
P 152 131 0 255 0
P 153 131 0 255 0
P 154 131 0 255 0
P 155 131 0 255 0
P 156 131 0 255 0
P 157 131 0 255 0
P 158 131 0 255 0
P 159 131 0 255 0
P 160 131 0 255 0
P 161 131 0 255 0
P 162 131 0 255 0
P 163 131 0 255 0
P 164 131 0 255 0
P 165 131 0 255 0
P 166 131 0 255 0
P 167 131 0 255 0
P 168 131 0 255 0
P 169 131 0 255 0
P 170 131 0 255 0
P 171 131 0 255 0
P 172 131 0 255 0
P 173 131 0 255 0
P 174 131 0 255 0
P 175 131 0 255 0
P 176 131 0 255 0
P 177 131 0 255 0
P 178 131 0 255 0
P 179 131 0 255 0
P 180 131 0 255 0
P 181 131 0 255 0
P 182 131 0 255 0
P 183 131 0 255 0
P 184 131 0 255 0
P 185 131 0 255 0
P 186 131 0 255 0
P 187 131 0 255 0
P 188 131 0 255 0
P 189 131 0 255 0
P 190 131 0 255 0
P 191 131 0 255 0
P 192 131 0 255 0
P 193 131 0 255 0
P 194 131 0 255 0
P 195 131 0 255 0
P 196 131 0 255 0
P 197 131 0 255 0
P 198 131 0 255 0
P 199 131 0 255 0
P 200 131 0 255 0
P 201 131 0 255 0
P 202 131 0 255 0
P 203 131 0 255 0
P 204 131 0 255 0
P 205 131 0 255 0
P 206 131 0 255 0
P 207 131 0 255 0
P 208 131 0 255 0
P 209 131 0 255 0
P 210 131 0 255 0
P 211 131 0 255 0
P 212 131 0 255 0
P 213 131 0 255 0
P 214 131 0 255 0
P 215 131 0 255 0
P 216 131 0 255 0
P 217 131 0 255 0
P 218 131 0 255 0
P 219 131 0 255 0
P 220 131 0 255 0
P 221 131 0 255 0
P 222 131 0 255 0
P 223 131 0 255 0
P 224 131 0 255 0
P 225 131 0 255 0
P 226 131 0 255 0
P 227 131 0 255 0
P 228 131 0 255 0
P 229 131 0 255 0
P 230 131 0 255 0
P 231 131 0 255 0
P 232 131 0 255 0
P 233 131 0 255 0
P 234 131 0 255 0
P 235 131 0 255 0
P 236 131 0 255 0
P 237 131 0 255 0
P 238 131 0 255 0
P 239 131 0 255 0
P 240 131 0 255 0
P 241 131 0 255 0
P 242 131 0 255 0
P 243 131 0 255 0
P 244 131 0 255 0
P 72 132 255 0 0
P 73 132 255 0 0
P 74 132 255 0 0
P 75 132 255 0 0
P 76 132 255 0 0
P 77 132 255 0 0
P 78 132 255 0 0
P 79 132 255 0 0
P 80 132 255 0 0
P 81 132 255 0 0
P 82 132 255 0 0
P 83 132 255 0 0
P 84 132 255 0 0
P 85 132 255 0 0
P 86 132 255 0 0
P 87 132 255 0 0
P 88 132 255 0 0
P 89 132 255 0 0
P 90 132 255 0 0
P 91 132 255 0 0
P 92 132 255 0 0
P 93 132 255 0 0
P 94 132 255 0 0
P 95 132 255 0 0
P 96 132 255 0 0
P 97 132 255 0 0
P 98 132 255 0 0
P 99 132 255 0 0
P 100 132 255 0 0
P 101 132 255 0 0
P 102 132 255 0 0
P 103 132 255 0 0
P 104 132 255 0 0
P 105 132 255 0 0
P 106 132 255 0 0
P 107 132 255 0 0
P 108 132 255 0 0
P 109 132 255 0 0
P 110 132 255 0 0
P 111 132 255 0 0
P 112 132 255 0 0
P 113 132 255 0 0
P 114 132 255 0 0
P 115 132 255 0 0
P 116 132 255 0 0
P 117 132 255 0 0
P 118 132 255 0 0
P 119 132 255 0 0
P 120 132 255 0 0
P 121 132 255 0 0
P 122 132 255 0 0
P 123 132 255 0 0
P 124 132 255 0 0
P 125 132 255 0 0
P 126 132 255 0 0
P 127 132 255 0 0
P 128 132 255 0 0
P 129 132 255 0 0
P 130 132 255 0 0
P 131 132 255 0 0
P 132 132 255 0 0
P 133 132 255 0 0
P 134 132 0 255 0
P 135 132 0 255 0
P 136 132 0 255 0
P 137 132 0 255 0
P 138 132 0 255 0
P 139 132 0 255 0
P 140 132 0 255 0
P 141 132 0 255 0
P 142 132 0 255 0
P 143 132 0 255 0
P 144 132 0 255 0
P 145 132 0 255 0
P 146 132 0 255 0
P 147 132 0 255 0
P 148 132 0 255 0
P 149 132 0 255 0
P 150 132 0 255 0
P 151 132 0 255 0
P 152 132 0 255 0
P 153 132 0 255 0
P 154 132 0 255 0
P 155 132 0 255 0
P 156 132 0 255 0
P 157 132 0 255 0
P 158 132 0 255 0
P 159 132 0 255 0
P 160 132 0 255 0
P 161 132 0 255 0
P 162 132 0 255 0
P 163 132 0 255 0
P 164 132 0 255 0
P 165 132 0 255 0
P 166 132 0 255 0
P 167 132 0 255 0
P 168 132 0 255 0
P 169 132 0 255 0
P 170 132 0 255 0
P 171 132 0 255 0
P 172 132 0 255 0
P 173 132 0 255 0
P 174 132 0 255 0
P 175 132 0 255 0
P 176 132 0 255 0
P 177 132 0 255 0
P 178 132 0 255 0
P 179 132 0 255 0
P 180 132 0 255 0
P 181 132 0 255 0
P 182 132 0 255 0
P 183 132 0 255 0
P 184 132 0 255 0
P 185 132 0 255 0
P 186 132 0 255 0
P 187 132 0 255 0
P 188 132 0 255 0
P 189 132 0 255 0
P 190 132 0 255 0
P 191 132 0 255 0
P 192 132 0 255 0
P 193 132 0 255 0
P 194 132 0 255 0
P 195 132 0 255 0
P 196 132 0 255 0
P 197 132 0 255 0
P 198 132 0 255 0
P 199 132 0 255 0
P 200 132 0 255 0
P 201 132 0 255 0
P 202 132 0 255 0
P 203 132 0 255 0
P 204 132 0 255 0
P 205 132 0 255 0
P 206 132 0 255 0
P 207 132 0 255 0
P 208 132 0 255 0
P 209 132 0 255 0
P 210 132 0 255 0
P 211 132 0 255 0
P 212 132 0 255 0
P 213 132 0 255 0
P 214 132 0 255 0
P 215 132 0 255 0
P 216 132 0 255 0
P 217 132 0 255 0
P 218 132 0 255 0
P 219 132 0 255 0
P 220 132 0 255 0
P 221 132 0 255 0
P 222 132 0 255 0
P 223 132 0 255 0
P 224 132 0 255 0
P 225 132 0 255 0
P 226 132 0 255 0
P 227 132 0 255 0
P 228 132 0 255 0
P 229 132 0 255 0
P 230 132 0 255 0
P 231 132 0 255 0
P 232 132 0 255 0
P 233 132 0 255 0
P 234 132 0 255 0
P 235 132 0 255 0
P 236 132 0 255 0
P 237 132 0 255 0
P 238 132 0 255 0
P 239 132 0 255 0
P 240 132 0 255 0
P 241 132 0 255 0
P 242 132 0 255 0
P 243 132 0 255 0
P 244 132 0 255 0
P 72 133 255 0 0
P 73 133 255 0 0
P 74 133 255 0 0
P 75 133 255 0 0
P 76 133 255 0 0
P 77 133 255 0 0
P 78 133 255 0 0
P 79 133 255 0 0
P 80 133 255 0 0
P 81 133 255 0 0
P 82 133 255 0 0
P 83 133 255 0 0
P 84 133 255 0 0
P 85 133 255 0 0
P 86 133 255 0 0
P 87 133 255 0 0
P 88 133 255 0 0
P 89 133 255 0 0
P 90 133 255 0 0
P 91 133 255 0 0
P 92 133 255 0 0
P 93 133 255 0 0
P 94 133 255 0 0
P 95 133 255 0 0
P 96 133 255 0 0
P 97 133 255 0 0
P 98 133 255 0 0
P 99 133 255 0 0
P 100 133 255 0 0
P 101 133 255 0 0
P 102 133 255 0 0
P 103 133 255 0 0
P 104 133 255 0 0
P 105 133 255 0 0
P 106 133 255 0 0
P 107 133 255 0 0
P 108 133 255 0 0
P 109 133 255 0 0
P 110 133 255 0 0
P 111 133 255 0 0
P 112 133 255 0 0
P 113 133 255 0 0
P 114 133 255 0 0
P 115 133 255 0 0
P 116 133 255 0 0
P 117 133 255 0 0
P 118 133 255 0 0
P 119 133 255 0 0
P 120 133 255 0 0
P 121 133 255 0 0
P 122 133 255 0 0
P 123 133 255 0 0
P 124 133 255 0 0
P 125 133 255 0 0
P 126 133 255 0 0
P 127 133 255 0 0
P 128 133 255 0 0
P 129 133 255 0 0
P 130 133 255 0 0
P 131 133 255 0 0
P 132 133 255 0 0
P 133 133 255 0 0
P 134 133 255 0 0
P 135 133 0 255 0
P 136 133 0 255 0
P 137 133 0 255 0
P 138 133 0 255 0
P 139 133 0 255 0
P 140 133 0 255 0
P 141 133 0 255 0
P 142 133 0 255 0
P 143 133 0 255 0
P 144 133 0 255 0
P 145 133 0 255 0
P 146 133 0 255 0
P 147 133 0 255 0
P 148 133 0 255 0
P 149 133 0 255 0
P 150 133 0 255 0
P 151 133 0 255 0
P 152 133 0 255 0
P 153 133 0 255 0
P 154 133 0 255 0
P 155 133 0 255 0
P 156 133 0 255 0
P 157 133 0 255 0
P 158 133 0 255 0
P 159 133 0 255 0
P 160 133 0 255 0
P 161 133 0 255 0
P 162 133 0 255 0
P 163 133 0 255 0
P 164 133 0 255 0
P 165 133 0 255 0
P 166 133 0 255 0
P 167 133 0 255 0
P 168 133 0 255 0
P 169 133 0 255 0
P 170 133 0 255 0
P 171 133 0 255 0
P 172 133 0 255 0
P 173 133 0 255 0
P 174 133 0 255 0
P 175 133 0 255 0
P 176 133 0 255 0
P 177 133 0 255 0
P 178 133 0 255 0
P 179 133 0 255 0
P 180 133 0 255 0
P 181 133 0 255 0
P 182 133 0 255 0
P 183 133 0 255 0
P 184 133 0 255 0
P 185 133 0 255 0
P 186 133 0 255 0
P 187 133 0 255 0
P 188 133 0 255 0
P 189 133 0 255 0
P 190 133 0 255 0
P 191 133 0 255 0
P 192 133 0 255 0
P 193 133 0 255 0
P 194 133 0 255 0
P 195 133 0 255 0
P 196 133 0 255 0
P 197 133 0 255 0
P 198 133 0 255 0
P 199 133 0 255 0
P 200 133 0 255 0
P 201 133 0 255 0
P 202 133 0 255 0
P 203 133 0 255 0
P 204 133 0 255 0
P 205 133 0 255 0
P 206 133 0 255 0
P 207 133 0 255 0
P 208 133 0 255 0
P 209 133 0 255 0
P 210 133 0 255 0
P 211 133 0 255 0
P 212 133 0 255 0
P 213 133 0 255 0
P 214 133 0 255 0
P 215 133 0 255 0
P 216 133 0 255 0
P 217 133 0 255 0
P 218 133 0 255 0
P 219 133 0 255 0
P 220 133 0 255 0
P 221 133 0 255 0
P 222 133 0 255 0
P 223 133 0 255 0
P 224 133 0 255 0
P 225 133 0 255 0
P 226 133 0 255 0
P 227 133 0 255 0
P 228 133 0 255 0
P 229 133 0 255 0
P 230 133 0 255 0
P 231 133 0 255 0
P 232 133 0 255 0
P 233 133 0 255 0
P 234 133 0 255 0
P 235 133 0 255 0
P 236 133 0 255 0
P 237 133 0 255 0
P 238 133 0 255 0
P 239 133 0 255 0
P 240 133 0 255 0
P 241 133 0 255 0
P 242 133 0 255 0
P 243 133 0 255 0
P 244 133 0 255 0
P 73 134 255 0 0
P 74 134 255 0 0
P 75 134 255 0 0
P 76 134 255 0 0
P 77 134 255 0 0
P 78 134 255 0 0
P 79 134 255 0 0
P 80 134 255 0 0
P 81 134 255 0 0
P 82 134 255 0 0
P 83 134 255 0 0
P 84 134 255 0 0
P 85 134 255 0 0
P 86 134 255 0 0
P 87 134 255 0 0
P 88 134 255 0 0
P 89 134 255 0 0
P 90 134 255 0 0
P 91 134 255 0 0
P 92 134 255 0 0
P 93 134 255 0 0
P 94 134 255 0 0
P 95 134 255 0 0
P 96 134 255 0 0
P 97 134 255 0 0
P 98 134 255 0 0
P 99 134 255 0 0
P 100 134 255 0 0
P 101 134 255 0 0
P 102 134 255 0 0
P 103 134 255 0 0
P 104 134 255 0 0
P 105 134 255 0 0
P 106 134 255 0 0
P 107 134 255 0 0
P 108 134 255 0 0
P 109 134 255 0 0
P 110 134 255 0 0
P 111 134 255 0 0
P 112 134 255 0 0
P 113 134 255 0 0
P 114 134 255 0 0
P 115 134 255 0 0
P 116 134 255 0 0
P 117 134 255 0 0
P 118 134 255 0 0
P 119 134 255 0 0
P 120 134 255 0 0
P 121 134 255 0 0
P 122 134 255 0 0
P 123 134 255 0 0
P 124 134 255 0 0
P 125 134 255 0 0
P 126 134 255 0 0
P 127 134 255 0 0
P 128 134 255 0 0
P 129 134 255 0 0
P 130 134 255 0 0
P 131 134 255 0 0
P 132 134 255 0 0
P 133 134 255 0 0
P 134 134 255 0 0
P 135 134 255 0 0
P 136 134 255 0 0
P 137 134 0 255 0
P 138 134 0 255 0
P 139 134 0 255 0
P 140 134 0 255 0
P 141 134 0 255 0
P 142 134 0 255 0
P 143 134 0 255 0
P 144 134 0 255 0
P 145 134 0 255 0
P 146 134 0 255 0
P 147 134 0 255 0
P 148 134 0 255 0
P 149 134 0 255 0
P 150 134 0 255 0
P 151 134 0 255 0
P 152 134 0 255 0
P 153 134 0 255 0
P 154 134 0 255 0
P 155 134 0 255 0
P 156 134 0 255 0
P 157 134 0 255 0
P 158 134 0 255 0
P 159 134 0 255 0
P 160 134 0 255 0
P 161 134 0 255 0
P 162 134 0 255 0
P 163 134 0 255 0
P 164 134 0 255 0
P 165 134 0 255 0
P 166 134 0 255 0
P 167 134 0 255 0
P 168 134 0 255 0
P 169 134 0 255 0
P 170 134 0 255 0
P 171 134 0 255 0
P 172 134 0 255 0
P 173 134 0 255 0
P 174 134 0 255 0
P 175 134 0 255 0
P 176 134 0 255 0
P 177 134 0 255 0
P 178 134 0 255 0
P 179 134 0 255 0
P 180 134 0 255 0
P 181 134 0 255 0
P 182 134 0 255 0
P 183 134 0 255 0
P 184 134 0 255 0
P 185 134 0 255 0
P 186 134 0 255 0
P 187 134 0 255 0
P 188 134 0 255 0
P 189 134 0 255 0
P 190 134 0 255 0
P 191 134 0 255 0
P 192 134 0 255 0
P 193 134 0 255 0
P 194 134 0 255 0
P 195 134 0 255 0
P 196 134 0 255 0
P 197 134 0 255 0
P 198 134 0 255 0
P 199 134 0 255 0
P 200 134 0 255 0
P 201 134 0 255 0
P 202 134 0 255 0
P 203 134 0 255 0
P 204 134 0 255 0
P 205 134 0 255 0
P 206 134 0 255 0
P 207 134 0 255 0
P 208 134 0 255 0
P 209 134 0 255 0
P 210 134 0 255 0
P 211 134 0 255 0
P 212 134 0 255 0
P 213 134 0 255 0
P 214 134 0 255 0
P 215 134 0 255 0
P 216 134 0 255 0
P 217 134 0 255 0
P 218 134 0 255 0
P 219 134 0 255 0
P 220 134 0 255 0
P 221 134 0 255 0
P 222 134 0 255 0
P 223 134 0 255 0
P 224 134 0 255 0
P 225 134 0 255 0
P 226 134 0 255 0
P 227 134 0 255 0
P 228 134 0 255 0
P 229 134 0 255 0
P 230 134 0 255 0
P 231 134 0 255 0
P 232 134 0 255 0
P 233 134 0 255 0
P 234 134 0 255 0
P 235 134 0 255 0
P 236 134 0 255 0
P 237 134 0 255 0
P 238 134 0 255 0
P 239 134 0 255 0
P 240 134 0 255 0
P 241 134 0 255 0
P 242 134 0 255 0
P 243 134 0 255 0
P 244 134 0 255 0
P 73 135 255 0 0
P 74 135 255 0 0
P 75 135 255 0 0
P 76 135 255 0 0
P 77 135 255 0 0
P 78 135 255 0 0
P 79 135 255 0 0
P 80 135 255 0 0
P 81 135 255 0 0
P 82 135 255 0 0
P 83 135 255 0 0
P 84 135 255 0 0
P 85 135 255 0 0
P 86 135 255 0 0
P 87 135 255 0 0
P 88 135 255 0 0
P 89 135 255 0 0
P 90 135 255 0 0
P 91 135 255 0 0
P 92 135 255 0 0
P 93 135 255 0 0
P 94 135 255 0 0
P 95 135 255 0 0
P 96 135 255 0 0
P 97 135 255 0 0
P 98 135 255 0 0
P 99 135 255 0 0
P 100 135 255 0 0
P 101 135 255 0 0
P 102 135 255 0 0
P 103 135 255 0 0
P 104 135 255 0 0
P 105 135 255 0 0
P 106 135 255 0 0
P 107 135 255 0 0
P 108 135 255 0 0
P 109 135 255 0 0
P 110 135 255 0 0
P 111 135 255 0 0
P 112 135 255 0 0
P 113 135 255 0 0
P 114 135 255 0 0
P 115 135 255 0 0
P 116 135 255 0 0
P 117 135 255 0 0
P 118 135 255 0 0
P 119 135 255 0 0
P 120 135 255 0 0
P 121 135 255 0 0
P 122 135 255 0 0
P 123 135 255 0 0
P 124 135 255 0 0
P 125 135 255 0 0
P 126 135 255 0 0
P 127 135 255 0 0
P 128 135 255 0 0
P 129 135 255 0 0
P 130 135 255 0 0
P 131 135 255 0 0
P 132 135 255 0 0
P 133 135 255 0 0
P 134 135 255 0 0
P 135 135 255 0 0
P 136 135 255 0 0
P 137 135 255 0 0
P 138 135 0 255 0
P 139 135 0 255 0
P 140 135 0 255 0
P 141 135 0 255 0
P 142 135 0 255 0
P 143 135 0 255 0
P 144 135 0 255 0
P 145 135 0 255 0
P 146 135 0 255 0
P 147 135 0 255 0
P 148 135 0 255 0
P 149 135 0 255 0
P 150 135 0 255 0
P 151 135 0 255 0
P 152 135 0 255 0
P 153 135 0 255 0
P 154 135 0 255 0
P 155 135 0 255 0
P 156 135 0 255 0
P 157 135 0 255 0
P 158 135 0 255 0
P 159 135 0 255 0
P 160 135 0 255 0
P 161 135 0 255 0
P 162 135 0 255 0
P 163 135 0 255 0
P 164 135 0 255 0
P 165 135 0 255 0
P 166 135 0 255 0
P 167 135 0 255 0
P 168 135 0 255 0
P 169 135 0 255 0
P 170 135 0 255 0
P 171 135 0 255 0
P 172 135 0 255 0
P 173 135 0 255 0
P 174 135 0 255 0
P 175 135 0 255 0
P 176 135 0 255 0
P 177 135 0 255 0
P 178 135 0 255 0
P 179 135 0 255 0
P 180 135 0 255 0
P 181 135 0 255 0
P 182 135 0 255 0
P 183 135 0 255 0
P 184 135 0 255 0
P 185 135 0 255 0
P 186 135 0 255 0
P 187 135 0 255 0
P 188 135 0 255 0
P 189 135 0 255 0
P 190 135 0 255 0
P 191 135 0 255 0
P 192 135 0 255 0
P 193 135 0 255 0
P 194 135 0 255 0
P 195 135 0 255 0
P 196 135 0 255 0
P 197 135 0 255 0
P 198 135 0 255 0
P 199 135 0 255 0
P 200 135 0 255 0
P 201 135 0 255 0
P 202 135 0 255 0
P 203 135 0 255 0
P 204 135 0 255 0
P 205 135 0 255 0
P 206 135 0 255 0
P 207 135 0 255 0
P 208 135 0 255 0
P 209 135 0 255 0
P 210 135 0 255 0
P 211 135 0 255 0
P 212 135 0 255 0
P 213 135 0 255 0
P 214 135 0 255 0
P 215 135 0 255 0
P 216 135 0 255 0
P 217 135 0 255 0
P 218 135 0 255 0
P 219 135 0 255 0
P 220 135 0 255 0
P 221 135 0 255 0
P 222 135 0 255 0
P 223 135 0 255 0
P 224 135 0 255 0
P 225 135 0 255 0
P 226 135 0 255 0
P 227 135 0 255 0
P 228 135 0 255 0
P 229 135 0 255 0
P 230 135 0 255 0
P 231 135 0 255 0
P 232 135 0 255 0
P 233 135 0 255 0
P 234 135 0 255 0
P 235 135 0 255 0
P 236 135 0 255 0
P 237 135 0 255 0
P 238 135 0 255 0
P 239 135 0 255 0
P 240 135 0 255 0
P 241 135 0 255 0
P 242 135 0 255 0
P 243 135 0 255 0
P 244 135 0 255 0
P 73 136 255 0 0
P 74 136 255 0 0
P 75 136 255 0 0
P 76 136 255 0 0
P 77 136 255 0 0
P 78 136 255 0 0
P 79 136 255 0 0
P 80 136 255 0 0
P 81 136 255 0 0
P 82 136 255 0 0
P 83 136 255 0 0
P 84 136 255 0 0
P 85 136 255 0 0
P 86 136 255 0 0
P 87 136 255 0 0
P 88 136 255 0 0
P 89 136 255 0 0
P 90 136 255 0 0
P 91 136 255 0 0
P 92 136 255 0 0
P 93 136 255 0 0
P 94 136 255 0 0
P 95 136 255 0 0
P 96 136 255 0 0
P 97 136 255 0 0
P 98 136 255 0 0
P 99 136 255 0 0
P 100 136 255 0 0
P 101 136 255 0 0
P 102 136 255 0 0
P 103 136 255 0 0
P 104 136 255 0 0
P 105 136 255 0 0
P 106 136 255 0 0
P 107 136 255 0 0
P 108 136 255 0 0
P 109 136 255 0 0
P 110 136 255 0 0
P 111 136 255 0 0
P 112 136 255 0 0
P 113 136 255 0 0
P 114 136 255 0 0
P 115 136 255 0 0
P 116 136 255 0 0
P 117 136 255 0 0
P 118 136 255 0 0
P 119 136 255 0 0
P 120 136 255 0 0
P 121 136 255 0 0
P 122 136 255 0 0
P 123 136 255 0 0
P 124 136 255 0 0
P 125 136 255 0 0
P 126 136 255 0 0
P 127 136 255 0 0
P 128 136 255 0 0
P 129 136 255 0 0
P 130 136 255 0 0
P 131 136 255 0 0
P 132 136 255 0 0
P 133 136 255 0 0
P 134 136 255 0 0
P 135 136 255 0 0
P 136 136 255 0 0
P 137 136 255 0 0
P 138 136 255 0 0
P 139 136 255 0 0
P 140 136 0 255 0
P 141 136 0 255 0
P 142 136 0 255 0
P 143 136 0 255 0
P 144 136 0 255 0
P 145 136 0 255 0
P 146 136 0 255 0
P 147 136 0 255 0
P 148 136 0 255 0
P 149 136 0 255 0
P 150 136 0 255 0
P 151 136 0 255 0
P 152 136 0 255 0
P 153 136 0 255 0
P 154 136 0 255 0
P 155 136 0 255 0
P 156 136 0 255 0
P 157 136 0 255 0
P 158 136 0 255 0
P 159 136 0 255 0
P 160 136 0 255 0
P 161 136 0 255 0
P 162 136 0 255 0
P 163 136 0 255 0
P 164 136 0 255 0
P 165 136 0 255 0
P 166 136 0 255 0
P 167 136 0 255 0
P 168 136 0 255 0
P 169 136 0 255 0
P 170 136 0 255 0
P 171 136 0 255 0
P 172 136 0 255 0
P 173 136 0 255 0
P 174 136 0 255 0
P 175 136 0 255 0
P 176 136 0 255 0
P 177 136 0 255 0
P 178 136 0 255 0
P 179 136 0 255 0
P 180 136 0 255 0
P 181 136 0 255 0
P 182 136 0 255 0
P 183 136 0 255 0
P 184 136 0 255 0
P 185 136 0 255 0
P 186 136 0 255 0
P 187 136 0 255 0
P 188 136 0 255 0
P 189 136 0 255 0
P 190 136 0 255 0
P 191 136 0 255 0
P 192 136 0 255 0
P 193 136 0 255 0
P 194 136 0 255 0
P 195 136 0 255 0
P 196 136 0 255 0
P 197 136 0 255 0
P 198 136 0 255 0
P 199 136 0 255 0
P 200 136 0 255 0
P 201 136 0 255 0
P 202 136 0 255 0
P 203 136 0 255 0
P 204 136 0 255 0
P 205 136 0 255 0
P 206 136 0 255 0
P 207 136 0 255 0
P 208 136 0 255 0
P 209 136 0 255 0
P 210 136 0 255 0
P 211 136 0 255 0
P 212 136 0 255 0
P 213 136 0 255 0
P 214 136 0 255 0
P 215 136 0 255 0
P 216 136 0 255 0
P 217 136 0 255 0
P 218 136 0 255 0
P 219 136 0 255 0
P 220 136 0 255 0
P 221 136 0 255 0
P 222 136 0 255 0
P 223 136 0 255 0
P 224 136 0 255 0
P 225 136 0 255 0
P 226 136 0 255 0
P 227 136 0 255 0
P 228 136 0 255 0
P 229 136 0 255 0
P 230 136 0 255 0
P 231 136 0 255 0
P 232 136 0 255 0
P 233 136 0 255 0
P 234 136 0 255 0
P 235 136 0 255 0
P 236 136 0 255 0
P 237 136 0 255 0
P 238 136 0 255 0
P 239 136 0 255 0
P 240 136 0 255 0
P 241 136 0 255 0
P 242 136 0 255 0
P 243 136 0 255 0
P 244 136 0 255 0
P 73 137 255 0 0
P 74 137 255 0 0
P 75 137 255 0 0
P 76 137 255 0 0
P 77 137 255 0 0
P 78 137 255 0 0
P 79 137 255 0 0
P 80 137 255 0 0
P 81 137 255 0 0
P 82 137 255 0 0
P 83 137 255 0 0
P 84 137 255 0 0
P 85 137 255 0 0
P 86 137 255 0 0
P 87 137 255 0 0
P 88 137 255 0 0
P 89 137 255 0 0
P 90 137 255 0 0
P 91 137 255 0 0
P 92 137 255 0 0
P 93 137 255 0 0
P 94 137 255 0 0
P 95 137 255 0 0
P 96 137 255 0 0
P 97 137 255 0 0
P 98 137 255 0 0
P 99 137 255 0 0
P 100 137 255 0 0
P 101 137 255 0 0
P 102 137 255 0 0
P 103 137 255 0 0
P 104 137 255 0 0
P 105 137 255 0 0
P 106 137 255 0 0
P 107 137 255 0 0
P 108 137 255 0 0
P 109 137 255 0 0
P 110 137 255 0 0
P 111 137 255 0 0
P 112 137 255 0 0
P 113 137 255 0 0
P 114 137 255 0 0
P 115 137 255 0 0
P 116 137 255 0 0
P 117 137 255 0 0
P 118 137 255 0 0
P 119 137 255 0 0
P 120 137 255 0 0
P 121 137 255 0 0
P 122 137 255 0 0
P 123 137 255 0 0
P 124 137 255 0 0
P 125 137 255 0 0
P 126 137 255 0 0
P 127 137 255 0 0
P 128 137 255 0 0
P 129 137 255 0 0
P 130 137 255 0 0
P 131 137 255 0 0
P 132 137 255 0 0
P 133 137 255 0 0
P 134 137 255 0 0
P 135 137 255 0 0
P 136 137 255 0 0
P 137 137 255 0 0
P 138 137 255 0 0
P 139 137 255 0 0
P 140 137 255 0 0
P 141 137 0 255 0
P 142 137 0 255 0
P 143 137 0 255 0
P 144 137 0 255 0
P 145 137 0 255 0
P 146 137 0 255 0
P 147 137 0 255 0
P 148 137 0 255 0
P 149 137 0 255 0
P 150 137 0 255 0
P 151 137 0 255 0
P 152 137 0 255 0
P 153 137 0 255 0
P 154 137 0 255 0
P 155 137 0 255 0
P 156 137 0 255 0
P 157 137 0 255 0
P 158 137 0 255 0
P 159 137 0 255 0
P 160 137 0 255 0
P 161 137 0 255 0
P 162 137 0 255 0
P 163 137 0 255 0
P 164 137 0 255 0
P 165 137 0 255 0
P 166 137 0 255 0
P 167 137 0 255 0
P 168 137 0 255 0
P 169 137 0 255 0
P 170 137 0 255 0
P 171 137 0 255 0
P 172 137 0 255 0
P 173 137 0 255 0
P 174 137 0 255 0
P 175 137 0 255 0
P 176 137 0 255 0
P 177 137 0 255 0
P 178 137 0 255 0
P 179 137 0 255 0
P 180 137 0 255 0
P 181 137 0 255 0
P 182 137 0 255 0
P 183 137 0 255 0
P 184 137 0 255 0
P 185 137 0 255 0
P 186 137 0 255 0
P 187 137 0 255 0
P 188 137 0 255 0
P 189 137 0 255 0
P 190 137 0 255 0
P 191 137 0 255 0
P 192 137 0 255 0
P 193 137 0 255 0
P 194 137 0 255 0
P 195 137 0 255 0
P 196 137 0 255 0
P 197 137 0 255 0
P 198 137 0 255 0
P 199 137 0 255 0
P 200 137 0 255 0
P 201 137 0 255 0
P 202 137 0 255 0
P 203 137 0 255 0
P 204 137 0 255 0
P 205 137 0 255 0
P 206 137 0 255 0
P 207 137 0 255 0
P 208 137 0 255 0
P 209 137 0 255 0
P 210 137 0 255 0
P 211 137 0 255 0
P 212 137 0 255 0
P 213 137 0 255 0
P 214 137 0 255 0
P 215 137 0 255 0
P 216 137 0 255 0
P 217 137 0 255 0
P 218 137 0 255 0
P 219 137 0 255 0
P 220 137 0 255 0
P 221 137 0 255 0
P 222 137 0 255 0
P 223 137 0 255 0
P 224 137 0 255 0
P 225 137 0 255 0
P 226 137 0 255 0
P 227 137 0 255 0
P 228 137 0 255 0
P 229 137 0 255 0
P 230 137 0 255 0
P 231 137 0 255 0
P 232 137 0 255 0
P 233 137 0 255 0
P 234 137 0 255 0
P 235 137 0 255 0
P 236 137 0 255 0
P 237 137 0 255 0
P 238 137 0 255 0
P 239 137 0 255 0
P 240 137 0 255 0
P 241 137 0 255 0
P 242 137 0 255 0
P 243 137 0 255 0
P 244 137 0 255 0
P 74 138 255 0 0
P 75 138 255 0 0
P 76 138 255 0 0
P 77 138 255 0 0
P 78 138 255 0 0
P 79 138 255 0 0
P 80 138 255 0 0
P 81 138 255 0 0
P 82 138 255 0 0
P 83 138 255 0 0
P 84 138 255 0 0
P 85 138 255 0 0
P 86 138 255 0 0
P 87 138 255 0 0
P 88 138 255 0 0
P 89 138 255 0 0
P 90 138 255 0 0
P 91 138 255 0 0
P 92 138 255 0 0
P 93 138 255 0 0
P 94 138 255 0 0
P 95 138 255 0 0
P 96 138 255 0 0
P 97 138 255 0 0
P 98 138 255 0 0
P 99 138 255 0 0
P 100 138 255 0 0
P 101 138 255 0 0
P 102 138 255 0 0
P 103 138 255 0 0
P 104 138 255 0 0
P 105 138 255 0 0
P 106 138 255 0 0
P 107 138 255 0 0
P 108 138 255 0 0
P 109 138 255 0 0
P 110 138 255 0 0
P 111 138 255 0 0
P 112 138 255 0 0
P 113 138 255 0 0
P 114 138 255 0 0
P 115 138 255 0 0
P 116 138 255 0 0
P 117 138 255 0 0
P 118 138 255 0 0
P 119 138 255 0 0
P 120 138 255 0 0
P 121 138 255 0 0
P 122 138 255 0 0
P 123 138 255 0 0
P 124 138 255 0 0
P 125 138 255 0 0
P 126 138 255 0 0
P 127 138 255 0 0
P 128 138 255 0 0
P 129 138 255 0 0
P 130 138 255 0 0
P 131 138 255 0 0
P 132 138 255 0 0
P 133 138 255 0 0
P 134 138 255 0 0
P 135 138 255 0 0
P 136 138 255 0 0
P 137 138 255 0 0
P 138 138 255 0 0
P 139 138 255 0 0
P 140 138 255 0 0
P 141 138 255 0 0
P 142 138 255 0 0
P 143 138 0 255 0
P 144 138 0 255 0
P 145 138 0 255 0
P 146 138 0 255 0
P 147 138 0 255 0
P 148 138 0 255 0
P 149 138 0 255 0
P 150 138 0 255 0
P 151 138 0 255 0
P 152 138 0 255 0
P 153 138 0 255 0
P 154 138 0 255 0
P 155 138 0 255 0
P 156 138 0 255 0
P 157 138 0 255 0
P 158 138 0 255 0
P 159 138 0 255 0
P 160 138 0 255 0
P 161 138 0 255 0
P 162 138 0 255 0
P 163 138 0 255 0
P 164 138 0 255 0
P 165 138 0 255 0
P 166 138 0 255 0
P 167 138 0 255 0
P 168 138 0 255 0
P 169 138 0 255 0
P 170 138 0 255 0
P 171 138 0 255 0
P 172 138 0 255 0
P 173 138 0 255 0
P 174 138 0 255 0
P 175 138 0 255 0
P 176 138 0 255 0
P 177 138 0 255 0
P 178 138 0 255 0
P 179 138 0 255 0
P 180 138 0 255 0
P 181 138 0 255 0
P 182 138 0 255 0
P 183 138 0 255 0
P 184 138 0 255 0
P 185 138 0 255 0
P 186 138 0 255 0
P 187 138 0 255 0
P 188 138 0 255 0
P 189 138 0 255 0
P 190 138 0 255 0
P 191 138 0 255 0
P 192 138 0 255 0
P 193 138 0 255 0
P 194 138 0 255 0
P 195 138 0 255 0
P 196 138 0 255 0
P 197 138 0 255 0
P 198 138 0 255 0
P 199 138 0 255 0
P 200 138 0 255 0
P 201 138 0 255 0
P 202 138 0 255 0
P 203 138 0 255 0
P 204 138 0 255 0
P 205 138 0 255 0
P 206 138 0 255 0
P 207 138 0 255 0
P 208 138 0 255 0
P 209 138 0 255 0
P 210 138 0 255 0
P 211 138 0 255 0
P 212 138 0 255 0
P 213 138 0 255 0
P 214 138 0 255 0
P 215 138 0 255 0
P 216 138 0 255 0
P 217 138 0 255 0
P 218 138 0 255 0
P 219 138 0 255 0
P 220 138 0 255 0
P 221 138 0 255 0
P 222 138 0 255 0
P 223 138 0 255 0
P 224 138 0 255 0
P 225 138 0 255 0
P 226 138 0 255 0
P 227 138 0 255 0
P 228 138 0 255 0
P 229 138 0 255 0
P 230 138 0 255 0
P 231 138 0 255 0
P 232 138 0 255 0
P 233 138 0 255 0
P 234 138 0 255 0
P 235 138 0 255 0
P 236 138 0 255 0
P 237 138 0 255 0
P 238 138 0 255 0
P 239 138 0 255 0
P 240 138 0 255 0
P 241 138 0 255 0
P 242 138 0 255 0
P 243 138 0 255 0
P 244 138 0 255 0
P 74 139 255 0 0
P 75 139 255 0 0
P 76 139 255 0 0
P 77 139 255 0 0
P 78 139 255 0 0
P 79 139 255 0 0
P 80 139 255 0 0
P 81 139 255 0 0
P 82 139 255 0 0
P 83 139 255 0 0
P 84 139 255 0 0
P 85 139 255 0 0
P 86 139 255 0 0
P 87 139 255 0 0
P 88 139 255 0 0
P 89 139 255 0 0
P 90 139 255 0 0
P 91 139 255 0 0
P 92 139 255 0 0
P 93 139 255 0 0
P 94 139 255 0 0
P 95 139 255 0 0
P 96 139 255 0 0
P 97 139 255 0 0
P 98 139 255 0 0
P 99 139 255 0 0
P 100 139 255 0 0
P 101 139 255 0 0
P 102 139 255 0 0
P 103 139 255 0 0
P 104 139 255 0 0
P 105 139 255 0 0
P 106 139 255 0 0
P 107 139 255 0 0
P 108 139 255 0 0
P 109 139 255 0 0
P 110 139 255 0 0
P 111 139 255 0 0
P 112 139 255 0 0
P 113 139 255 0 0
P 114 139 255 0 0
P 115 139 255 0 0
P 116 139 255 0 0
P 117 139 255 0 0
P 118 139 255 0 0
P 119 139 255 0 0
P 120 139 255 0 0
P 121 139 255 0 0
P 122 139 255 0 0
P 123 139 255 0 0
P 124 139 255 0 0
P 125 139 255 0 0
P 126 139 255 0 0
P 127 139 255 0 0
P 128 139 255 0 0
P 129 139 255 0 0
P 130 139 255 0 0
P 131 139 255 0 0
P 132 139 255 0 0
P 133 139 255 0 0
P 134 139 255 0 0
P 135 139 255 0 0
P 136 139 255 0 0
P 137 139 255 0 0
P 138 139 255 0 0
P 139 139 255 0 0
P 140 139 255 0 0
P 141 139 255 0 0
P 142 139 255 0 0
P 143 139 255 0 0
P 144 139 0 255 0
P 145 139 0 255 0
P 146 139 0 255 0
P 147 139 0 255 0
P 148 139 0 255 0
P 149 139 0 255 0
P 150 139 0 255 0
P 151 139 0 255 0
P 152 139 0 255 0
P 153 139 0 255 0
P 154 139 0 255 0
P 155 139 0 255 0
P 156 139 0 255 0
P 157 139 0 255 0
P 158 139 0 255 0
P 159 139 0 255 0
P 160 139 0 255 0
P 161 139 0 255 0
P 162 139 0 255 0
P 163 139 0 255 0
P 164 139 0 255 0
P 165 139 0 255 0
P 166 139 0 255 0
P 167 139 0 255 0
P 168 139 0 255 0
P 169 139 0 255 0
P 170 139 0 255 0
P 171 139 0 255 0
P 172 139 0 255 0
P 173 139 0 255 0
P 174 139 0 255 0
P 175 139 0 255 0
P 176 139 0 255 0
P 177 139 0 255 0
P 178 139 0 255 0
P 179 139 0 255 0
P 180 139 0 255 0
P 181 139 0 255 0
P 182 139 0 255 0
P 183 139 0 255 0
P 184 139 0 255 0
P 185 139 0 255 0
P 186 139 0 255 0
P 187 139 0 255 0
P 188 139 0 255 0
P 189 139 0 255 0
P 190 139 0 255 0
P 191 139 0 255 0
P 192 139 0 255 0
P 193 139 0 255 0
P 194 139 0 255 0
P 195 139 0 255 0
P 196 139 0 255 0
P 197 139 0 255 0
P 198 139 0 255 0
P 199 139 0 255 0
P 200 139 0 255 0
P 201 139 0 255 0
P 202 139 0 255 0
P 203 139 0 255 0
P 204 139 0 255 0
P 205 139 0 255 0
P 206 139 0 255 0
P 207 139 0 255 0
P 208 139 0 255 0
P 209 139 0 255 0
P 210 139 0 255 0
P 211 139 0 255 0
P 212 139 0 255 0
P 213 139 0 255 0
P 214 139 0 255 0
P 215 139 0 255 0
P 216 139 0 255 0
P 217 139 0 255 0
P 218 139 0 255 0
P 219 139 0 255 0
P 220 139 0 255 0
P 221 139 0 255 0
P 222 139 0 255 0
P 223 139 0 255 0
P 224 139 0 255 0
P 225 139 0 255 0
P 226 139 0 255 0
P 227 139 0 255 0
P 228 139 0 255 0
P 229 139 0 255 0
P 230 139 0 255 0
P 231 139 0 255 0
P 232 139 0 255 0
P 233 139 0 255 0
P 234 139 0 255 0
P 235 139 0 255 0
P 236 139 0 255 0
P 237 139 0 255 0
P 238 139 0 255 0
P 239 139 0 255 0
P 240 139 0 255 0
P 241 139 0 255 0
P 242 139 0 255 0
P 243 139 0 255 0
P 244 139 0 255 0
P 245 139 0 255 0
P 74 140 255 0 0
P 75 140 255 0 0
P 76 140 255 0 0
P 77 140 255 0 0
P 78 140 255 0 0
P 79 140 255 0 0
P 80 140 255 0 0
P 81 140 255 0 0
P 82 140 255 0 0
P 83 140 255 0 0
P 84 140 255 0 0
P 85 140 255 0 0
P 86 140 255 0 0
P 87 140 255 0 0
P 88 140 255 0 0
P 89 140 255 0 0
P 90 140 255 0 0
P 91 140 255 0 0
P 92 140 255 0 0
P 93 140 255 0 0
P 94 140 255 0 0
P 95 140 255 0 0
P 96 140 255 0 0
P 97 140 255 0 0
P 98 140 255 0 0
P 99 140 255 0 0
P 100 140 255 0 0
P 101 140 255 0 0
P 102 140 255 0 0
P 103 140 255 0 0
P 104 140 255 0 0
P 105 140 255 0 0
P 106 140 255 0 0
P 107 140 255 0 0
P 108 140 255 0 0
P 109 140 255 0 0
P 110 140 255 0 0
P 111 140 255 0 0
P 112 140 255 0 0
P 113 140 255 0 0
P 114 140 255 0 0
P 115 140 255 0 0
P 116 140 255 0 0
P 117 140 255 0 0
P 118 140 255 0 0
P 119 140 255 0 0
P 120 140 255 0 0
P 121 140 255 0 0
P 122 140 255 0 0
P 123 140 255 0 0
P 124 140 255 0 0
P 125 140 255 0 0
P 126 140 255 0 0
P 127 140 255 0 0
P 128 140 255 0 0
P 129 140 255 0 0
P 130 140 255 0 0
P 131 140 255 0 0
P 132 140 255 0 0
P 133 140 255 0 0
P 134 140 255 0 0
P 135 140 255 0 0
P 136 140 255 0 0
P 137 140 255 0 0
P 138 140 255 0 0
P 139 140 255 0 0
P 140 140 255 0 0
P 141 140 255 0 0
P 142 140 255 0 0
P 143 140 255 0 0
P 144 140 255 0 0
P 145 140 255 0 0
P 146 140 0 255 0
P 147 140 0 255 0
P 148 140 0 255 0
P 149 140 0 255 0
P 150 140 0 255 0
P 151 140 0 255 0
P 152 140 0 255 0
P 153 140 0 255 0
P 154 140 0 255 0
P 155 140 0 255 0
P 156 140 0 255 0
P 157 140 0 255 0
P 158 140 0 255 0
P 159 140 0 255 0
P 160 140 0 255 0
P 161 140 0 255 0
P 162 140 0 255 0
P 163 140 0 255 0
P 164 140 0 255 0
P 165 140 0 255 0
P 166 140 0 255 0
P 167 140 0 255 0
P 168 140 0 255 0
P 169 140 0 255 0
P 170 140 0 255 0
P 171 140 0 255 0
P 172 140 0 255 0
P 173 140 0 255 0
P 174 140 0 255 0
P 175 140 0 255 0
P 176 140 0 255 0
P 177 140 0 255 0
P 178 140 0 255 0
P 179 140 0 255 0
P 180 140 0 255 0
P 181 140 0 255 0
P 182 140 0 255 0
P 183 140 0 255 0
P 184 140 0 255 0
P 185 140 0 255 0
P 186 140 0 255 0
P 187 140 0 255 0
P 188 140 0 255 0
P 189 140 0 255 0
P 190 140 0 255 0
P 191 140 0 255 0
P 192 140 0 255 0
P 193 140 0 255 0
P 194 140 0 255 0
P 195 140 0 255 0
P 196 140 0 255 0
P 197 140 0 255 0
P 198 140 0 255 0
P 199 140 0 255 0
P 200 140 0 255 0
P 201 140 0 255 0
P 202 140 0 255 0
P 203 140 0 255 0
P 204 140 0 255 0
P 205 140 0 255 0
P 206 140 0 255 0
P 207 140 0 255 0
P 208 140 0 255 0
P 209 140 0 255 0
P 210 140 0 255 0
P 211 140 0 255 0
P 212 140 0 255 0
P 213 140 0 255 0
P 214 140 0 255 0
P 215 140 0 255 0
P 216 140 0 255 0
P 217 140 0 255 0
P 218 140 0 255 0
P 219 140 0 255 0
P 220 140 0 255 0
P 221 140 0 255 0
P 222 140 0 255 0
P 223 140 0 255 0
P 224 140 0 255 0
P 225 140 0 255 0
P 226 140 0 255 0
P 227 140 0 255 0
P 228 140 0 255 0
P 229 140 0 255 0
P 230 140 0 255 0
P 231 140 0 255 0
P 232 140 0 255 0
P 233 140 0 255 0
P 234 140 0 255 0
P 235 140 0 255 0
P 236 140 0 255 0
P 237 140 0 255 0
P 238 140 0 255 0
P 239 140 0 255 0
P 240 140 0 255 0
P 241 140 0 255 0
P 242 140 0 255 0
P 243 140 0 255 0
P 244 140 0 255 0
P 245 140 0 255 0
P 74 141 255 0 0
P 75 141 255 0 0
P 76 141 255 0 0
P 77 141 255 0 0
P 78 141 255 0 0
P 79 141 255 0 0
P 80 141 255 0 0
P 81 141 255 0 0
P 82 141 255 0 0
P 83 141 255 0 0
P 84 141 255 0 0
P 85 141 255 0 0
P 86 141 255 0 0
P 87 141 255 0 0
P 88 141 255 0 0
P 89 141 255 0 0
P 90 141 255 0 0
P 91 141 255 0 0
P 92 141 255 0 0
P 93 141 255 0 0
P 94 141 255 0 0
P 95 141 255 0 0
P 96 141 255 0 0
P 97 141 255 0 0
P 98 141 255 0 0
P 99 141 255 0 0
P 100 141 255 0 0
P 101 141 255 0 0
P 102 141 255 0 0
P 103 141 255 0 0
P 104 141 255 0 0
P 105 141 255 0 0
P 106 141 255 0 0
P 107 141 255 0 0
P 108 141 255 0 0
P 109 141 255 0 0
P 110 141 255 0 0
P 111 141 255 0 0
P 112 141 255 0 0
P 113 141 255 0 0
P 114 141 255 0 0
P 115 141 255 0 0
P 116 141 255 0 0
P 117 141 255 0 0
P 118 141 255 0 0
P 119 141 255 0 0
P 120 141 255 0 0
P 121 141 255 0 0
P 122 141 255 0 0
P 123 141 255 0 0
P 124 141 255 0 0
P 125 141 255 0 0
P 126 141 255 0 0
P 127 141 255 0 0
P 128 141 255 0 0
P 129 141 255 0 0
P 130 141 255 0 0
P 131 141 255 0 0
P 132 141 255 0 0
P 133 141 255 0 0
P 134 141 255 0 0
P 135 141 255 0 0
P 136 141 255 0 0
P 137 141 255 0 0
P 138 141 255 0 0
P 139 141 255 0 0
P 140 141 255 0 0
P 141 141 255 0 0
P 142 141 255 0 0
P 143 141 255 0 0
P 144 141 255 0 0
P 145 141 255 0 0
P 146 141 255 0 0
P 147 141 0 255 0
P 148 141 0 255 0
P 149 141 0 255 0
P 150 141 0 255 0
P 151 141 0 255 0
P 152 141 0 255 0
P 153 141 0 255 0
P 154 141 0 255 0
P 155 141 0 255 0
P 156 141 0 255 0
P 157 141 0 255 0
P 158 141 0 255 0
P 159 141 0 255 0
P 160 141 0 255 0
P 161 141 0 255 0
P 162 141 0 255 0
P 163 141 0 255 0
P 164 141 0 255 0
P 165 141 0 255 0
P 166 141 0 255 0
P 167 141 0 255 0
P 168 141 0 255 0
P 169 141 0 255 0
P 170 141 0 255 0
P 171 141 0 255 0
P 172 141 0 255 0
P 173 141 0 255 0
P 174 141 0 255 0
P 175 141 0 255 0
P 176 141 0 255 0
P 177 141 0 255 0
P 178 141 0 255 0
P 179 141 0 255 0
P 180 141 0 255 0
P 181 141 0 255 0
P 182 141 0 255 0
P 183 141 0 255 0
P 184 141 0 255 0
P 185 141 0 255 0
P 186 141 0 255 0
P 187 141 0 255 0
P 188 141 0 255 0
P 189 141 0 255 0
P 190 141 0 255 0
P 191 141 0 255 0
P 192 141 0 255 0
P 193 141 0 255 0
P 194 141 0 255 0
P 195 141 0 255 0
P 196 141 0 255 0
P 197 141 0 255 0
P 198 141 0 255 0
P 199 141 0 255 0
P 200 141 0 255 0
P 201 141 0 255 0
P 202 141 0 255 0
P 203 141 0 255 0
P 204 141 0 255 0
P 205 141 0 255 0
P 206 141 0 255 0
P 207 141 0 255 0
P 208 141 0 255 0
P 209 141 0 255 0
P 210 141 0 255 0
P 211 141 0 255 0
P 212 141 0 255 0
P 213 141 0 255 0
P 214 141 0 255 0
P 215 141 0 255 0
P 216 141 0 255 0
P 217 141 0 255 0
P 218 141 0 255 0
P 219 141 0 255 0
P 220 141 0 255 0
P 221 141 0 255 0
P 222 141 0 255 0
P 223 141 0 255 0
P 224 141 0 255 0
P 225 141 0 255 0
P 226 141 0 255 0
P 227 141 0 255 0
P 228 141 0 255 0
P 229 141 0 255 0
P 230 141 0 255 0
P 231 141 0 255 0
P 232 141 0 255 0
P 233 141 0 255 0
P 234 141 0 255 0
P 235 141 0 255 0
P 236 141 0 255 0
P 237 141 0 255 0
P 238 141 0 255 0
P 239 141 0 255 0
P 240 141 0 255 0
P 241 141 0 255 0
P 242 141 0 255 0
P 243 141 0 255 0
P 244 141 0 255 0
P 245 141 0 255 0
P 75 142 255 0 0
P 76 142 255 0 0
P 77 142 255 0 0
P 78 142 255 0 0
P 79 142 255 0 0
P 80 142 255 0 0
P 81 142 255 0 0
P 82 142 255 0 0
P 83 142 255 0 0
P 84 142 255 0 0
P 85 142 255 0 0
P 86 142 255 0 0
P 87 142 255 0 0
P 88 142 255 0 0
P 89 142 255 0 0
P 90 142 255 0 0
P 91 142 255 0 0
P 92 142 255 0 0
P 93 142 255 0 0
P 94 142 255 0 0
P 95 142 255 0 0
P 96 142 255 0 0
P 97 142 255 0 0
P 98 142 255 0 0
P 99 142 255 0 0
P 100 142 255 0 0
P 101 142 255 0 0
P 102 142 255 0 0
P 103 142 255 0 0
P 104 142 255 0 0
P 105 142 255 0 0
P 106 142 255 0 0
P 107 142 255 0 0
P 108 142 255 0 0
P 109 142 255 0 0
P 110 142 255 0 0
P 111 142 255 0 0
P 112 142 255 0 0
P 113 142 255 0 0
P 114 142 255 0 0
P 115 142 255 0 0
P 116 142 255 0 0
P 117 142 255 0 0
P 118 142 255 0 0
P 119 142 255 0 0
P 120 142 255 0 0
P 121 142 255 0 0
P 122 142 255 0 0
P 123 142 255 0 0
P 124 142 255 0 0
P 125 142 255 0 0
P 126 142 255 0 0
P 127 142 255 0 0
P 128 142 255 0 0
P 129 142 255 0 0
P 130 142 255 0 0
P 131 142 255 0 0
P 132 142 255 0 0
P 133 142 255 0 0
P 134 142 255 0 0
P 135 142 255 0 0
P 136 142 255 0 0
P 137 142 255 0 0
P 138 142 255 0 0
P 139 142 255 0 0
P 140 142 255 0 0
P 141 142 255 0 0
P 142 142 255 0 0
P 143 142 255 0 0
P 144 142 255 0 0
P 145 142 255 0 0
P 146 142 255 0 0
P 147 142 255 0 0
P 148 142 255 0 0
P 149 142 0 255 0
P 150 142 0 255 0
P 151 142 0 255 0
P 152 142 0 255 0
P 153 142 0 255 0
P 154 142 0 255 0
P 155 142 0 255 0
P 156 142 0 255 0
P 157 142 0 255 0
P 158 142 0 255 0
P 159 142 0 255 0
P 160 142 0 255 0
P 161 142 0 255 0
P 162 142 0 255 0
P 163 142 0 255 0
P 164 142 0 255 0
P 165 142 0 255 0
P 166 142 0 255 0
P 167 142 0 255 0
P 168 142 0 255 0
P 169 142 0 255 0
P 170 142 0 255 0
P 171 142 0 255 0
P 172 142 0 255 0
P 173 142 0 255 0
P 174 142 0 255 0
P 175 142 0 255 0
P 176 142 0 255 0
P 177 142 0 255 0
P 178 142 0 255 0
P 179 142 0 255 0
P 180 142 0 255 0
P 181 142 0 255 0
P 182 142 0 255 0
P 183 142 0 255 0
P 184 142 0 255 0
P 185 142 0 255 0
P 186 142 0 255 0
P 187 142 0 255 0
P 188 142 0 255 0
P 189 142 0 255 0
P 190 142 0 255 0
P 191 142 0 255 0
P 192 142 0 255 0
P 193 142 0 255 0
P 194 142 0 255 0
P 195 142 0 255 0
P 196 142 0 255 0
P 197 142 0 255 0
P 198 142 0 255 0
P 199 142 0 255 0
P 200 142 0 255 0
P 201 142 0 255 0
P 202 142 0 255 0
P 203 142 0 255 0
P 204 142 0 255 0
P 205 142 0 255 0
P 206 142 0 255 0
P 207 142 0 255 0
P 208 142 0 255 0
P 209 142 0 255 0
P 210 142 0 255 0
P 211 142 0 255 0
P 212 142 0 255 0
P 213 142 0 255 0
P 214 142 0 255 0
P 215 142 0 255 0
P 216 142 0 255 0
P 217 142 0 255 0
P 218 142 0 255 0
P 219 142 0 255 0
P 220 142 0 255 0
P 221 142 0 255 0
P 222 142 0 255 0
P 223 142 0 255 0
P 224 142 0 255 0
P 225 142 0 255 0
P 226 142 0 255 0
P 227 142 0 255 0
P 228 142 0 255 0
P 229 142 0 255 0
P 230 142 0 255 0
P 231 142 0 255 0
P 232 142 0 255 0
P 233 142 0 255 0
P 234 142 0 255 0
P 235 142 0 255 0
P 236 142 0 255 0
P 237 142 0 255 0
P 238 142 0 255 0
P 239 142 0 255 0
P 240 142 0 255 0
P 241 142 0 255 0
P 242 142 0 255 0
P 243 142 0 255 0
P 244 142 0 255 0
P 245 142 0 255 0
P 75 143 255 0 0
P 76 143 255 0 0
P 77 143 255 0 0
P 78 143 255 0 0
P 79 143 255 0 0
P 80 143 255 0 0
P 81 143 255 0 0
P 82 143 255 0 0
P 83 143 255 0 0
P 84 143 255 0 0
P 85 143 255 0 0
P 86 143 255 0 0
P 87 143 255 0 0
P 88 143 255 0 0
P 89 143 255 0 0
P 90 143 255 0 0
P 91 143 255 0 0
P 92 143 255 0 0
P 93 143 255 0 0
P 94 143 255 0 0
P 95 143 255 0 0
P 96 143 255 0 0
P 97 143 255 0 0
P 98 143 255 0 0
P 99 143 255 0 0
P 100 143 255 0 0
P 101 143 255 0 0
P 102 143 255 0 0
P 103 143 255 0 0
P 104 143 255 0 0
P 105 143 255 0 0
P 106 143 255 0 0
P 107 143 255 0 0
P 108 143 255 0 0
P 109 143 255 0 0
P 110 143 255 0 0
P 111 143 255 0 0
P 112 143 255 0 0
P 113 143 255 0 0
P 114 143 255 0 0
P 115 143 255 0 0
P 116 143 255 0 0
P 117 143 255 0 0
P 118 143 255 0 0
P 119 143 255 0 0
P 120 143 255 0 0
P 121 143 255 0 0
P 122 143 255 0 0
P 123 143 255 0 0
P 124 143 255 0 0
P 125 143 255 0 0
P 126 143 255 0 0
P 127 143 255 0 0
P 128 143 255 0 0
P 129 143 255 0 0
P 130 143 255 0 0
P 131 143 255 0 0
P 132 143 255 0 0
P 133 143 255 0 0
P 134 143 255 0 0
P 135 143 255 0 0
P 136 143 255 0 0
P 137 143 255 0 0
P 138 143 255 0 0
P 139 143 255 0 0
P 140 143 255 0 0
P 141 143 255 0 0
P 142 143 255 0 0
P 143 143 255 0 0
P 144 143 255 0 0
P 145 143 255 0 0
P 146 143 255 0 0
P 147 143 255 0 0
P 148 143 255 0 0
P 149 143 255 0 0
P 150 143 0 255 0
P 151 143 0 255 0
P 152 143 0 255 0
P 153 143 0 255 0
P 154 143 0 255 0
P 155 143 0 255 0
P 156 143 0 255 0
P 157 143 0 255 0
P 158 143 0 255 0
P 159 143 0 255 0
P 160 143 0 255 0
P 161 143 0 255 0
P 162 143 0 255 0
P 163 143 0 255 0
P 164 143 0 255 0
P 165 143 0 255 0
P 166 143 0 255 0
P 167 143 0 255 0
P 168 143 0 255 0
P 169 143 0 255 0
P 170 143 0 255 0
P 171 143 0 255 0
P 172 143 0 255 0
P 173 143 0 255 0
P 174 143 0 255 0
P 175 143 0 255 0
P 176 143 0 255 0
P 177 143 0 255 0
P 178 143 0 255 0
P 179 143 0 255 0
P 180 143 0 255 0
P 181 143 0 255 0
P 182 143 0 255 0
P 183 143 0 255 0
P 184 143 0 255 0
P 185 143 0 255 0
P 186 143 0 255 0
P 187 143 0 255 0
P 188 143 0 255 0
P 189 143 0 255 0
P 190 143 0 255 0
P 191 143 0 255 0
P 192 143 0 255 0
P 193 143 0 255 0
P 194 143 0 255 0
P 195 143 0 255 0
P 196 143 0 255 0
P 197 143 0 255 0
P 198 143 0 255 0
P 199 143 0 255 0
P 200 143 0 255 0
P 201 143 0 255 0
P 202 143 0 255 0
P 203 143 0 255 0
P 204 143 0 255 0
P 205 143 0 255 0
P 206 143 0 255 0
P 207 143 0 255 0
P 208 143 0 255 0
P 209 143 0 255 0
P 210 143 0 255 0
P 211 143 0 255 0
P 212 143 0 255 0
P 213 143 0 255 0
P 214 143 0 255 0
P 215 143 0 255 0
P 216 143 0 255 0
P 217 143 0 255 0
P 218 143 0 255 0
P 219 143 0 255 0
P 220 143 0 255 0
P 221 143 0 255 0
P 222 143 0 255 0
P 223 143 0 255 0
P 224 143 0 255 0
P 225 143 0 255 0
P 226 143 0 255 0
P 227 143 0 255 0
P 228 143 0 255 0
P 229 143 0 255 0
P 230 143 0 255 0
P 231 143 0 255 0
P 232 143 0 255 0
P 233 143 0 255 0
P 234 143 0 255 0
P 235 143 0 255 0
P 236 143 0 255 0
P 237 143 0 255 0
P 238 143 0 255 0
P 239 143 0 255 0
P 240 143 0 255 0
P 241 143 0 255 0
P 242 143 0 255 0
P 243 143 0 255 0
P 244 143 0 255 0
P 245 143 0 255 0
P 75 144 255 0 0
P 76 144 255 0 0
P 77 144 255 0 0
P 78 144 255 0 0
P 79 144 255 0 0
P 80 144 255 0 0
P 81 144 255 0 0
P 82 144 255 0 0
P 83 144 255 0 0
P 84 144 255 0 0
P 85 144 255 0 0
P 86 144 255 0 0
P 87 144 255 0 0
P 88 144 255 0 0
P 89 144 255 0 0
P 90 144 255 0 0
P 91 144 255 0 0
P 92 144 255 0 0
P 93 144 255 0 0
P 94 144 255 0 0
P 95 144 255 0 0
P 96 144 255 0 0
P 97 144 255 0 0
P 98 144 255 0 0
P 99 144 255 0 0
P 100 144 255 0 0
P 101 144 255 0 0
P 102 144 255 0 0
P 103 144 255 0 0
P 104 144 255 0 0
P 105 144 255 0 0
P 106 144 255 0 0
P 107 144 255 0 0
P 108 144 255 0 0
P 109 144 255 0 0
P 110 144 255 0 0
P 111 144 255 0 0
P 112 144 255 0 0
P 113 144 255 0 0
P 114 144 255 0 0
P 115 144 255 0 0
P 116 144 255 0 0
P 117 144 255 0 0
P 118 144 255 0 0
P 119 144 255 0 0
P 120 144 255 0 0
P 121 144 255 0 0
P 122 144 255 0 0
P 123 144 255 0 0
P 124 144 255 0 0
P 125 144 255 0 0
P 126 144 255 0 0
P 127 144 255 0 0
P 128 144 255 0 0
P 129 144 255 0 0
P 130 144 255 0 0
P 131 144 255 0 0
P 132 144 255 0 0
P 133 144 255 0 0
P 134 144 255 0 0
P 135 144 255 0 0
P 136 144 255 0 0
P 137 144 255 0 0
P 138 144 255 0 0
P 139 144 255 0 0
P 140 144 255 0 0
P 141 144 255 0 0
P 142 144 255 0 0
P 143 144 255 0 0
P 144 144 255 0 0
P 145 144 255 0 0
P 146 144 255 0 0
P 147 144 255 0 0
P 148 144 255 0 0
P 149 144 255 0 0
P 150 144 255 0 0
P 151 144 255 0 0
P 152 144 0 255 0
P 153 144 0 255 0
P 154 144 0 255 0
P 155 144 0 255 0
P 156 144 0 255 0
P 157 144 0 255 0
P 158 144 0 255 0
P 159 144 0 255 0
P 160 144 0 255 0
P 161 144 0 255 0
P 162 144 0 255 0
P 163 144 0 255 0
P 164 144 0 255 0
P 165 144 0 255 0
P 166 144 0 255 0
P 167 144 0 255 0
P 168 144 0 255 0
P 169 144 0 255 0
P 170 144 0 255 0
P 171 144 0 255 0
P 172 144 0 255 0
P 173 144 0 255 0
P 174 144 0 255 0
P 175 144 0 255 0
P 176 144 0 255 0
P 177 144 0 255 0
P 178 144 0 255 0
P 179 144 0 255 0
P 180 144 0 255 0
P 181 144 0 255 0
P 182 144 0 255 0
P 183 144 0 255 0
P 184 144 0 255 0
P 185 144 0 255 0
P 186 144 0 255 0
P 187 144 0 255 0
P 188 144 0 255 0
P 189 144 0 255 0
P 190 144 0 255 0
P 191 144 0 255 0
P 192 144 0 255 0
P 193 144 0 255 0
P 194 144 0 255 0
P 195 144 0 255 0
P 196 144 0 255 0
P 197 144 0 255 0
P 198 144 0 255 0
P 199 144 0 255 0
P 200 144 0 255 0
P 201 144 0 255 0
P 202 144 0 255 0
P 203 144 0 255 0
P 204 144 0 255 0
P 205 144 0 255 0
P 206 144 0 255 0
P 207 144 0 255 0
P 208 144 0 255 0
P 209 144 0 255 0
P 210 144 0 255 0
P 211 144 0 255 0
P 212 144 0 255 0
P 213 144 0 255 0
P 214 144 0 255 0
P 215 144 0 255 0
P 216 144 0 255 0
P 217 144 0 255 0
P 218 144 0 255 0
P 219 144 0 255 0
P 220 144 0 255 0
P 221 144 0 255 0
P 222 144 0 255 0
P 223 144 0 255 0
P 224 144 0 255 0
P 225 144 0 255 0
P 226 144 0 255 0
P 227 144 0 255 0
P 228 144 0 255 0
P 229 144 0 255 0
P 230 144 0 255 0
P 231 144 0 255 0
P 232 144 0 255 0
P 233 144 0 255 0
P 234 144 0 255 0
P 235 144 0 255 0
P 236 144 0 255 0
P 237 144 0 255 0
P 238 144 0 255 0
P 239 144 0 255 0
P 240 144 0 255 0
P 241 144 0 255 0
P 242 144 0 255 0
P 243 144 0 255 0
P 244 144 0 255 0
P 245 144 0 255 0
P 75 145 255 0 0
P 76 145 255 0 0
P 77 145 255 0 0
P 78 145 255 0 0
P 79 145 255 0 0
P 80 145 255 0 0
P 81 145 255 0 0
P 82 145 255 0 0
P 83 145 255 0 0
P 84 145 255 0 0
P 85 145 255 0 0
P 86 145 255 0 0
P 87 145 255 0 0
P 88 145 255 0 0
P 89 145 255 0 0
P 90 145 255 0 0
P 91 145 255 0 0
P 92 145 255 0 0
P 93 145 255 0 0
P 94 145 255 0 0
P 95 145 255 0 0
P 96 145 255 0 0
P 97 145 255 0 0
P 98 145 255 0 0
P 99 145 255 0 0
P 100 145 255 0 0
P 101 145 255 0 0
P 102 145 255 0 0
P 103 145 255 0 0
P 104 145 255 0 0
P 105 145 255 0 0
P 106 145 255 0 0
P 107 145 255 0 0
P 108 145 255 0 0
P 109 145 255 0 0
P 110 145 255 0 0
P 111 145 255 0 0
P 112 145 255 0 0
P 113 145 255 0 0
P 114 145 255 0 0
P 115 145 255 0 0
P 116 145 255 0 0
P 117 145 255 0 0
P 118 145 255 0 0
P 119 145 255 0 0
P 120 145 255 0 0
P 121 145 255 0 0
P 122 145 255 0 0
P 123 145 255 0 0
P 124 145 255 0 0
P 125 145 255 0 0
P 126 145 255 0 0
P 127 145 255 0 0
P 128 145 255 0 0
P 129 145 255 0 0
P 130 145 255 0 0
P 131 145 255 0 0
P 132 145 255 0 0
P 133 145 255 0 0
P 134 145 255 0 0
P 135 145 255 0 0
P 136 145 255 0 0
P 137 145 255 0 0
P 138 145 255 0 0
P 139 145 255 0 0
P 140 145 255 0 0
P 141 145 255 0 0
P 142 145 255 0 0
P 143 145 255 0 0
P 144 145 255 0 0
P 145 145 255 0 0
P 146 145 255 0 0
P 147 145 255 0 0
P 148 145 255 0 0
P 149 145 255 0 0
P 150 145 255 0 0
P 151 145 255 0 0
P 152 145 255 0 0
P 153 145 0 255 0
P 154 145 0 255 0
P 155 145 0 255 0
P 156 145 0 255 0
P 157 145 0 255 0
P 158 145 0 255 0
P 159 145 0 255 0
P 160 145 0 255 0
P 161 145 0 255 0
P 162 145 0 255 0
P 163 145 0 255 0
P 164 145 0 255 0
P 165 145 0 255 0
P 166 145 0 255 0
P 167 145 0 255 0
P 168 145 0 255 0
P 169 145 0 255 0
P 170 145 0 255 0
P 171 145 0 255 0
P 172 145 0 255 0
P 173 145 0 255 0
P 174 145 0 255 0
P 175 145 0 255 0
P 176 145 0 255 0
P 177 145 0 255 0
P 178 145 0 255 0
P 179 145 0 255 0
P 180 145 0 255 0
P 181 145 0 255 0
P 182 145 0 255 0
P 183 145 0 255 0
P 184 145 0 255 0
P 185 145 0 255 0
P 186 145 0 255 0
P 187 145 0 255 0
P 188 145 0 255 0
P 189 145 0 255 0
P 190 145 0 255 0
P 191 145 0 255 0
P 192 145 0 255 0
P 193 145 0 255 0
P 194 145 0 255 0
P 195 145 0 255 0
P 196 145 0 255 0
P 197 145 0 255 0
P 198 145 0 255 0
P 199 145 0 255 0
P 200 145 0 255 0
P 201 145 0 255 0
P 202 145 0 255 0
P 203 145 0 255 0
P 204 145 0 255 0
P 205 145 0 255 0
P 206 145 0 255 0
P 207 145 0 255 0
P 208 145 0 255 0
P 209 145 0 255 0
P 210 145 0 255 0
P 211 145 0 255 0
P 212 145 0 255 0
P 213 145 0 255 0
P 214 145 0 255 0
P 215 145 0 255 0
P 216 145 0 255 0
P 217 145 0 255 0
P 218 145 0 255 0
P 219 145 0 255 0
P 220 145 0 255 0
P 221 145 0 255 0
P 222 145 0 255 0
P 223 145 0 255 0
P 224 145 0 255 0
P 225 145 0 255 0
P 226 145 0 255 0
P 227 145 0 255 0
P 228 145 0 255 0
P 229 145 0 255 0
P 230 145 0 255 0
P 231 145 0 255 0
P 232 145 0 255 0
P 233 145 0 255 0
P 234 145 0 255 0
P 235 145 0 255 0
P 236 145 0 255 0
P 237 145 0 255 0
P 238 145 0 255 0
P 239 145 0 255 0
P 240 145 0 255 0
P 241 145 0 255 0
P 242 145 0 255 0
P 243 145 0 255 0
P 244 145 0 255 0
P 245 145 0 255 0
P 76 146 255 0 0
P 77 146 255 0 0
P 78 146 255 0 0
P 79 146 255 0 0
P 80 146 255 0 0
P 81 146 255 0 0
P 82 146 255 0 0
P 83 146 255 0 0
P 84 146 255 0 0
P 85 146 255 0 0
P 86 146 255 0 0
P 87 146 255 0 0
P 88 146 255 0 0
P 89 146 255 0 0
P 90 146 255 0 0
P 91 146 255 0 0
P 92 146 255 0 0
P 93 146 255 0 0
P 94 146 255 0 0
P 95 146 255 0 0
P 96 146 255 0 0
P 97 146 255 0 0
P 98 146 255 0 0
P 99 146 255 0 0
P 100 146 255 0 0
P 101 146 255 0 0
P 102 146 255 0 0
P 103 146 255 0 0
P 104 146 255 0 0
P 105 146 255 0 0
P 106 146 255 0 0
P 107 146 255 0 0
P 108 146 255 0 0
P 109 146 255 0 0
P 110 146 255 0 0
P 111 146 255 0 0
P 112 146 255 0 0
P 113 146 255 0 0
P 114 146 255 0 0
P 115 146 255 0 0
P 116 146 255 0 0
P 117 146 255 0 0
P 118 146 255 0 0
P 119 146 255 0 0
P 120 146 255 0 0
P 121 146 255 0 0
P 122 146 255 0 0
P 123 146 255 0 0
P 124 146 255 0 0
P 125 146 255 0 0
P 126 146 255 0 0
P 127 146 255 0 0
P 128 146 255 0 0
P 129 146 255 0 0
P 130 146 255 0 0
P 131 146 255 0 0
P 132 146 255 0 0
P 133 146 255 0 0
P 134 146 255 0 0
P 135 146 255 0 0
P 136 146 255 0 0
P 137 146 255 0 0
P 138 146 255 0 0
P 139 146 255 0 0
P 140 146 255 0 0
P 141 146 255 0 0
P 142 146 255 0 0
P 143 146 255 0 0
P 144 146 255 0 0
P 145 146 255 0 0
P 146 146 255 0 0
P 147 146 255 0 0
P 148 146 255 0 0
P 149 146 255 0 0
P 150 146 255 0 0
P 151 146 255 0 0
P 152 146 255 0 0
P 153 146 255 0 0
P 154 146 255 0 0
P 155 146 0 255 0
P 156 146 0 255 0
P 157 146 0 255 0
P 158 146 0 255 0
P 159 146 0 255 0
P 160 146 0 255 0
P 161 146 0 255 0
P 162 146 0 255 0
P 163 146 0 255 0
P 164 146 0 255 0
P 165 146 0 255 0
P 166 146 0 255 0
P 167 146 0 255 0
P 168 146 0 255 0
P 169 146 0 255 0
P 170 146 0 255 0
P 171 146 0 255 0
P 172 146 0 255 0
P 173 146 0 255 0
P 174 146 0 255 0
P 175 146 0 255 0
P 176 146 0 255 0
P 177 146 0 255 0
P 178 146 0 255 0
P 179 146 0 255 0
P 180 146 0 255 0
P 181 146 0 255 0
P 182 146 0 255 0
P 183 146 0 255 0
P 184 146 0 255 0
P 185 146 0 255 0
P 186 146 0 255 0
P 187 146 0 255 0
P 188 146 0 255 0
P 189 146 0 255 0
P 190 146 0 255 0
P 191 146 0 255 0
P 192 146 0 255 0
P 193 146 0 255 0
P 194 146 0 255 0
P 195 146 0 255 0
P 196 146 0 255 0
P 197 146 0 255 0
P 198 146 0 255 0
P 199 146 0 255 0
P 200 146 0 255 0
P 201 146 0 255 0
P 202 146 0 255 0
P 203 146 0 255 0
P 204 146 0 255 0
P 205 146 0 255 0
P 206 146 0 255 0
P 207 146 0 255 0
P 208 146 0 255 0
P 209 146 0 255 0
P 210 146 0 255 0
P 211 146 0 255 0
P 212 146 0 255 0
P 213 146 0 255 0
P 214 146 0 255 0
P 215 146 0 255 0
P 216 146 0 255 0
P 217 146 0 255 0
P 218 146 0 255 0
P 219 146 0 255 0
P 220 146 0 255 0
P 221 146 0 255 0
P 222 146 0 255 0
P 223 146 0 255 0
P 224 146 0 255 0
P 225 146 0 255 0
P 226 146 0 255 0
P 227 146 0 255 0
P 228 146 0 255 0
P 229 146 0 255 0
P 230 146 0 255 0
P 231 146 0 255 0
P 232 146 0 255 0
P 233 146 0 255 0
P 234 146 0 255 0
P 235 146 0 255 0
P 236 146 0 255 0
P 237 146 0 255 0
P 238 146 0 255 0
P 239 146 0 255 0
P 240 146 0 255 0
P 241 146 0 255 0
P 242 146 0 255 0
P 243 146 0 255 0
P 244 146 0 255 0
P 245 146 0 255 0
P 76 147 255 0 0
P 77 147 255 0 0
P 78 147 255 0 0
P 79 147 255 0 0
P 80 147 255 0 0
P 81 147 255 0 0
P 82 147 255 0 0
P 83 147 255 0 0
P 84 147 255 0 0
P 85 147 255 0 0
P 86 147 255 0 0
P 87 147 255 0 0
P 88 147 255 0 0
P 89 147 255 0 0
P 90 147 255 0 0
P 91 147 255 0 0
P 92 147 255 0 0
P 93 147 255 0 0
P 94 147 255 0 0
P 95 147 255 0 0
P 96 147 255 0 0
P 97 147 255 0 0
P 98 147 255 0 0
P 99 147 255 0 0
P 100 147 255 0 0
P 101 147 255 0 0
P 102 147 255 0 0
P 103 147 255 0 0
P 104 147 255 0 0
P 105 147 255 0 0
P 106 147 255 0 0
P 107 147 255 0 0
P 108 147 255 0 0
P 109 147 255 0 0
P 110 147 255 0 0
P 111 147 255 0 0
P 112 147 255 0 0
P 113 147 255 0 0
P 114 147 255 0 0
P 115 147 255 0 0
P 116 147 255 0 0
P 117 147 255 0 0
P 118 147 255 0 0
P 119 147 255 0 0
P 120 147 255 0 0
P 121 147 255 0 0
P 122 147 255 0 0
P 123 147 255 0 0
P 124 147 255 0 0
P 125 147 255 0 0
P 126 147 255 0 0
P 127 147 255 0 0
P 128 147 255 0 0
P 129 147 255 0 0
P 130 147 255 0 0
P 131 147 255 0 0
P 132 147 255 0 0
P 133 147 255 0 0
P 134 147 255 0 0
P 135 147 255 0 0
P 136 147 255 0 0
P 137 147 255 0 0
P 138 147 255 0 0
P 139 147 255 0 0
P 140 147 255 0 0
P 141 147 255 0 0
P 142 147 255 0 0
P 143 147 255 0 0
P 144 147 255 0 0
P 145 147 255 0 0
P 146 147 255 0 0
P 147 147 255 0 0
P 148 147 255 0 0
P 149 147 255 0 0
P 150 147 255 0 0
P 151 147 255 0 0
P 152 147 255 0 0
P 153 147 255 0 0
P 154 147 255 0 0
P 155 147 255 0 0
P 156 147 0 255 0
P 157 147 0 255 0
P 158 147 0 255 0
P 159 147 0 255 0
P 160 147 0 255 0
P 161 147 0 255 0
P 162 147 0 255 0
P 163 147 0 255 0
P 164 147 0 255 0
P 165 147 0 255 0
P 166 147 0 255 0
P 167 147 0 255 0
P 168 147 0 255 0
P 169 147 0 255 0
P 170 147 0 255 0
P 171 147 0 255 0
P 172 147 0 255 0
P 173 147 0 255 0
P 174 147 0 255 0
P 175 147 0 255 0
P 176 147 0 255 0
P 177 147 0 255 0
P 178 147 0 255 0
P 179 147 0 255 0
P 180 147 0 255 0
P 181 147 0 255 0
P 182 147 0 255 0
P 183 147 0 255 0
P 184 147 0 255 0
P 185 147 0 255 0
P 186 147 0 255 0
P 187 147 0 255 0
P 188 147 0 255 0
P 189 147 0 255 0
P 190 147 0 255 0
P 191 147 0 255 0
P 192 147 0 255 0
P 193 147 0 255 0
P 194 147 0 255 0
P 195 147 0 255 0
P 196 147 0 255 0
P 197 147 0 255 0
P 198 147 0 255 0
P 199 147 0 255 0
P 200 147 0 255 0
P 201 147 0 255 0
P 202 147 0 255 0
P 203 147 0 255 0
P 204 147 0 255 0
P 205 147 0 255 0
P 206 147 0 255 0
P 207 147 0 255 0
P 208 147 0 255 0
P 209 147 0 255 0
P 210 147 0 255 0
P 211 147 0 255 0
P 212 147 0 255 0
P 213 147 0 255 0
P 214 147 0 255 0
P 215 147 0 255 0
P 216 147 0 255 0
P 217 147 0 255 0
P 218 147 0 255 0
P 219 147 0 255 0
P 220 147 0 255 0
P 221 147 0 255 0
P 222 147 0 255 0
P 223 147 0 255 0
P 224 147 0 255 0
P 225 147 0 255 0
P 226 147 0 255 0
P 227 147 0 255 0
P 228 147 0 255 0
P 229 147 0 255 0
P 230 147 0 255 0
P 231 147 0 255 0
P 232 147 0 255 0
P 233 147 0 255 0
P 234 147 0 255 0
P 235 147 0 255 0
P 236 147 0 255 0
P 237 147 0 255 0
P 238 147 0 255 0
P 239 147 0 255 0
P 240 147 0 255 0
P 241 147 0 255 0
P 242 147 0 255 0
P 243 147 0 255 0
P 244 147 0 255 0
P 245 147 0 255 0
P 76 148 255 0 0
P 77 148 255 0 0
P 78 148 255 0 0
P 79 148 255 0 0
P 80 148 255 0 0
P 81 148 255 0 0
P 82 148 255 0 0
P 83 148 255 0 0
P 84 148 255 0 0
P 85 148 255 0 0
P 86 148 255 0 0
P 87 148 255 0 0
P 88 148 255 0 0
P 89 148 255 0 0
P 90 148 255 0 0
P 91 148 255 0 0
P 92 148 255 0 0
P 93 148 255 0 0
P 94 148 255 0 0
P 95 148 255 0 0
P 96 148 255 0 0
P 97 148 255 0 0
P 98 148 255 0 0
P 99 148 255 0 0
P 100 148 255 0 0
P 101 148 255 0 0
P 102 148 255 0 0
P 103 148 255 0 0
P 104 148 255 0 0
P 105 148 255 0 0
P 106 148 255 0 0
P 107 148 255 0 0
P 108 148 255 0 0
P 109 148 255 0 0
P 110 148 255 0 0
P 111 148 255 0 0
P 112 148 255 0 0
P 113 148 255 0 0
P 114 148 255 0 0
P 115 148 255 0 0
P 116 148 255 0 0
P 117 148 255 0 0
P 118 148 255 0 0
P 119 148 255 0 0
P 120 148 255 0 0
P 121 148 255 0 0
P 122 148 255 0 0
P 123 148 255 0 0
P 124 148 255 0 0
P 125 148 255 0 0
P 126 148 255 0 0
P 127 148 255 0 0
P 128 148 255 0 0
P 129 148 255 0 0
P 130 148 255 0 0
P 131 148 255 0 0
P 132 148 255 0 0
P 133 148 255 0 0
P 134 148 255 0 0
P 135 148 255 0 0
P 136 148 255 0 0
P 137 148 255 0 0
P 138 148 255 0 0
P 139 148 255 0 0
P 140 148 255 0 0
P 141 148 255 0 0
P 142 148 255 0 0
P 143 148 255 0 0
P 144 148 255 0 0
P 145 148 255 0 0
P 146 148 255 0 0
P 147 148 255 0 0
P 148 148 255 0 0
P 149 148 255 0 0
P 150 148 255 0 0
P 151 148 255 0 0
P 152 148 255 0 0
P 153 148 255 0 0
P 154 148 255 0 0
P 155 148 255 0 0
P 156 148 255 0 0
P 158 148 0 255 0
P 159 148 0 255 0
P 160 148 0 255 0
P 161 148 0 255 0
P 162 148 0 255 0
P 163 148 0 255 0
P 164 148 0 255 0
P 165 148 0 255 0
P 166 148 0 255 0
P 167 148 0 255 0
P 168 148 0 255 0
P 169 148 0 255 0
P 170 148 0 255 0
P 171 148 0 255 0
P 172 148 0 255 0
P 173 148 0 255 0
P 174 148 0 255 0
P 175 148 0 255 0
P 176 148 0 255 0
P 177 148 0 255 0
P 178 148 0 255 0
P 179 148 0 255 0
P 180 148 0 255 0
P 181 148 0 255 0
P 182 148 0 255 0
P 183 148 0 255 0
P 184 148 0 255 0
P 185 148 0 255 0
P 186 148 0 255 0
P 187 148 0 255 0
P 188 148 0 255 0
P 189 148 0 255 0
P 190 148 0 255 0
P 191 148 0 255 0
P 192 148 0 255 0
P 193 148 0 255 0
P 194 148 0 255 0
P 195 148 0 255 0
P 196 148 0 255 0
P 197 148 0 255 0
P 198 148 0 255 0
P 199 148 0 255 0
P 200 148 0 255 0
P 201 148 0 255 0
P 202 148 0 255 0
P 203 148 0 255 0
P 204 148 0 255 0
P 205 148 0 255 0
P 206 148 0 255 0
P 207 148 0 255 0
P 208 148 0 255 0
P 209 148 0 255 0
P 210 148 0 255 0
P 211 148 0 255 0
P 212 148 0 255 0
P 213 148 0 255 0
P 214 148 0 255 0
P 215 148 0 255 0
P 216 148 0 255 0
P 217 148 0 255 0
P 218 148 0 255 0
P 219 148 0 255 0
P 220 148 0 255 0
P 221 148 0 255 0
P 222 148 0 255 0
P 223 148 0 255 0
P 224 148 0 255 0
P 225 148 0 255 0
P 226 148 0 255 0
P 227 148 0 255 0
P 228 148 0 255 0
P 229 148 0 255 0
P 230 148 0 255 0
P 231 148 0 255 0
P 232 148 0 255 0
P 233 148 0 255 0
P 234 148 0 255 0
P 235 148 0 255 0
P 236 148 0 255 0
P 237 148 0 255 0
P 238 148 0 255 0
P 239 148 0 255 0
P 240 148 0 255 0
P 241 148 0 255 0
P 242 148 0 255 0
P 243 148 0 255 0
P 244 148 0 255 0
P 245 148 0 255 0
P 77 149 255 0 0
P 78 149 255 0 0
P 79 149 255 0 0
P 80 149 255 0 0
P 81 149 255 0 0
P 82 149 255 0 0
P 83 149 255 0 0
P 84 149 255 0 0
P 85 149 255 0 0
P 86 149 255 0 0
P 87 149 255 0 0
P 88 149 255 0 0
P 89 149 255 0 0
P 90 149 255 0 0
P 91 149 255 0 0
P 92 149 255 0 0
P 93 149 255 0 0
P 94 149 255 0 0
P 95 149 255 0 0
P 96 149 255 0 0
P 97 149 255 0 0
P 98 149 255 0 0
P 99 149 255 0 0
P 100 149 255 0 0
P 101 149 255 0 0
P 102 149 255 0 0
P 103 149 255 0 0
P 104 149 255 0 0
P 105 149 255 0 0
P 106 149 255 0 0
P 107 149 255 0 0
P 108 149 255 0 0
P 109 149 255 0 0
P 110 149 255 0 0
P 111 149 255 0 0
P 112 149 255 0 0
P 113 149 255 0 0
P 114 149 255 0 0
P 115 149 255 0 0
P 116 149 255 0 0
P 117 149 255 0 0
P 118 149 255 0 0
P 119 149 255 0 0
P 120 149 255 0 0
P 121 149 255 0 0
P 122 149 255 0 0
P 123 149 255 0 0
P 124 149 255 0 0
P 125 149 255 0 0
P 126 149 255 0 0
P 127 149 255 0 0
P 128 149 255 0 0
P 129 149 255 0 0
P 130 149 255 0 0
P 131 149 255 0 0
P 132 149 255 0 0
P 133 149 255 0 0
P 134 149 255 0 0
P 135 149 255 0 0
P 136 149 255 0 0
P 137 149 255 0 0
P 138 149 255 0 0
P 139 149 255 0 0
P 140 149 255 0 0
P 141 149 255 0 0
P 142 149 255 0 0
P 143 149 255 0 0
P 144 149 255 0 0
P 145 149 255 0 0
P 146 149 255 0 0
P 147 149 255 0 0
P 148 149 255 0 0
P 149 149 255 0 0
P 150 149 255 0 0
P 151 149 255 0 0
P 152 149 255 0 0
P 153 149 255 0 0
P 154 149 255 0 0
P 155 149 255 0 0
P 159 149 0 255 0
P 160 149 0 255 0
P 161 149 0 255 0
P 162 149 0 255 0
P 163 149 0 255 0
P 164 149 0 255 0
P 165 149 0 255 0
P 166 149 0 255 0
P 167 149 0 255 0
P 168 149 0 255 0
P 169 149 0 255 0
P 170 149 0 255 0
P 171 149 0 255 0
P 172 149 0 255 0
P 173 149 0 255 0
P 174 149 0 255 0
P 175 149 0 255 0
P 176 149 0 255 0
P 177 149 0 255 0
P 178 149 0 255 0
P 179 149 0 255 0
P 180 149 0 255 0
P 181 149 0 255 0
P 182 149 0 255 0
P 183 149 0 255 0
P 184 149 0 255 0
P 185 149 0 255 0
P 186 149 0 255 0
P 187 149 0 255 0
P 188 149 0 255 0
P 189 149 0 255 0
P 190 149 0 255 0
P 191 149 0 255 0
P 192 149 0 255 0
P 193 149 0 255 0
P 194 149 0 255 0
P 195 149 0 255 0
P 196 149 0 255 0
P 197 149 0 255 0
P 198 149 0 255 0
P 199 149 0 255 0
P 200 149 0 255 0
P 201 149 0 255 0
P 202 149 0 255 0
P 203 149 0 255 0
P 204 149 0 255 0
P 205 149 0 255 0
P 206 149 0 255 0
P 207 149 0 255 0
P 208 149 0 255 0
P 209 149 0 255 0
P 210 149 0 255 0
P 211 149 0 255 0
P 212 149 0 255 0
P 213 149 0 255 0
P 214 149 0 255 0
P 215 149 0 255 0
P 216 149 0 255 0
P 217 149 0 255 0
P 218 149 0 255 0
P 219 149 0 255 0
P 220 149 0 255 0
P 221 149 0 255 0
P 222 149 0 255 0
P 223 149 0 255 0
P 224 149 0 255 0
P 225 149 0 255 0
P 226 149 0 255 0
P 227 149 0 255 0
P 228 149 0 255 0
P 229 149 0 255 0
P 230 149 0 255 0
P 231 149 0 255 0
P 232 149 0 255 0
P 233 149 0 255 0
P 234 149 0 255 0
P 235 149 0 255 0
P 236 149 0 255 0
P 237 149 0 255 0
P 238 149 0 255 0
P 239 149 0 255 0
P 240 149 0 255 0
P 241 149 0 255 0
P 242 149 0 255 0
P 243 149 0 255 0
P 244 149 0 255 0
P 245 149 0 255 0
P 77 150 255 0 0
P 78 150 255 0 0
P 79 150 255 0 0
P 80 150 255 0 0
P 81 150 255 0 0
P 82 150 255 0 0
P 83 150 255 0 0
P 84 150 255 0 0
P 85 150 255 0 0
P 86 150 255 0 0
P 87 150 255 0 0
P 88 150 255 0 0
P 89 150 255 0 0
P 90 150 255 0 0
P 91 150 255 0 0
P 92 150 255 0 0
P 93 150 255 0 0
P 94 150 255 0 0
P 95 150 255 0 0
P 96 150 255 0 0
P 97 150 255 0 0
P 98 150 255 0 0
P 99 150 255 0 0
P 100 150 255 0 0
P 101 150 255 0 0
P 102 150 255 0 0
P 103 150 255 0 0
P 104 150 255 0 0
P 105 150 255 0 0
P 106 150 255 0 0
P 107 150 255 0 0
P 108 150 255 0 0
P 109 150 255 0 0
P 110 150 255 0 0
P 111 150 255 0 0
P 112 150 255 0 0
P 113 150 255 0 0
P 114 150 255 0 0
P 115 150 255 0 0
P 116 150 255 0 0
P 117 150 255 0 0
P 118 150 255 0 0
P 119 150 255 0 0
P 120 150 255 0 0
P 121 150 255 0 0
P 122 150 255 0 0
P 123 150 255 0 0
P 124 150 255 0 0
P 125 150 255 0 0
P 126 150 255 0 0
P 127 150 255 0 0
P 128 150 255 0 0
P 129 150 255 0 0
P 130 150 255 0 0
P 131 150 255 0 0
P 132 150 255 0 0
P 133 150 255 0 0
P 134 150 255 0 0
P 135 150 255 0 0
P 136 150 255 0 0
P 137 150 255 0 0
P 138 150 255 0 0
P 139 150 255 0 0
P 140 150 255 0 0
P 141 150 255 0 0
P 142 150 255 0 0
P 143 150 255 0 0
P 144 150 255 0 0
P 145 150 255 0 0
P 146 150 255 0 0
P 147 150 255 0 0
P 148 150 255 0 0
P 149 150 255 0 0
P 150 150 255 0 0
P 151 150 255 0 0
P 152 150 255 0 0
P 153 150 255 0 0
P 154 150 255 0 0
P 161 150 0 255 0
P 162 150 0 255 0
P 163 150 0 255 0
P 164 150 0 255 0
P 165 150 0 255 0
P 166 150 0 255 0
P 167 150 0 255 0
P 168 150 0 255 0
P 169 150 0 255 0
P 170 150 0 255 0
P 171 150 0 255 0
P 172 150 0 255 0
P 173 150 0 255 0
P 174 150 0 255 0
P 175 150 0 255 0
P 176 150 0 255 0
P 177 150 0 255 0
P 178 150 0 255 0
P 179 150 0 255 0
P 180 150 0 255 0
P 181 150 0 255 0
P 182 150 0 255 0
P 183 150 0 255 0
P 184 150 0 255 0
P 185 150 0 255 0
P 186 150 0 255 0
P 187 150 0 255 0
P 188 150 0 255 0
P 189 150 0 255 0
P 190 150 0 255 0
P 191 150 0 255 0
P 192 150 0 255 0
P 193 150 0 255 0
P 194 150 0 255 0
P 195 150 0 255 0
P 196 150 0 255 0
P 197 150 0 255 0
P 198 150 0 255 0
P 199 150 0 255 0
P 200 150 0 255 0
P 201 150 0 255 0
P 202 150 0 255 0
P 203 150 0 255 0
P 204 150 0 255 0
P 205 150 0 255 0
P 206 150 0 255 0
P 207 150 0 255 0
P 208 150 0 255 0
P 209 150 0 255 0
P 210 150 0 255 0
P 211 150 0 255 0
P 212 150 0 255 0
P 213 150 0 255 0
P 214 150 0 255 0
P 215 150 0 255 0
P 216 150 0 255 0
P 217 150 0 255 0
P 218 150 0 255 0
P 219 150 0 255 0
P 220 150 0 255 0
P 221 150 0 255 0
P 222 150 0 255 0
P 223 150 0 255 0
P 224 150 0 255 0
P 225 150 0 255 0
P 226 150 0 255 0
P 227 150 0 255 0
P 228 150 0 255 0
P 229 150 0 255 0
P 230 150 0 255 0
P 231 150 0 255 0
P 232 150 0 255 0
P 233 150 0 255 0
P 234 150 0 255 0
P 235 150 0 255 0
P 236 150 0 255 0
P 237 150 0 255 0
P 238 150 0 255 0
P 239 150 0 255 0
P 240 150 0 255 0
P 241 150 0 255 0
P 242 150 0 255 0
P 243 150 0 255 0
P 244 150 0 255 0
P 245 150 0 255 0
P 77 151 255 0 0
P 78 151 255 0 0
P 79 151 255 0 0
P 80 151 255 0 0
P 81 151 255 0 0
P 82 151 255 0 0
P 83 151 255 0 0
P 84 151 255 0 0
P 85 151 255 0 0
P 86 151 255 0 0
P 87 151 255 0 0
P 88 151 255 0 0
P 89 151 255 0 0
P 90 151 255 0 0
P 91 151 255 0 0
P 92 151 255 0 0
P 93 151 255 0 0
P 94 151 255 0 0
P 95 151 255 0 0
P 96 151 255 0 0
P 97 151 255 0 0
P 98 151 255 0 0
P 99 151 255 0 0
P 100 151 255 0 0
P 101 151 255 0 0
P 102 151 255 0 0
P 103 151 255 0 0
P 104 151 255 0 0
P 105 151 255 0 0
P 106 151 255 0 0
P 107 151 255 0 0
P 108 151 255 0 0
P 109 151 255 0 0
P 110 151 255 0 0
P 111 151 255 0 0
P 112 151 255 0 0
P 113 151 255 0 0
P 114 151 255 0 0
P 115 151 255 0 0
P 116 151 255 0 0
P 117 151 255 0 0
P 118 151 255 0 0
P 119 151 255 0 0
P 120 151 255 0 0
P 121 151 255 0 0
P 122 151 255 0 0
P 123 151 255 0 0
P 124 151 255 0 0
P 125 151 255 0 0
P 126 151 255 0 0
P 127 151 255 0 0
P 128 151 255 0 0
P 129 151 255 0 0
P 130 151 255 0 0
P 131 151 255 0 0
P 132 151 255 0 0
P 133 151 255 0 0
P 134 151 255 0 0
P 135 151 255 0 0
P 136 151 255 0 0
P 137 151 255 0 0
P 138 151 255 0 0
P 139 151 255 0 0
P 140 151 255 0 0
P 141 151 255 0 0
P 142 151 255 0 0
P 143 151 255 0 0
P 144 151 255 0 0
P 145 151 255 0 0
P 146 151 255 0 0
P 147 151 255 0 0
P 148 151 255 0 0
P 149 151 255 0 0
P 150 151 255 0 0
P 151 151 255 0 0
P 152 151 255 0 0
P 162 151 0 255 0
P 163 151 0 255 0
P 164 151 0 255 0
P 165 151 0 255 0
P 166 151 0 255 0
P 167 151 0 255 0
P 168 151 0 255 0
P 169 151 0 255 0
P 170 151 0 255 0
P 171 151 0 255 0
P 172 151 0 255 0
P 173 151 0 255 0
P 174 151 0 255 0
P 175 151 0 255 0
P 176 151 0 255 0
P 177 151 0 255 0
P 178 151 0 255 0
P 179 151 0 255 0
P 180 151 0 255 0
P 181 151 0 255 0
P 182 151 0 255 0
P 183 151 0 255 0
P 184 151 0 255 0
P 185 151 0 255 0
P 186 151 0 255 0
P 187 151 0 255 0
P 188 151 0 255 0
P 189 151 0 255 0
P 190 151 0 255 0
P 191 151 0 255 0
P 192 151 0 255 0
P 193 151 0 255 0
P 194 151 0 255 0
P 195 151 0 255 0
P 196 151 0 255 0
P 197 151 0 255 0
P 198 151 0 255 0
P 199 151 0 255 0
P 200 151 0 255 0
P 201 151 0 255 0
P 202 151 0 255 0
P 203 151 0 255 0
P 204 151 0 255 0
P 205 151 0 255 0
P 206 151 0 255 0
P 207 151 0 255 0
P 208 151 0 255 0
P 209 151 0 255 0
P 210 151 0 255 0
P 211 151 0 255 0
P 212 151 0 255 0
P 213 151 0 255 0
P 214 151 0 255 0
P 215 151 0 255 0
P 216 151 0 255 0
P 217 151 0 255 0
P 218 151 0 255 0
P 219 151 0 255 0
P 220 151 0 255 0
P 221 151 0 255 0
P 222 151 0 255 0
P 223 151 0 255 0
P 224 151 0 255 0
P 225 151 0 255 0
P 226 151 0 255 0
P 227 151 0 255 0
P 228 151 0 255 0
P 229 151 0 255 0
P 230 151 0 255 0
P 231 151 0 255 0
P 232 151 0 255 0
P 233 151 0 255 0
P 234 151 0 255 0
P 235 151 0 255 0
P 236 151 0 255 0
P 237 151 0 255 0
P 238 151 0 255 0
P 239 151 0 255 0
P 240 151 0 255 0
P 241 151 0 255 0
P 242 151 0 255 0
P 243 151 0 255 0
P 244 151 0 255 0
P 245 151 0 255 0
P 77 152 255 0 0
P 78 152 255 0 0
P 79 152 255 0 0
P 80 152 255 0 0
P 81 152 255 0 0
P 82 152 255 0 0
P 83 152 255 0 0
P 84 152 255 0 0
P 85 152 255 0 0
P 86 152 255 0 0
P 87 152 255 0 0
P 88 152 255 0 0
P 89 152 255 0 0
P 90 152 255 0 0
P 91 152 255 0 0
P 92 152 255 0 0
P 93 152 255 0 0
P 94 152 255 0 0
P 95 152 255 0 0
P 96 152 255 0 0
P 97 152 255 0 0
P 98 152 255 0 0
P 99 152 255 0 0
P 100 152 255 0 0
P 101 152 255 0 0
P 102 152 255 0 0
P 103 152 255 0 0
P 104 152 255 0 0
P 105 152 255 0 0
P 106 152 255 0 0
P 107 152 255 0 0
P 108 152 255 0 0
P 109 152 255 0 0
P 110 152 255 0 0
P 111 152 255 0 0
P 112 152 255 0 0
P 113 152 255 0 0
P 114 152 255 0 0
P 115 152 255 0 0
P 116 152 255 0 0
P 117 152 255 0 0
P 118 152 255 0 0
P 119 152 255 0 0
P 120 152 255 0 0
P 121 152 255 0 0
P 122 152 255 0 0
P 123 152 255 0 0
P 124 152 255 0 0
P 125 152 255 0 0
P 126 152 255 0 0
P 127 152 255 0 0
P 128 152 255 0 0
P 129 152 255 0 0
P 130 152 255 0 0
P 131 152 255 0 0
P 132 152 255 0 0
P 133 152 255 0 0
P 134 152 255 0 0
P 135 152 255 0 0
P 136 152 255 0 0
P 137 152 255 0 0
P 138 152 255 0 0
P 139 152 255 0 0
P 140 152 255 0 0
P 141 152 255 0 0
P 142 152 255 0 0
P 143 152 255 0 0
P 144 152 255 0 0
P 145 152 255 0 0
P 146 152 255 0 0
P 147 152 255 0 0
P 148 152 255 0 0
P 149 152 255 0 0
P 150 152 255 0 0
P 151 152 255 0 0
P 164 152 0 255 0
P 165 152 0 255 0
P 166 152 0 255 0
P 167 152 0 255 0
P 168 152 0 255 0
P 169 152 0 255 0
P 170 152 0 255 0
P 171 152 0 255 0
P 172 152 0 255 0
P 173 152 0 255 0
P 174 152 0 255 0
P 175 152 0 255 0
P 176 152 0 255 0
P 177 152 0 255 0
P 178 152 0 255 0
P 179 152 0 255 0
P 180 152 0 255 0
P 181 152 0 255 0
P 182 152 0 255 0
P 183 152 0 255 0
P 184 152 0 255 0
P 185 152 0 255 0
P 186 152 0 255 0
P 187 152 0 255 0
P 188 152 0 255 0
P 189 152 0 255 0
P 190 152 0 255 0
P 191 152 0 255 0
P 192 152 0 255 0
P 193 152 0 255 0
P 194 152 0 255 0
P 195 152 0 255 0
P 196 152 0 255 0
P 197 152 0 255 0
P 198 152 0 255 0
P 199 152 0 255 0
P 200 152 0 255 0
P 201 152 0 255 0
P 202 152 0 255 0
P 203 152 0 255 0
P 204 152 0 255 0
P 205 152 0 255 0
P 206 152 0 255 0
P 207 152 0 255 0
P 208 152 0 255 0
P 209 152 0 255 0
P 210 152 0 255 0
P 211 152 0 255 0
P 212 152 0 255 0
P 213 152 0 255 0
P 214 152 0 255 0
P 215 152 0 255 0
P 216 152 0 255 0
P 217 152 0 255 0
P 218 152 0 255 0
P 219 152 0 255 0
P 220 152 0 255 0
P 221 152 0 255 0
P 222 152 0 255 0
P 223 152 0 255 0
P 224 152 0 255 0
P 225 152 0 255 0
P 226 152 0 255 0
P 227 152 0 255 0
P 228 152 0 255 0
P 229 152 0 255 0
P 230 152 0 255 0
P 231 152 0 255 0
P 232 152 0 255 0
P 233 152 0 255 0
P 234 152 0 255 0
P 235 152 0 255 0
P 236 152 0 255 0
P 237 152 0 255 0
P 238 152 0 255 0
P 239 152 0 255 0
P 240 152 0 255 0
P 241 152 0 255 0
P 242 152 0 255 0
P 243 152 0 255 0
P 244 152 0 255 0
P 245 152 0 255 0
P 78 153 255 0 0
P 79 153 255 0 0
P 80 153 255 0 0
P 81 153 255 0 0
P 82 153 255 0 0
P 83 153 255 0 0
P 84 153 255 0 0
P 85 153 255 0 0
P 86 153 255 0 0
P 87 153 255 0 0
P 88 153 255 0 0
P 89 153 255 0 0
P 90 153 255 0 0
P 91 153 255 0 0
P 92 153 255 0 0
P 93 153 255 0 0
P 94 153 255 0 0
P 95 153 255 0 0
P 96 153 255 0 0
P 97 153 255 0 0
P 98 153 255 0 0
P 99 153 255 0 0
P 100 153 255 0 0
P 101 153 255 0 0
P 102 153 255 0 0
P 103 153 255 0 0
P 104 153 255 0 0
P 105 153 255 0 0
P 106 153 255 0 0
P 107 153 255 0 0
P 108 153 255 0 0
P 109 153 255 0 0
P 110 153 255 0 0
P 111 153 255 0 0
P 112 153 255 0 0
P 113 153 255 0 0
P 114 153 255 0 0
P 115 153 255 0 0
P 116 153 255 0 0
P 117 153 255 0 0
P 118 153 255 0 0
P 119 153 255 0 0
P 120 153 255 0 0
P 121 153 255 0 0
P 122 153 255 0 0
P 123 153 255 0 0
P 124 153 255 0 0
P 125 153 255 0 0
P 126 153 255 0 0
P 127 153 255 0 0
P 128 153 255 0 0
P 129 153 255 0 0
P 130 153 255 0 0
P 131 153 255 0 0
P 132 153 255 0 0
P 133 153 255 0 0
P 134 153 255 0 0
P 135 153 255 0 0
P 136 153 255 0 0
P 137 153 255 0 0
P 138 153 255 0 0
P 139 153 255 0 0
P 140 153 255 0 0
P 141 153 255 0 0
P 142 153 255 0 0
P 143 153 255 0 0
P 144 153 255 0 0
P 145 153 255 0 0
P 146 153 255 0 0
P 147 153 255 0 0
P 148 153 255 0 0
P 149 153 255 0 0
P 150 153 255 0 0
P 165 153 0 255 0
P 166 153 0 255 0
P 167 153 0 255 0
P 168 153 0 255 0
P 169 153 0 255 0
P 170 153 0 255 0
P 171 153 0 255 0
P 172 153 0 255 0
P 173 153 0 255 0
P 174 153 0 255 0
P 175 153 0 255 0
P 176 153 0 255 0
P 177 153 0 255 0
P 178 153 0 255 0
P 179 153 0 255 0
P 180 153 0 255 0
P 181 153 0 255 0
P 182 153 0 255 0
P 183 153 0 255 0
P 184 153 0 255 0
P 185 153 0 255 0
P 186 153 0 255 0
P 187 153 0 255 0
P 188 153 0 255 0
P 189 153 0 255 0
P 190 153 0 255 0
P 191 153 0 255 0
P 192 153 0 255 0
P 193 153 0 255 0
P 194 153 0 255 0
P 195 153 0 255 0
P 196 153 0 255 0
P 197 153 0 255 0
P 198 153 0 255 0
P 199 153 0 255 0
P 200 153 0 255 0
P 201 153 0 255 0
P 202 153 0 255 0
P 203 153 0 255 0
P 204 153 0 255 0
P 205 153 0 255 0
P 206 153 0 255 0
P 207 153 0 255 0
P 208 153 0 255 0
P 209 153 0 255 0
P 210 153 0 255 0
P 211 153 0 255 0
P 212 153 0 255 0
P 213 153 0 255 0
P 214 153 0 255 0
P 215 153 0 255 0
P 216 153 0 255 0
P 217 153 0 255 0
P 218 153 0 255 0
P 219 153 0 255 0
P 220 153 0 255 0
P 221 153 0 255 0
P 222 153 0 255 0
P 223 153 0 255 0
P 224 153 0 255 0
P 225 153 0 255 0
P 226 153 0 255 0
P 227 153 0 255 0
P 228 153 0 255 0
P 229 153 0 255 0
P 230 153 0 255 0
P 231 153 0 255 0
P 232 153 0 255 0
P 233 153 0 255 0
P 234 153 0 255 0
P 235 153 0 255 0
P 236 153 0 255 0
P 237 153 0 255 0
P 238 153 0 255 0
P 239 153 0 255 0
P 240 153 0 255 0
P 241 153 0 255 0
P 242 153 0 255 0
P 243 153 0 255 0
P 244 153 0 255 0
P 245 153 0 255 0
P 78 154 255 0 0
P 79 154 255 0 0
P 80 154 255 0 0
P 81 154 255 0 0
P 82 154 255 0 0
P 83 154 255 0 0
P 84 154 255 0 0
P 85 154 255 0 0
P 86 154 255 0 0
P 87 154 255 0 0
P 88 154 255 0 0
P 89 154 255 0 0
P 90 154 255 0 0
P 91 154 255 0 0
P 92 154 255 0 0
P 93 154 255 0 0
P 94 154 255 0 0
P 95 154 255 0 0
P 96 154 255 0 0
P 97 154 255 0 0
P 98 154 255 0 0
P 99 154 255 0 0
P 100 154 255 0 0
P 101 154 255 0 0
P 102 154 255 0 0
P 103 154 255 0 0
P 104 154 255 0 0
P 105 154 255 0 0
P 106 154 255 0 0
P 107 154 255 0 0
P 108 154 255 0 0
P 109 154 255 0 0
P 110 154 255 0 0
P 111 154 255 0 0
P 112 154 255 0 0
P 113 154 255 0 0
P 114 154 255 0 0
P 115 154 255 0 0
P 116 154 255 0 0
P 117 154 255 0 0
P 118 154 255 0 0
P 119 154 255 0 0
P 120 154 255 0 0
P 121 154 255 0 0
P 122 154 255 0 0
P 123 154 255 0 0
P 124 154 255 0 0
P 125 154 255 0 0
P 126 154 255 0 0
P 127 154 255 0 0
P 128 154 255 0 0
P 129 154 255 0 0
P 130 154 255 0 0
P 131 154 255 0 0
P 132 154 255 0 0
P 133 154 255 0 0
P 134 154 255 0 0
P 135 154 255 0 0
P 136 154 255 0 0
P 137 154 255 0 0
P 138 154 255 0 0
P 139 154 255 0 0
P 140 154 255 0 0
P 141 154 255 0 0
P 142 154 255 0 0
P 143 154 255 0 0
P 144 154 255 0 0
P 145 154 255 0 0
P 146 154 255 0 0
P 147 154 255 0 0
P 148 154 255 0 0
P 167 154 0 255 0
P 168 154 0 255 0
P 169 154 0 255 0
P 170 154 0 255 0
P 171 154 0 255 0
P 172 154 0 255 0
P 173 154 0 255 0
P 174 154 0 255 0
P 175 154 0 255 0
P 176 154 0 255 0
P 177 154 0 255 0
P 178 154 0 255 0
P 179 154 0 255 0
P 180 154 0 255 0
P 181 154 0 255 0
P 182 154 0 255 0
P 183 154 0 255 0
P 184 154 0 255 0
P 185 154 0 255 0
P 186 154 0 255 0
P 187 154 0 255 0
P 188 154 0 255 0
P 189 154 0 255 0
P 190 154 0 255 0
P 191 154 0 255 0
P 192 154 0 255 0
P 193 154 0 255 0
P 194 154 0 255 0
P 195 154 0 255 0
P 196 154 0 255 0
P 197 154 0 255 0
P 198 154 0 255 0
P 199 154 0 255 0
P 200 154 0 255 0
P 201 154 0 255 0
P 202 154 0 255 0
P 203 154 0 255 0
P 204 154 0 255 0
P 205 154 0 255 0
P 206 154 0 255 0
P 207 154 0 255 0
P 208 154 0 255 0
P 209 154 0 255 0
P 210 154 0 255 0
P 211 154 0 255 0
P 212 154 0 255 0
P 213 154 0 255 0
P 214 154 0 255 0
P 215 154 0 255 0
P 216 154 0 255 0
P 217 154 0 255 0
P 218 154 0 255 0
P 219 154 0 255 0
P 220 154 0 255 0
P 221 154 0 255 0
P 222 154 0 255 0
P 223 154 0 255 0
P 224 154 0 255 0
P 225 154 0 255 0
P 226 154 0 255 0
P 227 154 0 255 0
P 228 154 0 255 0
P 229 154 0 255 0
P 230 154 0 255 0
P 231 154 0 255 0
P 232 154 0 255 0
P 233 154 0 255 0
P 234 154 0 255 0
P 235 154 0 255 0
P 236 154 0 255 0
P 237 154 0 255 0
P 238 154 0 255 0
P 239 154 0 255 0
P 240 154 0 255 0
P 241 154 0 255 0
P 242 154 0 255 0
P 243 154 0 255 0
P 244 154 0 255 0
P 245 154 0 255 0
P 78 155 255 0 0
P 79 155 255 0 0
P 80 155 255 0 0
P 81 155 255 0 0
P 82 155 255 0 0
P 83 155 255 0 0
P 84 155 255 0 0
P 85 155 255 0 0
P 86 155 255 0 0
P 87 155 255 0 0
P 88 155 255 0 0
P 89 155 255 0 0
P 90 155 255 0 0
P 91 155 255 0 0
P 92 155 255 0 0
P 93 155 255 0 0
P 94 155 255 0 0
P 95 155 255 0 0
P 96 155 255 0 0
P 97 155 255 0 0
P 98 155 255 0 0
P 99 155 255 0 0
P 100 155 255 0 0
P 101 155 255 0 0
P 102 155 255 0 0
P 103 155 255 0 0
P 104 155 255 0 0
P 105 155 255 0 0
P 106 155 255 0 0
P 107 155 255 0 0
P 108 155 255 0 0
P 109 155 255 0 0
P 110 155 255 0 0
P 111 155 255 0 0
P 112 155 255 0 0
P 113 155 255 0 0
P 114 155 255 0 0
P 115 155 255 0 0
P 116 155 255 0 0
P 117 155 255 0 0
P 118 155 255 0 0
P 119 155 255 0 0
P 120 155 255 0 0
P 121 155 255 0 0
P 122 155 255 0 0
P 123 155 255 0 0
P 124 155 255 0 0
P 125 155 255 0 0
P 126 155 255 0 0
P 127 155 255 0 0
P 128 155 255 0 0
P 129 155 255 0 0
P 130 155 255 0 0
P 131 155 255 0 0
P 132 155 255 0 0
P 133 155 255 0 0
P 134 155 255 0 0
P 135 155 255 0 0
P 136 155 255 0 0
P 137 155 255 0 0
P 138 155 255 0 0
P 139 155 255 0 0
P 140 155 255 0 0
P 141 155 255 0 0
P 142 155 255 0 0
P 143 155 255 0 0
P 144 155 255 0 0
P 145 155 255 0 0
P 146 155 255 0 0
P 147 155 255 0 0
P 168 155 0 255 0
P 169 155 0 255 0
P 170 155 0 255 0
P 171 155 0 255 0
P 172 155 0 255 0
P 173 155 0 255 0
P 174 155 0 255 0
P 175 155 0 255 0
P 176 155 0 255 0
P 177 155 0 255 0
P 178 155 0 255 0
P 179 155 0 255 0
P 180 155 0 255 0
P 181 155 0 255 0
P 182 155 0 255 0
P 183 155 0 255 0
P 184 155 0 255 0
P 185 155 0 255 0
P 186 155 0 255 0
P 187 155 0 255 0
P 188 155 0 255 0
P 189 155 0 255 0
P 190 155 0 255 0
P 191 155 0 255 0
P 192 155 0 255 0
P 193 155 0 255 0
P 194 155 0 255 0
P 195 155 0 255 0
P 196 155 0 255 0
P 197 155 0 255 0
P 198 155 0 255 0
P 199 155 0 255 0
P 200 155 0 255 0
P 201 155 0 255 0
P 202 155 0 255 0
P 203 155 0 255 0
P 204 155 0 255 0
P 205 155 0 255 0
P 206 155 0 255 0
P 207 155 0 255 0
P 208 155 0 255 0
P 209 155 0 255 0
P 210 155 0 255 0
P 211 155 0 255 0
P 212 155 0 255 0
P 213 155 0 255 0
P 214 155 0 255 0
P 215 155 0 255 0
P 216 155 0 255 0
P 217 155 0 255 0
P 218 155 0 255 0
P 219 155 0 255 0
P 220 155 0 255 0
P 221 155 0 255 0
P 222 155 0 255 0
P 223 155 0 255 0
P 224 155 0 255 0
P 225 155 0 255 0
P 226 155 0 255 0
P 227 155 0 255 0
P 228 155 0 255 0
P 229 155 0 255 0
P 230 155 0 255 0
P 231 155 0 255 0
P 232 155 0 255 0
P 233 155 0 255 0
P 234 155 0 255 0
P 235 155 0 255 0
P 236 155 0 255 0
P 237 155 0 255 0
P 238 155 0 255 0
P 239 155 0 255 0
P 240 155 0 255 0
P 241 155 0 255 0
P 242 155 0 255 0
P 243 155 0 255 0
P 244 155 0 255 0
P 245 155 0 255 0
P 246 155 0 255 0
P 78 156 255 0 0
P 79 156 255 0 0
P 80 156 255 0 0
P 81 156 255 0 0
P 82 156 255 0 0
P 83 156 255 0 0
P 84 156 255 0 0
P 85 156 255 0 0
P 86 156 255 0 0
P 87 156 255 0 0
P 88 156 255 0 0
P 89 156 255 0 0
P 90 156 255 0 0
P 91 156 255 0 0
P 92 156 255 0 0
P 93 156 255 0 0
P 94 156 255 0 0
P 95 156 255 0 0
P 96 156 255 0 0
P 97 156 255 0 0
P 98 156 255 0 0
P 99 156 255 0 0
P 100 156 255 0 0
P 101 156 255 0 0
P 102 156 255 0 0
P 103 156 255 0 0
P 104 156 255 0 0
P 105 156 255 0 0
P 106 156 255 0 0
P 107 156 255 0 0
P 108 156 255 0 0
P 109 156 255 0 0
P 110 156 255 0 0
P 111 156 255 0 0
P 112 156 255 0 0
P 113 156 255 0 0
P 114 156 255 0 0
P 115 156 255 0 0
P 116 156 255 0 0
P 117 156 255 0 0
P 118 156 255 0 0
P 119 156 255 0 0
P 120 156 255 0 0
P 121 156 255 0 0
P 122 156 255 0 0
P 123 156 255 0 0
P 124 156 255 0 0
P 125 156 255 0 0
P 126 156 255 0 0
P 127 156 255 0 0
P 128 156 255 0 0
P 129 156 255 0 0
P 130 156 255 0 0
P 131 156 255 0 0
P 132 156 255 0 0
P 133 156 255 0 0
P 134 156 255 0 0
P 135 156 255 0 0
P 136 156 255 0 0
P 137 156 255 0 0
P 138 156 255 0 0
P 139 156 255 0 0
P 140 156 255 0 0
P 141 156 255 0 0
P 142 156 255 0 0
P 143 156 255 0 0
P 144 156 255 0 0
P 145 156 255 0 0
P 146 156 255 0 0
P 170 156 0 255 0
P 171 156 0 255 0
P 172 156 0 255 0
P 173 156 0 255 0
P 174 156 0 255 0
P 175 156 0 255 0
P 176 156 0 255 0
P 177 156 0 255 0
P 178 156 0 255 0
P 179 156 0 255 0
P 180 156 0 255 0
P 181 156 0 255 0
P 182 156 0 255 0
P 183 156 0 255 0
P 184 156 0 255 0
P 185 156 0 255 0
P 186 156 0 255 0
P 187 156 0 255 0
P 188 156 0 255 0
P 189 156 0 255 0
P 190 156 0 255 0
P 191 156 0 255 0
P 192 156 0 255 0
P 193 156 0 255 0
P 194 156 0 255 0
P 195 156 0 255 0
P 196 156 0 255 0
P 197 156 0 255 0
P 198 156 0 255 0
P 199 156 0 255 0
P 200 156 0 255 0
P 201 156 0 255 0
P 202 156 0 255 0
P 203 156 0 255 0
P 204 156 0 255 0
P 205 156 0 255 0
P 206 156 0 255 0
P 207 156 0 255 0
P 208 156 0 255 0
P 209 156 0 255 0
P 210 156 0 255 0
P 211 156 0 255 0
P 212 156 0 255 0
P 213 156 0 255 0
P 214 156 0 255 0
P 215 156 0 255 0
P 216 156 0 255 0
P 217 156 0 255 0
P 218 156 0 255 0
P 219 156 0 255 0
P 220 156 0 255 0
P 221 156 0 255 0
P 222 156 0 255 0
P 223 156 0 255 0
P 224 156 0 255 0
P 225 156 0 255 0
P 226 156 0 255 0
P 227 156 0 255 0
P 228 156 0 255 0
P 229 156 0 255 0
P 230 156 0 255 0
P 231 156 0 255 0
P 232 156 0 255 0
P 233 156 0 255 0
P 234 156 0 255 0
P 235 156 0 255 0
P 236 156 0 255 0
P 237 156 0 255 0
P 238 156 0 255 0
P 239 156 0 255 0
P 240 156 0 255 0
P 241 156 0 255 0
P 242 156 0 255 0
P 243 156 0 255 0
P 244 156 0 255 0
P 245 156 0 255 0
P 246 156 0 255 0
P 79 157 255 0 0
P 80 157 255 0 0
P 81 157 255 0 0
P 82 157 255 0 0
P 83 157 255 0 0
P 84 157 255 0 0
P 85 157 255 0 0
P 86 157 255 0 0
P 87 157 255 0 0
P 88 157 255 0 0
P 89 157 255 0 0
P 90 157 255 0 0
P 91 157 255 0 0
P 92 157 255 0 0
P 93 157 255 0 0
P 94 157 255 0 0
P 95 157 255 0 0
P 96 157 255 0 0
P 97 157 255 0 0
P 98 157 255 0 0
P 99 157 255 0 0
P 100 157 255 0 0
P 101 157 255 0 0
P 102 157 255 0 0
P 103 157 255 0 0
P 104 157 255 0 0
P 105 157 255 0 0
P 106 157 255 0 0
P 107 157 255 0 0
P 108 157 255 0 0
P 109 157 255 0 0
P 110 157 255 0 0
P 111 157 255 0 0
P 112 157 255 0 0
P 113 157 255 0 0
P 114 157 255 0 0
P 115 157 255 0 0
P 116 157 255 0 0
P 117 157 255 0 0
P 118 157 255 0 0
P 119 157 255 0 0
P 120 157 255 0 0
P 121 157 255 0 0
P 122 157 255 0 0
P 123 157 255 0 0
P 124 157 255 0 0
P 125 157 255 0 0
P 126 157 255 0 0
P 127 157 255 0 0
P 128 157 255 0 0
P 129 157 255 0 0
P 130 157 255 0 0
P 131 157 255 0 0
P 132 157 255 0 0
P 133 157 255 0 0
P 134 157 255 0 0
P 135 157 255 0 0
P 136 157 255 0 0
P 137 157 255 0 0
P 138 157 255 0 0
P 139 157 255 0 0
P 140 157 255 0 0
P 141 157 255 0 0
P 142 157 255 0 0
P 143 157 255 0 0
P 144 157 255 0 0
P 145 157 255 0 0
P 171 157 0 255 0
P 172 157 0 255 0
P 173 157 0 255 0
P 174 157 0 255 0
P 175 157 0 255 0
P 176 157 0 255 0
P 177 157 0 255 0
P 178 157 0 255 0
P 179 157 0 255 0
P 180 157 0 255 0
P 181 157 0 255 0
P 182 157 0 255 0
P 183 157 0 255 0
P 184 157 0 255 0
P 185 157 0 255 0
P 186 157 0 255 0
P 187 157 0 255 0
P 188 157 0 255 0
P 189 157 0 255 0
P 190 157 0 255 0
P 191 157 0 255 0
P 192 157 0 255 0
P 193 157 0 255 0
P 194 157 0 255 0
P 195 157 0 255 0
P 196 157 0 255 0
P 197 157 0 255 0
P 198 157 0 255 0
P 199 157 0 255 0
P 200 157 0 255 0
P 201 157 0 255 0
P 202 157 0 255 0
P 203 157 0 255 0
P 204 157 0 255 0
P 205 157 0 255 0
P 206 157 0 255 0
P 207 157 0 255 0
P 208 157 0 255 0
P 209 157 0 255 0
P 210 157 0 255 0
P 211 157 0 255 0
P 212 157 0 255 0
P 213 157 0 255 0
P 214 157 0 255 0
P 215 157 0 255 0
P 216 157 0 255 0
P 217 157 0 255 0
P 218 157 0 255 0
P 219 157 0 255 0
P 220 157 0 255 0
P 221 157 0 255 0
P 222 157 0 255 0
P 223 157 0 255 0
P 224 157 0 255 0
P 225 157 0 255 0
P 226 157 0 255 0
P 227 157 0 255 0
P 228 157 0 255 0
P 229 157 0 255 0
P 230 157 0 255 0
P 231 157 0 255 0
P 232 157 0 255 0
P 233 157 0 255 0
P 234 157 0 255 0
P 235 157 0 255 0
P 236 157 0 255 0
P 237 157 0 255 0
P 238 157 0 255 0
P 239 157 0 255 0
P 240 157 0 255 0
P 241 157 0 255 0
P 242 157 0 255 0
P 243 157 0 255 0
P 244 157 0 255 0
P 245 157 0 255 0
P 246 157 0 255 0
P 79 158 255 0 0
P 80 158 255 0 0
P 81 158 255 0 0
P 82 158 255 0 0
P 83 158 255 0 0
P 84 158 255 0 0
P 85 158 255 0 0
P 86 158 255 0 0
P 87 158 255 0 0
P 88 158 255 0 0
P 89 158 255 0 0
P 90 158 255 0 0
P 91 158 255 0 0
P 92 158 255 0 0
P 93 158 255 0 0
P 94 158 255 0 0
P 95 158 255 0 0
P 96 158 255 0 0
P 97 158 255 0 0
P 98 158 255 0 0
P 99 158 255 0 0
P 100 158 255 0 0
P 101 158 255 0 0
P 102 158 255 0 0
P 103 158 255 0 0
P 104 158 255 0 0
P 105 158 255 0 0
P 106 158 255 0 0
P 107 158 255 0 0
P 108 158 255 0 0
P 109 158 255 0 0
P 110 158 255 0 0
P 111 158 255 0 0
P 112 158 255 0 0
P 113 158 255 0 0
P 114 158 255 0 0
P 115 158 255 0 0
P 116 158 255 0 0
P 117 158 255 0 0
P 118 158 255 0 0
P 119 158 255 0 0
P 120 158 255 0 0
P 121 158 255 0 0
P 122 158 255 0 0
P 123 158 255 0 0
P 124 158 255 0 0
P 125 158 255 0 0
P 126 158 255 0 0
P 127 158 255 0 0
P 128 158 255 0 0
P 129 158 255 0 0
P 130 158 255 0 0
P 131 158 255 0 0
P 132 158 255 0 0
P 133 158 255 0 0
P 134 158 255 0 0
P 135 158 255 0 0
P 136 158 255 0 0
P 137 158 255 0 0
P 138 158 255 0 0
P 139 158 255 0 0
P 140 158 255 0 0
P 141 158 255 0 0
P 142 158 255 0 0
P 143 158 255 0 0
P 173 158 0 255 0
P 174 158 0 255 0
P 175 158 0 255 0
P 176 158 0 255 0
P 177 158 0 255 0
P 178 158 0 255 0
P 179 158 0 255 0
P 180 158 0 255 0
P 181 158 0 255 0
P 182 158 0 255 0
P 183 158 0 255 0
P 184 158 0 255 0
P 185 158 0 255 0
P 186 158 0 255 0
P 187 158 0 255 0
P 188 158 0 255 0
P 189 158 0 255 0
P 190 158 0 255 0
P 191 158 0 255 0
P 192 158 0 255 0
P 193 158 0 255 0
P 194 158 0 255 0
P 195 158 0 255 0
P 196 158 0 255 0
P 197 158 0 255 0
P 198 158 0 255 0
P 199 158 0 255 0
P 200 158 0 255 0
P 201 158 0 255 0
P 202 158 0 255 0
P 203 158 0 255 0
P 204 158 0 255 0
P 205 158 0 255 0
P 206 158 0 255 0
P 207 158 0 255 0
P 208 158 0 255 0
P 209 158 0 255 0
P 210 158 0 255 0
P 211 158 0 255 0
P 212 158 0 255 0
P 213 158 0 255 0
P 214 158 0 255 0
P 215 158 0 255 0
P 216 158 0 255 0
P 217 158 0 255 0
P 218 158 0 255 0
P 219 158 0 255 0
P 220 158 0 255 0
P 221 158 0 255 0
P 222 158 0 255 0
P 223 158 0 255 0
P 224 158 0 255 0
P 225 158 0 255 0
P 226 158 0 255 0
P 227 158 0 255 0
P 228 158 0 255 0
P 229 158 0 255 0
P 230 158 0 255 0
P 231 158 0 255 0
P 232 158 0 255 0
P 233 158 0 255 0
P 234 158 0 255 0
P 235 158 0 255 0
P 236 158 0 255 0
P 237 158 0 255 0
P 238 158 0 255 0
P 239 158 0 255 0
P 240 158 0 255 0
P 241 158 0 255 0
P 242 158 0 255 0
P 243 158 0 255 0
P 244 158 0 255 0
P 245 158 0 255 0
P 246 158 0 255 0
P 79 159 255 0 0
P 80 159 255 0 0
P 81 159 255 0 0
P 82 159 255 0 0
P 83 159 255 0 0
P 84 159 255 0 0
P 85 159 255 0 0
P 86 159 255 0 0
P 87 159 255 0 0
P 88 159 255 0 0
P 89 159 255 0 0
P 90 159 255 0 0
P 91 159 255 0 0
P 92 159 255 0 0
P 93 159 255 0 0
P 94 159 255 0 0
P 95 159 255 0 0
P 96 159 255 0 0
P 97 159 255 0 0
P 98 159 255 0 0
P 99 159 255 0 0
P 100 159 255 0 0
P 101 159 255 0 0
P 102 159 255 0 0
P 103 159 255 0 0
P 104 159 255 0 0
P 105 159 255 0 0
P 106 159 255 0 0
P 107 159 255 0 0
P 108 159 255 0 0
P 109 159 255 0 0
P 110 159 255 0 0
P 111 159 255 0 0
P 112 159 255 0 0
P 113 159 255 0 0
P 114 159 255 0 0
P 115 159 255 0 0
P 116 159 255 0 0
P 117 159 255 0 0
P 118 159 255 0 0
P 119 159 255 0 0
P 120 159 255 0 0
P 121 159 255 0 0
P 122 159 255 0 0
P 123 159 255 0 0
P 124 159 255 0 0
P 125 159 255 0 0
P 126 159 255 0 0
P 127 159 255 0 0
P 128 159 255 0 0
P 129 159 255 0 0
P 130 159 255 0 0
P 131 159 255 0 0
P 132 159 255 0 0
P 133 159 255 0 0
P 134 159 255 0 0
P 135 159 255 0 0
P 136 159 255 0 0
P 137 159 255 0 0
P 138 159 255 0 0
P 139 159 255 0 0
P 140 159 255 0 0
P 141 159 255 0 0
P 142 159 255 0 0
P 174 159 0 255 0
P 175 159 0 255 0
P 176 159 0 255 0
P 177 159 0 255 0
P 178 159 0 255 0
P 179 159 0 255 0
P 180 159 0 255 0
P 181 159 0 255 0
P 182 159 0 255 0
P 183 159 0 255 0
P 184 159 0 255 0
P 185 159 0 255 0
P 186 159 0 255 0
P 187 159 0 255 0
P 188 159 0 255 0
P 189 159 0 255 0
P 190 159 0 255 0
P 191 159 0 255 0
P 192 159 0 255 0
P 193 159 0 255 0
P 194 159 0 255 0
P 195 159 0 255 0
P 196 159 0 255 0
P 197 159 0 255 0
P 198 159 0 255 0
P 199 159 0 255 0
P 200 159 0 255 0
P 201 159 0 255 0
P 202 159 0 255 0
P 203 159 0 255 0
P 204 159 0 255 0
P 205 159 0 255 0
P 206 159 0 255 0
P 207 159 0 255 0
P 208 159 0 255 0
P 209 159 0 255 0
P 210 159 0 255 0
P 211 159 0 255 0
P 212 159 0 255 0
P 213 159 0 255 0
P 214 159 0 255 0
P 215 159 0 255 0
P 216 159 0 255 0
P 217 159 0 255 0
P 218 159 0 255 0
P 219 159 0 255 0
P 220 159 0 255 0
P 221 159 0 255 0
P 222 159 0 255 0
P 223 159 0 255 0
P 224 159 0 255 0
P 225 159 0 255 0
P 226 159 0 255 0
P 227 159 0 255 0
P 228 159 0 255 0
P 229 159 0 255 0
P 230 159 0 255 0
P 231 159 0 255 0
P 232 159 0 255 0
P 233 159 0 255 0
P 234 159 0 255 0
P 235 159 0 255 0
P 236 159 0 255 0
P 237 159 0 255 0
P 238 159 0 255 0
P 239 159 0 255 0
P 240 159 0 255 0
P 241 159 0 255 0
P 242 159 0 255 0
P 243 159 0 255 0
P 244 159 0 255 0
P 245 159 0 255 0
P 246 159 0 255 0
P 79 160 255 0 0
P 80 160 255 0 0
P 81 160 255 0 0
P 82 160 255 0 0
P 83 160 255 0 0
P 84 160 255 0 0
P 85 160 255 0 0
P 86 160 255 0 0
P 87 160 255 0 0
P 88 160 255 0 0
P 89 160 255 0 0
P 90 160 255 0 0
P 91 160 255 0 0
P 92 160 255 0 0
P 93 160 255 0 0
P 94 160 255 0 0
P 95 160 255 0 0
P 96 160 255 0 0
P 97 160 255 0 0
P 98 160 255 0 0
P 99 160 255 0 0
P 100 160 255 0 0
P 101 160 255 0 0
P 102 160 255 0 0
P 103 160 255 0 0
P 104 160 255 0 0
P 105 160 255 0 0
P 106 160 255 0 0
P 107 160 255 0 0
P 108 160 255 0 0
P 109 160 255 0 0
P 110 160 255 0 0
P 111 160 255 0 0
P 112 160 255 0 0
P 113 160 255 0 0
P 114 160 255 0 0
P 115 160 255 0 0
P 116 160 255 0 0
P 117 160 255 0 0
P 118 160 255 0 0
P 119 160 255 0 0
P 120 160 255 0 0
P 121 160 255 0 0
P 122 160 255 0 0
P 123 160 255 0 0
P 124 160 255 0 0
P 125 160 255 0 0
P 126 160 255 0 0
P 127 160 255 0 0
P 128 160 255 0 0
P 129 160 255 0 0
P 130 160 255 0 0
P 131 160 255 0 0
P 132 160 255 0 0
P 133 160 255 0 0
P 134 160 255 0 0
P 135 160 255 0 0
P 136 160 255 0 0
P 137 160 255 0 0
P 138 160 255 0 0
P 139 160 255 0 0
P 140 160 255 0 0
P 141 160 255 0 0
P 176 160 0 255 0
P 177 160 0 255 0
P 178 160 0 255 0
P 179 160 0 255 0
P 180 160 0 255 0
P 181 160 0 255 0
P 182 160 0 255 0
P 183 160 0 255 0
P 184 160 0 255 0
P 185 160 0 255 0
P 186 160 0 255 0
P 187 160 0 255 0
P 188 160 0 255 0
P 189 160 0 255 0
P 190 160 0 255 0
P 191 160 0 255 0
P 192 160 0 255 0
P 193 160 0 255 0
P 194 160 0 255 0
P 195 160 0 255 0
P 196 160 0 255 0
P 197 160 0 255 0
P 198 160 0 255 0
P 199 160 0 255 0
P 200 160 0 255 0
P 201 160 0 255 0
P 202 160 0 255 0
P 203 160 0 255 0
P 204 160 0 255 0
P 205 160 0 255 0
P 206 160 0 255 0
P 207 160 0 255 0
P 208 160 0 255 0
P 209 160 0 255 0
P 210 160 0 255 0
P 211 160 0 255 0
P 212 160 0 255 0
P 213 160 0 255 0
P 214 160 0 255 0
P 215 160 0 255 0
P 216 160 0 255 0
P 217 160 0 255 0
P 218 160 0 255 0
P 219 160 0 255 0
P 220 160 0 255 0
P 221 160 0 255 0
P 222 160 0 255 0
P 223 160 0 255 0
P 224 160 0 255 0
P 225 160 0 255 0
P 226 160 0 255 0
P 227 160 0 255 0
P 228 160 0 255 0
P 229 160 0 255 0
P 230 160 0 255 0
P 231 160 0 255 0
P 232 160 0 255 0
P 233 160 0 255 0
P 234 160 0 255 0
P 235 160 0 255 0
P 236 160 0 255 0
P 237 160 0 255 0
P 238 160 0 255 0
P 239 160 0 255 0
P 240 160 0 255 0
P 241 160 0 255 0
P 242 160 0 255 0
P 243 160 0 255 0
P 244 160 0 255 0
P 245 160 0 255 0
P 246 160 0 255 0
P 80 161 255 0 0
P 81 161 255 0 0
P 82 161 255 0 0
P 83 161 255 0 0
P 84 161 255 0 0
P 85 161 255 0 0
P 86 161 255 0 0
P 87 161 255 0 0
P 88 161 255 0 0
P 89 161 255 0 0
P 90 161 255 0 0
P 91 161 255 0 0
P 92 161 255 0 0
P 93 161 255 0 0
P 94 161 255 0 0
P 95 161 255 0 0
P 96 161 255 0 0
P 97 161 255 0 0
P 98 161 255 0 0
P 99 161 255 0 0
P 100 161 255 0 0
P 101 161 255 0 0
P 102 161 255 0 0
P 103 161 255 0 0
P 104 161 255 0 0
P 105 161 255 0 0
P 106 161 255 0 0
P 107 161 255 0 0
P 108 161 255 0 0
P 109 161 255 0 0
P 110 161 255 0 0
P 111 161 255 0 0
P 112 161 255 0 0
P 113 161 255 0 0
P 114 161 255 0 0
P 115 161 255 0 0
P 116 161 255 0 0
P 117 161 255 0 0
P 118 161 255 0 0
P 119 161 255 0 0
P 120 161 255 0 0
P 121 161 255 0 0
P 122 161 255 0 0
P 123 161 255 0 0
P 124 161 255 0 0
P 125 161 255 0 0
P 126 161 255 0 0
P 127 161 255 0 0
P 128 161 255 0 0
P 129 161 255 0 0
P 130 161 255 0 0
P 131 161 255 0 0
P 132 161 255 0 0
P 133 161 255 0 0
P 134 161 255 0 0
P 135 161 255 0 0
P 136 161 255 0 0
P 137 161 255 0 0
P 138 161 255 0 0
P 139 161 255 0 0
P 177 161 0 255 0
P 178 161 0 255 0
P 179 161 0 255 0
P 180 161 0 255 0
P 181 161 0 255 0
P 182 161 0 255 0
P 183 161 0 255 0
P 184 161 0 255 0
P 185 161 0 255 0
P 186 161 0 255 0
P 187 161 0 255 0
P 188 161 0 255 0
P 189 161 0 255 0
P 190 161 0 255 0
P 191 161 0 255 0
P 192 161 0 255 0
P 193 161 0 255 0
P 194 161 0 255 0
P 195 161 0 255 0
P 196 161 0 255 0
P 197 161 0 255 0
P 198 161 0 255 0
P 199 161 0 255 0
P 200 161 0 255 0
P 201 161 0 255 0
P 202 161 0 255 0
P 203 161 0 255 0
P 204 161 0 255 0
P 205 161 0 255 0
P 206 161 0 255 0
P 207 161 0 255 0
P 208 161 0 255 0
P 209 161 0 255 0
P 210 161 0 255 0
P 211 161 0 255 0
P 212 161 0 255 0
P 213 161 0 255 0
P 214 161 0 255 0
P 215 161 0 255 0
P 216 161 0 255 0
P 217 161 0 255 0
P 218 161 0 255 0
P 219 161 0 255 0
P 220 161 0 255 0
P 221 161 0 255 0
P 222 161 0 255 0
P 223 161 0 255 0
P 224 161 0 255 0
P 225 161 0 255 0
P 226 161 0 255 0
P 227 161 0 255 0
P 228 161 0 255 0
P 229 161 0 255 0
P 230 161 0 255 0
P 231 161 0 255 0
P 232 161 0 255 0
P 233 161 0 255 0
P 234 161 0 255 0
P 235 161 0 255 0
P 236 161 0 255 0
P 237 161 0 255 0
P 238 161 0 255 0
P 239 161 0 255 0
P 240 161 0 255 0
P 241 161 0 255 0
P 242 161 0 255 0
P 243 161 0 255 0
P 244 161 0 255 0
P 245 161 0 255 0
P 246 161 0 255 0
P 80 162 255 0 0
P 81 162 255 0 0
P 82 162 255 0 0
P 83 162 255 0 0
P 84 162 255 0 0
P 85 162 255 0 0
P 86 162 255 0 0
P 87 162 255 0 0
P 88 162 255 0 0
P 89 162 255 0 0
P 90 162 255 0 0
P 91 162 255 0 0
P 92 162 255 0 0
P 93 162 255 0 0
P 94 162 255 0 0
P 95 162 255 0 0
P 96 162 255 0 0
P 97 162 255 0 0
P 98 162 255 0 0
P 99 162 255 0 0
P 100 162 255 0 0
P 101 162 255 0 0
P 102 162 255 0 0
P 103 162 255 0 0
P 104 162 255 0 0
P 105 162 255 0 0
P 106 162 255 0 0
P 107 162 255 0 0
P 108 162 255 0 0
P 109 162 255 0 0
P 110 162 255 0 0
P 111 162 255 0 0
P 112 162 255 0 0
P 113 162 255 0 0
P 114 162 255 0 0
P 115 162 255 0 0
P 116 162 255 0 0
P 117 162 255 0 0
P 118 162 255 0 0
P 119 162 255 0 0
P 120 162 255 0 0
P 121 162 255 0 0
P 122 162 255 0 0
P 123 162 255 0 0
P 124 162 255 0 0
P 125 162 255 0 0
P 126 162 255 0 0
P 127 162 255 0 0
P 128 162 255 0 0
P 129 162 255 0 0
P 130 162 255 0 0
P 131 162 255 0 0
P 132 162 255 0 0
P 133 162 255 0 0
P 134 162 255 0 0
P 135 162 255 0 0
P 136 162 255 0 0
P 137 162 255 0 0
P 138 162 255 0 0
P 179 162 0 255 0
P 180 162 0 255 0
P 181 162 0 255 0
P 182 162 0 255 0
P 183 162 0 255 0
P 184 162 0 255 0
P 185 162 0 255 0
P 186 162 0 255 0
P 187 162 0 255 0
P 188 162 0 255 0
P 189 162 0 255 0
P 190 162 0 255 0
P 191 162 0 255 0
P 192 162 0 255 0
P 193 162 0 255 0
P 194 162 0 255 0
P 195 162 0 255 0
P 196 162 0 255 0
P 197 162 0 255 0
P 198 162 0 255 0
P 199 162 0 255 0
P 200 162 0 255 0
P 201 162 0 255 0
P 202 162 0 255 0
P 203 162 0 255 0
P 204 162 0 255 0
P 205 162 0 255 0
P 206 162 0 255 0
P 207 162 0 255 0
P 208 162 0 255 0
P 209 162 0 255 0
P 210 162 0 255 0
P 211 162 0 255 0
P 212 162 0 255 0
P 213 162 0 255 0
P 214 162 0 255 0
P 215 162 0 255 0
P 216 162 0 255 0
P 217 162 0 255 0
P 218 162 0 255 0
P 219 162 0 255 0
P 220 162 0 255 0
P 221 162 0 255 0
P 222 162 0 255 0
P 223 162 0 255 0
P 224 162 0 255 0
P 225 162 0 255 0
P 226 162 0 255 0
P 227 162 0 255 0
P 228 162 0 255 0
P 229 162 0 255 0
P 230 162 0 255 0
P 231 162 0 255 0
P 232 162 0 255 0
P 233 162 0 255 0
P 234 162 0 255 0
P 235 162 0 255 0
P 236 162 0 255 0
P 237 162 0 255 0
P 238 162 0 255 0
P 239 162 0 255 0
P 240 162 0 255 0
P 241 162 0 255 0
P 242 162 0 255 0
P 243 162 0 255 0
P 244 162 0 255 0
P 245 162 0 255 0
P 246 162 0 255 0
P 80 163 255 0 0
P 81 163 255 0 0
P 82 163 255 0 0
P 83 163 255 0 0
P 84 163 255 0 0
P 85 163 255 0 0
P 86 163 255 0 0
P 87 163 255 0 0
P 88 163 255 0 0
P 89 163 255 0 0
P 90 163 255 0 0
P 91 163 255 0 0
P 92 163 255 0 0
P 93 163 255 0 0
P 94 163 255 0 0
P 95 163 255 0 0
P 96 163 255 0 0
P 97 163 255 0 0
P 98 163 255 0 0
P 99 163 255 0 0
P 100 163 255 0 0
P 101 163 255 0 0
P 102 163 255 0 0
P 103 163 255 0 0
P 104 163 255 0 0
P 105 163 255 0 0
P 106 163 255 0 0
P 107 163 255 0 0
P 108 163 255 0 0
P 109 163 255 0 0
P 110 163 255 0 0
P 111 163 255 0 0
P 112 163 255 0 0
P 113 163 255 0 0
P 114 163 255 0 0
P 115 163 255 0 0
P 116 163 255 0 0
P 117 163 255 0 0
P 118 163 255 0 0
P 119 163 255 0 0
P 120 163 255 0 0
P 121 163 255 0 0
P 122 163 255 0 0
P 123 163 255 0 0
P 124 163 255 0 0
P 125 163 255 0 0
P 126 163 255 0 0
P 127 163 255 0 0
P 128 163 255 0 0
P 129 163 255 0 0
P 130 163 255 0 0
P 131 163 255 0 0
P 132 163 255 0 0
P 133 163 255 0 0
P 134 163 255 0 0
P 135 163 255 0 0
P 136 163 255 0 0
P 137 163 255 0 0
P 180 163 0 255 0
P 181 163 0 255 0
P 182 163 0 255 0
P 183 163 0 255 0
P 184 163 0 255 0
P 185 163 0 255 0
P 186 163 0 255 0
P 187 163 0 255 0
P 188 163 0 255 0
P 189 163 0 255 0
P 190 163 0 255 0
P 191 163 0 255 0
P 192 163 0 255 0
P 193 163 0 255 0
P 194 163 0 255 0
P 195 163 0 255 0
P 196 163 0 255 0
P 197 163 0 255 0
P 198 163 0 255 0
P 199 163 0 255 0
P 200 163 0 255 0
P 201 163 0 255 0
P 202 163 0 255 0
P 203 163 0 255 0
P 204 163 0 255 0
P 205 163 0 255 0
P 206 163 0 255 0
P 207 163 0 255 0
P 208 163 0 255 0
P 209 163 0 255 0
P 210 163 0 255 0
P 211 163 0 255 0
P 212 163 0 255 0
P 213 163 0 255 0
P 214 163 0 255 0
P 215 163 0 255 0
P 216 163 0 255 0
P 217 163 0 255 0
P 218 163 0 255 0
P 219 163 0 255 0
P 220 163 0 255 0
P 221 163 0 255 0
P 222 163 0 255 0
P 223 163 0 255 0
P 224 163 0 255 0
P 225 163 0 255 0
P 226 163 0 255 0
P 227 163 0 255 0
P 228 163 0 255 0
P 229 163 0 255 0
P 230 163 0 255 0
P 231 163 0 255 0
P 232 163 0 255 0
P 233 163 0 255 0
P 234 163 0 255 0
P 235 163 0 255 0
P 236 163 0 255 0
P 237 163 0 255 0
P 238 163 0 255 0
P 239 163 0 255 0
P 240 163 0 255 0
P 241 163 0 255 0
P 242 163 0 255 0
P 243 163 0 255 0
P 244 163 0 255 0
P 245 163 0 255 0
P 246 163 0 255 0
P 81 164 255 0 0
P 82 164 255 0 0
P 83 164 255 0 0
P 84 164 255 0 0
P 85 164 255 0 0
P 86 164 255 0 0
P 87 164 255 0 0
P 88 164 255 0 0
P 89 164 255 0 0
P 90 164 255 0 0
P 91 164 255 0 0
P 92 164 255 0 0
P 93 164 255 0 0
P 94 164 255 0 0
P 95 164 255 0 0
P 96 164 255 0 0
P 97 164 255 0 0
P 98 164 255 0 0
P 99 164 255 0 0
P 100 164 255 0 0
P 101 164 255 0 0
P 102 164 255 0 0
P 103 164 255 0 0
P 104 164 255 0 0
P 105 164 255 0 0
P 106 164 255 0 0
P 107 164 255 0 0
P 108 164 255 0 0
P 109 164 255 0 0
P 110 164 255 0 0
P 111 164 255 0 0
P 112 164 255 0 0
P 113 164 255 0 0
P 114 164 255 0 0
P 115 164 255 0 0
P 116 164 255 0 0
P 117 164 255 0 0
P 118 164 255 0 0
P 119 164 255 0 0
P 120 164 255 0 0
P 121 164 255 0 0
P 122 164 255 0 0
P 123 164 255 0 0
P 124 164 255 0 0
P 125 164 255 0 0
P 126 164 255 0 0
P 127 164 255 0 0
P 128 164 255 0 0
P 129 164 255 0 0
P 130 164 255 0 0
P 131 164 255 0 0
P 132 164 255 0 0
P 133 164 255 0 0
P 134 164 255 0 0
P 135 164 255 0 0
P 182 164 0 255 0
P 183 164 0 255 0
P 184 164 0 255 0
P 185 164 0 255 0
P 186 164 0 255 0
P 187 164 0 255 0
P 188 164 0 255 0
P 189 164 0 255 0
P 190 164 0 255 0
P 191 164 0 255 0
P 192 164 0 255 0
P 193 164 0 255 0
P 194 164 0 255 0
P 195 164 0 255 0
P 196 164 0 255 0
P 197 164 0 255 0
P 198 164 0 255 0
P 199 164 0 255 0
P 200 164 0 255 0
P 201 164 0 255 0
P 202 164 0 255 0
P 203 164 0 255 0
P 204 164 0 255 0
P 205 164 0 255 0
P 206 164 0 255 0
P 207 164 0 255 0
P 208 164 0 255 0
P 209 164 0 255 0
P 210 164 0 255 0
P 211 164 0 255 0
P 212 164 0 255 0
P 213 164 0 255 0
P 214 164 0 255 0
P 215 164 0 255 0
P 216 164 0 255 0
P 217 164 0 255 0
P 218 164 0 255 0
P 219 164 0 255 0
P 220 164 0 255 0
P 221 164 0 255 0
P 222 164 0 255 0
P 223 164 0 255 0
P 224 164 0 255 0
P 225 164 0 255 0
P 226 164 0 255 0
P 227 164 0 255 0
P 228 164 0 255 0
P 229 164 0 255 0
P 230 164 0 255 0
P 231 164 0 255 0
P 232 164 0 255 0
P 233 164 0 255 0
P 234 164 0 255 0
P 235 164 0 255 0
P 236 164 0 255 0
P 237 164 0 255 0
P 238 164 0 255 0
P 239 164 0 255 0
P 240 164 0 255 0
P 241 164 0 255 0
P 242 164 0 255 0
P 243 164 0 255 0
P 244 164 0 255 0
P 245 164 0 255 0
P 246 164 0 255 0
P 81 165 255 0 0
P 82 165 255 0 0
P 83 165 255 0 0
P 84 165 255 0 0
P 85 165 255 0 0
P 86 165 255 0 0
P 87 165 255 0 0
P 88 165 255 0 0
P 89 165 255 0 0
P 90 165 255 0 0
P 91 165 255 0 0
P 92 165 255 0 0
P 93 165 255 0 0
P 94 165 255 0 0
P 95 165 255 0 0
P 96 165 255 0 0
P 97 165 255 0 0
P 98 165 255 0 0
P 99 165 255 0 0
P 100 165 255 0 0
P 101 165 255 0 0
P 102 165 255 0 0
P 103 165 255 0 0
P 104 165 255 0 0
P 105 165 255 0 0
P 106 165 255 0 0
P 107 165 255 0 0
P 108 165 255 0 0
P 109 165 255 0 0
P 110 165 255 0 0
P 111 165 255 0 0
P 112 165 255 0 0
P 113 165 255 0 0
P 114 165 255 0 0
P 115 165 255 0 0
P 116 165 255 0 0
P 117 165 255 0 0
P 118 165 255 0 0
P 119 165 255 0 0
P 120 165 255 0 0
P 121 165 255 0 0
P 122 165 255 0 0
P 123 165 255 0 0
P 124 165 255 0 0
P 125 165 255 0 0
P 126 165 255 0 0
P 127 165 255 0 0
P 128 165 255 0 0
P 129 165 255 0 0
P 130 165 255 0 0
P 131 165 255 0 0
P 132 165 255 0 0
P 133 165 255 0 0
P 134 165 255 0 0
P 183 165 0 255 0
P 184 165 0 255 0
P 185 165 0 255 0
P 186 165 0 255 0
P 187 165 0 255 0
P 188 165 0 255 0
P 189 165 0 255 0
P 190 165 0 255 0
P 191 165 0 255 0
P 192 165 0 255 0
P 193 165 0 255 0
P 194 165 0 255 0
P 195 165 0 255 0
P 196 165 0 255 0
P 197 165 0 255 0
P 198 165 0 255 0
P 199 165 0 255 0
P 200 165 0 255 0
P 201 165 0 255 0
P 202 165 0 255 0
P 203 165 0 255 0
P 204 165 0 255 0
P 205 165 0 255 0
P 206 165 0 255 0
P 207 165 0 255 0
P 208 165 0 255 0
P 209 165 0 255 0
P 210 165 0 255 0
P 211 165 0 255 0
P 212 165 0 255 0
P 213 165 0 255 0
P 214 165 0 255 0
P 215 165 0 255 0
P 216 165 0 255 0
P 217 165 0 255 0
P 218 165 0 255 0
P 219 165 0 255 0
P 220 165 0 255 0
P 221 165 0 255 0
P 222 165 0 255 0
P 223 165 0 255 0
P 224 165 0 255 0
P 225 165 0 255 0
P 226 165 0 255 0
P 227 165 0 255 0
P 228 165 0 255 0
P 229 165 0 255 0
P 230 165 0 255 0
P 231 165 0 255 0
P 232 165 0 255 0
P 233 165 0 255 0
P 234 165 0 255 0
P 235 165 0 255 0
P 236 165 0 255 0
P 237 165 0 255 0
P 238 165 0 255 0
P 239 165 0 255 0
P 240 165 0 255 0
P 241 165 0 255 0
P 242 165 0 255 0
P 243 165 0 255 0
P 244 165 0 255 0
P 245 165 0 255 0
P 246 165 0 255 0
P 81 166 255 0 0
P 82 166 255 0 0
P 83 166 255 0 0
P 84 166 255 0 0
P 85 166 255 0 0
P 86 166 255 0 0
P 87 166 255 0 0
P 88 166 255 0 0
P 89 166 255 0 0
P 90 166 255 0 0
P 91 166 255 0 0
P 92 166 255 0 0
P 93 166 255 0 0
P 94 166 255 0 0
P 95 166 255 0 0
P 96 166 255 0 0
P 97 166 255 0 0
P 98 166 255 0 0
P 99 166 255 0 0
P 100 166 255 0 0
P 101 166 255 0 0
P 102 166 255 0 0
P 103 166 255 0 0
P 104 166 255 0 0
P 105 166 255 0 0
P 106 166 255 0 0
P 107 166 255 0 0
P 108 166 255 0 0
P 109 166 255 0 0
P 110 166 255 0 0
P 111 166 255 0 0
P 112 166 255 0 0
P 113 166 255 0 0
P 114 166 255 0 0
P 115 166 255 0 0
P 116 166 255 0 0
P 117 166 255 0 0
P 118 166 255 0 0
P 119 166 255 0 0
P 120 166 255 0 0
P 121 166 255 0 0
P 122 166 255 0 0
P 123 166 255 0 0
P 124 166 255 0 0
P 125 166 255 0 0
P 126 166 255 0 0
P 127 166 255 0 0
P 128 166 255 0 0
P 129 166 255 0 0
P 130 166 255 0 0
P 131 166 255 0 0
P 132 166 255 0 0
P 133 166 255 0 0
P 185 166 0 255 0
P 186 166 0 255 0
P 187 166 0 255 0
P 188 166 0 255 0
P 189 166 0 255 0
P 190 166 0 255 0
P 191 166 0 255 0
P 192 166 0 255 0
P 193 166 0 255 0
P 194 166 0 255 0
P 195 166 0 255 0
P 196 166 0 255 0
P 197 166 0 255 0
P 198 166 0 255 0
P 199 166 0 255 0
P 200 166 0 255 0
P 201 166 0 255 0
P 202 166 0 255 0
P 203 166 0 255 0
P 204 166 0 255 0
P 205 166 0 255 0
P 206 166 0 255 0
P 207 166 0 255 0
P 208 166 0 255 0
P 209 166 0 255 0
P 210 166 0 255 0
P 211 166 0 255 0
P 212 166 0 255 0
P 213 166 0 255 0
P 214 166 0 255 0
P 215 166 0 255 0
P 216 166 0 255 0
P 217 166 0 255 0
P 218 166 0 255 0
P 219 166 0 255 0
P 220 166 0 255 0
P 221 166 0 255 0
P 222 166 0 255 0
P 223 166 0 255 0
P 224 166 0 255 0
P 225 166 0 255 0
P 226 166 0 255 0
P 227 166 0 255 0
P 228 166 0 255 0
P 229 166 0 255 0
P 230 166 0 255 0
P 231 166 0 255 0
P 232 166 0 255 0
P 233 166 0 255 0
P 234 166 0 255 0
P 235 166 0 255 0
P 236 166 0 255 0
P 237 166 0 255 0
P 238 166 0 255 0
P 239 166 0 255 0
P 240 166 0 255 0
P 241 166 0 255 0
P 242 166 0 255 0
P 243 166 0 255 0
P 244 166 0 255 0
P 245 166 0 255 0
P 246 166 0 255 0
P 81 167 255 0 0
P 82 167 255 0 0
P 83 167 255 0 0
P 84 167 255 0 0
P 85 167 255 0 0
P 86 167 255 0 0
P 87 167 255 0 0
P 88 167 255 0 0
P 89 167 255 0 0
P 90 167 255 0 0
P 91 167 255 0 0
P 92 167 255 0 0
P 93 167 255 0 0
P 94 167 255 0 0
P 95 167 255 0 0
P 96 167 255 0 0
P 97 167 255 0 0
P 98 167 255 0 0
P 99 167 255 0 0
P 100 167 255 0 0
P 101 167 255 0 0
P 102 167 255 0 0
P 103 167 255 0 0
P 104 167 255 0 0
P 105 167 255 0 0
P 106 167 255 0 0
P 107 167 255 0 0
P 108 167 255 0 0
P 109 167 255 0 0
P 110 167 255 0 0
P 111 167 255 0 0
P 112 167 255 0 0
P 113 167 255 0 0
P 114 167 255 0 0
P 115 167 255 0 0
P 116 167 255 0 0
P 117 167 255 0 0
P 118 167 255 0 0
P 119 167 255 0 0
P 120 167 255 0 0
P 121 167 255 0 0
P 122 167 255 0 0
P 123 167 255 0 0
P 124 167 255 0 0
P 125 167 255 0 0
P 126 167 255 0 0
P 127 167 255 0 0
P 128 167 255 0 0
P 129 167 255 0 0
P 130 167 255 0 0
P 131 167 255 0 0
P 186 167 0 255 0
P 187 167 0 255 0
P 188 167 0 255 0
P 189 167 0 255 0
P 190 167 0 255 0
P 191 167 0 255 0
P 192 167 0 255 0
P 193 167 0 255 0
P 194 167 0 255 0
P 195 167 0 255 0
P 196 167 0 255 0
P 197 167 0 255 0
P 198 167 0 255 0
P 199 167 0 255 0
P 200 167 0 255 0
P 201 167 0 255 0
P 202 167 0 255 0
P 203 167 0 255 0
P 204 167 0 255 0
P 205 167 0 255 0
P 206 167 0 255 0
P 207 167 0 255 0
P 208 167 0 255 0
P 209 167 0 255 0
P 210 167 0 255 0
P 211 167 0 255 0
P 212 167 0 255 0
P 213 167 0 255 0
P 214 167 0 255 0
P 215 167 0 255 0
P 216 167 0 255 0
P 217 167 0 255 0
P 218 167 0 255 0
P 219 167 0 255 0
P 220 167 0 255 0
P 221 167 0 255 0
P 222 167 0 255 0
P 223 167 0 255 0
P 224 167 0 255 0
P 225 167 0 255 0
P 226 167 0 255 0
P 227 167 0 255 0
P 228 167 0 255 0
P 229 167 0 255 0
P 230 167 0 255 0
P 231 167 0 255 0
P 232 167 0 255 0
P 233 167 0 255 0
P 234 167 0 255 0
P 235 167 0 255 0
P 236 167 0 255 0
P 237 167 0 255 0
P 238 167 0 255 0
P 239 167 0 255 0
P 240 167 0 255 0
P 241 167 0 255 0
P 242 167 0 255 0
P 243 167 0 255 0
P 244 167 0 255 0
P 245 167 0 255 0
P 246 167 0 255 0
P 82 168 255 0 0
P 83 168 255 0 0
P 84 168 255 0 0
P 85 168 255 0 0
P 86 168 255 0 0
P 87 168 255 0 0
P 88 168 255 0 0
P 89 168 255 0 0
P 90 168 255 0 0
P 91 168 255 0 0
P 92 168 255 0 0
P 93 168 255 0 0
P 94 168 255 0 0
P 95 168 255 0 0
P 96 168 255 0 0
P 97 168 255 0 0
P 98 168 255 0 0
P 99 168 255 0 0
P 100 168 255 0 0
P 101 168 255 0 0
P 102 168 255 0 0
P 103 168 255 0 0
P 104 168 255 0 0
P 105 168 255 0 0
P 106 168 255 0 0
P 107 168 255 0 0
P 108 168 255 0 0
P 109 168 255 0 0
P 110 168 255 0 0
P 111 168 255 0 0
P 112 168 255 0 0
P 113 168 255 0 0
P 114 168 255 0 0
P 115 168 255 0 0
P 116 168 255 0 0
P 117 168 255 0 0
P 118 168 255 0 0
P 119 168 255 0 0
P 120 168 255 0 0
P 121 168 255 0 0
P 122 168 255 0 0
P 123 168 255 0 0
P 124 168 255 0 0
P 125 168 255 0 0
P 126 168 255 0 0
P 127 168 255 0 0
P 128 168 255 0 0
P 129 168 255 0 0
P 130 168 255 0 0
P 188 168 0 255 0
P 189 168 0 255 0
P 190 168 0 255 0
P 191 168 0 255 0
P 192 168 0 255 0
P 193 168 0 255 0
P 194 168 0 255 0
P 195 168 0 255 0
P 196 168 0 255 0
P 197 168 0 255 0
P 198 168 0 255 0
P 199 168 0 255 0
P 200 168 0 255 0
P 201 168 0 255 0
P 202 168 0 255 0
P 203 168 0 255 0
P 204 168 0 255 0
P 205 168 0 255 0
P 206 168 0 255 0
P 207 168 0 255 0
P 208 168 0 255 0
P 209 168 0 255 0
P 210 168 0 255 0
P 211 168 0 255 0
P 212 168 0 255 0
P 213 168 0 255 0
P 214 168 0 255 0
P 215 168 0 255 0
P 216 168 0 255 0
P 217 168 0 255 0
P 218 168 0 255 0
P 219 168 0 255 0
P 220 168 0 255 0
P 221 168 0 255 0
P 222 168 0 255 0
P 223 168 0 255 0
P 224 168 0 255 0
P 225 168 0 255 0
P 226 168 0 255 0
P 227 168 0 255 0
P 228 168 0 255 0
P 229 168 0 255 0
P 230 168 0 255 0
P 231 168 0 255 0
P 232 168 0 255 0
P 233 168 0 255 0
P 234 168 0 255 0
P 235 168 0 255 0
P 236 168 0 255 0
P 237 168 0 255 0
P 238 168 0 255 0
P 239 168 0 255 0
P 240 168 0 255 0
P 241 168 0 255 0
P 242 168 0 255 0
P 243 168 0 255 0
P 244 168 0 255 0
P 245 168 0 255 0
P 246 168 0 255 0
P 82 169 255 0 0
P 83 169 255 0 0
P 84 169 255 0 0
P 85 169 255 0 0
P 86 169 255 0 0
P 87 169 255 0 0
P 88 169 255 0 0
P 89 169 255 0 0
P 90 169 255 0 0
P 91 169 255 0 0
P 92 169 255 0 0
P 93 169 255 0 0
P 94 169 255 0 0
P 95 169 255 0 0
P 96 169 255 0 0
P 97 169 255 0 0
P 98 169 255 0 0
P 99 169 255 0 0
P 100 169 255 0 0
P 101 169 255 0 0
P 102 169 255 0 0
P 103 169 255 0 0
P 104 169 255 0 0
P 105 169 255 0 0
P 106 169 255 0 0
P 107 169 255 0 0
P 108 169 255 0 0
P 109 169 255 0 0
P 110 169 255 0 0
P 111 169 255 0 0
P 112 169 255 0 0
P 113 169 255 0 0
P 114 169 255 0 0
P 115 169 255 0 0
P 116 169 255 0 0
P 117 169 255 0 0
P 118 169 255 0 0
P 119 169 255 0 0
P 120 169 255 0 0
P 121 169 255 0 0
P 122 169 255 0 0
P 123 169 255 0 0
P 124 169 255 0 0
P 125 169 255 0 0
P 126 169 255 0 0
P 127 169 255 0 0
P 128 169 255 0 0
P 129 169 255 0 0
P 189 169 0 255 0
P 190 169 0 255 0
P 191 169 0 255 0
P 192 169 0 255 0
P 193 169 0 255 0
P 194 169 0 255 0
P 195 169 0 255 0
P 196 169 0 255 0
P 197 169 0 255 0
P 198 169 0 255 0
P 199 169 0 255 0
P 200 169 0 255 0
P 201 169 0 255 0
P 202 169 0 255 0
P 203 169 0 255 0
P 204 169 0 255 0
P 205 169 0 255 0
P 206 169 0 255 0
P 207 169 0 255 0
P 208 169 0 255 0
P 209 169 0 255 0
P 210 169 0 255 0
P 211 169 0 255 0
P 212 169 0 255 0
P 213 169 0 255 0
P 214 169 0 255 0
P 215 169 0 255 0
P 216 169 0 255 0
P 217 169 0 255 0
P 218 169 0 255 0
P 219 169 0 255 0
P 220 169 0 255 0
P 221 169 0 255 0
P 222 169 0 255 0
P 223 169 0 255 0
P 224 169 0 255 0
P 225 169 0 255 0
P 226 169 0 255 0
P 227 169 0 255 0
P 228 169 0 255 0
P 229 169 0 255 0
P 230 169 0 255 0
P 231 169 0 255 0
P 232 169 0 255 0
P 233 169 0 255 0
P 234 169 0 255 0
P 235 169 0 255 0
P 236 169 0 255 0
P 237 169 0 255 0
P 238 169 0 255 0
P 239 169 0 255 0
P 240 169 0 255 0
P 241 169 0 255 0
P 242 169 0 255 0
P 243 169 0 255 0
P 244 169 0 255 0
P 245 169 0 255 0
P 246 169 0 255 0
P 82 170 255 0 0
P 83 170 255 0 0
P 84 170 255 0 0
P 85 170 255 0 0
P 86 170 255 0 0
P 87 170 255 0 0
P 88 170 255 0 0
P 89 170 255 0 0
P 90 170 255 0 0
P 91 170 255 0 0
P 92 170 255 0 0
P 93 170 255 0 0
P 94 170 255 0 0
P 95 170 255 0 0
P 96 170 255 0 0
P 97 170 255 0 0
P 98 170 255 0 0
P 99 170 255 0 0
P 100 170 255 0 0
P 101 170 255 0 0
P 102 170 255 0 0
P 103 170 255 0 0
P 104 170 255 0 0
P 105 170 255 0 0
P 106 170 255 0 0
P 107 170 255 0 0
P 108 170 255 0 0
P 109 170 255 0 0
P 110 170 255 0 0
P 111 170 255 0 0
P 112 170 255 0 0
P 113 170 255 0 0
P 114 170 255 0 0
P 115 170 255 0 0
P 116 170 255 0 0
P 117 170 255 0 0
P 118 170 255 0 0
P 119 170 255 0 0
P 120 170 255 0 0
P 121 170 255 0 0
P 122 170 255 0 0
P 123 170 255 0 0
P 124 170 255 0 0
P 125 170 255 0 0
P 126 170 255 0 0
P 127 170 255 0 0
P 128 170 255 0 0
P 191 170 0 255 0
P 192 170 0 255 0
P 193 170 0 255 0
P 194 170 0 255 0
P 195 170 0 255 0
P 196 170 0 255 0
P 197 170 0 255 0
P 198 170 0 255 0
P 199 170 0 255 0
P 200 170 0 255 0
P 201 170 0 255 0
P 202 170 0 255 0
P 203 170 0 255 0
P 204 170 0 255 0
P 205 170 0 255 0
P 206 170 0 255 0
P 207 170 0 255 0
P 208 170 0 255 0
P 209 170 0 255 0
P 210 170 0 255 0
P 211 170 0 255 0
P 212 170 0 255 0
P 213 170 0 255 0
P 214 170 0 255 0
P 215 170 0 255 0
P 216 170 0 255 0
P 217 170 0 255 0
P 218 170 0 255 0
P 219 170 0 255 0
P 220 170 0 255 0
P 221 170 0 255 0
P 222 170 0 255 0
P 223 170 0 255 0
P 224 170 0 255 0
P 225 170 0 255 0
P 226 170 0 255 0
P 227 170 0 255 0
P 228 170 0 255 0
P 229 170 0 255 0
P 230 170 0 255 0
P 231 170 0 255 0
P 232 170 0 255 0
P 233 170 0 255 0
P 234 170 0 255 0
P 235 170 0 255 0
P 236 170 0 255 0
P 237 170 0 255 0
P 238 170 0 255 0
P 239 170 0 255 0
P 240 170 0 255 0
P 241 170 0 255 0
P 242 170 0 255 0
P 243 170 0 255 0
P 244 170 0 255 0
P 245 170 0 255 0
P 246 170 0 255 0
P 82 171 255 0 0
P 83 171 255 0 0
P 84 171 255 0 0
P 85 171 255 0 0
P 86 171 255 0 0
P 87 171 255 0 0
P 88 171 255 0 0
P 89 171 255 0 0
P 90 171 255 0 0
P 91 171 255 0 0
P 92 171 255 0 0
P 93 171 255 0 0
P 94 171 255 0 0
P 95 171 255 0 0
P 96 171 255 0 0
P 97 171 255 0 0
P 98 171 255 0 0
P 99 171 255 0 0
P 100 171 255 0 0
P 101 171 255 0 0
P 102 171 255 0 0
P 103 171 255 0 0
P 104 171 255 0 0
P 105 171 255 0 0
P 106 171 255 0 0
P 107 171 255 0 0
P 108 171 255 0 0
P 109 171 255 0 0
P 110 171 255 0 0
P 111 171 255 0 0
P 112 171 255 0 0
P 113 171 255 0 0
P 114 171 255 0 0
P 115 171 255 0 0
P 116 171 255 0 0
P 117 171 255 0 0
P 118 171 255 0 0
P 119 171 255 0 0
P 120 171 255 0 0
P 121 171 255 0 0
P 122 171 255 0 0
P 123 171 255 0 0
P 124 171 255 0 0
P 125 171 255 0 0
P 126 171 255 0 0
P 192 171 0 255 0
P 193 171 0 255 0
P 194 171 0 255 0
P 195 171 0 255 0
P 196 171 0 255 0
P 197 171 0 255 0
P 198 171 0 255 0
P 199 171 0 255 0
P 200 171 0 255 0
P 201 171 0 255 0
P 202 171 0 255 0
P 203 171 0 255 0
P 204 171 0 255 0
P 205 171 0 255 0
P 206 171 0 255 0
P 207 171 0 255 0
P 208 171 0 255 0
P 209 171 0 255 0
P 210 171 0 255 0
P 211 171 0 255 0
P 212 171 0 255 0
P 213 171 0 255 0
P 214 171 0 255 0
P 215 171 0 255 0
P 216 171 0 255 0
P 217 171 0 255 0
P 218 171 0 255 0
P 219 171 0 255 0
P 220 171 0 255 0
P 221 171 0 255 0
P 222 171 0 255 0
P 223 171 0 255 0
P 224 171 0 255 0
P 225 171 0 255 0
P 226 171 0 255 0
P 227 171 0 255 0
P 228 171 0 255 0
P 229 171 0 255 0
P 230 171 0 255 0
P 231 171 0 255 0
P 232 171 0 255 0
P 233 171 0 255 0
P 234 171 0 255 0
P 235 171 0 255 0
P 236 171 0 255 0
P 237 171 0 255 0
P 238 171 0 255 0
P 239 171 0 255 0
P 240 171 0 255 0
P 241 171 0 255 0
P 242 171 0 255 0
P 243 171 0 255 0
P 244 171 0 255 0
P 245 171 0 255 0
P 246 171 0 255 0
P 247 171 0 255 0
P 83 172 255 0 0
P 84 172 255 0 0
P 85 172 255 0 0
P 86 172 255 0 0
P 87 172 255 0 0
P 88 172 255 0 0
P 89 172 255 0 0
P 90 172 255 0 0
P 91 172 255 0 0
P 92 172 255 0 0
P 93 172 255 0 0
P 94 172 255 0 0
P 95 172 255 0 0
P 96 172 255 0 0
P 97 172 255 0 0
P 98 172 255 0 0
P 99 172 255 0 0
P 100 172 255 0 0
P 101 172 255 0 0
P 102 172 255 0 0
P 103 172 255 0 0
P 104 172 255 0 0
P 105 172 255 0 0
P 106 172 255 0 0
P 107 172 255 0 0
P 108 172 255 0 0
P 109 172 255 0 0
P 110 172 255 0 0
P 111 172 255 0 0
P 112 172 255 0 0
P 113 172 255 0 0
P 114 172 255 0 0
P 115 172 255 0 0
P 116 172 255 0 0
P 117 172 255 0 0
P 118 172 255 0 0
P 119 172 255 0 0
P 120 172 255 0 0
P 121 172 255 0 0
P 122 172 255 0 0
P 123 172 255 0 0
P 124 172 255 0 0
P 125 172 255 0 0
P 194 172 0 255 0
P 195 172 0 255 0
P 196 172 0 255 0
P 197 172 0 255 0
P 198 172 0 255 0
P 199 172 0 255 0
P 200 172 0 255 0
P 201 172 0 255 0
P 202 172 0 255 0
P 203 172 0 255 0
P 204 172 0 255 0
P 205 172 0 255 0
P 206 172 0 255 0
P 207 172 0 255 0
P 208 172 0 255 0
P 209 172 0 255 0
P 210 172 0 255 0
P 211 172 0 255 0
P 212 172 0 255 0
P 213 172 0 255 0
P 214 172 0 255 0
P 215 172 0 255 0
P 216 172 0 255 0
P 217 172 0 255 0
P 218 172 0 255 0
P 219 172 0 255 0
P 220 172 0 255 0
P 221 172 0 255 0
P 222 172 0 255 0
P 223 172 0 255 0
P 224 172 0 255 0
P 225 172 0 255 0
P 226 172 0 255 0
P 227 172 0 255 0
P 228 172 0 255 0
P 229 172 0 255 0
P 230 172 0 255 0
P 231 172 0 255 0
P 232 172 0 255 0
P 233 172 0 255 0
P 234 172 0 255 0
P 235 172 0 255 0
P 236 172 0 255 0
P 237 172 0 255 0
P 238 172 0 255 0
P 239 172 0 255 0
P 240 172 0 255 0
P 241 172 0 255 0
P 242 172 0 255 0
P 243 172 0 255 0
P 244 172 0 255 0
P 245 172 0 255 0
P 246 172 0 255 0
P 247 172 0 255 0
P 83 173 255 0 0
P 84 173 255 0 0
P 85 173 255 0 0
P 86 173 255 0 0
P 87 173 255 0 0
P 88 173 255 0 0
P 89 173 255 0 0
P 90 173 255 0 0
P 91 173 255 0 0
P 92 173 255 0 0
P 93 173 255 0 0
P 94 173 255 0 0
P 95 173 255 0 0
P 96 173 255 0 0
P 97 173 255 0 0
P 98 173 255 0 0
P 99 173 255 0 0
P 100 173 255 0 0
P 101 173 255 0 0
P 102 173 255 0 0
P 103 173 255 0 0
P 104 173 255 0 0
P 105 173 255 0 0
P 106 173 255 0 0
P 107 173 255 0 0
P 108 173 255 0 0
P 109 173 255 0 0
P 110 173 255 0 0
P 111 173 255 0 0
P 112 173 255 0 0
P 113 173 255 0 0
P 114 173 255 0 0
P 115 173 255 0 0
P 116 173 255 0 0
P 117 173 255 0 0
P 118 173 255 0 0
P 119 173 255 0 0
P 120 173 255 0 0
P 121 173 255 0 0
P 122 173 255 0 0
P 123 173 255 0 0
P 124 173 255 0 0
P 195 173 0 255 0
P 196 173 0 255 0
P 197 173 0 255 0
P 198 173 0 255 0
P 199 173 0 255 0
P 200 173 0 255 0
P 201 173 0 255 0
P 202 173 0 255 0
P 203 173 0 255 0
P 204 173 0 255 0
P 205 173 0 255 0
P 206 173 0 255 0
P 207 173 0 255 0
P 208 173 0 255 0
P 209 173 0 255 0
P 210 173 0 255 0
P 211 173 0 255 0
P 212 173 0 255 0
P 213 173 0 255 0
P 214 173 0 255 0
P 215 173 0 255 0
P 216 173 0 255 0
P 217 173 0 255 0
P 218 173 0 255 0
P 219 173 0 255 0
P 220 173 0 255 0
P 221 173 0 255 0
P 222 173 0 255 0
P 223 173 0 255 0
P 224 173 0 255 0
P 225 173 0 255 0
P 226 173 0 255 0
P 227 173 0 255 0
P 228 173 0 255 0
P 229 173 0 255 0
P 230 173 0 255 0
P 231 173 0 255 0
P 232 173 0 255 0
P 233 173 0 255 0
P 234 173 0 255 0
P 235 173 0 255 0
P 236 173 0 255 0
P 237 173 0 255 0
P 238 173 0 255 0
P 239 173 0 255 0
P 240 173 0 255 0
P 241 173 0 255 0
P 242 173 0 255 0
P 243 173 0 255 0
P 244 173 0 255 0
P 245 173 0 255 0
P 246 173 0 255 0
P 247 173 0 255 0
P 83 174 255 0 0
P 84 174 255 0 0
P 85 174 255 0 0
P 86 174 255 0 0
P 87 174 255 0 0
P 88 174 255 0 0
P 89 174 255 0 0
P 90 174 255 0 0
P 91 174 255 0 0
P 92 174 255 0 0
P 93 174 255 0 0
P 94 174 255 0 0
P 95 174 255 0 0
P 96 174 255 0 0
P 97 174 255 0 0
P 98 174 255 0 0
P 99 174 255 0 0
P 100 174 255 0 0
P 101 174 255 0 0
P 102 174 255 0 0
P 103 174 255 0 0
P 104 174 255 0 0
P 105 174 255 0 0
P 106 174 255 0 0
P 107 174 255 0 0
P 108 174 255 0 0
P 109 174 255 0 0
P 110 174 255 0 0
P 111 174 255 0 0
P 112 174 255 0 0
P 113 174 255 0 0
P 114 174 255 0 0
P 115 174 255 0 0
P 116 174 255 0 0
P 117 174 255 0 0
P 118 174 255 0 0
P 119 174 255 0 0
P 120 174 255 0 0
P 121 174 255 0 0
P 122 174 255 0 0
P 197 174 0 255 0
P 198 174 0 255 0
P 199 174 0 255 0
P 200 174 0 255 0
P 201 174 0 255 0
P 202 174 0 255 0
P 203 174 0 255 0
P 204 174 0 255 0
P 205 174 0 255 0
P 206 174 0 255 0
P 207 174 0 255 0
P 208 174 0 255 0
P 209 174 0 255 0
P 210 174 0 255 0
P 211 174 0 255 0
P 212 174 0 255 0
P 213 174 0 255 0
P 214 174 0 255 0
P 215 174 0 255 0
P 216 174 0 255 0
P 217 174 0 255 0
P 218 174 0 255 0
P 219 174 0 255 0
P 220 174 0 255 0
P 221 174 0 255 0
P 222 174 0 255 0
P 223 174 0 255 0
P 224 174 0 255 0
P 225 174 0 255 0
P 226 174 0 255 0
P 227 174 0 255 0
P 228 174 0 255 0
P 229 174 0 255 0
P 230 174 0 255 0
P 231 174 0 255 0
P 232 174 0 255 0
P 233 174 0 255 0
P 234 174 0 255 0
P 235 174 0 255 0
P 236 174 0 255 0
P 237 174 0 255 0
P 238 174 0 255 0
P 239 174 0 255 0
P 240 174 0 255 0
P 241 174 0 255 0
P 242 174 0 255 0
P 243 174 0 255 0
P 244 174 0 255 0
P 245 174 0 255 0
P 246 174 0 255 0
P 247 174 0 255 0
P 83 175 255 0 0
P 84 175 255 0 0
P 85 175 255 0 0
P 86 175 255 0 0
P 87 175 255 0 0
P 88 175 255 0 0
P 89 175 255 0 0
P 90 175 255 0 0
P 91 175 255 0 0
P 92 175 255 0 0
P 93 175 255 0 0
P 94 175 255 0 0
P 95 175 255 0 0
P 96 175 255 0 0
P 97 175 255 0 0
P 98 175 255 0 0
P 99 175 255 0 0
P 100 175 255 0 0
P 101 175 255 0 0
P 102 175 255 0 0
P 103 175 255 0 0
P 104 175 255 0 0
P 105 175 255 0 0
P 106 175 255 0 0
P 107 175 255 0 0
P 108 175 255 0 0
P 109 175 255 0 0
P 110 175 255 0 0
P 111 175 255 0 0
P 112 175 255 0 0
P 113 175 255 0 0
P 114 175 255 0 0
P 115 175 255 0 0
P 116 175 255 0 0
P 117 175 255 0 0
P 118 175 255 0 0
P 119 175 255 0 0
P 120 175 255 0 0
P 121 175 255 0 0
P 198 175 0 255 0
P 199 175 0 255 0
P 200 175 0 255 0
P 201 175 0 255 0
P 202 175 0 255 0
P 203 175 0 255 0
P 204 175 0 255 0
P 205 175 0 255 0
P 206 175 0 255 0
P 207 175 0 255 0
P 208 175 0 255 0
P 209 175 0 255 0
P 210 175 0 255 0
P 211 175 0 255 0
P 212 175 0 255 0
P 213 175 0 255 0
P 214 175 0 255 0
P 215 175 0 255 0
P 216 175 0 255 0
P 217 175 0 255 0
P 218 175 0 255 0
P 219 175 0 255 0
P 220 175 0 255 0
P 221 175 0 255 0
P 222 175 0 255 0
P 223 175 0 255 0
P 224 175 0 255 0
P 225 175 0 255 0
P 226 175 0 255 0
P 227 175 0 255 0
P 228 175 0 255 0
P 229 175 0 255 0
P 230 175 0 255 0
P 231 175 0 255 0
P 232 175 0 255 0
P 233 175 0 255 0
P 234 175 0 255 0
P 235 175 0 255 0
P 236 175 0 255 0
P 237 175 0 255 0
P 238 175 0 255 0
P 239 175 0 255 0
P 240 175 0 255 0
P 241 175 0 255 0
P 242 175 0 255 0
P 243 175 0 255 0
P 244 175 0 255 0
P 245 175 0 255 0
P 246 175 0 255 0
P 247 175 0 255 0
P 84 176 255 0 0
P 85 176 255 0 0
P 86 176 255 0 0
P 87 176 255 0 0
P 88 176 255 0 0
P 89 176 255 0 0
P 90 176 255 0 0
P 91 176 255 0 0
P 92 176 255 0 0
P 93 176 255 0 0
P 94 176 255 0 0
P 95 176 255 0 0
P 96 176 255 0 0
P 97 176 255 0 0
P 98 176 255 0 0
P 99 176 255 0 0
P 100 176 255 0 0
P 101 176 255 0 0
P 102 176 255 0 0
P 103 176 255 0 0
P 104 176 255 0 0
P 105 176 255 0 0
P 106 176 255 0 0
P 107 176 255 0 0
P 108 176 255 0 0
P 109 176 255 0 0
P 110 176 255 0 0
P 111 176 255 0 0
P 112 176 255 0 0
P 113 176 255 0 0
P 114 176 255 0 0
P 115 176 255 0 0
P 116 176 255 0 0
P 117 176 255 0 0
P 118 176 255 0 0
P 119 176 255 0 0
P 120 176 255 0 0
P 200 176 0 255 0
P 201 176 0 255 0
P 202 176 0 255 0
P 203 176 0 255 0
P 204 176 0 255 0
P 205 176 0 255 0
P 206 176 0 255 0
P 207 176 0 255 0
P 208 176 0 255 0
P 209 176 0 255 0
P 210 176 0 255 0
P 211 176 0 255 0
P 212 176 0 255 0
P 213 176 0 255 0
P 214 176 0 255 0
P 215 176 0 255 0
P 216 176 0 255 0
P 217 176 0 255 0
P 218 176 0 255 0
P 219 176 0 255 0
P 220 176 0 255 0
P 221 176 0 255 0
P 222 176 0 255 0
P 223 176 0 255 0
P 224 176 0 255 0
P 225 176 0 255 0
P 226 176 0 255 0
P 227 176 0 255 0
P 228 176 0 255 0
P 229 176 0 255 0
P 230 176 0 255 0
P 231 176 0 255 0
P 232 176 0 255 0
P 233 176 0 255 0
P 234 176 0 255 0
P 235 176 0 255 0
P 236 176 0 255 0
P 237 176 0 255 0
P 238 176 0 255 0
P 239 176 0 255 0
P 240 176 0 255 0
P 241 176 0 255 0
P 242 176 0 255 0
P 243 176 0 255 0
P 244 176 0 255 0
P 245 176 0 255 0
P 246 176 0 255 0
P 247 176 0 255 0
P 84 177 255 0 0
P 85 177 255 0 0
P 86 177 255 0 0
P 87 177 255 0 0
P 88 177 255 0 0
P 89 177 255 0 0
P 90 177 255 0 0
P 91 177 255 0 0
P 92 177 255 0 0
P 93 177 255 0 0
P 94 177 255 0 0
P 95 177 255 0 0
P 96 177 255 0 0
P 97 177 255 0 0
P 98 177 255 0 0
P 99 177 255 0 0
P 100 177 255 0 0
P 101 177 255 0 0
P 102 177 255 0 0
P 103 177 255 0 0
P 104 177 255 0 0
P 105 177 255 0 0
P 106 177 255 0 0
P 107 177 255 0 0
P 108 177 255 0 0
P 109 177 255 0 0
P 110 177 255 0 0
P 111 177 255 0 0
P 112 177 255 0 0
P 113 177 255 0 0
P 114 177 255 0 0
P 115 177 255 0 0
P 116 177 255 0 0
P 117 177 255 0 0
P 118 177 255 0 0
P 201 177 0 255 0
P 202 177 0 255 0
P 203 177 0 255 0
P 204 177 0 255 0
P 205 177 0 255 0
P 206 177 0 255 0
P 207 177 0 255 0
P 208 177 0 255 0
P 209 177 0 255 0
P 210 177 0 255 0
P 211 177 0 255 0
P 212 177 0 255 0
P 213 177 0 255 0
P 214 177 0 255 0
P 215 177 0 255 0
P 216 177 0 255 0
P 217 177 0 255 0
P 218 177 0 255 0
P 219 177 0 255 0
P 220 177 0 255 0
P 221 177 0 255 0
P 222 177 0 255 0
P 223 177 0 255 0
P 224 177 0 255 0
P 225 177 0 255 0
P 226 177 0 255 0
P 227 177 0 255 0
P 228 177 0 255 0
P 229 177 0 255 0
P 230 177 0 255 0
P 231 177 0 255 0
P 232 177 0 255 0
P 233 177 0 255 0
P 234 177 0 255 0
P 235 177 0 255 0
P 236 177 0 255 0
P 237 177 0 255 0
P 238 177 0 255 0
P 239 177 0 255 0
P 240 177 0 255 0
P 241 177 0 255 0
P 242 177 0 255 0
P 243 177 0 255 0
P 244 177 0 255 0
P 245 177 0 255 0
P 246 177 0 255 0
P 247 177 0 255 0
P 84 178 255 0 0
P 85 178 255 0 0
P 86 178 255 0 0
P 87 178 255 0 0
P 88 178 255 0 0
P 89 178 255 0 0
P 90 178 255 0 0
P 91 178 255 0 0
P 92 178 255 0 0
P 93 178 255 0 0
P 94 178 255 0 0
P 95 178 255 0 0
P 96 178 255 0 0
P 97 178 255 0 0
P 98 178 255 0 0
P 99 178 255 0 0
P 100 178 255 0 0
P 101 178 255 0 0
P 102 178 255 0 0
P 103 178 255 0 0
P 104 178 255 0 0
P 105 178 255 0 0
P 106 178 255 0 0
P 107 178 255 0 0
P 108 178 255 0 0
P 109 178 255 0 0
P 110 178 255 0 0
P 111 178 255 0 0
P 112 178 255 0 0
P 113 178 255 0 0
P 114 178 255 0 0
P 115 178 255 0 0
P 116 178 255 0 0
P 117 178 255 0 0
P 203 178 0 255 0
P 204 178 0 255 0
P 205 178 0 255 0
P 206 178 0 255 0
P 207 178 0 255 0
P 208 178 0 255 0
P 209 178 0 255 0
P 210 178 0 255 0
P 211 178 0 255 0
P 212 178 0 255 0
P 213 178 0 255 0
P 214 178 0 255 0
P 215 178 0 255 0
P 216 178 0 255 0
P 217 178 0 255 0
P 218 178 0 255 0
P 219 178 0 255 0
P 220 178 0 255 0
P 221 178 0 255 0
P 222 178 0 255 0
P 223 178 0 255 0
P 224 178 0 255 0
P 225 178 0 255 0
P 226 178 0 255 0
P 227 178 0 255 0
P 228 178 0 255 0
P 229 178 0 255 0
P 230 178 0 255 0
P 231 178 0 255 0
P 232 178 0 255 0
P 233 178 0 255 0
P 234 178 0 255 0
P 235 178 0 255 0
P 236 178 0 255 0
P 237 178 0 255 0
P 238 178 0 255 0
P 239 178 0 255 0
P 240 178 0 255 0
P 241 178 0 255 0
P 242 178 0 255 0
P 243 178 0 255 0
P 244 178 0 255 0
P 245 178 0 255 0
P 246 178 0 255 0
P 247 178 0 255 0
P 85 179 255 0 0
P 86 179 255 0 0
P 87 179 255 0 0
P 88 179 255 0 0
P 89 179 255 0 0
P 90 179 255 0 0
P 91 179 255 0 0
P 92 179 255 0 0
P 93 179 255 0 0
P 94 179 255 0 0
P 95 179 255 0 0
P 96 179 255 0 0
P 97 179 255 0 0
P 98 179 255 0 0
P 99 179 255 0 0
P 100 179 255 0 0
P 101 179 255 0 0
P 102 179 255 0 0
P 103 179 255 0 0
P 104 179 255 0 0
P 105 179 255 0 0
P 106 179 255 0 0
P 107 179 255 0 0
P 108 179 255 0 0
P 109 179 255 0 0
P 110 179 255 0 0
P 111 179 255 0 0
P 112 179 255 0 0
P 113 179 255 0 0
P 114 179 255 0 0
P 115 179 255 0 0
P 116 179 255 0 0
P 204 179 0 255 0
P 205 179 0 255 0
P 206 179 0 255 0
P 207 179 0 255 0
P 208 179 0 255 0
P 209 179 0 255 0
P 210 179 0 255 0
P 211 179 0 255 0
P 212 179 0 255 0
P 213 179 0 255 0
P 214 179 0 255 0
P 215 179 0 255 0
P 216 179 0 255 0
P 217 179 0 255 0
P 218 179 0 255 0
P 219 179 0 255 0
P 220 179 0 255 0
P 221 179 0 255 0
P 222 179 0 255 0
P 223 179 0 255 0
P 224 179 0 255 0
P 225 179 0 255 0
P 226 179 0 255 0
P 227 179 0 255 0
P 228 179 0 255 0
P 229 179 0 255 0
P 230 179 0 255 0
P 231 179 0 255 0
P 232 179 0 255 0
P 233 179 0 255 0
P 234 179 0 255 0
P 235 179 0 255 0
P 236 179 0 255 0
P 237 179 0 255 0
P 238 179 0 255 0
P 239 179 0 255 0
P 240 179 0 255 0
P 241 179 0 255 0
P 242 179 0 255 0
P 243 179 0 255 0
P 244 179 0 255 0
P 245 179 0 255 0
P 246 179 0 255 0
P 247 179 0 255 0
P 85 180 255 0 0
P 86 180 255 0 0
P 87 180 255 0 0
P 88 180 255 0 0
P 89 180 255 0 0
P 90 180 255 0 0
P 91 180 255 0 0
P 92 180 255 0 0
P 93 180 255 0 0
P 94 180 255 0 0
P 95 180 255 0 0
P 96 180 255 0 0
P 97 180 255 0 0
P 98 180 255 0 0
P 99 180 255 0 0
P 100 180 255 0 0
P 101 180 255 0 0
P 102 180 255 0 0
P 103 180 255 0 0
P 104 180 255 0 0
P 105 180 255 0 0
P 106 180 255 0 0
P 107 180 255 0 0
P 108 180 255 0 0
P 109 180 255 0 0
P 110 180 255 0 0
P 111 180 255 0 0
P 112 180 255 0 0
P 113 180 255 0 0
P 114 180 255 0 0
P 206 180 0 255 0
P 207 180 0 255 0
P 208 180 0 255 0
P 209 180 0 255 0
P 210 180 0 255 0
P 211 180 0 255 0
P 212 180 0 255 0
P 213 180 0 255 0
P 214 180 0 255 0
P 215 180 0 255 0
P 216 180 0 255 0
P 217 180 0 255 0
P 218 180 0 255 0
P 219 180 0 255 0
P 220 180 0 255 0
P 221 180 0 255 0
P 222 180 0 255 0
P 223 180 0 255 0
P 224 180 0 255 0
P 225 180 0 255 0
P 226 180 0 255 0
P 227 180 0 255 0
P 228 180 0 255 0
P 229 180 0 255 0
P 230 180 0 255 0
P 231 180 0 255 0
P 232 180 0 255 0
P 233 180 0 255 0
P 234 180 0 255 0
P 235 180 0 255 0
P 236 180 0 255 0
P 237 180 0 255 0
P 238 180 0 255 0
P 239 180 0 255 0
P 240 180 0 255 0
P 241 180 0 255 0
P 242 180 0 255 0
P 243 180 0 255 0
P 244 180 0 255 0
P 245 180 0 255 0
P 246 180 0 255 0
P 247 180 0 255 0
P 85 181 255 0 0
P 86 181 255 0 0
P 87 181 255 0 0
P 88 181 255 0 0
P 89 181 255 0 0
P 90 181 255 0 0
P 91 181 255 0 0
P 92 181 255 0 0
P 93 181 255 0 0
P 94 181 255 0 0
P 95 181 255 0 0
P 96 181 255 0 0
P 97 181 255 0 0
P 98 181 255 0 0
P 99 181 255 0 0
P 100 181 255 0 0
P 101 181 255 0 0
P 102 181 255 0 0
P 103 181 255 0 0
P 104 181 255 0 0
P 105 181 255 0 0
P 106 181 255 0 0
P 107 181 255 0 0
P 108 181 255 0 0
P 109 181 255 0 0
P 110 181 255 0 0
P 111 181 255 0 0
P 112 181 255 0 0
P 113 181 255 0 0
P 207 181 0 255 0
P 208 181 0 255 0
P 209 181 0 255 0
P 210 181 0 255 0
P 211 181 0 255 0
P 212 181 0 255 0
P 213 181 0 255 0
P 214 181 0 255 0
P 215 181 0 255 0
P 216 181 0 255 0
P 217 181 0 255 0
P 218 181 0 255 0
P 219 181 0 255 0
P 220 181 0 255 0
P 221 181 0 255 0
P 222 181 0 255 0
P 223 181 0 255 0
P 224 181 0 255 0
P 225 181 0 255 0
P 226 181 0 255 0
P 227 181 0 255 0
P 228 181 0 255 0
P 229 181 0 255 0
P 230 181 0 255 0
P 231 181 0 255 0
P 232 181 0 255 0
P 233 181 0 255 0
P 234 181 0 255 0
P 235 181 0 255 0
P 236 181 0 255 0
P 237 181 0 255 0
P 238 181 0 255 0
P 239 181 0 255 0
P 240 181 0 255 0
P 241 181 0 255 0
P 242 181 0 255 0
P 243 181 0 255 0
P 244 181 0 255 0
P 245 181 0 255 0
P 246 181 0 255 0
P 247 181 0 255 0
P 85 182 255 0 0
P 86 182 255 0 0
P 87 182 255 0 0
P 88 182 255 0 0
P 89 182 255 0 0
P 90 182 255 0 0
P 91 182 255 0 0
P 92 182 255 0 0
P 93 182 255 0 0
P 94 182 255 0 0
P 95 182 255 0 0
P 96 182 255 0 0
P 97 182 255 0 0
P 98 182 255 0 0
P 99 182 255 0 0
P 100 182 255 0 0
P 101 182 255 0 0
P 102 182 255 0 0
P 103 182 255 0 0
P 104 182 255 0 0
P 105 182 255 0 0
P 106 182 255 0 0
P 107 182 255 0 0
P 108 182 255 0 0
P 109 182 255 0 0
P 110 182 255 0 0
P 111 182 255 0 0
P 112 182 255 0 0
P 209 182 0 255 0
P 210 182 0 255 0
P 211 182 0 255 0
P 212 182 0 255 0
P 213 182 0 255 0
P 214 182 0 255 0
P 215 182 0 255 0
P 216 182 0 255 0
P 217 182 0 255 0
P 218 182 0 255 0
P 219 182 0 255 0
P 220 182 0 255 0
P 221 182 0 255 0
P 222 182 0 255 0
P 223 182 0 255 0
P 224 182 0 255 0
P 225 182 0 255 0
P 226 182 0 255 0
P 227 182 0 255 0
P 228 182 0 255 0
P 229 182 0 255 0
P 230 182 0 255 0
P 231 182 0 255 0
P 232 182 0 255 0
P 233 182 0 255 0
P 234 182 0 255 0
P 235 182 0 255 0
P 236 182 0 255 0
P 237 182 0 255 0
P 238 182 0 255 0
P 239 182 0 255 0
P 240 182 0 255 0
P 241 182 0 255 0
P 242 182 0 255 0
P 243 182 0 255 0
P 244 182 0 255 0
P 245 182 0 255 0
P 246 182 0 255 0
P 247 182 0 255 0
P 86 183 255 0 0
P 87 183 255 0 0
P 88 183 255 0 0
P 89 183 255 0 0
P 90 183 255 0 0
P 91 183 255 0 0
P 92 183 255 0 0
P 93 183 255 0 0
P 94 183 255 0 0
P 95 183 255 0 0
P 96 183 255 0 0
P 97 183 255 0 0
P 98 183 255 0 0
P 99 183 255 0 0
P 100 183 255 0 0
P 101 183 255 0 0
P 102 183 255 0 0
P 103 183 255 0 0
P 104 183 255 0 0
P 105 183 255 0 0
P 106 183 255 0 0
P 107 183 255 0 0
P 108 183 255 0 0
P 109 183 255 0 0
P 110 183 255 0 0
P 111 183 255 0 0
P 210 183 0 255 0
P 211 183 0 255 0
P 212 183 0 255 0
P 213 183 0 255 0
P 214 183 0 255 0
P 215 183 0 255 0
P 216 183 0 255 0
P 217 183 0 255 0
P 218 183 0 255 0
P 219 183 0 255 0
P 220 183 0 255 0
P 221 183 0 255 0
P 222 183 0 255 0
P 223 183 0 255 0
P 224 183 0 255 0
P 225 183 0 255 0
P 226 183 0 255 0
P 227 183 0 255 0
P 228 183 0 255 0
P 229 183 0 255 0
P 230 183 0 255 0
P 231 183 0 255 0
P 232 183 0 255 0
P 233 183 0 255 0
P 234 183 0 255 0
P 235 183 0 255 0
P 236 183 0 255 0
P 237 183 0 255 0
P 238 183 0 255 0
P 239 183 0 255 0
P 240 183 0 255 0
P 241 183 0 255 0
P 242 183 0 255 0
P 243 183 0 255 0
P 244 183 0 255 0
P 245 183 0 255 0
P 246 183 0 255 0
P 247 183 0 255 0
P 86 184 255 0 0
P 87 184 255 0 0
P 88 184 255 0 0
P 89 184 255 0 0
P 90 184 255 0 0
P 91 184 255 0 0
P 92 184 255 0 0
P 93 184 255 0 0
P 94 184 255 0 0
P 95 184 255 0 0
P 96 184 255 0 0
P 97 184 255 0 0
P 98 184 255 0 0
P 99 184 255 0 0
P 100 184 255 0 0
P 101 184 255 0 0
P 102 184 255 0 0
P 103 184 255 0 0
P 104 184 255 0 0
P 105 184 255 0 0
P 106 184 255 0 0
P 107 184 255 0 0
P 108 184 255 0 0
P 109 184 255 0 0
P 212 184 0 255 0
P 213 184 0 255 0
P 214 184 0 255 0
P 215 184 0 255 0
P 216 184 0 255 0
P 217 184 0 255 0
P 218 184 0 255 0
P 219 184 0 255 0
P 220 184 0 255 0
P 221 184 0 255 0
P 222 184 0 255 0
P 223 184 0 255 0
P 224 184 0 255 0
P 225 184 0 255 0
P 226 184 0 255 0
P 227 184 0 255 0
P 228 184 0 255 0
P 229 184 0 255 0
P 230 184 0 255 0
P 231 184 0 255 0
P 232 184 0 255 0
P 233 184 0 255 0
P 234 184 0 255 0
P 235 184 0 255 0
P 236 184 0 255 0
P 237 184 0 255 0
P 238 184 0 255 0
P 239 184 0 255 0
P 240 184 0 255 0
P 241 184 0 255 0
P 242 184 0 255 0
P 243 184 0 255 0
P 244 184 0 255 0
P 245 184 0 255 0
P 246 184 0 255 0
P 247 184 0 255 0
P 86 185 255 0 0
P 87 185 255 0 0
P 88 185 255 0 0
P 89 185 255 0 0
P 90 185 255 0 0
P 91 185 255 0 0
P 92 185 255 0 0
P 93 185 255 0 0
P 94 185 255 0 0
P 95 185 255 0 0
P 96 185 255 0 0
P 97 185 255 0 0
P 98 185 255 0 0
P 99 185 255 0 0
P 100 185 255 0 0
P 101 185 255 0 0
P 102 185 255 0 0
P 103 185 255 0 0
P 104 185 255 0 0
P 105 185 255 0 0
P 106 185 255 0 0
P 107 185 255 0 0
P 108 185 255 0 0
P 213 185 0 255 0
P 214 185 0 255 0
P 215 185 0 255 0
P 216 185 0 255 0
P 217 185 0 255 0
P 218 185 0 255 0
P 219 185 0 255 0
P 220 185 0 255 0
P 221 185 0 255 0
P 222 185 0 255 0
P 223 185 0 255 0
P 224 185 0 255 0
P 225 185 0 255 0
P 226 185 0 255 0
P 227 185 0 255 0
P 228 185 0 255 0
P 229 185 0 255 0
P 230 185 0 255 0
P 231 185 0 255 0
P 232 185 0 255 0
P 233 185 0 255 0
P 234 185 0 255 0
P 235 185 0 255 0
P 236 185 0 255 0
P 237 185 0 255 0
P 238 185 0 255 0
P 239 185 0 255 0
P 240 185 0 255 0
P 241 185 0 255 0
P 242 185 0 255 0
P 243 185 0 255 0
P 244 185 0 255 0
P 245 185 0 255 0
P 246 185 0 255 0
P 247 185 0 255 0
P 86 186 255 0 0
P 87 186 255 0 0
P 88 186 255 0 0
P 89 186 255 0 0
P 90 186 255 0 0
P 91 186 255 0 0
P 92 186 255 0 0
P 93 186 255 0 0
P 94 186 255 0 0
P 95 186 255 0 0
P 96 186 255 0 0
P 97 186 255 0 0
P 98 186 255 0 0
P 99 186 255 0 0
P 100 186 255 0 0
P 101 186 255 0 0
P 102 186 255 0 0
P 103 186 255 0 0
P 104 186 255 0 0
P 105 186 255 0 0
P 106 186 255 0 0
P 107 186 255 0 0
P 215 186 0 255 0
P 216 186 0 255 0
P 217 186 0 255 0
P 218 186 0 255 0
P 219 186 0 255 0
P 220 186 0 255 0
P 221 186 0 255 0
P 222 186 0 255 0
P 223 186 0 255 0
P 224 186 0 255 0
P 225 186 0 255 0
P 226 186 0 255 0
P 227 186 0 255 0
P 228 186 0 255 0
P 229 186 0 255 0
P 230 186 0 255 0
P 231 186 0 255 0
P 232 186 0 255 0
P 233 186 0 255 0
P 234 186 0 255 0
P 235 186 0 255 0
P 236 186 0 255 0
P 237 186 0 255 0
P 238 186 0 255 0
P 239 186 0 255 0
P 240 186 0 255 0
P 241 186 0 255 0
P 242 186 0 255 0
P 243 186 0 255 0
P 244 186 0 255 0
P 245 186 0 255 0
P 246 186 0 255 0
P 247 186 0 255 0
P 87 187 255 0 0
P 88 187 255 0 0
P 89 187 255 0 0
P 90 187 255 0 0
P 91 187 255 0 0
P 92 187 255 0 0
P 93 187 255 0 0
P 94 187 255 0 0
P 95 187 255 0 0
P 96 187 255 0 0
P 97 187 255 0 0
P 98 187 255 0 0
P 99 187 255 0 0
P 100 187 255 0 0
P 101 187 255 0 0
P 102 187 255 0 0
P 103 187 255 0 0
P 104 187 255 0 0
P 105 187 255 0 0
P 216 187 0 255 0
P 217 187 0 255 0
P 218 187 0 255 0
P 219 187 0 255 0
P 220 187 0 255 0
P 221 187 0 255 0
P 222 187 0 255 0
P 223 187 0 255 0
P 224 187 0 255 0
P 225 187 0 255 0
P 226 187 0 255 0
P 227 187 0 255 0
P 228 187 0 255 0
P 229 187 0 255 0
P 230 187 0 255 0
P 231 187 0 255 0
P 232 187 0 255 0
P 233 187 0 255 0
P 234 187 0 255 0
P 235 187 0 255 0
P 236 187 0 255 0
P 237 187 0 255 0
P 238 187 0 255 0
P 239 187 0 255 0
P 240 187 0 255 0
P 241 187 0 255 0
P 242 187 0 255 0
P 243 187 0 255 0
P 244 187 0 255 0
P 245 187 0 255 0
P 246 187 0 255 0
P 247 187 0 255 0
P 248 187 0 255 0
P 87 188 255 0 0
P 88 188 255 0 0
P 89 188 255 0 0
P 90 188 255 0 0
P 91 188 255 0 0
P 92 188 255 0 0
P 93 188 255 0 0
P 94 188 255 0 0
P 95 188 255 0 0
P 96 188 255 0 0
P 97 188 255 0 0
P 98 188 255 0 0
P 99 188 255 0 0
P 100 188 255 0 0
P 101 188 255 0 0
P 102 188 255 0 0
P 103 188 255 0 0
P 104 188 255 0 0
P 218 188 0 255 0
P 219 188 0 255 0
P 220 188 0 255 0
P 221 188 0 255 0
P 222 188 0 255 0
P 223 188 0 255 0
P 224 188 0 255 0
P 225 188 0 255 0
P 226 188 0 255 0
P 227 188 0 255 0
P 228 188 0 255 0
P 229 188 0 255 0
P 230 188 0 255 0
P 231 188 0 255 0
P 232 188 0 255 0
P 233 188 0 255 0
P 234 188 0 255 0
P 235 188 0 255 0
P 236 188 0 255 0
P 237 188 0 255 0
P 238 188 0 255 0
P 239 188 0 255 0
P 240 188 0 255 0
P 241 188 0 255 0
P 242 188 0 255 0
P 243 188 0 255 0
P 244 188 0 255 0
P 245 188 0 255 0
P 246 188 0 255 0
P 247 188 0 255 0
P 248 188 0 255 0
P 87 189 255 0 0
P 88 189 255 0 0
P 89 189 255 0 0
P 90 189 255 0 0
P 91 189 255 0 0
P 92 189 255 0 0
P 93 189 255 0 0
P 94 189 255 0 0
P 95 189 255 0 0
P 96 189 255 0 0
P 97 189 255 0 0
P 98 189 255 0 0
P 99 189 255 0 0
P 100 189 255 0 0
P 101 189 255 0 0
P 102 189 255 0 0
P 103 189 255 0 0
P 219 189 0 255 0
P 220 189 0 255 0
P 221 189 0 255 0
P 222 189 0 255 0
P 223 189 0 255 0
P 224 189 0 255 0
P 225 189 0 255 0
P 226 189 0 255 0
P 227 189 0 255 0
P 228 189 0 255 0
P 229 189 0 255 0
P 230 189 0 255 0
P 231 189 0 255 0
P 232 189 0 255 0
P 233 189 0 255 0
P 234 189 0 255 0
P 235 189 0 255 0
P 236 189 0 255 0
P 237 189 0 255 0
P 238 189 0 255 0
P 239 189 0 255 0
P 240 189 0 255 0
P 241 189 0 255 0
P 242 189 0 255 0
P 243 189 0 255 0
P 244 189 0 255 0
P 245 189 0 255 0
P 246 189 0 255 0
P 247 189 0 255 0
P 248 189 0 255 0
P 87 190 255 0 0
P 88 190 255 0 0
P 89 190 255 0 0
P 90 190 255 0 0
P 91 190 255 0 0
P 92 190 255 0 0
P 93 190 255 0 0
P 94 190 255 0 0
P 95 190 255 0 0
P 96 190 255 0 0
P 97 190 255 0 0
P 98 190 255 0 0
P 99 190 255 0 0
P 100 190 255 0 0
P 101 190 255 0 0
P 221 190 0 255 0
P 222 190 0 255 0
P 223 190 0 255 0
P 224 190 0 255 0
P 225 190 0 255 0
P 226 190 0 255 0
P 227 190 0 255 0
P 228 190 0 255 0
P 229 190 0 255 0
P 230 190 0 255 0
P 231 190 0 255 0
P 232 190 0 255 0
P 233 190 0 255 0
P 234 190 0 255 0
P 235 190 0 255 0
P 236 190 0 255 0
P 237 190 0 255 0
P 238 190 0 255 0
P 239 190 0 255 0
P 240 190 0 255 0
P 241 190 0 255 0
P 242 190 0 255 0
P 243 190 0 255 0
P 244 190 0 255 0
P 245 190 0 255 0
P 246 190 0 255 0
P 247 190 0 255 0
P 248 190 0 255 0
P 88 191 255 0 0
P 89 191 255 0 0
P 90 191 255 0 0
P 91 191 255 0 0
P 92 191 255 0 0
P 93 191 255 0 0
P 94 191 255 0 0
P 95 191 255 0 0
P 96 191 255 0 0
P 97 191 255 0 0
P 98 191 255 0 0
P 99 191 255 0 0
P 100 191 255 0 0
P 222 191 0 255 0
P 223 191 0 255 0
P 224 191 0 255 0
P 225 191 0 255 0
P 226 191 0 255 0
P 227 191 0 255 0
P 228 191 0 255 0
P 229 191 0 255 0
P 230 191 0 255 0
P 231 191 0 255 0
P 232 191 0 255 0
P 233 191 0 255 0
P 234 191 0 255 0
P 235 191 0 255 0
P 236 191 0 255 0
P 237 191 0 255 0
P 238 191 0 255 0
P 239 191 0 255 0
P 240 191 0 255 0
P 241 191 0 255 0
P 242 191 0 255 0
P 243 191 0 255 0
P 244 191 0 255 0
P 245 191 0 255 0
P 246 191 0 255 0
P 247 191 0 255 0
P 248 191 0 255 0
P 88 192 255 0 0
P 89 192 255 0 0
P 90 192 255 0 0
P 91 192 255 0 0
P 92 192 255 0 0
P 93 192 255 0 0
P 94 192 255 0 0
P 95 192 255 0 0
P 96 192 255 0 0
P 97 192 255 0 0
P 98 192 255 0 0
P 99 192 255 0 0
P 224 192 0 255 0
P 225 192 0 255 0
P 226 192 0 255 0
P 227 192 0 255 0
P 228 192 0 255 0
P 229 192 0 255 0
P 230 192 0 255 0
P 231 192 0 255 0
P 232 192 0 255 0
P 233 192 0 255 0
P 234 192 0 255 0
P 235 192 0 255 0
P 236 192 0 255 0
P 237 192 0 255 0
P 238 192 0 255 0
P 239 192 0 255 0
P 240 192 0 255 0
P 241 192 0 255 0
P 242 192 0 255 0
P 243 192 0 255 0
P 244 192 0 255 0
P 245 192 0 255 0
P 246 192 0 255 0
P 247 192 0 255 0
P 248 192 0 255 0
P 88 193 255 0 0
P 89 193 255 0 0
P 90 193 255 0 0
P 91 193 255 0 0
P 92 193 255 0 0
P 93 193 255 0 0
P 94 193 255 0 0
P 95 193 255 0 0
P 96 193 255 0 0
P 97 193 255 0 0
P 225 193 0 255 0
P 226 193 0 255 0
P 227 193 0 255 0
P 228 193 0 255 0
P 229 193 0 255 0
P 230 193 0 255 0
P 231 193 0 255 0
P 232 193 0 255 0
P 233 193 0 255 0
P 234 193 0 255 0
P 235 193 0 255 0
P 236 193 0 255 0
P 237 193 0 255 0
P 238 193 0 255 0
P 239 193 0 255 0
P 240 193 0 255 0
P 241 193 0 255 0
P 242 193 0 255 0
P 243 193 0 255 0
P 244 193 0 255 0
P 245 193 0 255 0
P 246 193 0 255 0
P 247 193 0 255 0
P 248 193 0 255 0
P 89 194 255 0 0
P 90 194 255 0 0
P 91 194 255 0 0
P 92 194 255 0 0
P 93 194 255 0 0
P 94 194 255 0 0
P 95 194 255 0 0
P 96 194 255 0 0
P 227 194 0 255 0
P 228 194 0 255 0
P 229 194 0 255 0
P 230 194 0 255 0
P 231 194 0 255 0
P 232 194 0 255 0
P 233 194 0 255 0
P 234 194 0 255 0
P 235 194 0 255 0
P 236 194 0 255 0
P 237 194 0 255 0
P 238 194 0 255 0
P 239 194 0 255 0
P 240 194 0 255 0
P 241 194 0 255 0
P 242 194 0 255 0
P 243 194 0 255 0
P 244 194 0 255 0
P 245 194 0 255 0
P 246 194 0 255 0
P 247 194 0 255 0
P 248 194 0 255 0
P 89 195 255 0 0
P 90 195 255 0 0
P 91 195 255 0 0
P 92 195 255 0 0
P 93 195 255 0 0
P 94 195 255 0 0
P 95 195 255 0 0
P 228 195 0 255 0
P 229 195 0 255 0
P 230 195 0 255 0
P 231 195 0 255 0
P 232 195 0 255 0
P 233 195 0 255 0
P 234 195 0 255 0
P 235 195 0 255 0
P 236 195 0 255 0
P 237 195 0 255 0
P 238 195 0 255 0
P 239 195 0 255 0
P 240 195 0 255 0
P 241 195 0 255 0
P 242 195 0 255 0
P 243 195 0 255 0
P 244 195 0 255 0
P 245 195 0 255 0
P 246 195 0 255 0
P 247 195 0 255 0
P 248 195 0 255 0
P 89 196 255 0 0
P 90 196 255 0 0
P 91 196 255 0 0
P 92 196 255 0 0
P 93 196 255 0 0
P 94 196 255 0 0
P 230 196 0 255 0
P 231 196 0 255 0
P 232 196 0 255 0
P 233 196 0 255 0
P 234 196 0 255 0
P 235 196 0 255 0
P 236 196 0 255 0
P 237 196 0 255 0
P 238 196 0 255 0
P 239 196 0 255 0
P 240 196 0 255 0
P 241 196 0 255 0
P 242 196 0 255 0
P 243 196 0 255 0
P 244 196 0 255 0
P 245 196 0 255 0
P 246 196 0 255 0
P 247 196 0 255 0
P 248 196 0 255 0
P 89 197 255 0 0
P 90 197 255 0 0
P 91 197 255 0 0
P 92 197 255 0 0
P 231 197 0 255 0
P 232 197 0 255 0
P 233 197 0 255 0
P 234 197 0 255 0
P 235 197 0 255 0
P 236 197 0 255 0
P 237 197 0 255 0
P 238 197 0 255 0
P 239 197 0 255 0
P 240 197 0 255 0
P 241 197 0 255 0
P 242 197 0 255 0
P 243 197 0 255 0
P 244 197 0 255 0
P 245 197 0 255 0
P 246 197 0 255 0
P 247 197 0 255 0
P 248 197 0 255 0
P 90 198 255 0 0
P 91 198 255 0 0
P 233 198 0 255 0
P 234 198 0 255 0
P 235 198 0 255 0
P 236 198 0 255 0
P 237 198 0 255 0
P 238 198 0 255 0
P 239 198 0 255 0
P 240 198 0 255 0
P 241 198 0 255 0
P 242 198 0 255 0
P 243 198 0 255 0
P 244 198 0 255 0
P 245 198 0 255 0
P 246 198 0 255 0
P 247 198 0 255 0
P 248 198 0 255 0
P 90 199 255 0 0
P 234 199 0 255 0
P 235 199 0 255 0
P 236 199 0 255 0
P 237 199 0 255 0
P 238 199 0 255 0
P 239 199 0 255 0
P 240 199 0 255 0
P 241 199 0 255 0
P 242 199 0 255 0
P 243 199 0 255 0
P 244 199 0 255 0
P 245 199 0 255 0
P 246 199 0 255 0
P 247 199 0 255 0
P 248 199 0 255 0
P 236 200 0 255 0
P 237 200 0 255 0
P 238 200 0 255 0
P 239 200 0 255 0
P 240 200 0 255 0
P 241 200 0 255 0
P 242 200 0 255 0
P 243 200 0 255 0
P 244 200 0 255 0
P 245 200 0 255 0
P 246 200 0 255 0
P 247 200 0 255 0
P 248 200 0 255 0
P 237 201 0 255 0
P 238 201 0 255 0
P 239 201 0 255 0
P 240 201 0 255 0
P 241 201 0 255 0
P 242 201 0 255 0
P 243 201 0 255 0
P 244 201 0 255 0
P 245 201 0 255 0
P 246 201 0 255 0
P 247 201 0 255 0
P 248 201 0 255 0
P 239 202 0 255 0
P 240 202 0 255 0
P 241 202 0 255 0
P 242 202 0 255 0
P 243 202 0 255 0
P 244 202 0 255 0
P 245 202 0 255 0
P 246 202 0 255 0
P 247 202 0 255 0
P 248 202 0 255 0
P 240 203 0 255 0
P 241 203 0 255 0
P 242 203 0 255 0
P 243 203 0 255 0
P 244 203 0 255 0
P 245 203 0 255 0
P 246 203 0 255 0
P 247 203 0 255 0
P 248 203 0 255 0
P 249 203 0 255 0
P 242 204 0 255 0
P 243 204 0 255 0
P 244 204 0 255 0
P 245 204 0 255 0
P 246 204 0 255 0
P 247 204 0 255 0
P 248 204 0 255 0
P 249 204 0 255 0
P 243 205 0 255 0
P 244 205 0 255 0
P 245 205 0 255 0
P 246 205 0 255 0
P 247 205 0 255 0
P 248 205 0 255 0
P 249 205 0 255 0
P 245 206 0 255 0
P 246 206 0 255 0
P 247 206 0 255 0
P 248 206 0 255 0
P 249 206 0 255 0
P 246 207 0 255 0
P 247 207 0 255 0
P 248 207 0 255 0
P 249 207 0 255 0
P 248 208 0 255 0
P 249 208 0 255 0
P 249 209 0 255 0
