# mesh /ndrv/openstep-matrox-remade/scratch-mesh/mesh16.txt mode hw tri 512
# counters drawn=512 software=0 declined=0
# select hard 0 soft 0
# submits 9 dwords 13248  dwords/submit 1472.00
P 20 20 0 255 0
P 21 20 255 0 0
P 22 20 255 0 0
P 23 20 255 0 0
P 24 20 255 0 0
P 25 20 255 0 0
P 26 20 255 0 0
P 27 20 255 0 0
P 28 20 255 0 0
P 29 20 255 0 0
P 30 20 255 0 0
P 31 20 255 0 0
P 32 20 255 0 0
P 33 20 255 0 0
P 34 20 255 0 0
P 35 20 255 0 0
P 36 20 255 0 0
P 37 20 0 0 255
P 38 20 0 255 0
P 39 20 0 255 0
P 40 20 0 255 0
P 41 20 0 255 0
P 42 20 0 255 0
P 43 20 0 255 0
P 44 20 0 255 0
P 45 20 0 255 0
P 46 20 0 255 0
P 47 20 0 255 0
P 48 20 0 255 0
P 49 20 0 255 0
P 50 20 0 255 0
P 51 20 0 255 0
P 52 20 0 255 0
P 53 20 0 255 0
P 54 20 255 255 0
P 55 20 255 0 0
P 56 20 255 0 0
P 57 20 255 0 0
P 58 20 255 0 0
P 59 20 255 0 0
P 60 20 255 0 0
P 61 20 255 0 0
P 62 20 255 0 0
P 63 20 255 0 0
P 64 20 255 0 0
P 65 20 255 0 0
P 66 20 255 0 0
P 67 20 255 0 0
P 68 20 255 0 0
P 69 20 255 0 0
P 70 20 255 0 0
P 71 20 0 0 255
P 72 20 0 255 0
P 73 20 0 255 0
P 74 20 0 255 0
P 75 20 0 255 0
P 76 20 0 255 0
P 77 20 0 255 0
P 78 20 0 255 0
P 79 20 0 255 0
P 80 20 0 255 0
P 81 20 0 255 0
P 82 20 0 255 0
P 83 20 0 255 0
P 84 20 0 255 0
P 85 20 0 255 0
P 86 20 0 255 0
P 87 20 0 255 0
P 88 20 255 0 0
P 89 20 255 0 0
P 90 20 255 0 0
P 91 20 255 0 0
P 92 20 255 0 0
P 93 20 255 0 0
P 94 20 255 0 0
P 95 20 255 0 0
P 96 20 255 0 0
P 97 20 255 0 0
P 98 20 255 0 0
P 99 20 255 0 0
P 100 20 255 0 0
P 101 20 255 0 0
P 102 20 255 0 0
P 103 20 255 0 0
P 104 20 255 0 0
P 105 20 0 0 255
P 106 20 0 255 0
P 107 20 0 255 0
P 108 20 0 255 0
P 109 20 0 255 0
P 110 20 0 255 0
P 111 20 0 255 0
P 112 20 0 255 0
P 113 20 0 255 0
P 114 20 0 255 0
P 115 20 0 255 0
P 116 20 0 255 0
P 117 20 0 255 0
P 118 20 0 255 0
P 119 20 0 255 0
P 120 20 0 255 0
P 121 20 0 255 0
P 122 20 255 255 0
P 123 20 255 0 0
P 124 20 255 0 0
P 125 20 255 0 0
P 126 20 255 0 0
P 127 20 255 0 0
P 128 20 255 0 0
P 129 20 255 0 0
P 130 20 255 0 0
P 131 20 255 0 0
P 132 20 255 0 0
P 133 20 255 0 0
P 134 20 255 0 0
P 135 20 255 0 0
P 136 20 255 0 0
P 137 20 255 0 0
P 138 20 255 0 0
P 139 20 0 255 0
P 140 20 0 255 0
P 141 20 0 255 0
P 142 20 0 255 0
P 143 20 0 255 0
P 144 20 0 255 0
P 145 20 0 255 0
P 146 20 0 255 0
P 147 20 0 255 0
P 148 20 0 255 0
P 149 20 0 255 0
P 150 20 0 255 0
P 151 20 0 255 0
P 152 20 0 255 0
P 153 20 0 255 0
P 154 20 0 255 0
P 155 20 0 255 0
P 156 20 255 0 0
P 157 20 255 0 0
P 158 20 255 0 0
P 159 20 255 0 0
P 160 20 255 0 0
P 161 20 255 0 0
P 162 20 255 0 0
P 163 20 255 0 0
P 164 20 255 0 0
P 165 20 255 0 0
P 166 20 255 0 0
P 167 20 255 0 0
P 168 20 255 0 0
P 169 20 255 0 0
P 170 20 255 0 0
P 171 20 255 0 0
P 172 20 255 0 0
P 173 20 0 0 255
P 174 20 0 255 0
P 175 20 0 255 0
P 176 20 0 255 0
P 177 20 0 255 0
P 178 20 0 255 0
P 179 20 0 255 0
P 180 20 0 255 0
P 181 20 0 255 0
P 182 20 0 255 0
P 183 20 0 255 0
P 184 20 0 255 0
P 185 20 0 255 0
P 186 20 0 255 0
P 187 20 0 255 0
P 188 20 0 255 0
P 189 20 0 255 0
P 190 20 255 255 0
P 191 20 255 0 0
P 192 20 255 0 0
P 193 20 255 0 0
P 194 20 255 0 0
P 195 20 255 0 0
P 196 20 255 0 0
P 197 20 255 0 0
P 198 20 255 0 0
P 199 20 255 0 0
P 200 20 255 0 0
P 201 20 255 0 0
P 202 20 255 0 0
P 203 20 255 0 0
P 204 20 255 0 0
P 205 20 255 0 0
P 206 20 255 0 0
P 207 20 0 255 0
P 208 20 0 255 0
P 209 20 0 255 0
P 210 20 0 255 0
P 211 20 0 255 0
P 212 20 0 255 0
P 213 20 0 255 0
P 214 20 0 255 0
P 215 20 0 255 0
P 216 20 0 255 0
P 217 20 0 255 0
P 218 20 0 255 0
P 219 20 0 255 0
P 220 20 0 255 0
P 221 20 0 255 0
P 222 20 0 255 0
P 223 20 0 255 0
P 224 20 255 0 0
P 225 20 255 0 0
P 226 20 255 0 0
P 227 20 255 0 0
P 228 20 255 0 0
P 229 20 255 0 0
P 230 20 255 0 0
P 231 20 255 0 0
P 232 20 255 0 0
P 233 20 255 0 0
P 234 20 255 0 0
P 235 20 255 0 0
P 236 20 255 0 0
P 237 20 255 0 0
P 238 20 255 0 0
P 239 20 255 0 0
P 240 20 255 0 0
P 241 20 0 0 255
P 242 20 0 255 0
P 243 20 0 255 0
P 244 20 0 255 0
P 245 20 0 255 0
P 246 20 0 255 0
P 247 20 0 255 0
P 248 20 0 255 0
P 249 20 0 255 0
P 250 20 0 255 0
P 251 20 0 255 0
P 252 20 0 255 0
P 253 20 0 255 0
P 254 20 0 255 0
P 255 20 0 255 0
P 256 20 0 255 0
P 257 20 0 255 0
P 258 20 255 255 0
P 259 20 255 0 0
P 260 20 255 0 0
P 261 20 255 0 0
P 262 20 255 0 0
P 263 20 255 0 0
P 264 20 255 0 0
P 265 20 255 0 0
P 266 20 255 0 0
P 267 20 255 0 0
P 268 20 255 0 0
P 269 20 255 0 0
P 270 20 255 0 0
P 271 20 255 0 0
P 272 20 255 0 0
P 273 20 255 0 0
P 274 20 255 0 0
P 275 20 0 0 255
P 276 20 0 255 0
P 277 20 0 255 0
P 278 20 0 255 0
P 279 20 0 255 0
P 280 20 0 255 0
P 281 20 0 255 0
P 282 20 0 255 0
P 283 20 0 255 0
P 284 20 0 255 0
P 285 20 0 255 0
P 286 20 0 255 0
P 287 20 0 255 0
P 288 20 0 255 0
P 289 20 0 255 0
P 290 20 0 255 0
P 291 20 0 255 0
P 20 21 0 255 0
P 21 21 0 255 0
P 22 21 255 0 0
P 23 21 255 0 0
P 24 21 255 0 0
P 25 21 255 0 0
P 26 21 255 0 0
P 27 21 255 0 0
P 28 21 255 0 0
P 29 21 255 0 0
P 30 21 255 0 0
P 31 21 255 0 0
P 32 21 255 0 0
P 33 21 255 0 0
P 34 21 255 0 0
P 35 21 255 0 0
P 36 21 255 0 0
P 37 21 0 0 255
P 38 21 0 0 255
P 39 21 0 255 0
P 40 21 0 255 0
P 41 21 0 255 0
P 42 21 0 255 0
P 43 21 0 255 0
P 44 21 0 255 0
P 45 21 0 255 0
P 46 21 0 255 0
P 47 21 0 255 0
P 48 21 0 255 0
P 49 21 0 255 0
P 50 21 0 255 0
P 51 21 0 255 0
P 52 21 0 255 0
P 53 21 0 255 0
P 54 21 255 255 0
P 55 21 255 255 0
P 56 21 255 0 0
P 57 21 255 0 0
P 58 21 255 0 0
P 59 21 255 0 0
P 60 21 255 0 0
P 61 21 255 0 0
P 62 21 255 0 0
P 63 21 255 0 0
P 64 21 255 0 0
P 65 21 255 0 0
P 66 21 255 0 0
P 67 21 255 0 0
P 68 21 255 0 0
P 69 21 255 0 0
P 70 21 255 0 0
P 71 21 0 0 255
P 72 21 0 0 255
P 73 21 0 255 0
P 74 21 0 255 0
P 75 21 0 255 0
P 76 21 0 255 0
P 77 21 0 255 0
P 78 21 0 255 0
P 79 21 0 255 0
P 80 21 0 255 0
P 81 21 0 255 0
P 82 21 0 255 0
P 83 21 0 255 0
P 84 21 0 255 0
P 85 21 0 255 0
P 86 21 0 255 0
P 87 21 0 255 0
P 88 21 255 255 0
P 89 21 255 255 0
P 90 21 255 0 0
P 91 21 255 0 0
P 92 21 255 0 0
P 93 21 255 0 0
P 94 21 255 0 0
P 95 21 255 0 0
P 96 21 255 0 0
P 97 21 255 0 0
P 98 21 255 0 0
P 99 21 255 0 0
P 100 21 255 0 0
P 101 21 255 0 0
P 102 21 255 0 0
P 103 21 255 0 0
P 104 21 255 0 0
P 105 21 0 0 255
P 106 21 0 0 255
P 107 21 0 255 0
P 108 21 0 255 0
P 109 21 0 255 0
P 110 21 0 255 0
P 111 21 0 255 0
P 112 21 0 255 0
P 113 21 0 255 0
P 114 21 0 255 0
P 115 21 0 255 0
P 116 21 0 255 0
P 117 21 0 255 0
P 118 21 0 255 0
P 119 21 0 255 0
P 120 21 0 255 0
P 121 21 0 255 0
P 122 21 255 255 0
P 123 21 255 255 0
P 124 21 255 0 0
P 125 21 255 0 0
P 126 21 255 0 0
P 127 21 255 0 0
P 128 21 255 0 0
P 129 21 255 0 0
P 130 21 255 0 0
P 131 21 255 0 0
P 132 21 255 0 0
P 133 21 255 0 0
P 134 21 255 0 0
P 135 21 255 0 0
P 136 21 255 0 0
P 137 21 255 0 0
P 138 21 255 0 0
P 139 21 0 0 255
P 140 21 0 0 255
P 141 21 0 255 0
P 142 21 0 255 0
P 143 21 0 255 0
P 144 21 0 255 0
P 145 21 0 255 0
P 146 21 0 255 0
P 147 21 0 255 0
P 148 21 0 255 0
P 149 21 0 255 0
P 150 21 0 255 0
P 151 21 0 255 0
P 152 21 0 255 0
P 153 21 0 255 0
P 154 21 0 255 0
P 155 21 0 255 0
P 156 21 255 255 0
P 157 21 255 255 0
P 158 21 255 0 0
P 159 21 255 0 0
P 160 21 255 0 0
P 161 21 255 0 0
P 162 21 255 0 0
P 163 21 255 0 0
P 164 21 255 0 0
P 165 21 255 0 0
P 166 21 255 0 0
P 167 21 255 0 0
P 168 21 255 0 0
P 169 21 255 0 0
P 170 21 255 0 0
P 171 21 255 0 0
P 172 21 255 0 0
P 173 21 0 0 255
P 174 21 0 0 255
P 175 21 0 255 0
P 176 21 0 255 0
P 177 21 0 255 0
P 178 21 0 255 0
P 179 21 0 255 0
P 180 21 0 255 0
P 181 21 0 255 0
P 182 21 0 255 0
P 183 21 0 255 0
P 184 21 0 255 0
P 185 21 0 255 0
P 186 21 0 255 0
P 187 21 0 255 0
P 188 21 0 255 0
P 189 21 0 255 0
P 190 21 255 255 0
P 191 21 255 255 0
P 192 21 255 0 0
P 193 21 255 0 0
P 194 21 255 0 0
P 195 21 255 0 0
P 196 21 255 0 0
P 197 21 255 0 0
P 198 21 255 0 0
P 199 21 255 0 0
P 200 21 255 0 0
P 201 21 255 0 0
P 202 21 255 0 0
P 203 21 255 0 0
P 204 21 255 0 0
P 205 21 255 0 0
P 206 21 255 0 0
P 207 21 0 0 255
P 208 21 0 0 255
P 209 21 0 255 0
P 210 21 0 255 0
P 211 21 0 255 0
P 212 21 0 255 0
P 213 21 0 255 0
P 214 21 0 255 0
P 215 21 0 255 0
P 216 21 0 255 0
P 217 21 0 255 0
P 218 21 0 255 0
P 219 21 0 255 0
P 220 21 0 255 0
P 221 21 0 255 0
P 222 21 0 255 0
P 223 21 0 255 0
P 224 21 255 255 0
P 225 21 255 255 0
P 226 21 255 0 0
P 227 21 255 0 0
P 228 21 255 0 0
P 229 21 255 0 0
P 230 21 255 0 0
P 231 21 255 0 0
P 232 21 255 0 0
P 233 21 255 0 0
P 234 21 255 0 0
P 235 21 255 0 0
P 236 21 255 0 0
P 237 21 255 0 0
P 238 21 255 0 0
P 239 21 255 0 0
P 240 21 255 0 0
P 241 21 0 0 255
P 242 21 0 0 255
P 243 21 0 255 0
P 244 21 0 255 0
P 245 21 0 255 0
P 246 21 0 255 0
P 247 21 0 255 0
P 248 21 0 255 0
P 249 21 0 255 0
P 250 21 0 255 0
P 251 21 0 255 0
P 252 21 0 255 0
P 253 21 0 255 0
P 254 21 0 255 0
P 255 21 0 255 0
P 256 21 0 255 0
P 257 21 0 255 0
P 258 21 255 255 0
P 259 21 255 255 0
P 260 21 255 0 0
P 261 21 255 0 0
P 262 21 255 0 0
P 263 21 255 0 0
P 264 21 255 0 0
P 265 21 255 0 0
P 266 21 255 0 0
P 267 21 255 0 0
P 268 21 255 0 0
P 269 21 255 0 0
P 270 21 255 0 0
P 271 21 255 0 0
P 272 21 255 0 0
P 273 21 255 0 0
P 274 21 255 0 0
P 275 21 0 0 255
P 276 21 0 0 255
P 277 21 0 255 0
P 278 21 0 255 0
P 279 21 0 255 0
P 280 21 0 255 0
P 281 21 0 255 0
P 282 21 0 255 0
P 283 21 0 255 0
P 284 21 0 255 0
P 285 21 0 255 0
P 286 21 0 255 0
P 287 21 0 255 0
P 288 21 0 255 0
P 289 21 0 255 0
P 290 21 0 255 0
P 291 21 0 255 0
P 20 22 0 255 0
P 21 22 0 255 0
P 22 22 0 255 0
P 23 22 0 255 0
P 24 22 255 0 0
P 25 22 255 0 0
P 26 22 255 0 0
P 27 22 255 0 0
P 28 22 255 0 0
P 29 22 255 0 0
P 30 22 255 0 0
P 31 22 255 0 0
P 32 22 255 0 0
P 33 22 255 0 0
P 34 22 255 0 0
P 35 22 255 0 0
P 36 22 255 0 0
P 37 22 0 0 255
P 38 22 0 0 255
P 39 22 0 0 255
P 40 22 0 255 0
P 41 22 0 255 0
P 42 22 0 255 0
P 43 22 0 255 0
P 44 22 0 255 0
P 45 22 0 255 0
P 46 22 0 255 0
P 47 22 0 255 0
P 48 22 0 255 0
P 49 22 0 255 0
P 50 22 0 255 0
P 51 22 0 255 0
P 52 22 0 255 0
P 53 22 0 255 0
P 54 22 255 255 0
P 55 22 255 255 0
P 56 22 255 255 0
P 57 22 255 0 0
P 58 22 255 0 0
P 59 22 255 0 0
P 60 22 255 0 0
P 61 22 255 0 0
P 62 22 255 0 0
P 63 22 255 0 0
P 64 22 255 0 0
P 65 22 255 0 0
P 66 22 255 0 0
P 67 22 255 0 0
P 68 22 255 0 0
P 69 22 255 0 0
P 70 22 255 0 0
P 71 22 0 0 255
P 72 22 0 0 255
P 73 22 0 0 255
P 74 22 0 255 0
P 75 22 0 255 0
P 76 22 0 255 0
P 77 22 0 255 0
P 78 22 0 255 0
P 79 22 0 255 0
P 80 22 0 255 0
P 81 22 0 255 0
P 82 22 0 255 0
P 83 22 0 255 0
P 84 22 0 255 0
P 85 22 0 255 0
P 86 22 0 255 0
P 87 22 0 255 0
P 88 22 255 255 0
P 89 22 255 255 0
P 90 22 255 255 0
P 91 22 255 0 0
P 92 22 255 0 0
P 93 22 255 0 0
P 94 22 255 0 0
P 95 22 255 0 0
P 96 22 255 0 0
P 97 22 255 0 0
P 98 22 255 0 0
P 99 22 255 0 0
P 100 22 255 0 0
P 101 22 255 0 0
P 102 22 255 0 0
P 103 22 255 0 0
P 104 22 255 0 0
P 105 22 0 0 255
P 106 22 0 0 255
P 107 22 0 0 255
P 108 22 0 0 255
P 109 22 0 255 0
P 110 22 0 255 0
P 111 22 0 255 0
P 112 22 0 255 0
P 113 22 0 255 0
P 114 22 0 255 0
P 115 22 0 255 0
P 116 22 0 255 0
P 117 22 0 255 0
P 118 22 0 255 0
P 119 22 0 255 0
P 120 22 0 255 0
P 121 22 0 255 0
P 122 22 255 255 0
P 123 22 255 255 0
P 124 22 255 255 0
P 125 22 255 0 0
P 126 22 255 0 0
P 127 22 255 0 0
P 128 22 255 0 0
P 129 22 255 0 0
P 130 22 255 0 0
P 131 22 255 0 0
P 132 22 255 0 0
P 133 22 255 0 0
P 134 22 255 0 0
P 135 22 255 0 0
P 136 22 255 0 0
P 137 22 255 0 0
P 138 22 255 0 0
P 139 22 0 0 255
P 140 22 0 0 255
P 141 22 0 0 255
P 142 22 0 255 0
P 143 22 0 255 0
P 144 22 0 255 0
P 145 22 0 255 0
P 146 22 0 255 0
P 147 22 0 255 0
P 148 22 0 255 0
P 149 22 0 255 0
P 150 22 0 255 0
P 151 22 0 255 0
P 152 22 0 255 0
P 153 22 0 255 0
P 154 22 0 255 0
P 155 22 0 255 0
P 156 22 255 255 0
P 157 22 255 255 0
P 158 22 255 255 0
P 159 22 255 0 0
P 160 22 255 0 0
P 161 22 255 0 0
P 162 22 255 0 0
P 163 22 255 0 0
P 164 22 255 0 0
P 165 22 255 0 0
P 166 22 255 0 0
P 167 22 255 0 0
P 168 22 255 0 0
P 169 22 255 0 0
P 170 22 255 0 0
P 171 22 255 0 0
P 172 22 255 0 0
P 173 22 0 0 255
P 174 22 0 0 255
P 175 22 0 0 255
P 176 22 0 0 255
P 177 22 0 255 0
P 178 22 0 255 0
P 179 22 0 255 0
P 180 22 0 255 0
P 181 22 0 255 0
P 182 22 0 255 0
P 183 22 0 255 0
P 184 22 0 255 0
P 185 22 0 255 0
P 186 22 0 255 0
P 187 22 0 255 0
P 188 22 0 255 0
P 189 22 0 255 0
P 190 22 255 255 0
P 191 22 255 255 0
P 192 22 255 255 0
P 193 22 255 255 0
P 194 22 255 0 0
P 195 22 255 0 0
P 196 22 255 0 0
P 197 22 255 0 0
P 198 22 255 0 0
P 199 22 255 0 0
P 200 22 255 0 0
P 201 22 255 0 0
P 202 22 255 0 0
P 203 22 255 0 0
P 204 22 255 0 0
P 205 22 255 0 0
P 206 22 255 0 0
P 207 22 0 0 255
P 208 22 0 0 255
P 209 22 0 0 255
P 210 22 0 255 0
P 211 22 0 255 0
P 212 22 0 255 0
P 213 22 0 255 0
P 214 22 0 255 0
P 215 22 0 255 0
P 216 22 0 255 0
P 217 22 0 255 0
P 218 22 0 255 0
P 219 22 0 255 0
P 220 22 0 255 0
P 221 22 0 255 0
P 222 22 0 255 0
P 223 22 0 255 0
P 224 22 255 255 0
P 225 22 255 255 0
P 226 22 255 255 0
P 227 22 255 0 0
P 228 22 255 0 0
P 229 22 255 0 0
P 230 22 255 0 0
P 231 22 255 0 0
P 232 22 255 0 0
P 233 22 255 0 0
P 234 22 255 0 0
P 235 22 255 0 0
P 236 22 255 0 0
P 237 22 255 0 0
P 238 22 255 0 0
P 239 22 255 0 0
P 240 22 255 0 0
P 241 22 0 0 255
P 242 22 0 0 255
P 243 22 0 0 255
P 244 22 0 0 255
P 245 22 0 255 0
P 246 22 0 255 0
P 247 22 0 255 0
P 248 22 0 255 0
P 249 22 0 255 0
P 250 22 0 255 0
P 251 22 0 255 0
P 252 22 0 255 0
P 253 22 0 255 0
P 254 22 0 255 0
P 255 22 0 255 0
P 256 22 0 255 0
P 257 22 0 255 0
P 258 22 255 255 0
P 259 22 255 255 0
P 260 22 255 255 0
P 261 22 255 255 0
P 262 22 255 0 0
P 263 22 255 0 0
P 264 22 255 0 0
P 265 22 255 0 0
P 266 22 255 0 0
P 267 22 255 0 0
P 268 22 255 0 0
P 269 22 255 0 0
P 270 22 255 0 0
P 271 22 255 0 0
P 272 22 255 0 0
P 273 22 255 0 0
P 274 22 255 0 0
P 275 22 0 0 255
P 276 22 0 0 255
P 277 22 0 0 255
P 278 22 0 0 255
P 279 22 0 255 0
P 280 22 0 255 0
P 281 22 0 255 0
P 282 22 0 255 0
P 283 22 0 255 0
P 284 22 0 255 0
P 285 22 0 255 0
P 286 22 0 255 0
P 287 22 0 255 0
P 288 22 0 255 0
P 289 22 0 255 0
P 290 22 0 255 0
P 291 22 0 255 0
P 20 23 0 255 0
P 21 23 0 255 0
P 22 23 0 255 0
P 23 23 0 255 0
P 24 23 0 255 0
P 25 23 255 0 0
P 26 23 255 0 0
P 27 23 255 0 0
P 28 23 255 0 0
P 29 23 255 0 0
P 30 23 255 0 0
P 31 23 255 0 0
P 32 23 255 0 0
P 33 23 255 0 0
P 34 23 255 0 0
P 35 23 255 0 0
P 36 23 255 0 0
P 37 23 0 0 255
P 38 23 0 0 255
P 39 23 0 0 255
P 40 23 0 0 255
P 41 23 0 0 255
P 42 23 0 255 0
P 43 23 0 255 0
P 44 23 0 255 0
P 45 23 0 255 0
P 46 23 0 255 0
P 47 23 0 255 0
P 48 23 0 255 0
P 49 23 0 255 0
P 50 23 0 255 0
P 51 23 0 255 0
P 52 23 0 255 0
P 53 23 0 255 0
P 54 23 255 255 0
P 55 23 255 255 0
P 56 23 255 255 0
P 57 23 255 255 0
P 58 23 255 255 0
P 59 23 255 0 0
P 60 23 255 0 0
P 61 23 255 0 0
P 62 23 255 0 0
P 63 23 255 0 0
P 64 23 255 0 0
P 65 23 255 0 0
P 66 23 255 0 0
P 67 23 255 0 0
P 68 23 255 0 0
P 69 23 255 0 0
P 70 23 255 0 0
P 71 23 0 0 255
P 72 23 0 0 255
P 73 23 0 0 255
P 74 23 0 0 255
P 75 23 0 0 255
P 76 23 0 255 0
P 77 23 0 255 0
P 78 23 0 255 0
P 79 23 0 255 0
P 80 23 0 255 0
P 81 23 0 255 0
P 82 23 0 255 0
P 83 23 0 255 0
P 84 23 0 255 0
P 85 23 0 255 0
P 86 23 0 255 0
P 87 23 0 255 0
P 88 23 255 255 0
P 89 23 255 255 0
P 90 23 255 255 0
P 91 23 255 255 0
P 92 23 255 255 0
P 93 23 255 0 0
P 94 23 255 0 0
P 95 23 255 0 0
P 96 23 255 0 0
P 97 23 255 0 0
P 98 23 255 0 0
P 99 23 255 0 0
P 100 23 255 0 0
P 101 23 255 0 0
P 102 23 255 0 0
P 103 23 255 0 0
P 104 23 255 0 0
P 105 23 0 0 255
P 106 23 0 0 255
P 107 23 0 0 255
P 108 23 0 0 255
P 109 23 0 0 255
P 110 23 0 255 0
P 111 23 0 255 0
P 112 23 0 255 0
P 113 23 0 255 0
P 114 23 0 255 0
P 115 23 0 255 0
P 116 23 0 255 0
P 117 23 0 255 0
P 118 23 0 255 0
P 119 23 0 255 0
P 120 23 0 255 0
P 121 23 0 255 0
P 122 23 255 255 0
P 123 23 255 255 0
P 124 23 255 255 0
P 125 23 255 255 0
P 126 23 255 255 0
P 127 23 255 0 0
P 128 23 255 0 0
P 129 23 255 0 0
P 130 23 255 0 0
P 131 23 255 0 0
P 132 23 255 0 0
P 133 23 255 0 0
P 134 23 255 0 0
P 135 23 255 0 0
P 136 23 255 0 0
P 137 23 255 0 0
P 138 23 255 0 0
P 139 23 0 0 255
P 140 23 0 0 255
P 141 23 0 0 255
P 142 23 0 0 255
P 143 23 0 0 255
P 144 23 0 255 0
P 145 23 0 255 0
P 146 23 0 255 0
P 147 23 0 255 0
P 148 23 0 255 0
P 149 23 0 255 0
P 150 23 0 255 0
P 151 23 0 255 0
P 152 23 0 255 0
P 153 23 0 255 0
P 154 23 0 255 0
P 155 23 0 255 0
P 156 23 255 255 0
P 157 23 255 255 0
P 158 23 255 255 0
P 159 23 255 255 0
P 160 23 255 255 0
P 161 23 255 0 0
P 162 23 255 0 0
P 163 23 255 0 0
P 164 23 255 0 0
P 165 23 255 0 0
P 166 23 255 0 0
P 167 23 255 0 0
P 168 23 255 0 0
P 169 23 255 0 0
P 170 23 255 0 0
P 171 23 255 0 0
P 172 23 255 0 0
P 173 23 0 0 255
P 174 23 0 0 255
P 175 23 0 0 255
P 176 23 0 0 255
P 177 23 0 0 255
P 178 23 0 255 0
P 179 23 0 255 0
P 180 23 0 255 0
P 181 23 0 255 0
P 182 23 0 255 0
P 183 23 0 255 0
P 184 23 0 255 0
P 185 23 0 255 0
P 186 23 0 255 0
P 187 23 0 255 0
P 188 23 0 255 0
P 189 23 0 255 0
P 190 23 255 255 0
P 191 23 255 255 0
P 192 23 255 255 0
P 193 23 255 255 0
P 194 23 255 255 0
P 195 23 255 0 0
P 196 23 255 0 0
P 197 23 255 0 0
P 198 23 255 0 0
P 199 23 255 0 0
P 200 23 255 0 0
P 201 23 255 0 0
P 202 23 255 0 0
P 203 23 255 0 0
P 204 23 255 0 0
P 205 23 255 0 0
P 206 23 255 0 0
P 207 23 0 0 255
P 208 23 0 0 255
P 209 23 0 0 255
P 210 23 0 0 255
P 211 23 0 0 255
P 212 23 0 255 0
P 213 23 0 255 0
P 214 23 0 255 0
P 215 23 0 255 0
P 216 23 0 255 0
P 217 23 0 255 0
P 218 23 0 255 0
P 219 23 0 255 0
P 220 23 0 255 0
P 221 23 0 255 0
P 222 23 0 255 0
P 223 23 0 255 0
P 224 23 255 255 0
P 225 23 255 255 0
P 226 23 255 255 0
P 227 23 255 255 0
P 228 23 255 255 0
P 229 23 255 0 0
P 230 23 255 0 0
P 231 23 255 0 0
P 232 23 255 0 0
P 233 23 255 0 0
P 234 23 255 0 0
P 235 23 255 0 0
P 236 23 255 0 0
P 237 23 255 0 0
P 238 23 255 0 0
P 239 23 255 0 0
P 240 23 255 0 0
P 241 23 0 0 255
P 242 23 0 0 255
P 243 23 0 0 255
P 244 23 0 0 255
P 245 23 0 0 255
P 246 23 0 255 0
P 247 23 0 255 0
P 248 23 0 255 0
P 249 23 0 255 0
P 250 23 0 255 0
P 251 23 0 255 0
P 252 23 0 255 0
P 253 23 0 255 0
P 254 23 0 255 0
P 255 23 0 255 0
P 256 23 0 255 0
P 257 23 0 255 0
P 258 23 255 255 0
P 259 23 255 255 0
P 260 23 255 255 0
P 261 23 255 255 0
P 262 23 255 255 0
P 263 23 255 0 0
P 264 23 255 0 0
P 265 23 255 0 0
P 266 23 255 0 0
P 267 23 255 0 0
P 268 23 255 0 0
P 269 23 255 0 0
P 270 23 255 0 0
P 271 23 255 0 0
P 272 23 255 0 0
P 273 23 255 0 0
P 274 23 255 0 0
P 275 23 0 0 255
P 276 23 0 0 255
P 277 23 0 0 255
P 278 23 0 0 255
P 279 23 0 0 255
P 280 23 0 255 0
P 281 23 0 255 0
P 282 23 0 255 0
P 283 23 0 255 0
P 284 23 0 255 0
P 285 23 0 255 0
P 286 23 0 255 0
P 287 23 0 255 0
P 288 23 0 255 0
P 289 23 0 255 0
P 290 23 0 255 0
P 291 23 0 255 0
P 20 24 0 255 0
P 21 24 0 255 0
P 22 24 0 255 0
P 23 24 0 255 0
P 24 24 0 255 0
P 25 24 0 255 0
P 26 24 255 0 0
P 27 24 255 0 0
P 28 24 255 0 0
P 29 24 255 0 0
P 30 24 255 0 0
P 31 24 255 0 0
P 32 24 255 0 0
P 33 24 255 0 0
P 34 24 255 0 0
P 35 24 255 0 0
P 36 24 255 0 0
P 37 24 0 0 255
P 38 24 0 0 255
P 39 24 0 0 255
P 40 24 0 0 255
P 41 24 0 0 255
P 42 24 0 0 255
P 43 24 0 255 0
P 44 24 0 255 0
P 45 24 0 255 0
P 46 24 0 255 0
P 47 24 0 255 0
P 48 24 0 255 0
P 49 24 0 255 0
P 50 24 0 255 0
P 51 24 0 255 0
P 52 24 0 255 0
P 53 24 0 255 0
P 54 24 255 255 0
P 55 24 255 255 0
P 56 24 255 255 0
P 57 24 255 255 0
P 58 24 255 255 0
P 59 24 255 255 0
P 60 24 255 0 0
P 61 24 255 0 0
P 62 24 255 0 0
P 63 24 255 0 0
P 64 24 255 0 0
P 65 24 255 0 0
P 66 24 255 0 0
P 67 24 255 0 0
P 68 24 255 0 0
P 69 24 255 0 0
P 70 24 255 0 0
P 71 24 0 0 255
P 72 24 0 0 255
P 73 24 0 0 255
P 74 24 0 0 255
P 75 24 0 0 255
P 76 24 0 0 255
P 77 24 0 255 0
P 78 24 0 255 0
P 79 24 0 255 0
P 80 24 0 255 0
P 81 24 0 255 0
P 82 24 0 255 0
P 83 24 0 255 0
P 84 24 0 255 0
P 85 24 0 255 0
P 86 24 0 255 0
P 87 24 0 255 0
P 88 24 255 255 0
P 89 24 255 255 0
P 90 24 255 255 0
P 91 24 255 255 0
P 92 24 255 255 0
P 93 24 255 255 0
P 94 24 255 0 0
P 95 24 255 0 0
P 96 24 255 0 0
P 97 24 255 0 0
P 98 24 255 0 0
P 99 24 255 0 0
P 100 24 255 0 0
P 101 24 255 0 0
P 102 24 255 0 0
P 103 24 255 0 0
P 104 24 255 0 0
P 105 24 0 0 255
P 106 24 0 0 255
P 107 24 0 0 255
P 108 24 0 0 255
P 109 24 0 0 255
P 110 24 0 0 255
P 111 24 0 255 0
P 112 24 0 255 0
P 113 24 0 255 0
P 114 24 0 255 0
P 115 24 0 255 0
P 116 24 0 255 0
P 117 24 0 255 0
P 118 24 0 255 0
P 119 24 0 255 0
P 120 24 0 255 0
P 121 24 0 255 0
P 122 24 255 255 0
P 123 24 255 255 0
P 124 24 255 255 0
P 125 24 255 255 0
P 126 24 255 255 0
P 127 24 255 255 0
P 128 24 255 0 0
P 129 24 255 0 0
P 130 24 255 0 0
P 131 24 255 0 0
P 132 24 255 0 0
P 133 24 255 0 0
P 134 24 255 0 0
P 135 24 255 0 0
P 136 24 255 0 0
P 137 24 255 0 0
P 138 24 255 0 0
P 139 24 0 0 255
P 140 24 0 0 255
P 141 24 0 0 255
P 142 24 0 0 255
P 143 24 0 0 255
P 144 24 0 0 255
P 145 24 0 255 0
P 146 24 0 255 0
P 147 24 0 255 0
P 148 24 0 255 0
P 149 24 0 255 0
P 150 24 0 255 0
P 151 24 0 255 0
P 152 24 0 255 0
P 153 24 0 255 0
P 154 24 0 255 0
P 155 24 0 255 0
P 156 24 255 255 0
P 157 24 255 255 0
P 158 24 255 255 0
P 159 24 255 255 0
P 160 24 255 255 0
P 161 24 255 255 0
P 162 24 255 0 0
P 163 24 255 0 0
P 164 24 255 0 0
P 165 24 255 0 0
P 166 24 255 0 0
P 167 24 255 0 0
P 168 24 255 0 0
P 169 24 255 0 0
P 170 24 255 0 0
P 171 24 255 0 0
P 172 24 255 0 0
P 173 24 0 0 255
P 174 24 0 0 255
P 175 24 0 0 255
P 176 24 0 0 255
P 177 24 0 0 255
P 178 24 0 0 255
P 179 24 0 255 0
P 180 24 0 255 0
P 181 24 0 255 0
P 182 24 0 255 0
P 183 24 0 255 0
P 184 24 0 255 0
P 185 24 0 255 0
P 186 24 0 255 0
P 187 24 0 255 0
P 188 24 0 255 0
P 189 24 0 255 0
P 190 24 255 255 0
P 191 24 255 255 0
P 192 24 255 255 0
P 193 24 255 255 0
P 194 24 255 255 0
P 195 24 255 255 0
P 196 24 255 0 0
P 197 24 255 0 0
P 198 24 255 0 0
P 199 24 255 0 0
P 200 24 255 0 0
P 201 24 255 0 0
P 202 24 255 0 0
P 203 24 255 0 0
P 204 24 255 0 0
P 205 24 255 0 0
P 206 24 255 0 0
P 207 24 0 0 255
P 208 24 0 0 255
P 209 24 0 0 255
P 210 24 0 0 255
P 211 24 0 0 255
P 212 24 0 0 255
P 213 24 0 255 0
P 214 24 0 255 0
P 215 24 0 255 0
P 216 24 0 255 0
P 217 24 0 255 0
P 218 24 0 255 0
P 219 24 0 255 0
P 220 24 0 255 0
P 221 24 0 255 0
P 222 24 0 255 0
P 223 24 0 255 0
P 224 24 255 255 0
P 225 24 255 255 0
P 226 24 255 255 0
P 227 24 255 255 0
P 228 24 255 255 0
P 229 24 255 255 0
P 230 24 255 0 0
P 231 24 255 0 0
P 232 24 255 0 0
P 233 24 255 0 0
P 234 24 255 0 0
P 235 24 255 0 0
P 236 24 255 0 0
P 237 24 255 0 0
P 238 24 255 0 0
P 239 24 255 0 0
P 240 24 255 0 0
P 241 24 0 0 255
P 242 24 0 0 255
P 243 24 0 0 255
P 244 24 0 0 255
P 245 24 0 0 255
P 246 24 0 0 255
P 247 24 0 255 0
P 248 24 0 255 0
P 249 24 0 255 0
P 250 24 0 255 0
P 251 24 0 255 0
P 252 24 0 255 0
P 253 24 0 255 0
P 254 24 0 255 0
P 255 24 0 255 0
P 256 24 0 255 0
P 257 24 0 255 0
P 258 24 255 255 0
P 259 24 255 255 0
P 260 24 255 255 0
P 261 24 255 255 0
P 262 24 255 255 0
P 263 24 255 255 0
P 264 24 255 0 0
P 265 24 255 0 0
P 266 24 255 0 0
P 267 24 255 0 0
P 268 24 255 0 0
P 269 24 255 0 0
P 270 24 255 0 0
P 271 24 255 0 0
P 272 24 255 0 0
P 273 24 255 0 0
P 274 24 255 0 0
P 275 24 0 0 255
P 276 24 0 0 255
P 277 24 0 0 255
P 278 24 0 0 255
P 279 24 0 0 255
P 280 24 0 0 255
P 281 24 0 255 0
P 282 24 0 255 0
P 283 24 0 255 0
P 284 24 0 255 0
P 285 24 0 255 0
P 286 24 0 255 0
P 287 24 0 255 0
P 288 24 0 255 0
P 289 24 0 255 0
P 290 24 0 255 0
P 291 24 0 255 0
P 20 25 0 255 0
P 21 25 0 255 0
P 22 25 0 255 0
P 23 25 0 255 0
P 24 25 0 255 0
P 25 25 0 255 0
P 26 25 0 255 0
P 27 25 0 255 0
P 28 25 255 0 0
P 29 25 255 0 0
P 30 25 255 0 0
P 31 25 255 0 0
P 32 25 255 0 0
P 33 25 255 0 0
P 34 25 255 0 0
P 35 25 255 0 0
P 36 25 255 0 0
P 37 25 0 0 255
P 38 25 0 0 255
P 39 25 0 0 255
P 40 25 0 0 255
P 41 25 0 0 255
P 42 25 0 0 255
P 43 25 0 0 255
P 44 25 0 0 255
P 45 25 0 255 0
P 46 25 0 255 0
P 47 25 0 255 0
P 48 25 0 255 0
P 49 25 0 255 0
P 50 25 0 255 0
P 51 25 0 255 0
P 52 25 0 255 0
P 53 25 0 255 0
P 54 25 255 255 0
P 55 25 255 255 0
P 56 25 255 255 0
P 57 25 255 255 0
P 58 25 255 255 0
P 59 25 255 255 0
P 60 25 255 255 0
P 61 25 255 255 0
P 62 25 255 0 0
P 63 25 255 0 0
P 64 25 255 0 0
P 65 25 255 0 0
P 66 25 255 0 0
P 67 25 255 0 0
P 68 25 255 0 0
P 69 25 255 0 0
P 70 25 255 0 0
P 71 25 0 0 255
P 72 25 0 0 255
P 73 25 0 0 255
P 74 25 0 0 255
P 75 25 0 0 255
P 76 25 0 0 255
P 77 25 0 0 255
P 78 25 0 0 255
P 79 25 0 255 0
P 80 25 0 255 0
P 81 25 0 255 0
P 82 25 0 255 0
P 83 25 0 255 0
P 84 25 0 255 0
P 85 25 0 255 0
P 86 25 0 255 0
P 87 25 0 255 0
P 88 25 255 255 0
P 89 25 255 255 0
P 90 25 255 255 0
P 91 25 255 255 0
P 92 25 255 255 0
P 93 25 255 255 0
P 94 25 255 255 0
P 95 25 255 255 0
P 96 25 255 0 0
P 97 25 255 0 0
P 98 25 255 0 0
P 99 25 255 0 0
P 100 25 255 0 0
P 101 25 255 0 0
P 102 25 255 0 0
P 103 25 255 0 0
P 104 25 255 0 0
P 105 25 0 0 255
P 106 25 0 0 255
P 107 25 0 0 255
P 108 25 0 0 255
P 109 25 0 0 255
P 110 25 0 0 255
P 111 25 0 0 255
P 112 25 0 0 255
P 113 25 0 255 0
P 114 25 0 255 0
P 115 25 0 255 0
P 116 25 0 255 0
P 117 25 0 255 0
P 118 25 0 255 0
P 119 25 0 255 0
P 120 25 0 255 0
P 121 25 0 255 0
P 122 25 255 255 0
P 123 25 255 255 0
P 124 25 255 255 0
P 125 25 255 255 0
P 126 25 255 255 0
P 127 25 255 255 0
P 128 25 255 255 0
P 129 25 255 255 0
P 130 25 255 0 0
P 131 25 255 0 0
P 132 25 255 0 0
P 133 25 255 0 0
P 134 25 255 0 0
P 135 25 255 0 0
P 136 25 255 0 0
P 137 25 255 0 0
P 138 25 255 0 0
P 139 25 0 0 255
P 140 25 0 0 255
P 141 25 0 0 255
P 142 25 0 0 255
P 143 25 0 0 255
P 144 25 0 0 255
P 145 25 0 0 255
P 146 25 0 0 255
P 147 25 0 255 0
P 148 25 0 255 0
P 149 25 0 255 0
P 150 25 0 255 0
P 151 25 0 255 0
P 152 25 0 255 0
P 153 25 0 255 0
P 154 25 0 255 0
P 155 25 0 255 0
P 156 25 255 255 0
P 157 25 255 255 0
P 158 25 255 255 0
P 159 25 255 255 0
P 160 25 255 255 0
P 161 25 255 255 0
P 162 25 255 255 0
P 163 25 255 255 0
P 164 25 255 0 0
P 165 25 255 0 0
P 166 25 255 0 0
P 167 25 255 0 0
P 168 25 255 0 0
P 169 25 255 0 0
P 170 25 255 0 0
P 171 25 255 0 0
P 172 25 255 0 0
P 173 25 0 0 255
P 174 25 0 0 255
P 175 25 0 0 255
P 176 25 0 0 255
P 177 25 0 0 255
P 178 25 0 0 255
P 179 25 0 0 255
P 180 25 0 0 255
P 181 25 0 255 0
P 182 25 0 255 0
P 183 25 0 255 0
P 184 25 0 255 0
P 185 25 0 255 0
P 186 25 0 255 0
P 187 25 0 255 0
P 188 25 0 255 0
P 189 25 0 255 0
P 190 25 255 255 0
P 191 25 255 255 0
P 192 25 255 255 0
P 193 25 255 255 0
P 194 25 255 255 0
P 195 25 255 255 0
P 196 25 255 255 0
P 197 25 255 255 0
P 198 25 255 0 0
P 199 25 255 0 0
P 200 25 255 0 0
P 201 25 255 0 0
P 202 25 255 0 0
P 203 25 255 0 0
P 204 25 255 0 0
P 205 25 255 0 0
P 206 25 255 0 0
P 207 25 0 0 255
P 208 25 0 0 255
P 209 25 0 0 255
P 210 25 0 0 255
P 211 25 0 0 255
P 212 25 0 0 255
P 213 25 0 0 255
P 214 25 0 0 255
P 215 25 0 255 0
P 216 25 0 255 0
P 217 25 0 255 0
P 218 25 0 255 0
P 219 25 0 255 0
P 220 25 0 255 0
P 221 25 0 255 0
P 222 25 0 255 0
P 223 25 0 255 0
P 224 25 255 255 0
P 225 25 255 255 0
P 226 25 255 255 0
P 227 25 255 255 0
P 228 25 255 255 0
P 229 25 255 255 0
P 230 25 255 255 0
P 231 25 255 255 0
P 232 25 255 0 0
P 233 25 255 0 0
P 234 25 255 0 0
P 235 25 255 0 0
P 236 25 255 0 0
P 237 25 255 0 0
P 238 25 255 0 0
P 239 25 255 0 0
P 240 25 255 0 0
P 241 25 0 0 255
P 242 25 0 0 255
P 243 25 0 0 255
P 244 25 0 0 255
P 245 25 0 0 255
P 246 25 0 0 255
P 247 25 0 0 255
P 248 25 0 0 255
P 249 25 0 255 0
P 250 25 0 255 0
P 251 25 0 255 0
P 252 25 0 255 0
P 253 25 0 255 0
P 254 25 0 255 0
P 255 25 0 255 0
P 256 25 0 255 0
P 257 25 0 255 0
P 258 25 255 255 0
P 259 25 255 255 0
P 260 25 255 255 0
P 261 25 255 255 0
P 262 25 255 255 0
P 263 25 255 255 0
P 264 25 255 255 0
P 265 25 255 255 0
P 266 25 255 0 0
P 267 25 255 0 0
P 268 25 255 0 0
P 269 25 255 0 0
P 270 25 255 0 0
P 271 25 255 0 0
P 272 25 255 0 0
P 273 25 255 0 0
P 274 25 255 0 0
P 275 25 0 0 255
P 276 25 0 0 255
P 277 25 0 0 255
P 278 25 0 0 255
P 279 25 0 0 255
P 280 25 0 0 255
P 281 25 0 0 255
P 282 25 0 0 255
P 283 25 0 255 0
P 284 25 0 255 0
P 285 25 0 255 0
P 286 25 0 255 0
P 287 25 0 255 0
P 288 25 0 255 0
P 289 25 0 255 0
P 290 25 0 255 0
P 291 25 0 255 0
P 20 26 0 255 0
P 21 26 0 255 0
P 22 26 0 255 0
P 23 26 0 255 0
P 24 26 0 255 0
P 25 26 0 255 0
P 26 26 0 255 0
P 27 26 0 255 0
P 28 26 0 255 0
P 29 26 255 0 0
P 30 26 255 0 0
P 31 26 255 0 0
P 32 26 255 0 0
P 33 26 255 0 0
P 34 26 255 0 0
P 35 26 255 0 0
P 36 26 255 0 0
P 37 26 0 0 255
P 38 26 0 0 255
P 39 26 0 0 255
P 40 26 0 0 255
P 41 26 0 0 255
P 42 26 0 0 255
P 43 26 0 0 255
P 44 26 0 0 255
P 45 26 0 0 255
P 46 26 0 255 0
P 47 26 0 255 0
P 48 26 0 255 0
P 49 26 0 255 0
P 50 26 0 255 0
P 51 26 0 255 0
P 52 26 0 255 0
P 53 26 0 255 0
P 54 26 255 255 0
P 55 26 255 255 0
P 56 26 255 255 0
P 57 26 255 255 0
P 58 26 255 255 0
P 59 26 255 255 0
P 60 26 255 255 0
P 61 26 255 255 0
P 62 26 255 255 0
P 63 26 255 0 0
P 64 26 255 0 0
P 65 26 255 0 0
P 66 26 255 0 0
P 67 26 255 0 0
P 68 26 255 0 0
P 69 26 255 0 0
P 70 26 255 0 0
P 71 26 0 0 255
P 72 26 0 0 255
P 73 26 0 0 255
P 74 26 0 0 255
P 75 26 0 0 255
P 76 26 0 0 255
P 77 26 0 0 255
P 78 26 0 0 255
P 79 26 0 0 255
P 80 26 0 255 0
P 81 26 0 255 0
P 82 26 0 255 0
P 83 26 0 255 0
P 84 26 0 255 0
P 85 26 0 255 0
P 86 26 0 255 0
P 87 26 0 255 0
P 88 26 255 255 0
P 89 26 255 255 0
P 90 26 255 255 0
P 91 26 255 255 0
P 92 26 255 255 0
P 93 26 255 255 0
P 94 26 255 255 0
P 95 26 255 255 0
P 96 26 255 255 0
P 97 26 255 0 0
P 98 26 255 0 0
P 99 26 255 0 0
P 100 26 255 0 0
P 101 26 255 0 0
P 102 26 255 0 0
P 103 26 255 0 0
P 104 26 255 0 0
P 105 26 0 0 255
P 106 26 0 0 255
P 107 26 0 0 255
P 108 26 0 0 255
P 109 26 0 0 255
P 110 26 0 0 255
P 111 26 0 0 255
P 112 26 0 0 255
P 113 26 0 0 255
P 114 26 0 255 0
P 115 26 0 255 0
P 116 26 0 255 0
P 117 26 0 255 0
P 118 26 0 255 0
P 119 26 0 255 0
P 120 26 0 255 0
P 121 26 0 255 0
P 122 26 255 255 0
P 123 26 255 255 0
P 124 26 255 255 0
P 125 26 255 255 0
P 126 26 255 255 0
P 127 26 255 255 0
P 128 26 255 255 0
P 129 26 255 255 0
P 130 26 255 255 0
P 131 26 255 0 0
P 132 26 255 0 0
P 133 26 255 0 0
P 134 26 255 0 0
P 135 26 255 0 0
P 136 26 255 0 0
P 137 26 255 0 0
P 138 26 255 0 0
P 139 26 0 0 255
P 140 26 0 0 255
P 141 26 0 0 255
P 142 26 0 0 255
P 143 26 0 0 255
P 144 26 0 0 255
P 145 26 0 0 255
P 146 26 0 0 255
P 147 26 0 0 255
P 148 26 0 255 0
P 149 26 0 255 0
P 150 26 0 255 0
P 151 26 0 255 0
P 152 26 0 255 0
P 153 26 0 255 0
P 154 26 0 255 0
P 155 26 0 255 0
P 156 26 255 255 0
P 157 26 255 255 0
P 158 26 255 255 0
P 159 26 255 255 0
P 160 26 255 255 0
P 161 26 255 255 0
P 162 26 255 255 0
P 163 26 255 255 0
P 164 26 255 255 0
P 165 26 255 0 0
P 166 26 255 0 0
P 167 26 255 0 0
P 168 26 255 0 0
P 169 26 255 0 0
P 170 26 255 0 0
P 171 26 255 0 0
P 172 26 255 0 0
P 173 26 0 0 255
P 174 26 0 0 255
P 175 26 0 0 255
P 176 26 0 0 255
P 177 26 0 0 255
P 178 26 0 0 255
P 179 26 0 0 255
P 180 26 0 0 255
P 181 26 0 0 255
P 182 26 0 255 0
P 183 26 0 255 0
P 184 26 0 255 0
P 185 26 0 255 0
P 186 26 0 255 0
P 187 26 0 255 0
P 188 26 0 255 0
P 189 26 0 255 0
P 190 26 255 255 0
P 191 26 255 255 0
P 192 26 255 255 0
P 193 26 255 255 0
P 194 26 255 255 0
P 195 26 255 255 0
P 196 26 255 255 0
P 197 26 255 255 0
P 198 26 255 255 0
P 199 26 255 0 0
P 200 26 255 0 0
P 201 26 255 0 0
P 202 26 255 0 0
P 203 26 255 0 0
P 204 26 255 0 0
P 205 26 255 0 0
P 206 26 255 0 0
P 207 26 0 0 255
P 208 26 0 0 255
P 209 26 0 0 255
P 210 26 0 0 255
P 211 26 0 0 255
P 212 26 0 0 255
P 213 26 0 0 255
P 214 26 0 0 255
P 215 26 0 0 255
P 216 26 0 255 0
P 217 26 0 255 0
P 218 26 0 255 0
P 219 26 0 255 0
P 220 26 0 255 0
P 221 26 0 255 0
P 222 26 0 255 0
P 223 26 0 255 0
P 224 26 255 255 0
P 225 26 255 255 0
P 226 26 255 255 0
P 227 26 255 255 0
P 228 26 255 255 0
P 229 26 255 255 0
P 230 26 255 255 0
P 231 26 255 255 0
P 232 26 255 255 0
P 233 26 255 0 0
P 234 26 255 0 0
P 235 26 255 0 0
P 236 26 255 0 0
P 237 26 255 0 0
P 238 26 255 0 0
P 239 26 255 0 0
P 240 26 255 0 0
P 241 26 0 0 255
P 242 26 0 0 255
P 243 26 0 0 255
P 244 26 0 0 255
P 245 26 0 0 255
P 246 26 0 0 255
P 247 26 0 0 255
P 248 26 0 0 255
P 249 26 0 0 255
P 250 26 0 255 0
P 251 26 0 255 0
P 252 26 0 255 0
P 253 26 0 255 0
P 254 26 0 255 0
P 255 26 0 255 0
P 256 26 0 255 0
P 257 26 0 255 0
P 258 26 255 255 0
P 259 26 255 255 0
P 260 26 255 255 0
P 261 26 255 255 0
P 262 26 255 255 0
P 263 26 255 255 0
P 264 26 255 255 0
P 265 26 255 255 0
P 266 26 255 255 0
P 267 26 255 0 0
P 268 26 255 0 0
P 269 26 255 0 0
P 270 26 255 0 0
P 271 26 255 0 0
P 272 26 255 0 0
P 273 26 255 0 0
P 274 26 255 0 0
P 275 26 0 0 255
P 276 26 0 0 255
P 277 26 0 0 255
P 278 26 0 0 255
P 279 26 0 0 255
P 280 26 0 0 255
P 281 26 0 0 255
P 282 26 0 0 255
P 283 26 0 0 255
P 284 26 0 255 0
P 285 26 0 255 0
P 286 26 0 255 0
P 287 26 0 255 0
P 288 26 0 255 0
P 289 26 0 255 0
P 290 26 0 255 0
P 291 26 0 255 0
P 20 27 0 255 0
P 21 27 0 255 0
P 22 27 0 255 0
P 23 27 0 255 0
P 24 27 0 255 0
P 25 27 0 255 0
P 26 27 0 255 0
P 27 27 0 255 0
P 28 27 0 255 0
P 29 27 0 255 0
P 30 27 0 255 0
P 31 27 255 0 0
P 32 27 255 0 0
P 33 27 255 0 0
P 34 27 255 0 0
P 35 27 255 0 0
P 36 27 255 0 0
P 37 27 0 0 255
P 38 27 0 0 255
P 39 27 0 0 255
P 40 27 0 0 255
P 41 27 0 0 255
P 42 27 0 0 255
P 43 27 0 0 255
P 44 27 0 0 255
P 45 27 0 0 255
P 46 27 0 0 255
P 47 27 0 255 0
P 48 27 0 255 0
P 49 27 0 255 0
P 50 27 0 255 0
P 51 27 0 255 0
P 52 27 0 255 0
P 53 27 0 255 0
P 54 27 255 255 0
P 55 27 255 255 0
P 56 27 255 255 0
P 57 27 255 255 0
P 58 27 255 255 0
P 59 27 255 255 0
P 60 27 255 255 0
P 61 27 255 255 0
P 62 27 255 255 0
P 63 27 255 255 0
P 64 27 255 255 0
P 65 27 255 0 0
P 66 27 255 0 0
P 67 27 255 0 0
P 68 27 255 0 0
P 69 27 255 0 0
P 70 27 255 0 0
P 71 27 0 0 255
P 72 27 0 0 255
P 73 27 0 0 255
P 74 27 0 0 255
P 75 27 0 0 255
P 76 27 0 0 255
P 77 27 0 0 255
P 78 27 0 0 255
P 79 27 0 0 255
P 80 27 0 0 255
P 81 27 0 0 255
P 82 27 0 255 0
P 83 27 0 255 0
P 84 27 0 255 0
P 85 27 0 255 0
P 86 27 0 255 0
P 87 27 0 255 0
P 88 27 255 255 0
P 89 27 255 255 0
P 90 27 255 255 0
P 91 27 255 255 0
P 92 27 255 255 0
P 93 27 255 255 0
P 94 27 255 255 0
P 95 27 255 255 0
P 96 27 255 255 0
P 97 27 255 255 0
P 98 27 255 0 0
P 99 27 255 0 0
P 100 27 255 0 0
P 101 27 255 0 0
P 102 27 255 0 0
P 103 27 255 0 0
P 104 27 255 0 0
P 105 27 0 0 255
P 106 27 0 0 255
P 107 27 0 0 255
P 108 27 0 0 255
P 109 27 0 0 255
P 110 27 0 0 255
P 111 27 0 0 255
P 112 27 0 0 255
P 113 27 0 0 255
P 114 27 0 0 255
P 115 27 0 0 255
P 116 27 0 255 0
P 117 27 0 255 0
P 118 27 0 255 0
P 119 27 0 255 0
P 120 27 0 255 0
P 121 27 0 255 0
P 122 27 255 255 0
P 123 27 255 255 0
P 124 27 255 255 0
P 125 27 255 255 0
P 126 27 255 255 0
P 127 27 255 255 0
P 128 27 255 255 0
P 129 27 255 255 0
P 130 27 255 255 0
P 131 27 255 255 0
P 132 27 255 255 0
P 133 27 255 0 0
P 134 27 255 0 0
P 135 27 255 0 0
P 136 27 255 0 0
P 137 27 255 0 0
P 138 27 255 0 0
P 139 27 0 0 255
P 140 27 0 0 255
P 141 27 0 0 255
P 142 27 0 0 255
P 143 27 0 0 255
P 144 27 0 0 255
P 145 27 0 0 255
P 146 27 0 0 255
P 147 27 0 0 255
P 148 27 0 0 255
P 149 27 0 255 0
P 150 27 0 255 0
P 151 27 0 255 0
P 152 27 0 255 0
P 153 27 0 255 0
P 154 27 0 255 0
P 155 27 0 255 0
P 156 27 255 255 0
P 157 27 255 255 0
P 158 27 255 255 0
P 159 27 255 255 0
P 160 27 255 255 0
P 161 27 255 255 0
P 162 27 255 255 0
P 163 27 255 255 0
P 164 27 255 255 0
P 165 27 255 255 0
P 166 27 255 0 0
P 167 27 255 0 0
P 168 27 255 0 0
P 169 27 255 0 0
P 170 27 255 0 0
P 171 27 255 0 0
P 172 27 255 0 0
P 173 27 0 0 255
P 174 27 0 0 255
P 175 27 0 0 255
P 176 27 0 0 255
P 177 27 0 0 255
P 178 27 0 0 255
P 179 27 0 0 255
P 180 27 0 0 255
P 181 27 0 0 255
P 182 27 0 0 255
P 183 27 0 0 255
P 184 27 0 255 0
P 185 27 0 255 0
P 186 27 0 255 0
P 187 27 0 255 0
P 188 27 0 255 0
P 189 27 0 255 0
P 190 27 255 255 0
P 191 27 255 255 0
P 192 27 255 255 0
P 193 27 255 255 0
P 194 27 255 255 0
P 195 27 255 255 0
P 196 27 255 255 0
P 197 27 255 255 0
P 198 27 255 255 0
P 199 27 255 255 0
P 200 27 255 0 0
P 201 27 255 0 0
P 202 27 255 0 0
P 203 27 255 0 0
P 204 27 255 0 0
P 205 27 255 0 0
P 206 27 255 0 0
P 207 27 0 0 255
P 208 27 0 0 255
P 209 27 0 0 255
P 210 27 0 0 255
P 211 27 0 0 255
P 212 27 0 0 255
P 213 27 0 0 255
P 214 27 0 0 255
P 215 27 0 0 255
P 216 27 0 0 255
P 217 27 0 0 255
P 218 27 0 255 0
P 219 27 0 255 0
P 220 27 0 255 0
P 221 27 0 255 0
P 222 27 0 255 0
P 223 27 0 255 0
P 224 27 255 255 0
P 225 27 255 255 0
P 226 27 255 255 0
P 227 27 255 255 0
P 228 27 255 255 0
P 229 27 255 255 0
P 230 27 255 255 0
P 231 27 255 255 0
P 232 27 255 255 0
P 233 27 255 255 0
P 234 27 255 0 0
P 235 27 255 0 0
P 236 27 255 0 0
P 237 27 255 0 0
P 238 27 255 0 0
P 239 27 255 0 0
P 240 27 255 0 0
P 241 27 0 0 255
P 242 27 0 0 255
P 243 27 0 0 255
P 244 27 0 0 255
P 245 27 0 0 255
P 246 27 0 0 255
P 247 27 0 0 255
P 248 27 0 0 255
P 249 27 0 0 255
P 250 27 0 0 255
P 251 27 0 255 0
P 252 27 0 255 0
P 253 27 0 255 0
P 254 27 0 255 0
P 255 27 0 255 0
P 256 27 0 255 0
P 257 27 0 255 0
P 258 27 255 255 0
P 259 27 255 255 0
P 260 27 255 255 0
P 261 27 255 255 0
P 262 27 255 255 0
P 263 27 255 255 0
P 264 27 255 255 0
P 265 27 255 255 0
P 266 27 255 255 0
P 267 27 255 255 0
P 268 27 255 0 0
P 269 27 255 0 0
P 270 27 255 0 0
P 271 27 255 0 0
P 272 27 255 0 0
P 273 27 255 0 0
P 274 27 255 0 0
P 275 27 0 0 255
P 276 27 0 0 255
P 277 27 0 0 255
P 278 27 0 0 255
P 279 27 0 0 255
P 280 27 0 0 255
P 281 27 0 0 255
P 282 27 0 0 255
P 283 27 0 0 255
P 284 27 0 0 255
P 285 27 0 0 255
P 286 27 0 255 0
P 287 27 0 255 0
P 288 27 0 255 0
P 289 27 0 255 0
P 290 27 0 255 0
P 291 27 0 255 0
P 20 28 0 255 0
P 21 28 0 255 0
P 22 28 0 255 0
P 23 28 0 255 0
P 24 28 0 255 0
P 25 28 0 255 0
P 26 28 0 255 0
P 27 28 0 255 0
P 28 28 0 255 0
P 29 28 0 255 0
P 30 28 0 255 0
P 31 28 0 255 0
P 32 28 255 0 0
P 33 28 255 0 0
P 34 28 255 0 0
P 35 28 255 0 0
P 36 28 255 0 0
P 37 28 0 0 255
P 38 28 0 0 255
P 39 28 0 0 255
P 40 28 0 0 255
P 41 28 0 0 255
P 42 28 0 0 255
P 43 28 0 0 255
P 44 28 0 0 255
P 45 28 0 0 255
P 46 28 0 0 255
P 47 28 0 0 255
P 48 28 0 0 255
P 49 28 0 255 0
P 50 28 0 255 0
P 51 28 0 255 0
P 52 28 0 255 0
P 53 28 0 255 0
P 54 28 255 255 0
P 55 28 255 255 0
P 56 28 255 255 0
P 57 28 255 255 0
P 58 28 255 255 0
P 59 28 255 255 0
P 60 28 255 255 0
P 61 28 255 255 0
P 62 28 255 255 0
P 63 28 255 255 0
P 64 28 255 255 0
P 65 28 255 255 0
P 66 28 255 0 0
P 67 28 255 0 0
P 68 28 255 0 0
P 69 28 255 0 0
P 70 28 255 0 0
P 71 28 0 0 255
P 72 28 0 0 255
P 73 28 0 0 255
P 74 28 0 0 255
P 75 28 0 0 255
P 76 28 0 0 255
P 77 28 0 0 255
P 78 28 0 0 255
P 79 28 0 0 255
P 80 28 0 0 255
P 81 28 0 0 255
P 82 28 0 0 255
P 83 28 0 255 0
P 84 28 0 255 0
P 85 28 0 255 0
P 86 28 0 255 0
P 87 28 0 255 0
P 88 28 255 255 0
P 89 28 255 255 0
P 90 28 255 255 0
P 91 28 255 255 0
P 92 28 255 255 0
P 93 28 255 255 0
P 94 28 255 255 0
P 95 28 255 255 0
P 96 28 255 255 0
P 97 28 255 255 0
P 98 28 255 255 0
P 99 28 255 255 0
P 100 28 255 0 0
P 101 28 255 0 0
P 102 28 255 0 0
P 103 28 255 0 0
P 104 28 255 0 0
P 105 28 0 0 255
P 106 28 0 0 255
P 107 28 0 0 255
P 108 28 0 0 255
P 109 28 0 0 255
P 110 28 0 0 255
P 111 28 0 0 255
P 112 28 0 0 255
P 113 28 0 0 255
P 114 28 0 0 255
P 115 28 0 0 255
P 116 28 0 0 255
P 117 28 0 255 0
P 118 28 0 255 0
P 119 28 0 255 0
P 120 28 0 255 0
P 121 28 0 255 0
P 122 28 255 255 0
P 123 28 255 255 0
P 124 28 255 255 0
P 125 28 255 255 0
P 126 28 255 255 0
P 127 28 255 255 0
P 128 28 255 255 0
P 129 28 255 255 0
P 130 28 255 255 0
P 131 28 255 255 0
P 132 28 255 255 0
P 133 28 255 255 0
P 134 28 255 0 0
P 135 28 255 0 0
P 136 28 255 0 0
P 137 28 255 0 0
P 138 28 255 0 0
P 139 28 0 0 255
P 140 28 0 0 255
P 141 28 0 0 255
P 142 28 0 0 255
P 143 28 0 0 255
P 144 28 0 0 255
P 145 28 0 0 255
P 146 28 0 0 255
P 147 28 0 0 255
P 148 28 0 0 255
P 149 28 0 0 255
P 150 28 0 0 255
P 151 28 0 255 0
P 152 28 0 255 0
P 153 28 0 255 0
P 154 28 0 255 0
P 155 28 0 255 0
P 156 28 255 255 0
P 157 28 255 255 0
P 158 28 255 255 0
P 159 28 255 255 0
P 160 28 255 255 0
P 161 28 255 255 0
P 162 28 255 255 0
P 163 28 255 255 0
P 164 28 255 255 0
P 165 28 255 255 0
P 166 28 255 255 0
P 167 28 255 255 0
P 168 28 255 0 0
P 169 28 255 0 0
P 170 28 255 0 0
P 171 28 255 0 0
P 172 28 255 0 0
P 173 28 0 0 255
P 174 28 0 0 255
P 175 28 0 0 255
P 176 28 0 0 255
P 177 28 0 0 255
P 178 28 0 0 255
P 179 28 0 0 255
P 180 28 0 0 255
P 181 28 0 0 255
P 182 28 0 0 255
P 183 28 0 0 255
P 184 28 0 0 255
P 185 28 0 255 0
P 186 28 0 255 0
P 187 28 0 255 0
P 188 28 0 255 0
P 189 28 0 255 0
P 190 28 255 255 0
P 191 28 255 255 0
P 192 28 255 255 0
P 193 28 255 255 0
P 194 28 255 255 0
P 195 28 255 255 0
P 196 28 255 255 0
P 197 28 255 255 0
P 198 28 255 255 0
P 199 28 255 255 0
P 200 28 255 255 0
P 201 28 255 255 0
P 202 28 255 0 0
P 203 28 255 0 0
P 204 28 255 0 0
P 205 28 255 0 0
P 206 28 255 0 0
P 207 28 0 0 255
P 208 28 0 0 255
P 209 28 0 0 255
P 210 28 0 0 255
P 211 28 0 0 255
P 212 28 0 0 255
P 213 28 0 0 255
P 214 28 0 0 255
P 215 28 0 0 255
P 216 28 0 0 255
P 217 28 0 0 255
P 218 28 0 0 255
P 219 28 0 255 0
P 220 28 0 255 0
P 221 28 0 255 0
P 222 28 0 255 0
P 223 28 0 255 0
P 224 28 255 255 0
P 225 28 255 255 0
P 226 28 255 255 0
P 227 28 255 255 0
P 228 28 255 255 0
P 229 28 255 255 0
P 230 28 255 255 0
P 231 28 255 255 0
P 232 28 255 255 0
P 233 28 255 255 0
P 234 28 255 255 0
P 235 28 255 255 0
P 236 28 255 0 0
P 237 28 255 0 0
P 238 28 255 0 0
P 239 28 255 0 0
P 240 28 255 0 0
P 241 28 0 0 255
P 242 28 0 0 255
P 243 28 0 0 255
P 244 28 0 0 255
P 245 28 0 0 255
P 246 28 0 0 255
P 247 28 0 0 255
P 248 28 0 0 255
P 249 28 0 0 255
P 250 28 0 0 255
P 251 28 0 0 255
P 252 28 0 0 255
P 253 28 0 255 0
P 254 28 0 255 0
P 255 28 0 255 0
P 256 28 0 255 0
P 257 28 0 255 0
P 258 28 255 255 0
P 259 28 255 255 0
P 260 28 255 255 0
P 261 28 255 255 0
P 262 28 255 255 0
P 263 28 255 255 0
P 264 28 255 255 0
P 265 28 255 255 0
P 266 28 255 255 0
P 267 28 255 255 0
P 268 28 255 255 0
P 269 28 255 255 0
P 270 28 255 0 0
P 271 28 255 0 0
P 272 28 255 0 0
P 273 28 255 0 0
P 274 28 255 0 0
P 275 28 0 0 255
P 276 28 0 0 255
P 277 28 0 0 255
P 278 28 0 0 255
P 279 28 0 0 255
P 280 28 0 0 255
P 281 28 0 0 255
P 282 28 0 0 255
P 283 28 0 0 255
P 284 28 0 0 255
P 285 28 0 0 255
P 286 28 0 0 255
P 287 28 0 255 0
P 288 28 0 255 0
P 289 28 0 255 0
P 290 28 0 255 0
P 291 28 0 255 0
P 20 29 0 255 0
P 21 29 0 255 0
P 22 29 0 255 0
P 23 29 0 255 0
P 24 29 0 255 0
P 25 29 0 255 0
P 26 29 0 255 0
P 27 29 0 255 0
P 28 29 0 255 0
P 29 29 0 255 0
P 30 29 0 255 0
P 31 29 0 255 0
P 32 29 0 255 0
P 33 29 255 0 0
P 34 29 255 0 0
P 35 29 255 0 0
P 36 29 255 0 0
P 37 29 0 0 255
P 38 29 0 0 255
P 39 29 0 0 255
P 40 29 0 0 255
P 41 29 0 0 255
P 42 29 0 0 255
P 43 29 0 0 255
P 44 29 0 0 255
P 45 29 0 0 255
P 46 29 0 0 255
P 47 29 0 0 255
P 48 29 0 0 255
P 49 29 0 0 255
P 50 29 0 255 0
P 51 29 0 255 0
P 52 29 0 255 0
P 53 29 0 255 0
P 54 29 255 255 0
P 55 29 255 255 0
P 56 29 255 255 0
P 57 29 255 255 0
P 58 29 255 255 0
P 59 29 255 255 0
P 60 29 255 255 0
P 61 29 255 255 0
P 62 29 255 255 0
P 63 29 255 255 0
P 64 29 255 255 0
P 65 29 255 255 0
P 66 29 255 255 0
P 67 29 255 0 0
P 68 29 255 0 0
P 69 29 255 0 0
P 70 29 255 0 0
P 71 29 0 0 255
P 72 29 0 0 255
P 73 29 0 0 255
P 74 29 0 0 255
P 75 29 0 0 255
P 76 29 0 0 255
P 77 29 0 0 255
P 78 29 0 0 255
P 79 29 0 0 255
P 80 29 0 0 255
P 81 29 0 0 255
P 82 29 0 0 255
P 83 29 0 0 255
P 84 29 0 255 0
P 85 29 0 255 0
P 86 29 0 255 0
P 87 29 0 255 0
P 88 29 255 255 0
P 89 29 255 255 0
P 90 29 255 255 0
P 91 29 255 255 0
P 92 29 255 255 0
P 93 29 255 255 0
P 94 29 255 255 0
P 95 29 255 255 0
P 96 29 255 255 0
P 97 29 255 255 0
P 98 29 255 255 0
P 99 29 255 255 0
P 100 29 255 255 0
P 101 29 255 0 0
P 102 29 255 0 0
P 103 29 255 0 0
P 104 29 255 0 0
P 105 29 0 0 255
P 106 29 0 0 255
P 107 29 0 0 255
P 108 29 0 0 255
P 109 29 0 0 255
P 110 29 0 0 255
P 111 29 0 0 255
P 112 29 0 0 255
P 113 29 0 0 255
P 114 29 0 0 255
P 115 29 0 0 255
P 116 29 0 0 255
P 117 29 0 0 255
P 118 29 0 255 0
P 119 29 0 255 0
P 120 29 0 255 0
P 121 29 0 255 0
P 122 29 255 255 0
P 123 29 255 255 0
P 124 29 255 255 0
P 125 29 255 255 0
P 126 29 255 255 0
P 127 29 255 255 0
P 128 29 255 255 0
P 129 29 255 255 0
P 130 29 255 255 0
P 131 29 255 255 0
P 132 29 255 255 0
P 133 29 255 255 0
P 134 29 255 255 0
P 135 29 255 255 0
P 136 29 255 0 0
P 137 29 255 0 0
P 138 29 255 0 0
P 139 29 0 0 255
P 140 29 0 0 255
P 141 29 0 0 255
P 142 29 0 0 255
P 143 29 0 0 255
P 144 29 0 0 255
P 145 29 0 0 255
P 146 29 0 0 255
P 147 29 0 0 255
P 148 29 0 0 255
P 149 29 0 0 255
P 150 29 0 0 255
P 151 29 0 0 255
P 152 29 0 255 0
P 153 29 0 255 0
P 154 29 0 255 0
P 155 29 0 255 0
P 156 29 255 255 0
P 157 29 255 255 0
P 158 29 255 255 0
P 159 29 255 255 0
P 160 29 255 255 0
P 161 29 255 255 0
P 162 29 255 255 0
P 163 29 255 255 0
P 164 29 255 255 0
P 165 29 255 255 0
P 166 29 255 255 0
P 167 29 255 255 0
P 168 29 255 255 0
P 169 29 255 0 0
P 170 29 255 0 0
P 171 29 255 0 0
P 172 29 255 0 0
P 173 29 0 0 255
P 174 29 0 0 255
P 175 29 0 0 255
P 176 29 0 0 255
P 177 29 0 0 255
P 178 29 0 0 255
P 179 29 0 0 255
P 180 29 0 0 255
P 181 29 0 0 255
P 182 29 0 0 255
P 183 29 0 0 255
P 184 29 0 0 255
P 185 29 0 0 255
P 186 29 0 255 0
P 187 29 0 255 0
P 188 29 0 255 0
P 189 29 0 255 0
P 190 29 255 255 0
P 191 29 255 255 0
P 192 29 255 255 0
P 193 29 255 255 0
P 194 29 255 255 0
P 195 29 255 255 0
P 196 29 255 255 0
P 197 29 255 255 0
P 198 29 255 255 0
P 199 29 255 255 0
P 200 29 255 255 0
P 201 29 255 255 0
P 202 29 255 255 0
P 203 29 255 0 0
P 204 29 255 0 0
P 205 29 255 0 0
P 206 29 255 0 0
P 207 29 0 0 255
P 208 29 0 0 255
P 209 29 0 0 255
P 210 29 0 0 255
P 211 29 0 0 255
P 212 29 0 0 255
P 213 29 0 0 255
P 214 29 0 0 255
P 215 29 0 0 255
P 216 29 0 0 255
P 217 29 0 0 255
P 218 29 0 0 255
P 219 29 0 0 255
P 220 29 0 0 255
P 221 29 0 255 0
P 222 29 0 255 0
P 223 29 0 255 0
P 224 29 255 255 0
P 225 29 255 255 0
P 226 29 255 255 0
P 227 29 255 255 0
P 228 29 255 255 0
P 229 29 255 255 0
P 230 29 255 255 0
P 231 29 255 255 0
P 232 29 255 255 0
P 233 29 255 255 0
P 234 29 255 255 0
P 235 29 255 255 0
P 236 29 255 255 0
P 237 29 255 0 0
P 238 29 255 0 0
P 239 29 255 0 0
P 240 29 255 0 0
P 241 29 0 0 255
P 242 29 0 0 255
P 243 29 0 0 255
P 244 29 0 0 255
P 245 29 0 0 255
P 246 29 0 0 255
P 247 29 0 0 255
P 248 29 0 0 255
P 249 29 0 0 255
P 250 29 0 0 255
P 251 29 0 0 255
P 252 29 0 0 255
P 253 29 0 0 255
P 254 29 0 255 0
P 255 29 0 255 0
P 256 29 0 255 0
P 257 29 0 255 0
P 258 29 255 255 0
P 259 29 255 255 0
P 260 29 255 255 0
P 261 29 255 255 0
P 262 29 255 255 0
P 263 29 255 255 0
P 264 29 255 255 0
P 265 29 255 255 0
P 266 29 255 255 0
P 267 29 255 255 0
P 268 29 255 255 0
P 269 29 255 255 0
P 270 29 255 255 0
P 271 29 255 0 0
P 272 29 255 0 0
P 273 29 255 0 0
P 274 29 255 0 0
P 275 29 0 0 255
P 276 29 0 0 255
P 277 29 0 0 255
P 278 29 0 0 255
P 279 29 0 0 255
P 280 29 0 0 255
P 281 29 0 0 255
P 282 29 0 0 255
P 283 29 0 0 255
P 284 29 0 0 255
P 285 29 0 0 255
P 286 29 0 0 255
P 287 29 0 0 255
P 288 29 0 0 255
P 289 29 0 255 0
P 290 29 0 255 0
P 291 29 0 255 0
P 20 30 0 255 0
P 21 30 0 255 0
P 22 30 0 255 0
P 23 30 0 255 0
P 24 30 0 255 0
P 25 30 0 255 0
P 26 30 0 255 0
P 27 30 0 255 0
P 28 30 0 255 0
P 29 30 0 255 0
P 30 30 0 255 0
P 31 30 0 255 0
P 32 30 0 255 0
P 33 30 0 255 0
P 34 30 0 255 0
P 35 30 255 0 0
P 36 30 255 0 0
P 37 30 0 0 255
P 38 30 0 0 255
P 39 30 0 0 255
P 40 30 0 0 255
P 41 30 0 0 255
P 42 30 0 0 255
P 43 30 0 0 255
P 44 30 0 0 255
P 45 30 0 0 255
P 46 30 0 0 255
P 47 30 0 0 255
P 48 30 0 0 255
P 49 30 0 0 255
P 50 30 0 0 255
P 51 30 0 255 0
P 52 30 0 255 0
P 53 30 0 255 0
P 54 30 255 255 0
P 55 30 255 255 0
P 56 30 255 255 0
P 57 30 255 255 0
P 58 30 255 255 0
P 59 30 255 255 0
P 60 30 255 255 0
P 61 30 255 255 0
P 62 30 255 255 0
P 63 30 255 255 0
P 64 30 255 255 0
P 65 30 255 255 0
P 66 30 255 255 0
P 67 30 255 255 0
P 68 30 255 255 0
P 69 30 255 0 0
P 70 30 255 0 0
P 71 30 0 0 255
P 72 30 0 0 255
P 73 30 0 0 255
P 74 30 0 0 255
P 75 30 0 0 255
P 76 30 0 0 255
P 77 30 0 0 255
P 78 30 0 0 255
P 79 30 0 0 255
P 80 30 0 0 255
P 81 30 0 0 255
P 82 30 0 0 255
P 83 30 0 0 255
P 84 30 0 0 255
P 85 30 0 0 255
P 86 30 0 255 0
P 87 30 0 255 0
P 88 30 255 255 0
P 89 30 255 255 0
P 90 30 255 255 0
P 91 30 255 255 0
P 92 30 255 255 0
P 93 30 255 255 0
P 94 30 255 255 0
P 95 30 255 255 0
P 96 30 255 255 0
P 97 30 255 255 0
P 98 30 255 255 0
P 99 30 255 255 0
P 100 30 255 255 0
P 101 30 255 255 0
P 102 30 255 255 0
P 103 30 255 0 0
P 104 30 255 0 0
P 105 30 0 0 255
P 106 30 0 0 255
P 107 30 0 0 255
P 108 30 0 0 255
P 109 30 0 0 255
P 110 30 0 0 255
P 111 30 0 0 255
P 112 30 0 0 255
P 113 30 0 0 255
P 114 30 0 0 255
P 115 30 0 0 255
P 116 30 0 0 255
P 117 30 0 0 255
P 118 30 0 0 255
P 119 30 0 0 255
P 120 30 0 255 0
P 121 30 0 255 0
P 122 30 255 255 0
P 123 30 255 255 0
P 124 30 255 255 0
P 125 30 255 255 0
P 126 30 255 255 0
P 127 30 255 255 0
P 128 30 255 255 0
P 129 30 255 255 0
P 130 30 255 255 0
P 131 30 255 255 0
P 132 30 255 255 0
P 133 30 255 255 0
P 134 30 255 255 0
P 135 30 255 255 0
P 136 30 255 255 0
P 137 30 255 0 0
P 138 30 255 0 0
P 139 30 0 0 255
P 140 30 0 0 255
P 141 30 0 0 255
P 142 30 0 0 255
P 143 30 0 0 255
P 144 30 0 0 255
P 145 30 0 0 255
P 146 30 0 0 255
P 147 30 0 0 255
P 148 30 0 0 255
P 149 30 0 0 255
P 150 30 0 0 255
P 151 30 0 0 255
P 152 30 0 0 255
P 153 30 0 0 255
P 154 30 0 255 0
P 155 30 0 255 0
P 156 30 255 255 0
P 157 30 255 255 0
P 158 30 255 255 0
P 159 30 255 255 0
P 160 30 255 255 0
P 161 30 255 255 0
P 162 30 255 255 0
P 163 30 255 255 0
P 164 30 255 255 0
P 165 30 255 255 0
P 166 30 255 255 0
P 167 30 255 255 0
P 168 30 255 255 0
P 169 30 255 255 0
P 170 30 255 255 0
P 171 30 255 0 0
P 172 30 255 0 0
P 173 30 0 0 255
P 174 30 0 0 255
P 175 30 0 0 255
P 176 30 0 0 255
P 177 30 0 0 255
P 178 30 0 0 255
P 179 30 0 0 255
P 180 30 0 0 255
P 181 30 0 0 255
P 182 30 0 0 255
P 183 30 0 0 255
P 184 30 0 0 255
P 185 30 0 0 255
P 186 30 0 0 255
P 187 30 0 0 255
P 188 30 0 255 0
P 189 30 0 255 0
P 190 30 255 255 0
P 191 30 255 255 0
P 192 30 255 255 0
P 193 30 255 255 0
P 194 30 255 255 0
P 195 30 255 255 0
P 196 30 255 255 0
P 197 30 255 255 0
P 198 30 255 255 0
P 199 30 255 255 0
P 200 30 255 255 0
P 201 30 255 255 0
P 202 30 255 255 0
P 203 30 255 255 0
P 204 30 255 255 0
P 205 30 255 0 0
P 206 30 255 0 0
P 207 30 0 0 255
P 208 30 0 0 255
P 209 30 0 0 255
P 210 30 0 0 255
P 211 30 0 0 255
P 212 30 0 0 255
P 213 30 0 0 255
P 214 30 0 0 255
P 215 30 0 0 255
P 216 30 0 0 255
P 217 30 0 0 255
P 218 30 0 0 255
P 219 30 0 0 255
P 220 30 0 0 255
P 221 30 0 0 255
P 222 30 0 255 0
P 223 30 0 255 0
P 224 30 255 255 0
P 225 30 255 255 0
P 226 30 255 255 0
P 227 30 255 255 0
P 228 30 255 255 0
P 229 30 255 255 0
P 230 30 255 255 0
P 231 30 255 255 0
P 232 30 255 255 0
P 233 30 255 255 0
P 234 30 255 255 0
P 235 30 255 255 0
P 236 30 255 255 0
P 237 30 255 255 0
P 238 30 255 255 0
P 239 30 255 0 0
P 240 30 255 0 0
P 241 30 0 0 255
P 242 30 0 0 255
P 243 30 0 0 255
P 244 30 0 0 255
P 245 30 0 0 255
P 246 30 0 0 255
P 247 30 0 0 255
P 248 30 0 0 255
P 249 30 0 0 255
P 250 30 0 0 255
P 251 30 0 0 255
P 252 30 0 0 255
P 253 30 0 0 255
P 254 30 0 0 255
P 255 30 0 0 255
P 256 30 0 255 0
P 257 30 0 255 0
P 258 30 255 255 0
P 259 30 255 255 0
P 260 30 255 255 0
P 261 30 255 255 0
P 262 30 255 255 0
P 263 30 255 255 0
P 264 30 255 255 0
P 265 30 255 255 0
P 266 30 255 255 0
P 267 30 255 255 0
P 268 30 255 255 0
P 269 30 255 255 0
P 270 30 255 255 0
P 271 30 255 255 0
P 272 30 255 255 0
P 273 30 255 0 0
P 274 30 255 0 0
P 275 30 0 0 255
P 276 30 0 0 255
P 277 30 0 0 255
P 278 30 0 0 255
P 279 30 0 0 255
P 280 30 0 0 255
P 281 30 0 0 255
P 282 30 0 0 255
P 283 30 0 0 255
P 284 30 0 0 255
P 285 30 0 0 255
P 286 30 0 0 255
P 287 30 0 0 255
P 288 30 0 0 255
P 289 30 0 0 255
P 290 30 0 255 0
P 291 30 0 255 0
P 20 31 0 255 0
P 21 31 0 255 0
P 22 31 0 255 0
P 23 31 0 255 0
P 24 31 0 255 0
P 25 31 0 255 0
P 26 31 0 255 0
P 27 31 0 255 0
P 28 31 0 255 0
P 29 31 0 255 0
P 30 31 0 255 0
P 31 31 0 255 0
P 32 31 0 255 0
P 33 31 0 255 0
P 34 31 0 255 0
P 35 31 0 255 0
P 36 31 255 0 0
P 37 31 0 0 255
P 38 31 0 0 255
P 39 31 0 0 255
P 40 31 0 0 255
P 41 31 0 0 255
P 42 31 0 0 255
P 43 31 0 0 255
P 44 31 0 0 255
P 45 31 0 0 255
P 46 31 0 0 255
P 47 31 0 0 255
P 48 31 0 0 255
P 49 31 0 0 255
P 50 31 0 0 255
P 51 31 0 0 255
P 52 31 0 0 255
P 53 31 0 255 0
P 54 31 255 255 0
P 55 31 255 255 0
P 56 31 255 255 0
P 57 31 255 255 0
P 58 31 255 255 0
P 59 31 255 255 0
P 60 31 255 255 0
P 61 31 255 255 0
P 62 31 255 255 0
P 63 31 255 255 0
P 64 31 255 255 0
P 65 31 255 255 0
P 66 31 255 255 0
P 67 31 255 255 0
P 68 31 255 255 0
P 69 31 255 255 0
P 70 31 255 0 0
P 71 31 0 0 255
P 72 31 0 0 255
P 73 31 0 0 255
P 74 31 0 0 255
P 75 31 0 0 255
P 76 31 0 0 255
P 77 31 0 0 255
P 78 31 0 0 255
P 79 31 0 0 255
P 80 31 0 0 255
P 81 31 0 0 255
P 82 31 0 0 255
P 83 31 0 0 255
P 84 31 0 0 255
P 85 31 0 0 255
P 86 31 0 0 255
P 87 31 0 255 0
P 88 31 255 255 0
P 89 31 255 255 0
P 90 31 255 255 0
P 91 31 255 255 0
P 92 31 255 255 0
P 93 31 255 255 0
P 94 31 255 255 0
P 95 31 255 255 0
P 96 31 255 255 0
P 97 31 255 255 0
P 98 31 255 255 0
P 99 31 255 255 0
P 100 31 255 255 0
P 101 31 255 255 0
P 102 31 255 255 0
P 103 31 255 255 0
P 104 31 255 0 0
P 105 31 0 0 255
P 106 31 0 0 255
P 107 31 0 0 255
P 108 31 0 0 255
P 109 31 0 0 255
P 110 31 0 0 255
P 111 31 0 0 255
P 112 31 0 0 255
P 113 31 0 0 255
P 114 31 0 0 255
P 115 31 0 0 255
P 116 31 0 0 255
P 117 31 0 0 255
P 118 31 0 0 255
P 119 31 0 0 255
P 120 31 0 0 255
P 121 31 0 255 0
P 122 31 255 255 0
P 123 31 255 255 0
P 124 31 255 255 0
P 125 31 255 255 0
P 126 31 255 255 0
P 127 31 255 255 0
P 128 31 255 255 0
P 129 31 255 255 0
P 130 31 255 255 0
P 131 31 255 255 0
P 132 31 255 255 0
P 133 31 255 255 0
P 134 31 255 255 0
P 135 31 255 255 0
P 136 31 255 255 0
P 137 31 255 255 0
P 138 31 255 255 0
P 139 31 0 0 255
P 140 31 0 0 255
P 141 31 0 0 255
P 142 31 0 0 255
P 143 31 0 0 255
P 144 31 0 0 255
P 145 31 0 0 255
P 146 31 0 0 255
P 147 31 0 0 255
P 148 31 0 0 255
P 149 31 0 0 255
P 150 31 0 0 255
P 151 31 0 0 255
P 152 31 0 0 255
P 153 31 0 0 255
P 154 31 0 0 255
P 155 31 0 255 0
P 156 31 255 255 0
P 157 31 255 255 0
P 158 31 255 255 0
P 159 31 255 255 0
P 160 31 255 255 0
P 161 31 255 255 0
P 162 31 255 255 0
P 163 31 255 255 0
P 164 31 255 255 0
P 165 31 255 255 0
P 166 31 255 255 0
P 167 31 255 255 0
P 168 31 255 255 0
P 169 31 255 255 0
P 170 31 255 255 0
P 171 31 255 255 0
P 172 31 255 0 0
P 173 31 0 0 255
P 174 31 0 0 255
P 175 31 0 0 255
P 176 31 0 0 255
P 177 31 0 0 255
P 178 31 0 0 255
P 179 31 0 0 255
P 180 31 0 0 255
P 181 31 0 0 255
P 182 31 0 0 255
P 183 31 0 0 255
P 184 31 0 0 255
P 185 31 0 0 255
P 186 31 0 0 255
P 187 31 0 0 255
P 188 31 0 0 255
P 189 31 0 255 0
P 190 31 255 255 0
P 191 31 255 255 0
P 192 31 255 255 0
P 193 31 255 255 0
P 194 31 255 255 0
P 195 31 255 255 0
P 196 31 255 255 0
P 197 31 255 255 0
P 198 31 255 255 0
P 199 31 255 255 0
P 200 31 255 255 0
P 201 31 255 255 0
P 202 31 255 255 0
P 203 31 255 255 0
P 204 31 255 255 0
P 205 31 255 255 0
P 206 31 255 0 0
P 207 31 0 0 255
P 208 31 0 0 255
P 209 31 0 0 255
P 210 31 0 0 255
P 211 31 0 0 255
P 212 31 0 0 255
P 213 31 0 0 255
P 214 31 0 0 255
P 215 31 0 0 255
P 216 31 0 0 255
P 217 31 0 0 255
P 218 31 0 0 255
P 219 31 0 0 255
P 220 31 0 0 255
P 221 31 0 0 255
P 222 31 0 0 255
P 223 31 0 255 0
P 224 31 255 255 0
P 225 31 255 255 0
P 226 31 255 255 0
P 227 31 255 255 0
P 228 31 255 255 0
P 229 31 255 255 0
P 230 31 255 255 0
P 231 31 255 255 0
P 232 31 255 255 0
P 233 31 255 255 0
P 234 31 255 255 0
P 235 31 255 255 0
P 236 31 255 255 0
P 237 31 255 255 0
P 238 31 255 255 0
P 239 31 255 255 0
P 240 31 255 0 0
P 241 31 0 0 255
P 242 31 0 0 255
P 243 31 0 0 255
P 244 31 0 0 255
P 245 31 0 0 255
P 246 31 0 0 255
P 247 31 0 0 255
P 248 31 0 0 255
P 249 31 0 0 255
P 250 31 0 0 255
P 251 31 0 0 255
P 252 31 0 0 255
P 253 31 0 0 255
P 254 31 0 0 255
P 255 31 0 0 255
P 256 31 0 0 255
P 257 31 0 255 0
P 258 31 255 255 0
P 259 31 255 255 0
P 260 31 255 255 0
P 261 31 255 255 0
P 262 31 255 255 0
P 263 31 255 255 0
P 264 31 255 255 0
P 265 31 255 255 0
P 266 31 255 255 0
P 267 31 255 255 0
P 268 31 255 255 0
P 269 31 255 255 0
P 270 31 255 255 0
P 271 31 255 255 0
P 272 31 255 255 0
P 273 31 255 255 0
P 274 31 255 0 0
P 275 31 0 0 255
P 276 31 0 0 255
P 277 31 0 0 255
P 278 31 0 0 255
P 279 31 0 0 255
P 280 31 0 0 255
P 281 31 0 0 255
P 282 31 0 0 255
P 283 31 0 0 255
P 284 31 0 0 255
P 285 31 0 0 255
P 286 31 0 0 255
P 287 31 0 0 255
P 288 31 0 0 255
P 289 31 0 0 255
P 290 31 0 0 255
P 291 31 0 255 0
P 20 32 255 0 0
P 21 32 255 255 0
P 22 32 255 255 0
P 23 32 255 255 0
P 24 32 255 255 0
P 25 32 255 255 0
P 26 32 255 255 0
P 27 32 255 255 0
P 28 32 255 255 0
P 29 32 255 255 0
P 30 32 255 255 0
P 31 32 255 255 0
P 32 32 255 255 0
P 33 32 255 255 0
P 34 32 255 255 0
P 35 32 255 255 0
P 36 32 255 255 0
P 37 32 0 255 255
P 38 32 255 0 255
P 39 32 255 0 255
P 40 32 255 0 255
P 41 32 255 0 255
P 42 32 255 0 255
P 43 32 255 0 255
P 44 32 255 0 255
P 45 32 255 0 255
P 46 32 255 0 255
P 47 32 255 0 255
P 48 32 255 0 255
P 49 32 255 0 255
P 50 32 255 0 255
P 51 32 255 0 255
P 52 32 255 0 255
P 53 32 255 0 255
P 54 32 0 255 255
P 55 32 0 255 255
P 56 32 0 255 255
P 57 32 0 255 255
P 58 32 0 255 255
P 59 32 0 255 255
P 60 32 0 255 255
P 61 32 0 255 255
P 62 32 0 255 255
P 63 32 0 255 255
P 64 32 0 255 255
P 65 32 0 255 255
P 66 32 0 255 255
P 67 32 0 255 255
P 68 32 0 255 255
P 69 32 0 255 255
P 70 32 0 255 255
P 71 32 0 255 0
P 72 32 255 0 255
P 73 32 255 0 255
P 74 32 255 0 255
P 75 32 255 0 255
P 76 32 255 0 255
P 77 32 255 0 255
P 78 32 255 0 255
P 79 32 255 0 255
P 80 32 255 0 255
P 81 32 255 0 255
P 82 32 255 0 255
P 83 32 255 0 255
P 84 32 255 0 255
P 85 32 255 0 255
P 86 32 255 0 255
P 87 32 255 0 255
P 88 32 255 0 0
P 89 32 0 255 255
P 90 32 0 255 255
P 91 32 0 255 255
P 92 32 0 255 255
P 93 32 0 255 255
P 94 32 0 255 255
P 95 32 0 255 255
P 96 32 0 255 255
P 97 32 0 255 255
P 98 32 0 255 255
P 99 32 0 255 255
P 100 32 0 255 255
P 101 32 0 255 255
P 102 32 0 255 255
P 103 32 0 255 255
P 104 32 0 255 255
P 105 32 0 255 0
P 106 32 255 0 255
P 107 32 255 0 255
P 108 32 255 0 255
P 109 32 255 0 255
P 110 32 255 0 255
P 111 32 255 0 255
P 112 32 255 0 255
P 113 32 255 0 255
P 114 32 255 0 255
P 115 32 255 0 255
P 116 32 255 0 255
P 117 32 255 0 255
P 118 32 255 0 255
P 119 32 255 0 255
P 120 32 255 0 255
P 121 32 255 0 255
P 122 32 255 0 0
P 123 32 0 255 255
P 124 32 0 255 255
P 125 32 0 255 255
P 126 32 0 255 255
P 127 32 0 255 255
P 128 32 0 255 255
P 129 32 0 255 255
P 130 32 0 255 255
P 131 32 0 255 255
P 132 32 0 255 255
P 133 32 0 255 255
P 134 32 0 255 255
P 135 32 0 255 255
P 136 32 0 255 255
P 137 32 0 255 255
P 138 32 0 255 255
P 139 32 0 255 0
P 140 32 255 0 255
P 141 32 255 0 255
P 142 32 255 0 255
P 143 32 255 0 255
P 144 32 255 0 255
P 145 32 255 0 255
P 146 32 255 0 255
P 147 32 255 0 255
P 148 32 255 0 255
P 149 32 255 0 255
P 150 32 255 0 255
P 151 32 255 0 255
P 152 32 255 0 255
P 153 32 255 0 255
P 154 32 255 0 255
P 155 32 255 0 255
P 156 32 255 0 0
P 157 32 0 255 255
P 158 32 0 255 255
P 159 32 0 255 255
P 160 32 0 255 255
P 161 32 0 255 255
P 162 32 0 255 255
P 163 32 0 255 255
P 164 32 0 255 255
P 165 32 0 255 255
P 166 32 0 255 255
P 167 32 0 255 255
P 168 32 0 255 255
P 169 32 0 255 255
P 170 32 0 255 255
P 171 32 0 255 255
P 172 32 0 255 255
P 173 32 0 255 0
P 174 32 255 0 255
P 175 32 255 0 255
P 176 32 255 0 255
P 177 32 255 0 255
P 178 32 255 0 255
P 179 32 255 0 255
P 180 32 255 0 255
P 181 32 255 0 255
P 182 32 255 0 255
P 183 32 255 0 255
P 184 32 255 0 255
P 185 32 255 0 255
P 186 32 255 0 255
P 187 32 255 0 255
P 188 32 255 0 255
P 189 32 255 0 255
P 190 32 0 255 255
P 191 32 0 255 255
P 192 32 0 255 255
P 193 32 0 255 255
P 194 32 0 255 255
P 195 32 0 255 255
P 196 32 0 255 255
P 197 32 0 255 255
P 198 32 0 255 255
P 199 32 0 255 255
P 200 32 0 255 255
P 201 32 0 255 255
P 202 32 0 255 255
P 203 32 0 255 255
P 204 32 0 255 255
P 205 32 0 255 255
P 206 32 0 255 255
P 207 32 255 0 255
P 208 32 255 0 255
P 209 32 255 0 255
P 210 32 255 0 255
P 211 32 255 0 255
P 212 32 255 0 255
P 213 32 255 0 255
P 214 32 255 0 255
P 215 32 255 0 255
P 216 32 255 0 255
P 217 32 255 0 255
P 218 32 255 0 255
P 219 32 255 0 255
P 220 32 255 0 255
P 221 32 255 0 255
P 222 32 255 0 255
P 223 32 255 0 255
P 224 32 255 0 0
P 225 32 0 255 255
P 226 32 0 255 255
P 227 32 0 255 255
P 228 32 0 255 255
P 229 32 0 255 255
P 230 32 0 255 255
P 231 32 0 255 255
P 232 32 0 255 255
P 233 32 0 255 255
P 234 32 0 255 255
P 235 32 0 255 255
P 236 32 0 255 255
P 237 32 0 255 255
P 238 32 0 255 255
P 239 32 0 255 255
P 240 32 0 255 255
P 241 32 0 255 0
P 242 32 255 0 255
P 243 32 255 0 255
P 244 32 255 0 255
P 245 32 255 0 255
P 246 32 255 0 255
P 247 32 255 0 255
P 248 32 255 0 255
P 249 32 255 0 255
P 250 32 255 0 255
P 251 32 255 0 255
P 252 32 255 0 255
P 253 32 255 0 255
P 254 32 255 0 255
P 255 32 255 0 255
P 256 32 255 0 255
P 257 32 255 0 255
P 258 32 0 255 255
P 259 32 0 255 255
P 260 32 0 255 255
P 261 32 0 255 255
P 262 32 0 255 255
P 263 32 0 255 255
P 264 32 0 255 255
P 265 32 0 255 255
P 266 32 0 255 255
P 267 32 0 255 255
P 268 32 0 255 255
P 269 32 0 255 255
P 270 32 0 255 255
P 271 32 0 255 255
P 272 32 0 255 255
P 273 32 0 255 255
P 274 32 0 255 255
P 275 32 255 0 255
P 276 32 255 0 255
P 277 32 255 0 255
P 278 32 255 0 255
P 279 32 255 0 255
P 280 32 255 0 255
P 281 32 255 0 255
P 282 32 255 0 255
P 283 32 255 0 255
P 284 32 255 0 255
P 285 32 255 0 255
P 286 32 255 0 255
P 287 32 255 0 255
P 288 32 255 0 255
P 289 32 255 0 255
P 290 32 255 0 255
P 291 32 255 0 255
P 20 33 255 0 0
P 21 33 255 0 0
P 22 33 255 255 0
P 23 33 255 255 0
P 24 33 255 255 0
P 25 33 255 255 0
P 26 33 255 255 0
P 27 33 255 255 0
P 28 33 255 255 0
P 29 33 255 255 0
P 30 33 255 255 0
P 31 33 255 255 0
P 32 33 255 255 0
P 33 33 255 255 0
P 34 33 255 255 0
P 35 33 255 255 0
P 36 33 255 255 0
P 37 33 0 255 255
P 38 33 0 255 255
P 39 33 255 0 255
P 40 33 255 0 255
P 41 33 255 0 255
P 42 33 255 0 255
P 43 33 255 0 255
P 44 33 255 0 255
P 45 33 255 0 255
P 46 33 255 0 255
P 47 33 255 0 255
P 48 33 255 0 255
P 49 33 255 0 255
P 50 33 255 0 255
P 51 33 255 0 255
P 52 33 255 0 255
P 53 33 255 0 255
P 54 33 255 0 0
P 55 33 255 0 0
P 56 33 0 255 255
P 57 33 0 255 255
P 58 33 0 255 255
P 59 33 0 255 255
P 60 33 0 255 255
P 61 33 0 255 255
P 62 33 0 255 255
P 63 33 0 255 255
P 64 33 0 255 255
P 65 33 0 255 255
P 66 33 0 255 255
P 67 33 0 255 255
P 68 33 0 255 255
P 69 33 0 255 255
P 70 33 0 255 255
P 71 33 0 255 0
P 72 33 0 255 0
P 73 33 255 0 255
P 74 33 255 0 255
P 75 33 255 0 255
P 76 33 255 0 255
P 77 33 255 0 255
P 78 33 255 0 255
P 79 33 255 0 255
P 80 33 255 0 255
P 81 33 255 0 255
P 82 33 255 0 255
P 83 33 255 0 255
P 84 33 255 0 255
P 85 33 255 0 255
P 86 33 255 0 255
P 87 33 255 0 255
P 88 33 255 0 0
P 89 33 255 0 0
P 90 33 0 255 255
P 91 33 0 255 255
P 92 33 0 255 255
P 93 33 0 255 255
P 94 33 0 255 255
P 95 33 0 255 255
P 96 33 0 255 255
P 97 33 0 255 255
P 98 33 0 255 255
P 99 33 0 255 255
P 100 33 0 255 255
P 101 33 0 255 255
P 102 33 0 255 255
P 103 33 0 255 255
P 104 33 0 255 255
P 105 33 0 255 0
P 106 33 0 255 0
P 107 33 255 0 255
P 108 33 255 0 255
P 109 33 255 0 255
P 110 33 255 0 255
P 111 33 255 0 255
P 112 33 255 0 255
P 113 33 255 0 255
P 114 33 255 0 255
P 115 33 255 0 255
P 116 33 255 0 255
P 117 33 255 0 255
P 118 33 255 0 255
P 119 33 255 0 255
P 120 33 255 0 255
P 121 33 255 0 255
P 122 33 255 0 0
P 123 33 255 0 0
P 124 33 0 255 255
P 125 33 0 255 255
P 126 33 0 255 255
P 127 33 0 255 255
P 128 33 0 255 255
P 129 33 0 255 255
P 130 33 0 255 255
P 131 33 0 255 255
P 132 33 0 255 255
P 133 33 0 255 255
P 134 33 0 255 255
P 135 33 0 255 255
P 136 33 0 255 255
P 137 33 0 255 255
P 138 33 0 255 255
P 139 33 0 255 0
P 140 33 0 255 0
P 141 33 255 0 255
P 142 33 255 0 255
P 143 33 255 0 255
P 144 33 255 0 255
P 145 33 255 0 255
P 146 33 255 0 255
P 147 33 255 0 255
P 148 33 255 0 255
P 149 33 255 0 255
P 150 33 255 0 255
P 151 33 255 0 255
P 152 33 255 0 255
P 153 33 255 0 255
P 154 33 255 0 255
P 155 33 255 0 255
P 156 33 255 0 0
P 157 33 255 0 0
P 158 33 0 255 255
P 159 33 0 255 255
P 160 33 0 255 255
P 161 33 0 255 255
P 162 33 0 255 255
P 163 33 0 255 255
P 164 33 0 255 255
P 165 33 0 255 255
P 166 33 0 255 255
P 167 33 0 255 255
P 168 33 0 255 255
P 169 33 0 255 255
P 170 33 0 255 255
P 171 33 0 255 255
P 172 33 0 255 255
P 173 33 0 255 0
P 174 33 0 255 0
P 175 33 255 0 255
P 176 33 255 0 255
P 177 33 255 0 255
P 178 33 255 0 255
P 179 33 255 0 255
P 180 33 255 0 255
P 181 33 255 0 255
P 182 33 255 0 255
P 183 33 255 0 255
P 184 33 255 0 255
P 185 33 255 0 255
P 186 33 255 0 255
P 187 33 255 0 255
P 188 33 255 0 255
P 189 33 255 0 255
P 190 33 255 0 0
P 191 33 255 0 0
P 192 33 0 255 255
P 193 33 0 255 255
P 194 33 0 255 255
P 195 33 0 255 255
P 196 33 0 255 255
P 197 33 0 255 255
P 198 33 0 255 255
P 199 33 0 255 255
P 200 33 0 255 255
P 201 33 0 255 255
P 202 33 0 255 255
P 203 33 0 255 255
P 204 33 0 255 255
P 205 33 0 255 255
P 206 33 0 255 255
P 207 33 0 255 0
P 208 33 0 255 0
P 209 33 255 0 255
P 210 33 255 0 255
P 211 33 255 0 255
P 212 33 255 0 255
P 213 33 255 0 255
P 214 33 255 0 255
P 215 33 255 0 255
P 216 33 255 0 255
P 217 33 255 0 255
P 218 33 255 0 255
P 219 33 255 0 255
P 220 33 255 0 255
P 221 33 255 0 255
P 222 33 255 0 255
P 223 33 255 0 255
P 224 33 255 0 0
P 225 33 255 0 0
P 226 33 0 255 255
P 227 33 0 255 255
P 228 33 0 255 255
P 229 33 0 255 255
P 230 33 0 255 255
P 231 33 0 255 255
P 232 33 0 255 255
P 233 33 0 255 255
P 234 33 0 255 255
P 235 33 0 255 255
P 236 33 0 255 255
P 237 33 0 255 255
P 238 33 0 255 255
P 239 33 0 255 255
P 240 33 0 255 255
P 241 33 0 255 0
P 242 33 0 255 0
P 243 33 255 0 255
P 244 33 255 0 255
P 245 33 255 0 255
P 246 33 255 0 255
P 247 33 255 0 255
P 248 33 255 0 255
P 249 33 255 0 255
P 250 33 255 0 255
P 251 33 255 0 255
P 252 33 255 0 255
P 253 33 255 0 255
P 254 33 255 0 255
P 255 33 255 0 255
P 256 33 255 0 255
P 257 33 255 0 255
P 258 33 255 0 0
P 259 33 255 0 0
P 260 33 0 255 255
P 261 33 0 255 255
P 262 33 0 255 255
P 263 33 0 255 255
P 264 33 0 255 255
P 265 33 0 255 255
P 266 33 0 255 255
P 267 33 0 255 255
P 268 33 0 255 255
P 269 33 0 255 255
P 270 33 0 255 255
P 271 33 0 255 255
P 272 33 0 255 255
P 273 33 0 255 255
P 274 33 0 255 255
P 275 33 0 255 0
P 276 33 0 255 0
P 277 33 255 0 255
P 278 33 255 0 255
P 279 33 255 0 255
P 280 33 255 0 255
P 281 33 255 0 255
P 282 33 255 0 255
P 283 33 255 0 255
P 284 33 255 0 255
P 285 33 255 0 255
P 286 33 255 0 255
P 287 33 255 0 255
P 288 33 255 0 255
P 289 33 255 0 255
P 290 33 255 0 255
P 291 33 255 0 255
P 20 34 255 0 0
P 21 34 255 0 0
P 22 34 255 0 0
P 23 34 255 0 0
P 24 34 255 255 0
P 25 34 255 255 0
P 26 34 255 255 0
P 27 34 255 255 0
P 28 34 255 255 0
P 29 34 255 255 0
P 30 34 255 255 0
P 31 34 255 255 0
P 32 34 255 255 0
P 33 34 255 255 0
P 34 34 255 255 0
P 35 34 255 255 0
P 36 34 255 255 0
P 37 34 0 255 255
P 38 34 0 255 255
P 39 34 0 255 255
P 40 34 255 0 255
P 41 34 255 0 255
P 42 34 255 0 255
P 43 34 255 0 255
P 44 34 255 0 255
P 45 34 255 0 255
P 46 34 255 0 255
P 47 34 255 0 255
P 48 34 255 0 255
P 49 34 255 0 255
P 50 34 255 0 255
P 51 34 255 0 255
P 52 34 255 0 255
P 53 34 255 0 255
P 54 34 255 0 0
P 55 34 255 0 0
P 56 34 255 0 0
P 57 34 0 255 255
P 58 34 0 255 255
P 59 34 0 255 255
P 60 34 0 255 255
P 61 34 0 255 255
P 62 34 0 255 255
P 63 34 0 255 255
P 64 34 0 255 255
P 65 34 0 255 255
P 66 34 0 255 255
P 67 34 0 255 255
P 68 34 0 255 255
P 69 34 0 255 255
P 70 34 0 255 255
P 71 34 0 255 0
P 72 34 0 255 0
P 73 34 0 255 0
P 74 34 0 255 0
P 75 34 255 0 255
P 76 34 255 0 255
P 77 34 255 0 255
P 78 34 255 0 255
P 79 34 255 0 255
P 80 34 255 0 255
P 81 34 255 0 255
P 82 34 255 0 255
P 83 34 255 0 255
P 84 34 255 0 255
P 85 34 255 0 255
P 86 34 255 0 255
P 87 34 255 0 255
P 88 34 255 0 0
P 89 34 255 0 0
P 90 34 255 0 0
P 91 34 0 255 255
P 92 34 0 255 255
P 93 34 0 255 255
P 94 34 0 255 255
P 95 34 0 255 255
P 96 34 0 255 255
P 97 34 0 255 255
P 98 34 0 255 255
P 99 34 0 255 255
P 100 34 0 255 255
P 101 34 0 255 255
P 102 34 0 255 255
P 103 34 0 255 255
P 104 34 0 255 255
P 105 34 0 255 0
P 106 34 0 255 0
P 107 34 0 255 0
P 108 34 255 0 255
P 109 34 255 0 255
P 110 34 255 0 255
P 111 34 255 0 255
P 112 34 255 0 255
P 113 34 255 0 255
P 114 34 255 0 255
P 115 34 255 0 255
P 116 34 255 0 255
P 117 34 255 0 255
P 118 34 255 0 255
P 119 34 255 0 255
P 120 34 255 0 255
P 121 34 255 0 255
P 122 34 255 0 0
P 123 34 255 0 0
P 124 34 255 0 0
P 125 34 0 255 255
P 126 34 0 255 255
P 127 34 0 255 255
P 128 34 0 255 255
P 129 34 0 255 255
P 130 34 0 255 255
P 131 34 0 255 255
P 132 34 0 255 255
P 133 34 0 255 255
P 134 34 0 255 255
P 135 34 0 255 255
P 136 34 0 255 255
P 137 34 0 255 255
P 138 34 0 255 255
P 139 34 0 255 0
P 140 34 0 255 0
P 141 34 0 255 0
P 142 34 0 255 0
P 143 34 255 0 255
P 144 34 255 0 255
P 145 34 255 0 255
P 146 34 255 0 255
P 147 34 255 0 255
P 148 34 255 0 255
P 149 34 255 0 255
P 150 34 255 0 255
P 151 34 255 0 255
P 152 34 255 0 255
P 153 34 255 0 255
P 154 34 255 0 255
P 155 34 255 0 255
P 156 34 255 0 0
P 157 34 255 0 0
P 158 34 255 0 0
P 159 34 0 255 255
P 160 34 0 255 255
P 161 34 0 255 255
P 162 34 0 255 255
P 163 34 0 255 255
P 164 34 0 255 255
P 165 34 0 255 255
P 166 34 0 255 255
P 167 34 0 255 255
P 168 34 0 255 255
P 169 34 0 255 255
P 170 34 0 255 255
P 171 34 0 255 255
P 172 34 0 255 255
P 173 34 0 255 0
P 174 34 0 255 0
P 175 34 0 255 0
P 176 34 255 0 255
P 177 34 255 0 255
P 178 34 255 0 255
P 179 34 255 0 255
P 180 34 255 0 255
P 181 34 255 0 255
P 182 34 255 0 255
P 183 34 255 0 255
P 184 34 255 0 255
P 185 34 255 0 255
P 186 34 255 0 255
P 187 34 255 0 255
P 188 34 255 0 255
P 189 34 255 0 255
P 190 34 255 0 0
P 191 34 255 0 0
P 192 34 255 0 0
P 193 34 0 255 255
P 194 34 0 255 255
P 195 34 0 255 255
P 196 34 0 255 255
P 197 34 0 255 255
P 198 34 0 255 255
P 199 34 0 255 255
P 200 34 0 255 255
P 201 34 0 255 255
P 202 34 0 255 255
P 203 34 0 255 255
P 204 34 0 255 255
P 205 34 0 255 255
P 206 34 0 255 255
P 207 34 0 255 0
P 208 34 0 255 0
P 209 34 0 255 0
P 210 34 255 0 255
P 211 34 255 0 255
P 212 34 255 0 255
P 213 34 255 0 255
P 214 34 255 0 255
P 215 34 255 0 255
P 216 34 255 0 255
P 217 34 255 0 255
P 218 34 255 0 255
P 219 34 255 0 255
P 220 34 255 0 255
P 221 34 255 0 255
P 222 34 255 0 255
P 223 34 255 0 255
P 224 34 255 0 0
P 225 34 255 0 0
P 226 34 255 0 0
P 227 34 255 0 0
P 228 34 0 255 255
P 229 34 0 255 255
P 230 34 0 255 255
P 231 34 0 255 255
P 232 34 0 255 255
P 233 34 0 255 255
P 234 34 0 255 255
P 235 34 0 255 255
P 236 34 0 255 255
P 237 34 0 255 255
P 238 34 0 255 255
P 239 34 0 255 255
P 240 34 0 255 255
P 241 34 0 255 0
P 242 34 0 255 0
P 243 34 0 255 0
P 244 34 255 0 255
P 245 34 255 0 255
P 246 34 255 0 255
P 247 34 255 0 255
P 248 34 255 0 255
P 249 34 255 0 255
P 250 34 255 0 255
P 251 34 255 0 255
P 252 34 255 0 255
P 253 34 255 0 255
P 254 34 255 0 255
P 255 34 255 0 255
P 256 34 255 0 255
P 257 34 255 0 255
P 258 34 255 0 0
P 259 34 255 0 0
P 260 34 255 0 0
P 261 34 0 255 255
P 262 34 0 255 255
P 263 34 0 255 255
P 264 34 0 255 255
P 265 34 0 255 255
P 266 34 0 255 255
P 267 34 0 255 255
P 268 34 0 255 255
P 269 34 0 255 255
P 270 34 0 255 255
P 271 34 0 255 255
P 272 34 0 255 255
P 273 34 0 255 255
P 274 34 0 255 255
P 275 34 0 255 0
P 276 34 0 255 0
P 277 34 0 255 0
P 278 34 255 0 255
P 279 34 255 0 255
P 280 34 255 0 255
P 281 34 255 0 255
P 282 34 255 0 255
P 283 34 255 0 255
P 284 34 255 0 255
P 285 34 255 0 255
P 286 34 255 0 255
P 287 34 255 0 255
P 288 34 255 0 255
P 289 34 255 0 255
P 290 34 255 0 255
P 291 34 255 0 255
P 20 35 255 0 0
P 21 35 255 0 0
P 22 35 255 0 0
P 23 35 255 0 0
P 24 35 255 0 0
P 25 35 255 255 0
P 26 35 255 255 0
P 27 35 255 255 0
P 28 35 255 255 0
P 29 35 255 255 0
P 30 35 255 255 0
P 31 35 255 255 0
P 32 35 255 255 0
P 33 35 255 255 0
P 34 35 255 255 0
P 35 35 255 255 0
P 36 35 255 255 0
P 37 35 0 255 255
P 38 35 0 255 255
P 39 35 0 255 255
P 40 35 0 255 255
P 41 35 0 255 255
P 42 35 255 0 255
P 43 35 255 0 255
P 44 35 255 0 255
P 45 35 255 0 255
P 46 35 255 0 255
P 47 35 255 0 255
P 48 35 255 0 255
P 49 35 255 0 255
P 50 35 255 0 255
P 51 35 255 0 255
P 52 35 255 0 255
P 53 35 255 0 255
P 54 35 255 0 0
P 55 35 255 0 0
P 56 35 255 0 0
P 57 35 255 0 0
P 58 35 255 0 0
P 59 35 0 255 255
P 60 35 0 255 255
P 61 35 0 255 255
P 62 35 0 255 255
P 63 35 0 255 255
P 64 35 0 255 255
P 65 35 0 255 255
P 66 35 0 255 255
P 67 35 0 255 255
P 68 35 0 255 255
P 69 35 0 255 255
P 70 35 0 255 255
P 71 35 0 255 0
P 72 35 0 255 0
P 73 35 0 255 0
P 74 35 0 255 0
P 75 35 0 255 0
P 76 35 255 0 255
P 77 35 255 0 255
P 78 35 255 0 255
P 79 35 255 0 255
P 80 35 255 0 255
P 81 35 255 0 255
P 82 35 255 0 255
P 83 35 255 0 255
P 84 35 255 0 255
P 85 35 255 0 255
P 86 35 255 0 255
P 87 35 255 0 255
P 88 35 255 0 0
P 89 35 255 0 0
P 90 35 255 0 0
P 91 35 255 0 0
P 92 35 255 0 0
P 93 35 0 255 255
P 94 35 0 255 255
P 95 35 0 255 255
P 96 35 0 255 255
P 97 35 0 255 255
P 98 35 0 255 255
P 99 35 0 255 255
P 100 35 0 255 255
P 101 35 0 255 255
P 102 35 0 255 255
P 103 35 0 255 255
P 104 35 0 255 255
P 105 35 0 255 0
P 106 35 0 255 0
P 107 35 0 255 0
P 108 35 0 255 0
P 109 35 0 255 0
P 110 35 255 0 255
P 111 35 255 0 255
P 112 35 255 0 255
P 113 35 255 0 255
P 114 35 255 0 255
P 115 35 255 0 255
P 116 35 255 0 255
P 117 35 255 0 255
P 118 35 255 0 255
P 119 35 255 0 255
P 120 35 255 0 255
P 121 35 255 0 255
P 122 35 255 0 0
P 123 35 255 0 0
P 124 35 255 0 0
P 125 35 255 0 0
P 126 35 255 0 0
P 127 35 0 255 255
P 128 35 0 255 255
P 129 35 0 255 255
P 130 35 0 255 255
P 131 35 0 255 255
P 132 35 0 255 255
P 133 35 0 255 255
P 134 35 0 255 255
P 135 35 0 255 255
P 136 35 0 255 255
P 137 35 0 255 255
P 138 35 0 255 255
P 139 35 0 255 0
P 140 35 0 255 0
P 141 35 0 255 0
P 142 35 0 255 0
P 143 35 0 255 0
P 144 35 255 0 255
P 145 35 255 0 255
P 146 35 255 0 255
P 147 35 255 0 255
P 148 35 255 0 255
P 149 35 255 0 255
P 150 35 255 0 255
P 151 35 255 0 255
P 152 35 255 0 255
P 153 35 255 0 255
P 154 35 255 0 255
P 155 35 255 0 255
P 156 35 255 0 0
P 157 35 255 0 0
P 158 35 255 0 0
P 159 35 255 0 0
P 160 35 255 0 0
P 161 35 0 255 255
P 162 35 0 255 255
P 163 35 0 255 255
P 164 35 0 255 255
P 165 35 0 255 255
P 166 35 0 255 255
P 167 35 0 255 255
P 168 35 0 255 255
P 169 35 0 255 255
P 170 35 0 255 255
P 171 35 0 255 255
P 172 35 0 255 255
P 173 35 0 255 0
P 174 35 0 255 0
P 175 35 0 255 0
P 176 35 0 255 0
P 177 35 0 255 0
P 178 35 255 0 255
P 179 35 255 0 255
P 180 35 255 0 255
P 181 35 255 0 255
P 182 35 255 0 255
P 183 35 255 0 255
P 184 35 255 0 255
P 185 35 255 0 255
P 186 35 255 0 255
P 187 35 255 0 255
P 188 35 255 0 255
P 189 35 255 0 255
P 190 35 255 0 0
P 191 35 255 0 0
P 192 35 255 0 0
P 193 35 255 0 0
P 194 35 255 0 0
P 195 35 0 255 255
P 196 35 0 255 255
P 197 35 0 255 255
P 198 35 0 255 255
P 199 35 0 255 255
P 200 35 0 255 255
P 201 35 0 255 255
P 202 35 0 255 255
P 203 35 0 255 255
P 204 35 0 255 255
P 205 35 0 255 255
P 206 35 0 255 255
P 207 35 0 255 0
P 208 35 0 255 0
P 209 35 0 255 0
P 210 35 0 255 0
P 211 35 0 255 0
P 212 35 255 0 255
P 213 35 255 0 255
P 214 35 255 0 255
P 215 35 255 0 255
P 216 35 255 0 255
P 217 35 255 0 255
P 218 35 255 0 255
P 219 35 255 0 255
P 220 35 255 0 255
P 221 35 255 0 255
P 222 35 255 0 255
P 223 35 255 0 255
P 224 35 255 0 0
P 225 35 255 0 0
P 226 35 255 0 0
P 227 35 255 0 0
P 228 35 255 0 0
P 229 35 0 255 255
P 230 35 0 255 255
P 231 35 0 255 255
P 232 35 0 255 255
P 233 35 0 255 255
P 234 35 0 255 255
P 235 35 0 255 255
P 236 35 0 255 255
P 237 35 0 255 255
P 238 35 0 255 255
P 239 35 0 255 255
P 240 35 0 255 255
P 241 35 0 255 0
P 242 35 0 255 0
P 243 35 0 255 0
P 244 35 0 255 0
P 245 35 0 255 0
P 246 35 255 0 255
P 247 35 255 0 255
P 248 35 255 0 255
P 249 35 255 0 255
P 250 35 255 0 255
P 251 35 255 0 255
P 252 35 255 0 255
P 253 35 255 0 255
P 254 35 255 0 255
P 255 35 255 0 255
P 256 35 255 0 255
P 257 35 255 0 255
P 258 35 255 0 0
P 259 35 255 0 0
P 260 35 255 0 0
P 261 35 255 0 0
P 262 35 255 0 0
P 263 35 0 255 255
P 264 35 0 255 255
P 265 35 0 255 255
P 266 35 0 255 255
P 267 35 0 255 255
P 268 35 0 255 255
P 269 35 0 255 255
P 270 35 0 255 255
P 271 35 0 255 255
P 272 35 0 255 255
P 273 35 0 255 255
P 274 35 0 255 255
P 275 35 0 255 0
P 276 35 0 255 0
P 277 35 0 255 0
P 278 35 0 255 0
P 279 35 0 255 0
P 280 35 255 0 255
P 281 35 255 0 255
P 282 35 255 0 255
P 283 35 255 0 255
P 284 35 255 0 255
P 285 35 255 0 255
P 286 35 255 0 255
P 287 35 255 0 255
P 288 35 255 0 255
P 289 35 255 0 255
P 290 35 255 0 255
P 291 35 255 0 255
P 20 36 255 0 0
P 21 36 255 0 0
P 22 36 255 0 0
P 23 36 255 0 0
P 24 36 255 0 0
P 25 36 255 0 0
P 26 36 255 255 0
P 27 36 255 255 0
P 28 36 255 255 0
P 29 36 255 255 0
P 30 36 255 255 0
P 31 36 255 255 0
P 32 36 255 255 0
P 33 36 255 255 0
P 34 36 255 255 0
P 35 36 255 255 0
P 36 36 255 255 0
P 37 36 0 255 255
P 38 36 0 255 255
P 39 36 0 255 255
P 40 36 0 255 255
P 41 36 0 255 255
P 42 36 0 255 255
P 43 36 255 0 255
P 44 36 255 0 255
P 45 36 255 0 255
P 46 36 255 0 255
P 47 36 255 0 255
P 48 36 255 0 255
P 49 36 255 0 255
P 50 36 255 0 255
P 51 36 255 0 255
P 52 36 255 0 255
P 53 36 255 0 255
P 54 36 255 0 0
P 55 36 255 0 0
P 56 36 255 0 0
P 57 36 255 0 0
P 58 36 255 0 0
P 59 36 255 0 0
P 60 36 0 255 255
P 61 36 0 255 255
P 62 36 0 255 255
P 63 36 0 255 255
P 64 36 0 255 255
P 65 36 0 255 255
P 66 36 0 255 255
P 67 36 0 255 255
P 68 36 0 255 255
P 69 36 0 255 255
P 70 36 0 255 255
P 71 36 0 255 0
P 72 36 0 255 0
P 73 36 0 255 0
P 74 36 0 255 0
P 75 36 0 255 0
P 76 36 0 255 0
P 77 36 255 0 255
P 78 36 255 0 255
P 79 36 255 0 255
P 80 36 255 0 255
P 81 36 255 0 255
P 82 36 255 0 255
P 83 36 255 0 255
P 84 36 255 0 255
P 85 36 255 0 255
P 86 36 255 0 255
P 87 36 255 0 255
P 88 36 255 0 0
P 89 36 255 0 0
P 90 36 255 0 0
P 91 36 255 0 0
P 92 36 255 0 0
P 93 36 255 0 0
P 94 36 0 255 255
P 95 36 0 255 255
P 96 36 0 255 255
P 97 36 0 255 255
P 98 36 0 255 255
P 99 36 0 255 255
P 100 36 0 255 255
P 101 36 0 255 255
P 102 36 0 255 255
P 103 36 0 255 255
P 104 36 0 255 255
P 105 36 0 255 0
P 106 36 0 255 0
P 107 36 0 255 0
P 108 36 0 255 0
P 109 36 0 255 0
P 110 36 0 255 0
P 111 36 255 0 255
P 112 36 255 0 255
P 113 36 255 0 255
P 114 36 255 0 255
P 115 36 255 0 255
P 116 36 255 0 255
P 117 36 255 0 255
P 118 36 255 0 255
P 119 36 255 0 255
P 120 36 255 0 255
P 121 36 255 0 255
P 122 36 255 0 0
P 123 36 255 0 0
P 124 36 255 0 0
P 125 36 255 0 0
P 126 36 255 0 0
P 127 36 255 0 0
P 128 36 0 255 255
P 129 36 0 255 255
P 130 36 0 255 255
P 131 36 0 255 255
P 132 36 0 255 255
P 133 36 0 255 255
P 134 36 0 255 255
P 135 36 0 255 255
P 136 36 0 255 255
P 137 36 0 255 255
P 138 36 0 255 255
P 139 36 0 255 0
P 140 36 0 255 0
P 141 36 0 255 0
P 142 36 0 255 0
P 143 36 0 255 0
P 144 36 0 255 0
P 145 36 0 255 0
P 146 36 255 0 255
P 147 36 255 0 255
P 148 36 255 0 255
P 149 36 255 0 255
P 150 36 255 0 255
P 151 36 255 0 255
P 152 36 255 0 255
P 153 36 255 0 255
P 154 36 255 0 255
P 155 36 255 0 255
P 156 36 255 0 0
P 157 36 255 0 0
P 158 36 255 0 0
P 159 36 255 0 0
P 160 36 255 0 0
P 161 36 255 0 0
P 162 36 0 255 255
P 163 36 0 255 255
P 164 36 0 255 255
P 165 36 0 255 255
P 166 36 0 255 255
P 167 36 0 255 255
P 168 36 0 255 255
P 169 36 0 255 255
P 170 36 0 255 255
P 171 36 0 255 255
P 172 36 0 255 255
P 173 36 0 255 0
P 174 36 0 255 0
P 175 36 0 255 0
P 176 36 0 255 0
P 177 36 0 255 0
P 178 36 0 255 0
P 179 36 255 0 255
P 180 36 255 0 255
P 181 36 255 0 255
P 182 36 255 0 255
P 183 36 255 0 255
P 184 36 255 0 255
P 185 36 255 0 255
P 186 36 255 0 255
P 187 36 255 0 255
P 188 36 255 0 255
P 189 36 255 0 255
P 190 36 255 0 0
P 191 36 255 0 0
P 192 36 255 0 0
P 193 36 255 0 0
P 194 36 255 0 0
P 195 36 255 0 0
P 196 36 0 255 255
P 197 36 0 255 255
P 198 36 0 255 255
P 199 36 0 255 255
P 200 36 0 255 255
P 201 36 0 255 255
P 202 36 0 255 255
P 203 36 0 255 255
P 204 36 0 255 255
P 205 36 0 255 255
P 206 36 0 255 255
P 207 36 0 255 0
P 208 36 0 255 0
P 209 36 0 255 0
P 210 36 0 255 0
P 211 36 0 255 0
P 212 36 0 255 0
P 213 36 255 0 255
P 214 36 255 0 255
P 215 36 255 0 255
P 216 36 255 0 255
P 217 36 255 0 255
P 218 36 255 0 255
P 219 36 255 0 255
P 220 36 255 0 255
P 221 36 255 0 255
P 222 36 255 0 255
P 223 36 255 0 255
P 224 36 255 0 0
P 225 36 255 0 0
P 226 36 255 0 0
P 227 36 255 0 0
P 228 36 255 0 0
P 229 36 255 0 0
P 230 36 0 255 255
P 231 36 0 255 255
P 232 36 0 255 255
P 233 36 0 255 255
P 234 36 0 255 255
P 235 36 0 255 255
P 236 36 0 255 255
P 237 36 0 255 255
P 238 36 0 255 255
P 239 36 0 255 255
P 240 36 0 255 255
P 241 36 0 255 0
P 242 36 0 255 0
P 243 36 0 255 0
P 244 36 0 255 0
P 245 36 0 255 0
P 246 36 0 255 0
P 247 36 255 0 255
P 248 36 255 0 255
P 249 36 255 0 255
P 250 36 255 0 255
P 251 36 255 0 255
P 252 36 255 0 255
P 253 36 255 0 255
P 254 36 255 0 255
P 255 36 255 0 255
P 256 36 255 0 255
P 257 36 255 0 255
P 258 36 255 0 0
P 259 36 255 0 0
P 260 36 255 0 0
P 261 36 255 0 0
P 262 36 255 0 0
P 263 36 255 0 0
P 264 36 0 255 255
P 265 36 0 255 255
P 266 36 0 255 255
P 267 36 0 255 255
P 268 36 0 255 255
P 269 36 0 255 255
P 270 36 0 255 255
P 271 36 0 255 255
P 272 36 0 255 255
P 273 36 0 255 255
P 274 36 0 255 255
P 275 36 0 255 0
P 276 36 0 255 0
P 277 36 0 255 0
P 278 36 0 255 0
P 279 36 0 255 0
P 280 36 0 255 0
P 281 36 255 0 255
P 282 36 255 0 255
P 283 36 255 0 255
P 284 36 255 0 255
P 285 36 255 0 255
P 286 36 255 0 255
P 287 36 255 0 255
P 288 36 255 0 255
P 289 36 255 0 255
P 290 36 255 0 255
P 291 36 255 0 255
P 20 37 255 0 0
P 21 37 255 0 0
P 22 37 255 0 0
P 23 37 255 0 0
P 24 37 255 0 0
P 25 37 255 0 0
P 26 37 255 0 0
P 27 37 255 0 0
P 28 37 255 255 0
P 29 37 255 255 0
P 30 37 255 255 0
P 31 37 255 255 0
P 32 37 255 255 0
P 33 37 255 255 0
P 34 37 255 255 0
P 35 37 255 255 0
P 36 37 255 255 0
P 37 37 0 255 255
P 38 37 0 255 255
P 39 37 0 255 255
P 40 37 0 255 255
P 41 37 0 255 255
P 42 37 0 255 255
P 43 37 0 255 255
P 44 37 0 255 255
P 45 37 255 0 255
P 46 37 255 0 255
P 47 37 255 0 255
P 48 37 255 0 255
P 49 37 255 0 255
P 50 37 255 0 255
P 51 37 255 0 255
P 52 37 255 0 255
P 53 37 255 0 255
P 54 37 255 0 0
P 55 37 255 0 0
P 56 37 255 0 0
P 57 37 255 0 0
P 58 37 255 0 0
P 59 37 255 0 0
P 60 37 255 0 0
P 61 37 255 0 0
P 62 37 0 255 255
P 63 37 0 255 255
P 64 37 0 255 255
P 65 37 0 255 255
P 66 37 0 255 255
P 67 37 0 255 255
P 68 37 0 255 255
P 69 37 0 255 255
P 70 37 0 255 255
P 71 37 0 255 0
P 72 37 0 255 0
P 73 37 0 255 0
P 74 37 0 255 0
P 75 37 0 255 0
P 76 37 0 255 0
P 77 37 0 255 0
P 78 37 0 255 0
P 79 37 255 0 255
P 80 37 255 0 255
P 81 37 255 0 255
P 82 37 255 0 255
P 83 37 255 0 255
P 84 37 255 0 255
P 85 37 255 0 255
P 86 37 255 0 255
P 87 37 255 0 255
P 88 37 255 0 0
P 89 37 255 0 0
P 90 37 255 0 0
P 91 37 255 0 0
P 92 37 255 0 0
P 93 37 255 0 0
P 94 37 255 0 0
P 95 37 255 0 0
P 96 37 0 255 255
P 97 37 0 255 255
P 98 37 0 255 255
P 99 37 0 255 255
P 100 37 0 255 255
P 101 37 0 255 255
P 102 37 0 255 255
P 103 37 0 255 255
P 104 37 0 255 255
P 105 37 0 255 0
P 106 37 0 255 0
P 107 37 0 255 0
P 108 37 0 255 0
P 109 37 0 255 0
P 110 37 0 255 0
P 111 37 0 255 0
P 112 37 0 255 0
P 113 37 255 0 255
P 114 37 255 0 255
P 115 37 255 0 255
P 116 37 255 0 255
P 117 37 255 0 255
P 118 37 255 0 255
P 119 37 255 0 255
P 120 37 255 0 255
P 121 37 255 0 255
P 122 37 255 0 0
P 123 37 255 0 0
P 124 37 255 0 0
P 125 37 255 0 0
P 126 37 255 0 0
P 127 37 255 0 0
P 128 37 255 0 0
P 129 37 255 0 0
P 130 37 0 255 255
P 131 37 0 255 255
P 132 37 0 255 255
P 133 37 0 255 255
P 134 37 0 255 255
P 135 37 0 255 255
P 136 37 0 255 255
P 137 37 0 255 255
P 138 37 0 255 255
P 139 37 0 255 0
P 140 37 0 255 0
P 141 37 0 255 0
P 142 37 0 255 0
P 143 37 0 255 0
P 144 37 0 255 0
P 145 37 0 255 0
P 146 37 0 255 0
P 147 37 255 0 255
P 148 37 255 0 255
P 149 37 255 0 255
P 150 37 255 0 255
P 151 37 255 0 255
P 152 37 255 0 255
P 153 37 255 0 255
P 154 37 255 0 255
P 155 37 255 0 255
P 156 37 255 0 0
P 157 37 255 0 0
P 158 37 255 0 0
P 159 37 255 0 0
P 160 37 255 0 0
P 161 37 255 0 0
P 162 37 255 0 0
P 163 37 255 0 0
P 164 37 0 255 255
P 165 37 0 255 255
P 166 37 0 255 255
P 167 37 0 255 255
P 168 37 0 255 255
P 169 37 0 255 255
P 170 37 0 255 255
P 171 37 0 255 255
P 172 37 0 255 255
P 173 37 0 255 0
P 174 37 0 255 0
P 175 37 0 255 0
P 176 37 0 255 0
P 177 37 0 255 0
P 178 37 0 255 0
P 179 37 0 255 0
P 180 37 0 255 0
P 181 37 255 0 255
P 182 37 255 0 255
P 183 37 255 0 255
P 184 37 255 0 255
P 185 37 255 0 255
P 186 37 255 0 255
P 187 37 255 0 255
P 188 37 255 0 255
P 189 37 255 0 255
P 190 37 255 0 0
P 191 37 255 0 0
P 192 37 255 0 0
P 193 37 255 0 0
P 194 37 255 0 0
P 195 37 255 0 0
P 196 37 255 0 0
P 197 37 255 0 0
P 198 37 0 255 255
P 199 37 0 255 255
P 200 37 0 255 255
P 201 37 0 255 255
P 202 37 0 255 255
P 203 37 0 255 255
P 204 37 0 255 255
P 205 37 0 255 255
P 206 37 0 255 255
P 207 37 0 255 0
P 208 37 0 255 0
P 209 37 0 255 0
P 210 37 0 255 0
P 211 37 0 255 0
P 212 37 0 255 0
P 213 37 0 255 0
P 214 37 0 255 0
P 215 37 255 0 255
P 216 37 255 0 255
P 217 37 255 0 255
P 218 37 255 0 255
P 219 37 255 0 255
P 220 37 255 0 255
P 221 37 255 0 255
P 222 37 255 0 255
P 223 37 255 0 255
P 224 37 255 0 0
P 225 37 255 0 0
P 226 37 255 0 0
P 227 37 255 0 0
P 228 37 255 0 0
P 229 37 255 0 0
P 230 37 255 0 0
P 231 37 255 0 0
P 232 37 0 255 255
P 233 37 0 255 255
P 234 37 0 255 255
P 235 37 0 255 255
P 236 37 0 255 255
P 237 37 0 255 255
P 238 37 0 255 255
P 239 37 0 255 255
P 240 37 0 255 255
P 241 37 0 255 0
P 242 37 0 255 0
P 243 37 0 255 0
P 244 37 0 255 0
P 245 37 0 255 0
P 246 37 0 255 0
P 247 37 0 255 0
P 248 37 0 255 0
P 249 37 255 0 255
P 250 37 255 0 255
P 251 37 255 0 255
P 252 37 255 0 255
P 253 37 255 0 255
P 254 37 255 0 255
P 255 37 255 0 255
P 256 37 255 0 255
P 257 37 255 0 255
P 258 37 255 0 0
P 259 37 255 0 0
P 260 37 255 0 0
P 261 37 255 0 0
P 262 37 255 0 0
P 263 37 255 0 0
P 264 37 255 0 0
P 265 37 255 0 0
P 266 37 0 255 255
P 267 37 0 255 255
P 268 37 0 255 255
P 269 37 0 255 255
P 270 37 0 255 255
P 271 37 0 255 255
P 272 37 0 255 255
P 273 37 0 255 255
P 274 37 0 255 255
P 275 37 0 255 0
P 276 37 0 255 0
P 277 37 0 255 0
P 278 37 0 255 0
P 279 37 0 255 0
P 280 37 0 255 0
P 281 37 0 255 0
P 282 37 0 255 0
P 283 37 255 0 255
P 284 37 255 0 255
P 285 37 255 0 255
P 286 37 255 0 255
P 287 37 255 0 255
P 288 37 255 0 255
P 289 37 255 0 255
P 290 37 255 0 255
P 291 37 255 0 255
P 20 38 255 0 0
P 21 38 255 0 0
P 22 38 255 0 0
P 23 38 255 0 0
P 24 38 255 0 0
P 25 38 255 0 0
P 26 38 255 0 0
P 27 38 255 0 0
P 28 38 255 0 0
P 29 38 255 255 0
P 30 38 255 255 0
P 31 38 255 255 0
P 32 38 255 255 0
P 33 38 255 255 0
P 34 38 255 255 0
P 35 38 255 255 0
P 36 38 255 255 0
P 37 38 0 255 255
P 38 38 0 255 255
P 39 38 0 255 255
P 40 38 0 255 255
P 41 38 0 255 255
P 42 38 0 255 255
P 43 38 0 255 255
P 44 38 0 255 255
P 45 38 0 255 255
P 46 38 255 0 255
P 47 38 255 0 255
P 48 38 255 0 255
P 49 38 255 0 255
P 50 38 255 0 255
P 51 38 255 0 255
P 52 38 255 0 255
P 53 38 255 0 255
P 54 38 255 0 0
P 55 38 255 0 0
P 56 38 255 0 0
P 57 38 255 0 0
P 58 38 255 0 0
P 59 38 255 0 0
P 60 38 255 0 0
P 61 38 255 0 0
P 62 38 255 0 0
P 63 38 0 255 255
P 64 38 0 255 255
P 65 38 0 255 255
P 66 38 0 255 255
P 67 38 0 255 255
P 68 38 0 255 255
P 69 38 0 255 255
P 70 38 0 255 255
P 71 38 0 255 0
P 72 38 0 255 0
P 73 38 0 255 0
P 74 38 0 255 0
P 75 38 0 255 0
P 76 38 0 255 0
P 77 38 0 255 0
P 78 38 0 255 0
P 79 38 0 255 0
P 80 38 255 0 255
P 81 38 255 0 255
P 82 38 255 0 255
P 83 38 255 0 255
P 84 38 255 0 255
P 85 38 255 0 255
P 86 38 255 0 255
P 87 38 255 0 255
P 88 38 255 0 0
P 89 38 255 0 0
P 90 38 255 0 0
P 91 38 255 0 0
P 92 38 255 0 0
P 93 38 255 0 0
P 94 38 255 0 0
P 95 38 255 0 0
P 96 38 255 0 0
P 97 38 0 255 255
P 98 38 0 255 255
P 99 38 0 255 255
P 100 38 0 255 255
P 101 38 0 255 255
P 102 38 0 255 255
P 103 38 0 255 255
P 104 38 0 255 255
P 105 38 0 255 0
P 106 38 0 255 0
P 107 38 0 255 0
P 108 38 0 255 0
P 109 38 0 255 0
P 110 38 0 255 0
P 111 38 0 255 0
P 112 38 0 255 0
P 113 38 0 255 0
P 114 38 255 0 255
P 115 38 255 0 255
P 116 38 255 0 255
P 117 38 255 0 255
P 118 38 255 0 255
P 119 38 255 0 255
P 120 38 255 0 255
P 121 38 255 0 255
P 122 38 255 0 0
P 123 38 255 0 0
P 124 38 255 0 0
P 125 38 255 0 0
P 126 38 255 0 0
P 127 38 255 0 0
P 128 38 255 0 0
P 129 38 255 0 0
P 130 38 255 0 0
P 131 38 0 255 255
P 132 38 0 255 255
P 133 38 0 255 255
P 134 38 0 255 255
P 135 38 0 255 255
P 136 38 0 255 255
P 137 38 0 255 255
P 138 38 0 255 255
P 139 38 0 255 0
P 140 38 0 255 0
P 141 38 0 255 0
P 142 38 0 255 0
P 143 38 0 255 0
P 144 38 0 255 0
P 145 38 0 255 0
P 146 38 0 255 0
P 147 38 0 255 0
P 148 38 255 0 255
P 149 38 255 0 255
P 150 38 255 0 255
P 151 38 255 0 255
P 152 38 255 0 255
P 153 38 255 0 255
P 154 38 255 0 255
P 155 38 255 0 255
P 156 38 255 0 0
P 157 38 255 0 0
P 158 38 255 0 0
P 159 38 255 0 0
P 160 38 255 0 0
P 161 38 255 0 0
P 162 38 255 0 0
P 163 38 255 0 0
P 164 38 255 0 0
P 165 38 0 255 255
P 166 38 0 255 255
P 167 38 0 255 255
P 168 38 0 255 255
P 169 38 0 255 255
P 170 38 0 255 255
P 171 38 0 255 255
P 172 38 0 255 255
P 173 38 0 255 0
P 174 38 0 255 0
P 175 38 0 255 0
P 176 38 0 255 0
P 177 38 0 255 0
P 178 38 0 255 0
P 179 38 0 255 0
P 180 38 0 255 0
P 181 38 0 255 0
P 182 38 255 0 255
P 183 38 255 0 255
P 184 38 255 0 255
P 185 38 255 0 255
P 186 38 255 0 255
P 187 38 255 0 255
P 188 38 255 0 255
P 189 38 255 0 255
P 190 38 255 0 0
P 191 38 255 0 0
P 192 38 255 0 0
P 193 38 255 0 0
P 194 38 255 0 0
P 195 38 255 0 0
P 196 38 255 0 0
P 197 38 255 0 0
P 198 38 255 0 0
P 199 38 0 255 255
P 200 38 0 255 255
P 201 38 0 255 255
P 202 38 0 255 255
P 203 38 0 255 255
P 204 38 0 255 255
P 205 38 0 255 255
P 206 38 0 255 255
P 207 38 0 255 0
P 208 38 0 255 0
P 209 38 0 255 0
P 210 38 0 255 0
P 211 38 0 255 0
P 212 38 0 255 0
P 213 38 0 255 0
P 214 38 0 255 0
P 215 38 0 255 0
P 216 38 255 0 255
P 217 38 255 0 255
P 218 38 255 0 255
P 219 38 255 0 255
P 220 38 255 0 255
P 221 38 255 0 255
P 222 38 255 0 255
P 223 38 255 0 255
P 224 38 255 0 0
P 225 38 255 0 0
P 226 38 255 0 0
P 227 38 255 0 0
P 228 38 255 0 0
P 229 38 255 0 0
P 230 38 255 0 0
P 231 38 255 0 0
P 232 38 255 0 0
P 233 38 0 255 255
P 234 38 0 255 255
P 235 38 0 255 255
P 236 38 0 255 255
P 237 38 0 255 255
P 238 38 0 255 255
P 239 38 0 255 255
P 240 38 0 255 255
P 241 38 0 255 0
P 242 38 0 255 0
P 243 38 0 255 0
P 244 38 0 255 0
P 245 38 0 255 0
P 246 38 0 255 0
P 247 38 0 255 0
P 248 38 0 255 0
P 249 38 0 255 0
P 250 38 255 0 255
P 251 38 255 0 255
P 252 38 255 0 255
P 253 38 255 0 255
P 254 38 255 0 255
P 255 38 255 0 255
P 256 38 255 0 255
P 257 38 255 0 255
P 258 38 255 0 0
P 259 38 255 0 0
P 260 38 255 0 0
P 261 38 255 0 0
P 262 38 255 0 0
P 263 38 255 0 0
P 264 38 255 0 0
P 265 38 255 0 0
P 266 38 255 0 0
P 267 38 0 255 255
P 268 38 0 255 255
P 269 38 0 255 255
P 270 38 0 255 255
P 271 38 0 255 255
P 272 38 0 255 255
P 273 38 0 255 255
P 274 38 0 255 255
P 275 38 0 255 0
P 276 38 0 255 0
P 277 38 0 255 0
P 278 38 0 255 0
P 279 38 0 255 0
P 280 38 0 255 0
P 281 38 0 255 0
P 282 38 0 255 0
P 283 38 0 255 0
P 284 38 255 0 255
P 285 38 255 0 255
P 286 38 255 0 255
P 287 38 255 0 255
P 288 38 255 0 255
P 289 38 255 0 255
P 290 38 255 0 255
P 291 38 255 0 255
P 20 39 255 0 0
P 21 39 255 0 0
P 22 39 255 0 0
P 23 39 255 0 0
P 24 39 255 0 0
P 25 39 255 0 0
P 26 39 255 0 0
P 27 39 255 0 0
P 28 39 255 0 0
P 29 39 255 0 0
P 30 39 255 0 0
P 31 39 255 255 0
P 32 39 255 255 0
P 33 39 255 255 0
P 34 39 255 255 0
P 35 39 255 255 0
P 36 39 255 255 0
P 37 39 0 255 255
P 38 39 0 255 255
P 39 39 0 255 255
P 40 39 0 255 255
P 41 39 0 255 255
P 42 39 0 255 255
P 43 39 0 255 255
P 44 39 0 255 255
P 45 39 0 255 255
P 46 39 0 255 255
P 47 39 0 255 255
P 48 39 255 0 255
P 49 39 255 0 255
P 50 39 255 0 255
P 51 39 255 0 255
P 52 39 255 0 255
P 53 39 255 0 255
P 54 39 255 0 0
P 55 39 255 0 0
P 56 39 255 0 0
P 57 39 255 0 0
P 58 39 255 0 0
P 59 39 255 0 0
P 60 39 255 0 0
P 61 39 255 0 0
P 62 39 255 0 0
P 63 39 255 0 0
P 64 39 0 255 255
P 65 39 0 255 255
P 66 39 0 255 255
P 67 39 0 255 255
P 68 39 0 255 255
P 69 39 0 255 255
P 70 39 0 255 255
P 71 39 0 255 0
P 72 39 0 255 0
P 73 39 0 255 0
P 74 39 0 255 0
P 75 39 0 255 0
P 76 39 0 255 0
P 77 39 0 255 0
P 78 39 0 255 0
P 79 39 0 255 0
P 80 39 0 255 0
P 81 39 255 0 255
P 82 39 255 0 255
P 83 39 255 0 255
P 84 39 255 0 255
P 85 39 255 0 255
P 86 39 255 0 255
P 87 39 255 0 255
P 88 39 255 0 0
P 89 39 255 0 0
P 90 39 255 0 0
P 91 39 255 0 0
P 92 39 255 0 0
P 93 39 255 0 0
P 94 39 255 0 0
P 95 39 255 0 0
P 96 39 255 0 0
P 97 39 255 0 0
P 98 39 0 255 255
P 99 39 0 255 255
P 100 39 0 255 255
P 101 39 0 255 255
P 102 39 0 255 255
P 103 39 0 255 255
P 104 39 0 255 255
P 105 39 0 255 0
P 106 39 0 255 0
P 107 39 0 255 0
P 108 39 0 255 0
P 109 39 0 255 0
P 110 39 0 255 0
P 111 39 0 255 0
P 112 39 0 255 0
P 113 39 0 255 0
P 114 39 0 255 0
P 115 39 0 255 0
P 116 39 255 0 255
P 117 39 255 0 255
P 118 39 255 0 255
P 119 39 255 0 255
P 120 39 255 0 255
P 121 39 255 0 255
P 122 39 255 0 0
P 123 39 255 0 0
P 124 39 255 0 0
P 125 39 255 0 0
P 126 39 255 0 0
P 127 39 255 0 0
P 128 39 255 0 0
P 129 39 255 0 0
P 130 39 255 0 0
P 131 39 255 0 0
P 132 39 255 0 0
P 133 39 0 255 255
P 134 39 0 255 255
P 135 39 0 255 255
P 136 39 0 255 255
P 137 39 0 255 255
P 138 39 0 255 255
P 139 39 0 255 0
P 140 39 0 255 0
P 141 39 0 255 0
P 142 39 0 255 0
P 143 39 0 255 0
P 144 39 0 255 0
P 145 39 0 255 0
P 146 39 0 255 0
P 147 39 0 255 0
P 148 39 0 255 0
P 149 39 0 255 0
P 150 39 255 0 255
P 151 39 255 0 255
P 152 39 255 0 255
P 153 39 255 0 255
P 154 39 255 0 255
P 155 39 255 0 255
P 156 39 255 0 0
P 157 39 255 0 0
P 158 39 255 0 0
P 159 39 255 0 0
P 160 39 255 0 0
P 161 39 255 0 0
P 162 39 255 0 0
P 163 39 255 0 0
P 164 39 255 0 0
P 165 39 255 0 0
P 166 39 255 0 0
P 167 39 0 255 255
P 168 39 0 255 255
P 169 39 0 255 255
P 170 39 0 255 255
P 171 39 0 255 255
P 172 39 0 255 255
P 173 39 0 255 0
P 174 39 0 255 0
P 175 39 0 255 0
P 176 39 0 255 0
P 177 39 0 255 0
P 178 39 0 255 0
P 179 39 0 255 0
P 180 39 0 255 0
P 181 39 0 255 0
P 182 39 0 255 0
P 183 39 0 255 0
P 184 39 255 0 255
P 185 39 255 0 255
P 186 39 255 0 255
P 187 39 255 0 255
P 188 39 255 0 255
P 189 39 255 0 255
P 190 39 255 0 0
P 191 39 255 0 0
P 192 39 255 0 0
P 193 39 255 0 0
P 194 39 255 0 0
P 195 39 255 0 0
P 196 39 255 0 0
P 197 39 255 0 0
P 198 39 255 0 0
P 199 39 255 0 0
P 200 39 0 255 255
P 201 39 0 255 255
P 202 39 0 255 255
P 203 39 0 255 255
P 204 39 0 255 255
P 205 39 0 255 255
P 206 39 0 255 255
P 207 39 0 255 0
P 208 39 0 255 0
P 209 39 0 255 0
P 210 39 0 255 0
P 211 39 0 255 0
P 212 39 0 255 0
P 213 39 0 255 0
P 214 39 0 255 0
P 215 39 0 255 0
P 216 39 0 255 0
P 217 39 255 0 255
P 218 39 255 0 255
P 219 39 255 0 255
P 220 39 255 0 255
P 221 39 255 0 255
P 222 39 255 0 255
P 223 39 255 0 255
P 224 39 255 0 0
P 225 39 255 0 0
P 226 39 255 0 0
P 227 39 255 0 0
P 228 39 255 0 0
P 229 39 255 0 0
P 230 39 255 0 0
P 231 39 255 0 0
P 232 39 255 0 0
P 233 39 255 0 0
P 234 39 255 0 0
P 235 39 0 255 255
P 236 39 0 255 255
P 237 39 0 255 255
P 238 39 0 255 255
P 239 39 0 255 255
P 240 39 0 255 255
P 241 39 0 255 0
P 242 39 0 255 0
P 243 39 0 255 0
P 244 39 0 255 0
P 245 39 0 255 0
P 246 39 0 255 0
P 247 39 0 255 0
P 248 39 0 255 0
P 249 39 0 255 0
P 250 39 0 255 0
P 251 39 0 255 0
P 252 39 255 0 255
P 253 39 255 0 255
P 254 39 255 0 255
P 255 39 255 0 255
P 256 39 255 0 255
P 257 39 255 0 255
P 258 39 255 0 0
P 259 39 255 0 0
P 260 39 255 0 0
P 261 39 255 0 0
P 262 39 255 0 0
P 263 39 255 0 0
P 264 39 255 0 0
P 265 39 255 0 0
P 266 39 255 0 0
P 267 39 255 0 0
P 268 39 0 255 255
P 269 39 0 255 255
P 270 39 0 255 255
P 271 39 0 255 255
P 272 39 0 255 255
P 273 39 0 255 255
P 274 39 0 255 255
P 275 39 0 255 0
P 276 39 0 255 0
P 277 39 0 255 0
P 278 39 0 255 0
P 279 39 0 255 0
P 280 39 0 255 0
P 281 39 0 255 0
P 282 39 0 255 0
P 283 39 0 255 0
P 284 39 0 255 0
P 285 39 255 0 255
P 286 39 255 0 255
P 287 39 255 0 255
P 288 39 255 0 255
P 289 39 255 0 255
P 290 39 255 0 255
P 291 39 255 0 255
P 20 40 255 0 0
P 21 40 255 0 0
P 22 40 255 0 0
P 23 40 255 0 0
P 24 40 255 0 0
P 25 40 255 0 0
P 26 40 255 0 0
P 27 40 255 0 0
P 28 40 255 0 0
P 29 40 255 0 0
P 30 40 255 0 0
P 31 40 255 0 0
P 32 40 255 255 0
P 33 40 255 255 0
P 34 40 255 255 0
P 35 40 255 255 0
P 36 40 255 255 0
P 37 40 0 255 255
P 38 40 0 255 255
P 39 40 0 255 255
P 40 40 0 255 255
P 41 40 0 255 255
P 42 40 0 255 255
P 43 40 0 255 255
P 44 40 0 255 255
P 45 40 0 255 255
P 46 40 0 255 255
P 47 40 0 255 255
P 48 40 0 255 255
P 49 40 255 0 255
P 50 40 255 0 255
P 51 40 255 0 255
P 52 40 255 0 255
P 53 40 255 0 255
P 54 40 255 0 0
P 55 40 255 0 0
P 56 40 255 0 0
P 57 40 255 0 0
P 58 40 255 0 0
P 59 40 255 0 0
P 60 40 255 0 0
P 61 40 255 0 0
P 62 40 255 0 0
P 63 40 255 0 0
P 64 40 255 0 0
P 65 40 255 0 0
P 66 40 0 255 255
P 67 40 0 255 255
P 68 40 0 255 255
P 69 40 0 255 255
P 70 40 0 255 255
P 71 40 0 255 0
P 72 40 0 255 0
P 73 40 0 255 0
P 74 40 0 255 0
P 75 40 0 255 0
P 76 40 0 255 0
P 77 40 0 255 0
P 78 40 0 255 0
P 79 40 0 255 0
P 80 40 0 255 0
P 81 40 0 255 0
P 82 40 0 255 0
P 83 40 255 0 255
P 84 40 255 0 255
P 85 40 255 0 255
P 86 40 255 0 255
P 87 40 255 0 255
P 88 40 255 0 0
P 89 40 255 0 0
P 90 40 255 0 0
P 91 40 255 0 0
P 92 40 255 0 0
P 93 40 255 0 0
P 94 40 255 0 0
P 95 40 255 0 0
P 96 40 255 0 0
P 97 40 255 0 0
P 98 40 255 0 0
P 99 40 255 0 0
P 100 40 0 255 255
P 101 40 0 255 255
P 102 40 0 255 255
P 103 40 0 255 255
P 104 40 0 255 255
P 105 40 0 255 0
P 106 40 0 255 0
P 107 40 0 255 0
P 108 40 0 255 0
P 109 40 0 255 0
P 110 40 0 255 0
P 111 40 0 255 0
P 112 40 0 255 0
P 113 40 0 255 0
P 114 40 0 255 0
P 115 40 0 255 0
P 116 40 0 255 0
P 117 40 255 0 255
P 118 40 255 0 255
P 119 40 255 0 255
P 120 40 255 0 255
P 121 40 255 0 255
P 122 40 255 0 0
P 123 40 255 0 0
P 124 40 255 0 0
P 125 40 255 0 0
P 126 40 255 0 0
P 127 40 255 0 0
P 128 40 255 0 0
P 129 40 255 0 0
P 130 40 255 0 0
P 131 40 255 0 0
P 132 40 255 0 0
P 133 40 255 0 0
P 134 40 0 255 255
P 135 40 0 255 255
P 136 40 0 255 255
P 137 40 0 255 255
P 138 40 0 255 255
P 139 40 0 255 0
P 140 40 0 255 0
P 141 40 0 255 0
P 142 40 0 255 0
P 143 40 0 255 0
P 144 40 0 255 0
P 145 40 0 255 0
P 146 40 0 255 0
P 147 40 0 255 0
P 148 40 0 255 0
P 149 40 0 255 0
P 150 40 0 255 0
P 151 40 255 0 255
P 152 40 255 0 255
P 153 40 255 0 255
P 154 40 255 0 255
P 155 40 255 0 255
P 156 40 255 0 0
P 157 40 255 0 0
P 158 40 255 0 0
P 159 40 255 0 0
P 160 40 255 0 0
P 161 40 255 0 0
P 162 40 255 0 0
P 163 40 255 0 0
P 164 40 255 0 0
P 165 40 255 0 0
P 166 40 255 0 0
P 167 40 255 0 0
P 168 40 0 255 255
P 169 40 0 255 255
P 170 40 0 255 255
P 171 40 0 255 255
P 172 40 0 255 255
P 173 40 0 255 0
P 174 40 0 255 0
P 175 40 0 255 0
P 176 40 0 255 0
P 177 40 0 255 0
P 178 40 0 255 0
P 179 40 0 255 0
P 180 40 0 255 0
P 181 40 0 255 0
P 182 40 0 255 0
P 183 40 0 255 0
P 184 40 0 255 0
P 185 40 255 0 255
P 186 40 255 0 255
P 187 40 255 0 255
P 188 40 255 0 255
P 189 40 255 0 255
P 190 40 255 0 0
P 191 40 255 0 0
P 192 40 255 0 0
P 193 40 255 0 0
P 194 40 255 0 0
P 195 40 255 0 0
P 196 40 255 0 0
P 197 40 255 0 0
P 198 40 255 0 0
P 199 40 255 0 0
P 200 40 255 0 0
P 201 40 255 0 0
P 202 40 0 255 255
P 203 40 0 255 255
P 204 40 0 255 255
P 205 40 0 255 255
P 206 40 0 255 255
P 207 40 0 255 0
P 208 40 0 255 0
P 209 40 0 255 0
P 210 40 0 255 0
P 211 40 0 255 0
P 212 40 0 255 0
P 213 40 0 255 0
P 214 40 0 255 0
P 215 40 0 255 0
P 216 40 0 255 0
P 217 40 0 255 0
P 218 40 0 255 0
P 219 40 255 0 255
P 220 40 255 0 255
P 221 40 255 0 255
P 222 40 255 0 255
P 223 40 255 0 255
P 224 40 255 0 0
P 225 40 255 0 0
P 226 40 255 0 0
P 227 40 255 0 0
P 228 40 255 0 0
P 229 40 255 0 0
P 230 40 255 0 0
P 231 40 255 0 0
P 232 40 255 0 0
P 233 40 255 0 0
P 234 40 255 0 0
P 235 40 255 0 0
P 236 40 0 255 255
P 237 40 0 255 255
P 238 40 0 255 255
P 239 40 0 255 255
P 240 40 0 255 255
P 241 40 0 255 0
P 242 40 0 255 0
P 243 40 0 255 0
P 244 40 0 255 0
P 245 40 0 255 0
P 246 40 0 255 0
P 247 40 0 255 0
P 248 40 0 255 0
P 249 40 0 255 0
P 250 40 0 255 0
P 251 40 0 255 0
P 252 40 0 255 0
P 253 40 255 0 255
P 254 40 255 0 255
P 255 40 255 0 255
P 256 40 255 0 255
P 257 40 255 0 255
P 258 40 255 0 0
P 259 40 255 0 0
P 260 40 255 0 0
P 261 40 255 0 0
P 262 40 255 0 0
P 263 40 255 0 0
P 264 40 255 0 0
P 265 40 255 0 0
P 266 40 255 0 0
P 267 40 255 0 0
P 268 40 255 0 0
P 269 40 255 0 0
P 270 40 0 255 255
P 271 40 0 255 255
P 272 40 0 255 255
P 273 40 0 255 255
P 274 40 0 255 255
P 275 40 0 255 0
P 276 40 0 255 0
P 277 40 0 255 0
P 278 40 0 255 0
P 279 40 0 255 0
P 280 40 0 255 0
P 281 40 0 255 0
P 282 40 0 255 0
P 283 40 0 255 0
P 284 40 0 255 0
P 285 40 0 255 0
P 286 40 0 255 0
P 287 40 255 0 255
P 288 40 255 0 255
P 289 40 255 0 255
P 290 40 255 0 255
P 291 40 255 0 255
P 20 41 255 0 0
P 21 41 255 0 0
P 22 41 255 0 0
P 23 41 255 0 0
P 24 41 255 0 0
P 25 41 255 0 0
P 26 41 255 0 0
P 27 41 255 0 0
P 28 41 255 0 0
P 29 41 255 0 0
P 30 41 255 0 0
P 31 41 255 0 0
P 32 41 255 0 0
P 33 41 255 0 0
P 34 41 255 255 0
P 35 41 255 255 0
P 36 41 255 255 0
P 37 41 0 255 255
P 38 41 0 255 255
P 39 41 0 255 255
P 40 41 0 255 255
P 41 41 0 255 255
P 42 41 0 255 255
P 43 41 0 255 255
P 44 41 0 255 255
P 45 41 0 255 255
P 46 41 0 255 255
P 47 41 0 255 255
P 48 41 0 255 255
P 49 41 0 255 255
P 50 41 0 255 255
P 51 41 255 0 255
P 52 41 255 0 255
P 53 41 255 0 255
P 54 41 255 0 0
P 55 41 255 0 0
P 56 41 255 0 0
P 57 41 255 0 0
P 58 41 255 0 0
P 59 41 255 0 0
P 60 41 255 0 0
P 61 41 255 0 0
P 62 41 255 0 0
P 63 41 255 0 0
P 64 41 255 0 0
P 65 41 255 0 0
P 66 41 255 0 0
P 67 41 0 255 255
P 68 41 0 255 255
P 69 41 0 255 255
P 70 41 0 255 255
P 71 41 0 255 0
P 72 41 0 255 0
P 73 41 0 255 0
P 74 41 0 255 0
P 75 41 0 255 0
P 76 41 0 255 0
P 77 41 0 255 0
P 78 41 0 255 0
P 79 41 0 255 0
P 80 41 0 255 0
P 81 41 0 255 0
P 82 41 0 255 0
P 83 41 0 255 0
P 84 41 255 0 255
P 85 41 255 0 255
P 86 41 255 0 255
P 87 41 255 0 255
P 88 41 255 0 0
P 89 41 255 0 0
P 90 41 255 0 0
P 91 41 255 0 0
P 92 41 255 0 0
P 93 41 255 0 0
P 94 41 255 0 0
P 95 41 255 0 0
P 96 41 255 0 0
P 97 41 255 0 0
P 98 41 255 0 0
P 99 41 255 0 0
P 100 41 255 0 0
P 101 41 0 255 255
P 102 41 0 255 255
P 103 41 0 255 255
P 104 41 0 255 255
P 105 41 0 255 0
P 106 41 0 255 0
P 107 41 0 255 0
P 108 41 0 255 0
P 109 41 0 255 0
P 110 41 0 255 0
P 111 41 0 255 0
P 112 41 0 255 0
P 113 41 0 255 0
P 114 41 0 255 0
P 115 41 0 255 0
P 116 41 0 255 0
P 117 41 0 255 0
P 118 41 255 0 255
P 119 41 255 0 255
P 120 41 255 0 255
P 121 41 255 0 255
P 122 41 255 0 0
P 123 41 255 0 0
P 124 41 255 0 0
P 125 41 255 0 0
P 126 41 255 0 0
P 127 41 255 0 0
P 128 41 255 0 0
P 129 41 255 0 0
P 130 41 255 0 0
P 131 41 255 0 0
P 132 41 255 0 0
P 133 41 255 0 0
P 134 41 255 0 0
P 135 41 0 255 255
P 136 41 0 255 255
P 137 41 0 255 255
P 138 41 0 255 255
P 139 41 0 255 0
P 140 41 0 255 0
P 141 41 0 255 0
P 142 41 0 255 0
P 143 41 0 255 0
P 144 41 0 255 0
P 145 41 0 255 0
P 146 41 0 255 0
P 147 41 0 255 0
P 148 41 0 255 0
P 149 41 0 255 0
P 150 41 0 255 0
P 151 41 0 255 0
P 152 41 255 0 255
P 153 41 255 0 255
P 154 41 255 0 255
P 155 41 255 0 255
P 156 41 255 0 0
P 157 41 255 0 0
P 158 41 255 0 0
P 159 41 255 0 0
P 160 41 255 0 0
P 161 41 255 0 0
P 162 41 255 0 0
P 163 41 255 0 0
P 164 41 255 0 0
P 165 41 255 0 0
P 166 41 255 0 0
P 167 41 255 0 0
P 168 41 255 0 0
P 169 41 0 255 255
P 170 41 0 255 255
P 171 41 0 255 255
P 172 41 0 255 255
P 173 41 0 255 0
P 174 41 0 255 0
P 175 41 0 255 0
P 176 41 0 255 0
P 177 41 0 255 0
P 178 41 0 255 0
P 179 41 0 255 0
P 180 41 0 255 0
P 181 41 0 255 0
P 182 41 0 255 0
P 183 41 0 255 0
P 184 41 0 255 0
P 185 41 0 255 0
P 186 41 255 0 255
P 187 41 255 0 255
P 188 41 255 0 255
P 189 41 255 0 255
P 190 41 255 0 0
P 191 41 255 0 0
P 192 41 255 0 0
P 193 41 255 0 0
P 194 41 255 0 0
P 195 41 255 0 0
P 196 41 255 0 0
P 197 41 255 0 0
P 198 41 255 0 0
P 199 41 255 0 0
P 200 41 255 0 0
P 201 41 255 0 0
P 202 41 255 0 0
P 203 41 0 255 255
P 204 41 0 255 255
P 205 41 0 255 255
P 206 41 0 255 255
P 207 41 0 255 0
P 208 41 0 255 0
P 209 41 0 255 0
P 210 41 0 255 0
P 211 41 0 255 0
P 212 41 0 255 0
P 213 41 0 255 0
P 214 41 0 255 0
P 215 41 0 255 0
P 216 41 0 255 0
P 217 41 0 255 0
P 218 41 0 255 0
P 219 41 0 255 0
P 220 41 255 0 255
P 221 41 255 0 255
P 222 41 255 0 255
P 223 41 255 0 255
P 224 41 255 0 0
P 225 41 255 0 0
P 226 41 255 0 0
P 227 41 255 0 0
P 228 41 255 0 0
P 229 41 255 0 0
P 230 41 255 0 0
P 231 41 255 0 0
P 232 41 255 0 0
P 233 41 255 0 0
P 234 41 255 0 0
P 235 41 255 0 0
P 236 41 255 0 0
P 237 41 0 255 255
P 238 41 0 255 255
P 239 41 0 255 255
P 240 41 0 255 255
P 241 41 0 255 0
P 242 41 0 255 0
P 243 41 0 255 0
P 244 41 0 255 0
P 245 41 0 255 0
P 246 41 0 255 0
P 247 41 0 255 0
P 248 41 0 255 0
P 249 41 0 255 0
P 250 41 0 255 0
P 251 41 0 255 0
P 252 41 0 255 0
P 253 41 0 255 0
P 254 41 0 255 0
P 255 41 255 0 255
P 256 41 255 0 255
P 257 41 255 0 255
P 258 41 255 0 0
P 259 41 255 0 0
P 260 41 255 0 0
P 261 41 255 0 0
P 262 41 255 0 0
P 263 41 255 0 0
P 264 41 255 0 0
P 265 41 255 0 0
P 266 41 255 0 0
P 267 41 255 0 0
P 268 41 255 0 0
P 269 41 255 0 0
P 270 41 255 0 0
P 271 41 0 255 255
P 272 41 0 255 255
P 273 41 0 255 255
P 274 41 0 255 255
P 275 41 0 255 0
P 276 41 0 255 0
P 277 41 0 255 0
P 278 41 0 255 0
P 279 41 0 255 0
P 280 41 0 255 0
P 281 41 0 255 0
P 282 41 0 255 0
P 283 41 0 255 0
P 284 41 0 255 0
P 285 41 0 255 0
P 286 41 0 255 0
P 287 41 0 255 0
P 288 41 255 0 255
P 289 41 255 0 255
P 290 41 255 0 255
P 291 41 255 0 255
P 20 42 255 0 0
P 21 42 255 0 0
P 22 42 255 0 0
P 23 42 255 0 0
P 24 42 255 0 0
P 25 42 255 0 0
P 26 42 255 0 0
P 27 42 255 0 0
P 28 42 255 0 0
P 29 42 255 0 0
P 30 42 255 0 0
P 31 42 255 0 0
P 32 42 255 0 0
P 33 42 255 0 0
P 34 42 255 0 0
P 35 42 255 255 0
P 36 42 255 255 0
P 37 42 0 255 255
P 38 42 0 255 255
P 39 42 0 255 255
P 40 42 0 255 255
P 41 42 0 255 255
P 42 42 0 255 255
P 43 42 0 255 255
P 44 42 0 255 255
P 45 42 0 255 255
P 46 42 0 255 255
P 47 42 0 255 255
P 48 42 0 255 255
P 49 42 0 255 255
P 50 42 0 255 255
P 51 42 0 255 255
P 52 42 255 0 255
P 53 42 255 0 255
P 54 42 255 0 0
P 55 42 255 0 0
P 56 42 255 0 0
P 57 42 255 0 0
P 58 42 255 0 0
P 59 42 255 0 0
P 60 42 255 0 0
P 61 42 255 0 0
P 62 42 255 0 0
P 63 42 255 0 0
P 64 42 255 0 0
P 65 42 255 0 0
P 66 42 255 0 0
P 67 42 255 0 0
P 68 42 255 0 0
P 69 42 0 255 255
P 70 42 0 255 255
P 71 42 0 255 0
P 72 42 0 255 0
P 73 42 0 255 0
P 74 42 0 255 0
P 75 42 0 255 0
P 76 42 0 255 0
P 77 42 0 255 0
P 78 42 0 255 0
P 79 42 0 255 0
P 80 42 0 255 0
P 81 42 0 255 0
P 82 42 0 255 0
P 83 42 0 255 0
P 84 42 0 255 0
P 85 42 0 255 0
P 86 42 255 0 255
P 87 42 255 0 255
P 88 42 255 0 0
P 89 42 255 0 0
P 90 42 255 0 0
P 91 42 255 0 0
P 92 42 255 0 0
P 93 42 255 0 0
P 94 42 255 0 0
P 95 42 255 0 0
P 96 42 255 0 0
P 97 42 255 0 0
P 98 42 255 0 0
P 99 42 255 0 0
P 100 42 255 0 0
P 101 42 255 0 0
P 102 42 0 255 255
P 103 42 0 255 255
P 104 42 0 255 255
P 105 42 0 255 0
P 106 42 0 255 0
P 107 42 0 255 0
P 108 42 0 255 0
P 109 42 0 255 0
P 110 42 0 255 0
P 111 42 0 255 0
P 112 42 0 255 0
P 113 42 0 255 0
P 114 42 0 255 0
P 115 42 0 255 0
P 116 42 0 255 0
P 117 42 0 255 0
P 118 42 0 255 0
P 119 42 0 255 0
P 120 42 255 0 255
P 121 42 255 0 255
P 122 42 255 0 0
P 123 42 255 0 0
P 124 42 255 0 0
P 125 42 255 0 0
P 126 42 255 0 0
P 127 42 255 0 0
P 128 42 255 0 0
P 129 42 255 0 0
P 130 42 255 0 0
P 131 42 255 0 0
P 132 42 255 0 0
P 133 42 255 0 0
P 134 42 255 0 0
P 135 42 255 0 0
P 136 42 255 0 0
P 137 42 0 255 255
P 138 42 0 255 255
P 139 42 0 255 0
P 140 42 0 255 0
P 141 42 0 255 0
P 142 42 0 255 0
P 143 42 0 255 0
P 144 42 0 255 0
P 145 42 0 255 0
P 146 42 0 255 0
P 147 42 0 255 0
P 148 42 0 255 0
P 149 42 0 255 0
P 150 42 0 255 0
P 151 42 0 255 0
P 152 42 0 255 0
P 153 42 0 255 0
P 154 42 255 0 255
P 155 42 255 0 255
P 156 42 255 0 0
P 157 42 255 0 0
P 158 42 255 0 0
P 159 42 255 0 0
P 160 42 255 0 0
P 161 42 255 0 0
P 162 42 255 0 0
P 163 42 255 0 0
P 164 42 255 0 0
P 165 42 255 0 0
P 166 42 255 0 0
P 167 42 255 0 0
P 168 42 255 0 0
P 169 42 255 0 0
P 170 42 255 0 0
P 171 42 0 255 255
P 172 42 0 255 255
P 173 42 0 255 0
P 174 42 0 255 0
P 175 42 0 255 0
P 176 42 0 255 0
P 177 42 0 255 0
P 178 42 0 255 0
P 179 42 0 255 0
P 180 42 0 255 0
P 181 42 0 255 0
P 182 42 0 255 0
P 183 42 0 255 0
P 184 42 0 255 0
P 185 42 0 255 0
P 186 42 0 255 0
P 187 42 0 255 0
P 188 42 255 0 255
P 189 42 255 0 255
P 190 42 255 0 0
P 191 42 255 0 0
P 192 42 255 0 0
P 193 42 255 0 0
P 194 42 255 0 0
P 195 42 255 0 0
P 196 42 255 0 0
P 197 42 255 0 0
P 198 42 255 0 0
P 199 42 255 0 0
P 200 42 255 0 0
P 201 42 255 0 0
P 202 42 255 0 0
P 203 42 255 0 0
P 204 42 255 0 0
P 205 42 0 255 255
P 206 42 0 255 255
P 207 42 0 255 0
P 208 42 0 255 0
P 209 42 0 255 0
P 210 42 0 255 0
P 211 42 0 255 0
P 212 42 0 255 0
P 213 42 0 255 0
P 214 42 0 255 0
P 215 42 0 255 0
P 216 42 0 255 0
P 217 42 0 255 0
P 218 42 0 255 0
P 219 42 0 255 0
P 220 42 0 255 0
P 221 42 0 255 0
P 222 42 255 0 255
P 223 42 255 0 255
P 224 42 255 0 0
P 225 42 255 0 0
P 226 42 255 0 0
P 227 42 255 0 0
P 228 42 255 0 0
P 229 42 255 0 0
P 230 42 255 0 0
P 231 42 255 0 0
P 232 42 255 0 0
P 233 42 255 0 0
P 234 42 255 0 0
P 235 42 255 0 0
P 236 42 255 0 0
P 237 42 255 0 0
P 238 42 255 0 0
P 239 42 0 255 255
P 240 42 0 255 255
P 241 42 0 255 0
P 242 42 0 255 0
P 243 42 0 255 0
P 244 42 0 255 0
P 245 42 0 255 0
P 246 42 0 255 0
P 247 42 0 255 0
P 248 42 0 255 0
P 249 42 0 255 0
P 250 42 0 255 0
P 251 42 0 255 0
P 252 42 0 255 0
P 253 42 0 255 0
P 254 42 0 255 0
P 255 42 0 255 0
P 256 42 255 0 255
P 257 42 255 0 255
P 258 42 255 0 0
P 259 42 255 0 0
P 260 42 255 0 0
P 261 42 255 0 0
P 262 42 255 0 0
P 263 42 255 0 0
P 264 42 255 0 0
P 265 42 255 0 0
P 266 42 255 0 0
P 267 42 255 0 0
P 268 42 255 0 0
P 269 42 255 0 0
P 270 42 255 0 0
P 271 42 255 0 0
P 272 42 255 0 0
P 273 42 0 255 255
P 274 42 0 255 255
P 275 42 0 255 0
P 276 42 0 255 0
P 277 42 0 255 0
P 278 42 0 255 0
P 279 42 0 255 0
P 280 42 0 255 0
P 281 42 0 255 0
P 282 42 0 255 0
P 283 42 0 255 0
P 284 42 0 255 0
P 285 42 0 255 0
P 286 42 0 255 0
P 287 42 0 255 0
P 288 42 0 255 0
P 289 42 0 255 0
P 290 42 255 0 255
P 291 42 255 0 255
P 20 43 255 0 0
P 21 43 255 0 0
P 22 43 255 0 0
P 23 43 255 0 0
P 24 43 255 0 0
P 25 43 255 0 0
P 26 43 255 0 0
P 27 43 255 0 0
P 28 43 255 0 0
P 29 43 255 0 0
P 30 43 255 0 0
P 31 43 255 0 0
P 32 43 255 0 0
P 33 43 255 0 0
P 34 43 255 0 0
P 35 43 255 0 0
P 36 43 255 255 0
P 37 43 0 255 255
P 38 43 0 255 255
P 39 43 0 255 255
P 40 43 0 255 255
P 41 43 0 255 255
P 42 43 0 255 255
P 43 43 0 255 255
P 44 43 0 255 255
P 45 43 0 255 255
P 46 43 0 255 255
P 47 43 0 255 255
P 48 43 0 255 255
P 49 43 0 255 255
P 50 43 0 255 255
P 51 43 0 255 255
P 52 43 0 255 255
P 53 43 255 0 255
P 54 43 255 0 0
P 55 43 255 0 0
P 56 43 255 0 0
P 57 43 255 0 0
P 58 43 255 0 0
P 59 43 255 0 0
P 60 43 255 0 0
P 61 43 255 0 0
P 62 43 255 0 0
P 63 43 255 0 0
P 64 43 255 0 0
P 65 43 255 0 0
P 66 43 255 0 0
P 67 43 255 0 0
P 68 43 255 0 0
P 69 43 255 0 0
P 70 43 0 255 255
P 71 43 0 255 0
P 72 43 0 255 0
P 73 43 0 255 0
P 74 43 0 255 0
P 75 43 0 255 0
P 76 43 0 255 0
P 77 43 0 255 0
P 78 43 0 255 0
P 79 43 0 255 0
P 80 43 0 255 0
P 81 43 0 255 0
P 82 43 0 255 0
P 83 43 0 255 0
P 84 43 0 255 0
P 85 43 0 255 0
P 86 43 0 255 0
P 87 43 255 0 255
P 88 43 255 0 0
P 89 43 255 0 0
P 90 43 255 0 0
P 91 43 255 0 0
P 92 43 255 0 0
P 93 43 255 0 0
P 94 43 255 0 0
P 95 43 255 0 0
P 96 43 255 0 0
P 97 43 255 0 0
P 98 43 255 0 0
P 99 43 255 0 0
P 100 43 255 0 0
P 101 43 255 0 0
P 102 43 255 0 0
P 103 43 255 0 0
P 104 43 0 255 255
P 105 43 0 255 0
P 106 43 0 255 0
P 107 43 0 255 0
P 108 43 0 255 0
P 109 43 0 255 0
P 110 43 0 255 0
P 111 43 0 255 0
P 112 43 0 255 0
P 113 43 0 255 0
P 114 43 0 255 0
P 115 43 0 255 0
P 116 43 0 255 0
P 117 43 0 255 0
P 118 43 0 255 0
P 119 43 0 255 0
P 120 43 0 255 0
P 121 43 255 0 255
P 122 43 255 0 0
P 123 43 255 0 0
P 124 43 255 0 0
P 125 43 255 0 0
P 126 43 255 0 0
P 127 43 255 0 0
P 128 43 255 0 0
P 129 43 255 0 0
P 130 43 255 0 0
P 131 43 255 0 0
P 132 43 255 0 0
P 133 43 255 0 0
P 134 43 255 0 0
P 135 43 255 0 0
P 136 43 255 0 0
P 137 43 255 0 0
P 138 43 0 255 255
P 139 43 0 255 0
P 140 43 0 255 0
P 141 43 0 255 0
P 142 43 0 255 0
P 143 43 0 255 0
P 144 43 0 255 0
P 145 43 0 255 0
P 146 43 0 255 0
P 147 43 0 255 0
P 148 43 0 255 0
P 149 43 0 255 0
P 150 43 0 255 0
P 151 43 0 255 0
P 152 43 0 255 0
P 153 43 0 255 0
P 154 43 0 255 0
P 155 43 255 0 255
P 156 43 255 0 0
P 157 43 255 0 0
P 158 43 255 0 0
P 159 43 255 0 0
P 160 43 255 0 0
P 161 43 255 0 0
P 162 43 255 0 0
P 163 43 255 0 0
P 164 43 255 0 0
P 165 43 255 0 0
P 166 43 255 0 0
P 167 43 255 0 0
P 168 43 255 0 0
P 169 43 255 0 0
P 170 43 255 0 0
P 171 43 255 0 0
P 172 43 0 255 255
P 173 43 0 255 0
P 174 43 0 255 0
P 175 43 0 255 0
P 176 43 0 255 0
P 177 43 0 255 0
P 178 43 0 255 0
P 179 43 0 255 0
P 180 43 0 255 0
P 181 43 0 255 0
P 182 43 0 255 0
P 183 43 0 255 0
P 184 43 0 255 0
P 185 43 0 255 0
P 186 43 0 255 0
P 187 43 0 255 0
P 188 43 0 255 0
P 189 43 255 0 255
P 190 43 255 0 0
P 191 43 255 0 0
P 192 43 255 0 0
P 193 43 255 0 0
P 194 43 255 0 0
P 195 43 255 0 0
P 196 43 255 0 0
P 197 43 255 0 0
P 198 43 255 0 0
P 199 43 255 0 0
P 200 43 255 0 0
P 201 43 255 0 0
P 202 43 255 0 0
P 203 43 255 0 0
P 204 43 255 0 0
P 205 43 255 0 0
P 206 43 0 255 255
P 207 43 0 255 0
P 208 43 0 255 0
P 209 43 0 255 0
P 210 43 0 255 0
P 211 43 0 255 0
P 212 43 0 255 0
P 213 43 0 255 0
P 214 43 0 255 0
P 215 43 0 255 0
P 216 43 0 255 0
P 217 43 0 255 0
P 218 43 0 255 0
P 219 43 0 255 0
P 220 43 0 255 0
P 221 43 0 255 0
P 222 43 0 255 0
P 223 43 255 0 255
P 224 43 255 0 0
P 225 43 255 0 0
P 226 43 255 0 0
P 227 43 255 0 0
P 228 43 255 0 0
P 229 43 255 0 0
P 230 43 255 0 0
P 231 43 255 0 0
P 232 43 255 0 0
P 233 43 255 0 0
P 234 43 255 0 0
P 235 43 255 0 0
P 236 43 255 0 0
P 237 43 255 0 0
P 238 43 255 0 0
P 239 43 255 0 0
P 240 43 0 255 255
P 241 43 0 255 0
P 242 43 0 255 0
P 243 43 0 255 0
P 244 43 0 255 0
P 245 43 0 255 0
P 246 43 0 255 0
P 247 43 0 255 0
P 248 43 0 255 0
P 249 43 0 255 0
P 250 43 0 255 0
P 251 43 0 255 0
P 252 43 0 255 0
P 253 43 0 255 0
P 254 43 0 255 0
P 255 43 0 255 0
P 256 43 0 255 0
P 257 43 0 255 0
P 258 43 255 0 0
P 259 43 255 0 0
P 260 43 255 0 0
P 261 43 255 0 0
P 262 43 255 0 0
P 263 43 255 0 0
P 264 43 255 0 0
P 265 43 255 0 0
P 266 43 255 0 0
P 267 43 255 0 0
P 268 43 255 0 0
P 269 43 255 0 0
P 270 43 255 0 0
P 271 43 255 0 0
P 272 43 255 0 0
P 273 43 255 0 0
P 274 43 0 255 255
P 275 43 0 255 0
P 276 43 0 255 0
P 277 43 0 255 0
P 278 43 0 255 0
P 279 43 0 255 0
P 280 43 0 255 0
P 281 43 0 255 0
P 282 43 0 255 0
P 283 43 0 255 0
P 284 43 0 255 0
P 285 43 0 255 0
P 286 43 0 255 0
P 287 43 0 255 0
P 288 43 0 255 0
P 289 43 0 255 0
P 290 43 0 255 0
P 291 43 255 0 255
P 20 44 0 255 0
P 21 44 0 255 0
P 22 44 0 255 0
P 23 44 0 255 0
P 24 44 0 255 0
P 25 44 0 255 0
P 26 44 0 255 0
P 27 44 0 255 0
P 28 44 0 255 0
P 29 44 0 255 0
P 30 44 0 255 0
P 31 44 0 255 0
P 32 44 0 255 0
P 33 44 0 255 0
P 34 44 0 255 0
P 35 44 0 255 0
P 36 44 0 255 0
P 37 44 255 0 255
P 38 44 0 0 255
P 39 44 0 0 255
P 40 44 0 0 255
P 41 44 0 0 255
P 42 44 0 0 255
P 43 44 0 0 255
P 44 44 0 0 255
P 45 44 0 0 255
P 46 44 0 0 255
P 47 44 0 0 255
P 48 44 0 0 255
P 49 44 0 0 255
P 50 44 0 0 255
P 51 44 0 0 255
P 52 44 0 0 255
P 53 44 0 0 255
P 54 44 0 255 0
P 55 44 255 255 0
P 56 44 255 255 0
P 57 44 255 255 0
P 58 44 255 255 0
P 59 44 255 255 0
P 60 44 255 255 0
P 61 44 255 255 0
P 62 44 255 255 0
P 63 44 255 255 0
P 64 44 255 255 0
P 65 44 255 255 0
P 66 44 255 255 0
P 67 44 255 255 0
P 68 44 255 255 0
P 69 44 255 255 0
P 70 44 255 255 0
P 71 44 255 0 255
P 72 44 0 0 255
P 73 44 0 0 255
P 74 44 0 0 255
P 75 44 0 0 255
P 76 44 0 0 255
P 77 44 0 0 255
P 78 44 0 0 255
P 79 44 0 0 255
P 80 44 0 0 255
P 81 44 0 0 255
P 82 44 0 0 255
P 83 44 0 0 255
P 84 44 0 0 255
P 85 44 0 0 255
P 86 44 0 0 255
P 87 44 0 0 255
P 88 44 255 255 0
P 89 44 255 255 0
P 90 44 255 255 0
P 91 44 255 255 0
P 92 44 255 255 0
P 93 44 255 255 0
P 94 44 255 255 0
P 95 44 255 255 0
P 96 44 255 255 0
P 97 44 255 255 0
P 98 44 255 255 0
P 99 44 255 255 0
P 100 44 255 255 0
P 101 44 255 255 0
P 102 44 255 255 0
P 103 44 255 255 0
P 104 44 255 255 0
P 105 44 0 0 255
P 106 44 0 0 255
P 107 44 0 0 255
P 108 44 0 0 255
P 109 44 0 0 255
P 110 44 0 0 255
P 111 44 0 0 255
P 112 44 0 0 255
P 113 44 0 0 255
P 114 44 0 0 255
P 115 44 0 0 255
P 116 44 0 0 255
P 117 44 0 0 255
P 118 44 0 0 255
P 119 44 0 0 255
P 120 44 0 0 255
P 121 44 0 0 255
P 122 44 0 255 255
P 123 44 255 255 0
P 124 44 255 255 0
P 125 44 255 255 0
P 126 44 255 255 0
P 127 44 255 255 0
P 128 44 255 255 0
P 129 44 255 255 0
P 130 44 255 255 0
P 131 44 255 255 0
P 132 44 255 255 0
P 133 44 255 255 0
P 134 44 255 255 0
P 135 44 255 255 0
P 136 44 255 255 0
P 137 44 255 255 0
P 138 44 255 255 0
P 139 44 255 0 255
P 140 44 0 0 255
P 141 44 0 0 255
P 142 44 0 0 255
P 143 44 0 0 255
P 144 44 0 0 255
P 145 44 0 0 255
P 146 44 0 0 255
P 147 44 0 0 255
P 148 44 0 0 255
P 149 44 0 0 255
P 150 44 0 0 255
P 151 44 0 0 255
P 152 44 0 0 255
P 153 44 0 0 255
P 154 44 0 0 255
P 155 44 0 0 255
P 156 44 0 255 255
P 157 44 255 255 0
P 158 44 255 255 0
P 159 44 255 255 0
P 160 44 255 255 0
P 161 44 255 255 0
P 162 44 255 255 0
P 163 44 255 255 0
P 164 44 255 255 0
P 165 44 255 255 0
P 166 44 255 255 0
P 167 44 255 255 0
P 168 44 255 255 0
P 169 44 255 255 0
P 170 44 255 255 0
P 171 44 255 255 0
P 172 44 255 255 0
P 173 44 255 0 255
P 174 44 0 0 255
P 175 44 0 0 255
P 176 44 0 0 255
P 177 44 0 0 255
P 178 44 0 0 255
P 179 44 0 0 255
P 180 44 0 0 255
P 181 44 0 0 255
P 182 44 0 0 255
P 183 44 0 0 255
P 184 44 0 0 255
P 185 44 0 0 255
P 186 44 0 0 255
P 187 44 0 0 255
P 188 44 0 0 255
P 189 44 0 0 255
P 190 44 0 255 255
P 191 44 255 255 0
P 192 44 255 255 0
P 193 44 255 255 0
P 194 44 255 255 0
P 195 44 255 255 0
P 196 44 255 255 0
P 197 44 255 255 0
P 198 44 255 255 0
P 199 44 255 255 0
P 200 44 255 255 0
P 201 44 255 255 0
P 202 44 255 255 0
P 203 44 255 255 0
P 204 44 255 255 0
P 205 44 255 255 0
P 206 44 255 255 0
P 207 44 255 0 255
P 208 44 0 0 255
P 209 44 0 0 255
P 210 44 0 0 255
P 211 44 0 0 255
P 212 44 0 0 255
P 213 44 0 0 255
P 214 44 0 0 255
P 215 44 0 0 255
P 216 44 0 0 255
P 217 44 0 0 255
P 218 44 0 0 255
P 219 44 0 0 255
P 220 44 0 0 255
P 221 44 0 0 255
P 222 44 0 0 255
P 223 44 0 0 255
P 224 44 0 255 255
P 225 44 255 255 0
P 226 44 255 255 0
P 227 44 255 255 0
P 228 44 255 255 0
P 229 44 255 255 0
P 230 44 255 255 0
P 231 44 255 255 0
P 232 44 255 255 0
P 233 44 255 255 0
P 234 44 255 255 0
P 235 44 255 255 0
P 236 44 255 255 0
P 237 44 255 255 0
P 238 44 255 255 0
P 239 44 255 255 0
P 240 44 255 255 0
P 241 44 0 0 255
P 242 44 0 0 255
P 243 44 0 0 255
P 244 44 0 0 255
P 245 44 0 0 255
P 246 44 0 0 255
P 247 44 0 0 255
P 248 44 0 0 255
P 249 44 0 0 255
P 250 44 0 0 255
P 251 44 0 0 255
P 252 44 0 0 255
P 253 44 0 0 255
P 254 44 0 0 255
P 255 44 0 0 255
P 256 44 0 0 255
P 257 44 0 0 255
P 258 44 0 255 255
P 259 44 255 255 0
P 260 44 255 255 0
P 261 44 255 255 0
P 262 44 255 255 0
P 263 44 255 255 0
P 264 44 255 255 0
P 265 44 255 255 0
P 266 44 255 255 0
P 267 44 255 255 0
P 268 44 255 255 0
P 269 44 255 255 0
P 270 44 255 255 0
P 271 44 255 255 0
P 272 44 255 255 0
P 273 44 255 255 0
P 274 44 255 255 0
P 275 44 255 0 255
P 276 44 0 0 255
P 277 44 0 0 255
P 278 44 0 0 255
P 279 44 0 0 255
P 280 44 0 0 255
P 281 44 0 0 255
P 282 44 0 0 255
P 283 44 0 0 255
P 284 44 0 0 255
P 285 44 0 0 255
P 286 44 0 0 255
P 287 44 0 0 255
P 288 44 0 0 255
P 289 44 0 0 255
P 290 44 0 0 255
P 291 44 0 0 255
P 20 45 0 0 255
P 21 45 0 0 255
P 22 45 0 255 0
P 23 45 0 255 0
P 24 45 0 255 0
P 25 45 0 255 0
P 26 45 0 255 0
P 27 45 0 255 0
P 28 45 0 255 0
P 29 45 0 255 0
P 30 45 0 255 0
P 31 45 0 255 0
P 32 45 0 255 0
P 33 45 0 255 0
P 34 45 0 255 0
P 35 45 0 255 0
P 36 45 0 255 0
P 37 45 255 0 255
P 38 45 255 0 255
P 39 45 0 0 255
P 40 45 0 0 255
P 41 45 0 0 255
P 42 45 0 0 255
P 43 45 0 0 255
P 44 45 0 0 255
P 45 45 0 0 255
P 46 45 0 0 255
P 47 45 0 0 255
P 48 45 0 0 255
P 49 45 0 0 255
P 50 45 0 0 255
P 51 45 0 0 255
P 52 45 0 0 255
P 53 45 0 0 255
P 54 45 0 255 0
P 55 45 0 255 0
P 56 45 255 255 0
P 57 45 255 255 0
P 58 45 255 255 0
P 59 45 255 255 0
P 60 45 255 255 0
P 61 45 255 255 0
P 62 45 255 255 0
P 63 45 255 255 0
P 64 45 255 255 0
P 65 45 255 255 0
P 66 45 255 255 0
P 67 45 255 255 0
P 68 45 255 255 0
P 69 45 255 255 0
P 70 45 255 255 0
P 71 45 255 0 255
P 72 45 255 0 255
P 73 45 0 0 255
P 74 45 0 0 255
P 75 45 0 0 255
P 76 45 0 0 255
P 77 45 0 0 255
P 78 45 0 0 255
P 79 45 0 0 255
P 80 45 0 0 255
P 81 45 0 0 255
P 82 45 0 0 255
P 83 45 0 0 255
P 84 45 0 0 255
P 85 45 0 0 255
P 86 45 0 0 255
P 87 45 0 0 255
P 88 45 0 255 255
P 89 45 0 255 255
P 90 45 255 255 0
P 91 45 255 255 0
P 92 45 255 255 0
P 93 45 255 255 0
P 94 45 255 255 0
P 95 45 255 255 0
P 96 45 255 255 0
P 97 45 255 255 0
P 98 45 255 255 0
P 99 45 255 255 0
P 100 45 255 255 0
P 101 45 255 255 0
P 102 45 255 255 0
P 103 45 255 255 0
P 104 45 255 255 0
P 105 45 255 0 255
P 106 45 255 0 255
P 107 45 0 0 255
P 108 45 0 0 255
P 109 45 0 0 255
P 110 45 0 0 255
P 111 45 0 0 255
P 112 45 0 0 255
P 113 45 0 0 255
P 114 45 0 0 255
P 115 45 0 0 255
P 116 45 0 0 255
P 117 45 0 0 255
P 118 45 0 0 255
P 119 45 0 0 255
P 120 45 0 0 255
P 121 45 0 0 255
P 122 45 0 255 255
P 123 45 0 255 255
P 124 45 255 255 0
P 125 45 255 255 0
P 126 45 255 255 0
P 127 45 255 255 0
P 128 45 255 255 0
P 129 45 255 255 0
P 130 45 255 255 0
P 131 45 255 255 0
P 132 45 255 255 0
P 133 45 255 255 0
P 134 45 255 255 0
P 135 45 255 255 0
P 136 45 255 255 0
P 137 45 255 255 0
P 138 45 255 255 0
P 139 45 255 0 255
P 140 45 255 0 255
P 141 45 0 0 255
P 142 45 0 0 255
P 143 45 0 0 255
P 144 45 0 0 255
P 145 45 0 0 255
P 146 45 0 0 255
P 147 45 0 0 255
P 148 45 0 0 255
P 149 45 0 0 255
P 150 45 0 0 255
P 151 45 0 0 255
P 152 45 0 0 255
P 153 45 0 0 255
P 154 45 0 0 255
P 155 45 0 0 255
P 156 45 0 255 255
P 157 45 0 255 255
P 158 45 255 255 0
P 159 45 255 255 0
P 160 45 255 255 0
P 161 45 255 255 0
P 162 45 255 255 0
P 163 45 255 255 0
P 164 45 255 255 0
P 165 45 255 255 0
P 166 45 255 255 0
P 167 45 255 255 0
P 168 45 255 255 0
P 169 45 255 255 0
P 170 45 255 255 0
P 171 45 255 255 0
P 172 45 255 255 0
P 173 45 255 0 255
P 174 45 255 0 255
P 175 45 0 0 255
P 176 45 0 0 255
P 177 45 0 0 255
P 178 45 0 0 255
P 179 45 0 0 255
P 180 45 0 0 255
P 181 45 0 0 255
P 182 45 0 0 255
P 183 45 0 0 255
P 184 45 0 0 255
P 185 45 0 0 255
P 186 45 0 0 255
P 187 45 0 0 255
P 188 45 0 0 255
P 189 45 0 0 255
P 190 45 0 255 255
P 191 45 0 255 255
P 192 45 255 255 0
P 193 45 255 255 0
P 194 45 255 255 0
P 195 45 255 255 0
P 196 45 255 255 0
P 197 45 255 255 0
P 198 45 255 255 0
P 199 45 255 255 0
P 200 45 255 255 0
P 201 45 255 255 0
P 202 45 255 255 0
P 203 45 255 255 0
P 204 45 255 255 0
P 205 45 255 255 0
P 206 45 255 255 0
P 207 45 255 0 255
P 208 45 255 0 255
P 209 45 0 0 255
P 210 45 0 0 255
P 211 45 0 0 255
P 212 45 0 0 255
P 213 45 0 0 255
P 214 45 0 0 255
P 215 45 0 0 255
P 216 45 0 0 255
P 217 45 0 0 255
P 218 45 0 0 255
P 219 45 0 0 255
P 220 45 0 0 255
P 221 45 0 0 255
P 222 45 0 0 255
P 223 45 0 0 255
P 224 45 0 255 255
P 225 45 0 255 255
P 226 45 255 255 0
P 227 45 255 255 0
P 228 45 255 255 0
P 229 45 255 255 0
P 230 45 255 255 0
P 231 45 255 255 0
P 232 45 255 255 0
P 233 45 255 255 0
P 234 45 255 255 0
P 235 45 255 255 0
P 236 45 255 255 0
P 237 45 255 255 0
P 238 45 255 255 0
P 239 45 255 255 0
P 240 45 255 255 0
P 241 45 255 0 255
P 242 45 255 0 255
P 243 45 0 0 255
P 244 45 0 0 255
P 245 45 0 0 255
P 246 45 0 0 255
P 247 45 0 0 255
P 248 45 0 0 255
P 249 45 0 0 255
P 250 45 0 0 255
P 251 45 0 0 255
P 252 45 0 0 255
P 253 45 0 0 255
P 254 45 0 0 255
P 255 45 0 0 255
P 256 45 0 0 255
P 257 45 0 0 255
P 258 45 0 255 255
P 259 45 0 255 255
P 260 45 255 255 0
P 261 45 255 255 0
P 262 45 255 255 0
P 263 45 255 255 0
P 264 45 255 255 0
P 265 45 255 255 0
P 266 45 255 255 0
P 267 45 255 255 0
P 268 45 255 255 0
P 269 45 255 255 0
P 270 45 255 255 0
P 271 45 255 255 0
P 272 45 255 255 0
P 273 45 255 255 0
P 274 45 255 255 0
P 275 45 255 0 255
P 276 45 255 0 255
P 277 45 0 0 255
P 278 45 0 0 255
P 279 45 0 0 255
P 280 45 0 0 255
P 281 45 0 0 255
P 282 45 0 0 255
P 283 45 0 0 255
P 284 45 0 0 255
P 285 45 0 0 255
P 286 45 0 0 255
P 287 45 0 0 255
P 288 45 0 0 255
P 289 45 0 0 255
P 290 45 0 0 255
P 291 45 0 0 255
P 20 46 0 0 255
P 21 46 0 0 255
P 22 46 0 0 255
P 23 46 0 255 0
P 24 46 0 255 0
P 25 46 0 255 0
P 26 46 0 255 0
P 27 46 0 255 0
P 28 46 0 255 0
P 29 46 0 255 0
P 30 46 0 255 0
P 31 46 0 255 0
P 32 46 0 255 0
P 33 46 0 255 0
P 34 46 0 255 0
P 35 46 0 255 0
P 36 46 0 255 0
P 37 46 255 0 255
P 38 46 255 0 255
P 39 46 255 0 255
P 40 46 255 0 255
P 41 46 0 0 255
P 42 46 0 0 255
P 43 46 0 0 255
P 44 46 0 0 255
P 45 46 0 0 255
P 46 46 0 0 255
P 47 46 0 0 255
P 48 46 0 0 255
P 49 46 0 0 255
P 50 46 0 0 255
P 51 46 0 0 255
P 52 46 0 0 255
P 53 46 0 0 255
P 54 46 0 255 0
P 55 46 0 255 0
P 56 46 0 255 0
P 57 46 0 255 0
P 58 46 255 255 0
P 59 46 255 255 0
P 60 46 255 255 0
P 61 46 255 255 0
P 62 46 255 255 0
P 63 46 255 255 0
P 64 46 255 255 0
P 65 46 255 255 0
P 66 46 255 255 0
P 67 46 255 255 0
P 68 46 255 255 0
P 69 46 255 255 0
P 70 46 255 255 0
P 71 46 255 0 255
P 72 46 255 0 255
P 73 46 255 0 255
P 74 46 255 0 255
P 75 46 0 0 255
P 76 46 0 0 255
P 77 46 0 0 255
P 78 46 0 0 255
P 79 46 0 0 255
P 80 46 0 0 255
P 81 46 0 0 255
P 82 46 0 0 255
P 83 46 0 0 255
P 84 46 0 0 255
P 85 46 0 0 255
P 86 46 0 0 255
P 87 46 0 0 255
P 88 46 0 255 255
P 89 46 0 255 255
P 90 46 0 255 255
P 91 46 255 255 0
P 92 46 255 255 0
P 93 46 255 255 0
P 94 46 255 255 0
P 95 46 255 255 0
P 96 46 255 255 0
P 97 46 255 255 0
P 98 46 255 255 0
P 99 46 255 255 0
P 100 46 255 255 0
P 101 46 255 255 0
P 102 46 255 255 0
P 103 46 255 255 0
P 104 46 255 255 0
P 105 46 255 0 255
P 106 46 255 0 255
P 107 46 255 0 255
P 108 46 0 0 255
P 109 46 0 0 255
P 110 46 0 0 255
P 111 46 0 0 255
P 112 46 0 0 255
P 113 46 0 0 255
P 114 46 0 0 255
P 115 46 0 0 255
P 116 46 0 0 255
P 117 46 0 0 255
P 118 46 0 0 255
P 119 46 0 0 255
P 120 46 0 0 255
P 121 46 0 0 255
P 122 46 0 255 255
P 123 46 0 255 255
P 124 46 0 255 255
P 125 46 255 255 0
P 126 46 255 255 0
P 127 46 255 255 0
P 128 46 255 255 0
P 129 46 255 255 0
P 130 46 255 255 0
P 131 46 255 255 0
P 132 46 255 255 0
P 133 46 255 255 0
P 134 46 255 255 0
P 135 46 255 255 0
P 136 46 255 255 0
P 137 46 255 255 0
P 138 46 255 255 0
P 139 46 255 0 255
P 140 46 255 0 255
P 141 46 255 0 255
P 142 46 255 0 255
P 143 46 0 0 255
P 144 46 0 0 255
P 145 46 0 0 255
P 146 46 0 0 255
P 147 46 0 0 255
P 148 46 0 0 255
P 149 46 0 0 255
P 150 46 0 0 255
P 151 46 0 0 255
P 152 46 0 0 255
P 153 46 0 0 255
P 154 46 0 0 255
P 155 46 0 0 255
P 156 46 0 255 255
P 157 46 0 255 255
P 158 46 0 255 255
P 159 46 255 255 0
P 160 46 255 255 0
P 161 46 255 255 0
P 162 46 255 255 0
P 163 46 255 255 0
P 164 46 255 255 0
P 165 46 255 255 0
P 166 46 255 255 0
P 167 46 255 255 0
P 168 46 255 255 0
P 169 46 255 255 0
P 170 46 255 255 0
P 171 46 255 255 0
P 172 46 255 255 0
P 173 46 255 0 255
P 174 46 255 0 255
P 175 46 255 0 255
P 176 46 0 0 255
P 177 46 0 0 255
P 178 46 0 0 255
P 179 46 0 0 255
P 180 46 0 0 255
P 181 46 0 0 255
P 182 46 0 0 255
P 183 46 0 0 255
P 184 46 0 0 255
P 185 46 0 0 255
P 186 46 0 0 255
P 187 46 0 0 255
P 188 46 0 0 255
P 189 46 0 0 255
P 190 46 0 255 255
P 191 46 0 255 255
P 192 46 0 255 255
P 193 46 0 255 255
P 194 46 255 255 0
P 195 46 255 255 0
P 196 46 255 255 0
P 197 46 255 255 0
P 198 46 255 255 0
P 199 46 255 255 0
P 200 46 255 255 0
P 201 46 255 255 0
P 202 46 255 255 0
P 203 46 255 255 0
P 204 46 255 255 0
P 205 46 255 255 0
P 206 46 255 255 0
P 207 46 255 0 255
P 208 46 255 0 255
P 209 46 255 0 255
P 210 46 0 0 255
P 211 46 0 0 255
P 212 46 0 0 255
P 213 46 0 0 255
P 214 46 0 0 255
P 215 46 0 0 255
P 216 46 0 0 255
P 217 46 0 0 255
P 218 46 0 0 255
P 219 46 0 0 255
P 220 46 0 0 255
P 221 46 0 0 255
P 222 46 0 0 255
P 223 46 0 0 255
P 224 46 0 255 255
P 225 46 0 255 255
P 226 46 0 255 255
P 227 46 255 255 0
P 228 46 255 255 0
P 229 46 255 255 0
P 230 46 255 255 0
P 231 46 255 255 0
P 232 46 255 255 0
P 233 46 255 255 0
P 234 46 255 255 0
P 235 46 255 255 0
P 236 46 255 255 0
P 237 46 255 255 0
P 238 46 255 255 0
P 239 46 255 255 0
P 240 46 255 255 0
P 241 46 255 0 255
P 242 46 255 0 255
P 243 46 255 0 255
P 244 46 0 0 255
P 245 46 0 0 255
P 246 46 0 0 255
P 247 46 0 0 255
P 248 46 0 0 255
P 249 46 0 0 255
P 250 46 0 0 255
P 251 46 0 0 255
P 252 46 0 0 255
P 253 46 0 0 255
P 254 46 0 0 255
P 255 46 0 0 255
P 256 46 0 0 255
P 257 46 0 0 255
P 258 46 0 255 255
P 259 46 0 255 255
P 260 46 0 255 255
P 261 46 0 255 255
P 262 46 255 255 0
P 263 46 255 255 0
P 264 46 255 255 0
P 265 46 255 255 0
P 266 46 255 255 0
P 267 46 255 255 0
P 268 46 255 255 0
P 269 46 255 255 0
P 270 46 255 255 0
P 271 46 255 255 0
P 272 46 255 255 0
P 273 46 255 255 0
P 274 46 255 255 0
P 275 46 255 0 255
P 276 46 255 0 255
P 277 46 255 0 255
P 278 46 0 0 255
P 279 46 0 0 255
P 280 46 0 0 255
P 281 46 0 0 255
P 282 46 0 0 255
P 283 46 0 0 255
P 284 46 0 0 255
P 285 46 0 0 255
P 286 46 0 0 255
P 287 46 0 0 255
P 288 46 0 0 255
P 289 46 0 0 255
P 290 46 0 0 255
P 291 46 0 0 255
P 20 47 0 0 255
P 21 47 0 0 255
P 22 47 0 0 255
P 23 47 0 0 255
P 24 47 0 0 255
P 25 47 0 255 0
P 26 47 0 255 0
P 27 47 0 255 0
P 28 47 0 255 0
P 29 47 0 255 0
P 30 47 0 255 0
P 31 47 0 255 0
P 32 47 0 255 0
P 33 47 0 255 0
P 34 47 0 255 0
P 35 47 0 255 0
P 36 47 0 255 0
P 37 47 255 0 255
P 38 47 255 0 255
P 39 47 255 0 255
P 40 47 255 0 255
P 41 47 255 0 255
P 42 47 0 0 255
P 43 47 0 0 255
P 44 47 0 0 255
P 45 47 0 0 255
P 46 47 0 0 255
P 47 47 0 0 255
P 48 47 0 0 255
P 49 47 0 0 255
P 50 47 0 0 255
P 51 47 0 0 255
P 52 47 0 0 255
P 53 47 0 0 255
P 54 47 0 255 0
P 55 47 0 255 0
P 56 47 0 255 0
P 57 47 0 255 0
P 58 47 0 255 0
P 59 47 255 255 0
P 60 47 255 255 0
P 61 47 255 255 0
P 62 47 255 255 0
P 63 47 255 255 0
P 64 47 255 255 0
P 65 47 255 255 0
P 66 47 255 255 0
P 67 47 255 255 0
P 68 47 255 255 0
P 69 47 255 255 0
P 70 47 255 255 0
P 71 47 255 0 255
P 72 47 255 0 255
P 73 47 255 0 255
P 74 47 255 0 255
P 75 47 255 0 255
P 76 47 0 0 255
P 77 47 0 0 255
P 78 47 0 0 255
P 79 47 0 0 255
P 80 47 0 0 255
P 81 47 0 0 255
P 82 47 0 0 255
P 83 47 0 0 255
P 84 47 0 0 255
P 85 47 0 0 255
P 86 47 0 0 255
P 87 47 0 0 255
P 88 47 0 255 255
P 89 47 0 255 255
P 90 47 0 255 255
P 91 47 0 255 255
P 92 47 0 255 255
P 93 47 255 255 0
P 94 47 255 255 0
P 95 47 255 255 0
P 96 47 255 255 0
P 97 47 255 255 0
P 98 47 255 255 0
P 99 47 255 255 0
P 100 47 255 255 0
P 101 47 255 255 0
P 102 47 255 255 0
P 103 47 255 255 0
P 104 47 255 255 0
P 105 47 255 0 255
P 106 47 255 0 255
P 107 47 255 0 255
P 108 47 255 0 255
P 109 47 255 0 255
P 110 47 0 0 255
P 111 47 0 0 255
P 112 47 0 0 255
P 113 47 0 0 255
P 114 47 0 0 255
P 115 47 0 0 255
P 116 47 0 0 255
P 117 47 0 0 255
P 118 47 0 0 255
P 119 47 0 0 255
P 120 47 0 0 255
P 121 47 0 0 255
P 122 47 0 255 255
P 123 47 0 255 255
P 124 47 0 255 255
P 125 47 0 255 255
P 126 47 0 255 255
P 127 47 255 255 0
P 128 47 255 255 0
P 129 47 255 255 0
P 130 47 255 255 0
P 131 47 255 255 0
P 132 47 255 255 0
P 133 47 255 255 0
P 134 47 255 255 0
P 135 47 255 255 0
P 136 47 255 255 0
P 137 47 255 255 0
P 138 47 255 255 0
P 139 47 255 0 255
P 140 47 255 0 255
P 141 47 255 0 255
P 142 47 255 0 255
P 143 47 255 0 255
P 144 47 0 0 255
P 145 47 0 0 255
P 146 47 0 0 255
P 147 47 0 0 255
P 148 47 0 0 255
P 149 47 0 0 255
P 150 47 0 0 255
P 151 47 0 0 255
P 152 47 0 0 255
P 153 47 0 0 255
P 154 47 0 0 255
P 155 47 0 0 255
P 156 47 0 255 255
P 157 47 0 255 255
P 158 47 0 255 255
P 159 47 0 255 255
P 160 47 0 255 255
P 161 47 255 255 0
P 162 47 255 255 0
P 163 47 255 255 0
P 164 47 255 255 0
P 165 47 255 255 0
P 166 47 255 255 0
P 167 47 255 255 0
P 168 47 255 255 0
P 169 47 255 255 0
P 170 47 255 255 0
P 171 47 255 255 0
P 172 47 255 255 0
P 173 47 255 0 255
P 174 47 255 0 255
P 175 47 255 0 255
P 176 47 255 0 255
P 177 47 255 0 255
P 178 47 0 0 255
P 179 47 0 0 255
P 180 47 0 0 255
P 181 47 0 0 255
P 182 47 0 0 255
P 183 47 0 0 255
P 184 47 0 0 255
P 185 47 0 0 255
P 186 47 0 0 255
P 187 47 0 0 255
P 188 47 0 0 255
P 189 47 0 0 255
P 190 47 0 255 255
P 191 47 0 255 255
P 192 47 0 255 255
P 193 47 0 255 255
P 194 47 0 255 255
P 195 47 255 255 0
P 196 47 255 255 0
P 197 47 255 255 0
P 198 47 255 255 0
P 199 47 255 255 0
P 200 47 255 255 0
P 201 47 255 255 0
P 202 47 255 255 0
P 203 47 255 255 0
P 204 47 255 255 0
P 205 47 255 255 0
P 206 47 255 255 0
P 207 47 255 0 255
P 208 47 255 0 255
P 209 47 255 0 255
P 210 47 255 0 255
P 211 47 255 0 255
P 212 47 0 0 255
P 213 47 0 0 255
P 214 47 0 0 255
P 215 47 0 0 255
P 216 47 0 0 255
P 217 47 0 0 255
P 218 47 0 0 255
P 219 47 0 0 255
P 220 47 0 0 255
P 221 47 0 0 255
P 222 47 0 0 255
P 223 47 0 0 255
P 224 47 0 255 255
P 225 47 0 255 255
P 226 47 0 255 255
P 227 47 0 255 255
P 228 47 0 255 255
P 229 47 255 255 0
P 230 47 255 255 0
P 231 47 255 255 0
P 232 47 255 255 0
P 233 47 255 255 0
P 234 47 255 255 0
P 235 47 255 255 0
P 236 47 255 255 0
P 237 47 255 255 0
P 238 47 255 255 0
P 239 47 255 255 0
P 240 47 255 255 0
P 241 47 255 0 255
P 242 47 255 0 255
P 243 47 255 0 255
P 244 47 255 0 255
P 245 47 255 0 255
P 246 47 0 0 255
P 247 47 0 0 255
P 248 47 0 0 255
P 249 47 0 0 255
P 250 47 0 0 255
P 251 47 0 0 255
P 252 47 0 0 255
P 253 47 0 0 255
P 254 47 0 0 255
P 255 47 0 0 255
P 256 47 0 0 255
P 257 47 0 0 255
P 258 47 0 255 255
P 259 47 0 255 255
P 260 47 0 255 255
P 261 47 0 255 255
P 262 47 0 255 255
P 263 47 255 255 0
P 264 47 255 255 0
P 265 47 255 255 0
P 266 47 255 255 0
P 267 47 255 255 0
P 268 47 255 255 0
P 269 47 255 255 0
P 270 47 255 255 0
P 271 47 255 255 0
P 272 47 255 255 0
P 273 47 255 255 0
P 274 47 255 255 0
P 275 47 255 0 255
P 276 47 255 0 255
P 277 47 255 0 255
P 278 47 255 0 255
P 279 47 255 0 255
P 280 47 0 0 255
P 281 47 0 0 255
P 282 47 0 0 255
P 283 47 0 0 255
P 284 47 0 0 255
P 285 47 0 0 255
P 286 47 0 0 255
P 287 47 0 0 255
P 288 47 0 0 255
P 289 47 0 0 255
P 290 47 0 0 255
P 291 47 0 0 255
P 20 48 0 0 255
P 21 48 0 0 255
P 22 48 0 0 255
P 23 48 0 0 255
P 24 48 0 0 255
P 25 48 0 0 255
P 26 48 0 255 0
P 27 48 0 255 0
P 28 48 0 255 0
P 29 48 0 255 0
P 30 48 0 255 0
P 31 48 0 255 0
P 32 48 0 255 0
P 33 48 0 255 0
P 34 48 0 255 0
P 35 48 0 255 0
P 36 48 0 255 0
P 37 48 255 0 255
P 38 48 255 0 255
P 39 48 255 0 255
P 40 48 255 0 255
P 41 48 255 0 255
P 42 48 255 0 255
P 43 48 0 0 255
P 44 48 0 0 255
P 45 48 0 0 255
P 46 48 0 0 255
P 47 48 0 0 255
P 48 48 0 0 255
P 49 48 0 0 255
P 50 48 0 0 255
P 51 48 0 0 255
P 52 48 0 0 255
P 53 48 0 0 255
P 54 48 0 255 0
P 55 48 0 255 0
P 56 48 0 255 0
P 57 48 0 255 0
P 58 48 0 255 0
P 59 48 0 255 0
P 60 48 255 255 0
P 61 48 255 255 0
P 62 48 255 255 0
P 63 48 255 255 0
P 64 48 255 255 0
P 65 48 255 255 0
P 66 48 255 255 0
P 67 48 255 255 0
P 68 48 255 255 0
P 69 48 255 255 0
P 70 48 255 255 0
P 71 48 255 0 255
P 72 48 255 0 255
P 73 48 255 0 255
P 74 48 255 0 255
P 75 48 255 0 255
P 76 48 255 0 255
P 77 48 0 0 255
P 78 48 0 0 255
P 79 48 0 0 255
P 80 48 0 0 255
P 81 48 0 0 255
P 82 48 0 0 255
P 83 48 0 0 255
P 84 48 0 0 255
P 85 48 0 0 255
P 86 48 0 0 255
P 87 48 0 0 255
P 88 48 0 255 255
P 89 48 0 255 255
P 90 48 0 255 255
P 91 48 0 255 255
P 92 48 0 255 255
P 93 48 0 255 255
P 94 48 255 255 0
P 95 48 255 255 0
P 96 48 255 255 0
P 97 48 255 255 0
P 98 48 255 255 0
P 99 48 255 255 0
P 100 48 255 255 0
P 101 48 255 255 0
P 102 48 255 255 0
P 103 48 255 255 0
P 104 48 255 255 0
P 105 48 255 0 255
P 106 48 255 0 255
P 107 48 255 0 255
P 108 48 255 0 255
P 109 48 255 0 255
P 110 48 255 0 255
P 111 48 0 0 255
P 112 48 0 0 255
P 113 48 0 0 255
P 114 48 0 0 255
P 115 48 0 0 255
P 116 48 0 0 255
P 117 48 0 0 255
P 118 48 0 0 255
P 119 48 0 0 255
P 120 48 0 0 255
P 121 48 0 0 255
P 122 48 0 255 255
P 123 48 0 255 255
P 124 48 0 255 255
P 125 48 0 255 255
P 126 48 0 255 255
P 127 48 0 255 255
P 128 48 255 255 0
P 129 48 255 255 0
P 130 48 255 255 0
P 131 48 255 255 0
P 132 48 255 255 0
P 133 48 255 255 0
P 134 48 255 255 0
P 135 48 255 255 0
P 136 48 255 255 0
P 137 48 255 255 0
P 138 48 255 255 0
P 139 48 255 0 255
P 140 48 255 0 255
P 141 48 255 0 255
P 142 48 255 0 255
P 143 48 255 0 255
P 144 48 255 0 255
P 145 48 0 0 255
P 146 48 0 0 255
P 147 48 0 0 255
P 148 48 0 0 255
P 149 48 0 0 255
P 150 48 0 0 255
P 151 48 0 0 255
P 152 48 0 0 255
P 153 48 0 0 255
P 154 48 0 0 255
P 155 48 0 0 255
P 156 48 0 255 255
P 157 48 0 255 255
P 158 48 0 255 255
P 159 48 0 255 255
P 160 48 0 255 255
P 161 48 0 255 255
P 162 48 255 255 0
P 163 48 255 255 0
P 164 48 255 255 0
P 165 48 255 255 0
P 166 48 255 255 0
P 167 48 255 255 0
P 168 48 255 255 0
P 169 48 255 255 0
P 170 48 255 255 0
P 171 48 255 255 0
P 172 48 255 255 0
P 173 48 255 0 255
P 174 48 255 0 255
P 175 48 255 0 255
P 176 48 255 0 255
P 177 48 255 0 255
P 178 48 255 0 255
P 179 48 0 0 255
P 180 48 0 0 255
P 181 48 0 0 255
P 182 48 0 0 255
P 183 48 0 0 255
P 184 48 0 0 255
P 185 48 0 0 255
P 186 48 0 0 255
P 187 48 0 0 255
P 188 48 0 0 255
P 189 48 0 0 255
P 190 48 0 255 255
P 191 48 0 255 255
P 192 48 0 255 255
P 193 48 0 255 255
P 194 48 0 255 255
P 195 48 0 255 255
P 196 48 255 255 0
P 197 48 255 255 0
P 198 48 255 255 0
P 199 48 255 255 0
P 200 48 255 255 0
P 201 48 255 255 0
P 202 48 255 255 0
P 203 48 255 255 0
P 204 48 255 255 0
P 205 48 255 255 0
P 206 48 255 255 0
P 207 48 255 0 255
P 208 48 255 0 255
P 209 48 255 0 255
P 210 48 255 0 255
P 211 48 255 0 255
P 212 48 255 0 255
P 213 48 0 0 255
P 214 48 0 0 255
P 215 48 0 0 255
P 216 48 0 0 255
P 217 48 0 0 255
P 218 48 0 0 255
P 219 48 0 0 255
P 220 48 0 0 255
P 221 48 0 0 255
P 222 48 0 0 255
P 223 48 0 0 255
P 224 48 0 255 255
P 225 48 0 255 255
P 226 48 0 255 255
P 227 48 0 255 255
P 228 48 0 255 255
P 229 48 0 255 255
P 230 48 255 255 0
P 231 48 255 255 0
P 232 48 255 255 0
P 233 48 255 255 0
P 234 48 255 255 0
P 235 48 255 255 0
P 236 48 255 255 0
P 237 48 255 255 0
P 238 48 255 255 0
P 239 48 255 255 0
P 240 48 255 255 0
P 241 48 255 0 255
P 242 48 255 0 255
P 243 48 255 0 255
P 244 48 255 0 255
P 245 48 255 0 255
P 246 48 255 0 255
P 247 48 0 0 255
P 248 48 0 0 255
P 249 48 0 0 255
P 250 48 0 0 255
P 251 48 0 0 255
P 252 48 0 0 255
P 253 48 0 0 255
P 254 48 0 0 255
P 255 48 0 0 255
P 256 48 0 0 255
P 257 48 0 0 255
P 258 48 0 255 255
P 259 48 0 255 255
P 260 48 0 255 255
P 261 48 0 255 255
P 262 48 0 255 255
P 263 48 0 255 255
P 264 48 255 255 0
P 265 48 255 255 0
P 266 48 255 255 0
P 267 48 255 255 0
P 268 48 255 255 0
P 269 48 255 255 0
P 270 48 255 255 0
P 271 48 255 255 0
P 272 48 255 255 0
P 273 48 255 255 0
P 274 48 255 255 0
P 275 48 255 0 255
P 276 48 255 0 255
P 277 48 255 0 255
P 278 48 255 0 255
P 279 48 255 0 255
P 280 48 255 0 255
P 281 48 0 0 255
P 282 48 0 0 255
P 283 48 0 0 255
P 284 48 0 0 255
P 285 48 0 0 255
P 286 48 0 0 255
P 287 48 0 0 255
P 288 48 0 0 255
P 289 48 0 0 255
P 290 48 0 0 255
P 291 48 0 0 255
P 20 49 0 0 255
P 21 49 0 0 255
P 22 49 0 0 255
P 23 49 0 0 255
P 24 49 0 0 255
P 25 49 0 0 255
P 26 49 0 0 255
P 27 49 0 0 255
P 28 49 0 255 0
P 29 49 0 255 0
P 30 49 0 255 0
P 31 49 0 255 0
P 32 49 0 255 0
P 33 49 0 255 0
P 34 49 0 255 0
P 35 49 0 255 0
P 36 49 0 255 0
P 37 49 255 0 255
P 38 49 255 0 255
P 39 49 255 0 255
P 40 49 255 0 255
P 41 49 255 0 255
P 42 49 255 0 255
P 43 49 255 0 255
P 44 49 255 0 255
P 45 49 0 0 255
P 46 49 0 0 255
P 47 49 0 0 255
P 48 49 0 0 255
P 49 49 0 0 255
P 50 49 0 0 255
P 51 49 0 0 255
P 52 49 0 0 255
P 53 49 0 0 255
P 54 49 0 255 0
P 55 49 0 255 0
P 56 49 0 255 0
P 57 49 0 255 0
P 58 49 0 255 0
P 59 49 0 255 0
P 60 49 0 255 0
P 61 49 0 255 0
P 62 49 255 255 0
P 63 49 255 255 0
P 64 49 255 255 0
P 65 49 255 255 0
P 66 49 255 255 0
P 67 49 255 255 0
P 68 49 255 255 0
P 69 49 255 255 0
P 70 49 255 255 0
P 71 49 255 0 255
P 72 49 255 0 255
P 73 49 255 0 255
P 74 49 255 0 255
P 75 49 255 0 255
P 76 49 255 0 255
P 77 49 255 0 255
P 78 49 255 0 255
P 79 49 0 0 255
P 80 49 0 0 255
P 81 49 0 0 255
P 82 49 0 0 255
P 83 49 0 0 255
P 84 49 0 0 255
P 85 49 0 0 255
P 86 49 0 0 255
P 87 49 0 0 255
P 88 49 0 255 255
P 89 49 0 255 255
P 90 49 0 255 255
P 91 49 0 255 255
P 92 49 0 255 255
P 93 49 0 255 255
P 94 49 0 255 255
P 95 49 0 255 255
P 96 49 255 255 0
P 97 49 255 255 0
P 98 49 255 255 0
P 99 49 255 255 0
P 100 49 255 255 0
P 101 49 255 255 0
P 102 49 255 255 0
P 103 49 255 255 0
P 104 49 255 255 0
P 105 49 255 0 255
P 106 49 255 0 255
P 107 49 255 0 255
P 108 49 255 0 255
P 109 49 255 0 255
P 110 49 255 0 255
P 111 49 255 0 255
P 112 49 0 0 255
P 113 49 0 0 255
P 114 49 0 0 255
P 115 49 0 0 255
P 116 49 0 0 255
P 117 49 0 0 255
P 118 49 0 0 255
P 119 49 0 0 255
P 120 49 0 0 255
P 121 49 0 0 255
P 122 49 0 255 255
P 123 49 0 255 255
P 124 49 0 255 255
P 125 49 0 255 255
P 126 49 0 255 255
P 127 49 0 255 255
P 128 49 0 255 255
P 129 49 0 255 255
P 130 49 255 255 0
P 131 49 255 255 0
P 132 49 255 255 0
P 133 49 255 255 0
P 134 49 255 255 0
P 135 49 255 255 0
P 136 49 255 255 0
P 137 49 255 255 0
P 138 49 255 255 0
P 139 49 255 0 255
P 140 49 255 0 255
P 141 49 255 0 255
P 142 49 255 0 255
P 143 49 255 0 255
P 144 49 255 0 255
P 145 49 255 0 255
P 146 49 255 0 255
P 147 49 0 0 255
P 148 49 0 0 255
P 149 49 0 0 255
P 150 49 0 0 255
P 151 49 0 0 255
P 152 49 0 0 255
P 153 49 0 0 255
P 154 49 0 0 255
P 155 49 0 0 255
P 156 49 0 255 255
P 157 49 0 255 255
P 158 49 0 255 255
P 159 49 0 255 255
P 160 49 0 255 255
P 161 49 0 255 255
P 162 49 0 255 255
P 163 49 0 255 255
P 164 49 255 255 0
P 165 49 255 255 0
P 166 49 255 255 0
P 167 49 255 255 0
P 168 49 255 255 0
P 169 49 255 255 0
P 170 49 255 255 0
P 171 49 255 255 0
P 172 49 255 255 0
P 173 49 255 0 255
P 174 49 255 0 255
P 175 49 255 0 255
P 176 49 255 0 255
P 177 49 255 0 255
P 178 49 255 0 255
P 179 49 255 0 255
P 180 49 255 0 255
P 181 49 0 0 255
P 182 49 0 0 255
P 183 49 0 0 255
P 184 49 0 0 255
P 185 49 0 0 255
P 186 49 0 0 255
P 187 49 0 0 255
P 188 49 0 0 255
P 189 49 0 0 255
P 190 49 0 255 255
P 191 49 0 255 255
P 192 49 0 255 255
P 193 49 0 255 255
P 194 49 0 255 255
P 195 49 0 255 255
P 196 49 0 255 255
P 197 49 0 255 255
P 198 49 255 255 0
P 199 49 255 255 0
P 200 49 255 255 0
P 201 49 255 255 0
P 202 49 255 255 0
P 203 49 255 255 0
P 204 49 255 255 0
P 205 49 255 255 0
P 206 49 255 255 0
P 207 49 255 0 255
P 208 49 255 0 255
P 209 49 255 0 255
P 210 49 255 0 255
P 211 49 255 0 255
P 212 49 255 0 255
P 213 49 255 0 255
P 214 49 0 0 255
P 215 49 0 0 255
P 216 49 0 0 255
P 217 49 0 0 255
P 218 49 0 0 255
P 219 49 0 0 255
P 220 49 0 0 255
P 221 49 0 0 255
P 222 49 0 0 255
P 223 49 0 0 255
P 224 49 0 255 255
P 225 49 0 255 255
P 226 49 0 255 255
P 227 49 0 255 255
P 228 49 0 255 255
P 229 49 0 255 255
P 230 49 0 255 255
P 231 49 0 255 255
P 232 49 255 255 0
P 233 49 255 255 0
P 234 49 255 255 0
P 235 49 255 255 0
P 236 49 255 255 0
P 237 49 255 255 0
P 238 49 255 255 0
P 239 49 255 255 0
P 240 49 255 255 0
P 241 49 255 0 255
P 242 49 255 0 255
P 243 49 255 0 255
P 244 49 255 0 255
P 245 49 255 0 255
P 246 49 255 0 255
P 247 49 255 0 255
P 248 49 255 0 255
P 249 49 0 0 255
P 250 49 0 0 255
P 251 49 0 0 255
P 252 49 0 0 255
P 253 49 0 0 255
P 254 49 0 0 255
P 255 49 0 0 255
P 256 49 0 0 255
P 257 49 0 0 255
P 258 49 0 255 255
P 259 49 0 255 255
P 260 49 0 255 255
P 261 49 0 255 255
P 262 49 0 255 255
P 263 49 0 255 255
P 264 49 0 255 255
P 265 49 0 255 255
P 266 49 255 255 0
P 267 49 255 255 0
P 268 49 255 255 0
P 269 49 255 255 0
P 270 49 255 255 0
P 271 49 255 255 0
P 272 49 255 255 0
P 273 49 255 255 0
P 274 49 255 255 0
P 275 49 255 0 255
P 276 49 255 0 255
P 277 49 255 0 255
P 278 49 255 0 255
P 279 49 255 0 255
P 280 49 255 0 255
P 281 49 255 0 255
P 282 49 255 0 255
P 283 49 0 0 255
P 284 49 0 0 255
P 285 49 0 0 255
P 286 49 0 0 255
P 287 49 0 0 255
P 288 49 0 0 255
P 289 49 0 0 255
P 290 49 0 0 255
P 291 49 0 0 255
P 20 50 0 0 255
P 21 50 0 0 255
P 22 50 0 0 255
P 23 50 0 0 255
P 24 50 0 0 255
P 25 50 0 0 255
P 26 50 0 0 255
P 27 50 0 0 255
P 28 50 0 0 255
P 29 50 0 255 0
P 30 50 0 255 0
P 31 50 0 255 0
P 32 50 0 255 0
P 33 50 0 255 0
P 34 50 0 255 0
P 35 50 0 255 0
P 36 50 0 255 0
P 37 50 255 0 255
P 38 50 255 0 255
P 39 50 255 0 255
P 40 50 255 0 255
P 41 50 255 0 255
P 42 50 255 0 255
P 43 50 255 0 255
P 44 50 255 0 255
P 45 50 255 0 255
P 46 50 0 0 255
P 47 50 0 0 255
P 48 50 0 0 255
P 49 50 0 0 255
P 50 50 0 0 255
P 51 50 0 0 255
P 52 50 0 0 255
P 53 50 0 0 255
P 54 50 0 255 0
P 55 50 0 255 0
P 56 50 0 255 0
P 57 50 0 255 0
P 58 50 0 255 0
P 59 50 0 255 0
P 60 50 0 255 0
P 61 50 0 255 0
P 62 50 0 255 0
P 63 50 255 255 0
P 64 50 255 255 0
P 65 50 255 255 0
P 66 50 255 255 0
P 67 50 255 255 0
P 68 50 255 255 0
P 69 50 255 255 0
P 70 50 255 255 0
P 71 50 255 0 255
P 72 50 255 0 255
P 73 50 255 0 255
P 74 50 255 0 255
P 75 50 255 0 255
P 76 50 255 0 255
P 77 50 255 0 255
P 78 50 255 0 255
P 79 50 255 0 255
P 80 50 0 0 255
P 81 50 0 0 255
P 82 50 0 0 255
P 83 50 0 0 255
P 84 50 0 0 255
P 85 50 0 0 255
P 86 50 0 0 255
P 87 50 0 0 255
P 88 50 0 255 255
P 89 50 0 255 255
P 90 50 0 255 255
P 91 50 0 255 255
P 92 50 0 255 255
P 93 50 0 255 255
P 94 50 0 255 255
P 95 50 0 255 255
P 96 50 0 255 255
P 97 50 255 255 0
P 98 50 255 255 0
P 99 50 255 255 0
P 100 50 255 255 0
P 101 50 255 255 0
P 102 50 255 255 0
P 103 50 255 255 0
P 104 50 255 255 0
P 105 50 255 0 255
P 106 50 255 0 255
P 107 50 255 0 255
P 108 50 255 0 255
P 109 50 255 0 255
P 110 50 255 0 255
P 111 50 255 0 255
P 112 50 255 0 255
P 113 50 255 0 255
P 114 50 0 0 255
P 115 50 0 0 255
P 116 50 0 0 255
P 117 50 0 0 255
P 118 50 0 0 255
P 119 50 0 0 255
P 120 50 0 0 255
P 121 50 0 0 255
P 122 50 0 255 255
P 123 50 0 255 255
P 124 50 0 255 255
P 125 50 0 255 255
P 126 50 0 255 255
P 127 50 0 255 255
P 128 50 0 255 255
P 129 50 0 255 255
P 130 50 0 255 255
P 131 50 255 255 0
P 132 50 255 255 0
P 133 50 255 255 0
P 134 50 255 255 0
P 135 50 255 255 0
P 136 50 255 255 0
P 137 50 255 255 0
P 138 50 255 255 0
P 139 50 255 0 255
P 140 50 255 0 255
P 141 50 255 0 255
P 142 50 255 0 255
P 143 50 255 0 255
P 144 50 255 0 255
P 145 50 255 0 255
P 146 50 255 0 255
P 147 50 255 0 255
P 148 50 0 0 255
P 149 50 0 0 255
P 150 50 0 0 255
P 151 50 0 0 255
P 152 50 0 0 255
P 153 50 0 0 255
P 154 50 0 0 255
P 155 50 0 0 255
P 156 50 0 255 255
P 157 50 0 255 255
P 158 50 0 255 255
P 159 50 0 255 255
P 160 50 0 255 255
P 161 50 0 255 255
P 162 50 0 255 255
P 163 50 0 255 255
P 164 50 0 255 255
P 165 50 255 255 0
P 166 50 255 255 0
P 167 50 255 255 0
P 168 50 255 255 0
P 169 50 255 255 0
P 170 50 255 255 0
P 171 50 255 255 0
P 172 50 255 255 0
P 173 50 255 0 255
P 174 50 255 0 255
P 175 50 255 0 255
P 176 50 255 0 255
P 177 50 255 0 255
P 178 50 255 0 255
P 179 50 255 0 255
P 180 50 255 0 255
P 181 50 255 0 255
P 182 50 0 0 255
P 183 50 0 0 255
P 184 50 0 0 255
P 185 50 0 0 255
P 186 50 0 0 255
P 187 50 0 0 255
P 188 50 0 0 255
P 189 50 0 0 255
P 190 50 0 255 255
P 191 50 0 255 255
P 192 50 0 255 255
P 193 50 0 255 255
P 194 50 0 255 255
P 195 50 0 255 255
P 196 50 0 255 255
P 197 50 0 255 255
P 198 50 0 255 255
P 199 50 255 255 0
P 200 50 255 255 0
P 201 50 255 255 0
P 202 50 255 255 0
P 203 50 255 255 0
P 204 50 255 255 0
P 205 50 255 255 0
P 206 50 255 255 0
P 207 50 255 0 255
P 208 50 255 0 255
P 209 50 255 0 255
P 210 50 255 0 255
P 211 50 255 0 255
P 212 50 255 0 255
P 213 50 255 0 255
P 214 50 255 0 255
P 215 50 255 0 255
P 216 50 0 0 255
P 217 50 0 0 255
P 218 50 0 0 255
P 219 50 0 0 255
P 220 50 0 0 255
P 221 50 0 0 255
P 222 50 0 0 255
P 223 50 0 0 255
P 224 50 0 255 255
P 225 50 0 255 255
P 226 50 0 255 255
P 227 50 0 255 255
P 228 50 0 255 255
P 229 50 0 255 255
P 230 50 0 255 255
P 231 50 0 255 255
P 232 50 0 255 255
P 233 50 255 255 0
P 234 50 255 255 0
P 235 50 255 255 0
P 236 50 255 255 0
P 237 50 255 255 0
P 238 50 255 255 0
P 239 50 255 255 0
P 240 50 255 255 0
P 241 50 255 0 255
P 242 50 255 0 255
P 243 50 255 0 255
P 244 50 255 0 255
P 245 50 255 0 255
P 246 50 255 0 255
P 247 50 255 0 255
P 248 50 255 0 255
P 249 50 255 0 255
P 250 50 0 0 255
P 251 50 0 0 255
P 252 50 0 0 255
P 253 50 0 0 255
P 254 50 0 0 255
P 255 50 0 0 255
P 256 50 0 0 255
P 257 50 0 0 255
P 258 50 0 255 255
P 259 50 0 255 255
P 260 50 0 255 255
P 261 50 0 255 255
P 262 50 0 255 255
P 263 50 0 255 255
P 264 50 0 255 255
P 265 50 0 255 255
P 266 50 0 255 255
P 267 50 255 255 0
P 268 50 255 255 0
P 269 50 255 255 0
P 270 50 255 255 0
P 271 50 255 255 0
P 272 50 255 255 0
P 273 50 255 255 0
P 274 50 255 255 0
P 275 50 255 0 255
P 276 50 255 0 255
P 277 50 255 0 255
P 278 50 255 0 255
P 279 50 255 0 255
P 280 50 255 0 255
P 281 50 255 0 255
P 282 50 255 0 255
P 283 50 255 0 255
P 284 50 0 0 255
P 285 50 0 0 255
P 286 50 0 0 255
P 287 50 0 0 255
P 288 50 0 0 255
P 289 50 0 0 255
P 290 50 0 0 255
P 291 50 0 0 255
P 20 51 0 0 255
P 21 51 0 0 255
P 22 51 0 0 255
P 23 51 0 0 255
P 24 51 0 0 255
P 25 51 0 0 255
P 26 51 0 0 255
P 27 51 0 0 255
P 28 51 0 0 255
P 29 51 0 0 255
P 30 51 0 255 0
P 31 51 0 255 0
P 32 51 0 255 0
P 33 51 0 255 0
P 34 51 0 255 0
P 35 51 0 255 0
P 36 51 0 255 0
P 37 51 255 0 255
P 38 51 255 0 255
P 39 51 255 0 255
P 40 51 255 0 255
P 41 51 255 0 255
P 42 51 255 0 255
P 43 51 255 0 255
P 44 51 255 0 255
P 45 51 255 0 255
P 46 51 255 0 255
P 47 51 0 0 255
P 48 51 0 0 255
P 49 51 0 0 255
P 50 51 0 0 255
P 51 51 0 0 255
P 52 51 0 0 255
P 53 51 0 0 255
P 54 51 0 255 0
P 55 51 0 255 0
P 56 51 0 255 0
P 57 51 0 255 0
P 58 51 0 255 0
P 59 51 0 255 0
P 60 51 0 255 0
P 61 51 0 255 0
P 62 51 0 255 0
P 63 51 0 255 0
P 64 51 255 255 0
P 65 51 255 255 0
P 66 51 255 255 0
P 67 51 255 255 0
P 68 51 255 255 0
P 69 51 255 255 0
P 70 51 255 255 0
P 71 51 255 0 255
P 72 51 255 0 255
P 73 51 255 0 255
P 74 51 255 0 255
P 75 51 255 0 255
P 76 51 255 0 255
P 77 51 255 0 255
P 78 51 255 0 255
P 79 51 255 0 255
P 80 51 255 0 255
P 81 51 255 0 255
P 82 51 0 0 255
P 83 51 0 0 255
P 84 51 0 0 255
P 85 51 0 0 255
P 86 51 0 0 255
P 87 51 0 0 255
P 88 51 0 255 255
P 89 51 0 255 255
P 90 51 0 255 255
P 91 51 0 255 255
P 92 51 0 255 255
P 93 51 0 255 255
P 94 51 0 255 255
P 95 51 0 255 255
P 96 51 0 255 255
P 97 51 0 255 255
P 98 51 0 255 255
P 99 51 255 255 0
P 100 51 255 255 0
P 101 51 255 255 0
P 102 51 255 255 0
P 103 51 255 255 0
P 104 51 255 255 0
P 105 51 255 0 255
P 106 51 255 0 255
P 107 51 255 0 255
P 108 51 255 0 255
P 109 51 255 0 255
P 110 51 255 0 255
P 111 51 255 0 255
P 112 51 255 0 255
P 113 51 255 0 255
P 114 51 255 0 255
P 115 51 0 0 255
P 116 51 0 0 255
P 117 51 0 0 255
P 118 51 0 0 255
P 119 51 0 0 255
P 120 51 0 0 255
P 121 51 0 0 255
P 122 51 0 255 255
P 123 51 0 255 255
P 124 51 0 255 255
P 125 51 0 255 255
P 126 51 0 255 255
P 127 51 0 255 255
P 128 51 0 255 255
P 129 51 0 255 255
P 130 51 0 255 255
P 131 51 0 255 255
P 132 51 255 255 0
P 133 51 255 255 0
P 134 51 255 255 0
P 135 51 255 255 0
P 136 51 255 255 0
P 137 51 255 255 0
P 138 51 255 255 0
P 139 51 255 0 255
P 140 51 255 0 255
P 141 51 255 0 255
P 142 51 255 0 255
P 143 51 255 0 255
P 144 51 255 0 255
P 145 51 255 0 255
P 146 51 255 0 255
P 147 51 255 0 255
P 148 51 255 0 255
P 149 51 255 0 255
P 150 51 0 0 255
P 151 51 0 0 255
P 152 51 0 0 255
P 153 51 0 0 255
P 154 51 0 0 255
P 155 51 0 0 255
P 156 51 0 255 255
P 157 51 0 255 255
P 158 51 0 255 255
P 159 51 0 255 255
P 160 51 0 255 255
P 161 51 0 255 255
P 162 51 0 255 255
P 163 51 0 255 255
P 164 51 0 255 255
P 165 51 0 255 255
P 166 51 0 255 255
P 167 51 255 255 0
P 168 51 255 255 0
P 169 51 255 255 0
P 170 51 255 255 0
P 171 51 255 255 0
P 172 51 255 255 0
P 173 51 255 0 255
P 174 51 255 0 255
P 175 51 255 0 255
P 176 51 255 0 255
P 177 51 255 0 255
P 178 51 255 0 255
P 179 51 255 0 255
P 180 51 255 0 255
P 181 51 255 0 255
P 182 51 255 0 255
P 183 51 255 0 255
P 184 51 0 0 255
P 185 51 0 0 255
P 186 51 0 0 255
P 187 51 0 0 255
P 188 51 0 0 255
P 189 51 0 0 255
P 190 51 0 255 255
P 191 51 0 255 255
P 192 51 0 255 255
P 193 51 0 255 255
P 194 51 0 255 255
P 195 51 0 255 255
P 196 51 0 255 255
P 197 51 0 255 255
P 198 51 0 255 255
P 199 51 0 255 255
P 200 51 0 255 255
P 201 51 255 255 0
P 202 51 255 255 0
P 203 51 255 255 0
P 204 51 255 255 0
P 205 51 255 255 0
P 206 51 255 255 0
P 207 51 255 0 255
P 208 51 255 0 255
P 209 51 255 0 255
P 210 51 255 0 255
P 211 51 255 0 255
P 212 51 255 0 255
P 213 51 255 0 255
P 214 51 255 0 255
P 215 51 255 0 255
P 216 51 255 0 255
P 217 51 0 0 255
P 218 51 0 0 255
P 219 51 0 0 255
P 220 51 0 0 255
P 221 51 0 0 255
P 222 51 0 0 255
P 223 51 0 0 255
P 224 51 0 255 255
P 225 51 0 255 255
P 226 51 0 255 255
P 227 51 0 255 255
P 228 51 0 255 255
P 229 51 0 255 255
P 230 51 0 255 255
P 231 51 0 255 255
P 232 51 0 255 255
P 233 51 0 255 255
P 234 51 0 255 255
P 235 51 255 255 0
P 236 51 255 255 0
P 237 51 255 255 0
P 238 51 255 255 0
P 239 51 255 255 0
P 240 51 255 255 0
P 241 51 255 0 255
P 242 51 255 0 255
P 243 51 255 0 255
P 244 51 255 0 255
P 245 51 255 0 255
P 246 51 255 0 255
P 247 51 255 0 255
P 248 51 255 0 255
P 249 51 255 0 255
P 250 51 255 0 255
P 251 51 0 0 255
P 252 51 0 0 255
P 253 51 0 0 255
P 254 51 0 0 255
P 255 51 0 0 255
P 256 51 0 0 255
P 257 51 0 0 255
P 258 51 0 255 255
P 259 51 0 255 255
P 260 51 0 255 255
P 261 51 0 255 255
P 262 51 0 255 255
P 263 51 0 255 255
P 264 51 0 255 255
P 265 51 0 255 255
P 266 51 0 255 255
P 267 51 0 255 255
P 268 51 0 255 255
P 269 51 255 255 0
P 270 51 255 255 0
P 271 51 255 255 0
P 272 51 255 255 0
P 273 51 255 255 0
P 274 51 255 255 0
P 275 51 255 0 255
P 276 51 255 0 255
P 277 51 255 0 255
P 278 51 255 0 255
P 279 51 255 0 255
P 280 51 255 0 255
P 281 51 255 0 255
P 282 51 255 0 255
P 283 51 255 0 255
P 284 51 255 0 255
P 285 51 0 0 255
P 286 51 0 0 255
P 287 51 0 0 255
P 288 51 0 0 255
P 289 51 0 0 255
P 290 51 0 0 255
P 291 51 0 0 255
P 20 52 0 0 255
P 21 52 0 0 255
P 22 52 0 0 255
P 23 52 0 0 255
P 24 52 0 0 255
P 25 52 0 0 255
P 26 52 0 0 255
P 27 52 0 0 255
P 28 52 0 0 255
P 29 52 0 0 255
P 30 52 0 0 255
P 31 52 0 0 255
P 32 52 0 255 0
P 33 52 0 255 0
P 34 52 0 255 0
P 35 52 0 255 0
P 36 52 0 255 0
P 37 52 255 0 255
P 38 52 255 0 255
P 39 52 255 0 255
P 40 52 255 0 255
P 41 52 255 0 255
P 42 52 255 0 255
P 43 52 255 0 255
P 44 52 255 0 255
P 45 52 255 0 255
P 46 52 255 0 255
P 47 52 255 0 255
P 48 52 255 0 255
P 49 52 0 0 255
P 50 52 0 0 255
P 51 52 0 0 255
P 52 52 0 0 255
P 53 52 0 0 255
P 54 52 0 255 0
P 55 52 0 255 0
P 56 52 0 255 0
P 57 52 0 255 0
P 58 52 0 255 0
P 59 52 0 255 0
P 60 52 0 255 0
P 61 52 0 255 0
P 62 52 0 255 0
P 63 52 0 255 0
P 64 52 0 255 0
P 65 52 0 255 0
P 66 52 255 255 0
P 67 52 255 255 0
P 68 52 255 255 0
P 69 52 255 255 0
P 70 52 255 255 0
P 71 52 255 0 255
P 72 52 255 0 255
P 73 52 255 0 255
P 74 52 255 0 255
P 75 52 255 0 255
P 76 52 255 0 255
P 77 52 255 0 255
P 78 52 255 0 255
P 79 52 255 0 255
P 80 52 255 0 255
P 81 52 255 0 255
P 82 52 255 0 255
P 83 52 0 0 255
P 84 52 0 0 255
P 85 52 0 0 255
P 86 52 0 0 255
P 87 52 0 0 255
P 88 52 0 255 255
P 89 52 0 255 255
P 90 52 0 255 255
P 91 52 0 255 255
P 92 52 0 255 255
P 93 52 0 255 255
P 94 52 0 255 255
P 95 52 0 255 255
P 96 52 0 255 255
P 97 52 0 255 255
P 98 52 0 255 255
P 99 52 0 255 255
P 100 52 255 255 0
P 101 52 255 255 0
P 102 52 255 255 0
P 103 52 255 255 0
P 104 52 255 255 0
P 105 52 255 0 255
P 106 52 255 0 255
P 107 52 255 0 255
P 108 52 255 0 255
P 109 52 255 0 255
P 110 52 255 0 255
P 111 52 255 0 255
P 112 52 255 0 255
P 113 52 255 0 255
P 114 52 255 0 255
P 115 52 255 0 255
P 116 52 255 0 255
P 117 52 0 0 255
P 118 52 0 0 255
P 119 52 0 0 255
P 120 52 0 0 255
P 121 52 0 0 255
P 122 52 0 255 255
P 123 52 0 255 255
P 124 52 0 255 255
P 125 52 0 255 255
P 126 52 0 255 255
P 127 52 0 255 255
P 128 52 0 255 255
P 129 52 0 255 255
P 130 52 0 255 255
P 131 52 0 255 255
P 132 52 0 255 255
P 133 52 0 255 255
P 134 52 255 255 0
P 135 52 255 255 0
P 136 52 255 255 0
P 137 52 255 255 0
P 138 52 255 255 0
P 139 52 255 0 255
P 140 52 255 0 255
P 141 52 255 0 255
P 142 52 255 0 255
P 143 52 255 0 255
P 144 52 255 0 255
P 145 52 255 0 255
P 146 52 255 0 255
P 147 52 255 0 255
P 148 52 255 0 255
P 149 52 255 0 255
P 150 52 255 0 255
P 151 52 0 0 255
P 152 52 0 0 255
P 153 52 0 0 255
P 154 52 0 0 255
P 155 52 0 0 255
P 156 52 0 255 255
P 157 52 0 255 255
P 158 52 0 255 255
P 159 52 0 255 255
P 160 52 0 255 255
P 161 52 0 255 255
P 162 52 0 255 255
P 163 52 0 255 255
P 164 52 0 255 255
P 165 52 0 255 255
P 166 52 0 255 255
P 167 52 0 255 255
P 168 52 255 255 0
P 169 52 255 255 0
P 170 52 255 255 0
P 171 52 255 255 0
P 172 52 255 255 0
P 173 52 255 0 255
P 174 52 255 0 255
P 175 52 255 0 255
P 176 52 255 0 255
P 177 52 255 0 255
P 178 52 255 0 255
P 179 52 255 0 255
P 180 52 255 0 255
P 181 52 255 0 255
P 182 52 255 0 255
P 183 52 255 0 255
P 184 52 255 0 255
P 185 52 0 0 255
P 186 52 0 0 255
P 187 52 0 0 255
P 188 52 0 0 255
P 189 52 0 0 255
P 190 52 0 255 255
P 191 52 0 255 255
P 192 52 0 255 255
P 193 52 0 255 255
P 194 52 0 255 255
P 195 52 0 255 255
P 196 52 0 255 255
P 197 52 0 255 255
P 198 52 0 255 255
P 199 52 0 255 255
P 200 52 0 255 255
P 201 52 0 255 255
P 202 52 255 255 0
P 203 52 255 255 0
P 204 52 255 255 0
P 205 52 255 255 0
P 206 52 255 255 0
P 207 52 255 0 255
P 208 52 255 0 255
P 209 52 255 0 255
P 210 52 255 0 255
P 211 52 255 0 255
P 212 52 255 0 255
P 213 52 255 0 255
P 214 52 255 0 255
P 215 52 255 0 255
P 216 52 255 0 255
P 217 52 255 0 255
P 218 52 255 0 255
P 219 52 0 0 255
P 220 52 0 0 255
P 221 52 0 0 255
P 222 52 0 0 255
P 223 52 0 0 255
P 224 52 0 255 255
P 225 52 0 255 255
P 226 52 0 255 255
P 227 52 0 255 255
P 228 52 0 255 255
P 229 52 0 255 255
P 230 52 0 255 255
P 231 52 0 255 255
P 232 52 0 255 255
P 233 52 0 255 255
P 234 52 0 255 255
P 235 52 0 255 255
P 236 52 255 255 0
P 237 52 255 255 0
P 238 52 255 255 0
P 239 52 255 255 0
P 240 52 255 255 0
P 241 52 255 0 255
P 242 52 255 0 255
P 243 52 255 0 255
P 244 52 255 0 255
P 245 52 255 0 255
P 246 52 255 0 255
P 247 52 255 0 255
P 248 52 255 0 255
P 249 52 255 0 255
P 250 52 255 0 255
P 251 52 255 0 255
P 252 52 255 0 255
P 253 52 0 0 255
P 254 52 0 0 255
P 255 52 0 0 255
P 256 52 0 0 255
P 257 52 0 0 255
P 258 52 0 255 255
P 259 52 0 255 255
P 260 52 0 255 255
P 261 52 0 255 255
P 262 52 0 255 255
P 263 52 0 255 255
P 264 52 0 255 255
P 265 52 0 255 255
P 266 52 0 255 255
P 267 52 0 255 255
P 268 52 0 255 255
P 269 52 0 255 255
P 270 52 255 255 0
P 271 52 255 255 0
P 272 52 255 255 0
P 273 52 255 255 0
P 274 52 255 255 0
P 275 52 255 0 255
P 276 52 255 0 255
P 277 52 255 0 255
P 278 52 255 0 255
P 279 52 255 0 255
P 280 52 255 0 255
P 281 52 255 0 255
P 282 52 255 0 255
P 283 52 255 0 255
P 284 52 255 0 255
P 285 52 255 0 255
P 286 52 255 0 255
P 287 52 0 0 255
P 288 52 0 0 255
P 289 52 0 0 255
P 290 52 0 0 255
P 291 52 0 0 255
P 20 53 0 0 255
P 21 53 0 0 255
P 22 53 0 0 255
P 23 53 0 0 255
P 24 53 0 0 255
P 25 53 0 0 255
P 26 53 0 0 255
P 27 53 0 0 255
P 28 53 0 0 255
P 29 53 0 0 255
P 30 53 0 0 255
P 31 53 0 0 255
P 32 53 0 0 255
P 33 53 0 255 0
P 34 53 0 255 0
P 35 53 0 255 0
P 36 53 0 255 0
P 37 53 255 0 255
P 38 53 255 0 255
P 39 53 255 0 255
P 40 53 255 0 255
P 41 53 255 0 255
P 42 53 255 0 255
P 43 53 255 0 255
P 44 53 255 0 255
P 45 53 255 0 255
P 46 53 255 0 255
P 47 53 255 0 255
P 48 53 255 0 255
P 49 53 255 0 255
P 50 53 0 0 255
P 51 53 0 0 255
P 52 53 0 0 255
P 53 53 0 0 255
P 54 53 0 255 0
P 55 53 0 255 0
P 56 53 0 255 0
P 57 53 0 255 0
P 58 53 0 255 0
P 59 53 0 255 0
P 60 53 0 255 0
P 61 53 0 255 0
P 62 53 0 255 0
P 63 53 0 255 0
P 64 53 0 255 0
P 65 53 0 255 0
P 66 53 0 255 0
P 67 53 255 255 0
P 68 53 255 255 0
P 69 53 255 255 0
P 70 53 255 255 0
P 71 53 255 0 255
P 72 53 255 0 255
P 73 53 255 0 255
P 74 53 255 0 255
P 75 53 255 0 255
P 76 53 255 0 255
P 77 53 255 0 255
P 78 53 255 0 255
P 79 53 255 0 255
P 80 53 255 0 255
P 81 53 255 0 255
P 82 53 255 0 255
P 83 53 255 0 255
P 84 53 255 0 255
P 85 53 0 0 255
P 86 53 0 0 255
P 87 53 0 0 255
P 88 53 0 255 255
P 89 53 0 255 255
P 90 53 0 255 255
P 91 53 0 255 255
P 92 53 0 255 255
P 93 53 0 255 255
P 94 53 0 255 255
P 95 53 0 255 255
P 96 53 0 255 255
P 97 53 0 255 255
P 98 53 0 255 255
P 99 53 0 255 255
P 100 53 0 255 255
P 101 53 255 255 0
P 102 53 255 255 0
P 103 53 255 255 0
P 104 53 255 255 0
P 105 53 255 0 255
P 106 53 255 0 255
P 107 53 255 0 255
P 108 53 255 0 255
P 109 53 255 0 255
P 110 53 255 0 255
P 111 53 255 0 255
P 112 53 255 0 255
P 113 53 255 0 255
P 114 53 255 0 255
P 115 53 255 0 255
P 116 53 255 0 255
P 117 53 255 0 255
P 118 53 0 0 255
P 119 53 0 0 255
P 120 53 0 0 255
P 121 53 0 0 255
P 122 53 0 255 255
P 123 53 0 255 255
P 124 53 0 255 255
P 125 53 0 255 255
P 126 53 0 255 255
P 127 53 0 255 255
P 128 53 0 255 255
P 129 53 0 255 255
P 130 53 0 255 255
P 131 53 0 255 255
P 132 53 0 255 255
P 133 53 0 255 255
P 134 53 0 255 255
P 135 53 255 255 0
P 136 53 255 255 0
P 137 53 255 255 0
P 138 53 255 255 0
P 139 53 255 0 255
P 140 53 255 0 255
P 141 53 255 0 255
P 142 53 255 0 255
P 143 53 255 0 255
P 144 53 255 0 255
P 145 53 255 0 255
P 146 53 255 0 255
P 147 53 255 0 255
P 148 53 255 0 255
P 149 53 255 0 255
P 150 53 255 0 255
P 151 53 255 0 255
P 152 53 255 0 255
P 153 53 0 0 255
P 154 53 0 0 255
P 155 53 0 0 255
P 156 53 0 255 255
P 157 53 0 255 255
P 158 53 0 255 255
P 159 53 0 255 255
P 160 53 0 255 255
P 161 53 0 255 255
P 162 53 0 255 255
P 163 53 0 255 255
P 164 53 0 255 255
P 165 53 0 255 255
P 166 53 0 255 255
P 167 53 0 255 255
P 168 53 0 255 255
P 169 53 0 255 255
P 170 53 255 255 0
P 171 53 255 255 0
P 172 53 255 255 0
P 173 53 255 0 255
P 174 53 255 0 255
P 175 53 255 0 255
P 176 53 255 0 255
P 177 53 255 0 255
P 178 53 255 0 255
P 179 53 255 0 255
P 180 53 255 0 255
P 181 53 255 0 255
P 182 53 255 0 255
P 183 53 255 0 255
P 184 53 255 0 255
P 185 53 255 0 255
P 186 53 0 0 255
P 187 53 0 0 255
P 188 53 0 0 255
P 189 53 0 0 255
P 190 53 0 255 255
P 191 53 0 255 255
P 192 53 0 255 255
P 193 53 0 255 255
P 194 53 0 255 255
P 195 53 0 255 255
P 196 53 0 255 255
P 197 53 0 255 255
P 198 53 0 255 255
P 199 53 0 255 255
P 200 53 0 255 255
P 201 53 0 255 255
P 202 53 0 255 255
P 203 53 255 255 0
P 204 53 255 255 0
P 205 53 255 255 0
P 206 53 255 255 0
P 207 53 255 0 255
P 208 53 255 0 255
P 209 53 255 0 255
P 210 53 255 0 255
P 211 53 255 0 255
P 212 53 255 0 255
P 213 53 255 0 255
P 214 53 255 0 255
P 215 53 255 0 255
P 216 53 255 0 255
P 217 53 255 0 255
P 218 53 255 0 255
P 219 53 255 0 255
P 220 53 0 0 255
P 221 53 0 0 255
P 222 53 0 0 255
P 223 53 0 0 255
P 224 53 0 255 255
P 225 53 0 255 255
P 226 53 0 255 255
P 227 53 0 255 255
P 228 53 0 255 255
P 229 53 0 255 255
P 230 53 0 255 255
P 231 53 0 255 255
P 232 53 0 255 255
P 233 53 0 255 255
P 234 53 0 255 255
P 235 53 0 255 255
P 236 53 0 255 255
P 237 53 255 255 0
P 238 53 255 255 0
P 239 53 255 255 0
P 240 53 255 255 0
P 241 53 255 0 255
P 242 53 255 0 255
P 243 53 255 0 255
P 244 53 255 0 255
P 245 53 255 0 255
P 246 53 255 0 255
P 247 53 255 0 255
P 248 53 255 0 255
P 249 53 255 0 255
P 250 53 255 0 255
P 251 53 255 0 255
P 252 53 255 0 255
P 253 53 255 0 255
P 254 53 0 0 255
P 255 53 0 0 255
P 256 53 0 0 255
P 257 53 0 0 255
P 258 53 0 255 255
P 259 53 0 255 255
P 260 53 0 255 255
P 261 53 0 255 255
P 262 53 0 255 255
P 263 53 0 255 255
P 264 53 0 255 255
P 265 53 0 255 255
P 266 53 0 255 255
P 267 53 0 255 255
P 268 53 0 255 255
P 269 53 0 255 255
P 270 53 0 255 255
P 271 53 255 255 0
P 272 53 255 255 0
P 273 53 255 255 0
P 274 53 255 255 0
P 275 53 255 0 255
P 276 53 255 0 255
P 277 53 255 0 255
P 278 53 255 0 255
P 279 53 255 0 255
P 280 53 255 0 255
P 281 53 255 0 255
P 282 53 255 0 255
P 283 53 255 0 255
P 284 53 255 0 255
P 285 53 255 0 255
P 286 53 255 0 255
P 287 53 255 0 255
P 288 53 0 0 255
P 289 53 0 0 255
P 290 53 0 0 255
P 291 53 0 0 255
P 20 54 0 0 255
P 21 54 0 0 255
P 22 54 0 0 255
P 23 54 0 0 255
P 24 54 0 0 255
P 25 54 0 0 255
P 26 54 0 0 255
P 27 54 0 0 255
P 28 54 0 0 255
P 29 54 0 0 255
P 30 54 0 0 255
P 31 54 0 0 255
P 32 54 0 0 255
P 33 54 0 0 255
P 34 54 0 0 255
P 35 54 0 255 0
P 36 54 0 255 0
P 37 54 255 0 255
P 38 54 255 0 255
P 39 54 255 0 255
P 40 54 255 0 255
P 41 54 255 0 255
P 42 54 255 0 255
P 43 54 255 0 255
P 44 54 255 0 255
P 45 54 255 0 255
P 46 54 255 0 255
P 47 54 255 0 255
P 48 54 255 0 255
P 49 54 255 0 255
P 50 54 255 0 255
P 51 54 255 0 255
P 52 54 0 0 255
P 53 54 0 0 255
P 54 54 0 255 0
P 55 54 0 255 0
P 56 54 0 255 0
P 57 54 0 255 0
P 58 54 0 255 0
P 59 54 0 255 0
P 60 54 0 255 0
P 61 54 0 255 0
P 62 54 0 255 0
P 63 54 0 255 0
P 64 54 0 255 0
P 65 54 0 255 0
P 66 54 0 255 0
P 67 54 0 255 0
P 68 54 0 255 0
P 69 54 255 255 0
P 70 54 255 255 0
P 71 54 255 0 255
P 72 54 255 0 255
P 73 54 255 0 255
P 74 54 255 0 255
P 75 54 255 0 255
P 76 54 255 0 255
P 77 54 255 0 255
P 78 54 255 0 255
P 79 54 255 0 255
P 80 54 255 0 255
P 81 54 255 0 255
P 82 54 255 0 255
P 83 54 255 0 255
P 84 54 255 0 255
P 85 54 255 0 255
P 86 54 0 0 255
P 87 54 0 0 255
P 88 54 0 255 255
P 89 54 0 255 255
P 90 54 0 255 255
P 91 54 0 255 255
P 92 54 0 255 255
P 93 54 0 255 255
P 94 54 0 255 255
P 95 54 0 255 255
P 96 54 0 255 255
P 97 54 0 255 255
P 98 54 0 255 255
P 99 54 0 255 255
P 100 54 0 255 255
P 101 54 0 255 255
P 102 54 0 255 255
P 103 54 255 255 0
P 104 54 255 255 0
P 105 54 255 0 255
P 106 54 255 0 255
P 107 54 255 0 255
P 108 54 255 0 255
P 109 54 255 0 255
P 110 54 255 0 255
P 111 54 255 0 255
P 112 54 255 0 255
P 113 54 255 0 255
P 114 54 255 0 255
P 115 54 255 0 255
P 116 54 255 0 255
P 117 54 255 0 255
P 118 54 255 0 255
P 119 54 255 0 255
P 120 54 0 0 255
P 121 54 0 0 255
P 122 54 0 255 255
P 123 54 0 255 255
P 124 54 0 255 255
P 125 54 0 255 255
P 126 54 0 255 255
P 127 54 0 255 255
P 128 54 0 255 255
P 129 54 0 255 255
P 130 54 0 255 255
P 131 54 0 255 255
P 132 54 0 255 255
P 133 54 0 255 255
P 134 54 0 255 255
P 135 54 0 255 255
P 136 54 0 255 255
P 137 54 255 255 0
P 138 54 255 255 0
P 139 54 255 0 255
P 140 54 255 0 255
P 141 54 255 0 255
P 142 54 255 0 255
P 143 54 255 0 255
P 144 54 255 0 255
P 145 54 255 0 255
P 146 54 255 0 255
P 147 54 255 0 255
P 148 54 255 0 255
P 149 54 255 0 255
P 150 54 255 0 255
P 151 54 255 0 255
P 152 54 255 0 255
P 153 54 255 0 255
P 154 54 0 0 255
P 155 54 0 0 255
P 156 54 0 255 255
P 157 54 0 255 255
P 158 54 0 255 255
P 159 54 0 255 255
P 160 54 0 255 255
P 161 54 0 255 255
P 162 54 0 255 255
P 163 54 0 255 255
P 164 54 0 255 255
P 165 54 0 255 255
P 166 54 0 255 255
P 167 54 0 255 255
P 168 54 0 255 255
P 169 54 0 255 255
P 170 54 0 255 255
P 171 54 255 255 0
P 172 54 255 255 0
P 173 54 255 0 255
P 174 54 255 0 255
P 175 54 255 0 255
P 176 54 255 0 255
P 177 54 255 0 255
P 178 54 255 0 255
P 179 54 255 0 255
P 180 54 255 0 255
P 181 54 255 0 255
P 182 54 255 0 255
P 183 54 255 0 255
P 184 54 255 0 255
P 185 54 255 0 255
P 186 54 255 0 255
P 187 54 255 0 255
P 188 54 0 0 255
P 189 54 0 0 255
P 190 54 0 255 255
P 191 54 0 255 255
P 192 54 0 255 255
P 193 54 0 255 255
P 194 54 0 255 255
P 195 54 0 255 255
P 196 54 0 255 255
P 197 54 0 255 255
P 198 54 0 255 255
P 199 54 0 255 255
P 200 54 0 255 255
P 201 54 0 255 255
P 202 54 0 255 255
P 203 54 0 255 255
P 204 54 0 255 255
P 205 54 255 255 0
P 206 54 255 255 0
P 207 54 255 0 255
P 208 54 255 0 255
P 209 54 255 0 255
P 210 54 255 0 255
P 211 54 255 0 255
P 212 54 255 0 255
P 213 54 255 0 255
P 214 54 255 0 255
P 215 54 255 0 255
P 216 54 255 0 255
P 217 54 255 0 255
P 218 54 255 0 255
P 219 54 255 0 255
P 220 54 255 0 255
P 221 54 0 0 255
P 222 54 0 0 255
P 223 54 0 0 255
P 224 54 0 255 255
P 225 54 0 255 255
P 226 54 0 255 255
P 227 54 0 255 255
P 228 54 0 255 255
P 229 54 0 255 255
P 230 54 0 255 255
P 231 54 0 255 255
P 232 54 0 255 255
P 233 54 0 255 255
P 234 54 0 255 255
P 235 54 0 255 255
P 236 54 0 255 255
P 237 54 0 255 255
P 238 54 0 255 255
P 239 54 255 255 0
P 240 54 255 255 0
P 241 54 255 0 255
P 242 54 255 0 255
P 243 54 255 0 255
P 244 54 255 0 255
P 245 54 255 0 255
P 246 54 255 0 255
P 247 54 255 0 255
P 248 54 255 0 255
P 249 54 255 0 255
P 250 54 255 0 255
P 251 54 255 0 255
P 252 54 255 0 255
P 253 54 255 0 255
P 254 54 255 0 255
P 255 54 255 0 255
P 256 54 0 0 255
P 257 54 0 0 255
P 258 54 0 255 255
P 259 54 0 255 255
P 260 54 0 255 255
P 261 54 0 255 255
P 262 54 0 255 255
P 263 54 0 255 255
P 264 54 0 255 255
P 265 54 0 255 255
P 266 54 0 255 255
P 267 54 0 255 255
P 268 54 0 255 255
P 269 54 0 255 255
P 270 54 0 255 255
P 271 54 0 255 255
P 272 54 0 255 255
P 273 54 255 255 0
P 274 54 255 255 0
P 275 54 255 0 255
P 276 54 255 0 255
P 277 54 255 0 255
P 278 54 255 0 255
P 279 54 255 0 255
P 280 54 255 0 255
P 281 54 255 0 255
P 282 54 255 0 255
P 283 54 255 0 255
P 284 54 255 0 255
P 285 54 255 0 255
P 286 54 255 0 255
P 287 54 255 0 255
P 288 54 255 0 255
P 289 54 255 0 255
P 290 54 0 0 255
P 291 54 0 0 255
P 20 55 0 0 255
P 21 55 0 0 255
P 22 55 0 0 255
P 23 55 0 0 255
P 24 55 0 0 255
P 25 55 0 0 255
P 26 55 0 0 255
P 27 55 0 0 255
P 28 55 0 0 255
P 29 55 0 0 255
P 30 55 0 0 255
P 31 55 0 0 255
P 32 55 0 0 255
P 33 55 0 0 255
P 34 55 0 0 255
P 35 55 0 0 255
P 36 55 0 255 0
P 37 55 255 0 255
P 38 55 255 0 255
P 39 55 255 0 255
P 40 55 255 0 255
P 41 55 255 0 255
P 42 55 255 0 255
P 43 55 255 0 255
P 44 55 255 0 255
P 45 55 255 0 255
P 46 55 255 0 255
P 47 55 255 0 255
P 48 55 255 0 255
P 49 55 255 0 255
P 50 55 255 0 255
P 51 55 255 0 255
P 52 55 255 0 255
P 53 55 0 0 255
P 54 55 0 255 0
P 55 55 0 255 0
P 56 55 0 255 0
P 57 55 0 255 0
P 58 55 0 255 0
P 59 55 0 255 0
P 60 55 0 255 0
P 61 55 0 255 0
P 62 55 0 255 0
P 63 55 0 255 0
P 64 55 0 255 0
P 65 55 0 255 0
P 66 55 0 255 0
P 67 55 0 255 0
P 68 55 0 255 0
P 69 55 0 255 0
P 70 55 255 255 0
P 71 55 255 0 255
P 72 55 255 0 255
P 73 55 255 0 255
P 74 55 255 0 255
P 75 55 255 0 255
P 76 55 255 0 255
P 77 55 255 0 255
P 78 55 255 0 255
P 79 55 255 0 255
P 80 55 255 0 255
P 81 55 255 0 255
P 82 55 255 0 255
P 83 55 255 0 255
P 84 55 255 0 255
P 85 55 255 0 255
P 86 55 255 0 255
P 87 55 0 0 255
P 88 55 0 255 255
P 89 55 0 255 255
P 90 55 0 255 255
P 91 55 0 255 255
P 92 55 0 255 255
P 93 55 0 255 255
P 94 55 0 255 255
P 95 55 0 255 255
P 96 55 0 255 255
P 97 55 0 255 255
P 98 55 0 255 255
P 99 55 0 255 255
P 100 55 0 255 255
P 101 55 0 255 255
P 102 55 0 255 255
P 103 55 0 255 255
P 104 55 255 255 0
P 105 55 255 0 255
P 106 55 255 0 255
P 107 55 255 0 255
P 108 55 255 0 255
P 109 55 255 0 255
P 110 55 255 0 255
P 111 55 255 0 255
P 112 55 255 0 255
P 113 55 255 0 255
P 114 55 255 0 255
P 115 55 255 0 255
P 116 55 255 0 255
P 117 55 255 0 255
P 118 55 255 0 255
P 119 55 255 0 255
P 120 55 255 0 255
P 121 55 0 0 255
P 122 55 0 255 255
P 123 55 0 255 255
P 124 55 0 255 255
P 125 55 0 255 255
P 126 55 0 255 255
P 127 55 0 255 255
P 128 55 0 255 255
P 129 55 0 255 255
P 130 55 0 255 255
P 131 55 0 255 255
P 132 55 0 255 255
P 133 55 0 255 255
P 134 55 0 255 255
P 135 55 0 255 255
P 136 55 0 255 255
P 137 55 0 255 255
P 138 55 255 255 0
P 139 55 255 0 255
P 140 55 255 0 255
P 141 55 255 0 255
P 142 55 255 0 255
P 143 55 255 0 255
P 144 55 255 0 255
P 145 55 255 0 255
P 146 55 255 0 255
P 147 55 255 0 255
P 148 55 255 0 255
P 149 55 255 0 255
P 150 55 255 0 255
P 151 55 255 0 255
P 152 55 255 0 255
P 153 55 255 0 255
P 154 55 255 0 255
P 155 55 0 0 255
P 156 55 0 255 255
P 157 55 0 255 255
P 158 55 0 255 255
P 159 55 0 255 255
P 160 55 0 255 255
P 161 55 0 255 255
P 162 55 0 255 255
P 163 55 0 255 255
P 164 55 0 255 255
P 165 55 0 255 255
P 166 55 0 255 255
P 167 55 0 255 255
P 168 55 0 255 255
P 169 55 0 255 255
P 170 55 0 255 255
P 171 55 0 255 255
P 172 55 255 255 0
P 173 55 255 0 255
P 174 55 255 0 255
P 175 55 255 0 255
P 176 55 255 0 255
P 177 55 255 0 255
P 178 55 255 0 255
P 179 55 255 0 255
P 180 55 255 0 255
P 181 55 255 0 255
P 182 55 255 0 255
P 183 55 255 0 255
P 184 55 255 0 255
P 185 55 255 0 255
P 186 55 255 0 255
P 187 55 255 0 255
P 188 55 255 0 255
P 189 55 0 0 255
P 190 55 0 255 255
P 191 55 0 255 255
P 192 55 0 255 255
P 193 55 0 255 255
P 194 55 0 255 255
P 195 55 0 255 255
P 196 55 0 255 255
P 197 55 0 255 255
P 198 55 0 255 255
P 199 55 0 255 255
P 200 55 0 255 255
P 201 55 0 255 255
P 202 55 0 255 255
P 203 55 0 255 255
P 204 55 0 255 255
P 205 55 0 255 255
P 206 55 255 255 0
P 207 55 255 0 255
P 208 55 255 0 255
P 209 55 255 0 255
P 210 55 255 0 255
P 211 55 255 0 255
P 212 55 255 0 255
P 213 55 255 0 255
P 214 55 255 0 255
P 215 55 255 0 255
P 216 55 255 0 255
P 217 55 255 0 255
P 218 55 255 0 255
P 219 55 255 0 255
P 220 55 255 0 255
P 221 55 255 0 255
P 222 55 255 0 255
P 223 55 0 0 255
P 224 55 0 255 255
P 225 55 0 255 255
P 226 55 0 255 255
P 227 55 0 255 255
P 228 55 0 255 255
P 229 55 0 255 255
P 230 55 0 255 255
P 231 55 0 255 255
P 232 55 0 255 255
P 233 55 0 255 255
P 234 55 0 255 255
P 235 55 0 255 255
P 236 55 0 255 255
P 237 55 0 255 255
P 238 55 0 255 255
P 239 55 0 255 255
P 240 55 255 255 0
P 241 55 255 0 255
P 242 55 255 0 255
P 243 55 255 0 255
P 244 55 255 0 255
P 245 55 255 0 255
P 246 55 255 0 255
P 247 55 255 0 255
P 248 55 255 0 255
P 249 55 255 0 255
P 250 55 255 0 255
P 251 55 255 0 255
P 252 55 255 0 255
P 253 55 255 0 255
P 254 55 255 0 255
P 255 55 255 0 255
P 256 55 255 0 255
P 257 55 0 0 255
P 258 55 0 255 255
P 259 55 0 255 255
P 260 55 0 255 255
P 261 55 0 255 255
P 262 55 0 255 255
P 263 55 0 255 255
P 264 55 0 255 255
P 265 55 0 255 255
P 266 55 0 255 255
P 267 55 0 255 255
P 268 55 0 255 255
P 269 55 0 255 255
P 270 55 0 255 255
P 271 55 0 255 255
P 272 55 0 255 255
P 273 55 0 255 255
P 274 55 255 255 0
P 275 55 255 0 255
P 276 55 255 0 255
P 277 55 255 0 255
P 278 55 255 0 255
P 279 55 255 0 255
P 280 55 255 0 255
P 281 55 255 0 255
P 282 55 255 0 255
P 283 55 255 0 255
P 284 55 255 0 255
P 285 55 255 0 255
P 286 55 255 0 255
P 287 55 255 0 255
P 288 55 255 0 255
P 289 55 255 0 255
P 290 55 255 0 255
P 291 55 0 0 255
P 20 56 0 255 0
P 21 56 255 0 0
P 22 56 255 0 0
P 23 56 255 0 0
P 24 56 255 0 0
P 25 56 255 0 0
P 26 56 255 0 0
P 27 56 255 0 0
P 28 56 255 0 0
P 29 56 255 0 0
P 30 56 255 0 0
P 31 56 255 0 0
P 32 56 255 0 0
P 33 56 255 0 0
P 34 56 255 0 0
P 35 56 255 0 0
P 36 56 255 0 0
P 37 56 0 255 255
P 38 56 255 255 0
P 39 56 255 255 0
P 40 56 255 255 0
P 41 56 255 255 0
P 42 56 255 255 0
P 43 56 255 255 0
P 44 56 255 255 0
P 45 56 255 255 0
P 46 56 255 255 0
P 47 56 255 255 0
P 48 56 255 255 0
P 49 56 255 255 0
P 50 56 255 255 0
P 51 56 255 255 0
P 52 56 255 255 0
P 53 56 255 255 0
P 54 56 255 0 0
P 55 56 255 0 0
P 56 56 255 0 0
P 57 56 255 0 0
P 58 56 255 0 0
P 59 56 255 0 0
P 60 56 255 0 0
P 61 56 255 0 0
P 62 56 255 0 0
P 63 56 255 0 0
P 64 56 255 0 0
P 65 56 255 0 0
P 66 56 255 0 0
P 67 56 255 0 0
P 68 56 255 0 0
P 69 56 255 0 0
P 70 56 255 0 0
P 71 56 255 255 255
P 72 56 255 255 255
P 73 56 255 255 255
P 74 56 255 255 255
P 75 56 255 255 255
P 76 56 255 255 255
P 77 56 255 255 255
P 78 56 255 255 255
P 79 56 255 255 255
P 80 56 255 255 255
P 81 56 255 255 255
P 82 56 255 255 255
P 83 56 255 255 255
P 84 56 255 255 255
P 85 56 255 255 255
P 86 56 255 255 255
P 87 56 255 255 255
P 88 56 0 255 0
P 89 56 255 0 0
P 90 56 255 0 0
P 91 56 255 0 0
P 92 56 255 0 0
P 93 56 255 0 0
P 94 56 255 0 0
P 95 56 255 0 0
P 96 56 255 0 0
P 97 56 255 0 0
P 98 56 255 0 0
P 99 56 255 0 0
P 100 56 255 0 0
P 101 56 255 0 0
P 102 56 255 0 0
P 103 56 255 0 0
P 104 56 255 0 0
P 105 56 0 0 255
P 106 56 0 255 0
P 107 56 0 255 0
P 108 56 0 255 0
P 109 56 0 255 0
P 110 56 0 255 0
P 111 56 0 255 0
P 112 56 0 255 0
P 113 56 0 255 0
P 114 56 0 255 0
P 115 56 0 255 0
P 116 56 0 255 0
P 117 56 0 255 0
P 118 56 0 255 0
P 119 56 0 255 0
P 120 56 0 255 0
P 121 56 0 255 0
P 122 56 255 0 0
P 123 56 255 0 0
P 124 56 255 0 0
P 125 56 255 0 0
P 126 56 255 0 0
P 127 56 255 0 0
P 128 56 255 0 0
P 129 56 255 0 0
P 130 56 255 0 0
P 131 56 255 0 0
P 132 56 255 0 0
P 133 56 255 0 0
P 134 56 255 0 0
P 135 56 255 0 0
P 136 56 255 0 0
P 137 56 255 0 0
P 138 56 255 0 0
P 139 56 0 255 0
P 140 56 0 255 0
P 141 56 0 255 0
P 142 56 0 255 0
P 143 56 0 255 0
P 144 56 0 255 0
P 145 56 0 255 0
P 146 56 0 255 0
P 147 56 0 255 0
P 148 56 0 255 0
P 149 56 0 255 0
P 150 56 0 255 0
P 151 56 0 255 0
P 152 56 0 255 0
P 153 56 0 255 0
P 154 56 0 255 0
P 155 56 0 255 0
P 156 56 255 255 0
P 157 56 255 0 0
P 158 56 255 0 0
P 159 56 255 0 0
P 160 56 255 0 0
P 161 56 255 0 0
P 162 56 255 0 0
P 163 56 255 0 0
P 164 56 255 0 0
P 165 56 255 0 0
P 166 56 255 0 0
P 167 56 255 0 0
P 168 56 255 0 0
P 169 56 255 0 0
P 170 56 255 0 0
P 171 56 255 0 0
P 172 56 255 0 0
P 173 56 0 0 255
P 174 56 0 255 0
P 175 56 0 255 0
P 176 56 0 255 0
P 177 56 0 255 0
P 178 56 0 255 0
P 179 56 0 255 0
P 180 56 0 255 0
P 181 56 0 255 0
P 182 56 0 255 0
P 183 56 0 255 0
P 184 56 0 255 0
P 185 56 0 255 0
P 186 56 0 255 0
P 187 56 0 255 0
P 188 56 0 255 0
P 189 56 0 255 0
P 190 56 255 255 0
P 191 56 255 0 0
P 192 56 255 0 0
P 193 56 255 0 0
P 194 56 255 0 0
P 195 56 255 0 0
P 196 56 255 0 0
P 197 56 255 0 0
P 198 56 255 0 0
P 199 56 255 0 0
P 200 56 255 0 0
P 201 56 255 0 0
P 202 56 255 0 0
P 203 56 255 0 0
P 204 56 255 0 0
P 205 56 255 0 0
P 206 56 255 0 0
P 207 56 0 0 255
P 208 56 0 255 0
P 209 56 0 255 0
P 210 56 0 255 0
P 211 56 0 255 0
P 212 56 0 255 0
P 213 56 0 255 0
P 214 56 0 255 0
P 215 56 0 255 0
P 216 56 0 255 0
P 217 56 0 255 0
P 218 56 0 255 0
P 219 56 0 255 0
P 220 56 0 255 0
P 221 56 0 255 0
P 222 56 0 255 0
P 223 56 0 255 0
P 224 56 255 0 0
P 225 56 255 0 0
P 226 56 255 0 0
P 227 56 255 0 0
P 228 56 255 0 0
P 229 56 255 0 0
P 230 56 255 0 0
P 231 56 255 0 0
P 232 56 255 0 0
P 233 56 255 0 0
P 234 56 255 0 0
P 235 56 255 0 0
P 236 56 255 0 0
P 237 56 255 0 0
P 238 56 255 0 0
P 239 56 255 0 0
P 240 56 255 0 0
P 241 56 0 0 255
P 242 56 0 255 0
P 243 56 0 255 0
P 244 56 0 255 0
P 245 56 0 255 0
P 246 56 0 255 0
P 247 56 0 255 0
P 248 56 0 255 0
P 249 56 0 255 0
P 250 56 0 255 0
P 251 56 0 255 0
P 252 56 0 255 0
P 253 56 0 255 0
P 254 56 0 255 0
P 255 56 0 255 0
P 256 56 0 255 0
P 257 56 0 255 0
P 258 56 255 255 0
P 259 56 255 0 0
P 260 56 255 0 0
P 261 56 255 0 0
P 262 56 255 0 0
P 263 56 255 0 0
P 264 56 255 0 0
P 265 56 255 0 0
P 266 56 255 0 0
P 267 56 255 0 0
P 268 56 255 0 0
P 269 56 255 0 0
P 270 56 255 0 0
P 271 56 255 0 0
P 272 56 255 0 0
P 273 56 255 0 0
P 274 56 255 0 0
P 275 56 0 0 255
P 276 56 0 255 0
P 277 56 0 255 0
P 278 56 0 255 0
P 279 56 0 255 0
P 280 56 0 255 0
P 281 56 0 255 0
P 282 56 0 255 0
P 283 56 0 255 0
P 284 56 0 255 0
P 285 56 0 255 0
P 286 56 0 255 0
P 287 56 0 255 0
P 288 56 0 255 0
P 289 56 0 255 0
P 290 56 0 255 0
P 291 56 0 255 0
P 20 57 0 255 0
P 21 57 0 255 0
P 22 57 255 0 0
P 23 57 255 0 0
P 24 57 255 0 0
P 25 57 255 0 0
P 26 57 255 0 0
P 27 57 255 0 0
P 28 57 255 0 0
P 29 57 255 0 0
P 30 57 255 0 0
P 31 57 255 0 0
P 32 57 255 0 0
P 33 57 255 0 0
P 34 57 255 0 0
P 35 57 255 0 0
P 36 57 255 0 0
P 37 57 0 255 255
P 38 57 0 255 255
P 39 57 255 255 0
P 40 57 255 255 0
P 41 57 255 255 0
P 42 57 255 255 0
P 43 57 255 255 0
P 44 57 255 255 0
P 45 57 255 255 0
P 46 57 255 255 0
P 47 57 255 255 0
P 48 57 255 255 0
P 49 57 255 255 0
P 50 57 255 255 0
P 51 57 255 255 0
P 52 57 255 255 0
P 53 57 255 255 0
P 54 57 255 255 255
P 55 57 255 255 255
P 56 57 255 0 0
P 57 57 255 0 0
P 58 57 255 0 0
P 59 57 255 0 0
P 60 57 255 0 0
P 61 57 255 0 0
P 62 57 255 0 0
P 63 57 255 0 0
P 64 57 255 0 0
P 65 57 255 0 0
P 66 57 255 0 0
P 67 57 255 0 0
P 68 57 255 0 0
P 69 57 255 0 0
P 70 57 255 0 0
P 71 57 0 0 255
P 72 57 0 0 255
P 73 57 255 255 255
P 74 57 255 255 255
P 75 57 255 255 255
P 76 57 255 255 255
P 77 57 255 255 255
P 78 57 255 255 255
P 79 57 255 255 255
P 80 57 255 255 255
P 81 57 255 255 255
P 82 57 255 255 255
P 83 57 255 255 255
P 84 57 255 255 255
P 85 57 255 255 255
P 86 57 255 255 255
P 87 57 255 255 255
P 88 57 0 255 0
P 89 57 0 255 0
P 90 57 255 0 0
P 91 57 255 0 0
P 92 57 255 0 0
P 93 57 255 0 0
P 94 57 255 0 0
P 95 57 255 0 0
P 96 57 255 0 0
P 97 57 255 0 0
P 98 57 255 0 0
P 99 57 255 0 0
P 100 57 255 0 0
P 101 57 255 0 0
P 102 57 255 0 0
P 103 57 255 0 0
P 104 57 255 0 0
P 105 57 0 0 255
P 106 57 0 0 255
P 107 57 0 255 0
P 108 57 0 255 0
P 109 57 0 255 0
P 110 57 0 255 0
P 111 57 0 255 0
P 112 57 0 255 0
P 113 57 0 255 0
P 114 57 0 255 0
P 115 57 0 255 0
P 116 57 0 255 0
P 117 57 0 255 0
P 118 57 0 255 0
P 119 57 0 255 0
P 120 57 0 255 0
P 121 57 0 255 0
P 122 57 255 255 0
P 123 57 255 255 0
P 124 57 255 0 0
P 125 57 255 0 0
P 126 57 255 0 0
P 127 57 255 0 0
P 128 57 255 0 0
P 129 57 255 0 0
P 130 57 255 0 0
P 131 57 255 0 0
P 132 57 255 0 0
P 133 57 255 0 0
P 134 57 255 0 0
P 135 57 255 0 0
P 136 57 255 0 0
P 137 57 255 0 0
P 138 57 255 0 0
P 139 57 0 0 255
P 140 57 0 0 255
P 141 57 0 255 0
P 142 57 0 255 0
P 143 57 0 255 0
P 144 57 0 255 0
P 145 57 0 255 0
P 146 57 0 255 0
P 147 57 0 255 0
P 148 57 0 255 0
P 149 57 0 255 0
P 150 57 0 255 0
P 151 57 0 255 0
P 152 57 0 255 0
P 153 57 0 255 0
P 154 57 0 255 0
P 155 57 0 255 0
P 156 57 255 255 0
P 157 57 255 255 0
P 158 57 255 0 0
P 159 57 255 0 0
P 160 57 255 0 0
P 161 57 255 0 0
P 162 57 255 0 0
P 163 57 255 0 0
P 164 57 255 0 0
P 165 57 255 0 0
P 166 57 255 0 0
P 167 57 255 0 0
P 168 57 255 0 0
P 169 57 255 0 0
P 170 57 255 0 0
P 171 57 255 0 0
P 172 57 255 0 0
P 173 57 0 0 255
P 174 57 0 0 255
P 175 57 0 255 0
P 176 57 0 255 0
P 177 57 0 255 0
P 178 57 0 255 0
P 179 57 0 255 0
P 180 57 0 255 0
P 181 57 0 255 0
P 182 57 0 255 0
P 183 57 0 255 0
P 184 57 0 255 0
P 185 57 0 255 0
P 186 57 0 255 0
P 187 57 0 255 0
P 188 57 0 255 0
P 189 57 0 255 0
P 190 57 255 255 0
P 191 57 255 255 0
P 192 57 255 0 0
P 193 57 255 0 0
P 194 57 255 0 0
P 195 57 255 0 0
P 196 57 255 0 0
P 197 57 255 0 0
P 198 57 255 0 0
P 199 57 255 0 0
P 200 57 255 0 0
P 201 57 255 0 0
P 202 57 255 0 0
P 203 57 255 0 0
P 204 57 255 0 0
P 205 57 255 0 0
P 206 57 255 0 0
P 207 57 0 0 255
P 208 57 0 0 255
P 209 57 0 255 0
P 210 57 0 255 0
P 211 57 0 255 0
P 212 57 0 255 0
P 213 57 0 255 0
P 214 57 0 255 0
P 215 57 0 255 0
P 216 57 0 255 0
P 217 57 0 255 0
P 218 57 0 255 0
P 219 57 0 255 0
P 220 57 0 255 0
P 221 57 0 255 0
P 222 57 0 255 0
P 223 57 0 255 0
P 224 57 255 255 0
P 225 57 255 255 0
P 226 57 255 0 0
P 227 57 255 0 0
P 228 57 255 0 0
P 229 57 255 0 0
P 230 57 255 0 0
P 231 57 255 0 0
P 232 57 255 0 0
P 233 57 255 0 0
P 234 57 255 0 0
P 235 57 255 0 0
P 236 57 255 0 0
P 237 57 255 0 0
P 238 57 255 0 0
P 239 57 255 0 0
P 240 57 255 0 0
P 241 57 0 0 255
P 242 57 0 0 255
P 243 57 0 255 0
P 244 57 0 255 0
P 245 57 0 255 0
P 246 57 0 255 0
P 247 57 0 255 0
P 248 57 0 255 0
P 249 57 0 255 0
P 250 57 0 255 0
P 251 57 0 255 0
P 252 57 0 255 0
P 253 57 0 255 0
P 254 57 0 255 0
P 255 57 0 255 0
P 256 57 0 255 0
P 257 57 0 255 0
P 258 57 255 255 0
P 259 57 255 255 0
P 260 57 255 0 0
P 261 57 255 0 0
P 262 57 255 0 0
P 263 57 255 0 0
P 264 57 255 0 0
P 265 57 255 0 0
P 266 57 255 0 0
P 267 57 255 0 0
P 268 57 255 0 0
P 269 57 255 0 0
P 270 57 255 0 0
P 271 57 255 0 0
P 272 57 255 0 0
P 273 57 255 0 0
P 274 57 255 0 0
P 275 57 0 0 255
P 276 57 0 0 255
P 277 57 0 255 0
P 278 57 0 255 0
P 279 57 0 255 0
P 280 57 0 255 0
P 281 57 0 255 0
P 282 57 0 255 0
P 283 57 0 255 0
P 284 57 0 255 0
P 285 57 0 255 0
P 286 57 0 255 0
P 287 57 0 255 0
P 288 57 0 255 0
P 289 57 0 255 0
P 290 57 0 255 0
P 291 57 0 255 0
P 20 58 0 255 0
P 21 58 0 255 0
P 22 58 0 255 0
P 23 58 0 255 0
P 24 58 255 0 0
P 25 58 255 0 0
P 26 58 255 0 0
P 27 58 255 0 0
P 28 58 255 0 0
P 29 58 255 0 0
P 30 58 255 0 0
P 31 58 255 0 0
P 32 58 255 0 0
P 33 58 255 0 0
P 34 58 255 0 0
P 35 58 255 0 0
P 36 58 255 0 0
P 37 58 0 255 255
P 38 58 0 255 255
P 39 58 0 255 255
P 40 58 255 255 0
P 41 58 255 255 0
P 42 58 255 255 0
P 43 58 255 255 0
P 44 58 255 255 0
P 45 58 255 255 0
P 46 58 255 255 0
P 47 58 255 255 0
P 48 58 255 255 0
P 49 58 255 255 0
P 50 58 255 255 0
P 51 58 255 255 0
P 52 58 255 255 0
P 53 58 255 255 0
P 54 58 255 255 255
P 55 58 255 255 255
P 56 58 255 255 255
P 57 58 255 0 0
P 58 58 255 0 0
P 59 58 255 0 0
P 60 58 255 0 0
P 61 58 255 0 0
P 62 58 255 0 0
P 63 58 255 0 0
P 64 58 255 0 0
P 65 58 255 0 0
P 66 58 255 0 0
P 67 58 255 0 0
P 68 58 255 0 0
P 69 58 255 0 0
P 70 58 255 0 0
P 71 58 0 0 255
P 72 58 0 0 255
P 73 58 0 0 255
P 74 58 255 255 255
P 75 58 255 255 255
P 76 58 255 255 255
P 77 58 255 255 255
P 78 58 255 255 255
P 79 58 255 255 255
P 80 58 255 255 255
P 81 58 255 255 255
P 82 58 255 255 255
P 83 58 255 255 255
P 84 58 255 255 255
P 85 58 255 255 255
P 86 58 255 255 255
P 87 58 255 255 255
P 88 58 0 255 0
P 89 58 0 255 0
P 90 58 0 255 0
P 91 58 0 255 0
P 92 58 255 0 0
P 93 58 255 0 0
P 94 58 255 0 0
P 95 58 255 0 0
P 96 58 255 0 0
P 97 58 255 0 0
P 98 58 255 0 0
P 99 58 255 0 0
P 100 58 255 0 0
P 101 58 255 0 0
P 102 58 255 0 0
P 103 58 255 0 0
P 104 58 255 0 0
P 105 58 0 0 255
P 106 58 0 0 255
P 107 58 0 0 255
P 108 58 0 0 255
P 109 58 0 255 0
P 110 58 0 255 0
P 111 58 0 255 0
P 112 58 0 255 0
P 113 58 0 255 0
P 114 58 0 255 0
P 115 58 0 255 0
P 116 58 0 255 0
P 117 58 0 255 0
P 118 58 0 255 0
P 119 58 0 255 0
P 120 58 0 255 0
P 121 58 0 255 0
P 122 58 255 255 0
P 123 58 255 255 0
P 124 58 255 255 0
P 125 58 255 0 0
P 126 58 255 0 0
P 127 58 255 0 0
P 128 58 255 0 0
P 129 58 255 0 0
P 130 58 255 0 0
P 131 58 255 0 0
P 132 58 255 0 0
P 133 58 255 0 0
P 134 58 255 0 0
P 135 58 255 0 0
P 136 58 255 0 0
P 137 58 255 0 0
P 138 58 255 0 0
P 139 58 0 0 255
P 140 58 0 0 255
P 141 58 0 0 255
P 142 58 0 255 0
P 143 58 0 255 0
P 144 58 0 255 0
P 145 58 0 255 0
P 146 58 0 255 0
P 147 58 0 255 0
P 148 58 0 255 0
P 149 58 0 255 0
P 150 58 0 255 0
P 151 58 0 255 0
P 152 58 0 255 0
P 153 58 0 255 0
P 154 58 0 255 0
P 155 58 0 255 0
P 156 58 255 255 0
P 157 58 255 255 0
P 158 58 255 255 0
P 159 58 255 255 0
P 160 58 255 0 0
P 161 58 255 0 0
P 162 58 255 0 0
P 163 58 255 0 0
P 164 58 255 0 0
P 165 58 255 0 0
P 166 58 255 0 0
P 167 58 255 0 0
P 168 58 255 0 0
P 169 58 255 0 0
P 170 58 255 0 0
P 171 58 255 0 0
P 172 58 255 0 0
P 173 58 0 0 255
P 174 58 0 0 255
P 175 58 0 0 255
P 176 58 0 0 255
P 177 58 0 255 0
P 178 58 0 255 0
P 179 58 0 255 0
P 180 58 0 255 0
P 181 58 0 255 0
P 182 58 0 255 0
P 183 58 0 255 0
P 184 58 0 255 0
P 185 58 0 255 0
P 186 58 0 255 0
P 187 58 0 255 0
P 188 58 0 255 0
P 189 58 0 255 0
P 190 58 255 255 0
P 191 58 255 255 0
P 192 58 255 255 0
P 193 58 255 255 0
P 194 58 255 0 0
P 195 58 255 0 0
P 196 58 255 0 0
P 197 58 255 0 0
P 198 58 255 0 0
P 199 58 255 0 0
P 200 58 255 0 0
P 201 58 255 0 0
P 202 58 255 0 0
P 203 58 255 0 0
P 204 58 255 0 0
P 205 58 255 0 0
P 206 58 255 0 0
P 207 58 0 0 255
P 208 58 0 0 255
P 209 58 0 0 255
P 210 58 0 0 255
P 211 58 0 255 0
P 212 58 0 255 0
P 213 58 0 255 0
P 214 58 0 255 0
P 215 58 0 255 0
P 216 58 0 255 0
P 217 58 0 255 0
P 218 58 0 255 0
P 219 58 0 255 0
P 220 58 0 255 0
P 221 58 0 255 0
P 222 58 0 255 0
P 223 58 0 255 0
P 224 58 255 255 0
P 225 58 255 255 0
P 226 58 255 255 0
P 227 58 255 0 0
P 228 58 255 0 0
P 229 58 255 0 0
P 230 58 255 0 0
P 231 58 255 0 0
P 232 58 255 0 0
P 233 58 255 0 0
P 234 58 255 0 0
P 235 58 255 0 0
P 236 58 255 0 0
P 237 58 255 0 0
P 238 58 255 0 0
P 239 58 255 0 0
P 240 58 255 0 0
P 241 58 0 0 255
P 242 58 0 0 255
P 243 58 0 0 255
P 244 58 0 255 0
P 245 58 0 255 0
P 246 58 0 255 0
P 247 58 0 255 0
P 248 58 0 255 0
P 249 58 0 255 0
P 250 58 0 255 0
P 251 58 0 255 0
P 252 58 0 255 0
P 253 58 0 255 0
P 254 58 0 255 0
P 255 58 0 255 0
P 256 58 0 255 0
P 257 58 0 255 0
P 258 58 255 255 0
P 259 58 255 255 0
P 260 58 255 255 0
P 261 58 255 255 0
P 262 58 255 0 0
P 263 58 255 0 0
P 264 58 255 0 0
P 265 58 255 0 0
P 266 58 255 0 0
P 267 58 255 0 0
P 268 58 255 0 0
P 269 58 255 0 0
P 270 58 255 0 0
P 271 58 255 0 0
P 272 58 255 0 0
P 273 58 255 0 0
P 274 58 255 0 0
P 275 58 0 0 255
P 276 58 0 0 255
P 277 58 0 0 255
P 278 58 0 255 0
P 279 58 0 255 0
P 280 58 0 255 0
P 281 58 0 255 0
P 282 58 0 255 0
P 283 58 0 255 0
P 284 58 0 255 0
P 285 58 0 255 0
P 286 58 0 255 0
P 287 58 0 255 0
P 288 58 0 255 0
P 289 58 0 255 0
P 290 58 0 255 0
P 291 58 0 255 0
P 20 59 0 255 0
P 21 59 0 255 0
P 22 59 0 255 0
P 23 59 0 255 0
P 24 59 0 255 0
P 25 59 255 0 0
P 26 59 255 0 0
P 27 59 255 0 0
P 28 59 255 0 0
P 29 59 255 0 0
P 30 59 255 0 0
P 31 59 255 0 0
P 32 59 255 0 0
P 33 59 255 0 0
P 34 59 255 0 0
P 35 59 255 0 0
P 36 59 255 0 0
P 37 59 0 255 255
P 38 59 0 255 255
P 39 59 0 255 255
P 40 59 0 255 255
P 41 59 0 255 255
P 42 59 255 255 0
P 43 59 255 255 0
P 44 59 255 255 0
P 45 59 255 255 0
P 46 59 255 255 0
P 47 59 255 255 0
P 48 59 255 255 0
P 49 59 255 255 0
P 50 59 255 255 0
P 51 59 255 255 0
P 52 59 255 255 0
P 53 59 255 255 0
P 54 59 255 255 255
P 55 59 255 255 255
P 56 59 255 255 255
P 57 59 255 255 255
P 58 59 255 255 255
P 59 59 255 0 0
P 60 59 255 0 0
P 61 59 255 0 0
P 62 59 255 0 0
P 63 59 255 0 0
P 64 59 255 0 0
P 65 59 255 0 0
P 66 59 255 0 0
P 67 59 255 0 0
P 68 59 255 0 0
P 69 59 255 0 0
P 70 59 255 0 0
P 71 59 0 0 255
P 72 59 0 0 255
P 73 59 0 0 255
P 74 59 0 0 255
P 75 59 0 0 255
P 76 59 255 255 255
P 77 59 255 255 255
P 78 59 255 255 255
P 79 59 255 255 255
P 80 59 255 255 255
P 81 59 255 255 255
P 82 59 255 255 255
P 83 59 255 255 255
P 84 59 255 255 255
P 85 59 255 255 255
P 86 59 255 255 255
P 87 59 255 255 255
P 88 59 0 255 0
P 89 59 0 255 0
P 90 59 0 255 0
P 91 59 0 255 0
P 92 59 0 255 0
P 93 59 255 0 0
P 94 59 255 0 0
P 95 59 255 0 0
P 96 59 255 0 0
P 97 59 255 0 0
P 98 59 255 0 0
P 99 59 255 0 0
P 100 59 255 0 0
P 101 59 255 0 0
P 102 59 255 0 0
P 103 59 255 0 0
P 104 59 255 0 0
P 105 59 0 0 255
P 106 59 0 0 255
P 107 59 0 0 255
P 108 59 0 0 255
P 109 59 0 0 255
P 110 59 0 255 0
P 111 59 0 255 0
P 112 59 0 255 0
P 113 59 0 255 0
P 114 59 0 255 0
P 115 59 0 255 0
P 116 59 0 255 0
P 117 59 0 255 0
P 118 59 0 255 0
P 119 59 0 255 0
P 120 59 0 255 0
P 121 59 0 255 0
P 122 59 255 255 0
P 123 59 255 255 0
P 124 59 255 255 0
P 125 59 255 255 0
P 126 59 255 255 0
P 127 59 255 0 0
P 128 59 255 0 0
P 129 59 255 0 0
P 130 59 255 0 0
P 131 59 255 0 0
P 132 59 255 0 0
P 133 59 255 0 0
P 134 59 255 0 0
P 135 59 255 0 0
P 136 59 255 0 0
P 137 59 255 0 0
P 138 59 255 0 0
P 139 59 0 0 255
P 140 59 0 0 255
P 141 59 0 0 255
P 142 59 0 0 255
P 143 59 0 0 255
P 144 59 0 255 0
P 145 59 0 255 0
P 146 59 0 255 0
P 147 59 0 255 0
P 148 59 0 255 0
P 149 59 0 255 0
P 150 59 0 255 0
P 151 59 0 255 0
P 152 59 0 255 0
P 153 59 0 255 0
P 154 59 0 255 0
P 155 59 0 255 0
P 156 59 255 255 0
P 157 59 255 255 0
P 158 59 255 255 0
P 159 59 255 255 0
P 160 59 255 255 0
P 161 59 255 0 0
P 162 59 255 0 0
P 163 59 255 0 0
P 164 59 255 0 0
P 165 59 255 0 0
P 166 59 255 0 0
P 167 59 255 0 0
P 168 59 255 0 0
P 169 59 255 0 0
P 170 59 255 0 0
P 171 59 255 0 0
P 172 59 255 0 0
P 173 59 0 0 255
P 174 59 0 0 255
P 175 59 0 0 255
P 176 59 0 0 255
P 177 59 0 0 255
P 178 59 0 255 0
P 179 59 0 255 0
P 180 59 0 255 0
P 181 59 0 255 0
P 182 59 0 255 0
P 183 59 0 255 0
P 184 59 0 255 0
P 185 59 0 255 0
P 186 59 0 255 0
P 187 59 0 255 0
P 188 59 0 255 0
P 189 59 0 255 0
P 190 59 255 255 0
P 191 59 255 255 0
P 192 59 255 255 0
P 193 59 255 255 0
P 194 59 255 255 0
P 195 59 255 0 0
P 196 59 255 0 0
P 197 59 255 0 0
P 198 59 255 0 0
P 199 59 255 0 0
P 200 59 255 0 0
P 201 59 255 0 0
P 202 59 255 0 0
P 203 59 255 0 0
P 204 59 255 0 0
P 205 59 255 0 0
P 206 59 255 0 0
P 207 59 0 0 255
P 208 59 0 0 255
P 209 59 0 0 255
P 210 59 0 0 255
P 211 59 0 0 255
P 212 59 0 255 0
P 213 59 0 255 0
P 214 59 0 255 0
P 215 59 0 255 0
P 216 59 0 255 0
P 217 59 0 255 0
P 218 59 0 255 0
P 219 59 0 255 0
P 220 59 0 255 0
P 221 59 0 255 0
P 222 59 0 255 0
P 223 59 0 255 0
P 224 59 255 255 0
P 225 59 255 255 0
P 226 59 255 255 0
P 227 59 255 255 0
P 228 59 255 255 0
P 229 59 255 0 0
P 230 59 255 0 0
P 231 59 255 0 0
P 232 59 255 0 0
P 233 59 255 0 0
P 234 59 255 0 0
P 235 59 255 0 0
P 236 59 255 0 0
P 237 59 255 0 0
P 238 59 255 0 0
P 239 59 255 0 0
P 240 59 255 0 0
P 241 59 0 0 255
P 242 59 0 0 255
P 243 59 0 0 255
P 244 59 0 0 255
P 245 59 0 0 255
P 246 59 0 255 0
P 247 59 0 255 0
P 248 59 0 255 0
P 249 59 0 255 0
P 250 59 0 255 0
P 251 59 0 255 0
P 252 59 0 255 0
P 253 59 0 255 0
P 254 59 0 255 0
P 255 59 0 255 0
P 256 59 0 255 0
P 257 59 0 255 0
P 258 59 255 255 0
P 259 59 255 255 0
P 260 59 255 255 0
P 261 59 255 255 0
P 262 59 255 255 0
P 263 59 255 0 0
P 264 59 255 0 0
P 265 59 255 0 0
P 266 59 255 0 0
P 267 59 255 0 0
P 268 59 255 0 0
P 269 59 255 0 0
P 270 59 255 0 0
P 271 59 255 0 0
P 272 59 255 0 0
P 273 59 255 0 0
P 274 59 255 0 0
P 275 59 0 0 255
P 276 59 0 0 255
P 277 59 0 0 255
P 278 59 0 0 255
P 279 59 0 0 255
P 280 59 0 255 0
P 281 59 0 255 0
P 282 59 0 255 0
P 283 59 0 255 0
P 284 59 0 255 0
P 285 59 0 255 0
P 286 59 0 255 0
P 287 59 0 255 0
P 288 59 0 255 0
P 289 59 0 255 0
P 290 59 0 255 0
P 291 59 0 255 0
P 20 60 0 255 0
P 21 60 0 255 0
P 22 60 0 255 0
P 23 60 0 255 0
P 24 60 0 255 0
P 25 60 0 255 0
P 26 60 255 0 0
P 27 60 255 0 0
P 28 60 255 0 0
P 29 60 255 0 0
P 30 60 255 0 0
P 31 60 255 0 0
P 32 60 255 0 0
P 33 60 255 0 0
P 34 60 255 0 0
P 35 60 255 0 0
P 36 60 255 0 0
P 37 60 0 255 255
P 38 60 0 255 255
P 39 60 0 255 255
P 40 60 0 255 255
P 41 60 0 255 255
P 42 60 0 255 255
P 43 60 255 255 0
P 44 60 255 255 0
P 45 60 255 255 0
P 46 60 255 255 0
P 47 60 255 255 0
P 48 60 255 255 0
P 49 60 255 255 0
P 50 60 255 255 0
P 51 60 255 255 0
P 52 60 255 255 0
P 53 60 255 255 0
P 54 60 255 255 255
P 55 60 255 255 255
P 56 60 255 255 255
P 57 60 255 255 255
P 58 60 255 255 255
P 59 60 255 255 255
P 60 60 255 0 0
P 61 60 255 0 0
P 62 60 255 0 0
P 63 60 255 0 0
P 64 60 255 0 0
P 65 60 255 0 0
P 66 60 255 0 0
P 67 60 255 0 0
P 68 60 255 0 0
P 69 60 255 0 0
P 70 60 255 0 0
P 71 60 0 0 255
P 72 60 0 0 255
P 73 60 0 0 255
P 74 60 0 0 255
P 75 60 0 0 255
P 76 60 0 0 255
P 77 60 255 255 255
P 78 60 255 255 255
P 79 60 255 255 255
P 80 60 255 255 255
P 81 60 255 255 255
P 82 60 255 255 255
P 83 60 255 255 255
P 84 60 255 255 255
P 85 60 255 255 255
P 86 60 255 255 255
P 87 60 255 255 255
P 88 60 0 255 0
P 89 60 0 255 0
P 90 60 0 255 0
P 91 60 0 255 0
P 92 60 0 255 0
P 93 60 0 255 0
P 94 60 255 0 0
P 95 60 255 0 0
P 96 60 255 0 0
P 97 60 255 0 0
P 98 60 255 0 0
P 99 60 255 0 0
P 100 60 255 0 0
P 101 60 255 0 0
P 102 60 255 0 0
P 103 60 255 0 0
P 104 60 255 0 0
P 105 60 0 0 255
P 106 60 0 0 255
P 107 60 0 0 255
P 108 60 0 0 255
P 109 60 0 0 255
P 110 60 0 0 255
P 111 60 0 255 0
P 112 60 0 255 0
P 113 60 0 255 0
P 114 60 0 255 0
P 115 60 0 255 0
P 116 60 0 255 0
P 117 60 0 255 0
P 118 60 0 255 0
P 119 60 0 255 0
P 120 60 0 255 0
P 121 60 0 255 0
P 122 60 255 255 0
P 123 60 255 255 0
P 124 60 255 255 0
P 125 60 255 255 0
P 126 60 255 255 0
P 127 60 255 255 0
P 128 60 255 0 0
P 129 60 255 0 0
P 130 60 255 0 0
P 131 60 255 0 0
P 132 60 255 0 0
P 133 60 255 0 0
P 134 60 255 0 0
P 135 60 255 0 0
P 136 60 255 0 0
P 137 60 255 0 0
P 138 60 255 0 0
P 139 60 0 0 255
P 140 60 0 0 255
P 141 60 0 0 255
P 142 60 0 0 255
P 143 60 0 0 255
P 144 60 0 0 255
P 145 60 0 255 0
P 146 60 0 255 0
P 147 60 0 255 0
P 148 60 0 255 0
P 149 60 0 255 0
P 150 60 0 255 0
P 151 60 0 255 0
P 152 60 0 255 0
P 153 60 0 255 0
P 154 60 0 255 0
P 155 60 0 255 0
P 156 60 255 255 0
P 157 60 255 255 0
P 158 60 255 255 0
P 159 60 255 255 0
P 160 60 255 255 0
P 161 60 255 255 0
P 162 60 255 0 0
P 163 60 255 0 0
P 164 60 255 0 0
P 165 60 255 0 0
P 166 60 255 0 0
P 167 60 255 0 0
P 168 60 255 0 0
P 169 60 255 0 0
P 170 60 255 0 0
P 171 60 255 0 0
P 172 60 255 0 0
P 173 60 0 0 255
P 174 60 0 0 255
P 175 60 0 0 255
P 176 60 0 0 255
P 177 60 0 0 255
P 178 60 0 0 255
P 179 60 0 255 0
P 180 60 0 255 0
P 181 60 0 255 0
P 182 60 0 255 0
P 183 60 0 255 0
P 184 60 0 255 0
P 185 60 0 255 0
P 186 60 0 255 0
P 187 60 0 255 0
P 188 60 0 255 0
P 189 60 0 255 0
P 190 60 255 255 0
P 191 60 255 255 0
P 192 60 255 255 0
P 193 60 255 255 0
P 194 60 255 255 0
P 195 60 255 255 0
P 196 60 255 0 0
P 197 60 255 0 0
P 198 60 255 0 0
P 199 60 255 0 0
P 200 60 255 0 0
P 201 60 255 0 0
P 202 60 255 0 0
P 203 60 255 0 0
P 204 60 255 0 0
P 205 60 255 0 0
P 206 60 255 0 0
P 207 60 0 0 255
P 208 60 0 0 255
P 209 60 0 0 255
P 210 60 0 0 255
P 211 60 0 0 255
P 212 60 0 0 255
P 213 60 0 255 0
P 214 60 0 255 0
P 215 60 0 255 0
P 216 60 0 255 0
P 217 60 0 255 0
P 218 60 0 255 0
P 219 60 0 255 0
P 220 60 0 255 0
P 221 60 0 255 0
P 222 60 0 255 0
P 223 60 0 255 0
P 224 60 255 255 0
P 225 60 255 255 0
P 226 60 255 255 0
P 227 60 255 255 0
P 228 60 255 255 0
P 229 60 255 255 0
P 230 60 255 0 0
P 231 60 255 0 0
P 232 60 255 0 0
P 233 60 255 0 0
P 234 60 255 0 0
P 235 60 255 0 0
P 236 60 255 0 0
P 237 60 255 0 0
P 238 60 255 0 0
P 239 60 255 0 0
P 240 60 255 0 0
P 241 60 0 0 255
P 242 60 0 0 255
P 243 60 0 0 255
P 244 60 0 0 255
P 245 60 0 0 255
P 246 60 0 0 255
P 247 60 0 255 0
P 248 60 0 255 0
P 249 60 0 255 0
P 250 60 0 255 0
P 251 60 0 255 0
P 252 60 0 255 0
P 253 60 0 255 0
P 254 60 0 255 0
P 255 60 0 255 0
P 256 60 0 255 0
P 257 60 0 255 0
P 258 60 255 255 0
P 259 60 255 255 0
P 260 60 255 255 0
P 261 60 255 255 0
P 262 60 255 255 0
P 263 60 255 255 0
P 264 60 255 0 0
P 265 60 255 0 0
P 266 60 255 0 0
P 267 60 255 0 0
P 268 60 255 0 0
P 269 60 255 0 0
P 270 60 255 0 0
P 271 60 255 0 0
P 272 60 255 0 0
P 273 60 255 0 0
P 274 60 255 0 0
P 275 60 0 0 255
P 276 60 0 0 255
P 277 60 0 0 255
P 278 60 0 0 255
P 279 60 0 0 255
P 280 60 0 0 255
P 281 60 0 255 0
P 282 60 0 255 0
P 283 60 0 255 0
P 284 60 0 255 0
P 285 60 0 255 0
P 286 60 0 255 0
P 287 60 0 255 0
P 288 60 0 255 0
P 289 60 0 255 0
P 290 60 0 255 0
P 291 60 0 255 0
P 20 61 0 255 0
P 21 61 0 255 0
P 22 61 0 255 0
P 23 61 0 255 0
P 24 61 0 255 0
P 25 61 0 255 0
P 26 61 0 255 0
P 27 61 0 255 0
P 28 61 255 0 0
P 29 61 255 0 0
P 30 61 255 0 0
P 31 61 255 0 0
P 32 61 255 0 0
P 33 61 255 0 0
P 34 61 255 0 0
P 35 61 255 0 0
P 36 61 255 0 0
P 37 61 0 255 255
P 38 61 0 255 255
P 39 61 0 255 255
P 40 61 0 255 255
P 41 61 0 255 255
P 42 61 0 255 255
P 43 61 0 255 255
P 44 61 0 255 255
P 45 61 255 255 0
P 46 61 255 255 0
P 47 61 255 255 0
P 48 61 255 255 0
P 49 61 255 255 0
P 50 61 255 255 0
P 51 61 255 255 0
P 52 61 255 255 0
P 53 61 255 255 0
P 54 61 255 255 255
P 55 61 255 255 255
P 56 61 255 255 255
P 57 61 255 255 255
P 58 61 255 255 255
P 59 61 255 255 255
P 60 61 255 255 255
P 61 61 255 255 255
P 62 61 255 0 0
P 63 61 255 0 0
P 64 61 255 0 0
P 65 61 255 0 0
P 66 61 255 0 0
P 67 61 255 0 0
P 68 61 255 0 0
P 69 61 255 0 0
P 70 61 255 0 0
P 71 61 0 0 255
P 72 61 0 0 255
P 73 61 0 0 255
P 74 61 0 0 255
P 75 61 0 0 255
P 76 61 0 0 255
P 77 61 0 0 255
P 78 61 0 0 255
P 79 61 255 255 255
P 80 61 255 255 255
P 81 61 255 255 255
P 82 61 255 255 255
P 83 61 255 255 255
P 84 61 255 255 255
P 85 61 255 255 255
P 86 61 255 255 255
P 87 61 255 255 255
P 88 61 0 255 0
P 89 61 0 255 0
P 90 61 0 255 0
P 91 61 0 255 0
P 92 61 0 255 0
P 93 61 0 255 0
P 94 61 0 255 0
P 95 61 0 255 0
P 96 61 255 0 0
P 97 61 255 0 0
P 98 61 255 0 0
P 99 61 255 0 0
P 100 61 255 0 0
P 101 61 255 0 0
P 102 61 255 0 0
P 103 61 255 0 0
P 104 61 255 0 0
P 105 61 0 0 255
P 106 61 0 0 255
P 107 61 0 0 255
P 108 61 0 0 255
P 109 61 0 0 255
P 110 61 0 0 255
P 111 61 0 0 255
P 112 61 0 0 255
P 113 61 0 255 0
P 114 61 0 255 0
P 115 61 0 255 0
P 116 61 0 255 0
P 117 61 0 255 0
P 118 61 0 255 0
P 119 61 0 255 0
P 120 61 0 255 0
P 121 61 0 255 0
P 122 61 255 255 0
P 123 61 255 255 0
P 124 61 255 255 0
P 125 61 255 255 0
P 126 61 255 255 0
P 127 61 255 255 0
P 128 61 255 255 0
P 129 61 255 255 0
P 130 61 255 0 0
P 131 61 255 0 0
P 132 61 255 0 0
P 133 61 255 0 0
P 134 61 255 0 0
P 135 61 255 0 0
P 136 61 255 0 0
P 137 61 255 0 0
P 138 61 255 0 0
P 139 61 0 0 255
P 140 61 0 0 255
P 141 61 0 0 255
P 142 61 0 0 255
P 143 61 0 0 255
P 144 61 0 0 255
P 145 61 0 0 255
P 146 61 0 0 255
P 147 61 0 255 0
P 148 61 0 255 0
P 149 61 0 255 0
P 150 61 0 255 0
P 151 61 0 255 0
P 152 61 0 255 0
P 153 61 0 255 0
P 154 61 0 255 0
P 155 61 0 255 0
P 156 61 255 255 0
P 157 61 255 255 0
P 158 61 255 255 0
P 159 61 255 255 0
P 160 61 255 255 0
P 161 61 255 255 0
P 162 61 255 255 0
P 163 61 255 255 0
P 164 61 255 0 0
P 165 61 255 0 0
P 166 61 255 0 0
P 167 61 255 0 0
P 168 61 255 0 0
P 169 61 255 0 0
P 170 61 255 0 0
P 171 61 255 0 0
P 172 61 255 0 0
P 173 61 0 0 255
P 174 61 0 0 255
P 175 61 0 0 255
P 176 61 0 0 255
P 177 61 0 0 255
P 178 61 0 0 255
P 179 61 0 0 255
P 180 61 0 0 255
P 181 61 0 255 0
P 182 61 0 255 0
P 183 61 0 255 0
P 184 61 0 255 0
P 185 61 0 255 0
P 186 61 0 255 0
P 187 61 0 255 0
P 188 61 0 255 0
P 189 61 0 255 0
P 190 61 255 255 0
P 191 61 255 255 0
P 192 61 255 255 0
P 193 61 255 255 0
P 194 61 255 255 0
P 195 61 255 255 0
P 196 61 255 255 0
P 197 61 255 255 0
P 198 61 255 0 0
P 199 61 255 0 0
P 200 61 255 0 0
P 201 61 255 0 0
P 202 61 255 0 0
P 203 61 255 0 0
P 204 61 255 0 0
P 205 61 255 0 0
P 206 61 255 0 0
P 207 61 0 0 255
P 208 61 0 0 255
P 209 61 0 0 255
P 210 61 0 0 255
P 211 61 0 0 255
P 212 61 0 0 255
P 213 61 0 0 255
P 214 61 0 0 255
P 215 61 0 255 0
P 216 61 0 255 0
P 217 61 0 255 0
P 218 61 0 255 0
P 219 61 0 255 0
P 220 61 0 255 0
P 221 61 0 255 0
P 222 61 0 255 0
P 223 61 0 255 0
P 224 61 255 255 0
P 225 61 255 255 0
P 226 61 255 255 0
P 227 61 255 255 0
P 228 61 255 255 0
P 229 61 255 255 0
P 230 61 255 255 0
P 231 61 255 255 0
P 232 61 255 0 0
P 233 61 255 0 0
P 234 61 255 0 0
P 235 61 255 0 0
P 236 61 255 0 0
P 237 61 255 0 0
P 238 61 255 0 0
P 239 61 255 0 0
P 240 61 255 0 0
P 241 61 0 0 255
P 242 61 0 0 255
P 243 61 0 0 255
P 244 61 0 0 255
P 245 61 0 0 255
P 246 61 0 0 255
P 247 61 0 0 255
P 248 61 0 0 255
P 249 61 0 255 0
P 250 61 0 255 0
P 251 61 0 255 0
P 252 61 0 255 0
P 253 61 0 255 0
P 254 61 0 255 0
P 255 61 0 255 0
P 256 61 0 255 0
P 257 61 0 255 0
P 258 61 255 255 0
P 259 61 255 255 0
P 260 61 255 255 0
P 261 61 255 255 0
P 262 61 255 255 0
P 263 61 255 255 0
P 264 61 255 255 0
P 265 61 255 255 0
P 266 61 255 0 0
P 267 61 255 0 0
P 268 61 255 0 0
P 269 61 255 0 0
P 270 61 255 0 0
P 271 61 255 0 0
P 272 61 255 0 0
P 273 61 255 0 0
P 274 61 255 0 0
P 275 61 0 0 255
P 276 61 0 0 255
P 277 61 0 0 255
P 278 61 0 0 255
P 279 61 0 0 255
P 280 61 0 0 255
P 281 61 0 0 255
P 282 61 0 0 255
P 283 61 0 255 0
P 284 61 0 255 0
P 285 61 0 255 0
P 286 61 0 255 0
P 287 61 0 255 0
P 288 61 0 255 0
P 289 61 0 255 0
P 290 61 0 255 0
P 291 61 0 255 0
P 20 62 0 255 0
P 21 62 0 255 0
P 22 62 0 255 0
P 23 62 0 255 0
P 24 62 0 255 0
P 25 62 0 255 0
P 26 62 0 255 0
P 27 62 0 255 0
P 28 62 0 255 0
P 29 62 255 0 0
P 30 62 255 0 0
P 31 62 255 0 0
P 32 62 255 0 0
P 33 62 255 0 0
P 34 62 255 0 0
P 35 62 255 0 0
P 36 62 255 0 0
P 37 62 0 255 255
P 38 62 0 255 255
P 39 62 0 255 255
P 40 62 0 255 255
P 41 62 0 255 255
P 42 62 0 255 255
P 43 62 0 255 255
P 44 62 0 255 255
P 45 62 0 255 255
P 46 62 255 255 0
P 47 62 255 255 0
P 48 62 255 255 0
P 49 62 255 255 0
P 50 62 255 255 0
P 51 62 255 255 0
P 52 62 255 255 0
P 53 62 255 255 0
P 54 62 255 255 255
P 55 62 255 255 255
P 56 62 255 255 255
P 57 62 255 255 255
P 58 62 255 255 255
P 59 62 255 255 255
P 60 62 255 255 255
P 61 62 255 255 255
P 62 62 255 255 255
P 63 62 255 0 0
P 64 62 255 0 0
P 65 62 255 0 0
P 66 62 255 0 0
P 67 62 255 0 0
P 68 62 255 0 0
P 69 62 255 0 0
P 70 62 255 0 0
P 71 62 0 0 255
P 72 62 0 0 255
P 73 62 0 0 255
P 74 62 0 0 255
P 75 62 0 0 255
P 76 62 0 0 255
P 77 62 0 0 255
P 78 62 0 0 255
P 79 62 0 0 255
P 80 62 255 255 255
P 81 62 255 255 255
P 82 62 255 255 255
P 83 62 255 255 255
P 84 62 255 255 255
P 85 62 255 255 255
P 86 62 255 255 255
P 87 62 255 255 255
P 88 62 0 255 0
P 89 62 0 255 0
P 90 62 0 255 0
P 91 62 0 255 0
P 92 62 0 255 0
P 93 62 0 255 0
P 94 62 0 255 0
P 95 62 0 255 0
P 96 62 0 255 0
P 97 62 255 0 0
P 98 62 255 0 0
P 99 62 255 0 0
P 100 62 255 0 0
P 101 62 255 0 0
P 102 62 255 0 0
P 103 62 255 0 0
P 104 62 255 0 0
P 105 62 0 0 255
P 106 62 0 0 255
P 107 62 0 0 255
P 108 62 0 0 255
P 109 62 0 0 255
P 110 62 0 0 255
P 111 62 0 0 255
P 112 62 0 0 255
P 113 62 0 0 255
P 114 62 0 255 0
P 115 62 0 255 0
P 116 62 0 255 0
P 117 62 0 255 0
P 118 62 0 255 0
P 119 62 0 255 0
P 120 62 0 255 0
P 121 62 0 255 0
P 122 62 255 255 0
P 123 62 255 255 0
P 124 62 255 255 0
P 125 62 255 255 0
P 126 62 255 255 0
P 127 62 255 255 0
P 128 62 255 255 0
P 129 62 255 255 0
P 130 62 255 255 0
P 131 62 255 0 0
P 132 62 255 0 0
P 133 62 255 0 0
P 134 62 255 0 0
P 135 62 255 0 0
P 136 62 255 0 0
P 137 62 255 0 0
P 138 62 255 0 0
P 139 62 0 0 255
P 140 62 0 0 255
P 141 62 0 0 255
P 142 62 0 0 255
P 143 62 0 0 255
P 144 62 0 0 255
P 145 62 0 0 255
P 146 62 0 0 255
P 147 62 0 0 255
P 148 62 0 255 0
P 149 62 0 255 0
P 150 62 0 255 0
P 151 62 0 255 0
P 152 62 0 255 0
P 153 62 0 255 0
P 154 62 0 255 0
P 155 62 0 255 0
P 156 62 255 255 0
P 157 62 255 255 0
P 158 62 255 255 0
P 159 62 255 255 0
P 160 62 255 255 0
P 161 62 255 255 0
P 162 62 255 255 0
P 163 62 255 255 0
P 164 62 255 255 0
P 165 62 255 0 0
P 166 62 255 0 0
P 167 62 255 0 0
P 168 62 255 0 0
P 169 62 255 0 0
P 170 62 255 0 0
P 171 62 255 0 0
P 172 62 255 0 0
P 173 62 0 0 255
P 174 62 0 0 255
P 175 62 0 0 255
P 176 62 0 0 255
P 177 62 0 0 255
P 178 62 0 0 255
P 179 62 0 0 255
P 180 62 0 0 255
P 181 62 0 0 255
P 182 62 0 255 0
P 183 62 0 255 0
P 184 62 0 255 0
P 185 62 0 255 0
P 186 62 0 255 0
P 187 62 0 255 0
P 188 62 0 255 0
P 189 62 0 255 0
P 190 62 255 255 0
P 191 62 255 255 0
P 192 62 255 255 0
P 193 62 255 255 0
P 194 62 255 255 0
P 195 62 255 255 0
P 196 62 255 255 0
P 197 62 255 255 0
P 198 62 255 255 0
P 199 62 255 0 0
P 200 62 255 0 0
P 201 62 255 0 0
P 202 62 255 0 0
P 203 62 255 0 0
P 204 62 255 0 0
P 205 62 255 0 0
P 206 62 255 0 0
P 207 62 0 0 255
P 208 62 0 0 255
P 209 62 0 0 255
P 210 62 0 0 255
P 211 62 0 0 255
P 212 62 0 0 255
P 213 62 0 0 255
P 214 62 0 0 255
P 215 62 0 0 255
P 216 62 0 255 0
P 217 62 0 255 0
P 218 62 0 255 0
P 219 62 0 255 0
P 220 62 0 255 0
P 221 62 0 255 0
P 222 62 0 255 0
P 223 62 0 255 0
P 224 62 255 255 0
P 225 62 255 255 0
P 226 62 255 255 0
P 227 62 255 255 0
P 228 62 255 255 0
P 229 62 255 255 0
P 230 62 255 255 0
P 231 62 255 255 0
P 232 62 255 255 0
P 233 62 255 0 0
P 234 62 255 0 0
P 235 62 255 0 0
P 236 62 255 0 0
P 237 62 255 0 0
P 238 62 255 0 0
P 239 62 255 0 0
P 240 62 255 0 0
P 241 62 0 0 255
P 242 62 0 0 255
P 243 62 0 0 255
P 244 62 0 0 255
P 245 62 0 0 255
P 246 62 0 0 255
P 247 62 0 0 255
P 248 62 0 0 255
P 249 62 0 0 255
P 250 62 0 255 0
P 251 62 0 255 0
P 252 62 0 255 0
P 253 62 0 255 0
P 254 62 0 255 0
P 255 62 0 255 0
P 256 62 0 255 0
P 257 62 0 255 0
P 258 62 255 255 0
P 259 62 255 255 0
P 260 62 255 255 0
P 261 62 255 255 0
P 262 62 255 255 0
P 263 62 255 255 0
P 264 62 255 255 0
P 265 62 255 255 0
P 266 62 255 255 0
P 267 62 255 0 0
P 268 62 255 0 0
P 269 62 255 0 0
P 270 62 255 0 0
P 271 62 255 0 0
P 272 62 255 0 0
P 273 62 255 0 0
P 274 62 255 0 0
P 275 62 0 0 255
P 276 62 0 0 255
P 277 62 0 0 255
P 278 62 0 0 255
P 279 62 0 0 255
P 280 62 0 0 255
P 281 62 0 0 255
P 282 62 0 0 255
P 283 62 0 0 255
P 284 62 0 255 0
P 285 62 0 255 0
P 286 62 0 255 0
P 287 62 0 255 0
P 288 62 0 255 0
P 289 62 0 255 0
P 290 62 0 255 0
P 291 62 0 255 0
P 20 63 0 255 0
P 21 63 0 255 0
P 22 63 0 255 0
P 23 63 0 255 0
P 24 63 0 255 0
P 25 63 0 255 0
P 26 63 0 255 0
P 27 63 0 255 0
P 28 63 0 255 0
P 29 63 0 255 0
P 30 63 0 255 0
P 31 63 255 0 0
P 32 63 255 0 0
P 33 63 255 0 0
P 34 63 255 0 0
P 35 63 255 0 0
P 36 63 255 0 0
P 37 63 0 255 255
P 38 63 0 255 255
P 39 63 0 255 255
P 40 63 0 255 255
P 41 63 0 255 255
P 42 63 0 255 255
P 43 63 0 255 255
P 44 63 0 255 255
P 45 63 0 255 255
P 46 63 0 255 255
P 47 63 0 255 255
P 48 63 255 255 0
P 49 63 255 255 0
P 50 63 255 255 0
P 51 63 255 255 0
P 52 63 255 255 0
P 53 63 255 255 0
P 54 63 255 255 255
P 55 63 255 255 255
P 56 63 255 255 255
P 57 63 255 255 255
P 58 63 255 255 255
P 59 63 255 255 255
P 60 63 255 255 255
P 61 63 255 255 255
P 62 63 255 255 255
P 63 63 255 255 255
P 64 63 255 0 0
P 65 63 255 0 0
P 66 63 255 0 0
P 67 63 255 0 0
P 68 63 255 0 0
P 69 63 255 0 0
P 70 63 255 0 0
P 71 63 0 0 255
P 72 63 0 0 255
P 73 63 0 0 255
P 74 63 0 0 255
P 75 63 0 0 255
P 76 63 0 0 255
P 77 63 0 0 255
P 78 63 0 0 255
P 79 63 0 0 255
P 80 63 0 0 255
P 81 63 255 255 255
P 82 63 255 255 255
P 83 63 255 255 255
P 84 63 255 255 255
P 85 63 255 255 255
P 86 63 255 255 255
P 87 63 255 255 255
P 88 63 0 255 0
P 89 63 0 255 0
P 90 63 0 255 0
P 91 63 0 255 0
P 92 63 0 255 0
P 93 63 0 255 0
P 94 63 0 255 0
P 95 63 0 255 0
P 96 63 0 255 0
P 97 63 0 255 0
P 98 63 0 255 0
P 99 63 255 0 0
P 100 63 255 0 0
P 101 63 255 0 0
P 102 63 255 0 0
P 103 63 255 0 0
P 104 63 255 0 0
P 105 63 0 0 255
P 106 63 0 0 255
P 107 63 0 0 255
P 108 63 0 0 255
P 109 63 0 0 255
P 110 63 0 0 255
P 111 63 0 0 255
P 112 63 0 0 255
P 113 63 0 0 255
P 114 63 0 0 255
P 115 63 0 255 0
P 116 63 0 255 0
P 117 63 0 255 0
P 118 63 0 255 0
P 119 63 0 255 0
P 120 63 0 255 0
P 121 63 0 255 0
P 122 63 255 255 0
P 123 63 255 255 0
P 124 63 255 255 0
P 125 63 255 255 0
P 126 63 255 255 0
P 127 63 255 255 0
P 128 63 255 255 0
P 129 63 255 255 0
P 130 63 255 255 0
P 131 63 255 255 0
P 132 63 255 255 0
P 133 63 255 0 0
P 134 63 255 0 0
P 135 63 255 0 0
P 136 63 255 0 0
P 137 63 255 0 0
P 138 63 255 0 0
P 139 63 0 0 255
P 140 63 0 0 255
P 141 63 0 0 255
P 142 63 0 0 255
P 143 63 0 0 255
P 144 63 0 0 255
P 145 63 0 0 255
P 146 63 0 0 255
P 147 63 0 0 255
P 148 63 0 0 255
P 149 63 0 255 0
P 150 63 0 255 0
P 151 63 0 255 0
P 152 63 0 255 0
P 153 63 0 255 0
P 154 63 0 255 0
P 155 63 0 255 0
P 156 63 255 255 0
P 157 63 255 255 0
P 158 63 255 255 0
P 159 63 255 255 0
P 160 63 255 255 0
P 161 63 255 255 0
P 162 63 255 255 0
P 163 63 255 255 0
P 164 63 255 255 0
P 165 63 255 255 0
P 166 63 255 0 0
P 167 63 255 0 0
P 168 63 255 0 0
P 169 63 255 0 0
P 170 63 255 0 0
P 171 63 255 0 0
P 172 63 255 0 0
P 173 63 0 0 255
P 174 63 0 0 255
P 175 63 0 0 255
P 176 63 0 0 255
P 177 63 0 0 255
P 178 63 0 0 255
P 179 63 0 0 255
P 180 63 0 0 255
P 181 63 0 0 255
P 182 63 0 0 255
P 183 63 0 255 0
P 184 63 0 255 0
P 185 63 0 255 0
P 186 63 0 255 0
P 187 63 0 255 0
P 188 63 0 255 0
P 189 63 0 255 0
P 190 63 255 255 0
P 191 63 255 255 0
P 192 63 255 255 0
P 193 63 255 255 0
P 194 63 255 255 0
P 195 63 255 255 0
P 196 63 255 255 0
P 197 63 255 255 0
P 198 63 255 255 0
P 199 63 255 255 0
P 200 63 255 255 0
P 201 63 255 0 0
P 202 63 255 0 0
P 203 63 255 0 0
P 204 63 255 0 0
P 205 63 255 0 0
P 206 63 255 0 0
P 207 63 0 0 255
P 208 63 0 0 255
P 209 63 0 0 255
P 210 63 0 0 255
P 211 63 0 0 255
P 212 63 0 0 255
P 213 63 0 0 255
P 214 63 0 0 255
P 215 63 0 0 255
P 216 63 0 0 255
P 217 63 0 0 255
P 218 63 0 255 0
P 219 63 0 255 0
P 220 63 0 255 0
P 221 63 0 255 0
P 222 63 0 255 0
P 223 63 0 255 0
P 224 63 255 255 0
P 225 63 255 255 0
P 226 63 255 255 0
P 227 63 255 255 0
P 228 63 255 255 0
P 229 63 255 255 0
P 230 63 255 255 0
P 231 63 255 255 0
P 232 63 255 255 0
P 233 63 255 255 0
P 234 63 255 0 0
P 235 63 255 0 0
P 236 63 255 0 0
P 237 63 255 0 0
P 238 63 255 0 0
P 239 63 255 0 0
P 240 63 255 0 0
P 241 63 0 0 255
P 242 63 0 0 255
P 243 63 0 0 255
P 244 63 0 0 255
P 245 63 0 0 255
P 246 63 0 0 255
P 247 63 0 0 255
P 248 63 0 0 255
P 249 63 0 0 255
P 250 63 0 0 255
P 251 63 0 255 0
P 252 63 0 255 0
P 253 63 0 255 0
P 254 63 0 255 0
P 255 63 0 255 0
P 256 63 0 255 0
P 257 63 0 255 0
P 258 63 255 255 0
P 259 63 255 255 0
P 260 63 255 255 0
P 261 63 255 255 0
P 262 63 255 255 0
P 263 63 255 255 0
P 264 63 255 255 0
P 265 63 255 255 0
P 266 63 255 255 0
P 267 63 255 255 0
P 268 63 255 255 0
P 269 63 255 0 0
P 270 63 255 0 0
P 271 63 255 0 0
P 272 63 255 0 0
P 273 63 255 0 0
P 274 63 255 0 0
P 275 63 0 0 255
P 276 63 0 0 255
P 277 63 0 0 255
P 278 63 0 0 255
P 279 63 0 0 255
P 280 63 0 0 255
P 281 63 0 0 255
P 282 63 0 0 255
P 283 63 0 0 255
P 284 63 0 0 255
P 285 63 0 0 255
P 286 63 0 255 0
P 287 63 0 255 0
P 288 63 0 255 0
P 289 63 0 255 0
P 290 63 0 255 0
P 291 63 0 255 0
P 20 64 0 255 0
P 21 64 0 255 0
P 22 64 0 255 0
P 23 64 0 255 0
P 24 64 0 255 0
P 25 64 0 255 0
P 26 64 0 255 0
P 27 64 0 255 0
P 28 64 0 255 0
P 29 64 0 255 0
P 30 64 0 255 0
P 31 64 0 255 0
P 32 64 255 0 0
P 33 64 255 0 0
P 34 64 255 0 0
P 35 64 255 0 0
P 36 64 255 0 0
P 37 64 0 255 255
P 38 64 0 255 255
P 39 64 0 255 255
P 40 64 0 255 255
P 41 64 0 255 255
P 42 64 0 255 255
P 43 64 0 255 255
P 44 64 0 255 255
P 45 64 0 255 255
P 46 64 0 255 255
P 47 64 0 255 255
P 48 64 0 255 255
P 49 64 255 255 0
P 50 64 255 255 0
P 51 64 255 255 0
P 52 64 255 255 0
P 53 64 255 255 0
P 54 64 255 255 255
P 55 64 255 255 255
P 56 64 255 255 255
P 57 64 255 255 255
P 58 64 255 255 255
P 59 64 255 255 255
P 60 64 255 255 255
P 61 64 255 255 255
P 62 64 255 255 255
P 63 64 255 255 255
P 64 64 255 255 255
P 65 64 255 255 255
P 66 64 255 0 0
P 67 64 255 0 0
P 68 64 255 0 0
P 69 64 255 0 0
P 70 64 255 0 0
P 71 64 0 0 255
P 72 64 0 0 255
P 73 64 0 0 255
P 74 64 0 0 255
P 75 64 0 0 255
P 76 64 0 0 255
P 77 64 0 0 255
P 78 64 0 0 255
P 79 64 0 0 255
P 80 64 0 0 255
P 81 64 0 0 255
P 82 64 0 0 255
P 83 64 255 255 255
P 84 64 255 255 255
P 85 64 255 255 255
P 86 64 255 255 255
P 87 64 255 255 255
P 88 64 0 255 0
P 89 64 0 255 0
P 90 64 0 255 0
P 91 64 0 255 0
P 92 64 0 255 0
P 93 64 0 255 0
P 94 64 0 255 0
P 95 64 0 255 0
P 96 64 0 255 0
P 97 64 0 255 0
P 98 64 0 255 0
P 99 64 0 255 0
P 100 64 255 0 0
P 101 64 255 0 0
P 102 64 255 0 0
P 103 64 255 0 0
P 104 64 255 0 0
P 105 64 0 0 255
P 106 64 0 0 255
P 107 64 0 0 255
P 108 64 0 0 255
P 109 64 0 0 255
P 110 64 0 0 255
P 111 64 0 0 255
P 112 64 0 0 255
P 113 64 0 0 255
P 114 64 0 0 255
P 115 64 0 0 255
P 116 64 0 0 255
P 117 64 0 255 0
P 118 64 0 255 0
P 119 64 0 255 0
P 120 64 0 255 0
P 121 64 0 255 0
P 122 64 255 255 0
P 123 64 255 255 0
P 124 64 255 255 0
P 125 64 255 255 0
P 126 64 255 255 0
P 127 64 255 255 0
P 128 64 255 255 0
P 129 64 255 255 0
P 130 64 255 255 0
P 131 64 255 255 0
P 132 64 255 255 0
P 133 64 255 255 0
P 134 64 255 0 0
P 135 64 255 0 0
P 136 64 255 0 0
P 137 64 255 0 0
P 138 64 255 0 0
P 139 64 0 0 255
P 140 64 0 0 255
P 141 64 0 0 255
P 142 64 0 0 255
P 143 64 0 0 255
P 144 64 0 0 255
P 145 64 0 0 255
P 146 64 0 0 255
P 147 64 0 0 255
P 148 64 0 0 255
P 149 64 0 0 255
P 150 64 0 0 255
P 151 64 0 255 0
P 152 64 0 255 0
P 153 64 0 255 0
P 154 64 0 255 0
P 155 64 0 255 0
P 156 64 255 255 0
P 157 64 255 255 0
P 158 64 255 255 0
P 159 64 255 255 0
P 160 64 255 255 0
P 161 64 255 255 0
P 162 64 255 255 0
P 163 64 255 255 0
P 164 64 255 255 0
P 165 64 255 255 0
P 166 64 255 255 0
P 167 64 255 255 0
P 168 64 255 0 0
P 169 64 255 0 0
P 170 64 255 0 0
P 171 64 255 0 0
P 172 64 255 0 0
P 173 64 0 0 255
P 174 64 0 0 255
P 175 64 0 0 255
P 176 64 0 0 255
P 177 64 0 0 255
P 178 64 0 0 255
P 179 64 0 0 255
P 180 64 0 0 255
P 181 64 0 0 255
P 182 64 0 0 255
P 183 64 0 0 255
P 184 64 0 0 255
P 185 64 0 255 0
P 186 64 0 255 0
P 187 64 0 255 0
P 188 64 0 255 0
P 189 64 0 255 0
P 190 64 255 255 0
P 191 64 255 255 0
P 192 64 255 255 0
P 193 64 255 255 0
P 194 64 255 255 0
P 195 64 255 255 0
P 196 64 255 255 0
P 197 64 255 255 0
P 198 64 255 255 0
P 199 64 255 255 0
P 200 64 255 255 0
P 201 64 255 255 0
P 202 64 255 0 0
P 203 64 255 0 0
P 204 64 255 0 0
P 205 64 255 0 0
P 206 64 255 0 0
P 207 64 0 0 255
P 208 64 0 0 255
P 209 64 0 0 255
P 210 64 0 0 255
P 211 64 0 0 255
P 212 64 0 0 255
P 213 64 0 0 255
P 214 64 0 0 255
P 215 64 0 0 255
P 216 64 0 0 255
P 217 64 0 0 255
P 218 64 0 0 255
P 219 64 0 255 0
P 220 64 0 255 0
P 221 64 0 255 0
P 222 64 0 255 0
P 223 64 0 255 0
P 224 64 255 255 0
P 225 64 255 255 0
P 226 64 255 255 0
P 227 64 255 255 0
P 228 64 255 255 0
P 229 64 255 255 0
P 230 64 255 255 0
P 231 64 255 255 0
P 232 64 255 255 0
P 233 64 255 255 0
P 234 64 255 255 0
P 235 64 255 255 0
P 236 64 255 0 0
P 237 64 255 0 0
P 238 64 255 0 0
P 239 64 255 0 0
P 240 64 255 0 0
P 241 64 0 0 255
P 242 64 0 0 255
P 243 64 0 0 255
P 244 64 0 0 255
P 245 64 0 0 255
P 246 64 0 0 255
P 247 64 0 0 255
P 248 64 0 0 255
P 249 64 0 0 255
P 250 64 0 0 255
P 251 64 0 0 255
P 252 64 0 0 255
P 253 64 0 255 0
P 254 64 0 255 0
P 255 64 0 255 0
P 256 64 0 255 0
P 257 64 0 255 0
P 258 64 255 255 0
P 259 64 255 255 0
P 260 64 255 255 0
P 261 64 255 255 0
P 262 64 255 255 0
P 263 64 255 255 0
P 264 64 255 255 0
P 265 64 255 255 0
P 266 64 255 255 0
P 267 64 255 255 0
P 268 64 255 255 0
P 269 64 255 255 0
P 270 64 255 0 0
P 271 64 255 0 0
P 272 64 255 0 0
P 273 64 255 0 0
P 274 64 255 0 0
P 275 64 0 0 255
P 276 64 0 0 255
P 277 64 0 0 255
P 278 64 0 0 255
P 279 64 0 0 255
P 280 64 0 0 255
P 281 64 0 0 255
P 282 64 0 0 255
P 283 64 0 0 255
P 284 64 0 0 255
P 285 64 0 0 255
P 286 64 0 0 255
P 287 64 0 255 0
P 288 64 0 255 0
P 289 64 0 255 0
P 290 64 0 255 0
P 291 64 0 255 0
P 20 65 0 255 0
P 21 65 0 255 0
P 22 65 0 255 0
P 23 65 0 255 0
P 24 65 0 255 0
P 25 65 0 255 0
P 26 65 0 255 0
P 27 65 0 255 0
P 28 65 0 255 0
P 29 65 0 255 0
P 30 65 0 255 0
P 31 65 0 255 0
P 32 65 0 255 0
P 33 65 255 0 0
P 34 65 255 0 0
P 35 65 255 0 0
P 36 65 255 0 0
P 37 65 0 255 255
P 38 65 0 255 255
P 39 65 0 255 255
P 40 65 0 255 255
P 41 65 0 255 255
P 42 65 0 255 255
P 43 65 0 255 255
P 44 65 0 255 255
P 45 65 0 255 255
P 46 65 0 255 255
P 47 65 0 255 255
P 48 65 0 255 255
P 49 65 0 255 255
P 50 65 0 255 255
P 51 65 255 255 0
P 52 65 255 255 0
P 53 65 255 255 0
P 54 65 255 255 255
P 55 65 255 255 255
P 56 65 255 255 255
P 57 65 255 255 255
P 58 65 255 255 255
P 59 65 255 255 255
P 60 65 255 255 255
P 61 65 255 255 255
P 62 65 255 255 255
P 63 65 255 255 255
P 64 65 255 255 255
P 65 65 255 255 255
P 66 65 255 255 255
P 67 65 255 0 0
P 68 65 255 0 0
P 69 65 255 0 0
P 70 65 255 0 0
P 71 65 0 0 255
P 72 65 0 0 255
P 73 65 0 0 255
P 74 65 0 0 255
P 75 65 0 0 255
P 76 65 0 0 255
P 77 65 0 0 255
P 78 65 0 0 255
P 79 65 0 0 255
P 80 65 0 0 255
P 81 65 0 0 255
P 82 65 0 0 255
P 83 65 0 0 255
P 84 65 255 255 255
P 85 65 255 255 255
P 86 65 255 255 255
P 87 65 255 255 255
P 88 65 0 255 0
P 89 65 0 255 0
P 90 65 0 255 0
P 91 65 0 255 0
P 92 65 0 255 0
P 93 65 0 255 0
P 94 65 0 255 0
P 95 65 0 255 0
P 96 65 0 255 0
P 97 65 0 255 0
P 98 65 0 255 0
P 99 65 0 255 0
P 100 65 0 255 0
P 101 65 255 0 0
P 102 65 255 0 0
P 103 65 255 0 0
P 104 65 255 0 0
P 105 65 0 0 255
P 106 65 0 0 255
P 107 65 0 0 255
P 108 65 0 0 255
P 109 65 0 0 255
P 110 65 0 0 255
P 111 65 0 0 255
P 112 65 0 0 255
P 113 65 0 0 255
P 114 65 0 0 255
P 115 65 0 0 255
P 116 65 0 0 255
P 117 65 0 0 255
P 118 65 0 255 0
P 119 65 0 255 0
P 120 65 0 255 0
P 121 65 0 255 0
P 122 65 255 255 0
P 123 65 255 255 0
P 124 65 255 255 0
P 125 65 255 255 0
P 126 65 255 255 0
P 127 65 255 255 0
P 128 65 255 255 0
P 129 65 255 255 0
P 130 65 255 255 0
P 131 65 255 255 0
P 132 65 255 255 0
P 133 65 255 255 0
P 134 65 255 255 0
P 135 65 255 255 0
P 136 65 255 0 0
P 137 65 255 0 0
P 138 65 255 0 0
P 139 65 0 0 255
P 140 65 0 0 255
P 141 65 0 0 255
P 142 65 0 0 255
P 143 65 0 0 255
P 144 65 0 0 255
P 145 65 0 0 255
P 146 65 0 0 255
P 147 65 0 0 255
P 148 65 0 0 255
P 149 65 0 0 255
P 150 65 0 0 255
P 151 65 0 0 255
P 152 65 0 255 0
P 153 65 0 255 0
P 154 65 0 255 0
P 155 65 0 255 0
P 156 65 255 255 0
P 157 65 255 255 0
P 158 65 255 255 0
P 159 65 255 255 0
P 160 65 255 255 0
P 161 65 255 255 0
P 162 65 255 255 0
P 163 65 255 255 0
P 164 65 255 255 0
P 165 65 255 255 0
P 166 65 255 255 0
P 167 65 255 255 0
P 168 65 255 255 0
P 169 65 255 0 0
P 170 65 255 0 0
P 171 65 255 0 0
P 172 65 255 0 0
P 173 65 0 0 255
P 174 65 0 0 255
P 175 65 0 0 255
P 176 65 0 0 255
P 177 65 0 0 255
P 178 65 0 0 255
P 179 65 0 0 255
P 180 65 0 0 255
P 181 65 0 0 255
P 182 65 0 0 255
P 183 65 0 0 255
P 184 65 0 0 255
P 185 65 0 0 255
P 186 65 0 255 0
P 187 65 0 255 0
P 188 65 0 255 0
P 189 65 0 255 0
P 190 65 255 255 0
P 191 65 255 255 0
P 192 65 255 255 0
P 193 65 255 255 0
P 194 65 255 255 0
P 195 65 255 255 0
P 196 65 255 255 0
P 197 65 255 255 0
P 198 65 255 255 0
P 199 65 255 255 0
P 200 65 255 255 0
P 201 65 255 255 0
P 202 65 255 255 0
P 203 65 255 255 0
P 204 65 255 0 0
P 205 65 255 0 0
P 206 65 255 0 0
P 207 65 0 0 255
P 208 65 0 0 255
P 209 65 0 0 255
P 210 65 0 0 255
P 211 65 0 0 255
P 212 65 0 0 255
P 213 65 0 0 255
P 214 65 0 0 255
P 215 65 0 0 255
P 216 65 0 0 255
P 217 65 0 0 255
P 218 65 0 0 255
P 219 65 0 0 255
P 220 65 0 0 255
P 221 65 0 255 0
P 222 65 0 255 0
P 223 65 0 255 0
P 224 65 255 255 0
P 225 65 255 255 0
P 226 65 255 255 0
P 227 65 255 255 0
P 228 65 255 255 0
P 229 65 255 255 0
P 230 65 255 255 0
P 231 65 255 255 0
P 232 65 255 255 0
P 233 65 255 255 0
P 234 65 255 255 0
P 235 65 255 255 0
P 236 65 255 255 0
P 237 65 255 0 0
P 238 65 255 0 0
P 239 65 255 0 0
P 240 65 255 0 0
P 241 65 0 0 255
P 242 65 0 0 255
P 243 65 0 0 255
P 244 65 0 0 255
P 245 65 0 0 255
P 246 65 0 0 255
P 247 65 0 0 255
P 248 65 0 0 255
P 249 65 0 0 255
P 250 65 0 0 255
P 251 65 0 0 255
P 252 65 0 0 255
P 253 65 0 0 255
P 254 65 0 255 0
P 255 65 0 255 0
P 256 65 0 255 0
P 257 65 0 255 0
P 258 65 255 255 0
P 259 65 255 255 0
P 260 65 255 255 0
P 261 65 255 255 0
P 262 65 255 255 0
P 263 65 255 255 0
P 264 65 255 255 0
P 265 65 255 255 0
P 266 65 255 255 0
P 267 65 255 255 0
P 268 65 255 255 0
P 269 65 255 255 0
P 270 65 255 255 0
P 271 65 255 0 0
P 272 65 255 0 0
P 273 65 255 0 0
P 274 65 255 0 0
P 275 65 0 0 255
P 276 65 0 0 255
P 277 65 0 0 255
P 278 65 0 0 255
P 279 65 0 0 255
P 280 65 0 0 255
P 281 65 0 0 255
P 282 65 0 0 255
P 283 65 0 0 255
P 284 65 0 0 255
P 285 65 0 0 255
P 286 65 0 0 255
P 287 65 0 0 255
P 288 65 0 255 0
P 289 65 0 255 0
P 290 65 0 255 0
P 291 65 0 255 0
P 20 66 0 255 0
P 21 66 0 255 0
P 22 66 0 255 0
P 23 66 0 255 0
P 24 66 0 255 0
P 25 66 0 255 0
P 26 66 0 255 0
P 27 66 0 255 0
P 28 66 0 255 0
P 29 66 0 255 0
P 30 66 0 255 0
P 31 66 0 255 0
P 32 66 0 255 0
P 33 66 0 255 0
P 34 66 0 255 0
P 35 66 255 0 0
P 36 66 255 0 0
P 37 66 0 255 255
P 38 66 0 255 255
P 39 66 0 255 255
P 40 66 0 255 255
P 41 66 0 255 255
P 42 66 0 255 255
P 43 66 0 255 255
P 44 66 0 255 255
P 45 66 0 255 255
P 46 66 0 255 255
P 47 66 0 255 255
P 48 66 0 255 255
P 49 66 0 255 255
P 50 66 0 255 255
P 51 66 0 255 255
P 52 66 255 255 0
P 53 66 255 255 0
P 54 66 255 255 255
P 55 66 255 255 255
P 56 66 255 255 255
P 57 66 255 255 255
P 58 66 255 255 255
P 59 66 255 255 255
P 60 66 255 255 255
P 61 66 255 255 255
P 62 66 255 255 255
P 63 66 255 255 255
P 64 66 255 255 255
P 65 66 255 255 255
P 66 66 255 255 255
P 67 66 255 255 255
P 68 66 255 255 255
P 69 66 255 0 0
P 70 66 255 0 0
P 71 66 0 0 255
P 72 66 0 0 255
P 73 66 0 0 255
P 74 66 0 0 255
P 75 66 0 0 255
P 76 66 0 0 255
P 77 66 0 0 255
P 78 66 0 0 255
P 79 66 0 0 255
P 80 66 0 0 255
P 81 66 0 0 255
P 82 66 0 0 255
P 83 66 0 0 255
P 84 66 0 0 255
P 85 66 0 0 255
P 86 66 255 255 255
P 87 66 255 255 255
P 88 66 0 255 0
P 89 66 0 255 0
P 90 66 0 255 0
P 91 66 0 255 0
P 92 66 0 255 0
P 93 66 0 255 0
P 94 66 0 255 0
P 95 66 0 255 0
P 96 66 0 255 0
P 97 66 0 255 0
P 98 66 0 255 0
P 99 66 0 255 0
P 100 66 0 255 0
P 101 66 0 255 0
P 102 66 0 255 0
P 103 66 255 0 0
P 104 66 255 0 0
P 105 66 0 0 255
P 106 66 0 0 255
P 107 66 0 0 255
P 108 66 0 0 255
P 109 66 0 0 255
P 110 66 0 0 255
P 111 66 0 0 255
P 112 66 0 0 255
P 113 66 0 0 255
P 114 66 0 0 255
P 115 66 0 0 255
P 116 66 0 0 255
P 117 66 0 0 255
P 118 66 0 0 255
P 119 66 0 0 255
P 120 66 0 255 0
P 121 66 0 255 0
P 122 66 255 255 0
P 123 66 255 255 0
P 124 66 255 255 0
P 125 66 255 255 0
P 126 66 255 255 0
P 127 66 255 255 0
P 128 66 255 255 0
P 129 66 255 255 0
P 130 66 255 255 0
P 131 66 255 255 0
P 132 66 255 255 0
P 133 66 255 255 0
P 134 66 255 255 0
P 135 66 255 255 0
P 136 66 255 255 0
P 137 66 255 0 0
P 138 66 255 0 0
P 139 66 0 0 255
P 140 66 0 0 255
P 141 66 0 0 255
P 142 66 0 0 255
P 143 66 0 0 255
P 144 66 0 0 255
P 145 66 0 0 255
P 146 66 0 0 255
P 147 66 0 0 255
P 148 66 0 0 255
P 149 66 0 0 255
P 150 66 0 0 255
P 151 66 0 0 255
P 152 66 0 0 255
P 153 66 0 0 255
P 154 66 0 255 0
P 155 66 0 255 0
P 156 66 255 255 0
P 157 66 255 255 0
P 158 66 255 255 0
P 159 66 255 255 0
P 160 66 255 255 0
P 161 66 255 255 0
P 162 66 255 255 0
P 163 66 255 255 0
P 164 66 255 255 0
P 165 66 255 255 0
P 166 66 255 255 0
P 167 66 255 255 0
P 168 66 255 255 0
P 169 66 255 255 0
P 170 66 255 255 0
P 171 66 255 0 0
P 172 66 255 0 0
P 173 66 0 0 255
P 174 66 0 0 255
P 175 66 0 0 255
P 176 66 0 0 255
P 177 66 0 0 255
P 178 66 0 0 255
P 179 66 0 0 255
P 180 66 0 0 255
P 181 66 0 0 255
P 182 66 0 0 255
P 183 66 0 0 255
P 184 66 0 0 255
P 185 66 0 0 255
P 186 66 0 0 255
P 187 66 0 0 255
P 188 66 0 255 0
P 189 66 0 255 0
P 190 66 255 255 0
P 191 66 255 255 0
P 192 66 255 255 0
P 193 66 255 255 0
P 194 66 255 255 0
P 195 66 255 255 0
P 196 66 255 255 0
P 197 66 255 255 0
P 198 66 255 255 0
P 199 66 255 255 0
P 200 66 255 255 0
P 201 66 255 255 0
P 202 66 255 255 0
P 203 66 255 255 0
P 204 66 255 255 0
P 205 66 255 0 0
P 206 66 255 0 0
P 207 66 0 0 255
P 208 66 0 0 255
P 209 66 0 0 255
P 210 66 0 0 255
P 211 66 0 0 255
P 212 66 0 0 255
P 213 66 0 0 255
P 214 66 0 0 255
P 215 66 0 0 255
P 216 66 0 0 255
P 217 66 0 0 255
P 218 66 0 0 255
P 219 66 0 0 255
P 220 66 0 0 255
P 221 66 0 0 255
P 222 66 0 255 0
P 223 66 0 255 0
P 224 66 255 255 0
P 225 66 255 255 0
P 226 66 255 255 0
P 227 66 255 255 0
P 228 66 255 255 0
P 229 66 255 255 0
P 230 66 255 255 0
P 231 66 255 255 0
P 232 66 255 255 0
P 233 66 255 255 0
P 234 66 255 255 0
P 235 66 255 255 0
P 236 66 255 255 0
P 237 66 255 255 0
P 238 66 255 255 0
P 239 66 255 0 0
P 240 66 255 0 0
P 241 66 0 0 255
P 242 66 0 0 255
P 243 66 0 0 255
P 244 66 0 0 255
P 245 66 0 0 255
P 246 66 0 0 255
P 247 66 0 0 255
P 248 66 0 0 255
P 249 66 0 0 255
P 250 66 0 0 255
P 251 66 0 0 255
P 252 66 0 0 255
P 253 66 0 0 255
P 254 66 0 0 255
P 255 66 0 255 0
P 256 66 0 255 0
P 257 66 0 255 0
P 258 66 255 255 0
P 259 66 255 255 0
P 260 66 255 255 0
P 261 66 255 255 0
P 262 66 255 255 0
P 263 66 255 255 0
P 264 66 255 255 0
P 265 66 255 255 0
P 266 66 255 255 0
P 267 66 255 255 0
P 268 66 255 255 0
P 269 66 255 255 0
P 270 66 255 255 0
P 271 66 255 255 0
P 272 66 255 255 0
P 273 66 255 0 0
P 274 66 255 0 0
P 275 66 0 0 255
P 276 66 0 0 255
P 277 66 0 0 255
P 278 66 0 0 255
P 279 66 0 0 255
P 280 66 0 0 255
P 281 66 0 0 255
P 282 66 0 0 255
P 283 66 0 0 255
P 284 66 0 0 255
P 285 66 0 0 255
P 286 66 0 0 255
P 287 66 0 0 255
P 288 66 0 0 255
P 289 66 0 0 255
P 290 66 0 255 0
P 291 66 0 255 0
P 20 67 0 255 0
P 21 67 0 255 0
P 22 67 0 255 0
P 23 67 0 255 0
P 24 67 0 255 0
P 25 67 0 255 0
P 26 67 0 255 0
P 27 67 0 255 0
P 28 67 0 255 0
P 29 67 0 255 0
P 30 67 0 255 0
P 31 67 0 255 0
P 32 67 0 255 0
P 33 67 0 255 0
P 34 67 0 255 0
P 35 67 0 255 0
P 36 67 255 0 0
P 37 67 0 255 255
P 38 67 0 255 255
P 39 67 0 255 255
P 40 67 0 255 255
P 41 67 0 255 255
P 42 67 0 255 255
P 43 67 0 255 255
P 44 67 0 255 255
P 45 67 0 255 255
P 46 67 0 255 255
P 47 67 0 255 255
P 48 67 0 255 255
P 49 67 0 255 255
P 50 67 0 255 255
P 51 67 0 255 255
P 52 67 0 255 255
P 53 67 0 255 255
P 54 67 255 255 255
P 55 67 255 255 255
P 56 67 255 255 255
P 57 67 255 255 255
P 58 67 255 255 255
P 59 67 255 255 255
P 60 67 255 255 255
P 61 67 255 255 255
P 62 67 255 255 255
P 63 67 255 255 255
P 64 67 255 255 255
P 65 67 255 255 255
P 66 67 255 255 255
P 67 67 255 255 255
P 68 67 255 255 255
P 69 67 255 255 255
P 70 67 255 0 0
P 71 67 0 0 255
P 72 67 0 0 255
P 73 67 0 0 255
P 74 67 0 0 255
P 75 67 0 0 255
P 76 67 0 0 255
P 77 67 0 0 255
P 78 67 0 0 255
P 79 67 0 0 255
P 80 67 0 0 255
P 81 67 0 0 255
P 82 67 0 0 255
P 83 67 0 0 255
P 84 67 0 0 255
P 85 67 0 0 255
P 86 67 0 0 255
P 87 67 255 255 255
P 88 67 0 255 0
P 89 67 0 255 0
P 90 67 0 255 0
P 91 67 0 255 0
P 92 67 0 255 0
P 93 67 0 255 0
P 94 67 0 255 0
P 95 67 0 255 0
P 96 67 0 255 0
P 97 67 0 255 0
P 98 67 0 255 0
P 99 67 0 255 0
P 100 67 0 255 0
P 101 67 0 255 0
P 102 67 0 255 0
P 103 67 0 255 0
P 104 67 255 0 0
P 105 67 0 0 255
P 106 67 0 0 255
P 107 67 0 0 255
P 108 67 0 0 255
P 109 67 0 0 255
P 110 67 0 0 255
P 111 67 0 0 255
P 112 67 0 0 255
P 113 67 0 0 255
P 114 67 0 0 255
P 115 67 0 0 255
P 116 67 0 0 255
P 117 67 0 0 255
P 118 67 0 0 255
P 119 67 0 0 255
P 120 67 0 0 255
P 121 67 0 255 0
P 122 67 255 255 0
P 123 67 255 255 0
P 124 67 255 255 0
P 125 67 255 255 0
P 126 67 255 255 0
P 127 67 255 255 0
P 128 67 255 255 0
P 129 67 255 255 0
P 130 67 255 255 0
P 131 67 255 255 0
P 132 67 255 255 0
P 133 67 255 255 0
P 134 67 255 255 0
P 135 67 255 255 0
P 136 67 255 255 0
P 137 67 255 255 0
P 138 67 255 0 0
P 139 67 0 0 255
P 140 67 0 0 255
P 141 67 0 0 255
P 142 67 0 0 255
P 143 67 0 0 255
P 144 67 0 0 255
P 145 67 0 0 255
P 146 67 0 0 255
P 147 67 0 0 255
P 148 67 0 0 255
P 149 67 0 0 255
P 150 67 0 0 255
P 151 67 0 0 255
P 152 67 0 0 255
P 153 67 0 0 255
P 154 67 0 0 255
P 155 67 0 255 0
P 156 67 255 255 0
P 157 67 255 255 0
P 158 67 255 255 0
P 159 67 255 255 0
P 160 67 255 255 0
P 161 67 255 255 0
P 162 67 255 255 0
P 163 67 255 255 0
P 164 67 255 255 0
P 165 67 255 255 0
P 166 67 255 255 0
P 167 67 255 255 0
P 168 67 255 255 0
P 169 67 255 255 0
P 170 67 255 255 0
P 171 67 255 255 0
P 172 67 255 0 0
P 173 67 0 0 255
P 174 67 0 0 255
P 175 67 0 0 255
P 176 67 0 0 255
P 177 67 0 0 255
P 178 67 0 0 255
P 179 67 0 0 255
P 180 67 0 0 255
P 181 67 0 0 255
P 182 67 0 0 255
P 183 67 0 0 255
P 184 67 0 0 255
P 185 67 0 0 255
P 186 67 0 0 255
P 187 67 0 0 255
P 188 67 0 0 255
P 189 67 0 255 0
P 190 67 255 255 0
P 191 67 255 255 0
P 192 67 255 255 0
P 193 67 255 255 0
P 194 67 255 255 0
P 195 67 255 255 0
P 196 67 255 255 0
P 197 67 255 255 0
P 198 67 255 255 0
P 199 67 255 255 0
P 200 67 255 255 0
P 201 67 255 255 0
P 202 67 255 255 0
P 203 67 255 255 0
P 204 67 255 255 0
P 205 67 255 255 0
P 206 67 255 0 0
P 207 67 0 0 255
P 208 67 0 0 255
P 209 67 0 0 255
P 210 67 0 0 255
P 211 67 0 0 255
P 212 67 0 0 255
P 213 67 0 0 255
P 214 67 0 0 255
P 215 67 0 0 255
P 216 67 0 0 255
P 217 67 0 0 255
P 218 67 0 0 255
P 219 67 0 0 255
P 220 67 0 0 255
P 221 67 0 0 255
P 222 67 0 0 255
P 223 67 0 255 0
P 224 67 255 255 0
P 225 67 255 255 0
P 226 67 255 255 0
P 227 67 255 255 0
P 228 67 255 255 0
P 229 67 255 255 0
P 230 67 255 255 0
P 231 67 255 255 0
P 232 67 255 255 0
P 233 67 255 255 0
P 234 67 255 255 0
P 235 67 255 255 0
P 236 67 255 255 0
P 237 67 255 255 0
P 238 67 255 255 0
P 239 67 255 255 0
P 240 67 255 0 0
P 241 67 0 0 255
P 242 67 0 0 255
P 243 67 0 0 255
P 244 67 0 0 255
P 245 67 0 0 255
P 246 67 0 0 255
P 247 67 0 0 255
P 248 67 0 0 255
P 249 67 0 0 255
P 250 67 0 0 255
P 251 67 0 0 255
P 252 67 0 0 255
P 253 67 0 0 255
P 254 67 0 0 255
P 255 67 0 0 255
P 256 67 0 0 255
P 257 67 0 255 0
P 258 67 255 255 0
P 259 67 255 255 0
P 260 67 255 255 0
P 261 67 255 255 0
P 262 67 255 255 0
P 263 67 255 255 0
P 264 67 255 255 0
P 265 67 255 255 0
P 266 67 255 255 0
P 267 67 255 255 0
P 268 67 255 255 0
P 269 67 255 255 0
P 270 67 255 255 0
P 271 67 255 255 0
P 272 67 255 255 0
P 273 67 255 255 0
P 274 67 255 0 0
P 275 67 0 0 255
P 276 67 0 0 255
P 277 67 0 0 255
P 278 67 0 0 255
P 279 67 0 0 255
P 280 67 0 0 255
P 281 67 0 0 255
P 282 67 0 0 255
P 283 67 0 0 255
P 284 67 0 0 255
P 285 67 0 0 255
P 286 67 0 0 255
P 287 67 0 0 255
P 288 67 0 0 255
P 289 67 0 0 255
P 290 67 0 0 255
P 291 67 0 255 0
P 20 68 255 0 0
P 21 68 0 0 255
P 22 68 0 0 255
P 23 68 0 0 255
P 24 68 0 0 255
P 25 68 0 0 255
P 26 68 0 0 255
P 27 68 0 0 255
P 28 68 0 0 255
P 29 68 0 0 255
P 30 68 0 0 255
P 31 68 0 0 255
P 32 68 0 0 255
P 33 68 0 0 255
P 34 68 0 0 255
P 35 68 0 0 255
P 36 68 0 0 255
P 37 68 255 255 0
P 38 68 255 0 255
P 39 68 255 0 255
P 40 68 255 0 255
P 41 68 255 0 255
P 42 68 255 0 255
P 43 68 255 0 255
P 44 68 255 0 255
P 45 68 255 0 255
P 46 68 255 0 255
P 47 68 255 0 255
P 48 68 255 0 255
P 49 68 255 0 255
P 50 68 255 0 255
P 51 68 255 0 255
P 52 68 255 0 255
P 53 68 255 0 255
P 54 68 255 0 0
P 55 68 0 255 0
P 56 68 0 255 0
P 57 68 0 255 0
P 58 68 0 255 0
P 59 68 0 255 0
P 60 68 0 255 0
P 61 68 0 255 0
P 62 68 0 255 0
P 63 68 0 255 0
P 64 68 0 255 0
P 65 68 0 255 0
P 66 68 0 255 0
P 67 68 0 255 0
P 68 68 0 255 0
P 69 68 0 255 0
P 70 68 0 255 0
P 71 68 255 0 255
P 72 68 255 255 0
P 73 68 255 255 0
P 74 68 255 255 0
P 75 68 255 255 0
P 76 68 255 255 0
P 77 68 255 255 0
P 78 68 255 255 0
P 79 68 255 255 0
P 80 68 255 255 0
P 81 68 255 255 0
P 82 68 255 255 0
P 83 68 255 255 0
P 84 68 255 255 0
P 85 68 255 255 0
P 86 68 255 255 0
P 87 68 255 255 0
P 88 68 255 0 0
P 89 68 255 0 255
P 90 68 255 0 255
P 91 68 255 0 255
P 92 68 255 0 255
P 93 68 255 0 255
P 94 68 255 0 255
P 95 68 255 0 255
P 96 68 255 0 255
P 97 68 255 0 255
P 98 68 255 0 255
P 99 68 255 0 255
P 100 68 255 0 255
P 101 68 255 0 255
P 102 68 255 0 255
P 103 68 255 0 255
P 104 68 255 0 255
P 105 68 0 255 255
P 106 68 0 255 255
P 107 68 0 255 255
P 108 68 0 255 255
P 109 68 0 255 255
P 110 68 0 255 255
P 111 68 0 255 255
P 112 68 0 255 255
P 113 68 0 255 255
P 114 68 0 255 255
P 115 68 0 255 255
P 116 68 0 255 255
P 117 68 0 255 255
P 118 68 0 255 255
P 119 68 0 255 255
P 120 68 0 255 255
P 121 68 0 255 255
P 122 68 255 0 255
P 123 68 255 0 255
P 124 68 255 0 255
P 125 68 255 0 255
P 126 68 255 0 255
P 127 68 255 0 255
P 128 68 255 0 255
P 129 68 255 0 255
P 130 68 255 0 255
P 131 68 255 0 255
P 132 68 255 0 255
P 133 68 255 0 255
P 134 68 255 0 255
P 135 68 255 0 255
P 136 68 255 0 255
P 137 68 255 0 255
P 138 68 255 0 255
P 139 68 0 255 0
P 140 68 0 255 255
P 141 68 0 255 255
P 142 68 0 255 255
P 143 68 0 255 255
P 144 68 0 255 255
P 145 68 0 255 255
P 146 68 0 255 255
P 147 68 0 255 255
P 148 68 0 255 255
P 149 68 0 255 255
P 150 68 0 255 255
P 151 68 0 255 255
P 152 68 0 255 255
P 153 68 0 255 255
P 154 68 0 255 255
P 155 68 0 255 255
P 156 68 255 0 0
P 157 68 255 0 255
P 158 68 255 0 255
P 159 68 255 0 255
P 160 68 255 0 255
P 161 68 255 0 255
P 162 68 255 0 255
P 163 68 255 0 255
P 164 68 255 0 255
P 165 68 255 0 255
P 166 68 255 0 255
P 167 68 255 0 255
P 168 68 255 0 255
P 169 68 255 0 255
P 170 68 255 0 255
P 171 68 255 0 255
P 172 68 255 0 255
P 173 68 0 255 255
P 174 68 0 255 255
P 175 68 0 255 255
P 176 68 0 255 255
P 177 68 0 255 255
P 178 68 0 255 255
P 179 68 0 255 255
P 180 68 0 255 255
P 181 68 0 255 255
P 182 68 0 255 255
P 183 68 0 255 255
P 184 68 0 255 255
P 185 68 0 255 255
P 186 68 0 255 255
P 187 68 0 255 255
P 188 68 0 255 255
P 189 68 0 255 255
P 190 68 255 0 255
P 191 68 255 0 255
P 192 68 255 0 255
P 193 68 255 0 255
P 194 68 255 0 255
P 195 68 255 0 255
P 196 68 255 0 255
P 197 68 255 0 255
P 198 68 255 0 255
P 199 68 255 0 255
P 200 68 255 0 255
P 201 68 255 0 255
P 202 68 255 0 255
P 203 68 255 0 255
P 204 68 255 0 255
P 205 68 255 0 255
P 206 68 255 0 255
P 207 68 0 255 0
P 208 68 0 255 255
P 209 68 0 255 255
P 210 68 0 255 255
P 211 68 0 255 255
P 212 68 0 255 255
P 213 68 0 255 255
P 214 68 0 255 255
P 215 68 0 255 255
P 216 68 0 255 255
P 217 68 0 255 255
P 218 68 0 255 255
P 219 68 0 255 255
P 220 68 0 255 255
P 221 68 0 255 255
P 222 68 0 255 255
P 223 68 0 255 255
P 224 68 255 0 0
P 225 68 255 0 255
P 226 68 255 0 255
P 227 68 255 0 255
P 228 68 255 0 255
P 229 68 255 0 255
P 230 68 255 0 255
P 231 68 255 0 255
P 232 68 255 0 255
P 233 68 255 0 255
P 234 68 255 0 255
P 235 68 255 0 255
P 236 68 255 0 255
P 237 68 255 0 255
P 238 68 255 0 255
P 239 68 255 0 255
P 240 68 255 0 255
P 241 68 0 255 0
P 242 68 0 255 255
P 243 68 0 255 255
P 244 68 0 255 255
P 245 68 0 255 255
P 246 68 0 255 255
P 247 68 0 255 255
P 248 68 0 255 255
P 249 68 0 255 255
P 250 68 0 255 255
P 251 68 0 255 255
P 252 68 0 255 255
P 253 68 0 255 255
P 254 68 0 255 255
P 255 68 0 255 255
P 256 68 0 255 255
P 257 68 0 255 255
P 258 68 255 0 255
P 259 68 255 0 255
P 260 68 255 0 255
P 261 68 255 0 255
P 262 68 255 0 255
P 263 68 255 0 255
P 264 68 255 0 255
P 265 68 255 0 255
P 266 68 255 0 255
P 267 68 255 0 255
P 268 68 255 0 255
P 269 68 255 0 255
P 270 68 255 0 255
P 271 68 255 0 255
P 272 68 255 0 255
P 273 68 255 0 255
P 274 68 255 0 255
P 275 68 0 255 0
P 276 68 0 255 255
P 277 68 0 255 255
P 278 68 0 255 255
P 279 68 0 255 255
P 280 68 0 255 255
P 281 68 0 255 255
P 282 68 0 255 255
P 283 68 0 255 255
P 284 68 0 255 255
P 285 68 0 255 255
P 286 68 0 255 255
P 287 68 0 255 255
P 288 68 0 255 255
P 289 68 0 255 255
P 290 68 0 255 255
P 291 68 0 255 255
P 20 69 255 0 0
P 21 69 255 0 0
P 22 69 0 0 255
P 23 69 0 0 255
P 24 69 0 0 255
P 25 69 0 0 255
P 26 69 0 0 255
P 27 69 0 0 255
P 28 69 0 0 255
P 29 69 0 0 255
P 30 69 0 0 255
P 31 69 0 0 255
P 32 69 0 0 255
P 33 69 0 0 255
P 34 69 0 0 255
P 35 69 0 0 255
P 36 69 0 0 255
P 37 69 255 255 0
P 38 69 255 255 0
P 39 69 255 0 255
P 40 69 255 0 255
P 41 69 255 0 255
P 42 69 255 0 255
P 43 69 255 0 255
P 44 69 255 0 255
P 45 69 255 0 255
P 46 69 255 0 255
P 47 69 255 0 255
P 48 69 255 0 255
P 49 69 255 0 255
P 50 69 255 0 255
P 51 69 255 0 255
P 52 69 255 0 255
P 53 69 255 0 255
P 54 69 255 0 0
P 55 69 255 0 0
P 56 69 0 255 0
P 57 69 0 255 0
P 58 69 0 255 0
P 59 69 0 255 0
P 60 69 0 255 0
P 61 69 0 255 0
P 62 69 0 255 0
P 63 69 0 255 0
P 64 69 0 255 0
P 65 69 0 255 0
P 66 69 0 255 0
P 67 69 0 255 0
P 68 69 0 255 0
P 69 69 0 255 0
P 70 69 0 255 0
P 71 69 255 0 255
P 72 69 255 0 255
P 73 69 255 255 0
P 74 69 255 255 0
P 75 69 255 255 0
P 76 69 255 255 0
P 77 69 255 255 0
P 78 69 255 255 0
P 79 69 255 255 0
P 80 69 255 255 0
P 81 69 255 255 0
P 82 69 255 255 0
P 83 69 255 255 0
P 84 69 255 255 0
P 85 69 255 255 0
P 86 69 255 255 0
P 87 69 255 255 0
P 88 69 255 0 0
P 89 69 255 0 0
P 90 69 255 0 255
P 91 69 255 0 255
P 92 69 255 0 255
P 93 69 255 0 255
P 94 69 255 0 255
P 95 69 255 0 255
P 96 69 255 0 255
P 97 69 255 0 255
P 98 69 255 0 255
P 99 69 255 0 255
P 100 69 255 0 255
P 101 69 255 0 255
P 102 69 255 0 255
P 103 69 255 0 255
P 104 69 255 0 255
P 105 69 255 255 0
P 106 69 255 255 0
P 107 69 0 255 255
P 108 69 0 255 255
P 109 69 0 255 255
P 110 69 0 255 255
P 111 69 0 255 255
P 112 69 0 255 255
P 113 69 0 255 255
P 114 69 0 255 255
P 115 69 0 255 255
P 116 69 0 255 255
P 117 69 0 255 255
P 118 69 0 255 255
P 119 69 0 255 255
P 120 69 0 255 255
P 121 69 0 255 255
P 122 69 255 0 0
P 123 69 255 0 0
P 124 69 255 0 255
P 125 69 255 0 255
P 126 69 255 0 255
P 127 69 255 0 255
P 128 69 255 0 255
P 129 69 255 0 255
P 130 69 255 0 255
P 131 69 255 0 255
P 132 69 255 0 255
P 133 69 255 0 255
P 134 69 255 0 255
P 135 69 255 0 255
P 136 69 255 0 255
P 137 69 255 0 255
P 138 69 255 0 255
P 139 69 0 255 0
P 140 69 0 255 0
P 141 69 0 255 255
P 142 69 0 255 255
P 143 69 0 255 255
P 144 69 0 255 255
P 145 69 0 255 255
P 146 69 0 255 255
P 147 69 0 255 255
P 148 69 0 255 255
P 149 69 0 255 255
P 150 69 0 255 255
P 151 69 0 255 255
P 152 69 0 255 255
P 153 69 0 255 255
P 154 69 0 255 255
P 155 69 0 255 255
P 156 69 255 0 0
P 157 69 255 0 0
P 158 69 255 0 255
P 159 69 255 0 255
P 160 69 255 0 255
P 161 69 255 0 255
P 162 69 255 0 255
P 163 69 255 0 255
P 164 69 255 0 255
P 165 69 255 0 255
P 166 69 255 0 255
P 167 69 255 0 255
P 168 69 255 0 255
P 169 69 255 0 255
P 170 69 255 0 255
P 171 69 255 0 255
P 172 69 255 0 255
P 173 69 0 255 0
P 174 69 0 255 0
P 175 69 0 255 255
P 176 69 0 255 255
P 177 69 0 255 255
P 178 69 0 255 255
P 179 69 0 255 255
P 180 69 0 255 255
P 181 69 0 255 255
P 182 69 0 255 255
P 183 69 0 255 255
P 184 69 0 255 255
P 185 69 0 255 255
P 186 69 0 255 255
P 187 69 0 255 255
P 188 69 0 255 255
P 189 69 0 255 255
P 190 69 255 0 0
P 191 69 255 0 0
P 192 69 255 0 255
P 193 69 255 0 255
P 194 69 255 0 255
P 195 69 255 0 255
P 196 69 255 0 255
P 197 69 255 0 255
P 198 69 255 0 255
P 199 69 255 0 255
P 200 69 255 0 255
P 201 69 255 0 255
P 202 69 255 0 255
P 203 69 255 0 255
P 204 69 255 0 255
P 205 69 255 0 255
P 206 69 255 0 255
P 207 69 0 255 0
P 208 69 0 255 0
P 209 69 0 255 255
P 210 69 0 255 255
P 211 69 0 255 255
P 212 69 0 255 255
P 213 69 0 255 255
P 214 69 0 255 255
P 215 69 0 255 255
P 216 69 0 255 255
P 217 69 0 255 255
P 218 69 0 255 255
P 219 69 0 255 255
P 220 69 0 255 255
P 221 69 0 255 255
P 222 69 0 255 255
P 223 69 0 255 255
P 224 69 255 0 0
P 225 69 255 0 0
P 226 69 255 0 255
P 227 69 255 0 255
P 228 69 255 0 255
P 229 69 255 0 255
P 230 69 255 0 255
P 231 69 255 0 255
P 232 69 255 0 255
P 233 69 255 0 255
P 234 69 255 0 255
P 235 69 255 0 255
P 236 69 255 0 255
P 237 69 255 0 255
P 238 69 255 0 255
P 239 69 255 0 255
P 240 69 255 0 255
P 241 69 0 255 0
P 242 69 0 255 0
P 243 69 0 255 255
P 244 69 0 255 255
P 245 69 0 255 255
P 246 69 0 255 255
P 247 69 0 255 255
P 248 69 0 255 255
P 249 69 0 255 255
P 250 69 0 255 255
P 251 69 0 255 255
P 252 69 0 255 255
P 253 69 0 255 255
P 254 69 0 255 255
P 255 69 0 255 255
P 256 69 0 255 255
P 257 69 0 255 255
P 258 69 255 0 0
P 259 69 255 0 0
P 260 69 255 0 255
P 261 69 255 0 255
P 262 69 255 0 255
P 263 69 255 0 255
P 264 69 255 0 255
P 265 69 255 0 255
P 266 69 255 0 255
P 267 69 255 0 255
P 268 69 255 0 255
P 269 69 255 0 255
P 270 69 255 0 255
P 271 69 255 0 255
P 272 69 255 0 255
P 273 69 255 0 255
P 274 69 255 0 255
P 275 69 0 255 0
P 276 69 0 255 0
P 277 69 0 255 255
P 278 69 0 255 255
P 279 69 0 255 255
P 280 69 0 255 255
P 281 69 0 255 255
P 282 69 0 255 255
P 283 69 0 255 255
P 284 69 0 255 255
P 285 69 0 255 255
P 286 69 0 255 255
P 287 69 0 255 255
P 288 69 0 255 255
P 289 69 0 255 255
P 290 69 0 255 255
P 291 69 0 255 255
P 20 70 255 0 0
P 21 70 255 0 0
P 22 70 255 0 0
P 23 70 0 0 255
P 24 70 0 0 255
P 25 70 0 0 255
P 26 70 0 0 255
P 27 70 0 0 255
P 28 70 0 0 255
P 29 70 0 0 255
P 30 70 0 0 255
P 31 70 0 0 255
P 32 70 0 0 255
P 33 70 0 0 255
P 34 70 0 0 255
P 35 70 0 0 255
P 36 70 0 0 255
P 37 70 255 255 0
P 38 70 255 255 0
P 39 70 255 255 0
P 40 70 255 0 255
P 41 70 255 0 255
P 42 70 255 0 255
P 43 70 255 0 255
P 44 70 255 0 255
P 45 70 255 0 255
P 46 70 255 0 255
P 47 70 255 0 255
P 48 70 255 0 255
P 49 70 255 0 255
P 50 70 255 0 255
P 51 70 255 0 255
P 52 70 255 0 255
P 53 70 255 0 255
P 54 70 255 0 0
P 55 70 255 0 0
P 56 70 255 0 0
P 57 70 255 0 0
P 58 70 0 255 0
P 59 70 0 255 0
P 60 70 0 255 0
P 61 70 0 255 0
P 62 70 0 255 0
P 63 70 0 255 0
P 64 70 0 255 0
P 65 70 0 255 0
P 66 70 0 255 0
P 67 70 0 255 0
P 68 70 0 255 0
P 69 70 0 255 0
P 70 70 0 255 0
P 71 70 255 0 255
P 72 70 255 0 255
P 73 70 255 0 255
P 74 70 255 255 0
P 75 70 255 255 0
P 76 70 255 255 0
P 77 70 255 255 0
P 78 70 255 255 0
P 79 70 255 255 0
P 80 70 255 255 0
P 81 70 255 255 0
P 82 70 255 255 0
P 83 70 255 255 0
P 84 70 255 255 0
P 85 70 255 255 0
P 86 70 255 255 0
P 87 70 255 255 0
P 88 70 255 0 0
P 89 70 255 0 0
P 90 70 255 0 0
P 91 70 255 0 255
P 92 70 255 0 255
P 93 70 255 0 255
P 94 70 255 0 255
P 95 70 255 0 255
P 96 70 255 0 255
P 97 70 255 0 255
P 98 70 255 0 255
P 99 70 255 0 255
P 100 70 255 0 255
P 101 70 255 0 255
P 102 70 255 0 255
P 103 70 255 0 255
P 104 70 255 0 255
P 105 70 255 255 0
P 106 70 255 255 0
P 107 70 255 255 0
P 108 70 0 255 255
P 109 70 0 255 255
P 110 70 0 255 255
P 111 70 0 255 255
P 112 70 0 255 255
P 113 70 0 255 255
P 114 70 0 255 255
P 115 70 0 255 255
P 116 70 0 255 255
P 117 70 0 255 255
P 118 70 0 255 255
P 119 70 0 255 255
P 120 70 0 255 255
P 121 70 0 255 255
P 122 70 255 0 0
P 123 70 255 0 0
P 124 70 255 0 0
P 125 70 255 0 255
P 126 70 255 0 255
P 127 70 255 0 255
P 128 70 255 0 255
P 129 70 255 0 255
P 130 70 255 0 255
P 131 70 255 0 255
P 132 70 255 0 255
P 133 70 255 0 255
P 134 70 255 0 255
P 135 70 255 0 255
P 136 70 255 0 255
P 137 70 255 0 255
P 138 70 255 0 255
P 139 70 0 255 0
P 140 70 0 255 0
P 141 70 0 255 0
P 142 70 0 255 0
P 143 70 0 255 255
P 144 70 0 255 255
P 145 70 0 255 255
P 146 70 0 255 255
P 147 70 0 255 255
P 148 70 0 255 255
P 149 70 0 255 255
P 150 70 0 255 255
P 151 70 0 255 255
P 152 70 0 255 255
P 153 70 0 255 255
P 154 70 0 255 255
P 155 70 0 255 255
P 156 70 255 0 0
P 157 70 255 0 0
P 158 70 255 0 0
P 159 70 255 0 255
P 160 70 255 0 255
P 161 70 255 0 255
P 162 70 255 0 255
P 163 70 255 0 255
P 164 70 255 0 255
P 165 70 255 0 255
P 166 70 255 0 255
P 167 70 255 0 255
P 168 70 255 0 255
P 169 70 255 0 255
P 170 70 255 0 255
P 171 70 255 0 255
P 172 70 255 0 255
P 173 70 0 255 0
P 174 70 0 255 0
P 175 70 0 255 0
P 176 70 0 255 255
P 177 70 0 255 255
P 178 70 0 255 255
P 179 70 0 255 255
P 180 70 0 255 255
P 181 70 0 255 255
P 182 70 0 255 255
P 183 70 0 255 255
P 184 70 0 255 255
P 185 70 0 255 255
P 186 70 0 255 255
P 187 70 0 255 255
P 188 70 0 255 255
P 189 70 0 255 255
P 190 70 255 0 0
P 191 70 255 0 0
P 192 70 255 0 0
P 193 70 255 0 255
P 194 70 255 0 255
P 195 70 255 0 255
P 196 70 255 0 255
P 197 70 255 0 255
P 198 70 255 0 255
P 199 70 255 0 255
P 200 70 255 0 255
P 201 70 255 0 255
P 202 70 255 0 255
P 203 70 255 0 255
P 204 70 255 0 255
P 205 70 255 0 255
P 206 70 255 0 255
P 207 70 0 255 0
P 208 70 0 255 0
P 209 70 0 255 0
P 210 70 0 255 0
P 211 70 0 255 255
P 212 70 0 255 255
P 213 70 0 255 255
P 214 70 0 255 255
P 215 70 0 255 255
P 216 70 0 255 255
P 217 70 0 255 255
P 218 70 0 255 255
P 219 70 0 255 255
P 220 70 0 255 255
P 221 70 0 255 255
P 222 70 0 255 255
P 223 70 0 255 255
P 224 70 255 0 0
P 225 70 255 0 0
P 226 70 255 0 0
P 227 70 255 0 0
P 228 70 255 0 255
P 229 70 255 0 255
P 230 70 255 0 255
P 231 70 255 0 255
P 232 70 255 0 255
P 233 70 255 0 255
P 234 70 255 0 255
P 235 70 255 0 255
P 236 70 255 0 255
P 237 70 255 0 255
P 238 70 255 0 255
P 239 70 255 0 255
P 240 70 255 0 255
P 241 70 0 255 0
P 242 70 0 255 0
P 243 70 0 255 0
P 244 70 0 255 0
P 245 70 0 255 255
P 246 70 0 255 255
P 247 70 0 255 255
P 248 70 0 255 255
P 249 70 0 255 255
P 250 70 0 255 255
P 251 70 0 255 255
P 252 70 0 255 255
P 253 70 0 255 255
P 254 70 0 255 255
P 255 70 0 255 255
P 256 70 0 255 255
P 257 70 0 255 255
P 258 70 255 0 0
P 259 70 255 0 0
P 260 70 255 0 0
P 261 70 255 0 255
P 262 70 255 0 255
P 263 70 255 0 255
P 264 70 255 0 255
P 265 70 255 0 255
P 266 70 255 0 255
P 267 70 255 0 255
P 268 70 255 0 255
P 269 70 255 0 255
P 270 70 255 0 255
P 271 70 255 0 255
P 272 70 255 0 255
P 273 70 255 0 255
P 274 70 255 0 255
P 275 70 0 255 0
P 276 70 0 255 0
P 277 70 0 255 0
P 278 70 0 255 0
P 279 70 0 255 255
P 280 70 0 255 255
P 281 70 0 255 255
P 282 70 0 255 255
P 283 70 0 255 255
P 284 70 0 255 255
P 285 70 0 255 255
P 286 70 0 255 255
P 287 70 0 255 255
P 288 70 0 255 255
P 289 70 0 255 255
P 290 70 0 255 255
P 291 70 0 255 255
P 20 71 255 0 0
P 21 71 255 0 0
P 22 71 255 0 0
P 23 71 255 0 0
P 24 71 255 0 0
P 25 71 0 0 255
P 26 71 0 0 255
P 27 71 0 0 255
P 28 71 0 0 255
P 29 71 0 0 255
P 30 71 0 0 255
P 31 71 0 0 255
P 32 71 0 0 255
P 33 71 0 0 255
P 34 71 0 0 255
P 35 71 0 0 255
P 36 71 0 0 255
P 37 71 255 255 0
P 38 71 255 255 0
P 39 71 255 255 0
P 40 71 255 255 0
P 41 71 255 255 0
P 42 71 255 0 255
P 43 71 255 0 255
P 44 71 255 0 255
P 45 71 255 0 255
P 46 71 255 0 255
P 47 71 255 0 255
P 48 71 255 0 255
P 49 71 255 0 255
P 50 71 255 0 255
P 51 71 255 0 255
P 52 71 255 0 255
P 53 71 255 0 255
P 54 71 255 0 0
P 55 71 255 0 0
P 56 71 255 0 0
P 57 71 255 0 0
P 58 71 255 0 0
P 59 71 0 255 0
P 60 71 0 255 0
P 61 71 0 255 0
P 62 71 0 255 0
P 63 71 0 255 0
P 64 71 0 255 0
P 65 71 0 255 0
P 66 71 0 255 0
P 67 71 0 255 0
P 68 71 0 255 0
P 69 71 0 255 0
P 70 71 0 255 0
P 71 71 255 0 255
P 72 71 255 0 255
P 73 71 255 0 255
P 74 71 255 0 255
P 75 71 255 0 255
P 76 71 255 255 0
P 77 71 255 255 0
P 78 71 255 255 0
P 79 71 255 255 0
P 80 71 255 255 0
P 81 71 255 255 0
P 82 71 255 255 0
P 83 71 255 255 0
P 84 71 255 255 0
P 85 71 255 255 0
P 86 71 255 255 0
P 87 71 255 255 0
P 88 71 255 0 0
P 89 71 255 0 0
P 90 71 255 0 0
P 91 71 255 0 0
P 92 71 255 0 0
P 93 71 255 0 255
P 94 71 255 0 255
P 95 71 255 0 255
P 96 71 255 0 255
P 97 71 255 0 255
P 98 71 255 0 255
P 99 71 255 0 255
P 100 71 255 0 255
P 101 71 255 0 255
P 102 71 255 0 255
P 103 71 255 0 255
P 104 71 255 0 255
P 105 71 255 255 0
P 106 71 255 255 0
P 107 71 255 255 0
P 108 71 255 255 0
P 109 71 255 255 0
P 110 71 0 255 255
P 111 71 0 255 255
P 112 71 0 255 255
P 113 71 0 255 255
P 114 71 0 255 255
P 115 71 0 255 255
P 116 71 0 255 255
P 117 71 0 255 255
P 118 71 0 255 255
P 119 71 0 255 255
P 120 71 0 255 255
P 121 71 0 255 255
P 122 71 255 0 0
P 123 71 255 0 0
P 124 71 255 0 0
P 125 71 255 0 0
P 126 71 255 0 0
P 127 71 255 0 255
P 128 71 255 0 255
P 129 71 255 0 255
P 130 71 255 0 255
P 131 71 255 0 255
P 132 71 255 0 255
P 133 71 255 0 255
P 134 71 255 0 255
P 135 71 255 0 255
P 136 71 255 0 255
P 137 71 255 0 255
P 138 71 255 0 255
P 139 71 0 255 0
P 140 71 0 255 0
P 141 71 0 255 0
P 142 71 0 255 0
P 143 71 0 255 0
P 144 71 0 255 255
P 145 71 0 255 255
P 146 71 0 255 255
P 147 71 0 255 255
P 148 71 0 255 255
P 149 71 0 255 255
P 150 71 0 255 255
P 151 71 0 255 255
P 152 71 0 255 255
P 153 71 0 255 255
P 154 71 0 255 255
P 155 71 0 255 255
P 156 71 255 0 0
P 157 71 255 0 0
P 158 71 255 0 0
P 159 71 255 0 0
P 160 71 255 0 0
P 161 71 255 0 255
P 162 71 255 0 255
P 163 71 255 0 255
P 164 71 255 0 255
P 165 71 255 0 255
P 166 71 255 0 255
P 167 71 255 0 255
P 168 71 255 0 255
P 169 71 255 0 255
P 170 71 255 0 255
P 171 71 255 0 255
P 172 71 255 0 255
P 173 71 0 255 0
P 174 71 0 255 0
P 175 71 0 255 0
P 176 71 0 255 0
P 177 71 0 255 0
P 178 71 0 255 255
P 179 71 0 255 255
P 180 71 0 255 255
P 181 71 0 255 255
P 182 71 0 255 255
P 183 71 0 255 255
P 184 71 0 255 255
P 185 71 0 255 255
P 186 71 0 255 255
P 187 71 0 255 255
P 188 71 0 255 255
P 189 71 0 255 255
P 190 71 255 0 0
P 191 71 255 0 0
P 192 71 255 0 0
P 193 71 255 0 0
P 194 71 255 0 0
P 195 71 255 0 255
P 196 71 255 0 255
P 197 71 255 0 255
P 198 71 255 0 255
P 199 71 255 0 255
P 200 71 255 0 255
P 201 71 255 0 255
P 202 71 255 0 255
P 203 71 255 0 255
P 204 71 255 0 255
P 205 71 255 0 255
P 206 71 255 0 255
P 207 71 0 255 0
P 208 71 0 255 0
P 209 71 0 255 0
P 210 71 0 255 0
P 211 71 0 255 0
P 212 71 0 255 255
P 213 71 0 255 255
P 214 71 0 255 255
P 215 71 0 255 255
P 216 71 0 255 255
P 217 71 0 255 255
P 218 71 0 255 255
P 219 71 0 255 255
P 220 71 0 255 255
P 221 71 0 255 255
P 222 71 0 255 255
P 223 71 0 255 255
P 224 71 255 0 0
P 225 71 255 0 0
P 226 71 255 0 0
P 227 71 255 0 0
P 228 71 255 0 0
P 229 71 255 0 255
P 230 71 255 0 255
P 231 71 255 0 255
P 232 71 255 0 255
P 233 71 255 0 255
P 234 71 255 0 255
P 235 71 255 0 255
P 236 71 255 0 255
P 237 71 255 0 255
P 238 71 255 0 255
P 239 71 255 0 255
P 240 71 255 0 255
P 241 71 0 255 0
P 242 71 0 255 0
P 243 71 0 255 0
P 244 71 0 255 0
P 245 71 0 255 0
P 246 71 0 255 255
P 247 71 0 255 255
P 248 71 0 255 255
P 249 71 0 255 255
P 250 71 0 255 255
P 251 71 0 255 255
P 252 71 0 255 255
P 253 71 0 255 255
P 254 71 0 255 255
P 255 71 0 255 255
P 256 71 0 255 255
P 257 71 0 255 255
P 258 71 255 0 0
P 259 71 255 0 0
P 260 71 255 0 0
P 261 71 255 0 0
P 262 71 255 0 0
P 263 71 255 0 255
P 264 71 255 0 255
P 265 71 255 0 255
P 266 71 255 0 255
P 267 71 255 0 255
P 268 71 255 0 255
P 269 71 255 0 255
P 270 71 255 0 255
P 271 71 255 0 255
P 272 71 255 0 255
P 273 71 255 0 255
P 274 71 255 0 255
P 275 71 0 255 0
P 276 71 0 255 0
P 277 71 0 255 0
P 278 71 0 255 0
P 279 71 0 255 0
P 280 71 0 255 255
P 281 71 0 255 255
P 282 71 0 255 255
P 283 71 0 255 255
P 284 71 0 255 255
P 285 71 0 255 255
P 286 71 0 255 255
P 287 71 0 255 255
P 288 71 0 255 255
P 289 71 0 255 255
P 290 71 0 255 255
P 291 71 0 255 255
P 20 72 255 0 0
P 21 72 255 0 0
P 22 72 255 0 0
P 23 72 255 0 0
P 24 72 255 0 0
P 25 72 255 0 0
P 26 72 0 0 255
P 27 72 0 0 255
P 28 72 0 0 255
P 29 72 0 0 255
P 30 72 0 0 255
P 31 72 0 0 255
P 32 72 0 0 255
P 33 72 0 0 255
P 34 72 0 0 255
P 35 72 0 0 255
P 36 72 0 0 255
P 37 72 255 255 0
P 38 72 255 255 0
P 39 72 255 255 0
P 40 72 255 255 0
P 41 72 255 255 0
P 42 72 255 255 0
P 43 72 255 0 255
P 44 72 255 0 255
P 45 72 255 0 255
P 46 72 255 0 255
P 47 72 255 0 255
P 48 72 255 0 255
P 49 72 255 0 255
P 50 72 255 0 255
P 51 72 255 0 255
P 52 72 255 0 255
P 53 72 255 0 255
P 54 72 255 0 0
P 55 72 255 0 0
P 56 72 255 0 0
P 57 72 255 0 0
P 58 72 255 0 0
P 59 72 255 0 0
P 60 72 255 0 0
P 61 72 0 255 0
P 62 72 0 255 0
P 63 72 0 255 0
P 64 72 0 255 0
P 65 72 0 255 0
P 66 72 0 255 0
P 67 72 0 255 0
P 68 72 0 255 0
P 69 72 0 255 0
P 70 72 0 255 0
P 71 72 255 0 255
P 72 72 255 0 255
P 73 72 255 0 255
P 74 72 255 0 255
P 75 72 255 0 255
P 76 72 255 0 255
P 77 72 255 255 0
P 78 72 255 255 0
P 79 72 255 255 0
P 80 72 255 255 0
P 81 72 255 255 0
P 82 72 255 255 0
P 83 72 255 255 0
P 84 72 255 255 0
P 85 72 255 255 0
P 86 72 255 255 0
P 87 72 255 255 0
P 88 72 255 0 0
P 89 72 255 0 0
P 90 72 255 0 0
P 91 72 255 0 0
P 92 72 255 0 0
P 93 72 255 0 0
P 94 72 255 0 255
P 95 72 255 0 255
P 96 72 255 0 255
P 97 72 255 0 255
P 98 72 255 0 255
P 99 72 255 0 255
P 100 72 255 0 255
P 101 72 255 0 255
P 102 72 255 0 255
P 103 72 255 0 255
P 104 72 255 0 255
P 105 72 255 255 0
P 106 72 255 255 0
P 107 72 255 255 0
P 108 72 255 255 0
P 109 72 255 255 0
P 110 72 255 255 0
P 111 72 0 255 255
P 112 72 0 255 255
P 113 72 0 255 255
P 114 72 0 255 255
P 115 72 0 255 255
P 116 72 0 255 255
P 117 72 0 255 255
P 118 72 0 255 255
P 119 72 0 255 255
P 120 72 0 255 255
P 121 72 0 255 255
P 122 72 255 0 0
P 123 72 255 0 0
P 124 72 255 0 0
P 125 72 255 0 0
P 126 72 255 0 0
P 127 72 255 0 0
P 128 72 255 0 255
P 129 72 255 0 255
P 130 72 255 0 255
P 131 72 255 0 255
P 132 72 255 0 255
P 133 72 255 0 255
P 134 72 255 0 255
P 135 72 255 0 255
P 136 72 255 0 255
P 137 72 255 0 255
P 138 72 255 0 255
P 139 72 0 255 0
P 140 72 0 255 0
P 141 72 0 255 0
P 142 72 0 255 0
P 143 72 0 255 0
P 144 72 0 255 0
P 145 72 0 255 255
P 146 72 0 255 255
P 147 72 0 255 255
P 148 72 0 255 255
P 149 72 0 255 255
P 150 72 0 255 255
P 151 72 0 255 255
P 152 72 0 255 255
P 153 72 0 255 255
P 154 72 0 255 255
P 155 72 0 255 255
P 156 72 255 0 0
P 157 72 255 0 0
P 158 72 255 0 0
P 159 72 255 0 0
P 160 72 255 0 0
P 161 72 255 0 0
P 162 72 255 0 255
P 163 72 255 0 255
P 164 72 255 0 255
P 165 72 255 0 255
P 166 72 255 0 255
P 167 72 255 0 255
P 168 72 255 0 255
P 169 72 255 0 255
P 170 72 255 0 255
P 171 72 255 0 255
P 172 72 255 0 255
P 173 72 0 255 0
P 174 72 0 255 0
P 175 72 0 255 0
P 176 72 0 255 0
P 177 72 0 255 0
P 178 72 0 255 0
P 179 72 0 255 255
P 180 72 0 255 255
P 181 72 0 255 255
P 182 72 0 255 255
P 183 72 0 255 255
P 184 72 0 255 255
P 185 72 0 255 255
P 186 72 0 255 255
P 187 72 0 255 255
P 188 72 0 255 255
P 189 72 0 255 255
P 190 72 255 0 0
P 191 72 255 0 0
P 192 72 255 0 0
P 193 72 255 0 0
P 194 72 255 0 0
P 195 72 255 0 0
P 196 72 255 0 255
P 197 72 255 0 255
P 198 72 255 0 255
P 199 72 255 0 255
P 200 72 255 0 255
P 201 72 255 0 255
P 202 72 255 0 255
P 203 72 255 0 255
P 204 72 255 0 255
P 205 72 255 0 255
P 206 72 255 0 255
P 207 72 0 255 0
P 208 72 0 255 0
P 209 72 0 255 0
P 210 72 0 255 0
P 211 72 0 255 0
P 212 72 0 255 0
P 213 72 0 255 255
P 214 72 0 255 255
P 215 72 0 255 255
P 216 72 0 255 255
P 217 72 0 255 255
P 218 72 0 255 255
P 219 72 0 255 255
P 220 72 0 255 255
P 221 72 0 255 255
P 222 72 0 255 255
P 223 72 0 255 255
P 224 72 255 0 0
P 225 72 255 0 0
P 226 72 255 0 0
P 227 72 255 0 0
P 228 72 255 0 0
P 229 72 255 0 0
P 230 72 255 0 255
P 231 72 255 0 255
P 232 72 255 0 255
P 233 72 255 0 255
P 234 72 255 0 255
P 235 72 255 0 255
P 236 72 255 0 255
P 237 72 255 0 255
P 238 72 255 0 255
P 239 72 255 0 255
P 240 72 255 0 255
P 241 72 0 255 0
P 242 72 0 255 0
P 243 72 0 255 0
P 244 72 0 255 0
P 245 72 0 255 0
P 246 72 0 255 0
P 247 72 0 255 255
P 248 72 0 255 255
P 249 72 0 255 255
P 250 72 0 255 255
P 251 72 0 255 255
P 252 72 0 255 255
P 253 72 0 255 255
P 254 72 0 255 255
P 255 72 0 255 255
P 256 72 0 255 255
P 257 72 0 255 255
P 258 72 255 0 0
P 259 72 255 0 0
P 260 72 255 0 0
P 261 72 255 0 0
P 262 72 255 0 0
P 263 72 255 0 0
P 264 72 255 0 255
P 265 72 255 0 255
P 266 72 255 0 255
P 267 72 255 0 255
P 268 72 255 0 255
P 269 72 255 0 255
P 270 72 255 0 255
P 271 72 255 0 255
P 272 72 255 0 255
P 273 72 255 0 255
P 274 72 255 0 255
P 275 72 0 255 0
P 276 72 0 255 0
P 277 72 0 255 0
P 278 72 0 255 0
P 279 72 0 255 0
P 280 72 0 255 0
P 281 72 0 255 255
P 282 72 0 255 255
P 283 72 0 255 255
P 284 72 0 255 255
P 285 72 0 255 255
P 286 72 0 255 255
P 287 72 0 255 255
P 288 72 0 255 255
P 289 72 0 255 255
P 290 72 0 255 255
P 291 72 0 255 255
P 20 73 255 0 0
P 21 73 255 0 0
P 22 73 255 0 0
P 23 73 255 0 0
P 24 73 255 0 0
P 25 73 255 0 0
P 26 73 255 0 0
P 27 73 255 0 0
P 28 73 0 0 255
P 29 73 0 0 255
P 30 73 0 0 255
P 31 73 0 0 255
P 32 73 0 0 255
P 33 73 0 0 255
P 34 73 0 0 255
P 35 73 0 0 255
P 36 73 0 0 255
P 37 73 255 255 0
P 38 73 255 255 0
P 39 73 255 255 0
P 40 73 255 255 0
P 41 73 255 255 0
P 42 73 255 255 0
P 43 73 255 255 0
P 44 73 255 255 0
P 45 73 255 0 255
P 46 73 255 0 255
P 47 73 255 0 255
P 48 73 255 0 255
P 49 73 255 0 255
P 50 73 255 0 255
P 51 73 255 0 255
P 52 73 255 0 255
P 53 73 255 0 255
P 54 73 255 0 0
P 55 73 255 0 0
P 56 73 255 0 0
P 57 73 255 0 0
P 58 73 255 0 0
P 59 73 255 0 0
P 60 73 255 0 0
P 61 73 255 0 0
P 62 73 0 255 0
P 63 73 0 255 0
P 64 73 0 255 0
P 65 73 0 255 0
P 66 73 0 255 0
P 67 73 0 255 0
P 68 73 0 255 0
P 69 73 0 255 0
P 70 73 0 255 0
P 71 73 255 0 255
P 72 73 255 0 255
P 73 73 255 0 255
P 74 73 255 0 255
P 75 73 255 0 255
P 76 73 255 0 255
P 77 73 255 0 255
P 78 73 255 0 255
P 79 73 255 255 0
P 80 73 255 255 0
P 81 73 255 255 0
P 82 73 255 255 0
P 83 73 255 255 0
P 84 73 255 255 0
P 85 73 255 255 0
P 86 73 255 255 0
P 87 73 255 255 0
P 88 73 255 0 0
P 89 73 255 0 0
P 90 73 255 0 0
P 91 73 255 0 0
P 92 73 255 0 0
P 93 73 255 0 0
P 94 73 255 0 0
P 95 73 255 0 0
P 96 73 255 0 255
P 97 73 255 0 255
P 98 73 255 0 255
P 99 73 255 0 255
P 100 73 255 0 255
P 101 73 255 0 255
P 102 73 255 0 255
P 103 73 255 0 255
P 104 73 255 0 255
P 105 73 255 255 0
P 106 73 255 255 0
P 107 73 255 255 0
P 108 73 255 255 0
P 109 73 255 255 0
P 110 73 255 255 0
P 111 73 255 255 0
P 112 73 255 255 0
P 113 73 0 255 255
P 114 73 0 255 255
P 115 73 0 255 255
P 116 73 0 255 255
P 117 73 0 255 255
P 118 73 0 255 255
P 119 73 0 255 255
P 120 73 0 255 255
P 121 73 0 255 255
P 122 73 255 0 0
P 123 73 255 0 0
P 124 73 255 0 0
P 125 73 255 0 0
P 126 73 255 0 0
P 127 73 255 0 0
P 128 73 255 0 0
P 129 73 255 0 0
P 130 73 255 0 255
P 131 73 255 0 255
P 132 73 255 0 255
P 133 73 255 0 255
P 134 73 255 0 255
P 135 73 255 0 255
P 136 73 255 0 255
P 137 73 255 0 255
P 138 73 255 0 255
P 139 73 0 255 0
P 140 73 0 255 0
P 141 73 0 255 0
P 142 73 0 255 0
P 143 73 0 255 0
P 144 73 0 255 0
P 145 73 0 255 0
P 146 73 0 255 0
P 147 73 0 255 255
P 148 73 0 255 255
P 149 73 0 255 255
P 150 73 0 255 255
P 151 73 0 255 255
P 152 73 0 255 255
P 153 73 0 255 255
P 154 73 0 255 255
P 155 73 0 255 255
P 156 73 255 0 0
P 157 73 255 0 0
P 158 73 255 0 0
P 159 73 255 0 0
P 160 73 255 0 0
P 161 73 255 0 0
P 162 73 255 0 0
P 163 73 255 0 0
P 164 73 255 0 255
P 165 73 255 0 255
P 166 73 255 0 255
P 167 73 255 0 255
P 168 73 255 0 255
P 169 73 255 0 255
P 170 73 255 0 255
P 171 73 255 0 255
P 172 73 255 0 255
P 173 73 0 255 0
P 174 73 0 255 0
P 175 73 0 255 0
P 176 73 0 255 0
P 177 73 0 255 0
P 178 73 0 255 0
P 179 73 0 255 0
P 180 73 0 255 0
P 181 73 0 255 255
P 182 73 0 255 255
P 183 73 0 255 255
P 184 73 0 255 255
P 185 73 0 255 255
P 186 73 0 255 255
P 187 73 0 255 255
P 188 73 0 255 255
P 189 73 0 255 255
P 190 73 255 0 0
P 191 73 255 0 0
P 192 73 255 0 0
P 193 73 255 0 0
P 194 73 255 0 0
P 195 73 255 0 0
P 196 73 255 0 0
P 197 73 255 0 0
P 198 73 255 0 255
P 199 73 255 0 255
P 200 73 255 0 255
P 201 73 255 0 255
P 202 73 255 0 255
P 203 73 255 0 255
P 204 73 255 0 255
P 205 73 255 0 255
P 206 73 255 0 255
P 207 73 0 255 0
P 208 73 0 255 0
P 209 73 0 255 0
P 210 73 0 255 0
P 211 73 0 255 0
P 212 73 0 255 0
P 213 73 0 255 0
P 214 73 0 255 0
P 215 73 0 255 255
P 216 73 0 255 255
P 217 73 0 255 255
P 218 73 0 255 255
P 219 73 0 255 255
P 220 73 0 255 255
P 221 73 0 255 255
P 222 73 0 255 255
P 223 73 0 255 255
P 224 73 255 0 0
P 225 73 255 0 0
P 226 73 255 0 0
P 227 73 255 0 0
P 228 73 255 0 0
P 229 73 255 0 0
P 230 73 255 0 0
P 231 73 255 0 0
P 232 73 255 0 255
P 233 73 255 0 255
P 234 73 255 0 255
P 235 73 255 0 255
P 236 73 255 0 255
P 237 73 255 0 255
P 238 73 255 0 255
P 239 73 255 0 255
P 240 73 255 0 255
P 241 73 0 255 0
P 242 73 0 255 0
P 243 73 0 255 0
P 244 73 0 255 0
P 245 73 0 255 0
P 246 73 0 255 0
P 247 73 0 255 0
P 248 73 0 255 0
P 249 73 0 255 255
P 250 73 0 255 255
P 251 73 0 255 255
P 252 73 0 255 255
P 253 73 0 255 255
P 254 73 0 255 255
P 255 73 0 255 255
P 256 73 0 255 255
P 257 73 0 255 255
P 258 73 255 0 0
P 259 73 255 0 0
P 260 73 255 0 0
P 261 73 255 0 0
P 262 73 255 0 0
P 263 73 255 0 0
P 264 73 255 0 0
P 265 73 255 0 0
P 266 73 255 0 255
P 267 73 255 0 255
P 268 73 255 0 255
P 269 73 255 0 255
P 270 73 255 0 255
P 271 73 255 0 255
P 272 73 255 0 255
P 273 73 255 0 255
P 274 73 255 0 255
P 275 73 0 255 0
P 276 73 0 255 0
P 277 73 0 255 0
P 278 73 0 255 0
P 279 73 0 255 0
P 280 73 0 255 0
P 281 73 0 255 0
P 282 73 0 255 0
P 283 73 0 255 255
P 284 73 0 255 255
P 285 73 0 255 255
P 286 73 0 255 255
P 287 73 0 255 255
P 288 73 0 255 255
P 289 73 0 255 255
P 290 73 0 255 255
P 291 73 0 255 255
P 20 74 255 0 0
P 21 74 255 0 0
P 22 74 255 0 0
P 23 74 255 0 0
P 24 74 255 0 0
P 25 74 255 0 0
P 26 74 255 0 0
P 27 74 255 0 0
P 28 74 255 0 0
P 29 74 0 0 255
P 30 74 0 0 255
P 31 74 0 0 255
P 32 74 0 0 255
P 33 74 0 0 255
P 34 74 0 0 255
P 35 74 0 0 255
P 36 74 0 0 255
P 37 74 255 255 0
P 38 74 255 255 0
P 39 74 255 255 0
P 40 74 255 255 0
P 41 74 255 255 0
P 42 74 255 255 0
P 43 74 255 255 0
P 44 74 255 255 0
P 45 74 255 255 0
P 46 74 255 0 255
P 47 74 255 0 255
P 48 74 255 0 255
P 49 74 255 0 255
P 50 74 255 0 255
P 51 74 255 0 255
P 52 74 255 0 255
P 53 74 255 0 255
P 54 74 255 0 0
P 55 74 255 0 0
P 56 74 255 0 0
P 57 74 255 0 0
P 58 74 255 0 0
P 59 74 255 0 0
P 60 74 255 0 0
P 61 74 255 0 0
P 62 74 255 0 0
P 63 74 0 255 0
P 64 74 0 255 0
P 65 74 0 255 0
P 66 74 0 255 0
P 67 74 0 255 0
P 68 74 0 255 0
P 69 74 0 255 0
P 70 74 0 255 0
P 71 74 255 0 255
P 72 74 255 0 255
P 73 74 255 0 255
P 74 74 255 0 255
P 75 74 255 0 255
P 76 74 255 0 255
P 77 74 255 0 255
P 78 74 255 0 255
P 79 74 255 0 255
P 80 74 255 255 0
P 81 74 255 255 0
P 82 74 255 255 0
P 83 74 255 255 0
P 84 74 255 255 0
P 85 74 255 255 0
P 86 74 255 255 0
P 87 74 255 255 0
P 88 74 255 0 0
P 89 74 255 0 0
P 90 74 255 0 0
P 91 74 255 0 0
P 92 74 255 0 0
P 93 74 255 0 0
P 94 74 255 0 0
P 95 74 255 0 0
P 96 74 255 0 0
P 97 74 255 0 255
P 98 74 255 0 255
P 99 74 255 0 255
P 100 74 255 0 255
P 101 74 255 0 255
P 102 74 255 0 255
P 103 74 255 0 255
P 104 74 255 0 255
P 105 74 255 255 0
P 106 74 255 255 0
P 107 74 255 255 0
P 108 74 255 255 0
P 109 74 255 255 0
P 110 74 255 255 0
P 111 74 255 255 0
P 112 74 255 255 0
P 113 74 255 255 0
P 114 74 0 255 255
P 115 74 0 255 255
P 116 74 0 255 255
P 117 74 0 255 255
P 118 74 0 255 255
P 119 74 0 255 255
P 120 74 0 255 255
P 121 74 0 255 255
P 122 74 255 0 0
P 123 74 255 0 0
P 124 74 255 0 0
P 125 74 255 0 0
P 126 74 255 0 0
P 127 74 255 0 0
P 128 74 255 0 0
P 129 74 255 0 0
P 130 74 255 0 0
P 131 74 255 0 255
P 132 74 255 0 255
P 133 74 255 0 255
P 134 74 255 0 255
P 135 74 255 0 255
P 136 74 255 0 255
P 137 74 255 0 255
P 138 74 255 0 255
P 139 74 0 255 0
P 140 74 0 255 0
P 141 74 0 255 0
P 142 74 0 255 0
P 143 74 0 255 0
P 144 74 0 255 0
P 145 74 0 255 0
P 146 74 0 255 0
P 147 74 0 255 0
P 148 74 0 255 255
P 149 74 0 255 255
P 150 74 0 255 255
P 151 74 0 255 255
P 152 74 0 255 255
P 153 74 0 255 255
P 154 74 0 255 255
P 155 74 0 255 255
P 156 74 255 0 0
P 157 74 255 0 0
P 158 74 255 0 0
P 159 74 255 0 0
P 160 74 255 0 0
P 161 74 255 0 0
P 162 74 255 0 0
P 163 74 255 0 0
P 164 74 255 0 0
P 165 74 255 0 255
P 166 74 255 0 255
P 167 74 255 0 255
P 168 74 255 0 255
P 169 74 255 0 255
P 170 74 255 0 255
P 171 74 255 0 255
P 172 74 255 0 255
P 173 74 0 255 0
P 174 74 0 255 0
P 175 74 0 255 0
P 176 74 0 255 0
P 177 74 0 255 0
P 178 74 0 255 0
P 179 74 0 255 0
P 180 74 0 255 0
P 181 74 0 255 0
P 182 74 0 255 255
P 183 74 0 255 255
P 184 74 0 255 255
P 185 74 0 255 255
P 186 74 0 255 255
P 187 74 0 255 255
P 188 74 0 255 255
P 189 74 0 255 255
P 190 74 255 0 0
P 191 74 255 0 0
P 192 74 255 0 0
P 193 74 255 0 0
P 194 74 255 0 0
P 195 74 255 0 0
P 196 74 255 0 0
P 197 74 255 0 0
P 198 74 255 0 0
P 199 74 255 0 255
P 200 74 255 0 255
P 201 74 255 0 255
P 202 74 255 0 255
P 203 74 255 0 255
P 204 74 255 0 255
P 205 74 255 0 255
P 206 74 255 0 255
P 207 74 0 255 0
P 208 74 0 255 0
P 209 74 0 255 0
P 210 74 0 255 0
P 211 74 0 255 0
P 212 74 0 255 0
P 213 74 0 255 0
P 214 74 0 255 0
P 215 74 0 255 0
P 216 74 0 255 255
P 217 74 0 255 255
P 218 74 0 255 255
P 219 74 0 255 255
P 220 74 0 255 255
P 221 74 0 255 255
P 222 74 0 255 255
P 223 74 0 255 255
P 224 74 255 0 0
P 225 74 255 0 0
P 226 74 255 0 0
P 227 74 255 0 0
P 228 74 255 0 0
P 229 74 255 0 0
P 230 74 255 0 0
P 231 74 255 0 0
P 232 74 255 0 0
P 233 74 255 0 255
P 234 74 255 0 255
P 235 74 255 0 255
P 236 74 255 0 255
P 237 74 255 0 255
P 238 74 255 0 255
P 239 74 255 0 255
P 240 74 255 0 255
P 241 74 0 255 0
P 242 74 0 255 0
P 243 74 0 255 0
P 244 74 0 255 0
P 245 74 0 255 0
P 246 74 0 255 0
P 247 74 0 255 0
P 248 74 0 255 0
P 249 74 0 255 0
P 250 74 0 255 255
P 251 74 0 255 255
P 252 74 0 255 255
P 253 74 0 255 255
P 254 74 0 255 255
P 255 74 0 255 255
P 256 74 0 255 255
P 257 74 0 255 255
P 258 74 255 0 0
P 259 74 255 0 0
P 260 74 255 0 0
P 261 74 255 0 0
P 262 74 255 0 0
P 263 74 255 0 0
P 264 74 255 0 0
P 265 74 255 0 0
P 266 74 255 0 0
P 267 74 255 0 255
P 268 74 255 0 255
P 269 74 255 0 255
P 270 74 255 0 255
P 271 74 255 0 255
P 272 74 255 0 255
P 273 74 255 0 255
P 274 74 255 0 255
P 275 74 0 255 0
P 276 74 0 255 0
P 277 74 0 255 0
P 278 74 0 255 0
P 279 74 0 255 0
P 280 74 0 255 0
P 281 74 0 255 0
P 282 74 0 255 0
P 283 74 0 255 0
P 284 74 0 255 255
P 285 74 0 255 255
P 286 74 0 255 255
P 287 74 0 255 255
P 288 74 0 255 255
P 289 74 0 255 255
P 290 74 0 255 255
P 291 74 0 255 255
P 20 75 255 0 0
P 21 75 255 0 0
P 22 75 255 0 0
P 23 75 255 0 0
P 24 75 255 0 0
P 25 75 255 0 0
P 26 75 255 0 0
P 27 75 255 0 0
P 28 75 255 0 0
P 29 75 255 0 0
P 30 75 255 0 0
P 31 75 0 0 255
P 32 75 0 0 255
P 33 75 0 0 255
P 34 75 0 0 255
P 35 75 0 0 255
P 36 75 0 0 255
P 37 75 255 255 0
P 38 75 255 255 0
P 39 75 255 255 0
P 40 75 255 255 0
P 41 75 255 255 0
P 42 75 255 255 0
P 43 75 255 255 0
P 44 75 255 255 0
P 45 75 255 255 0
P 46 75 255 255 0
P 47 75 255 255 0
P 48 75 255 0 255
P 49 75 255 0 255
P 50 75 255 0 255
P 51 75 255 0 255
P 52 75 255 0 255
P 53 75 255 0 255
P 54 75 255 0 0
P 55 75 255 0 0
P 56 75 255 0 0
P 57 75 255 0 0
P 58 75 255 0 0
P 59 75 255 0 0
P 60 75 255 0 0
P 61 75 255 0 0
P 62 75 255 0 0
P 63 75 255 0 0
P 64 75 255 0 0
P 65 75 0 255 0
P 66 75 0 255 0
P 67 75 0 255 0
P 68 75 0 255 0
P 69 75 0 255 0
P 70 75 0 255 0
P 71 75 255 0 255
P 72 75 255 0 255
P 73 75 255 0 255
P 74 75 255 0 255
P 75 75 255 0 255
P 76 75 255 0 255
P 77 75 255 0 255
P 78 75 255 0 255
P 79 75 255 0 255
P 80 75 255 0 255
P 81 75 255 0 255
P 82 75 255 255 0
P 83 75 255 255 0
P 84 75 255 255 0
P 85 75 255 255 0
P 86 75 255 255 0
P 87 75 255 255 0
P 88 75 255 0 0
P 89 75 255 0 0
P 90 75 255 0 0
P 91 75 255 0 0
P 92 75 255 0 0
P 93 75 255 0 0
P 94 75 255 0 0
P 95 75 255 0 0
P 96 75 255 0 0
P 97 75 255 0 0
P 98 75 255 0 0
P 99 75 255 0 255
P 100 75 255 0 255
P 101 75 255 0 255
P 102 75 255 0 255
P 103 75 255 0 255
P 104 75 255 0 255
P 105 75 255 255 0
P 106 75 255 255 0
P 107 75 255 255 0
P 108 75 255 255 0
P 109 75 255 255 0
P 110 75 255 255 0
P 111 75 255 255 0
P 112 75 255 255 0
P 113 75 255 255 0
P 114 75 255 255 0
P 115 75 0 255 255
P 116 75 0 255 255
P 117 75 0 255 255
P 118 75 0 255 255
P 119 75 0 255 255
P 120 75 0 255 255
P 121 75 0 255 255
P 122 75 255 0 0
P 123 75 255 0 0
P 124 75 255 0 0
P 125 75 255 0 0
P 126 75 255 0 0
P 127 75 255 0 0
P 128 75 255 0 0
P 129 75 255 0 0
P 130 75 255 0 0
P 131 75 255 0 0
P 132 75 255 0 255
P 133 75 255 0 255
P 134 75 255 0 255
P 135 75 255 0 255
P 136 75 255 0 255
P 137 75 255 0 255
P 138 75 255 0 255
P 139 75 0 255 0
P 140 75 0 255 0
P 141 75 0 255 0
P 142 75 0 255 0
P 143 75 0 255 0
P 144 75 0 255 0
P 145 75 0 255 0
P 146 75 0 255 0
P 147 75 0 255 0
P 148 75 0 255 0
P 149 75 0 255 0
P 150 75 0 255 255
P 151 75 0 255 255
P 152 75 0 255 255
P 153 75 0 255 255
P 154 75 0 255 255
P 155 75 0 255 255
P 156 75 255 0 0
P 157 75 255 0 0
P 158 75 255 0 0
P 159 75 255 0 0
P 160 75 255 0 0
P 161 75 255 0 0
P 162 75 255 0 0
P 163 75 255 0 0
P 164 75 255 0 0
P 165 75 255 0 0
P 166 75 255 0 0
P 167 75 255 0 255
P 168 75 255 0 255
P 169 75 255 0 255
P 170 75 255 0 255
P 171 75 255 0 255
P 172 75 255 0 255
P 173 75 0 255 0
P 174 75 0 255 0
P 175 75 0 255 0
P 176 75 0 255 0
P 177 75 0 255 0
P 178 75 0 255 0
P 179 75 0 255 0
P 180 75 0 255 0
P 181 75 0 255 0
P 182 75 0 255 0
P 183 75 0 255 255
P 184 75 0 255 255
P 185 75 0 255 255
P 186 75 0 255 255
P 187 75 0 255 255
P 188 75 0 255 255
P 189 75 0 255 255
P 190 75 255 0 0
P 191 75 255 0 0
P 192 75 255 0 0
P 193 75 255 0 0
P 194 75 255 0 0
P 195 75 255 0 0
P 196 75 255 0 0
P 197 75 255 0 0
P 198 75 255 0 0
P 199 75 255 0 0
P 200 75 255 0 255
P 201 75 255 0 255
P 202 75 255 0 255
P 203 75 255 0 255
P 204 75 255 0 255
P 205 75 255 0 255
P 206 75 255 0 255
P 207 75 0 255 0
P 208 75 0 255 0
P 209 75 0 255 0
P 210 75 0 255 0
P 211 75 0 255 0
P 212 75 0 255 0
P 213 75 0 255 0
P 214 75 0 255 0
P 215 75 0 255 0
P 216 75 0 255 0
P 217 75 0 255 0
P 218 75 0 255 255
P 219 75 0 255 255
P 220 75 0 255 255
P 221 75 0 255 255
P 222 75 0 255 255
P 223 75 0 255 255
P 224 75 255 0 0
P 225 75 255 0 0
P 226 75 255 0 0
P 227 75 255 0 0
P 228 75 255 0 0
P 229 75 255 0 0
P 230 75 255 0 0
P 231 75 255 0 0
P 232 75 255 0 0
P 233 75 255 0 0
P 234 75 255 0 255
P 235 75 255 0 255
P 236 75 255 0 255
P 237 75 255 0 255
P 238 75 255 0 255
P 239 75 255 0 255
P 240 75 255 0 255
P 241 75 0 255 0
P 242 75 0 255 0
P 243 75 0 255 0
P 244 75 0 255 0
P 245 75 0 255 0
P 246 75 0 255 0
P 247 75 0 255 0
P 248 75 0 255 0
P 249 75 0 255 0
P 250 75 0 255 0
P 251 75 0 255 0
P 252 75 0 255 255
P 253 75 0 255 255
P 254 75 0 255 255
P 255 75 0 255 255
P 256 75 0 255 255
P 257 75 0 255 255
P 258 75 255 0 0
P 259 75 255 0 0
P 260 75 255 0 0
P 261 75 255 0 0
P 262 75 255 0 0
P 263 75 255 0 0
P 264 75 255 0 0
P 265 75 255 0 0
P 266 75 255 0 0
P 267 75 255 0 0
P 268 75 255 0 0
P 269 75 255 0 255
P 270 75 255 0 255
P 271 75 255 0 255
P 272 75 255 0 255
P 273 75 255 0 255
P 274 75 255 0 255
P 275 75 0 255 0
P 276 75 0 255 0
P 277 75 0 255 0
P 278 75 0 255 0
P 279 75 0 255 0
P 280 75 0 255 0
P 281 75 0 255 0
P 282 75 0 255 0
P 283 75 0 255 0
P 284 75 0 255 0
P 285 75 0 255 255
P 286 75 0 255 255
P 287 75 0 255 255
P 288 75 0 255 255
P 289 75 0 255 255
P 290 75 0 255 255
P 291 75 0 255 255
P 20 76 255 0 0
P 21 76 255 0 0
P 22 76 255 0 0
P 23 76 255 0 0
P 24 76 255 0 0
P 25 76 255 0 0
P 26 76 255 0 0
P 27 76 255 0 0
P 28 76 255 0 0
P 29 76 255 0 0
P 30 76 255 0 0
P 31 76 255 0 0
P 32 76 0 0 255
P 33 76 0 0 255
P 34 76 0 0 255
P 35 76 0 0 255
P 36 76 0 0 255
P 37 76 255 255 0
P 38 76 255 255 0
P 39 76 255 255 0
P 40 76 255 255 0
P 41 76 255 255 0
P 42 76 255 255 0
P 43 76 255 255 0
P 44 76 255 255 0
P 45 76 255 255 0
P 46 76 255 255 0
P 47 76 255 255 0
P 48 76 255 255 0
P 49 76 255 0 255
P 50 76 255 0 255
P 51 76 255 0 255
P 52 76 255 0 255
P 53 76 255 0 255
P 54 76 255 0 0
P 55 76 255 0 0
P 56 76 255 0 0
P 57 76 255 0 0
P 58 76 255 0 0
P 59 76 255 0 0
P 60 76 255 0 0
P 61 76 255 0 0
P 62 76 255 0 0
P 63 76 255 0 0
P 64 76 255 0 0
P 65 76 255 0 0
P 66 76 0 255 0
P 67 76 0 255 0
P 68 76 0 255 0
P 69 76 0 255 0
P 70 76 0 255 0
P 71 76 255 0 255
P 72 76 255 0 255
P 73 76 255 0 255
P 74 76 255 0 255
P 75 76 255 0 255
P 76 76 255 0 255
P 77 76 255 0 255
P 78 76 255 0 255
P 79 76 255 0 255
P 80 76 255 0 255
P 81 76 255 0 255
P 82 76 255 0 255
P 83 76 255 255 0
P 84 76 255 255 0
P 85 76 255 255 0
P 86 76 255 255 0
P 87 76 255 255 0
P 88 76 255 0 0
P 89 76 255 0 0
P 90 76 255 0 0
P 91 76 255 0 0
P 92 76 255 0 0
P 93 76 255 0 0
P 94 76 255 0 0
P 95 76 255 0 0
P 96 76 255 0 0
P 97 76 255 0 0
P 98 76 255 0 0
P 99 76 255 0 0
P 100 76 255 0 255
P 101 76 255 0 255
P 102 76 255 0 255
P 103 76 255 0 255
P 104 76 255 0 255
P 105 76 255 255 0
P 106 76 255 255 0
P 107 76 255 255 0
P 108 76 255 255 0
P 109 76 255 255 0
P 110 76 255 255 0
P 111 76 255 255 0
P 112 76 255 255 0
P 113 76 255 255 0
P 114 76 255 255 0
P 115 76 255 255 0
P 116 76 255 255 0
P 117 76 0 255 255
P 118 76 0 255 255
P 119 76 0 255 255
P 120 76 0 255 255
P 121 76 0 255 255
P 122 76 255 0 0
P 123 76 255 0 0
P 124 76 255 0 0
P 125 76 255 0 0
P 126 76 255 0 0
P 127 76 255 0 0
P 128 76 255 0 0
P 129 76 255 0 0
P 130 76 255 0 0
P 131 76 255 0 0
P 132 76 255 0 0
P 133 76 255 0 0
P 134 76 255 0 255
P 135 76 255 0 255
P 136 76 255 0 255
P 137 76 255 0 255
P 138 76 255 0 255
P 139 76 0 255 0
P 140 76 0 255 0
P 141 76 0 255 0
P 142 76 0 255 0
P 143 76 0 255 0
P 144 76 0 255 0
P 145 76 0 255 0
P 146 76 0 255 0
P 147 76 0 255 0
P 148 76 0 255 0
P 149 76 0 255 0
P 150 76 0 255 0
P 151 76 0 255 255
P 152 76 0 255 255
P 153 76 0 255 255
P 154 76 0 255 255
P 155 76 0 255 255
P 156 76 255 0 0
P 157 76 255 0 0
P 158 76 255 0 0
P 159 76 255 0 0
P 160 76 255 0 0
P 161 76 255 0 0
P 162 76 255 0 0
P 163 76 255 0 0
P 164 76 255 0 0
P 165 76 255 0 0
P 166 76 255 0 0
P 167 76 255 0 0
P 168 76 255 0 255
P 169 76 255 0 255
P 170 76 255 0 255
P 171 76 255 0 255
P 172 76 255 0 255
P 173 76 0 255 0
P 174 76 0 255 0
P 175 76 0 255 0
P 176 76 0 255 0
P 177 76 0 255 0
P 178 76 0 255 0
P 179 76 0 255 0
P 180 76 0 255 0
P 181 76 0 255 0
P 182 76 0 255 0
P 183 76 0 255 0
P 184 76 0 255 0
P 185 76 0 255 255
P 186 76 0 255 255
P 187 76 0 255 255
P 188 76 0 255 255
P 189 76 0 255 255
P 190 76 255 0 0
P 191 76 255 0 0
P 192 76 255 0 0
P 193 76 255 0 0
P 194 76 255 0 0
P 195 76 255 0 0
P 196 76 255 0 0
P 197 76 255 0 0
P 198 76 255 0 0
P 199 76 255 0 0
P 200 76 255 0 0
P 201 76 255 0 0
P 202 76 255 0 255
P 203 76 255 0 255
P 204 76 255 0 255
P 205 76 255 0 255
P 206 76 255 0 255
P 207 76 0 255 0
P 208 76 0 255 0
P 209 76 0 255 0
P 210 76 0 255 0
P 211 76 0 255 0
P 212 76 0 255 0
P 213 76 0 255 0
P 214 76 0 255 0
P 215 76 0 255 0
P 216 76 0 255 0
P 217 76 0 255 0
P 218 76 0 255 0
P 219 76 0 255 255
P 220 76 0 255 255
P 221 76 0 255 255
P 222 76 0 255 255
P 223 76 0 255 255
P 224 76 255 0 0
P 225 76 255 0 0
P 226 76 255 0 0
P 227 76 255 0 0
P 228 76 255 0 0
P 229 76 255 0 0
P 230 76 255 0 0
P 231 76 255 0 0
P 232 76 255 0 0
P 233 76 255 0 0
P 234 76 255 0 0
P 235 76 255 0 0
P 236 76 255 0 255
P 237 76 255 0 255
P 238 76 255 0 255
P 239 76 255 0 255
P 240 76 255 0 255
P 241 76 0 255 0
P 242 76 0 255 0
P 243 76 0 255 0
P 244 76 0 255 0
P 245 76 0 255 0
P 246 76 0 255 0
P 247 76 0 255 0
P 248 76 0 255 0
P 249 76 0 255 0
P 250 76 0 255 0
P 251 76 0 255 0
P 252 76 0 255 0
P 253 76 0 255 255
P 254 76 0 255 255
P 255 76 0 255 255
P 256 76 0 255 255
P 257 76 0 255 255
P 258 76 255 0 0
P 259 76 255 0 0
P 260 76 255 0 0
P 261 76 255 0 0
P 262 76 255 0 0
P 263 76 255 0 0
P 264 76 255 0 0
P 265 76 255 0 0
P 266 76 255 0 0
P 267 76 255 0 0
P 268 76 255 0 0
P 269 76 255 0 0
P 270 76 255 0 255
P 271 76 255 0 255
P 272 76 255 0 255
P 273 76 255 0 255
P 274 76 255 0 255
P 275 76 0 255 0
P 276 76 0 255 0
P 277 76 0 255 0
P 278 76 0 255 0
P 279 76 0 255 0
P 280 76 0 255 0
P 281 76 0 255 0
P 282 76 0 255 0
P 283 76 0 255 0
P 284 76 0 255 0
P 285 76 0 255 0
P 286 76 0 255 0
P 287 76 0 255 255
P 288 76 0 255 255
P 289 76 0 255 255
P 290 76 0 255 255
P 291 76 0 255 255
P 20 77 255 0 0
P 21 77 255 0 0
P 22 77 255 0 0
P 23 77 255 0 0
P 24 77 255 0 0
P 25 77 255 0 0
P 26 77 255 0 0
P 27 77 255 0 0
P 28 77 255 0 0
P 29 77 255 0 0
P 30 77 255 0 0
P 31 77 255 0 0
P 32 77 255 0 0
P 33 77 0 0 255
P 34 77 0 0 255
P 35 77 0 0 255
P 36 77 0 0 255
P 37 77 255 255 0
P 38 77 255 255 0
P 39 77 255 255 0
P 40 77 255 255 0
P 41 77 255 255 0
P 42 77 255 255 0
P 43 77 255 255 0
P 44 77 255 255 0
P 45 77 255 255 0
P 46 77 255 255 0
P 47 77 255 255 0
P 48 77 255 255 0
P 49 77 255 255 0
P 50 77 255 0 255
P 51 77 255 0 255
P 52 77 255 0 255
P 53 77 255 0 255
P 54 77 255 0 0
P 55 77 255 0 0
P 56 77 255 0 0
P 57 77 255 0 0
P 58 77 255 0 0
P 59 77 255 0 0
P 60 77 255 0 0
P 61 77 255 0 0
P 62 77 255 0 0
P 63 77 255 0 0
P 64 77 255 0 0
P 65 77 255 0 0
P 66 77 255 0 0
P 67 77 0 255 0
P 68 77 0 255 0
P 69 77 0 255 0
P 70 77 0 255 0
P 71 77 255 0 255
P 72 77 255 0 255
P 73 77 255 0 255
P 74 77 255 0 255
P 75 77 255 0 255
P 76 77 255 0 255
P 77 77 255 0 255
P 78 77 255 0 255
P 79 77 255 0 255
P 80 77 255 0 255
P 81 77 255 0 255
P 82 77 255 0 255
P 83 77 255 0 255
P 84 77 255 255 0
P 85 77 255 255 0
P 86 77 255 255 0
P 87 77 255 255 0
P 88 77 255 0 0
P 89 77 255 0 0
P 90 77 255 0 0
P 91 77 255 0 0
P 92 77 255 0 0
P 93 77 255 0 0
P 94 77 255 0 0
P 95 77 255 0 0
P 96 77 255 0 0
P 97 77 255 0 0
P 98 77 255 0 0
P 99 77 255 0 0
P 100 77 255 0 0
P 101 77 255 0 255
P 102 77 255 0 255
P 103 77 255 0 255
P 104 77 255 0 255
P 105 77 255 255 0
P 106 77 255 255 0
P 107 77 255 255 0
P 108 77 255 255 0
P 109 77 255 255 0
P 110 77 255 255 0
P 111 77 255 255 0
P 112 77 255 255 0
P 113 77 255 255 0
P 114 77 255 255 0
P 115 77 255 255 0
P 116 77 255 255 0
P 117 77 255 255 0
P 118 77 0 255 255
P 119 77 0 255 255
P 120 77 0 255 255
P 121 77 0 255 255
P 122 77 255 0 0
P 123 77 255 0 0
P 124 77 255 0 0
P 125 77 255 0 0
P 126 77 255 0 0
P 127 77 255 0 0
P 128 77 255 0 0
P 129 77 255 0 0
P 130 77 255 0 0
P 131 77 255 0 0
P 132 77 255 0 0
P 133 77 255 0 0
P 134 77 255 0 0
P 135 77 255 0 255
P 136 77 255 0 255
P 137 77 255 0 255
P 138 77 255 0 255
P 139 77 0 255 0
P 140 77 0 255 0
P 141 77 0 255 0
P 142 77 0 255 0
P 143 77 0 255 0
P 144 77 0 255 0
P 145 77 0 255 0
P 146 77 0 255 0
P 147 77 0 255 0
P 148 77 0 255 0
P 149 77 0 255 0
P 150 77 0 255 0
P 151 77 0 255 0
P 152 77 0 255 255
P 153 77 0 255 255
P 154 77 0 255 255
P 155 77 0 255 255
P 156 77 255 0 0
P 157 77 255 0 0
P 158 77 255 0 0
P 159 77 255 0 0
P 160 77 255 0 0
P 161 77 255 0 0
P 162 77 255 0 0
P 163 77 255 0 0
P 164 77 255 0 0
P 165 77 255 0 0
P 166 77 255 0 0
P 167 77 255 0 0
P 168 77 255 0 0
P 169 77 255 0 0
P 170 77 255 0 255
P 171 77 255 0 255
P 172 77 255 0 255
P 173 77 0 255 0
P 174 77 0 255 0
P 175 77 0 255 0
P 176 77 0 255 0
P 177 77 0 255 0
P 178 77 0 255 0
P 179 77 0 255 0
P 180 77 0 255 0
P 181 77 0 255 0
P 182 77 0 255 0
P 183 77 0 255 0
P 184 77 0 255 0
P 185 77 0 255 0
P 186 77 0 255 255
P 187 77 0 255 255
P 188 77 0 255 255
P 189 77 0 255 255
P 190 77 255 0 0
P 191 77 255 0 0
P 192 77 255 0 0
P 193 77 255 0 0
P 194 77 255 0 0
P 195 77 255 0 0
P 196 77 255 0 0
P 197 77 255 0 0
P 198 77 255 0 0
P 199 77 255 0 0
P 200 77 255 0 0
P 201 77 255 0 0
P 202 77 255 0 0
P 203 77 255 0 255
P 204 77 255 0 255
P 205 77 255 0 255
P 206 77 255 0 255
P 207 77 0 255 0
P 208 77 0 255 0
P 209 77 0 255 0
P 210 77 0 255 0
P 211 77 0 255 0
P 212 77 0 255 0
P 213 77 0 255 0
P 214 77 0 255 0
P 215 77 0 255 0
P 216 77 0 255 0
P 217 77 0 255 0
P 218 77 0 255 0
P 219 77 0 255 0
P 220 77 0 255 255
P 221 77 0 255 255
P 222 77 0 255 255
P 223 77 0 255 255
P 224 77 255 0 0
P 225 77 255 0 0
P 226 77 255 0 0
P 227 77 255 0 0
P 228 77 255 0 0
P 229 77 255 0 0
P 230 77 255 0 0
P 231 77 255 0 0
P 232 77 255 0 0
P 233 77 255 0 0
P 234 77 255 0 0
P 235 77 255 0 0
P 236 77 255 0 0
P 237 77 255 0 255
P 238 77 255 0 255
P 239 77 255 0 255
P 240 77 255 0 255
P 241 77 0 255 0
P 242 77 0 255 0
P 243 77 0 255 0
P 244 77 0 255 0
P 245 77 0 255 0
P 246 77 0 255 0
P 247 77 0 255 0
P 248 77 0 255 0
P 249 77 0 255 0
P 250 77 0 255 0
P 251 77 0 255 0
P 252 77 0 255 0
P 253 77 0 255 0
P 254 77 0 255 0
P 255 77 0 255 255
P 256 77 0 255 255
P 257 77 0 255 255
P 258 77 255 0 0
P 259 77 255 0 0
P 260 77 255 0 0
P 261 77 255 0 0
P 262 77 255 0 0
P 263 77 255 0 0
P 264 77 255 0 0
P 265 77 255 0 0
P 266 77 255 0 0
P 267 77 255 0 0
P 268 77 255 0 0
P 269 77 255 0 0
P 270 77 255 0 0
P 271 77 255 0 255
P 272 77 255 0 255
P 273 77 255 0 255
P 274 77 255 0 255
P 275 77 0 255 0
P 276 77 0 255 0
P 277 77 0 255 0
P 278 77 0 255 0
P 279 77 0 255 0
P 280 77 0 255 0
P 281 77 0 255 0
P 282 77 0 255 0
P 283 77 0 255 0
P 284 77 0 255 0
P 285 77 0 255 0
P 286 77 0 255 0
P 287 77 0 255 0
P 288 77 0 255 255
P 289 77 0 255 255
P 290 77 0 255 255
P 291 77 0 255 255
P 20 78 255 0 0
P 21 78 255 0 0
P 22 78 255 0 0
P 23 78 255 0 0
P 24 78 255 0 0
P 25 78 255 0 0
P 26 78 255 0 0
P 27 78 255 0 0
P 28 78 255 0 0
P 29 78 255 0 0
P 30 78 255 0 0
P 31 78 255 0 0
P 32 78 255 0 0
P 33 78 255 0 0
P 34 78 255 0 0
P 35 78 0 0 255
P 36 78 0 0 255
P 37 78 255 255 0
P 38 78 255 255 0
P 39 78 255 255 0
P 40 78 255 255 0
P 41 78 255 255 0
P 42 78 255 255 0
P 43 78 255 255 0
P 44 78 255 255 0
P 45 78 255 255 0
P 46 78 255 255 0
P 47 78 255 255 0
P 48 78 255 255 0
P 49 78 255 255 0
P 50 78 255 255 0
P 51 78 255 255 0
P 52 78 255 0 255
P 53 78 255 0 255
P 54 78 255 0 0
P 55 78 255 0 0
P 56 78 255 0 0
P 57 78 255 0 0
P 58 78 255 0 0
P 59 78 255 0 0
P 60 78 255 0 0
P 61 78 255 0 0
P 62 78 255 0 0
P 63 78 255 0 0
P 64 78 255 0 0
P 65 78 255 0 0
P 66 78 255 0 0
P 67 78 255 0 0
P 68 78 255 0 0
P 69 78 0 255 0
P 70 78 0 255 0
P 71 78 255 0 255
P 72 78 255 0 255
P 73 78 255 0 255
P 74 78 255 0 255
P 75 78 255 0 255
P 76 78 255 0 255
P 77 78 255 0 255
P 78 78 255 0 255
P 79 78 255 0 255
P 80 78 255 0 255
P 81 78 255 0 255
P 82 78 255 0 255
P 83 78 255 0 255
P 84 78 255 0 255
P 85 78 255 0 255
P 86 78 255 255 0
P 87 78 255 255 0
P 88 78 255 0 0
P 89 78 255 0 0
P 90 78 255 0 0
P 91 78 255 0 0
P 92 78 255 0 0
P 93 78 255 0 0
P 94 78 255 0 0
P 95 78 255 0 0
P 96 78 255 0 0
P 97 78 255 0 0
P 98 78 255 0 0
P 99 78 255 0 0
P 100 78 255 0 0
P 101 78 255 0 0
P 102 78 255 0 0
P 103 78 255 0 255
P 104 78 255 0 255
P 105 78 255 255 0
P 106 78 255 255 0
P 107 78 255 255 0
P 108 78 255 255 0
P 109 78 255 255 0
P 110 78 255 255 0
P 111 78 255 255 0
P 112 78 255 255 0
P 113 78 255 255 0
P 114 78 255 255 0
P 115 78 255 255 0
P 116 78 255 255 0
P 117 78 255 255 0
P 118 78 255 255 0
P 119 78 255 255 0
P 120 78 0 255 255
P 121 78 0 255 255
P 122 78 255 0 0
P 123 78 255 0 0
P 124 78 255 0 0
P 125 78 255 0 0
P 126 78 255 0 0
P 127 78 255 0 0
P 128 78 255 0 0
P 129 78 255 0 0
P 130 78 255 0 0
P 131 78 255 0 0
P 132 78 255 0 0
P 133 78 255 0 0
P 134 78 255 0 0
P 135 78 255 0 0
P 136 78 255 0 0
P 137 78 255 0 255
P 138 78 255 0 255
P 139 78 0 255 0
P 140 78 0 255 0
P 141 78 0 255 0
P 142 78 0 255 0
P 143 78 0 255 0
P 144 78 0 255 0
P 145 78 0 255 0
P 146 78 0 255 0
P 147 78 0 255 0
P 148 78 0 255 0
P 149 78 0 255 0
P 150 78 0 255 0
P 151 78 0 255 0
P 152 78 0 255 0
P 153 78 0 255 0
P 154 78 0 255 255
P 155 78 0 255 255
P 156 78 255 0 0
P 157 78 255 0 0
P 158 78 255 0 0
P 159 78 255 0 0
P 160 78 255 0 0
P 161 78 255 0 0
P 162 78 255 0 0
P 163 78 255 0 0
P 164 78 255 0 0
P 165 78 255 0 0
P 166 78 255 0 0
P 167 78 255 0 0
P 168 78 255 0 0
P 169 78 255 0 0
P 170 78 255 0 0
P 171 78 255 0 255
P 172 78 255 0 255
P 173 78 0 255 0
P 174 78 0 255 0
P 175 78 0 255 0
P 176 78 0 255 0
P 177 78 0 255 0
P 178 78 0 255 0
P 179 78 0 255 0
P 180 78 0 255 0
P 181 78 0 255 0
P 182 78 0 255 0
P 183 78 0 255 0
P 184 78 0 255 0
P 185 78 0 255 0
P 186 78 0 255 0
P 187 78 0 255 0
P 188 78 0 255 255
P 189 78 0 255 255
P 190 78 255 0 0
P 191 78 255 0 0
P 192 78 255 0 0
P 193 78 255 0 0
P 194 78 255 0 0
P 195 78 255 0 0
P 196 78 255 0 0
P 197 78 255 0 0
P 198 78 255 0 0
P 199 78 255 0 0
P 200 78 255 0 0
P 201 78 255 0 0
P 202 78 255 0 0
P 203 78 255 0 0
P 204 78 255 0 0
P 205 78 255 0 255
P 206 78 255 0 255
P 207 78 0 255 0
P 208 78 0 255 0
P 209 78 0 255 0
P 210 78 0 255 0
P 211 78 0 255 0
P 212 78 0 255 0
P 213 78 0 255 0
P 214 78 0 255 0
P 215 78 0 255 0
P 216 78 0 255 0
P 217 78 0 255 0
P 218 78 0 255 0
P 219 78 0 255 0
P 220 78 0 255 0
P 221 78 0 255 0
P 222 78 0 255 255
P 223 78 0 255 255
P 224 78 255 0 0
P 225 78 255 0 0
P 226 78 255 0 0
P 227 78 255 0 0
P 228 78 255 0 0
P 229 78 255 0 0
P 230 78 255 0 0
P 231 78 255 0 0
P 232 78 255 0 0
P 233 78 255 0 0
P 234 78 255 0 0
P 235 78 255 0 0
P 236 78 255 0 0
P 237 78 255 0 0
P 238 78 255 0 0
P 239 78 255 0 255
P 240 78 255 0 255
P 241 78 0 255 0
P 242 78 0 255 0
P 243 78 0 255 0
P 244 78 0 255 0
P 245 78 0 255 0
P 246 78 0 255 0
P 247 78 0 255 0
P 248 78 0 255 0
P 249 78 0 255 0
P 250 78 0 255 0
P 251 78 0 255 0
P 252 78 0 255 0
P 253 78 0 255 0
P 254 78 0 255 0
P 255 78 0 255 0
P 256 78 0 255 255
P 257 78 0 255 255
P 258 78 255 0 0
P 259 78 255 0 0
P 260 78 255 0 0
P 261 78 255 0 0
P 262 78 255 0 0
P 263 78 255 0 0
P 264 78 255 0 0
P 265 78 255 0 0
P 266 78 255 0 0
P 267 78 255 0 0
P 268 78 255 0 0
P 269 78 255 0 0
P 270 78 255 0 0
P 271 78 255 0 0
P 272 78 255 0 0
P 273 78 255 0 255
P 274 78 255 0 255
P 275 78 0 255 0
P 276 78 0 255 0
P 277 78 0 255 0
P 278 78 0 255 0
P 279 78 0 255 0
P 280 78 0 255 0
P 281 78 0 255 0
P 282 78 0 255 0
P 283 78 0 255 0
P 284 78 0 255 0
P 285 78 0 255 0
P 286 78 0 255 0
P 287 78 0 255 0
P 288 78 0 255 0
P 289 78 0 255 0
P 290 78 0 255 255
P 291 78 0 255 255
P 20 79 255 0 0
P 21 79 255 0 0
P 22 79 255 0 0
P 23 79 255 0 0
P 24 79 255 0 0
P 25 79 255 0 0
P 26 79 255 0 0
P 27 79 255 0 0
P 28 79 255 0 0
P 29 79 255 0 0
P 30 79 255 0 0
P 31 79 255 0 0
P 32 79 255 0 0
P 33 79 255 0 0
P 34 79 255 0 0
P 35 79 255 0 0
P 36 79 0 0 255
P 37 79 255 255 0
P 38 79 255 255 0
P 39 79 255 255 0
P 40 79 255 255 0
P 41 79 255 255 0
P 42 79 255 255 0
P 43 79 255 255 0
P 44 79 255 255 0
P 45 79 255 255 0
P 46 79 255 255 0
P 47 79 255 255 0
P 48 79 255 255 0
P 49 79 255 255 0
P 50 79 255 255 0
P 51 79 255 255 0
P 52 79 255 255 0
P 53 79 255 0 255
P 54 79 255 0 0
P 55 79 255 0 0
P 56 79 255 0 0
P 57 79 255 0 0
P 58 79 255 0 0
P 59 79 255 0 0
P 60 79 255 0 0
P 61 79 255 0 0
P 62 79 255 0 0
P 63 79 255 0 0
P 64 79 255 0 0
P 65 79 255 0 0
P 66 79 255 0 0
P 67 79 255 0 0
P 68 79 255 0 0
P 69 79 255 0 0
P 70 79 0 255 0
P 71 79 255 0 255
P 72 79 255 0 255
P 73 79 255 0 255
P 74 79 255 0 255
P 75 79 255 0 255
P 76 79 255 0 255
P 77 79 255 0 255
P 78 79 255 0 255
P 79 79 255 0 255
P 80 79 255 0 255
P 81 79 255 0 255
P 82 79 255 0 255
P 83 79 255 0 255
P 84 79 255 0 255
P 85 79 255 0 255
P 86 79 255 0 255
P 87 79 255 255 0
P 88 79 255 0 0
P 89 79 255 0 0
P 90 79 255 0 0
P 91 79 255 0 0
P 92 79 255 0 0
P 93 79 255 0 0
P 94 79 255 0 0
P 95 79 255 0 0
P 96 79 255 0 0
P 97 79 255 0 0
P 98 79 255 0 0
P 99 79 255 0 0
P 100 79 255 0 0
P 101 79 255 0 0
P 102 79 255 0 0
P 103 79 255 0 0
P 104 79 255 0 255
P 105 79 255 255 0
P 106 79 255 255 0
P 107 79 255 255 0
P 108 79 255 255 0
P 109 79 255 255 0
P 110 79 255 255 0
P 111 79 255 255 0
P 112 79 255 255 0
P 113 79 255 255 0
P 114 79 255 255 0
P 115 79 255 255 0
P 116 79 255 255 0
P 117 79 255 255 0
P 118 79 255 255 0
P 119 79 255 255 0
P 120 79 255 255 0
P 121 79 0 255 255
P 122 79 255 0 0
P 123 79 255 0 0
P 124 79 255 0 0
P 125 79 255 0 0
P 126 79 255 0 0
P 127 79 255 0 0
P 128 79 255 0 0
P 129 79 255 0 0
P 130 79 255 0 0
P 131 79 255 0 0
P 132 79 255 0 0
P 133 79 255 0 0
P 134 79 255 0 0
P 135 79 255 0 0
P 136 79 255 0 0
P 137 79 255 0 0
P 138 79 255 0 255
P 139 79 0 255 0
P 140 79 0 255 0
P 141 79 0 255 0
P 142 79 0 255 0
P 143 79 0 255 0
P 144 79 0 255 0
P 145 79 0 255 0
P 146 79 0 255 0
P 147 79 0 255 0
P 148 79 0 255 0
P 149 79 0 255 0
P 150 79 0 255 0
P 151 79 0 255 0
P 152 79 0 255 0
P 153 79 0 255 0
P 154 79 0 255 0
P 155 79 0 255 255
P 156 79 255 0 0
P 157 79 255 0 0
P 158 79 255 0 0
P 159 79 255 0 0
P 160 79 255 0 0
P 161 79 255 0 0
P 162 79 255 0 0
P 163 79 255 0 0
P 164 79 255 0 0
P 165 79 255 0 0
P 166 79 255 0 0
P 167 79 255 0 0
P 168 79 255 0 0
P 169 79 255 0 0
P 170 79 255 0 0
P 171 79 255 0 0
P 172 79 255 0 0
P 173 79 0 255 0
P 174 79 0 255 0
P 175 79 0 255 0
P 176 79 0 255 0
P 177 79 0 255 0
P 178 79 0 255 0
P 179 79 0 255 0
P 180 79 0 255 0
P 181 79 0 255 0
P 182 79 0 255 0
P 183 79 0 255 0
P 184 79 0 255 0
P 185 79 0 255 0
P 186 79 0 255 0
P 187 79 0 255 0
P 188 79 0 255 0
P 189 79 0 255 255
P 190 79 255 0 0
P 191 79 255 0 0
P 192 79 255 0 0
P 193 79 255 0 0
P 194 79 255 0 0
P 195 79 255 0 0
P 196 79 255 0 0
P 197 79 255 0 0
P 198 79 255 0 0
P 199 79 255 0 0
P 200 79 255 0 0
P 201 79 255 0 0
P 202 79 255 0 0
P 203 79 255 0 0
P 204 79 255 0 0
P 205 79 255 0 0
P 206 79 255 0 255
P 207 79 0 255 0
P 208 79 0 255 0
P 209 79 0 255 0
P 210 79 0 255 0
P 211 79 0 255 0
P 212 79 0 255 0
P 213 79 0 255 0
P 214 79 0 255 0
P 215 79 0 255 0
P 216 79 0 255 0
P 217 79 0 255 0
P 218 79 0 255 0
P 219 79 0 255 0
P 220 79 0 255 0
P 221 79 0 255 0
P 222 79 0 255 0
P 223 79 0 255 255
P 224 79 255 0 0
P 225 79 255 0 0
P 226 79 255 0 0
P 227 79 255 0 0
P 228 79 255 0 0
P 229 79 255 0 0
P 230 79 255 0 0
P 231 79 255 0 0
P 232 79 255 0 0
P 233 79 255 0 0
P 234 79 255 0 0
P 235 79 255 0 0
P 236 79 255 0 0
P 237 79 255 0 0
P 238 79 255 0 0
P 239 79 255 0 0
P 240 79 255 0 255
P 241 79 0 255 0
P 242 79 0 255 0
P 243 79 0 255 0
P 244 79 0 255 0
P 245 79 0 255 0
P 246 79 0 255 0
P 247 79 0 255 0
P 248 79 0 255 0
P 249 79 0 255 0
P 250 79 0 255 0
P 251 79 0 255 0
P 252 79 0 255 0
P 253 79 0 255 0
P 254 79 0 255 0
P 255 79 0 255 0
P 256 79 0 255 0
P 257 79 0 255 255
P 258 79 255 0 0
P 259 79 255 0 0
P 260 79 255 0 0
P 261 79 255 0 0
P 262 79 255 0 0
P 263 79 255 0 0
P 264 79 255 0 0
P 265 79 255 0 0
P 266 79 255 0 0
P 267 79 255 0 0
P 268 79 255 0 0
P 269 79 255 0 0
P 270 79 255 0 0
P 271 79 255 0 0
P 272 79 255 0 0
P 273 79 255 0 0
P 274 79 255 0 255
P 275 79 0 255 0
P 276 79 0 255 0
P 277 79 0 255 0
P 278 79 0 255 0
P 279 79 0 255 0
P 280 79 0 255 0
P 281 79 0 255 0
P 282 79 0 255 0
P 283 79 0 255 0
P 284 79 0 255 0
P 285 79 0 255 0
P 286 79 0 255 0
P 287 79 0 255 0
P 288 79 0 255 0
P 289 79 0 255 0
P 290 79 0 255 0
P 291 79 0 255 255
P 20 80 0 255 0
P 21 80 0 255 0
P 22 80 0 255 0
P 23 80 0 255 0
P 24 80 0 255 0
P 25 80 0 255 0
P 26 80 0 255 0
P 27 80 0 255 0
P 28 80 0 255 0
P 29 80 0 255 0
P 30 80 0 255 0
P 31 80 0 255 0
P 32 80 0 255 0
P 33 80 0 255 0
P 34 80 0 255 0
P 35 80 0 255 0
P 36 80 0 255 0
P 37 80 255 0 255
P 38 80 0 255 255
P 39 80 0 255 255
P 40 80 0 255 255
P 41 80 0 255 255
P 42 80 0 255 255
P 43 80 0 255 255
P 44 80 0 255 255
P 45 80 0 255 255
P 46 80 0 255 255
P 47 80 0 255 255
P 48 80 0 255 255
P 49 80 0 255 255
P 50 80 0 255 255
P 51 80 0 255 255
P 52 80 0 255 255
P 53 80 0 255 255
P 54 80 0 255 0
P 55 80 0 0 255
P 56 80 0 0 255
P 57 80 0 0 255
P 58 80 0 0 255
P 59 80 0 0 255
P 60 80 0 0 255
P 61 80 0 0 255
P 62 80 0 0 255
P 63 80 0 0 255
P 64 80 0 0 255
P 65 80 0 0 255
P 66 80 0 0 255
P 67 80 0 0 255
P 68 80 0 0 255
P 69 80 0 0 255
P 70 80 0 0 255
P 71 80 255 255 0
P 72 80 0 255 255
P 73 80 0 255 255
P 74 80 0 255 255
P 75 80 0 255 255
P 76 80 0 255 255
P 77 80 0 255 255
P 78 80 0 255 255
P 79 80 0 255 255
P 80 80 0 255 255
P 81 80 0 255 255
P 82 80 0 255 255
P 83 80 0 255 255
P 84 80 0 255 255
P 85 80 0 255 255
P 86 80 0 255 255
P 87 80 0 255 255
P 88 80 0 0 255
P 89 80 0 255 0
P 90 80 0 255 0
P 91 80 0 255 0
P 92 80 0 255 0
P 93 80 0 255 0
P 94 80 0 255 0
P 95 80 0 255 0
P 96 80 0 255 0
P 97 80 0 255 0
P 98 80 0 255 0
P 99 80 0 255 0
P 100 80 0 255 0
P 101 80 0 255 0
P 102 80 0 255 0
P 103 80 0 255 0
P 104 80 0 255 0
P 105 80 0 255 255
P 106 80 0 0 255
P 107 80 0 0 255
P 108 80 0 0 255
P 109 80 0 0 255
P 110 80 0 0 255
P 111 80 0 0 255
P 112 80 0 0 255
P 113 80 0 0 255
P 114 80 0 0 255
P 115 80 0 0 255
P 116 80 0 0 255
P 117 80 0 0 255
P 118 80 0 0 255
P 119 80 0 0 255
P 120 80 0 0 255
P 121 80 0 0 255
P 122 80 0 255 0
P 123 80 255 255 255
P 124 80 255 255 255
P 125 80 255 255 255
P 126 80 255 255 255
P 127 80 255 255 255
P 128 80 255 255 255
P 129 80 255 255 255
P 130 80 255 255 255
P 131 80 255 255 255
P 132 80 255 255 255
P 133 80 255 255 255
P 134 80 255 255 255
P 135 80 255 255 255
P 136 80 255 255 255
P 137 80 255 255 255
P 138 80 255 255 255
P 139 80 255 255 0
P 140 80 0 0 255
P 141 80 0 0 255
P 142 80 0 0 255
P 143 80 0 0 255
P 144 80 0 0 255
P 145 80 0 0 255
P 146 80 0 0 255
P 147 80 0 0 255
P 148 80 0 0 255
P 149 80 0 0 255
P 150 80 0 0 255
P 151 80 0 0 255
P 152 80 0 0 255
P 153 80 0 0 255
P 154 80 0 0 255
P 155 80 0 0 255
P 156 80 255 255 0
P 157 80 255 255 0
P 158 80 255 255 0
P 159 80 255 255 0
P 160 80 255 255 0
P 161 80 255 255 0
P 162 80 255 255 0
P 163 80 255 255 0
P 164 80 255 255 0
P 165 80 255 255 0
P 166 80 255 255 0
P 167 80 255 255 0
P 168 80 255 255 0
P 169 80 255 255 0
P 170 80 255 255 0
P 171 80 255 255 0
P 172 80 255 255 0
P 173 80 0 255 255
P 174 80 0 0 255
P 175 80 0 0 255
P 176 80 0 0 255
P 177 80 0 0 255
P 178 80 0 0 255
P 179 80 0 0 255
P 180 80 0 0 255
P 181 80 0 0 255
P 182 80 0 0 255
P 183 80 0 0 255
P 184 80 0 0 255
P 185 80 0 0 255
P 186 80 0 0 255
P 187 80 0 0 255
P 188 80 0 0 255
P 189 80 0 0 255
P 190 80 255 0 255
P 191 80 255 255 0
P 192 80 255 255 0
P 193 80 255 255 0
P 194 80 255 255 0
P 195 80 255 255 0
P 196 80 255 255 0
P 197 80 255 255 0
P 198 80 255 255 0
P 199 80 255 255 0
P 200 80 255 255 0
P 201 80 255 255 0
P 202 80 255 255 0
P 203 80 255 255 0
P 204 80 255 255 0
P 205 80 255 255 0
P 206 80 255 255 0
P 207 80 0 255 255
P 208 80 0 0 255
P 209 80 0 0 255
P 210 80 0 0 255
P 211 80 0 0 255
P 212 80 0 0 255
P 213 80 0 0 255
P 214 80 0 0 255
P 215 80 0 0 255
P 216 80 0 0 255
P 217 80 0 0 255
P 218 80 0 0 255
P 219 80 0 0 255
P 220 80 0 0 255
P 221 80 0 0 255
P 222 80 0 0 255
P 223 80 0 0 255
P 224 80 255 255 0
P 225 80 255 255 0
P 226 80 255 255 0
P 227 80 255 255 0
P 228 80 255 255 0
P 229 80 255 255 0
P 230 80 255 255 0
P 231 80 255 255 0
P 232 80 255 255 0
P 233 80 255 255 0
P 234 80 255 255 0
P 235 80 255 255 0
P 236 80 255 255 0
P 237 80 255 255 0
P 238 80 255 255 0
P 239 80 255 255 0
P 240 80 255 255 0
P 241 80 0 0 255
P 242 80 0 0 255
P 243 80 0 0 255
P 244 80 0 0 255
P 245 80 0 0 255
P 246 80 0 0 255
P 247 80 0 0 255
P 248 80 0 0 255
P 249 80 0 0 255
P 250 80 0 0 255
P 251 80 0 0 255
P 252 80 0 0 255
P 253 80 0 0 255
P 254 80 0 0 255
P 255 80 0 0 255
P 256 80 0 0 255
P 257 80 0 0 255
P 258 80 255 0 255
P 259 80 255 255 0
P 260 80 255 255 0
P 261 80 255 255 0
P 262 80 255 255 0
P 263 80 255 255 0
P 264 80 255 255 0
P 265 80 255 255 0
P 266 80 255 255 0
P 267 80 255 255 0
P 268 80 255 255 0
P 269 80 255 255 0
P 270 80 255 255 0
P 271 80 255 255 0
P 272 80 255 255 0
P 273 80 255 255 0
P 274 80 255 255 0
P 275 80 0 255 255
P 276 80 0 0 255
P 277 80 0 0 255
P 278 80 0 0 255
P 279 80 0 0 255
P 280 80 0 0 255
P 281 80 0 0 255
P 282 80 0 0 255
P 283 80 0 0 255
P 284 80 0 0 255
P 285 80 0 0 255
P 286 80 0 0 255
P 287 80 0 0 255
P 288 80 0 0 255
P 289 80 0 0 255
P 290 80 0 0 255
P 291 80 0 0 255
P 20 81 0 0 255
P 21 81 0 0 255
P 22 81 0 255 0
P 23 81 0 255 0
P 24 81 0 255 0
P 25 81 0 255 0
P 26 81 0 255 0
P 27 81 0 255 0
P 28 81 0 255 0
P 29 81 0 255 0
P 30 81 0 255 0
P 31 81 0 255 0
P 32 81 0 255 0
P 33 81 0 255 0
P 34 81 0 255 0
P 35 81 0 255 0
P 36 81 0 255 0
P 37 81 255 0 255
P 38 81 255 0 255
P 39 81 0 255 255
P 40 81 0 255 255
P 41 81 0 255 255
P 42 81 0 255 255
P 43 81 0 255 255
P 44 81 0 255 255
P 45 81 0 255 255
P 46 81 0 255 255
P 47 81 0 255 255
P 48 81 0 255 255
P 49 81 0 255 255
P 50 81 0 255 255
P 51 81 0 255 255
P 52 81 0 255 255
P 53 81 0 255 255
P 54 81 0 255 0
P 55 81 0 255 0
P 56 81 0 0 255
P 57 81 0 0 255
P 58 81 0 0 255
P 59 81 0 0 255
P 60 81 0 0 255
P 61 81 0 0 255
P 62 81 0 0 255
P 63 81 0 0 255
P 64 81 0 0 255
P 65 81 0 0 255
P 66 81 0 0 255
P 67 81 0 0 255
P 68 81 0 0 255
P 69 81 0 0 255
P 70 81 0 0 255
P 71 81 255 255 0
P 72 81 255 255 0
P 73 81 0 255 255
P 74 81 0 255 255
P 75 81 0 255 255
P 76 81 0 255 255
P 77 81 0 255 255
P 78 81 0 255 255
P 79 81 0 255 255
P 80 81 0 255 255
P 81 81 0 255 255
P 82 81 0 255 255
P 83 81 0 255 255
P 84 81 0 255 255
P 85 81 0 255 255
P 86 81 0 255 255
P 87 81 0 255 255
P 88 81 0 0 255
P 89 81 0 0 255
P 90 81 0 255 0
P 91 81 0 255 0
P 92 81 0 255 0
P 93 81 0 255 0
P 94 81 0 255 0
P 95 81 0 255 0
P 96 81 0 255 0
P 97 81 0 255 0
P 98 81 0 255 0
P 99 81 0 255 0
P 100 81 0 255 0
P 101 81 0 255 0
P 102 81 0 255 0
P 103 81 0 255 0
P 104 81 0 255 0
P 105 81 0 255 255
P 106 81 0 255 255
P 107 81 0 0 255
P 108 81 0 0 255
P 109 81 0 0 255
P 110 81 0 0 255
P 111 81 0 0 255
P 112 81 0 0 255
P 113 81 0 0 255
P 114 81 0 0 255
P 115 81 0 0 255
P 116 81 0 0 255
P 117 81 0 0 255
P 118 81 0 0 255
P 119 81 0 0 255
P 120 81 0 0 255
P 121 81 0 0 255
P 122 81 0 255 0
P 123 81 0 255 0
P 124 81 255 255 255
P 125 81 255 255 255
P 126 81 255 255 255
P 127 81 255 255 255
P 128 81 255 255 255
P 129 81 255 255 255
P 130 81 255 255 255
P 131 81 255 255 255
P 132 81 255 255 255
P 133 81 255 255 255
P 134 81 255 255 255
P 135 81 255 255 255
P 136 81 255 255 255
P 137 81 255 255 255
P 138 81 255 255 255
P 139 81 255 255 0
P 140 81 255 255 0
P 141 81 0 0 255
P 142 81 0 0 255
P 143 81 0 0 255
P 144 81 0 0 255
P 145 81 0 0 255
P 146 81 0 0 255
P 147 81 0 0 255
P 148 81 0 0 255
P 149 81 0 0 255
P 150 81 0 0 255
P 151 81 0 0 255
P 152 81 0 0 255
P 153 81 0 0 255
P 154 81 0 0 255
P 155 81 0 0 255
P 156 81 255 0 255
P 157 81 255 0 255
P 158 81 255 255 0
P 159 81 255 255 0
P 160 81 255 255 0
P 161 81 255 255 0
P 162 81 255 255 0
P 163 81 255 255 0
P 164 81 255 255 0
P 165 81 255 255 0
P 166 81 255 255 0
P 167 81 255 255 0
P 168 81 255 255 0
P 169 81 255 255 0
P 170 81 255 255 0
P 171 81 255 255 0
P 172 81 255 255 0
P 173 81 0 255 255
P 174 81 0 255 255
P 175 81 0 0 255
P 176 81 0 0 255
P 177 81 0 0 255
P 178 81 0 0 255
P 179 81 0 0 255
P 180 81 0 0 255
P 181 81 0 0 255
P 182 81 0 0 255
P 183 81 0 0 255
P 184 81 0 0 255
P 185 81 0 0 255
P 186 81 0 0 255
P 187 81 0 0 255
P 188 81 0 0 255
P 189 81 0 0 255
P 190 81 255 0 255
P 191 81 255 0 255
P 192 81 255 255 0
P 193 81 255 255 0
P 194 81 255 255 0
P 195 81 255 255 0
P 196 81 255 255 0
P 197 81 255 255 0
P 198 81 255 255 0
P 199 81 255 255 0
P 200 81 255 255 0
P 201 81 255 255 0
P 202 81 255 255 0
P 203 81 255 255 0
P 204 81 255 255 0
P 205 81 255 255 0
P 206 81 255 255 0
P 207 81 0 255 255
P 208 81 0 255 255
P 209 81 0 0 255
P 210 81 0 0 255
P 211 81 0 0 255
P 212 81 0 0 255
P 213 81 0 0 255
P 214 81 0 0 255
P 215 81 0 0 255
P 216 81 0 0 255
P 217 81 0 0 255
P 218 81 0 0 255
P 219 81 0 0 255
P 220 81 0 0 255
P 221 81 0 0 255
P 222 81 0 0 255
P 223 81 0 0 255
P 224 81 255 0 255
P 225 81 255 0 255
P 226 81 255 255 0
P 227 81 255 255 0
P 228 81 255 255 0
P 229 81 255 255 0
P 230 81 255 255 0
P 231 81 255 255 0
P 232 81 255 255 0
P 233 81 255 255 0
P 234 81 255 255 0
P 235 81 255 255 0
P 236 81 255 255 0
P 237 81 255 255 0
P 238 81 255 255 0
P 239 81 255 255 0
P 240 81 255 255 0
P 241 81 0 255 255
P 242 81 0 255 255
P 243 81 0 0 255
P 244 81 0 0 255
P 245 81 0 0 255
P 246 81 0 0 255
P 247 81 0 0 255
P 248 81 0 0 255
P 249 81 0 0 255
P 250 81 0 0 255
P 251 81 0 0 255
P 252 81 0 0 255
P 253 81 0 0 255
P 254 81 0 0 255
P 255 81 0 0 255
P 256 81 0 0 255
P 257 81 0 0 255
P 258 81 255 0 255
P 259 81 255 0 255
P 260 81 255 255 0
P 261 81 255 255 0
P 262 81 255 255 0
P 263 81 255 255 0
P 264 81 255 255 0
P 265 81 255 255 0
P 266 81 255 255 0
P 267 81 255 255 0
P 268 81 255 255 0
P 269 81 255 255 0
P 270 81 255 255 0
P 271 81 255 255 0
P 272 81 255 255 0
P 273 81 255 255 0
P 274 81 255 255 0
P 275 81 0 255 255
P 276 81 0 255 255
P 277 81 0 0 255
P 278 81 0 0 255
P 279 81 0 0 255
P 280 81 0 0 255
P 281 81 0 0 255
P 282 81 0 0 255
P 283 81 0 0 255
P 284 81 0 0 255
P 285 81 0 0 255
P 286 81 0 0 255
P 287 81 0 0 255
P 288 81 0 0 255
P 289 81 0 0 255
P 290 81 0 0 255
P 291 81 0 0 255
P 20 82 0 0 255
P 21 82 0 0 255
P 22 82 0 0 255
P 23 82 0 255 0
P 24 82 0 255 0
P 25 82 0 255 0
P 26 82 0 255 0
P 27 82 0 255 0
P 28 82 0 255 0
P 29 82 0 255 0
P 30 82 0 255 0
P 31 82 0 255 0
P 32 82 0 255 0
P 33 82 0 255 0
P 34 82 0 255 0
P 35 82 0 255 0
P 36 82 0 255 0
P 37 82 255 0 255
P 38 82 255 0 255
P 39 82 255 0 255
P 40 82 0 255 255
P 41 82 0 255 255
P 42 82 0 255 255
P 43 82 0 255 255
P 44 82 0 255 255
P 45 82 0 255 255
P 46 82 0 255 255
P 47 82 0 255 255
P 48 82 0 255 255
P 49 82 0 255 255
P 50 82 0 255 255
P 51 82 0 255 255
P 52 82 0 255 255
P 53 82 0 255 255
P 54 82 0 255 0
P 55 82 0 255 0
P 56 82 0 255 0
P 57 82 0 255 0
P 58 82 0 0 255
P 59 82 0 0 255
P 60 82 0 0 255
P 61 82 0 0 255
P 62 82 0 0 255
P 63 82 0 0 255
P 64 82 0 0 255
P 65 82 0 0 255
P 66 82 0 0 255
P 67 82 0 0 255
P 68 82 0 0 255
P 69 82 0 0 255
P 70 82 0 0 255
P 71 82 255 255 0
P 72 82 255 255 0
P 73 82 255 255 0
P 74 82 0 255 255
P 75 82 0 255 255
P 76 82 0 255 255
P 77 82 0 255 255
P 78 82 0 255 255
P 79 82 0 255 255
P 80 82 0 255 255
P 81 82 0 255 255
P 82 82 0 255 255
P 83 82 0 255 255
P 84 82 0 255 255
P 85 82 0 255 255
P 86 82 0 255 255
P 87 82 0 255 255
P 88 82 0 0 255
P 89 82 0 0 255
P 90 82 0 0 255
P 91 82 0 255 0
P 92 82 0 255 0
P 93 82 0 255 0
P 94 82 0 255 0
P 95 82 0 255 0
P 96 82 0 255 0
P 97 82 0 255 0
P 98 82 0 255 0
P 99 82 0 255 0
P 100 82 0 255 0
P 101 82 0 255 0
P 102 82 0 255 0
P 103 82 0 255 0
P 104 82 0 255 0
P 105 82 0 255 255
P 106 82 0 255 255
P 107 82 0 255 255
P 108 82 0 255 255
P 109 82 0 0 255
P 110 82 0 0 255
P 111 82 0 0 255
P 112 82 0 0 255
P 113 82 0 0 255
P 114 82 0 0 255
P 115 82 0 0 255
P 116 82 0 0 255
P 117 82 0 0 255
P 118 82 0 0 255
P 119 82 0 0 255
P 120 82 0 0 255
P 121 82 0 0 255
P 122 82 0 255 0
P 123 82 0 255 0
P 124 82 0 255 0
P 125 82 255 255 255
P 126 82 255 255 255
P 127 82 255 255 255
P 128 82 255 255 255
P 129 82 255 255 255
P 130 82 255 255 255
P 131 82 255 255 255
P 132 82 255 255 255
P 133 82 255 255 255
P 134 82 255 255 255
P 135 82 255 255 255
P 136 82 255 255 255
P 137 82 255 255 255
P 138 82 255 255 255
P 139 82 255 255 0
P 140 82 255 255 0
P 141 82 255 255 0
P 142 82 0 0 255
P 143 82 0 0 255
P 144 82 0 0 255
P 145 82 0 0 255
P 146 82 0 0 255
P 147 82 0 0 255
P 148 82 0 0 255
P 149 82 0 0 255
P 150 82 0 0 255
P 151 82 0 0 255
P 152 82 0 0 255
P 153 82 0 0 255
P 154 82 0 0 255
P 155 82 0 0 255
P 156 82 255 0 255
P 157 82 255 0 255
P 158 82 255 0 255
P 159 82 255 255 0
P 160 82 255 255 0
P 161 82 255 255 0
P 162 82 255 255 0
P 163 82 255 255 0
P 164 82 255 255 0
P 165 82 255 255 0
P 166 82 255 255 0
P 167 82 255 255 0
P 168 82 255 255 0
P 169 82 255 255 0
P 170 82 255 255 0
P 171 82 255 255 0
P 172 82 255 255 0
P 173 82 0 255 255
P 174 82 0 255 255
P 175 82 0 255 255
P 176 82 0 255 255
P 177 82 0 0 255
P 178 82 0 0 255
P 179 82 0 0 255
P 180 82 0 0 255
P 181 82 0 0 255
P 182 82 0 0 255
P 183 82 0 0 255
P 184 82 0 0 255
P 185 82 0 0 255
P 186 82 0 0 255
P 187 82 0 0 255
P 188 82 0 0 255
P 189 82 0 0 255
P 190 82 255 0 255
P 191 82 255 0 255
P 192 82 255 0 255
P 193 82 255 255 0
P 194 82 255 255 0
P 195 82 255 255 0
P 196 82 255 255 0
P 197 82 255 255 0
P 198 82 255 255 0
P 199 82 255 255 0
P 200 82 255 255 0
P 201 82 255 255 0
P 202 82 255 255 0
P 203 82 255 255 0
P 204 82 255 255 0
P 205 82 255 255 0
P 206 82 255 255 0
P 207 82 0 255 255
P 208 82 0 255 255
P 209 82 0 255 255
P 210 82 0 0 255
P 211 82 0 0 255
P 212 82 0 0 255
P 213 82 0 0 255
P 214 82 0 0 255
P 215 82 0 0 255
P 216 82 0 0 255
P 217 82 0 0 255
P 218 82 0 0 255
P 219 82 0 0 255
P 220 82 0 0 255
P 221 82 0 0 255
P 222 82 0 0 255
P 223 82 0 0 255
P 224 82 255 0 255
P 225 82 255 0 255
P 226 82 255 0 255
P 227 82 255 255 0
P 228 82 255 255 0
P 229 82 255 255 0
P 230 82 255 255 0
P 231 82 255 255 0
P 232 82 255 255 0
P 233 82 255 255 0
P 234 82 255 255 0
P 235 82 255 255 0
P 236 82 255 255 0
P 237 82 255 255 0
P 238 82 255 255 0
P 239 82 255 255 0
P 240 82 255 255 0
P 241 82 0 255 255
P 242 82 0 255 255
P 243 82 0 255 255
P 244 82 0 0 255
P 245 82 0 0 255
P 246 82 0 0 255
P 247 82 0 0 255
P 248 82 0 0 255
P 249 82 0 0 255
P 250 82 0 0 255
P 251 82 0 0 255
P 252 82 0 0 255
P 253 82 0 0 255
P 254 82 0 0 255
P 255 82 0 0 255
P 256 82 0 0 255
P 257 82 0 0 255
P 258 82 255 0 255
P 259 82 255 0 255
P 260 82 255 0 255
P 261 82 255 0 255
P 262 82 255 255 0
P 263 82 255 255 0
P 264 82 255 255 0
P 265 82 255 255 0
P 266 82 255 255 0
P 267 82 255 255 0
P 268 82 255 255 0
P 269 82 255 255 0
P 270 82 255 255 0
P 271 82 255 255 0
P 272 82 255 255 0
P 273 82 255 255 0
P 274 82 255 255 0
P 275 82 0 255 255
P 276 82 0 255 255
P 277 82 0 255 255
P 278 82 0 255 255
P 279 82 0 0 255
P 280 82 0 0 255
P 281 82 0 0 255
P 282 82 0 0 255
P 283 82 0 0 255
P 284 82 0 0 255
P 285 82 0 0 255
P 286 82 0 0 255
P 287 82 0 0 255
P 288 82 0 0 255
P 289 82 0 0 255
P 290 82 0 0 255
P 291 82 0 0 255
P 20 83 0 0 255
P 21 83 0 0 255
P 22 83 0 0 255
P 23 83 0 0 255
P 24 83 0 0 255
P 25 83 0 255 0
P 26 83 0 255 0
P 27 83 0 255 0
P 28 83 0 255 0
P 29 83 0 255 0
P 30 83 0 255 0
P 31 83 0 255 0
P 32 83 0 255 0
P 33 83 0 255 0
P 34 83 0 255 0
P 35 83 0 255 0
P 36 83 0 255 0
P 37 83 255 0 255
P 38 83 255 0 255
P 39 83 255 0 255
P 40 83 255 0 255
P 41 83 255 0 255
P 42 83 0 255 255
P 43 83 0 255 255
P 44 83 0 255 255
P 45 83 0 255 255
P 46 83 0 255 255
P 47 83 0 255 255
P 48 83 0 255 255
P 49 83 0 255 255
P 50 83 0 255 255
P 51 83 0 255 255
P 52 83 0 255 255
P 53 83 0 255 255
P 54 83 0 255 0
P 55 83 0 255 0
P 56 83 0 255 0
P 57 83 0 255 0
P 58 83 0 255 0
P 59 83 0 0 255
P 60 83 0 0 255
P 61 83 0 0 255
P 62 83 0 0 255
P 63 83 0 0 255
P 64 83 0 0 255
P 65 83 0 0 255
P 66 83 0 0 255
P 67 83 0 0 255
P 68 83 0 0 255
P 69 83 0 0 255
P 70 83 0 0 255
P 71 83 255 255 0
P 72 83 255 255 0
P 73 83 255 255 0
P 74 83 255 255 0
P 75 83 255 255 0
P 76 83 0 255 255
P 77 83 0 255 255
P 78 83 0 255 255
P 79 83 0 255 255
P 80 83 0 255 255
P 81 83 0 255 255
P 82 83 0 255 255
P 83 83 0 255 255
P 84 83 0 255 255
P 85 83 0 255 255
P 86 83 0 255 255
P 87 83 0 255 255
P 88 83 0 0 255
P 89 83 0 0 255
P 90 83 0 0 255
P 91 83 0 0 255
P 92 83 0 0 255
P 93 83 0 255 0
P 94 83 0 255 0
P 95 83 0 255 0
P 96 83 0 255 0
P 97 83 0 255 0
P 98 83 0 255 0
P 99 83 0 255 0
P 100 83 0 255 0
P 101 83 0 255 0
P 102 83 0 255 0
P 103 83 0 255 0
P 104 83 0 255 0
P 105 83 0 255 255
P 106 83 0 255 255
P 107 83 0 255 255
P 108 83 0 255 255
P 109 83 0 255 255
P 110 83 0 0 255
P 111 83 0 0 255
P 112 83 0 0 255
P 113 83 0 0 255
P 114 83 0 0 255
P 115 83 0 0 255
P 116 83 0 0 255
P 117 83 0 0 255
P 118 83 0 0 255
P 119 83 0 0 255
P 120 83 0 0 255
P 121 83 0 0 255
P 122 83 0 255 0
P 123 83 0 255 0
P 124 83 0 255 0
P 125 83 0 255 0
P 126 83 0 255 0
P 127 83 255 255 255
P 128 83 255 255 255
P 129 83 255 255 255
P 130 83 255 255 255
P 131 83 255 255 255
P 132 83 255 255 255
P 133 83 255 255 255
P 134 83 255 255 255
P 135 83 255 255 255
P 136 83 255 255 255
P 137 83 255 255 255
P 138 83 255 255 255
P 139 83 255 255 0
P 140 83 255 255 0
P 141 83 255 255 0
P 142 83 255 255 0
P 143 83 255 255 0
P 144 83 0 0 255
P 145 83 0 0 255
P 146 83 0 0 255
P 147 83 0 0 255
P 148 83 0 0 255
P 149 83 0 0 255
P 150 83 0 0 255
P 151 83 0 0 255
P 152 83 0 0 255
P 153 83 0 0 255
P 154 83 0 0 255
P 155 83 0 0 255
P 156 83 255 0 255
P 157 83 255 0 255
P 158 83 255 0 255
P 159 83 255 0 255
P 160 83 255 0 255
P 161 83 255 255 0
P 162 83 255 255 0
P 163 83 255 255 0
P 164 83 255 255 0
P 165 83 255 255 0
P 166 83 255 255 0
P 167 83 255 255 0
P 168 83 255 255 0
P 169 83 255 255 0
P 170 83 255 255 0
P 171 83 255 255 0
P 172 83 255 255 0
P 173 83 0 255 255
P 174 83 0 255 255
P 175 83 0 255 255
P 176 83 0 255 255
P 177 83 0 255 255
P 178 83 0 0 255
P 179 83 0 0 255
P 180 83 0 0 255
P 181 83 0 0 255
P 182 83 0 0 255
P 183 83 0 0 255
P 184 83 0 0 255
P 185 83 0 0 255
P 186 83 0 0 255
P 187 83 0 0 255
P 188 83 0 0 255
P 189 83 0 0 255
P 190 83 255 0 255
P 191 83 255 0 255
P 192 83 255 0 255
P 193 83 255 0 255
P 194 83 255 0 255
P 195 83 255 255 0
P 196 83 255 255 0
P 197 83 255 255 0
P 198 83 255 255 0
P 199 83 255 255 0
P 200 83 255 255 0
P 201 83 255 255 0
P 202 83 255 255 0
P 203 83 255 255 0
P 204 83 255 255 0
P 205 83 255 255 0
P 206 83 255 255 0
P 207 83 0 255 255
P 208 83 0 255 255
P 209 83 0 255 255
P 210 83 0 255 255
P 211 83 0 255 255
P 212 83 0 0 255
P 213 83 0 0 255
P 214 83 0 0 255
P 215 83 0 0 255
P 216 83 0 0 255
P 217 83 0 0 255
P 218 83 0 0 255
P 219 83 0 0 255
P 220 83 0 0 255
P 221 83 0 0 255
P 222 83 0 0 255
P 223 83 0 0 255
P 224 83 255 0 255
P 225 83 255 0 255
P 226 83 255 0 255
P 227 83 255 0 255
P 228 83 255 0 255
P 229 83 255 255 0
P 230 83 255 255 0
P 231 83 255 255 0
P 232 83 255 255 0
P 233 83 255 255 0
P 234 83 255 255 0
P 235 83 255 255 0
P 236 83 255 255 0
P 237 83 255 255 0
P 238 83 255 255 0
P 239 83 255 255 0
P 240 83 255 255 0
P 241 83 0 255 255
P 242 83 0 255 255
P 243 83 0 255 255
P 244 83 0 255 255
P 245 83 0 255 255
P 246 83 0 0 255
P 247 83 0 0 255
P 248 83 0 0 255
P 249 83 0 0 255
P 250 83 0 0 255
P 251 83 0 0 255
P 252 83 0 0 255
P 253 83 0 0 255
P 254 83 0 0 255
P 255 83 0 0 255
P 256 83 0 0 255
P 257 83 0 0 255
P 258 83 255 0 255
P 259 83 255 0 255
P 260 83 255 0 255
P 261 83 255 0 255
P 262 83 255 0 255
P 263 83 255 255 0
P 264 83 255 255 0
P 265 83 255 255 0
P 266 83 255 255 0
P 267 83 255 255 0
P 268 83 255 255 0
P 269 83 255 255 0
P 270 83 255 255 0
P 271 83 255 255 0
P 272 83 255 255 0
P 273 83 255 255 0
P 274 83 255 255 0
P 275 83 0 255 255
P 276 83 0 255 255
P 277 83 0 255 255
P 278 83 0 255 255
P 279 83 0 255 255
P 280 83 0 0 255
P 281 83 0 0 255
P 282 83 0 0 255
P 283 83 0 0 255
P 284 83 0 0 255
P 285 83 0 0 255
P 286 83 0 0 255
P 287 83 0 0 255
P 288 83 0 0 255
P 289 83 0 0 255
P 290 83 0 0 255
P 291 83 0 0 255
P 20 84 0 0 255
P 21 84 0 0 255
P 22 84 0 0 255
P 23 84 0 0 255
P 24 84 0 0 255
P 25 84 0 0 255
P 26 84 0 255 0
P 27 84 0 255 0
P 28 84 0 255 0
P 29 84 0 255 0
P 30 84 0 255 0
P 31 84 0 255 0
P 32 84 0 255 0
P 33 84 0 255 0
P 34 84 0 255 0
P 35 84 0 255 0
P 36 84 0 255 0
P 37 84 255 0 255
P 38 84 255 0 255
P 39 84 255 0 255
P 40 84 255 0 255
P 41 84 255 0 255
P 42 84 255 0 255
P 43 84 0 255 255
P 44 84 0 255 255
P 45 84 0 255 255
P 46 84 0 255 255
P 47 84 0 255 255
P 48 84 0 255 255
P 49 84 0 255 255
P 50 84 0 255 255
P 51 84 0 255 255
P 52 84 0 255 255
P 53 84 0 255 255
P 54 84 0 255 0
P 55 84 0 255 0
P 56 84 0 255 0
P 57 84 0 255 0
P 58 84 0 255 0
P 59 84 0 255 0
P 60 84 0 0 255
P 61 84 0 0 255
P 62 84 0 0 255
P 63 84 0 0 255
P 64 84 0 0 255
P 65 84 0 0 255
P 66 84 0 0 255
P 67 84 0 0 255
P 68 84 0 0 255
P 69 84 0 0 255
P 70 84 0 0 255
P 71 84 255 255 0
P 72 84 255 255 0
P 73 84 255 255 0
P 74 84 255 255 0
P 75 84 255 255 0
P 76 84 255 255 0
P 77 84 0 255 255
P 78 84 0 255 255
P 79 84 0 255 255
P 80 84 0 255 255
P 81 84 0 255 255
P 82 84 0 255 255
P 83 84 0 255 255
P 84 84 0 255 255
P 85 84 0 255 255
P 86 84 0 255 255
P 87 84 0 255 255
P 88 84 0 0 255
P 89 84 0 0 255
P 90 84 0 0 255
P 91 84 0 0 255
P 92 84 0 0 255
P 93 84 0 0 255
P 94 84 0 255 0
P 95 84 0 255 0
P 96 84 0 255 0
P 97 84 0 255 0
P 98 84 0 255 0
P 99 84 0 255 0
P 100 84 0 255 0
P 101 84 0 255 0
P 102 84 0 255 0
P 103 84 0 255 0
P 104 84 0 255 0
P 105 84 0 255 255
P 106 84 0 255 255
P 107 84 0 255 255
P 108 84 0 255 255
P 109 84 0 255 255
P 110 84 0 255 255
P 111 84 0 0 255
P 112 84 0 0 255
P 113 84 0 0 255
P 114 84 0 0 255
P 115 84 0 0 255
P 116 84 0 0 255
P 117 84 0 0 255
P 118 84 0 0 255
P 119 84 0 0 255
P 120 84 0 0 255
P 121 84 0 0 255
P 122 84 0 255 0
P 123 84 0 255 0
P 124 84 0 255 0
P 125 84 0 255 0
P 126 84 0 255 0
P 127 84 0 255 0
P 128 84 255 255 255
P 129 84 255 255 255
P 130 84 255 255 255
P 131 84 255 255 255
P 132 84 255 255 255
P 133 84 255 255 255
P 134 84 255 255 255
P 135 84 255 255 255
P 136 84 255 255 255
P 137 84 255 255 255
P 138 84 255 255 255
P 139 84 255 255 0
P 140 84 255 255 0
P 141 84 255 255 0
P 142 84 255 255 0
P 143 84 255 255 0
P 144 84 255 255 0
P 145 84 0 0 255
P 146 84 0 0 255
P 147 84 0 0 255
P 148 84 0 0 255
P 149 84 0 0 255
P 150 84 0 0 255
P 151 84 0 0 255
P 152 84 0 0 255
P 153 84 0 0 255
P 154 84 0 0 255
P 155 84 0 0 255
P 156 84 255 0 255
P 157 84 255 0 255
P 158 84 255 0 255
P 159 84 255 0 255
P 160 84 255 0 255
P 161 84 255 0 255
P 162 84 255 255 0
P 163 84 255 255 0
P 164 84 255 255 0
P 165 84 255 255 0
P 166 84 255 255 0
P 167 84 255 255 0
P 168 84 255 255 0
P 169 84 255 255 0
P 170 84 255 255 0
P 171 84 255 255 0
P 172 84 255 255 0
P 173 84 0 255 255
P 174 84 0 255 255
P 175 84 0 255 255
P 176 84 0 255 255
P 177 84 0 255 255
P 178 84 0 255 255
P 179 84 0 0 255
P 180 84 0 0 255
P 181 84 0 0 255
P 182 84 0 0 255
P 183 84 0 0 255
P 184 84 0 0 255
P 185 84 0 0 255
P 186 84 0 0 255
P 187 84 0 0 255
P 188 84 0 0 255
P 189 84 0 0 255
P 190 84 255 0 255
P 191 84 255 0 255
P 192 84 255 0 255
P 193 84 255 0 255
P 194 84 255 0 255
P 195 84 255 0 255
P 196 84 255 255 0
P 197 84 255 255 0
P 198 84 255 255 0
P 199 84 255 255 0
P 200 84 255 255 0
P 201 84 255 255 0
P 202 84 255 255 0
P 203 84 255 255 0
P 204 84 255 255 0
P 205 84 255 255 0
P 206 84 255 255 0
P 207 84 0 255 255
P 208 84 0 255 255
P 209 84 0 255 255
P 210 84 0 255 255
P 211 84 0 255 255
P 212 84 0 255 255
P 213 84 0 0 255
P 214 84 0 0 255
P 215 84 0 0 255
P 216 84 0 0 255
P 217 84 0 0 255
P 218 84 0 0 255
P 219 84 0 0 255
P 220 84 0 0 255
P 221 84 0 0 255
P 222 84 0 0 255
P 223 84 0 0 255
P 224 84 255 0 255
P 225 84 255 0 255
P 226 84 255 0 255
P 227 84 255 0 255
P 228 84 255 0 255
P 229 84 255 0 255
P 230 84 255 255 0
P 231 84 255 255 0
P 232 84 255 255 0
P 233 84 255 255 0
P 234 84 255 255 0
P 235 84 255 255 0
P 236 84 255 255 0
P 237 84 255 255 0
P 238 84 255 255 0
P 239 84 255 255 0
P 240 84 255 255 0
P 241 84 0 255 255
P 242 84 0 255 255
P 243 84 0 255 255
P 244 84 0 255 255
P 245 84 0 255 255
P 246 84 0 255 255
P 247 84 0 0 255
P 248 84 0 0 255
P 249 84 0 0 255
P 250 84 0 0 255
P 251 84 0 0 255
P 252 84 0 0 255
P 253 84 0 0 255
P 254 84 0 0 255
P 255 84 0 0 255
P 256 84 0 0 255
P 257 84 0 0 255
P 258 84 255 0 255
P 259 84 255 0 255
P 260 84 255 0 255
P 261 84 255 0 255
P 262 84 255 0 255
P 263 84 255 0 255
P 264 84 255 255 0
P 265 84 255 255 0
P 266 84 255 255 0
P 267 84 255 255 0
P 268 84 255 255 0
P 269 84 255 255 0
P 270 84 255 255 0
P 271 84 255 255 0
P 272 84 255 255 0
P 273 84 255 255 0
P 274 84 255 255 0
P 275 84 0 255 255
P 276 84 0 255 255
P 277 84 0 255 255
P 278 84 0 255 255
P 279 84 0 255 255
P 280 84 0 255 255
P 281 84 0 255 255
P 282 84 0 0 255
P 283 84 0 0 255
P 284 84 0 0 255
P 285 84 0 0 255
P 286 84 0 0 255
P 287 84 0 0 255
P 288 84 0 0 255
P 289 84 0 0 255
P 290 84 0 0 255
P 291 84 0 0 255
P 20 85 0 0 255
P 21 85 0 0 255
P 22 85 0 0 255
P 23 85 0 0 255
P 24 85 0 0 255
P 25 85 0 0 255
P 26 85 0 0 255
P 27 85 0 255 0
P 28 85 0 255 0
P 29 85 0 255 0
P 30 85 0 255 0
P 31 85 0 255 0
P 32 85 0 255 0
P 33 85 0 255 0
P 34 85 0 255 0
P 35 85 0 255 0
P 36 85 0 255 0
P 37 85 255 0 255
P 38 85 255 0 255
P 39 85 255 0 255
P 40 85 255 0 255
P 41 85 255 0 255
P 42 85 255 0 255
P 43 85 255 0 255
P 44 85 255 0 255
P 45 85 0 255 255
P 46 85 0 255 255
P 47 85 0 255 255
P 48 85 0 255 255
P 49 85 0 255 255
P 50 85 0 255 255
P 51 85 0 255 255
P 52 85 0 255 255
P 53 85 0 255 255
P 54 85 0 255 0
P 55 85 0 255 0
P 56 85 0 255 0
P 57 85 0 255 0
P 58 85 0 255 0
P 59 85 0 255 0
P 60 85 0 255 0
P 61 85 0 255 0
P 62 85 0 0 255
P 63 85 0 0 255
P 64 85 0 0 255
P 65 85 0 0 255
P 66 85 0 0 255
P 67 85 0 0 255
P 68 85 0 0 255
P 69 85 0 0 255
P 70 85 0 0 255
P 71 85 255 255 0
P 72 85 255 255 0
P 73 85 255 255 0
P 74 85 255 255 0
P 75 85 255 255 0
P 76 85 255 255 0
P 77 85 255 255 0
P 78 85 255 255 0
P 79 85 0 255 255
P 80 85 0 255 255
P 81 85 0 255 255
P 82 85 0 255 255
P 83 85 0 255 255
P 84 85 0 255 255
P 85 85 0 255 255
P 86 85 0 255 255
P 87 85 0 255 255
P 88 85 0 0 255
P 89 85 0 0 255
P 90 85 0 0 255
P 91 85 0 0 255
P 92 85 0 0 255
P 93 85 0 0 255
P 94 85 0 0 255
P 95 85 0 0 255
P 96 85 0 255 0
P 97 85 0 255 0
P 98 85 0 255 0
P 99 85 0 255 0
P 100 85 0 255 0
P 101 85 0 255 0
P 102 85 0 255 0
P 103 85 0 255 0
P 104 85 0 255 0
P 105 85 0 255 255
P 106 85 0 255 255
P 107 85 0 255 255
P 108 85 0 255 255
P 109 85 0 255 255
P 110 85 0 255 255
P 111 85 0 255 255
P 112 85 0 255 255
P 113 85 0 0 255
P 114 85 0 0 255
P 115 85 0 0 255
P 116 85 0 0 255
P 117 85 0 0 255
P 118 85 0 0 255
P 119 85 0 0 255
P 120 85 0 0 255
P 121 85 0 0 255
P 122 85 0 255 0
P 123 85 0 255 0
P 124 85 0 255 0
P 125 85 0 255 0
P 126 85 0 255 0
P 127 85 0 255 0
P 128 85 0 255 0
P 129 85 255 255 255
P 130 85 255 255 255
P 131 85 255 255 255
P 132 85 255 255 255
P 133 85 255 255 255
P 134 85 255 255 255
P 135 85 255 255 255
P 136 85 255 255 255
P 137 85 255 255 255
P 138 85 255 255 255
P 139 85 255 255 0
P 140 85 255 255 0
P 141 85 255 255 0
P 142 85 255 255 0
P 143 85 255 255 0
P 144 85 255 255 0
P 145 85 255 255 0
P 146 85 255 255 0
P 147 85 0 0 255
P 148 85 0 0 255
P 149 85 0 0 255
P 150 85 0 0 255
P 151 85 0 0 255
P 152 85 0 0 255
P 153 85 0 0 255
P 154 85 0 0 255
P 155 85 0 0 255
P 156 85 255 0 255
P 157 85 255 0 255
P 158 85 255 0 255
P 159 85 255 0 255
P 160 85 255 0 255
P 161 85 255 0 255
P 162 85 255 0 255
P 163 85 255 0 255
P 164 85 255 255 0
P 165 85 255 255 0
P 166 85 255 255 0
P 167 85 255 255 0
P 168 85 255 255 0
P 169 85 255 255 0
P 170 85 255 255 0
P 171 85 255 255 0
P 172 85 255 255 0
P 173 85 0 255 255
P 174 85 0 255 255
P 175 85 0 255 255
P 176 85 0 255 255
P 177 85 0 255 255
P 178 85 0 255 255
P 179 85 0 255 255
P 180 85 0 255 255
P 181 85 0 0 255
P 182 85 0 0 255
P 183 85 0 0 255
P 184 85 0 0 255
P 185 85 0 0 255
P 186 85 0 0 255
P 187 85 0 0 255
P 188 85 0 0 255
P 189 85 0 0 255
P 190 85 255 0 255
P 191 85 255 0 255
P 192 85 255 0 255
P 193 85 255 0 255
P 194 85 255 0 255
P 195 85 255 0 255
P 196 85 255 0 255
P 197 85 255 0 255
P 198 85 255 255 0
P 199 85 255 255 0
P 200 85 255 255 0
P 201 85 255 255 0
P 202 85 255 255 0
P 203 85 255 255 0
P 204 85 255 255 0
P 205 85 255 255 0
P 206 85 255 255 0
P 207 85 0 255 255
P 208 85 0 255 255
P 209 85 0 255 255
P 210 85 0 255 255
P 211 85 0 255 255
P 212 85 0 255 255
P 213 85 0 255 255
P 214 85 0 255 255
P 215 85 0 0 255
P 216 85 0 0 255
P 217 85 0 0 255
P 218 85 0 0 255
P 219 85 0 0 255
P 220 85 0 0 255
P 221 85 0 0 255
P 222 85 0 0 255
P 223 85 0 0 255
P 224 85 255 0 255
P 225 85 255 0 255
P 226 85 255 0 255
P 227 85 255 0 255
P 228 85 255 0 255
P 229 85 255 0 255
P 230 85 255 0 255
P 231 85 255 0 255
P 232 85 255 255 0
P 233 85 255 255 0
P 234 85 255 255 0
P 235 85 255 255 0
P 236 85 255 255 0
P 237 85 255 255 0
P 238 85 255 255 0
P 239 85 255 255 0
P 240 85 255 255 0
P 241 85 0 255 255
P 242 85 0 255 255
P 243 85 0 255 255
P 244 85 0 255 255
P 245 85 0 255 255
P 246 85 0 255 255
P 247 85 0 255 255
P 248 85 0 255 255
P 249 85 0 0 255
P 250 85 0 0 255
P 251 85 0 0 255
P 252 85 0 0 255
P 253 85 0 0 255
P 254 85 0 0 255
P 255 85 0 0 255
P 256 85 0 0 255
P 257 85 0 0 255
P 258 85 255 0 255
P 259 85 255 0 255
P 260 85 255 0 255
P 261 85 255 0 255
P 262 85 255 0 255
P 263 85 255 0 255
P 264 85 255 0 255
P 265 85 255 0 255
P 266 85 255 255 0
P 267 85 255 255 0
P 268 85 255 255 0
P 269 85 255 255 0
P 270 85 255 255 0
P 271 85 255 255 0
P 272 85 255 255 0
P 273 85 255 255 0
P 274 85 255 255 0
P 275 85 0 255 255
P 276 85 0 255 255
P 277 85 0 255 255
P 278 85 0 255 255
P 279 85 0 255 255
P 280 85 0 255 255
P 281 85 0 255 255
P 282 85 0 255 255
P 283 85 0 0 255
P 284 85 0 0 255
P 285 85 0 0 255
P 286 85 0 0 255
P 287 85 0 0 255
P 288 85 0 0 255
P 289 85 0 0 255
P 290 85 0 0 255
P 291 85 0 0 255
P 20 86 0 0 255
P 21 86 0 0 255
P 22 86 0 0 255
P 23 86 0 0 255
P 24 86 0 0 255
P 25 86 0 0 255
P 26 86 0 0 255
P 27 86 0 0 255
P 28 86 0 0 255
P 29 86 0 255 0
P 30 86 0 255 0
P 31 86 0 255 0
P 32 86 0 255 0
P 33 86 0 255 0
P 34 86 0 255 0
P 35 86 0 255 0
P 36 86 0 255 0
P 37 86 255 0 255
P 38 86 255 0 255
P 39 86 255 0 255
P 40 86 255 0 255
P 41 86 255 0 255
P 42 86 255 0 255
P 43 86 255 0 255
P 44 86 255 0 255
P 45 86 255 0 255
P 46 86 0 255 255
P 47 86 0 255 255
P 48 86 0 255 255
P 49 86 0 255 255
P 50 86 0 255 255
P 51 86 0 255 255
P 52 86 0 255 255
P 53 86 0 255 255
P 54 86 0 255 0
P 55 86 0 255 0
P 56 86 0 255 0
P 57 86 0 255 0
P 58 86 0 255 0
P 59 86 0 255 0
P 60 86 0 255 0
P 61 86 0 255 0
P 62 86 0 255 0
P 63 86 0 0 255
P 64 86 0 0 255
P 65 86 0 0 255
P 66 86 0 0 255
P 67 86 0 0 255
P 68 86 0 0 255
P 69 86 0 0 255
P 70 86 0 0 255
P 71 86 255 255 0
P 72 86 255 255 0
P 73 86 255 255 0
P 74 86 255 255 0
P 75 86 255 255 0
P 76 86 255 255 0
P 77 86 255 255 0
P 78 86 255 255 0
P 79 86 255 255 0
P 80 86 0 255 255
P 81 86 0 255 255
P 82 86 0 255 255
P 83 86 0 255 255
P 84 86 0 255 255
P 85 86 0 255 255
P 86 86 0 255 255
P 87 86 0 255 255
P 88 86 0 0 255
P 89 86 0 0 255
P 90 86 0 0 255
P 91 86 0 0 255
P 92 86 0 0 255
P 93 86 0 0 255
P 94 86 0 0 255
P 95 86 0 0 255
P 96 86 0 0 255
P 97 86 0 255 0
P 98 86 0 255 0
P 99 86 0 255 0
P 100 86 0 255 0
P 101 86 0 255 0
P 102 86 0 255 0
P 103 86 0 255 0
P 104 86 0 255 0
P 105 86 0 255 255
P 106 86 0 255 255
P 107 86 0 255 255
P 108 86 0 255 255
P 109 86 0 255 255
P 110 86 0 255 255
P 111 86 0 255 255
P 112 86 0 255 255
P 113 86 0 255 255
P 114 86 0 0 255
P 115 86 0 0 255
P 116 86 0 0 255
P 117 86 0 0 255
P 118 86 0 0 255
P 119 86 0 0 255
P 120 86 0 0 255
P 121 86 0 0 255
P 122 86 0 255 0
P 123 86 0 255 0
P 124 86 0 255 0
P 125 86 0 255 0
P 126 86 0 255 0
P 127 86 0 255 0
P 128 86 0 255 0
P 129 86 0 255 0
P 130 86 0 255 0
P 131 86 255 255 255
P 132 86 255 255 255
P 133 86 255 255 255
P 134 86 255 255 255
P 135 86 255 255 255
P 136 86 255 255 255
P 137 86 255 255 255
P 138 86 255 255 255
P 139 86 255 255 0
P 140 86 255 255 0
P 141 86 255 255 0
P 142 86 255 255 0
P 143 86 255 255 0
P 144 86 255 255 0
P 145 86 255 255 0
P 146 86 255 255 0
P 147 86 255 255 0
P 148 86 0 0 255
P 149 86 0 0 255
P 150 86 0 0 255
P 151 86 0 0 255
P 152 86 0 0 255
P 153 86 0 0 255
P 154 86 0 0 255
P 155 86 0 0 255
P 156 86 255 0 255
P 157 86 255 0 255
P 158 86 255 0 255
P 159 86 255 0 255
P 160 86 255 0 255
P 161 86 255 0 255
P 162 86 255 0 255
P 163 86 255 0 255
P 164 86 255 0 255
P 165 86 255 255 0
P 166 86 255 255 0
P 167 86 255 255 0
P 168 86 255 255 0
P 169 86 255 255 0
P 170 86 255 255 0
P 171 86 255 255 0
P 172 86 255 255 0
P 173 86 0 255 255
P 174 86 0 255 255
P 175 86 0 255 255
P 176 86 0 255 255
P 177 86 0 255 255
P 178 86 0 255 255
P 179 86 0 255 255
P 180 86 0 255 255
P 181 86 0 255 255
P 182 86 0 0 255
P 183 86 0 0 255
P 184 86 0 0 255
P 185 86 0 0 255
P 186 86 0 0 255
P 187 86 0 0 255
P 188 86 0 0 255
P 189 86 0 0 255
P 190 86 255 0 255
P 191 86 255 0 255
P 192 86 255 0 255
P 193 86 255 0 255
P 194 86 255 0 255
P 195 86 255 0 255
P 196 86 255 0 255
P 197 86 255 0 255
P 198 86 255 0 255
P 199 86 255 255 0
P 200 86 255 255 0
P 201 86 255 255 0
P 202 86 255 255 0
P 203 86 255 255 0
P 204 86 255 255 0
P 205 86 255 255 0
P 206 86 255 255 0
P 207 86 0 255 255
P 208 86 0 255 255
P 209 86 0 255 255
P 210 86 0 255 255
P 211 86 0 255 255
P 212 86 0 255 255
P 213 86 0 255 255
P 214 86 0 255 255
P 215 86 0 255 255
P 216 86 0 0 255
P 217 86 0 0 255
P 218 86 0 0 255
P 219 86 0 0 255
P 220 86 0 0 255
P 221 86 0 0 255
P 222 86 0 0 255
P 223 86 0 0 255
P 224 86 255 0 255
P 225 86 255 0 255
P 226 86 255 0 255
P 227 86 255 0 255
P 228 86 255 0 255
P 229 86 255 0 255
P 230 86 255 0 255
P 231 86 255 0 255
P 232 86 255 0 255
P 233 86 255 255 0
P 234 86 255 255 0
P 235 86 255 255 0
P 236 86 255 255 0
P 237 86 255 255 0
P 238 86 255 255 0
P 239 86 255 255 0
P 240 86 255 255 0
P 241 86 0 255 255
P 242 86 0 255 255
P 243 86 0 255 255
P 244 86 0 255 255
P 245 86 0 255 255
P 246 86 0 255 255
P 247 86 0 255 255
P 248 86 0 255 255
P 249 86 0 255 255
P 250 86 0 0 255
P 251 86 0 0 255
P 252 86 0 0 255
P 253 86 0 0 255
P 254 86 0 0 255
P 255 86 0 0 255
P 256 86 0 0 255
P 257 86 0 0 255
P 258 86 255 0 255
P 259 86 255 0 255
P 260 86 255 0 255
P 261 86 255 0 255
P 262 86 255 0 255
P 263 86 255 0 255
P 264 86 255 0 255
P 265 86 255 0 255
P 266 86 255 0 255
P 267 86 255 255 0
P 268 86 255 255 0
P 269 86 255 255 0
P 270 86 255 255 0
P 271 86 255 255 0
P 272 86 255 255 0
P 273 86 255 255 0
P 274 86 255 255 0
P 275 86 0 255 255
P 276 86 0 255 255
P 277 86 0 255 255
P 278 86 0 255 255
P 279 86 0 255 255
P 280 86 0 255 255
P 281 86 0 255 255
P 282 86 0 255 255
P 283 86 0 255 255
P 284 86 0 0 255
P 285 86 0 0 255
P 286 86 0 0 255
P 287 86 0 0 255
P 288 86 0 0 255
P 289 86 0 0 255
P 290 86 0 0 255
P 291 86 0 0 255
P 20 87 0 0 255
P 21 87 0 0 255
P 22 87 0 0 255
P 23 87 0 0 255
P 24 87 0 0 255
P 25 87 0 0 255
P 26 87 0 0 255
P 27 87 0 0 255
P 28 87 0 0 255
P 29 87 0 0 255
P 30 87 0 255 0
P 31 87 0 255 0
P 32 87 0 255 0
P 33 87 0 255 0
P 34 87 0 255 0
P 35 87 0 255 0
P 36 87 0 255 0
P 37 87 255 0 255
P 38 87 255 0 255
P 39 87 255 0 255
P 40 87 255 0 255
P 41 87 255 0 255
P 42 87 255 0 255
P 43 87 255 0 255
P 44 87 255 0 255
P 45 87 255 0 255
P 46 87 255 0 255
P 47 87 0 255 255
P 48 87 0 255 255
P 49 87 0 255 255
P 50 87 0 255 255
P 51 87 0 255 255
P 52 87 0 255 255
P 53 87 0 255 255
P 54 87 0 255 0
P 55 87 0 255 0
P 56 87 0 255 0
P 57 87 0 255 0
P 58 87 0 255 0
P 59 87 0 255 0
P 60 87 0 255 0
P 61 87 0 255 0
P 62 87 0 255 0
P 63 87 0 255 0
P 64 87 0 255 0
P 65 87 0 0 255
P 66 87 0 0 255
P 67 87 0 0 255
P 68 87 0 0 255
P 69 87 0 0 255
P 70 87 0 0 255
P 71 87 255 255 0
P 72 87 255 255 0
P 73 87 255 255 0
P 74 87 255 255 0
P 75 87 255 255 0
P 76 87 255 255 0
P 77 87 255 255 0
P 78 87 255 255 0
P 79 87 255 255 0
P 80 87 255 255 0
P 81 87 255 255 0
P 82 87 0 255 255
P 83 87 0 255 255
P 84 87 0 255 255
P 85 87 0 255 255
P 86 87 0 255 255
P 87 87 0 255 255
P 88 87 0 0 255
P 89 87 0 0 255
P 90 87 0 0 255
P 91 87 0 0 255
P 92 87 0 0 255
P 93 87 0 0 255
P 94 87 0 0 255
P 95 87 0 0 255
P 96 87 0 0 255
P 97 87 0 0 255
P 98 87 0 0 255
P 99 87 0 255 0
P 100 87 0 255 0
P 101 87 0 255 0
P 102 87 0 255 0
P 103 87 0 255 0
P 104 87 0 255 0
P 105 87 0 255 255
P 106 87 0 255 255
P 107 87 0 255 255
P 108 87 0 255 255
P 109 87 0 255 255
P 110 87 0 255 255
P 111 87 0 255 255
P 112 87 0 255 255
P 113 87 0 255 255
P 114 87 0 255 255
P 115 87 0 255 255
P 116 87 0 0 255
P 117 87 0 0 255
P 118 87 0 0 255
P 119 87 0 0 255
P 120 87 0 0 255
P 121 87 0 0 255
P 122 87 0 255 0
P 123 87 0 255 0
P 124 87 0 255 0
P 125 87 0 255 0
P 126 87 0 255 0
P 127 87 0 255 0
P 128 87 0 255 0
P 129 87 0 255 0
P 130 87 0 255 0
P 131 87 0 255 0
P 132 87 255 255 255
P 133 87 255 255 255
P 134 87 255 255 255
P 135 87 255 255 255
P 136 87 255 255 255
P 137 87 255 255 255
P 138 87 255 255 255
P 139 87 255 255 0
P 140 87 255 255 0
P 141 87 255 255 0
P 142 87 255 255 0
P 143 87 255 255 0
P 144 87 255 255 0
P 145 87 255 255 0
P 146 87 255 255 0
P 147 87 255 255 0
P 148 87 255 255 0
P 149 87 255 255 0
P 150 87 0 0 255
P 151 87 0 0 255
P 152 87 0 0 255
P 153 87 0 0 255
P 154 87 0 0 255
P 155 87 0 0 255
P 156 87 255 0 255
P 157 87 255 0 255
P 158 87 255 0 255
P 159 87 255 0 255
P 160 87 255 0 255
P 161 87 255 0 255
P 162 87 255 0 255
P 163 87 255 0 255
P 164 87 255 0 255
P 165 87 255 0 255
P 166 87 255 255 0
P 167 87 255 255 0
P 168 87 255 255 0
P 169 87 255 255 0
P 170 87 255 255 0
P 171 87 255 255 0
P 172 87 255 255 0
P 173 87 0 255 255
P 174 87 0 255 255
P 175 87 0 255 255
P 176 87 0 255 255
P 177 87 0 255 255
P 178 87 0 255 255
P 179 87 0 255 255
P 180 87 0 255 255
P 181 87 0 255 255
P 182 87 0 255 255
P 183 87 0 255 255
P 184 87 0 0 255
P 185 87 0 0 255
P 186 87 0 0 255
P 187 87 0 0 255
P 188 87 0 0 255
P 189 87 0 0 255
P 190 87 255 0 255
P 191 87 255 0 255
P 192 87 255 0 255
P 193 87 255 0 255
P 194 87 255 0 255
P 195 87 255 0 255
P 196 87 255 0 255
P 197 87 255 0 255
P 198 87 255 0 255
P 199 87 255 0 255
P 200 87 255 255 0
P 201 87 255 255 0
P 202 87 255 255 0
P 203 87 255 255 0
P 204 87 255 255 0
P 205 87 255 255 0
P 206 87 255 255 0
P 207 87 0 255 255
P 208 87 0 255 255
P 209 87 0 255 255
P 210 87 0 255 255
P 211 87 0 255 255
P 212 87 0 255 255
P 213 87 0 255 255
P 214 87 0 255 255
P 215 87 0 255 255
P 216 87 0 255 255
P 217 87 0 255 255
P 218 87 0 0 255
P 219 87 0 0 255
P 220 87 0 0 255
P 221 87 0 0 255
P 222 87 0 0 255
P 223 87 0 0 255
P 224 87 255 0 255
P 225 87 255 0 255
P 226 87 255 0 255
P 227 87 255 0 255
P 228 87 255 0 255
P 229 87 255 0 255
P 230 87 255 0 255
P 231 87 255 0 255
P 232 87 255 0 255
P 233 87 255 0 255
P 234 87 255 255 0
P 235 87 255 255 0
P 236 87 255 255 0
P 237 87 255 255 0
P 238 87 255 255 0
P 239 87 255 255 0
P 240 87 255 255 0
P 241 87 0 255 255
P 242 87 0 255 255
P 243 87 0 255 255
P 244 87 0 255 255
P 245 87 0 255 255
P 246 87 0 255 255
P 247 87 0 255 255
P 248 87 0 255 255
P 249 87 0 255 255
P 250 87 0 255 255
P 251 87 0 0 255
P 252 87 0 0 255
P 253 87 0 0 255
P 254 87 0 0 255
P 255 87 0 0 255
P 256 87 0 0 255
P 257 87 0 0 255
P 258 87 255 0 255
P 259 87 255 0 255
P 260 87 255 0 255
P 261 87 255 0 255
P 262 87 255 0 255
P 263 87 255 0 255
P 264 87 255 0 255
P 265 87 255 0 255
P 266 87 255 0 255
P 267 87 255 0 255
P 268 87 255 0 255
P 269 87 255 255 0
P 270 87 255 255 0
P 271 87 255 255 0
P 272 87 255 255 0
P 273 87 255 255 0
P 274 87 255 255 0
P 275 87 0 255 255
P 276 87 0 255 255
P 277 87 0 255 255
P 278 87 0 255 255
P 279 87 0 255 255
P 280 87 0 255 255
P 281 87 0 255 255
P 282 87 0 255 255
P 283 87 0 255 255
P 284 87 0 255 255
P 285 87 0 255 255
P 286 87 0 0 255
P 287 87 0 0 255
P 288 87 0 0 255
P 289 87 0 0 255
P 290 87 0 0 255
P 291 87 0 0 255
P 20 88 0 0 255
P 21 88 0 0 255
P 22 88 0 0 255
P 23 88 0 0 255
P 24 88 0 0 255
P 25 88 0 0 255
P 26 88 0 0 255
P 27 88 0 0 255
P 28 88 0 0 255
P 29 88 0 0 255
P 30 88 0 0 255
P 31 88 0 0 255
P 32 88 0 255 0
P 33 88 0 255 0
P 34 88 0 255 0
P 35 88 0 255 0
P 36 88 0 255 0
P 37 88 255 0 255
P 38 88 255 0 255
P 39 88 255 0 255
P 40 88 255 0 255
P 41 88 255 0 255
P 42 88 255 0 255
P 43 88 255 0 255
P 44 88 255 0 255
P 45 88 255 0 255
P 46 88 255 0 255
P 47 88 255 0 255
P 48 88 255 0 255
P 49 88 0 255 255
P 50 88 0 255 255
P 51 88 0 255 255
P 52 88 0 255 255
P 53 88 0 255 255
P 54 88 0 255 0
P 55 88 0 255 0
P 56 88 0 255 0
P 57 88 0 255 0
P 58 88 0 255 0
P 59 88 0 255 0
P 60 88 0 255 0
P 61 88 0 255 0
P 62 88 0 255 0
P 63 88 0 255 0
P 64 88 0 255 0
P 65 88 0 255 0
P 66 88 0 0 255
P 67 88 0 0 255
P 68 88 0 0 255
P 69 88 0 0 255
P 70 88 0 0 255
P 71 88 255 255 0
P 72 88 255 255 0
P 73 88 255 255 0
P 74 88 255 255 0
P 75 88 255 255 0
P 76 88 255 255 0
P 77 88 255 255 0
P 78 88 255 255 0
P 79 88 255 255 0
P 80 88 255 255 0
P 81 88 255 255 0
P 82 88 255 255 0
P 83 88 0 255 255
P 84 88 0 255 255
P 85 88 0 255 255
P 86 88 0 255 255
P 87 88 0 255 255
P 88 88 0 0 255
P 89 88 0 0 255
P 90 88 0 0 255
P 91 88 0 0 255
P 92 88 0 0 255
P 93 88 0 0 255
P 94 88 0 0 255
P 95 88 0 0 255
P 96 88 0 0 255
P 97 88 0 0 255
P 98 88 0 0 255
P 99 88 0 0 255
P 100 88 0 255 0
P 101 88 0 255 0
P 102 88 0 255 0
P 103 88 0 255 0
P 104 88 0 255 0
P 105 88 0 255 255
P 106 88 0 255 255
P 107 88 0 255 255
P 108 88 0 255 255
P 109 88 0 255 255
P 110 88 0 255 255
P 111 88 0 255 255
P 112 88 0 255 255
P 113 88 0 255 255
P 114 88 0 255 255
P 115 88 0 255 255
P 116 88 0 255 255
P 117 88 0 0 255
P 118 88 0 0 255
P 119 88 0 0 255
P 120 88 0 0 255
P 121 88 0 0 255
P 122 88 0 255 0
P 123 88 0 255 0
P 124 88 0 255 0
P 125 88 0 255 0
P 126 88 0 255 0
P 127 88 0 255 0
P 128 88 0 255 0
P 129 88 0 255 0
P 130 88 0 255 0
P 131 88 0 255 0
P 132 88 0 255 0
P 133 88 0 255 0
P 134 88 255 255 255
P 135 88 255 255 255
P 136 88 255 255 255
P 137 88 255 255 255
P 138 88 255 255 255
P 139 88 255 255 0
P 140 88 255 255 0
P 141 88 255 255 0
P 142 88 255 255 0
P 143 88 255 255 0
P 144 88 255 255 0
P 145 88 255 255 0
P 146 88 255 255 0
P 147 88 255 255 0
P 148 88 255 255 0
P 149 88 255 255 0
P 150 88 255 255 0
P 151 88 0 0 255
P 152 88 0 0 255
P 153 88 0 0 255
P 154 88 0 0 255
P 155 88 0 0 255
P 156 88 255 0 255
P 157 88 255 0 255
P 158 88 255 0 255
P 159 88 255 0 255
P 160 88 255 0 255
P 161 88 255 0 255
P 162 88 255 0 255
P 163 88 255 0 255
P 164 88 255 0 255
P 165 88 255 0 255
P 166 88 255 0 255
P 167 88 255 0 255
P 168 88 255 255 0
P 169 88 255 255 0
P 170 88 255 255 0
P 171 88 255 255 0
P 172 88 255 255 0
P 173 88 0 255 255
P 174 88 0 255 255
P 175 88 0 255 255
P 176 88 0 255 255
P 177 88 0 255 255
P 178 88 0 255 255
P 179 88 0 255 255
P 180 88 0 255 255
P 181 88 0 255 255
P 182 88 0 255 255
P 183 88 0 255 255
P 184 88 0 255 255
P 185 88 0 0 255
P 186 88 0 0 255
P 187 88 0 0 255
P 188 88 0 0 255
P 189 88 0 0 255
P 190 88 255 0 255
P 191 88 255 0 255
P 192 88 255 0 255
P 193 88 255 0 255
P 194 88 255 0 255
P 195 88 255 0 255
P 196 88 255 0 255
P 197 88 255 0 255
P 198 88 255 0 255
P 199 88 255 0 255
P 200 88 255 0 255
P 201 88 255 0 255
P 202 88 255 255 0
P 203 88 255 255 0
P 204 88 255 255 0
P 205 88 255 255 0
P 206 88 255 255 0
P 207 88 0 255 255
P 208 88 0 255 255
P 209 88 0 255 255
P 210 88 0 255 255
P 211 88 0 255 255
P 212 88 0 255 255
P 213 88 0 255 255
P 214 88 0 255 255
P 215 88 0 255 255
P 216 88 0 255 255
P 217 88 0 255 255
P 218 88 0 255 255
P 219 88 0 0 255
P 220 88 0 0 255
P 221 88 0 0 255
P 222 88 0 0 255
P 223 88 0 0 255
P 224 88 255 0 255
P 225 88 255 0 255
P 226 88 255 0 255
P 227 88 255 0 255
P 228 88 255 0 255
P 229 88 255 0 255
P 230 88 255 0 255
P 231 88 255 0 255
P 232 88 255 0 255
P 233 88 255 0 255
P 234 88 255 0 255
P 235 88 255 0 255
P 236 88 255 255 0
P 237 88 255 255 0
P 238 88 255 255 0
P 239 88 255 255 0
P 240 88 255 255 0
P 241 88 0 255 255
P 242 88 0 255 255
P 243 88 0 255 255
P 244 88 0 255 255
P 245 88 0 255 255
P 246 88 0 255 255
P 247 88 0 255 255
P 248 88 0 255 255
P 249 88 0 255 255
P 250 88 0 255 255
P 251 88 0 255 255
P 252 88 0 255 255
P 253 88 0 0 255
P 254 88 0 0 255
P 255 88 0 0 255
P 256 88 0 0 255
P 257 88 0 0 255
P 258 88 255 0 255
P 259 88 255 0 255
P 260 88 255 0 255
P 261 88 255 0 255
P 262 88 255 0 255
P 263 88 255 0 255
P 264 88 255 0 255
P 265 88 255 0 255
P 266 88 255 0 255
P 267 88 255 0 255
P 268 88 255 0 255
P 269 88 255 0 255
P 270 88 255 255 0
P 271 88 255 255 0
P 272 88 255 255 0
P 273 88 255 255 0
P 274 88 255 255 0
P 275 88 0 255 255
P 276 88 0 255 255
P 277 88 0 255 255
P 278 88 0 255 255
P 279 88 0 255 255
P 280 88 0 255 255
P 281 88 0 255 255
P 282 88 0 255 255
P 283 88 0 255 255
P 284 88 0 255 255
P 285 88 0 255 255
P 286 88 0 255 255
P 287 88 0 0 255
P 288 88 0 0 255
P 289 88 0 0 255
P 290 88 0 0 255
P 291 88 0 0 255
P 20 89 0 0 255
P 21 89 0 0 255
P 22 89 0 0 255
P 23 89 0 0 255
P 24 89 0 0 255
P 25 89 0 0 255
P 26 89 0 0 255
P 27 89 0 0 255
P 28 89 0 0 255
P 29 89 0 0 255
P 30 89 0 0 255
P 31 89 0 0 255
P 32 89 0 0 255
P 33 89 0 255 0
P 34 89 0 255 0
P 35 89 0 255 0
P 36 89 0 255 0
P 37 89 255 0 255
P 38 89 255 0 255
P 39 89 255 0 255
P 40 89 255 0 255
P 41 89 255 0 255
P 42 89 255 0 255
P 43 89 255 0 255
P 44 89 255 0 255
P 45 89 255 0 255
P 46 89 255 0 255
P 47 89 255 0 255
P 48 89 255 0 255
P 49 89 255 0 255
P 50 89 0 255 255
P 51 89 0 255 255
P 52 89 0 255 255
P 53 89 0 255 255
P 54 89 0 255 0
P 55 89 0 255 0
P 56 89 0 255 0
P 57 89 0 255 0
P 58 89 0 255 0
P 59 89 0 255 0
P 60 89 0 255 0
P 61 89 0 255 0
P 62 89 0 255 0
P 63 89 0 255 0
P 64 89 0 255 0
P 65 89 0 255 0
P 66 89 0 255 0
P 67 89 0 255 0
P 68 89 0 0 255
P 69 89 0 0 255
P 70 89 0 0 255
P 71 89 255 255 0
P 72 89 255 255 0
P 73 89 255 255 0
P 74 89 255 255 0
P 75 89 255 255 0
P 76 89 255 255 0
P 77 89 255 255 0
P 78 89 255 255 0
P 79 89 255 255 0
P 80 89 255 255 0
P 81 89 255 255 0
P 82 89 255 255 0
P 83 89 255 255 0
P 84 89 255 255 0
P 85 89 0 255 255
P 86 89 0 255 255
P 87 89 0 255 255
P 88 89 0 0 255
P 89 89 0 0 255
P 90 89 0 0 255
P 91 89 0 0 255
P 92 89 0 0 255
P 93 89 0 0 255
P 94 89 0 0 255
P 95 89 0 0 255
P 96 89 0 0 255
P 97 89 0 0 255
P 98 89 0 0 255
P 99 89 0 0 255
P 100 89 0 0 255
P 101 89 0 255 0
P 102 89 0 255 0
P 103 89 0 255 0
P 104 89 0 255 0
P 105 89 0 255 255
P 106 89 0 255 255
P 107 89 0 255 255
P 108 89 0 255 255
P 109 89 0 255 255
P 110 89 0 255 255
P 111 89 0 255 255
P 112 89 0 255 255
P 113 89 0 255 255
P 114 89 0 255 255
P 115 89 0 255 255
P 116 89 0 255 255
P 117 89 0 255 255
P 118 89 0 0 255
P 119 89 0 0 255
P 120 89 0 0 255
P 121 89 0 0 255
P 122 89 0 255 0
P 123 89 0 255 0
P 124 89 0 255 0
P 125 89 0 255 0
P 126 89 0 255 0
P 127 89 0 255 0
P 128 89 0 255 0
P 129 89 0 255 0
P 130 89 0 255 0
P 131 89 0 255 0
P 132 89 0 255 0
P 133 89 0 255 0
P 134 89 0 255 0
P 135 89 255 255 255
P 136 89 255 255 255
P 137 89 255 255 255
P 138 89 255 255 255
P 139 89 255 255 0
P 140 89 255 255 0
P 141 89 255 255 0
P 142 89 255 255 0
P 143 89 255 255 0
P 144 89 255 255 0
P 145 89 255 255 0
P 146 89 255 255 0
P 147 89 255 255 0
P 148 89 255 255 0
P 149 89 255 255 0
P 150 89 255 255 0
P 151 89 255 255 0
P 152 89 0 0 255
P 153 89 0 0 255
P 154 89 0 0 255
P 155 89 0 0 255
P 156 89 255 0 255
P 157 89 255 0 255
P 158 89 255 0 255
P 159 89 255 0 255
P 160 89 255 0 255
P 161 89 255 0 255
P 162 89 255 0 255
P 163 89 255 0 255
P 164 89 255 0 255
P 165 89 255 0 255
P 166 89 255 0 255
P 167 89 255 0 255
P 168 89 255 0 255
P 169 89 255 255 0
P 170 89 255 255 0
P 171 89 255 255 0
P 172 89 255 255 0
P 173 89 0 255 255
P 174 89 0 255 255
P 175 89 0 255 255
P 176 89 0 255 255
P 177 89 0 255 255
P 178 89 0 255 255
P 179 89 0 255 255
P 180 89 0 255 255
P 181 89 0 255 255
P 182 89 0 255 255
P 183 89 0 255 255
P 184 89 0 255 255
P 185 89 0 255 255
P 186 89 0 0 255
P 187 89 0 0 255
P 188 89 0 0 255
P 189 89 0 0 255
P 190 89 255 0 255
P 191 89 255 0 255
P 192 89 255 0 255
P 193 89 255 0 255
P 194 89 255 0 255
P 195 89 255 0 255
P 196 89 255 0 255
P 197 89 255 0 255
P 198 89 255 0 255
P 199 89 255 0 255
P 200 89 255 0 255
P 201 89 255 0 255
P 202 89 255 0 255
P 203 89 255 255 0
P 204 89 255 255 0
P 205 89 255 255 0
P 206 89 255 255 0
P 207 89 0 255 255
P 208 89 0 255 255
P 209 89 0 255 255
P 210 89 0 255 255
P 211 89 0 255 255
P 212 89 0 255 255
P 213 89 0 255 255
P 214 89 0 255 255
P 215 89 0 255 255
P 216 89 0 255 255
P 217 89 0 255 255
P 218 89 0 255 255
P 219 89 0 255 255
P 220 89 0 0 255
P 221 89 0 0 255
P 222 89 0 0 255
P 223 89 0 0 255
P 224 89 255 0 255
P 225 89 255 0 255
P 226 89 255 0 255
P 227 89 255 0 255
P 228 89 255 0 255
P 229 89 255 0 255
P 230 89 255 0 255
P 231 89 255 0 255
P 232 89 255 0 255
P 233 89 255 0 255
P 234 89 255 0 255
P 235 89 255 0 255
P 236 89 255 0 255
P 237 89 255 255 0
P 238 89 255 255 0
P 239 89 255 255 0
P 240 89 255 255 0
P 241 89 0 255 255
P 242 89 0 255 255
P 243 89 0 255 255
P 244 89 0 255 255
P 245 89 0 255 255
P 246 89 0 255 255
P 247 89 0 255 255
P 248 89 0 255 255
P 249 89 0 255 255
P 250 89 0 255 255
P 251 89 0 255 255
P 252 89 0 255 255
P 253 89 0 255 255
P 254 89 0 0 255
P 255 89 0 0 255
P 256 89 0 0 255
P 257 89 0 0 255
P 258 89 255 0 255
P 259 89 255 0 255
P 260 89 255 0 255
P 261 89 255 0 255
P 262 89 255 0 255
P 263 89 255 0 255
P 264 89 255 0 255
P 265 89 255 0 255
P 266 89 255 0 255
P 267 89 255 0 255
P 268 89 255 0 255
P 269 89 255 0 255
P 270 89 255 0 255
P 271 89 255 255 0
P 272 89 255 255 0
P 273 89 255 255 0
P 274 89 255 255 0
P 275 89 0 255 255
P 276 89 0 255 255
P 277 89 0 255 255
P 278 89 0 255 255
P 279 89 0 255 255
P 280 89 0 255 255
P 281 89 0 255 255
P 282 89 0 255 255
P 283 89 0 255 255
P 284 89 0 255 255
P 285 89 0 255 255
P 286 89 0 255 255
P 287 89 0 255 255
P 288 89 0 255 255
P 289 89 0 0 255
P 290 89 0 0 255
P 291 89 0 0 255
P 20 90 0 0 255
P 21 90 0 0 255
P 22 90 0 0 255
P 23 90 0 0 255
P 24 90 0 0 255
P 25 90 0 0 255
P 26 90 0 0 255
P 27 90 0 0 255
P 28 90 0 0 255
P 29 90 0 0 255
P 30 90 0 0 255
P 31 90 0 0 255
P 32 90 0 0 255
P 33 90 0 0 255
P 34 90 0 0 255
P 35 90 0 255 0
P 36 90 0 255 0
P 37 90 255 0 255
P 38 90 255 0 255
P 39 90 255 0 255
P 40 90 255 0 255
P 41 90 255 0 255
P 42 90 255 0 255
P 43 90 255 0 255
P 44 90 255 0 255
P 45 90 255 0 255
P 46 90 255 0 255
P 47 90 255 0 255
P 48 90 255 0 255
P 49 90 255 0 255
P 50 90 255 0 255
P 51 90 255 0 255
P 52 90 0 255 255
P 53 90 0 255 255
P 54 90 0 255 0
P 55 90 0 255 0
P 56 90 0 255 0
P 57 90 0 255 0
P 58 90 0 255 0
P 59 90 0 255 0
P 60 90 0 255 0
P 61 90 0 255 0
P 62 90 0 255 0
P 63 90 0 255 0
P 64 90 0 255 0
P 65 90 0 255 0
P 66 90 0 255 0
P 67 90 0 255 0
P 68 90 0 255 0
P 69 90 0 0 255
P 70 90 0 0 255
P 71 90 255 255 0
P 72 90 255 255 0
P 73 90 255 255 0
P 74 90 255 255 0
P 75 90 255 255 0
P 76 90 255 255 0
P 77 90 255 255 0
P 78 90 255 255 0
P 79 90 255 255 0
P 80 90 255 255 0
P 81 90 255 255 0
P 82 90 255 255 0
P 83 90 255 255 0
P 84 90 255 255 0
P 85 90 255 255 0
P 86 90 0 255 255
P 87 90 0 255 255
P 88 90 0 0 255
P 89 90 0 0 255
P 90 90 0 0 255
P 91 90 0 0 255
P 92 90 0 0 255
P 93 90 0 0 255
P 94 90 0 0 255
P 95 90 0 0 255
P 96 90 0 0 255
P 97 90 0 0 255
P 98 90 0 0 255
P 99 90 0 0 255
P 100 90 0 0 255
P 101 90 0 0 255
P 102 90 0 0 255
P 103 90 0 255 0
P 104 90 0 255 0
P 105 90 0 255 255
P 106 90 0 255 255
P 107 90 0 255 255
P 108 90 0 255 255
P 109 90 0 255 255
P 110 90 0 255 255
P 111 90 0 255 255
P 112 90 0 255 255
P 113 90 0 255 255
P 114 90 0 255 255
P 115 90 0 255 255
P 116 90 0 255 255
P 117 90 0 255 255
P 118 90 0 255 255
P 119 90 0 255 255
P 120 90 0 0 255
P 121 90 0 0 255
P 122 90 0 255 0
P 123 90 0 255 0
P 124 90 0 255 0
P 125 90 0 255 0
P 126 90 0 255 0
P 127 90 0 255 0
P 128 90 0 255 0
P 129 90 0 255 0
P 130 90 0 255 0
P 131 90 0 255 0
P 132 90 0 255 0
P 133 90 0 255 0
P 134 90 0 255 0
P 135 90 0 255 0
P 136 90 255 255 255
P 137 90 255 255 255
P 138 90 255 255 255
P 139 90 255 255 0
P 140 90 255 255 0
P 141 90 255 255 0
P 142 90 255 255 0
P 143 90 255 255 0
P 144 90 255 255 0
P 145 90 255 255 0
P 146 90 255 255 0
P 147 90 255 255 0
P 148 90 255 255 0
P 149 90 255 255 0
P 150 90 255 255 0
P 151 90 255 255 0
P 152 90 255 255 0
P 153 90 255 255 0
P 154 90 0 0 255
P 155 90 0 0 255
P 156 90 255 0 255
P 157 90 255 0 255
P 158 90 255 0 255
P 159 90 255 0 255
P 160 90 255 0 255
P 161 90 255 0 255
P 162 90 255 0 255
P 163 90 255 0 255
P 164 90 255 0 255
P 165 90 255 0 255
P 166 90 255 0 255
P 167 90 255 0 255
P 168 90 255 0 255
P 169 90 255 0 255
P 170 90 255 0 255
P 171 90 255 255 0
P 172 90 255 255 0
P 173 90 0 255 255
P 174 90 0 255 255
P 175 90 0 255 255
P 176 90 0 255 255
P 177 90 0 255 255
P 178 90 0 255 255
P 179 90 0 255 255
P 180 90 0 255 255
P 181 90 0 255 255
P 182 90 0 255 255
P 183 90 0 255 255
P 184 90 0 255 255
P 185 90 0 255 255
P 186 90 0 255 255
P 187 90 0 255 255
P 188 90 0 0 255
P 189 90 0 0 255
P 190 90 255 0 255
P 191 90 255 0 255
P 192 90 255 0 255
P 193 90 255 0 255
P 194 90 255 0 255
P 195 90 255 0 255
P 196 90 255 0 255
P 197 90 255 0 255
P 198 90 255 0 255
P 199 90 255 0 255
P 200 90 255 0 255
P 201 90 255 0 255
P 202 90 255 0 255
P 203 90 255 0 255
P 204 90 255 0 255
P 205 90 255 255 0
P 206 90 255 255 0
P 207 90 0 255 255
P 208 90 0 255 255
P 209 90 0 255 255
P 210 90 0 255 255
P 211 90 0 255 255
P 212 90 0 255 255
P 213 90 0 255 255
P 214 90 0 255 255
P 215 90 0 255 255
P 216 90 0 255 255
P 217 90 0 255 255
P 218 90 0 255 255
P 219 90 0 255 255
P 220 90 0 255 255
P 221 90 0 255 255
P 222 90 0 0 255
P 223 90 0 0 255
P 224 90 255 0 255
P 225 90 255 0 255
P 226 90 255 0 255
P 227 90 255 0 255
P 228 90 255 0 255
P 229 90 255 0 255
P 230 90 255 0 255
P 231 90 255 0 255
P 232 90 255 0 255
P 233 90 255 0 255
P 234 90 255 0 255
P 235 90 255 0 255
P 236 90 255 0 255
P 237 90 255 0 255
P 238 90 255 0 255
P 239 90 255 255 0
P 240 90 255 255 0
P 241 90 0 255 255
P 242 90 0 255 255
P 243 90 0 255 255
P 244 90 0 255 255
P 245 90 0 255 255
P 246 90 0 255 255
P 247 90 0 255 255
P 248 90 0 255 255
P 249 90 0 255 255
P 250 90 0 255 255
P 251 90 0 255 255
P 252 90 0 255 255
P 253 90 0 255 255
P 254 90 0 255 255
P 255 90 0 255 255
P 256 90 0 0 255
P 257 90 0 0 255
P 258 90 255 0 255
P 259 90 255 0 255
P 260 90 255 0 255
P 261 90 255 0 255
P 262 90 255 0 255
P 263 90 255 0 255
P 264 90 255 0 255
P 265 90 255 0 255
P 266 90 255 0 255
P 267 90 255 0 255
P 268 90 255 0 255
P 269 90 255 0 255
P 270 90 255 0 255
P 271 90 255 0 255
P 272 90 255 0 255
P 273 90 255 255 0
P 274 90 255 255 0
P 275 90 0 255 255
P 276 90 0 255 255
P 277 90 0 255 255
P 278 90 0 255 255
P 279 90 0 255 255
P 280 90 0 255 255
P 281 90 0 255 255
P 282 90 0 255 255
P 283 90 0 255 255
P 284 90 0 255 255
P 285 90 0 255 255
P 286 90 0 255 255
P 287 90 0 255 255
P 288 90 0 255 255
P 289 90 0 255 255
P 290 90 0 0 255
P 291 90 0 0 255
P 20 91 0 0 255
P 21 91 0 0 255
P 22 91 0 0 255
P 23 91 0 0 255
P 24 91 0 0 255
P 25 91 0 0 255
P 26 91 0 0 255
P 27 91 0 0 255
P 28 91 0 0 255
P 29 91 0 0 255
P 30 91 0 0 255
P 31 91 0 0 255
P 32 91 0 0 255
P 33 91 0 0 255
P 34 91 0 0 255
P 35 91 0 0 255
P 36 91 0 255 0
P 37 91 255 0 255
P 38 91 255 0 255
P 39 91 255 0 255
P 40 91 255 0 255
P 41 91 255 0 255
P 42 91 255 0 255
P 43 91 255 0 255
P 44 91 255 0 255
P 45 91 255 0 255
P 46 91 255 0 255
P 47 91 255 0 255
P 48 91 255 0 255
P 49 91 255 0 255
P 50 91 255 0 255
P 51 91 255 0 255
P 52 91 255 0 255
P 53 91 0 255 255
P 54 91 0 255 0
P 55 91 0 255 0
P 56 91 0 255 0
P 57 91 0 255 0
P 58 91 0 255 0
P 59 91 0 255 0
P 60 91 0 255 0
P 61 91 0 255 0
P 62 91 0 255 0
P 63 91 0 255 0
P 64 91 0 255 0
P 65 91 0 255 0
P 66 91 0 255 0
P 67 91 0 255 0
P 68 91 0 255 0
P 69 91 0 255 0
P 70 91 0 0 255
P 71 91 255 255 0
P 72 91 255 255 0
P 73 91 255 255 0
P 74 91 255 255 0
P 75 91 255 255 0
P 76 91 255 255 0
P 77 91 255 255 0
P 78 91 255 255 0
P 79 91 255 255 0
P 80 91 255 255 0
P 81 91 255 255 0
P 82 91 255 255 0
P 83 91 255 255 0
P 84 91 255 255 0
P 85 91 255 255 0
P 86 91 255 255 0
P 87 91 0 255 255
P 88 91 0 0 255
P 89 91 0 0 255
P 90 91 0 0 255
P 91 91 0 0 255
P 92 91 0 0 255
P 93 91 0 0 255
P 94 91 0 0 255
P 95 91 0 0 255
P 96 91 0 0 255
P 97 91 0 0 255
P 98 91 0 0 255
P 99 91 0 0 255
P 100 91 0 0 255
P 101 91 0 0 255
P 102 91 0 0 255
P 103 91 0 0 255
P 104 91 0 255 0
P 105 91 0 255 255
P 106 91 0 255 255
P 107 91 0 255 255
P 108 91 0 255 255
P 109 91 0 255 255
P 110 91 0 255 255
P 111 91 0 255 255
P 112 91 0 255 255
P 113 91 0 255 255
P 114 91 0 255 255
P 115 91 0 255 255
P 116 91 0 255 255
P 117 91 0 255 255
P 118 91 0 255 255
P 119 91 0 255 255
P 120 91 0 255 255
P 121 91 0 0 255
P 122 91 0 255 0
P 123 91 0 255 0
P 124 91 0 255 0
P 125 91 0 255 0
P 126 91 0 255 0
P 127 91 0 255 0
P 128 91 0 255 0
P 129 91 0 255 0
P 130 91 0 255 0
P 131 91 0 255 0
P 132 91 0 255 0
P 133 91 0 255 0
P 134 91 0 255 0
P 135 91 0 255 0
P 136 91 0 255 0
P 137 91 0 255 0
P 138 91 255 255 255
P 139 91 255 255 0
P 140 91 255 255 0
P 141 91 255 255 0
P 142 91 255 255 0
P 143 91 255 255 0
P 144 91 255 255 0
P 145 91 255 255 0
P 146 91 255 255 0
P 147 91 255 255 0
P 148 91 255 255 0
P 149 91 255 255 0
P 150 91 255 255 0
P 151 91 255 255 0
P 152 91 255 255 0
P 153 91 255 255 0
P 154 91 255 255 0
P 155 91 0 0 255
P 156 91 255 0 255
P 157 91 255 0 255
P 158 91 255 0 255
P 159 91 255 0 255
P 160 91 255 0 255
P 161 91 255 0 255
P 162 91 255 0 255
P 163 91 255 0 255
P 164 91 255 0 255
P 165 91 255 0 255
P 166 91 255 0 255
P 167 91 255 0 255
P 168 91 255 0 255
P 169 91 255 0 255
P 170 91 255 0 255
P 171 91 255 0 255
P 172 91 255 255 0
P 173 91 0 255 255
P 174 91 0 255 255
P 175 91 0 255 255
P 176 91 0 255 255
P 177 91 0 255 255
P 178 91 0 255 255
P 179 91 0 255 255
P 180 91 0 255 255
P 181 91 0 255 255
P 182 91 0 255 255
P 183 91 0 255 255
P 184 91 0 255 255
P 185 91 0 255 255
P 186 91 0 255 255
P 187 91 0 255 255
P 188 91 0 255 255
P 189 91 0 0 255
P 190 91 255 0 255
P 191 91 255 0 255
P 192 91 255 0 255
P 193 91 255 0 255
P 194 91 255 0 255
P 195 91 255 0 255
P 196 91 255 0 255
P 197 91 255 0 255
P 198 91 255 0 255
P 199 91 255 0 255
P 200 91 255 0 255
P 201 91 255 0 255
P 202 91 255 0 255
P 203 91 255 0 255
P 204 91 255 0 255
P 205 91 255 0 255
P 206 91 255 255 0
P 207 91 0 255 255
P 208 91 0 255 255
P 209 91 0 255 255
P 210 91 0 255 255
P 211 91 0 255 255
P 212 91 0 255 255
P 213 91 0 255 255
P 214 91 0 255 255
P 215 91 0 255 255
P 216 91 0 255 255
P 217 91 0 255 255
P 218 91 0 255 255
P 219 91 0 255 255
P 220 91 0 255 255
P 221 91 0 255 255
P 222 91 0 255 255
P 223 91 0 0 255
P 224 91 255 0 255
P 225 91 255 0 255
P 226 91 255 0 255
P 227 91 255 0 255
P 228 91 255 0 255
P 229 91 255 0 255
P 230 91 255 0 255
P 231 91 255 0 255
P 232 91 255 0 255
P 233 91 255 0 255
P 234 91 255 0 255
P 235 91 255 0 255
P 236 91 255 0 255
P 237 91 255 0 255
P 238 91 255 0 255
P 239 91 255 0 255
P 240 91 255 255 0
P 241 91 0 255 255
P 242 91 0 255 255
P 243 91 0 255 255
P 244 91 0 255 255
P 245 91 0 255 255
P 246 91 0 255 255
P 247 91 0 255 255
P 248 91 0 255 255
P 249 91 0 255 255
P 250 91 0 255 255
P 251 91 0 255 255
P 252 91 0 255 255
P 253 91 0 255 255
P 254 91 0 255 255
P 255 91 0 255 255
P 256 91 0 255 255
P 257 91 0 0 255
P 258 91 255 0 255
P 259 91 255 0 255
P 260 91 255 0 255
P 261 91 255 0 255
P 262 91 255 0 255
P 263 91 255 0 255
P 264 91 255 0 255
P 265 91 255 0 255
P 266 91 255 0 255
P 267 91 255 0 255
P 268 91 255 0 255
P 269 91 255 0 255
P 270 91 255 0 255
P 271 91 255 0 255
P 272 91 255 0 255
P 273 91 255 0 255
P 274 91 255 255 0
P 275 91 0 255 255
P 276 91 0 255 255
P 277 91 0 255 255
P 278 91 0 255 255
P 279 91 0 255 255
P 280 91 0 255 255
P 281 91 0 255 255
P 282 91 0 255 255
P 283 91 0 255 255
P 284 91 0 255 255
P 285 91 0 255 255
P 286 91 0 255 255
P 287 91 0 255 255
P 288 91 0 255 255
P 289 91 0 255 255
P 290 91 0 255 255
P 291 91 0 255 255
P 20 92 0 255 0
P 21 92 255 0 0
P 22 92 255 0 0
P 23 92 255 0 0
P 24 92 255 0 0
P 25 92 255 0 0
P 26 92 255 0 0
P 27 92 255 0 0
P 28 92 255 0 0
P 29 92 255 0 0
P 30 92 255 0 0
P 31 92 255 0 0
P 32 92 255 0 0
P 33 92 255 0 0
P 34 92 255 0 0
P 35 92 255 0 0
P 36 92 255 0 0
P 37 92 255 255 0
P 38 92 255 255 0
P 39 92 255 255 0
P 40 92 255 255 0
P 41 92 255 255 0
P 42 92 255 255 0
P 43 92 255 255 0
P 44 92 255 255 0
P 45 92 255 255 0
P 46 92 255 255 0
P 47 92 255 255 0
P 48 92 255 255 0
P 49 92 255 255 0
P 50 92 255 255 0
P 51 92 255 255 0
P 52 92 255 255 0
P 53 92 255 255 0
P 54 92 255 0 0
P 55 92 255 0 0
P 56 92 255 0 0
P 57 92 255 0 0
P 58 92 255 0 0
P 59 92 255 0 0
P 60 92 255 0 0
P 61 92 255 0 0
P 62 92 255 0 0
P 63 92 255 0 0
P 64 92 255 0 0
P 65 92 255 0 0
P 66 92 255 0 0
P 67 92 255 0 0
P 68 92 255 0 0
P 69 92 255 0 0
P 70 92 255 0 0
P 71 92 0 255 255
P 72 92 255 0 255
P 73 92 255 0 255
P 74 92 255 0 255
P 75 92 255 0 255
P 76 92 255 0 255
P 77 92 255 0 255
P 78 92 255 0 255
P 79 92 255 0 255
P 80 92 255 0 255
P 81 92 255 0 255
P 82 92 255 0 255
P 83 92 255 0 255
P 84 92 255 0 255
P 85 92 255 0 255
P 86 92 255 0 255
P 87 92 255 0 255
P 88 92 0 255 0
P 89 92 255 0 0
P 90 92 255 0 0
P 91 92 255 0 0
P 92 92 255 0 0
P 93 92 255 0 0
P 94 92 255 0 0
P 95 92 255 0 0
P 96 92 255 0 0
P 97 92 255 0 0
P 98 92 255 0 0
P 99 92 255 0 0
P 100 92 255 0 0
P 101 92 255 0 0
P 102 92 255 0 0
P 103 92 255 0 0
P 104 92 255 0 0
P 105 92 255 0 255
P 106 92 255 255 0
P 107 92 255 255 0
P 108 92 255 255 0
P 109 92 255 255 0
P 110 92 255 255 0
P 111 92 255 255 0
P 112 92 255 255 0
P 113 92 255 255 0
P 114 92 255 255 0
P 115 92 255 255 0
P 116 92 255 255 0
P 117 92 255 255 0
P 118 92 255 255 0
P 119 92 255 255 0
P 120 92 255 255 0
P 121 92 255 255 0
P 122 92 255 255 255
P 123 92 255 0 0
P 124 92 255 0 0
P 125 92 255 0 0
P 126 92 255 0 0
P 127 92 255 0 0
P 128 92 255 0 0
P 129 92 255 0 0
P 130 92 255 0 0
P 131 92 255 0 0
P 132 92 255 0 0
P 133 92 255 0 0
P 134 92 255 0 0
P 135 92 255 0 0
P 136 92 255 0 0
P 137 92 255 0 0
P 138 92 255 0 0
P 139 92 0 255 255
P 140 92 0 255 255
P 141 92 0 255 255
P 142 92 0 255 255
P 143 92 0 255 255
P 144 92 0 255 255
P 145 92 0 255 255
P 146 92 0 255 255
P 147 92 0 255 255
P 148 92 0 255 255
P 149 92 0 255 255
P 150 92 0 255 255
P 151 92 0 255 255
P 152 92 0 255 255
P 153 92 0 255 255
P 154 92 0 255 255
P 155 92 0 255 255
P 156 92 0 255 0
P 157 92 255 0 0
P 158 92 255 0 0
P 159 92 255 0 0
P 160 92 255 0 0
P 161 92 255 0 0
P 162 92 255 0 0
P 163 92 255 0 0
P 164 92 255 0 0
P 165 92 255 0 0
P 166 92 255 0 0
P 167 92 255 0 0
P 168 92 255 0 0
P 169 92 255 0 0
P 170 92 255 0 0
P 171 92 255 0 0
P 172 92 255 0 0
P 173 92 0 0 255
P 174 92 0 255 0
P 175 92 0 255 0
P 176 92 0 255 0
P 177 92 0 255 0
P 178 92 0 255 0
P 179 92 0 255 0
P 180 92 0 255 0
P 181 92 0 255 0
P 182 92 0 255 0
P 183 92 0 255 0
P 184 92 0 255 0
P 185 92 0 255 0
P 186 92 0 255 0
P 187 92 0 255 0
P 188 92 0 255 0
P 189 92 0 255 0
P 190 92 255 255 0
P 191 92 255 0 0
P 192 92 255 0 0
P 193 92 255 0 0
P 194 92 255 0 0
P 195 92 255 0 0
P 196 92 255 0 0
P 197 92 255 0 0
P 198 92 255 0 0
P 199 92 255 0 0
P 200 92 255 0 0
P 201 92 255 0 0
P 202 92 255 0 0
P 203 92 255 0 0
P 204 92 255 0 0
P 205 92 255 0 0
P 206 92 255 0 0
P 207 92 0 0 255
P 208 92 0 255 0
P 209 92 0 255 0
P 210 92 0 255 0
P 211 92 0 255 0
P 212 92 0 255 0
P 213 92 0 255 0
P 214 92 0 255 0
P 215 92 0 255 0
P 216 92 0 255 0
P 217 92 0 255 0
P 218 92 0 255 0
P 219 92 0 255 0
P 220 92 0 255 0
P 221 92 0 255 0
P 222 92 0 255 0
P 223 92 0 255 0
P 224 92 255 255 0
P 225 92 255 0 0
P 226 92 255 0 0
P 227 92 255 0 0
P 228 92 255 0 0
P 229 92 255 0 0
P 230 92 255 0 0
P 231 92 255 0 0
P 232 92 255 0 0
P 233 92 255 0 0
P 234 92 255 0 0
P 235 92 255 0 0
P 236 92 255 0 0
P 237 92 255 0 0
P 238 92 255 0 0
P 239 92 255 0 0
P 240 92 255 0 0
P 241 92 0 0 255
P 242 92 0 255 0
P 243 92 0 255 0
P 244 92 0 255 0
P 245 92 0 255 0
P 246 92 0 255 0
P 247 92 0 255 0
P 248 92 0 255 0
P 249 92 0 255 0
P 250 92 0 255 0
P 251 92 0 255 0
P 252 92 0 255 0
P 253 92 0 255 0
P 254 92 0 255 0
P 255 92 0 255 0
P 256 92 0 255 0
P 257 92 0 255 0
P 258 92 255 255 0
P 259 92 255 0 0
P 260 92 255 0 0
P 261 92 255 0 0
P 262 92 255 0 0
P 263 92 255 0 0
P 264 92 255 0 0
P 265 92 255 0 0
P 266 92 255 0 0
P 267 92 255 0 0
P 268 92 255 0 0
P 269 92 255 0 0
P 270 92 255 0 0
P 271 92 255 0 0
P 272 92 255 0 0
P 273 92 255 0 0
P 274 92 255 0 0
P 275 92 0 255 0
P 276 92 0 255 0
P 277 92 0 255 0
P 278 92 0 255 0
P 279 92 0 255 0
P 280 92 0 255 0
P 281 92 0 255 0
P 282 92 0 255 0
P 283 92 0 255 0
P 284 92 0 255 0
P 285 92 0 255 0
P 286 92 0 255 0
P 287 92 0 255 0
P 288 92 0 255 0
P 289 92 0 255 0
P 290 92 0 255 0
P 291 92 0 255 0
P 20 93 0 255 0
P 21 93 0 255 0
P 22 93 255 0 0
P 23 93 255 0 0
P 24 93 255 0 0
P 25 93 255 0 0
P 26 93 255 0 0
P 27 93 255 0 0
P 28 93 255 0 0
P 29 93 255 0 0
P 30 93 255 0 0
P 31 93 255 0 0
P 32 93 255 0 0
P 33 93 255 0 0
P 34 93 255 0 0
P 35 93 255 0 0
P 36 93 255 0 0
P 37 93 0 255 255
P 38 93 0 255 255
P 39 93 255 255 0
P 40 93 255 255 0
P 41 93 255 255 0
P 42 93 255 255 0
P 43 93 255 255 0
P 44 93 255 255 0
P 45 93 255 255 0
P 46 93 255 255 0
P 47 93 255 255 0
P 48 93 255 255 0
P 49 93 255 255 0
P 50 93 255 255 0
P 51 93 255 255 0
P 52 93 255 255 0
P 53 93 255 255 0
P 54 93 0 0 255
P 55 93 0 0 255
P 56 93 255 0 0
P 57 93 255 0 0
P 58 93 255 0 0
P 59 93 255 0 0
P 60 93 255 0 0
P 61 93 255 0 0
P 62 93 255 0 0
P 63 93 255 0 0
P 64 93 255 0 0
P 65 93 255 0 0
P 66 93 255 0 0
P 67 93 255 0 0
P 68 93 255 0 0
P 69 93 255 0 0
P 70 93 255 0 0
P 71 93 0 255 255
P 72 93 0 255 255
P 73 93 255 0 255
P 74 93 255 0 255
P 75 93 255 0 255
P 76 93 255 0 255
P 77 93 255 0 255
P 78 93 255 0 255
P 79 93 255 0 255
P 80 93 255 0 255
P 81 93 255 0 255
P 82 93 255 0 255
P 83 93 255 0 255
P 84 93 255 0 255
P 85 93 255 0 255
P 86 93 255 0 255
P 87 93 255 0 255
P 88 93 0 255 0
P 89 93 0 255 0
P 90 93 255 0 0
P 91 93 255 0 0
P 92 93 255 0 0
P 93 93 255 0 0
P 94 93 255 0 0
P 95 93 255 0 0
P 96 93 255 0 0
P 97 93 255 0 0
P 98 93 255 0 0
P 99 93 255 0 0
P 100 93 255 0 0
P 101 93 255 0 0
P 102 93 255 0 0
P 103 93 255 0 0
P 104 93 255 0 0
P 105 93 255 0 255
P 106 93 255 0 255
P 107 93 255 255 0
P 108 93 255 255 0
P 109 93 255 255 0
P 110 93 255 255 0
P 111 93 255 255 0
P 112 93 255 255 0
P 113 93 255 255 0
P 114 93 255 255 0
P 115 93 255 255 0
P 116 93 255 255 0
P 117 93 255 255 0
P 118 93 255 255 0
P 119 93 255 255 0
P 120 93 255 255 0
P 121 93 255 255 0
P 122 93 255 255 255
P 123 93 255 255 255
P 124 93 255 0 0
P 125 93 255 0 0
P 126 93 255 0 0
P 127 93 255 0 0
P 128 93 255 0 0
P 129 93 255 0 0
P 130 93 255 0 0
P 131 93 255 0 0
P 132 93 255 0 0
P 133 93 255 0 0
P 134 93 255 0 0
P 135 93 255 0 0
P 136 93 255 0 0
P 137 93 255 0 0
P 138 93 255 0 0
P 139 93 0 0 255
P 140 93 0 0 255
P 141 93 0 255 255
P 142 93 0 255 255
P 143 93 0 255 255
P 144 93 0 255 255
P 145 93 0 255 255
P 146 93 0 255 255
P 147 93 0 255 255
P 148 93 0 255 255
P 149 93 0 255 255
P 150 93 0 255 255
P 151 93 0 255 255
P 152 93 0 255 255
P 153 93 0 255 255
P 154 93 0 255 255
P 155 93 0 255 255
P 156 93 0 255 0
P 157 93 0 255 0
P 158 93 255 0 0
P 159 93 255 0 0
P 160 93 255 0 0
P 161 93 255 0 0
P 162 93 255 0 0
P 163 93 255 0 0
P 164 93 255 0 0
P 165 93 255 0 0
P 166 93 255 0 0
P 167 93 255 0 0
P 168 93 255 0 0
P 169 93 255 0 0
P 170 93 255 0 0
P 171 93 255 0 0
P 172 93 255 0 0
P 173 93 0 0 255
P 174 93 0 0 255
P 175 93 0 255 0
P 176 93 0 255 0
P 177 93 0 255 0
P 178 93 0 255 0
P 179 93 0 255 0
P 180 93 0 255 0
P 181 93 0 255 0
P 182 93 0 255 0
P 183 93 0 255 0
P 184 93 0 255 0
P 185 93 0 255 0
P 186 93 0 255 0
P 187 93 0 255 0
P 188 93 0 255 0
P 189 93 0 255 0
P 190 93 255 255 0
P 191 93 255 255 0
P 192 93 255 0 0
P 193 93 255 0 0
P 194 93 255 0 0
P 195 93 255 0 0
P 196 93 255 0 0
P 197 93 255 0 0
P 198 93 255 0 0
P 199 93 255 0 0
P 200 93 255 0 0
P 201 93 255 0 0
P 202 93 255 0 0
P 203 93 255 0 0
P 204 93 255 0 0
P 205 93 255 0 0
P 206 93 255 0 0
P 207 93 0 0 255
P 208 93 0 0 255
P 209 93 0 255 0
P 210 93 0 255 0
P 211 93 0 255 0
P 212 93 0 255 0
P 213 93 0 255 0
P 214 93 0 255 0
P 215 93 0 255 0
P 216 93 0 255 0
P 217 93 0 255 0
P 218 93 0 255 0
P 219 93 0 255 0
P 220 93 0 255 0
P 221 93 0 255 0
P 222 93 0 255 0
P 223 93 0 255 0
P 224 93 255 255 0
P 225 93 255 255 0
P 226 93 255 0 0
P 227 93 255 0 0
P 228 93 255 0 0
P 229 93 255 0 0
P 230 93 255 0 0
P 231 93 255 0 0
P 232 93 255 0 0
P 233 93 255 0 0
P 234 93 255 0 0
P 235 93 255 0 0
P 236 93 255 0 0
P 237 93 255 0 0
P 238 93 255 0 0
P 239 93 255 0 0
P 240 93 255 0 0
P 241 93 0 0 255
P 242 93 0 0 255
P 243 93 0 255 0
P 244 93 0 255 0
P 245 93 0 255 0
P 246 93 0 255 0
P 247 93 0 255 0
P 248 93 0 255 0
P 249 93 0 255 0
P 250 93 0 255 0
P 251 93 0 255 0
P 252 93 0 255 0
P 253 93 0 255 0
P 254 93 0 255 0
P 255 93 0 255 0
P 256 93 0 255 0
P 257 93 0 255 0
P 258 93 255 255 0
P 259 93 255 255 0
P 260 93 255 0 0
P 261 93 255 0 0
P 262 93 255 0 0
P 263 93 255 0 0
P 264 93 255 0 0
P 265 93 255 0 0
P 266 93 255 0 0
P 267 93 255 0 0
P 268 93 255 0 0
P 269 93 255 0 0
P 270 93 255 0 0
P 271 93 255 0 0
P 272 93 255 0 0
P 273 93 255 0 0
P 274 93 255 0 0
P 275 93 0 0 255
P 276 93 0 0 255
P 277 93 0 255 0
P 278 93 0 255 0
P 279 93 0 255 0
P 280 93 0 255 0
P 281 93 0 255 0
P 282 93 0 255 0
P 283 93 0 255 0
P 284 93 0 255 0
P 285 93 0 255 0
P 286 93 0 255 0
P 287 93 0 255 0
P 288 93 0 255 0
P 289 93 0 255 0
P 290 93 0 255 0
P 291 93 0 255 0
P 20 94 0 255 0
P 21 94 0 255 0
P 22 94 0 255 0
P 23 94 0 255 0
P 24 94 255 0 0
P 25 94 255 0 0
P 26 94 255 0 0
P 27 94 255 0 0
P 28 94 255 0 0
P 29 94 255 0 0
P 30 94 255 0 0
P 31 94 255 0 0
P 32 94 255 0 0
P 33 94 255 0 0
P 34 94 255 0 0
P 35 94 255 0 0
P 36 94 255 0 0
P 37 94 0 255 255
P 38 94 0 255 255
P 39 94 0 255 255
P 40 94 255 255 0
P 41 94 255 255 0
P 42 94 255 255 0
P 43 94 255 255 0
P 44 94 255 255 0
P 45 94 255 255 0
P 46 94 255 255 0
P 47 94 255 255 0
P 48 94 255 255 0
P 49 94 255 255 0
P 50 94 255 255 0
P 51 94 255 255 0
P 52 94 255 255 0
P 53 94 255 255 0
P 54 94 0 0 255
P 55 94 0 0 255
P 56 94 0 0 255
P 57 94 255 0 0
P 58 94 255 0 0
P 59 94 255 0 0
P 60 94 255 0 0
P 61 94 255 0 0
P 62 94 255 0 0
P 63 94 255 0 0
P 64 94 255 0 0
P 65 94 255 0 0
P 66 94 255 0 0
P 67 94 255 0 0
P 68 94 255 0 0
P 69 94 255 0 0
P 70 94 255 0 0
P 71 94 0 255 255
P 72 94 0 255 255
P 73 94 0 255 255
P 74 94 0 255 255
P 75 94 255 0 255
P 76 94 255 0 255
P 77 94 255 0 255
P 78 94 255 0 255
P 79 94 255 0 255
P 80 94 255 0 255
P 81 94 255 0 255
P 82 94 255 0 255
P 83 94 255 0 255
P 84 94 255 0 255
P 85 94 255 0 255
P 86 94 255 0 255
P 87 94 255 0 255
P 88 94 0 255 0
P 89 94 0 255 0
P 90 94 0 255 0
P 91 94 0 255 0
P 92 94 255 0 0
P 93 94 255 0 0
P 94 94 255 0 0
P 95 94 255 0 0
P 96 94 255 0 0
P 97 94 255 0 0
P 98 94 255 0 0
P 99 94 255 0 0
P 100 94 255 0 0
P 101 94 255 0 0
P 102 94 255 0 0
P 103 94 255 0 0
P 104 94 255 0 0
P 105 94 255 0 255
P 106 94 255 0 255
P 107 94 255 0 255
P 108 94 255 0 255
P 109 94 255 255 0
P 110 94 255 255 0
P 111 94 255 255 0
P 112 94 255 255 0
P 113 94 255 255 0
P 114 94 255 255 0
P 115 94 255 255 0
P 116 94 255 255 0
P 117 94 255 255 0
P 118 94 255 255 0
P 119 94 255 255 0
P 120 94 255 255 0
P 121 94 255 255 0
P 122 94 255 255 255
P 123 94 255 255 255
P 124 94 255 255 255
P 125 94 255 255 255
P 126 94 255 0 0
P 127 94 255 0 0
P 128 94 255 0 0
P 129 94 255 0 0
P 130 94 255 0 0
P 131 94 255 0 0
P 132 94 255 0 0
P 133 94 255 0 0
P 134 94 255 0 0
P 135 94 255 0 0
P 136 94 255 0 0
P 137 94 255 0 0
P 138 94 255 0 0
P 139 94 0 0 255
P 140 94 0 0 255
P 141 94 0 0 255
P 142 94 0 255 255
P 143 94 0 255 255
P 144 94 0 255 255
P 145 94 0 255 255
P 146 94 0 255 255
P 147 94 0 255 255
P 148 94 0 255 255
P 149 94 0 255 255
P 150 94 0 255 255
P 151 94 0 255 255
P 152 94 0 255 255
P 153 94 0 255 255
P 154 94 0 255 255
P 155 94 0 255 255
P 156 94 0 255 0
P 157 94 0 255 0
P 158 94 0 255 0
P 159 94 255 0 0
P 160 94 255 0 0
P 161 94 255 0 0
P 162 94 255 0 0
P 163 94 255 0 0
P 164 94 255 0 0
P 165 94 255 0 0
P 166 94 255 0 0
P 167 94 255 0 0
P 168 94 255 0 0
P 169 94 255 0 0
P 170 94 255 0 0
P 171 94 255 0 0
P 172 94 255 0 0
P 173 94 0 0 255
P 174 94 0 0 255
P 175 94 0 0 255
P 176 94 0 0 255
P 177 94 0 255 0
P 178 94 0 255 0
P 179 94 0 255 0
P 180 94 0 255 0
P 181 94 0 255 0
P 182 94 0 255 0
P 183 94 0 255 0
P 184 94 0 255 0
P 185 94 0 255 0
P 186 94 0 255 0
P 187 94 0 255 0
P 188 94 0 255 0
P 189 94 0 255 0
P 190 94 255 255 0
P 191 94 255 255 0
P 192 94 255 255 0
P 193 94 255 0 0
P 194 94 255 0 0
P 195 94 255 0 0
P 196 94 255 0 0
P 197 94 255 0 0
P 198 94 255 0 0
P 199 94 255 0 0
P 200 94 255 0 0
P 201 94 255 0 0
P 202 94 255 0 0
P 203 94 255 0 0
P 204 94 255 0 0
P 205 94 255 0 0
P 206 94 255 0 0
P 207 94 0 0 255
P 208 94 0 0 255
P 209 94 0 0 255
P 210 94 0 255 0
P 211 94 0 255 0
P 212 94 0 255 0
P 213 94 0 255 0
P 214 94 0 255 0
P 215 94 0 255 0
P 216 94 0 255 0
P 217 94 0 255 0
P 218 94 0 255 0
P 219 94 0 255 0
P 220 94 0 255 0
P 221 94 0 255 0
P 222 94 0 255 0
P 223 94 0 255 0
P 224 94 255 255 0
P 225 94 255 255 0
P 226 94 255 255 0
P 227 94 255 255 0
P 228 94 255 0 0
P 229 94 255 0 0
P 230 94 255 0 0
P 231 94 255 0 0
P 232 94 255 0 0
P 233 94 255 0 0
P 234 94 255 0 0
P 235 94 255 0 0
P 236 94 255 0 0
P 237 94 255 0 0
P 238 94 255 0 0
P 239 94 255 0 0
P 240 94 255 0 0
P 241 94 0 0 255
P 242 94 0 0 255
P 243 94 0 0 255
P 244 94 0 255 0
P 245 94 0 255 0
P 246 94 0 255 0
P 247 94 0 255 0
P 248 94 0 255 0
P 249 94 0 255 0
P 250 94 0 255 0
P 251 94 0 255 0
P 252 94 0 255 0
P 253 94 0 255 0
P 254 94 0 255 0
P 255 94 0 255 0
P 256 94 0 255 0
P 257 94 0 255 0
P 258 94 255 255 0
P 259 94 255 255 0
P 260 94 255 255 0
P 261 94 255 0 0
P 262 94 255 0 0
P 263 94 255 0 0
P 264 94 255 0 0
P 265 94 255 0 0
P 266 94 255 0 0
P 267 94 255 0 0
P 268 94 255 0 0
P 269 94 255 0 0
P 270 94 255 0 0
P 271 94 255 0 0
P 272 94 255 0 0
P 273 94 255 0 0
P 274 94 255 0 0
P 275 94 0 0 255
P 276 94 0 0 255
P 277 94 0 0 255
P 278 94 0 255 0
P 279 94 0 255 0
P 280 94 0 255 0
P 281 94 0 255 0
P 282 94 0 255 0
P 283 94 0 255 0
P 284 94 0 255 0
P 285 94 0 255 0
P 286 94 0 255 0
P 287 94 0 255 0
P 288 94 0 255 0
P 289 94 0 255 0
P 290 94 0 255 0
P 291 94 0 255 0
P 20 95 0 255 0
P 21 95 0 255 0
P 22 95 0 255 0
P 23 95 0 255 0
P 24 95 0 255 0
P 25 95 255 0 0
P 26 95 255 0 0
P 27 95 255 0 0
P 28 95 255 0 0
P 29 95 255 0 0
P 30 95 255 0 0
P 31 95 255 0 0
P 32 95 255 0 0
P 33 95 255 0 0
P 34 95 255 0 0
P 35 95 255 0 0
P 36 95 255 0 0
P 37 95 0 255 255
P 38 95 0 255 255
P 39 95 0 255 255
P 40 95 0 255 255
P 41 95 0 255 255
P 42 95 255 255 0
P 43 95 255 255 0
P 44 95 255 255 0
P 45 95 255 255 0
P 46 95 255 255 0
P 47 95 255 255 0
P 48 95 255 255 0
P 49 95 255 255 0
P 50 95 255 255 0
P 51 95 255 255 0
P 52 95 255 255 0
P 53 95 255 255 0
P 54 95 0 0 255
P 55 95 0 0 255
P 56 95 0 0 255
P 57 95 0 0 255
P 58 95 0 0 255
P 59 95 255 0 0
P 60 95 255 0 0
P 61 95 255 0 0
P 62 95 255 0 0
P 63 95 255 0 0
P 64 95 255 0 0
P 65 95 255 0 0
P 66 95 255 0 0
P 67 95 255 0 0
P 68 95 255 0 0
P 69 95 255 0 0
P 70 95 255 0 0
P 71 95 0 255 255
P 72 95 0 255 255
P 73 95 0 255 255
P 74 95 0 255 255
P 75 95 0 255 255
P 76 95 255 0 255
P 77 95 255 0 255
P 78 95 255 0 255
P 79 95 255 0 255
P 80 95 255 0 255
P 81 95 255 0 255
P 82 95 255 0 255
P 83 95 255 0 255
P 84 95 255 0 255
P 85 95 255 0 255
P 86 95 255 0 255
P 87 95 255 0 255
P 88 95 0 255 0
P 89 95 0 255 0
P 90 95 0 255 0
P 91 95 0 255 0
P 92 95 0 255 0
P 93 95 255 0 0
P 94 95 255 0 0
P 95 95 255 0 0
P 96 95 255 0 0
P 97 95 255 0 0
P 98 95 255 0 0
P 99 95 255 0 0
P 100 95 255 0 0
P 101 95 255 0 0
P 102 95 255 0 0
P 103 95 255 0 0
P 104 95 255 0 0
P 105 95 255 0 255
P 106 95 255 0 255
P 107 95 255 0 255
P 108 95 255 0 255
P 109 95 255 0 255
P 110 95 255 255 0
P 111 95 255 255 0
P 112 95 255 255 0
P 113 95 255 255 0
P 114 95 255 255 0
P 115 95 255 255 0
P 116 95 255 255 0
P 117 95 255 255 0
P 118 95 255 255 0
P 119 95 255 255 0
P 120 95 255 255 0
P 121 95 255 255 0
P 122 95 255 255 255
P 123 95 255 255 255
P 124 95 255 255 255
P 125 95 255 255 255
P 126 95 255 255 255
P 127 95 255 0 0
P 128 95 255 0 0
P 129 95 255 0 0
P 130 95 255 0 0
P 131 95 255 0 0
P 132 95 255 0 0
P 133 95 255 0 0
P 134 95 255 0 0
P 135 95 255 0 0
P 136 95 255 0 0
P 137 95 255 0 0
P 138 95 255 0 0
P 139 95 0 0 255
P 140 95 0 0 255
P 141 95 0 0 255
P 142 95 0 0 255
P 143 95 0 0 255
P 144 95 0 255 255
P 145 95 0 255 255
P 146 95 0 255 255
P 147 95 0 255 255
P 148 95 0 255 255
P 149 95 0 255 255
P 150 95 0 255 255
P 151 95 0 255 255
P 152 95 0 255 255
P 153 95 0 255 255
P 154 95 0 255 255
P 155 95 0 255 255
P 156 95 0 255 0
P 157 95 0 255 0
P 158 95 0 255 0
P 159 95 0 255 0
P 160 95 0 255 0
P 161 95 255 0 0
P 162 95 255 0 0
P 163 95 255 0 0
P 164 95 255 0 0
P 165 95 255 0 0
P 166 95 255 0 0
P 167 95 255 0 0
P 168 95 255 0 0
P 169 95 255 0 0
P 170 95 255 0 0
P 171 95 255 0 0
P 172 95 255 0 0
P 173 95 0 0 255
P 174 95 0 0 255
P 175 95 0 0 255
P 176 95 0 0 255
P 177 95 0 0 255
P 178 95 0 255 0
P 179 95 0 255 0
P 180 95 0 255 0
P 181 95 0 255 0
P 182 95 0 255 0
P 183 95 0 255 0
P 184 95 0 255 0
P 185 95 0 255 0
P 186 95 0 255 0
P 187 95 0 255 0
P 188 95 0 255 0
P 189 95 0 255 0
P 190 95 255 255 0
P 191 95 255 255 0
P 192 95 255 255 0
P 193 95 255 255 0
P 194 95 255 255 0
P 195 95 255 0 0
P 196 95 255 0 0
P 197 95 255 0 0
P 198 95 255 0 0
P 199 95 255 0 0
P 200 95 255 0 0
P 201 95 255 0 0
P 202 95 255 0 0
P 203 95 255 0 0
P 204 95 255 0 0
P 205 95 255 0 0
P 206 95 255 0 0
P 207 95 0 0 255
P 208 95 0 0 255
P 209 95 0 0 255
P 210 95 0 0 255
P 211 95 0 0 255
P 212 95 0 255 0
P 213 95 0 255 0
P 214 95 0 255 0
P 215 95 0 255 0
P 216 95 0 255 0
P 217 95 0 255 0
P 218 95 0 255 0
P 219 95 0 255 0
P 220 95 0 255 0
P 221 95 0 255 0
P 222 95 0 255 0
P 223 95 0 255 0
P 224 95 255 255 0
P 225 95 255 255 0
P 226 95 255 255 0
P 227 95 255 255 0
P 228 95 255 255 0
P 229 95 255 0 0
P 230 95 255 0 0
P 231 95 255 0 0
P 232 95 255 0 0
P 233 95 255 0 0
P 234 95 255 0 0
P 235 95 255 0 0
P 236 95 255 0 0
P 237 95 255 0 0
P 238 95 255 0 0
P 239 95 255 0 0
P 240 95 255 0 0
P 241 95 0 0 255
P 242 95 0 0 255
P 243 95 0 0 255
P 244 95 0 0 255
P 245 95 0 0 255
P 246 95 0 255 0
P 247 95 0 255 0
P 248 95 0 255 0
P 249 95 0 255 0
P 250 95 0 255 0
P 251 95 0 255 0
P 252 95 0 255 0
P 253 95 0 255 0
P 254 95 0 255 0
P 255 95 0 255 0
P 256 95 0 255 0
P 257 95 0 255 0
P 258 95 255 255 0
P 259 95 255 255 0
P 260 95 255 255 0
P 261 95 255 255 0
P 262 95 255 255 0
P 263 95 255 0 0
P 264 95 255 0 0
P 265 95 255 0 0
P 266 95 255 0 0
P 267 95 255 0 0
P 268 95 255 0 0
P 269 95 255 0 0
P 270 95 255 0 0
P 271 95 255 0 0
P 272 95 255 0 0
P 273 95 255 0 0
P 274 95 255 0 0
P 275 95 0 0 255
P 276 95 0 0 255
P 277 95 0 0 255
P 278 95 0 0 255
P 279 95 0 0 255
P 280 95 0 255 0
P 281 95 0 255 0
P 282 95 0 255 0
P 283 95 0 255 0
P 284 95 0 255 0
P 285 95 0 255 0
P 286 95 0 255 0
P 287 95 0 255 0
P 288 95 0 255 0
P 289 95 0 255 0
P 290 95 0 255 0
P 291 95 0 255 0
P 20 96 0 255 0
P 21 96 0 255 0
P 22 96 0 255 0
P 23 96 0 255 0
P 24 96 0 255 0
P 25 96 0 255 0
P 26 96 255 0 0
P 27 96 255 0 0
P 28 96 255 0 0
P 29 96 255 0 0
P 30 96 255 0 0
P 31 96 255 0 0
P 32 96 255 0 0
P 33 96 255 0 0
P 34 96 255 0 0
P 35 96 255 0 0
P 36 96 255 0 0
P 37 96 0 255 255
P 38 96 0 255 255
P 39 96 0 255 255
P 40 96 0 255 255
P 41 96 0 255 255
P 42 96 0 255 255
P 43 96 255 255 0
P 44 96 255 255 0
P 45 96 255 255 0
P 46 96 255 255 0
P 47 96 255 255 0
P 48 96 255 255 0
P 49 96 255 255 0
P 50 96 255 255 0
P 51 96 255 255 0
P 52 96 255 255 0
P 53 96 255 255 0
P 54 96 0 0 255
P 55 96 0 0 255
P 56 96 0 0 255
P 57 96 0 0 255
P 58 96 0 0 255
P 59 96 0 0 255
P 60 96 255 0 0
P 61 96 255 0 0
P 62 96 255 0 0
P 63 96 255 0 0
P 64 96 255 0 0
P 65 96 255 0 0
P 66 96 255 0 0
P 67 96 255 0 0
P 68 96 255 0 0
P 69 96 255 0 0
P 70 96 255 0 0
P 71 96 0 255 255
P 72 96 0 255 255
P 73 96 0 255 255
P 74 96 0 255 255
P 75 96 0 255 255
P 76 96 0 255 255
P 77 96 255 0 255
P 78 96 255 0 255
P 79 96 255 0 255
P 80 96 255 0 255
P 81 96 255 0 255
P 82 96 255 0 255
P 83 96 255 0 255
P 84 96 255 0 255
P 85 96 255 0 255
P 86 96 255 0 255
P 87 96 255 0 255
P 88 96 0 255 0
P 89 96 0 255 0
P 90 96 0 255 0
P 91 96 0 255 0
P 92 96 0 255 0
P 93 96 0 255 0
P 94 96 255 0 0
P 95 96 255 0 0
P 96 96 255 0 0
P 97 96 255 0 0
P 98 96 255 0 0
P 99 96 255 0 0
P 100 96 255 0 0
P 101 96 255 0 0
P 102 96 255 0 0
P 103 96 255 0 0
P 104 96 255 0 0
P 105 96 255 0 255
P 106 96 255 0 255
P 107 96 255 0 255
P 108 96 255 0 255
P 109 96 255 0 255
P 110 96 255 0 255
P 111 96 255 255 0
P 112 96 255 255 0
P 113 96 255 255 0
P 114 96 255 255 0
P 115 96 255 255 0
P 116 96 255 255 0
P 117 96 255 255 0
P 118 96 255 255 0
P 119 96 255 255 0
P 120 96 255 255 0
P 121 96 255 255 0
P 122 96 255 255 255
P 123 96 255 255 255
P 124 96 255 255 255
P 125 96 255 255 255
P 126 96 255 255 255
P 127 96 255 255 255
P 128 96 255 0 0
P 129 96 255 0 0
P 130 96 255 0 0
P 131 96 255 0 0
P 132 96 255 0 0
P 133 96 255 0 0
P 134 96 255 0 0
P 135 96 255 0 0
P 136 96 255 0 0
P 137 96 255 0 0
P 138 96 255 0 0
P 139 96 0 0 255
P 140 96 0 0 255
P 141 96 0 0 255
P 142 96 0 0 255
P 143 96 0 0 255
P 144 96 0 0 255
P 145 96 0 255 255
P 146 96 0 255 255
P 147 96 0 255 255
P 148 96 0 255 255
P 149 96 0 255 255
P 150 96 0 255 255
P 151 96 0 255 255
P 152 96 0 255 255
P 153 96 0 255 255
P 154 96 0 255 255
P 155 96 0 255 255
P 156 96 0 255 0
P 157 96 0 255 0
P 158 96 0 255 0
P 159 96 0 255 0
P 160 96 0 255 0
P 161 96 0 255 0
P 162 96 255 0 0
P 163 96 255 0 0
P 164 96 255 0 0
P 165 96 255 0 0
P 166 96 255 0 0
P 167 96 255 0 0
P 168 96 255 0 0
P 169 96 255 0 0
P 170 96 255 0 0
P 171 96 255 0 0
P 172 96 255 0 0
P 173 96 0 0 255
P 174 96 0 0 255
P 175 96 0 0 255
P 176 96 0 0 255
P 177 96 0 0 255
P 178 96 0 0 255
P 179 96 0 255 0
P 180 96 0 255 0
P 181 96 0 255 0
P 182 96 0 255 0
P 183 96 0 255 0
P 184 96 0 255 0
P 185 96 0 255 0
P 186 96 0 255 0
P 187 96 0 255 0
P 188 96 0 255 0
P 189 96 0 255 0
P 190 96 255 255 0
P 191 96 255 255 0
P 192 96 255 255 0
P 193 96 255 255 0
P 194 96 255 255 0
P 195 96 255 255 0
P 196 96 255 0 0
P 197 96 255 0 0
P 198 96 255 0 0
P 199 96 255 0 0
P 200 96 255 0 0
P 201 96 255 0 0
P 202 96 255 0 0
P 203 96 255 0 0
P 204 96 255 0 0
P 205 96 255 0 0
P 206 96 255 0 0
P 207 96 0 0 255
P 208 96 0 0 255
P 209 96 0 0 255
P 210 96 0 0 255
P 211 96 0 0 255
P 212 96 0 0 255
P 213 96 0 255 0
P 214 96 0 255 0
P 215 96 0 255 0
P 216 96 0 255 0
P 217 96 0 255 0
P 218 96 0 255 0
P 219 96 0 255 0
P 220 96 0 255 0
P 221 96 0 255 0
P 222 96 0 255 0
P 223 96 0 255 0
P 224 96 255 255 0
P 225 96 255 255 0
P 226 96 255 255 0
P 227 96 255 255 0
P 228 96 255 255 0
P 229 96 255 255 0
P 230 96 255 0 0
P 231 96 255 0 0
P 232 96 255 0 0
P 233 96 255 0 0
P 234 96 255 0 0
P 235 96 255 0 0
P 236 96 255 0 0
P 237 96 255 0 0
P 238 96 255 0 0
P 239 96 255 0 0
P 240 96 255 0 0
P 241 96 0 0 255
P 242 96 0 0 255
P 243 96 0 0 255
P 244 96 0 0 255
P 245 96 0 0 255
P 246 96 0 0 255
P 247 96 0 255 0
P 248 96 0 255 0
P 249 96 0 255 0
P 250 96 0 255 0
P 251 96 0 255 0
P 252 96 0 255 0
P 253 96 0 255 0
P 254 96 0 255 0
P 255 96 0 255 0
P 256 96 0 255 0
P 257 96 0 255 0
P 258 96 255 255 0
P 259 96 255 255 0
P 260 96 255 255 0
P 261 96 255 255 0
P 262 96 255 255 0
P 263 96 255 255 0
P 264 96 255 0 0
P 265 96 255 0 0
P 266 96 255 0 0
P 267 96 255 0 0
P 268 96 255 0 0
P 269 96 255 0 0
P 270 96 255 0 0
P 271 96 255 0 0
P 272 96 255 0 0
P 273 96 255 0 0
P 274 96 255 0 0
P 275 96 0 0 255
P 276 96 0 0 255
P 277 96 0 0 255
P 278 96 0 0 255
P 279 96 0 0 255
P 280 96 0 0 255
P 281 96 0 255 0
P 282 96 0 255 0
P 283 96 0 255 0
P 284 96 0 255 0
P 285 96 0 255 0
P 286 96 0 255 0
P 287 96 0 255 0
P 288 96 0 255 0
P 289 96 0 255 0
P 290 96 0 255 0
P 291 96 0 255 0
P 20 97 0 255 0
P 21 97 0 255 0
P 22 97 0 255 0
P 23 97 0 255 0
P 24 97 0 255 0
P 25 97 0 255 0
P 26 97 0 255 0
P 27 97 0 255 0
P 28 97 255 0 0
P 29 97 255 0 0
P 30 97 255 0 0
P 31 97 255 0 0
P 32 97 255 0 0
P 33 97 255 0 0
P 34 97 255 0 0
P 35 97 255 0 0
P 36 97 255 0 0
P 37 97 0 255 255
P 38 97 0 255 255
P 39 97 0 255 255
P 40 97 0 255 255
P 41 97 0 255 255
P 42 97 0 255 255
P 43 97 0 255 255
P 44 97 0 255 255
P 45 97 255 255 0
P 46 97 255 255 0
P 47 97 255 255 0
P 48 97 255 255 0
P 49 97 255 255 0
P 50 97 255 255 0
P 51 97 255 255 0
P 52 97 255 255 0
P 53 97 255 255 0
P 54 97 0 0 255
P 55 97 0 0 255
P 56 97 0 0 255
P 57 97 0 0 255
P 58 97 0 0 255
P 59 97 0 0 255
P 60 97 0 0 255
P 61 97 0 0 255
P 62 97 255 0 0
P 63 97 255 0 0
P 64 97 255 0 0
P 65 97 255 0 0
P 66 97 255 0 0
P 67 97 255 0 0
P 68 97 255 0 0
P 69 97 255 0 0
P 70 97 255 0 0
P 71 97 0 255 255
P 72 97 0 255 255
P 73 97 0 255 255
P 74 97 0 255 255
P 75 97 0 255 255
P 76 97 0 255 255
P 77 97 0 255 255
P 78 97 0 255 255
P 79 97 255 0 255
P 80 97 255 0 255
P 81 97 255 0 255
P 82 97 255 0 255
P 83 97 255 0 255
P 84 97 255 0 255
P 85 97 255 0 255
P 86 97 255 0 255
P 87 97 255 0 255
P 88 97 0 255 0
P 89 97 0 255 0
P 90 97 0 255 0
P 91 97 0 255 0
P 92 97 0 255 0
P 93 97 0 255 0
P 94 97 0 255 0
P 95 97 0 255 0
P 96 97 255 0 0
P 97 97 255 0 0
P 98 97 255 0 0
P 99 97 255 0 0
P 100 97 255 0 0
P 101 97 255 0 0
P 102 97 255 0 0
P 103 97 255 0 0
P 104 97 255 0 0
P 105 97 255 0 255
P 106 97 255 0 255
P 107 97 255 0 255
P 108 97 255 0 255
P 109 97 255 0 255
P 110 97 255 0 255
P 111 97 255 0 255
P 112 97 255 0 255
P 113 97 255 255 0
P 114 97 255 255 0
P 115 97 255 255 0
P 116 97 255 255 0
P 117 97 255 255 0
P 118 97 255 255 0
P 119 97 255 255 0
P 120 97 255 255 0
P 121 97 255 255 0
P 122 97 255 255 255
P 123 97 255 255 255
P 124 97 255 255 255
P 125 97 255 255 255
P 126 97 255 255 255
P 127 97 255 255 255
P 128 97 255 255 255
P 129 97 255 255 255
P 130 97 255 0 0
P 131 97 255 0 0
P 132 97 255 0 0
P 133 97 255 0 0
P 134 97 255 0 0
P 135 97 255 0 0
P 136 97 255 0 0
P 137 97 255 0 0
P 138 97 255 0 0
P 139 97 0 0 255
P 140 97 0 0 255
P 141 97 0 0 255
P 142 97 0 0 255
P 143 97 0 0 255
P 144 97 0 0 255
P 145 97 0 0 255
P 146 97 0 0 255
P 147 97 0 255 255
P 148 97 0 255 255
P 149 97 0 255 255
P 150 97 0 255 255
P 151 97 0 255 255
P 152 97 0 255 255
P 153 97 0 255 255
P 154 97 0 255 255
P 155 97 0 255 255
P 156 97 0 255 0
P 157 97 0 255 0
P 158 97 0 255 0
P 159 97 0 255 0
P 160 97 0 255 0
P 161 97 0 255 0
P 162 97 0 255 0
P 163 97 0 255 0
P 164 97 255 0 0
P 165 97 255 0 0
P 166 97 255 0 0
P 167 97 255 0 0
P 168 97 255 0 0
P 169 97 255 0 0
P 170 97 255 0 0
P 171 97 255 0 0
P 172 97 255 0 0
P 173 97 0 0 255
P 174 97 0 0 255
P 175 97 0 0 255
P 176 97 0 0 255
P 177 97 0 0 255
P 178 97 0 0 255
P 179 97 0 0 255
P 180 97 0 0 255
P 181 97 0 255 0
P 182 97 0 255 0
P 183 97 0 255 0
P 184 97 0 255 0
P 185 97 0 255 0
P 186 97 0 255 0
P 187 97 0 255 0
P 188 97 0 255 0
P 189 97 0 255 0
P 190 97 255 255 0
P 191 97 255 255 0
P 192 97 255 255 0
P 193 97 255 255 0
P 194 97 255 255 0
P 195 97 255 255 0
P 196 97 255 255 0
P 197 97 255 255 0
P 198 97 255 0 0
P 199 97 255 0 0
P 200 97 255 0 0
P 201 97 255 0 0
P 202 97 255 0 0
P 203 97 255 0 0
P 204 97 255 0 0
P 205 97 255 0 0
P 206 97 255 0 0
P 207 97 0 0 255
P 208 97 0 0 255
P 209 97 0 0 255
P 210 97 0 0 255
P 211 97 0 0 255
P 212 97 0 0 255
P 213 97 0 0 255
P 214 97 0 0 255
P 215 97 0 255 0
P 216 97 0 255 0
P 217 97 0 255 0
P 218 97 0 255 0
P 219 97 0 255 0
P 220 97 0 255 0
P 221 97 0 255 0
P 222 97 0 255 0
P 223 97 0 255 0
P 224 97 255 255 0
P 225 97 255 255 0
P 226 97 255 255 0
P 227 97 255 255 0
P 228 97 255 255 0
P 229 97 255 255 0
P 230 97 255 255 0
P 231 97 255 255 0
P 232 97 255 0 0
P 233 97 255 0 0
P 234 97 255 0 0
P 235 97 255 0 0
P 236 97 255 0 0
P 237 97 255 0 0
P 238 97 255 0 0
P 239 97 255 0 0
P 240 97 255 0 0
P 241 97 0 0 255
P 242 97 0 0 255
P 243 97 0 0 255
P 244 97 0 0 255
P 245 97 0 0 255
P 246 97 0 0 255
P 247 97 0 0 255
P 248 97 0 255 0
P 249 97 0 255 0
P 250 97 0 255 0
P 251 97 0 255 0
P 252 97 0 255 0
P 253 97 0 255 0
P 254 97 0 255 0
P 255 97 0 255 0
P 256 97 0 255 0
P 257 97 0 255 0
P 258 97 255 255 0
P 259 97 255 255 0
P 260 97 255 255 0
P 261 97 255 255 0
P 262 97 255 255 0
P 263 97 255 255 0
P 264 97 255 255 0
P 265 97 255 255 0
P 266 97 255 0 0
P 267 97 255 0 0
P 268 97 255 0 0
P 269 97 255 0 0
P 270 97 255 0 0
P 271 97 255 0 0
P 272 97 255 0 0
P 273 97 255 0 0
P 274 97 255 0 0
P 275 97 0 0 255
P 276 97 0 0 255
P 277 97 0 0 255
P 278 97 0 0 255
P 279 97 0 0 255
P 280 97 0 0 255
P 281 97 0 0 255
P 282 97 0 0 255
P 283 97 0 255 0
P 284 97 0 255 0
P 285 97 0 255 0
P 286 97 0 255 0
P 287 97 0 255 0
P 288 97 0 255 0
P 289 97 0 255 0
P 290 97 0 255 0
P 291 97 0 255 0
P 20 98 0 255 0
P 21 98 0 255 0
P 22 98 0 255 0
P 23 98 0 255 0
P 24 98 0 255 0
P 25 98 0 255 0
P 26 98 0 255 0
P 27 98 0 255 0
P 28 98 0 255 0
P 29 98 255 0 0
P 30 98 255 0 0
P 31 98 255 0 0
P 32 98 255 0 0
P 33 98 255 0 0
P 34 98 255 0 0
P 35 98 255 0 0
P 36 98 255 0 0
P 37 98 0 255 255
P 38 98 0 255 255
P 39 98 0 255 255
P 40 98 0 255 255
P 41 98 0 255 255
P 42 98 0 255 255
P 43 98 0 255 255
P 44 98 0 255 255
P 45 98 0 255 255
P 46 98 255 255 0
P 47 98 255 255 0
P 48 98 255 255 0
P 49 98 255 255 0
P 50 98 255 255 0
P 51 98 255 255 0
P 52 98 255 255 0
P 53 98 255 255 0
P 54 98 0 0 255
P 55 98 0 0 255
P 56 98 0 0 255
P 57 98 0 0 255
P 58 98 0 0 255
P 59 98 0 0 255
P 60 98 0 0 255
P 61 98 0 0 255
P 62 98 0 0 255
P 63 98 255 0 0
P 64 98 255 0 0
P 65 98 255 0 0
P 66 98 255 0 0
P 67 98 255 0 0
P 68 98 255 0 0
P 69 98 255 0 0
P 70 98 255 0 0
P 71 98 0 255 255
P 72 98 0 255 255
P 73 98 0 255 255
P 74 98 0 255 255
P 75 98 0 255 255
P 76 98 0 255 255
P 77 98 0 255 255
P 78 98 0 255 255
P 79 98 0 255 255
P 80 98 255 0 255
P 81 98 255 0 255
P 82 98 255 0 255
P 83 98 255 0 255
P 84 98 255 0 255
P 85 98 255 0 255
P 86 98 255 0 255
P 87 98 255 0 255
P 88 98 0 255 0
P 89 98 0 255 0
P 90 98 0 255 0
P 91 98 0 255 0
P 92 98 0 255 0
P 93 98 0 255 0
P 94 98 0 255 0
P 95 98 0 255 0
P 96 98 0 255 0
P 97 98 255 0 0
P 98 98 255 0 0
P 99 98 255 0 0
P 100 98 255 0 0
P 101 98 255 0 0
P 102 98 255 0 0
P 103 98 255 0 0
P 104 98 255 0 0
P 105 98 255 0 255
P 106 98 255 0 255
P 107 98 255 0 255
P 108 98 255 0 255
P 109 98 255 0 255
P 110 98 255 0 255
P 111 98 255 0 255
P 112 98 255 0 255
P 113 98 255 0 255
P 114 98 255 255 0
P 115 98 255 255 0
P 116 98 255 255 0
P 117 98 255 255 0
P 118 98 255 255 0
P 119 98 255 255 0
P 120 98 255 255 0
P 121 98 255 255 0
P 122 98 255 255 255
P 123 98 255 255 255
P 124 98 255 255 255
P 125 98 255 255 255
P 126 98 255 255 255
P 127 98 255 255 255
P 128 98 255 255 255
P 129 98 255 255 255
P 130 98 255 255 255
P 131 98 255 0 0
P 132 98 255 0 0
P 133 98 255 0 0
P 134 98 255 0 0
P 135 98 255 0 0
P 136 98 255 0 0
P 137 98 255 0 0
P 138 98 255 0 0
P 139 98 0 0 255
P 140 98 0 0 255
P 141 98 0 0 255
P 142 98 0 0 255
P 143 98 0 0 255
P 144 98 0 0 255
P 145 98 0 0 255
P 146 98 0 0 255
P 147 98 0 0 255
P 148 98 0 255 255
P 149 98 0 255 255
P 150 98 0 255 255
P 151 98 0 255 255
P 152 98 0 255 255
P 153 98 0 255 255
P 154 98 0 255 255
P 155 98 0 255 255
P 156 98 0 255 0
P 157 98 0 255 0
P 158 98 0 255 0
P 159 98 0 255 0
P 160 98 0 255 0
P 161 98 0 255 0
P 162 98 0 255 0
P 163 98 0 255 0
P 164 98 0 255 0
P 165 98 255 0 0
P 166 98 255 0 0
P 167 98 255 0 0
P 168 98 255 0 0
P 169 98 255 0 0
P 170 98 255 0 0
P 171 98 255 0 0
P 172 98 255 0 0
P 173 98 0 0 255
P 174 98 0 0 255
P 175 98 0 0 255
P 176 98 0 0 255
P 177 98 0 0 255
P 178 98 0 0 255
P 179 98 0 0 255
P 180 98 0 0 255
P 181 98 0 0 255
P 182 98 0 255 0
P 183 98 0 255 0
P 184 98 0 255 0
P 185 98 0 255 0
P 186 98 0 255 0
P 187 98 0 255 0
P 188 98 0 255 0
P 189 98 0 255 0
P 190 98 255 255 0
P 191 98 255 255 0
P 192 98 255 255 0
P 193 98 255 255 0
P 194 98 255 255 0
P 195 98 255 255 0
P 196 98 255 255 0
P 197 98 255 255 0
P 198 98 255 255 0
P 199 98 255 0 0
P 200 98 255 0 0
P 201 98 255 0 0
P 202 98 255 0 0
P 203 98 255 0 0
P 204 98 255 0 0
P 205 98 255 0 0
P 206 98 255 0 0
P 207 98 0 0 255
P 208 98 0 0 255
P 209 98 0 0 255
P 210 98 0 0 255
P 211 98 0 0 255
P 212 98 0 0 255
P 213 98 0 0 255
P 214 98 0 0 255
P 215 98 0 0 255
P 216 98 0 255 0
P 217 98 0 255 0
P 218 98 0 255 0
P 219 98 0 255 0
P 220 98 0 255 0
P 221 98 0 255 0
P 222 98 0 255 0
P 223 98 0 255 0
P 224 98 255 255 0
P 225 98 255 255 0
P 226 98 255 255 0
P 227 98 255 255 0
P 228 98 255 255 0
P 229 98 255 255 0
P 230 98 255 255 0
P 231 98 255 255 0
P 232 98 255 255 0
P 233 98 255 0 0
P 234 98 255 0 0
P 235 98 255 0 0
P 236 98 255 0 0
P 237 98 255 0 0
P 238 98 255 0 0
P 239 98 255 0 0
P 240 98 255 0 0
P 241 98 0 0 255
P 242 98 0 0 255
P 243 98 0 0 255
P 244 98 0 0 255
P 245 98 0 0 255
P 246 98 0 0 255
P 247 98 0 0 255
P 248 98 0 0 255
P 249 98 0 0 255
P 250 98 0 255 0
P 251 98 0 255 0
P 252 98 0 255 0
P 253 98 0 255 0
P 254 98 0 255 0
P 255 98 0 255 0
P 256 98 0 255 0
P 257 98 0 255 0
P 258 98 255 255 0
P 259 98 255 255 0
P 260 98 255 255 0
P 261 98 255 255 0
P 262 98 255 255 0
P 263 98 255 255 0
P 264 98 255 255 0
P 265 98 255 255 0
P 266 98 255 255 0
P 267 98 255 0 0
P 268 98 255 0 0
P 269 98 255 0 0
P 270 98 255 0 0
P 271 98 255 0 0
P 272 98 255 0 0
P 273 98 255 0 0
P 274 98 255 0 0
P 275 98 0 0 255
P 276 98 0 0 255
P 277 98 0 0 255
P 278 98 0 0 255
P 279 98 0 0 255
P 280 98 0 0 255
P 281 98 0 0 255
P 282 98 0 0 255
P 283 98 0 0 255
P 284 98 0 255 0
P 285 98 0 255 0
P 286 98 0 255 0
P 287 98 0 255 0
P 288 98 0 255 0
P 289 98 0 255 0
P 290 98 0 255 0
P 291 98 0 255 0
P 20 99 0 255 0
P 21 99 0 255 0
P 22 99 0 255 0
P 23 99 0 255 0
P 24 99 0 255 0
P 25 99 0 255 0
P 26 99 0 255 0
P 27 99 0 255 0
P 28 99 0 255 0
P 29 99 0 255 0
P 30 99 255 0 0
P 31 99 255 0 0
P 32 99 255 0 0
P 33 99 255 0 0
P 34 99 255 0 0
P 35 99 255 0 0
P 36 99 255 0 0
P 37 99 0 255 255
P 38 99 0 255 255
P 39 99 0 255 255
P 40 99 0 255 255
P 41 99 0 255 255
P 42 99 0 255 255
P 43 99 0 255 255
P 44 99 0 255 255
P 45 99 0 255 255
P 46 99 0 255 255
P 47 99 0 255 255
P 48 99 255 255 0
P 49 99 255 255 0
P 50 99 255 255 0
P 51 99 255 255 0
P 52 99 255 255 0
P 53 99 255 255 0
P 54 99 0 0 255
P 55 99 0 0 255
P 56 99 0 0 255
P 57 99 0 0 255
P 58 99 0 0 255
P 59 99 0 0 255
P 60 99 0 0 255
P 61 99 0 0 255
P 62 99 0 0 255
P 63 99 0 0 255
P 64 99 255 0 0
P 65 99 255 0 0
P 66 99 255 0 0
P 67 99 255 0 0
P 68 99 255 0 0
P 69 99 255 0 0
P 70 99 255 0 0
P 71 99 0 255 255
P 72 99 0 255 255
P 73 99 0 255 255
P 74 99 0 255 255
P 75 99 0 255 255
P 76 99 0 255 255
P 77 99 0 255 255
P 78 99 0 255 255
P 79 99 0 255 255
P 80 99 0 255 255
P 81 99 255 0 255
P 82 99 255 0 255
P 83 99 255 0 255
P 84 99 255 0 255
P 85 99 255 0 255
P 86 99 255 0 255
P 87 99 255 0 255
P 88 99 0 255 0
P 89 99 0 255 0
P 90 99 0 255 0
P 91 99 0 255 0
P 92 99 0 255 0
P 93 99 0 255 0
P 94 99 0 255 0
P 95 99 0 255 0
P 96 99 0 255 0
P 97 99 0 255 0
P 98 99 255 0 0
P 99 99 255 0 0
P 100 99 255 0 0
P 101 99 255 0 0
P 102 99 255 0 0
P 103 99 255 0 0
P 104 99 255 0 0
P 105 99 255 0 255
P 106 99 255 0 255
P 107 99 255 0 255
P 108 99 255 0 255
P 109 99 255 0 255
P 110 99 255 0 255
P 111 99 255 0 255
P 112 99 255 0 255
P 113 99 255 0 255
P 114 99 255 0 255
P 115 99 255 0 255
P 116 99 255 255 0
P 117 99 255 255 0
P 118 99 255 255 0
P 119 99 255 255 0
P 120 99 255 255 0
P 121 99 255 255 0
P 122 99 255 255 255
P 123 99 255 255 255
P 124 99 255 255 255
P 125 99 255 255 255
P 126 99 255 255 255
P 127 99 255 255 255
P 128 99 255 255 255
P 129 99 255 255 255
P 130 99 255 255 255
P 131 99 255 255 255
P 132 99 255 255 255
P 133 99 255 0 0
P 134 99 255 0 0
P 135 99 255 0 0
P 136 99 255 0 0
P 137 99 255 0 0
P 138 99 255 0 0
P 139 99 0 0 255
P 140 99 0 0 255
P 141 99 0 0 255
P 142 99 0 0 255
P 143 99 0 0 255
P 144 99 0 0 255
P 145 99 0 0 255
P 146 99 0 0 255
P 147 99 0 0 255
P 148 99 0 0 255
P 149 99 0 255 255
P 150 99 0 255 255
P 151 99 0 255 255
P 152 99 0 255 255
P 153 99 0 255 255
P 154 99 0 255 255
P 155 99 0 255 255
P 156 99 0 255 0
P 157 99 0 255 0
P 158 99 0 255 0
P 159 99 0 255 0
P 160 99 0 255 0
P 161 99 0 255 0
P 162 99 0 255 0
P 163 99 0 255 0
P 164 99 0 255 0
P 165 99 0 255 0
P 166 99 255 0 0
P 167 99 255 0 0
P 168 99 255 0 0
P 169 99 255 0 0
P 170 99 255 0 0
P 171 99 255 0 0
P 172 99 255 0 0
P 173 99 0 0 255
P 174 99 0 0 255
P 175 99 0 0 255
P 176 99 0 0 255
P 177 99 0 0 255
P 178 99 0 0 255
P 179 99 0 0 255
P 180 99 0 0 255
P 181 99 0 0 255
P 182 99 0 0 255
P 183 99 0 0 255
P 184 99 0 255 0
P 185 99 0 255 0
P 186 99 0 255 0
P 187 99 0 255 0
P 188 99 0 255 0
P 189 99 0 255 0
P 190 99 255 255 0
P 191 99 255 255 0
P 192 99 255 255 0
P 193 99 255 255 0
P 194 99 255 255 0
P 195 99 255 255 0
P 196 99 255 255 0
P 197 99 255 255 0
P 198 99 255 255 0
P 199 99 255 255 0
P 200 99 255 255 0
P 201 99 255 0 0
P 202 99 255 0 0
P 203 99 255 0 0
P 204 99 255 0 0
P 205 99 255 0 0
P 206 99 255 0 0
P 207 99 0 0 255
P 208 99 0 0 255
P 209 99 0 0 255
P 210 99 0 0 255
P 211 99 0 0 255
P 212 99 0 0 255
P 213 99 0 0 255
P 214 99 0 0 255
P 215 99 0 0 255
P 216 99 0 0 255
P 217 99 0 0 255
P 218 99 0 255 0
P 219 99 0 255 0
P 220 99 0 255 0
P 221 99 0 255 0
P 222 99 0 255 0
P 223 99 0 255 0
P 224 99 255 255 0
P 225 99 255 255 0
P 226 99 255 255 0
P 227 99 255 255 0
P 228 99 255 255 0
P 229 99 255 255 0
P 230 99 255 255 0
P 231 99 255 255 0
P 232 99 255 255 0
P 233 99 255 255 0
P 234 99 255 255 0
P 235 99 255 0 0
P 236 99 255 0 0
P 237 99 255 0 0
P 238 99 255 0 0
P 239 99 255 0 0
P 240 99 255 0 0
P 241 99 0 0 255
P 242 99 0 0 255
P 243 99 0 0 255
P 244 99 0 0 255
P 245 99 0 0 255
P 246 99 0 0 255
P 247 99 0 0 255
P 248 99 0 0 255
P 249 99 0 0 255
P 250 99 0 0 255
P 251 99 0 255 0
P 252 99 0 255 0
P 253 99 0 255 0
P 254 99 0 255 0
P 255 99 0 255 0
P 256 99 0 255 0
P 257 99 0 255 0
P 258 99 255 255 0
P 259 99 255 255 0
P 260 99 255 255 0
P 261 99 255 255 0
P 262 99 255 255 0
P 263 99 255 255 0
P 264 99 255 255 0
P 265 99 255 255 0
P 266 99 255 255 0
P 267 99 255 255 0
P 268 99 255 255 0
P 269 99 255 0 0
P 270 99 255 0 0
P 271 99 255 0 0
P 272 99 255 0 0
P 273 99 255 0 0
P 274 99 255 0 0
P 275 99 0 0 255
P 276 99 0 0 255
P 277 99 0 0 255
P 278 99 0 0 255
P 279 99 0 0 255
P 280 99 0 0 255
P 281 99 0 0 255
P 282 99 0 0 255
P 283 99 0 0 255
P 284 99 0 0 255
P 285 99 0 255 0
P 286 99 0 255 0
P 287 99 0 255 0
P 288 99 0 255 0
P 289 99 0 255 0
P 290 99 0 255 0
P 291 99 0 255 0
P 20 100 0 255 0
P 21 100 0 255 0
P 22 100 0 255 0
P 23 100 0 255 0
P 24 100 0 255 0
P 25 100 0 255 0
P 26 100 0 255 0
P 27 100 0 255 0
P 28 100 0 255 0
P 29 100 0 255 0
P 30 100 0 255 0
P 31 100 0 255 0
P 32 100 255 0 0
P 33 100 255 0 0
P 34 100 255 0 0
P 35 100 255 0 0
P 36 100 255 0 0
P 37 100 0 255 255
P 38 100 0 255 255
P 39 100 0 255 255
P 40 100 0 255 255
P 41 100 0 255 255
P 42 100 0 255 255
P 43 100 0 255 255
P 44 100 0 255 255
P 45 100 0 255 255
P 46 100 0 255 255
P 47 100 0 255 255
P 48 100 0 255 255
P 49 100 255 255 0
P 50 100 255 255 0
P 51 100 255 255 0
P 52 100 255 255 0
P 53 100 255 255 0
P 54 100 0 0 255
P 55 100 0 0 255
P 56 100 0 0 255
P 57 100 0 0 255
P 58 100 0 0 255
P 59 100 0 0 255
P 60 100 0 0 255
P 61 100 0 0 255
P 62 100 0 0 255
P 63 100 0 0 255
P 64 100 0 0 255
P 65 100 0 0 255
P 66 100 255 0 0
P 67 100 255 0 0
P 68 100 255 0 0
P 69 100 255 0 0
P 70 100 255 0 0
P 71 100 0 255 255
P 72 100 0 255 255
P 73 100 0 255 255
P 74 100 0 255 255
P 75 100 0 255 255
P 76 100 0 255 255
P 77 100 0 255 255
P 78 100 0 255 255
P 79 100 0 255 255
P 80 100 0 255 255
P 81 100 0 255 255
P 82 100 0 255 255
P 83 100 255 0 255
P 84 100 255 0 255
P 85 100 255 0 255
P 86 100 255 0 255
P 87 100 255 0 255
P 88 100 0 255 0
P 89 100 0 255 0
P 90 100 0 255 0
P 91 100 0 255 0
P 92 100 0 255 0
P 93 100 0 255 0
P 94 100 0 255 0
P 95 100 0 255 0
P 96 100 0 255 0
P 97 100 0 255 0
P 98 100 0 255 0
P 99 100 0 255 0
P 100 100 255 0 0
P 101 100 255 0 0
P 102 100 255 0 0
P 103 100 255 0 0
P 104 100 255 0 0
P 105 100 255 0 255
P 106 100 255 0 255
P 107 100 255 0 255
P 108 100 255 0 255
P 109 100 255 0 255
P 110 100 255 0 255
P 111 100 255 0 255
P 112 100 255 0 255
P 113 100 255 0 255
P 114 100 255 0 255
P 115 100 255 0 255
P 116 100 255 0 255
P 117 100 255 255 0
P 118 100 255 255 0
P 119 100 255 255 0
P 120 100 255 255 0
P 121 100 255 255 0
P 122 100 255 255 255
P 123 100 255 255 255
P 124 100 255 255 255
P 125 100 255 255 255
P 126 100 255 255 255
P 127 100 255 255 255
P 128 100 255 255 255
P 129 100 255 255 255
P 130 100 255 255 255
P 131 100 255 255 255
P 132 100 255 255 255
P 133 100 255 255 255
P 134 100 255 0 0
P 135 100 255 0 0
P 136 100 255 0 0
P 137 100 255 0 0
P 138 100 255 0 0
P 139 100 0 0 255
P 140 100 0 0 255
P 141 100 0 0 255
P 142 100 0 0 255
P 143 100 0 0 255
P 144 100 0 0 255
P 145 100 0 0 255
P 146 100 0 0 255
P 147 100 0 0 255
P 148 100 0 0 255
P 149 100 0 0 255
P 150 100 0 0 255
P 151 100 0 255 255
P 152 100 0 255 255
P 153 100 0 255 255
P 154 100 0 255 255
P 155 100 0 255 255
P 156 100 0 255 0
P 157 100 0 255 0
P 158 100 0 255 0
P 159 100 0 255 0
P 160 100 0 255 0
P 161 100 0 255 0
P 162 100 0 255 0
P 163 100 0 255 0
P 164 100 0 255 0
P 165 100 0 255 0
P 166 100 0 255 0
P 167 100 0 255 0
P 168 100 255 0 0
P 169 100 255 0 0
P 170 100 255 0 0
P 171 100 255 0 0
P 172 100 255 0 0
P 173 100 0 0 255
P 174 100 0 0 255
P 175 100 0 0 255
P 176 100 0 0 255
P 177 100 0 0 255
P 178 100 0 0 255
P 179 100 0 0 255
P 180 100 0 0 255
P 181 100 0 0 255
P 182 100 0 0 255
P 183 100 0 0 255
P 184 100 0 0 255
P 185 100 0 255 0
P 186 100 0 255 0
P 187 100 0 255 0
P 188 100 0 255 0
P 189 100 0 255 0
P 190 100 255 255 0
P 191 100 255 255 0
P 192 100 255 255 0
P 193 100 255 255 0
P 194 100 255 255 0
P 195 100 255 255 0
P 196 100 255 255 0
P 197 100 255 255 0
P 198 100 255 255 0
P 199 100 255 255 0
P 200 100 255 255 0
P 201 100 255 255 0
P 202 100 255 0 0
P 203 100 255 0 0
P 204 100 255 0 0
P 205 100 255 0 0
P 206 100 255 0 0
P 207 100 0 0 255
P 208 100 0 0 255
P 209 100 0 0 255
P 210 100 0 0 255
P 211 100 0 0 255
P 212 100 0 0 255
P 213 100 0 0 255
P 214 100 0 0 255
P 215 100 0 0 255
P 216 100 0 0 255
P 217 100 0 0 255
P 218 100 0 0 255
P 219 100 0 255 0
P 220 100 0 255 0
P 221 100 0 255 0
P 222 100 0 255 0
P 223 100 0 255 0
P 224 100 255 255 0
P 225 100 255 255 0
P 226 100 255 255 0
P 227 100 255 255 0
P 228 100 255 255 0
P 229 100 255 255 0
P 230 100 255 255 0
P 231 100 255 255 0
P 232 100 255 255 0
P 233 100 255 255 0
P 234 100 255 255 0
P 235 100 255 255 0
P 236 100 255 0 0
P 237 100 255 0 0
P 238 100 255 0 0
P 239 100 255 0 0
P 240 100 255 0 0
P 241 100 0 0 255
P 242 100 0 0 255
P 243 100 0 0 255
P 244 100 0 0 255
P 245 100 0 0 255
P 246 100 0 0 255
P 247 100 0 0 255
P 248 100 0 0 255
P 249 100 0 0 255
P 250 100 0 0 255
P 251 100 0 0 255
P 252 100 0 0 255
P 253 100 0 255 0
P 254 100 0 255 0
P 255 100 0 255 0
P 256 100 0 255 0
P 257 100 0 255 0
P 258 100 255 255 0
P 259 100 255 255 0
P 260 100 255 255 0
P 261 100 255 255 0
P 262 100 255 255 0
P 263 100 255 255 0
P 264 100 255 255 0
P 265 100 255 255 0
P 266 100 255 255 0
P 267 100 255 255 0
P 268 100 255 255 0
P 269 100 255 255 0
P 270 100 255 0 0
P 271 100 255 0 0
P 272 100 255 0 0
P 273 100 255 0 0
P 274 100 255 0 0
P 275 100 0 0 255
P 276 100 0 0 255
P 277 100 0 0 255
P 278 100 0 0 255
P 279 100 0 0 255
P 280 100 0 0 255
P 281 100 0 0 255
P 282 100 0 0 255
P 283 100 0 0 255
P 284 100 0 0 255
P 285 100 0 0 255
P 286 100 0 0 255
P 287 100 0 255 0
P 288 100 0 255 0
P 289 100 0 255 0
P 290 100 0 255 0
P 291 100 0 255 0
P 20 101 0 255 0
P 21 101 0 255 0
P 22 101 0 255 0
P 23 101 0 255 0
P 24 101 0 255 0
P 25 101 0 255 0
P 26 101 0 255 0
P 27 101 0 255 0
P 28 101 0 255 0
P 29 101 0 255 0
P 30 101 0 255 0
P 31 101 0 255 0
P 32 101 0 255 0
P 33 101 255 0 0
P 34 101 255 0 0
P 35 101 255 0 0
P 36 101 255 0 0
P 37 101 0 255 255
P 38 101 0 255 255
P 39 101 0 255 255
P 40 101 0 255 255
P 41 101 0 255 255
P 42 101 0 255 255
P 43 101 0 255 255
P 44 101 0 255 255
P 45 101 0 255 255
P 46 101 0 255 255
P 47 101 0 255 255
P 48 101 0 255 255
P 49 101 0 255 255
P 50 101 0 255 255
P 51 101 255 255 0
P 52 101 255 255 0
P 53 101 255 255 0
P 54 101 0 0 255
P 55 101 0 0 255
P 56 101 0 0 255
P 57 101 0 0 255
P 58 101 0 0 255
P 59 101 0 0 255
P 60 101 0 0 255
P 61 101 0 0 255
P 62 101 0 0 255
P 63 101 0 0 255
P 64 101 0 0 255
P 65 101 0 0 255
P 66 101 0 0 255
P 67 101 255 0 0
P 68 101 255 0 0
P 69 101 255 0 0
P 70 101 255 0 0
P 71 101 0 255 255
P 72 101 0 255 255
P 73 101 0 255 255
P 74 101 0 255 255
P 75 101 0 255 255
P 76 101 0 255 255
P 77 101 0 255 255
P 78 101 0 255 255
P 79 101 0 255 255
P 80 101 0 255 255
P 81 101 0 255 255
P 82 101 0 255 255
P 83 101 0 255 255
P 84 101 255 0 255
P 85 101 255 0 255
P 86 101 255 0 255
P 87 101 255 0 255
P 88 101 0 255 0
P 89 101 0 255 0
P 90 101 0 255 0
P 91 101 0 255 0
P 92 101 0 255 0
P 93 101 0 255 0
P 94 101 0 255 0
P 95 101 0 255 0
P 96 101 0 255 0
P 97 101 0 255 0
P 98 101 0 255 0
P 99 101 0 255 0
P 100 101 0 255 0
P 101 101 255 0 0
P 102 101 255 0 0
P 103 101 255 0 0
P 104 101 255 0 0
P 105 101 255 0 255
P 106 101 255 0 255
P 107 101 255 0 255
P 108 101 255 0 255
P 109 101 255 0 255
P 110 101 255 0 255
P 111 101 255 0 255
P 112 101 255 0 255
P 113 101 255 0 255
P 114 101 255 0 255
P 115 101 255 0 255
P 116 101 255 0 255
P 117 101 255 0 255
P 118 101 255 0 255
P 119 101 255 255 0
P 120 101 255 255 0
P 121 101 255 255 0
P 122 101 255 255 255
P 123 101 255 255 255
P 124 101 255 255 255
P 125 101 255 255 255
P 126 101 255 255 255
P 127 101 255 255 255
P 128 101 255 255 255
P 129 101 255 255 255
P 130 101 255 255 255
P 131 101 255 255 255
P 132 101 255 255 255
P 133 101 255 255 255
P 134 101 255 255 255
P 135 101 255 255 255
P 136 101 255 0 0
P 137 101 255 0 0
P 138 101 255 0 0
P 139 101 0 0 255
P 140 101 0 0 255
P 141 101 0 0 255
P 142 101 0 0 255
P 143 101 0 0 255
P 144 101 0 0 255
P 145 101 0 0 255
P 146 101 0 0 255
P 147 101 0 0 255
P 148 101 0 0 255
P 149 101 0 0 255
P 150 101 0 0 255
P 151 101 0 0 255
P 152 101 0 255 255
P 153 101 0 255 255
P 154 101 0 255 255
P 155 101 0 255 255
P 156 101 0 255 0
P 157 101 0 255 0
P 158 101 0 255 0
P 159 101 0 255 0
P 160 101 0 255 0
P 161 101 0 255 0
P 162 101 0 255 0
P 163 101 0 255 0
P 164 101 0 255 0
P 165 101 0 255 0
P 166 101 0 255 0
P 167 101 0 255 0
P 168 101 0 255 0
P 169 101 255 0 0
P 170 101 255 0 0
P 171 101 255 0 0
P 172 101 255 0 0
P 173 101 0 0 255
P 174 101 0 0 255
P 175 101 0 0 255
P 176 101 0 0 255
P 177 101 0 0 255
P 178 101 0 0 255
P 179 101 0 0 255
P 180 101 0 0 255
P 181 101 0 0 255
P 182 101 0 0 255
P 183 101 0 0 255
P 184 101 0 0 255
P 185 101 0 0 255
P 186 101 0 255 0
P 187 101 0 255 0
P 188 101 0 255 0
P 189 101 0 255 0
P 190 101 255 255 0
P 191 101 255 255 0
P 192 101 255 255 0
P 193 101 255 255 0
P 194 101 255 255 0
P 195 101 255 255 0
P 196 101 255 255 0
P 197 101 255 255 0
P 198 101 255 255 0
P 199 101 255 255 0
P 200 101 255 255 0
P 201 101 255 255 0
P 202 101 255 255 0
P 203 101 255 0 0
P 204 101 255 0 0
P 205 101 255 0 0
P 206 101 255 0 0
P 207 101 0 0 255
P 208 101 0 0 255
P 209 101 0 0 255
P 210 101 0 0 255
P 211 101 0 0 255
P 212 101 0 0 255
P 213 101 0 0 255
P 214 101 0 0 255
P 215 101 0 0 255
P 216 101 0 0 255
P 217 101 0 0 255
P 218 101 0 0 255
P 219 101 0 0 255
P 220 101 0 255 0
P 221 101 0 255 0
P 222 101 0 255 0
P 223 101 0 255 0
P 224 101 255 255 0
P 225 101 255 255 0
P 226 101 255 255 0
P 227 101 255 255 0
P 228 101 255 255 0
P 229 101 255 255 0
P 230 101 255 255 0
P 231 101 255 255 0
P 232 101 255 255 0
P 233 101 255 255 0
P 234 101 255 255 0
P 235 101 255 255 0
P 236 101 255 255 0
P 237 101 255 0 0
P 238 101 255 0 0
P 239 101 255 0 0
P 240 101 255 0 0
P 241 101 0 0 255
P 242 101 0 0 255
P 243 101 0 0 255
P 244 101 0 0 255
P 245 101 0 0 255
P 246 101 0 0 255
P 247 101 0 0 255
P 248 101 0 0 255
P 249 101 0 0 255
P 250 101 0 0 255
P 251 101 0 0 255
P 252 101 0 0 255
P 253 101 0 0 255
P 254 101 0 255 0
P 255 101 0 255 0
P 256 101 0 255 0
P 257 101 0 255 0
P 258 101 255 255 0
P 259 101 255 255 0
P 260 101 255 255 0
P 261 101 255 255 0
P 262 101 255 255 0
P 263 101 255 255 0
P 264 101 255 255 0
P 265 101 255 255 0
P 266 101 255 255 0
P 267 101 255 255 0
P 268 101 255 255 0
P 269 101 255 255 0
P 270 101 255 255 0
P 271 101 255 0 0
P 272 101 255 0 0
P 273 101 255 0 0
P 274 101 255 0 0
P 275 101 0 0 255
P 276 101 0 0 255
P 277 101 0 0 255
P 278 101 0 0 255
P 279 101 0 0 255
P 280 101 0 0 255
P 281 101 0 0 255
P 282 101 0 0 255
P 283 101 0 0 255
P 284 101 0 0 255
P 285 101 0 0 255
P 286 101 0 0 255
P 287 101 0 0 255
P 288 101 0 255 0
P 289 101 0 255 0
P 290 101 0 255 0
P 291 101 0 255 0
P 20 102 0 255 0
P 21 102 0 255 0
P 22 102 0 255 0
P 23 102 0 255 0
P 24 102 0 255 0
P 25 102 0 255 0
P 26 102 0 255 0
P 27 102 0 255 0
P 28 102 0 255 0
P 29 102 0 255 0
P 30 102 0 255 0
P 31 102 0 255 0
P 32 102 0 255 0
P 33 102 0 255 0
P 34 102 0 255 0
P 35 102 255 0 0
P 36 102 255 0 0
P 37 102 0 255 255
P 38 102 0 255 255
P 39 102 0 255 255
P 40 102 0 255 255
P 41 102 0 255 255
P 42 102 0 255 255
P 43 102 0 255 255
P 44 102 0 255 255
P 45 102 0 255 255
P 46 102 0 255 255
P 47 102 0 255 255
P 48 102 0 255 255
P 49 102 0 255 255
P 50 102 0 255 255
P 51 102 0 255 255
P 52 102 255 255 0
P 53 102 255 255 0
P 54 102 0 0 255
P 55 102 0 0 255
P 56 102 0 0 255
P 57 102 0 0 255
P 58 102 0 0 255
P 59 102 0 0 255
P 60 102 0 0 255
P 61 102 0 0 255
P 62 102 0 0 255
P 63 102 0 0 255
P 64 102 0 0 255
P 65 102 0 0 255
P 66 102 0 0 255
P 67 102 0 0 255
P 68 102 0 0 255
P 69 102 255 0 0
P 70 102 255 0 0
P 71 102 0 255 255
P 72 102 0 255 255
P 73 102 0 255 255
P 74 102 0 255 255
P 75 102 0 255 255
P 76 102 0 255 255
P 77 102 0 255 255
P 78 102 0 255 255
P 79 102 0 255 255
P 80 102 0 255 255
P 81 102 0 255 255
P 82 102 0 255 255
P 83 102 0 255 255
P 84 102 0 255 255
P 85 102 0 255 255
P 86 102 255 0 255
P 87 102 255 0 255
P 88 102 0 255 0
P 89 102 0 255 0
P 90 102 0 255 0
P 91 102 0 255 0
P 92 102 0 255 0
P 93 102 0 255 0
P 94 102 0 255 0
P 95 102 0 255 0
P 96 102 0 255 0
P 97 102 0 255 0
P 98 102 0 255 0
P 99 102 0 255 0
P 100 102 0 255 0
P 101 102 0 255 0
P 102 102 0 255 0
P 103 102 255 0 0
P 104 102 255 0 0
P 105 102 255 0 255
P 106 102 255 0 255
P 107 102 255 0 255
P 108 102 255 0 255
P 109 102 255 0 255
P 110 102 255 0 255
P 111 102 255 0 255
P 112 102 255 0 255
P 113 102 255 0 255
P 114 102 255 0 255
P 115 102 255 0 255
P 116 102 255 0 255
P 117 102 255 0 255
P 118 102 255 0 255
P 119 102 255 0 255
P 120 102 255 255 0
P 121 102 255 255 0
P 122 102 255 255 255
P 123 102 255 255 255
P 124 102 255 255 255
P 125 102 255 255 255
P 126 102 255 255 255
P 127 102 255 255 255
P 128 102 255 255 255
P 129 102 255 255 255
P 130 102 255 255 255
P 131 102 255 255 255
P 132 102 255 255 255
P 133 102 255 255 255
P 134 102 255 255 255
P 135 102 255 255 255
P 136 102 255 255 255
P 137 102 255 0 0
P 138 102 255 0 0
P 139 102 0 0 255
P 140 102 0 0 255
P 141 102 0 0 255
P 142 102 0 0 255
P 143 102 0 0 255
P 144 102 0 0 255
P 145 102 0 0 255
P 146 102 0 0 255
P 147 102 0 0 255
P 148 102 0 0 255
P 149 102 0 0 255
P 150 102 0 0 255
P 151 102 0 0 255
P 152 102 0 0 255
P 153 102 0 0 255
P 154 102 0 255 255
P 155 102 0 255 255
P 156 102 0 255 0
P 157 102 0 255 0
P 158 102 0 255 0
P 159 102 0 255 0
P 160 102 0 255 0
P 161 102 0 255 0
P 162 102 0 255 0
P 163 102 0 255 0
P 164 102 0 255 0
P 165 102 0 255 0
P 166 102 0 255 0
P 167 102 0 255 0
P 168 102 0 255 0
P 169 102 0 255 0
P 170 102 255 0 0
P 171 102 255 0 0
P 172 102 255 0 0
P 173 102 0 0 255
P 174 102 0 0 255
P 175 102 0 0 255
P 176 102 0 0 255
P 177 102 0 0 255
P 178 102 0 0 255
P 179 102 0 0 255
P 180 102 0 0 255
P 181 102 0 0 255
P 182 102 0 0 255
P 183 102 0 0 255
P 184 102 0 0 255
P 185 102 0 0 255
P 186 102 0 0 255
P 187 102 0 0 255
P 188 102 0 255 0
P 189 102 0 255 0
P 190 102 255 255 0
P 191 102 255 255 0
P 192 102 255 255 0
P 193 102 255 255 0
P 194 102 255 255 0
P 195 102 255 255 0
P 196 102 255 255 0
P 197 102 255 255 0
P 198 102 255 255 0
P 199 102 255 255 0
P 200 102 255 255 0
P 201 102 255 255 0
P 202 102 255 255 0
P 203 102 255 255 0
P 204 102 255 255 0
P 205 102 255 0 0
P 206 102 255 0 0
P 207 102 0 0 255
P 208 102 0 0 255
P 209 102 0 0 255
P 210 102 0 0 255
P 211 102 0 0 255
P 212 102 0 0 255
P 213 102 0 0 255
P 214 102 0 0 255
P 215 102 0 0 255
P 216 102 0 0 255
P 217 102 0 0 255
P 218 102 0 0 255
P 219 102 0 0 255
P 220 102 0 0 255
P 221 102 0 0 255
P 222 102 0 255 0
P 223 102 0 255 0
P 224 102 255 255 0
P 225 102 255 255 0
P 226 102 255 255 0
P 227 102 255 255 0
P 228 102 255 255 0
P 229 102 255 255 0
P 230 102 255 255 0
P 231 102 255 255 0
P 232 102 255 255 0
P 233 102 255 255 0
P 234 102 255 255 0
P 235 102 255 255 0
P 236 102 255 255 0
P 237 102 255 255 0
P 238 102 255 255 0
P 239 102 255 0 0
P 240 102 255 0 0
P 241 102 0 0 255
P 242 102 0 0 255
P 243 102 0 0 255
P 244 102 0 0 255
P 245 102 0 0 255
P 246 102 0 0 255
P 247 102 0 0 255
P 248 102 0 0 255
P 249 102 0 0 255
P 250 102 0 0 255
P 251 102 0 0 255
P 252 102 0 0 255
P 253 102 0 0 255
P 254 102 0 0 255
P 255 102 0 255 0
P 256 102 0 255 0
P 257 102 0 255 0
P 258 102 255 255 0
P 259 102 255 255 0
P 260 102 255 255 0
P 261 102 255 255 0
P 262 102 255 255 0
P 263 102 255 255 0
P 264 102 255 255 0
P 265 102 255 255 0
P 266 102 255 255 0
P 267 102 255 255 0
P 268 102 255 255 0
P 269 102 255 255 0
P 270 102 255 255 0
P 271 102 255 255 0
P 272 102 255 255 0
P 273 102 255 0 0
P 274 102 255 0 0
P 275 102 0 0 255
P 276 102 0 0 255
P 277 102 0 0 255
P 278 102 0 0 255
P 279 102 0 0 255
P 280 102 0 0 255
P 281 102 0 0 255
P 282 102 0 0 255
P 283 102 0 0 255
P 284 102 0 0 255
P 285 102 0 0 255
P 286 102 0 0 255
P 287 102 0 0 255
P 288 102 0 0 255
P 289 102 0 0 255
P 290 102 0 255 0
P 291 102 0 255 0
P 20 103 0 255 0
P 21 103 0 255 0
P 22 103 0 255 0
P 23 103 0 255 0
P 24 103 0 255 0
P 25 103 0 255 0
P 26 103 0 255 0
P 27 103 0 255 0
P 28 103 0 255 0
P 29 103 0 255 0
P 30 103 0 255 0
P 31 103 0 255 0
P 32 103 0 255 0
P 33 103 0 255 0
P 34 103 0 255 0
P 35 103 0 255 0
P 36 103 255 0 0
P 37 103 0 255 255
P 38 103 0 255 255
P 39 103 0 255 255
P 40 103 0 255 255
P 41 103 0 255 255
P 42 103 0 255 255
P 43 103 0 255 255
P 44 103 0 255 255
P 45 103 0 255 255
P 46 103 0 255 255
P 47 103 0 255 255
P 48 103 0 255 255
P 49 103 0 255 255
P 50 103 0 255 255
P 51 103 0 255 255
P 52 103 0 255 255
P 53 103 255 255 0
P 54 103 0 0 255
P 55 103 0 0 255
P 56 103 0 0 255
P 57 103 0 0 255
P 58 103 0 0 255
P 59 103 0 0 255
P 60 103 0 0 255
P 61 103 0 0 255
P 62 103 0 0 255
P 63 103 0 0 255
P 64 103 0 0 255
P 65 103 0 0 255
P 66 103 0 0 255
P 67 103 0 0 255
P 68 103 0 0 255
P 69 103 0 0 255
P 70 103 255 0 0
P 71 103 0 255 255
P 72 103 0 255 255
P 73 103 0 255 255
P 74 103 0 255 255
P 75 103 0 255 255
P 76 103 0 255 255
P 77 103 0 255 255
P 78 103 0 255 255
P 79 103 0 255 255
P 80 103 0 255 255
P 81 103 0 255 255
P 82 103 0 255 255
P 83 103 0 255 255
P 84 103 0 255 255
P 85 103 0 255 255
P 86 103 0 255 255
P 87 103 255 0 255
P 88 103 0 255 0
P 89 103 0 255 0
P 90 103 0 255 0
P 91 103 0 255 0
P 92 103 0 255 0
P 93 103 0 255 0
P 94 103 0 255 0
P 95 103 0 255 0
P 96 103 0 255 0
P 97 103 0 255 0
P 98 103 0 255 0
P 99 103 0 255 0
P 100 103 0 255 0
P 101 103 0 255 0
P 102 103 0 255 0
P 103 103 0 255 0
P 104 103 255 0 0
P 105 103 255 0 255
P 106 103 255 0 255
P 107 103 255 0 255
P 108 103 255 0 255
P 109 103 255 0 255
P 110 103 255 0 255
P 111 103 255 0 255
P 112 103 255 0 255
P 113 103 255 0 255
P 114 103 255 0 255
P 115 103 255 0 255
P 116 103 255 0 255
P 117 103 255 0 255
P 118 103 255 0 255
P 119 103 255 0 255
P 120 103 255 0 255
P 121 103 255 255 0
P 122 103 255 255 255
P 123 103 255 255 255
P 124 103 255 255 255
P 125 103 255 255 255
P 126 103 255 255 255
P 127 103 255 255 255
P 128 103 255 255 255
P 129 103 255 255 255
P 130 103 255 255 255
P 131 103 255 255 255
P 132 103 255 255 255
P 133 103 255 255 255
P 134 103 255 255 255
P 135 103 255 255 255
P 136 103 255 255 255
P 137 103 255 255 255
P 138 103 255 0 0
P 139 103 0 0 255
P 140 103 0 0 255
P 141 103 0 0 255
P 142 103 0 0 255
P 143 103 0 0 255
P 144 103 0 0 255
P 145 103 0 0 255
P 146 103 0 0 255
P 147 103 0 0 255
P 148 103 0 0 255
P 149 103 0 0 255
P 150 103 0 0 255
P 151 103 0 0 255
P 152 103 0 0 255
P 153 103 0 0 255
P 154 103 0 0 255
P 155 103 0 255 255
P 156 103 0 255 0
P 157 103 0 255 0
P 158 103 0 255 0
P 159 103 0 255 0
P 160 103 0 255 0
P 161 103 0 255 0
P 162 103 0 255 0
P 163 103 0 255 0
P 164 103 0 255 0
P 165 103 0 255 0
P 166 103 0 255 0
P 167 103 0 255 0
P 168 103 0 255 0
P 169 103 0 255 0
P 170 103 0 255 0
P 171 103 0 255 0
P 172 103 255 0 0
P 173 103 0 0 255
P 174 103 0 0 255
P 175 103 0 0 255
P 176 103 0 0 255
P 177 103 0 0 255
P 178 103 0 0 255
P 179 103 0 0 255
P 180 103 0 0 255
P 181 103 0 0 255
P 182 103 0 0 255
P 183 103 0 0 255
P 184 103 0 0 255
P 185 103 0 0 255
P 186 103 0 0 255
P 187 103 0 0 255
P 188 103 0 0 255
P 189 103 0 255 0
P 190 103 255 255 0
P 191 103 255 255 0
P 192 103 255 255 0
P 193 103 255 255 0
P 194 103 255 255 0
P 195 103 255 255 0
P 196 103 255 255 0
P 197 103 255 255 0
P 198 103 255 255 0
P 199 103 255 255 0
P 200 103 255 255 0
P 201 103 255 255 0
P 202 103 255 255 0
P 203 103 255 255 0
P 204 103 255 255 0
P 205 103 255 255 0
P 206 103 255 0 0
P 207 103 0 0 255
P 208 103 0 0 255
P 209 103 0 0 255
P 210 103 0 0 255
P 211 103 0 0 255
P 212 103 0 0 255
P 213 103 0 0 255
P 214 103 0 0 255
P 215 103 0 0 255
P 216 103 0 0 255
P 217 103 0 0 255
P 218 103 0 0 255
P 219 103 0 0 255
P 220 103 0 0 255
P 221 103 0 0 255
P 222 103 0 0 255
P 223 103 0 255 0
P 224 103 255 255 0
P 225 103 255 255 0
P 226 103 255 255 0
P 227 103 255 255 0
P 228 103 255 255 0
P 229 103 255 255 0
P 230 103 255 255 0
P 231 103 255 255 0
P 232 103 255 255 0
P 233 103 255 255 0
P 234 103 255 255 0
P 235 103 255 255 0
P 236 103 255 255 0
P 237 103 255 255 0
P 238 103 255 255 0
P 239 103 255 255 0
P 240 103 255 0 0
P 241 103 0 0 255
P 242 103 0 0 255
P 243 103 0 0 255
P 244 103 0 0 255
P 245 103 0 0 255
P 246 103 0 0 255
P 247 103 0 0 255
P 248 103 0 0 255
P 249 103 0 0 255
P 250 103 0 0 255
P 251 103 0 0 255
P 252 103 0 0 255
P 253 103 0 0 255
P 254 103 0 0 255
P 255 103 0 0 255
P 256 103 0 0 255
P 257 103 0 255 0
P 258 103 255 255 0
P 259 103 255 255 0
P 260 103 255 255 0
P 261 103 255 255 0
P 262 103 255 255 0
P 263 103 255 255 0
P 264 103 255 255 0
P 265 103 255 255 0
P 266 103 255 255 0
P 267 103 255 255 0
P 268 103 255 255 0
P 269 103 255 255 0
P 270 103 255 255 0
P 271 103 255 255 0
P 272 103 255 255 0
P 273 103 255 255 0
P 274 103 255 0 0
P 275 103 0 0 255
P 276 103 0 0 255
P 277 103 0 0 255
P 278 103 0 0 255
P 279 103 0 0 255
P 280 103 0 0 255
P 281 103 0 0 255
P 282 103 0 0 255
P 283 103 0 0 255
P 284 103 0 0 255
P 285 103 0 0 255
P 286 103 0 0 255
P 287 103 0 0 255
P 288 103 0 0 255
P 289 103 0 0 255
P 290 103 0 0 255
P 291 103 0 255 0
P 20 104 0 0 255
P 21 104 0 0 255
P 22 104 0 0 255
P 23 104 0 0 255
P 24 104 0 0 255
P 25 104 0 0 255
P 26 104 0 0 255
P 27 104 0 0 255
P 28 104 0 0 255
P 29 104 0 0 255
P 30 104 0 0 255
P 31 104 0 0 255
P 32 104 0 0 255
P 33 104 0 0 255
P 34 104 0 0 255
P 35 104 0 0 255
P 36 104 0 0 255
P 37 104 255 0 255
P 38 104 255 0 255
P 39 104 255 0 255
P 40 104 255 0 255
P 41 104 255 0 255
P 42 104 255 0 255
P 43 104 255 0 255
P 44 104 255 0 255
P 45 104 255 0 255
P 46 104 255 0 255
P 47 104 255 0 255
P 48 104 255 0 255
P 49 104 255 0 255
P 50 104 255 0 255
P 51 104 255 0 255
P 52 104 255 0 255
P 53 104 255 0 255
P 54 104 255 0 0
P 55 104 0 255 0
P 56 104 0 255 0
P 57 104 0 255 0
P 58 104 0 255 0
P 59 104 0 255 0
P 60 104 0 255 0
P 61 104 0 255 0
P 62 104 0 255 0
P 63 104 0 255 0
P 64 104 0 255 0
P 65 104 0 255 0
P 66 104 0 255 0
P 67 104 0 255 0
P 68 104 0 255 0
P 69 104 0 255 0
P 70 104 0 255 0
P 71 104 255 0 255
P 72 104 255 255 0
P 73 104 255 255 0
P 74 104 255 255 0
P 75 104 255 255 0
P 76 104 255 255 0
P 77 104 255 255 0
P 78 104 255 255 0
P 79 104 255 255 0
P 80 104 255 255 0
P 81 104 255 255 0
P 82 104 255 255 0
P 83 104 255 255 0
P 84 104 255 255 0
P 85 104 255 255 0
P 86 104 255 255 0
P 87 104 255 255 0
P 88 104 0 0 255
P 89 104 0 0 255
P 90 104 0 0 255
P 91 104 0 0 255
P 92 104 0 0 255
P 93 104 0 0 255
P 94 104 0 0 255
P 95 104 0 0 255
P 96 104 0 0 255
P 97 104 0 0 255
P 98 104 0 0 255
P 99 104 0 0 255
P 100 104 0 0 255
P 101 104 0 0 255
P 102 104 0 0 255
P 103 104 0 0 255
P 104 104 0 0 255
P 105 104 0 255 255
P 106 104 0 255 255
P 107 104 0 255 255
P 108 104 0 255 255
P 109 104 0 255 255
P 110 104 0 255 255
P 111 104 0 255 255
P 112 104 0 255 255
P 113 104 0 255 255
P 114 104 0 255 255
P 115 104 0 255 255
P 116 104 0 255 255
P 117 104 0 255 255
P 118 104 0 255 255
P 119 104 0 255 255
P 120 104 0 255 255
P 121 104 0 255 255
P 122 104 255 0 0
P 123 104 0 255 0
P 124 104 0 255 0
P 125 104 0 255 0
P 126 104 0 255 0
P 127 104 0 255 0
P 128 104 0 255 0
P 129 104 0 255 0
P 130 104 0 255 0
P 131 104 0 255 0
P 132 104 0 255 0
P 133 104 0 255 0
P 134 104 0 255 0
P 135 104 0 255 0
P 136 104 0 255 0
P 137 104 0 255 0
P 138 104 0 255 0
P 139 104 255 0 255
P 140 104 255 255 0
P 141 104 255 255 0
P 142 104 255 255 0
P 143 104 255 255 0
P 144 104 255 255 0
P 145 104 255 255 0
P 146 104 255 255 0
P 147 104 255 255 0
P 148 104 255 255 0
P 149 104 255 255 0
P 150 104 255 255 0
P 151 104 255 255 0
P 152 104 255 255 0
P 153 104 255 255 0
P 154 104 255 255 0
P 155 104 255 255 0
P 156 104 255 0 0
P 157 104 255 0 255
P 158 104 255 0 255
P 159 104 255 0 255
P 160 104 255 0 255
P 161 104 255 0 255
P 162 104 255 0 255
P 163 104 255 0 255
P 164 104 255 0 255
P 165 104 255 0 255
P 166 104 255 0 255
P 167 104 255 0 255
P 168 104 255 0 255
P 169 104 255 0 255
P 170 104 255 0 255
P 171 104 255 0 255
P 172 104 255 0 255
P 173 104 0 255 255
P 174 104 0 255 255
P 175 104 0 255 255
P 176 104 0 255 255
P 177 104 0 255 255
P 178 104 0 255 255
P 179 104 0 255 255
P 180 104 0 255 255
P 181 104 0 255 255
P 182 104 0 255 255
P 183 104 0 255 255
P 184 104 0 255 255
P 185 104 0 255 255
P 186 104 0 255 255
P 187 104 0 255 255
P 188 104 0 255 255
P 189 104 0 255 255
P 190 104 255 0 0
P 191 104 255 0 255
P 192 104 255 0 255
P 193 104 255 0 255
P 194 104 255 0 255
P 195 104 255 0 255
P 196 104 255 0 255
P 197 104 255 0 255
P 198 104 255 0 255
P 199 104 255 0 255
P 200 104 255 0 255
P 201 104 255 0 255
P 202 104 255 0 255
P 203 104 255 0 255
P 204 104 255 0 255
P 205 104 255 0 255
P 206 104 255 0 255
P 207 104 0 255 0
P 208 104 0 255 255
P 209 104 0 255 255
P 210 104 0 255 255
P 211 104 0 255 255
P 212 104 0 255 255
P 213 104 0 255 255
P 214 104 0 255 255
P 215 104 0 255 255
P 216 104 0 255 255
P 217 104 0 255 255
P 218 104 0 255 255
P 219 104 0 255 255
P 220 104 0 255 255
P 221 104 0 255 255
P 222 104 0 255 255
P 223 104 0 255 255
P 224 104 255 0 0
P 225 104 255 0 255
P 226 104 255 0 255
P 227 104 255 0 255
P 228 104 255 0 255
P 229 104 255 0 255
P 230 104 255 0 255
P 231 104 255 0 255
P 232 104 255 0 255
P 233 104 255 0 255
P 234 104 255 0 255
P 235 104 255 0 255
P 236 104 255 0 255
P 237 104 255 0 255
P 238 104 255 0 255
P 239 104 255 0 255
P 240 104 255 0 255
P 241 104 0 255 0
P 242 104 0 255 255
P 243 104 0 255 255
P 244 104 0 255 255
P 245 104 0 255 255
P 246 104 0 255 255
P 247 104 0 255 255
P 248 104 0 255 255
P 249 104 0 255 255
P 250 104 0 255 255
P 251 104 0 255 255
P 252 104 0 255 255
P 253 104 0 255 255
P 254 104 0 255 255
P 255 104 0 255 255
P 256 104 0 255 255
P 257 104 0 255 255
P 258 104 255 0 255
P 259 104 255 0 255
P 260 104 255 0 255
P 261 104 255 0 255
P 262 104 255 0 255
P 263 104 255 0 255
P 264 104 255 0 255
P 265 104 255 0 255
P 266 104 255 0 255
P 267 104 255 0 255
P 268 104 255 0 255
P 269 104 255 0 255
P 270 104 255 0 255
P 271 104 255 0 255
P 272 104 255 0 255
P 273 104 255 0 255
P 274 104 255 0 255
P 275 104 0 255 0
P 276 104 0 255 255
P 277 104 0 255 255
P 278 104 0 255 255
P 279 104 0 255 255
P 280 104 0 255 255
P 281 104 0 255 255
P 282 104 0 255 255
P 283 104 0 255 255
P 284 104 0 255 255
P 285 104 0 255 255
P 286 104 0 255 255
P 287 104 0 255 255
P 288 104 0 255 255
P 289 104 0 255 255
P 290 104 0 255 255
P 291 104 0 255 255
P 20 105 255 0 0
P 21 105 255 0 0
P 22 105 0 0 255
P 23 105 0 0 255
P 24 105 0 0 255
P 25 105 0 0 255
P 26 105 0 0 255
P 27 105 0 0 255
P 28 105 0 0 255
P 29 105 0 0 255
P 30 105 0 0 255
P 31 105 0 0 255
P 32 105 0 0 255
P 33 105 0 0 255
P 34 105 0 0 255
P 35 105 0 0 255
P 36 105 0 0 255
P 37 105 255 255 0
P 38 105 255 255 0
P 39 105 255 0 255
P 40 105 255 0 255
P 41 105 255 0 255
P 42 105 255 0 255
P 43 105 255 0 255
P 44 105 255 0 255
P 45 105 255 0 255
P 46 105 255 0 255
P 47 105 255 0 255
P 48 105 255 0 255
P 49 105 255 0 255
P 50 105 255 0 255
P 51 105 255 0 255
P 52 105 255 0 255
P 53 105 255 0 255
P 54 105 255 0 0
P 55 105 255 0 0
P 56 105 0 255 0
P 57 105 0 255 0
P 58 105 0 255 0
P 59 105 0 255 0
P 60 105 0 255 0
P 61 105 0 255 0
P 62 105 0 255 0
P 63 105 0 255 0
P 64 105 0 255 0
P 65 105 0 255 0
P 66 105 0 255 0
P 67 105 0 255 0
P 68 105 0 255 0
P 69 105 0 255 0
P 70 105 0 255 0
P 71 105 255 0 255
P 72 105 255 0 255
P 73 105 255 255 0
P 74 105 255 255 0
P 75 105 255 255 0
P 76 105 255 255 0
P 77 105 255 255 0
P 78 105 255 255 0
P 79 105 255 255 0
P 80 105 255 255 0
P 81 105 255 255 0
P 82 105 255 255 0
P 83 105 255 255 0
P 84 105 255 255 0
P 85 105 255 255 0
P 86 105 255 255 0
P 87 105 255 255 0
P 88 105 255 0 0
P 89 105 255 0 0
P 90 105 0 0 255
P 91 105 0 0 255
P 92 105 0 0 255
P 93 105 0 0 255
P 94 105 0 0 255
P 95 105 0 0 255
P 96 105 0 0 255
P 97 105 0 0 255
P 98 105 0 0 255
P 99 105 0 0 255
P 100 105 0 0 255
P 101 105 0 0 255
P 102 105 0 0 255
P 103 105 0 0 255
P 104 105 0 0 255
P 105 105 255 255 0
P 106 105 255 255 0
P 107 105 0 255 255
P 108 105 0 255 255
P 109 105 0 255 255
P 110 105 0 255 255
P 111 105 0 255 255
P 112 105 0 255 255
P 113 105 0 255 255
P 114 105 0 255 255
P 115 105 0 255 255
P 116 105 0 255 255
P 117 105 0 255 255
P 118 105 0 255 255
P 119 105 0 255 255
P 120 105 0 255 255
P 121 105 0 255 255
P 122 105 255 0 0
P 123 105 255 0 0
P 124 105 0 255 0
P 125 105 0 255 0
P 126 105 0 255 0
P 127 105 0 255 0
P 128 105 0 255 0
P 129 105 0 255 0
P 130 105 0 255 0
P 131 105 0 255 0
P 132 105 0 255 0
P 133 105 0 255 0
P 134 105 0 255 0
P 135 105 0 255 0
P 136 105 0 255 0
P 137 105 0 255 0
P 138 105 0 255 0
P 139 105 255 0 255
P 140 105 255 0 255
P 141 105 255 255 0
P 142 105 255 255 0
P 143 105 255 255 0
P 144 105 255 255 0
P 145 105 255 255 0
P 146 105 255 255 0
P 147 105 255 255 0
P 148 105 255 255 0
P 149 105 255 255 0
P 150 105 255 255 0
P 151 105 255 255 0
P 152 105 255 255 0
P 153 105 255 255 0
P 154 105 255 255 0
P 155 105 255 255 0
P 156 105 255 0 0
P 157 105 255 0 0
P 158 105 255 0 255
P 159 105 255 0 255
P 160 105 255 0 255
P 161 105 255 0 255
P 162 105 255 0 255
P 163 105 255 0 255
P 164 105 255 0 255
P 165 105 255 0 255
P 166 105 255 0 255
P 167 105 255 0 255
P 168 105 255 0 255
P 169 105 255 0 255
P 170 105 255 0 255
P 171 105 255 0 255
P 172 105 255 0 255
P 173 105 255 255 0
P 174 105 255 255 0
P 175 105 0 255 255
P 176 105 0 255 255
P 177 105 0 255 255
P 178 105 0 255 255
P 179 105 0 255 255
P 180 105 0 255 255
P 181 105 0 255 255
P 182 105 0 255 255
P 183 105 0 255 255
P 184 105 0 255 255
P 185 105 0 255 255
P 186 105 0 255 255
P 187 105 0 255 255
P 188 105 0 255 255
P 189 105 0 255 255
P 190 105 255 0 0
P 191 105 255 0 0
P 192 105 255 0 255
P 193 105 255 0 255
P 194 105 255 0 255
P 195 105 255 0 255
P 196 105 255 0 255
P 197 105 255 0 255
P 198 105 255 0 255
P 199 105 255 0 255
P 200 105 255 0 255
P 201 105 255 0 255
P 202 105 255 0 255
P 203 105 255 0 255
P 204 105 255 0 255
P 205 105 255 0 255
P 206 105 255 0 255
P 207 105 0 255 0
P 208 105 0 255 0
P 209 105 0 255 255
P 210 105 0 255 255
P 211 105 0 255 255
P 212 105 0 255 255
P 213 105 0 255 255
P 214 105 0 255 255
P 215 105 0 255 255
P 216 105 0 255 255
P 217 105 0 255 255
P 218 105 0 255 255
P 219 105 0 255 255
P 220 105 0 255 255
P 221 105 0 255 255
P 222 105 0 255 255
P 223 105 0 255 255
P 224 105 255 0 0
P 225 105 255 0 0
P 226 105 255 0 255
P 227 105 255 0 255
P 228 105 255 0 255
P 229 105 255 0 255
P 230 105 255 0 255
P 231 105 255 0 255
P 232 105 255 0 255
P 233 105 255 0 255
P 234 105 255 0 255
P 235 105 255 0 255
P 236 105 255 0 255
P 237 105 255 0 255
P 238 105 255 0 255
P 239 105 255 0 255
P 240 105 255 0 255
P 241 105 0 255 0
P 242 105 0 255 0
P 243 105 0 255 255
P 244 105 0 255 255
P 245 105 0 255 255
P 246 105 0 255 255
P 247 105 0 255 255
P 248 105 0 255 255
P 249 105 0 255 255
P 250 105 0 255 255
P 251 105 0 255 255
P 252 105 0 255 255
P 253 105 0 255 255
P 254 105 0 255 255
P 255 105 0 255 255
P 256 105 0 255 255
P 257 105 0 255 255
P 258 105 255 0 0
P 259 105 255 0 0
P 260 105 255 0 255
P 261 105 255 0 255
P 262 105 255 0 255
P 263 105 255 0 255
P 264 105 255 0 255
P 265 105 255 0 255
P 266 105 255 0 255
P 267 105 255 0 255
P 268 105 255 0 255
P 269 105 255 0 255
P 270 105 255 0 255
P 271 105 255 0 255
P 272 105 255 0 255
P 273 105 255 0 255
P 274 105 255 0 255
P 275 105 0 255 0
P 276 105 0 255 0
P 277 105 0 255 255
P 278 105 0 255 255
P 279 105 0 255 255
P 280 105 0 255 255
P 281 105 0 255 255
P 282 105 0 255 255
P 283 105 0 255 255
P 284 105 0 255 255
P 285 105 0 255 255
P 286 105 0 255 255
P 287 105 0 255 255
P 288 105 0 255 255
P 289 105 0 255 255
P 290 105 0 255 255
P 291 105 0 255 255
P 20 106 255 0 0
P 21 106 255 0 0
P 22 106 255 0 0
P 23 106 0 0 255
P 24 106 0 0 255
P 25 106 0 0 255
P 26 106 0 0 255
P 27 106 0 0 255
P 28 106 0 0 255
P 29 106 0 0 255
P 30 106 0 0 255
P 31 106 0 0 255
P 32 106 0 0 255
P 33 106 0 0 255
P 34 106 0 0 255
P 35 106 0 0 255
P 36 106 0 0 255
P 37 106 255 255 0
P 38 106 255 255 0
P 39 106 255 255 0
P 40 106 255 0 255
P 41 106 255 0 255
P 42 106 255 0 255
P 43 106 255 0 255
P 44 106 255 0 255
P 45 106 255 0 255
P 46 106 255 0 255
P 47 106 255 0 255
P 48 106 255 0 255
P 49 106 255 0 255
P 50 106 255 0 255
P 51 106 255 0 255
P 52 106 255 0 255
P 53 106 255 0 255
P 54 106 255 0 0
P 55 106 255 0 0
P 56 106 255 0 0
P 57 106 255 0 0
P 58 106 0 255 0
P 59 106 0 255 0
P 60 106 0 255 0
P 61 106 0 255 0
P 62 106 0 255 0
P 63 106 0 255 0
P 64 106 0 255 0
P 65 106 0 255 0
P 66 106 0 255 0
P 67 106 0 255 0
P 68 106 0 255 0
P 69 106 0 255 0
P 70 106 0 255 0
P 71 106 255 0 255
P 72 106 255 0 255
P 73 106 255 0 255
P 74 106 255 255 0
P 75 106 255 255 0
P 76 106 255 255 0
P 77 106 255 255 0
P 78 106 255 255 0
P 79 106 255 255 0
P 80 106 255 255 0
P 81 106 255 255 0
P 82 106 255 255 0
P 83 106 255 255 0
P 84 106 255 255 0
P 85 106 255 255 0
P 86 106 255 255 0
P 87 106 255 255 0
P 88 106 255 0 0
P 89 106 255 0 0
P 90 106 255 0 0
P 91 106 0 0 255
P 92 106 0 0 255
P 93 106 0 0 255
P 94 106 0 0 255
P 95 106 0 0 255
P 96 106 0 0 255
P 97 106 0 0 255
P 98 106 0 0 255
P 99 106 0 0 255
P 100 106 0 0 255
P 101 106 0 0 255
P 102 106 0 0 255
P 103 106 0 0 255
P 104 106 0 0 255
P 105 106 255 255 0
P 106 106 255 255 0
P 107 106 255 255 0
P 108 106 0 255 255
P 109 106 0 255 255
P 110 106 0 255 255
P 111 106 0 255 255
P 112 106 0 255 255
P 113 106 0 255 255
P 114 106 0 255 255
P 115 106 0 255 255
P 116 106 0 255 255
P 117 106 0 255 255
P 118 106 0 255 255
P 119 106 0 255 255
P 120 106 0 255 255
P 121 106 0 255 255
P 122 106 255 0 0
P 123 106 255 0 0
P 124 106 255 0 0
P 125 106 255 0 0
P 126 106 0 255 0
P 127 106 0 255 0
P 128 106 0 255 0
P 129 106 0 255 0
P 130 106 0 255 0
P 131 106 0 255 0
P 132 106 0 255 0
P 133 106 0 255 0
P 134 106 0 255 0
P 135 106 0 255 0
P 136 106 0 255 0
P 137 106 0 255 0
P 138 106 0 255 0
P 139 106 255 0 255
P 140 106 255 0 255
P 141 106 255 0 255
P 142 106 255 0 255
P 143 106 255 255 0
P 144 106 255 255 0
P 145 106 255 255 0
P 146 106 255 255 0
P 147 106 255 255 0
P 148 106 255 255 0
P 149 106 255 255 0
P 150 106 255 255 0
P 151 106 255 255 0
P 152 106 255 255 0
P 153 106 255 255 0
P 154 106 255 255 0
P 155 106 255 255 0
P 156 106 255 0 0
P 157 106 255 0 0
P 158 106 255 0 0
P 159 106 255 0 0
P 160 106 255 0 255
P 161 106 255 0 255
P 162 106 255 0 255
P 163 106 255 0 255
P 164 106 255 0 255
P 165 106 255 0 255
P 166 106 255 0 255
P 167 106 255 0 255
P 168 106 255 0 255
P 169 106 255 0 255
P 170 106 255 0 255
P 171 106 255 0 255
P 172 106 255 0 255
P 173 106 255 255 0
P 174 106 255 255 0
P 175 106 255 255 0
P 176 106 0 255 255
P 177 106 0 255 255
P 178 106 0 255 255
P 179 106 0 255 255
P 180 106 0 255 255
P 181 106 0 255 255
P 182 106 0 255 255
P 183 106 0 255 255
P 184 106 0 255 255
P 185 106 0 255 255
P 186 106 0 255 255
P 187 106 0 255 255
P 188 106 0 255 255
P 189 106 0 255 255
P 190 106 255 0 0
P 191 106 255 0 0
P 192 106 255 0 0
P 193 106 255 0 0
P 194 106 255 0 255
P 195 106 255 0 255
P 196 106 255 0 255
P 197 106 255 0 255
P 198 106 255 0 255
P 199 106 255 0 255
P 200 106 255 0 255
P 201 106 255 0 255
P 202 106 255 0 255
P 203 106 255 0 255
P 204 106 255 0 255
P 205 106 255 0 255
P 206 106 255 0 255
P 207 106 0 255 0
P 208 106 0 255 0
P 209 106 0 255 0
P 210 106 0 255 255
P 211 106 0 255 255
P 212 106 0 255 255
P 213 106 0 255 255
P 214 106 0 255 255
P 215 106 0 255 255
P 216 106 0 255 255
P 217 106 0 255 255
P 218 106 0 255 255
P 219 106 0 255 255
P 220 106 0 255 255
P 221 106 0 255 255
P 222 106 0 255 255
P 223 106 0 255 255
P 224 106 255 0 0
P 225 106 255 0 0
P 226 106 255 0 0
P 227 106 255 0 0
P 228 106 255 0 255
P 229 106 255 0 255
P 230 106 255 0 255
P 231 106 255 0 255
P 232 106 255 0 255
P 233 106 255 0 255
P 234 106 255 0 255
P 235 106 255 0 255
P 236 106 255 0 255
P 237 106 255 0 255
P 238 106 255 0 255
P 239 106 255 0 255
P 240 106 255 0 255
P 241 106 0 255 0
P 242 106 0 255 0
P 243 106 0 255 0
P 244 106 0 255 255
P 245 106 0 255 255
P 246 106 0 255 255
P 247 106 0 255 255
P 248 106 0 255 255
P 249 106 0 255 255
P 250 106 0 255 255
P 251 106 0 255 255
P 252 106 0 255 255
P 253 106 0 255 255
P 254 106 0 255 255
P 255 106 0 255 255
P 256 106 0 255 255
P 257 106 0 255 255
P 258 106 255 0 0
P 259 106 255 0 0
P 260 106 255 0 0
P 261 106 255 0 255
P 262 106 255 0 255
P 263 106 255 0 255
P 264 106 255 0 255
P 265 106 255 0 255
P 266 106 255 0 255
P 267 106 255 0 255
P 268 106 255 0 255
P 269 106 255 0 255
P 270 106 255 0 255
P 271 106 255 0 255
P 272 106 255 0 255
P 273 106 255 0 255
P 274 106 255 0 255
P 275 106 0 255 0
P 276 106 0 255 0
P 277 106 0 255 0
P 278 106 0 255 255
P 279 106 0 255 255
P 280 106 0 255 255
P 281 106 0 255 255
P 282 106 0 255 255
P 283 106 0 255 255
P 284 106 0 255 255
P 285 106 0 255 255
P 286 106 0 255 255
P 287 106 0 255 255
P 288 106 0 255 255
P 289 106 0 255 255
P 290 106 0 255 255
P 291 106 0 255 255
P 20 107 255 0 0
P 21 107 255 0 0
P 22 107 255 0 0
P 23 107 255 0 0
P 24 107 255 0 0
P 25 107 0 0 255
P 26 107 0 0 255
P 27 107 0 0 255
P 28 107 0 0 255
P 29 107 0 0 255
P 30 107 0 0 255
P 31 107 0 0 255
P 32 107 0 0 255
P 33 107 0 0 255
P 34 107 0 0 255
P 35 107 0 0 255
P 36 107 0 0 255
P 37 107 255 255 0
P 38 107 255 255 0
P 39 107 255 255 0
P 40 107 255 255 0
P 41 107 255 255 0
P 42 107 255 0 255
P 43 107 255 0 255
P 44 107 255 0 255
P 45 107 255 0 255
P 46 107 255 0 255
P 47 107 255 0 255
P 48 107 255 0 255
P 49 107 255 0 255
P 50 107 255 0 255
P 51 107 255 0 255
P 52 107 255 0 255
P 53 107 255 0 255
P 54 107 255 0 0
P 55 107 255 0 0
P 56 107 255 0 0
P 57 107 255 0 0
P 58 107 255 0 0
P 59 107 0 255 0
P 60 107 0 255 0
P 61 107 0 255 0
P 62 107 0 255 0
P 63 107 0 255 0
P 64 107 0 255 0
P 65 107 0 255 0
P 66 107 0 255 0
P 67 107 0 255 0
P 68 107 0 255 0
P 69 107 0 255 0
P 70 107 0 255 0
P 71 107 255 0 255
P 72 107 255 0 255
P 73 107 255 0 255
P 74 107 255 0 255
P 75 107 255 0 255
P 76 107 255 255 0
P 77 107 255 255 0
P 78 107 255 255 0
P 79 107 255 255 0
P 80 107 255 255 0
P 81 107 255 255 0
P 82 107 255 255 0
P 83 107 255 255 0
P 84 107 255 255 0
P 85 107 255 255 0
P 86 107 255 255 0
P 87 107 255 255 0
P 88 107 255 0 0
P 89 107 255 0 0
P 90 107 255 0 0
P 91 107 255 0 0
P 92 107 255 0 0
P 93 107 0 0 255
P 94 107 0 0 255
P 95 107 0 0 255
P 96 107 0 0 255
P 97 107 0 0 255
P 98 107 0 0 255
P 99 107 0 0 255
P 100 107 0 0 255
P 101 107 0 0 255
P 102 107 0 0 255
P 103 107 0 0 255
P 104 107 0 0 255
P 105 107 255 255 0
P 106 107 255 255 0
P 107 107 255 255 0
P 108 107 255 255 0
P 109 107 255 255 0
P 110 107 0 255 255
P 111 107 0 255 255
P 112 107 0 255 255
P 113 107 0 255 255
P 114 107 0 255 255
P 115 107 0 255 255
P 116 107 0 255 255
P 117 107 0 255 255
P 118 107 0 255 255
P 119 107 0 255 255
P 120 107 0 255 255
P 121 107 0 255 255
P 122 107 255 0 0
P 123 107 255 0 0
P 124 107 255 0 0
P 125 107 255 0 0
P 126 107 255 0 0
P 127 107 0 255 0
P 128 107 0 255 0
P 129 107 0 255 0
P 130 107 0 255 0
P 131 107 0 255 0
P 132 107 0 255 0
P 133 107 0 255 0
P 134 107 0 255 0
P 135 107 0 255 0
P 136 107 0 255 0
P 137 107 0 255 0
P 138 107 0 255 0
P 139 107 255 0 255
P 140 107 255 0 255
P 141 107 255 0 255
P 142 107 255 0 255
P 143 107 255 0 255
P 144 107 255 255 0
P 145 107 255 255 0
P 146 107 255 255 0
P 147 107 255 255 0
P 148 107 255 255 0
P 149 107 255 255 0
P 150 107 255 255 0
P 151 107 255 255 0
P 152 107 255 255 0
P 153 107 255 255 0
P 154 107 255 255 0
P 155 107 255 255 0
P 156 107 255 0 0
P 157 107 255 0 0
P 158 107 255 0 0
P 159 107 255 0 0
P 160 107 255 0 0
P 161 107 255 0 255
P 162 107 255 0 255
P 163 107 255 0 255
P 164 107 255 0 255
P 165 107 255 0 255
P 166 107 255 0 255
P 167 107 255 0 255
P 168 107 255 0 255
P 169 107 255 0 255
P 170 107 255 0 255
P 171 107 255 0 255
P 172 107 255 0 255
P 173 107 255 255 0
P 174 107 255 255 0
P 175 107 255 255 0
P 176 107 255 255 0
P 177 107 255 255 0
P 178 107 0 255 255
P 179 107 0 255 255
P 180 107 0 255 255
P 181 107 0 255 255
P 182 107 0 255 255
P 183 107 0 255 255
P 184 107 0 255 255
P 185 107 0 255 255
P 186 107 0 255 255
P 187 107 0 255 255
P 188 107 0 255 255
P 189 107 0 255 255
P 190 107 255 0 0
P 191 107 255 0 0
P 192 107 255 0 0
P 193 107 255 0 0
P 194 107 255 0 0
P 195 107 255 0 255
P 196 107 255 0 255
P 197 107 255 0 255
P 198 107 255 0 255
P 199 107 255 0 255
P 200 107 255 0 255
P 201 107 255 0 255
P 202 107 255 0 255
P 203 107 255 0 255
P 204 107 255 0 255
P 205 107 255 0 255
P 206 107 255 0 255
P 207 107 0 255 0
P 208 107 0 255 0
P 209 107 0 255 0
P 210 107 0 255 0
P 211 107 0 255 0
P 212 107 0 255 255
P 213 107 0 255 255
P 214 107 0 255 255
P 215 107 0 255 255
P 216 107 0 255 255
P 217 107 0 255 255
P 218 107 0 255 255
P 219 107 0 255 255
P 220 107 0 255 255
P 221 107 0 255 255
P 222 107 0 255 255
P 223 107 0 255 255
P 224 107 255 0 0
P 225 107 255 0 0
P 226 107 255 0 0
P 227 107 255 0 0
P 228 107 255 0 0
P 229 107 255 0 255
P 230 107 255 0 255
P 231 107 255 0 255
P 232 107 255 0 255
P 233 107 255 0 255
P 234 107 255 0 255
P 235 107 255 0 255
P 236 107 255 0 255
P 237 107 255 0 255
P 238 107 255 0 255
P 239 107 255 0 255
P 240 107 255 0 255
P 241 107 0 255 0
P 242 107 0 255 0
P 243 107 0 255 0
P 244 107 0 255 0
P 245 107 0 255 0
P 246 107 0 255 255
P 247 107 0 255 255
P 248 107 0 255 255
P 249 107 0 255 255
P 250 107 0 255 255
P 251 107 0 255 255
P 252 107 0 255 255
P 253 107 0 255 255
P 254 107 0 255 255
P 255 107 0 255 255
P 256 107 0 255 255
P 257 107 0 255 255
P 258 107 255 0 0
P 259 107 255 0 0
P 260 107 255 0 0
P 261 107 255 0 0
P 262 107 255 0 0
P 263 107 255 0 255
P 264 107 255 0 255
P 265 107 255 0 255
P 266 107 255 0 255
P 267 107 255 0 255
P 268 107 255 0 255
P 269 107 255 0 255
P 270 107 255 0 255
P 271 107 255 0 255
P 272 107 255 0 255
P 273 107 255 0 255
P 274 107 255 0 255
P 275 107 0 255 0
P 276 107 0 255 0
P 277 107 0 255 0
P 278 107 0 255 0
P 279 107 0 255 0
P 280 107 0 255 255
P 281 107 0 255 255
P 282 107 0 255 255
P 283 107 0 255 255
P 284 107 0 255 255
P 285 107 0 255 255
P 286 107 0 255 255
P 287 107 0 255 255
P 288 107 0 255 255
P 289 107 0 255 255
P 290 107 0 255 255
P 291 107 0 255 255
P 20 108 255 0 0
P 21 108 255 0 0
P 22 108 255 0 0
P 23 108 255 0 0
P 24 108 255 0 0
P 25 108 255 0 0
P 26 108 0 0 255
P 27 108 0 0 255
P 28 108 0 0 255
P 29 108 0 0 255
P 30 108 0 0 255
P 31 108 0 0 255
P 32 108 0 0 255
P 33 108 0 0 255
P 34 108 0 0 255
P 35 108 0 0 255
P 36 108 0 0 255
P 37 108 255 255 0
P 38 108 255 255 0
P 39 108 255 255 0
P 40 108 255 255 0
P 41 108 255 255 0
P 42 108 255 255 0
P 43 108 255 0 255
P 44 108 255 0 255
P 45 108 255 0 255
P 46 108 255 0 255
P 47 108 255 0 255
P 48 108 255 0 255
P 49 108 255 0 255
P 50 108 255 0 255
P 51 108 255 0 255
P 52 108 255 0 255
P 53 108 255 0 255
P 54 108 255 0 0
P 55 108 255 0 0
P 56 108 255 0 0
P 57 108 255 0 0
P 58 108 255 0 0
P 59 108 255 0 0
P 60 108 0 255 0
P 61 108 0 255 0
P 62 108 0 255 0
P 63 108 0 255 0
P 64 108 0 255 0
P 65 108 0 255 0
P 66 108 0 255 0
P 67 108 0 255 0
P 68 108 0 255 0
P 69 108 0 255 0
P 70 108 0 255 0
P 71 108 255 0 255
P 72 108 255 0 255
P 73 108 255 0 255
P 74 108 255 0 255
P 75 108 255 0 255
P 76 108 255 0 255
P 77 108 255 255 0
P 78 108 255 255 0
P 79 108 255 255 0
P 80 108 255 255 0
P 81 108 255 255 0
P 82 108 255 255 0
P 83 108 255 255 0
P 84 108 255 255 0
P 85 108 255 255 0
P 86 108 255 255 0
P 87 108 255 255 0
P 88 108 255 0 0
P 89 108 255 0 0
P 90 108 255 0 0
P 91 108 255 0 0
P 92 108 255 0 0
P 93 108 255 0 0
P 94 108 0 0 255
P 95 108 0 0 255
P 96 108 0 0 255
P 97 108 0 0 255
P 98 108 0 0 255
P 99 108 0 0 255
P 100 108 0 0 255
P 101 108 0 0 255
P 102 108 0 0 255
P 103 108 0 0 255
P 104 108 0 0 255
P 105 108 255 255 0
P 106 108 255 255 0
P 107 108 255 255 0
P 108 108 255 255 0
P 109 108 255 255 0
P 110 108 255 255 0
P 111 108 0 255 255
P 112 108 0 255 255
P 113 108 0 255 255
P 114 108 0 255 255
P 115 108 0 255 255
P 116 108 0 255 255
P 117 108 0 255 255
P 118 108 0 255 255
P 119 108 0 255 255
P 120 108 0 255 255
P 121 108 0 255 255
P 122 108 255 0 0
P 123 108 255 0 0
P 124 108 255 0 0
P 125 108 255 0 0
P 126 108 255 0 0
P 127 108 255 0 0
P 128 108 0 255 0
P 129 108 0 255 0
P 130 108 0 255 0
P 131 108 0 255 0
P 132 108 0 255 0
P 133 108 0 255 0
P 134 108 0 255 0
P 135 108 0 255 0
P 136 108 0 255 0
P 137 108 0 255 0
P 138 108 0 255 0
P 139 108 255 0 255
P 140 108 255 0 255
P 141 108 255 0 255
P 142 108 255 0 255
P 143 108 255 0 255
P 144 108 255 0 255
P 145 108 255 255 0
P 146 108 255 255 0
P 147 108 255 255 0
P 148 108 255 255 0
P 149 108 255 255 0
P 150 108 255 255 0
P 151 108 255 255 0
P 152 108 255 255 0
P 153 108 255 255 0
P 154 108 255 255 0
P 155 108 255 255 0
P 156 108 255 0 0
P 157 108 255 0 0
P 158 108 255 0 0
P 159 108 255 0 0
P 160 108 255 0 0
P 161 108 255 0 0
P 162 108 255 0 255
P 163 108 255 0 255
P 164 108 255 0 255
P 165 108 255 0 255
P 166 108 255 0 255
P 167 108 255 0 255
P 168 108 255 0 255
P 169 108 255 0 255
P 170 108 255 0 255
P 171 108 255 0 255
P 172 108 255 0 255
P 173 108 255 255 0
P 174 108 255 255 0
P 175 108 255 255 0
P 176 108 255 255 0
P 177 108 255 255 0
P 178 108 255 255 0
P 179 108 0 255 255
P 180 108 0 255 255
P 181 108 0 255 255
P 182 108 0 255 255
P 183 108 0 255 255
P 184 108 0 255 255
P 185 108 0 255 255
P 186 108 0 255 255
P 187 108 0 255 255
P 188 108 0 255 255
P 189 108 0 255 255
P 190 108 255 0 0
P 191 108 255 0 0
P 192 108 255 0 0
P 193 108 255 0 0
P 194 108 255 0 0
P 195 108 255 0 0
P 196 108 255 0 255
P 197 108 255 0 255
P 198 108 255 0 255
P 199 108 255 0 255
P 200 108 255 0 255
P 201 108 255 0 255
P 202 108 255 0 255
P 203 108 255 0 255
P 204 108 255 0 255
P 205 108 255 0 255
P 206 108 255 0 255
P 207 108 0 255 0
P 208 108 0 255 0
P 209 108 0 255 0
P 210 108 0 255 0
P 211 108 0 255 0
P 212 108 0 255 0
P 213 108 0 255 255
P 214 108 0 255 255
P 215 108 0 255 255
P 216 108 0 255 255
P 217 108 0 255 255
P 218 108 0 255 255
P 219 108 0 255 255
P 220 108 0 255 255
P 221 108 0 255 255
P 222 108 0 255 255
P 223 108 0 255 255
P 224 108 255 0 0
P 225 108 255 0 0
P 226 108 255 0 0
P 227 108 255 0 0
P 228 108 255 0 0
P 229 108 255 0 0
P 230 108 255 0 255
P 231 108 255 0 255
P 232 108 255 0 255
P 233 108 255 0 255
P 234 108 255 0 255
P 235 108 255 0 255
P 236 108 255 0 255
P 237 108 255 0 255
P 238 108 255 0 255
P 239 108 255 0 255
P 240 108 255 0 255
P 241 108 0 255 0
P 242 108 0 255 0
P 243 108 0 255 0
P 244 108 0 255 0
P 245 108 0 255 0
P 246 108 0 255 0
P 247 108 0 255 255
P 248 108 0 255 255
P 249 108 0 255 255
P 250 108 0 255 255
P 251 108 0 255 255
P 252 108 0 255 255
P 253 108 0 255 255
P 254 108 0 255 255
P 255 108 0 255 255
P 256 108 0 255 255
P 257 108 0 255 255
P 258 108 255 0 0
P 259 108 255 0 0
P 260 108 255 0 0
P 261 108 255 0 0
P 262 108 255 0 0
P 263 108 255 0 0
P 264 108 255 0 255
P 265 108 255 0 255
P 266 108 255 0 255
P 267 108 255 0 255
P 268 108 255 0 255
P 269 108 255 0 255
P 270 108 255 0 255
P 271 108 255 0 255
P 272 108 255 0 255
P 273 108 255 0 255
P 274 108 255 0 255
P 275 108 0 255 0
P 276 108 0 255 0
P 277 108 0 255 0
P 278 108 0 255 0
P 279 108 0 255 0
P 280 108 0 255 0
P 281 108 0 255 255
P 282 108 0 255 255
P 283 108 0 255 255
P 284 108 0 255 255
P 285 108 0 255 255
P 286 108 0 255 255
P 287 108 0 255 255
P 288 108 0 255 255
P 289 108 0 255 255
P 290 108 0 255 255
P 291 108 0 255 255
P 20 109 255 0 0
P 21 109 255 0 0
P 22 109 255 0 0
P 23 109 255 0 0
P 24 109 255 0 0
P 25 109 255 0 0
P 26 109 255 0 0
P 27 109 255 0 0
P 28 109 0 0 255
P 29 109 0 0 255
P 30 109 0 0 255
P 31 109 0 0 255
P 32 109 0 0 255
P 33 109 0 0 255
P 34 109 0 0 255
P 35 109 0 0 255
P 36 109 0 0 255
P 37 109 255 255 0
P 38 109 255 255 0
P 39 109 255 255 0
P 40 109 255 255 0
P 41 109 255 255 0
P 42 109 255 255 0
P 43 109 255 255 0
P 44 109 255 255 0
P 45 109 255 0 255
P 46 109 255 0 255
P 47 109 255 0 255
P 48 109 255 0 255
P 49 109 255 0 255
P 50 109 255 0 255
P 51 109 255 0 255
P 52 109 255 0 255
P 53 109 255 0 255
P 54 109 255 0 0
P 55 109 255 0 0
P 56 109 255 0 0
P 57 109 255 0 0
P 58 109 255 0 0
P 59 109 255 0 0
P 60 109 255 0 0
P 61 109 255 0 0
P 62 109 0 255 0
P 63 109 0 255 0
P 64 109 0 255 0
P 65 109 0 255 0
P 66 109 0 255 0
P 67 109 0 255 0
P 68 109 0 255 0
P 69 109 0 255 0
P 70 109 0 255 0
P 71 109 255 0 255
P 72 109 255 0 255
P 73 109 255 0 255
P 74 109 255 0 255
P 75 109 255 0 255
P 76 109 255 0 255
P 77 109 255 0 255
P 78 109 255 0 255
P 79 109 255 255 0
P 80 109 255 255 0
P 81 109 255 255 0
P 82 109 255 255 0
P 83 109 255 255 0
P 84 109 255 255 0
P 85 109 255 255 0
P 86 109 255 255 0
P 87 109 255 255 0
P 88 109 255 0 0
P 89 109 255 0 0
P 90 109 255 0 0
P 91 109 255 0 0
P 92 109 255 0 0
P 93 109 255 0 0
P 94 109 255 0 0
P 95 109 255 0 0
P 96 109 0 0 255
P 97 109 0 0 255
P 98 109 0 0 255
P 99 109 0 0 255
P 100 109 0 0 255
P 101 109 0 0 255
P 102 109 0 0 255
P 103 109 0 0 255
P 104 109 0 0 255
P 105 109 255 255 0
P 106 109 255 255 0
P 107 109 255 255 0
P 108 109 255 255 0
P 109 109 255 255 0
P 110 109 255 255 0
P 111 109 255 255 0
P 112 109 255 255 0
P 113 109 0 255 255
P 114 109 0 255 255
P 115 109 0 255 255
P 116 109 0 255 255
P 117 109 0 255 255
P 118 109 0 255 255
P 119 109 0 255 255
P 120 109 0 255 255
P 121 109 0 255 255
P 122 109 255 0 0
P 123 109 255 0 0
P 124 109 255 0 0
P 125 109 255 0 0
P 126 109 255 0 0
P 127 109 255 0 0
P 128 109 255 0 0
P 129 109 255 0 0
P 130 109 0 255 0
P 131 109 0 255 0
P 132 109 0 255 0
P 133 109 0 255 0
P 134 109 0 255 0
P 135 109 0 255 0
P 136 109 0 255 0
P 137 109 0 255 0
P 138 109 0 255 0
P 139 109 255 0 255
P 140 109 255 0 255
P 141 109 255 0 255
P 142 109 255 0 255
P 143 109 255 0 255
P 144 109 255 0 255
P 145 109 255 0 255
P 146 109 255 0 255
P 147 109 255 255 0
P 148 109 255 255 0
P 149 109 255 255 0
P 150 109 255 255 0
P 151 109 255 255 0
P 152 109 255 255 0
P 153 109 255 255 0
P 154 109 255 255 0
P 155 109 255 255 0
P 156 109 255 0 0
P 157 109 255 0 0
P 158 109 255 0 0
P 159 109 255 0 0
P 160 109 255 0 0
P 161 109 255 0 0
P 162 109 255 0 0
P 163 109 255 0 0
P 164 109 255 0 255
P 165 109 255 0 255
P 166 109 255 0 255
P 167 109 255 0 255
P 168 109 255 0 255
P 169 109 255 0 255
P 170 109 255 0 255
P 171 109 255 0 255
P 172 109 255 0 255
P 173 109 255 255 0
P 174 109 255 255 0
P 175 109 255 255 0
P 176 109 255 255 0
P 177 109 255 255 0
P 178 109 255 255 0
P 179 109 255 255 0
P 180 109 255 255 0
P 181 109 0 255 255
P 182 109 0 255 255
P 183 109 0 255 255
P 184 109 0 255 255
P 185 109 0 255 255
P 186 109 0 255 255
P 187 109 0 255 255
P 188 109 0 255 255
P 189 109 0 255 255
P 190 109 255 0 0
P 191 109 255 0 0
P 192 109 255 0 0
P 193 109 255 0 0
P 194 109 255 0 0
P 195 109 255 0 0
P 196 109 255 0 0
P 197 109 255 0 0
P 198 109 255 0 255
P 199 109 255 0 255
P 200 109 255 0 255
P 201 109 255 0 255
P 202 109 255 0 255
P 203 109 255 0 255
P 204 109 255 0 255
P 205 109 255 0 255
P 206 109 255 0 255
P 207 109 0 255 0
P 208 109 0 255 0
P 209 109 0 255 0
P 210 109 0 255 0
P 211 109 0 255 0
P 212 109 0 255 0
P 213 109 0 255 0
P 214 109 0 255 0
P 215 109 0 255 255
P 216 109 0 255 255
P 217 109 0 255 255
P 218 109 0 255 255
P 219 109 0 255 255
P 220 109 0 255 255
P 221 109 0 255 255
P 222 109 0 255 255
P 223 109 0 255 255
P 224 109 255 0 0
P 225 109 255 0 0
P 226 109 255 0 0
P 227 109 255 0 0
P 228 109 255 0 0
P 229 109 255 0 0
P 230 109 255 0 0
P 231 109 255 0 0
P 232 109 255 0 255
P 233 109 255 0 255
P 234 109 255 0 255
P 235 109 255 0 255
P 236 109 255 0 255
P 237 109 255 0 255
P 238 109 255 0 255
P 239 109 255 0 255
P 240 109 255 0 255
P 241 109 0 255 0
P 242 109 0 255 0
P 243 109 0 255 0
P 244 109 0 255 0
P 245 109 0 255 0
P 246 109 0 255 0
P 247 109 0 255 0
P 248 109 0 255 0
P 249 109 0 255 255
P 250 109 0 255 255
P 251 109 0 255 255
P 252 109 0 255 255
P 253 109 0 255 255
P 254 109 0 255 255
P 255 109 0 255 255
P 256 109 0 255 255
P 257 109 0 255 255
P 258 109 255 0 0
P 259 109 255 0 0
P 260 109 255 0 0
P 261 109 255 0 0
P 262 109 255 0 0
P 263 109 255 0 0
P 264 109 255 0 0
P 265 109 255 0 255
P 266 109 255 0 255
P 267 109 255 0 255
P 268 109 255 0 255
P 269 109 255 0 255
P 270 109 255 0 255
P 271 109 255 0 255
P 272 109 255 0 255
P 273 109 255 0 255
P 274 109 255 0 255
P 275 109 0 255 0
P 276 109 0 255 0
P 277 109 0 255 0
P 278 109 0 255 0
P 279 109 0 255 0
P 280 109 0 255 0
P 281 109 0 255 0
P 282 109 0 255 0
P 283 109 0 255 255
P 284 109 0 255 255
P 285 109 0 255 255
P 286 109 0 255 255
P 287 109 0 255 255
P 288 109 0 255 255
P 289 109 0 255 255
P 290 109 0 255 255
P 291 109 0 255 255
P 20 110 255 0 0
P 21 110 255 0 0
P 22 110 255 0 0
P 23 110 255 0 0
P 24 110 255 0 0
P 25 110 255 0 0
P 26 110 255 0 0
P 27 110 255 0 0
P 28 110 255 0 0
P 29 110 0 0 255
P 30 110 0 0 255
P 31 110 0 0 255
P 32 110 0 0 255
P 33 110 0 0 255
P 34 110 0 0 255
P 35 110 0 0 255
P 36 110 0 0 255
P 37 110 255 255 0
P 38 110 255 255 0
P 39 110 255 255 0
P 40 110 255 255 0
P 41 110 255 255 0
P 42 110 255 255 0
P 43 110 255 255 0
P 44 110 255 255 0
P 45 110 255 255 0
P 46 110 255 0 255
P 47 110 255 0 255
P 48 110 255 0 255
P 49 110 255 0 255
P 50 110 255 0 255
P 51 110 255 0 255
P 52 110 255 0 255
P 53 110 255 0 255
P 54 110 255 0 0
P 55 110 255 0 0
P 56 110 255 0 0
P 57 110 255 0 0
P 58 110 255 0 0
P 59 110 255 0 0
P 60 110 255 0 0
P 61 110 255 0 0
P 62 110 255 0 0
P 63 110 0 255 0
P 64 110 0 255 0
P 65 110 0 255 0
P 66 110 0 255 0
P 67 110 0 255 0
P 68 110 0 255 0
P 69 110 0 255 0
P 70 110 0 255 0
P 71 110 255 0 255
P 72 110 255 0 255
P 73 110 255 0 255
P 74 110 255 0 255
P 75 110 255 0 255
P 76 110 255 0 255
P 77 110 255 0 255
P 78 110 255 0 255
P 79 110 255 0 255
P 80 110 255 255 0
P 81 110 255 255 0
P 82 110 255 255 0
P 83 110 255 255 0
P 84 110 255 255 0
P 85 110 255 255 0
P 86 110 255 255 0
P 87 110 255 255 0
P 88 110 255 0 0
P 89 110 255 0 0
P 90 110 255 0 0
P 91 110 255 0 0
P 92 110 255 0 0
P 93 110 255 0 0
P 94 110 255 0 0
P 95 110 255 0 0
P 96 110 255 0 0
P 97 110 0 0 255
P 98 110 0 0 255
P 99 110 0 0 255
P 100 110 0 0 255
P 101 110 0 0 255
P 102 110 0 0 255
P 103 110 0 0 255
P 104 110 0 0 255
P 105 110 255 255 0
P 106 110 255 255 0
P 107 110 255 255 0
P 108 110 255 255 0
P 109 110 255 255 0
P 110 110 255 255 0
P 111 110 255 255 0
P 112 110 255 255 0
P 113 110 255 255 0
P 114 110 0 255 255
P 115 110 0 255 255
P 116 110 0 255 255
P 117 110 0 255 255
P 118 110 0 255 255
P 119 110 0 255 255
P 120 110 0 255 255
P 121 110 0 255 255
P 122 110 255 0 0
P 123 110 255 0 0
P 124 110 255 0 0
P 125 110 255 0 0
P 126 110 255 0 0
P 127 110 255 0 0
P 128 110 255 0 0
P 129 110 255 0 0
P 130 110 255 0 0
P 131 110 0 255 0
P 132 110 0 255 0
P 133 110 0 255 0
P 134 110 0 255 0
P 135 110 0 255 0
P 136 110 0 255 0
P 137 110 0 255 0
P 138 110 0 255 0
P 139 110 255 0 255
P 140 110 255 0 255
P 141 110 255 0 255
P 142 110 255 0 255
P 143 110 255 0 255
P 144 110 255 0 255
P 145 110 255 0 255
P 146 110 255 0 255
P 147 110 255 0 255
P 148 110 255 255 0
P 149 110 255 255 0
P 150 110 255 255 0
P 151 110 255 255 0
P 152 110 255 255 0
P 153 110 255 255 0
P 154 110 255 255 0
P 155 110 255 255 0
P 156 110 255 0 0
P 157 110 255 0 0
P 158 110 255 0 0
P 159 110 255 0 0
P 160 110 255 0 0
P 161 110 255 0 0
P 162 110 255 0 0
P 163 110 255 0 0
P 164 110 255 0 0
P 165 110 255 0 255
P 166 110 255 0 255
P 167 110 255 0 255
P 168 110 255 0 255
P 169 110 255 0 255
P 170 110 255 0 255
P 171 110 255 0 255
P 172 110 255 0 255
P 173 110 255 255 0
P 174 110 255 255 0
P 175 110 255 255 0
P 176 110 255 255 0
P 177 110 255 255 0
P 178 110 255 255 0
P 179 110 255 255 0
P 180 110 255 255 0
P 181 110 255 255 0
P 182 110 0 255 255
P 183 110 0 255 255
P 184 110 0 255 255
P 185 110 0 255 255
P 186 110 0 255 255
P 187 110 0 255 255
P 188 110 0 255 255
P 189 110 0 255 255
P 190 110 255 0 0
P 191 110 255 0 0
P 192 110 255 0 0
P 193 110 255 0 0
P 194 110 255 0 0
P 195 110 255 0 0
P 196 110 255 0 0
P 197 110 255 0 0
P 198 110 255 0 0
P 199 110 255 0 255
P 200 110 255 0 255
P 201 110 255 0 255
P 202 110 255 0 255
P 203 110 255 0 255
P 204 110 255 0 255
P 205 110 255 0 255
P 206 110 255 0 255
P 207 110 0 255 0
P 208 110 0 255 0
P 209 110 0 255 0
P 210 110 0 255 0
P 211 110 0 255 0
P 212 110 0 255 0
P 213 110 0 255 0
P 214 110 0 255 0
P 215 110 0 255 0
P 216 110 0 255 255
P 217 110 0 255 255
P 218 110 0 255 255
P 219 110 0 255 255
P 220 110 0 255 255
P 221 110 0 255 255
P 222 110 0 255 255
P 223 110 0 255 255
P 224 110 255 0 0
P 225 110 255 0 0
P 226 110 255 0 0
P 227 110 255 0 0
P 228 110 255 0 0
P 229 110 255 0 0
P 230 110 255 0 0
P 231 110 255 0 0
P 232 110 255 0 0
P 233 110 255 0 255
P 234 110 255 0 255
P 235 110 255 0 255
P 236 110 255 0 255
P 237 110 255 0 255
P 238 110 255 0 255
P 239 110 255 0 255
P 240 110 255 0 255
P 241 110 0 255 0
P 242 110 0 255 0
P 243 110 0 255 0
P 244 110 0 255 0
P 245 110 0 255 0
P 246 110 0 255 0
P 247 110 0 255 0
P 248 110 0 255 0
P 249 110 0 255 0
P 250 110 0 255 255
P 251 110 0 255 255
P 252 110 0 255 255
P 253 110 0 255 255
P 254 110 0 255 255
P 255 110 0 255 255
P 256 110 0 255 255
P 257 110 0 255 255
P 258 110 255 0 0
P 259 110 255 0 0
P 260 110 255 0 0
P 261 110 255 0 0
P 262 110 255 0 0
P 263 110 255 0 0
P 264 110 255 0 0
P 265 110 255 0 0
P 266 110 255 0 0
P 267 110 255 0 255
P 268 110 255 0 255
P 269 110 255 0 255
P 270 110 255 0 255
P 271 110 255 0 255
P 272 110 255 0 255
P 273 110 255 0 255
P 274 110 255 0 255
P 275 110 0 255 0
P 276 110 0 255 0
P 277 110 0 255 0
P 278 110 0 255 0
P 279 110 0 255 0
P 280 110 0 255 0
P 281 110 0 255 0
P 282 110 0 255 0
P 283 110 0 255 0
P 284 110 0 255 255
P 285 110 0 255 255
P 286 110 0 255 255
P 287 110 0 255 255
P 288 110 0 255 255
P 289 110 0 255 255
P 290 110 0 255 255
P 291 110 0 255 255
P 20 111 255 0 0
P 21 111 255 0 0
P 22 111 255 0 0
P 23 111 255 0 0
P 24 111 255 0 0
P 25 111 255 0 0
P 26 111 255 0 0
P 27 111 255 0 0
P 28 111 255 0 0
P 29 111 255 0 0
P 30 111 0 0 255
P 31 111 0 0 255
P 32 111 0 0 255
P 33 111 0 0 255
P 34 111 0 0 255
P 35 111 0 0 255
P 36 111 0 0 255
P 37 111 255 255 0
P 38 111 255 255 0
P 39 111 255 255 0
P 40 111 255 255 0
P 41 111 255 255 0
P 42 111 255 255 0
P 43 111 255 255 0
P 44 111 255 255 0
P 45 111 255 255 0
P 46 111 255 255 0
P 47 111 255 0 255
P 48 111 255 0 255
P 49 111 255 0 255
P 50 111 255 0 255
P 51 111 255 0 255
P 52 111 255 0 255
P 53 111 255 0 255
P 54 111 255 0 0
P 55 111 255 0 0
P 56 111 255 0 0
P 57 111 255 0 0
P 58 111 255 0 0
P 59 111 255 0 0
P 60 111 255 0 0
P 61 111 255 0 0
P 62 111 255 0 0
P 63 111 255 0 0
P 64 111 255 0 0
P 65 111 0 255 0
P 66 111 0 255 0
P 67 111 0 255 0
P 68 111 0 255 0
P 69 111 0 255 0
P 70 111 0 255 0
P 71 111 255 0 255
P 72 111 255 0 255
P 73 111 255 0 255
P 74 111 255 0 255
P 75 111 255 0 255
P 76 111 255 0 255
P 77 111 255 0 255
P 78 111 255 0 255
P 79 111 255 0 255
P 80 111 255 0 255
P 81 111 255 0 255
P 82 111 255 255 0
P 83 111 255 255 0
P 84 111 255 255 0
P 85 111 255 255 0
P 86 111 255 255 0
P 87 111 255 255 0
P 88 111 255 0 0
P 89 111 255 0 0
P 90 111 255 0 0
P 91 111 255 0 0
P 92 111 255 0 0
P 93 111 255 0 0
P 94 111 255 0 0
P 95 111 255 0 0
P 96 111 255 0 0
P 97 111 255 0 0
P 98 111 0 0 255
P 99 111 0 0 255
P 100 111 0 0 255
P 101 111 0 0 255
P 102 111 0 0 255
P 103 111 0 0 255
P 104 111 0 0 255
P 105 111 255 255 0
P 106 111 255 255 0
P 107 111 255 255 0
P 108 111 255 255 0
P 109 111 255 255 0
P 110 111 255 255 0
P 111 111 255 255 0
P 112 111 255 255 0
P 113 111 255 255 0
P 114 111 255 255 0
P 115 111 0 255 255
P 116 111 0 255 255
P 117 111 0 255 255
P 118 111 0 255 255
P 119 111 0 255 255
P 120 111 0 255 255
P 121 111 0 255 255
P 122 111 255 0 0
P 123 111 255 0 0
P 124 111 255 0 0
P 125 111 255 0 0
P 126 111 255 0 0
P 127 111 255 0 0
P 128 111 255 0 0
P 129 111 255 0 0
P 130 111 255 0 0
P 131 111 255 0 0
P 132 111 255 0 0
P 133 111 0 255 0
P 134 111 0 255 0
P 135 111 0 255 0
P 136 111 0 255 0
P 137 111 0 255 0
P 138 111 0 255 0
P 139 111 255 0 255
P 140 111 255 0 255
P 141 111 255 0 255
P 142 111 255 0 255
P 143 111 255 0 255
P 144 111 255 0 255
P 145 111 255 0 255
P 146 111 255 0 255
P 147 111 255 0 255
P 148 111 255 0 255
P 149 111 255 255 0
P 150 111 255 255 0
P 151 111 255 255 0
P 152 111 255 255 0
P 153 111 255 255 0
P 154 111 255 255 0
P 155 111 255 255 0
P 156 111 255 0 0
P 157 111 255 0 0
P 158 111 255 0 0
P 159 111 255 0 0
P 160 111 255 0 0
P 161 111 255 0 0
P 162 111 255 0 0
P 163 111 255 0 0
P 164 111 255 0 0
P 165 111 255 0 0
P 166 111 255 0 0
P 167 111 255 0 255
P 168 111 255 0 255
P 169 111 255 0 255
P 170 111 255 0 255
P 171 111 255 0 255
P 172 111 255 0 255
P 173 111 255 255 0
P 174 111 255 255 0
P 175 111 255 255 0
P 176 111 255 255 0
P 177 111 255 255 0
P 178 111 255 255 0
P 179 111 255 255 0
P 180 111 255 255 0
P 181 111 255 255 0
P 182 111 255 255 0
P 183 111 255 255 0
P 184 111 0 255 255
P 185 111 0 255 255
P 186 111 0 255 255
P 187 111 0 255 255
P 188 111 0 255 255
P 189 111 0 255 255
P 190 111 255 0 0
P 191 111 255 0 0
P 192 111 255 0 0
P 193 111 255 0 0
P 194 111 255 0 0
P 195 111 255 0 0
P 196 111 255 0 0
P 197 111 255 0 0
P 198 111 255 0 0
P 199 111 255 0 0
P 200 111 255 0 255
P 201 111 255 0 255
P 202 111 255 0 255
P 203 111 255 0 255
P 204 111 255 0 255
P 205 111 255 0 255
P 206 111 255 0 255
P 207 111 0 255 0
P 208 111 0 255 0
P 209 111 0 255 0
P 210 111 0 255 0
P 211 111 0 255 0
P 212 111 0 255 0
P 213 111 0 255 0
P 214 111 0 255 0
P 215 111 0 255 0
P 216 111 0 255 0
P 217 111 0 255 255
P 218 111 0 255 255
P 219 111 0 255 255
P 220 111 0 255 255
P 221 111 0 255 255
P 222 111 0 255 255
P 223 111 0 255 255
P 224 111 255 0 0
P 225 111 255 0 0
P 226 111 255 0 0
P 227 111 255 0 0
P 228 111 255 0 0
P 229 111 255 0 0
P 230 111 255 0 0
P 231 111 255 0 0
P 232 111 255 0 0
P 233 111 255 0 0
P 234 111 255 0 0
P 235 111 255 0 255
P 236 111 255 0 255
P 237 111 255 0 255
P 238 111 255 0 255
P 239 111 255 0 255
P 240 111 255 0 255
P 241 111 0 255 0
P 242 111 0 255 0
P 243 111 0 255 0
P 244 111 0 255 0
P 245 111 0 255 0
P 246 111 0 255 0
P 247 111 0 255 0
P 248 111 0 255 0
P 249 111 0 255 0
P 250 111 0 255 0
P 251 111 0 255 0
P 252 111 0 255 255
P 253 111 0 255 255
P 254 111 0 255 255
P 255 111 0 255 255
P 256 111 0 255 255
P 257 111 0 255 255
P 258 111 255 0 0
P 259 111 255 0 0
P 260 111 255 0 0
P 261 111 255 0 0
P 262 111 255 0 0
P 263 111 255 0 0
P 264 111 255 0 0
P 265 111 255 0 0
P 266 111 255 0 0
P 267 111 255 0 0
P 268 111 255 0 255
P 269 111 255 0 255
P 270 111 255 0 255
P 271 111 255 0 255
P 272 111 255 0 255
P 273 111 255 0 255
P 274 111 255 0 255
P 275 111 0 255 0
P 276 111 0 255 0
P 277 111 0 255 0
P 278 111 0 255 0
P 279 111 0 255 0
P 280 111 0 255 0
P 281 111 0 255 0
P 282 111 0 255 0
P 283 111 0 255 0
P 284 111 0 255 0
P 285 111 0 255 255
P 286 111 0 255 255
P 287 111 0 255 255
P 288 111 0 255 255
P 289 111 0 255 255
P 290 111 0 255 255
P 291 111 0 255 255
P 20 112 255 0 0
P 21 112 255 0 0
P 22 112 255 0 0
P 23 112 255 0 0
P 24 112 255 0 0
P 25 112 255 0 0
P 26 112 255 0 0
P 27 112 255 0 0
P 28 112 255 0 0
P 29 112 255 0 0
P 30 112 255 0 0
P 31 112 255 0 0
P 32 112 0 0 255
P 33 112 0 0 255
P 34 112 0 0 255
P 35 112 0 0 255
P 36 112 0 0 255
P 37 112 255 255 0
P 38 112 255 255 0
P 39 112 255 255 0
P 40 112 255 255 0
P 41 112 255 255 0
P 42 112 255 255 0
P 43 112 255 255 0
P 44 112 255 255 0
P 45 112 255 255 0
P 46 112 255 255 0
P 47 112 255 255 0
P 48 112 255 255 0
P 49 112 255 0 255
P 50 112 255 0 255
P 51 112 255 0 255
P 52 112 255 0 255
P 53 112 255 0 255
P 54 112 255 0 0
P 55 112 255 0 0
P 56 112 255 0 0
P 57 112 255 0 0
P 58 112 255 0 0
P 59 112 255 0 0
P 60 112 255 0 0
P 61 112 255 0 0
P 62 112 255 0 0
P 63 112 255 0 0
P 64 112 255 0 0
P 65 112 255 0 0
P 66 112 0 255 0
P 67 112 0 255 0
P 68 112 0 255 0
P 69 112 0 255 0
P 70 112 0 255 0
P 71 112 255 0 255
P 72 112 255 0 255
P 73 112 255 0 255
P 74 112 255 0 255
P 75 112 255 0 255
P 76 112 255 0 255
P 77 112 255 0 255
P 78 112 255 0 255
P 79 112 255 0 255
P 80 112 255 0 255
P 81 112 255 0 255
P 82 112 255 0 255
P 83 112 255 255 0
P 84 112 255 255 0
P 85 112 255 255 0
P 86 112 255 255 0
P 87 112 255 255 0
P 88 112 255 0 0
P 89 112 255 0 0
P 90 112 255 0 0
P 91 112 255 0 0
P 92 112 255 0 0
P 93 112 255 0 0
P 94 112 255 0 0
P 95 112 255 0 0
P 96 112 255 0 0
P 97 112 255 0 0
P 98 112 255 0 0
P 99 112 255 0 0
P 100 112 0 0 255
P 101 112 0 0 255
P 102 112 0 0 255
P 103 112 0 0 255
P 104 112 0 0 255
P 105 112 255 255 0
P 106 112 255 255 0
P 107 112 255 255 0
P 108 112 255 255 0
P 109 112 255 255 0
P 110 112 255 255 0
P 111 112 255 255 0
P 112 112 255 255 0
P 113 112 255 255 0
P 114 112 255 255 0
P 115 112 255 255 0
P 116 112 255 255 0
P 117 112 0 255 255
P 118 112 0 255 255
P 119 112 0 255 255
P 120 112 0 255 255
P 121 112 0 255 255
P 122 112 255 0 0
P 123 112 255 0 0
P 124 112 255 0 0
P 125 112 255 0 0
P 126 112 255 0 0
P 127 112 255 0 0
P 128 112 255 0 0
P 129 112 255 0 0
P 130 112 255 0 0
P 131 112 255 0 0
P 132 112 255 0 0
P 133 112 255 0 0
P 134 112 0 255 0
P 135 112 0 255 0
P 136 112 0 255 0
P 137 112 0 255 0
P 138 112 0 255 0
P 139 112 255 0 255
P 140 112 255 0 255
P 141 112 255 0 255
P 142 112 255 0 255
P 143 112 255 0 255
P 144 112 255 0 255
P 145 112 255 0 255
P 146 112 255 0 255
P 147 112 255 0 255
P 148 112 255 0 255
P 149 112 255 0 255
P 150 112 255 0 255
P 151 112 255 255 0
P 152 112 255 255 0
P 153 112 255 255 0
P 154 112 255 255 0
P 155 112 255 255 0
P 156 112 255 0 0
P 157 112 255 0 0
P 158 112 255 0 0
P 159 112 255 0 0
P 160 112 255 0 0
P 161 112 255 0 0
P 162 112 255 0 0
P 163 112 255 0 0
P 164 112 255 0 0
P 165 112 255 0 0
P 166 112 255 0 0
P 167 112 255 0 0
P 168 112 255 0 255
P 169 112 255 0 255
P 170 112 255 0 255
P 171 112 255 0 255
P 172 112 255 0 255
P 173 112 255 255 0
P 174 112 255 255 0
P 175 112 255 255 0
P 176 112 255 255 0
P 177 112 255 255 0
P 178 112 255 255 0
P 179 112 255 255 0
P 180 112 255 255 0
P 181 112 255 255 0
P 182 112 255 255 0
P 183 112 255 255 0
P 184 112 255 255 0
P 185 112 0 255 255
P 186 112 0 255 255
P 187 112 0 255 255
P 188 112 0 255 255
P 189 112 0 255 255
P 190 112 255 0 0
P 191 112 255 0 0
P 192 112 255 0 0
P 193 112 255 0 0
P 194 112 255 0 0
P 195 112 255 0 0
P 196 112 255 0 0
P 197 112 255 0 0
P 198 112 255 0 0
P 199 112 255 0 0
P 200 112 255 0 0
P 201 112 255 0 0
P 202 112 255 0 255
P 203 112 255 0 255
P 204 112 255 0 255
P 205 112 255 0 255
P 206 112 255 0 255
P 207 112 0 255 0
P 208 112 0 255 0
P 209 112 0 255 0
P 210 112 0 255 0
P 211 112 0 255 0
P 212 112 0 255 0
P 213 112 0 255 0
P 214 112 0 255 0
P 215 112 0 255 0
P 216 112 0 255 0
P 217 112 0 255 0
P 218 112 0 255 0
P 219 112 0 255 255
P 220 112 0 255 255
P 221 112 0 255 255
P 222 112 0 255 255
P 223 112 0 255 255
P 224 112 255 0 0
P 225 112 255 0 0
P 226 112 255 0 0
P 227 112 255 0 0
P 228 112 255 0 0
P 229 112 255 0 0
P 230 112 255 0 0
P 231 112 255 0 0
P 232 112 255 0 0
P 233 112 255 0 0
P 234 112 255 0 0
P 235 112 255 0 0
P 236 112 255 0 255
P 237 112 255 0 255
P 238 112 255 0 255
P 239 112 255 0 255
P 240 112 255 0 255
P 241 112 0 255 0
P 242 112 0 255 0
P 243 112 0 255 0
P 244 112 0 255 0
P 245 112 0 255 0
P 246 112 0 255 0
P 247 112 0 255 0
P 248 112 0 255 0
P 249 112 0 255 0
P 250 112 0 255 0
P 251 112 0 255 0
P 252 112 0 255 0
P 253 112 0 255 255
P 254 112 0 255 255
P 255 112 0 255 255
P 256 112 0 255 255
P 257 112 0 255 255
P 258 112 255 0 0
P 259 112 255 0 0
P 260 112 255 0 0
P 261 112 255 0 0
P 262 112 255 0 0
P 263 112 255 0 0
P 264 112 255 0 0
P 265 112 255 0 0
P 266 112 255 0 0
P 267 112 255 0 0
P 268 112 255 0 0
P 269 112 255 0 0
P 270 112 255 0 255
P 271 112 255 0 255
P 272 112 255 0 255
P 273 112 255 0 255
P 274 112 255 0 255
P 275 112 0 255 0
P 276 112 0 255 0
P 277 112 0 255 0
P 278 112 0 255 0
P 279 112 0 255 0
P 280 112 0 255 0
P 281 112 0 255 0
P 282 112 0 255 0
P 283 112 0 255 0
P 284 112 0 255 0
P 285 112 0 255 0
P 286 112 0 255 0
P 287 112 0 255 255
P 288 112 0 255 255
P 289 112 0 255 255
P 290 112 0 255 255
P 291 112 0 255 255
P 20 113 255 0 0
P 21 113 255 0 0
P 22 113 255 0 0
P 23 113 255 0 0
P 24 113 255 0 0
P 25 113 255 0 0
P 26 113 255 0 0
P 27 113 255 0 0
P 28 113 255 0 0
P 29 113 255 0 0
P 30 113 255 0 0
P 31 113 255 0 0
P 32 113 255 0 0
P 33 113 0 0 255
P 34 113 0 0 255
P 35 113 0 0 255
P 36 113 0 0 255
P 37 113 255 255 0
P 38 113 255 255 0
P 39 113 255 255 0
P 40 113 255 255 0
P 41 113 255 255 0
P 42 113 255 255 0
P 43 113 255 255 0
P 44 113 255 255 0
P 45 113 255 255 0
P 46 113 255 255 0
P 47 113 255 255 0
P 48 113 255 255 0
P 49 113 255 255 0
P 50 113 255 0 255
P 51 113 255 0 255
P 52 113 255 0 255
P 53 113 255 0 255
P 54 113 255 0 0
P 55 113 255 0 0
P 56 113 255 0 0
P 57 113 255 0 0
P 58 113 255 0 0
P 59 113 255 0 0
P 60 113 255 0 0
P 61 113 255 0 0
P 62 113 255 0 0
P 63 113 255 0 0
P 64 113 255 0 0
P 65 113 255 0 0
P 66 113 255 0 0
P 67 113 0 255 0
P 68 113 0 255 0
P 69 113 0 255 0
P 70 113 0 255 0
P 71 113 255 0 255
P 72 113 255 0 255
P 73 113 255 0 255
P 74 113 255 0 255
P 75 113 255 0 255
P 76 113 255 0 255
P 77 113 255 0 255
P 78 113 255 0 255
P 79 113 255 0 255
P 80 113 255 0 255
P 81 113 255 0 255
P 82 113 255 0 255
P 83 113 255 0 255
P 84 113 255 0 255
P 85 113 255 255 0
P 86 113 255 255 0
P 87 113 255 255 0
P 88 113 255 0 0
P 89 113 255 0 0
P 90 113 255 0 0
P 91 113 255 0 0
P 92 113 255 0 0
P 93 113 255 0 0
P 94 113 255 0 0
P 95 113 255 0 0
P 96 113 255 0 0
P 97 113 255 0 0
P 98 113 255 0 0
P 99 113 255 0 0
P 100 113 255 0 0
P 101 113 0 0 255
P 102 113 0 0 255
P 103 113 0 0 255
P 104 113 0 0 255
P 105 113 255 255 0
P 106 113 255 255 0
P 107 113 255 255 0
P 108 113 255 255 0
P 109 113 255 255 0
P 110 113 255 255 0
P 111 113 255 255 0
P 112 113 255 255 0
P 113 113 255 255 0
P 114 113 255 255 0
P 115 113 255 255 0
P 116 113 255 255 0
P 117 113 255 255 0
P 118 113 0 255 255
P 119 113 0 255 255
P 120 113 0 255 255
P 121 113 0 255 255
P 122 113 255 0 0
P 123 113 255 0 0
P 124 113 255 0 0
P 125 113 255 0 0
P 126 113 255 0 0
P 127 113 255 0 0
P 128 113 255 0 0
P 129 113 255 0 0
P 130 113 255 0 0
P 131 113 255 0 0
P 132 113 255 0 0
P 133 113 255 0 0
P 134 113 255 0 0
P 135 113 0 255 0
P 136 113 0 255 0
P 137 113 0 255 0
P 138 113 0 255 0
P 139 113 255 0 255
P 140 113 255 0 255
P 141 113 255 0 255
P 142 113 255 0 255
P 143 113 255 0 255
P 144 113 255 0 255
P 145 113 255 0 255
P 146 113 255 0 255
P 147 113 255 0 255
P 148 113 255 0 255
P 149 113 255 0 255
P 150 113 255 0 255
P 151 113 255 0 255
P 152 113 255 255 0
P 153 113 255 255 0
P 154 113 255 255 0
P 155 113 255 255 0
P 156 113 255 0 0
P 157 113 255 0 0
P 158 113 255 0 0
P 159 113 255 0 0
P 160 113 255 0 0
P 161 113 255 0 0
P 162 113 255 0 0
P 163 113 255 0 0
P 164 113 255 0 0
P 165 113 255 0 0
P 166 113 255 0 0
P 167 113 255 0 0
P 168 113 255 0 0
P 169 113 255 0 0
P 170 113 255 0 255
P 171 113 255 0 255
P 172 113 255 0 255
P 173 113 255 255 0
P 174 113 255 255 0
P 175 113 255 255 0
P 176 113 255 255 0
P 177 113 255 255 0
P 178 113 255 255 0
P 179 113 255 255 0
P 180 113 255 255 0
P 181 113 255 255 0
P 182 113 255 255 0
P 183 113 255 255 0
P 184 113 255 255 0
P 185 113 255 255 0
P 186 113 0 255 255
P 187 113 0 255 255
P 188 113 0 255 255
P 189 113 0 255 255
P 190 113 255 0 0
P 191 113 255 0 0
P 192 113 255 0 0
P 193 113 255 0 0
P 194 113 255 0 0
P 195 113 255 0 0
P 196 113 255 0 0
P 197 113 255 0 0
P 198 113 255 0 0
P 199 113 255 0 0
P 200 113 255 0 0
P 201 113 255 0 0
P 202 113 255 0 0
P 203 113 255 0 255
P 204 113 255 0 255
P 205 113 255 0 255
P 206 113 255 0 255
P 207 113 0 255 0
P 208 113 0 255 0
P 209 113 0 255 0
P 210 113 0 255 0
P 211 113 0 255 0
P 212 113 0 255 0
P 213 113 0 255 0
P 214 113 0 255 0
P 215 113 0 255 0
P 216 113 0 255 0
P 217 113 0 255 0
P 218 113 0 255 0
P 219 113 0 255 0
P 220 113 0 255 255
P 221 113 0 255 255
P 222 113 0 255 255
P 223 113 0 255 255
P 224 113 255 0 0
P 225 113 255 0 0
P 226 113 255 0 0
P 227 113 255 0 0
P 228 113 255 0 0
P 229 113 255 0 0
P 230 113 255 0 0
P 231 113 255 0 0
P 232 113 255 0 0
P 233 113 255 0 0
P 234 113 255 0 0
P 235 113 255 0 0
P 236 113 255 0 0
P 237 113 255 0 0
P 238 113 255 0 255
P 239 113 255 0 255
P 240 113 255 0 255
P 241 113 0 255 0
P 242 113 0 255 0
P 243 113 0 255 0
P 244 113 0 255 0
P 245 113 0 255 0
P 246 113 0 255 0
P 247 113 0 255 0
P 248 113 0 255 0
P 249 113 0 255 0
P 250 113 0 255 0
P 251 113 0 255 0
P 252 113 0 255 0
P 253 113 0 255 0
P 254 113 0 255 255
P 255 113 0 255 255
P 256 113 0 255 255
P 257 113 0 255 255
P 258 113 255 0 0
P 259 113 255 0 0
P 260 113 255 0 0
P 261 113 255 0 0
P 262 113 255 0 0
P 263 113 255 0 0
P 264 113 255 0 0
P 265 113 255 0 0
P 266 113 255 0 0
P 267 113 255 0 0
P 268 113 255 0 0
P 269 113 255 0 0
P 270 113 255 0 0
P 271 113 255 0 255
P 272 113 255 0 255
P 273 113 255 0 255
P 274 113 255 0 255
P 275 113 0 255 0
P 276 113 0 255 0
P 277 113 0 255 0
P 278 113 0 255 0
P 279 113 0 255 0
P 280 113 0 255 0
P 281 113 0 255 0
P 282 113 0 255 0
P 283 113 0 255 0
P 284 113 0 255 0
P 285 113 0 255 0
P 286 113 0 255 0
P 287 113 0 255 0
P 288 113 0 255 255
P 289 113 0 255 255
P 290 113 0 255 255
P 291 113 0 255 255
P 20 114 255 0 0
P 21 114 255 0 0
P 22 114 255 0 0
P 23 114 255 0 0
P 24 114 255 0 0
P 25 114 255 0 0
P 26 114 255 0 0
P 27 114 255 0 0
P 28 114 255 0 0
P 29 114 255 0 0
P 30 114 255 0 0
P 31 114 255 0 0
P 32 114 255 0 0
P 33 114 255 0 0
P 34 114 255 0 0
P 35 114 0 0 255
P 36 114 0 0 255
P 37 114 255 255 0
P 38 114 255 255 0
P 39 114 255 255 0
P 40 114 255 255 0
P 41 114 255 255 0
P 42 114 255 255 0
P 43 114 255 255 0
P 44 114 255 255 0
P 45 114 255 255 0
P 46 114 255 255 0
P 47 114 255 255 0
P 48 114 255 255 0
P 49 114 255 255 0
P 50 114 255 255 0
P 51 114 255 255 0
P 52 114 255 0 255
P 53 114 255 0 255
P 54 114 255 0 0
P 55 114 255 0 0
P 56 114 255 0 0
P 57 114 255 0 0
P 58 114 255 0 0
P 59 114 255 0 0
P 60 114 255 0 0
P 61 114 255 0 0
P 62 114 255 0 0
P 63 114 255 0 0
P 64 114 255 0 0
P 65 114 255 0 0
P 66 114 255 0 0
P 67 114 255 0 0
P 68 114 255 0 0
P 69 114 0 255 0
P 70 114 0 255 0
P 71 114 255 0 255
P 72 114 255 0 255
P 73 114 255 0 255
P 74 114 255 0 255
P 75 114 255 0 255
P 76 114 255 0 255
P 77 114 255 0 255
P 78 114 255 0 255
P 79 114 255 0 255
P 80 114 255 0 255
P 81 114 255 0 255
P 82 114 255 0 255
P 83 114 255 0 255
P 84 114 255 0 255
P 85 114 255 0 255
P 86 114 255 255 0
P 87 114 255 255 0
P 88 114 255 0 0
P 89 114 255 0 0
P 90 114 255 0 0
P 91 114 255 0 0
P 92 114 255 0 0
P 93 114 255 0 0
P 94 114 255 0 0
P 95 114 255 0 0
P 96 114 255 0 0
P 97 114 255 0 0
P 98 114 255 0 0
P 99 114 255 0 0
P 100 114 255 0 0
P 101 114 255 0 0
P 102 114 255 0 0
P 103 114 0 0 255
P 104 114 0 0 255
P 105 114 255 255 0
P 106 114 255 255 0
P 107 114 255 255 0
P 108 114 255 255 0
P 109 114 255 255 0
P 110 114 255 255 0
P 111 114 255 255 0
P 112 114 255 255 0
P 113 114 255 255 0
P 114 114 255 255 0
P 115 114 255 255 0
P 116 114 255 255 0
P 117 114 255 255 0
P 118 114 255 255 0
P 119 114 255 255 0
P 120 114 0 255 255
P 121 114 0 255 255
P 122 114 255 0 0
P 123 114 255 0 0
P 124 114 255 0 0
P 125 114 255 0 0
P 126 114 255 0 0
P 127 114 255 0 0
P 128 114 255 0 0
P 129 114 255 0 0
P 130 114 255 0 0
P 131 114 255 0 0
P 132 114 255 0 0
P 133 114 255 0 0
P 134 114 255 0 0
P 135 114 255 0 0
P 136 114 255 0 0
P 137 114 0 255 0
P 138 114 0 255 0
P 139 114 255 0 255
P 140 114 255 0 255
P 141 114 255 0 255
P 142 114 255 0 255
P 143 114 255 0 255
P 144 114 255 0 255
P 145 114 255 0 255
P 146 114 255 0 255
P 147 114 255 0 255
P 148 114 255 0 255
P 149 114 255 0 255
P 150 114 255 0 255
P 151 114 255 0 255
P 152 114 255 0 255
P 153 114 255 0 255
P 154 114 255 255 0
P 155 114 255 255 0
P 156 114 255 0 0
P 157 114 255 0 0
P 158 114 255 0 0
P 159 114 255 0 0
P 160 114 255 0 0
P 161 114 255 0 0
P 162 114 255 0 0
P 163 114 255 0 0
P 164 114 255 0 0
P 165 114 255 0 0
P 166 114 255 0 0
P 167 114 255 0 0
P 168 114 255 0 0
P 169 114 255 0 0
P 170 114 255 0 0
P 171 114 255 0 255
P 172 114 255 0 255
P 173 114 255 255 0
P 174 114 255 255 0
P 175 114 255 255 0
P 176 114 255 255 0
P 177 114 255 255 0
P 178 114 255 255 0
P 179 114 255 255 0
P 180 114 255 255 0
P 181 114 255 255 0
P 182 114 255 255 0
P 183 114 255 255 0
P 184 114 255 255 0
P 185 114 255 255 0
P 186 114 255 255 0
P 187 114 255 255 0
P 188 114 0 255 255
P 189 114 0 255 255
P 190 114 255 0 0
P 191 114 255 0 0
P 192 114 255 0 0
P 193 114 255 0 0
P 194 114 255 0 0
P 195 114 255 0 0
P 196 114 255 0 0
P 197 114 255 0 0
P 198 114 255 0 0
P 199 114 255 0 0
P 200 114 255 0 0
P 201 114 255 0 0
P 202 114 255 0 0
P 203 114 255 0 0
P 204 114 255 0 0
P 205 114 255 0 255
P 206 114 255 0 255
P 207 114 0 255 0
P 208 114 0 255 0
P 209 114 0 255 0
P 210 114 0 255 0
P 211 114 0 255 0
P 212 114 0 255 0
P 213 114 0 255 0
P 214 114 0 255 0
P 215 114 0 255 0
P 216 114 0 255 0
P 217 114 0 255 0
P 218 114 0 255 0
P 219 114 0 255 0
P 220 114 0 255 0
P 221 114 0 255 0
P 222 114 0 255 255
P 223 114 0 255 255
P 224 114 255 0 0
P 225 114 255 0 0
P 226 114 255 0 0
P 227 114 255 0 0
P 228 114 255 0 0
P 229 114 255 0 0
P 230 114 255 0 0
P 231 114 255 0 0
P 232 114 255 0 0
P 233 114 255 0 0
P 234 114 255 0 0
P 235 114 255 0 0
P 236 114 255 0 0
P 237 114 255 0 0
P 238 114 255 0 0
P 239 114 255 0 255
P 240 114 255 0 255
P 241 114 0 255 0
P 242 114 0 255 0
P 243 114 0 255 0
P 244 114 0 255 0
P 245 114 0 255 0
P 246 114 0 255 0
P 247 114 0 255 0
P 248 114 0 255 0
P 249 114 0 255 0
P 250 114 0 255 0
P 251 114 0 255 0
P 252 114 0 255 0
P 253 114 0 255 0
P 254 114 0 255 0
P 255 114 0 255 0
P 256 114 0 255 255
P 257 114 0 255 255
P 258 114 255 0 0
P 259 114 255 0 0
P 260 114 255 0 0
P 261 114 255 0 0
P 262 114 255 0 0
P 263 114 255 0 0
P 264 114 255 0 0
P 265 114 255 0 0
P 266 114 255 0 0
P 267 114 255 0 0
P 268 114 255 0 0
P 269 114 255 0 0
P 270 114 255 0 0
P 271 114 255 0 0
P 272 114 255 0 0
P 273 114 255 0 255
P 274 114 255 0 255
P 275 114 0 255 0
P 276 114 0 255 0
P 277 114 0 255 0
P 278 114 0 255 0
P 279 114 0 255 0
P 280 114 0 255 0
P 281 114 0 255 0
P 282 114 0 255 0
P 283 114 0 255 0
P 284 114 0 255 0
P 285 114 0 255 0
P 286 114 0 255 0
P 287 114 0 255 0
P 288 114 0 255 0
P 289 114 0 255 255
P 290 114 0 255 255
P 291 114 0 255 255
P 20 115 255 0 0
P 21 115 255 0 0
P 22 115 255 0 0
P 23 115 255 0 0
P 24 115 255 0 0
P 25 115 255 0 0
P 26 115 255 0 0
P 27 115 255 0 0
P 28 115 255 0 0
P 29 115 255 0 0
P 30 115 255 0 0
P 31 115 255 0 0
P 32 115 255 0 0
P 33 115 255 0 0
P 34 115 255 0 0
P 35 115 255 0 0
P 36 115 0 0 255
P 37 115 255 255 0
P 38 115 255 255 0
P 39 115 255 255 0
P 40 115 255 255 0
P 41 115 255 255 0
P 42 115 255 255 0
P 43 115 255 255 0
P 44 115 255 255 0
P 45 115 255 255 0
P 46 115 255 255 0
P 47 115 255 255 0
P 48 115 255 255 0
P 49 115 255 255 0
P 50 115 255 255 0
P 51 115 255 255 0
P 52 115 255 255 0
P 53 115 255 0 255
P 54 115 255 0 0
P 55 115 255 0 0
P 56 115 255 0 0
P 57 115 255 0 0
P 58 115 255 0 0
P 59 115 255 0 0
P 60 115 255 0 0
P 61 115 255 0 0
P 62 115 255 0 0
P 63 115 255 0 0
P 64 115 255 0 0
P 65 115 255 0 0
P 66 115 255 0 0
P 67 115 255 0 0
P 68 115 255 0 0
P 69 115 255 0 0
P 70 115 0 255 0
P 71 115 255 0 255
P 72 115 255 0 255
P 73 115 255 0 255
P 74 115 255 0 255
P 75 115 255 0 255
P 76 115 255 0 255
P 77 115 255 0 255
P 78 115 255 0 255
P 79 115 255 0 255
P 80 115 255 0 255
P 81 115 255 0 255
P 82 115 255 0 255
P 83 115 255 0 255
P 84 115 255 0 255
P 85 115 255 0 255
P 86 115 255 0 255
P 87 115 255 0 255
P 88 115 255 0 0
P 89 115 255 0 0
P 90 115 255 0 0
P 91 115 255 0 0
P 92 115 255 0 0
P 93 115 255 0 0
P 94 115 255 0 0
P 95 115 255 0 0
P 96 115 255 0 0
P 97 115 255 0 0
P 98 115 255 0 0
P 99 115 255 0 0
P 100 115 255 0 0
P 101 115 255 0 0
P 102 115 255 0 0
P 103 115 255 0 0
P 104 115 0 0 255
P 105 115 255 255 0
P 106 115 255 255 0
P 107 115 255 255 0
P 108 115 255 255 0
P 109 115 255 255 0
P 110 115 255 255 0
P 111 115 255 255 0
P 112 115 255 255 0
P 113 115 255 255 0
P 114 115 255 255 0
P 115 115 255 255 0
P 116 115 255 255 0
P 117 115 255 255 0
P 118 115 255 255 0
P 119 115 255 255 0
P 120 115 255 255 0
P 121 115 0 255 255
P 122 115 255 0 0
P 123 115 255 0 0
P 124 115 255 0 0
P 125 115 255 0 0
P 126 115 255 0 0
P 127 115 255 0 0
P 128 115 255 0 0
P 129 115 255 0 0
P 130 115 255 0 0
P 131 115 255 0 0
P 132 115 255 0 0
P 133 115 255 0 0
P 134 115 255 0 0
P 135 115 255 0 0
P 136 115 255 0 0
P 137 115 255 0 0
P 138 115 0 255 0
P 139 115 255 0 255
P 140 115 255 0 255
P 141 115 255 0 255
P 142 115 255 0 255
P 143 115 255 0 255
P 144 115 255 0 255
P 145 115 255 0 255
P 146 115 255 0 255
P 147 115 255 0 255
P 148 115 255 0 255
P 149 115 255 0 255
P 150 115 255 0 255
P 151 115 255 0 255
P 152 115 255 0 255
P 153 115 255 0 255
P 154 115 255 0 255
P 155 115 255 255 0
P 156 115 255 0 0
P 157 115 255 0 0
P 158 115 255 0 0
P 159 115 255 0 0
P 160 115 255 0 0
P 161 115 255 0 0
P 162 115 255 0 0
P 163 115 255 0 0
P 164 115 255 0 0
P 165 115 255 0 0
P 166 115 255 0 0
P 167 115 255 0 0
P 168 115 255 0 0
P 169 115 255 0 0
P 170 115 255 0 0
P 171 115 255 0 0
P 172 115 255 0 255
P 173 115 255 255 0
P 174 115 255 255 0
P 175 115 255 255 0
P 176 115 255 255 0
P 177 115 255 255 0
P 178 115 255 255 0
P 179 115 255 255 0
P 180 115 255 255 0
P 181 115 255 255 0
P 182 115 255 255 0
P 183 115 255 255 0
P 184 115 255 255 0
P 185 115 255 255 0
P 186 115 255 255 0
P 187 115 255 255 0
P 188 115 255 255 0
P 189 115 0 255 255
P 190 115 255 0 0
P 191 115 255 0 0
P 192 115 255 0 0
P 193 115 255 0 0
P 194 115 255 0 0
P 195 115 255 0 0
P 196 115 255 0 0
P 197 115 255 0 0
P 198 115 255 0 0
P 199 115 255 0 0
P 200 115 255 0 0
P 201 115 255 0 0
P 202 115 255 0 0
P 203 115 255 0 0
P 204 115 255 0 0
P 205 115 255 0 0
P 206 115 255 0 255
P 207 115 0 255 0
P 208 115 0 255 0
P 209 115 0 255 0
P 210 115 0 255 0
P 211 115 0 255 0
P 212 115 0 255 0
P 213 115 0 255 0
P 214 115 0 255 0
P 215 115 0 255 0
P 216 115 0 255 0
P 217 115 0 255 0
P 218 115 0 255 0
P 219 115 0 255 0
P 220 115 0 255 0
P 221 115 0 255 0
P 222 115 0 255 0
P 223 115 0 255 255
P 224 115 255 0 0
P 225 115 255 0 0
P 226 115 255 0 0
P 227 115 255 0 0
P 228 115 255 0 0
P 229 115 255 0 0
P 230 115 255 0 0
P 231 115 255 0 0
P 232 115 255 0 0
P 233 115 255 0 0
P 234 115 255 0 0
P 235 115 255 0 0
P 236 115 255 0 0
P 237 115 255 0 0
P 238 115 255 0 0
P 239 115 255 0 0
P 240 115 255 0 255
P 241 115 0 255 0
P 242 115 0 255 0
P 243 115 0 255 0
P 244 115 0 255 0
P 245 115 0 255 0
P 246 115 0 255 0
P 247 115 0 255 0
P 248 115 0 255 0
P 249 115 0 255 0
P 250 115 0 255 0
P 251 115 0 255 0
P 252 115 0 255 0
P 253 115 0 255 0
P 254 115 0 255 0
P 255 115 0 255 0
P 256 115 0 255 0
P 257 115 0 255 255
P 258 115 255 0 0
P 259 115 255 0 0
P 260 115 255 0 0
P 261 115 255 0 0
P 262 115 255 0 0
P 263 115 255 0 0
P 264 115 255 0 0
P 265 115 255 0 0
P 266 115 255 0 0
P 267 115 255 0 0
P 268 115 255 0 0
P 269 115 255 0 0
P 270 115 255 0 0
P 271 115 255 0 0
P 272 115 255 0 0
P 273 115 255 0 0
P 274 115 255 0 255
P 275 115 0 255 0
P 276 115 0 255 0
P 277 115 0 255 0
P 278 115 0 255 0
P 279 115 0 255 0
P 280 115 0 255 0
P 281 115 0 255 0
P 282 115 0 255 0
P 283 115 0 255 0
P 284 115 0 255 0
P 285 115 0 255 0
P 286 115 0 255 0
P 287 115 0 255 0
P 288 115 0 255 0
P 289 115 0 255 0
P 290 115 0 255 0
P 291 115 0 255 255
P 20 116 0 0 255
P 21 116 0 255 0
P 22 116 0 255 0
P 23 116 0 255 0
P 24 116 0 255 0
P 25 116 0 255 0
P 26 116 0 255 0
P 27 116 0 255 0
P 28 116 0 255 0
P 29 116 0 255 0
P 30 116 0 255 0
P 31 116 0 255 0
P 32 116 0 255 0
P 33 116 0 255 0
P 34 116 0 255 0
P 35 116 0 255 0
P 36 116 0 255 0
P 37 116 255 0 255
P 38 116 0 255 255
P 39 116 0 255 255
P 40 116 0 255 255
P 41 116 0 255 255
P 42 116 0 255 255
P 43 116 0 255 255
P 44 116 0 255 255
P 45 116 0 255 255
P 46 116 0 255 255
P 47 116 0 255 255
P 48 116 0 255 255
P 49 116 0 255 255
P 50 116 0 255 255
P 51 116 0 255 255
P 52 116 0 255 255
P 53 116 0 255 255
P 54 116 0 255 0
P 55 116 0 0 255
P 56 116 0 0 255
P 57 116 0 0 255
P 58 116 0 0 255
P 59 116 0 0 255
P 60 116 0 0 255
P 61 116 0 0 255
P 62 116 0 0 255
P 63 116 0 0 255
P 64 116 0 0 255
P 65 116 0 0 255
P 66 116 0 0 255
P 67 116 0 0 255
P 68 116 0 0 255
P 69 116 0 0 255
P 70 116 0 0 255
P 71 116 0 255 255
P 72 116 0 255 255
P 73 116 0 255 255
P 74 116 0 255 255
P 75 116 0 255 255
P 76 116 0 255 255
P 77 116 0 255 255
P 78 116 0 255 255
P 79 116 0 255 255
P 80 116 0 255 255
P 81 116 0 255 255
P 82 116 0 255 255
P 83 116 0 255 255
P 84 116 0 255 255
P 85 116 0 255 255
P 86 116 0 255 255
P 87 116 0 255 255
P 88 116 0 0 255
P 89 116 0 255 0
P 90 116 0 255 0
P 91 116 0 255 0
P 92 116 0 255 0
P 93 116 0 255 0
P 94 116 0 255 0
P 95 116 0 255 0
P 96 116 0 255 0
P 97 116 0 255 0
P 98 116 0 255 0
P 99 116 0 255 0
P 100 116 0 255 0
P 101 116 0 255 0
P 102 116 0 255 0
P 103 116 0 255 0
P 104 116 0 255 0
P 105 116 0 255 255
P 106 116 255 0 255
P 107 116 255 0 255
P 108 116 255 0 255
P 109 116 255 0 255
P 110 116 255 0 255
P 111 116 255 0 255
P 112 116 255 0 255
P 113 116 255 0 255
P 114 116 255 0 255
P 115 116 255 0 255
P 116 116 255 0 255
P 117 116 255 0 255
P 118 116 255 0 255
P 119 116 255 0 255
P 120 116 255 0 255
P 121 116 255 0 255
P 122 116 0 255 0
P 123 116 0 0 255
P 124 116 0 0 255
P 125 116 0 0 255
P 126 116 0 0 255
P 127 116 0 0 255
P 128 116 0 0 255
P 129 116 0 0 255
P 130 116 0 0 255
P 131 116 0 0 255
P 132 116 0 0 255
P 133 116 0 0 255
P 134 116 0 0 255
P 135 116 0 0 255
P 136 116 0 0 255
P 137 116 0 0 255
P 138 116 0 0 255
P 139 116 0 255 255
P 140 116 0 255 255
P 141 116 0 255 255
P 142 116 0 255 255
P 143 116 0 255 255
P 144 116 0 255 255
P 145 116 0 255 255
P 146 116 0 255 255
P 147 116 0 255 255
P 148 116 0 255 255
P 149 116 0 255 255
P 150 116 0 255 255
P 151 116 0 255 255
P 152 116 0 255 255
P 153 116 0 255 255
P 154 116 0 255 255
P 155 116 0 255 255
P 156 116 0 255 0
P 157 116 0 255 0
P 158 116 0 255 0
P 159 116 0 255 0
P 160 116 0 255 0
P 161 116 0 255 0
P 162 116 0 255 0
P 163 116 0 255 0
P 164 116 0 255 0
P 165 116 0 255 0
P 166 116 0 255 0
P 167 116 0 255 0
P 168 116 0 255 0
P 169 116 0 255 0
P 170 116 0 255 0
P 171 116 0 255 0
P 172 116 0 255 0
P 173 116 0 255 255
P 174 116 0 0 255
P 175 116 0 0 255
P 176 116 0 0 255
P 177 116 0 0 255
P 178 116 0 0 255
P 179 116 0 0 255
P 180 116 0 0 255
P 181 116 0 0 255
P 182 116 0 0 255
P 183 116 0 0 255
P 184 116 0 0 255
P 185 116 0 0 255
P 186 116 0 0 255
P 187 116 0 0 255
P 188 116 0 0 255
P 189 116 0 0 255
P 190 116 0 255 0
P 191 116 255 255 255
P 192 116 255 255 255
P 193 116 255 255 255
P 194 116 255 255 255
P 195 116 255 255 255
P 196 116 255 255 255
P 197 116 255 255 255
P 198 116 255 255 255
P 199 116 255 255 255
P 200 116 255 255 255
P 201 116 255 255 255
P 202 116 255 255 255
P 203 116 255 255 255
P 204 116 255 255 255
P 205 116 255 255 255
P 206 116 255 255 255
P 207 116 0 0 255
P 208 116 0 0 255
P 209 116 0 0 255
P 210 116 0 0 255
P 211 116 0 0 255
P 212 116 0 0 255
P 213 116 0 0 255
P 214 116 0 0 255
P 215 116 0 0 255
P 216 116 0 0 255
P 217 116 0 0 255
P 218 116 0 0 255
P 219 116 0 0 255
P 220 116 0 0 255
P 221 116 0 0 255
P 222 116 0 0 255
P 223 116 0 0 255
P 224 116 255 255 0
P 225 116 255 255 0
P 226 116 255 255 0
P 227 116 255 255 0
P 228 116 255 255 0
P 229 116 255 255 0
P 230 116 255 255 0
P 231 116 255 255 0
P 232 116 255 255 0
P 233 116 255 255 0
P 234 116 255 255 0
P 235 116 255 255 0
P 236 116 255 255 0
P 237 116 255 255 0
P 238 116 255 255 0
P 239 116 255 255 0
P 240 116 255 255 0
P 241 116 0 255 255
P 242 116 0 0 255
P 243 116 0 0 255
P 244 116 0 0 255
P 245 116 0 0 255
P 246 116 0 0 255
P 247 116 0 0 255
P 248 116 0 0 255
P 249 116 0 0 255
P 250 116 0 0 255
P 251 116 0 0 255
P 252 116 0 0 255
P 253 116 0 0 255
P 254 116 0 0 255
P 255 116 0 0 255
P 256 116 0 0 255
P 257 116 0 0 255
P 258 116 255 0 255
P 259 116 255 255 0
P 260 116 255 255 0
P 261 116 255 255 0
P 262 116 255 255 0
P 263 116 255 255 0
P 264 116 255 255 0
P 265 116 255 255 0
P 266 116 255 255 0
P 267 116 255 255 0
P 268 116 255 255 0
P 269 116 255 255 0
P 270 116 255 255 0
P 271 116 255 255 0
P 272 116 255 255 0
P 273 116 255 255 0
P 274 116 255 255 0
P 275 116 0 255 255
P 276 116 0 0 255
P 277 116 0 0 255
P 278 116 0 0 255
P 279 116 0 0 255
P 280 116 0 0 255
P 281 116 0 0 255
P 282 116 0 0 255
P 283 116 0 0 255
P 284 116 0 0 255
P 285 116 0 0 255
P 286 116 0 0 255
P 287 116 0 0 255
P 288 116 0 0 255
P 289 116 0 0 255
P 290 116 0 0 255
P 291 116 0 0 255
P 20 117 0 0 255
P 21 117 0 0 255
P 22 117 0 255 0
P 23 117 0 255 0
P 24 117 0 255 0
P 25 117 0 255 0
P 26 117 0 255 0
P 27 117 0 255 0
P 28 117 0 255 0
P 29 117 0 255 0
P 30 117 0 255 0
P 31 117 0 255 0
P 32 117 0 255 0
P 33 117 0 255 0
P 34 117 0 255 0
P 35 117 0 255 0
P 36 117 0 255 0
P 37 117 255 0 255
P 38 117 255 0 255
P 39 117 0 255 255
P 40 117 0 255 255
P 41 117 0 255 255
P 42 117 0 255 255
P 43 117 0 255 255
P 44 117 0 255 255
P 45 117 0 255 255
P 46 117 0 255 255
P 47 117 0 255 255
P 48 117 0 255 255
P 49 117 0 255 255
P 50 117 0 255 255
P 51 117 0 255 255
P 52 117 0 255 255
P 53 117 0 255 255
P 54 117 0 255 0
P 55 117 0 255 0
P 56 117 0 0 255
P 57 117 0 0 255
P 58 117 0 0 255
P 59 117 0 0 255
P 60 117 0 0 255
P 61 117 0 0 255
P 62 117 0 0 255
P 63 117 0 0 255
P 64 117 0 0 255
P 65 117 0 0 255
P 66 117 0 0 255
P 67 117 0 0 255
P 68 117 0 0 255
P 69 117 0 0 255
P 70 117 0 0 255
P 71 117 255 255 0
P 72 117 255 255 0
P 73 117 0 255 255
P 74 117 0 255 255
P 75 117 0 255 255
P 76 117 0 255 255
P 77 117 0 255 255
P 78 117 0 255 255
P 79 117 0 255 255
P 80 117 0 255 255
P 81 117 0 255 255
P 82 117 0 255 255
P 83 117 0 255 255
P 84 117 0 255 255
P 85 117 0 255 255
P 86 117 0 255 255
P 87 117 0 255 255
P 88 117 0 0 255
P 89 117 0 0 255
P 90 117 0 255 0
P 91 117 0 255 0
P 92 117 0 255 0
P 93 117 0 255 0
P 94 117 0 255 0
P 95 117 0 255 0
P 96 117 0 255 0
P 97 117 0 255 0
P 98 117 0 255 0
P 99 117 0 255 0
P 100 117 0 255 0
P 101 117 0 255 0
P 102 117 0 255 0
P 103 117 0 255 0
P 104 117 0 255 0
P 105 117 0 255 255
P 106 117 0 255 255
P 107 117 255 0 255
P 108 117 255 0 255
P 109 117 255 0 255
P 110 117 255 0 255
P 111 117 255 0 255
P 112 117 255 0 255
P 113 117 255 0 255
P 114 117 255 0 255
P 115 117 255 0 255
P 116 117 255 0 255
P 117 117 255 0 255
P 118 117 255 0 255
P 119 117 255 0 255
P 120 117 255 0 255
P 121 117 255 0 255
P 122 117 0 255 0
P 123 117 0 255 0
P 124 117 0 0 255
P 125 117 0 0 255
P 126 117 0 0 255
P 127 117 0 0 255
P 128 117 0 0 255
P 129 117 0 0 255
P 130 117 0 0 255
P 131 117 0 0 255
P 132 117 0 0 255
P 133 117 0 0 255
P 134 117 0 0 255
P 135 117 0 0 255
P 136 117 0 0 255
P 137 117 0 0 255
P 138 117 0 0 255
P 139 117 255 255 0
P 140 117 255 255 0
P 141 117 0 255 255
P 142 117 0 255 255
P 143 117 0 255 255
P 144 117 0 255 255
P 145 117 0 255 255
P 146 117 0 255 255
P 147 117 0 255 255
P 148 117 0 255 255
P 149 117 0 255 255
P 150 117 0 255 255
P 151 117 0 255 255
P 152 117 0 255 255
P 153 117 0 255 255
P 154 117 0 255 255
P 155 117 0 255 255
P 156 117 0 0 255
P 157 117 0 0 255
P 158 117 0 255 0
P 159 117 0 255 0
P 160 117 0 255 0
P 161 117 0 255 0
P 162 117 0 255 0
P 163 117 0 255 0
P 164 117 0 255 0
P 165 117 0 255 0
P 166 117 0 255 0
P 167 117 0 255 0
P 168 117 0 255 0
P 169 117 0 255 0
P 170 117 0 255 0
P 171 117 0 255 0
P 172 117 0 255 0
P 173 117 0 255 255
P 174 117 0 255 255
P 175 117 0 0 255
P 176 117 0 0 255
P 177 117 0 0 255
P 178 117 0 0 255
P 179 117 0 0 255
P 180 117 0 0 255
P 181 117 0 0 255
P 182 117 0 0 255
P 183 117 0 0 255
P 184 117 0 0 255
P 185 117 0 0 255
P 186 117 0 0 255
P 187 117 0 0 255
P 188 117 0 0 255
P 189 117 0 0 255
P 190 117 0 255 0
P 191 117 0 255 0
P 192 117 255 255 255
P 193 117 255 255 255
P 194 117 255 255 255
P 195 117 255 255 255
P 196 117 255 255 255
P 197 117 255 255 255
P 198 117 255 255 255
P 199 117 255 255 255
P 200 117 255 255 255
P 201 117 255 255 255
P 202 117 255 255 255
P 203 117 255 255 255
P 204 117 255 255 255
P 205 117 255 255 255
P 206 117 255 255 255
P 207 117 255 255 0
P 208 117 255 255 0
P 209 117 0 0 255
P 210 117 0 0 255
P 211 117 0 0 255
P 212 117 0 0 255
P 213 117 0 0 255
P 214 117 0 0 255
P 215 117 0 0 255
P 216 117 0 0 255
P 217 117 0 0 255
P 218 117 0 0 255
P 219 117 0 0 255
P 220 117 0 0 255
P 221 117 0 0 255
P 222 117 0 0 255
P 223 117 0 0 255
P 224 117 255 0 255
P 225 117 255 0 255
P 226 117 255 255 0
P 227 117 255 255 0
P 228 117 255 255 0
P 229 117 255 255 0
P 230 117 255 255 0
P 231 117 255 255 0
P 232 117 255 255 0
P 233 117 255 255 0
P 234 117 255 255 0
P 235 117 255 255 0
P 236 117 255 255 0
P 237 117 255 255 0
P 238 117 255 255 0
P 239 117 255 255 0
P 240 117 255 255 0
P 241 117 0 255 255
P 242 117 0 255 255
P 243 117 0 0 255
P 244 117 0 0 255
P 245 117 0 0 255
P 246 117 0 0 255
P 247 117 0 0 255
P 248 117 0 0 255
P 249 117 0 0 255
P 250 117 0 0 255
P 251 117 0 0 255
P 252 117 0 0 255
P 253 117 0 0 255
P 254 117 0 0 255
P 255 117 0 0 255
P 256 117 0 0 255
P 257 117 0 0 255
P 258 117 255 0 255
P 259 117 255 0 255
P 260 117 255 255 0
P 261 117 255 255 0
P 262 117 255 255 0
P 263 117 255 255 0
P 264 117 255 255 0
P 265 117 255 255 0
P 266 117 255 255 0
P 267 117 255 255 0
P 268 117 255 255 0
P 269 117 255 255 0
P 270 117 255 255 0
P 271 117 255 255 0
P 272 117 255 255 0
P 273 117 255 255 0
P 274 117 255 255 0
P 275 117 0 255 255
P 276 117 0 255 255
P 277 117 0 0 255
P 278 117 0 0 255
P 279 117 0 0 255
P 280 117 0 0 255
P 281 117 0 0 255
P 282 117 0 0 255
P 283 117 0 0 255
P 284 117 0 0 255
P 285 117 0 0 255
P 286 117 0 0 255
P 287 117 0 0 255
P 288 117 0 0 255
P 289 117 0 0 255
P 290 117 0 0 255
P 291 117 0 0 255
P 20 118 0 0 255
P 21 118 0 0 255
P 22 118 0 0 255
P 23 118 0 0 255
P 24 118 0 255 0
P 25 118 0 255 0
P 26 118 0 255 0
P 27 118 0 255 0
P 28 118 0 255 0
P 29 118 0 255 0
P 30 118 0 255 0
P 31 118 0 255 0
P 32 118 0 255 0
P 33 118 0 255 0
P 34 118 0 255 0
P 35 118 0 255 0
P 36 118 0 255 0
P 37 118 255 0 255
P 38 118 255 0 255
P 39 118 255 0 255
P 40 118 0 255 255
P 41 118 0 255 255
P 42 118 0 255 255
P 43 118 0 255 255
P 44 118 0 255 255
P 45 118 0 255 255
P 46 118 0 255 255
P 47 118 0 255 255
P 48 118 0 255 255
P 49 118 0 255 255
P 50 118 0 255 255
P 51 118 0 255 255
P 52 118 0 255 255
P 53 118 0 255 255
P 54 118 0 255 0
P 55 118 0 255 0
P 56 118 0 255 0
P 57 118 0 0 255
P 58 118 0 0 255
P 59 118 0 0 255
P 60 118 0 0 255
P 61 118 0 0 255
P 62 118 0 0 255
P 63 118 0 0 255
P 64 118 0 0 255
P 65 118 0 0 255
P 66 118 0 0 255
P 67 118 0 0 255
P 68 118 0 0 255
P 69 118 0 0 255
P 70 118 0 0 255
P 71 118 255 255 0
P 72 118 255 255 0
P 73 118 255 255 0
P 74 118 0 255 255
P 75 118 0 255 255
P 76 118 0 255 255
P 77 118 0 255 255
P 78 118 0 255 255
P 79 118 0 255 255
P 80 118 0 255 255
P 81 118 0 255 255
P 82 118 0 255 255
P 83 118 0 255 255
P 84 118 0 255 255
P 85 118 0 255 255
P 86 118 0 255 255
P 87 118 0 255 255
P 88 118 0 0 255
P 89 118 0 0 255
P 90 118 0 0 255
P 91 118 0 0 255
P 92 118 0 255 0
P 93 118 0 255 0
P 94 118 0 255 0
P 95 118 0 255 0
P 96 118 0 255 0
P 97 118 0 255 0
P 98 118 0 255 0
P 99 118 0 255 0
P 100 118 0 255 0
P 101 118 0 255 0
P 102 118 0 255 0
P 103 118 0 255 0
P 104 118 0 255 0
P 105 118 0 255 255
P 106 118 0 255 255
P 107 118 0 255 255
P 108 118 255 0 255
P 109 118 255 0 255
P 110 118 255 0 255
P 111 118 255 0 255
P 112 118 255 0 255
P 113 118 255 0 255
P 114 118 255 0 255
P 115 118 255 0 255
P 116 118 255 0 255
P 117 118 255 0 255
P 118 118 255 0 255
P 119 118 255 0 255
P 120 118 255 0 255
P 121 118 255 0 255
P 122 118 0 255 0
P 123 118 0 255 0
P 124 118 0 255 0
P 125 118 0 0 255
P 126 118 0 0 255
P 127 118 0 0 255
P 128 118 0 0 255
P 129 118 0 0 255
P 130 118 0 0 255
P 131 118 0 0 255
P 132 118 0 0 255
P 133 118 0 0 255
P 134 118 0 0 255
P 135 118 0 0 255
P 136 118 0 0 255
P 137 118 0 0 255
P 138 118 0 0 255
P 139 118 255 255 0
P 140 118 255 255 0
P 141 118 255 255 0
P 142 118 0 255 255
P 143 118 0 255 255
P 144 118 0 255 255
P 145 118 0 255 255
P 146 118 0 255 255
P 147 118 0 255 255
P 148 118 0 255 255
P 149 118 0 255 255
P 150 118 0 255 255
P 151 118 0 255 255
P 152 118 0 255 255
P 153 118 0 255 255
P 154 118 0 255 255
P 155 118 0 255 255
P 156 118 0 0 255
P 157 118 0 0 255
P 158 118 0 0 255
P 159 118 0 255 0
P 160 118 0 255 0
P 161 118 0 255 0
P 162 118 0 255 0
P 163 118 0 255 0
P 164 118 0 255 0
P 165 118 0 255 0
P 166 118 0 255 0
P 167 118 0 255 0
P 168 118 0 255 0
P 169 118 0 255 0
P 170 118 0 255 0
P 171 118 0 255 0
P 172 118 0 255 0
P 173 118 0 255 255
P 174 118 0 255 255
P 175 118 0 255 255
P 176 118 0 255 255
P 177 118 0 0 255
P 178 118 0 0 255
P 179 118 0 0 255
P 180 118 0 0 255
P 181 118 0 0 255
P 182 118 0 0 255
P 183 118 0 0 255
P 184 118 0 0 255
P 185 118 0 0 255
P 186 118 0 0 255
P 187 118 0 0 255
P 188 118 0 0 255
P 189 118 0 0 255
P 190 118 0 255 0
P 191 118 0 255 0
P 192 118 0 255 0
P 193 118 0 255 0
P 194 118 255 255 255
P 195 118 255 255 255
P 196 118 255 255 255
P 197 118 255 255 255
P 198 118 255 255 255
P 199 118 255 255 255
P 200 118 255 255 255
P 201 118 255 255 255
P 202 118 255 255 255
P 203 118 255 255 255
P 204 118 255 255 255
P 205 118 255 255 255
P 206 118 255 255 255
P 207 118 255 255 0
P 208 118 255 255 0
P 209 118 255 255 0
P 210 118 0 0 255
P 211 118 0 0 255
P 212 118 0 0 255
P 213 118 0 0 255
P 214 118 0 0 255
P 215 118 0 0 255
P 216 118 0 0 255
P 217 118 0 0 255
P 218 118 0 0 255
P 219 118 0 0 255
P 220 118 0 0 255
P 221 118 0 0 255
P 222 118 0 0 255
P 223 118 0 0 255
P 224 118 255 0 255
P 225 118 255 0 255
P 226 118 255 0 255
P 227 118 255 255 0
P 228 118 255 255 0
P 229 118 255 255 0
P 230 118 255 255 0
P 231 118 255 255 0
P 232 118 255 255 0
P 233 118 255 255 0
P 234 118 255 255 0
P 235 118 255 255 0
P 236 118 255 255 0
P 237 118 255 255 0
P 238 118 255 255 0
P 239 118 255 255 0
P 240 118 255 255 0
P 241 118 0 255 255
P 242 118 0 255 255
P 243 118 0 255 255
P 244 118 0 255 255
P 245 118 0 0 255
P 246 118 0 0 255
P 247 118 0 0 255
P 248 118 0 0 255
P 249 118 0 0 255
P 250 118 0 0 255
P 251 118 0 0 255
P 252 118 0 0 255
P 253 118 0 0 255
P 254 118 0 0 255
P 255 118 0 0 255
P 256 118 0 0 255
P 257 118 0 0 255
P 258 118 255 0 255
P 259 118 255 0 255
P 260 118 255 0 255
P 261 118 255 255 0
P 262 118 255 255 0
P 263 118 255 255 0
P 264 118 255 255 0
P 265 118 255 255 0
P 266 118 255 255 0
P 267 118 255 255 0
P 268 118 255 255 0
P 269 118 255 255 0
P 270 118 255 255 0
P 271 118 255 255 0
P 272 118 255 255 0
P 273 118 255 255 0
P 274 118 255 255 0
P 275 118 0 255 255
P 276 118 0 255 255
P 277 118 0 255 255
P 278 118 0 255 255
P 279 118 0 0 255
P 280 118 0 0 255
P 281 118 0 0 255
P 282 118 0 0 255
P 283 118 0 0 255
P 284 118 0 0 255
P 285 118 0 0 255
P 286 118 0 0 255
P 287 118 0 0 255
P 288 118 0 0 255
P 289 118 0 0 255
P 290 118 0 0 255
P 291 118 0 0 255
P 20 119 0 0 255
P 21 119 0 0 255
P 22 119 0 0 255
P 23 119 0 0 255
P 24 119 0 0 255
P 25 119 0 255 0
P 26 119 0 255 0
P 27 119 0 255 0
P 28 119 0 255 0
P 29 119 0 255 0
P 30 119 0 255 0
P 31 119 0 255 0
P 32 119 0 255 0
P 33 119 0 255 0
P 34 119 0 255 0
P 35 119 0 255 0
P 36 119 0 255 0
P 37 119 255 0 255
P 38 119 255 0 255
P 39 119 255 0 255
P 40 119 255 0 255
P 41 119 255 0 255
P 42 119 0 255 255
P 43 119 0 255 255
P 44 119 0 255 255
P 45 119 0 255 255
P 46 119 0 255 255
P 47 119 0 255 255
P 48 119 0 255 255
P 49 119 0 255 255
P 50 119 0 255 255
P 51 119 0 255 255
P 52 119 0 255 255
P 53 119 0 255 255
P 54 119 0 255 0
P 55 119 0 255 0
P 56 119 0 255 0
P 57 119 0 255 0
P 58 119 0 255 0
P 59 119 0 0 255
P 60 119 0 0 255
P 61 119 0 0 255
P 62 119 0 0 255
P 63 119 0 0 255
P 64 119 0 0 255
P 65 119 0 0 255
P 66 119 0 0 255
P 67 119 0 0 255
P 68 119 0 0 255
P 69 119 0 0 255
P 70 119 0 0 255
P 71 119 255 255 0
P 72 119 255 255 0
P 73 119 255 255 0
P 74 119 255 255 0
P 75 119 255 255 0
P 76 119 0 255 255
P 77 119 0 255 255
P 78 119 0 255 255
P 79 119 0 255 255
P 80 119 0 255 255
P 81 119 0 255 255
P 82 119 0 255 255
P 83 119 0 255 255
P 84 119 0 255 255
P 85 119 0 255 255
P 86 119 0 255 255
P 87 119 0 255 255
P 88 119 0 0 255
P 89 119 0 0 255
P 90 119 0 0 255
P 91 119 0 0 255
P 92 119 0 0 255
P 93 119 0 255 0
P 94 119 0 255 0
P 95 119 0 255 0
P 96 119 0 255 0
P 97 119 0 255 0
P 98 119 0 255 0
P 99 119 0 255 0
P 100 119 0 255 0
P 101 119 0 255 0
P 102 119 0 255 0
P 103 119 0 255 0
P 104 119 0 255 0
P 105 119 0 255 255
P 106 119 0 255 255
P 107 119 0 255 255
P 108 119 0 255 255
P 109 119 0 255 255
P 110 119 255 0 255
P 111 119 255 0 255
P 112 119 255 0 255
P 113 119 255 0 255
P 114 119 255 0 255
P 115 119 255 0 255
P 116 119 255 0 255
P 117 119 255 0 255
P 118 119 255 0 255
P 119 119 255 0 255
P 120 119 255 0 255
P 121 119 255 0 255
P 122 119 0 255 0
P 123 119 0 255 0
P 124 119 0 255 0
P 125 119 0 255 0
P 126 119 0 255 0
P 127 119 0 0 255
P 128 119 0 0 255
P 129 119 0 0 255
P 130 119 0 0 255
P 131 119 0 0 255
P 132 119 0 0 255
P 133 119 0 0 255
P 134 119 0 0 255
P 135 119 0 0 255
P 136 119 0 0 255
P 137 119 0 0 255
P 138 119 0 0 255
P 139 119 255 255 0
P 140 119 255 255 0
P 141 119 255 255 0
P 142 119 255 255 0
P 143 119 255 255 0
P 144 119 0 255 255
P 145 119 0 255 255
P 146 119 0 255 255
P 147 119 0 255 255
P 148 119 0 255 255
P 149 119 0 255 255
P 150 119 0 255 255
P 151 119 0 255 255
P 152 119 0 255 255
P 153 119 0 255 255
P 154 119 0 255 255
P 155 119 0 255 255
P 156 119 0 0 255
P 157 119 0 0 255
P 158 119 0 0 255
P 159 119 0 0 255
P 160 119 0 0 255
P 161 119 0 255 0
P 162 119 0 255 0
P 163 119 0 255 0
P 164 119 0 255 0
P 165 119 0 255 0
P 166 119 0 255 0
P 167 119 0 255 0
P 168 119 0 255 0
P 169 119 0 255 0
P 170 119 0 255 0
P 171 119 0 255 0
P 172 119 0 255 0
P 173 119 0 255 255
P 174 119 0 255 255
P 175 119 0 255 255
P 176 119 0 255 255
P 177 119 0 255 255
P 178 119 0 0 255
P 179 119 0 0 255
P 180 119 0 0 255
P 181 119 0 0 255
P 182 119 0 0 255
P 183 119 0 0 255
P 184 119 0 0 255
P 185 119 0 0 255
P 186 119 0 0 255
P 187 119 0 0 255
P 188 119 0 0 255
P 189 119 0 0 255
P 190 119 0 255 0
P 191 119 0 255 0
P 192 119 0 255 0
P 193 119 0 255 0
P 194 119 0 255 0
P 195 119 255 255 255
P 196 119 255 255 255
P 197 119 255 255 255
P 198 119 255 255 255
P 199 119 255 255 255
P 200 119 255 255 255
P 201 119 255 255 255
P 202 119 255 255 255
P 203 119 255 255 255
P 204 119 255 255 255
P 205 119 255 255 255
P 206 119 255 255 255
P 207 119 255 255 0
P 208 119 255 255 0
P 209 119 255 255 0
P 210 119 255 255 0
P 211 119 255 255 0
P 212 119 0 0 255
P 213 119 0 0 255
P 214 119 0 0 255
P 215 119 0 0 255
P 216 119 0 0 255
P 217 119 0 0 255
P 218 119 0 0 255
P 219 119 0 0 255
P 220 119 0 0 255
P 221 119 0 0 255
P 222 119 0 0 255
P 223 119 0 0 255
P 224 119 255 0 255
P 225 119 255 0 255
P 226 119 255 0 255
P 227 119 255 0 255
P 228 119 255 0 255
P 229 119 255 255 0
P 230 119 255 255 0
P 231 119 255 255 0
P 232 119 255 255 0
P 233 119 255 255 0
P 234 119 255 255 0
P 235 119 255 255 0
P 236 119 255 255 0
P 237 119 255 255 0
P 238 119 255 255 0
P 239 119 255 255 0
P 240 119 255 255 0
P 241 119 0 255 255
P 242 119 0 255 255
P 243 119 0 255 255
P 244 119 0 255 255
P 245 119 0 255 255
P 246 119 0 0 255
P 247 119 0 0 255
P 248 119 0 0 255
P 249 119 0 0 255
P 250 119 0 0 255
P 251 119 0 0 255
P 252 119 0 0 255
P 253 119 0 0 255
P 254 119 0 0 255
P 255 119 0 0 255
P 256 119 0 0 255
P 257 119 0 0 255
P 258 119 255 0 255
P 259 119 255 0 255
P 260 119 255 0 255
P 261 119 255 0 255
P 262 119 255 0 255
P 263 119 255 255 0
P 264 119 255 255 0
P 265 119 255 255 0
P 266 119 255 255 0
P 267 119 255 255 0
P 268 119 255 255 0
P 269 119 255 255 0
P 270 119 255 255 0
P 271 119 255 255 0
P 272 119 255 255 0
P 273 119 255 255 0
P 274 119 255 255 0
P 275 119 0 255 255
P 276 119 0 255 255
P 277 119 0 255 255
P 278 119 0 255 255
P 279 119 0 255 255
P 280 119 0 0 255
P 281 119 0 0 255
P 282 119 0 0 255
P 283 119 0 0 255
P 284 119 0 0 255
P 285 119 0 0 255
P 286 119 0 0 255
P 287 119 0 0 255
P 288 119 0 0 255
P 289 119 0 0 255
P 290 119 0 0 255
P 291 119 0 0 255
P 20 120 0 0 255
P 21 120 0 0 255
P 22 120 0 0 255
P 23 120 0 0 255
P 24 120 0 0 255
P 25 120 0 0 255
P 26 120 0 255 0
P 27 120 0 255 0
P 28 120 0 255 0
P 29 120 0 255 0
P 30 120 0 255 0
P 31 120 0 255 0
P 32 120 0 255 0
P 33 120 0 255 0
P 34 120 0 255 0
P 35 120 0 255 0
P 36 120 0 255 0
P 37 120 255 0 255
P 38 120 255 0 255
P 39 120 255 0 255
P 40 120 255 0 255
P 41 120 255 0 255
P 42 120 255 0 255
P 43 120 0 255 255
P 44 120 0 255 255
P 45 120 0 255 255
P 46 120 0 255 255
P 47 120 0 255 255
P 48 120 0 255 255
P 49 120 0 255 255
P 50 120 0 255 255
P 51 120 0 255 255
P 52 120 0 255 255
P 53 120 0 255 255
P 54 120 0 255 0
P 55 120 0 255 0
P 56 120 0 255 0
P 57 120 0 255 0
P 58 120 0 255 0
P 59 120 0 255 0
P 60 120 0 0 255
P 61 120 0 0 255
P 62 120 0 0 255
P 63 120 0 0 255
P 64 120 0 0 255
P 65 120 0 0 255
P 66 120 0 0 255
P 67 120 0 0 255
P 68 120 0 0 255
P 69 120 0 0 255
P 70 120 0 0 255
P 71 120 255 255 0
P 72 120 255 255 0
P 73 120 255 255 0
P 74 120 255 255 0
P 75 120 255 255 0
P 76 120 255 255 0
P 77 120 0 255 255
P 78 120 0 255 255
P 79 120 0 255 255
P 80 120 0 255 255
P 81 120 0 255 255
P 82 120 0 255 255
P 83 120 0 255 255
P 84 120 0 255 255
P 85 120 0 255 255
P 86 120 0 255 255
P 87 120 0 255 255
P 88 120 0 0 255
P 89 120 0 0 255
P 90 120 0 0 255
P 91 120 0 0 255
P 92 120 0 0 255
P 93 120 0 0 255
P 94 120 0 255 0
P 95 120 0 255 0
P 96 120 0 255 0
P 97 120 0 255 0
P 98 120 0 255 0
P 99 120 0 255 0
P 100 120 0 255 0
P 101 120 0 255 0
P 102 120 0 255 0
P 103 120 0 255 0
P 104 120 0 255 0
P 105 120 0 255 255
P 106 120 0 255 255
P 107 120 0 255 255
P 108 120 0 255 255
P 109 120 0 255 255
P 110 120 0 255 255
P 111 120 255 0 255
P 112 120 255 0 255
P 113 120 255 0 255
P 114 120 255 0 255
P 115 120 255 0 255
P 116 120 255 0 255
P 117 120 255 0 255
P 118 120 255 0 255
P 119 120 255 0 255
P 120 120 255 0 255
P 121 120 255 0 255
P 122 120 0 255 0
P 123 120 0 255 0
P 124 120 0 255 0
P 125 120 0 255 0
P 126 120 0 255 0
P 127 120 0 255 0
P 128 120 0 0 255
P 129 120 0 0 255
P 130 120 0 0 255
P 131 120 0 0 255
P 132 120 0 0 255
P 133 120 0 0 255
P 134 120 0 0 255
P 135 120 0 0 255
P 136 120 0 0 255
P 137 120 0 0 255
P 138 120 0 0 255
P 139 120 255 255 0
P 140 120 255 255 0
P 141 120 255 255 0
P 142 120 255 255 0
P 143 120 255 255 0
P 144 120 255 255 0
P 145 120 0 255 255
P 146 120 0 255 255
P 147 120 0 255 255
P 148 120 0 255 255
P 149 120 0 255 255
P 150 120 0 255 255
P 151 120 0 255 255
P 152 120 0 255 255
P 153 120 0 255 255
P 154 120 0 255 255
P 155 120 0 255 255
P 156 120 0 0 255
P 157 120 0 0 255
P 158 120 0 0 255
P 159 120 0 0 255
P 160 120 0 0 255
P 161 120 0 0 255
P 162 120 0 255 0
P 163 120 0 255 0
P 164 120 0 255 0
P 165 120 0 255 0
P 166 120 0 255 0
P 167 120 0 255 0
P 168 120 0 255 0
P 169 120 0 255 0
P 170 120 0 255 0
P 171 120 0 255 0
P 172 120 0 255 0
P 173 120 0 255 255
P 174 120 0 255 255
P 175 120 0 255 255
P 176 120 0 255 255
P 177 120 0 255 255
P 178 120 0 255 255
P 179 120 0 0 255
P 180 120 0 0 255
P 181 120 0 0 255
P 182 120 0 0 255
P 183 120 0 0 255
P 184 120 0 0 255
P 185 120 0 0 255
P 186 120 0 0 255
P 187 120 0 0 255
P 188 120 0 0 255
P 189 120 0 0 255
P 190 120 0 255 0
P 191 120 0 255 0
P 192 120 0 255 0
P 193 120 0 255 0
P 194 120 0 255 0
P 195 120 0 255 0
P 196 120 0 255 0
P 197 120 255 255 255
P 198 120 255 255 255
P 199 120 255 255 255
P 200 120 255 255 255
P 201 120 255 255 255
P 202 120 255 255 255
P 203 120 255 255 255
P 204 120 255 255 255
P 205 120 255 255 255
P 206 120 255 255 255
P 207 120 255 255 0
P 208 120 255 255 0
P 209 120 255 255 0
P 210 120 255 255 0
P 211 120 255 255 0
P 212 120 255 255 0
P 213 120 0 0 255
P 214 120 0 0 255
P 215 120 0 0 255
P 216 120 0 0 255
P 217 120 0 0 255
P 218 120 0 0 255
P 219 120 0 0 255
P 220 120 0 0 255
P 221 120 0 0 255
P 222 120 0 0 255
P 223 120 0 0 255
P 224 120 255 0 255
P 225 120 255 0 255
P 226 120 255 0 255
P 227 120 255 0 255
P 228 120 255 0 255
P 229 120 255 0 255
P 230 120 255 255 0
P 231 120 255 255 0
P 232 120 255 255 0
P 233 120 255 255 0
P 234 120 255 255 0
P 235 120 255 255 0
P 236 120 255 255 0
P 237 120 255 255 0
P 238 120 255 255 0
P 239 120 255 255 0
P 240 120 255 255 0
P 241 120 0 255 255
P 242 120 0 255 255
P 243 120 0 255 255
P 244 120 0 255 255
P 245 120 0 255 255
P 246 120 0 255 255
P 247 120 0 0 255
P 248 120 0 0 255
P 249 120 0 0 255
P 250 120 0 0 255
P 251 120 0 0 255
P 252 120 0 0 255
P 253 120 0 0 255
P 254 120 0 0 255
P 255 120 0 0 255
P 256 120 0 0 255
P 257 120 0 0 255
P 258 120 255 0 255
P 259 120 255 0 255
P 260 120 255 0 255
P 261 120 255 0 255
P 262 120 255 0 255
P 263 120 255 0 255
P 264 120 255 255 0
P 265 120 255 255 0
P 266 120 255 255 0
P 267 120 255 255 0
P 268 120 255 255 0
P 269 120 255 255 0
P 270 120 255 255 0
P 271 120 255 255 0
P 272 120 255 255 0
P 273 120 255 255 0
P 274 120 255 255 0
P 275 120 0 255 255
P 276 120 0 255 255
P 277 120 0 255 255
P 278 120 0 255 255
P 279 120 0 255 255
P 280 120 0 255 255
P 281 120 0 0 255
P 282 120 0 0 255
P 283 120 0 0 255
P 284 120 0 0 255
P 285 120 0 0 255
P 286 120 0 0 255
P 287 120 0 0 255
P 288 120 0 0 255
P 289 120 0 0 255
P 290 120 0 0 255
P 291 120 0 0 255
P 20 121 0 0 255
P 21 121 0 0 255
P 22 121 0 0 255
P 23 121 0 0 255
P 24 121 0 0 255
P 25 121 0 0 255
P 26 121 0 0 255
P 27 121 0 0 255
P 28 121 0 255 0
P 29 121 0 255 0
P 30 121 0 255 0
P 31 121 0 255 0
P 32 121 0 255 0
P 33 121 0 255 0
P 34 121 0 255 0
P 35 121 0 255 0
P 36 121 0 255 0
P 37 121 255 0 255
P 38 121 255 0 255
P 39 121 255 0 255
P 40 121 255 0 255
P 41 121 255 0 255
P 42 121 255 0 255
P 43 121 255 0 255
P 44 121 0 255 255
P 45 121 0 255 255
P 46 121 0 255 255
P 47 121 0 255 255
P 48 121 0 255 255
P 49 121 0 255 255
P 50 121 0 255 255
P 51 121 0 255 255
P 52 121 0 255 255
P 53 121 0 255 255
P 54 121 0 255 0
P 55 121 0 255 0
P 56 121 0 255 0
P 57 121 0 255 0
P 58 121 0 255 0
P 59 121 0 255 0
P 60 121 0 255 0
P 61 121 0 255 0
P 62 121 0 0 255
P 63 121 0 0 255
P 64 121 0 0 255
P 65 121 0 0 255
P 66 121 0 0 255
P 67 121 0 0 255
P 68 121 0 0 255
P 69 121 0 0 255
P 70 121 0 0 255
P 71 121 255 255 0
P 72 121 255 255 0
P 73 121 255 255 0
P 74 121 255 255 0
P 75 121 255 255 0
P 76 121 255 255 0
P 77 121 255 255 0
P 78 121 255 255 0
P 79 121 0 255 255
P 80 121 0 255 255
P 81 121 0 255 255
P 82 121 0 255 255
P 83 121 0 255 255
P 84 121 0 255 255
P 85 121 0 255 255
P 86 121 0 255 255
P 87 121 0 255 255
P 88 121 0 0 255
P 89 121 0 0 255
P 90 121 0 0 255
P 91 121 0 0 255
P 92 121 0 0 255
P 93 121 0 0 255
P 94 121 0 0 255
P 95 121 0 0 255
P 96 121 0 255 0
P 97 121 0 255 0
P 98 121 0 255 0
P 99 121 0 255 0
P 100 121 0 255 0
P 101 121 0 255 0
P 102 121 0 255 0
P 103 121 0 255 0
P 104 121 0 255 0
P 105 121 0 255 255
P 106 121 0 255 255
P 107 121 0 255 255
P 108 121 0 255 255
P 109 121 0 255 255
P 110 121 0 255 255
P 111 121 0 255 255
P 112 121 0 255 255
P 113 121 255 0 255
P 114 121 255 0 255
P 115 121 255 0 255
P 116 121 255 0 255
P 117 121 255 0 255
P 118 121 255 0 255
P 119 121 255 0 255
P 120 121 255 0 255
P 121 121 255 0 255
P 122 121 0 255 0
P 123 121 0 255 0
P 124 121 0 255 0
P 125 121 0 255 0
P 126 121 0 255 0
P 127 121 0 255 0
P 128 121 0 255 0
P 129 121 0 255 0
P 130 121 0 0 255
P 131 121 0 0 255
P 132 121 0 0 255
P 133 121 0 0 255
P 134 121 0 0 255
P 135 121 0 0 255
P 136 121 0 0 255
P 137 121 0 0 255
P 138 121 0 0 255
P 139 121 255 255 0
P 140 121 255 255 0
P 141 121 255 255 0
P 142 121 255 255 0
P 143 121 255 255 0
P 144 121 255 255 0
P 145 121 255 255 0
P 146 121 255 255 0
P 147 121 0 255 255
P 148 121 0 255 255
P 149 121 0 255 255
P 150 121 0 255 255
P 151 121 0 255 255
P 152 121 0 255 255
P 153 121 0 255 255
P 154 121 0 255 255
P 155 121 0 255 255
P 156 121 0 0 255
P 157 121 0 0 255
P 158 121 0 0 255
P 159 121 0 0 255
P 160 121 0 0 255
P 161 121 0 0 255
P 162 121 0 0 255
P 163 121 0 0 255
P 164 121 0 255 0
P 165 121 0 255 0
P 166 121 0 255 0
P 167 121 0 255 0
P 168 121 0 255 0
P 169 121 0 255 0
P 170 121 0 255 0
P 171 121 0 255 0
P 172 121 0 255 0
P 173 121 0 255 255
P 174 121 0 255 255
P 175 121 0 255 255
P 176 121 0 255 255
P 177 121 0 255 255
P 178 121 0 255 255
P 179 121 0 255 255
P 180 121 0 255 255
P 181 121 0 0 255
P 182 121 0 0 255
P 183 121 0 0 255
P 184 121 0 0 255
P 185 121 0 0 255
P 186 121 0 0 255
P 187 121 0 0 255
P 188 121 0 0 255
P 189 121 0 0 255
P 190 121 0 255 0
P 191 121 0 255 0
P 192 121 0 255 0
P 193 121 0 255 0
P 194 121 0 255 0
P 195 121 0 255 0
P 196 121 0 255 0
P 197 121 0 255 0
P 198 121 255 255 255
P 199 121 255 255 255
P 200 121 255 255 255
P 201 121 255 255 255
P 202 121 255 255 255
P 203 121 255 255 255
P 204 121 255 255 255
P 205 121 255 255 255
P 206 121 255 255 255
P 207 121 255 255 0
P 208 121 255 255 0
P 209 121 255 255 0
P 210 121 255 255 0
P 211 121 255 255 0
P 212 121 255 255 0
P 213 121 255 255 0
P 214 121 255 255 0
P 215 121 0 0 255
P 216 121 0 0 255
P 217 121 0 0 255
P 218 121 0 0 255
P 219 121 0 0 255
P 220 121 0 0 255
P 221 121 0 0 255
P 222 121 0 0 255
P 223 121 0 0 255
P 224 121 255 0 255
P 225 121 255 0 255
P 226 121 255 0 255
P 227 121 255 0 255
P 228 121 255 0 255
P 229 121 255 0 255
P 230 121 255 0 255
P 231 121 255 255 0
P 232 121 255 255 0
P 233 121 255 255 0
P 234 121 255 255 0
P 235 121 255 255 0
P 236 121 255 255 0
P 237 121 255 255 0
P 238 121 255 255 0
P 239 121 255 255 0
P 240 121 255 255 0
P 241 121 0 255 255
P 242 121 0 255 255
P 243 121 0 255 255
P 244 121 0 255 255
P 245 121 0 255 255
P 246 121 0 255 255
P 247 121 0 255 255
P 248 121 0 255 255
P 249 121 0 0 255
P 250 121 0 0 255
P 251 121 0 0 255
P 252 121 0 0 255
P 253 121 0 0 255
P 254 121 0 0 255
P 255 121 0 0 255
P 256 121 0 0 255
P 257 121 0 0 255
P 258 121 255 0 255
P 259 121 255 0 255
P 260 121 255 0 255
P 261 121 255 0 255
P 262 121 255 0 255
P 263 121 255 0 255
P 264 121 255 0 255
P 265 121 255 0 255
P 266 121 255 255 0
P 267 121 255 255 0
P 268 121 255 255 0
P 269 121 255 255 0
P 270 121 255 255 0
P 271 121 255 255 0
P 272 121 255 255 0
P 273 121 255 255 0
P 274 121 255 255 0
P 275 121 0 255 255
P 276 121 0 255 255
P 277 121 0 255 255
P 278 121 0 255 255
P 279 121 0 255 255
P 280 121 0 255 255
P 281 121 0 255 255
P 282 121 0 255 255
P 283 121 0 0 255
P 284 121 0 0 255
P 285 121 0 0 255
P 286 121 0 0 255
P 287 121 0 0 255
P 288 121 0 0 255
P 289 121 0 0 255
P 290 121 0 0 255
P 291 121 0 0 255
P 20 122 0 0 255
P 21 122 0 0 255
P 22 122 0 0 255
P 23 122 0 0 255
P 24 122 0 0 255
P 25 122 0 0 255
P 26 122 0 0 255
P 27 122 0 0 255
P 28 122 0 0 255
P 29 122 0 255 0
P 30 122 0 255 0
P 31 122 0 255 0
P 32 122 0 255 0
P 33 122 0 255 0
P 34 122 0 255 0
P 35 122 0 255 0
P 36 122 0 255 0
P 37 122 255 0 255
P 38 122 255 0 255
P 39 122 255 0 255
P 40 122 255 0 255
P 41 122 255 0 255
P 42 122 255 0 255
P 43 122 255 0 255
P 44 122 255 0 255
P 45 122 255 0 255
P 46 122 0 255 255
P 47 122 0 255 255
P 48 122 0 255 255
P 49 122 0 255 255
P 50 122 0 255 255
P 51 122 0 255 255
P 52 122 0 255 255
P 53 122 0 255 255
P 54 122 0 255 0
P 55 122 0 255 0
P 56 122 0 255 0
P 57 122 0 255 0
P 58 122 0 255 0
P 59 122 0 255 0
P 60 122 0 255 0
P 61 122 0 255 0
P 62 122 0 255 0
P 63 122 0 0 255
P 64 122 0 0 255
P 65 122 0 0 255
P 66 122 0 0 255
P 67 122 0 0 255
P 68 122 0 0 255
P 69 122 0 0 255
P 70 122 0 0 255
P 71 122 255 255 0
P 72 122 255 255 0
P 73 122 255 255 0
P 74 122 255 255 0
P 75 122 255 255 0
P 76 122 255 255 0
P 77 122 255 255 0
P 78 122 255 255 0
P 79 122 255 255 0
P 80 122 0 255 255
P 81 122 0 255 255
P 82 122 0 255 255
P 83 122 0 255 255
P 84 122 0 255 255
P 85 122 0 255 255
P 86 122 0 255 255
P 87 122 0 255 255
P 88 122 0 0 255
P 89 122 0 0 255
P 90 122 0 0 255
P 91 122 0 0 255
P 92 122 0 0 255
P 93 122 0 0 255
P 94 122 0 0 255
P 95 122 0 0 255
P 96 122 0 0 255
P 97 122 0 255 0
P 98 122 0 255 0
P 99 122 0 255 0
P 100 122 0 255 0
P 101 122 0 255 0
P 102 122 0 255 0
P 103 122 0 255 0
P 104 122 0 255 0
P 105 122 0 255 255
P 106 122 0 255 255
P 107 122 0 255 255
P 108 122 0 255 255
P 109 122 0 255 255
P 110 122 0 255 255
P 111 122 0 255 255
P 112 122 0 255 255
P 113 122 0 255 255
P 114 122 255 0 255
P 115 122 255 0 255
P 116 122 255 0 255
P 117 122 255 0 255
P 118 122 255 0 255
P 119 122 255 0 255
P 120 122 255 0 255
P 121 122 255 0 255
P 122 122 0 255 0
P 123 122 0 255 0
P 124 122 0 255 0
P 125 122 0 255 0
P 126 122 0 255 0
P 127 122 0 255 0
P 128 122 0 255 0
P 129 122 0 255 0
P 130 122 0 255 0
P 131 122 0 0 255
P 132 122 0 0 255
P 133 122 0 0 255
P 134 122 0 0 255
P 135 122 0 0 255
P 136 122 0 0 255
P 137 122 0 0 255
P 138 122 0 0 255
P 139 122 255 255 0
P 140 122 255 255 0
P 141 122 255 255 0
P 142 122 255 255 0
P 143 122 255 255 0
P 144 122 255 255 0
P 145 122 255 255 0
P 146 122 255 255 0
P 147 122 255 255 0
P 148 122 0 255 255
P 149 122 0 255 255
P 150 122 0 255 255
P 151 122 0 255 255
P 152 122 0 255 255
P 153 122 0 255 255
P 154 122 0 255 255
P 155 122 0 255 255
P 156 122 0 0 255
P 157 122 0 0 255
P 158 122 0 0 255
P 159 122 0 0 255
P 160 122 0 0 255
P 161 122 0 0 255
P 162 122 0 0 255
P 163 122 0 0 255
P 164 122 0 0 255
P 165 122 0 255 0
P 166 122 0 255 0
P 167 122 0 255 0
P 168 122 0 255 0
P 169 122 0 255 0
P 170 122 0 255 0
P 171 122 0 255 0
P 172 122 0 255 0
P 173 122 0 255 255
P 174 122 0 255 255
P 175 122 0 255 255
P 176 122 0 255 255
P 177 122 0 255 255
P 178 122 0 255 255
P 179 122 0 255 255
P 180 122 0 255 255
P 181 122 0 255 255
P 182 122 0 0 255
P 183 122 0 0 255
P 184 122 0 0 255
P 185 122 0 0 255
P 186 122 0 0 255
P 187 122 0 0 255
P 188 122 0 0 255
P 189 122 0 0 255
P 190 122 0 255 0
P 191 122 0 255 0
P 192 122 0 255 0
P 193 122 0 255 0
P 194 122 0 255 0
P 195 122 0 255 0
P 196 122 0 255 0
P 197 122 0 255 0
P 198 122 0 255 0
P 199 122 255 255 255
P 200 122 255 255 255
P 201 122 255 255 255
P 202 122 255 255 255
P 203 122 255 255 255
P 204 122 255 255 255
P 205 122 255 255 255
P 206 122 255 255 255
P 207 122 255 255 0
P 208 122 255 255 0
P 209 122 255 255 0
P 210 122 255 255 0
P 211 122 255 255 0
P 212 122 255 255 0
P 213 122 255 255 0
P 214 122 255 255 0
P 215 122 255 255 0
P 216 122 0 0 255
P 217 122 0 0 255
P 218 122 0 0 255
P 219 122 0 0 255
P 220 122 0 0 255
P 221 122 0 0 255
P 222 122 0 0 255
P 223 122 0 0 255
P 224 122 255 0 255
P 225 122 255 0 255
P 226 122 255 0 255
P 227 122 255 0 255
P 228 122 255 0 255
P 229 122 255 0 255
P 230 122 255 0 255
P 231 122 255 0 255
P 232 122 255 0 255
P 233 122 255 255 0
P 234 122 255 255 0
P 235 122 255 255 0
P 236 122 255 255 0
P 237 122 255 255 0
P 238 122 255 255 0
P 239 122 255 255 0
P 240 122 255 255 0
P 241 122 0 255 255
P 242 122 0 255 255
P 243 122 0 255 255
P 244 122 0 255 255
P 245 122 0 255 255
P 246 122 0 255 255
P 247 122 0 255 255
P 248 122 0 255 255
P 249 122 0 255 255
P 250 122 0 0 255
P 251 122 0 0 255
P 252 122 0 0 255
P 253 122 0 0 255
P 254 122 0 0 255
P 255 122 0 0 255
P 256 122 0 0 255
P 257 122 0 0 255
P 258 122 255 0 255
P 259 122 255 0 255
P 260 122 255 0 255
P 261 122 255 0 255
P 262 122 255 0 255
P 263 122 255 0 255
P 264 122 255 0 255
P 265 122 255 0 255
P 266 122 255 0 255
P 267 122 255 255 0
P 268 122 255 255 0
P 269 122 255 255 0
P 270 122 255 255 0
P 271 122 255 255 0
P 272 122 255 255 0
P 273 122 255 255 0
P 274 122 255 255 0
P 275 122 0 255 255
P 276 122 0 255 255
P 277 122 0 255 255
P 278 122 0 255 255
P 279 122 0 255 255
P 280 122 0 255 255
P 281 122 0 255 255
P 282 122 0 255 255
P 283 122 0 255 255
P 284 122 0 0 255
P 285 122 0 0 255
P 286 122 0 0 255
P 287 122 0 0 255
P 288 122 0 0 255
P 289 122 0 0 255
P 290 122 0 0 255
P 291 122 0 0 255
P 20 123 0 0 255
P 21 123 0 0 255
P 22 123 0 0 255
P 23 123 0 0 255
P 24 123 0 0 255
P 25 123 0 0 255
P 26 123 0 0 255
P 27 123 0 0 255
P 28 123 0 0 255
P 29 123 0 0 255
P 30 123 0 0 255
P 31 123 0 255 0
P 32 123 0 255 0
P 33 123 0 255 0
P 34 123 0 255 0
P 35 123 0 255 0
P 36 123 0 255 0
P 37 123 255 0 255
P 38 123 255 0 255
P 39 123 255 0 255
P 40 123 255 0 255
P 41 123 255 0 255
P 42 123 255 0 255
P 43 123 255 0 255
P 44 123 255 0 255
P 45 123 255 0 255
P 46 123 255 0 255
P 47 123 0 255 255
P 48 123 0 255 255
P 49 123 0 255 255
P 50 123 0 255 255
P 51 123 0 255 255
P 52 123 0 255 255
P 53 123 0 255 255
P 54 123 0 255 0
P 55 123 0 255 0
P 56 123 0 255 0
P 57 123 0 255 0
P 58 123 0 255 0
P 59 123 0 255 0
P 60 123 0 255 0
P 61 123 0 255 0
P 62 123 0 255 0
P 63 123 0 255 0
P 64 123 0 255 0
P 65 123 0 0 255
P 66 123 0 0 255
P 67 123 0 0 255
P 68 123 0 0 255
P 69 123 0 0 255
P 70 123 0 0 255
P 71 123 255 255 0
P 72 123 255 255 0
P 73 123 255 255 0
P 74 123 255 255 0
P 75 123 255 255 0
P 76 123 255 255 0
P 77 123 255 255 0
P 78 123 255 255 0
P 79 123 255 255 0
P 80 123 255 255 0
P 81 123 0 255 255
P 82 123 0 255 255
P 83 123 0 255 255
P 84 123 0 255 255
P 85 123 0 255 255
P 86 123 0 255 255
P 87 123 0 255 255
P 88 123 0 0 255
P 89 123 0 0 255
P 90 123 0 0 255
P 91 123 0 0 255
P 92 123 0 0 255
P 93 123 0 0 255
P 94 123 0 0 255
P 95 123 0 0 255
P 96 123 0 0 255
P 97 123 0 0 255
P 98 123 0 0 255
P 99 123 0 255 0
P 100 123 0 255 0
P 101 123 0 255 0
P 102 123 0 255 0
P 103 123 0 255 0
P 104 123 0 255 0
P 105 123 0 255 255
P 106 123 0 255 255
P 107 123 0 255 255
P 108 123 0 255 255
P 109 123 0 255 255
P 110 123 0 255 255
P 111 123 0 255 255
P 112 123 0 255 255
P 113 123 0 255 255
P 114 123 0 255 255
P 115 123 255 0 255
P 116 123 255 0 255
P 117 123 255 0 255
P 118 123 255 0 255
P 119 123 255 0 255
P 120 123 255 0 255
P 121 123 255 0 255
P 122 123 0 255 0
P 123 123 0 255 0
P 124 123 0 255 0
P 125 123 0 255 0
P 126 123 0 255 0
P 127 123 0 255 0
P 128 123 0 255 0
P 129 123 0 255 0
P 130 123 0 255 0
P 131 123 0 255 0
P 132 123 0 255 0
P 133 123 0 0 255
P 134 123 0 0 255
P 135 123 0 0 255
P 136 123 0 0 255
P 137 123 0 0 255
P 138 123 0 0 255
P 139 123 255 255 0
P 140 123 255 255 0
P 141 123 255 255 0
P 142 123 255 255 0
P 143 123 255 255 0
P 144 123 255 255 0
P 145 123 255 255 0
P 146 123 255 255 0
P 147 123 255 255 0
P 148 123 255 255 0
P 149 123 0 255 255
P 150 123 0 255 255
P 151 123 0 255 255
P 152 123 0 255 255
P 153 123 0 255 255
P 154 123 0 255 255
P 155 123 0 255 255
P 156 123 0 0 255
P 157 123 0 0 255
P 158 123 0 0 255
P 159 123 0 0 255
P 160 123 0 0 255
P 161 123 0 0 255
P 162 123 0 0 255
P 163 123 0 0 255
P 164 123 0 0 255
P 165 123 0 0 255
P 166 123 0 255 0
P 167 123 0 255 0
P 168 123 0 255 0
P 169 123 0 255 0
P 170 123 0 255 0
P 171 123 0 255 0
P 172 123 0 255 0
P 173 123 0 255 255
P 174 123 0 255 255
P 175 123 0 255 255
P 176 123 0 255 255
P 177 123 0 255 255
P 178 123 0 255 255
P 179 123 0 255 255
P 180 123 0 255 255
P 181 123 0 255 255
P 182 123 0 255 255
P 183 123 0 255 255
P 184 123 0 0 255
P 185 123 0 0 255
P 186 123 0 0 255
P 187 123 0 0 255
P 188 123 0 0 255
P 189 123 0 0 255
P 190 123 0 255 0
P 191 123 0 255 0
P 192 123 0 255 0
P 193 123 0 255 0
P 194 123 0 255 0
P 195 123 0 255 0
P 196 123 0 255 0
P 197 123 0 255 0
P 198 123 0 255 0
P 199 123 0 255 0
P 200 123 0 255 0
P 201 123 255 255 255
P 202 123 255 255 255
P 203 123 255 255 255
P 204 123 255 255 255
P 205 123 255 255 255
P 206 123 255 255 255
P 207 123 255 255 0
P 208 123 255 255 0
P 209 123 255 255 0
P 210 123 255 255 0
P 211 123 255 255 0
P 212 123 255 255 0
P 213 123 255 255 0
P 214 123 255 255 0
P 215 123 255 255 0
P 216 123 255 255 0
P 217 123 255 255 0
P 218 123 0 0 255
P 219 123 0 0 255
P 220 123 0 0 255
P 221 123 0 0 255
P 222 123 0 0 255
P 223 123 0 0 255
P 224 123 255 0 255
P 225 123 255 0 255
P 226 123 255 0 255
P 227 123 255 0 255
P 228 123 255 0 255
P 229 123 255 0 255
P 230 123 255 0 255
P 231 123 255 0 255
P 232 123 255 0 255
P 233 123 255 0 255
P 234 123 255 255 0
P 235 123 255 255 0
P 236 123 255 255 0
P 237 123 255 255 0
P 238 123 255 255 0
P 239 123 255 255 0
P 240 123 255 255 0
P 241 123 0 255 255
P 242 123 0 255 255
P 243 123 0 255 255
P 244 123 0 255 255
P 245 123 0 255 255
P 246 123 0 255 255
P 247 123 0 255 255
P 248 123 0 255 255
P 249 123 0 255 255
P 250 123 0 255 255
P 251 123 0 0 255
P 252 123 0 0 255
P 253 123 0 0 255
P 254 123 0 0 255
P 255 123 0 0 255
P 256 123 0 0 255
P 257 123 0 0 255
P 258 123 255 0 255
P 259 123 255 0 255
P 260 123 255 0 255
P 261 123 255 0 255
P 262 123 255 0 255
P 263 123 255 0 255
P 264 123 255 0 255
P 265 123 255 0 255
P 266 123 255 0 255
P 267 123 255 0 255
P 268 123 255 255 0
P 269 123 255 255 0
P 270 123 255 255 0
P 271 123 255 255 0
P 272 123 255 255 0
P 273 123 255 255 0
P 274 123 255 255 0
P 275 123 0 255 255
P 276 123 0 255 255
P 277 123 0 255 255
P 278 123 0 255 255
P 279 123 0 255 255
P 280 123 0 255 255
P 281 123 0 255 255
P 282 123 0 255 255
P 283 123 0 255 255
P 284 123 0 255 255
P 285 123 0 255 255
P 286 123 0 0 255
P 287 123 0 0 255
P 288 123 0 0 255
P 289 123 0 0 255
P 290 123 0 0 255
P 291 123 0 0 255
P 20 124 0 0 255
P 21 124 0 0 255
P 22 124 0 0 255
P 23 124 0 0 255
P 24 124 0 0 255
P 25 124 0 0 255
P 26 124 0 0 255
P 27 124 0 0 255
P 28 124 0 0 255
P 29 124 0 0 255
P 30 124 0 0 255
P 31 124 0 0 255
P 32 124 0 255 0
P 33 124 0 255 0
P 34 124 0 255 0
P 35 124 0 255 0
P 36 124 0 255 0
P 37 124 255 0 255
P 38 124 255 0 255
P 39 124 255 0 255
P 40 124 255 0 255
P 41 124 255 0 255
P 42 124 255 0 255
P 43 124 255 0 255
P 44 124 255 0 255
P 45 124 255 0 255
P 46 124 255 0 255
P 47 124 255 0 255
P 48 124 255 0 255
P 49 124 0 255 255
P 50 124 0 255 255
P 51 124 0 255 255
P 52 124 0 255 255
P 53 124 0 255 255
P 54 124 0 255 0
P 55 124 0 255 0
P 56 124 0 255 0
P 57 124 0 255 0
P 58 124 0 255 0
P 59 124 0 255 0
P 60 124 0 255 0
P 61 124 0 255 0
P 62 124 0 255 0
P 63 124 0 255 0
P 64 124 0 255 0
P 65 124 0 255 0
P 66 124 0 0 255
P 67 124 0 0 255
P 68 124 0 0 255
P 69 124 0 0 255
P 70 124 0 0 255
P 71 124 255 255 0
P 72 124 255 255 0
P 73 124 255 255 0
P 74 124 255 255 0
P 75 124 255 255 0
P 76 124 255 255 0
P 77 124 255 255 0
P 78 124 255 255 0
P 79 124 255 255 0
P 80 124 255 255 0
P 81 124 255 255 0
P 82 124 255 255 0
P 83 124 0 255 255
P 84 124 0 255 255
P 85 124 0 255 255
P 86 124 0 255 255
P 87 124 0 255 255
P 88 124 0 0 255
P 89 124 0 0 255
P 90 124 0 0 255
P 91 124 0 0 255
P 92 124 0 0 255
P 93 124 0 0 255
P 94 124 0 0 255
P 95 124 0 0 255
P 96 124 0 0 255
P 97 124 0 0 255
P 98 124 0 0 255
P 99 124 0 0 255
P 100 124 0 255 0
P 101 124 0 255 0
P 102 124 0 255 0
P 103 124 0 255 0
P 104 124 0 255 0
P 105 124 0 255 255
P 106 124 0 255 255
P 107 124 0 255 255
P 108 124 0 255 255
P 109 124 0 255 255
P 110 124 0 255 255
P 111 124 0 255 255
P 112 124 0 255 255
P 113 124 0 255 255
P 114 124 0 255 255
P 115 124 0 255 255
P 116 124 0 255 255
P 117 124 255 0 255
P 118 124 255 0 255
P 119 124 255 0 255
P 120 124 255 0 255
P 121 124 255 0 255
P 122 124 0 255 0
P 123 124 0 255 0
P 124 124 0 255 0
P 125 124 0 255 0
P 126 124 0 255 0
P 127 124 0 255 0
P 128 124 0 255 0
P 129 124 0 255 0
P 130 124 0 255 0
P 131 124 0 255 0
P 132 124 0 255 0
P 133 124 0 255 0
P 134 124 0 0 255
P 135 124 0 0 255
P 136 124 0 0 255
P 137 124 0 0 255
P 138 124 0 0 255
P 139 124 255 255 0
P 140 124 255 255 0
P 141 124 255 255 0
P 142 124 255 255 0
P 143 124 255 255 0
P 144 124 255 255 0
P 145 124 255 255 0
P 146 124 255 255 0
P 147 124 255 255 0
P 148 124 255 255 0
P 149 124 255 255 0
P 150 124 255 255 0
P 151 124 0 255 255
P 152 124 0 255 255
P 153 124 0 255 255
P 154 124 0 255 255
P 155 124 0 255 255
P 156 124 0 0 255
P 157 124 0 0 255
P 158 124 0 0 255
P 159 124 0 0 255
P 160 124 0 0 255
P 161 124 0 0 255
P 162 124 0 0 255
P 163 124 0 0 255
P 164 124 0 0 255
P 165 124 0 0 255
P 166 124 0 0 255
P 167 124 0 0 255
P 168 124 0 255 0
P 169 124 0 255 0
P 170 124 0 255 0
P 171 124 0 255 0
P 172 124 0 255 0
P 173 124 0 255 255
P 174 124 0 255 255
P 175 124 0 255 255
P 176 124 0 255 255
P 177 124 0 255 255
P 178 124 0 255 255
P 179 124 0 255 255
P 180 124 0 255 255
P 181 124 0 255 255
P 182 124 0 255 255
P 183 124 0 255 255
P 184 124 0 255 255
P 185 124 0 0 255
P 186 124 0 0 255
P 187 124 0 0 255
P 188 124 0 0 255
P 189 124 0 0 255
P 190 124 0 255 0
P 191 124 0 255 0
P 192 124 0 255 0
P 193 124 0 255 0
P 194 124 0 255 0
P 195 124 0 255 0
P 196 124 0 255 0
P 197 124 0 255 0
P 198 124 0 255 0
P 199 124 0 255 0
P 200 124 0 255 0
P 201 124 0 255 0
P 202 124 255 255 255
P 203 124 255 255 255
P 204 124 255 255 255
P 205 124 255 255 255
P 206 124 255 255 255
P 207 124 255 255 0
P 208 124 255 255 0
P 209 124 255 255 0
P 210 124 255 255 0
P 211 124 255 255 0
P 212 124 255 255 0
P 213 124 255 255 0
P 214 124 255 255 0
P 215 124 255 255 0
P 216 124 255 255 0
P 217 124 255 255 0
P 218 124 255 255 0
P 219 124 0 0 255
P 220 124 0 0 255
P 221 124 0 0 255
P 222 124 0 0 255
P 223 124 0 0 255
P 224 124 255 0 255
P 225 124 255 0 255
P 226 124 255 0 255
P 227 124 255 0 255
P 228 124 255 0 255
P 229 124 255 0 255
P 230 124 255 0 255
P 231 124 255 0 255
P 232 124 255 0 255
P 233 124 255 0 255
P 234 124 255 0 255
P 235 124 255 0 255
P 236 124 255 255 0
P 237 124 255 255 0
P 238 124 255 255 0
P 239 124 255 255 0
P 240 124 255 255 0
P 241 124 0 255 255
P 242 124 0 255 255
P 243 124 0 255 255
P 244 124 0 255 255
P 245 124 0 255 255
P 246 124 0 255 255
P 247 124 0 255 255
P 248 124 0 255 255
P 249 124 0 255 255
P 250 124 0 255 255
P 251 124 0 255 255
P 252 124 0 255 255
P 253 124 0 0 255
P 254 124 0 0 255
P 255 124 0 0 255
P 256 124 0 0 255
P 257 124 0 0 255
P 258 124 255 0 255
P 259 124 255 0 255
P 260 124 255 0 255
P 261 124 255 0 255
P 262 124 255 0 255
P 263 124 255 0 255
P 264 124 255 0 255
P 265 124 255 0 255
P 266 124 255 0 255
P 267 124 255 0 255
P 268 124 255 0 255
P 269 124 255 0 255
P 270 124 255 255 0
P 271 124 255 255 0
P 272 124 255 255 0
P 273 124 255 255 0
P 274 124 255 255 0
P 275 124 0 255 255
P 276 124 0 255 255
P 277 124 0 255 255
P 278 124 0 255 255
P 279 124 0 255 255
P 280 124 0 255 255
P 281 124 0 255 255
P 282 124 0 255 255
P 283 124 0 255 255
P 284 124 0 255 255
P 285 124 0 255 255
P 286 124 0 255 255
P 287 124 0 0 255
P 288 124 0 0 255
P 289 124 0 0 255
P 290 124 0 0 255
P 291 124 0 0 255
P 20 125 0 0 255
P 21 125 0 0 255
P 22 125 0 0 255
P 23 125 0 0 255
P 24 125 0 0 255
P 25 125 0 0 255
P 26 125 0 0 255
P 27 125 0 0 255
P 28 125 0 0 255
P 29 125 0 0 255
P 30 125 0 0 255
P 31 125 0 0 255
P 32 125 0 0 255
P 33 125 0 255 0
P 34 125 0 255 0
P 35 125 0 255 0
P 36 125 0 255 0
P 37 125 255 0 255
P 38 125 255 0 255
P 39 125 255 0 255
P 40 125 255 0 255
P 41 125 255 0 255
P 42 125 255 0 255
P 43 125 255 0 255
P 44 125 255 0 255
P 45 125 255 0 255
P 46 125 255 0 255
P 47 125 255 0 255
P 48 125 255 0 255
P 49 125 255 0 255
P 50 125 0 255 255
P 51 125 0 255 255
P 52 125 0 255 255
P 53 125 0 255 255
P 54 125 0 255 0
P 55 125 0 255 0
P 56 125 0 255 0
P 57 125 0 255 0
P 58 125 0 255 0
P 59 125 0 255 0
P 60 125 0 255 0
P 61 125 0 255 0
P 62 125 0 255 0
P 63 125 0 255 0
P 64 125 0 255 0
P 65 125 0 255 0
P 66 125 0 255 0
P 67 125 0 0 255
P 68 125 0 0 255
P 69 125 0 0 255
P 70 125 0 0 255
P 71 125 255 255 0
P 72 125 255 255 0
P 73 125 255 255 0
P 74 125 255 255 0
P 75 125 255 255 0
P 76 125 255 255 0
P 77 125 255 255 0
P 78 125 255 255 0
P 79 125 255 255 0
P 80 125 255 255 0
P 81 125 255 255 0
P 82 125 255 255 0
P 83 125 255 255 0
P 84 125 0 255 255
P 85 125 0 255 255
P 86 125 0 255 255
P 87 125 0 255 255
P 88 125 0 0 255
P 89 125 0 0 255
P 90 125 0 0 255
P 91 125 0 0 255
P 92 125 0 0 255
P 93 125 0 0 255
P 94 125 0 0 255
P 95 125 0 0 255
P 96 125 0 0 255
P 97 125 0 0 255
P 98 125 0 0 255
P 99 125 0 0 255
P 100 125 0 0 255
P 101 125 0 255 0
P 102 125 0 255 0
P 103 125 0 255 0
P 104 125 0 255 0
P 105 125 0 255 255
P 106 125 0 255 255
P 107 125 0 255 255
P 108 125 0 255 255
P 109 125 0 255 255
P 110 125 0 255 255
P 111 125 0 255 255
P 112 125 0 255 255
P 113 125 0 255 255
P 114 125 0 255 255
P 115 125 0 255 255
P 116 125 0 255 255
P 117 125 0 255 255
P 118 125 255 0 255
P 119 125 255 0 255
P 120 125 255 0 255
P 121 125 255 0 255
P 122 125 0 255 0
P 123 125 0 255 0
P 124 125 0 255 0
P 125 125 0 255 0
P 126 125 0 255 0
P 127 125 0 255 0
P 128 125 0 255 0
P 129 125 0 255 0
P 130 125 0 255 0
P 131 125 0 255 0
P 132 125 0 255 0
P 133 125 0 255 0
P 134 125 0 255 0
P 135 125 0 0 255
P 136 125 0 0 255
P 137 125 0 0 255
P 138 125 0 0 255
P 139 125 255 255 0
P 140 125 255 255 0
P 141 125 255 255 0
P 142 125 255 255 0
P 143 125 255 255 0
P 144 125 255 255 0
P 145 125 255 255 0
P 146 125 255 255 0
P 147 125 255 255 0
P 148 125 255 255 0
P 149 125 255 255 0
P 150 125 255 255 0
P 151 125 255 255 0
P 152 125 0 255 255
P 153 125 0 255 255
P 154 125 0 255 255
P 155 125 0 255 255
P 156 125 0 0 255
P 157 125 0 0 255
P 158 125 0 0 255
P 159 125 0 0 255
P 160 125 0 0 255
P 161 125 0 0 255
P 162 125 0 0 255
P 163 125 0 0 255
P 164 125 0 0 255
P 165 125 0 0 255
P 166 125 0 0 255
P 167 125 0 0 255
P 168 125 0 0 255
P 169 125 0 255 0
P 170 125 0 255 0
P 171 125 0 255 0
P 172 125 0 255 0
P 173 125 0 255 255
P 174 125 0 255 255
P 175 125 0 255 255
P 176 125 0 255 255
P 177 125 0 255 255
P 178 125 0 255 255
P 179 125 0 255 255
P 180 125 0 255 255
P 181 125 0 255 255
P 182 125 0 255 255
P 183 125 0 255 255
P 184 125 0 255 255
P 185 125 0 255 255
P 186 125 0 0 255
P 187 125 0 0 255
P 188 125 0 0 255
P 189 125 0 0 255
P 190 125 0 255 0
P 191 125 0 255 0
P 192 125 0 255 0
P 193 125 0 255 0
P 194 125 0 255 0
P 195 125 0 255 0
P 196 125 0 255 0
P 197 125 0 255 0
P 198 125 0 255 0
P 199 125 0 255 0
P 200 125 0 255 0
P 201 125 0 255 0
P 202 125 0 255 0
P 203 125 0 255 0
P 204 125 255 255 255
P 205 125 255 255 255
P 206 125 255 255 255
P 207 125 255 255 0
P 208 125 255 255 0
P 209 125 255 255 0
P 210 125 255 255 0
P 211 125 255 255 0
P 212 125 255 255 0
P 213 125 255 255 0
P 214 125 255 255 0
P 215 125 255 255 0
P 216 125 255 255 0
P 217 125 255 255 0
P 218 125 255 255 0
P 219 125 255 255 0
P 220 125 255 255 0
P 221 125 0 0 255
P 222 125 0 0 255
P 223 125 0 0 255
P 224 125 255 0 255
P 225 125 255 0 255
P 226 125 255 0 255
P 227 125 255 0 255
P 228 125 255 0 255
P 229 125 255 0 255
P 230 125 255 0 255
P 231 125 255 0 255
P 232 125 255 0 255
P 233 125 255 0 255
P 234 125 255 0 255
P 235 125 255 0 255
P 236 125 255 0 255
P 237 125 255 255 0
P 238 125 255 255 0
P 239 125 255 255 0
P 240 125 255 255 0
P 241 125 0 255 255
P 242 125 0 255 255
P 243 125 0 255 255
P 244 125 0 255 255
P 245 125 0 255 255
P 246 125 0 255 255
P 247 125 0 255 255
P 248 125 0 255 255
P 249 125 0 255 255
P 250 125 0 255 255
P 251 125 0 255 255
P 252 125 0 255 255
P 253 125 0 255 255
P 254 125 0 0 255
P 255 125 0 0 255
P 256 125 0 0 255
P 257 125 0 0 255
P 258 125 255 0 255
P 259 125 255 0 255
P 260 125 255 0 255
P 261 125 255 0 255
P 262 125 255 0 255
P 263 125 255 0 255
P 264 125 255 0 255
P 265 125 255 0 255
P 266 125 255 0 255
P 267 125 255 0 255
P 268 125 255 0 255
P 269 125 255 0 255
P 270 125 255 0 255
P 271 125 255 255 0
P 272 125 255 255 0
P 273 125 255 255 0
P 274 125 255 255 0
P 275 125 0 255 255
P 276 125 0 255 255
P 277 125 0 255 255
P 278 125 0 255 255
P 279 125 0 255 255
P 280 125 0 255 255
P 281 125 0 255 255
P 282 125 0 255 255
P 283 125 0 255 255
P 284 125 0 255 255
P 285 125 0 255 255
P 286 125 0 255 255
P 287 125 0 255 255
P 288 125 0 255 255
P 289 125 0 0 255
P 290 125 0 0 255
P 291 125 0 0 255
P 20 126 0 0 255
P 21 126 0 0 255
P 22 126 0 0 255
P 23 126 0 0 255
P 24 126 0 0 255
P 25 126 0 0 255
P 26 126 0 0 255
P 27 126 0 0 255
P 28 126 0 0 255
P 29 126 0 0 255
P 30 126 0 0 255
P 31 126 0 0 255
P 32 126 0 0 255
P 33 126 0 0 255
P 34 126 0 0 255
P 35 126 0 255 0
P 36 126 0 255 0
P 37 126 255 0 255
P 38 126 255 0 255
P 39 126 255 0 255
P 40 126 255 0 255
P 41 126 255 0 255
P 42 126 255 0 255
P 43 126 255 0 255
P 44 126 255 0 255
P 45 126 255 0 255
P 46 126 255 0 255
P 47 126 255 0 255
P 48 126 255 0 255
P 49 126 255 0 255
P 50 126 255 0 255
P 51 126 0 255 255
P 52 126 0 255 255
P 53 126 0 255 255
P 54 126 0 255 0
P 55 126 0 255 0
P 56 126 0 255 0
P 57 126 0 255 0
P 58 126 0 255 0
P 59 126 0 255 0
P 60 126 0 255 0
P 61 126 0 255 0
P 62 126 0 255 0
P 63 126 0 255 0
P 64 126 0 255 0
P 65 126 0 255 0
P 66 126 0 255 0
P 67 126 0 255 0
P 68 126 0 255 0
P 69 126 0 0 255
P 70 126 0 0 255
P 71 126 255 255 0
P 72 126 255 255 0
P 73 126 255 255 0
P 74 126 255 255 0
P 75 126 255 255 0
P 76 126 255 255 0
P 77 126 255 255 0
P 78 126 255 255 0
P 79 126 255 255 0
P 80 126 255 255 0
P 81 126 255 255 0
P 82 126 255 255 0
P 83 126 255 255 0
P 84 126 255 255 0
P 85 126 255 255 0
P 86 126 0 255 255
P 87 126 0 255 255
P 88 126 0 0 255
P 89 126 0 0 255
P 90 126 0 0 255
P 91 126 0 0 255
P 92 126 0 0 255
P 93 126 0 0 255
P 94 126 0 0 255
P 95 126 0 0 255
P 96 126 0 0 255
P 97 126 0 0 255
P 98 126 0 0 255
P 99 126 0 0 255
P 100 126 0 0 255
P 101 126 0 0 255
P 102 126 0 0 255
P 103 126 0 255 0
P 104 126 0 255 0
P 105 126 0 255 255
P 106 126 0 255 255
P 107 126 0 255 255
P 108 126 0 255 255
P 109 126 0 255 255
P 110 126 0 255 255
P 111 126 0 255 255
P 112 126 0 255 255
P 113 126 0 255 255
P 114 126 0 255 255
P 115 126 0 255 255
P 116 126 0 255 255
P 117 126 0 255 255
P 118 126 0 255 255
P 119 126 0 255 255
P 120 126 255 0 255
P 121 126 255 0 255
P 122 126 0 255 0
P 123 126 0 255 0
P 124 126 0 255 0
P 125 126 0 255 0
P 126 126 0 255 0
P 127 126 0 255 0
P 128 126 0 255 0
P 129 126 0 255 0
P 130 126 0 255 0
P 131 126 0 255 0
P 132 126 0 255 0
P 133 126 0 255 0
P 134 126 0 255 0
P 135 126 0 255 0
P 136 126 0 255 0
P 137 126 0 0 255
P 138 126 0 0 255
P 139 126 255 255 0
P 140 126 255 255 0
P 141 126 255 255 0
P 142 126 255 255 0
P 143 126 255 255 0
P 144 126 255 255 0
P 145 126 255 255 0
P 146 126 255 255 0
P 147 126 255 255 0
P 148 126 255 255 0
P 149 126 255 255 0
P 150 126 255 255 0
P 151 126 255 255 0
P 152 126 255 255 0
P 153 126 255 255 0
P 154 126 0 255 255
P 155 126 0 255 255
P 156 126 0 0 255
P 157 126 0 0 255
P 158 126 0 0 255
P 159 126 0 0 255
P 160 126 0 0 255
P 161 126 0 0 255
P 162 126 0 0 255
P 163 126 0 0 255
P 164 126 0 0 255
P 165 126 0 0 255
P 166 126 0 0 255
P 167 126 0 0 255
P 168 126 0 0 255
P 169 126 0 0 255
P 170 126 0 0 255
P 171 126 0 255 0
P 172 126 0 255 0
P 173 126 0 255 255
P 174 126 0 255 255
P 175 126 0 255 255
P 176 126 0 255 255
P 177 126 0 255 255
P 178 126 0 255 255
P 179 126 0 255 255
P 180 126 0 255 255
P 181 126 0 255 255
P 182 126 0 255 255
P 183 126 0 255 255
P 184 126 0 255 255
P 185 126 0 255 255
P 186 126 0 255 255
P 187 126 0 255 255
P 188 126 0 0 255
P 189 126 0 0 255
P 190 126 0 255 0
P 191 126 0 255 0
P 192 126 0 255 0
P 193 126 0 255 0
P 194 126 0 255 0
P 195 126 0 255 0
P 196 126 0 255 0
P 197 126 0 255 0
P 198 126 0 255 0
P 199 126 0 255 0
P 200 126 0 255 0
P 201 126 0 255 0
P 202 126 0 255 0
P 203 126 0 255 0
P 204 126 0 255 0
P 205 126 255 255 255
P 206 126 255 255 255
P 207 126 255 255 0
P 208 126 255 255 0
P 209 126 255 255 0
P 210 126 255 255 0
P 211 126 255 255 0
P 212 126 255 255 0
P 213 126 255 255 0
P 214 126 255 255 0
P 215 126 255 255 0
P 216 126 255 255 0
P 217 126 255 255 0
P 218 126 255 255 0
P 219 126 255 255 0
P 220 126 255 255 0
P 221 126 255 255 0
P 222 126 0 0 255
P 223 126 0 0 255
P 224 126 255 0 255
P 225 126 255 0 255
P 226 126 255 0 255
P 227 126 255 0 255
P 228 126 255 0 255
P 229 126 255 0 255
P 230 126 255 0 255
P 231 126 255 0 255
P 232 126 255 0 255
P 233 126 255 0 255
P 234 126 255 0 255
P 235 126 255 0 255
P 236 126 255 0 255
P 237 126 255 0 255
P 238 126 255 0 255
P 239 126 255 255 0
P 240 126 255 255 0
P 241 126 0 255 255
P 242 126 0 255 255
P 243 126 0 255 255
P 244 126 0 255 255
P 245 126 0 255 255
P 246 126 0 255 255
P 247 126 0 255 255
P 248 126 0 255 255
P 249 126 0 255 255
P 250 126 0 255 255
P 251 126 0 255 255
P 252 126 0 255 255
P 253 126 0 255 255
P 254 126 0 255 255
P 255 126 0 255 255
P 256 126 0 0 255
P 257 126 0 0 255
P 258 126 255 0 255
P 259 126 255 0 255
P 260 126 255 0 255
P 261 126 255 0 255
P 262 126 255 0 255
P 263 126 255 0 255
P 264 126 255 0 255
P 265 126 255 0 255
P 266 126 255 0 255
P 267 126 255 0 255
P 268 126 255 0 255
P 269 126 255 0 255
P 270 126 255 0 255
P 271 126 255 0 255
P 272 126 255 0 255
P 273 126 255 255 0
P 274 126 255 255 0
P 275 126 0 255 255
P 276 126 0 255 255
P 277 126 0 255 255
P 278 126 0 255 255
P 279 126 0 255 255
P 280 126 0 255 255
P 281 126 0 255 255
P 282 126 0 255 255
P 283 126 0 255 255
P 284 126 0 255 255
P 285 126 0 255 255
P 286 126 0 255 255
P 287 126 0 255 255
P 288 126 0 255 255
P 289 126 0 255 255
P 290 126 0 0 255
P 291 126 0 0 255
P 20 127 0 0 255
P 21 127 0 0 255
P 22 127 0 0 255
P 23 127 0 0 255
P 24 127 0 0 255
P 25 127 0 0 255
P 26 127 0 0 255
P 27 127 0 0 255
P 28 127 0 0 255
P 29 127 0 0 255
P 30 127 0 0 255
P 31 127 0 0 255
P 32 127 0 0 255
P 33 127 0 0 255
P 34 127 0 0 255
P 35 127 0 0 255
P 36 127 0 255 0
P 37 127 255 0 255
P 38 127 255 0 255
P 39 127 255 0 255
P 40 127 255 0 255
P 41 127 255 0 255
P 42 127 255 0 255
P 43 127 255 0 255
P 44 127 255 0 255
P 45 127 255 0 255
P 46 127 255 0 255
P 47 127 255 0 255
P 48 127 255 0 255
P 49 127 255 0 255
P 50 127 255 0 255
P 51 127 255 0 255
P 52 127 255 0 255
P 53 127 0 255 255
P 54 127 0 255 0
P 55 127 0 255 0
P 56 127 0 255 0
P 57 127 0 255 0
P 58 127 0 255 0
P 59 127 0 255 0
P 60 127 0 255 0
P 61 127 0 255 0
P 62 127 0 255 0
P 63 127 0 255 0
P 64 127 0 255 0
P 65 127 0 255 0
P 66 127 0 255 0
P 67 127 0 255 0
P 68 127 0 255 0
P 69 127 0 255 0
P 70 127 0 0 255
P 71 127 255 255 0
P 72 127 255 255 0
P 73 127 255 255 0
P 74 127 255 255 0
P 75 127 255 255 0
P 76 127 255 255 0
P 77 127 255 255 0
P 78 127 255 255 0
P 79 127 255 255 0
P 80 127 255 255 0
P 81 127 255 255 0
P 82 127 255 255 0
P 83 127 255 255 0
P 84 127 255 255 0
P 85 127 255 255 0
P 86 127 255 255 0
P 87 127 0 255 255
P 88 127 0 0 255
P 89 127 0 0 255
P 90 127 0 0 255
P 91 127 0 0 255
P 92 127 0 0 255
P 93 127 0 0 255
P 94 127 0 0 255
P 95 127 0 0 255
P 96 127 0 0 255
P 97 127 0 0 255
P 98 127 0 0 255
P 99 127 0 0 255
P 100 127 0 0 255
P 101 127 0 0 255
P 102 127 0 0 255
P 103 127 0 0 255
P 104 127 0 255 0
P 105 127 0 255 255
P 106 127 0 255 255
P 107 127 0 255 255
P 108 127 0 255 255
P 109 127 0 255 255
P 110 127 0 255 255
P 111 127 0 255 255
P 112 127 0 255 255
P 113 127 0 255 255
P 114 127 0 255 255
P 115 127 0 255 255
P 116 127 0 255 255
P 117 127 0 255 255
P 118 127 0 255 255
P 119 127 0 255 255
P 120 127 0 255 255
P 121 127 255 0 255
P 122 127 0 255 0
P 123 127 0 255 0
P 124 127 0 255 0
P 125 127 0 255 0
P 126 127 0 255 0
P 127 127 0 255 0
P 128 127 0 255 0
P 129 127 0 255 0
P 130 127 0 255 0
P 131 127 0 255 0
P 132 127 0 255 0
P 133 127 0 255 0
P 134 127 0 255 0
P 135 127 0 255 0
P 136 127 0 255 0
P 137 127 0 255 0
P 138 127 0 0 255
P 139 127 255 255 0
P 140 127 255 255 0
P 141 127 255 255 0
P 142 127 255 255 0
P 143 127 255 255 0
P 144 127 255 255 0
P 145 127 255 255 0
P 146 127 255 255 0
P 147 127 255 255 0
P 148 127 255 255 0
P 149 127 255 255 0
P 150 127 255 255 0
P 151 127 255 255 0
P 152 127 255 255 0
P 153 127 255 255 0
P 154 127 255 255 0
P 155 127 0 255 255
P 156 127 0 0 255
P 157 127 0 0 255
P 158 127 0 0 255
P 159 127 0 0 255
P 160 127 0 0 255
P 161 127 0 0 255
P 162 127 0 0 255
P 163 127 0 0 255
P 164 127 0 0 255
P 165 127 0 0 255
P 166 127 0 0 255
P 167 127 0 0 255
P 168 127 0 0 255
P 169 127 0 0 255
P 170 127 0 0 255
P 171 127 0 0 255
P 172 127 0 255 0
P 173 127 0 255 255
P 174 127 0 255 255
P 175 127 0 255 255
P 176 127 0 255 255
P 177 127 0 255 255
P 178 127 0 255 255
P 179 127 0 255 255
P 180 127 0 255 255
P 181 127 0 255 255
P 182 127 0 255 255
P 183 127 0 255 255
P 184 127 0 255 255
P 185 127 0 255 255
P 186 127 0 255 255
P 187 127 0 255 255
P 188 127 0 255 255
P 189 127 0 0 255
P 190 127 0 255 0
P 191 127 0 255 0
P 192 127 0 255 0
P 193 127 0 255 0
P 194 127 0 255 0
P 195 127 0 255 0
P 196 127 0 255 0
P 197 127 0 255 0
P 198 127 0 255 0
P 199 127 0 255 0
P 200 127 0 255 0
P 201 127 0 255 0
P 202 127 0 255 0
P 203 127 0 255 0
P 204 127 0 255 0
P 205 127 0 255 0
P 206 127 0 255 0
P 207 127 255 255 0
P 208 127 255 255 0
P 209 127 255 255 0
P 210 127 255 255 0
P 211 127 255 255 0
P 212 127 255 255 0
P 213 127 255 255 0
P 214 127 255 255 0
P 215 127 255 255 0
P 216 127 255 255 0
P 217 127 255 255 0
P 218 127 255 255 0
P 219 127 255 255 0
P 220 127 255 255 0
P 221 127 255 255 0
P 222 127 255 255 0
P 223 127 0 0 255
P 224 127 255 0 255
P 225 127 255 0 255
P 226 127 255 0 255
P 227 127 255 0 255
P 228 127 255 0 255
P 229 127 255 0 255
P 230 127 255 0 255
P 231 127 255 0 255
P 232 127 255 0 255
P 233 127 255 0 255
P 234 127 255 0 255
P 235 127 255 0 255
P 236 127 255 0 255
P 237 127 255 0 255
P 238 127 255 0 255
P 239 127 255 0 255
P 240 127 255 255 0
P 241 127 0 255 255
P 242 127 0 255 255
P 243 127 0 255 255
P 244 127 0 255 255
P 245 127 0 255 255
P 246 127 0 255 255
P 247 127 0 255 255
P 248 127 0 255 255
P 249 127 0 255 255
P 250 127 0 255 255
P 251 127 0 255 255
P 252 127 0 255 255
P 253 127 0 255 255
P 254 127 0 255 255
P 255 127 0 255 255
P 256 127 0 255 255
P 257 127 0 0 255
P 258 127 255 0 255
P 259 127 255 0 255
P 260 127 255 0 255
P 261 127 255 0 255
P 262 127 255 0 255
P 263 127 255 0 255
P 264 127 255 0 255
P 265 127 255 0 255
P 266 127 255 0 255
P 267 127 255 0 255
P 268 127 255 0 255
P 269 127 255 0 255
P 270 127 255 0 255
P 271 127 255 0 255
P 272 127 255 0 255
P 273 127 255 0 255
P 274 127 255 255 0
P 275 127 0 255 255
P 276 127 0 255 255
P 277 127 0 255 255
P 278 127 0 255 255
P 279 127 0 255 255
P 280 127 0 255 255
P 281 127 0 255 255
P 282 127 0 255 255
P 283 127 0 255 255
P 284 127 0 255 255
P 285 127 0 255 255
P 286 127 0 255 255
P 287 127 0 255 255
P 288 127 0 255 255
P 289 127 0 255 255
P 290 127 0 255 255
P 291 127 0 0 255
P 20 128 0 255 0
P 21 128 255 0 0
P 22 128 255 0 0
P 23 128 255 0 0
P 24 128 255 0 0
P 25 128 255 0 0
P 26 128 255 0 0
P 27 128 255 0 0
P 28 128 255 0 0
P 29 128 255 0 0
P 30 128 255 0 0
P 31 128 255 0 0
P 32 128 255 0 0
P 33 128 255 0 0
P 34 128 255 0 0
P 35 128 255 0 0
P 36 128 255 0 0
P 37 128 0 255 255
P 38 128 255 255 0
P 39 128 255 255 0
P 40 128 255 255 0
P 41 128 255 255 0
P 42 128 255 255 0
P 43 128 255 255 0
P 44 128 255 255 0
P 45 128 255 255 0
P 46 128 255 255 0
P 47 128 255 255 0
P 48 128 255 255 0
P 49 128 255 255 0
P 50 128 255 255 0
P 51 128 255 255 0
P 52 128 255 255 0
P 53 128 255 255 0
P 54 128 255 0 0
P 55 128 255 0 0
P 56 128 255 0 0
P 57 128 255 0 0
P 58 128 255 0 0
P 59 128 255 0 0
P 60 128 255 0 0
P 61 128 255 0 0
P 62 128 255 0 0
P 63 128 255 0 0
P 64 128 255 0 0
P 65 128 255 0 0
P 66 128 255 0 0
P 67 128 255 0 0
P 68 128 255 0 0
P 69 128 255 0 0
P 70 128 255 0 0
P 71 128 0 255 255
P 72 128 255 0 255
P 73 128 255 0 255
P 74 128 255 0 255
P 75 128 255 0 255
P 76 128 255 0 255
P 77 128 255 0 255
P 78 128 255 0 255
P 79 128 255 0 255
P 80 128 255 0 255
P 81 128 255 0 255
P 82 128 255 0 255
P 83 128 255 0 255
P 84 128 255 0 255
P 85 128 255 0 255
P 86 128 255 0 255
P 87 128 255 0 255
P 88 128 0 255 0
P 89 128 255 0 0
P 90 128 255 0 0
P 91 128 255 0 0
P 92 128 255 0 0
P 93 128 255 0 0
P 94 128 255 0 0
P 95 128 255 0 0
P 96 128 255 0 0
P 97 128 255 0 0
P 98 128 255 0 0
P 99 128 255 0 0
P 100 128 255 0 0
P 101 128 255 0 0
P 102 128 255 0 0
P 103 128 255 0 0
P 104 128 255 0 0
P 105 128 255 0 255
P 106 128 255 255 0
P 107 128 255 255 0
P 108 128 255 255 0
P 109 128 255 255 0
P 110 128 255 255 0
P 111 128 255 255 0
P 112 128 255 255 0
P 113 128 255 255 0
P 114 128 255 255 0
P 115 128 255 255 0
P 116 128 255 255 0
P 117 128 255 255 0
P 118 128 255 255 0
P 119 128 255 255 0
P 120 128 255 255 0
P 121 128 255 255 0
P 122 128 0 0 255
P 123 128 255 0 0
P 124 128 255 0 0
P 125 128 255 0 0
P 126 128 255 0 0
P 127 128 255 0 0
P 128 128 255 0 0
P 129 128 255 0 0
P 130 128 255 0 0
P 131 128 255 0 0
P 132 128 255 0 0
P 133 128 255 0 0
P 134 128 255 0 0
P 135 128 255 0 0
P 136 128 255 0 0
P 137 128 255 0 0
P 138 128 255 0 0
P 139 128 0 255 255
P 140 128 255 0 255
P 141 128 255 0 255
P 142 128 255 0 255
P 143 128 255 0 255
P 144 128 255 0 255
P 145 128 255 0 255
P 146 128 255 0 255
P 147 128 255 0 255
P 148 128 255 0 255
P 149 128 255 0 255
P 150 128 255 0 255
P 151 128 255 0 255
P 152 128 255 0 255
P 153 128 255 0 255
P 154 128 255 0 255
P 155 128 255 0 255
P 156 128 0 255 0
P 157 128 255 0 0
P 158 128 255 0 0
P 159 128 255 0 0
P 160 128 255 0 0
P 161 128 255 0 0
P 162 128 255 0 0
P 163 128 255 0 0
P 164 128 255 0 0
P 165 128 255 0 0
P 166 128 255 0 0
P 167 128 255 0 0
P 168 128 255 0 0
P 169 128 255 0 0
P 170 128 255 0 0
P 171 128 255 0 0
P 172 128 255 0 0
P 173 128 255 0 255
P 174 128 255 255 0
P 175 128 255 255 0
P 176 128 255 255 0
P 177 128 255 255 0
P 178 128 255 255 0
P 179 128 255 255 0
P 180 128 255 255 0
P 181 128 255 255 0
P 182 128 255 255 0
P 183 128 255 255 0
P 184 128 255 255 0
P 185 128 255 255 0
P 186 128 255 255 0
P 187 128 255 255 0
P 188 128 255 255 0
P 189 128 255 255 0
P 190 128 255 0 0
P 191 128 255 0 0
P 192 128 255 0 0
P 193 128 255 0 0
P 194 128 255 0 0
P 195 128 255 0 0
P 196 128 255 0 0
P 197 128 255 0 0
P 198 128 255 0 0
P 199 128 255 0 0
P 200 128 255 0 0
P 201 128 255 0 0
P 202 128 255 0 0
P 203 128 255 0 0
P 204 128 255 0 0
P 205 128 255 0 0
P 206 128 255 0 0
P 207 128 0 0 255
P 208 128 0 255 255
P 209 128 0 255 255
P 210 128 0 255 255
P 211 128 0 255 255
P 212 128 0 255 255
P 213 128 0 255 255
P 214 128 0 255 255
P 215 128 0 255 255
P 216 128 0 255 255
P 217 128 0 255 255
P 218 128 0 255 255
P 219 128 0 255 255
P 220 128 0 255 255
P 221 128 0 255 255
P 222 128 0 255 255
P 223 128 0 255 255
P 224 128 0 255 0
P 225 128 255 0 0
P 226 128 255 0 0
P 227 128 255 0 0
P 228 128 255 0 0
P 229 128 255 0 0
P 230 128 255 0 0
P 231 128 255 0 0
P 232 128 255 0 0
P 233 128 255 0 0
P 234 128 255 0 0
P 235 128 255 0 0
P 236 128 255 0 0
P 237 128 255 0 0
P 238 128 255 0 0
P 239 128 255 0 0
P 240 128 255 0 0
P 241 128 0 255 0
P 242 128 0 255 0
P 243 128 0 255 0
P 244 128 0 255 0
P 245 128 0 255 0
P 246 128 0 255 0
P 247 128 0 255 0
P 248 128 0 255 0
P 249 128 0 255 0
P 250 128 0 255 0
P 251 128 0 255 0
P 252 128 0 255 0
P 253 128 0 255 0
P 254 128 0 255 0
P 255 128 0 255 0
P 256 128 0 255 0
P 257 128 0 255 0
P 258 128 255 0 0
P 259 128 255 0 0
P 260 128 255 0 0
P 261 128 255 0 0
P 262 128 255 0 0
P 263 128 255 0 0
P 264 128 255 0 0
P 265 128 255 0 0
P 266 128 255 0 0
P 267 128 255 0 0
P 268 128 255 0 0
P 269 128 255 0 0
P 270 128 255 0 0
P 271 128 255 0 0
P 272 128 255 0 0
P 273 128 255 0 0
P 274 128 255 0 0
P 275 128 0 255 0
P 276 128 0 255 0
P 277 128 0 255 0
P 278 128 0 255 0
P 279 128 0 255 0
P 280 128 0 255 0
P 281 128 0 255 0
P 282 128 0 255 0
P 283 128 0 255 0
P 284 128 0 255 0
P 285 128 0 255 0
P 286 128 0 255 0
P 287 128 0 255 0
P 288 128 0 255 0
P 289 128 0 255 0
P 290 128 0 255 0
P 291 128 0 255 0
P 20 129 0 255 0
P 21 129 0 255 0
P 22 129 255 0 0
P 23 129 255 0 0
P 24 129 255 0 0
P 25 129 255 0 0
P 26 129 255 0 0
P 27 129 255 0 0
P 28 129 255 0 0
P 29 129 255 0 0
P 30 129 255 0 0
P 31 129 255 0 0
P 32 129 255 0 0
P 33 129 255 0 0
P 34 129 255 0 0
P 35 129 255 0 0
P 36 129 255 0 0
P 37 129 0 255 255
P 38 129 0 255 255
P 39 129 255 255 0
P 40 129 255 255 0
P 41 129 255 255 0
P 42 129 255 255 0
P 43 129 255 255 0
P 44 129 255 255 0
P 45 129 255 255 0
P 46 129 255 255 0
P 47 129 255 255 0
P 48 129 255 255 0
P 49 129 255 255 0
P 50 129 255 255 0
P 51 129 255 255 0
P 52 129 255 255 0
P 53 129 255 255 0
P 54 129 0 0 255
P 55 129 0 0 255
P 56 129 255 0 0
P 57 129 255 0 0
P 58 129 255 0 0
P 59 129 255 0 0
P 60 129 255 0 0
P 61 129 255 0 0
P 62 129 255 0 0
P 63 129 255 0 0
P 64 129 255 0 0
P 65 129 255 0 0
P 66 129 255 0 0
P 67 129 255 0 0
P 68 129 255 0 0
P 69 129 255 0 0
P 70 129 255 0 0
P 71 129 0 255 255
P 72 129 0 255 255
P 73 129 255 0 255
P 74 129 255 0 255
P 75 129 255 0 255
P 76 129 255 0 255
P 77 129 255 0 255
P 78 129 255 0 255
P 79 129 255 0 255
P 80 129 255 0 255
P 81 129 255 0 255
P 82 129 255 0 255
P 83 129 255 0 255
P 84 129 255 0 255
P 85 129 255 0 255
P 86 129 255 0 255
P 87 129 255 0 255
P 88 129 0 255 0
P 89 129 0 255 0
P 90 129 255 0 0
P 91 129 255 0 0
P 92 129 255 0 0
P 93 129 255 0 0
P 94 129 255 0 0
P 95 129 255 0 0
P 96 129 255 0 0
P 97 129 255 0 0
P 98 129 255 0 0
P 99 129 255 0 0
P 100 129 255 0 0
P 101 129 255 0 0
P 102 129 255 0 0
P 103 129 255 0 0
P 104 129 255 0 0
P 105 129 255 0 255
P 106 129 255 0 255
P 107 129 255 255 0
P 108 129 255 255 0
P 109 129 255 255 0
P 110 129 255 255 0
P 111 129 255 255 0
P 112 129 255 255 0
P 113 129 255 255 0
P 114 129 255 255 0
P 115 129 255 255 0
P 116 129 255 255 0
P 117 129 255 255 0
P 118 129 255 255 0
P 119 129 255 255 0
P 120 129 255 255 0
P 121 129 255 255 0
P 122 129 0 0 255
P 123 129 0 0 255
P 124 129 255 0 0
P 125 129 255 0 0
P 126 129 255 0 0
P 127 129 255 0 0
P 128 129 255 0 0
P 129 129 255 0 0
P 130 129 255 0 0
P 131 129 255 0 0
P 132 129 255 0 0
P 133 129 255 0 0
P 134 129 255 0 0
P 135 129 255 0 0
P 136 129 255 0 0
P 137 129 255 0 0
P 138 129 255 0 0
P 139 129 0 255 255
P 140 129 0 255 255
P 141 129 255 0 255
P 142 129 255 0 255
P 143 129 255 0 255
P 144 129 255 0 255
P 145 129 255 0 255
P 146 129 255 0 255
P 147 129 255 0 255
P 148 129 255 0 255
P 149 129 255 0 255
P 150 129 255 0 255
P 151 129 255 0 255
P 152 129 255 0 255
P 153 129 255 0 255
P 154 129 255 0 255
P 155 129 255 0 255
P 156 129 0 255 0
P 157 129 0 255 0
P 158 129 255 0 0
P 159 129 255 0 0
P 160 129 255 0 0
P 161 129 255 0 0
P 162 129 255 0 0
P 163 129 255 0 0
P 164 129 255 0 0
P 165 129 255 0 0
P 166 129 255 0 0
P 167 129 255 0 0
P 168 129 255 0 0
P 169 129 255 0 0
P 170 129 255 0 0
P 171 129 255 0 0
P 172 129 255 0 0
P 173 129 255 0 255
P 174 129 255 0 255
P 175 129 255 255 0
P 176 129 255 255 0
P 177 129 255 255 0
P 178 129 255 255 0
P 179 129 255 255 0
P 180 129 255 255 0
P 181 129 255 255 0
P 182 129 255 255 0
P 183 129 255 255 0
P 184 129 255 255 0
P 185 129 255 255 0
P 186 129 255 255 0
P 187 129 255 255 0
P 188 129 255 255 0
P 189 129 255 255 0
P 190 129 255 255 255
P 191 129 255 255 255
P 192 129 255 0 0
P 193 129 255 0 0
P 194 129 255 0 0
P 195 129 255 0 0
P 196 129 255 0 0
P 197 129 255 0 0
P 198 129 255 0 0
P 199 129 255 0 0
P 200 129 255 0 0
P 201 129 255 0 0
P 202 129 255 0 0
P 203 129 255 0 0
P 204 129 255 0 0
P 205 129 255 0 0
P 206 129 255 0 0
P 207 129 0 0 255
P 208 129 0 0 255
P 209 129 0 255 255
P 210 129 0 255 255
P 211 129 0 255 255
P 212 129 0 255 255
P 213 129 0 255 255
P 214 129 0 255 255
P 215 129 0 255 255
P 216 129 0 255 255
P 217 129 0 255 255
P 218 129 0 255 255
P 219 129 0 255 255
P 220 129 0 255 255
P 221 129 0 255 255
P 222 129 0 255 255
P 223 129 0 255 255
P 224 129 0 255 0
P 225 129 0 255 0
P 226 129 255 0 0
P 227 129 255 0 0
P 228 129 255 0 0
P 229 129 255 0 0
P 230 129 255 0 0
P 231 129 255 0 0
P 232 129 255 0 0
P 233 129 255 0 0
P 234 129 255 0 0
P 235 129 255 0 0
P 236 129 255 0 0
P 237 129 255 0 0
P 238 129 255 0 0
P 239 129 255 0 0
P 240 129 255 0 0
P 241 129 0 0 255
P 242 129 0 0 255
P 243 129 0 255 0
P 244 129 0 255 0
P 245 129 0 255 0
P 246 129 0 255 0
P 247 129 0 255 0
P 248 129 0 255 0
P 249 129 0 255 0
P 250 129 0 255 0
P 251 129 0 255 0
P 252 129 0 255 0
P 253 129 0 255 0
P 254 129 0 255 0
P 255 129 0 255 0
P 256 129 0 255 0
P 257 129 0 255 0
P 258 129 255 255 0
P 259 129 255 255 0
P 260 129 255 0 0
P 261 129 255 0 0
P 262 129 255 0 0
P 263 129 255 0 0
P 264 129 255 0 0
P 265 129 255 0 0
P 266 129 255 0 0
P 267 129 255 0 0
P 268 129 255 0 0
P 269 129 255 0 0
P 270 129 255 0 0
P 271 129 255 0 0
P 272 129 255 0 0
P 273 129 255 0 0
P 274 129 255 0 0
P 275 129 0 0 255
P 276 129 0 0 255
P 277 129 0 255 0
P 278 129 0 255 0
P 279 129 0 255 0
P 280 129 0 255 0
P 281 129 0 255 0
P 282 129 0 255 0
P 283 129 0 255 0
P 284 129 0 255 0
P 285 129 0 255 0
P 286 129 0 255 0
P 287 129 0 255 0
P 288 129 0 255 0
P 289 129 0 255 0
P 290 129 0 255 0
P 291 129 0 255 0
P 20 130 0 255 0
P 21 130 0 255 0
P 22 130 0 255 0
P 23 130 0 255 0
P 24 130 255 0 0
P 25 130 255 0 0
P 26 130 255 0 0
P 27 130 255 0 0
P 28 130 255 0 0
P 29 130 255 0 0
P 30 130 255 0 0
P 31 130 255 0 0
P 32 130 255 0 0
P 33 130 255 0 0
P 34 130 255 0 0
P 35 130 255 0 0
P 36 130 255 0 0
P 37 130 0 255 255
P 38 130 0 255 255
P 39 130 0 255 255
P 40 130 0 255 255
P 41 130 255 255 0
P 42 130 255 255 0
P 43 130 255 255 0
P 44 130 255 255 0
P 45 130 255 255 0
P 46 130 255 255 0
P 47 130 255 255 0
P 48 130 255 255 0
P 49 130 255 255 0
P 50 130 255 255 0
P 51 130 255 255 0
P 52 130 255 255 0
P 53 130 255 255 0
P 54 130 0 0 255
P 55 130 0 0 255
P 56 130 0 0 255
P 57 130 255 0 0
P 58 130 255 0 0
P 59 130 255 0 0
P 60 130 255 0 0
P 61 130 255 0 0
P 62 130 255 0 0
P 63 130 255 0 0
P 64 130 255 0 0
P 65 130 255 0 0
P 66 130 255 0 0
P 67 130 255 0 0
P 68 130 255 0 0
P 69 130 255 0 0
P 70 130 255 0 0
P 71 130 0 255 255
P 72 130 0 255 255
P 73 130 0 255 255
P 74 130 255 0 255
P 75 130 255 0 255
P 76 130 255 0 255
P 77 130 255 0 255
P 78 130 255 0 255
P 79 130 255 0 255
P 80 130 255 0 255
P 81 130 255 0 255
P 82 130 255 0 255
P 83 130 255 0 255
P 84 130 255 0 255
P 85 130 255 0 255
P 86 130 255 0 255
P 87 130 255 0 255
P 88 130 0 255 0
P 89 130 0 255 0
P 90 130 0 255 0
P 91 130 0 255 0
P 92 130 255 0 0
P 93 130 255 0 0
P 94 130 255 0 0
P 95 130 255 0 0
P 96 130 255 0 0
P 97 130 255 0 0
P 98 130 255 0 0
P 99 130 255 0 0
P 100 130 255 0 0
P 101 130 255 0 0
P 102 130 255 0 0
P 103 130 255 0 0
P 104 130 255 0 0
P 105 130 255 0 255
P 106 130 255 0 255
P 107 130 255 0 255
P 108 130 255 255 0
P 109 130 255 255 0
P 110 130 255 255 0
P 111 130 255 255 0
P 112 130 255 255 0
P 113 130 255 255 0
P 114 130 255 255 0
P 115 130 255 255 0
P 116 130 255 255 0
P 117 130 255 255 0
P 118 130 255 255 0
P 119 130 255 255 0
P 120 130 255 255 0
P 121 130 255 255 0
P 122 130 0 0 255
P 123 130 0 0 255
P 124 130 0 0 255
P 125 130 255 0 0
P 126 130 255 0 0
P 127 130 255 0 0
P 128 130 255 0 0
P 129 130 255 0 0
P 130 130 255 0 0
P 131 130 255 0 0
P 132 130 255 0 0
P 133 130 255 0 0
P 134 130 255 0 0
P 135 130 255 0 0
P 136 130 255 0 0
P 137 130 255 0 0
P 138 130 255 0 0
P 139 130 0 255 255
P 140 130 0 255 255
P 141 130 0 255 255
P 142 130 0 255 255
P 143 130 255 0 255
P 144 130 255 0 255
P 145 130 255 0 255
P 146 130 255 0 255
P 147 130 255 0 255
P 148 130 255 0 255
P 149 130 255 0 255
P 150 130 255 0 255
P 151 130 255 0 255
P 152 130 255 0 255
P 153 130 255 0 255
P 154 130 255 0 255
P 155 130 255 0 255
P 156 130 0 255 0
P 157 130 0 255 0
P 158 130 0 255 0
P 159 130 255 0 0
P 160 130 255 0 0
P 161 130 255 0 0
P 162 130 255 0 0
P 163 130 255 0 0
P 164 130 255 0 0
P 165 130 255 0 0
P 166 130 255 0 0
P 167 130 255 0 0
P 168 130 255 0 0
P 169 130 255 0 0
P 170 130 255 0 0
P 171 130 255 0 0
P 172 130 255 0 0
P 173 130 255 0 255
P 174 130 255 0 255
P 175 130 255 0 255
P 176 130 255 255 0
P 177 130 255 255 0
P 178 130 255 255 0
P 179 130 255 255 0
P 180 130 255 255 0
P 181 130 255 255 0
P 182 130 255 255 0
P 183 130 255 255 0
P 184 130 255 255 0
P 185 130 255 255 0
P 186 130 255 255 0
P 187 130 255 255 0
P 188 130 255 255 0
P 189 130 255 255 0
P 190 130 255 255 255
P 191 130 255 255 255
P 192 130 255 255 255
P 193 130 255 0 0
P 194 130 255 0 0
P 195 130 255 0 0
P 196 130 255 0 0
P 197 130 255 0 0
P 198 130 255 0 0
P 199 130 255 0 0
P 200 130 255 0 0
P 201 130 255 0 0
P 202 130 255 0 0
P 203 130 255 0 0
P 204 130 255 0 0
P 205 130 255 0 0
P 206 130 255 0 0
P 207 130 0 0 255
P 208 130 0 0 255
P 209 130 0 0 255
P 210 130 0 0 255
P 211 130 0 255 255
P 212 130 0 255 255
P 213 130 0 255 255
P 214 130 0 255 255
P 215 130 0 255 255
P 216 130 0 255 255
P 217 130 0 255 255
P 218 130 0 255 255
P 219 130 0 255 255
P 220 130 0 255 255
P 221 130 0 255 255
P 222 130 0 255 255
P 223 130 0 255 255
P 224 130 0 255 0
P 225 130 0 255 0
P 226 130 0 255 0
P 227 130 0 255 0
P 228 130 255 0 0
P 229 130 255 0 0
P 230 130 255 0 0
P 231 130 255 0 0
P 232 130 255 0 0
P 233 130 255 0 0
P 234 130 255 0 0
P 235 130 255 0 0
P 236 130 255 0 0
P 237 130 255 0 0
P 238 130 255 0 0
P 239 130 255 0 0
P 240 130 255 0 0
P 241 130 0 0 255
P 242 130 0 0 255
P 243 130 0 0 255
P 244 130 0 255 0
P 245 130 0 255 0
P 246 130 0 255 0
P 247 130 0 255 0
P 248 130 0 255 0
P 249 130 0 255 0
P 250 130 0 255 0
P 251 130 0 255 0
P 252 130 0 255 0
P 253 130 0 255 0
P 254 130 0 255 0
P 255 130 0 255 0
P 256 130 0 255 0
P 257 130 0 255 0
P 258 130 255 255 0
P 259 130 255 255 0
P 260 130 255 255 0
P 261 130 255 0 0
P 262 130 255 0 0
P 263 130 255 0 0
P 264 130 255 0 0
P 265 130 255 0 0
P 266 130 255 0 0
P 267 130 255 0 0
P 268 130 255 0 0
P 269 130 255 0 0
P 270 130 255 0 0
P 271 130 255 0 0
P 272 130 255 0 0
P 273 130 255 0 0
P 274 130 255 0 0
P 275 130 0 0 255
P 276 130 0 0 255
P 277 130 0 0 255
P 278 130 0 255 0
P 279 130 0 255 0
P 280 130 0 255 0
P 281 130 0 255 0
P 282 130 0 255 0
P 283 130 0 255 0
P 284 130 0 255 0
P 285 130 0 255 0
P 286 130 0 255 0
P 287 130 0 255 0
P 288 130 0 255 0
P 289 130 0 255 0
P 290 130 0 255 0
P 291 130 0 255 0
P 20 131 0 255 0
P 21 131 0 255 0
P 22 131 0 255 0
P 23 131 0 255 0
P 24 131 0 255 0
P 25 131 255 0 0
P 26 131 255 0 0
P 27 131 255 0 0
P 28 131 255 0 0
P 29 131 255 0 0
P 30 131 255 0 0
P 31 131 255 0 0
P 32 131 255 0 0
P 33 131 255 0 0
P 34 131 255 0 0
P 35 131 255 0 0
P 36 131 255 0 0
P 37 131 0 255 255
P 38 131 0 255 255
P 39 131 0 255 255
P 40 131 0 255 255
P 41 131 0 255 255
P 42 131 255 255 0
P 43 131 255 255 0
P 44 131 255 255 0
P 45 131 255 255 0
P 46 131 255 255 0
P 47 131 255 255 0
P 48 131 255 255 0
P 49 131 255 255 0
P 50 131 255 255 0
P 51 131 255 255 0
P 52 131 255 255 0
P 53 131 255 255 0
P 54 131 0 0 255
P 55 131 0 0 255
P 56 131 0 0 255
P 57 131 0 0 255
P 58 131 0 0 255
P 59 131 255 0 0
P 60 131 255 0 0
P 61 131 255 0 0
P 62 131 255 0 0
P 63 131 255 0 0
P 64 131 255 0 0
P 65 131 255 0 0
P 66 131 255 0 0
P 67 131 255 0 0
P 68 131 255 0 0
P 69 131 255 0 0
P 70 131 255 0 0
P 71 131 0 255 255
P 72 131 0 255 255
P 73 131 0 255 255
P 74 131 0 255 255
P 75 131 0 255 255
P 76 131 255 0 255
P 77 131 255 0 255
P 78 131 255 0 255
P 79 131 255 0 255
P 80 131 255 0 255
P 81 131 255 0 255
P 82 131 255 0 255
P 83 131 255 0 255
P 84 131 255 0 255
P 85 131 255 0 255
P 86 131 255 0 255
P 87 131 255 0 255
P 88 131 0 255 0
P 89 131 0 255 0
P 90 131 0 255 0
P 91 131 0 255 0
P 92 131 0 255 0
P 93 131 255 0 0
P 94 131 255 0 0
P 95 131 255 0 0
P 96 131 255 0 0
P 97 131 255 0 0
P 98 131 255 0 0
P 99 131 255 0 0
P 100 131 255 0 0
P 101 131 255 0 0
P 102 131 255 0 0
P 103 131 255 0 0
P 104 131 255 0 0
P 105 131 255 0 255
P 106 131 255 0 255
P 107 131 255 0 255
P 108 131 255 0 255
P 109 131 255 0 255
P 110 131 255 255 0
P 111 131 255 255 0
P 112 131 255 255 0
P 113 131 255 255 0
P 114 131 255 255 0
P 115 131 255 255 0
P 116 131 255 255 0
P 117 131 255 255 0
P 118 131 255 255 0
P 119 131 255 255 0
P 120 131 255 255 0
P 121 131 255 255 0
P 122 131 0 0 255
P 123 131 0 0 255
P 124 131 0 0 255
P 125 131 0 0 255
P 126 131 0 0 255
P 127 131 255 0 0
P 128 131 255 0 0
P 129 131 255 0 0
P 130 131 255 0 0
P 131 131 255 0 0
P 132 131 255 0 0
P 133 131 255 0 0
P 134 131 255 0 0
P 135 131 255 0 0
P 136 131 255 0 0
P 137 131 255 0 0
P 138 131 255 0 0
P 139 131 0 255 255
P 140 131 0 255 255
P 141 131 0 255 255
P 142 131 0 255 255
P 143 131 0 255 255
P 144 131 255 0 255
P 145 131 255 0 255
P 146 131 255 0 255
P 147 131 255 0 255
P 148 131 255 0 255
P 149 131 255 0 255
P 150 131 255 0 255
P 151 131 255 0 255
P 152 131 255 0 255
P 153 131 255 0 255
P 154 131 255 0 255
P 155 131 255 0 255
P 156 131 0 255 0
P 157 131 0 255 0
P 158 131 0 255 0
P 159 131 0 255 0
P 160 131 0 255 0
P 161 131 255 0 0
P 162 131 255 0 0
P 163 131 255 0 0
P 164 131 255 0 0
P 165 131 255 0 0
P 166 131 255 0 0
P 167 131 255 0 0
P 168 131 255 0 0
P 169 131 255 0 0
P 170 131 255 0 0
P 171 131 255 0 0
P 172 131 255 0 0
P 173 131 255 0 255
P 174 131 255 0 255
P 175 131 255 0 255
P 176 131 255 0 255
P 177 131 255 0 255
P 178 131 255 255 0
P 179 131 255 255 0
P 180 131 255 255 0
P 181 131 255 255 0
P 182 131 255 255 0
P 183 131 255 255 0
P 184 131 255 255 0
P 185 131 255 255 0
P 186 131 255 255 0
P 187 131 255 255 0
P 188 131 255 255 0
P 189 131 255 255 0
P 190 131 255 255 255
P 191 131 255 255 255
P 192 131 255 255 255
P 193 131 255 255 255
P 194 131 255 255 255
P 195 131 255 0 0
P 196 131 255 0 0
P 197 131 255 0 0
P 198 131 255 0 0
P 199 131 255 0 0
P 200 131 255 0 0
P 201 131 255 0 0
P 202 131 255 0 0
P 203 131 255 0 0
P 204 131 255 0 0
P 205 131 255 0 0
P 206 131 255 0 0
P 207 131 0 0 255
P 208 131 0 0 255
P 209 131 0 0 255
P 210 131 0 0 255
P 211 131 0 0 255
P 212 131 0 255 255
P 213 131 0 255 255
P 214 131 0 255 255
P 215 131 0 255 255
P 216 131 0 255 255
P 217 131 0 255 255
P 218 131 0 255 255
P 219 131 0 255 255
P 220 131 0 255 255
P 221 131 0 255 255
P 222 131 0 255 255
P 223 131 0 255 255
P 224 131 0 255 0
P 225 131 0 255 0
P 226 131 0 255 0
P 227 131 0 255 0
P 228 131 0 255 0
P 229 131 255 0 0
P 230 131 255 0 0
P 231 131 255 0 0
P 232 131 255 0 0
P 233 131 255 0 0
P 234 131 255 0 0
P 235 131 255 0 0
P 236 131 255 0 0
P 237 131 255 0 0
P 238 131 255 0 0
P 239 131 255 0 0
P 240 131 255 0 0
P 241 131 0 0 255
P 242 131 0 0 255
P 243 131 0 0 255
P 244 131 0 0 255
P 245 131 0 0 255
P 246 131 0 255 0
P 247 131 0 255 0
P 248 131 0 255 0
P 249 131 0 255 0
P 250 131 0 255 0
P 251 131 0 255 0
P 252 131 0 255 0
P 253 131 0 255 0
P 254 131 0 255 0
P 255 131 0 255 0
P 256 131 0 255 0
P 257 131 0 255 0
P 258 131 255 255 0
P 259 131 255 255 0
P 260 131 255 255 0
P 261 131 255 255 0
P 262 131 255 255 0
P 263 131 255 0 0
P 264 131 255 0 0
P 265 131 255 0 0
P 266 131 255 0 0
P 267 131 255 0 0
P 268 131 255 0 0
P 269 131 255 0 0
P 270 131 255 0 0
P 271 131 255 0 0
P 272 131 255 0 0
P 273 131 255 0 0
P 274 131 255 0 0
P 275 131 0 0 255
P 276 131 0 0 255
P 277 131 0 0 255
P 278 131 0 0 255
P 279 131 0 0 255
P 280 131 0 255 0
P 281 131 0 255 0
P 282 131 0 255 0
P 283 131 0 255 0
P 284 131 0 255 0
P 285 131 0 255 0
P 286 131 0 255 0
P 287 131 0 255 0
P 288 131 0 255 0
P 289 131 0 255 0
P 290 131 0 255 0
P 291 131 0 255 0
P 20 132 0 255 0
P 21 132 0 255 0
P 22 132 0 255 0
P 23 132 0 255 0
P 24 132 0 255 0
P 25 132 0 255 0
P 26 132 255 0 0
P 27 132 255 0 0
P 28 132 255 0 0
P 29 132 255 0 0
P 30 132 255 0 0
P 31 132 255 0 0
P 32 132 255 0 0
P 33 132 255 0 0
P 34 132 255 0 0
P 35 132 255 0 0
P 36 132 255 0 0
P 37 132 0 255 255
P 38 132 0 255 255
P 39 132 0 255 255
P 40 132 0 255 255
P 41 132 0 255 255
P 42 132 0 255 255
P 43 132 255 255 0
P 44 132 255 255 0
P 45 132 255 255 0
P 46 132 255 255 0
P 47 132 255 255 0
P 48 132 255 255 0
P 49 132 255 255 0
P 50 132 255 255 0
P 51 132 255 255 0
P 52 132 255 255 0
P 53 132 255 255 0
P 54 132 0 0 255
P 55 132 0 0 255
P 56 132 0 0 255
P 57 132 0 0 255
P 58 132 0 0 255
P 59 132 0 0 255
P 60 132 255 0 0
P 61 132 255 0 0
P 62 132 255 0 0
P 63 132 255 0 0
P 64 132 255 0 0
P 65 132 255 0 0
P 66 132 255 0 0
P 67 132 255 0 0
P 68 132 255 0 0
P 69 132 255 0 0
P 70 132 255 0 0
P 71 132 0 255 255
P 72 132 0 255 255
P 73 132 0 255 255
P 74 132 0 255 255
P 75 132 0 255 255
P 76 132 0 255 255
P 77 132 255 0 255
P 78 132 255 0 255
P 79 132 255 0 255
P 80 132 255 0 255
P 81 132 255 0 255
P 82 132 255 0 255
P 83 132 255 0 255
P 84 132 255 0 255
P 85 132 255 0 255
P 86 132 255 0 255
P 87 132 255 0 255
P 88 132 0 255 0
P 89 132 0 255 0
P 90 132 0 255 0
P 91 132 0 255 0
P 92 132 0 255 0
P 93 132 0 255 0
P 94 132 255 0 0
P 95 132 255 0 0
P 96 132 255 0 0
P 97 132 255 0 0
P 98 132 255 0 0
P 99 132 255 0 0
P 100 132 255 0 0
P 101 132 255 0 0
P 102 132 255 0 0
P 103 132 255 0 0
P 104 132 255 0 0
P 105 132 255 0 255
P 106 132 255 0 255
P 107 132 255 0 255
P 108 132 255 0 255
P 109 132 255 0 255
P 110 132 255 0 255
P 111 132 255 255 0
P 112 132 255 255 0
P 113 132 255 255 0
P 114 132 255 255 0
P 115 132 255 255 0
P 116 132 255 255 0
P 117 132 255 255 0
P 118 132 255 255 0
P 119 132 255 255 0
P 120 132 255 255 0
P 121 132 255 255 0
P 122 132 0 0 255
P 123 132 0 0 255
P 124 132 0 0 255
P 125 132 0 0 255
P 126 132 0 0 255
P 127 132 0 0 255
P 128 132 255 0 0
P 129 132 255 0 0
P 130 132 255 0 0
P 131 132 255 0 0
P 132 132 255 0 0
P 133 132 255 0 0
P 134 132 255 0 0
P 135 132 255 0 0
P 136 132 255 0 0
P 137 132 255 0 0
P 138 132 255 0 0
P 139 132 0 255 255
P 140 132 0 255 255
P 141 132 0 255 255
P 142 132 0 255 255
P 143 132 0 255 255
P 144 132 0 255 255
P 145 132 255 0 255
P 146 132 255 0 255
P 147 132 255 0 255
P 148 132 255 0 255
P 149 132 255 0 255
P 150 132 255 0 255
P 151 132 255 0 255
P 152 132 255 0 255
P 153 132 255 0 255
P 154 132 255 0 255
P 155 132 255 0 255
P 156 132 0 255 0
P 157 132 0 255 0
P 158 132 0 255 0
P 159 132 0 255 0
P 160 132 0 255 0
P 161 132 0 255 0
P 162 132 255 0 0
P 163 132 255 0 0
P 164 132 255 0 0
P 165 132 255 0 0
P 166 132 255 0 0
P 167 132 255 0 0
P 168 132 255 0 0
P 169 132 255 0 0
P 170 132 255 0 0
P 171 132 255 0 0
P 172 132 255 0 0
P 173 132 255 0 255
P 174 132 255 0 255
P 175 132 255 0 255
P 176 132 255 0 255
P 177 132 255 0 255
P 178 132 255 0 255
P 179 132 255 255 0
P 180 132 255 255 0
P 181 132 255 255 0
P 182 132 255 255 0
P 183 132 255 255 0
P 184 132 255 255 0
P 185 132 255 255 0
P 186 132 255 255 0
P 187 132 255 255 0
P 188 132 255 255 0
P 189 132 255 255 0
P 190 132 255 255 255
P 191 132 255 255 255
P 192 132 255 255 255
P 193 132 255 255 255
P 194 132 255 255 255
P 195 132 255 255 255
P 196 132 255 0 0
P 197 132 255 0 0
P 198 132 255 0 0
P 199 132 255 0 0
P 200 132 255 0 0
P 201 132 255 0 0
P 202 132 255 0 0
P 203 132 255 0 0
P 204 132 255 0 0
P 205 132 255 0 0
P 206 132 255 0 0
P 207 132 0 0 255
P 208 132 0 0 255
P 209 132 0 0 255
P 210 132 0 0 255
P 211 132 0 0 255
P 212 132 0 0 255
P 213 132 0 255 255
P 214 132 0 255 255
P 215 132 0 255 255
P 216 132 0 255 255
P 217 132 0 255 255
P 218 132 0 255 255
P 219 132 0 255 255
P 220 132 0 255 255
P 221 132 0 255 255
P 222 132 0 255 255
P 223 132 0 255 255
P 224 132 0 255 0
P 225 132 0 255 0
P 226 132 0 255 0
P 227 132 0 255 0
P 228 132 0 255 0
P 229 132 0 255 0
P 230 132 255 0 0
P 231 132 255 0 0
P 232 132 255 0 0
P 233 132 255 0 0
P 234 132 255 0 0
P 235 132 255 0 0
P 236 132 255 0 0
P 237 132 255 0 0
P 238 132 255 0 0
P 239 132 255 0 0
P 240 132 255 0 0
P 241 132 0 0 255
P 242 132 0 0 255
P 243 132 0 0 255
P 244 132 0 0 255
P 245 132 0 0 255
P 246 132 0 0 255
P 247 132 0 255 0
P 248 132 0 255 0
P 249 132 0 255 0
P 250 132 0 255 0
P 251 132 0 255 0
P 252 132 0 255 0
P 253 132 0 255 0
P 254 132 0 255 0
P 255 132 0 255 0
P 256 132 0 255 0
P 257 132 0 255 0
P 258 132 255 255 0
P 259 132 255 255 0
P 260 132 255 255 0
P 261 132 255 255 0
P 262 132 255 255 0
P 263 132 255 255 0
P 264 132 255 0 0
P 265 132 255 0 0
P 266 132 255 0 0
P 267 132 255 0 0
P 268 132 255 0 0
P 269 132 255 0 0
P 270 132 255 0 0
P 271 132 255 0 0
P 272 132 255 0 0
P 273 132 255 0 0
P 274 132 255 0 0
P 275 132 0 0 255
P 276 132 0 0 255
P 277 132 0 0 255
P 278 132 0 0 255
P 279 132 0 0 255
P 280 132 0 0 255
P 281 132 0 255 0
P 282 132 0 255 0
P 283 132 0 255 0
P 284 132 0 255 0
P 285 132 0 255 0
P 286 132 0 255 0
P 287 132 0 255 0
P 288 132 0 255 0
P 289 132 0 255 0
P 290 132 0 255 0
P 291 132 0 255 0
P 20 133 0 255 0
P 21 133 0 255 0
P 22 133 0 255 0
P 23 133 0 255 0
P 24 133 0 255 0
P 25 133 0 255 0
P 26 133 0 255 0
P 27 133 0 255 0
P 28 133 255 0 0
P 29 133 255 0 0
P 30 133 255 0 0
P 31 133 255 0 0
P 32 133 255 0 0
P 33 133 255 0 0
P 34 133 255 0 0
P 35 133 255 0 0
P 36 133 255 0 0
P 37 133 0 255 255
P 38 133 0 255 255
P 39 133 0 255 255
P 40 133 0 255 255
P 41 133 0 255 255
P 42 133 0 255 255
P 43 133 0 255 255
P 44 133 0 255 255
P 45 133 255 255 0
P 46 133 255 255 0
P 47 133 255 255 0
P 48 133 255 255 0
P 49 133 255 255 0
P 50 133 255 255 0
P 51 133 255 255 0
P 52 133 255 255 0
P 53 133 255 255 0
P 54 133 0 0 255
P 55 133 0 0 255
P 56 133 0 0 255
P 57 133 0 0 255
P 58 133 0 0 255
P 59 133 0 0 255
P 60 133 0 0 255
P 61 133 0 0 255
P 62 133 255 0 0
P 63 133 255 0 0
P 64 133 255 0 0
P 65 133 255 0 0
P 66 133 255 0 0
P 67 133 255 0 0
P 68 133 255 0 0
P 69 133 255 0 0
P 70 133 255 0 0
P 71 133 0 255 255
P 72 133 0 255 255
P 73 133 0 255 255
P 74 133 0 255 255
P 75 133 0 255 255
P 76 133 0 255 255
P 77 133 0 255 255
P 78 133 0 255 255
P 79 133 255 0 255
P 80 133 255 0 255
P 81 133 255 0 255
P 82 133 255 0 255
P 83 133 255 0 255
P 84 133 255 0 255
P 85 133 255 0 255
P 86 133 255 0 255
P 87 133 255 0 255
P 88 133 0 255 0
P 89 133 0 255 0
P 90 133 0 255 0
P 91 133 0 255 0
P 92 133 0 255 0
P 93 133 0 255 0
P 94 133 0 255 0
P 95 133 0 255 0
P 96 133 255 0 0
P 97 133 255 0 0
P 98 133 255 0 0
P 99 133 255 0 0
P 100 133 255 0 0
P 101 133 255 0 0
P 102 133 255 0 0
P 103 133 255 0 0
P 104 133 255 0 0
P 105 133 255 0 255
P 106 133 255 0 255
P 107 133 255 0 255
P 108 133 255 0 255
P 109 133 255 0 255
P 110 133 255 0 255
P 111 133 255 0 255
P 112 133 255 0 255
P 113 133 255 255 0
P 114 133 255 255 0
P 115 133 255 255 0
P 116 133 255 255 0
P 117 133 255 255 0
P 118 133 255 255 0
P 119 133 255 255 0
P 120 133 255 255 0
P 121 133 255 255 0
P 122 133 0 0 255
P 123 133 0 0 255
P 124 133 0 0 255
P 125 133 0 0 255
P 126 133 0 0 255
P 127 133 0 0 255
P 128 133 0 0 255
P 129 133 0 0 255
P 130 133 255 0 0
P 131 133 255 0 0
P 132 133 255 0 0
P 133 133 255 0 0
P 134 133 255 0 0
P 135 133 255 0 0
P 136 133 255 0 0
P 137 133 255 0 0
P 138 133 255 0 0
P 139 133 0 255 255
P 140 133 0 255 255
P 141 133 0 255 255
P 142 133 0 255 255
P 143 133 0 255 255
P 144 133 0 255 255
P 145 133 0 255 255
P 146 133 0 255 255
P 147 133 255 0 255
P 148 133 255 0 255
P 149 133 255 0 255
P 150 133 255 0 255
P 151 133 255 0 255
P 152 133 255 0 255
P 153 133 255 0 255
P 154 133 255 0 255
P 155 133 255 0 255
P 156 133 0 255 0
P 157 133 0 255 0
P 158 133 0 255 0
P 159 133 0 255 0
P 160 133 0 255 0
P 161 133 0 255 0
P 162 133 0 255 0
P 163 133 255 0 0
P 164 133 255 0 0
P 165 133 255 0 0
P 166 133 255 0 0
P 167 133 255 0 0
P 168 133 255 0 0
P 169 133 255 0 0
P 170 133 255 0 0
P 171 133 255 0 0
P 172 133 255 0 0
P 173 133 255 0 255
P 174 133 255 0 255
P 175 133 255 0 255
P 176 133 255 0 255
P 177 133 255 0 255
P 178 133 255 0 255
P 179 133 255 0 255
P 180 133 255 0 255
P 181 133 255 255 0
P 182 133 255 255 0
P 183 133 255 255 0
P 184 133 255 255 0
P 185 133 255 255 0
P 186 133 255 255 0
P 187 133 255 255 0
P 188 133 255 255 0
P 189 133 255 255 0
P 190 133 255 255 255
P 191 133 255 255 255
P 192 133 255 255 255
P 193 133 255 255 255
P 194 133 255 255 255
P 195 133 255 255 255
P 196 133 255 255 255
P 197 133 255 255 255
P 198 133 255 0 0
P 199 133 255 0 0
P 200 133 255 0 0
P 201 133 255 0 0
P 202 133 255 0 0
P 203 133 255 0 0
P 204 133 255 0 0
P 205 133 255 0 0
P 206 133 255 0 0
P 207 133 0 0 255
P 208 133 0 0 255
P 209 133 0 0 255
P 210 133 0 0 255
P 211 133 0 0 255
P 212 133 0 0 255
P 213 133 0 0 255
P 214 133 0 0 255
P 215 133 0 255 255
P 216 133 0 255 255
P 217 133 0 255 255
P 218 133 0 255 255
P 219 133 0 255 255
P 220 133 0 255 255
P 221 133 0 255 255
P 222 133 0 255 255
P 223 133 0 255 255
P 224 133 0 255 0
P 225 133 0 255 0
P 226 133 0 255 0
P 227 133 0 255 0
P 228 133 0 255 0
P 229 133 0 255 0
P 230 133 0 255 0
P 231 133 0 255 0
P 232 133 255 0 0
P 233 133 255 0 0
P 234 133 255 0 0
P 235 133 255 0 0
P 236 133 255 0 0
P 237 133 255 0 0
P 238 133 255 0 0
P 239 133 255 0 0
P 240 133 255 0 0
P 241 133 0 0 255
P 242 133 0 0 255
P 243 133 0 0 255
P 244 133 0 0 255
P 245 133 0 0 255
P 246 133 0 0 255
P 247 133 0 0 255
P 248 133 0 0 255
P 249 133 0 255 0
P 250 133 0 255 0
P 251 133 0 255 0
P 252 133 0 255 0
P 253 133 0 255 0
P 254 133 0 255 0
P 255 133 0 255 0
P 256 133 0 255 0
P 257 133 0 255 0
P 258 133 255 255 0
P 259 133 255 255 0
P 260 133 255 255 0
P 261 133 255 255 0
P 262 133 255 255 0
P 263 133 255 255 0
P 264 133 255 255 0
P 265 133 255 255 0
P 266 133 255 0 0
P 267 133 255 0 0
P 268 133 255 0 0
P 269 133 255 0 0
P 270 133 255 0 0
P 271 133 255 0 0
P 272 133 255 0 0
P 273 133 255 0 0
P 274 133 255 0 0
P 275 133 0 0 255
P 276 133 0 0 255
P 277 133 0 0 255
P 278 133 0 0 255
P 279 133 0 0 255
P 280 133 0 0 255
P 281 133 0 0 255
P 282 133 0 255 0
P 283 133 0 255 0
P 284 133 0 255 0
P 285 133 0 255 0
P 286 133 0 255 0
P 287 133 0 255 0
P 288 133 0 255 0
P 289 133 0 255 0
P 290 133 0 255 0
P 291 133 0 255 0
P 20 134 0 255 0
P 21 134 0 255 0
P 22 134 0 255 0
P 23 134 0 255 0
P 24 134 0 255 0
P 25 134 0 255 0
P 26 134 0 255 0
P 27 134 0 255 0
P 28 134 0 255 0
P 29 134 255 0 0
P 30 134 255 0 0
P 31 134 255 0 0
P 32 134 255 0 0
P 33 134 255 0 0
P 34 134 255 0 0
P 35 134 255 0 0
P 36 134 255 0 0
P 37 134 0 255 255
P 38 134 0 255 255
P 39 134 0 255 255
P 40 134 0 255 255
P 41 134 0 255 255
P 42 134 0 255 255
P 43 134 0 255 255
P 44 134 0 255 255
P 45 134 0 255 255
P 46 134 255 255 0
P 47 134 255 255 0
P 48 134 255 255 0
P 49 134 255 255 0
P 50 134 255 255 0
P 51 134 255 255 0
P 52 134 255 255 0
P 53 134 255 255 0
P 54 134 0 0 255
P 55 134 0 0 255
P 56 134 0 0 255
P 57 134 0 0 255
P 58 134 0 0 255
P 59 134 0 0 255
P 60 134 0 0 255
P 61 134 0 0 255
P 62 134 0 0 255
P 63 134 255 0 0
P 64 134 255 0 0
P 65 134 255 0 0
P 66 134 255 0 0
P 67 134 255 0 0
P 68 134 255 0 0
P 69 134 255 0 0
P 70 134 255 0 0
P 71 134 0 255 255
P 72 134 0 255 255
P 73 134 0 255 255
P 74 134 0 255 255
P 75 134 0 255 255
P 76 134 0 255 255
P 77 134 0 255 255
P 78 134 0 255 255
P 79 134 0 255 255
P 80 134 255 0 255
P 81 134 255 0 255
P 82 134 255 0 255
P 83 134 255 0 255
P 84 134 255 0 255
P 85 134 255 0 255
P 86 134 255 0 255
P 87 134 255 0 255
P 88 134 0 255 0
P 89 134 0 255 0
P 90 134 0 255 0
P 91 134 0 255 0
P 92 134 0 255 0
P 93 134 0 255 0
P 94 134 0 255 0
P 95 134 0 255 0
P 96 134 0 255 0
P 97 134 255 0 0
P 98 134 255 0 0
P 99 134 255 0 0
P 100 134 255 0 0
P 101 134 255 0 0
P 102 134 255 0 0
P 103 134 255 0 0
P 104 134 255 0 0
P 105 134 255 0 255
P 106 134 255 0 255
P 107 134 255 0 255
P 108 134 255 0 255
P 109 134 255 0 255
P 110 134 255 0 255
P 111 134 255 0 255
P 112 134 255 0 255
P 113 134 255 0 255
P 114 134 255 255 0
P 115 134 255 255 0
P 116 134 255 255 0
P 117 134 255 255 0
P 118 134 255 255 0
P 119 134 255 255 0
P 120 134 255 255 0
P 121 134 255 255 0
P 122 134 0 0 255
P 123 134 0 0 255
P 124 134 0 0 255
P 125 134 0 0 255
P 126 134 0 0 255
P 127 134 0 0 255
P 128 134 0 0 255
P 129 134 0 0 255
P 130 134 0 0 255
P 131 134 255 0 0
P 132 134 255 0 0
P 133 134 255 0 0
P 134 134 255 0 0
P 135 134 255 0 0
P 136 134 255 0 0
P 137 134 255 0 0
P 138 134 255 0 0
P 139 134 0 255 255
P 140 134 0 255 255
P 141 134 0 255 255
P 142 134 0 255 255
P 143 134 0 255 255
P 144 134 0 255 255
P 145 134 0 255 255
P 146 134 0 255 255
P 147 134 0 255 255
P 148 134 255 0 255
P 149 134 255 0 255
P 150 134 255 0 255
P 151 134 255 0 255
P 152 134 255 0 255
P 153 134 255 0 255
P 154 134 255 0 255
P 155 134 255 0 255
P 156 134 0 255 0
P 157 134 0 255 0
P 158 134 0 255 0
P 159 134 0 255 0
P 160 134 0 255 0
P 161 134 0 255 0
P 162 134 0 255 0
P 163 134 0 255 0
P 164 134 0 255 0
P 165 134 255 0 0
P 166 134 255 0 0
P 167 134 255 0 0
P 168 134 255 0 0
P 169 134 255 0 0
P 170 134 255 0 0
P 171 134 255 0 0
P 172 134 255 0 0
P 173 134 255 0 255
P 174 134 255 0 255
P 175 134 255 0 255
P 176 134 255 0 255
P 177 134 255 0 255
P 178 134 255 0 255
P 179 134 255 0 255
P 180 134 255 0 255
P 181 134 255 0 255
P 182 134 255 255 0
P 183 134 255 255 0
P 184 134 255 255 0
P 185 134 255 255 0
P 186 134 255 255 0
P 187 134 255 255 0
P 188 134 255 255 0
P 189 134 255 255 0
P 190 134 255 255 255
P 191 134 255 255 255
P 192 134 255 255 255
P 193 134 255 255 255
P 194 134 255 255 255
P 195 134 255 255 255
P 196 134 255 255 255
P 197 134 255 255 255
P 198 134 255 255 255
P 199 134 255 0 0
P 200 134 255 0 0
P 201 134 255 0 0
P 202 134 255 0 0
P 203 134 255 0 0
P 204 134 255 0 0
P 205 134 255 0 0
P 206 134 255 0 0
P 207 134 0 0 255
P 208 134 0 0 255
P 209 134 0 0 255
P 210 134 0 0 255
P 211 134 0 0 255
P 212 134 0 0 255
P 213 134 0 0 255
P 214 134 0 0 255
P 215 134 0 0 255
P 216 134 0 255 255
P 217 134 0 255 255
P 218 134 0 255 255
P 219 134 0 255 255
P 220 134 0 255 255
P 221 134 0 255 255
P 222 134 0 255 255
P 223 134 0 255 255
P 224 134 0 255 0
P 225 134 0 255 0
P 226 134 0 255 0
P 227 134 0 255 0
P 228 134 0 255 0
P 229 134 0 255 0
P 230 134 0 255 0
P 231 134 0 255 0
P 232 134 0 255 0
P 233 134 255 0 0
P 234 134 255 0 0
P 235 134 255 0 0
P 236 134 255 0 0
P 237 134 255 0 0
P 238 134 255 0 0
P 239 134 255 0 0
P 240 134 255 0 0
P 241 134 0 0 255
P 242 134 0 0 255
P 243 134 0 0 255
P 244 134 0 0 255
P 245 134 0 0 255
P 246 134 0 0 255
P 247 134 0 0 255
P 248 134 0 0 255
P 249 134 0 0 255
P 250 134 0 255 0
P 251 134 0 255 0
P 252 134 0 255 0
P 253 134 0 255 0
P 254 134 0 255 0
P 255 134 0 255 0
P 256 134 0 255 0
P 257 134 0 255 0
P 258 134 255 255 0
P 259 134 255 255 0
P 260 134 255 255 0
P 261 134 255 255 0
P 262 134 255 255 0
P 263 134 255 255 0
P 264 134 255 255 0
P 265 134 255 255 0
P 266 134 255 255 0
P 267 134 255 0 0
P 268 134 255 0 0
P 269 134 255 0 0
P 270 134 255 0 0
P 271 134 255 0 0
P 272 134 255 0 0
P 273 134 255 0 0
P 274 134 255 0 0
P 275 134 0 0 255
P 276 134 0 0 255
P 277 134 0 0 255
P 278 134 0 0 255
P 279 134 0 0 255
P 280 134 0 0 255
P 281 134 0 0 255
P 282 134 0 0 255
P 283 134 0 0 255
P 284 134 0 255 0
P 285 134 0 255 0
P 286 134 0 255 0
P 287 134 0 255 0
P 288 134 0 255 0
P 289 134 0 255 0
P 290 134 0 255 0
P 291 134 0 255 0
P 20 135 0 255 0
P 21 135 0 255 0
P 22 135 0 255 0
P 23 135 0 255 0
P 24 135 0 255 0
P 25 135 0 255 0
P 26 135 0 255 0
P 27 135 0 255 0
P 28 135 0 255 0
P 29 135 0 255 0
P 30 135 0 255 0
P 31 135 255 0 0
P 32 135 255 0 0
P 33 135 255 0 0
P 34 135 255 0 0
P 35 135 255 0 0
P 36 135 255 0 0
P 37 135 0 255 255
P 38 135 0 255 255
P 39 135 0 255 255
P 40 135 0 255 255
P 41 135 0 255 255
P 42 135 0 255 255
P 43 135 0 255 255
P 44 135 0 255 255
P 45 135 0 255 255
P 46 135 0 255 255
P 47 135 0 255 255
P 48 135 255 255 0
P 49 135 255 255 0
P 50 135 255 255 0
P 51 135 255 255 0
P 52 135 255 255 0
P 53 135 255 255 0
P 54 135 0 0 255
P 55 135 0 0 255
P 56 135 0 0 255
P 57 135 0 0 255
P 58 135 0 0 255
P 59 135 0 0 255
P 60 135 0 0 255
P 61 135 0 0 255
P 62 135 0 0 255
P 63 135 0 0 255
P 64 135 255 0 0
P 65 135 255 0 0
P 66 135 255 0 0
P 67 135 255 0 0
P 68 135 255 0 0
P 69 135 255 0 0
P 70 135 255 0 0
P 71 135 0 255 255
P 72 135 0 255 255
P 73 135 0 255 255
P 74 135 0 255 255
P 75 135 0 255 255
P 76 135 0 255 255
P 77 135 0 255 255
P 78 135 0 255 255
P 79 135 0 255 255
P 80 135 0 255 255
P 81 135 255 0 255
P 82 135 255 0 255
P 83 135 255 0 255
P 84 135 255 0 255
P 85 135 255 0 255
P 86 135 255 0 255
P 87 135 255 0 255
P 88 135 0 255 0
P 89 135 0 255 0
P 90 135 0 255 0
P 91 135 0 255 0
P 92 135 0 255 0
P 93 135 0 255 0
P 94 135 0 255 0
P 95 135 0 255 0
P 96 135 0 255 0
P 97 135 0 255 0
P 98 135 0 255 0
P 99 135 255 0 0
P 100 135 255 0 0
P 101 135 255 0 0
P 102 135 255 0 0
P 103 135 255 0 0
P 104 135 255 0 0
P 105 135 255 0 255
P 106 135 255 0 255
P 107 135 255 0 255
P 108 135 255 0 255
P 109 135 255 0 255
P 110 135 255 0 255
P 111 135 255 0 255
P 112 135 255 0 255
P 113 135 255 0 255
P 114 135 255 0 255
P 115 135 255 0 255
P 116 135 255 255 0
P 117 135 255 255 0
P 118 135 255 255 0
P 119 135 255 255 0
P 120 135 255 255 0
P 121 135 255 255 0
P 122 135 0 0 255
P 123 135 0 0 255
P 124 135 0 0 255
P 125 135 0 0 255
P 126 135 0 0 255
P 127 135 0 0 255
P 128 135 0 0 255
P 129 135 0 0 255
P 130 135 0 0 255
P 131 135 0 0 255
P 132 135 0 0 255
P 133 135 255 0 0
P 134 135 255 0 0
P 135 135 255 0 0
P 136 135 255 0 0
P 137 135 255 0 0
P 138 135 255 0 0
P 139 135 0 255 255
P 140 135 0 255 255
P 141 135 0 255 255
P 142 135 0 255 255
P 143 135 0 255 255
P 144 135 0 255 255
P 145 135 0 255 255
P 146 135 0 255 255
P 147 135 0 255 255
P 148 135 0 255 255
P 149 135 0 255 255
P 150 135 255 0 255
P 151 135 255 0 255
P 152 135 255 0 255
P 153 135 255 0 255
P 154 135 255 0 255
P 155 135 255 0 255
P 156 135 0 255 0
P 157 135 0 255 0
P 158 135 0 255 0
P 159 135 0 255 0
P 160 135 0 255 0
P 161 135 0 255 0
P 162 135 0 255 0
P 163 135 0 255 0
P 164 135 0 255 0
P 165 135 0 255 0
P 166 135 255 0 0
P 167 135 255 0 0
P 168 135 255 0 0
P 169 135 255 0 0
P 170 135 255 0 0
P 171 135 255 0 0
P 172 135 255 0 0
P 173 135 255 0 255
P 174 135 255 0 255
P 175 135 255 0 255
P 176 135 255 0 255
P 177 135 255 0 255
P 178 135 255 0 255
P 179 135 255 0 255
P 180 135 255 0 255
P 181 135 255 0 255
P 182 135 255 0 255
P 183 135 255 0 255
P 184 135 255 255 0
P 185 135 255 255 0
P 186 135 255 255 0
P 187 135 255 255 0
P 188 135 255 255 0
P 189 135 255 255 0
P 190 135 255 255 255
P 191 135 255 255 255
P 192 135 255 255 255
P 193 135 255 255 255
P 194 135 255 255 255
P 195 135 255 255 255
P 196 135 255 255 255
P 197 135 255 255 255
P 198 135 255 255 255
P 199 135 255 255 255
P 200 135 255 0 0
P 201 135 255 0 0
P 202 135 255 0 0
P 203 135 255 0 0
P 204 135 255 0 0
P 205 135 255 0 0
P 206 135 255 0 0
P 207 135 0 0 255
P 208 135 0 0 255
P 209 135 0 0 255
P 210 135 0 0 255
P 211 135 0 0 255
P 212 135 0 0 255
P 213 135 0 0 255
P 214 135 0 0 255
P 215 135 0 0 255
P 216 135 0 0 255
P 217 135 0 0 255
P 218 135 0 255 255
P 219 135 0 255 255
P 220 135 0 255 255
P 221 135 0 255 255
P 222 135 0 255 255
P 223 135 0 255 255
P 224 135 0 255 0
P 225 135 0 255 0
P 226 135 0 255 0
P 227 135 0 255 0
P 228 135 0 255 0
P 229 135 0 255 0
P 230 135 0 255 0
P 231 135 0 255 0
P 232 135 0 255 0
P 233 135 0 255 0
P 234 135 0 255 0
P 235 135 255 0 0
P 236 135 255 0 0
P 237 135 255 0 0
P 238 135 255 0 0
P 239 135 255 0 0
P 240 135 255 0 0
P 241 135 0 0 255
P 242 135 0 0 255
P 243 135 0 0 255
P 244 135 0 0 255
P 245 135 0 0 255
P 246 135 0 0 255
P 247 135 0 0 255
P 248 135 0 0 255
P 249 135 0 0 255
P 250 135 0 0 255
P 251 135 0 0 255
P 252 135 0 255 0
P 253 135 0 255 0
P 254 135 0 255 0
P 255 135 0 255 0
P 256 135 0 255 0
P 257 135 0 255 0
P 258 135 255 255 0
P 259 135 255 255 0
P 260 135 255 255 0
P 261 135 255 255 0
P 262 135 255 255 0
P 263 135 255 255 0
P 264 135 255 255 0
P 265 135 255 255 0
P 266 135 255 255 0
P 267 135 255 255 0
P 268 135 255 0 0
P 269 135 255 0 0
P 270 135 255 0 0
P 271 135 255 0 0
P 272 135 255 0 0
P 273 135 255 0 0
P 274 135 255 0 0
P 275 135 0 0 255
P 276 135 0 0 255
P 277 135 0 0 255
P 278 135 0 0 255
P 279 135 0 0 255
P 280 135 0 0 255
P 281 135 0 0 255
P 282 135 0 0 255
P 283 135 0 0 255
P 284 135 0 0 255
P 285 135 0 255 0
P 286 135 0 255 0
P 287 135 0 255 0
P 288 135 0 255 0
P 289 135 0 255 0
P 290 135 0 255 0
P 291 135 0 255 0
P 20 136 0 255 0
P 21 136 0 255 0
P 22 136 0 255 0
P 23 136 0 255 0
P 24 136 0 255 0
P 25 136 0 255 0
P 26 136 0 255 0
P 27 136 0 255 0
P 28 136 0 255 0
P 29 136 0 255 0
P 30 136 0 255 0
P 31 136 0 255 0
P 32 136 255 0 0
P 33 136 255 0 0
P 34 136 255 0 0
P 35 136 255 0 0
P 36 136 255 0 0
P 37 136 0 255 255
P 38 136 0 255 255
P 39 136 0 255 255
P 40 136 0 255 255
P 41 136 0 255 255
P 42 136 0 255 255
P 43 136 0 255 255
P 44 136 0 255 255
P 45 136 0 255 255
P 46 136 0 255 255
P 47 136 0 255 255
P 48 136 0 255 255
P 49 136 255 255 0
P 50 136 255 255 0
P 51 136 255 255 0
P 52 136 255 255 0
P 53 136 255 255 0
P 54 136 0 0 255
P 55 136 0 0 255
P 56 136 0 0 255
P 57 136 0 0 255
P 58 136 0 0 255
P 59 136 0 0 255
P 60 136 0 0 255
P 61 136 0 0 255
P 62 136 0 0 255
P 63 136 0 0 255
P 64 136 0 0 255
P 65 136 0 0 255
P 66 136 255 0 0
P 67 136 255 0 0
P 68 136 255 0 0
P 69 136 255 0 0
P 70 136 255 0 0
P 71 136 0 255 255
P 72 136 0 255 255
P 73 136 0 255 255
P 74 136 0 255 255
P 75 136 0 255 255
P 76 136 0 255 255
P 77 136 0 255 255
P 78 136 0 255 255
P 79 136 0 255 255
P 80 136 0 255 255
P 81 136 0 255 255
P 82 136 0 255 255
P 83 136 255 0 255
P 84 136 255 0 255
P 85 136 255 0 255
P 86 136 255 0 255
P 87 136 255 0 255
P 88 136 0 255 0
P 89 136 0 255 0
P 90 136 0 255 0
P 91 136 0 255 0
P 92 136 0 255 0
P 93 136 0 255 0
P 94 136 0 255 0
P 95 136 0 255 0
P 96 136 0 255 0
P 97 136 0 255 0
P 98 136 0 255 0
P 99 136 0 255 0
P 100 136 255 0 0
P 101 136 255 0 0
P 102 136 255 0 0
P 103 136 255 0 0
P 104 136 255 0 0
P 105 136 255 0 255
P 106 136 255 0 255
P 107 136 255 0 255
P 108 136 255 0 255
P 109 136 255 0 255
P 110 136 255 0 255
P 111 136 255 0 255
P 112 136 255 0 255
P 113 136 255 0 255
P 114 136 255 0 255
P 115 136 255 0 255
P 116 136 255 0 255
P 117 136 255 255 0
P 118 136 255 255 0
P 119 136 255 255 0
P 120 136 255 255 0
P 121 136 255 255 0
P 122 136 0 0 255
P 123 136 0 0 255
P 124 136 0 0 255
P 125 136 0 0 255
P 126 136 0 0 255
P 127 136 0 0 255
P 128 136 0 0 255
P 129 136 0 0 255
P 130 136 0 0 255
P 131 136 0 0 255
P 132 136 0 0 255
P 133 136 0 0 255
P 134 136 255 0 0
P 135 136 255 0 0
P 136 136 255 0 0
P 137 136 255 0 0
P 138 136 255 0 0
P 139 136 0 255 255
P 140 136 0 255 255
P 141 136 0 255 255
P 142 136 0 255 255
P 143 136 0 255 255
P 144 136 0 255 255
P 145 136 0 255 255
P 146 136 0 255 255
P 147 136 0 255 255
P 148 136 0 255 255
P 149 136 0 255 255
P 150 136 0 255 255
P 151 136 255 0 255
P 152 136 255 0 255
P 153 136 255 0 255
P 154 136 255 0 255
P 155 136 255 0 255
P 156 136 0 255 0
P 157 136 0 255 0
P 158 136 0 255 0
P 159 136 0 255 0
P 160 136 0 255 0
P 161 136 0 255 0
P 162 136 0 255 0
P 163 136 0 255 0
P 164 136 0 255 0
P 165 136 0 255 0
P 166 136 0 255 0
P 167 136 0 255 0
P 168 136 255 0 0
P 169 136 255 0 0
P 170 136 255 0 0
P 171 136 255 0 0
P 172 136 255 0 0
P 173 136 255 0 255
P 174 136 255 0 255
P 175 136 255 0 255
P 176 136 255 0 255
P 177 136 255 0 255
P 178 136 255 0 255
P 179 136 255 0 255
P 180 136 255 0 255
P 181 136 255 0 255
P 182 136 255 0 255
P 183 136 255 0 255
P 184 136 255 0 255
P 185 136 255 255 0
P 186 136 255 255 0
P 187 136 255 255 0
P 188 136 255 255 0
P 189 136 255 255 0
P 190 136 255 255 255
P 191 136 255 255 255
P 192 136 255 255 255
P 193 136 255 255 255
P 194 136 255 255 255
P 195 136 255 255 255
P 196 136 255 255 255
P 197 136 255 255 255
P 198 136 255 255 255
P 199 136 255 255 255
P 200 136 255 255 255
P 201 136 255 255 255
P 202 136 255 0 0
P 203 136 255 0 0
P 204 136 255 0 0
P 205 136 255 0 0
P 206 136 255 0 0
P 207 136 0 0 255
P 208 136 0 0 255
P 209 136 0 0 255
P 210 136 0 0 255
P 211 136 0 0 255
P 212 136 0 0 255
P 213 136 0 0 255
P 214 136 0 0 255
P 215 136 0 0 255
P 216 136 0 0 255
P 217 136 0 0 255
P 218 136 0 0 255
P 219 136 0 255 255
P 220 136 0 255 255
P 221 136 0 255 255
P 222 136 0 255 255
P 223 136 0 255 255
P 224 136 0 255 0
P 225 136 0 255 0
P 226 136 0 255 0
P 227 136 0 255 0
P 228 136 0 255 0
P 229 136 0 255 0
P 230 136 0 255 0
P 231 136 0 255 0
P 232 136 0 255 0
P 233 136 0 255 0
P 234 136 0 255 0
P 235 136 0 255 0
P 236 136 255 0 0
P 237 136 255 0 0
P 238 136 255 0 0
P 239 136 255 0 0
P 240 136 255 0 0
P 241 136 0 0 255
P 242 136 0 0 255
P 243 136 0 0 255
P 244 136 0 0 255
P 245 136 0 0 255
P 246 136 0 0 255
P 247 136 0 0 255
P 248 136 0 0 255
P 249 136 0 0 255
P 250 136 0 0 255
P 251 136 0 0 255
P 252 136 0 0 255
P 253 136 0 255 0
P 254 136 0 255 0
P 255 136 0 255 0
P 256 136 0 255 0
P 257 136 0 255 0
P 258 136 255 255 0
P 259 136 255 255 0
P 260 136 255 255 0
P 261 136 255 255 0
P 262 136 255 255 0
P 263 136 255 255 0
P 264 136 255 255 0
P 265 136 255 255 0
P 266 136 255 255 0
P 267 136 255 255 0
P 268 136 255 255 0
P 269 136 255 255 0
P 270 136 255 0 0
P 271 136 255 0 0
P 272 136 255 0 0
P 273 136 255 0 0
P 274 136 255 0 0
P 275 136 0 0 255
P 276 136 0 0 255
P 277 136 0 0 255
P 278 136 0 0 255
P 279 136 0 0 255
P 280 136 0 0 255
P 281 136 0 0 255
P 282 136 0 0 255
P 283 136 0 0 255
P 284 136 0 0 255
P 285 136 0 0 255
P 286 136 0 0 255
P 287 136 0 255 0
P 288 136 0 255 0
P 289 136 0 255 0
P 290 136 0 255 0
P 291 136 0 255 0
P 20 137 0 255 0
P 21 137 0 255 0
P 22 137 0 255 0
P 23 137 0 255 0
P 24 137 0 255 0
P 25 137 0 255 0
P 26 137 0 255 0
P 27 137 0 255 0
P 28 137 0 255 0
P 29 137 0 255 0
P 30 137 0 255 0
P 31 137 0 255 0
P 32 137 0 255 0
P 33 137 0 255 0
P 34 137 255 0 0
P 35 137 255 0 0
P 36 137 255 0 0
P 37 137 0 255 255
P 38 137 0 255 255
P 39 137 0 255 255
P 40 137 0 255 255
P 41 137 0 255 255
P 42 137 0 255 255
P 43 137 0 255 255
P 44 137 0 255 255
P 45 137 0 255 255
P 46 137 0 255 255
P 47 137 0 255 255
P 48 137 0 255 255
P 49 137 0 255 255
P 50 137 0 255 255
P 51 137 255 255 0
P 52 137 255 255 0
P 53 137 255 255 0
P 54 137 0 0 255
P 55 137 0 0 255
P 56 137 0 0 255
P 57 137 0 0 255
P 58 137 0 0 255
P 59 137 0 0 255
P 60 137 0 0 255
P 61 137 0 0 255
P 62 137 0 0 255
P 63 137 0 0 255
P 64 137 0 0 255
P 65 137 0 0 255
P 66 137 0 0 255
P 67 137 255 0 0
P 68 137 255 0 0
P 69 137 255 0 0
P 70 137 255 0 0
P 71 137 0 255 255
P 72 137 0 255 255
P 73 137 0 255 255
P 74 137 0 255 255
P 75 137 0 255 255
P 76 137 0 255 255
P 77 137 0 255 255
P 78 137 0 255 255
P 79 137 0 255 255
P 80 137 0 255 255
P 81 137 0 255 255
P 82 137 0 255 255
P 83 137 0 255 255
P 84 137 255 0 255
P 85 137 255 0 255
P 86 137 255 0 255
P 87 137 255 0 255
P 88 137 0 255 0
P 89 137 0 255 0
P 90 137 0 255 0
P 91 137 0 255 0
P 92 137 0 255 0
P 93 137 0 255 0
P 94 137 0 255 0
P 95 137 0 255 0
P 96 137 0 255 0
P 97 137 0 255 0
P 98 137 0 255 0
P 99 137 0 255 0
P 100 137 0 255 0
P 101 137 255 0 0
P 102 137 255 0 0
P 103 137 255 0 0
P 104 137 255 0 0
P 105 137 255 0 255
P 106 137 255 0 255
P 107 137 255 0 255
P 108 137 255 0 255
P 109 137 255 0 255
P 110 137 255 0 255
P 111 137 255 0 255
P 112 137 255 0 255
P 113 137 255 0 255
P 114 137 255 0 255
P 115 137 255 0 255
P 116 137 255 0 255
P 117 137 255 0 255
P 118 137 255 255 0
P 119 137 255 255 0
P 120 137 255 255 0
P 121 137 255 255 0
P 122 137 0 0 255
P 123 137 0 0 255
P 124 137 0 0 255
P 125 137 0 0 255
P 126 137 0 0 255
P 127 137 0 0 255
P 128 137 0 0 255
P 129 137 0 0 255
P 130 137 0 0 255
P 131 137 0 0 255
P 132 137 0 0 255
P 133 137 0 0 255
P 134 137 0 0 255
P 135 137 255 0 0
P 136 137 255 0 0
P 137 137 255 0 0
P 138 137 255 0 0
P 139 137 0 255 255
P 140 137 0 255 255
P 141 137 0 255 255
P 142 137 0 255 255
P 143 137 0 255 255
P 144 137 0 255 255
P 145 137 0 255 255
P 146 137 0 255 255
P 147 137 0 255 255
P 148 137 0 255 255
P 149 137 0 255 255
P 150 137 0 255 255
P 151 137 0 255 255
P 152 137 255 0 255
P 153 137 255 0 255
P 154 137 255 0 255
P 155 137 255 0 255
P 156 137 0 255 0
P 157 137 0 255 0
P 158 137 0 255 0
P 159 137 0 255 0
P 160 137 0 255 0
P 161 137 0 255 0
P 162 137 0 255 0
P 163 137 0 255 0
P 164 137 0 255 0
P 165 137 0 255 0
P 166 137 0 255 0
P 167 137 0 255 0
P 168 137 0 255 0
P 169 137 255 0 0
P 170 137 255 0 0
P 171 137 255 0 0
P 172 137 255 0 0
P 173 137 255 0 255
P 174 137 255 0 255
P 175 137 255 0 255
P 176 137 255 0 255
P 177 137 255 0 255
P 178 137 255 0 255
P 179 137 255 0 255
P 180 137 255 0 255
P 181 137 255 0 255
P 182 137 255 0 255
P 183 137 255 0 255
P 184 137 255 0 255
P 185 137 255 0 255
P 186 137 255 255 0
P 187 137 255 255 0
P 188 137 255 255 0
P 189 137 255 255 0
P 190 137 255 255 255
P 191 137 255 255 255
P 192 137 255 255 255
P 193 137 255 255 255
P 194 137 255 255 255
P 195 137 255 255 255
P 196 137 255 255 255
P 197 137 255 255 255
P 198 137 255 255 255
P 199 137 255 255 255
P 200 137 255 255 255
P 201 137 255 255 255
P 202 137 255 255 255
P 203 137 255 0 0
P 204 137 255 0 0
P 205 137 255 0 0
P 206 137 255 0 0
P 207 137 0 0 255
P 208 137 0 0 255
P 209 137 0 0 255
P 210 137 0 0 255
P 211 137 0 0 255
P 212 137 0 0 255
P 213 137 0 0 255
P 214 137 0 0 255
P 215 137 0 0 255
P 216 137 0 0 255
P 217 137 0 0 255
P 218 137 0 0 255
P 219 137 0 0 255
P 220 137 0 255 255
P 221 137 0 255 255
P 222 137 0 255 255
P 223 137 0 255 255
P 224 137 0 255 0
P 225 137 0 255 0
P 226 137 0 255 0
P 227 137 0 255 0
P 228 137 0 255 0
P 229 137 0 255 0
P 230 137 0 255 0
P 231 137 0 255 0
P 232 137 0 255 0
P 233 137 0 255 0
P 234 137 0 255 0
P 235 137 0 255 0
P 236 137 0 255 0
P 237 137 255 0 0
P 238 137 255 0 0
P 239 137 255 0 0
P 240 137 255 0 0
P 241 137 0 0 255
P 242 137 0 0 255
P 243 137 0 0 255
P 244 137 0 0 255
P 245 137 0 0 255
P 246 137 0 0 255
P 247 137 0 0 255
P 248 137 0 0 255
P 249 137 0 0 255
P 250 137 0 0 255
P 251 137 0 0 255
P 252 137 0 0 255
P 253 137 0 0 255
P 254 137 0 0 255
P 255 137 0 255 0
P 256 137 0 255 0
P 257 137 0 255 0
P 258 137 255 255 0
P 259 137 255 255 0
P 260 137 255 255 0
P 261 137 255 255 0
P 262 137 255 255 0
P 263 137 255 255 0
P 264 137 255 255 0
P 265 137 255 255 0
P 266 137 255 255 0
P 267 137 255 255 0
P 268 137 255 255 0
P 269 137 255 255 0
P 270 137 255 255 0
P 271 137 255 0 0
P 272 137 255 0 0
P 273 137 255 0 0
P 274 137 255 0 0
P 275 137 0 0 255
P 276 137 0 0 255
P 277 137 0 0 255
P 278 137 0 0 255
P 279 137 0 0 255
P 280 137 0 0 255
P 281 137 0 0 255
P 282 137 0 0 255
P 283 137 0 0 255
P 284 137 0 0 255
P 285 137 0 0 255
P 286 137 0 0 255
P 287 137 0 0 255
P 288 137 0 255 0
P 289 137 0 255 0
P 290 137 0 255 0
P 291 137 0 255 0
P 20 138 0 255 0
P 21 138 0 255 0
P 22 138 0 255 0
P 23 138 0 255 0
P 24 138 0 255 0
P 25 138 0 255 0
P 26 138 0 255 0
P 27 138 0 255 0
P 28 138 0 255 0
P 29 138 0 255 0
P 30 138 0 255 0
P 31 138 0 255 0
P 32 138 0 255 0
P 33 138 0 255 0
P 34 138 0 255 0
P 35 138 255 0 0
P 36 138 255 0 0
P 37 138 0 255 255
P 38 138 0 255 255
P 39 138 0 255 255
P 40 138 0 255 255
P 41 138 0 255 255
P 42 138 0 255 255
P 43 138 0 255 255
P 44 138 0 255 255
P 45 138 0 255 255
P 46 138 0 255 255
P 47 138 0 255 255
P 48 138 0 255 255
P 49 138 0 255 255
P 50 138 0 255 255
P 51 138 0 255 255
P 52 138 255 255 0
P 53 138 255 255 0
P 54 138 0 0 255
P 55 138 0 0 255
P 56 138 0 0 255
P 57 138 0 0 255
P 58 138 0 0 255
P 59 138 0 0 255
P 60 138 0 0 255
P 61 138 0 0 255
P 62 138 0 0 255
P 63 138 0 0 255
P 64 138 0 0 255
P 65 138 0 0 255
P 66 138 0 0 255
P 67 138 0 0 255
P 68 138 0 0 255
P 69 138 255 0 0
P 70 138 255 0 0
P 71 138 0 255 255
P 72 138 0 255 255
P 73 138 0 255 255
P 74 138 0 255 255
P 75 138 0 255 255
P 76 138 0 255 255
P 77 138 0 255 255
P 78 138 0 255 255
P 79 138 0 255 255
P 80 138 0 255 255
P 81 138 0 255 255
P 82 138 0 255 255
P 83 138 0 255 255
P 84 138 0 255 255
P 85 138 255 0 255
P 86 138 255 0 255
P 87 138 255 0 255
P 88 138 0 255 0
P 89 138 0 255 0
P 90 138 0 255 0
P 91 138 0 255 0
P 92 138 0 255 0
P 93 138 0 255 0
P 94 138 0 255 0
P 95 138 0 255 0
P 96 138 0 255 0
P 97 138 0 255 0
P 98 138 0 255 0
P 99 138 0 255 0
P 100 138 0 255 0
P 101 138 0 255 0
P 102 138 0 255 0
P 103 138 255 0 0
P 104 138 255 0 0
P 105 138 255 0 255
P 106 138 255 0 255
P 107 138 255 0 255
P 108 138 255 0 255
P 109 138 255 0 255
P 110 138 255 0 255
P 111 138 255 0 255
P 112 138 255 0 255
P 113 138 255 0 255
P 114 138 255 0 255
P 115 138 255 0 255
P 116 138 255 0 255
P 117 138 255 0 255
P 118 138 255 0 255
P 119 138 255 0 255
P 120 138 255 255 0
P 121 138 255 255 0
P 122 138 0 0 255
P 123 138 0 0 255
P 124 138 0 0 255
P 125 138 0 0 255
P 126 138 0 0 255
P 127 138 0 0 255
P 128 138 0 0 255
P 129 138 0 0 255
P 130 138 0 0 255
P 131 138 0 0 255
P 132 138 0 0 255
P 133 138 0 0 255
P 134 138 0 0 255
P 135 138 0 0 255
P 136 138 0 0 255
P 137 138 255 0 0
P 138 138 255 0 0
P 139 138 0 255 255
P 140 138 0 255 255
P 141 138 0 255 255
P 142 138 0 255 255
P 143 138 0 255 255
P 144 138 0 255 255
P 145 138 0 255 255
P 146 138 0 255 255
P 147 138 0 255 255
P 148 138 0 255 255
P 149 138 0 255 255
P 150 138 0 255 255
P 151 138 0 255 255
P 152 138 0 255 255
P 153 138 0 255 255
P 154 138 255 0 255
P 155 138 255 0 255
P 156 138 0 255 0
P 157 138 0 255 0
P 158 138 0 255 0
P 159 138 0 255 0
P 160 138 0 255 0
P 161 138 0 255 0
P 162 138 0 255 0
P 163 138 0 255 0
P 164 138 0 255 0
P 165 138 0 255 0
P 166 138 0 255 0
P 167 138 0 255 0
P 168 138 0 255 0
P 169 138 0 255 0
P 170 138 255 0 0
P 171 138 255 0 0
P 172 138 255 0 0
P 173 138 255 0 255
P 174 138 255 0 255
P 175 138 255 0 255
P 176 138 255 0 255
P 177 138 255 0 255
P 178 138 255 0 255
P 179 138 255 0 255
P 180 138 255 0 255
P 181 138 255 0 255
P 182 138 255 0 255
P 183 138 255 0 255
P 184 138 255 0 255
P 185 138 255 0 255
P 186 138 255 0 255
P 187 138 255 0 255
P 188 138 255 255 0
P 189 138 255 255 0
P 190 138 255 255 255
P 191 138 255 255 255
P 192 138 255 255 255
P 193 138 255 255 255
P 194 138 255 255 255
P 195 138 255 255 255
P 196 138 255 255 255
P 197 138 255 255 255
P 198 138 255 255 255
P 199 138 255 255 255
P 200 138 255 255 255
P 201 138 255 255 255
P 202 138 255 255 255
P 203 138 255 255 255
P 204 138 255 255 255
P 205 138 255 0 0
P 206 138 255 0 0
P 207 138 0 0 255
P 208 138 0 0 255
P 209 138 0 0 255
P 210 138 0 0 255
P 211 138 0 0 255
P 212 138 0 0 255
P 213 138 0 0 255
P 214 138 0 0 255
P 215 138 0 0 255
P 216 138 0 0 255
P 217 138 0 0 255
P 218 138 0 0 255
P 219 138 0 0 255
P 220 138 0 0 255
P 221 138 0 0 255
P 222 138 0 255 255
P 223 138 0 255 255
P 224 138 0 255 0
P 225 138 0 255 0
P 226 138 0 255 0
P 227 138 0 255 0
P 228 138 0 255 0
P 229 138 0 255 0
P 230 138 0 255 0
P 231 138 0 255 0
P 232 138 0 255 0
P 233 138 0 255 0
P 234 138 0 255 0
P 235 138 0 255 0
P 236 138 0 255 0
P 237 138 0 255 0
P 238 138 0 255 0
P 239 138 255 0 0
P 240 138 255 0 0
P 241 138 0 0 255
P 242 138 0 0 255
P 243 138 0 0 255
P 244 138 0 0 255
P 245 138 0 0 255
P 246 138 0 0 255
P 247 138 0 0 255
P 248 138 0 0 255
P 249 138 0 0 255
P 250 138 0 0 255
P 251 138 0 0 255
P 252 138 0 0 255
P 253 138 0 0 255
P 254 138 0 0 255
P 255 138 0 0 255
P 256 138 0 255 0
P 257 138 0 255 0
P 258 138 255 255 0
P 259 138 255 255 0
P 260 138 255 255 0
P 261 138 255 255 0
P 262 138 255 255 0
P 263 138 255 255 0
P 264 138 255 255 0
P 265 138 255 255 0
P 266 138 255 255 0
P 267 138 255 255 0
P 268 138 255 255 0
P 269 138 255 255 0
P 270 138 255 255 0
P 271 138 255 255 0
P 272 138 255 255 0
P 273 138 255 0 0
P 274 138 255 0 0
P 275 138 0 0 255
P 276 138 0 0 255
P 277 138 0 0 255
P 278 138 0 0 255
P 279 138 0 0 255
P 280 138 0 0 255
P 281 138 0 0 255
P 282 138 0 0 255
P 283 138 0 0 255
P 284 138 0 0 255
P 285 138 0 0 255
P 286 138 0 0 255
P 287 138 0 0 255
P 288 138 0 0 255
P 289 138 0 0 255
P 290 138 0 255 0
P 291 138 0 255 0
P 20 139 0 255 0
P 21 139 0 255 0
P 22 139 0 255 0
P 23 139 0 255 0
P 24 139 0 255 0
P 25 139 0 255 0
P 26 139 0 255 0
P 27 139 0 255 0
P 28 139 0 255 0
P 29 139 0 255 0
P 30 139 0 255 0
P 31 139 0 255 0
P 32 139 0 255 0
P 33 139 0 255 0
P 34 139 0 255 0
P 35 139 0 255 0
P 36 139 255 0 0
P 37 139 0 255 255
P 38 139 0 255 255
P 39 139 0 255 255
P 40 139 0 255 255
P 41 139 0 255 255
P 42 139 0 255 255
P 43 139 0 255 255
P 44 139 0 255 255
P 45 139 0 255 255
P 46 139 0 255 255
P 47 139 0 255 255
P 48 139 0 255 255
P 49 139 0 255 255
P 50 139 0 255 255
P 51 139 0 255 255
P 52 139 0 255 255
P 53 139 255 255 0
P 54 139 0 0 255
P 55 139 0 0 255
P 56 139 0 0 255
P 57 139 0 0 255
P 58 139 0 0 255
P 59 139 0 0 255
P 60 139 0 0 255
P 61 139 0 0 255
P 62 139 0 0 255
P 63 139 0 0 255
P 64 139 0 0 255
P 65 139 0 0 255
P 66 139 0 0 255
P 67 139 0 0 255
P 68 139 0 0 255
P 69 139 0 0 255
P 70 139 255 0 0
P 71 139 0 255 255
P 72 139 0 255 255
P 73 139 0 255 255
P 74 139 0 255 255
P 75 139 0 255 255
P 76 139 0 255 255
P 77 139 0 255 255
P 78 139 0 255 255
P 79 139 0 255 255
P 80 139 0 255 255
P 81 139 0 255 255
P 82 139 0 255 255
P 83 139 0 255 255
P 84 139 0 255 255
P 85 139 0 255 255
P 86 139 0 255 255
P 87 139 255 0 255
P 88 139 0 255 0
P 89 139 0 255 0
P 90 139 0 255 0
P 91 139 0 255 0
P 92 139 0 255 0
P 93 139 0 255 0
P 94 139 0 255 0
P 95 139 0 255 0
P 96 139 0 255 0
P 97 139 0 255 0
P 98 139 0 255 0
P 99 139 0 255 0
P 100 139 0 255 0
P 101 139 0 255 0
P 102 139 0 255 0
P 103 139 0 255 0
P 104 139 255 0 0
P 105 139 255 0 255
P 106 139 255 0 255
P 107 139 255 0 255
P 108 139 255 0 255
P 109 139 255 0 255
P 110 139 255 0 255
P 111 139 255 0 255
P 112 139 255 0 255
P 113 139 255 0 255
P 114 139 255 0 255
P 115 139 255 0 255
P 116 139 255 0 255
P 117 139 255 0 255
P 118 139 255 0 255
P 119 139 255 0 255
P 120 139 255 0 255
P 121 139 255 255 0
P 122 139 0 0 255
P 123 139 0 0 255
P 124 139 0 0 255
P 125 139 0 0 255
P 126 139 0 0 255
P 127 139 0 0 255
P 128 139 0 0 255
P 129 139 0 0 255
P 130 139 0 0 255
P 131 139 0 0 255
P 132 139 0 0 255
P 133 139 0 0 255
P 134 139 0 0 255
P 135 139 0 0 255
P 136 139 0 0 255
P 137 139 0 0 255
P 138 139 255 0 0
P 139 139 0 255 255
P 140 139 0 255 255
P 141 139 0 255 255
P 142 139 0 255 255
P 143 139 0 255 255
P 144 139 0 255 255
P 145 139 0 255 255
P 146 139 0 255 255
P 147 139 0 255 255
P 148 139 0 255 255
P 149 139 0 255 255
P 150 139 0 255 255
P 151 139 0 255 255
P 152 139 0 255 255
P 153 139 0 255 255
P 154 139 0 255 255
P 155 139 255 0 255
P 156 139 0 255 0
P 157 139 0 255 0
P 158 139 0 255 0
P 159 139 0 255 0
P 160 139 0 255 0
P 161 139 0 255 0
P 162 139 0 255 0
P 163 139 0 255 0
P 164 139 0 255 0
P 165 139 0 255 0
P 166 139 0 255 0
P 167 139 0 255 0
P 168 139 0 255 0
P 169 139 0 255 0
P 170 139 0 255 0
P 171 139 0 255 0
P 172 139 255 0 0
P 173 139 255 0 255
P 174 139 255 0 255
P 175 139 255 0 255
P 176 139 255 0 255
P 177 139 255 0 255
P 178 139 255 0 255
P 179 139 255 0 255
P 180 139 255 0 255
P 181 139 255 0 255
P 182 139 255 0 255
P 183 139 255 0 255
P 184 139 255 0 255
P 185 139 255 0 255
P 186 139 255 0 255
P 187 139 255 0 255
P 188 139 255 0 255
P 189 139 255 255 0
P 190 139 255 255 255
P 191 139 255 255 255
P 192 139 255 255 255
P 193 139 255 255 255
P 194 139 255 255 255
P 195 139 255 255 255
P 196 139 255 255 255
P 197 139 255 255 255
P 198 139 255 255 255
P 199 139 255 255 255
P 200 139 255 255 255
P 201 139 255 255 255
P 202 139 255 255 255
P 203 139 255 255 255
P 204 139 255 255 255
P 205 139 255 255 255
P 206 139 255 0 0
P 207 139 0 0 255
P 208 139 0 0 255
P 209 139 0 0 255
P 210 139 0 0 255
P 211 139 0 0 255
P 212 139 0 0 255
P 213 139 0 0 255
P 214 139 0 0 255
P 215 139 0 0 255
P 216 139 0 0 255
P 217 139 0 0 255
P 218 139 0 0 255
P 219 139 0 0 255
P 220 139 0 0 255
P 221 139 0 0 255
P 222 139 0 0 255
P 223 139 0 255 255
P 224 139 0 255 0
P 225 139 0 255 0
P 226 139 0 255 0
P 227 139 0 255 0
P 228 139 0 255 0
P 229 139 0 255 0
P 230 139 0 255 0
P 231 139 0 255 0
P 232 139 0 255 0
P 233 139 0 255 0
P 234 139 0 255 0
P 235 139 0 255 0
P 236 139 0 255 0
P 237 139 0 255 0
P 238 139 0 255 0
P 239 139 0 255 0
P 240 139 255 0 0
P 241 139 0 0 255
P 242 139 0 0 255
P 243 139 0 0 255
P 244 139 0 0 255
P 245 139 0 0 255
P 246 139 0 0 255
P 247 139 0 0 255
P 248 139 0 0 255
P 249 139 0 0 255
P 250 139 0 0 255
P 251 139 0 0 255
P 252 139 0 0 255
P 253 139 0 0 255
P 254 139 0 0 255
P 255 139 0 0 255
P 256 139 0 0 255
P 257 139 0 0 255
P 258 139 255 255 0
P 259 139 255 255 0
P 260 139 255 255 0
P 261 139 255 255 0
P 262 139 255 255 0
P 263 139 255 255 0
P 264 139 255 255 0
P 265 139 255 255 0
P 266 139 255 255 0
P 267 139 255 255 0
P 268 139 255 255 0
P 269 139 255 255 0
P 270 139 255 255 0
P 271 139 255 255 0
P 272 139 255 255 0
P 273 139 255 255 0
P 274 139 255 0 0
P 275 139 0 0 255
P 276 139 0 0 255
P 277 139 0 0 255
P 278 139 0 0 255
P 279 139 0 0 255
P 280 139 0 0 255
P 281 139 0 0 255
P 282 139 0 0 255
P 283 139 0 0 255
P 284 139 0 0 255
P 285 139 0 0 255
P 286 139 0 0 255
P 287 139 0 0 255
P 288 139 0 0 255
P 289 139 0 0 255
P 290 139 0 0 255
P 291 139 0 255 0
P 20 140 0 0 255
P 21 140 0 0 255
P 22 140 0 0 255
P 23 140 0 0 255
P 24 140 0 0 255
P 25 140 0 0 255
P 26 140 0 0 255
P 27 140 0 0 255
P 28 140 0 0 255
P 29 140 0 0 255
P 30 140 0 0 255
P 31 140 0 0 255
P 32 140 0 0 255
P 33 140 0 0 255
P 34 140 0 0 255
P 35 140 0 0 255
P 36 140 0 0 255
P 37 140 255 255 0
P 38 140 255 0 255
P 39 140 255 0 255
P 40 140 255 0 255
P 41 140 255 0 255
P 42 140 255 0 255
P 43 140 255 0 255
P 44 140 255 0 255
P 45 140 255 0 255
P 46 140 255 0 255
P 47 140 255 0 255
P 48 140 255 0 255
P 49 140 255 0 255
P 50 140 255 0 255
P 51 140 255 0 255
P 52 140 255 0 255
P 53 140 255 0 255
P 54 140 255 0 0
P 55 140 0 255 0
P 56 140 0 255 0
P 57 140 0 255 0
P 58 140 0 255 0
P 59 140 0 255 0
P 60 140 0 255 0
P 61 140 0 255 0
P 62 140 0 255 0
P 63 140 0 255 0
P 64 140 0 255 0
P 65 140 0 255 0
P 66 140 0 255 0
P 67 140 0 255 0
P 68 140 0 255 0
P 69 140 0 255 0
P 70 140 0 255 0
P 71 140 255 0 255
P 72 140 255 255 0
P 73 140 255 255 0
P 74 140 255 255 0
P 75 140 255 255 0
P 76 140 255 255 0
P 77 140 255 255 0
P 78 140 255 255 0
P 79 140 255 255 0
P 80 140 255 255 0
P 81 140 255 255 0
P 82 140 255 255 0
P 83 140 255 255 0
P 84 140 255 255 0
P 85 140 255 255 0
P 86 140 255 255 0
P 87 140 255 255 0
P 88 140 0 0 255
P 89 140 0 0 255
P 90 140 0 0 255
P 91 140 0 0 255
P 92 140 0 0 255
P 93 140 0 0 255
P 94 140 0 0 255
P 95 140 0 0 255
P 96 140 0 0 255
P 97 140 0 0 255
P 98 140 0 0 255
P 99 140 0 0 255
P 100 140 0 0 255
P 101 140 0 0 255
P 102 140 0 0 255
P 103 140 0 0 255
P 104 140 0 0 255
P 105 140 255 255 0
P 106 140 0 255 255
P 107 140 0 255 255
P 108 140 0 255 255
P 109 140 0 255 255
P 110 140 0 255 255
P 111 140 0 255 255
P 112 140 0 255 255
P 113 140 0 255 255
P 114 140 0 255 255
P 115 140 0 255 255
P 116 140 0 255 255
P 117 140 0 255 255
P 118 140 0 255 255
P 119 140 0 255 255
P 120 140 0 255 255
P 121 140 0 255 255
P 122 140 255 0 0
P 123 140 0 255 0
P 124 140 0 255 0
P 125 140 0 255 0
P 126 140 0 255 0
P 127 140 0 255 0
P 128 140 0 255 0
P 129 140 0 255 0
P 130 140 0 255 0
P 131 140 0 255 0
P 132 140 0 255 0
P 133 140 0 255 0
P 134 140 0 255 0
P 135 140 0 255 0
P 136 140 0 255 0
P 137 140 0 255 0
P 138 140 0 255 0
P 139 140 255 0 255
P 140 140 255 255 0
P 141 140 255 255 0
P 142 140 255 255 0
P 143 140 255 255 0
P 144 140 255 255 0
P 145 140 255 255 0
P 146 140 255 255 0
P 147 140 255 255 0
P 148 140 255 255 0
P 149 140 255 255 0
P 150 140 255 255 0
P 151 140 255 255 0
P 152 140 255 255 0
P 153 140 255 255 0
P 154 140 255 255 0
P 155 140 255 255 0
P 156 140 255 0 0
P 157 140 0 0 255
P 158 140 0 0 255
P 159 140 0 0 255
P 160 140 0 0 255
P 161 140 0 0 255
P 162 140 0 0 255
P 163 140 0 0 255
P 164 140 0 0 255
P 165 140 0 0 255
P 166 140 0 0 255
P 167 140 0 0 255
P 168 140 0 0 255
P 169 140 0 0 255
P 170 140 0 0 255
P 171 140 0 0 255
P 172 140 0 0 255
P 173 140 0 255 255
P 174 140 0 255 255
P 175 140 0 255 255
P 176 140 0 255 255
P 177 140 0 255 255
P 178 140 0 255 255
P 179 140 0 255 255
P 180 140 0 255 255
P 181 140 0 255 255
P 182 140 0 255 255
P 183 140 0 255 255
P 184 140 0 255 255
P 185 140 0 255 255
P 186 140 0 255 255
P 187 140 0 255 255
P 188 140 0 255 255
P 189 140 0 255 255
P 190 140 255 0 0
P 191 140 0 255 0
P 192 140 0 255 0
P 193 140 0 255 0
P 194 140 0 255 0
P 195 140 0 255 0
P 196 140 0 255 0
P 197 140 0 255 0
P 198 140 0 255 0
P 199 140 0 255 0
P 200 140 0 255 0
P 201 140 0 255 0
P 202 140 0 255 0
P 203 140 0 255 0
P 204 140 0 255 0
P 205 140 0 255 0
P 206 140 0 255 0
P 207 140 255 0 255
P 208 140 255 255 0
P 209 140 255 255 0
P 210 140 255 255 0
P 211 140 255 255 0
P 212 140 255 255 0
P 213 140 255 255 0
P 214 140 255 255 0
P 215 140 255 255 0
P 216 140 255 255 0
P 217 140 255 255 0
P 218 140 255 255 0
P 219 140 255 255 0
P 220 140 255 255 0
P 221 140 255 255 0
P 222 140 255 255 0
P 223 140 255 255 0
P 224 140 255 0 0
P 225 140 255 0 255
P 226 140 255 0 255
P 227 140 255 0 255
P 228 140 255 0 255
P 229 140 255 0 255
P 230 140 255 0 255
P 231 140 255 0 255
P 232 140 255 0 255
P 233 140 255 0 255
P 234 140 255 0 255
P 235 140 255 0 255
P 236 140 255 0 255
P 237 140 255 0 255
P 238 140 255 0 255
P 239 140 255 0 255
P 240 140 255 0 255
P 241 140 255 255 0
P 242 140 0 255 255
P 243 140 0 255 255
P 244 140 0 255 255
P 245 140 0 255 255
P 246 140 0 255 255
P 247 140 0 255 255
P 248 140 0 255 255
P 249 140 0 255 255
P 250 140 0 255 255
P 251 140 0 255 255
P 252 140 0 255 255
P 253 140 0 255 255
P 254 140 0 255 255
P 255 140 0 255 255
P 256 140 0 255 255
P 257 140 0 255 255
P 258 140 255 0 0
P 259 140 255 0 255
P 260 140 255 0 255
P 261 140 255 0 255
P 262 140 255 0 255
P 263 140 255 0 255
P 264 140 255 0 255
P 265 140 255 0 255
P 266 140 255 0 255
P 267 140 255 0 255
P 268 140 255 0 255
P 269 140 255 0 255
P 270 140 255 0 255
P 271 140 255 0 255
P 272 140 255 0 255
P 273 140 255 0 255
P 274 140 255 0 255
P 275 140 0 255 0
P 276 140 0 255 255
P 277 140 0 255 255
P 278 140 0 255 255
P 279 140 0 255 255
P 280 140 0 255 255
P 281 140 0 255 255
P 282 140 0 255 255
P 283 140 0 255 255
P 284 140 0 255 255
P 285 140 0 255 255
P 286 140 0 255 255
P 287 140 0 255 255
P 288 140 0 255 255
P 289 140 0 255 255
P 290 140 0 255 255
P 291 140 0 255 255
P 20 141 255 0 0
P 21 141 255 0 0
P 22 141 0 0 255
P 23 141 0 0 255
P 24 141 0 0 255
P 25 141 0 0 255
P 26 141 0 0 255
P 27 141 0 0 255
P 28 141 0 0 255
P 29 141 0 0 255
P 30 141 0 0 255
P 31 141 0 0 255
P 32 141 0 0 255
P 33 141 0 0 255
P 34 141 0 0 255
P 35 141 0 0 255
P 36 141 0 0 255
P 37 141 255 255 0
P 38 141 255 255 0
P 39 141 255 0 255
P 40 141 255 0 255
P 41 141 255 0 255
P 42 141 255 0 255
P 43 141 255 0 255
P 44 141 255 0 255
P 45 141 255 0 255
P 46 141 255 0 255
P 47 141 255 0 255
P 48 141 255 0 255
P 49 141 255 0 255
P 50 141 255 0 255
P 51 141 255 0 255
P 52 141 255 0 255
P 53 141 255 0 255
P 54 141 255 0 0
P 55 141 255 0 0
P 56 141 0 255 0
P 57 141 0 255 0
P 58 141 0 255 0
P 59 141 0 255 0
P 60 141 0 255 0
P 61 141 0 255 0
P 62 141 0 255 0
P 63 141 0 255 0
P 64 141 0 255 0
P 65 141 0 255 0
P 66 141 0 255 0
P 67 141 0 255 0
P 68 141 0 255 0
P 69 141 0 255 0
P 70 141 0 255 0
P 71 141 255 0 255
P 72 141 255 0 255
P 73 141 255 255 0
P 74 141 255 255 0
P 75 141 255 255 0
P 76 141 255 255 0
P 77 141 255 255 0
P 78 141 255 255 0
P 79 141 255 255 0
P 80 141 255 255 0
P 81 141 255 255 0
P 82 141 255 255 0
P 83 141 255 255 0
P 84 141 255 255 0
P 85 141 255 255 0
P 86 141 255 255 0
P 87 141 255 255 0
P 88 141 255 0 0
P 89 141 255 0 0
P 90 141 0 0 255
P 91 141 0 0 255
P 92 141 0 0 255
P 93 141 0 0 255
P 94 141 0 0 255
P 95 141 0 0 255
P 96 141 0 0 255
P 97 141 0 0 255
P 98 141 0 0 255
P 99 141 0 0 255
P 100 141 0 0 255
P 101 141 0 0 255
P 102 141 0 0 255
P 103 141 0 0 255
P 104 141 0 0 255
P 105 141 255 255 0
P 106 141 255 255 0
P 107 141 0 255 255
P 108 141 0 255 255
P 109 141 0 255 255
P 110 141 0 255 255
P 111 141 0 255 255
P 112 141 0 255 255
P 113 141 0 255 255
P 114 141 0 255 255
P 115 141 0 255 255
P 116 141 0 255 255
P 117 141 0 255 255
P 118 141 0 255 255
P 119 141 0 255 255
P 120 141 0 255 255
P 121 141 0 255 255
P 122 141 255 0 0
P 123 141 255 0 0
P 124 141 0 255 0
P 125 141 0 255 0
P 126 141 0 255 0
P 127 141 0 255 0
P 128 141 0 255 0
P 129 141 0 255 0
P 130 141 0 255 0
P 131 141 0 255 0
P 132 141 0 255 0
P 133 141 0 255 0
P 134 141 0 255 0
P 135 141 0 255 0
P 136 141 0 255 0
P 137 141 0 255 0
P 138 141 0 255 0
P 139 141 255 0 255
P 140 141 255 0 255
P 141 141 255 255 0
P 142 141 255 255 0
P 143 141 255 255 0
P 144 141 255 255 0
P 145 141 255 255 0
P 146 141 255 255 0
P 147 141 255 255 0
P 148 141 255 255 0
P 149 141 255 255 0
P 150 141 255 255 0
P 151 141 255 255 0
P 152 141 255 255 0
P 153 141 255 255 0
P 154 141 255 255 0
P 155 141 255 255 0
P 156 141 255 0 0
P 157 141 255 0 0
P 158 141 0 0 255
P 159 141 0 0 255
P 160 141 0 0 255
P 161 141 0 0 255
P 162 141 0 0 255
P 163 141 0 0 255
P 164 141 0 0 255
P 165 141 0 0 255
P 166 141 0 0 255
P 167 141 0 0 255
P 168 141 0 0 255
P 169 141 0 0 255
P 170 141 0 0 255
P 171 141 0 0 255
P 172 141 0 0 255
P 173 141 255 255 0
P 174 141 255 255 0
P 175 141 0 255 255
P 176 141 0 255 255
P 177 141 0 255 255
P 178 141 0 255 255
P 179 141 0 255 255
P 180 141 0 255 255
P 181 141 0 255 255
P 182 141 0 255 255
P 183 141 0 255 255
P 184 141 0 255 255
P 185 141 0 255 255
P 186 141 0 255 255
P 187 141 0 255 255
P 188 141 0 255 255
P 189 141 0 255 255
P 190 141 255 0 0
P 191 141 255 0 0
P 192 141 0 255 0
P 193 141 0 255 0
P 194 141 0 255 0
P 195 141 0 255 0
P 196 141 0 255 0
P 197 141 0 255 0
P 198 141 0 255 0
P 199 141 0 255 0
P 200 141 0 255 0
P 201 141 0 255 0
P 202 141 0 255 0
P 203 141 0 255 0
P 204 141 0 255 0
P 205 141 0 255 0
P 206 141 0 255 0
P 207 141 255 0 255
P 208 141 255 0 255
P 209 141 255 255 0
P 210 141 255 255 0
P 211 141 255 255 0
P 212 141 255 255 0
P 213 141 255 255 0
P 214 141 255 255 0
P 215 141 255 255 0
P 216 141 255 255 0
P 217 141 255 255 0
P 218 141 255 255 0
P 219 141 255 255 0
P 220 141 255 255 0
P 221 141 255 255 0
P 222 141 255 255 0
P 223 141 255 255 0
P 224 141 255 0 0
P 225 141 255 0 0
P 226 141 255 0 255
P 227 141 255 0 255
P 228 141 255 0 255
P 229 141 255 0 255
P 230 141 255 0 255
P 231 141 255 0 255
P 232 141 255 0 255
P 233 141 255 0 255
P 234 141 255 0 255
P 235 141 255 0 255
P 236 141 255 0 255
P 237 141 255 0 255
P 238 141 255 0 255
P 239 141 255 0 255
P 240 141 255 0 255
P 241 141 255 255 0
P 242 141 255 255 0
P 243 141 0 255 255
P 244 141 0 255 255
P 245 141 0 255 255
P 246 141 0 255 255
P 247 141 0 255 255
P 248 141 0 255 255
P 249 141 0 255 255
P 250 141 0 255 255
P 251 141 0 255 255
P 252 141 0 255 255
P 253 141 0 255 255
P 254 141 0 255 255
P 255 141 0 255 255
P 256 141 0 255 255
P 257 141 0 255 255
P 258 141 255 0 0
P 259 141 255 0 0
P 260 141 255 0 255
P 261 141 255 0 255
P 262 141 255 0 255
P 263 141 255 0 255
P 264 141 255 0 255
P 265 141 255 0 255
P 266 141 255 0 255
P 267 141 255 0 255
P 268 141 255 0 255
P 269 141 255 0 255
P 270 141 255 0 255
P 271 141 255 0 255
P 272 141 255 0 255
P 273 141 255 0 255
P 274 141 255 0 255
P 275 141 0 255 0
P 276 141 0 255 0
P 277 141 0 255 255
P 278 141 0 255 255
P 279 141 0 255 255
P 280 141 0 255 255
P 281 141 0 255 255
P 282 141 0 255 255
P 283 141 0 255 255
P 284 141 0 255 255
P 285 141 0 255 255
P 286 141 0 255 255
P 287 141 0 255 255
P 288 141 0 255 255
P 289 141 0 255 255
P 290 141 0 255 255
P 291 141 0 255 255
P 20 142 255 0 0
P 21 142 255 0 0
P 22 142 255 0 0
P 23 142 0 0 255
P 24 142 0 0 255
P 25 142 0 0 255
P 26 142 0 0 255
P 27 142 0 0 255
P 28 142 0 0 255
P 29 142 0 0 255
P 30 142 0 0 255
P 31 142 0 0 255
P 32 142 0 0 255
P 33 142 0 0 255
P 34 142 0 0 255
P 35 142 0 0 255
P 36 142 0 0 255
P 37 142 255 255 0
P 38 142 255 255 0
P 39 142 255 255 0
P 40 142 255 255 0
P 41 142 255 0 255
P 42 142 255 0 255
P 43 142 255 0 255
P 44 142 255 0 255
P 45 142 255 0 255
P 46 142 255 0 255
P 47 142 255 0 255
P 48 142 255 0 255
P 49 142 255 0 255
P 50 142 255 0 255
P 51 142 255 0 255
P 52 142 255 0 255
P 53 142 255 0 255
P 54 142 255 0 0
P 55 142 255 0 0
P 56 142 255 0 0
P 57 142 255 0 0
P 58 142 0 255 0
P 59 142 0 255 0
P 60 142 0 255 0
P 61 142 0 255 0
P 62 142 0 255 0
P 63 142 0 255 0
P 64 142 0 255 0
P 65 142 0 255 0
P 66 142 0 255 0
P 67 142 0 255 0
P 68 142 0 255 0
P 69 142 0 255 0
P 70 142 0 255 0
P 71 142 255 0 255
P 72 142 255 0 255
P 73 142 255 0 255
P 74 142 255 0 255
P 75 142 255 255 0
P 76 142 255 255 0
P 77 142 255 255 0
P 78 142 255 255 0
P 79 142 255 255 0
P 80 142 255 255 0
P 81 142 255 255 0
P 82 142 255 255 0
P 83 142 255 255 0
P 84 142 255 255 0
P 85 142 255 255 0
P 86 142 255 255 0
P 87 142 255 255 0
P 88 142 255 0 0
P 89 142 255 0 0
P 90 142 255 0 0
P 91 142 0 0 255
P 92 142 0 0 255
P 93 142 0 0 255
P 94 142 0 0 255
P 95 142 0 0 255
P 96 142 0 0 255
P 97 142 0 0 255
P 98 142 0 0 255
P 99 142 0 0 255
P 100 142 0 0 255
P 101 142 0 0 255
P 102 142 0 0 255
P 103 142 0 0 255
P 104 142 0 0 255
P 105 142 255 255 0
P 106 142 255 255 0
P 107 142 255 255 0
P 108 142 255 255 0
P 109 142 0 255 255
P 110 142 0 255 255
P 111 142 0 255 255
P 112 142 0 255 255
P 113 142 0 255 255
P 114 142 0 255 255
P 115 142 0 255 255
P 116 142 0 255 255
P 117 142 0 255 255
P 118 142 0 255 255
P 119 142 0 255 255
P 120 142 0 255 255
P 121 142 0 255 255
P 122 142 255 0 0
P 123 142 255 0 0
P 124 142 255 0 0
P 125 142 0 255 0
P 126 142 0 255 0
P 127 142 0 255 0
P 128 142 0 255 0
P 129 142 0 255 0
P 130 142 0 255 0
P 131 142 0 255 0
P 132 142 0 255 0
P 133 142 0 255 0
P 134 142 0 255 0
P 135 142 0 255 0
P 136 142 0 255 0
P 137 142 0 255 0
P 138 142 0 255 0
P 139 142 255 0 255
P 140 142 255 0 255
P 141 142 255 0 255
P 142 142 255 0 255
P 143 142 255 255 0
P 144 142 255 255 0
P 145 142 255 255 0
P 146 142 255 255 0
P 147 142 255 255 0
P 148 142 255 255 0
P 149 142 255 255 0
P 150 142 255 255 0
P 151 142 255 255 0
P 152 142 255 255 0
P 153 142 255 255 0
P 154 142 255 255 0
P 155 142 255 255 0
P 156 142 255 0 0
P 157 142 255 0 0
P 158 142 255 0 0
P 159 142 0 0 255
P 160 142 0 0 255
P 161 142 0 0 255
P 162 142 0 0 255
P 163 142 0 0 255
P 164 142 0 0 255
P 165 142 0 0 255
P 166 142 0 0 255
P 167 142 0 0 255
P 168 142 0 0 255
P 169 142 0 0 255
P 170 142 0 0 255
P 171 142 0 0 255
P 172 142 0 0 255
P 173 142 255 255 0
P 174 142 255 255 0
P 175 142 255 255 0
P 176 142 0 255 255
P 177 142 0 255 255
P 178 142 0 255 255
P 179 142 0 255 255
P 180 142 0 255 255
P 181 142 0 255 255
P 182 142 0 255 255
P 183 142 0 255 255
P 184 142 0 255 255
P 185 142 0 255 255
P 186 142 0 255 255
P 187 142 0 255 255
P 188 142 0 255 255
P 189 142 0 255 255
P 190 142 255 0 0
P 191 142 255 0 0
P 192 142 255 0 0
P 193 142 0 255 0
P 194 142 0 255 0
P 195 142 0 255 0
P 196 142 0 255 0
P 197 142 0 255 0
P 198 142 0 255 0
P 199 142 0 255 0
P 200 142 0 255 0
P 201 142 0 255 0
P 202 142 0 255 0
P 203 142 0 255 0
P 204 142 0 255 0
P 205 142 0 255 0
P 206 142 0 255 0
P 207 142 255 0 255
P 208 142 255 0 255
P 209 142 255 0 255
P 210 142 255 0 255
P 211 142 255 255 0
P 212 142 255 255 0
P 213 142 255 255 0
P 214 142 255 255 0
P 215 142 255 255 0
P 216 142 255 255 0
P 217 142 255 255 0
P 218 142 255 255 0
P 219 142 255 255 0
P 220 142 255 255 0
P 221 142 255 255 0
P 222 142 255 255 0
P 223 142 255 255 0
P 224 142 255 0 0
P 225 142 255 0 0
P 226 142 255 0 0
P 227 142 255 0 255
P 228 142 255 0 255
P 229 142 255 0 255
P 230 142 255 0 255
P 231 142 255 0 255
P 232 142 255 0 255
P 233 142 255 0 255
P 234 142 255 0 255
P 235 142 255 0 255
P 236 142 255 0 255
P 237 142 255 0 255
P 238 142 255 0 255
P 239 142 255 0 255
P 240 142 255 0 255
P 241 142 255 255 0
P 242 142 255 255 0
P 243 142 255 255 0
P 244 142 0 255 255
P 245 142 0 255 255
P 246 142 0 255 255
P 247 142 0 255 255
P 248 142 0 255 255
P 249 142 0 255 255
P 250 142 0 255 255
P 251 142 0 255 255
P 252 142 0 255 255
P 253 142 0 255 255
P 254 142 0 255 255
P 255 142 0 255 255
P 256 142 0 255 255
P 257 142 0 255 255
P 258 142 255 0 0
P 259 142 255 0 0
P 260 142 255 0 0
P 261 142 255 0 0
P 262 142 255 0 255
P 263 142 255 0 255
P 264 142 255 0 255
P 265 142 255 0 255
P 266 142 255 0 255
P 267 142 255 0 255
P 268 142 255 0 255
P 269 142 255 0 255
P 270 142 255 0 255
P 271 142 255 0 255
P 272 142 255 0 255
P 273 142 255 0 255
P 274 142 255 0 255
P 275 142 0 255 0
P 276 142 0 255 0
P 277 142 0 255 0
P 278 142 0 255 255
P 279 142 0 255 255
P 280 142 0 255 255
P 281 142 0 255 255
P 282 142 0 255 255
P 283 142 0 255 255
P 284 142 0 255 255
P 285 142 0 255 255
P 286 142 0 255 255
P 287 142 0 255 255
P 288 142 0 255 255
P 289 142 0 255 255
P 290 142 0 255 255
P 291 142 0 255 255
P 20 143 255 0 0
P 21 143 255 0 0
P 22 143 255 0 0
P 23 143 255 0 0
P 24 143 255 0 0
P 25 143 0 0 255
P 26 143 0 0 255
P 27 143 0 0 255
P 28 143 0 0 255
P 29 143 0 0 255
P 30 143 0 0 255
P 31 143 0 0 255
P 32 143 0 0 255
P 33 143 0 0 255
P 34 143 0 0 255
P 35 143 0 0 255
P 36 143 0 0 255
P 37 143 255 255 0
P 38 143 255 255 0
P 39 143 255 255 0
P 40 143 255 255 0
P 41 143 255 255 0
P 42 143 255 0 255
P 43 143 255 0 255
P 44 143 255 0 255
P 45 143 255 0 255
P 46 143 255 0 255
P 47 143 255 0 255
P 48 143 255 0 255
P 49 143 255 0 255
P 50 143 255 0 255
P 51 143 255 0 255
P 52 143 255 0 255
P 53 143 255 0 255
P 54 143 255 0 0
P 55 143 255 0 0
P 56 143 255 0 0
P 57 143 255 0 0
P 58 143 255 0 0
P 59 143 0 255 0
P 60 143 0 255 0
P 61 143 0 255 0
P 62 143 0 255 0
P 63 143 0 255 0
P 64 143 0 255 0
P 65 143 0 255 0
P 66 143 0 255 0
P 67 143 0 255 0
P 68 143 0 255 0
P 69 143 0 255 0
P 70 143 0 255 0
P 71 143 255 0 255
P 72 143 255 0 255
P 73 143 255 0 255
P 74 143 255 0 255
P 75 143 255 0 255
P 76 143 255 255 0
P 77 143 255 255 0
P 78 143 255 255 0
P 79 143 255 255 0
P 80 143 255 255 0
P 81 143 255 255 0
P 82 143 255 255 0
P 83 143 255 255 0
P 84 143 255 255 0
P 85 143 255 255 0
P 86 143 255 255 0
P 87 143 255 255 0
P 88 143 255 0 0
P 89 143 255 0 0
P 90 143 255 0 0
P 91 143 255 0 0
P 92 143 255 0 0
P 93 143 0 0 255
P 94 143 0 0 255
P 95 143 0 0 255
P 96 143 0 0 255
P 97 143 0 0 255
P 98 143 0 0 255
P 99 143 0 0 255
P 100 143 0 0 255
P 101 143 0 0 255
P 102 143 0 0 255
P 103 143 0 0 255
P 104 143 0 0 255
P 105 143 255 255 0
P 106 143 255 255 0
P 107 143 255 255 0
P 108 143 255 255 0
P 109 143 255 255 0
P 110 143 0 255 255
P 111 143 0 255 255
P 112 143 0 255 255
P 113 143 0 255 255
P 114 143 0 255 255
P 115 143 0 255 255
P 116 143 0 255 255
P 117 143 0 255 255
P 118 143 0 255 255
P 119 143 0 255 255
P 120 143 0 255 255
P 121 143 0 255 255
P 122 143 255 0 0
P 123 143 255 0 0
P 124 143 255 0 0
P 125 143 255 0 0
P 126 143 255 0 0
P 127 143 0 255 0
P 128 143 0 255 0
P 129 143 0 255 0
P 130 143 0 255 0
P 131 143 0 255 0
P 132 143 0 255 0
P 133 143 0 255 0
P 134 143 0 255 0
P 135 143 0 255 0
P 136 143 0 255 0
P 137 143 0 255 0
P 138 143 0 255 0
P 139 143 255 0 255
P 140 143 255 0 255
P 141 143 255 0 255
P 142 143 255 0 255
P 143 143 255 0 255
P 144 143 255 255 0
P 145 143 255 255 0
P 146 143 255 255 0
P 147 143 255 255 0
P 148 143 255 255 0
P 149 143 255 255 0
P 150 143 255 255 0
P 151 143 255 255 0
P 152 143 255 255 0
P 153 143 255 255 0
P 154 143 255 255 0
P 155 143 255 255 0
P 156 143 255 0 0
P 157 143 255 0 0
P 158 143 255 0 0
P 159 143 255 0 0
P 160 143 255 0 0
P 161 143 0 0 255
P 162 143 0 0 255
P 163 143 0 0 255
P 164 143 0 0 255
P 165 143 0 0 255
P 166 143 0 0 255
P 167 143 0 0 255
P 168 143 0 0 255
P 169 143 0 0 255
P 170 143 0 0 255
P 171 143 0 0 255
P 172 143 0 0 255
P 173 143 255 255 0
P 174 143 255 255 0
P 175 143 255 255 0
P 176 143 255 255 0
P 177 143 255 255 0
P 178 143 0 255 255
P 179 143 0 255 255
P 180 143 0 255 255
P 181 143 0 255 255
P 182 143 0 255 255
P 183 143 0 255 255
P 184 143 0 255 255
P 185 143 0 255 255
P 186 143 0 255 255
P 187 143 0 255 255
P 188 143 0 255 255
P 189 143 0 255 255
P 190 143 255 0 0
P 191 143 255 0 0
P 192 143 255 0 0
P 193 143 255 0 0
P 194 143 255 0 0
P 195 143 0 255 0
P 196 143 0 255 0
P 197 143 0 255 0
P 198 143 0 255 0
P 199 143 0 255 0
P 200 143 0 255 0
P 201 143 0 255 0
P 202 143 0 255 0
P 203 143 0 255 0
P 204 143 0 255 0
P 205 143 0 255 0
P 206 143 0 255 0
P 207 143 255 0 255
P 208 143 255 0 255
P 209 143 255 0 255
P 210 143 255 0 255
P 211 143 255 0 255
P 212 143 255 255 0
P 213 143 255 255 0
P 214 143 255 255 0
P 215 143 255 255 0
P 216 143 255 255 0
P 217 143 255 255 0
P 218 143 255 255 0
P 219 143 255 255 0
P 220 143 255 255 0
P 221 143 255 255 0
P 222 143 255 255 0
P 223 143 255 255 0
P 224 143 255 0 0
P 225 143 255 0 0
P 226 143 255 0 0
P 227 143 255 0 0
P 228 143 255 0 0
P 229 143 255 0 255
P 230 143 255 0 255
P 231 143 255 0 255
P 232 143 255 0 255
P 233 143 255 0 255
P 234 143 255 0 255
P 235 143 255 0 255
P 236 143 255 0 255
P 237 143 255 0 255
P 238 143 255 0 255
P 239 143 255 0 255
P 240 143 255 0 255
P 241 143 255 255 0
P 242 143 255 255 0
P 243 143 255 255 0
P 244 143 255 255 0
P 245 143 255 255 0
P 246 143 0 255 255
P 247 143 0 255 255
P 248 143 0 255 255
P 249 143 0 255 255
P 250 143 0 255 255
P 251 143 0 255 255
P 252 143 0 255 255
P 253 143 0 255 255
P 254 143 0 255 255
P 255 143 0 255 255
P 256 143 0 255 255
P 257 143 0 255 255
P 258 143 255 0 0
P 259 143 255 0 0
P 260 143 255 0 0
P 261 143 255 0 0
P 262 143 255 0 0
P 263 143 255 0 255
P 264 143 255 0 255
P 265 143 255 0 255
P 266 143 255 0 255
P 267 143 255 0 255
P 268 143 255 0 255
P 269 143 255 0 255
P 270 143 255 0 255
P 271 143 255 0 255
P 272 143 255 0 255
P 273 143 255 0 255
P 274 143 255 0 255
P 275 143 0 255 0
P 276 143 0 255 0
P 277 143 0 255 0
P 278 143 0 255 0
P 279 143 0 255 0
P 280 143 0 255 255
P 281 143 0 255 255
P 282 143 0 255 255
P 283 143 0 255 255
P 284 143 0 255 255
P 285 143 0 255 255
P 286 143 0 255 255
P 287 143 0 255 255
P 288 143 0 255 255
P 289 143 0 255 255
P 290 143 0 255 255
P 291 143 0 255 255
P 20 144 255 0 0
P 21 144 255 0 0
P 22 144 255 0 0
P 23 144 255 0 0
P 24 144 255 0 0
P 25 144 255 0 0
P 26 144 0 0 255
P 27 144 0 0 255
P 28 144 0 0 255
P 29 144 0 0 255
P 30 144 0 0 255
P 31 144 0 0 255
P 32 144 0 0 255
P 33 144 0 0 255
P 34 144 0 0 255
P 35 144 0 0 255
P 36 144 0 0 255
P 37 144 255 255 0
P 38 144 255 255 0
P 39 144 255 255 0
P 40 144 255 255 0
P 41 144 255 255 0
P 42 144 255 255 0
P 43 144 255 0 255
P 44 144 255 0 255
P 45 144 255 0 255
P 46 144 255 0 255
P 47 144 255 0 255
P 48 144 255 0 255
P 49 144 255 0 255
P 50 144 255 0 255
P 51 144 255 0 255
P 52 144 255 0 255
P 53 144 255 0 255
P 54 144 255 0 0
P 55 144 255 0 0
P 56 144 255 0 0
P 57 144 255 0 0
P 58 144 255 0 0
P 59 144 255 0 0
P 60 144 0 255 0
P 61 144 0 255 0
P 62 144 0 255 0
P 63 144 0 255 0
P 64 144 0 255 0
P 65 144 0 255 0
P 66 144 0 255 0
P 67 144 0 255 0
P 68 144 0 255 0
P 69 144 0 255 0
P 70 144 0 255 0
P 71 144 255 0 255
P 72 144 255 0 255
P 73 144 255 0 255
P 74 144 255 0 255
P 75 144 255 0 255
P 76 144 255 0 255
P 77 144 255 255 0
P 78 144 255 255 0
P 79 144 255 255 0
P 80 144 255 255 0
P 81 144 255 255 0
P 82 144 255 255 0
P 83 144 255 255 0
P 84 144 255 255 0
P 85 144 255 255 0
P 86 144 255 255 0
P 87 144 255 255 0
P 88 144 255 0 0
P 89 144 255 0 0
P 90 144 255 0 0
P 91 144 255 0 0
P 92 144 255 0 0
P 93 144 255 0 0
P 94 144 0 0 255
P 95 144 0 0 255
P 96 144 0 0 255
P 97 144 0 0 255
P 98 144 0 0 255
P 99 144 0 0 255
P 100 144 0 0 255
P 101 144 0 0 255
P 102 144 0 0 255
P 103 144 0 0 255
P 104 144 0 0 255
P 105 144 255 255 0
P 106 144 255 255 0
P 107 144 255 255 0
P 108 144 255 255 0
P 109 144 255 255 0
P 110 144 255 255 0
P 111 144 0 255 255
P 112 144 0 255 255
P 113 144 0 255 255
P 114 144 0 255 255
P 115 144 0 255 255
P 116 144 0 255 255
P 117 144 0 255 255
P 118 144 0 255 255
P 119 144 0 255 255
P 120 144 0 255 255
P 121 144 0 255 255
P 122 144 255 0 0
P 123 144 255 0 0
P 124 144 255 0 0
P 125 144 255 0 0
P 126 144 255 0 0
P 127 144 255 0 0
P 128 144 0 255 0
P 129 144 0 255 0
P 130 144 0 255 0
P 131 144 0 255 0
P 132 144 0 255 0
P 133 144 0 255 0
P 134 144 0 255 0
P 135 144 0 255 0
P 136 144 0 255 0
P 137 144 0 255 0
P 138 144 0 255 0
P 139 144 255 0 255
P 140 144 255 0 255
P 141 144 255 0 255
P 142 144 255 0 255
P 143 144 255 0 255
P 144 144 255 0 255
P 145 144 255 255 0
P 146 144 255 255 0
P 147 144 255 255 0
P 148 144 255 255 0
P 149 144 255 255 0
P 150 144 255 255 0
P 151 144 255 255 0
P 152 144 255 255 0
P 153 144 255 255 0
P 154 144 255 255 0
P 155 144 255 255 0
P 156 144 255 0 0
P 157 144 255 0 0
P 158 144 255 0 0
P 159 144 255 0 0
P 160 144 255 0 0
P 161 144 255 0 0
P 162 144 0 0 255
P 163 144 0 0 255
P 164 144 0 0 255
P 165 144 0 0 255
P 166 144 0 0 255
P 167 144 0 0 255
P 168 144 0 0 255
P 169 144 0 0 255
P 170 144 0 0 255
P 171 144 0 0 255
P 172 144 0 0 255
P 173 144 255 255 0
P 174 144 255 255 0
P 175 144 255 255 0
P 176 144 255 255 0
P 177 144 255 255 0
P 178 144 255 255 0
P 179 144 0 255 255
P 180 144 0 255 255
P 181 144 0 255 255
P 182 144 0 255 255
P 183 144 0 255 255
P 184 144 0 255 255
P 185 144 0 255 255
P 186 144 0 255 255
P 187 144 0 255 255
P 188 144 0 255 255
P 189 144 0 255 255
P 190 144 255 0 0
P 191 144 255 0 0
P 192 144 255 0 0
P 193 144 255 0 0
P 194 144 255 0 0
P 195 144 255 0 0
P 196 144 0 255 0
P 197 144 0 255 0
P 198 144 0 255 0
P 199 144 0 255 0
P 200 144 0 255 0
P 201 144 0 255 0
P 202 144 0 255 0
P 203 144 0 255 0
P 204 144 0 255 0
P 205 144 0 255 0
P 206 144 0 255 0
P 207 144 255 0 255
P 208 144 255 0 255
P 209 144 255 0 255
P 210 144 255 0 255
P 211 144 255 0 255
P 212 144 255 0 255
P 213 144 255 255 0
P 214 144 255 255 0
P 215 144 255 255 0
P 216 144 255 255 0
P 217 144 255 255 0
P 218 144 255 255 0
P 219 144 255 255 0
P 220 144 255 255 0
P 221 144 255 255 0
P 222 144 255 255 0
P 223 144 255 255 0
P 224 144 255 0 0
P 225 144 255 0 0
P 226 144 255 0 0
P 227 144 255 0 0
P 228 144 255 0 0
P 229 144 255 0 0
P 230 144 255 0 255
P 231 144 255 0 255
P 232 144 255 0 255
P 233 144 255 0 255
P 234 144 255 0 255
P 235 144 255 0 255
P 236 144 255 0 255
P 237 144 255 0 255
P 238 144 255 0 255
P 239 144 255 0 255
P 240 144 255 0 255
P 241 144 255 255 0
P 242 144 255 255 0
P 243 144 255 255 0
P 244 144 255 255 0
P 245 144 255 255 0
P 246 144 255 255 0
P 247 144 0 255 255
P 248 144 0 255 255
P 249 144 0 255 255
P 250 144 0 255 255
P 251 144 0 255 255
P 252 144 0 255 255
P 253 144 0 255 255
P 254 144 0 255 255
P 255 144 0 255 255
P 256 144 0 255 255
P 257 144 0 255 255
P 258 144 255 0 0
P 259 144 255 0 0
P 260 144 255 0 0
P 261 144 255 0 0
P 262 144 255 0 0
P 263 144 255 0 0
P 264 144 255 0 0
P 265 144 255 0 255
P 266 144 255 0 255
P 267 144 255 0 255
P 268 144 255 0 255
P 269 144 255 0 255
P 270 144 255 0 255
P 271 144 255 0 255
P 272 144 255 0 255
P 273 144 255 0 255
P 274 144 255 0 255
P 275 144 0 255 0
P 276 144 0 255 0
P 277 144 0 255 0
P 278 144 0 255 0
P 279 144 0 255 0
P 280 144 0 255 0
P 281 144 0 255 255
P 282 144 0 255 255
P 283 144 0 255 255
P 284 144 0 255 255
P 285 144 0 255 255
P 286 144 0 255 255
P 287 144 0 255 255
P 288 144 0 255 255
P 289 144 0 255 255
P 290 144 0 255 255
P 291 144 0 255 255
P 20 145 255 0 0
P 21 145 255 0 0
P 22 145 255 0 0
P 23 145 255 0 0
P 24 145 255 0 0
P 25 145 255 0 0
P 26 145 255 0 0
P 27 145 255 0 0
P 28 145 0 0 255
P 29 145 0 0 255
P 30 145 0 0 255
P 31 145 0 0 255
P 32 145 0 0 255
P 33 145 0 0 255
P 34 145 0 0 255
P 35 145 0 0 255
P 36 145 0 0 255
P 37 145 255 255 0
P 38 145 255 255 0
P 39 145 255 255 0
P 40 145 255 255 0
P 41 145 255 255 0
P 42 145 255 255 0
P 43 145 255 255 0
P 44 145 255 255 0
P 45 145 255 0 255
P 46 145 255 0 255
P 47 145 255 0 255
P 48 145 255 0 255
P 49 145 255 0 255
P 50 145 255 0 255
P 51 145 255 0 255
P 52 145 255 0 255
P 53 145 255 0 255
P 54 145 255 0 0
P 55 145 255 0 0
P 56 145 255 0 0
P 57 145 255 0 0
P 58 145 255 0 0
P 59 145 255 0 0
P 60 145 255 0 0
P 61 145 255 0 0
P 62 145 0 255 0
P 63 145 0 255 0
P 64 145 0 255 0
P 65 145 0 255 0
P 66 145 0 255 0
P 67 145 0 255 0
P 68 145 0 255 0
P 69 145 0 255 0
P 70 145 0 255 0
P 71 145 255 0 255
P 72 145 255 0 255
P 73 145 255 0 255
P 74 145 255 0 255
P 75 145 255 0 255
P 76 145 255 0 255
P 77 145 255 0 255
P 78 145 255 0 255
P 79 145 255 255 0
P 80 145 255 255 0
P 81 145 255 255 0
P 82 145 255 255 0
P 83 145 255 255 0
P 84 145 255 255 0
P 85 145 255 255 0
P 86 145 255 255 0
P 87 145 255 255 0
P 88 145 255 0 0
P 89 145 255 0 0
P 90 145 255 0 0
P 91 145 255 0 0
P 92 145 255 0 0
P 93 145 255 0 0
P 94 145 255 0 0
P 95 145 255 0 0
P 96 145 0 0 255
P 97 145 0 0 255
P 98 145 0 0 255
P 99 145 0 0 255
P 100 145 0 0 255
P 101 145 0 0 255
P 102 145 0 0 255
P 103 145 0 0 255
P 104 145 0 0 255
P 105 145 255 255 0
P 106 145 255 255 0
P 107 145 255 255 0
P 108 145 255 255 0
P 109 145 255 255 0
P 110 145 255 255 0
P 111 145 255 255 0
P 112 145 255 255 0
P 113 145 0 255 255
P 114 145 0 255 255
P 115 145 0 255 255
P 116 145 0 255 255
P 117 145 0 255 255
P 118 145 0 255 255
P 119 145 0 255 255
P 120 145 0 255 255
P 121 145 0 255 255
P 122 145 255 0 0
P 123 145 255 0 0
P 124 145 255 0 0
P 125 145 255 0 0
P 126 145 255 0 0
P 127 145 255 0 0
P 128 145 255 0 0
P 129 145 255 0 0
P 130 145 0 255 0
P 131 145 0 255 0
P 132 145 0 255 0
P 133 145 0 255 0
P 134 145 0 255 0
P 135 145 0 255 0
P 136 145 0 255 0
P 137 145 0 255 0
P 138 145 0 255 0
P 139 145 255 0 255
P 140 145 255 0 255
P 141 145 255 0 255
P 142 145 255 0 255
P 143 145 255 0 255
P 144 145 255 0 255
P 145 145 255 0 255
P 146 145 255 0 255
P 147 145 255 255 0
P 148 145 255 255 0
P 149 145 255 255 0
P 150 145 255 255 0
P 151 145 255 255 0
P 152 145 255 255 0
P 153 145 255 255 0
P 154 145 255 255 0
P 155 145 255 255 0
P 156 145 255 0 0
P 157 145 255 0 0
P 158 145 255 0 0
P 159 145 255 0 0
P 160 145 255 0 0
P 161 145 255 0 0
P 162 145 255 0 0
P 163 145 255 0 0
P 164 145 0 0 255
P 165 145 0 0 255
P 166 145 0 0 255
P 167 145 0 0 255
P 168 145 0 0 255
P 169 145 0 0 255
P 170 145 0 0 255
P 171 145 0 0 255
P 172 145 0 0 255
P 173 145 255 255 0
P 174 145 255 255 0
P 175 145 255 255 0
P 176 145 255 255 0
P 177 145 255 255 0
P 178 145 255 255 0
P 179 145 255 255 0
P 180 145 0 255 255
P 181 145 0 255 255
P 182 145 0 255 255
P 183 145 0 255 255
P 184 145 0 255 255
P 185 145 0 255 255
P 186 145 0 255 255
P 187 145 0 255 255
P 188 145 0 255 255
P 189 145 0 255 255
P 190 145 255 0 0
P 191 145 255 0 0
P 192 145 255 0 0
P 193 145 255 0 0
P 194 145 255 0 0
P 195 145 255 0 0
P 196 145 255 0 0
P 197 145 255 0 0
P 198 145 0 255 0
P 199 145 0 255 0
P 200 145 0 255 0
P 201 145 0 255 0
P 202 145 0 255 0
P 203 145 0 255 0
P 204 145 0 255 0
P 205 145 0 255 0
P 206 145 0 255 0
P 207 145 255 0 255
P 208 145 255 0 255
P 209 145 255 0 255
P 210 145 255 0 255
P 211 145 255 0 255
P 212 145 255 0 255
P 213 145 255 0 255
P 214 145 255 0 255
P 215 145 255 255 0
P 216 145 255 255 0
P 217 145 255 255 0
P 218 145 255 255 0
P 219 145 255 255 0
P 220 145 255 255 0
P 221 145 255 255 0
P 222 145 255 255 0
P 223 145 255 255 0
P 224 145 255 0 0
P 225 145 255 0 0
P 226 145 255 0 0
P 227 145 255 0 0
P 228 145 255 0 0
P 229 145 255 0 0
P 230 145 255 0 0
P 231 145 255 0 0
P 232 145 255 0 255
P 233 145 255 0 255
P 234 145 255 0 255
P 235 145 255 0 255
P 236 145 255 0 255
P 237 145 255 0 255
P 238 145 255 0 255
P 239 145 255 0 255
P 240 145 255 0 255
P 241 145 255 255 0
P 242 145 255 255 0
P 243 145 255 255 0
P 244 145 255 255 0
P 245 145 255 255 0
P 246 145 255 255 0
P 247 145 255 255 0
P 248 145 255 255 0
P 249 145 0 255 255
P 250 145 0 255 255
P 251 145 0 255 255
P 252 145 0 255 255
P 253 145 0 255 255
P 254 145 0 255 255
P 255 145 0 255 255
P 256 145 0 255 255
P 257 145 0 255 255
P 258 145 255 0 0
P 259 145 255 0 0
P 260 145 255 0 0
P 261 145 255 0 0
P 262 145 255 0 0
P 263 145 255 0 0
P 264 145 255 0 0
P 265 145 255 0 0
P 266 145 255 0 255
P 267 145 255 0 255
P 268 145 255 0 255
P 269 145 255 0 255
P 270 145 255 0 255
P 271 145 255 0 255
P 272 145 255 0 255
P 273 145 255 0 255
P 274 145 255 0 255
P 275 145 0 255 0
P 276 145 0 255 0
P 277 145 0 255 0
P 278 145 0 255 0
P 279 145 0 255 0
P 280 145 0 255 0
P 281 145 0 255 0
P 282 145 0 255 0
P 283 145 0 255 255
P 284 145 0 255 255
P 285 145 0 255 255
P 286 145 0 255 255
P 287 145 0 255 255
P 288 145 0 255 255
P 289 145 0 255 255
P 290 145 0 255 255
P 291 145 0 255 255
P 20 146 255 0 0
P 21 146 255 0 0
P 22 146 255 0 0
P 23 146 255 0 0
P 24 146 255 0 0
P 25 146 255 0 0
P 26 146 255 0 0
P 27 146 255 0 0
P 28 146 255 0 0
P 29 146 0 0 255
P 30 146 0 0 255
P 31 146 0 0 255
P 32 146 0 0 255
P 33 146 0 0 255
P 34 146 0 0 255
P 35 146 0 0 255
P 36 146 0 0 255
P 37 146 255 255 0
P 38 146 255 255 0
P 39 146 255 255 0
P 40 146 255 255 0
P 41 146 255 255 0
P 42 146 255 255 0
P 43 146 255 255 0
P 44 146 255 255 0
P 45 146 255 255 0
P 46 146 255 0 255
P 47 146 255 0 255
P 48 146 255 0 255
P 49 146 255 0 255
P 50 146 255 0 255
P 51 146 255 0 255
P 52 146 255 0 255
P 53 146 255 0 255
P 54 146 255 0 0
P 55 146 255 0 0
P 56 146 255 0 0
P 57 146 255 0 0
P 58 146 255 0 0
P 59 146 255 0 0
P 60 146 255 0 0
P 61 146 255 0 0
P 62 146 255 0 0
P 63 146 0 255 0
P 64 146 0 255 0
P 65 146 0 255 0
P 66 146 0 255 0
P 67 146 0 255 0
P 68 146 0 255 0
P 69 146 0 255 0
P 70 146 0 255 0
P 71 146 255 0 255
P 72 146 255 0 255
P 73 146 255 0 255
P 74 146 255 0 255
P 75 146 255 0 255
P 76 146 255 0 255
P 77 146 255 0 255
P 78 146 255 0 255
P 79 146 255 0 255
P 80 146 255 255 0
P 81 146 255 255 0
P 82 146 255 255 0
P 83 146 255 255 0
P 84 146 255 255 0
P 85 146 255 255 0
P 86 146 255 255 0
P 87 146 255 255 0
P 88 146 255 0 0
P 89 146 255 0 0
P 90 146 255 0 0
P 91 146 255 0 0
P 92 146 255 0 0
P 93 146 255 0 0
P 94 146 255 0 0
P 95 146 255 0 0
P 96 146 255 0 0
P 97 146 0 0 255
P 98 146 0 0 255
P 99 146 0 0 255
P 100 146 0 0 255
P 101 146 0 0 255
P 102 146 0 0 255
P 103 146 0 0 255
P 104 146 0 0 255
P 105 146 255 255 0
P 106 146 255 255 0
P 107 146 255 255 0
P 108 146 255 255 0
P 109 146 255 255 0
P 110 146 255 255 0
P 111 146 255 255 0
P 112 146 255 255 0
P 113 146 255 255 0
P 114 146 0 255 255
P 115 146 0 255 255
P 116 146 0 255 255
P 117 146 0 255 255
P 118 146 0 255 255
P 119 146 0 255 255
P 120 146 0 255 255
P 121 146 0 255 255
P 122 146 255 0 0
P 123 146 255 0 0
P 124 146 255 0 0
P 125 146 255 0 0
P 126 146 255 0 0
P 127 146 255 0 0
P 128 146 255 0 0
P 129 146 255 0 0
P 130 146 255 0 0
P 131 146 0 255 0
P 132 146 0 255 0
P 133 146 0 255 0
P 134 146 0 255 0
P 135 146 0 255 0
P 136 146 0 255 0
P 137 146 0 255 0
P 138 146 0 255 0
P 139 146 255 0 255
P 140 146 255 0 255
P 141 146 255 0 255
P 142 146 255 0 255
P 143 146 255 0 255
P 144 146 255 0 255
P 145 146 255 0 255
P 146 146 255 0 255
P 147 146 255 0 255
P 148 146 255 255 0
P 149 146 255 255 0
P 150 146 255 255 0
P 151 146 255 255 0
P 152 146 255 255 0
P 153 146 255 255 0
P 154 146 255 255 0
P 155 146 255 255 0
P 156 146 255 0 0
P 157 146 255 0 0
P 158 146 255 0 0
P 159 146 255 0 0
P 160 146 255 0 0
P 161 146 255 0 0
P 162 146 255 0 0
P 163 146 255 0 0
P 164 146 255 0 0
P 165 146 0 0 255
P 166 146 0 0 255
P 167 146 0 0 255
P 168 146 0 0 255
P 169 146 0 0 255
P 170 146 0 0 255
P 171 146 0 0 255
P 172 146 0 0 255
P 173 146 255 255 0
P 174 146 255 255 0
P 175 146 255 255 0
P 176 146 255 255 0
P 177 146 255 255 0
P 178 146 255 255 0
P 179 146 255 255 0
P 180 146 255 255 0
P 181 146 255 255 0
P 182 146 0 255 255
P 183 146 0 255 255
P 184 146 0 255 255
P 185 146 0 255 255
P 186 146 0 255 255
P 187 146 0 255 255
P 188 146 0 255 255
P 189 146 0 255 255
P 190 146 255 0 0
P 191 146 255 0 0
P 192 146 255 0 0
P 193 146 255 0 0
P 194 146 255 0 0
P 195 146 255 0 0
P 196 146 255 0 0
P 197 146 255 0 0
P 198 146 255 0 0
P 199 146 0 255 0
P 200 146 0 255 0
P 201 146 0 255 0
P 202 146 0 255 0
P 203 146 0 255 0
P 204 146 0 255 0
P 205 146 0 255 0
P 206 146 0 255 0
P 207 146 255 0 255
P 208 146 255 0 255
P 209 146 255 0 255
P 210 146 255 0 255
P 211 146 255 0 255
P 212 146 255 0 255
P 213 146 255 0 255
P 214 146 255 0 255
P 215 146 255 0 255
P 216 146 255 255 0
P 217 146 255 255 0
P 218 146 255 255 0
P 219 146 255 255 0
P 220 146 255 255 0
P 221 146 255 255 0
P 222 146 255 255 0
P 223 146 255 255 0
P 224 146 255 0 0
P 225 146 255 0 0
P 226 146 255 0 0
P 227 146 255 0 0
P 228 146 255 0 0
P 229 146 255 0 0
P 230 146 255 0 0
P 231 146 255 0 0
P 232 146 255 0 0
P 233 146 255 0 255
P 234 146 255 0 255
P 235 146 255 0 255
P 236 146 255 0 255
P 237 146 255 0 255
P 238 146 255 0 255
P 239 146 255 0 255
P 240 146 255 0 255
P 241 146 255 255 0
P 242 146 255 255 0
P 243 146 255 255 0
P 244 146 255 255 0
P 245 146 255 255 0
P 246 146 255 255 0
P 247 146 255 255 0
P 248 146 255 255 0
P 249 146 255 255 0
P 250 146 0 255 255
P 251 146 0 255 255
P 252 146 0 255 255
P 253 146 0 255 255
P 254 146 0 255 255
P 255 146 0 255 255
P 256 146 0 255 255
P 257 146 0 255 255
P 258 146 255 0 0
P 259 146 255 0 0
P 260 146 255 0 0
P 261 146 255 0 0
P 262 146 255 0 0
P 263 146 255 0 0
P 264 146 255 0 0
P 265 146 255 0 0
P 266 146 255 0 0
P 267 146 255 0 255
P 268 146 255 0 255
P 269 146 255 0 255
P 270 146 255 0 255
P 271 146 255 0 255
P 272 146 255 0 255
P 273 146 255 0 255
P 274 146 255 0 255
P 275 146 0 255 0
P 276 146 0 255 0
P 277 146 0 255 0
P 278 146 0 255 0
P 279 146 0 255 0
P 280 146 0 255 0
P 281 146 0 255 0
P 282 146 0 255 0
P 283 146 0 255 0
P 284 146 0 255 255
P 285 146 0 255 255
P 286 146 0 255 255
P 287 146 0 255 255
P 288 146 0 255 255
P 289 146 0 255 255
P 290 146 0 255 255
P 291 146 0 255 255
P 20 147 255 0 0
P 21 147 255 0 0
P 22 147 255 0 0
P 23 147 255 0 0
P 24 147 255 0 0
P 25 147 255 0 0
P 26 147 255 0 0
P 27 147 255 0 0
P 28 147 255 0 0
P 29 147 255 0 0
P 30 147 0 0 255
P 31 147 0 0 255
P 32 147 0 0 255
P 33 147 0 0 255
P 34 147 0 0 255
P 35 147 0 0 255
P 36 147 0 0 255
P 37 147 255 255 0
P 38 147 255 255 0
P 39 147 255 255 0
P 40 147 255 255 0
P 41 147 255 255 0
P 42 147 255 255 0
P 43 147 255 255 0
P 44 147 255 255 0
P 45 147 255 255 0
P 46 147 255 255 0
P 47 147 255 255 0
P 48 147 255 0 255
P 49 147 255 0 255
P 50 147 255 0 255
P 51 147 255 0 255
P 52 147 255 0 255
P 53 147 255 0 255
P 54 147 255 0 0
P 55 147 255 0 0
P 56 147 255 0 0
P 57 147 255 0 0
P 58 147 255 0 0
P 59 147 255 0 0
P 60 147 255 0 0
P 61 147 255 0 0
P 62 147 255 0 0
P 63 147 255 0 0
P 64 147 0 255 0
P 65 147 0 255 0
P 66 147 0 255 0
P 67 147 0 255 0
P 68 147 0 255 0
P 69 147 0 255 0
P 70 147 0 255 0
P 71 147 255 0 255
P 72 147 255 0 255
P 73 147 255 0 255
P 74 147 255 0 255
P 75 147 255 0 255
P 76 147 255 0 255
P 77 147 255 0 255
P 78 147 255 0 255
P 79 147 255 0 255
P 80 147 255 0 255
P 81 147 255 0 255
P 82 147 255 255 0
P 83 147 255 255 0
P 84 147 255 255 0
P 85 147 255 255 0
P 86 147 255 255 0
P 87 147 255 255 0
P 88 147 255 0 0
P 89 147 255 0 0
P 90 147 255 0 0
P 91 147 255 0 0
P 92 147 255 0 0
P 93 147 255 0 0
P 94 147 255 0 0
P 95 147 255 0 0
P 96 147 255 0 0
P 97 147 255 0 0
P 98 147 255 0 0
P 99 147 0 0 255
P 100 147 0 0 255
P 101 147 0 0 255
P 102 147 0 0 255
P 103 147 0 0 255
P 104 147 0 0 255
P 105 147 255 255 0
P 106 147 255 255 0
P 107 147 255 255 0
P 108 147 255 255 0
P 109 147 255 255 0
P 110 147 255 255 0
P 111 147 255 255 0
P 112 147 255 255 0
P 113 147 255 255 0
P 114 147 255 255 0
P 115 147 0 255 255
P 116 147 0 255 255
P 117 147 0 255 255
P 118 147 0 255 255
P 119 147 0 255 255
P 120 147 0 255 255
P 121 147 0 255 255
P 122 147 255 0 0
P 123 147 255 0 0
P 124 147 255 0 0
P 125 147 255 0 0
P 126 147 255 0 0
P 127 147 255 0 0
P 128 147 255 0 0
P 129 147 255 0 0
P 130 147 255 0 0
P 131 147 255 0 0
P 132 147 0 255 0
P 133 147 0 255 0
P 134 147 0 255 0
P 135 147 0 255 0
P 136 147 0 255 0
P 137 147 0 255 0
P 138 147 0 255 0
P 139 147 255 0 255
P 140 147 255 0 255
P 141 147 255 0 255
P 142 147 255 0 255
P 143 147 255 0 255
P 144 147 255 0 255
P 145 147 255 0 255
P 146 147 255 0 255
P 147 147 255 0 255
P 148 147 255 0 255
P 149 147 255 0 255
P 150 147 255 255 0
P 151 147 255 255 0
P 152 147 255 255 0
P 153 147 255 255 0
P 154 147 255 255 0
P 155 147 255 255 0
P 156 147 255 0 0
P 157 147 255 0 0
P 158 147 255 0 0
P 159 147 255 0 0
P 160 147 255 0 0
P 161 147 255 0 0
P 162 147 255 0 0
P 163 147 255 0 0
P 164 147 255 0 0
P 165 147 255 0 0
P 166 147 255 0 0
P 167 147 0 0 255
P 168 147 0 0 255
P 169 147 0 0 255
P 170 147 0 0 255
P 171 147 0 0 255
P 172 147 0 0 255
P 173 147 255 255 0
P 174 147 255 255 0
P 175 147 255 255 0
P 176 147 255 255 0
P 177 147 255 255 0
P 178 147 255 255 0
P 179 147 255 255 0
P 180 147 255 255 0
P 181 147 255 255 0
P 182 147 255 255 0
P 183 147 0 255 255
P 184 147 0 255 255
P 185 147 0 255 255
P 186 147 0 255 255
P 187 147 0 255 255
P 188 147 0 255 255
P 189 147 0 255 255
P 190 147 255 0 0
P 191 147 255 0 0
P 192 147 255 0 0
P 193 147 255 0 0
P 194 147 255 0 0
P 195 147 255 0 0
P 196 147 255 0 0
P 197 147 255 0 0
P 198 147 255 0 0
P 199 147 255 0 0
P 200 147 0 255 0
P 201 147 0 255 0
P 202 147 0 255 0
P 203 147 0 255 0
P 204 147 0 255 0
P 205 147 0 255 0
P 206 147 0 255 0
P 207 147 255 0 255
P 208 147 255 0 255
P 209 147 255 0 255
P 210 147 255 0 255
P 211 147 255 0 255
P 212 147 255 0 255
P 213 147 255 0 255
P 214 147 255 0 255
P 215 147 255 0 255
P 216 147 255 0 255
P 217 147 255 0 255
P 218 147 255 255 0
P 219 147 255 255 0
P 220 147 255 255 0
P 221 147 255 255 0
P 222 147 255 255 0
P 223 147 255 255 0
P 224 147 255 0 0
P 225 147 255 0 0
P 226 147 255 0 0
P 227 147 255 0 0
P 228 147 255 0 0
P 229 147 255 0 0
P 230 147 255 0 0
P 231 147 255 0 0
P 232 147 255 0 0
P 233 147 255 0 0
P 234 147 255 0 0
P 235 147 255 0 255
P 236 147 255 0 255
P 237 147 255 0 255
P 238 147 255 0 255
P 239 147 255 0 255
P 240 147 255 0 255
P 241 147 255 255 0
P 242 147 255 255 0
P 243 147 255 255 0
P 244 147 255 255 0
P 245 147 255 255 0
P 246 147 255 255 0
P 247 147 255 255 0
P 248 147 255 255 0
P 249 147 255 255 0
P 250 147 255 255 0
P 251 147 255 255 0
P 252 147 0 255 255
P 253 147 0 255 255
P 254 147 0 255 255
P 255 147 0 255 255
P 256 147 0 255 255
P 257 147 0 255 255
P 258 147 255 0 0
P 259 147 255 0 0
P 260 147 255 0 0
P 261 147 255 0 0
P 262 147 255 0 0
P 263 147 255 0 0
P 264 147 255 0 0
P 265 147 255 0 0
P 266 147 255 0 0
P 267 147 255 0 0
P 268 147 255 0 0
P 269 147 255 0 255
P 270 147 255 0 255
P 271 147 255 0 255
P 272 147 255 0 255
P 273 147 255 0 255
P 274 147 255 0 255
P 275 147 0 255 0
P 276 147 0 255 0
P 277 147 0 255 0
P 278 147 0 255 0
P 279 147 0 255 0
P 280 147 0 255 0
P 281 147 0 255 0
P 282 147 0 255 0
P 283 147 0 255 0
P 284 147 0 255 0
P 285 147 0 255 255
P 286 147 0 255 255
P 287 147 0 255 255
P 288 147 0 255 255
P 289 147 0 255 255
P 290 147 0 255 255
P 291 147 0 255 255
P 20 148 255 0 0
P 21 148 255 0 0
P 22 148 255 0 0
P 23 148 255 0 0
P 24 148 255 0 0
P 25 148 255 0 0
P 26 148 255 0 0
P 27 148 255 0 0
P 28 148 255 0 0
P 29 148 255 0 0
P 30 148 255 0 0
P 31 148 255 0 0
P 32 148 0 0 255
P 33 148 0 0 255
P 34 148 0 0 255
P 35 148 0 0 255
P 36 148 0 0 255
P 37 148 255 255 0
P 38 148 255 255 0
P 39 148 255 255 0
P 40 148 255 255 0
P 41 148 255 255 0
P 42 148 255 255 0
P 43 148 255 255 0
P 44 148 255 255 0
P 45 148 255 255 0
P 46 148 255 255 0
P 47 148 255 255 0
P 48 148 255 255 0
P 49 148 255 0 255
P 50 148 255 0 255
P 51 148 255 0 255
P 52 148 255 0 255
P 53 148 255 0 255
P 54 148 255 0 0
P 55 148 255 0 0
P 56 148 255 0 0
P 57 148 255 0 0
P 58 148 255 0 0
P 59 148 255 0 0
P 60 148 255 0 0
P 61 148 255 0 0
P 62 148 255 0 0
P 63 148 255 0 0
P 64 148 255 0 0
P 65 148 255 0 0
P 66 148 0 255 0
P 67 148 0 255 0
P 68 148 0 255 0
P 69 148 0 255 0
P 70 148 0 255 0
P 71 148 255 0 255
P 72 148 255 0 255
P 73 148 255 0 255
P 74 148 255 0 255
P 75 148 255 0 255
P 76 148 255 0 255
P 77 148 255 0 255
P 78 148 255 0 255
P 79 148 255 0 255
P 80 148 255 0 255
P 81 148 255 0 255
P 82 148 255 0 255
P 83 148 255 255 0
P 84 148 255 255 0
P 85 148 255 255 0
P 86 148 255 255 0
P 87 148 255 255 0
P 88 148 255 0 0
P 89 148 255 0 0
P 90 148 255 0 0
P 91 148 255 0 0
P 92 148 255 0 0
P 93 148 255 0 0
P 94 148 255 0 0
P 95 148 255 0 0
P 96 148 255 0 0
P 97 148 255 0 0
P 98 148 255 0 0
P 99 148 255 0 0
P 100 148 0 0 255
P 101 148 0 0 255
P 102 148 0 0 255
P 103 148 0 0 255
P 104 148 0 0 255
P 105 148 255 255 0
P 106 148 255 255 0
P 107 148 255 255 0
P 108 148 255 255 0
P 109 148 255 255 0
P 110 148 255 255 0
P 111 148 255 255 0
P 112 148 255 255 0
P 113 148 255 255 0
P 114 148 255 255 0
P 115 148 255 255 0
P 116 148 255 255 0
P 117 148 0 255 255
P 118 148 0 255 255
P 119 148 0 255 255
P 120 148 0 255 255
P 121 148 0 255 255
P 122 148 255 0 0
P 123 148 255 0 0
P 124 148 255 0 0
P 125 148 255 0 0
P 126 148 255 0 0
P 127 148 255 0 0
P 128 148 255 0 0
P 129 148 255 0 0
P 130 148 255 0 0
P 131 148 255 0 0
P 132 148 255 0 0
P 133 148 255 0 0
P 134 148 0 255 0
P 135 148 0 255 0
P 136 148 0 255 0
P 137 148 0 255 0
P 138 148 0 255 0
P 139 148 255 0 255
P 140 148 255 0 255
P 141 148 255 0 255
P 142 148 255 0 255
P 143 148 255 0 255
P 144 148 255 0 255
P 145 148 255 0 255
P 146 148 255 0 255
P 147 148 255 0 255
P 148 148 255 0 255
P 149 148 255 0 255
P 150 148 255 0 255
P 151 148 255 255 0
P 152 148 255 255 0
P 153 148 255 255 0
P 154 148 255 255 0
P 155 148 255 255 0
P 156 148 255 0 0
P 157 148 255 0 0
P 158 148 255 0 0
P 159 148 255 0 0
P 160 148 255 0 0
P 161 148 255 0 0
P 162 148 255 0 0
P 163 148 255 0 0
P 164 148 255 0 0
P 165 148 255 0 0
P 166 148 255 0 0
P 167 148 255 0 0
P 168 148 0 0 255
P 169 148 0 0 255
P 170 148 0 0 255
P 171 148 0 0 255
P 172 148 0 0 255
P 173 148 255 255 0
P 174 148 255 255 0
P 175 148 255 255 0
P 176 148 255 255 0
P 177 148 255 255 0
P 178 148 255 255 0
P 179 148 255 255 0
P 180 148 255 255 0
P 181 148 255 255 0
P 182 148 255 255 0
P 183 148 255 255 0
P 184 148 255 255 0
P 185 148 0 255 255
P 186 148 0 255 255
P 187 148 0 255 255
P 188 148 0 255 255
P 189 148 0 255 255
P 190 148 255 0 0
P 191 148 255 0 0
P 192 148 255 0 0
P 193 148 255 0 0
P 194 148 255 0 0
P 195 148 255 0 0
P 196 148 255 0 0
P 197 148 255 0 0
P 198 148 255 0 0
P 199 148 255 0 0
P 200 148 255 0 0
P 201 148 255 0 0
P 202 148 0 255 0
P 203 148 0 255 0
P 204 148 0 255 0
P 205 148 0 255 0
P 206 148 0 255 0
P 207 148 255 0 255
P 208 148 255 0 255
P 209 148 255 0 255
P 210 148 255 0 255
P 211 148 255 0 255
P 212 148 255 0 255
P 213 148 255 0 255
P 214 148 255 0 255
P 215 148 255 0 255
P 216 148 255 0 255
P 217 148 255 0 255
P 218 148 255 0 255
P 219 148 255 255 0
P 220 148 255 255 0
P 221 148 255 255 0
P 222 148 255 255 0
P 223 148 255 255 0
P 224 148 255 0 0
P 225 148 255 0 0
P 226 148 255 0 0
P 227 148 255 0 0
P 228 148 255 0 0
P 229 148 255 0 0
P 230 148 255 0 0
P 231 148 255 0 0
P 232 148 255 0 0
P 233 148 255 0 0
P 234 148 255 0 0
P 235 148 255 0 0
P 236 148 255 0 255
P 237 148 255 0 255
P 238 148 255 0 255
P 239 148 255 0 255
P 240 148 255 0 255
P 241 148 255 255 0
P 242 148 255 255 0
P 243 148 255 255 0
P 244 148 255 255 0
P 245 148 255 255 0
P 246 148 255 255 0
P 247 148 255 255 0
P 248 148 255 255 0
P 249 148 255 255 0
P 250 148 255 255 0
P 251 148 255 255 0
P 252 148 255 255 0
P 253 148 0 255 255
P 254 148 0 255 255
P 255 148 0 255 255
P 256 148 0 255 255
P 257 148 0 255 255
P 258 148 255 0 0
P 259 148 255 0 0
P 260 148 255 0 0
P 261 148 255 0 0
P 262 148 255 0 0
P 263 148 255 0 0
P 264 148 255 0 0
P 265 148 255 0 0
P 266 148 255 0 0
P 267 148 255 0 0
P 268 148 255 0 0
P 269 148 255 0 0
P 270 148 255 0 255
P 271 148 255 0 255
P 272 148 255 0 255
P 273 148 255 0 255
P 274 148 255 0 255
P 275 148 0 255 0
P 276 148 0 255 0
P 277 148 0 255 0
P 278 148 0 255 0
P 279 148 0 255 0
P 280 148 0 255 0
P 281 148 0 255 0
P 282 148 0 255 0
P 283 148 0 255 0
P 284 148 0 255 0
P 285 148 0 255 0
P 286 148 0 255 0
P 287 148 0 255 255
P 288 148 0 255 255
P 289 148 0 255 255
P 290 148 0 255 255
P 291 148 0 255 255
P 20 149 255 0 0
P 21 149 255 0 0
P 22 149 255 0 0
P 23 149 255 0 0
P 24 149 255 0 0
P 25 149 255 0 0
P 26 149 255 0 0
P 27 149 255 0 0
P 28 149 255 0 0
P 29 149 255 0 0
P 30 149 255 0 0
P 31 149 255 0 0
P 32 149 255 0 0
P 33 149 0 0 255
P 34 149 0 0 255
P 35 149 0 0 255
P 36 149 0 0 255
P 37 149 255 255 0
P 38 149 255 255 0
P 39 149 255 255 0
P 40 149 255 255 0
P 41 149 255 255 0
P 42 149 255 255 0
P 43 149 255 255 0
P 44 149 255 255 0
P 45 149 255 255 0
P 46 149 255 255 0
P 47 149 255 255 0
P 48 149 255 255 0
P 49 149 255 255 0
P 50 149 255 0 255
P 51 149 255 0 255
P 52 149 255 0 255
P 53 149 255 0 255
P 54 149 255 0 0
P 55 149 255 0 0
P 56 149 255 0 0
P 57 149 255 0 0
P 58 149 255 0 0
P 59 149 255 0 0
P 60 149 255 0 0
P 61 149 255 0 0
P 62 149 255 0 0
P 63 149 255 0 0
P 64 149 255 0 0
P 65 149 255 0 0
P 66 149 255 0 0
P 67 149 0 255 0
P 68 149 0 255 0
P 69 149 0 255 0
P 70 149 0 255 0
P 71 149 255 0 255
P 72 149 255 0 255
P 73 149 255 0 255
P 74 149 255 0 255
P 75 149 255 0 255
P 76 149 255 0 255
P 77 149 255 0 255
P 78 149 255 0 255
P 79 149 255 0 255
P 80 149 255 0 255
P 81 149 255 0 255
P 82 149 255 0 255
P 83 149 255 0 255
P 84 149 255 0 255
P 85 149 255 255 0
P 86 149 255 255 0
P 87 149 255 255 0
P 88 149 255 0 0
P 89 149 255 0 0
P 90 149 255 0 0
P 91 149 255 0 0
P 92 149 255 0 0
P 93 149 255 0 0
P 94 149 255 0 0
P 95 149 255 0 0
P 96 149 255 0 0
P 97 149 255 0 0
P 98 149 255 0 0
P 99 149 255 0 0
P 100 149 255 0 0
P 101 149 0 0 255
P 102 149 0 0 255
P 103 149 0 0 255
P 104 149 0 0 255
P 105 149 255 255 0
P 106 149 255 255 0
P 107 149 255 255 0
P 108 149 255 255 0
P 109 149 255 255 0
P 110 149 255 255 0
P 111 149 255 255 0
P 112 149 255 255 0
P 113 149 255 255 0
P 114 149 255 255 0
P 115 149 255 255 0
P 116 149 255 255 0
P 117 149 255 255 0
P 118 149 0 255 255
P 119 149 0 255 255
P 120 149 0 255 255
P 121 149 0 255 255
P 122 149 255 0 0
P 123 149 255 0 0
P 124 149 255 0 0
P 125 149 255 0 0
P 126 149 255 0 0
P 127 149 255 0 0
P 128 149 255 0 0
P 129 149 255 0 0
P 130 149 255 0 0
P 131 149 255 0 0
P 132 149 255 0 0
P 133 149 255 0 0
P 134 149 255 0 0
P 135 149 0 255 0
P 136 149 0 255 0
P 137 149 0 255 0
P 138 149 0 255 0
P 139 149 255 0 255
P 140 149 255 0 255
P 141 149 255 0 255
P 142 149 255 0 255
P 143 149 255 0 255
P 144 149 255 0 255
P 145 149 255 0 255
P 146 149 255 0 255
P 147 149 255 0 255
P 148 149 255 0 255
P 149 149 255 0 255
P 150 149 255 0 255
P 151 149 255 0 255
P 152 149 255 0 255
P 153 149 255 255 0
P 154 149 255 255 0
P 155 149 255 255 0
P 156 149 255 0 0
P 157 149 255 0 0
P 158 149 255 0 0
P 159 149 255 0 0
P 160 149 255 0 0
P 161 149 255 0 0
P 162 149 255 0 0
P 163 149 255 0 0
P 164 149 255 0 0
P 165 149 255 0 0
P 166 149 255 0 0
P 167 149 255 0 0
P 168 149 255 0 0
P 169 149 0 0 255
P 170 149 0 0 255
P 171 149 0 0 255
P 172 149 0 0 255
P 173 149 255 255 0
P 174 149 255 255 0
P 175 149 255 255 0
P 176 149 255 255 0
P 177 149 255 255 0
P 178 149 255 255 0
P 179 149 255 255 0
P 180 149 255 255 0
P 181 149 255 255 0
P 182 149 255 255 0
P 183 149 255 255 0
P 184 149 255 255 0
P 185 149 255 255 0
P 186 149 0 255 255
P 187 149 0 255 255
P 188 149 0 255 255
P 189 149 0 255 255
P 190 149 255 0 0
P 191 149 255 0 0
P 192 149 255 0 0
P 193 149 255 0 0
P 194 149 255 0 0
P 195 149 255 0 0
P 196 149 255 0 0
P 197 149 255 0 0
P 198 149 255 0 0
P 199 149 255 0 0
P 200 149 255 0 0
P 201 149 255 0 0
P 202 149 255 0 0
P 203 149 0 255 0
P 204 149 0 255 0
P 205 149 0 255 0
P 206 149 0 255 0
P 207 149 255 0 255
P 208 149 255 0 255
P 209 149 255 0 255
P 210 149 255 0 255
P 211 149 255 0 255
P 212 149 255 0 255
P 213 149 255 0 255
P 214 149 255 0 255
P 215 149 255 0 255
P 216 149 255 0 255
P 217 149 255 0 255
P 218 149 255 0 255
P 219 149 255 0 255
P 220 149 255 255 0
P 221 149 255 255 0
P 222 149 255 255 0
P 223 149 255 255 0
P 224 149 255 0 0
P 225 149 255 0 0
P 226 149 255 0 0
P 227 149 255 0 0
P 228 149 255 0 0
P 229 149 255 0 0
P 230 149 255 0 0
P 231 149 255 0 0
P 232 149 255 0 0
P 233 149 255 0 0
P 234 149 255 0 0
P 235 149 255 0 0
P 236 149 255 0 0
P 237 149 255 0 255
P 238 149 255 0 255
P 239 149 255 0 255
P 240 149 255 0 255
P 241 149 255 255 0
P 242 149 255 255 0
P 243 149 255 255 0
P 244 149 255 255 0
P 245 149 255 255 0
P 246 149 255 255 0
P 247 149 255 255 0
P 248 149 255 255 0
P 249 149 255 255 0
P 250 149 255 255 0
P 251 149 255 255 0
P 252 149 255 255 0
P 253 149 255 255 0
P 254 149 0 255 255
P 255 149 0 255 255
P 256 149 0 255 255
P 257 149 0 255 255
P 258 149 255 0 0
P 259 149 255 0 0
P 260 149 255 0 0
P 261 149 255 0 0
P 262 149 255 0 0
P 263 149 255 0 0
P 264 149 255 0 0
P 265 149 255 0 0
P 266 149 255 0 0
P 267 149 255 0 0
P 268 149 255 0 0
P 269 149 255 0 0
P 270 149 255 0 0
P 271 149 255 0 255
P 272 149 255 0 255
P 273 149 255 0 255
P 274 149 255 0 255
P 275 149 0 255 0
P 276 149 0 255 0
P 277 149 0 255 0
P 278 149 0 255 0
P 279 149 0 255 0
P 280 149 0 255 0
P 281 149 0 255 0
P 282 149 0 255 0
P 283 149 0 255 0
P 284 149 0 255 0
P 285 149 0 255 0
P 286 149 0 255 0
P 287 149 0 255 0
P 288 149 0 255 255
P 289 149 0 255 255
P 290 149 0 255 255
P 291 149 0 255 255
P 20 150 255 0 0
P 21 150 255 0 0
P 22 150 255 0 0
P 23 150 255 0 0
P 24 150 255 0 0
P 25 150 255 0 0
P 26 150 255 0 0
P 27 150 255 0 0
P 28 150 255 0 0
P 29 150 255 0 0
P 30 150 255 0 0
P 31 150 255 0 0
P 32 150 255 0 0
P 33 150 255 0 0
P 34 150 255 0 0
P 35 150 0 0 255
P 36 150 0 0 255
P 37 150 255 255 0
P 38 150 255 255 0
P 39 150 255 255 0
P 40 150 255 255 0
P 41 150 255 255 0
P 42 150 255 255 0
P 43 150 255 255 0
P 44 150 255 255 0
P 45 150 255 255 0
P 46 150 255 255 0
P 47 150 255 255 0
P 48 150 255 255 0
P 49 150 255 255 0
P 50 150 255 255 0
P 51 150 255 255 0
P 52 150 255 0 255
P 53 150 255 0 255
P 54 150 255 0 0
P 55 150 255 0 0
P 56 150 255 0 0
P 57 150 255 0 0
P 58 150 255 0 0
P 59 150 255 0 0
P 60 150 255 0 0
P 61 150 255 0 0
P 62 150 255 0 0
P 63 150 255 0 0
P 64 150 255 0 0
P 65 150 255 0 0
P 66 150 255 0 0
P 67 150 255 0 0
P 68 150 255 0 0
P 69 150 0 255 0
P 70 150 0 255 0
P 71 150 255 0 255
P 72 150 255 0 255
P 73 150 255 0 255
P 74 150 255 0 255
P 75 150 255 0 255
P 76 150 255 0 255
P 77 150 255 0 255
P 78 150 255 0 255
P 79 150 255 0 255
P 80 150 255 0 255
P 81 150 255 0 255
P 82 150 255 0 255
P 83 150 255 0 255
P 84 150 255 0 255
P 85 150 255 0 255
P 86 150 255 255 0
P 87 150 255 255 0
P 88 150 255 0 0
P 89 150 255 0 0
P 90 150 255 0 0
P 91 150 255 0 0
P 92 150 255 0 0
P 93 150 255 0 0
P 94 150 255 0 0
P 95 150 255 0 0
P 96 150 255 0 0
P 97 150 255 0 0
P 98 150 255 0 0
P 99 150 255 0 0
P 100 150 255 0 0
P 101 150 255 0 0
P 102 150 255 0 0
P 103 150 0 0 255
P 104 150 0 0 255
P 105 150 255 255 0
P 106 150 255 255 0
P 107 150 255 255 0
P 108 150 255 255 0
P 109 150 255 255 0
P 110 150 255 255 0
P 111 150 255 255 0
P 112 150 255 255 0
P 113 150 255 255 0
P 114 150 255 255 0
P 115 150 255 255 0
P 116 150 255 255 0
P 117 150 255 255 0
P 118 150 255 255 0
P 119 150 255 255 0
P 120 150 0 255 255
P 121 150 0 255 255
P 122 150 255 0 0
P 123 150 255 0 0
P 124 150 255 0 0
P 125 150 255 0 0
P 126 150 255 0 0
P 127 150 255 0 0
P 128 150 255 0 0
P 129 150 255 0 0
P 130 150 255 0 0
P 131 150 255 0 0
P 132 150 255 0 0
P 133 150 255 0 0
P 134 150 255 0 0
P 135 150 255 0 0
P 136 150 255 0 0
P 137 150 0 255 0
P 138 150 0 255 0
P 139 150 255 0 255
P 140 150 255 0 255
P 141 150 255 0 255
P 142 150 255 0 255
P 143 150 255 0 255
P 144 150 255 0 255
P 145 150 255 0 255
P 146 150 255 0 255
P 147 150 255 0 255
P 148 150 255 0 255
P 149 150 255 0 255
P 150 150 255 0 255
P 151 150 255 0 255
P 152 150 255 0 255
P 153 150 255 0 255
P 154 150 255 255 0
P 155 150 255 255 0
P 156 150 255 0 0
P 157 150 255 0 0
P 158 150 255 0 0
P 159 150 255 0 0
P 160 150 255 0 0
P 161 150 255 0 0
P 162 150 255 0 0
P 163 150 255 0 0
P 164 150 255 0 0
P 165 150 255 0 0
P 166 150 255 0 0
P 167 150 255 0 0
P 168 150 255 0 0
P 169 150 255 0 0
P 170 150 255 0 0
P 171 150 0 0 255
P 172 150 0 0 255
P 173 150 255 255 0
P 174 150 255 255 0
P 175 150 255 255 0
P 176 150 255 255 0
P 177 150 255 255 0
P 178 150 255 255 0
P 179 150 255 255 0
P 180 150 255 255 0
P 181 150 255 255 0
P 182 150 255 255 0
P 183 150 255 255 0
P 184 150 255 255 0
P 185 150 255 255 0
P 186 150 255 255 0
P 187 150 255 255 0
P 188 150 0 255 255
P 189 150 0 255 255
P 190 150 255 0 0
P 191 150 255 0 0
P 192 150 255 0 0
P 193 150 255 0 0
P 194 150 255 0 0
P 195 150 255 0 0
P 196 150 255 0 0
P 197 150 255 0 0
P 198 150 255 0 0
P 199 150 255 0 0
P 200 150 255 0 0
P 201 150 255 0 0
P 202 150 255 0 0
P 203 150 255 0 0
P 204 150 0 255 0
P 205 150 0 255 0
P 206 150 0 255 0
P 207 150 255 0 255
P 208 150 255 0 255
P 209 150 255 0 255
P 210 150 255 0 255
P 211 150 255 0 255
P 212 150 255 0 255
P 213 150 255 0 255
P 214 150 255 0 255
P 215 150 255 0 255
P 216 150 255 0 255
P 217 150 255 0 255
P 218 150 255 0 255
P 219 150 255 0 255
P 220 150 255 0 255
P 221 150 255 0 255
P 222 150 255 255 0
P 223 150 255 255 0
P 224 150 255 0 0
P 225 150 255 0 0
P 226 150 255 0 0
P 227 150 255 0 0
P 228 150 255 0 0
P 229 150 255 0 0
P 230 150 255 0 0
P 231 150 255 0 0
P 232 150 255 0 0
P 233 150 255 0 0
P 234 150 255 0 0
P 235 150 255 0 0
P 236 150 255 0 0
P 237 150 255 0 0
P 238 150 255 0 0
P 239 150 255 0 255
P 240 150 255 0 255
P 241 150 255 255 0
P 242 150 255 255 0
P 243 150 255 255 0
P 244 150 255 255 0
P 245 150 255 255 0
P 246 150 255 255 0
P 247 150 255 255 0
P 248 150 255 255 0
P 249 150 255 255 0
P 250 150 255 255 0
P 251 150 255 255 0
P 252 150 255 255 0
P 253 150 255 255 0
P 254 150 255 255 0
P 255 150 255 255 0
P 256 150 0 255 255
P 257 150 0 255 255
P 258 150 255 0 0
P 259 150 255 0 0
P 260 150 255 0 0
P 261 150 255 0 0
P 262 150 255 0 0
P 263 150 255 0 0
P 264 150 255 0 0
P 265 150 255 0 0
P 266 150 255 0 0
P 267 150 255 0 0
P 268 150 255 0 0
P 269 150 255 0 0
P 270 150 255 0 0
P 271 150 255 0 0
P 272 150 255 0 0
P 273 150 255 0 255
P 274 150 255 0 255
P 275 150 0 255 0
P 276 150 0 255 0
P 277 150 0 255 0
P 278 150 0 255 0
P 279 150 0 255 0
P 280 150 0 255 0
P 281 150 0 255 0
P 282 150 0 255 0
P 283 150 0 255 0
P 284 150 0 255 0
P 285 150 0 255 0
P 286 150 0 255 0
P 287 150 0 255 0
P 288 150 0 255 0
P 289 150 0 255 0
P 290 150 0 255 255
P 291 150 0 255 255
P 20 151 255 0 0
P 21 151 255 0 0
P 22 151 255 0 0
P 23 151 255 0 0
P 24 151 255 0 0
P 25 151 255 0 0
P 26 151 255 0 0
P 27 151 255 0 0
P 28 151 255 0 0
P 29 151 255 0 0
P 30 151 255 0 0
P 31 151 255 0 0
P 32 151 255 0 0
P 33 151 255 0 0
P 34 151 255 0 0
P 35 151 255 0 0
P 36 151 0 0 255
P 37 151 255 255 0
P 38 151 255 255 0
P 39 151 255 255 0
P 40 151 255 255 0
P 41 151 255 255 0
P 42 151 255 255 0
P 43 151 255 255 0
P 44 151 255 255 0
P 45 151 255 255 0
P 46 151 255 255 0
P 47 151 255 255 0
P 48 151 255 255 0
P 49 151 255 255 0
P 50 151 255 255 0
P 51 151 255 255 0
P 52 151 255 255 0
P 53 151 255 0 255
P 54 151 255 0 0
P 55 151 255 0 0
P 56 151 255 0 0
P 57 151 255 0 0
P 58 151 255 0 0
P 59 151 255 0 0
P 60 151 255 0 0
P 61 151 255 0 0
P 62 151 255 0 0
P 63 151 255 0 0
P 64 151 255 0 0
P 65 151 255 0 0
P 66 151 255 0 0
P 67 151 255 0 0
P 68 151 255 0 0
P 69 151 255 0 0
P 70 151 0 255 0
P 71 151 255 0 255
P 72 151 255 0 255
P 73 151 255 0 255
P 74 151 255 0 255
P 75 151 255 0 255
P 76 151 255 0 255
P 77 151 255 0 255
P 78 151 255 0 255
P 79 151 255 0 255
P 80 151 255 0 255
P 81 151 255 0 255
P 82 151 255 0 255
P 83 151 255 0 255
P 84 151 255 0 255
P 85 151 255 0 255
P 86 151 255 0 255
P 87 151 255 255 0
P 88 151 255 0 0
P 89 151 255 0 0
P 90 151 255 0 0
P 91 151 255 0 0
P 92 151 255 0 0
P 93 151 255 0 0
P 94 151 255 0 0
P 95 151 255 0 0
P 96 151 255 0 0
P 97 151 255 0 0
P 98 151 255 0 0
P 99 151 255 0 0
P 100 151 255 0 0
P 101 151 255 0 0
P 102 151 255 0 0
P 103 151 255 0 0
P 104 151 0 0 255
P 105 151 255 255 0
P 106 151 255 255 0
P 107 151 255 255 0
P 108 151 255 255 0
P 109 151 255 255 0
P 110 151 255 255 0
P 111 151 255 255 0
P 112 151 255 255 0
P 113 151 255 255 0
P 114 151 255 255 0
P 115 151 255 255 0
P 116 151 255 255 0
P 117 151 255 255 0
P 118 151 255 255 0
P 119 151 255 255 0
P 120 151 255 255 0
P 121 151 0 255 255
P 122 151 255 0 0
P 123 151 255 0 0
P 124 151 255 0 0
P 125 151 255 0 0
P 126 151 255 0 0
P 127 151 255 0 0
P 128 151 255 0 0
P 129 151 255 0 0
P 130 151 255 0 0
P 131 151 255 0 0
P 132 151 255 0 0
P 133 151 255 0 0
P 134 151 255 0 0
P 135 151 255 0 0
P 136 151 255 0 0
P 137 151 255 0 0
P 138 151 0 255 0
P 139 151 255 0 255
P 140 151 255 0 255
P 141 151 255 0 255
P 142 151 255 0 255
P 143 151 255 0 255
P 144 151 255 0 255
P 145 151 255 0 255
P 146 151 255 0 255
P 147 151 255 0 255
P 148 151 255 0 255
P 149 151 255 0 255
P 150 151 255 0 255
P 151 151 255 0 255
P 152 151 255 0 255
P 153 151 255 0 255
P 154 151 255 0 255
P 155 151 255 255 0
P 156 151 255 0 0
P 157 151 255 0 0
P 158 151 255 0 0
P 159 151 255 0 0
P 160 151 255 0 0
P 161 151 255 0 0
P 162 151 255 0 0
P 163 151 255 0 0
P 164 151 255 0 0
P 165 151 255 0 0
P 166 151 255 0 0
P 167 151 255 0 0
P 168 151 255 0 0
P 169 151 255 0 0
P 170 151 255 0 0
P 171 151 255 0 0
P 172 151 0 0 255
P 173 151 255 255 0
P 174 151 255 255 0
P 175 151 255 255 0
P 176 151 255 255 0
P 177 151 255 255 0
P 178 151 255 255 0
P 179 151 255 255 0
P 180 151 255 255 0
P 181 151 255 255 0
P 182 151 255 255 0
P 183 151 255 255 0
P 184 151 255 255 0
P 185 151 255 255 0
P 186 151 255 255 0
P 187 151 255 255 0
P 188 151 255 255 0
P 189 151 0 255 255
P 190 151 255 0 0
P 191 151 255 0 0
P 192 151 255 0 0
P 193 151 255 0 0
P 194 151 255 0 0
P 195 151 255 0 0
P 196 151 255 0 0
P 197 151 255 0 0
P 198 151 255 0 0
P 199 151 255 0 0
P 200 151 255 0 0
P 201 151 255 0 0
P 202 151 255 0 0
P 203 151 255 0 0
P 204 151 255 0 0
P 205 151 255 0 0
P 206 151 0 255 0
P 207 151 255 0 255
P 208 151 255 0 255
P 209 151 255 0 255
P 210 151 255 0 255
P 211 151 255 0 255
P 212 151 255 0 255
P 213 151 255 0 255
P 214 151 255 0 255
P 215 151 255 0 255
P 216 151 255 0 255
P 217 151 255 0 255
P 218 151 255 0 255
P 219 151 255 0 255
P 220 151 255 0 255
P 221 151 255 0 255
P 222 151 255 0 255
P 223 151 255 255 0
P 224 151 255 0 0
P 225 151 255 0 0
P 226 151 255 0 0
P 227 151 255 0 0
P 228 151 255 0 0
P 229 151 255 0 0
P 230 151 255 0 0
P 231 151 255 0 0
P 232 151 255 0 0
P 233 151 255 0 0
P 234 151 255 0 0
P 235 151 255 0 0
P 236 151 255 0 0
P 237 151 255 0 0
P 238 151 255 0 0
P 239 151 255 0 0
P 240 151 255 0 255
P 241 151 255 255 0
P 242 151 255 255 0
P 243 151 255 255 0
P 244 151 255 255 0
P 245 151 255 255 0
P 246 151 255 255 0
P 247 151 255 255 0
P 248 151 255 255 0
P 249 151 255 255 0
P 250 151 255 255 0
P 251 151 255 255 0
P 252 151 255 255 0
P 253 151 255 255 0
P 254 151 255 255 0
P 255 151 255 255 0
P 256 151 255 255 0
P 257 151 0 255 255
P 258 151 255 0 0
P 259 151 255 0 0
P 260 151 255 0 0
P 261 151 255 0 0
P 262 151 255 0 0
P 263 151 255 0 0
P 264 151 255 0 0
P 265 151 255 0 0
P 266 151 255 0 0
P 267 151 255 0 0
P 268 151 255 0 0
P 269 151 255 0 0
P 270 151 255 0 0
P 271 151 255 0 0
P 272 151 255 0 0
P 273 151 255 0 0
P 274 151 255 0 255
P 275 151 0 255 0
P 276 151 0 255 0
P 277 151 0 255 0
P 278 151 0 255 0
P 279 151 0 255 0
P 280 151 0 255 0
P 281 151 0 255 0
P 282 151 0 255 0
P 283 151 0 255 0
P 284 151 0 255 0
P 285 151 0 255 0
P 286 151 0 255 0
P 287 151 0 255 0
P 288 151 0 255 0
P 289 151 0 255 0
P 290 151 0 255 0
P 291 151 0 255 255
P 20 152 0 0 255
P 21 152 0 255 0
P 22 152 0 255 0
P 23 152 0 255 0
P 24 152 0 255 0
P 25 152 0 255 0
P 26 152 0 255 0
P 27 152 0 255 0
P 28 152 0 255 0
P 29 152 0 255 0
P 30 152 0 255 0
P 31 152 0 255 0
P 32 152 0 255 0
P 33 152 0 255 0
P 34 152 0 255 0
P 35 152 0 255 0
P 36 152 0 255 0
P 37 152 255 0 255
P 38 152 0 255 255
P 39 152 0 255 255
P 40 152 0 255 255
P 41 152 0 255 255
P 42 152 0 255 255
P 43 152 0 255 255
P 44 152 0 255 255
P 45 152 0 255 255
P 46 152 0 255 255
P 47 152 0 255 255
P 48 152 0 255 255
P 49 152 0 255 255
P 50 152 0 255 255
P 51 152 0 255 255
P 52 152 0 255 255
P 53 152 0 255 255
P 54 152 0 0 255
P 55 152 0 0 255
P 56 152 0 0 255
P 57 152 0 0 255
P 58 152 0 0 255
P 59 152 0 0 255
P 60 152 0 0 255
P 61 152 0 0 255
P 62 152 0 0 255
P 63 152 0 0 255
P 64 152 0 0 255
P 65 152 0 0 255
P 66 152 0 0 255
P 67 152 0 0 255
P 68 152 0 0 255
P 69 152 0 0 255
P 70 152 0 0 255
P 71 152 0 255 255
P 72 152 0 255 255
P 73 152 0 255 255
P 74 152 0 255 255
P 75 152 0 255 255
P 76 152 0 255 255
P 77 152 0 255 255
P 78 152 0 255 255
P 79 152 0 255 255
P 80 152 0 255 255
P 81 152 0 255 255
P 82 152 0 255 255
P 83 152 0 255 255
P 84 152 0 255 255
P 85 152 0 255 255
P 86 152 0 255 255
P 87 152 0 255 255
P 88 152 0 0 255
P 89 152 0 255 0
P 90 152 0 255 0
P 91 152 0 255 0
P 92 152 0 255 0
P 93 152 0 255 0
P 94 152 0 255 0
P 95 152 0 255 0
P 96 152 0 255 0
P 97 152 0 255 0
P 98 152 0 255 0
P 99 152 0 255 0
P 100 152 0 255 0
P 101 152 0 255 0
P 102 152 0 255 0
P 103 152 0 255 0
P 104 152 0 255 0
P 105 152 0 255 255
P 106 152 255 0 255
P 107 152 255 0 255
P 108 152 255 0 255
P 109 152 255 0 255
P 110 152 255 0 255
P 111 152 255 0 255
P 112 152 255 0 255
P 113 152 255 0 255
P 114 152 255 0 255
P 115 152 255 0 255
P 116 152 255 0 255
P 117 152 255 0 255
P 118 152 255 0 255
P 119 152 255 0 255
P 120 152 255 0 255
P 121 152 255 0 255
P 122 152 0 0 255
P 123 152 0 0 255
P 124 152 0 0 255
P 125 152 0 0 255
P 126 152 0 0 255
P 127 152 0 0 255
P 128 152 0 0 255
P 129 152 0 0 255
P 130 152 0 0 255
P 131 152 0 0 255
P 132 152 0 0 255
P 133 152 0 0 255
P 134 152 0 0 255
P 135 152 0 0 255
P 136 152 0 0 255
P 137 152 0 0 255
P 138 152 0 0 255
P 139 152 0 255 255
P 140 152 0 255 255
P 141 152 0 255 255
P 142 152 0 255 255
P 143 152 0 255 255
P 144 152 0 255 255
P 145 152 0 255 255
P 146 152 0 255 255
P 147 152 0 255 255
P 148 152 0 255 255
P 149 152 0 255 255
P 150 152 0 255 255
P 151 152 0 255 255
P 152 152 0 255 255
P 153 152 0 255 255
P 154 152 0 255 255
P 155 152 0 255 255
P 156 152 0 0 255
P 157 152 0 255 0
P 158 152 0 255 0
P 159 152 0 255 0
P 160 152 0 255 0
P 161 152 0 255 0
P 162 152 0 255 0
P 163 152 0 255 0
P 164 152 0 255 0
P 165 152 0 255 0
P 166 152 0 255 0
P 167 152 0 255 0
P 168 152 0 255 0
P 169 152 0 255 0
P 170 152 0 255 0
P 171 152 0 255 0
P 172 152 0 255 0
P 173 152 0 255 255
P 174 152 255 0 255
P 175 152 255 0 255
P 176 152 255 0 255
P 177 152 255 0 255
P 178 152 255 0 255
P 179 152 255 0 255
P 180 152 255 0 255
P 181 152 255 0 255
P 182 152 255 0 255
P 183 152 255 0 255
P 184 152 255 0 255
P 185 152 255 0 255
P 186 152 255 0 255
P 187 152 255 0 255
P 188 152 255 0 255
P 189 152 255 0 255
P 190 152 0 255 0
P 191 152 0 0 255
P 192 152 0 0 255
P 193 152 0 0 255
P 194 152 0 0 255
P 195 152 0 0 255
P 196 152 0 0 255
P 197 152 0 0 255
P 198 152 0 0 255
P 199 152 0 0 255
P 200 152 0 0 255
P 201 152 0 0 255
P 202 152 0 0 255
P 203 152 0 0 255
P 204 152 0 0 255
P 205 152 0 0 255
P 206 152 0 0 255
P 207 152 0 255 255
P 208 152 0 255 255
P 209 152 0 255 255
P 210 152 0 255 255
P 211 152 0 255 255
P 212 152 0 255 255
P 213 152 0 255 255
P 214 152 0 255 255
P 215 152 0 255 255
P 216 152 0 255 255
P 217 152 0 255 255
P 218 152 0 255 255
P 219 152 0 255 255
P 220 152 0 255 255
P 221 152 0 255 255
P 222 152 0 255 255
P 223 152 0 255 255
P 224 152 0 0 255
P 225 152 0 255 0
P 226 152 0 255 0
P 227 152 0 255 0
P 228 152 0 255 0
P 229 152 0 255 0
P 230 152 0 255 0
P 231 152 0 255 0
P 232 152 0 255 0
P 233 152 0 255 0
P 234 152 0 255 0
P 235 152 0 255 0
P 236 152 0 255 0
P 237 152 0 255 0
P 238 152 0 255 0
P 239 152 0 255 0
P 240 152 0 255 0
P 241 152 0 255 255
P 242 152 0 0 255
P 243 152 0 0 255
P 244 152 0 0 255
P 245 152 0 0 255
P 246 152 0 0 255
P 247 152 0 0 255
P 248 152 0 0 255
P 249 152 0 0 255
P 250 152 0 0 255
P 251 152 0 0 255
P 252 152 0 0 255
P 253 152 0 0 255
P 254 152 0 0 255
P 255 152 0 0 255
P 256 152 0 0 255
P 257 152 0 0 255
P 258 152 0 255 0
P 259 152 255 255 255
P 260 152 255 255 255
P 261 152 255 255 255
P 262 152 255 255 255
P 263 152 255 255 255
P 264 152 255 255 255
P 265 152 255 255 255
P 266 152 255 255 255
P 267 152 255 255 255
P 268 152 255 255 255
P 269 152 255 255 255
P 270 152 255 255 255
P 271 152 255 255 255
P 272 152 255 255 255
P 273 152 255 255 255
P 274 152 255 255 255
P 275 152 255 255 0
P 276 152 0 0 255
P 277 152 0 0 255
P 278 152 0 0 255
P 279 152 0 0 255
P 280 152 0 0 255
P 281 152 0 0 255
P 282 152 0 0 255
P 283 152 0 0 255
P 284 152 0 0 255
P 285 152 0 0 255
P 286 152 0 0 255
P 287 152 0 0 255
P 288 152 0 0 255
P 289 152 0 0 255
P 290 152 0 0 255
P 291 152 0 0 255
P 20 153 0 0 255
P 21 153 0 0 255
P 22 153 0 255 0
P 23 153 0 255 0
P 24 153 0 255 0
P 25 153 0 255 0
P 26 153 0 255 0
P 27 153 0 255 0
P 28 153 0 255 0
P 29 153 0 255 0
P 30 153 0 255 0
P 31 153 0 255 0
P 32 153 0 255 0
P 33 153 0 255 0
P 34 153 0 255 0
P 35 153 0 255 0
P 36 153 0 255 0
P 37 153 255 0 255
P 38 153 255 0 255
P 39 153 0 255 255
P 40 153 0 255 255
P 41 153 0 255 255
P 42 153 0 255 255
P 43 153 0 255 255
P 44 153 0 255 255
P 45 153 0 255 255
P 46 153 0 255 255
P 47 153 0 255 255
P 48 153 0 255 255
P 49 153 0 255 255
P 50 153 0 255 255
P 51 153 0 255 255
P 52 153 0 255 255
P 53 153 0 255 255
P 54 153 0 255 0
P 55 153 0 255 0
P 56 153 0 0 255
P 57 153 0 0 255
P 58 153 0 0 255
P 59 153 0 0 255
P 60 153 0 0 255
P 61 153 0 0 255
P 62 153 0 0 255
P 63 153 0 0 255
P 64 153 0 0 255
P 65 153 0 0 255
P 66 153 0 0 255
P 67 153 0 0 255
P 68 153 0 0 255
P 69 153 0 0 255
P 70 153 0 0 255
P 71 153 255 255 0
P 72 153 255 255 0
P 73 153 0 255 255
P 74 153 0 255 255
P 75 153 0 255 255
P 76 153 0 255 255
P 77 153 0 255 255
P 78 153 0 255 255
P 79 153 0 255 255
P 80 153 0 255 255
P 81 153 0 255 255
P 82 153 0 255 255
P 83 153 0 255 255
P 84 153 0 255 255
P 85 153 0 255 255
P 86 153 0 255 255
P 87 153 0 255 255
P 88 153 0 0 255
P 89 153 0 0 255
P 90 153 0 255 0
P 91 153 0 255 0
P 92 153 0 255 0
P 93 153 0 255 0
P 94 153 0 255 0
P 95 153 0 255 0
P 96 153 0 255 0
P 97 153 0 255 0
P 98 153 0 255 0
P 99 153 0 255 0
P 100 153 0 255 0
P 101 153 0 255 0
P 102 153 0 255 0
P 103 153 0 255 0
P 104 153 0 255 0
P 105 153 0 255 255
P 106 153 0 255 255
P 107 153 255 0 255
P 108 153 255 0 255
P 109 153 255 0 255
P 110 153 255 0 255
P 111 153 255 0 255
P 112 153 255 0 255
P 113 153 255 0 255
P 114 153 255 0 255
P 115 153 255 0 255
P 116 153 255 0 255
P 117 153 255 0 255
P 118 153 255 0 255
P 119 153 255 0 255
P 120 153 255 0 255
P 121 153 255 0 255
P 122 153 0 255 0
P 123 153 0 255 0
P 124 153 0 0 255
P 125 153 0 0 255
P 126 153 0 0 255
P 127 153 0 0 255
P 128 153 0 0 255
P 129 153 0 0 255
P 130 153 0 0 255
P 131 153 0 0 255
P 132 153 0 0 255
P 133 153 0 0 255
P 134 153 0 0 255
P 135 153 0 0 255
P 136 153 0 0 255
P 137 153 0 0 255
P 138 153 0 0 255
P 139 153 255 255 0
P 140 153 255 255 0
P 141 153 0 255 255
P 142 153 0 255 255
P 143 153 0 255 255
P 144 153 0 255 255
P 145 153 0 255 255
P 146 153 0 255 255
P 147 153 0 255 255
P 148 153 0 255 255
P 149 153 0 255 255
P 150 153 0 255 255
P 151 153 0 255 255
P 152 153 0 255 255
P 153 153 0 255 255
P 154 153 0 255 255
P 155 153 0 255 255
P 156 153 0 0 255
P 157 153 0 0 255
P 158 153 0 255 0
P 159 153 0 255 0
P 160 153 0 255 0
P 161 153 0 255 0
P 162 153 0 255 0
P 163 153 0 255 0
P 164 153 0 255 0
P 165 153 0 255 0
P 166 153 0 255 0
P 167 153 0 255 0
P 168 153 0 255 0
P 169 153 0 255 0
P 170 153 0 255 0
P 171 153 0 255 0
P 172 153 0 255 0
P 173 153 0 255 255
P 174 153 0 255 255
P 175 153 255 0 255
P 176 153 255 0 255
P 177 153 255 0 255
P 178 153 255 0 255
P 179 153 255 0 255
P 180 153 255 0 255
P 181 153 255 0 255
P 182 153 255 0 255
P 183 153 255 0 255
P 184 153 255 0 255
P 185 153 255 0 255
P 186 153 255 0 255
P 187 153 255 0 255
P 188 153 255 0 255
P 189 153 255 0 255
P 190 153 0 255 0
P 191 153 0 255 0
P 192 153 0 0 255
P 193 153 0 0 255
P 194 153 0 0 255
P 195 153 0 0 255
P 196 153 0 0 255
P 197 153 0 0 255
P 198 153 0 0 255
P 199 153 0 0 255
P 200 153 0 0 255
P 201 153 0 0 255
P 202 153 0 0 255
P 203 153 0 0 255
P 204 153 0 0 255
P 205 153 0 0 255
P 206 153 0 0 255
P 207 153 255 255 0
P 208 153 255 255 0
P 209 153 0 255 255
P 210 153 0 255 255
P 211 153 0 255 255
P 212 153 0 255 255
P 213 153 0 255 255
P 214 153 0 255 255
P 215 153 0 255 255
P 216 153 0 255 255
P 217 153 0 255 255
P 218 153 0 255 255
P 219 153 0 255 255
P 220 153 0 255 255
P 221 153 0 255 255
P 222 153 0 255 255
P 223 153 0 255 255
P 224 153 0 0 255
P 225 153 0 0 255
P 226 153 0 255 0
P 227 153 0 255 0
P 228 153 0 255 0
P 229 153 0 255 0
P 230 153 0 255 0
P 231 153 0 255 0
P 232 153 0 255 0
P 233 153 0 255 0
P 234 153 0 255 0
P 235 153 0 255 0
P 236 153 0 255 0
P 237 153 0 255 0
P 238 153 0 255 0
P 239 153 0 255 0
P 240 153 0 255 0
P 241 153 0 255 255
P 242 153 0 255 255
P 243 153 0 0 255
P 244 153 0 0 255
P 245 153 0 0 255
P 246 153 0 0 255
P 247 153 0 0 255
P 248 153 0 0 255
P 249 153 0 0 255
P 250 153 0 0 255
P 251 153 0 0 255
P 252 153 0 0 255
P 253 153 0 0 255
P 254 153 0 0 255
P 255 153 0 0 255
P 256 153 0 0 255
P 257 153 0 0 255
P 258 153 0 255 0
P 259 153 0 255 0
P 260 153 255 255 255
P 261 153 255 255 255
P 262 153 255 255 255
P 263 153 255 255 255
P 264 153 255 255 255
P 265 153 255 255 255
P 266 153 255 255 255
P 267 153 255 255 255
P 268 153 255 255 255
P 269 153 255 255 255
P 270 153 255 255 255
P 271 153 255 255 255
P 272 153 255 255 255
P 273 153 255 255 255
P 274 153 255 255 255
P 275 153 255 255 0
P 276 153 255 255 0
P 277 153 0 0 255
P 278 153 0 0 255
P 279 153 0 0 255
P 280 153 0 0 255
P 281 153 0 0 255
P 282 153 0 0 255
P 283 153 0 0 255
P 284 153 0 0 255
P 285 153 0 0 255
P 286 153 0 0 255
P 287 153 0 0 255
P 288 153 0 0 255
P 289 153 0 0 255
P 290 153 0 0 255
P 291 153 0 0 255
P 20 154 0 0 255
P 21 154 0 0 255
P 22 154 0 0 255
P 23 154 0 255 0
P 24 154 0 255 0
P 25 154 0 255 0
P 26 154 0 255 0
P 27 154 0 255 0
P 28 154 0 255 0
P 29 154 0 255 0
P 30 154 0 255 0
P 31 154 0 255 0
P 32 154 0 255 0
P 33 154 0 255 0
P 34 154 0 255 0
P 35 154 0 255 0
P 36 154 0 255 0
P 37 154 255 0 255
P 38 154 255 0 255
P 39 154 255 0 255
P 40 154 0 255 255
P 41 154 0 255 255
P 42 154 0 255 255
P 43 154 0 255 255
P 44 154 0 255 255
P 45 154 0 255 255
P 46 154 0 255 255
P 47 154 0 255 255
P 48 154 0 255 255
P 49 154 0 255 255
P 50 154 0 255 255
P 51 154 0 255 255
P 52 154 0 255 255
P 53 154 0 255 255
P 54 154 0 255 0
P 55 154 0 255 0
P 56 154 0 255 0
P 57 154 0 0 255
P 58 154 0 0 255
P 59 154 0 0 255
P 60 154 0 0 255
P 61 154 0 0 255
P 62 154 0 0 255
P 63 154 0 0 255
P 64 154 0 0 255
P 65 154 0 0 255
P 66 154 0 0 255
P 67 154 0 0 255
P 68 154 0 0 255
P 69 154 0 0 255
P 70 154 0 0 255
P 71 154 255 255 0
P 72 154 255 255 0
P 73 154 255 255 0
P 74 154 0 255 255
P 75 154 0 255 255
P 76 154 0 255 255
P 77 154 0 255 255
P 78 154 0 255 255
P 79 154 0 255 255
P 80 154 0 255 255
P 81 154 0 255 255
P 82 154 0 255 255
P 83 154 0 255 255
P 84 154 0 255 255
P 85 154 0 255 255
P 86 154 0 255 255
P 87 154 0 255 255
P 88 154 0 0 255
P 89 154 0 0 255
P 90 154 0 0 255
P 91 154 0 0 255
P 92 154 0 255 0
P 93 154 0 255 0
P 94 154 0 255 0
P 95 154 0 255 0
P 96 154 0 255 0
P 97 154 0 255 0
P 98 154 0 255 0
P 99 154 0 255 0
P 100 154 0 255 0
P 101 154 0 255 0
P 102 154 0 255 0
P 103 154 0 255 0
P 104 154 0 255 0
P 105 154 0 255 255
P 106 154 0 255 255
P 107 154 0 255 255
P 108 154 0 255 255
P 109 154 255 0 255
P 110 154 255 0 255
P 111 154 255 0 255
P 112 154 255 0 255
P 113 154 255 0 255
P 114 154 255 0 255
P 115 154 255 0 255
P 116 154 255 0 255
P 117 154 255 0 255
P 118 154 255 0 255
P 119 154 255 0 255
P 120 154 255 0 255
P 121 154 255 0 255
P 122 154 0 255 0
P 123 154 0 255 0
P 124 154 0 255 0
P 125 154 0 0 255
P 126 154 0 0 255
P 127 154 0 0 255
P 128 154 0 0 255
P 129 154 0 0 255
P 130 154 0 0 255
P 131 154 0 0 255
P 132 154 0 0 255
P 133 154 0 0 255
P 134 154 0 0 255
P 135 154 0 0 255
P 136 154 0 0 255
P 137 154 0 0 255
P 138 154 0 0 255
P 139 154 255 255 0
P 140 154 255 255 0
P 141 154 255 255 0
P 142 154 0 255 255
P 143 154 0 255 255
P 144 154 0 255 255
P 145 154 0 255 255
P 146 154 0 255 255
P 147 154 0 255 255
P 148 154 0 255 255
P 149 154 0 255 255
P 150 154 0 255 255
P 151 154 0 255 255
P 152 154 0 255 255
P 153 154 0 255 255
P 154 154 0 255 255
P 155 154 0 255 255
P 156 154 0 0 255
P 157 154 0 0 255
P 158 154 0 0 255
P 159 154 0 0 255
P 160 154 0 255 0
P 161 154 0 255 0
P 162 154 0 255 0
P 163 154 0 255 0
P 164 154 0 255 0
P 165 154 0 255 0
P 166 154 0 255 0
P 167 154 0 255 0
P 168 154 0 255 0
P 169 154 0 255 0
P 170 154 0 255 0
P 171 154 0 255 0
P 172 154 0 255 0
P 173 154 0 255 255
P 174 154 0 255 255
P 175 154 0 255 255
P 176 154 255 0 255
P 177 154 255 0 255
P 178 154 255 0 255
P 179 154 255 0 255
P 180 154 255 0 255
P 181 154 255 0 255
P 182 154 255 0 255
P 183 154 255 0 255
P 184 154 255 0 255
P 185 154 255 0 255
P 186 154 255 0 255
P 187 154 255 0 255
P 188 154 255 0 255
P 189 154 255 0 255
P 190 154 0 255 0
P 191 154 0 255 0
P 192 154 0 255 0
P 193 154 0 255 0
P 194 154 0 0 255
P 195 154 0 0 255
P 196 154 0 0 255
P 197 154 0 0 255
P 198 154 0 0 255
P 199 154 0 0 255
P 200 154 0 0 255
P 201 154 0 0 255
P 202 154 0 0 255
P 203 154 0 0 255
P 204 154 0 0 255
P 205 154 0 0 255
P 206 154 0 0 255
P 207 154 255 255 0
P 208 154 255 255 0
P 209 154 255 255 0
P 210 154 0 255 255
P 211 154 0 255 255
P 212 154 0 255 255
P 213 154 0 255 255
P 214 154 0 255 255
P 215 154 0 255 255
P 216 154 0 255 255
P 217 154 0 255 255
P 218 154 0 255 255
P 219 154 0 255 255
P 220 154 0 255 255
P 221 154 0 255 255
P 222 154 0 255 255
P 223 154 0 255 255
P 224 154 0 0 255
P 225 154 0 0 255
P 226 154 0 0 255
P 227 154 0 0 255
P 228 154 0 255 0
P 229 154 0 255 0
P 230 154 0 255 0
P 231 154 0 255 0
P 232 154 0 255 0
P 233 154 0 255 0
P 234 154 0 255 0
P 235 154 0 255 0
P 236 154 0 255 0
P 237 154 0 255 0
P 238 154 0 255 0
P 239 154 0 255 0
P 240 154 0 255 0
P 241 154 0 255 255
P 242 154 0 255 255
P 243 154 0 255 255
P 244 154 0 0 255
P 245 154 0 0 255
P 246 154 0 0 255
P 247 154 0 0 255
P 248 154 0 0 255
P 249 154 0 0 255
P 250 154 0 0 255
P 251 154 0 0 255
P 252 154 0 0 255
P 253 154 0 0 255
P 254 154 0 0 255
P 255 154 0 0 255
P 256 154 0 0 255
P 257 154 0 0 255
P 258 154 0 255 0
P 259 154 0 255 0
P 260 154 0 255 0
P 261 154 0 255 0
P 262 154 255 255 255
P 263 154 255 255 255
P 264 154 255 255 255
P 265 154 255 255 255
P 266 154 255 255 255
P 267 154 255 255 255
P 268 154 255 255 255
P 269 154 255 255 255
P 270 154 255 255 255
P 271 154 255 255 255
P 272 154 255 255 255
P 273 154 255 255 255
P 274 154 255 255 255
P 275 154 255 255 0
P 276 154 255 255 0
P 277 154 255 255 0
P 278 154 0 0 255
P 279 154 0 0 255
P 280 154 0 0 255
P 281 154 0 0 255
P 282 154 0 0 255
P 283 154 0 0 255
P 284 154 0 0 255
P 285 154 0 0 255
P 286 154 0 0 255
P 287 154 0 0 255
P 288 154 0 0 255
P 289 154 0 0 255
P 290 154 0 0 255
P 291 154 0 0 255
P 20 155 0 0 255
P 21 155 0 0 255
P 22 155 0 0 255
P 23 155 0 0 255
P 24 155 0 0 255
P 25 155 0 255 0
P 26 155 0 255 0
P 27 155 0 255 0
P 28 155 0 255 0
P 29 155 0 255 0
P 30 155 0 255 0
P 31 155 0 255 0
P 32 155 0 255 0
P 33 155 0 255 0
P 34 155 0 255 0
P 35 155 0 255 0
P 36 155 0 255 0
P 37 155 255 0 255
P 38 155 255 0 255
P 39 155 255 0 255
P 40 155 255 0 255
P 41 155 255 0 255
P 42 155 0 255 255
P 43 155 0 255 255
P 44 155 0 255 255
P 45 155 0 255 255
P 46 155 0 255 255
P 47 155 0 255 255
P 48 155 0 255 255
P 49 155 0 255 255
P 50 155 0 255 255
P 51 155 0 255 255
P 52 155 0 255 255
P 53 155 0 255 255
P 54 155 0 255 0
P 55 155 0 255 0
P 56 155 0 255 0
P 57 155 0 255 0
P 58 155 0 255 0
P 59 155 0 0 255
P 60 155 0 0 255
P 61 155 0 0 255
P 62 155 0 0 255
P 63 155 0 0 255
P 64 155 0 0 255
P 65 155 0 0 255
P 66 155 0 0 255
P 67 155 0 0 255
P 68 155 0 0 255
P 69 155 0 0 255
P 70 155 0 0 255
P 71 155 255 255 0
P 72 155 255 255 0
P 73 155 255 255 0
P 74 155 255 255 0
P 75 155 255 255 0
P 76 155 0 255 255
P 77 155 0 255 255
P 78 155 0 255 255
P 79 155 0 255 255
P 80 155 0 255 255
P 81 155 0 255 255
P 82 155 0 255 255
P 83 155 0 255 255
P 84 155 0 255 255
P 85 155 0 255 255
P 86 155 0 255 255
P 87 155 0 255 255
P 88 155 0 0 255
P 89 155 0 0 255
P 90 155 0 0 255
P 91 155 0 0 255
P 92 155 0 0 255
P 93 155 0 255 0
P 94 155 0 255 0
P 95 155 0 255 0
P 96 155 0 255 0
P 97 155 0 255 0
P 98 155 0 255 0
P 99 155 0 255 0
P 100 155 0 255 0
P 101 155 0 255 0
P 102 155 0 255 0
P 103 155 0 255 0
P 104 155 0 255 0
P 105 155 0 255 255
P 106 155 0 255 255
P 107 155 0 255 255
P 108 155 0 255 255
P 109 155 0 255 255
P 110 155 255 0 255
P 111 155 255 0 255
P 112 155 255 0 255
P 113 155 255 0 255
P 114 155 255 0 255
P 115 155 255 0 255
P 116 155 255 0 255
P 117 155 255 0 255
P 118 155 255 0 255
P 119 155 255 0 255
P 120 155 255 0 255
P 121 155 255 0 255
P 122 155 0 255 0
P 123 155 0 255 0
P 124 155 0 255 0
P 125 155 0 255 0
P 126 155 0 255 0
P 127 155 0 0 255
P 128 155 0 0 255
P 129 155 0 0 255
P 130 155 0 0 255
P 131 155 0 0 255
P 132 155 0 0 255
P 133 155 0 0 255
P 134 155 0 0 255
P 135 155 0 0 255
P 136 155 0 0 255
P 137 155 0 0 255
P 138 155 0 0 255
P 139 155 255 255 0
P 140 155 255 255 0
P 141 155 255 255 0
P 142 155 255 255 0
P 143 155 255 255 0
P 144 155 0 255 255
P 145 155 0 255 255
P 146 155 0 255 255
P 147 155 0 255 255
P 148 155 0 255 255
P 149 155 0 255 255
P 150 155 0 255 255
P 151 155 0 255 255
P 152 155 0 255 255
P 153 155 0 255 255
P 154 155 0 255 255
P 155 155 0 255 255
P 156 155 0 0 255
P 157 155 0 0 255
P 158 155 0 0 255
P 159 155 0 0 255
P 160 155 0 0 255
P 161 155 0 255 0
P 162 155 0 255 0
P 163 155 0 255 0
P 164 155 0 255 0
P 165 155 0 255 0
P 166 155 0 255 0
P 167 155 0 255 0
P 168 155 0 255 0
P 169 155 0 255 0
P 170 155 0 255 0
P 171 155 0 255 0
P 172 155 0 255 0
P 173 155 0 255 255
P 174 155 0 255 255
P 175 155 0 255 255
P 176 155 0 255 255
P 177 155 0 255 255
P 178 155 255 0 255
P 179 155 255 0 255
P 180 155 255 0 255
P 181 155 255 0 255
P 182 155 255 0 255
P 183 155 255 0 255
P 184 155 255 0 255
P 185 155 255 0 255
P 186 155 255 0 255
P 187 155 255 0 255
P 188 155 255 0 255
P 189 155 255 0 255
P 190 155 0 255 0
P 191 155 0 255 0
P 192 155 0 255 0
P 193 155 0 255 0
P 194 155 0 255 0
P 195 155 0 0 255
P 196 155 0 0 255
P 197 155 0 0 255
P 198 155 0 0 255
P 199 155 0 0 255
P 200 155 0 0 255
P 201 155 0 0 255
P 202 155 0 0 255
P 203 155 0 0 255
P 204 155 0 0 255
P 205 155 0 0 255
P 206 155 0 0 255
P 207 155 255 255 0
P 208 155 255 255 0
P 209 155 255 255 0
P 210 155 255 255 0
P 211 155 255 255 0
P 212 155 0 255 255
P 213 155 0 255 255
P 214 155 0 255 255
P 215 155 0 255 255
P 216 155 0 255 255
P 217 155 0 255 255
P 218 155 0 255 255
P 219 155 0 255 255
P 220 155 0 255 255
P 221 155 0 255 255
P 222 155 0 255 255
P 223 155 0 255 255
P 224 155 0 0 255
P 225 155 0 0 255
P 226 155 0 0 255
P 227 155 0 0 255
P 228 155 0 0 255
P 229 155 0 255 0
P 230 155 0 255 0
P 231 155 0 255 0
P 232 155 0 255 0
P 233 155 0 255 0
P 234 155 0 255 0
P 235 155 0 255 0
P 236 155 0 255 0
P 237 155 0 255 0
P 238 155 0 255 0
P 239 155 0 255 0
P 240 155 0 255 0
P 241 155 0 255 255
P 242 155 0 255 255
P 243 155 0 255 255
P 244 155 0 255 255
P 245 155 0 255 255
P 246 155 0 0 255
P 247 155 0 0 255
P 248 155 0 0 255
P 249 155 0 0 255
P 250 155 0 0 255
P 251 155 0 0 255
P 252 155 0 0 255
P 253 155 0 0 255
P 254 155 0 0 255
P 255 155 0 0 255
P 256 155 0 0 255
P 257 155 0 0 255
P 258 155 0 255 0
P 259 155 0 255 0
P 260 155 0 255 0
P 261 155 0 255 0
P 262 155 0 255 0
P 263 155 255 255 255
P 264 155 255 255 255
P 265 155 255 255 255
P 266 155 255 255 255
P 267 155 255 255 255
P 268 155 255 255 255
P 269 155 255 255 255
P 270 155 255 255 255
P 271 155 255 255 255
P 272 155 255 255 255
P 273 155 255 255 255
P 274 155 255 255 255
P 275 155 255 255 0
P 276 155 255 255 0
P 277 155 255 255 0
P 278 155 255 255 0
P 279 155 255 255 0
P 280 155 0 0 255
P 281 155 0 0 255
P 282 155 0 0 255
P 283 155 0 0 255
P 284 155 0 0 255
P 285 155 0 0 255
P 286 155 0 0 255
P 287 155 0 0 255
P 288 155 0 0 255
P 289 155 0 0 255
P 290 155 0 0 255
P 291 155 0 0 255
P 20 156 0 0 255
P 21 156 0 0 255
P 22 156 0 0 255
P 23 156 0 0 255
P 24 156 0 0 255
P 25 156 0 0 255
P 26 156 0 255 0
P 27 156 0 255 0
P 28 156 0 255 0
P 29 156 0 255 0
P 30 156 0 255 0
P 31 156 0 255 0
P 32 156 0 255 0
P 33 156 0 255 0
P 34 156 0 255 0
P 35 156 0 255 0
P 36 156 0 255 0
P 37 156 255 0 255
P 38 156 255 0 255
P 39 156 255 0 255
P 40 156 255 0 255
P 41 156 255 0 255
P 42 156 255 0 255
P 43 156 0 255 255
P 44 156 0 255 255
P 45 156 0 255 255
P 46 156 0 255 255
P 47 156 0 255 255
P 48 156 0 255 255
P 49 156 0 255 255
P 50 156 0 255 255
P 51 156 0 255 255
P 52 156 0 255 255
P 53 156 0 255 255
P 54 156 0 255 0
P 55 156 0 255 0
P 56 156 0 255 0
P 57 156 0 255 0
P 58 156 0 255 0
P 59 156 0 255 0
P 60 156 0 0 255
P 61 156 0 0 255
P 62 156 0 0 255
P 63 156 0 0 255
P 64 156 0 0 255
P 65 156 0 0 255
P 66 156 0 0 255
P 67 156 0 0 255
P 68 156 0 0 255
P 69 156 0 0 255
P 70 156 0 0 255
P 71 156 255 255 0
P 72 156 255 255 0
P 73 156 255 255 0
P 74 156 255 255 0
P 75 156 255 255 0
P 76 156 255 255 0
P 77 156 0 255 255
P 78 156 0 255 255
P 79 156 0 255 255
P 80 156 0 255 255
P 81 156 0 255 255
P 82 156 0 255 255
P 83 156 0 255 255
P 84 156 0 255 255
P 85 156 0 255 255
P 86 156 0 255 255
P 87 156 0 255 255
P 88 156 0 0 255
P 89 156 0 0 255
P 90 156 0 0 255
P 91 156 0 0 255
P 92 156 0 0 255
P 93 156 0 0 255
P 94 156 0 255 0
P 95 156 0 255 0
P 96 156 0 255 0
P 97 156 0 255 0
P 98 156 0 255 0
P 99 156 0 255 0
P 100 156 0 255 0
P 101 156 0 255 0
P 102 156 0 255 0
P 103 156 0 255 0
P 104 156 0 255 0
P 105 156 0 255 255
P 106 156 0 255 255
P 107 156 0 255 255
P 108 156 0 255 255
P 109 156 0 255 255
P 110 156 0 255 255
P 111 156 0 255 255
P 112 156 255 0 255
P 113 156 255 0 255
P 114 156 255 0 255
P 115 156 255 0 255
P 116 156 255 0 255
P 117 156 255 0 255
P 118 156 255 0 255
P 119 156 255 0 255
P 120 156 255 0 255
P 121 156 255 0 255
P 122 156 0 255 0
P 123 156 0 255 0
P 124 156 0 255 0
P 125 156 0 255 0
P 126 156 0 255 0
P 127 156 0 255 0
P 128 156 0 0 255
P 129 156 0 0 255
P 130 156 0 0 255
P 131 156 0 0 255
P 132 156 0 0 255
P 133 156 0 0 255
P 134 156 0 0 255
P 135 156 0 0 255
P 136 156 0 0 255
P 137 156 0 0 255
P 138 156 0 0 255
P 139 156 255 255 0
P 140 156 255 255 0
P 141 156 255 255 0
P 142 156 255 255 0
P 143 156 255 255 0
P 144 156 255 255 0
P 145 156 0 255 255
P 146 156 0 255 255
P 147 156 0 255 255
P 148 156 0 255 255
P 149 156 0 255 255
P 150 156 0 255 255
P 151 156 0 255 255
P 152 156 0 255 255
P 153 156 0 255 255
P 154 156 0 255 255
P 155 156 0 255 255
P 156 156 0 0 255
P 157 156 0 0 255
P 158 156 0 0 255
P 159 156 0 0 255
P 160 156 0 0 255
P 161 156 0 0 255
P 162 156 0 255 0
P 163 156 0 255 0
P 164 156 0 255 0
P 165 156 0 255 0
P 166 156 0 255 0
P 167 156 0 255 0
P 168 156 0 255 0
P 169 156 0 255 0
P 170 156 0 255 0
P 171 156 0 255 0
P 172 156 0 255 0
P 173 156 0 255 255
P 174 156 0 255 255
P 175 156 0 255 255
P 176 156 0 255 255
P 177 156 0 255 255
P 178 156 0 255 255
P 179 156 255 0 255
P 180 156 255 0 255
P 181 156 255 0 255
P 182 156 255 0 255
P 183 156 255 0 255
P 184 156 255 0 255
P 185 156 255 0 255
P 186 156 255 0 255
P 187 156 255 0 255
P 188 156 255 0 255
P 189 156 255 0 255
P 190 156 0 255 0
P 191 156 0 255 0
P 192 156 0 255 0
P 193 156 0 255 0
P 194 156 0 255 0
P 195 156 0 255 0
P 196 156 0 0 255
P 197 156 0 0 255
P 198 156 0 0 255
P 199 156 0 0 255
P 200 156 0 0 255
P 201 156 0 0 255
P 202 156 0 0 255
P 203 156 0 0 255
P 204 156 0 0 255
P 205 156 0 0 255
P 206 156 0 0 255
P 207 156 255 255 0
P 208 156 255 255 0
P 209 156 255 255 0
P 210 156 255 255 0
P 211 156 255 255 0
P 212 156 255 255 0
P 213 156 0 255 255
P 214 156 0 255 255
P 215 156 0 255 255
P 216 156 0 255 255
P 217 156 0 255 255
P 218 156 0 255 255
P 219 156 0 255 255
P 220 156 0 255 255
P 221 156 0 255 255
P 222 156 0 255 255
P 223 156 0 255 255
P 224 156 0 0 255
P 225 156 0 0 255
P 226 156 0 0 255
P 227 156 0 0 255
P 228 156 0 0 255
P 229 156 0 0 255
P 230 156 0 255 0
P 231 156 0 255 0
P 232 156 0 255 0
P 233 156 0 255 0
P 234 156 0 255 0
P 235 156 0 255 0
P 236 156 0 255 0
P 237 156 0 255 0
P 238 156 0 255 0
P 239 156 0 255 0
P 240 156 0 255 0
P 241 156 0 255 255
P 242 156 0 255 255
P 243 156 0 255 255
P 244 156 0 255 255
P 245 156 0 255 255
P 246 156 0 255 255
P 247 156 0 0 255
P 248 156 0 0 255
P 249 156 0 0 255
P 250 156 0 0 255
P 251 156 0 0 255
P 252 156 0 0 255
P 253 156 0 0 255
P 254 156 0 0 255
P 255 156 0 0 255
P 256 156 0 0 255
P 257 156 0 0 255
P 258 156 0 255 0
P 259 156 0 255 0
P 260 156 0 255 0
P 261 156 0 255 0
P 262 156 0 255 0
P 263 156 0 255 0
P 264 156 255 255 255
P 265 156 255 255 255
P 266 156 255 255 255
P 267 156 255 255 255
P 268 156 255 255 255
P 269 156 255 255 255
P 270 156 255 255 255
P 271 156 255 255 255
P 272 156 255 255 255
P 273 156 255 255 255
P 274 156 255 255 255
P 275 156 255 255 0
P 276 156 255 255 0
P 277 156 255 255 0
P 278 156 255 255 0
P 279 156 255 255 0
P 280 156 255 255 0
P 281 156 0 0 255
P 282 156 0 0 255
P 283 156 0 0 255
P 284 156 0 0 255
P 285 156 0 0 255
P 286 156 0 0 255
P 287 156 0 0 255
P 288 156 0 0 255
P 289 156 0 0 255
P 290 156 0 0 255
P 291 156 0 0 255
P 20 157 0 0 255
P 21 157 0 0 255
P 22 157 0 0 255
P 23 157 0 0 255
P 24 157 0 0 255
P 25 157 0 0 255
P 26 157 0 0 255
P 27 157 0 0 255
P 28 157 0 255 0
P 29 157 0 255 0
P 30 157 0 255 0
P 31 157 0 255 0
P 32 157 0 255 0
P 33 157 0 255 0
P 34 157 0 255 0
P 35 157 0 255 0
P 36 157 0 255 0
P 37 157 255 0 255
P 38 157 255 0 255
P 39 157 255 0 255
P 40 157 255 0 255
P 41 157 255 0 255
P 42 157 255 0 255
P 43 157 255 0 255
P 44 157 255 0 255
P 45 157 0 255 255
P 46 157 0 255 255
P 47 157 0 255 255
P 48 157 0 255 255
P 49 157 0 255 255
P 50 157 0 255 255
P 51 157 0 255 255
P 52 157 0 255 255
P 53 157 0 255 255
P 54 157 0 255 0
P 55 157 0 255 0
P 56 157 0 255 0
P 57 157 0 255 0
P 58 157 0 255 0
P 59 157 0 255 0
P 60 157 0 255 0
P 61 157 0 255 0
P 62 157 0 0 255
P 63 157 0 0 255
P 64 157 0 0 255
P 65 157 0 0 255
P 66 157 0 0 255
P 67 157 0 0 255
P 68 157 0 0 255
P 69 157 0 0 255
P 70 157 0 0 255
P 71 157 255 255 0
P 72 157 255 255 0
P 73 157 255 255 0
P 74 157 255 255 0
P 75 157 255 255 0
P 76 157 255 255 0
P 77 157 255 255 0
P 78 157 255 255 0
P 79 157 0 255 255
P 80 157 0 255 255
P 81 157 0 255 255
P 82 157 0 255 255
P 83 157 0 255 255
P 84 157 0 255 255
P 85 157 0 255 255
P 86 157 0 255 255
P 87 157 0 255 255
P 88 157 0 0 255
P 89 157 0 0 255
P 90 157 0 0 255
P 91 157 0 0 255
P 92 157 0 0 255
P 93 157 0 0 255
P 94 157 0 0 255
P 95 157 0 0 255
P 96 157 0 255 0
P 97 157 0 255 0
P 98 157 0 255 0
P 99 157 0 255 0
P 100 157 0 255 0
P 101 157 0 255 0
P 102 157 0 255 0
P 103 157 0 255 0
P 104 157 0 255 0
P 105 157 0 255 255
P 106 157 0 255 255
P 107 157 0 255 255
P 108 157 0 255 255
P 109 157 0 255 255
P 110 157 0 255 255
P 111 157 0 255 255
P 112 157 0 255 255
P 113 157 255 0 255
P 114 157 255 0 255
P 115 157 255 0 255
P 116 157 255 0 255
P 117 157 255 0 255
P 118 157 255 0 255
P 119 157 255 0 255
P 120 157 255 0 255
P 121 157 255 0 255
P 122 157 0 255 0
P 123 157 0 255 0
P 124 157 0 255 0
P 125 157 0 255 0
P 126 157 0 255 0
P 127 157 0 255 0
P 128 157 0 255 0
P 129 157 0 255 0
P 130 157 0 0 255
P 131 157 0 0 255
P 132 157 0 0 255
P 133 157 0 0 255
P 134 157 0 0 255
P 135 157 0 0 255
P 136 157 0 0 255
P 137 157 0 0 255
P 138 157 0 0 255
P 139 157 255 255 0
P 140 157 255 255 0
P 141 157 255 255 0
P 142 157 255 255 0
P 143 157 255 255 0
P 144 157 255 255 0
P 145 157 255 255 0
P 146 157 0 255 255
P 147 157 0 255 255
P 148 157 0 255 255
P 149 157 0 255 255
P 150 157 0 255 255
P 151 157 0 255 255
P 152 157 0 255 255
P 153 157 0 255 255
P 154 157 0 255 255
P 155 157 0 255 255
P 156 157 0 0 255
P 157 157 0 0 255
P 158 157 0 0 255
P 159 157 0 0 255
P 160 157 0 0 255
P 161 157 0 0 255
P 162 157 0 0 255
P 163 157 0 0 255
P 164 157 0 255 0
P 165 157 0 255 0
P 166 157 0 255 0
P 167 157 0 255 0
P 168 157 0 255 0
P 169 157 0 255 0
P 170 157 0 255 0
P 171 157 0 255 0
P 172 157 0 255 0
P 173 157 0 255 255
P 174 157 0 255 255
P 175 157 0 255 255
P 176 157 0 255 255
P 177 157 0 255 255
P 178 157 0 255 255
P 179 157 0 255 255
P 180 157 0 255 255
P 181 157 255 0 255
P 182 157 255 0 255
P 183 157 255 0 255
P 184 157 255 0 255
P 185 157 255 0 255
P 186 157 255 0 255
P 187 157 255 0 255
P 188 157 255 0 255
P 189 157 255 0 255
P 190 157 0 255 0
P 191 157 0 255 0
P 192 157 0 255 0
P 193 157 0 255 0
P 194 157 0 255 0
P 195 157 0 255 0
P 196 157 0 255 0
P 197 157 0 255 0
P 198 157 0 0 255
P 199 157 0 0 255
P 200 157 0 0 255
P 201 157 0 0 255
P 202 157 0 0 255
P 203 157 0 0 255
P 204 157 0 0 255
P 205 157 0 0 255
P 206 157 0 0 255
P 207 157 255 255 0
P 208 157 255 255 0
P 209 157 255 255 0
P 210 157 255 255 0
P 211 157 255 255 0
P 212 157 255 255 0
P 213 157 255 255 0
P 214 157 255 255 0
P 215 157 0 255 255
P 216 157 0 255 255
P 217 157 0 255 255
P 218 157 0 255 255
P 219 157 0 255 255
P 220 157 0 255 255
P 221 157 0 255 255
P 222 157 0 255 255
P 223 157 0 255 255
P 224 157 0 0 255
P 225 157 0 0 255
P 226 157 0 0 255
P 227 157 0 0 255
P 228 157 0 0 255
P 229 157 0 0 255
P 230 157 0 0 255
P 231 157 0 0 255
P 232 157 0 255 0
P 233 157 0 255 0
P 234 157 0 255 0
P 235 157 0 255 0
P 236 157 0 255 0
P 237 157 0 255 0
P 238 157 0 255 0
P 239 157 0 255 0
P 240 157 0 255 0
P 241 157 0 255 255
P 242 157 0 255 255
P 243 157 0 255 255
P 244 157 0 255 255
P 245 157 0 255 255
P 246 157 0 255 255
P 247 157 0 255 255
P 248 157 0 255 255
P 249 157 0 0 255
P 250 157 0 0 255
P 251 157 0 0 255
P 252 157 0 0 255
P 253 157 0 0 255
P 254 157 0 0 255
P 255 157 0 0 255
P 256 157 0 0 255
P 257 157 0 0 255
P 258 157 0 255 0
P 259 157 0 255 0
P 260 157 0 255 0
P 261 157 0 255 0
P 262 157 0 255 0
P 263 157 0 255 0
P 264 157 0 255 0
P 265 157 0 255 0
P 266 157 255 255 255
P 267 157 255 255 255
P 268 157 255 255 255
P 269 157 255 255 255
P 270 157 255 255 255
P 271 157 255 255 255
P 272 157 255 255 255
P 273 157 255 255 255
P 274 157 255 255 255
P 275 157 255 255 0
P 276 157 255 255 0
P 277 157 255 255 0
P 278 157 255 255 0
P 279 157 255 255 0
P 280 157 255 255 0
P 281 157 255 255 0
P 282 157 255 255 0
P 283 157 0 0 255
P 284 157 0 0 255
P 285 157 0 0 255
P 286 157 0 0 255
P 287 157 0 0 255
P 288 157 0 0 255
P 289 157 0 0 255
P 290 157 0 0 255
P 291 157 0 0 255
P 20 158 0 0 255
P 21 158 0 0 255
P 22 158 0 0 255
P 23 158 0 0 255
P 24 158 0 0 255
P 25 158 0 0 255
P 26 158 0 0 255
P 27 158 0 0 255
P 28 158 0 0 255
P 29 158 0 255 0
P 30 158 0 255 0
P 31 158 0 255 0
P 32 158 0 255 0
P 33 158 0 255 0
P 34 158 0 255 0
P 35 158 0 255 0
P 36 158 0 255 0
P 37 158 255 0 255
P 38 158 255 0 255
P 39 158 255 0 255
P 40 158 255 0 255
P 41 158 255 0 255
P 42 158 255 0 255
P 43 158 255 0 255
P 44 158 255 0 255
P 45 158 255 0 255
P 46 158 0 255 255
P 47 158 0 255 255
P 48 158 0 255 255
P 49 158 0 255 255
P 50 158 0 255 255
P 51 158 0 255 255
P 52 158 0 255 255
P 53 158 0 255 255
P 54 158 0 255 0
P 55 158 0 255 0
P 56 158 0 255 0
P 57 158 0 255 0
P 58 158 0 255 0
P 59 158 0 255 0
P 60 158 0 255 0
P 61 158 0 255 0
P 62 158 0 255 0
P 63 158 0 0 255
P 64 158 0 0 255
P 65 158 0 0 255
P 66 158 0 0 255
P 67 158 0 0 255
P 68 158 0 0 255
P 69 158 0 0 255
P 70 158 0 0 255
P 71 158 255 255 0
P 72 158 255 255 0
P 73 158 255 255 0
P 74 158 255 255 0
P 75 158 255 255 0
P 76 158 255 255 0
P 77 158 255 255 0
P 78 158 255 255 0
P 79 158 255 255 0
P 80 158 0 255 255
P 81 158 0 255 255
P 82 158 0 255 255
P 83 158 0 255 255
P 84 158 0 255 255
P 85 158 0 255 255
P 86 158 0 255 255
P 87 158 0 255 255
P 88 158 0 0 255
P 89 158 0 0 255
P 90 158 0 0 255
P 91 158 0 0 255
P 92 158 0 0 255
P 93 158 0 0 255
P 94 158 0 0 255
P 95 158 0 0 255
P 96 158 0 0 255
P 97 158 0 255 0
P 98 158 0 255 0
P 99 158 0 255 0
P 100 158 0 255 0
P 101 158 0 255 0
P 102 158 0 255 0
P 103 158 0 255 0
P 104 158 0 255 0
P 105 158 0 255 255
P 106 158 0 255 255
P 107 158 0 255 255
P 108 158 0 255 255
P 109 158 0 255 255
P 110 158 0 255 255
P 111 158 0 255 255
P 112 158 0 255 255
P 113 158 0 255 255
P 114 158 255 0 255
P 115 158 255 0 255
P 116 158 255 0 255
P 117 158 255 0 255
P 118 158 255 0 255
P 119 158 255 0 255
P 120 158 255 0 255
P 121 158 255 0 255
P 122 158 0 255 0
P 123 158 0 255 0
P 124 158 0 255 0
P 125 158 0 255 0
P 126 158 0 255 0
P 127 158 0 255 0
P 128 158 0 255 0
P 129 158 0 255 0
P 130 158 0 255 0
P 131 158 0 0 255
P 132 158 0 0 255
P 133 158 0 0 255
P 134 158 0 0 255
P 135 158 0 0 255
P 136 158 0 0 255
P 137 158 0 0 255
P 138 158 0 0 255
P 139 158 255 255 0
P 140 158 255 255 0
P 141 158 255 255 0
P 142 158 255 255 0
P 143 158 255 255 0
P 144 158 255 255 0
P 145 158 255 255 0
P 146 158 255 255 0
P 147 158 255 255 0
P 148 158 0 255 255
P 149 158 0 255 255
P 150 158 0 255 255
P 151 158 0 255 255
P 152 158 0 255 255
P 153 158 0 255 255
P 154 158 0 255 255
P 155 158 0 255 255
P 156 158 0 0 255
P 157 158 0 0 255
P 158 158 0 0 255
P 159 158 0 0 255
P 160 158 0 0 255
P 161 158 0 0 255
P 162 158 0 0 255
P 163 158 0 0 255
P 164 158 0 0 255
P 165 158 0 255 0
P 166 158 0 255 0
P 167 158 0 255 0
P 168 158 0 255 0
P 169 158 0 255 0
P 170 158 0 255 0
P 171 158 0 255 0
P 172 158 0 255 0
P 173 158 0 255 255
P 174 158 0 255 255
P 175 158 0 255 255
P 176 158 0 255 255
P 177 158 0 255 255
P 178 158 0 255 255
P 179 158 0 255 255
P 180 158 0 255 255
P 181 158 0 255 255
P 182 158 255 0 255
P 183 158 255 0 255
P 184 158 255 0 255
P 185 158 255 0 255
P 186 158 255 0 255
P 187 158 255 0 255
P 188 158 255 0 255
P 189 158 255 0 255
P 190 158 0 255 0
P 191 158 0 255 0
P 192 158 0 255 0
P 193 158 0 255 0
P 194 158 0 255 0
P 195 158 0 255 0
P 196 158 0 255 0
P 197 158 0 255 0
P 198 158 0 255 0
P 199 158 0 0 255
P 200 158 0 0 255
P 201 158 0 0 255
P 202 158 0 0 255
P 203 158 0 0 255
P 204 158 0 0 255
P 205 158 0 0 255
P 206 158 0 0 255
P 207 158 255 255 0
P 208 158 255 255 0
P 209 158 255 255 0
P 210 158 255 255 0
P 211 158 255 255 0
P 212 158 255 255 0
P 213 158 255 255 0
P 214 158 255 255 0
P 215 158 255 255 0
P 216 158 0 255 255
P 217 158 0 255 255
P 218 158 0 255 255
P 219 158 0 255 255
P 220 158 0 255 255
P 221 158 0 255 255
P 222 158 0 255 255
P 223 158 0 255 255
P 224 158 0 0 255
P 225 158 0 0 255
P 226 158 0 0 255
P 227 158 0 0 255
P 228 158 0 0 255
P 229 158 0 0 255
P 230 158 0 0 255
P 231 158 0 0 255
P 232 158 0 0 255
P 233 158 0 255 0
P 234 158 0 255 0
P 235 158 0 255 0
P 236 158 0 255 0
P 237 158 0 255 0
P 238 158 0 255 0
P 239 158 0 255 0
P 240 158 0 255 0
P 241 158 0 255 255
P 242 158 0 255 255
P 243 158 0 255 255
P 244 158 0 255 255
P 245 158 0 255 255
P 246 158 0 255 255
P 247 158 0 255 255
P 248 158 0 255 255
P 249 158 0 255 255
P 250 158 0 0 255
P 251 158 0 0 255
P 252 158 0 0 255
P 253 158 0 0 255
P 254 158 0 0 255
P 255 158 0 0 255
P 256 158 0 0 255
P 257 158 0 0 255
P 258 158 0 255 0
P 259 158 0 255 0
P 260 158 0 255 0
P 261 158 0 255 0
P 262 158 0 255 0
P 263 158 0 255 0
P 264 158 0 255 0
P 265 158 0 255 0
P 266 158 0 255 0
P 267 158 255 255 255
P 268 158 255 255 255
P 269 158 255 255 255
P 270 158 255 255 255
P 271 158 255 255 255
P 272 158 255 255 255
P 273 158 255 255 255
P 274 158 255 255 255
P 275 158 255 255 0
P 276 158 255 255 0
P 277 158 255 255 0
P 278 158 255 255 0
P 279 158 255 255 0
P 280 158 255 255 0
P 281 158 255 255 0
P 282 158 255 255 0
P 283 158 255 255 0
P 284 158 0 0 255
P 285 158 0 0 255
P 286 158 0 0 255
P 287 158 0 0 255
P 288 158 0 0 255
P 289 158 0 0 255
P 290 158 0 0 255
P 291 158 0 0 255
P 20 159 0 0 255
P 21 159 0 0 255
P 22 159 0 0 255
P 23 159 0 0 255
P 24 159 0 0 255
P 25 159 0 0 255
P 26 159 0 0 255
P 27 159 0 0 255
P 28 159 0 0 255
P 29 159 0 0 255
P 30 159 0 255 0
P 31 159 0 255 0
P 32 159 0 255 0
P 33 159 0 255 0
P 34 159 0 255 0
P 35 159 0 255 0
P 36 159 0 255 0
P 37 159 255 0 255
P 38 159 255 0 255
P 39 159 255 0 255
P 40 159 255 0 255
P 41 159 255 0 255
P 42 159 255 0 255
P 43 159 255 0 255
P 44 159 255 0 255
P 45 159 255 0 255
P 46 159 255 0 255
P 47 159 255 0 255
P 48 159 0 255 255
P 49 159 0 255 255
P 50 159 0 255 255
P 51 159 0 255 255
P 52 159 0 255 255
P 53 159 0 255 255
P 54 159 0 255 0
P 55 159 0 255 0
P 56 159 0 255 0
P 57 159 0 255 0
P 58 159 0 255 0
P 59 159 0 255 0
P 60 159 0 255 0
P 61 159 0 255 0
P 62 159 0 255 0
P 63 159 0 255 0
P 64 159 0 0 255
P 65 159 0 0 255
P 66 159 0 0 255
P 67 159 0 0 255
P 68 159 0 0 255
P 69 159 0 0 255
P 70 159 0 0 255
P 71 159 255 255 0
P 72 159 255 255 0
P 73 159 255 255 0
P 74 159 255 255 0
P 75 159 255 255 0
P 76 159 255 255 0
P 77 159 255 255 0
P 78 159 255 255 0
P 79 159 255 255 0
P 80 159 255 255 0
P 81 159 0 255 255
P 82 159 0 255 255
P 83 159 0 255 255
P 84 159 0 255 255
P 85 159 0 255 255
P 86 159 0 255 255
P 87 159 0 255 255
P 88 159 0 0 255
P 89 159 0 0 255
P 90 159 0 0 255
P 91 159 0 0 255
P 92 159 0 0 255
P 93 159 0 0 255
P 94 159 0 0 255
P 95 159 0 0 255
P 96 159 0 0 255
P 97 159 0 0 255
P 98 159 0 0 255
P 99 159 0 255 0
P 100 159 0 255 0
P 101 159 0 255 0
P 102 159 0 255 0
P 103 159 0 255 0
P 104 159 0 255 0
P 105 159 0 255 255
P 106 159 0 255 255
P 107 159 0 255 255
P 108 159 0 255 255
P 109 159 0 255 255
P 110 159 0 255 255
P 111 159 0 255 255
P 112 159 0 255 255
P 113 159 0 255 255
P 114 159 0 255 255
P 115 159 0 255 255
P 116 159 255 0 255
P 117 159 255 0 255
P 118 159 255 0 255
P 119 159 255 0 255
P 120 159 255 0 255
P 121 159 255 0 255
P 122 159 0 255 0
P 123 159 0 255 0
P 124 159 0 255 0
P 125 159 0 255 0
P 126 159 0 255 0
P 127 159 0 255 0
P 128 159 0 255 0
P 129 159 0 255 0
P 130 159 0 255 0
P 131 159 0 255 0
P 132 159 0 255 0
P 133 159 0 0 255
P 134 159 0 0 255
P 135 159 0 0 255
P 136 159 0 0 255
P 137 159 0 0 255
P 138 159 0 0 255
P 139 159 255 255 0
P 140 159 255 255 0
P 141 159 255 255 0
P 142 159 255 255 0
P 143 159 255 255 0
P 144 159 255 255 0
P 145 159 255 255 0
P 146 159 255 255 0
P 147 159 255 255 0
P 148 159 255 255 0
P 149 159 0 255 255
P 150 159 0 255 255
P 151 159 0 255 255
P 152 159 0 255 255
P 153 159 0 255 255
P 154 159 0 255 255
P 155 159 0 255 255
P 156 159 0 0 255
P 157 159 0 0 255
P 158 159 0 0 255
P 159 159 0 0 255
P 160 159 0 0 255
P 161 159 0 0 255
P 162 159 0 0 255
P 163 159 0 0 255
P 164 159 0 0 255
P 165 159 0 0 255
P 166 159 0 255 0
P 167 159 0 255 0
P 168 159 0 255 0
P 169 159 0 255 0
P 170 159 0 255 0
P 171 159 0 255 0
P 172 159 0 255 0
P 173 159 0 255 255
P 174 159 0 255 255
P 175 159 0 255 255
P 176 159 0 255 255
P 177 159 0 255 255
P 178 159 0 255 255
P 179 159 0 255 255
P 180 159 0 255 255
P 181 159 0 255 255
P 182 159 0 255 255
P 183 159 255 0 255
P 184 159 255 0 255
P 185 159 255 0 255
P 186 159 255 0 255
P 187 159 255 0 255
P 188 159 255 0 255
P 189 159 255 0 255
P 190 159 0 255 0
P 191 159 0 255 0
P 192 159 0 255 0
P 193 159 0 255 0
P 194 159 0 255 0
P 195 159 0 255 0
P 196 159 0 255 0
P 197 159 0 255 0
P 198 159 0 255 0
P 199 159 0 255 0
P 200 159 0 255 0
P 201 159 0 0 255
P 202 159 0 0 255
P 203 159 0 0 255
P 204 159 0 0 255
P 205 159 0 0 255
P 206 159 0 0 255
P 207 159 255 255 0
P 208 159 255 255 0
P 209 159 255 255 0
P 210 159 255 255 0
P 211 159 255 255 0
P 212 159 255 255 0
P 213 159 255 255 0
P 214 159 255 255 0
P 215 159 255 255 0
P 216 159 255 255 0
P 217 159 0 255 255
P 218 159 0 255 255
P 219 159 0 255 255
P 220 159 0 255 255
P 221 159 0 255 255
P 222 159 0 255 255
P 223 159 0 255 255
P 224 159 0 0 255
P 225 159 0 0 255
P 226 159 0 0 255
P 227 159 0 0 255
P 228 159 0 0 255
P 229 159 0 0 255
P 230 159 0 0 255
P 231 159 0 0 255
P 232 159 0 0 255
P 233 159 0 0 255
P 234 159 0 255 0
P 235 159 0 255 0
P 236 159 0 255 0
P 237 159 0 255 0
P 238 159 0 255 0
P 239 159 0 255 0
P 240 159 0 255 0
P 241 159 0 255 255
P 242 159 0 255 255
P 243 159 0 255 255
P 244 159 0 255 255
P 245 159 0 255 255
P 246 159 0 255 255
P 247 159 0 255 255
P 248 159 0 255 255
P 249 159 0 255 255
P 250 159 0 255 255
P 251 159 0 0 255
P 252 159 0 0 255
P 253 159 0 0 255
P 254 159 0 0 255
P 255 159 0 0 255
P 256 159 0 0 255
P 257 159 0 0 255
P 258 159 0 255 0
P 259 159 0 255 0
P 260 159 0 255 0
P 261 159 0 255 0
P 262 159 0 255 0
P 263 159 0 255 0
P 264 159 0 255 0
P 265 159 0 255 0
P 266 159 0 255 0
P 267 159 0 255 0
P 268 159 0 255 0
P 269 159 255 255 255
P 270 159 255 255 255
P 271 159 255 255 255
P 272 159 255 255 255
P 273 159 255 255 255
P 274 159 255 255 255
P 275 159 255 255 0
P 276 159 255 255 0
P 277 159 255 255 0
P 278 159 255 255 0
P 279 159 255 255 0
P 280 159 255 255 0
P 281 159 255 255 0
P 282 159 255 255 0
P 283 159 255 255 0
P 284 159 255 255 0
P 285 159 255 255 0
P 286 159 0 0 255
P 287 159 0 0 255
P 288 159 0 0 255
P 289 159 0 0 255
P 290 159 0 0 255
P 291 159 0 0 255
P 20 160 0 0 255
P 21 160 0 0 255
P 22 160 0 0 255
P 23 160 0 0 255
P 24 160 0 0 255
P 25 160 0 0 255
P 26 160 0 0 255
P 27 160 0 0 255
P 28 160 0 0 255
P 29 160 0 0 255
P 30 160 0 0 255
P 31 160 0 0 255
P 32 160 0 255 0
P 33 160 0 255 0
P 34 160 0 255 0
P 35 160 0 255 0
P 36 160 0 255 0
P 37 160 255 0 255
P 38 160 255 0 255
P 39 160 255 0 255
P 40 160 255 0 255
P 41 160 255 0 255
P 42 160 255 0 255
P 43 160 255 0 255
P 44 160 255 0 255
P 45 160 255 0 255
P 46 160 255 0 255
P 47 160 255 0 255
P 48 160 255 0 255
P 49 160 0 255 255
P 50 160 0 255 255
P 51 160 0 255 255
P 52 160 0 255 255
P 53 160 0 255 255
P 54 160 0 255 0
P 55 160 0 255 0
P 56 160 0 255 0
P 57 160 0 255 0
P 58 160 0 255 0
P 59 160 0 255 0
P 60 160 0 255 0
P 61 160 0 255 0
P 62 160 0 255 0
P 63 160 0 255 0
P 64 160 0 255 0
P 65 160 0 255 0
P 66 160 0 0 255
P 67 160 0 0 255
P 68 160 0 0 255
P 69 160 0 0 255
P 70 160 0 0 255
P 71 160 255 255 0
P 72 160 255 255 0
P 73 160 255 255 0
P 74 160 255 255 0
P 75 160 255 255 0
P 76 160 255 255 0
P 77 160 255 255 0
P 78 160 255 255 0
P 79 160 255 255 0
P 80 160 255 255 0
P 81 160 255 255 0
P 82 160 255 255 0
P 83 160 0 255 255
P 84 160 0 255 255
P 85 160 0 255 255
P 86 160 0 255 255
P 87 160 0 255 255
P 88 160 0 0 255
P 89 160 0 0 255
P 90 160 0 0 255
P 91 160 0 0 255
P 92 160 0 0 255
P 93 160 0 0 255
P 94 160 0 0 255
P 95 160 0 0 255
P 96 160 0 0 255
P 97 160 0 0 255
P 98 160 0 0 255
P 99 160 0 0 255
P 100 160 0 255 0
P 101 160 0 255 0
P 102 160 0 255 0
P 103 160 0 255 0
P 104 160 0 255 0
P 105 160 0 255 255
P 106 160 0 255 255
P 107 160 0 255 255
P 108 160 0 255 255
P 109 160 0 255 255
P 110 160 0 255 255
P 111 160 0 255 255
P 112 160 0 255 255
P 113 160 0 255 255
P 114 160 0 255 255
P 115 160 0 255 255
P 116 160 0 255 255
P 117 160 255 0 255
P 118 160 255 0 255
P 119 160 255 0 255
P 120 160 255 0 255
P 121 160 255 0 255
P 122 160 0 255 0
P 123 160 0 255 0
P 124 160 0 255 0
P 125 160 0 255 0
P 126 160 0 255 0
P 127 160 0 255 0
P 128 160 0 255 0
P 129 160 0 255 0
P 130 160 0 255 0
P 131 160 0 255 0
P 132 160 0 255 0
P 133 160 0 255 0
P 134 160 0 0 255
P 135 160 0 0 255
P 136 160 0 0 255
P 137 160 0 0 255
P 138 160 0 0 255
P 139 160 255 255 0
P 140 160 255 255 0
P 141 160 255 255 0
P 142 160 255 255 0
P 143 160 255 255 0
P 144 160 255 255 0
P 145 160 255 255 0
P 146 160 255 255 0
P 147 160 255 255 0
P 148 160 255 255 0
P 149 160 255 255 0
P 150 160 255 255 0
P 151 160 0 255 255
P 152 160 0 255 255
P 153 160 0 255 255
P 154 160 0 255 255
P 155 160 0 255 255
P 156 160 0 0 255
P 157 160 0 0 255
P 158 160 0 0 255
P 159 160 0 0 255
P 160 160 0 0 255
P 161 160 0 0 255
P 162 160 0 0 255
P 163 160 0 0 255
P 164 160 0 0 255
P 165 160 0 0 255
P 166 160 0 0 255
P 167 160 0 0 255
P 168 160 0 255 0
P 169 160 0 255 0
P 170 160 0 255 0
P 171 160 0 255 0
P 172 160 0 255 0
P 173 160 0 255 255
P 174 160 0 255 255
P 175 160 0 255 255
P 176 160 0 255 255
P 177 160 0 255 255
P 178 160 0 255 255
P 179 160 0 255 255
P 180 160 0 255 255
P 181 160 0 255 255
P 182 160 0 255 255
P 183 160 0 255 255
P 184 160 0 255 255
P 185 160 255 0 255
P 186 160 255 0 255
P 187 160 255 0 255
P 188 160 255 0 255
P 189 160 255 0 255
P 190 160 0 255 0
P 191 160 0 255 0
P 192 160 0 255 0
P 193 160 0 255 0
P 194 160 0 255 0
P 195 160 0 255 0
P 196 160 0 255 0
P 197 160 0 255 0
P 198 160 0 255 0
P 199 160 0 255 0
P 200 160 0 255 0
P 201 160 0 255 0
P 202 160 0 0 255
P 203 160 0 0 255
P 204 160 0 0 255
P 205 160 0 0 255
P 206 160 0 0 255
P 207 160 255 255 0
P 208 160 255 255 0
P 209 160 255 255 0
P 210 160 255 255 0
P 211 160 255 255 0
P 212 160 255 255 0
P 213 160 255 255 0
P 214 160 255 255 0
P 215 160 255 255 0
P 216 160 255 255 0
P 217 160 255 255 0
P 218 160 255 255 0
P 219 160 0 255 255
P 220 160 0 255 255
P 221 160 0 255 255
P 222 160 0 255 255
P 223 160 0 255 255
P 224 160 0 0 255
P 225 160 0 0 255
P 226 160 0 0 255
P 227 160 0 0 255
P 228 160 0 0 255
P 229 160 0 0 255
P 230 160 0 0 255
P 231 160 0 0 255
P 232 160 0 0 255
P 233 160 0 0 255
P 234 160 0 0 255
P 235 160 0 0 255
P 236 160 0 255 0
P 237 160 0 255 0
P 238 160 0 255 0
P 239 160 0 255 0
P 240 160 0 255 0
P 241 160 0 255 255
P 242 160 0 255 255
P 243 160 0 255 255
P 244 160 0 255 255
P 245 160 0 255 255
P 246 160 0 255 255
P 247 160 0 255 255
P 248 160 0 255 255
P 249 160 0 255 255
P 250 160 0 255 255
P 251 160 0 255 255
P 252 160 0 255 255
P 253 160 0 0 255
P 254 160 0 0 255
P 255 160 0 0 255
P 256 160 0 0 255
P 257 160 0 0 255
P 258 160 0 255 0
P 259 160 0 255 0
P 260 160 0 255 0
P 261 160 0 255 0
P 262 160 0 255 0
P 263 160 0 255 0
P 264 160 0 255 0
P 265 160 0 255 0
P 266 160 0 255 0
P 267 160 0 255 0
P 268 160 0 255 0
P 269 160 0 255 0
P 270 160 255 255 255
P 271 160 255 255 255
P 272 160 255 255 255
P 273 160 255 255 255
P 274 160 255 255 255
P 275 160 255 255 0
P 276 160 255 255 0
P 277 160 255 255 0
P 278 160 255 255 0
P 279 160 255 255 0
P 280 160 255 255 0
P 281 160 255 255 0
P 282 160 255 255 0
P 283 160 255 255 0
P 284 160 255 255 0
P 285 160 255 255 0
P 286 160 255 255 0
P 287 160 0 0 255
P 288 160 0 0 255
P 289 160 0 0 255
P 290 160 0 0 255
P 291 160 0 0 255
P 20 161 0 0 255
P 21 161 0 0 255
P 22 161 0 0 255
P 23 161 0 0 255
P 24 161 0 0 255
P 25 161 0 0 255
P 26 161 0 0 255
P 27 161 0 0 255
P 28 161 0 0 255
P 29 161 0 0 255
P 30 161 0 0 255
P 31 161 0 0 255
P 32 161 0 0 255
P 33 161 0 255 0
P 34 161 0 255 0
P 35 161 0 255 0
P 36 161 0 255 0
P 37 161 255 0 255
P 38 161 255 0 255
P 39 161 255 0 255
P 40 161 255 0 255
P 41 161 255 0 255
P 42 161 255 0 255
P 43 161 255 0 255
P 44 161 255 0 255
P 45 161 255 0 255
P 46 161 255 0 255
P 47 161 255 0 255
P 48 161 255 0 255
P 49 161 255 0 255
P 50 161 0 255 255
P 51 161 0 255 255
P 52 161 0 255 255
P 53 161 0 255 255
P 54 161 0 255 0
P 55 161 0 255 0
P 56 161 0 255 0
P 57 161 0 255 0
P 58 161 0 255 0
P 59 161 0 255 0
P 60 161 0 255 0
P 61 161 0 255 0
P 62 161 0 255 0
P 63 161 0 255 0
P 64 161 0 255 0
P 65 161 0 255 0
P 66 161 0 255 0
P 67 161 0 0 255
P 68 161 0 0 255
P 69 161 0 0 255
P 70 161 0 0 255
P 71 161 255 255 0
P 72 161 255 255 0
P 73 161 255 255 0
P 74 161 255 255 0
P 75 161 255 255 0
P 76 161 255 255 0
P 77 161 255 255 0
P 78 161 255 255 0
P 79 161 255 255 0
P 80 161 255 255 0
P 81 161 255 255 0
P 82 161 255 255 0
P 83 161 255 255 0
P 84 161 0 255 255
P 85 161 0 255 255
P 86 161 0 255 255
P 87 161 0 255 255
P 88 161 0 0 255
P 89 161 0 0 255
P 90 161 0 0 255
P 91 161 0 0 255
P 92 161 0 0 255
P 93 161 0 0 255
P 94 161 0 0 255
P 95 161 0 0 255
P 96 161 0 0 255
P 97 161 0 0 255
P 98 161 0 0 255
P 99 161 0 0 255
P 100 161 0 0 255
P 101 161 0 255 0
P 102 161 0 255 0
P 103 161 0 255 0
P 104 161 0 255 0
P 105 161 0 255 255
P 106 161 0 255 255
P 107 161 0 255 255
P 108 161 0 255 255
P 109 161 0 255 255
P 110 161 0 255 255
P 111 161 0 255 255
P 112 161 0 255 255
P 113 161 0 255 255
P 114 161 0 255 255
P 115 161 0 255 255
P 116 161 0 255 255
P 117 161 0 255 255
P 118 161 0 255 255
P 119 161 255 0 255
P 120 161 255 0 255
P 121 161 255 0 255
P 122 161 0 255 0
P 123 161 0 255 0
P 124 161 0 255 0
P 125 161 0 255 0
P 126 161 0 255 0
P 127 161 0 255 0
P 128 161 0 255 0
P 129 161 0 255 0
P 130 161 0 255 0
P 131 161 0 255 0
P 132 161 0 255 0
P 133 161 0 255 0
P 134 161 0 255 0
P 135 161 0 255 0
P 136 161 0 0 255
P 137 161 0 0 255
P 138 161 0 0 255
P 139 161 255 255 0
P 140 161 255 255 0
P 141 161 255 255 0
P 142 161 255 255 0
P 143 161 255 255 0
P 144 161 255 255 0
P 145 161 255 255 0
P 146 161 255 255 0
P 147 161 255 255 0
P 148 161 255 255 0
P 149 161 255 255 0
P 150 161 255 255 0
P 151 161 255 255 0
P 152 161 0 255 255
P 153 161 0 255 255
P 154 161 0 255 255
P 155 161 0 255 255
P 156 161 0 0 255
P 157 161 0 0 255
P 158 161 0 0 255
P 159 161 0 0 255
P 160 161 0 0 255
P 161 161 0 0 255
P 162 161 0 0 255
P 163 161 0 0 255
P 164 161 0 0 255
P 165 161 0 0 255
P 166 161 0 0 255
P 167 161 0 0 255
P 168 161 0 0 255
P 169 161 0 255 0
P 170 161 0 255 0
P 171 161 0 255 0
P 172 161 0 255 0
P 173 161 0 255 255
P 174 161 0 255 255
P 175 161 0 255 255
P 176 161 0 255 255
P 177 161 0 255 255
P 178 161 0 255 255
P 179 161 0 255 255
P 180 161 0 255 255
P 181 161 0 255 255
P 182 161 0 255 255
P 183 161 0 255 255
P 184 161 0 255 255
P 185 161 0 255 255
P 186 161 255 0 255
P 187 161 255 0 255
P 188 161 255 0 255
P 189 161 255 0 255
P 190 161 0 255 0
P 191 161 0 255 0
P 192 161 0 255 0
P 193 161 0 255 0
P 194 161 0 255 0
P 195 161 0 255 0
P 196 161 0 255 0
P 197 161 0 255 0
P 198 161 0 255 0
P 199 161 0 255 0
P 200 161 0 255 0
P 201 161 0 255 0
P 202 161 0 255 0
P 203 161 0 255 0
P 204 161 0 0 255
P 205 161 0 0 255
P 206 161 0 0 255
P 207 161 255 255 0
P 208 161 255 255 0
P 209 161 255 255 0
P 210 161 255 255 0
P 211 161 255 255 0
P 212 161 255 255 0
P 213 161 255 255 0
P 214 161 255 255 0
P 215 161 255 255 0
P 216 161 255 255 0
P 217 161 255 255 0
P 218 161 255 255 0
P 219 161 255 255 0
P 220 161 0 255 255
P 221 161 0 255 255
P 222 161 0 255 255
P 223 161 0 255 255
P 224 161 0 0 255
P 225 161 0 0 255
P 226 161 0 0 255
P 227 161 0 0 255
P 228 161 0 0 255
P 229 161 0 0 255
P 230 161 0 0 255
P 231 161 0 0 255
P 232 161 0 0 255
P 233 161 0 0 255
P 234 161 0 0 255
P 235 161 0 0 255
P 236 161 0 0 255
P 237 161 0 255 0
P 238 161 0 255 0
P 239 161 0 255 0
P 240 161 0 255 0
P 241 161 0 255 255
P 242 161 0 255 255
P 243 161 0 255 255
P 244 161 0 255 255
P 245 161 0 255 255
P 246 161 0 255 255
P 247 161 0 255 255
P 248 161 0 255 255
P 249 161 0 255 255
P 250 161 0 255 255
P 251 161 0 255 255
P 252 161 0 255 255
P 253 161 0 255 255
P 254 161 0 0 255
P 255 161 0 0 255
P 256 161 0 0 255
P 257 161 0 0 255
P 258 161 0 255 0
P 259 161 0 255 0
P 260 161 0 255 0
P 261 161 0 255 0
P 262 161 0 255 0
P 263 161 0 255 0
P 264 161 0 255 0
P 265 161 0 255 0
P 266 161 0 255 0
P 267 161 0 255 0
P 268 161 0 255 0
P 269 161 0 255 0
P 270 161 0 255 0
P 271 161 0 255 0
P 272 161 255 255 255
P 273 161 255 255 255
P 274 161 255 255 255
P 275 161 255 255 0
P 276 161 255 255 0
P 277 161 255 255 0
P 278 161 255 255 0
P 279 161 255 255 0
P 280 161 255 255 0
P 281 161 255 255 0
P 282 161 255 255 0
P 283 161 255 255 0
P 284 161 255 255 0
P 285 161 255 255 0
P 286 161 255 255 0
P 287 161 255 255 0
P 288 161 0 0 255
P 289 161 0 0 255
P 290 161 0 0 255
P 291 161 0 0 255
P 20 162 0 0 255
P 21 162 0 0 255
P 22 162 0 0 255
P 23 162 0 0 255
P 24 162 0 0 255
P 25 162 0 0 255
P 26 162 0 0 255
P 27 162 0 0 255
P 28 162 0 0 255
P 29 162 0 0 255
P 30 162 0 0 255
P 31 162 0 0 255
P 32 162 0 0 255
P 33 162 0 0 255
P 34 162 0 0 255
P 35 162 0 255 0
P 36 162 0 255 0
P 37 162 255 0 255
P 38 162 255 0 255
P 39 162 255 0 255
P 40 162 255 0 255
P 41 162 255 0 255
P 42 162 255 0 255
P 43 162 255 0 255
P 44 162 255 0 255
P 45 162 255 0 255
P 46 162 255 0 255
P 47 162 255 0 255
P 48 162 255 0 255
P 49 162 255 0 255
P 50 162 255 0 255
P 51 162 255 0 255
P 52 162 0 255 255
P 53 162 0 255 255
P 54 162 0 255 0
P 55 162 0 255 0
P 56 162 0 255 0
P 57 162 0 255 0
P 58 162 0 255 0
P 59 162 0 255 0
P 60 162 0 255 0
P 61 162 0 255 0
P 62 162 0 255 0
P 63 162 0 255 0
P 64 162 0 255 0
P 65 162 0 255 0
P 66 162 0 255 0
P 67 162 0 255 0
P 68 162 0 255 0
P 69 162 0 0 255
P 70 162 0 0 255
P 71 162 255 255 0
P 72 162 255 255 0
P 73 162 255 255 0
P 74 162 255 255 0
P 75 162 255 255 0
P 76 162 255 255 0
P 77 162 255 255 0
P 78 162 255 255 0
P 79 162 255 255 0
P 80 162 255 255 0
P 81 162 255 255 0
P 82 162 255 255 0
P 83 162 255 255 0
P 84 162 255 255 0
P 85 162 255 255 0
P 86 162 0 255 255
P 87 162 0 255 255
P 88 162 0 0 255
P 89 162 0 0 255
P 90 162 0 0 255
P 91 162 0 0 255
P 92 162 0 0 255
P 93 162 0 0 255
P 94 162 0 0 255
P 95 162 0 0 255
P 96 162 0 0 255
P 97 162 0 0 255
P 98 162 0 0 255
P 99 162 0 0 255
P 100 162 0 0 255
P 101 162 0 0 255
P 102 162 0 0 255
P 103 162 0 255 0
P 104 162 0 255 0
P 105 162 0 255 255
P 106 162 0 255 255
P 107 162 0 255 255
P 108 162 0 255 255
P 109 162 0 255 255
P 110 162 0 255 255
P 111 162 0 255 255
P 112 162 0 255 255
P 113 162 0 255 255
P 114 162 0 255 255
P 115 162 0 255 255
P 116 162 0 255 255
P 117 162 0 255 255
P 118 162 0 255 255
P 119 162 0 255 255
P 120 162 255 0 255
P 121 162 255 0 255
P 122 162 0 255 0
P 123 162 0 255 0
P 124 162 0 255 0
P 125 162 0 255 0
P 126 162 0 255 0
P 127 162 0 255 0
P 128 162 0 255 0
P 129 162 0 255 0
P 130 162 0 255 0
P 131 162 0 255 0
P 132 162 0 255 0
P 133 162 0 255 0
P 134 162 0 255 0
P 135 162 0 255 0
P 136 162 0 255 0
P 137 162 0 0 255
P 138 162 0 0 255
P 139 162 255 255 0
P 140 162 255 255 0
P 141 162 255 255 0
P 142 162 255 255 0
P 143 162 255 255 0
P 144 162 255 255 0
P 145 162 255 255 0
P 146 162 255 255 0
P 147 162 255 255 0
P 148 162 255 255 0
P 149 162 255 255 0
P 150 162 255 255 0
P 151 162 255 255 0
P 152 162 255 255 0
P 153 162 255 255 0
P 154 162 0 255 255
P 155 162 0 255 255
P 156 162 0 0 255
P 157 162 0 0 255
P 158 162 0 0 255
P 159 162 0 0 255
P 160 162 0 0 255
P 161 162 0 0 255
P 162 162 0 0 255
P 163 162 0 0 255
P 164 162 0 0 255
P 165 162 0 0 255
P 166 162 0 0 255
P 167 162 0 0 255
P 168 162 0 0 255
P 169 162 0 0 255
P 170 162 0 0 255
P 171 162 0 255 0
P 172 162 0 255 0
P 173 162 0 255 255
P 174 162 0 255 255
P 175 162 0 255 255
P 176 162 0 255 255
P 177 162 0 255 255
P 178 162 0 255 255
P 179 162 0 255 255
P 180 162 0 255 255
P 181 162 0 255 255
P 182 162 0 255 255
P 183 162 0 255 255
P 184 162 0 255 255
P 185 162 0 255 255
P 186 162 0 255 255
P 187 162 0 255 255
P 188 162 255 0 255
P 189 162 255 0 255
P 190 162 0 255 0
P 191 162 0 255 0
P 192 162 0 255 0
P 193 162 0 255 0
P 194 162 0 255 0
P 195 162 0 255 0
P 196 162 0 255 0
P 197 162 0 255 0
P 198 162 0 255 0
P 199 162 0 255 0
P 200 162 0 255 0
P 201 162 0 255 0
P 202 162 0 255 0
P 203 162 0 255 0
P 204 162 0 255 0
P 205 162 0 0 255
P 206 162 0 0 255
P 207 162 255 255 0
P 208 162 255 255 0
P 209 162 255 255 0
P 210 162 255 255 0
P 211 162 255 255 0
P 212 162 255 255 0
P 213 162 255 255 0
P 214 162 255 255 0
P 215 162 255 255 0
P 216 162 255 255 0
P 217 162 255 255 0
P 218 162 255 255 0
P 219 162 255 255 0
P 220 162 255 255 0
P 221 162 255 255 0
P 222 162 0 255 255
P 223 162 0 255 255
P 224 162 0 0 255
P 225 162 0 0 255
P 226 162 0 0 255
P 227 162 0 0 255
P 228 162 0 0 255
P 229 162 0 0 255
P 230 162 0 0 255
P 231 162 0 0 255
P 232 162 0 0 255
P 233 162 0 0 255
P 234 162 0 0 255
P 235 162 0 0 255
P 236 162 0 0 255
P 237 162 0 0 255
P 238 162 0 0 255
P 239 162 0 255 0
P 240 162 0 255 0
P 241 162 0 255 255
P 242 162 0 255 255
P 243 162 0 255 255
P 244 162 0 255 255
P 245 162 0 255 255
P 246 162 0 255 255
P 247 162 0 255 255
P 248 162 0 255 255
P 249 162 0 255 255
P 250 162 0 255 255
P 251 162 0 255 255
P 252 162 0 255 255
P 253 162 0 255 255
P 254 162 0 255 255
P 255 162 0 255 255
P 256 162 0 0 255
P 257 162 0 0 255
P 258 162 0 255 0
P 259 162 0 255 0
P 260 162 0 255 0
P 261 162 0 255 0
P 262 162 0 255 0
P 263 162 0 255 0
P 264 162 0 255 0
P 265 162 0 255 0
P 266 162 0 255 0
P 267 162 0 255 0
P 268 162 0 255 0
P 269 162 0 255 0
P 270 162 0 255 0
P 271 162 0 255 0
P 272 162 0 255 0
P 273 162 255 255 255
P 274 162 255 255 255
P 275 162 255 255 0
P 276 162 255 255 0
P 277 162 255 255 0
P 278 162 255 255 0
P 279 162 255 255 0
P 280 162 255 255 0
P 281 162 255 255 0
P 282 162 255 255 0
P 283 162 255 255 0
P 284 162 255 255 0
P 285 162 255 255 0
P 286 162 255 255 0
P 287 162 255 255 0
P 288 162 255 255 0
P 289 162 255 255 0
P 290 162 0 0 255
P 291 162 0 0 255
P 20 163 0 0 255
P 21 163 0 0 255
P 22 163 0 0 255
P 23 163 0 0 255
P 24 163 0 0 255
P 25 163 0 0 255
P 26 163 0 0 255
P 27 163 0 0 255
P 28 163 0 0 255
P 29 163 0 0 255
P 30 163 0 0 255
P 31 163 0 0 255
P 32 163 0 0 255
P 33 163 0 0 255
P 34 163 0 0 255
P 35 163 0 0 255
P 36 163 0 255 0
P 37 163 255 0 255
P 38 163 255 0 255
P 39 163 255 0 255
P 40 163 255 0 255
P 41 163 255 0 255
P 42 163 255 0 255
P 43 163 255 0 255
P 44 163 255 0 255
P 45 163 255 0 255
P 46 163 255 0 255
P 47 163 255 0 255
P 48 163 255 0 255
P 49 163 255 0 255
P 50 163 255 0 255
P 51 163 255 0 255
P 52 163 255 0 255
P 53 163 0 255 255
P 54 163 0 255 0
P 55 163 0 255 0
P 56 163 0 255 0
P 57 163 0 255 0
P 58 163 0 255 0
P 59 163 0 255 0
P 60 163 0 255 0
P 61 163 0 255 0
P 62 163 0 255 0
P 63 163 0 255 0
P 64 163 0 255 0
P 65 163 0 255 0
P 66 163 0 255 0
P 67 163 0 255 0
P 68 163 0 255 0
P 69 163 0 255 0
P 70 163 0 0 255
P 71 163 255 255 0
P 72 163 255 255 0
P 73 163 255 255 0
P 74 163 255 255 0
P 75 163 255 255 0
P 76 163 255 255 0
P 77 163 255 255 0
P 78 163 255 255 0
P 79 163 255 255 0
P 80 163 255 255 0
P 81 163 255 255 0
P 82 163 255 255 0
P 83 163 255 255 0
P 84 163 255 255 0
P 85 163 255 255 0
P 86 163 255 255 0
P 87 163 0 255 255
P 88 163 0 0 255
P 89 163 0 0 255
P 90 163 0 0 255
P 91 163 0 0 255
P 92 163 0 0 255
P 93 163 0 0 255
P 94 163 0 0 255
P 95 163 0 0 255
P 96 163 0 0 255
P 97 163 0 0 255
P 98 163 0 0 255
P 99 163 0 0 255
P 100 163 0 0 255
P 101 163 0 0 255
P 102 163 0 0 255
P 103 163 0 0 255
P 104 163 0 255 0
P 105 163 0 255 255
P 106 163 0 255 255
P 107 163 0 255 255
P 108 163 0 255 255
P 109 163 0 255 255
P 110 163 0 255 255
P 111 163 0 255 255
P 112 163 0 255 255
P 113 163 0 255 255
P 114 163 0 255 255
P 115 163 0 255 255
P 116 163 0 255 255
P 117 163 0 255 255
P 118 163 0 255 255
P 119 163 0 255 255
P 120 163 0 255 255
P 121 163 0 255 255
P 122 163 0 255 0
P 123 163 0 255 0
P 124 163 0 255 0
P 125 163 0 255 0
P 126 163 0 255 0
P 127 163 0 255 0
P 128 163 0 255 0
P 129 163 0 255 0
P 130 163 0 255 0
P 131 163 0 255 0
P 132 163 0 255 0
P 133 163 0 255 0
P 134 163 0 255 0
P 135 163 0 255 0
P 136 163 0 255 0
P 137 163 0 255 0
P 138 163 0 0 255
P 139 163 255 255 0
P 140 163 255 255 0
P 141 163 255 255 0
P 142 163 255 255 0
P 143 163 255 255 0
P 144 163 255 255 0
P 145 163 255 255 0
P 146 163 255 255 0
P 147 163 255 255 0
P 148 163 255 255 0
P 149 163 255 255 0
P 150 163 255 255 0
P 151 163 255 255 0
P 152 163 255 255 0
P 153 163 255 255 0
P 154 163 255 255 0
P 155 163 0 255 255
P 156 163 0 0 255
P 157 163 0 0 255
P 158 163 0 0 255
P 159 163 0 0 255
P 160 163 0 0 255
P 161 163 0 0 255
P 162 163 0 0 255
P 163 163 0 0 255
P 164 163 0 0 255
P 165 163 0 0 255
P 166 163 0 0 255
P 167 163 0 0 255
P 168 163 0 0 255
P 169 163 0 0 255
P 170 163 0 0 255
P 171 163 0 0 255
P 172 163 0 255 0
P 173 163 0 255 255
P 174 163 0 255 255
P 175 163 0 255 255
P 176 163 0 255 255
P 177 163 0 255 255
P 178 163 0 255 255
P 179 163 0 255 255
P 180 163 0 255 255
P 181 163 0 255 255
P 182 163 0 255 255
P 183 163 0 255 255
P 184 163 0 255 255
P 185 163 0 255 255
P 186 163 0 255 255
P 187 163 0 255 255
P 188 163 0 255 255
P 189 163 255 0 255
P 190 163 0 255 0
P 191 163 0 255 0
P 192 163 0 255 0
P 193 163 0 255 0
P 194 163 0 255 0
P 195 163 0 255 0
P 196 163 0 255 0
P 197 163 0 255 0
P 198 163 0 255 0
P 199 163 0 255 0
P 200 163 0 255 0
P 201 163 0 255 0
P 202 163 0 255 0
P 203 163 0 255 0
P 204 163 0 255 0
P 205 163 0 255 0
P 206 163 0 0 255
P 207 163 255 255 0
P 208 163 255 255 0
P 209 163 255 255 0
P 210 163 255 255 0
P 211 163 255 255 0
P 212 163 255 255 0
P 213 163 255 255 0
P 214 163 255 255 0
P 215 163 255 255 0
P 216 163 255 255 0
P 217 163 255 255 0
P 218 163 255 255 0
P 219 163 255 255 0
P 220 163 255 255 0
P 221 163 255 255 0
P 222 163 255 255 0
P 223 163 0 255 255
P 224 163 0 0 255
P 225 163 0 0 255
P 226 163 0 0 255
P 227 163 0 0 255
P 228 163 0 0 255
P 229 163 0 0 255
P 230 163 0 0 255
P 231 163 0 0 255
P 232 163 0 0 255
P 233 163 0 0 255
P 234 163 0 0 255
P 235 163 0 0 255
P 236 163 0 0 255
P 237 163 0 0 255
P 238 163 0 0 255
P 239 163 0 0 255
P 240 163 0 255 0
P 241 163 0 255 255
P 242 163 0 255 255
P 243 163 0 255 255
P 244 163 0 255 255
P 245 163 0 255 255
P 246 163 0 255 255
P 247 163 0 255 255
P 248 163 0 255 255
P 249 163 0 255 255
P 250 163 0 255 255
P 251 163 0 255 255
P 252 163 0 255 255
P 253 163 0 255 255
P 254 163 0 255 255
P 255 163 0 255 255
P 256 163 0 255 255
P 257 163 0 0 255
P 258 163 0 255 0
P 259 163 0 255 0
P 260 163 0 255 0
P 261 163 0 255 0
P 262 163 0 255 0
P 263 163 0 255 0
P 264 163 0 255 0
P 265 163 0 255 0
P 266 163 0 255 0
P 267 163 0 255 0
P 268 163 0 255 0
P 269 163 0 255 0
P 270 163 0 255 0
P 271 163 0 255 0
P 272 163 0 255 0
P 273 163 0 255 0
P 274 163 255 255 255
P 275 163 255 255 0
P 276 163 255 255 0
P 277 163 255 255 0
P 278 163 255 255 0
P 279 163 255 255 0
P 280 163 255 255 0
P 281 163 255 255 0
P 282 163 255 255 0
P 283 163 255 255 0
P 284 163 255 255 0
P 285 163 255 255 0
P 286 163 255 255 0
P 287 163 255 255 0
P 288 163 255 255 0
P 289 163 255 255 0
P 290 163 255 255 0
P 291 163 0 0 255
P 20 164 0 255 0
P 21 164 255 0 0
P 22 164 255 0 0
P 23 164 255 0 0
P 24 164 255 0 0
P 25 164 255 0 0
P 26 164 255 0 0
P 27 164 255 0 0
P 28 164 255 0 0
P 29 164 255 0 0
P 30 164 255 0 0
P 31 164 255 0 0
P 32 164 255 0 0
P 33 164 255 0 0
P 34 164 255 0 0
P 35 164 255 0 0
P 36 164 255 0 0
P 37 164 0 255 255
P 38 164 255 255 0
P 39 164 255 255 0
P 40 164 255 255 0
P 41 164 255 255 0
P 42 164 255 255 0
P 43 164 255 255 0
P 44 164 255 255 0
P 45 164 255 255 0
P 46 164 255 255 0
P 47 164 255 255 0
P 48 164 255 255 0
P 49 164 255 255 0
P 50 164 255 255 0
P 51 164 255 255 0
P 52 164 255 255 0
P 53 164 255 255 0
P 54 164 0 0 255
P 55 164 255 0 0
P 56 164 255 0 0
P 57 164 255 0 0
P 58 164 255 0 0
P 59 164 255 0 0
P 60 164 255 0 0
P 61 164 255 0 0
P 62 164 255 0 0
P 63 164 255 0 0
P 64 164 255 0 0
P 65 164 255 0 0
P 66 164 255 0 0
P 67 164 255 0 0
P 68 164 255 0 0
P 69 164 255 0 0
P 70 164 255 0 0
P 71 164 0 255 255
P 72 164 255 0 255
P 73 164 255 0 255
P 74 164 255 0 255
P 75 164 255 0 255
P 76 164 255 0 255
P 77 164 255 0 255
P 78 164 255 0 255
P 79 164 255 0 255
P 80 164 255 0 255
P 81 164 255 0 255
P 82 164 255 0 255
P 83 164 255 0 255
P 84 164 255 0 255
P 85 164 255 0 255
P 86 164 255 0 255
P 87 164 255 0 255
P 88 164 0 255 0
P 89 164 255 0 0
P 90 164 255 0 0
P 91 164 255 0 0
P 92 164 255 0 0
P 93 164 255 0 0
P 94 164 255 0 0
P 95 164 255 0 0
P 96 164 255 0 0
P 97 164 255 0 0
P 98 164 255 0 0
P 99 164 255 0 0
P 100 164 255 0 0
P 101 164 255 0 0
P 102 164 255 0 0
P 103 164 255 0 0
P 104 164 255 0 0
P 105 164 255 255 0
P 106 164 255 255 0
P 107 164 255 255 0
P 108 164 255 255 0
P 109 164 255 255 0
P 110 164 255 255 0
P 111 164 255 255 0
P 112 164 255 255 0
P 113 164 255 255 0
P 114 164 255 255 0
P 115 164 255 255 0
P 116 164 255 255 0
P 117 164 255 255 0
P 118 164 255 255 0
P 119 164 255 255 0
P 120 164 255 255 0
P 121 164 255 255 0
P 122 164 0 0 255
P 123 164 255 0 0
P 124 164 255 0 0
P 125 164 255 0 0
P 126 164 255 0 0
P 127 164 255 0 0
P 128 164 255 0 0
P 129 164 255 0 0
P 130 164 255 0 0
P 131 164 255 0 0
P 132 164 255 0 0
P 133 164 255 0 0
P 134 164 255 0 0
P 135 164 255 0 0
P 136 164 255 0 0
P 137 164 255 0 0
P 138 164 255 0 0
P 139 164 0 255 255
P 140 164 255 0 255
P 141 164 255 0 255
P 142 164 255 0 255
P 143 164 255 0 255
P 144 164 255 0 255
P 145 164 255 0 255
P 146 164 255 0 255
P 147 164 255 0 255
P 148 164 255 0 255
P 149 164 255 0 255
P 150 164 255 0 255
P 151 164 255 0 255
P 152 164 255 0 255
P 153 164 255 0 255
P 154 164 255 0 255
P 155 164 255 0 255
P 156 164 255 0 0
P 157 164 255 0 0
P 158 164 255 0 0
P 159 164 255 0 0
P 160 164 255 0 0
P 161 164 255 0 0
P 162 164 255 0 0
P 163 164 255 0 0
P 164 164 255 0 0
P 165 164 255 0 0
P 166 164 255 0 0
P 167 164 255 0 0
P 168 164 255 0 0
P 169 164 255 0 0
P 170 164 255 0 0
P 171 164 255 0 0
P 172 164 255 0 0
P 173 164 255 255 0
P 174 164 255 255 0
P 175 164 255 255 0
P 176 164 255 255 0
P 177 164 255 255 0
P 178 164 255 255 0
P 179 164 255 255 0
P 180 164 255 255 0
P 181 164 255 255 0
P 182 164 255 255 0
P 183 164 255 255 0
P 184 164 255 255 0
P 185 164 255 255 0
P 186 164 255 255 0
P 187 164 255 255 0
P 188 164 255 255 0
P 189 164 255 255 0
P 190 164 255 0 0
P 191 164 255 0 0
P 192 164 255 0 0
P 193 164 255 0 0
P 194 164 255 0 0
P 195 164 255 0 0
P 196 164 255 0 0
P 197 164 255 0 0
P 198 164 255 0 0
P 199 164 255 0 0
P 200 164 255 0 0
P 201 164 255 0 0
P 202 164 255 0 0
P 203 164 255 0 0
P 204 164 255 0 0
P 205 164 255 0 0
P 206 164 255 0 0
P 207 164 0 255 255
P 208 164 255 0 255
P 209 164 255 0 255
P 210 164 255 0 255
P 211 164 255 0 255
P 212 164 255 0 255
P 213 164 255 0 255
P 214 164 255 0 255
P 215 164 255 0 255
P 216 164 255 0 255
P 217 164 255 0 255
P 218 164 255 0 255
P 219 164 255 0 255
P 220 164 255 0 255
P 221 164 255 0 255
P 222 164 255 0 255
P 223 164 255 0 255
P 224 164 0 255 0
P 225 164 255 0 0
P 226 164 255 0 0
P 227 164 255 0 0
P 228 164 255 0 0
P 229 164 255 0 0
P 230 164 255 0 0
P 231 164 255 0 0
P 232 164 255 0 0
P 233 164 255 0 0
P 234 164 255 0 0
P 235 164 255 0 0
P 236 164 255 0 0
P 237 164 255 0 0
P 238 164 255 0 0
P 239 164 255 0 0
P 240 164 255 0 0
P 241 164 255 255 0
P 242 164 255 255 0
P 243 164 255 255 0
P 244 164 255 255 0
P 245 164 255 255 0
P 246 164 255 255 0
P 247 164 255 255 0
P 248 164 255 255 0
P 249 164 255 255 0
P 250 164 255 255 0
P 251 164 255 255 0
P 252 164 255 255 0
P 253 164 255 255 0
P 254 164 255 255 0
P 255 164 255 255 0
P 256 164 255 255 0
P 257 164 255 255 0
P 258 164 255 0 0
P 259 164 255 0 0
P 260 164 255 0 0
P 261 164 255 0 0
P 262 164 255 0 0
P 263 164 255 0 0
P 264 164 255 0 0
P 265 164 255 0 0
P 266 164 255 0 0
P 267 164 255 0 0
P 268 164 255 0 0
P 269 164 255 0 0
P 270 164 255 0 0
P 271 164 255 0 0
P 272 164 255 0 0
P 273 164 255 0 0
P 274 164 255 0 0
P 275 164 0 0 255
P 276 164 255 0 255
P 277 164 255 0 255
P 278 164 255 0 255
P 279 164 255 0 255
P 280 164 255 0 255
P 281 164 255 0 255
P 282 164 255 0 255
P 283 164 255 0 255
P 284 164 255 0 255
P 285 164 255 0 255
P 286 164 255 0 255
P 287 164 255 0 255
P 288 164 255 0 255
P 289 164 255 0 255
P 290 164 255 0 255
P 291 164 255 0 255
P 20 165 0 255 0
P 21 165 0 255 0
P 22 165 255 0 0
P 23 165 255 0 0
P 24 165 255 0 0
P 25 165 255 0 0
P 26 165 255 0 0
P 27 165 255 0 0
P 28 165 255 0 0
P 29 165 255 0 0
P 30 165 255 0 0
P 31 165 255 0 0
P 32 165 255 0 0
P 33 165 255 0 0
P 34 165 255 0 0
P 35 165 255 0 0
P 36 165 255 0 0
P 37 165 0 255 255
P 38 165 0 255 255
P 39 165 255 255 0
P 40 165 255 255 0
P 41 165 255 255 0
P 42 165 255 255 0
P 43 165 255 255 0
P 44 165 255 255 0
P 45 165 255 255 0
P 46 165 255 255 0
P 47 165 255 255 0
P 48 165 255 255 0
P 49 165 255 255 0
P 50 165 255 255 0
P 51 165 255 255 0
P 52 165 255 255 0
P 53 165 255 255 0
P 54 165 0 0 255
P 55 165 0 0 255
P 56 165 255 0 0
P 57 165 255 0 0
P 58 165 255 0 0
P 59 165 255 0 0
P 60 165 255 0 0
P 61 165 255 0 0
P 62 165 255 0 0
P 63 165 255 0 0
P 64 165 255 0 0
P 65 165 255 0 0
P 66 165 255 0 0
P 67 165 255 0 0
P 68 165 255 0 0
P 69 165 255 0 0
P 70 165 255 0 0
P 71 165 0 255 255
P 72 165 0 255 255
P 73 165 255 0 255
P 74 165 255 0 255
P 75 165 255 0 255
P 76 165 255 0 255
P 77 165 255 0 255
P 78 165 255 0 255
P 79 165 255 0 255
P 80 165 255 0 255
P 81 165 255 0 255
P 82 165 255 0 255
P 83 165 255 0 255
P 84 165 255 0 255
P 85 165 255 0 255
P 86 165 255 0 255
P 87 165 255 0 255
P 88 165 0 255 0
P 89 165 0 255 0
P 90 165 255 0 0
P 91 165 255 0 0
P 92 165 255 0 0
P 93 165 255 0 0
P 94 165 255 0 0
P 95 165 255 0 0
P 96 165 255 0 0
P 97 165 255 0 0
P 98 165 255 0 0
P 99 165 255 0 0
P 100 165 255 0 0
P 101 165 255 0 0
P 102 165 255 0 0
P 103 165 255 0 0
P 104 165 255 0 0
P 105 165 255 0 255
P 106 165 255 0 255
P 107 165 255 255 0
P 108 165 255 255 0
P 109 165 255 255 0
P 110 165 255 255 0
P 111 165 255 255 0
P 112 165 255 255 0
P 113 165 255 255 0
P 114 165 255 255 0
P 115 165 255 255 0
P 116 165 255 255 0
P 117 165 255 255 0
P 118 165 255 255 0
P 119 165 255 255 0
P 120 165 255 255 0
P 121 165 255 255 0
P 122 165 0 0 255
P 123 165 0 0 255
P 124 165 255 0 0
P 125 165 255 0 0
P 126 165 255 0 0
P 127 165 255 0 0
P 128 165 255 0 0
P 129 165 255 0 0
P 130 165 255 0 0
P 131 165 255 0 0
P 132 165 255 0 0
P 133 165 255 0 0
P 134 165 255 0 0
P 135 165 255 0 0
P 136 165 255 0 0
P 137 165 255 0 0
P 138 165 255 0 0
P 139 165 0 255 255
P 140 165 0 255 255
P 141 165 255 0 255
P 142 165 255 0 255
P 143 165 255 0 255
P 144 165 255 0 255
P 145 165 255 0 255
P 146 165 255 0 255
P 147 165 255 0 255
P 148 165 255 0 255
P 149 165 255 0 255
P 150 165 255 0 255
P 151 165 255 0 255
P 152 165 255 0 255
P 153 165 255 0 255
P 154 165 255 0 255
P 155 165 255 0 255
P 156 165 0 255 0
P 157 165 0 255 0
P 158 165 255 0 0
P 159 165 255 0 0
P 160 165 255 0 0
P 161 165 255 0 0
P 162 165 255 0 0
P 163 165 255 0 0
P 164 165 255 0 0
P 165 165 255 0 0
P 166 165 255 0 0
P 167 165 255 0 0
P 168 165 255 0 0
P 169 165 255 0 0
P 170 165 255 0 0
P 171 165 255 0 0
P 172 165 255 0 0
P 173 165 255 0 255
P 174 165 255 0 255
P 175 165 255 255 0
P 176 165 255 255 0
P 177 165 255 255 0
P 178 165 255 255 0
P 179 165 255 255 0
P 180 165 255 255 0
P 181 165 255 255 0
P 182 165 255 255 0
P 183 165 255 255 0
P 184 165 255 255 0
P 185 165 255 255 0
P 186 165 255 255 0
P 187 165 255 255 0
P 188 165 255 255 0
P 189 165 255 255 0
P 190 165 0 0 255
P 191 165 0 0 255
P 192 165 255 0 0
P 193 165 255 0 0
P 194 165 255 0 0
P 195 165 255 0 0
P 196 165 255 0 0
P 197 165 255 0 0
P 198 165 255 0 0
P 199 165 255 0 0
P 200 165 255 0 0
P 201 165 255 0 0
P 202 165 255 0 0
P 203 165 255 0 0
P 204 165 255 0 0
P 205 165 255 0 0
P 206 165 255 0 0
P 207 165 0 255 255
P 208 165 0 255 255
P 209 165 255 0 255
P 210 165 255 0 255
P 211 165 255 0 255
P 212 165 255 0 255
P 213 165 255 0 255
P 214 165 255 0 255
P 215 165 255 0 255
P 216 165 255 0 255
P 217 165 255 0 255
P 218 165 255 0 255
P 219 165 255 0 255
P 220 165 255 0 255
P 221 165 255 0 255
P 222 165 255 0 255
P 223 165 255 0 255
P 224 165 0 255 0
P 225 165 0 255 0
P 226 165 255 0 0
P 227 165 255 0 0
P 228 165 255 0 0
P 229 165 255 0 0
P 230 165 255 0 0
P 231 165 255 0 0
P 232 165 255 0 0
P 233 165 255 0 0
P 234 165 255 0 0
P 235 165 255 0 0
P 236 165 255 0 0
P 237 165 255 0 0
P 238 165 255 0 0
P 239 165 255 0 0
P 240 165 255 0 0
P 241 165 255 0 255
P 242 165 255 0 255
P 243 165 255 255 0
P 244 165 255 255 0
P 245 165 255 255 0
P 246 165 255 255 0
P 247 165 255 255 0
P 248 165 255 255 0
P 249 165 255 255 0
P 250 165 255 255 0
P 251 165 255 255 0
P 252 165 255 255 0
P 253 165 255 255 0
P 254 165 255 255 0
P 255 165 255 255 0
P 256 165 255 255 0
P 257 165 255 255 0
P 258 165 255 255 255
P 259 165 255 255 255
P 260 165 255 0 0
P 261 165 255 0 0
P 262 165 255 0 0
P 263 165 255 0 0
P 264 165 255 0 0
P 265 165 255 0 0
P 266 165 255 0 0
P 267 165 255 0 0
P 268 165 255 0 0
P 269 165 255 0 0
P 270 165 255 0 0
P 271 165 255 0 0
P 272 165 255 0 0
P 273 165 255 0 0
P 274 165 255 0 0
P 275 165 0 0 255
P 276 165 0 0 255
P 277 165 255 0 255
P 278 165 255 0 255
P 279 165 255 0 255
P 280 165 255 0 255
P 281 165 255 0 255
P 282 165 255 0 255
P 283 165 255 0 255
P 284 165 255 0 255
P 285 165 255 0 255
P 286 165 255 0 255
P 287 165 255 0 255
P 288 165 255 0 255
P 289 165 255 0 255
P 290 165 255 0 255
P 291 165 255 0 255
P 20 166 0 255 0
P 21 166 0 255 0
P 22 166 0 255 0
P 23 166 255 0 0
P 24 166 255 0 0
P 25 166 255 0 0
P 26 166 255 0 0
P 27 166 255 0 0
P 28 166 255 0 0
P 29 166 255 0 0
P 30 166 255 0 0
P 31 166 255 0 0
P 32 166 255 0 0
P 33 166 255 0 0
P 34 166 255 0 0
P 35 166 255 0 0
P 36 166 255 0 0
P 37 166 0 255 255
P 38 166 0 255 255
P 39 166 0 255 255
P 40 166 255 255 0
P 41 166 255 255 0
P 42 166 255 255 0
P 43 166 255 255 0
P 44 166 255 255 0
P 45 166 255 255 0
P 46 166 255 255 0
P 47 166 255 255 0
P 48 166 255 255 0
P 49 166 255 255 0
P 50 166 255 255 0
P 51 166 255 255 0
P 52 166 255 255 0
P 53 166 255 255 0
P 54 166 0 0 255
P 55 166 0 0 255
P 56 166 0 0 255
P 57 166 0 0 255
P 58 166 255 0 0
P 59 166 255 0 0
P 60 166 255 0 0
P 61 166 255 0 0
P 62 166 255 0 0
P 63 166 255 0 0
P 64 166 255 0 0
P 65 166 255 0 0
P 66 166 255 0 0
P 67 166 255 0 0
P 68 166 255 0 0
P 69 166 255 0 0
P 70 166 255 0 0
P 71 166 0 255 255
P 72 166 0 255 255
P 73 166 0 255 255
P 74 166 255 0 255
P 75 166 255 0 255
P 76 166 255 0 255
P 77 166 255 0 255
P 78 166 255 0 255
P 79 166 255 0 255
P 80 166 255 0 255
P 81 166 255 0 255
P 82 166 255 0 255
P 83 166 255 0 255
P 84 166 255 0 255
P 85 166 255 0 255
P 86 166 255 0 255
P 87 166 255 0 255
P 88 166 0 255 0
P 89 166 0 255 0
P 90 166 0 255 0
P 91 166 255 0 0
P 92 166 255 0 0
P 93 166 255 0 0
P 94 166 255 0 0
P 95 166 255 0 0
P 96 166 255 0 0
P 97 166 255 0 0
P 98 166 255 0 0
P 99 166 255 0 0
P 100 166 255 0 0
P 101 166 255 0 0
P 102 166 255 0 0
P 103 166 255 0 0
P 104 166 255 0 0
P 105 166 255 0 255
P 106 166 255 0 255
P 107 166 255 0 255
P 108 166 255 255 0
P 109 166 255 255 0
P 110 166 255 255 0
P 111 166 255 255 0
P 112 166 255 255 0
P 113 166 255 255 0
P 114 166 255 255 0
P 115 166 255 255 0
P 116 166 255 255 0
P 117 166 255 255 0
P 118 166 255 255 0
P 119 166 255 255 0
P 120 166 255 255 0
P 121 166 255 255 0
P 122 166 0 0 255
P 123 166 0 0 255
P 124 166 0 0 255
P 125 166 0 0 255
P 126 166 255 0 0
P 127 166 255 0 0
P 128 166 255 0 0
P 129 166 255 0 0
P 130 166 255 0 0
P 131 166 255 0 0
P 132 166 255 0 0
P 133 166 255 0 0
P 134 166 255 0 0
P 135 166 255 0 0
P 136 166 255 0 0
P 137 166 255 0 0
P 138 166 255 0 0
P 139 166 0 255 255
P 140 166 0 255 255
P 141 166 0 255 255
P 142 166 0 255 255
P 143 166 255 0 255
P 144 166 255 0 255
P 145 166 255 0 255
P 146 166 255 0 255
P 147 166 255 0 255
P 148 166 255 0 255
P 149 166 255 0 255
P 150 166 255 0 255
P 151 166 255 0 255
P 152 166 255 0 255
P 153 166 255 0 255
P 154 166 255 0 255
P 155 166 255 0 255
P 156 166 0 255 0
P 157 166 0 255 0
P 158 166 0 255 0
P 159 166 255 0 0
P 160 166 255 0 0
P 161 166 255 0 0
P 162 166 255 0 0
P 163 166 255 0 0
P 164 166 255 0 0
P 165 166 255 0 0
P 166 166 255 0 0
P 167 166 255 0 0
P 168 166 255 0 0
P 169 166 255 0 0
P 170 166 255 0 0
P 171 166 255 0 0
P 172 166 255 0 0
P 173 166 255 0 255
P 174 166 255 0 255
P 175 166 255 0 255
P 176 166 255 255 0
P 177 166 255 255 0
P 178 166 255 255 0
P 179 166 255 255 0
P 180 166 255 255 0
P 181 166 255 255 0
P 182 166 255 255 0
P 183 166 255 255 0
P 184 166 255 255 0
P 185 166 255 255 0
P 186 166 255 255 0
P 187 166 255 255 0
P 188 166 255 255 0
P 189 166 255 255 0
P 190 166 0 0 255
P 191 166 0 0 255
P 192 166 0 0 255
P 193 166 255 0 0
P 194 166 255 0 0
P 195 166 255 0 0
P 196 166 255 0 0
P 197 166 255 0 0
P 198 166 255 0 0
P 199 166 255 0 0
P 200 166 255 0 0
P 201 166 255 0 0
P 202 166 255 0 0
P 203 166 255 0 0
P 204 166 255 0 0
P 205 166 255 0 0
P 206 166 255 0 0
P 207 166 0 255 255
P 208 166 0 255 255
P 209 166 0 255 255
P 210 166 0 255 255
P 211 166 255 0 255
P 212 166 255 0 255
P 213 166 255 0 255
P 214 166 255 0 255
P 215 166 255 0 255
P 216 166 255 0 255
P 217 166 255 0 255
P 218 166 255 0 255
P 219 166 255 0 255
P 220 166 255 0 255
P 221 166 255 0 255
P 222 166 255 0 255
P 223 166 255 0 255
P 224 166 0 255 0
P 225 166 0 255 0
P 226 166 0 255 0
P 227 166 0 255 0
P 228 166 255 0 0
P 229 166 255 0 0
P 230 166 255 0 0
P 231 166 255 0 0
P 232 166 255 0 0
P 233 166 255 0 0
P 234 166 255 0 0
P 235 166 255 0 0
P 236 166 255 0 0
P 237 166 255 0 0
P 238 166 255 0 0
P 239 166 255 0 0
P 240 166 255 0 0
P 241 166 255 0 255
P 242 166 255 0 255
P 243 166 255 0 255
P 244 166 255 255 0
P 245 166 255 255 0
P 246 166 255 255 0
P 247 166 255 255 0
P 248 166 255 255 0
P 249 166 255 255 0
P 250 166 255 255 0
P 251 166 255 255 0
P 252 166 255 255 0
P 253 166 255 255 0
P 254 166 255 255 0
P 255 166 255 255 0
P 256 166 255 255 0
P 257 166 255 255 0
P 258 166 255 255 255
P 259 166 255 255 255
P 260 166 255 255 255
P 261 166 255 0 0
P 262 166 255 0 0
P 263 166 255 0 0
P 264 166 255 0 0
P 265 166 255 0 0
P 266 166 255 0 0
P 267 166 255 0 0
P 268 166 255 0 0
P 269 166 255 0 0
P 270 166 255 0 0
P 271 166 255 0 0
P 272 166 255 0 0
P 273 166 255 0 0
P 274 166 255 0 0
P 275 166 0 0 255
P 276 166 0 0 255
P 277 166 0 0 255
P 278 166 0 0 255
P 279 166 255 0 255
P 280 166 255 0 255
P 281 166 255 0 255
P 282 166 255 0 255
P 283 166 255 0 255
P 284 166 255 0 255
P 285 166 255 0 255
P 286 166 255 0 255
P 287 166 255 0 255
P 288 166 255 0 255
P 289 166 255 0 255
P 290 166 255 0 255
P 291 166 255 0 255
P 20 167 0 255 0
P 21 167 0 255 0
P 22 167 0 255 0
P 23 167 0 255 0
P 24 167 0 255 0
P 25 167 255 0 0
P 26 167 255 0 0
P 27 167 255 0 0
P 28 167 255 0 0
P 29 167 255 0 0
P 30 167 255 0 0
P 31 167 255 0 0
P 32 167 255 0 0
P 33 167 255 0 0
P 34 167 255 0 0
P 35 167 255 0 0
P 36 167 255 0 0
P 37 167 0 255 255
P 38 167 0 255 255
P 39 167 0 255 255
P 40 167 0 255 255
P 41 167 0 255 255
P 42 167 255 255 0
P 43 167 255 255 0
P 44 167 255 255 0
P 45 167 255 255 0
P 46 167 255 255 0
P 47 167 255 255 0
P 48 167 255 255 0
P 49 167 255 255 0
P 50 167 255 255 0
P 51 167 255 255 0
P 52 167 255 255 0
P 53 167 255 255 0
P 54 167 0 0 255
P 55 167 0 0 255
P 56 167 0 0 255
P 57 167 0 0 255
P 58 167 0 0 255
P 59 167 255 0 0
P 60 167 255 0 0
P 61 167 255 0 0
P 62 167 255 0 0
P 63 167 255 0 0
P 64 167 255 0 0
P 65 167 255 0 0
P 66 167 255 0 0
P 67 167 255 0 0
P 68 167 255 0 0
P 69 167 255 0 0
P 70 167 255 0 0
P 71 167 0 255 255
P 72 167 0 255 255
P 73 167 0 255 255
P 74 167 0 255 255
P 75 167 0 255 255
P 76 167 255 0 255
P 77 167 255 0 255
P 78 167 255 0 255
P 79 167 255 0 255
P 80 167 255 0 255
P 81 167 255 0 255
P 82 167 255 0 255
P 83 167 255 0 255
P 84 167 255 0 255
P 85 167 255 0 255
P 86 167 255 0 255
P 87 167 255 0 255
P 88 167 0 255 0
P 89 167 0 255 0
P 90 167 0 255 0
P 91 167 0 255 0
P 92 167 0 255 0
P 93 167 255 0 0
P 94 167 255 0 0
P 95 167 255 0 0
P 96 167 255 0 0
P 97 167 255 0 0
P 98 167 255 0 0
P 99 167 255 0 0
P 100 167 255 0 0
P 101 167 255 0 0
P 102 167 255 0 0
P 103 167 255 0 0
P 104 167 255 0 0
P 105 167 255 0 255
P 106 167 255 0 255
P 107 167 255 0 255
P 108 167 255 0 255
P 109 167 255 0 255
P 110 167 255 255 0
P 111 167 255 255 0
P 112 167 255 255 0
P 113 167 255 255 0
P 114 167 255 255 0
P 115 167 255 255 0
P 116 167 255 255 0
P 117 167 255 255 0
P 118 167 255 255 0
P 119 167 255 255 0
P 120 167 255 255 0
P 121 167 255 255 0
P 122 167 0 0 255
P 123 167 0 0 255
P 124 167 0 0 255
P 125 167 0 0 255
P 126 167 0 0 255
P 127 167 255 0 0
P 128 167 255 0 0
P 129 167 255 0 0
P 130 167 255 0 0
P 131 167 255 0 0
P 132 167 255 0 0
P 133 167 255 0 0
P 134 167 255 0 0
P 135 167 255 0 0
P 136 167 255 0 0
P 137 167 255 0 0
P 138 167 255 0 0
P 139 167 0 255 255
P 140 167 0 255 255
P 141 167 0 255 255
P 142 167 0 255 255
P 143 167 0 255 255
P 144 167 255 0 255
P 145 167 255 0 255
P 146 167 255 0 255
P 147 167 255 0 255
P 148 167 255 0 255
P 149 167 255 0 255
P 150 167 255 0 255
P 151 167 255 0 255
P 152 167 255 0 255
P 153 167 255 0 255
P 154 167 255 0 255
P 155 167 255 0 255
P 156 167 0 255 0
P 157 167 0 255 0
P 158 167 0 255 0
P 159 167 0 255 0
P 160 167 0 255 0
P 161 167 255 0 0
P 162 167 255 0 0
P 163 167 255 0 0
P 164 167 255 0 0
P 165 167 255 0 0
P 166 167 255 0 0
P 167 167 255 0 0
P 168 167 255 0 0
P 169 167 255 0 0
P 170 167 255 0 0
P 171 167 255 0 0
P 172 167 255 0 0
P 173 167 255 0 255
P 174 167 255 0 255
P 175 167 255 0 255
P 176 167 255 0 255
P 177 167 255 0 255
P 178 167 255 255 0
P 179 167 255 255 0
P 180 167 255 255 0
P 181 167 255 255 0
P 182 167 255 255 0
P 183 167 255 255 0
P 184 167 255 255 0
P 185 167 255 255 0
P 186 167 255 255 0
P 187 167 255 255 0
P 188 167 255 255 0
P 189 167 255 255 0
P 190 167 0 0 255
P 191 167 0 0 255
P 192 167 0 0 255
P 193 167 0 0 255
P 194 167 0 0 255
P 195 167 255 0 0
P 196 167 255 0 0
P 197 167 255 0 0
P 198 167 255 0 0
P 199 167 255 0 0
P 200 167 255 0 0
P 201 167 255 0 0
P 202 167 255 0 0
P 203 167 255 0 0
P 204 167 255 0 0
P 205 167 255 0 0
P 206 167 255 0 0
P 207 167 0 255 255
P 208 167 0 255 255
P 209 167 0 255 255
P 210 167 0 255 255
P 211 167 0 255 255
P 212 167 255 0 255
P 213 167 255 0 255
P 214 167 255 0 255
P 215 167 255 0 255
P 216 167 255 0 255
P 217 167 255 0 255
P 218 167 255 0 255
P 219 167 255 0 255
P 220 167 255 0 255
P 221 167 255 0 255
P 222 167 255 0 255
P 223 167 255 0 255
P 224 167 0 255 0
P 225 167 0 255 0
P 226 167 0 255 0
P 227 167 0 255 0
P 228 167 0 255 0
P 229 167 255 0 0
P 230 167 255 0 0
P 231 167 255 0 0
P 232 167 255 0 0
P 233 167 255 0 0
P 234 167 255 0 0
P 235 167 255 0 0
P 236 167 255 0 0
P 237 167 255 0 0
P 238 167 255 0 0
P 239 167 255 0 0
P 240 167 255 0 0
P 241 167 255 0 255
P 242 167 255 0 255
P 243 167 255 0 255
P 244 167 255 0 255
P 245 167 255 0 255
P 246 167 255 255 0
P 247 167 255 255 0
P 248 167 255 255 0
P 249 167 255 255 0
P 250 167 255 255 0
P 251 167 255 255 0
P 252 167 255 255 0
P 253 167 255 255 0
P 254 167 255 255 0
P 255 167 255 255 0
P 256 167 255 255 0
P 257 167 255 255 0
P 258 167 255 255 255
P 259 167 255 255 255
P 260 167 255 255 255
P 261 167 255 255 255
P 262 167 255 255 255
P 263 167 255 0 0
P 264 167 255 0 0
P 265 167 255 0 0
P 266 167 255 0 0
P 267 167 255 0 0
P 268 167 255 0 0
P 269 167 255 0 0
P 270 167 255 0 0
P 271 167 255 0 0
P 272 167 255 0 0
P 273 167 255 0 0
P 274 167 255 0 0
P 275 167 0 0 255
P 276 167 0 0 255
P 277 167 0 0 255
P 278 167 0 0 255
P 279 167 0 0 255
P 280 167 255 0 255
P 281 167 255 0 255
P 282 167 255 0 255
P 283 167 255 0 255
P 284 167 255 0 255
P 285 167 255 0 255
P 286 167 255 0 255
P 287 167 255 0 255
P 288 167 255 0 255
P 289 167 255 0 255
P 290 167 255 0 255
P 291 167 255 0 255
P 20 168 0 255 0
P 21 168 0 255 0
P 22 168 0 255 0
P 23 168 0 255 0
P 24 168 0 255 0
P 25 168 0 255 0
P 26 168 255 0 0
P 27 168 255 0 0
P 28 168 255 0 0
P 29 168 255 0 0
P 30 168 255 0 0
P 31 168 255 0 0
P 32 168 255 0 0
P 33 168 255 0 0
P 34 168 255 0 0
P 35 168 255 0 0
P 36 168 255 0 0
P 37 168 0 255 255
P 38 168 0 255 255
P 39 168 0 255 255
P 40 168 0 255 255
P 41 168 0 255 255
P 42 168 0 255 255
P 43 168 255 255 0
P 44 168 255 255 0
P 45 168 255 255 0
P 46 168 255 255 0
P 47 168 255 255 0
P 48 168 255 255 0
P 49 168 255 255 0
P 50 168 255 255 0
P 51 168 255 255 0
P 52 168 255 255 0
P 53 168 255 255 0
P 54 168 0 0 255
P 55 168 0 0 255
P 56 168 0 0 255
P 57 168 0 0 255
P 58 168 0 0 255
P 59 168 0 0 255
P 60 168 255 0 0
P 61 168 255 0 0
P 62 168 255 0 0
P 63 168 255 0 0
P 64 168 255 0 0
P 65 168 255 0 0
P 66 168 255 0 0
P 67 168 255 0 0
P 68 168 255 0 0
P 69 168 255 0 0
P 70 168 255 0 0
P 71 168 0 255 255
P 72 168 0 255 255
P 73 168 0 255 255
P 74 168 0 255 255
P 75 168 0 255 255
P 76 168 0 255 255
P 77 168 255 0 255
P 78 168 255 0 255
P 79 168 255 0 255
P 80 168 255 0 255
P 81 168 255 0 255
P 82 168 255 0 255
P 83 168 255 0 255
P 84 168 255 0 255
P 85 168 255 0 255
P 86 168 255 0 255
P 87 168 255 0 255
P 88 168 0 255 0
P 89 168 0 255 0
P 90 168 0 255 0
P 91 168 0 255 0
P 92 168 0 255 0
P 93 168 0 255 0
P 94 168 255 0 0
P 95 168 255 0 0
P 96 168 255 0 0
P 97 168 255 0 0
P 98 168 255 0 0
P 99 168 255 0 0
P 100 168 255 0 0
P 101 168 255 0 0
P 102 168 255 0 0
P 103 168 255 0 0
P 104 168 255 0 0
P 105 168 255 0 255
P 106 168 255 0 255
P 107 168 255 0 255
P 108 168 255 0 255
P 109 168 255 0 255
P 110 168 255 0 255
P 111 168 255 255 0
P 112 168 255 255 0
P 113 168 255 255 0
P 114 168 255 255 0
P 115 168 255 255 0
P 116 168 255 255 0
P 117 168 255 255 0
P 118 168 255 255 0
P 119 168 255 255 0
P 120 168 255 255 0
P 121 168 255 255 0
P 122 168 0 0 255
P 123 168 0 0 255
P 124 168 0 0 255
P 125 168 0 0 255
P 126 168 0 0 255
P 127 168 0 0 255
P 128 168 255 0 0
P 129 168 255 0 0
P 130 168 255 0 0
P 131 168 255 0 0
P 132 168 255 0 0
P 133 168 255 0 0
P 134 168 255 0 0
P 135 168 255 0 0
P 136 168 255 0 0
P 137 168 255 0 0
P 138 168 255 0 0
P 139 168 0 255 255
P 140 168 0 255 255
P 141 168 0 255 255
P 142 168 0 255 255
P 143 168 0 255 255
P 144 168 0 255 255
P 145 168 255 0 255
P 146 168 255 0 255
P 147 168 255 0 255
P 148 168 255 0 255
P 149 168 255 0 255
P 150 168 255 0 255
P 151 168 255 0 255
P 152 168 255 0 255
P 153 168 255 0 255
P 154 168 255 0 255
P 155 168 255 0 255
P 156 168 0 255 0
P 157 168 0 255 0
P 158 168 0 255 0
P 159 168 0 255 0
P 160 168 0 255 0
P 161 168 0 255 0
P 162 168 255 0 0
P 163 168 255 0 0
P 164 168 255 0 0
P 165 168 255 0 0
P 166 168 255 0 0
P 167 168 255 0 0
P 168 168 255 0 0
P 169 168 255 0 0
P 170 168 255 0 0
P 171 168 255 0 0
P 172 168 255 0 0
P 173 168 255 0 255
P 174 168 255 0 255
P 175 168 255 0 255
P 176 168 255 0 255
P 177 168 255 0 255
P 178 168 255 0 255
P 179 168 255 255 0
P 180 168 255 255 0
P 181 168 255 255 0
P 182 168 255 255 0
P 183 168 255 255 0
P 184 168 255 255 0
P 185 168 255 255 0
P 186 168 255 255 0
P 187 168 255 255 0
P 188 168 255 255 0
P 189 168 255 255 0
P 190 168 0 0 255
P 191 168 0 0 255
P 192 168 0 0 255
P 193 168 0 0 255
P 194 168 0 0 255
P 195 168 0 0 255
P 196 168 255 0 0
P 197 168 255 0 0
P 198 168 255 0 0
P 199 168 255 0 0
P 200 168 255 0 0
P 201 168 255 0 0
P 202 168 255 0 0
P 203 168 255 0 0
P 204 168 255 0 0
P 205 168 255 0 0
P 206 168 255 0 0
P 207 168 0 255 255
P 208 168 0 255 255
P 209 168 0 255 255
P 210 168 0 255 255
P 211 168 0 255 255
P 212 168 0 255 255
P 213 168 255 0 255
P 214 168 255 0 255
P 215 168 255 0 255
P 216 168 255 0 255
P 217 168 255 0 255
P 218 168 255 0 255
P 219 168 255 0 255
P 220 168 255 0 255
P 221 168 255 0 255
P 222 168 255 0 255
P 223 168 255 0 255
P 224 168 0 255 0
P 225 168 0 255 0
P 226 168 0 255 0
P 227 168 0 255 0
P 228 168 0 255 0
P 229 168 0 255 0
P 230 168 255 0 0
P 231 168 255 0 0
P 232 168 255 0 0
P 233 168 255 0 0
P 234 168 255 0 0
P 235 168 255 0 0
P 236 168 255 0 0
P 237 168 255 0 0
P 238 168 255 0 0
P 239 168 255 0 0
P 240 168 255 0 0
P 241 168 255 0 255
P 242 168 255 0 255
P 243 168 255 0 255
P 244 168 255 0 255
P 245 168 255 0 255
P 246 168 255 0 255
P 247 168 255 255 0
P 248 168 255 255 0
P 249 168 255 255 0
P 250 168 255 255 0
P 251 168 255 255 0
P 252 168 255 255 0
P 253 168 255 255 0
P 254 168 255 255 0
P 255 168 255 255 0
P 256 168 255 255 0
P 257 168 255 255 0
P 258 168 255 255 255
P 259 168 255 255 255
P 260 168 255 255 255
P 261 168 255 255 255
P 262 168 255 255 255
P 263 168 255 255 255
P 264 168 255 0 0
P 265 168 255 0 0
P 266 168 255 0 0
P 267 168 255 0 0
P 268 168 255 0 0
P 269 168 255 0 0
P 270 168 255 0 0
P 271 168 255 0 0
P 272 168 255 0 0
P 273 168 255 0 0
P 274 168 255 0 0
P 275 168 0 0 255
P 276 168 0 0 255
P 277 168 0 0 255
P 278 168 0 0 255
P 279 168 0 0 255
P 280 168 0 0 255
P 281 168 255 0 255
P 282 168 255 0 255
P 283 168 255 0 255
P 284 168 255 0 255
P 285 168 255 0 255
P 286 168 255 0 255
P 287 168 255 0 255
P 288 168 255 0 255
P 289 168 255 0 255
P 290 168 255 0 255
P 291 168 255 0 255
P 20 169 0 255 0
P 21 169 0 255 0
P 22 169 0 255 0
P 23 169 0 255 0
P 24 169 0 255 0
P 25 169 0 255 0
P 26 169 0 255 0
P 27 169 0 255 0
P 28 169 255 0 0
P 29 169 255 0 0
P 30 169 255 0 0
P 31 169 255 0 0
P 32 169 255 0 0
P 33 169 255 0 0
P 34 169 255 0 0
P 35 169 255 0 0
P 36 169 255 0 0
P 37 169 0 255 255
P 38 169 0 255 255
P 39 169 0 255 255
P 40 169 0 255 255
P 41 169 0 255 255
P 42 169 0 255 255
P 43 169 0 255 255
P 44 169 0 255 255
P 45 169 255 255 0
P 46 169 255 255 0
P 47 169 255 255 0
P 48 169 255 255 0
P 49 169 255 255 0
P 50 169 255 255 0
P 51 169 255 255 0
P 52 169 255 255 0
P 53 169 255 255 0
P 54 169 0 0 255
P 55 169 0 0 255
P 56 169 0 0 255
P 57 169 0 0 255
P 58 169 0 0 255
P 59 169 0 0 255
P 60 169 0 0 255
P 61 169 0 0 255
P 62 169 255 0 0
P 63 169 255 0 0
P 64 169 255 0 0
P 65 169 255 0 0
P 66 169 255 0 0
P 67 169 255 0 0
P 68 169 255 0 0
P 69 169 255 0 0
P 70 169 255 0 0
P 71 169 0 255 255
P 72 169 0 255 255
P 73 169 0 255 255
P 74 169 0 255 255
P 75 169 0 255 255
P 76 169 0 255 255
P 77 169 0 255 255
P 78 169 255 0 255
P 79 169 255 0 255
P 80 169 255 0 255
P 81 169 255 0 255
P 82 169 255 0 255
P 83 169 255 0 255
P 84 169 255 0 255
P 85 169 255 0 255
P 86 169 255 0 255
P 87 169 255 0 255
P 88 169 0 255 0
P 89 169 0 255 0
P 90 169 0 255 0
P 91 169 0 255 0
P 92 169 0 255 0
P 93 169 0 255 0
P 94 169 0 255 0
P 95 169 0 255 0
P 96 169 255 0 0
P 97 169 255 0 0
P 98 169 255 0 0
P 99 169 255 0 0
P 100 169 255 0 0
P 101 169 255 0 0
P 102 169 255 0 0
P 103 169 255 0 0
P 104 169 255 0 0
P 105 169 255 0 255
P 106 169 255 0 255
P 107 169 255 0 255
P 108 169 255 0 255
P 109 169 255 0 255
P 110 169 255 0 255
P 111 169 255 0 255
P 112 169 255 0 255
P 113 169 255 255 0
P 114 169 255 255 0
P 115 169 255 255 0
P 116 169 255 255 0
P 117 169 255 255 0
P 118 169 255 255 0
P 119 169 255 255 0
P 120 169 255 255 0
P 121 169 255 255 0
P 122 169 0 0 255
P 123 169 0 0 255
P 124 169 0 0 255
P 125 169 0 0 255
P 126 169 0 0 255
P 127 169 0 0 255
P 128 169 0 0 255
P 129 169 0 0 255
P 130 169 255 0 0
P 131 169 255 0 0
P 132 169 255 0 0
P 133 169 255 0 0
P 134 169 255 0 0
P 135 169 255 0 0
P 136 169 255 0 0
P 137 169 255 0 0
P 138 169 255 0 0
P 139 169 0 255 255
P 140 169 0 255 255
P 141 169 0 255 255
P 142 169 0 255 255
P 143 169 0 255 255
P 144 169 0 255 255
P 145 169 0 255 255
P 146 169 0 255 255
P 147 169 255 0 255
P 148 169 255 0 255
P 149 169 255 0 255
P 150 169 255 0 255
P 151 169 255 0 255
P 152 169 255 0 255
P 153 169 255 0 255
P 154 169 255 0 255
P 155 169 255 0 255
P 156 169 0 255 0
P 157 169 0 255 0
P 158 169 0 255 0
P 159 169 0 255 0
P 160 169 0 255 0
P 161 169 0 255 0
P 162 169 0 255 0
P 163 169 0 255 0
P 164 169 255 0 0
P 165 169 255 0 0
P 166 169 255 0 0
P 167 169 255 0 0
P 168 169 255 0 0
P 169 169 255 0 0
P 170 169 255 0 0
P 171 169 255 0 0
P 172 169 255 0 0
P 173 169 255 0 255
P 174 169 255 0 255
P 175 169 255 0 255
P 176 169 255 0 255
P 177 169 255 0 255
P 178 169 255 0 255
P 179 169 255 0 255
P 180 169 255 0 255
P 181 169 255 255 0
P 182 169 255 255 0
P 183 169 255 255 0
P 184 169 255 255 0
P 185 169 255 255 0
P 186 169 255 255 0
P 187 169 255 255 0
P 188 169 255 255 0
P 189 169 255 255 0
P 190 169 0 0 255
P 191 169 0 0 255
P 192 169 0 0 255
P 193 169 0 0 255
P 194 169 0 0 255
P 195 169 0 0 255
P 196 169 0 0 255
P 197 169 255 0 0
P 198 169 255 0 0
P 199 169 255 0 0
P 200 169 255 0 0
P 201 169 255 0 0
P 202 169 255 0 0
P 203 169 255 0 0
P 204 169 255 0 0
P 205 169 255 0 0
P 206 169 255 0 0
P 207 169 0 255 255
P 208 169 0 255 255
P 209 169 0 255 255
P 210 169 0 255 255
P 211 169 0 255 255
P 212 169 0 255 255
P 213 169 0 255 255
P 214 169 0 255 255
P 215 169 255 0 255
P 216 169 255 0 255
P 217 169 255 0 255
P 218 169 255 0 255
P 219 169 255 0 255
P 220 169 255 0 255
P 221 169 255 0 255
P 222 169 255 0 255
P 223 169 255 0 255
P 224 169 0 255 0
P 225 169 0 255 0
P 226 169 0 255 0
P 227 169 0 255 0
P 228 169 0 255 0
P 229 169 0 255 0
P 230 169 0 255 0
P 231 169 0 255 0
P 232 169 255 0 0
P 233 169 255 0 0
P 234 169 255 0 0
P 235 169 255 0 0
P 236 169 255 0 0
P 237 169 255 0 0
P 238 169 255 0 0
P 239 169 255 0 0
P 240 169 255 0 0
P 241 169 255 0 255
P 242 169 255 0 255
P 243 169 255 0 255
P 244 169 255 0 255
P 245 169 255 0 255
P 246 169 255 0 255
P 247 169 255 0 255
P 248 169 255 0 255
P 249 169 255 255 0
P 250 169 255 255 0
P 251 169 255 255 0
P 252 169 255 255 0
P 253 169 255 255 0
P 254 169 255 255 0
P 255 169 255 255 0
P 256 169 255 255 0
P 257 169 255 255 0
P 258 169 255 255 255
P 259 169 255 255 255
P 260 169 255 255 255
P 261 169 255 255 255
P 262 169 255 255 255
P 263 169 255 255 255
P 264 169 255 255 255
P 265 169 255 0 0
P 266 169 255 0 0
P 267 169 255 0 0
P 268 169 255 0 0
P 269 169 255 0 0
P 270 169 255 0 0
P 271 169 255 0 0
P 272 169 255 0 0
P 273 169 255 0 0
P 274 169 255 0 0
P 275 169 0 0 255
P 276 169 0 0 255
P 277 169 0 0 255
P 278 169 0 0 255
P 279 169 0 0 255
P 280 169 0 0 255
P 281 169 0 0 255
P 282 169 0 0 255
P 283 169 255 0 255
P 284 169 255 0 255
P 285 169 255 0 255
P 286 169 255 0 255
P 287 169 255 0 255
P 288 169 255 0 255
P 289 169 255 0 255
P 290 169 255 0 255
P 291 169 255 0 255
P 20 170 0 255 0
P 21 170 0 255 0
P 22 170 0 255 0
P 23 170 0 255 0
P 24 170 0 255 0
P 25 170 0 255 0
P 26 170 0 255 0
P 27 170 0 255 0
P 28 170 0 255 0
P 29 170 255 0 0
P 30 170 255 0 0
P 31 170 255 0 0
P 32 170 255 0 0
P 33 170 255 0 0
P 34 170 255 0 0
P 35 170 255 0 0
P 36 170 255 0 0
P 37 170 0 255 255
P 38 170 0 255 255
P 39 170 0 255 255
P 40 170 0 255 255
P 41 170 0 255 255
P 42 170 0 255 255
P 43 170 0 255 255
P 44 170 0 255 255
P 45 170 0 255 255
P 46 170 255 255 0
P 47 170 255 255 0
P 48 170 255 255 0
P 49 170 255 255 0
P 50 170 255 255 0
P 51 170 255 255 0
P 52 170 255 255 0
P 53 170 255 255 0
P 54 170 0 0 255
P 55 170 0 0 255
P 56 170 0 0 255
P 57 170 0 0 255
P 58 170 0 0 255
P 59 170 0 0 255
P 60 170 0 0 255
P 61 170 0 0 255
P 62 170 0 0 255
P 63 170 255 0 0
P 64 170 255 0 0
P 65 170 255 0 0
P 66 170 255 0 0
P 67 170 255 0 0
P 68 170 255 0 0
P 69 170 255 0 0
P 70 170 255 0 0
P 71 170 0 255 255
P 72 170 0 255 255
P 73 170 0 255 255
P 74 170 0 255 255
P 75 170 0 255 255
P 76 170 0 255 255
P 77 170 0 255 255
P 78 170 0 255 255
P 79 170 0 255 255
P 80 170 255 0 255
P 81 170 255 0 255
P 82 170 255 0 255
P 83 170 255 0 255
P 84 170 255 0 255
P 85 170 255 0 255
P 86 170 255 0 255
P 87 170 255 0 255
P 88 170 0 255 0
P 89 170 0 255 0
P 90 170 0 255 0
P 91 170 0 255 0
P 92 170 0 255 0
P 93 170 0 255 0
P 94 170 0 255 0
P 95 170 0 255 0
P 96 170 0 255 0
P 97 170 255 0 0
P 98 170 255 0 0
P 99 170 255 0 0
P 100 170 255 0 0
P 101 170 255 0 0
P 102 170 255 0 0
P 103 170 255 0 0
P 104 170 255 0 0
P 105 170 255 0 255
P 106 170 255 0 255
P 107 170 255 0 255
P 108 170 255 0 255
P 109 170 255 0 255
P 110 170 255 0 255
P 111 170 255 0 255
P 112 170 255 0 255
P 113 170 255 0 255
P 114 170 255 255 0
P 115 170 255 255 0
P 116 170 255 255 0
P 117 170 255 255 0
P 118 170 255 255 0
P 119 170 255 255 0
P 120 170 255 255 0
P 121 170 255 255 0
P 122 170 0 0 255
P 123 170 0 0 255
P 124 170 0 0 255
P 125 170 0 0 255
P 126 170 0 0 255
P 127 170 0 0 255
P 128 170 0 0 255
P 129 170 0 0 255
P 130 170 0 0 255
P 131 170 255 0 0
P 132 170 255 0 0
P 133 170 255 0 0
P 134 170 255 0 0
P 135 170 255 0 0
P 136 170 255 0 0
P 137 170 255 0 0
P 138 170 255 0 0
P 139 170 0 255 255
P 140 170 0 255 255
P 141 170 0 255 255
P 142 170 0 255 255
P 143 170 0 255 255
P 144 170 0 255 255
P 145 170 0 255 255
P 146 170 0 255 255
P 147 170 0 255 255
P 148 170 255 0 255
P 149 170 255 0 255
P 150 170 255 0 255
P 151 170 255 0 255
P 152 170 255 0 255
P 153 170 255 0 255
P 154 170 255 0 255
P 155 170 255 0 255
P 156 170 0 255 0
P 157 170 0 255 0
P 158 170 0 255 0
P 159 170 0 255 0
P 160 170 0 255 0
P 161 170 0 255 0
P 162 170 0 255 0
P 163 170 0 255 0
P 164 170 0 255 0
P 165 170 255 0 0
P 166 170 255 0 0
P 167 170 255 0 0
P 168 170 255 0 0
P 169 170 255 0 0
P 170 170 255 0 0
P 171 170 255 0 0
P 172 170 255 0 0
P 173 170 255 0 255
P 174 170 255 0 255
P 175 170 255 0 255
P 176 170 255 0 255
P 177 170 255 0 255
P 178 170 255 0 255
P 179 170 255 0 255
P 180 170 255 0 255
P 181 170 255 0 255
P 182 170 255 255 0
P 183 170 255 255 0
P 184 170 255 255 0
P 185 170 255 255 0
P 186 170 255 255 0
P 187 170 255 255 0
P 188 170 255 255 0
P 189 170 255 255 0
P 190 170 0 0 255
P 191 170 0 0 255
P 192 170 0 0 255
P 193 170 0 0 255
P 194 170 0 0 255
P 195 170 0 0 255
P 196 170 0 0 255
P 197 170 0 0 255
P 198 170 0 0 255
P 199 170 255 0 0
P 200 170 255 0 0
P 201 170 255 0 0
P 202 170 255 0 0
P 203 170 255 0 0
P 204 170 255 0 0
P 205 170 255 0 0
P 206 170 255 0 0
P 207 170 0 255 255
P 208 170 0 255 255
P 209 170 0 255 255
P 210 170 0 255 255
P 211 170 0 255 255
P 212 170 0 255 255
P 213 170 0 255 255
P 214 170 0 255 255
P 215 170 0 255 255
P 216 170 255 0 255
P 217 170 255 0 255
P 218 170 255 0 255
P 219 170 255 0 255
P 220 170 255 0 255
P 221 170 255 0 255
P 222 170 255 0 255
P 223 170 255 0 255
P 224 170 0 255 0
P 225 170 0 255 0
P 226 170 0 255 0
P 227 170 0 255 0
P 228 170 0 255 0
P 229 170 0 255 0
P 230 170 0 255 0
P 231 170 0 255 0
P 232 170 0 255 0
P 233 170 255 0 0
P 234 170 255 0 0
P 235 170 255 0 0
P 236 170 255 0 0
P 237 170 255 0 0
P 238 170 255 0 0
P 239 170 255 0 0
P 240 170 255 0 0
P 241 170 255 0 255
P 242 170 255 0 255
P 243 170 255 0 255
P 244 170 255 0 255
P 245 170 255 0 255
P 246 170 255 0 255
P 247 170 255 0 255
P 248 170 255 0 255
P 249 170 255 0 255
P 250 170 255 255 0
P 251 170 255 255 0
P 252 170 255 255 0
P 253 170 255 255 0
P 254 170 255 255 0
P 255 170 255 255 0
P 256 170 255 255 0
P 257 170 255 255 0
P 258 170 255 255 255
P 259 170 255 255 255
P 260 170 255 255 255
P 261 170 255 255 255
P 262 170 255 255 255
P 263 170 255 255 255
P 264 170 255 255 255
P 265 170 255 255 255
P 266 170 255 255 255
P 267 170 255 0 0
P 268 170 255 0 0
P 269 170 255 0 0
P 270 170 255 0 0
P 271 170 255 0 0
P 272 170 255 0 0
P 273 170 255 0 0
P 274 170 255 0 0
P 275 170 0 0 255
P 276 170 0 0 255
P 277 170 0 0 255
P 278 170 0 0 255
P 279 170 0 0 255
P 280 170 0 0 255
P 281 170 0 0 255
P 282 170 0 0 255
P 283 170 0 0 255
P 284 170 255 0 255
P 285 170 255 0 255
P 286 170 255 0 255
P 287 170 255 0 255
P 288 170 255 0 255
P 289 170 255 0 255
P 290 170 255 0 255
P 291 170 255 0 255
P 20 171 0 255 0
P 21 171 0 255 0
P 22 171 0 255 0
P 23 171 0 255 0
P 24 171 0 255 0
P 25 171 0 255 0
P 26 171 0 255 0
P 27 171 0 255 0
P 28 171 0 255 0
P 29 171 0 255 0
P 30 171 0 255 0
P 31 171 255 0 0
P 32 171 255 0 0
P 33 171 255 0 0
P 34 171 255 0 0
P 35 171 255 0 0
P 36 171 255 0 0
P 37 171 0 255 255
P 38 171 0 255 255
P 39 171 0 255 255
P 40 171 0 255 255
P 41 171 0 255 255
P 42 171 0 255 255
P 43 171 0 255 255
P 44 171 0 255 255
P 45 171 0 255 255
P 46 171 0 255 255
P 47 171 0 255 255
P 48 171 255 255 0
P 49 171 255 255 0
P 50 171 255 255 0
P 51 171 255 255 0
P 52 171 255 255 0
P 53 171 255 255 0
P 54 171 0 0 255
P 55 171 0 0 255
P 56 171 0 0 255
P 57 171 0 0 255
P 58 171 0 0 255
P 59 171 0 0 255
P 60 171 0 0 255
P 61 171 0 0 255
P 62 171 0 0 255
P 63 171 0 0 255
P 64 171 0 0 255
P 65 171 255 0 0
P 66 171 255 0 0
P 67 171 255 0 0
P 68 171 255 0 0
P 69 171 255 0 0
P 70 171 255 0 0
P 71 171 0 255 255
P 72 171 0 255 255
P 73 171 0 255 255
P 74 171 0 255 255
P 75 171 0 255 255
P 76 171 0 255 255
P 77 171 0 255 255
P 78 171 0 255 255
P 79 171 0 255 255
P 80 171 0 255 255
P 81 171 255 0 255
P 82 171 255 0 255
P 83 171 255 0 255
P 84 171 255 0 255
P 85 171 255 0 255
P 86 171 255 0 255
P 87 171 255 0 255
P 88 171 0 255 0
P 89 171 0 255 0
P 90 171 0 255 0
P 91 171 0 255 0
P 92 171 0 255 0
P 93 171 0 255 0
P 94 171 0 255 0
P 95 171 0 255 0
P 96 171 0 255 0
P 97 171 0 255 0
P 98 171 0 255 0
P 99 171 255 0 0
P 100 171 255 0 0
P 101 171 255 0 0
P 102 171 255 0 0
P 103 171 255 0 0
P 104 171 255 0 0
P 105 171 255 0 255
P 106 171 255 0 255
P 107 171 255 0 255
P 108 171 255 0 255
P 109 171 255 0 255
P 110 171 255 0 255
P 111 171 255 0 255
P 112 171 255 0 255
P 113 171 255 0 255
P 114 171 255 0 255
P 115 171 255 255 0
P 116 171 255 255 0
P 117 171 255 255 0
P 118 171 255 255 0
P 119 171 255 255 0
P 120 171 255 255 0
P 121 171 255 255 0
P 122 171 0 0 255
P 123 171 0 0 255
P 124 171 0 0 255
P 125 171 0 0 255
P 126 171 0 0 255
P 127 171 0 0 255
P 128 171 0 0 255
P 129 171 0 0 255
P 130 171 0 0 255
P 131 171 0 0 255
P 132 171 0 0 255
P 133 171 255 0 0
P 134 171 255 0 0
P 135 171 255 0 0
P 136 171 255 0 0
P 137 171 255 0 0
P 138 171 255 0 0
P 139 171 0 255 255
P 140 171 0 255 255
P 141 171 0 255 255
P 142 171 0 255 255
P 143 171 0 255 255
P 144 171 0 255 255
P 145 171 0 255 255
P 146 171 0 255 255
P 147 171 0 255 255
P 148 171 0 255 255
P 149 171 0 255 255
P 150 171 255 0 255
P 151 171 255 0 255
P 152 171 255 0 255
P 153 171 255 0 255
P 154 171 255 0 255
P 155 171 255 0 255
P 156 171 0 255 0
P 157 171 0 255 0
P 158 171 0 255 0
P 159 171 0 255 0
P 160 171 0 255 0
P 161 171 0 255 0
P 162 171 0 255 0
P 163 171 0 255 0
P 164 171 0 255 0
P 165 171 0 255 0
P 166 171 0 255 0
P 167 171 255 0 0
P 168 171 255 0 0
P 169 171 255 0 0
P 170 171 255 0 0
P 171 171 255 0 0
P 172 171 255 0 0
P 173 171 255 0 255
P 174 171 255 0 255
P 175 171 255 0 255
P 176 171 255 0 255
P 177 171 255 0 255
P 178 171 255 0 255
P 179 171 255 0 255
P 180 171 255 0 255
P 181 171 255 0 255
P 182 171 255 0 255
P 183 171 255 255 0
P 184 171 255 255 0
P 185 171 255 255 0
P 186 171 255 255 0
P 187 171 255 255 0
P 188 171 255 255 0
P 189 171 255 255 0
P 190 171 0 0 255
P 191 171 0 0 255
P 192 171 0 0 255
P 193 171 0 0 255
P 194 171 0 0 255
P 195 171 0 0 255
P 196 171 0 0 255
P 197 171 0 0 255
P 198 171 0 0 255
P 199 171 0 0 255
P 200 171 255 0 0
P 201 171 255 0 0
P 202 171 255 0 0
P 203 171 255 0 0
P 204 171 255 0 0
P 205 171 255 0 0
P 206 171 255 0 0
P 207 171 0 255 255
P 208 171 0 255 255
P 209 171 0 255 255
P 210 171 0 255 255
P 211 171 0 255 255
P 212 171 0 255 255
P 213 171 0 255 255
P 214 171 0 255 255
P 215 171 0 255 255
P 216 171 0 255 255
P 217 171 255 0 255
P 218 171 255 0 255
P 219 171 255 0 255
P 220 171 255 0 255
P 221 171 255 0 255
P 222 171 255 0 255
P 223 171 255 0 255
P 224 171 0 255 0
P 225 171 0 255 0
P 226 171 0 255 0
P 227 171 0 255 0
P 228 171 0 255 0
P 229 171 0 255 0
P 230 171 0 255 0
P 231 171 0 255 0
P 232 171 0 255 0
P 233 171 0 255 0
P 234 171 0 255 0
P 235 171 255 0 0
P 236 171 255 0 0
P 237 171 255 0 0
P 238 171 255 0 0
P 239 171 255 0 0
P 240 171 255 0 0
P 241 171 255 0 255
P 242 171 255 0 255
P 243 171 255 0 255
P 244 171 255 0 255
P 245 171 255 0 255
P 246 171 255 0 255
P 247 171 255 0 255
P 248 171 255 0 255
P 249 171 255 0 255
P 250 171 255 0 255
P 251 171 255 0 255
P 252 171 255 255 0
P 253 171 255 255 0
P 254 171 255 255 0
P 255 171 255 255 0
P 256 171 255 255 0
P 257 171 255 255 0
P 258 171 255 255 255
P 259 171 255 255 255
P 260 171 255 255 255
P 261 171 255 255 255
P 262 171 255 255 255
P 263 171 255 255 255
P 264 171 255 255 255
P 265 171 255 255 255
P 266 171 255 255 255
P 267 171 255 255 255
P 268 171 255 0 0
P 269 171 255 0 0
P 270 171 255 0 0
P 271 171 255 0 0
P 272 171 255 0 0
P 273 171 255 0 0
P 274 171 255 0 0
P 275 171 0 0 255
P 276 171 0 0 255
P 277 171 0 0 255
P 278 171 0 0 255
P 279 171 0 0 255
P 280 171 0 0 255
P 281 171 0 0 255
P 282 171 0 0 255
P 283 171 0 0 255
P 284 171 0 0 255
P 285 171 255 0 255
P 286 171 255 0 255
P 287 171 255 0 255
P 288 171 255 0 255
P 289 171 255 0 255
P 290 171 255 0 255
P 291 171 255 0 255
P 20 172 0 255 0
P 21 172 0 255 0
P 22 172 0 255 0
P 23 172 0 255 0
P 24 172 0 255 0
P 25 172 0 255 0
P 26 172 0 255 0
P 27 172 0 255 0
P 28 172 0 255 0
P 29 172 0 255 0
P 30 172 0 255 0
P 31 172 0 255 0
P 32 172 255 0 0
P 33 172 255 0 0
P 34 172 255 0 0
P 35 172 255 0 0
P 36 172 255 0 0
P 37 172 0 255 255
P 38 172 0 255 255
P 39 172 0 255 255
P 40 172 0 255 255
P 41 172 0 255 255
P 42 172 0 255 255
P 43 172 0 255 255
P 44 172 0 255 255
P 45 172 0 255 255
P 46 172 0 255 255
P 47 172 0 255 255
P 48 172 0 255 255
P 49 172 255 255 0
P 50 172 255 255 0
P 51 172 255 255 0
P 52 172 255 255 0
P 53 172 255 255 0
P 54 172 0 0 255
P 55 172 0 0 255
P 56 172 0 0 255
P 57 172 0 0 255
P 58 172 0 0 255
P 59 172 0 0 255
P 60 172 0 0 255
P 61 172 0 0 255
P 62 172 0 0 255
P 63 172 0 0 255
P 64 172 0 0 255
P 65 172 0 0 255
P 66 172 255 0 0
P 67 172 255 0 0
P 68 172 255 0 0
P 69 172 255 0 0
P 70 172 255 0 0
P 71 172 0 255 255
P 72 172 0 255 255
P 73 172 0 255 255
P 74 172 0 255 255
P 75 172 0 255 255
P 76 172 0 255 255
P 77 172 0 255 255
P 78 172 0 255 255
P 79 172 0 255 255
P 80 172 0 255 255
P 81 172 0 255 255
P 82 172 0 255 255
P 83 172 255 0 255
P 84 172 255 0 255
P 85 172 255 0 255
P 86 172 255 0 255
P 87 172 255 0 255
P 88 172 0 255 0
P 89 172 0 255 0
P 90 172 0 255 0
P 91 172 0 255 0
P 92 172 0 255 0
P 93 172 0 255 0
P 94 172 0 255 0
P 95 172 0 255 0
P 96 172 0 255 0
P 97 172 0 255 0
P 98 172 0 255 0
P 99 172 0 255 0
P 100 172 255 0 0
P 101 172 255 0 0
P 102 172 255 0 0
P 103 172 255 0 0
P 104 172 255 0 0
P 105 172 255 0 255
P 106 172 255 0 255
P 107 172 255 0 255
P 108 172 255 0 255
P 109 172 255 0 255
P 110 172 255 0 255
P 111 172 255 0 255
P 112 172 255 0 255
P 113 172 255 0 255
P 114 172 255 0 255
P 115 172 255 0 255
P 116 172 255 0 255
P 117 172 255 255 0
P 118 172 255 255 0
P 119 172 255 255 0
P 120 172 255 255 0
P 121 172 255 255 0
P 122 172 0 0 255
P 123 172 0 0 255
P 124 172 0 0 255
P 125 172 0 0 255
P 126 172 0 0 255
P 127 172 0 0 255
P 128 172 0 0 255
P 129 172 0 0 255
P 130 172 0 0 255
P 131 172 0 0 255
P 132 172 0 0 255
P 133 172 0 0 255
P 134 172 255 0 0
P 135 172 255 0 0
P 136 172 255 0 0
P 137 172 255 0 0
P 138 172 255 0 0
P 139 172 0 255 255
P 140 172 0 255 255
P 141 172 0 255 255
P 142 172 0 255 255
P 143 172 0 255 255
P 144 172 0 255 255
P 145 172 0 255 255
P 146 172 0 255 255
P 147 172 0 255 255
P 148 172 0 255 255
P 149 172 0 255 255
P 150 172 0 255 255
P 151 172 255 0 255
P 152 172 255 0 255
P 153 172 255 0 255
P 154 172 255 0 255
P 155 172 255 0 255
P 156 172 0 255 0
P 157 172 0 255 0
P 158 172 0 255 0
P 159 172 0 255 0
P 160 172 0 255 0
P 161 172 0 255 0
P 162 172 0 255 0
P 163 172 0 255 0
P 164 172 0 255 0
P 165 172 0 255 0
P 166 172 0 255 0
P 167 172 0 255 0
P 168 172 255 0 0
P 169 172 255 0 0
P 170 172 255 0 0
P 171 172 255 0 0
P 172 172 255 0 0
P 173 172 255 0 255
P 174 172 255 0 255
P 175 172 255 0 255
P 176 172 255 0 255
P 177 172 255 0 255
P 178 172 255 0 255
P 179 172 255 0 255
P 180 172 255 0 255
P 181 172 255 0 255
P 182 172 255 0 255
P 183 172 255 0 255
P 184 172 255 0 255
P 185 172 255 255 0
P 186 172 255 255 0
P 187 172 255 255 0
P 188 172 255 255 0
P 189 172 255 255 0
P 190 172 0 0 255
P 191 172 0 0 255
P 192 172 0 0 255
P 193 172 0 0 255
P 194 172 0 0 255
P 195 172 0 0 255
P 196 172 0 0 255
P 197 172 0 0 255
P 198 172 0 0 255
P 199 172 0 0 255
P 200 172 0 0 255
P 201 172 0 0 255
P 202 172 255 0 0
P 203 172 255 0 0
P 204 172 255 0 0
P 205 172 255 0 0
P 206 172 255 0 0
P 207 172 0 255 255
P 208 172 0 255 255
P 209 172 0 255 255
P 210 172 0 255 255
P 211 172 0 255 255
P 212 172 0 255 255
P 213 172 0 255 255
P 214 172 0 255 255
P 215 172 0 255 255
P 216 172 0 255 255
P 217 172 0 255 255
P 218 172 0 255 255
P 219 172 255 0 255
P 220 172 255 0 255
P 221 172 255 0 255
P 222 172 255 0 255
P 223 172 255 0 255
P 224 172 0 255 0
P 225 172 0 255 0
P 226 172 0 255 0
P 227 172 0 255 0
P 228 172 0 255 0
P 229 172 0 255 0
P 230 172 0 255 0
P 231 172 0 255 0
P 232 172 0 255 0
P 233 172 0 255 0
P 234 172 0 255 0
P 235 172 0 255 0
P 236 172 255 0 0
P 237 172 255 0 0
P 238 172 255 0 0
P 239 172 255 0 0
P 240 172 255 0 0
P 241 172 255 0 255
P 242 172 255 0 255
P 243 172 255 0 255
P 244 172 255 0 255
P 245 172 255 0 255
P 246 172 255 0 255
P 247 172 255 0 255
P 248 172 255 0 255
P 249 172 255 0 255
P 250 172 255 0 255
P 251 172 255 0 255
P 252 172 255 0 255
P 253 172 255 255 0
P 254 172 255 255 0
P 255 172 255 255 0
P 256 172 255 255 0
P 257 172 255 255 0
P 258 172 255 255 255
P 259 172 255 255 255
P 260 172 255 255 255
P 261 172 255 255 255
P 262 172 255 255 255
P 263 172 255 255 255
P 264 172 255 255 255
P 265 172 255 255 255
P 266 172 255 255 255
P 267 172 255 255 255
P 268 172 255 255 255
P 269 172 255 255 255
P 270 172 255 0 0
P 271 172 255 0 0
P 272 172 255 0 0
P 273 172 255 0 0
P 274 172 255 0 0
P 275 172 0 0 255
P 276 172 0 0 255
P 277 172 0 0 255
P 278 172 0 0 255
P 279 172 0 0 255
P 280 172 0 0 255
P 281 172 0 0 255
P 282 172 0 0 255
P 283 172 0 0 255
P 284 172 0 0 255
P 285 172 0 0 255
P 286 172 0 0 255
P 287 172 255 0 255
P 288 172 255 0 255
P 289 172 255 0 255
P 290 172 255 0 255
P 291 172 255 0 255
P 20 173 0 255 0
P 21 173 0 255 0
P 22 173 0 255 0
P 23 173 0 255 0
P 24 173 0 255 0
P 25 173 0 255 0
P 26 173 0 255 0
P 27 173 0 255 0
P 28 173 0 255 0
P 29 173 0 255 0
P 30 173 0 255 0
P 31 173 0 255 0
P 32 173 0 255 0
P 33 173 255 0 0
P 34 173 255 0 0
P 35 173 255 0 0
P 36 173 255 0 0
P 37 173 0 255 255
P 38 173 0 255 255
P 39 173 0 255 255
P 40 173 0 255 255
P 41 173 0 255 255
P 42 173 0 255 255
P 43 173 0 255 255
P 44 173 0 255 255
P 45 173 0 255 255
P 46 173 0 255 255
P 47 173 0 255 255
P 48 173 0 255 255
P 49 173 0 255 255
P 50 173 255 255 0
P 51 173 255 255 0
P 52 173 255 255 0
P 53 173 255 255 0
P 54 173 0 0 255
P 55 173 0 0 255
P 56 173 0 0 255
P 57 173 0 0 255
P 58 173 0 0 255
P 59 173 0 0 255
P 60 173 0 0 255
P 61 173 0 0 255
P 62 173 0 0 255
P 63 173 0 0 255
P 64 173 0 0 255
P 65 173 0 0 255
P 66 173 0 0 255
P 67 173 255 0 0
P 68 173 255 0 0
P 69 173 255 0 0
P 70 173 255 0 0
P 71 173 0 255 255
P 72 173 0 255 255
P 73 173 0 255 255
P 74 173 0 255 255
P 75 173 0 255 255
P 76 173 0 255 255
P 77 173 0 255 255
P 78 173 0 255 255
P 79 173 0 255 255
P 80 173 0 255 255
P 81 173 0 255 255
P 82 173 0 255 255
P 83 173 0 255 255
P 84 173 255 0 255
P 85 173 255 0 255
P 86 173 255 0 255
P 87 173 255 0 255
P 88 173 0 255 0
P 89 173 0 255 0
P 90 173 0 255 0
P 91 173 0 255 0
P 92 173 0 255 0
P 93 173 0 255 0
P 94 173 0 255 0
P 95 173 0 255 0
P 96 173 0 255 0
P 97 173 0 255 0
P 98 173 0 255 0
P 99 173 0 255 0
P 100 173 0 255 0
P 101 173 255 0 0
P 102 173 255 0 0
P 103 173 255 0 0
P 104 173 255 0 0
P 105 173 255 0 255
P 106 173 255 0 255
P 107 173 255 0 255
P 108 173 255 0 255
P 109 173 255 0 255
P 110 173 255 0 255
P 111 173 255 0 255
P 112 173 255 0 255
P 113 173 255 0 255
P 114 173 255 0 255
P 115 173 255 0 255
P 116 173 255 0 255
P 117 173 255 0 255
P 118 173 255 255 0
P 119 173 255 255 0
P 120 173 255 255 0
P 121 173 255 255 0
P 122 173 0 0 255
P 123 173 0 0 255
P 124 173 0 0 255
P 125 173 0 0 255
P 126 173 0 0 255
P 127 173 0 0 255
P 128 173 0 0 255
P 129 173 0 0 255
P 130 173 0 0 255
P 131 173 0 0 255
P 132 173 0 0 255
P 133 173 0 0 255
P 134 173 0 0 255
P 135 173 255 0 0
P 136 173 255 0 0
P 137 173 255 0 0
P 138 173 255 0 0
P 139 173 0 255 255
P 140 173 0 255 255
P 141 173 0 255 255
P 142 173 0 255 255
P 143 173 0 255 255
P 144 173 0 255 255
P 145 173 0 255 255
P 146 173 0 255 255
P 147 173 0 255 255
P 148 173 0 255 255
P 149 173 0 255 255
P 150 173 0 255 255
P 151 173 0 255 255
P 152 173 255 0 255
P 153 173 255 0 255
P 154 173 255 0 255
P 155 173 255 0 255
P 156 173 0 255 0
P 157 173 0 255 0
P 158 173 0 255 0
P 159 173 0 255 0
P 160 173 0 255 0
P 161 173 0 255 0
P 162 173 0 255 0
P 163 173 0 255 0
P 164 173 0 255 0
P 165 173 0 255 0
P 166 173 0 255 0
P 167 173 0 255 0
P 168 173 0 255 0
P 169 173 0 255 0
P 170 173 255 0 0
P 171 173 255 0 0
P 172 173 255 0 0
P 173 173 255 0 255
P 174 173 255 0 255
P 175 173 255 0 255
P 176 173 255 0 255
P 177 173 255 0 255
P 178 173 255 0 255
P 179 173 255 0 255
P 180 173 255 0 255
P 181 173 255 0 255
P 182 173 255 0 255
P 183 173 255 0 255
P 184 173 255 0 255
P 185 173 255 0 255
P 186 173 255 255 0
P 187 173 255 255 0
P 188 173 255 255 0
P 189 173 255 255 0
P 190 173 0 0 255
P 191 173 0 0 255
P 192 173 0 0 255
P 193 173 0 0 255
P 194 173 0 0 255
P 195 173 0 0 255
P 196 173 0 0 255
P 197 173 0 0 255
P 198 173 0 0 255
P 199 173 0 0 255
P 200 173 0 0 255
P 201 173 0 0 255
P 202 173 0 0 255
P 203 173 255 0 0
P 204 173 255 0 0
P 205 173 255 0 0
P 206 173 255 0 0
P 207 173 0 255 255
P 208 173 0 255 255
P 209 173 0 255 255
P 210 173 0 255 255
P 211 173 0 255 255
P 212 173 0 255 255
P 213 173 0 255 255
P 214 173 0 255 255
P 215 173 0 255 255
P 216 173 0 255 255
P 217 173 0 255 255
P 218 173 0 255 255
P 219 173 0 255 255
P 220 173 255 0 255
P 221 173 255 0 255
P 222 173 255 0 255
P 223 173 255 0 255
P 224 173 0 255 0
P 225 173 0 255 0
P 226 173 0 255 0
P 227 173 0 255 0
P 228 173 0 255 0
P 229 173 0 255 0
P 230 173 0 255 0
P 231 173 0 255 0
P 232 173 0 255 0
P 233 173 0 255 0
P 234 173 0 255 0
P 235 173 0 255 0
P 236 173 0 255 0
P 237 173 0 255 0
P 238 173 255 0 0
P 239 173 255 0 0
P 240 173 255 0 0
P 241 173 255 0 255
P 242 173 255 0 255
P 243 173 255 0 255
P 244 173 255 0 255
P 245 173 255 0 255
P 246 173 255 0 255
P 247 173 255 0 255
P 248 173 255 0 255
P 249 173 255 0 255
P 250 173 255 0 255
P 251 173 255 0 255
P 252 173 255 0 255
P 253 173 255 0 255
P 254 173 255 0 255
P 255 173 255 255 0
P 256 173 255 255 0
P 257 173 255 255 0
P 258 173 255 255 255
P 259 173 255 255 255
P 260 173 255 255 255
P 261 173 255 255 255
P 262 173 255 255 255
P 263 173 255 255 255
P 264 173 255 255 255
P 265 173 255 255 255
P 266 173 255 255 255
P 267 173 255 255 255
P 268 173 255 255 255
P 269 173 255 255 255
P 270 173 255 255 255
P 271 173 255 0 0
P 272 173 255 0 0
P 273 173 255 0 0
P 274 173 255 0 0
P 275 173 0 0 255
P 276 173 0 0 255
P 277 173 0 0 255
P 278 173 0 0 255
P 279 173 0 0 255
P 280 173 0 0 255
P 281 173 0 0 255
P 282 173 0 0 255
P 283 173 0 0 255
P 284 173 0 0 255
P 285 173 0 0 255
P 286 173 0 0 255
P 287 173 0 0 255
P 288 173 255 0 255
P 289 173 255 0 255
P 290 173 255 0 255
P 291 173 255 0 255
P 20 174 0 255 0
P 21 174 0 255 0
P 22 174 0 255 0
P 23 174 0 255 0
P 24 174 0 255 0
P 25 174 0 255 0
P 26 174 0 255 0
P 27 174 0 255 0
P 28 174 0 255 0
P 29 174 0 255 0
P 30 174 0 255 0
P 31 174 0 255 0
P 32 174 0 255 0
P 33 174 0 255 0
P 34 174 0 255 0
P 35 174 255 0 0
P 36 174 255 0 0
P 37 174 0 255 255
P 38 174 0 255 255
P 39 174 0 255 255
P 40 174 0 255 255
P 41 174 0 255 255
P 42 174 0 255 255
P 43 174 0 255 255
P 44 174 0 255 255
P 45 174 0 255 255
P 46 174 0 255 255
P 47 174 0 255 255
P 48 174 0 255 255
P 49 174 0 255 255
P 50 174 0 255 255
P 51 174 0 255 255
P 52 174 255 255 0
P 53 174 255 255 0
P 54 174 0 0 255
P 55 174 0 0 255
P 56 174 0 0 255
P 57 174 0 0 255
P 58 174 0 0 255
P 59 174 0 0 255
P 60 174 0 0 255
P 61 174 0 0 255
P 62 174 0 0 255
P 63 174 0 0 255
P 64 174 0 0 255
P 65 174 0 0 255
P 66 174 0 0 255
P 67 174 0 0 255
P 68 174 0 0 255
P 69 174 255 0 0
P 70 174 255 0 0
P 71 174 0 255 255
P 72 174 0 255 255
P 73 174 0 255 255
P 74 174 0 255 255
P 75 174 0 255 255
P 76 174 0 255 255
P 77 174 0 255 255
P 78 174 0 255 255
P 79 174 0 255 255
P 80 174 0 255 255
P 81 174 0 255 255
P 82 174 0 255 255
P 83 174 0 255 255
P 84 174 0 255 255
P 85 174 255 0 255
P 86 174 255 0 255
P 87 174 255 0 255
P 88 174 0 255 0
P 89 174 0 255 0
P 90 174 0 255 0
P 91 174 0 255 0
P 92 174 0 255 0
P 93 174 0 255 0
P 94 174 0 255 0
P 95 174 0 255 0
P 96 174 0 255 0
P 97 174 0 255 0
P 98 174 0 255 0
P 99 174 0 255 0
P 100 174 0 255 0
P 101 174 0 255 0
P 102 174 0 255 0
P 103 174 255 0 0
P 104 174 255 0 0
P 105 174 255 0 255
P 106 174 255 0 255
P 107 174 255 0 255
P 108 174 255 0 255
P 109 174 255 0 255
P 110 174 255 0 255
P 111 174 255 0 255
P 112 174 255 0 255
P 113 174 255 0 255
P 114 174 255 0 255
P 115 174 255 0 255
P 116 174 255 0 255
P 117 174 255 0 255
P 118 174 255 0 255
P 119 174 255 0 255
P 120 174 255 255 0
P 121 174 255 255 0
P 122 174 0 0 255
P 123 174 0 0 255
P 124 174 0 0 255
P 125 174 0 0 255
P 126 174 0 0 255
P 127 174 0 0 255
P 128 174 0 0 255
P 129 174 0 0 255
P 130 174 0 0 255
P 131 174 0 0 255
P 132 174 0 0 255
P 133 174 0 0 255
P 134 174 0 0 255
P 135 174 0 0 255
P 136 174 0 0 255
P 137 174 255 0 0
P 138 174 255 0 0
P 139 174 0 255 255
P 140 174 0 255 255
P 141 174 0 255 255
P 142 174 0 255 255
P 143 174 0 255 255
P 144 174 0 255 255
P 145 174 0 255 255
P 146 174 0 255 255
P 147 174 0 255 255
P 148 174 0 255 255
P 149 174 0 255 255
P 150 174 0 255 255
P 151 174 0 255 255
P 152 174 0 255 255
P 153 174 0 255 255
P 154 174 255 0 255
P 155 174 255 0 255
P 156 174 0 255 0
P 157 174 0 255 0
P 158 174 0 255 0
P 159 174 0 255 0
P 160 174 0 255 0
P 161 174 0 255 0
P 162 174 0 255 0
P 163 174 0 255 0
P 164 174 0 255 0
P 165 174 0 255 0
P 166 174 0 255 0
P 167 174 0 255 0
P 168 174 0 255 0
P 169 174 0 255 0
P 170 174 0 255 0
P 171 174 255 0 0
P 172 174 255 0 0
P 173 174 255 0 255
P 174 174 255 0 255
P 175 174 255 0 255
P 176 174 255 0 255
P 177 174 255 0 255
P 178 174 255 0 255
P 179 174 255 0 255
P 180 174 255 0 255
P 181 174 255 0 255
P 182 174 255 0 255
P 183 174 255 0 255
P 184 174 255 0 255
P 185 174 255 0 255
P 186 174 255 0 255
P 187 174 255 0 255
P 188 174 255 255 0
P 189 174 255 255 0
P 190 174 0 0 255
P 191 174 0 0 255
P 192 174 0 0 255
P 193 174 0 0 255
P 194 174 0 0 255
P 195 174 0 0 255
P 196 174 0 0 255
P 197 174 0 0 255
P 198 174 0 0 255
P 199 174 0 0 255
P 200 174 0 0 255
P 201 174 0 0 255
P 202 174 0 0 255
P 203 174 0 0 255
P 204 174 0 0 255
P 205 174 255 0 0
P 206 174 255 0 0
P 207 174 0 255 255
P 208 174 0 255 255
P 209 174 0 255 255
P 210 174 0 255 255
P 211 174 0 255 255
P 212 174 0 255 255
P 213 174 0 255 255
P 214 174 0 255 255
P 215 174 0 255 255
P 216 174 0 255 255
P 217 174 0 255 255
P 218 174 0 255 255
P 219 174 0 255 255
P 220 174 0 255 255
P 221 174 0 255 255
P 222 174 255 0 255
P 223 174 255 0 255
P 224 174 0 255 0
P 225 174 0 255 0
P 226 174 0 255 0
P 227 174 0 255 0
P 228 174 0 255 0
P 229 174 0 255 0
P 230 174 0 255 0
P 231 174 0 255 0
P 232 174 0 255 0
P 233 174 0 255 0
P 234 174 0 255 0
P 235 174 0 255 0
P 236 174 0 255 0
P 237 174 0 255 0
P 238 174 0 255 0
P 239 174 255 0 0
P 240 174 255 0 0
P 241 174 255 0 255
P 242 174 255 0 255
P 243 174 255 0 255
P 244 174 255 0 255
P 245 174 255 0 255
P 246 174 255 0 255
P 247 174 255 0 255
P 248 174 255 0 255
P 249 174 255 0 255
P 250 174 255 0 255
P 251 174 255 0 255
P 252 174 255 0 255
P 253 174 255 0 255
P 254 174 255 0 255
P 255 174 255 0 255
P 256 174 255 255 0
P 257 174 255 255 0
P 258 174 255 255 255
P 259 174 255 255 255
P 260 174 255 255 255
P 261 174 255 255 255
P 262 174 255 255 255
P 263 174 255 255 255
P 264 174 255 255 255
P 265 174 255 255 255
P 266 174 255 255 255
P 267 174 255 255 255
P 268 174 255 255 255
P 269 174 255 255 255
P 270 174 255 255 255
P 271 174 255 255 255
P 272 174 255 255 255
P 273 174 255 0 0
P 274 174 255 0 0
P 275 174 0 0 255
P 276 174 0 0 255
P 277 174 0 0 255
P 278 174 0 0 255
P 279 174 0 0 255
P 280 174 0 0 255
P 281 174 0 0 255
P 282 174 0 0 255
P 283 174 0 0 255
P 284 174 0 0 255
P 285 174 0 0 255
P 286 174 0 0 255
P 287 174 0 0 255
P 288 174 0 0 255
P 289 174 0 0 255
P 290 174 255 0 255
P 291 174 255 0 255
P 20 175 0 255 0
P 21 175 0 255 0
P 22 175 0 255 0
P 23 175 0 255 0
P 24 175 0 255 0
P 25 175 0 255 0
P 26 175 0 255 0
P 27 175 0 255 0
P 28 175 0 255 0
P 29 175 0 255 0
P 30 175 0 255 0
P 31 175 0 255 0
P 32 175 0 255 0
P 33 175 0 255 0
P 34 175 0 255 0
P 35 175 0 255 0
P 36 175 255 0 0
P 37 175 0 255 255
P 38 175 0 255 255
P 39 175 0 255 255
P 40 175 0 255 255
P 41 175 0 255 255
P 42 175 0 255 255
P 43 175 0 255 255
P 44 175 0 255 255
P 45 175 0 255 255
P 46 175 0 255 255
P 47 175 0 255 255
P 48 175 0 255 255
P 49 175 0 255 255
P 50 175 0 255 255
P 51 175 0 255 255
P 52 175 0 255 255
P 53 175 255 255 0
P 54 175 0 0 255
P 55 175 0 0 255
P 56 175 0 0 255
P 57 175 0 0 255
P 58 175 0 0 255
P 59 175 0 0 255
P 60 175 0 0 255
P 61 175 0 0 255
P 62 175 0 0 255
P 63 175 0 0 255
P 64 175 0 0 255
P 65 175 0 0 255
P 66 175 0 0 255
P 67 175 0 0 255
P 68 175 0 0 255
P 69 175 0 0 255
P 70 175 255 0 0
P 71 175 0 255 255
P 72 175 0 255 255
P 73 175 0 255 255
P 74 175 0 255 255
P 75 175 0 255 255
P 76 175 0 255 255
P 77 175 0 255 255
P 78 175 0 255 255
P 79 175 0 255 255
P 80 175 0 255 255
P 81 175 0 255 255
P 82 175 0 255 255
P 83 175 0 255 255
P 84 175 0 255 255
P 85 175 0 255 255
P 86 175 0 255 255
P 87 175 255 0 255
P 88 175 0 255 0
P 89 175 0 255 0
P 90 175 0 255 0
P 91 175 0 255 0
P 92 175 0 255 0
P 93 175 0 255 0
P 94 175 0 255 0
P 95 175 0 255 0
P 96 175 0 255 0
P 97 175 0 255 0
P 98 175 0 255 0
P 99 175 0 255 0
P 100 175 0 255 0
P 101 175 0 255 0
P 102 175 0 255 0
P 103 175 0 255 0
P 104 175 255 0 0
P 105 175 255 0 255
P 106 175 255 0 255
P 107 175 255 0 255
P 108 175 255 0 255
P 109 175 255 0 255
P 110 175 255 0 255
P 111 175 255 0 255
P 112 175 255 0 255
P 113 175 255 0 255
P 114 175 255 0 255
P 115 175 255 0 255
P 116 175 255 0 255
P 117 175 255 0 255
P 118 175 255 0 255
P 119 175 255 0 255
P 120 175 255 0 255
P 121 175 255 255 0
P 122 175 0 0 255
P 123 175 0 0 255
P 124 175 0 0 255
P 125 175 0 0 255
P 126 175 0 0 255
P 127 175 0 0 255
P 128 175 0 0 255
P 129 175 0 0 255
P 130 175 0 0 255
P 131 175 0 0 255
P 132 175 0 0 255
P 133 175 0 0 255
P 134 175 0 0 255
P 135 175 0 0 255
P 136 175 0 0 255
P 137 175 0 0 255
P 138 175 255 0 0
P 139 175 0 255 255
P 140 175 0 255 255
P 141 175 0 255 255
P 142 175 0 255 255
P 143 175 0 255 255
P 144 175 0 255 255
P 145 175 0 255 255
P 146 175 0 255 255
P 147 175 0 255 255
P 148 175 0 255 255
P 149 175 0 255 255
P 150 175 0 255 255
P 151 175 0 255 255
P 152 175 0 255 255
P 153 175 0 255 255
P 154 175 0 255 255
P 155 175 255 0 255
P 156 175 0 255 0
P 157 175 0 255 0
P 158 175 0 255 0
P 159 175 0 255 0
P 160 175 0 255 0
P 161 175 0 255 0
P 162 175 0 255 0
P 163 175 0 255 0
P 164 175 0 255 0
P 165 175 0 255 0
P 166 175 0 255 0
P 167 175 0 255 0
P 168 175 0 255 0
P 169 175 0 255 0
P 170 175 0 255 0
P 171 175 0 255 0
P 172 175 0 255 0
P 173 175 255 0 255
P 174 175 255 0 255
P 175 175 255 0 255
P 176 175 255 0 255
P 177 175 255 0 255
P 178 175 255 0 255
P 179 175 255 0 255
P 180 175 255 0 255
P 181 175 255 0 255
P 182 175 255 0 255
P 183 175 255 0 255
P 184 175 255 0 255
P 185 175 255 0 255
P 186 175 255 0 255
P 187 175 255 0 255
P 188 175 255 0 255
P 189 175 255 255 0
P 190 175 0 0 255
P 191 175 0 0 255
P 192 175 0 0 255
P 193 175 0 0 255
P 194 175 0 0 255
P 195 175 0 0 255
P 196 175 0 0 255
P 197 175 0 0 255
P 198 175 0 0 255
P 199 175 0 0 255
P 200 175 0 0 255
P 201 175 0 0 255
P 202 175 0 0 255
P 203 175 0 0 255
P 204 175 0 0 255
P 205 175 0 0 255
P 206 175 255 0 0
P 207 175 0 255 255
P 208 175 0 255 255
P 209 175 0 255 255
P 210 175 0 255 255
P 211 175 0 255 255
P 212 175 0 255 255
P 213 175 0 255 255
P 214 175 0 255 255
P 215 175 0 255 255
P 216 175 0 255 255
P 217 175 0 255 255
P 218 175 0 255 255
P 219 175 0 255 255
P 220 175 0 255 255
P 221 175 0 255 255
P 222 175 0 255 255
P 223 175 255 0 255
P 224 175 0 255 0
P 225 175 0 255 0
P 226 175 0 255 0
P 227 175 0 255 0
P 228 175 0 255 0
P 229 175 0 255 0
P 230 175 0 255 0
P 231 175 0 255 0
P 232 175 0 255 0
P 233 175 0 255 0
P 234 175 0 255 0
P 235 175 0 255 0
P 236 175 0 255 0
P 237 175 0 255 0
P 238 175 0 255 0
P 239 175 0 255 0
P 240 175 255 0 0
P 241 175 255 0 255
P 242 175 255 0 255
P 243 175 255 0 255
P 244 175 255 0 255
P 245 175 255 0 255
P 246 175 255 0 255
P 247 175 255 0 255
P 248 175 255 0 255
P 249 175 255 0 255
P 250 175 255 0 255
P 251 175 255 0 255
P 252 175 255 0 255
P 253 175 255 0 255
P 254 175 255 0 255
P 255 175 255 0 255
P 256 175 255 0 255
P 257 175 255 255 0
P 258 175 255 255 255
P 259 175 255 255 255
P 260 175 255 255 255
P 261 175 255 255 255
P 262 175 255 255 255
P 263 175 255 255 255
P 264 175 255 255 255
P 265 175 255 255 255
P 266 175 255 255 255
P 267 175 255 255 255
P 268 175 255 255 255
P 269 175 255 255 255
P 270 175 255 255 255
P 271 175 255 255 255
P 272 175 255 255 255
P 273 175 255 255 255
P 274 175 255 0 0
P 275 175 0 0 255
P 276 175 0 0 255
P 277 175 0 0 255
P 278 175 0 0 255
P 279 175 0 0 255
P 280 175 0 0 255
P 281 175 0 0 255
P 282 175 0 0 255
P 283 175 0 0 255
P 284 175 0 0 255
P 285 175 0 0 255
P 286 175 0 0 255
P 287 175 0 0 255
P 288 175 0 0 255
P 289 175 0 0 255
P 290 175 0 0 255
P 291 175 255 0 255
P 20 176 255 0 0
P 21 176 0 0 255
P 22 176 0 0 255
P 23 176 0 0 255
P 24 176 0 0 255
P 25 176 0 0 255
P 26 176 0 0 255
P 27 176 0 0 255
P 28 176 0 0 255
P 29 176 0 0 255
P 30 176 0 0 255
P 31 176 0 0 255
P 32 176 0 0 255
P 33 176 0 0 255
P 34 176 0 0 255
P 35 176 0 0 255
P 36 176 0 0 255
P 37 176 255 255 0
P 38 176 255 0 255
P 39 176 255 0 255
P 40 176 255 0 255
P 41 176 255 0 255
P 42 176 255 0 255
P 43 176 255 0 255
P 44 176 255 0 255
P 45 176 255 0 255
P 46 176 255 0 255
P 47 176 255 0 255
P 48 176 255 0 255
P 49 176 255 0 255
P 50 176 255 0 255
P 51 176 255 0 255
P 52 176 255 0 255
P 53 176 255 0 255
P 54 176 255 0 0
P 55 176 0 255 0
P 56 176 0 255 0
P 57 176 0 255 0
P 58 176 0 255 0
P 59 176 0 255 0
P 60 176 0 255 0
P 61 176 0 255 0
P 62 176 0 255 0
P 63 176 0 255 0
P 64 176 0 255 0
P 65 176 0 255 0
P 66 176 0 255 0
P 67 176 0 255 0
P 68 176 0 255 0
P 69 176 0 255 0
P 70 176 0 255 0
P 71 176 255 0 255
P 72 176 255 255 0
P 73 176 255 255 0
P 74 176 255 255 0
P 75 176 255 255 0
P 76 176 255 255 0
P 77 176 255 255 0
P 78 176 255 255 0
P 79 176 255 255 0
P 80 176 255 255 0
P 81 176 255 255 0
P 82 176 255 255 0
P 83 176 255 255 0
P 84 176 255 255 0
P 85 176 255 255 0
P 86 176 255 255 0
P 87 176 255 255 0
P 88 176 0 0 255
P 89 176 0 0 255
P 90 176 0 0 255
P 91 176 0 0 255
P 92 176 0 0 255
P 93 176 0 0 255
P 94 176 0 0 255
P 95 176 0 0 255
P 96 176 0 0 255
P 97 176 0 0 255
P 98 176 0 0 255
P 99 176 0 0 255
P 100 176 0 0 255
P 101 176 0 0 255
P 102 176 0 0 255
P 103 176 0 0 255
P 104 176 0 0 255
P 105 176 255 255 0
P 106 176 0 255 255
P 107 176 0 255 255
P 108 176 0 255 255
P 109 176 0 255 255
P 110 176 0 255 255
P 111 176 0 255 255
P 112 176 0 255 255
P 113 176 0 255 255
P 114 176 0 255 255
P 115 176 0 255 255
P 116 176 0 255 255
P 117 176 0 255 255
P 118 176 0 255 255
P 119 176 0 255 255
P 120 176 0 255 255
P 121 176 0 255 255
P 122 176 255 0 0
P 123 176 0 255 0
P 124 176 0 255 0
P 125 176 0 255 0
P 126 176 0 255 0
P 127 176 0 255 0
P 128 176 0 255 0
P 129 176 0 255 0
P 130 176 0 255 0
P 131 176 0 255 0
P 132 176 0 255 0
P 133 176 0 255 0
P 134 176 0 255 0
P 135 176 0 255 0
P 136 176 0 255 0
P 137 176 0 255 0
P 138 176 0 255 0
P 139 176 255 0 255
P 140 176 255 255 0
P 141 176 255 255 0
P 142 176 255 255 0
P 143 176 255 255 0
P 144 176 255 255 0
P 145 176 255 255 0
P 146 176 255 255 0
P 147 176 255 255 0
P 148 176 255 255 0
P 149 176 255 255 0
P 150 176 255 255 0
P 151 176 255 255 0
P 152 176 255 255 0
P 153 176 255 255 0
P 154 176 255 255 0
P 155 176 255 255 0
P 156 176 255 0 0
P 157 176 0 0 255
P 158 176 0 0 255
P 159 176 0 0 255
P 160 176 0 0 255
P 161 176 0 0 255
P 162 176 0 0 255
P 163 176 0 0 255
P 164 176 0 0 255
P 165 176 0 0 255
P 166 176 0 0 255
P 167 176 0 0 255
P 168 176 0 0 255
P 169 176 0 0 255
P 170 176 0 0 255
P 171 176 0 0 255
P 172 176 0 0 255
P 173 176 255 255 0
P 174 176 0 255 255
P 175 176 0 255 255
P 176 176 0 255 255
P 177 176 0 255 255
P 178 176 0 255 255
P 179 176 0 255 255
P 180 176 0 255 255
P 181 176 0 255 255
P 182 176 0 255 255
P 183 176 0 255 255
P 184 176 0 255 255
P 185 176 0 255 255
P 186 176 0 255 255
P 187 176 0 255 255
P 188 176 0 255 255
P 189 176 0 255 255
P 190 176 255 0 0
P 191 176 0 255 0
P 192 176 0 255 0
P 193 176 0 255 0
P 194 176 0 255 0
P 195 176 0 255 0
P 196 176 0 255 0
P 197 176 0 255 0
P 198 176 0 255 0
P 199 176 0 255 0
P 200 176 0 255 0
P 201 176 0 255 0
P 202 176 0 255 0
P 203 176 0 255 0
P 204 176 0 255 0
P 205 176 0 255 0
P 206 176 0 255 0
P 207 176 255 0 255
P 208 176 255 255 0
P 209 176 255 255 0
P 210 176 255 255 0
P 211 176 255 255 0
P 212 176 255 255 0
P 213 176 255 255 0
P 214 176 255 255 0
P 215 176 255 255 0
P 216 176 255 255 0
P 217 176 255 255 0
P 218 176 255 255 0
P 219 176 255 255 0
P 220 176 255 255 0
P 221 176 255 255 0
P 222 176 255 255 0
P 223 176 255 255 0
P 224 176 0 0 255
P 225 176 0 0 255
P 226 176 0 0 255
P 227 176 0 0 255
P 228 176 0 0 255
P 229 176 0 0 255
P 230 176 0 0 255
P 231 176 0 0 255
P 232 176 0 0 255
P 233 176 0 0 255
P 234 176 0 0 255
P 235 176 0 0 255
P 236 176 0 0 255
P 237 176 0 0 255
P 238 176 0 0 255
P 239 176 0 0 255
P 240 176 0 0 255
P 241 176 255 255 0
P 242 176 0 255 255
P 243 176 0 255 255
P 244 176 0 255 255
P 245 176 0 255 255
P 246 176 0 255 255
P 247 176 0 255 255
P 248 176 0 255 255
P 249 176 0 255 255
P 250 176 0 255 255
P 251 176 0 255 255
P 252 176 0 255 255
P 253 176 0 255 255
P 254 176 0 255 255
P 255 176 0 255 255
P 256 176 0 255 255
P 257 176 0 255 255
P 258 176 255 0 0
P 259 176 0 255 0
P 260 176 0 255 0
P 261 176 0 255 0
P 262 176 0 255 0
P 263 176 0 255 0
P 264 176 0 255 0
P 265 176 0 255 0
P 266 176 0 255 0
P 267 176 0 255 0
P 268 176 0 255 0
P 269 176 0 255 0
P 270 176 0 255 0
P 271 176 0 255 0
P 272 176 0 255 0
P 273 176 0 255 0
P 274 176 0 255 0
P 275 176 255 255 0
P 276 176 255 255 0
P 277 176 255 255 0
P 278 176 255 255 0
P 279 176 255 255 0
P 280 176 255 255 0
P 281 176 255 255 0
P 282 176 255 255 0
P 283 176 255 255 0
P 284 176 255 255 0
P 285 176 255 255 0
P 286 176 255 255 0
P 287 176 255 255 0
P 288 176 255 255 0
P 289 176 255 255 0
P 290 176 255 255 0
P 291 176 255 255 0
P 20 177 255 0 0
P 21 177 255 0 0
P 22 177 0 0 255
P 23 177 0 0 255
P 24 177 0 0 255
P 25 177 0 0 255
P 26 177 0 0 255
P 27 177 0 0 255
P 28 177 0 0 255
P 29 177 0 0 255
P 30 177 0 0 255
P 31 177 0 0 255
P 32 177 0 0 255
P 33 177 0 0 255
P 34 177 0 0 255
P 35 177 0 0 255
P 36 177 0 0 255
P 37 177 255 255 0
P 38 177 255 255 0
P 39 177 255 0 255
P 40 177 255 0 255
P 41 177 255 0 255
P 42 177 255 0 255
P 43 177 255 0 255
P 44 177 255 0 255
P 45 177 255 0 255
P 46 177 255 0 255
P 47 177 255 0 255
P 48 177 255 0 255
P 49 177 255 0 255
P 50 177 255 0 255
P 51 177 255 0 255
P 52 177 255 0 255
P 53 177 255 0 255
P 54 177 255 0 0
P 55 177 255 0 0
P 56 177 0 255 0
P 57 177 0 255 0
P 58 177 0 255 0
P 59 177 0 255 0
P 60 177 0 255 0
P 61 177 0 255 0
P 62 177 0 255 0
P 63 177 0 255 0
P 64 177 0 255 0
P 65 177 0 255 0
P 66 177 0 255 0
P 67 177 0 255 0
P 68 177 0 255 0
P 69 177 0 255 0
P 70 177 0 255 0
P 71 177 255 0 255
P 72 177 255 0 255
P 73 177 255 255 0
P 74 177 255 255 0
P 75 177 255 255 0
P 76 177 255 255 0
P 77 177 255 255 0
P 78 177 255 255 0
P 79 177 255 255 0
P 80 177 255 255 0
P 81 177 255 255 0
P 82 177 255 255 0
P 83 177 255 255 0
P 84 177 255 255 0
P 85 177 255 255 0
P 86 177 255 255 0
P 87 177 255 255 0
P 88 177 255 0 0
P 89 177 255 0 0
P 90 177 0 0 255
P 91 177 0 0 255
P 92 177 0 0 255
P 93 177 0 0 255
P 94 177 0 0 255
P 95 177 0 0 255
P 96 177 0 0 255
P 97 177 0 0 255
P 98 177 0 0 255
P 99 177 0 0 255
P 100 177 0 0 255
P 101 177 0 0 255
P 102 177 0 0 255
P 103 177 0 0 255
P 104 177 0 0 255
P 105 177 255 255 0
P 106 177 255 255 0
P 107 177 0 255 255
P 108 177 0 255 255
P 109 177 0 255 255
P 110 177 0 255 255
P 111 177 0 255 255
P 112 177 0 255 255
P 113 177 0 255 255
P 114 177 0 255 255
P 115 177 0 255 255
P 116 177 0 255 255
P 117 177 0 255 255
P 118 177 0 255 255
P 119 177 0 255 255
P 120 177 0 255 255
P 121 177 0 255 255
P 122 177 255 0 0
P 123 177 255 0 0
P 124 177 0 255 0
P 125 177 0 255 0
P 126 177 0 255 0
P 127 177 0 255 0
P 128 177 0 255 0
P 129 177 0 255 0
P 130 177 0 255 0
P 131 177 0 255 0
P 132 177 0 255 0
P 133 177 0 255 0
P 134 177 0 255 0
P 135 177 0 255 0
P 136 177 0 255 0
P 137 177 0 255 0
P 138 177 0 255 0
P 139 177 255 0 255
P 140 177 255 0 255
P 141 177 255 255 0
P 142 177 255 255 0
P 143 177 255 255 0
P 144 177 255 255 0
P 145 177 255 255 0
P 146 177 255 255 0
P 147 177 255 255 0
P 148 177 255 255 0
P 149 177 255 255 0
P 150 177 255 255 0
P 151 177 255 255 0
P 152 177 255 255 0
P 153 177 255 255 0
P 154 177 255 255 0
P 155 177 255 255 0
P 156 177 255 0 0
P 157 177 255 0 0
P 158 177 0 0 255
P 159 177 0 0 255
P 160 177 0 0 255
P 161 177 0 0 255
P 162 177 0 0 255
P 163 177 0 0 255
P 164 177 0 0 255
P 165 177 0 0 255
P 166 177 0 0 255
P 167 177 0 0 255
P 168 177 0 0 255
P 169 177 0 0 255
P 170 177 0 0 255
P 171 177 0 0 255
P 172 177 0 0 255
P 173 177 255 255 0
P 174 177 255 255 0
P 175 177 0 255 255
P 176 177 0 255 255
P 177 177 0 255 255
P 178 177 0 255 255
P 179 177 0 255 255
P 180 177 0 255 255
P 181 177 0 255 255
P 182 177 0 255 255
P 183 177 0 255 255
P 184 177 0 255 255
P 185 177 0 255 255
P 186 177 0 255 255
P 187 177 0 255 255
P 188 177 0 255 255
P 189 177 0 255 255
P 190 177 255 0 0
P 191 177 255 0 0
P 192 177 0 255 0
P 193 177 0 255 0
P 194 177 0 255 0
P 195 177 0 255 0
P 196 177 0 255 0
P 197 177 0 255 0
P 198 177 0 255 0
P 199 177 0 255 0
P 200 177 0 255 0
P 201 177 0 255 0
P 202 177 0 255 0
P 203 177 0 255 0
P 204 177 0 255 0
P 205 177 0 255 0
P 206 177 0 255 0
P 207 177 255 0 255
P 208 177 255 0 255
P 209 177 255 255 0
P 210 177 255 255 0
P 211 177 255 255 0
P 212 177 255 255 0
P 213 177 255 255 0
P 214 177 255 255 0
P 215 177 255 255 0
P 216 177 255 255 0
P 217 177 255 255 0
P 218 177 255 255 0
P 219 177 255 255 0
P 220 177 255 255 0
P 221 177 255 255 0
P 222 177 255 255 0
P 223 177 255 255 0
P 224 177 255 0 0
P 225 177 255 0 0
P 226 177 0 0 255
P 227 177 0 0 255
P 228 177 0 0 255
P 229 177 0 0 255
P 230 177 0 0 255
P 231 177 0 0 255
P 232 177 0 0 255
P 233 177 0 0 255
P 234 177 0 0 255
P 235 177 0 0 255
P 236 177 0 0 255
P 237 177 0 0 255
P 238 177 0 0 255
P 239 177 0 0 255
P 240 177 0 0 255
P 241 177 255 255 0
P 242 177 255 255 0
P 243 177 0 255 255
P 244 177 0 255 255
P 245 177 0 255 255
P 246 177 0 255 255
P 247 177 0 255 255
P 248 177 0 255 255
P 249 177 0 255 255
P 250 177 0 255 255
P 251 177 0 255 255
P 252 177 0 255 255
P 253 177 0 255 255
P 254 177 0 255 255
P 255 177 0 255 255
P 256 177 0 255 255
P 257 177 0 255 255
P 258 177 255 0 0
P 259 177 255 0 0
P 260 177 0 255 0
P 261 177 0 255 0
P 262 177 0 255 0
P 263 177 0 255 0
P 264 177 0 255 0
P 265 177 0 255 0
P 266 177 0 255 0
P 267 177 0 255 0
P 268 177 0 255 0
P 269 177 0 255 0
P 270 177 0 255 0
P 271 177 0 255 0
P 272 177 0 255 0
P 273 177 0 255 0
P 274 177 0 255 0
P 275 177 255 0 255
P 276 177 255 0 255
P 277 177 255 255 0
P 278 177 255 255 0
P 279 177 255 255 0
P 280 177 255 255 0
P 281 177 255 255 0
P 282 177 255 255 0
P 283 177 255 255 0
P 284 177 255 255 0
P 285 177 255 255 0
P 286 177 255 255 0
P 287 177 255 255 0
P 288 177 255 255 0
P 289 177 255 255 0
P 290 177 255 255 0
P 291 177 255 255 0
P 20 178 255 0 0
P 21 178 255 0 0
P 22 178 255 0 0
P 23 178 255 0 0
P 24 178 0 0 255
P 25 178 0 0 255
P 26 178 0 0 255
P 27 178 0 0 255
P 28 178 0 0 255
P 29 178 0 0 255
P 30 178 0 0 255
P 31 178 0 0 255
P 32 178 0 0 255
P 33 178 0 0 255
P 34 178 0 0 255
P 35 178 0 0 255
P 36 178 0 0 255
P 37 178 255 255 0
P 38 178 255 255 0
P 39 178 255 255 0
P 40 178 255 0 255
P 41 178 255 0 255
P 42 178 255 0 255
P 43 178 255 0 255
P 44 178 255 0 255
P 45 178 255 0 255
P 46 178 255 0 255
P 47 178 255 0 255
P 48 178 255 0 255
P 49 178 255 0 255
P 50 178 255 0 255
P 51 178 255 0 255
P 52 178 255 0 255
P 53 178 255 0 255
P 54 178 255 0 0
P 55 178 255 0 0
P 56 178 255 0 0
P 57 178 255 0 0
P 58 178 0 255 0
P 59 178 0 255 0
P 60 178 0 255 0
P 61 178 0 255 0
P 62 178 0 255 0
P 63 178 0 255 0
P 64 178 0 255 0
P 65 178 0 255 0
P 66 178 0 255 0
P 67 178 0 255 0
P 68 178 0 255 0
P 69 178 0 255 0
P 70 178 0 255 0
P 71 178 255 0 255
P 72 178 255 0 255
P 73 178 255 0 255
P 74 178 255 255 0
P 75 178 255 255 0
P 76 178 255 255 0
P 77 178 255 255 0
P 78 178 255 255 0
P 79 178 255 255 0
P 80 178 255 255 0
P 81 178 255 255 0
P 82 178 255 255 0
P 83 178 255 255 0
P 84 178 255 255 0
P 85 178 255 255 0
P 86 178 255 255 0
P 87 178 255 255 0
P 88 178 255 0 0
P 89 178 255 0 0
P 90 178 255 0 0
P 91 178 0 0 255
P 92 178 0 0 255
P 93 178 0 0 255
P 94 178 0 0 255
P 95 178 0 0 255
P 96 178 0 0 255
P 97 178 0 0 255
P 98 178 0 0 255
P 99 178 0 0 255
P 100 178 0 0 255
P 101 178 0 0 255
P 102 178 0 0 255
P 103 178 0 0 255
P 104 178 0 0 255
P 105 178 255 255 0
P 106 178 255 255 0
P 107 178 255 255 0
P 108 178 0 255 255
P 109 178 0 255 255
P 110 178 0 255 255
P 111 178 0 255 255
P 112 178 0 255 255
P 113 178 0 255 255
P 114 178 0 255 255
P 115 178 0 255 255
P 116 178 0 255 255
P 117 178 0 255 255
P 118 178 0 255 255
P 119 178 0 255 255
P 120 178 0 255 255
P 121 178 0 255 255
P 122 178 255 0 0
P 123 178 255 0 0
P 124 178 255 0 0
P 125 178 255 0 0
P 126 178 0 255 0
P 127 178 0 255 0
P 128 178 0 255 0
P 129 178 0 255 0
P 130 178 0 255 0
P 131 178 0 255 0
P 132 178 0 255 0
P 133 178 0 255 0
P 134 178 0 255 0
P 135 178 0 255 0
P 136 178 0 255 0
P 137 178 0 255 0
P 138 178 0 255 0
P 139 178 255 0 255
P 140 178 255 0 255
P 141 178 255 0 255
P 142 178 255 255 0
P 143 178 255 255 0
P 144 178 255 255 0
P 145 178 255 255 0
P 146 178 255 255 0
P 147 178 255 255 0
P 148 178 255 255 0
P 149 178 255 255 0
P 150 178 255 255 0
P 151 178 255 255 0
P 152 178 255 255 0
P 153 178 255 255 0
P 154 178 255 255 0
P 155 178 255 255 0
P 156 178 255 0 0
P 157 178 255 0 0
P 158 178 255 0 0
P 159 178 0 0 255
P 160 178 0 0 255
P 161 178 0 0 255
P 162 178 0 0 255
P 163 178 0 0 255
P 164 178 0 0 255
P 165 178 0 0 255
P 166 178 0 0 255
P 167 178 0 0 255
P 168 178 0 0 255
P 169 178 0 0 255
P 170 178 0 0 255
P 171 178 0 0 255
P 172 178 0 0 255
P 173 178 255 255 0
P 174 178 255 255 0
P 175 178 255 255 0
P 176 178 255 255 0
P 177 178 0 255 255
P 178 178 0 255 255
P 179 178 0 255 255
P 180 178 0 255 255
P 181 178 0 255 255
P 182 178 0 255 255
P 183 178 0 255 255
P 184 178 0 255 255
P 185 178 0 255 255
P 186 178 0 255 255
P 187 178 0 255 255
P 188 178 0 255 255
P 189 178 0 255 255
P 190 178 255 0 0
P 191 178 255 0 0
P 192 178 255 0 0
P 193 178 0 255 0
P 194 178 0 255 0
P 195 178 0 255 0
P 196 178 0 255 0
P 197 178 0 255 0
P 198 178 0 255 0
P 199 178 0 255 0
P 200 178 0 255 0
P 201 178 0 255 0
P 202 178 0 255 0
P 203 178 0 255 0
P 204 178 0 255 0
P 205 178 0 255 0
P 206 178 0 255 0
P 207 178 255 0 255
P 208 178 255 0 255
P 209 178 255 0 255
P 210 178 255 255 0
P 211 178 255 255 0
P 212 178 255 255 0
P 213 178 255 255 0
P 214 178 255 255 0
P 215 178 255 255 0
P 216 178 255 255 0
P 217 178 255 255 0
P 218 178 255 255 0
P 219 178 255 255 0
P 220 178 255 255 0
P 221 178 255 255 0
P 222 178 255 255 0
P 223 178 255 255 0
P 224 178 255 0 0
P 225 178 255 0 0
P 226 178 255 0 0
P 227 178 0 0 255
P 228 178 0 0 255
P 229 178 0 0 255
P 230 178 0 0 255
P 231 178 0 0 255
P 232 178 0 0 255
P 233 178 0 0 255
P 234 178 0 0 255
P 235 178 0 0 255
P 236 178 0 0 255
P 237 178 0 0 255
P 238 178 0 0 255
P 239 178 0 0 255
P 240 178 0 0 255
P 241 178 255 255 0
P 242 178 255 255 0
P 243 178 255 255 0
P 244 178 255 255 0
P 245 178 0 255 255
P 246 178 0 255 255
P 247 178 0 255 255
P 248 178 0 255 255
P 249 178 0 255 255
P 250 178 0 255 255
P 251 178 0 255 255
P 252 178 0 255 255
P 253 178 0 255 255
P 254 178 0 255 255
P 255 178 0 255 255
P 256 178 0 255 255
P 257 178 0 255 255
P 258 178 255 0 0
P 259 178 255 0 0
P 260 178 255 0 0
P 261 178 255 0 0
P 262 178 0 255 0
P 263 178 0 255 0
P 264 178 0 255 0
P 265 178 0 255 0
P 266 178 0 255 0
P 267 178 0 255 0
P 268 178 0 255 0
P 269 178 0 255 0
P 270 178 0 255 0
P 271 178 0 255 0
P 272 178 0 255 0
P 273 178 0 255 0
P 274 178 0 255 0
P 275 178 255 0 255
P 276 178 255 0 255
P 277 178 255 0 255
P 278 178 255 255 0
P 279 178 255 255 0
P 280 178 255 255 0
P 281 178 255 255 0
P 282 178 255 255 0
P 283 178 255 255 0
P 284 178 255 255 0
P 285 178 255 255 0
P 286 178 255 255 0
P 287 178 255 255 0
P 288 178 255 255 0
P 289 178 255 255 0
P 290 178 255 255 0
P 291 178 255 255 0
P 20 179 255 0 0
P 21 179 255 0 0
P 22 179 255 0 0
P 23 179 255 0 0
P 24 179 255 0 0
P 25 179 0 0 255
P 26 179 0 0 255
P 27 179 0 0 255
P 28 179 0 0 255
P 29 179 0 0 255
P 30 179 0 0 255
P 31 179 0 0 255
P 32 179 0 0 255
P 33 179 0 0 255
P 34 179 0 0 255
P 35 179 0 0 255
P 36 179 0 0 255
P 37 179 255 255 0
P 38 179 255 255 0
P 39 179 255 255 0
P 40 179 255 255 0
P 41 179 255 255 0
P 42 179 255 0 255
P 43 179 255 0 255
P 44 179 255 0 255
P 45 179 255 0 255
P 46 179 255 0 255
P 47 179 255 0 255
P 48 179 255 0 255
P 49 179 255 0 255
P 50 179 255 0 255
P 51 179 255 0 255
P 52 179 255 0 255
P 53 179 255 0 255
P 54 179 255 0 0
P 55 179 255 0 0
P 56 179 255 0 0
P 57 179 255 0 0
P 58 179 255 0 0
P 59 179 0 255 0
P 60 179 0 255 0
P 61 179 0 255 0
P 62 179 0 255 0
P 63 179 0 255 0
P 64 179 0 255 0
P 65 179 0 255 0
P 66 179 0 255 0
P 67 179 0 255 0
P 68 179 0 255 0
P 69 179 0 255 0
P 70 179 0 255 0
P 71 179 255 0 255
P 72 179 255 0 255
P 73 179 255 0 255
P 74 179 255 0 255
P 75 179 255 0 255
P 76 179 255 255 0
P 77 179 255 255 0
P 78 179 255 255 0
P 79 179 255 255 0
P 80 179 255 255 0
P 81 179 255 255 0
P 82 179 255 255 0
P 83 179 255 255 0
P 84 179 255 255 0
P 85 179 255 255 0
P 86 179 255 255 0
P 87 179 255 255 0
P 88 179 255 0 0
P 89 179 255 0 0
P 90 179 255 0 0
P 91 179 255 0 0
P 92 179 255 0 0
P 93 179 0 0 255
P 94 179 0 0 255
P 95 179 0 0 255
P 96 179 0 0 255
P 97 179 0 0 255
P 98 179 0 0 255
P 99 179 0 0 255
P 100 179 0 0 255
P 101 179 0 0 255
P 102 179 0 0 255
P 103 179 0 0 255
P 104 179 0 0 255
P 105 179 255 255 0
P 106 179 255 255 0
P 107 179 255 255 0
P 108 179 255 255 0
P 109 179 255 255 0
P 110 179 0 255 255
P 111 179 0 255 255
P 112 179 0 255 255
P 113 179 0 255 255
P 114 179 0 255 255
P 115 179 0 255 255
P 116 179 0 255 255
P 117 179 0 255 255
P 118 179 0 255 255
P 119 179 0 255 255
P 120 179 0 255 255
P 121 179 0 255 255
P 122 179 255 0 0
P 123 179 255 0 0
P 124 179 255 0 0
P 125 179 255 0 0
P 126 179 255 0 0
P 127 179 0 255 0
P 128 179 0 255 0
P 129 179 0 255 0
P 130 179 0 255 0
P 131 179 0 255 0
P 132 179 0 255 0
P 133 179 0 255 0
P 134 179 0 255 0
P 135 179 0 255 0
P 136 179 0 255 0
P 137 179 0 255 0
P 138 179 0 255 0
P 139 179 255 0 255
P 140 179 255 0 255
P 141 179 255 0 255
P 142 179 255 0 255
P 143 179 255 0 255
P 144 179 255 255 0
P 145 179 255 255 0
P 146 179 255 255 0
P 147 179 255 255 0
P 148 179 255 255 0
P 149 179 255 255 0
P 150 179 255 255 0
P 151 179 255 255 0
P 152 179 255 255 0
P 153 179 255 255 0
P 154 179 255 255 0
P 155 179 255 255 0
P 156 179 255 0 0
P 157 179 255 0 0
P 158 179 255 0 0
P 159 179 255 0 0
P 160 179 255 0 0
P 161 179 0 0 255
P 162 179 0 0 255
P 163 179 0 0 255
P 164 179 0 0 255
P 165 179 0 0 255
P 166 179 0 0 255
P 167 179 0 0 255
P 168 179 0 0 255
P 169 179 0 0 255
P 170 179 0 0 255
P 171 179 0 0 255
P 172 179 0 0 255
P 173 179 255 255 0
P 174 179 255 255 0
P 175 179 255 255 0
P 176 179 255 255 0
P 177 179 255 255 0
P 178 179 0 255 255
P 179 179 0 255 255
P 180 179 0 255 255
P 181 179 0 255 255
P 182 179 0 255 255
P 183 179 0 255 255
P 184 179 0 255 255
P 185 179 0 255 255
P 186 179 0 255 255
P 187 179 0 255 255
P 188 179 0 255 255
P 189 179 0 255 255
P 190 179 255 0 0
P 191 179 255 0 0
P 192 179 255 0 0
P 193 179 255 0 0
P 194 179 255 0 0
P 195 179 0 255 0
P 196 179 0 255 0
P 197 179 0 255 0
P 198 179 0 255 0
P 199 179 0 255 0
P 200 179 0 255 0
P 201 179 0 255 0
P 202 179 0 255 0
P 203 179 0 255 0
P 204 179 0 255 0
P 205 179 0 255 0
P 206 179 0 255 0
P 207 179 255 0 255
P 208 179 255 0 255
P 209 179 255 0 255
P 210 179 255 0 255
P 211 179 255 0 255
P 212 179 255 255 0
P 213 179 255 255 0
P 214 179 255 255 0
P 215 179 255 255 0
P 216 179 255 255 0
P 217 179 255 255 0
P 218 179 255 255 0
P 219 179 255 255 0
P 220 179 255 255 0
P 221 179 255 255 0
P 222 179 255 255 0
P 223 179 255 255 0
P 224 179 255 0 0
P 225 179 255 0 0
P 226 179 255 0 0
P 227 179 255 0 0
P 228 179 255 0 0
P 229 179 0 0 255
P 230 179 0 0 255
P 231 179 0 0 255
P 232 179 0 0 255
P 233 179 0 0 255
P 234 179 0 0 255
P 235 179 0 0 255
P 236 179 0 0 255
P 237 179 0 0 255
P 238 179 0 0 255
P 239 179 0 0 255
P 240 179 0 0 255
P 241 179 255 255 0
P 242 179 255 255 0
P 243 179 255 255 0
P 244 179 255 255 0
P 245 179 255 255 0
P 246 179 0 255 255
P 247 179 0 255 255
P 248 179 0 255 255
P 249 179 0 255 255
P 250 179 0 255 255
P 251 179 0 255 255
P 252 179 0 255 255
P 253 179 0 255 255
P 254 179 0 255 255
P 255 179 0 255 255
P 256 179 0 255 255
P 257 179 0 255 255
P 258 179 255 0 0
P 259 179 255 0 0
P 260 179 255 0 0
P 261 179 255 0 0
P 262 179 255 0 0
P 263 179 0 255 0
P 264 179 0 255 0
P 265 179 0 255 0
P 266 179 0 255 0
P 267 179 0 255 0
P 268 179 0 255 0
P 269 179 0 255 0
P 270 179 0 255 0
P 271 179 0 255 0
P 272 179 0 255 0
P 273 179 0 255 0
P 274 179 0 255 0
P 275 179 255 0 255
P 276 179 255 0 255
P 277 179 255 0 255
P 278 179 255 0 255
P 279 179 255 0 255
P 280 179 255 255 0
P 281 179 255 255 0
P 282 179 255 255 0
P 283 179 255 255 0
P 284 179 255 255 0
P 285 179 255 255 0
P 286 179 255 255 0
P 287 179 255 255 0
P 288 179 255 255 0
P 289 179 255 255 0
P 290 179 255 255 0
P 291 179 255 255 0
P 20 180 255 0 0
P 21 180 255 0 0
P 22 180 255 0 0
P 23 180 255 0 0
P 24 180 255 0 0
P 25 180 255 0 0
P 26 180 0 0 255
P 27 180 0 0 255
P 28 180 0 0 255
P 29 180 0 0 255
P 30 180 0 0 255
P 31 180 0 0 255
P 32 180 0 0 255
P 33 180 0 0 255
P 34 180 0 0 255
P 35 180 0 0 255
P 36 180 0 0 255
P 37 180 255 255 0
P 38 180 255 255 0
P 39 180 255 255 0
P 40 180 255 255 0
P 41 180 255 255 0
P 42 180 255 255 0
P 43 180 255 0 255
P 44 180 255 0 255
P 45 180 255 0 255
P 46 180 255 0 255
P 47 180 255 0 255
P 48 180 255 0 255
P 49 180 255 0 255
P 50 180 255 0 255
P 51 180 255 0 255
P 52 180 255 0 255
P 53 180 255 0 255
P 54 180 255 0 0
P 55 180 255 0 0
P 56 180 255 0 0
P 57 180 255 0 0
P 58 180 255 0 0
P 59 180 255 0 0
P 60 180 0 255 0
P 61 180 0 255 0
P 62 180 0 255 0
P 63 180 0 255 0
P 64 180 0 255 0
P 65 180 0 255 0
P 66 180 0 255 0
P 67 180 0 255 0
P 68 180 0 255 0
P 69 180 0 255 0
P 70 180 0 255 0
P 71 180 255 0 255
P 72 180 255 0 255
P 73 180 255 0 255
P 74 180 255 0 255
P 75 180 255 0 255
P 76 180 255 0 255
P 77 180 255 255 0
P 78 180 255 255 0
P 79 180 255 255 0
P 80 180 255 255 0
P 81 180 255 255 0
P 82 180 255 255 0
P 83 180 255 255 0
P 84 180 255 255 0
P 85 180 255 255 0
P 86 180 255 255 0
P 87 180 255 255 0
P 88 180 255 0 0
P 89 180 255 0 0
P 90 180 255 0 0
P 91 180 255 0 0
P 92 180 255 0 0
P 93 180 255 0 0
P 94 180 0 0 255
P 95 180 0 0 255
P 96 180 0 0 255
P 97 180 0 0 255
P 98 180 0 0 255
P 99 180 0 0 255
P 100 180 0 0 255
P 101 180 0 0 255
P 102 180 0 0 255
P 103 180 0 0 255
P 104 180 0 0 255
P 105 180 255 255 0
P 106 180 255 255 0
P 107 180 255 255 0
P 108 180 255 255 0
P 109 180 255 255 0
P 110 180 255 255 0
P 111 180 0 255 255
P 112 180 0 255 255
P 113 180 0 255 255
P 114 180 0 255 255
P 115 180 0 255 255
P 116 180 0 255 255
P 117 180 0 255 255
P 118 180 0 255 255
P 119 180 0 255 255
P 120 180 0 255 255
P 121 180 0 255 255
P 122 180 255 0 0
P 123 180 255 0 0
P 124 180 255 0 0
P 125 180 255 0 0
P 126 180 255 0 0
P 127 180 255 0 0
P 128 180 0 255 0
P 129 180 0 255 0
P 130 180 0 255 0
P 131 180 0 255 0
P 132 180 0 255 0
P 133 180 0 255 0
P 134 180 0 255 0
P 135 180 0 255 0
P 136 180 0 255 0
P 137 180 0 255 0
P 138 180 0 255 0
P 139 180 255 0 255
P 140 180 255 0 255
P 141 180 255 0 255
P 142 180 255 0 255
P 143 180 255 0 255
P 144 180 255 0 255
P 145 180 255 255 0
P 146 180 255 255 0
P 147 180 255 255 0
P 148 180 255 255 0
P 149 180 255 255 0
P 150 180 255 255 0
P 151 180 255 255 0
P 152 180 255 255 0
P 153 180 255 255 0
P 154 180 255 255 0
P 155 180 255 255 0
P 156 180 255 0 0
P 157 180 255 0 0
P 158 180 255 0 0
P 159 180 255 0 0
P 160 180 255 0 0
P 161 180 255 0 0
P 162 180 0 0 255
P 163 180 0 0 255
P 164 180 0 0 255
P 165 180 0 0 255
P 166 180 0 0 255
P 167 180 0 0 255
P 168 180 0 0 255
P 169 180 0 0 255
P 170 180 0 0 255
P 171 180 0 0 255
P 172 180 0 0 255
P 173 180 255 255 0
P 174 180 255 255 0
P 175 180 255 255 0
P 176 180 255 255 0
P 177 180 255 255 0
P 178 180 255 255 0
P 179 180 255 255 0
P 180 180 0 255 255
P 181 180 0 255 255
P 182 180 0 255 255
P 183 180 0 255 255
P 184 180 0 255 255
P 185 180 0 255 255
P 186 180 0 255 255
P 187 180 0 255 255
P 188 180 0 255 255
P 189 180 0 255 255
P 190 180 255 0 0
P 191 180 255 0 0
P 192 180 255 0 0
P 193 180 255 0 0
P 194 180 255 0 0
P 195 180 255 0 0
P 196 180 0 255 0
P 197 180 0 255 0
P 198 180 0 255 0
P 199 180 0 255 0
P 200 180 0 255 0
P 201 180 0 255 0
P 202 180 0 255 0
P 203 180 0 255 0
P 204 180 0 255 0
P 205 180 0 255 0
P 206 180 0 255 0
P 207 180 255 0 255
P 208 180 255 0 255
P 209 180 255 0 255
P 210 180 255 0 255
P 211 180 255 0 255
P 212 180 255 0 255
P 213 180 255 255 0
P 214 180 255 255 0
P 215 180 255 255 0
P 216 180 255 255 0
P 217 180 255 255 0
P 218 180 255 255 0
P 219 180 255 255 0
P 220 180 255 255 0
P 221 180 255 255 0
P 222 180 255 255 0
P 223 180 255 255 0
P 224 180 255 0 0
P 225 180 255 0 0
P 226 180 255 0 0
P 227 180 255 0 0
P 228 180 255 0 0
P 229 180 255 0 0
P 230 180 0 0 255
P 231 180 0 0 255
P 232 180 0 0 255
P 233 180 0 0 255
P 234 180 0 0 255
P 235 180 0 0 255
P 236 180 0 0 255
P 237 180 0 0 255
P 238 180 0 0 255
P 239 180 0 0 255
P 240 180 0 0 255
P 241 180 255 255 0
P 242 180 255 255 0
P 243 180 255 255 0
P 244 180 255 255 0
P 245 180 255 255 0
P 246 180 255 255 0
P 247 180 0 255 255
P 248 180 0 255 255
P 249 180 0 255 255
P 250 180 0 255 255
P 251 180 0 255 255
P 252 180 0 255 255
P 253 180 0 255 255
P 254 180 0 255 255
P 255 180 0 255 255
P 256 180 0 255 255
P 257 180 0 255 255
P 258 180 255 0 0
P 259 180 255 0 0
P 260 180 255 0 0
P 261 180 255 0 0
P 262 180 255 0 0
P 263 180 255 0 0
P 264 180 0 255 0
P 265 180 0 255 0
P 266 180 0 255 0
P 267 180 0 255 0
P 268 180 0 255 0
P 269 180 0 255 0
P 270 180 0 255 0
P 271 180 0 255 0
P 272 180 0 255 0
P 273 180 0 255 0
P 274 180 0 255 0
P 275 180 255 0 255
P 276 180 255 0 255
P 277 180 255 0 255
P 278 180 255 0 255
P 279 180 255 0 255
P 280 180 255 0 255
P 281 180 255 255 0
P 282 180 255 255 0
P 283 180 255 255 0
P 284 180 255 255 0
P 285 180 255 255 0
P 286 180 255 255 0
P 287 180 255 255 0
P 288 180 255 255 0
P 289 180 255 255 0
P 290 180 255 255 0
P 291 180 255 255 0
P 20 181 255 0 0
P 21 181 255 0 0
P 22 181 255 0 0
P 23 181 255 0 0
P 24 181 255 0 0
P 25 181 255 0 0
P 26 181 255 0 0
P 27 181 255 0 0
P 28 181 0 0 255
P 29 181 0 0 255
P 30 181 0 0 255
P 31 181 0 0 255
P 32 181 0 0 255
P 33 181 0 0 255
P 34 181 0 0 255
P 35 181 0 0 255
P 36 181 0 0 255
P 37 181 255 255 0
P 38 181 255 255 0
P 39 181 255 255 0
P 40 181 255 255 0
P 41 181 255 255 0
P 42 181 255 255 0
P 43 181 255 255 0
P 44 181 255 255 0
P 45 181 255 0 255
P 46 181 255 0 255
P 47 181 255 0 255
P 48 181 255 0 255
P 49 181 255 0 255
P 50 181 255 0 255
P 51 181 255 0 255
P 52 181 255 0 255
P 53 181 255 0 255
P 54 181 255 0 0
P 55 181 255 0 0
P 56 181 255 0 0
P 57 181 255 0 0
P 58 181 255 0 0
P 59 181 255 0 0
P 60 181 255 0 0
P 61 181 255 0 0
P 62 181 0 255 0
P 63 181 0 255 0
P 64 181 0 255 0
P 65 181 0 255 0
P 66 181 0 255 0
P 67 181 0 255 0
P 68 181 0 255 0
P 69 181 0 255 0
P 70 181 0 255 0
P 71 181 255 0 255
P 72 181 255 0 255
P 73 181 255 0 255
P 74 181 255 0 255
P 75 181 255 0 255
P 76 181 255 0 255
P 77 181 255 0 255
P 78 181 255 0 255
P 79 181 255 255 0
P 80 181 255 255 0
P 81 181 255 255 0
P 82 181 255 255 0
P 83 181 255 255 0
P 84 181 255 255 0
P 85 181 255 255 0
P 86 181 255 255 0
P 87 181 255 255 0
P 88 181 255 0 0
P 89 181 255 0 0
P 90 181 255 0 0
P 91 181 255 0 0
P 92 181 255 0 0
P 93 181 255 0 0
P 94 181 255 0 0
P 95 181 0 0 255
P 96 181 0 0 255
P 97 181 0 0 255
P 98 181 0 0 255
P 99 181 0 0 255
P 100 181 0 0 255
P 101 181 0 0 255
P 102 181 0 0 255
P 103 181 0 0 255
P 104 181 0 0 255
P 105 181 255 255 0
P 106 181 255 255 0
P 107 181 255 255 0
P 108 181 255 255 0
P 109 181 255 255 0
P 110 181 255 255 0
P 111 181 255 255 0
P 112 181 255 255 0
P 113 181 0 255 255
P 114 181 0 255 255
P 115 181 0 255 255
P 116 181 0 255 255
P 117 181 0 255 255
P 118 181 0 255 255
P 119 181 0 255 255
P 120 181 0 255 255
P 121 181 0 255 255
P 122 181 255 0 0
P 123 181 255 0 0
P 124 181 255 0 0
P 125 181 255 0 0
P 126 181 255 0 0
P 127 181 255 0 0
P 128 181 255 0 0
P 129 181 255 0 0
P 130 181 0 255 0
P 131 181 0 255 0
P 132 181 0 255 0
P 133 181 0 255 0
P 134 181 0 255 0
P 135 181 0 255 0
P 136 181 0 255 0
P 137 181 0 255 0
P 138 181 0 255 0
P 139 181 255 0 255
P 140 181 255 0 255
P 141 181 255 0 255
P 142 181 255 0 255
P 143 181 255 0 255
P 144 181 255 0 255
P 145 181 255 0 255
P 146 181 255 0 255
P 147 181 255 255 0
P 148 181 255 255 0
P 149 181 255 255 0
P 150 181 255 255 0
P 151 181 255 255 0
P 152 181 255 255 0
P 153 181 255 255 0
P 154 181 255 255 0
P 155 181 255 255 0
P 156 181 255 0 0
P 157 181 255 0 0
P 158 181 255 0 0
P 159 181 255 0 0
P 160 181 255 0 0
P 161 181 255 0 0
P 162 181 255 0 0
P 163 181 255 0 0
P 164 181 0 0 255
P 165 181 0 0 255
P 166 181 0 0 255
P 167 181 0 0 255
P 168 181 0 0 255
P 169 181 0 0 255
P 170 181 0 0 255
P 171 181 0 0 255
P 172 181 0 0 255
P 173 181 255 255 0
P 174 181 255 255 0
P 175 181 255 255 0
P 176 181 255 255 0
P 177 181 255 255 0
P 178 181 255 255 0
P 179 181 255 255 0
P 180 181 255 255 0
P 181 181 0 255 255
P 182 181 0 255 255
P 183 181 0 255 255
P 184 181 0 255 255
P 185 181 0 255 255
P 186 181 0 255 255
P 187 181 0 255 255
P 188 181 0 255 255
P 189 181 0 255 255
P 190 181 255 0 0
P 191 181 255 0 0
P 192 181 255 0 0
P 193 181 255 0 0
P 194 181 255 0 0
P 195 181 255 0 0
P 196 181 255 0 0
P 197 181 255 0 0
P 198 181 0 255 0
P 199 181 0 255 0
P 200 181 0 255 0
P 201 181 0 255 0
P 202 181 0 255 0
P 203 181 0 255 0
P 204 181 0 255 0
P 205 181 0 255 0
P 206 181 0 255 0
P 207 181 255 0 255
P 208 181 255 0 255
P 209 181 255 0 255
P 210 181 255 0 255
P 211 181 255 0 255
P 212 181 255 0 255
P 213 181 255 0 255
P 214 181 255 0 255
P 215 181 255 255 0
P 216 181 255 255 0
P 217 181 255 255 0
P 218 181 255 255 0
P 219 181 255 255 0
P 220 181 255 255 0
P 221 181 255 255 0
P 222 181 255 255 0
P 223 181 255 255 0
P 224 181 255 0 0
P 225 181 255 0 0
P 226 181 255 0 0
P 227 181 255 0 0
P 228 181 255 0 0
P 229 181 255 0 0
P 230 181 255 0 0
P 231 181 255 0 0
P 232 181 0 0 255
P 233 181 0 0 255
P 234 181 0 0 255
P 235 181 0 0 255
P 236 181 0 0 255
P 237 181 0 0 255
P 238 181 0 0 255
P 239 181 0 0 255
P 240 181 0 0 255
P 241 181 255 255 0
P 242 181 255 255 0
P 243 181 255 255 0
P 244 181 255 255 0
P 245 181 255 255 0
P 246 181 255 255 0
P 247 181 255 255 0
P 248 181 255 255 0
P 249 181 0 255 255
P 250 181 0 255 255
P 251 181 0 255 255
P 252 181 0 255 255
P 253 181 0 255 255
P 254 181 0 255 255
P 255 181 0 255 255
P 256 181 0 255 255
P 257 181 0 255 255
P 258 181 255 0 0
P 259 181 255 0 0
P 260 181 255 0 0
P 261 181 255 0 0
P 262 181 255 0 0
P 263 181 255 0 0
P 264 181 255 0 0
P 265 181 255 0 0
P 266 181 0 255 0
P 267 181 0 255 0
P 268 181 0 255 0
P 269 181 0 255 0
P 270 181 0 255 0
P 271 181 0 255 0
P 272 181 0 255 0
P 273 181 0 255 0
P 274 181 0 255 0
P 275 181 255 0 255
P 276 181 255 0 255
P 277 181 255 0 255
P 278 181 255 0 255
P 279 181 255 0 255
P 280 181 255 0 255
P 281 181 255 0 255
P 282 181 255 0 255
P 283 181 255 255 0
P 284 181 255 255 0
P 285 181 255 255 0
P 286 181 255 255 0
P 287 181 255 255 0
P 288 181 255 255 0
P 289 181 255 255 0
P 290 181 255 255 0
P 291 181 255 255 0
P 20 182 255 0 0
P 21 182 255 0 0
P 22 182 255 0 0
P 23 182 255 0 0
P 24 182 255 0 0
P 25 182 255 0 0
P 26 182 255 0 0
P 27 182 255 0 0
P 28 182 255 0 0
P 29 182 0 0 255
P 30 182 0 0 255
P 31 182 0 0 255
P 32 182 0 0 255
P 33 182 0 0 255
P 34 182 0 0 255
P 35 182 0 0 255
P 36 182 0 0 255
P 37 182 255 255 0
P 38 182 255 255 0
P 39 182 255 255 0
P 40 182 255 255 0
P 41 182 255 255 0
P 42 182 255 255 0
P 43 182 255 255 0
P 44 182 255 255 0
P 45 182 255 255 0
P 46 182 255 0 255
P 47 182 255 0 255
P 48 182 255 0 255
P 49 182 255 0 255
P 50 182 255 0 255
P 51 182 255 0 255
P 52 182 255 0 255
P 53 182 255 0 255
P 54 182 255 0 0
P 55 182 255 0 0
P 56 182 255 0 0
P 57 182 255 0 0
P 58 182 255 0 0
P 59 182 255 0 0
P 60 182 255 0 0
P 61 182 255 0 0
P 62 182 255 0 0
P 63 182 0 255 0
P 64 182 0 255 0
P 65 182 0 255 0
P 66 182 0 255 0
P 67 182 0 255 0
P 68 182 0 255 0
P 69 182 0 255 0
P 70 182 0 255 0
P 71 182 255 0 255
P 72 182 255 0 255
P 73 182 255 0 255
P 74 182 255 0 255
P 75 182 255 0 255
P 76 182 255 0 255
P 77 182 255 0 255
P 78 182 255 0 255
P 79 182 255 0 255
P 80 182 255 255 0
P 81 182 255 255 0
P 82 182 255 255 0
P 83 182 255 255 0
P 84 182 255 255 0
P 85 182 255 255 0
P 86 182 255 255 0
P 87 182 255 255 0
P 88 182 255 0 0
P 89 182 255 0 0
P 90 182 255 0 0
P 91 182 255 0 0
P 92 182 255 0 0
P 93 182 255 0 0
P 94 182 255 0 0
P 95 182 255 0 0
P 96 182 255 0 0
P 97 182 0 0 255
P 98 182 0 0 255
P 99 182 0 0 255
P 100 182 0 0 255
P 101 182 0 0 255
P 102 182 0 0 255
P 103 182 0 0 255
P 104 182 0 0 255
P 105 182 255 255 0
P 106 182 255 255 0
P 107 182 255 255 0
P 108 182 255 255 0
P 109 182 255 255 0
P 110 182 255 255 0
P 111 182 255 255 0
P 112 182 255 255 0
P 113 182 255 255 0
P 114 182 0 255 255
P 115 182 0 255 255
P 116 182 0 255 255
P 117 182 0 255 255
P 118 182 0 255 255
P 119 182 0 255 255
P 120 182 0 255 255
P 121 182 0 255 255
P 122 182 255 0 0
P 123 182 255 0 0
P 124 182 255 0 0
P 125 182 255 0 0
P 126 182 255 0 0
P 127 182 255 0 0
P 128 182 255 0 0
P 129 182 255 0 0
P 130 182 255 0 0
P 131 182 0 255 0
P 132 182 0 255 0
P 133 182 0 255 0
P 134 182 0 255 0
P 135 182 0 255 0
P 136 182 0 255 0
P 137 182 0 255 0
P 138 182 0 255 0
P 139 182 255 0 255
P 140 182 255 0 255
P 141 182 255 0 255
P 142 182 255 0 255
P 143 182 255 0 255
P 144 182 255 0 255
P 145 182 255 0 255
P 146 182 255 0 255
P 147 182 255 0 255
P 148 182 255 255 0
P 149 182 255 255 0
P 150 182 255 255 0
P 151 182 255 255 0
P 152 182 255 255 0
P 153 182 255 255 0
P 154 182 255 255 0
P 155 182 255 255 0
P 156 182 255 0 0
P 157 182 255 0 0
P 158 182 255 0 0
P 159 182 255 0 0
P 160 182 255 0 0
P 161 182 255 0 0
P 162 182 255 0 0
P 163 182 255 0 0
P 164 182 255 0 0
P 165 182 0 0 255
P 166 182 0 0 255
P 167 182 0 0 255
P 168 182 0 0 255
P 169 182 0 0 255
P 170 182 0 0 255
P 171 182 0 0 255
P 172 182 0 0 255
P 173 182 255 255 0
P 174 182 255 255 0
P 175 182 255 255 0
P 176 182 255 255 0
P 177 182 255 255 0
P 178 182 255 255 0
P 179 182 255 255 0
P 180 182 255 255 0
P 181 182 255 255 0
P 182 182 0 255 255
P 183 182 0 255 255
P 184 182 0 255 255
P 185 182 0 255 255
P 186 182 0 255 255
P 187 182 0 255 255
P 188 182 0 255 255
P 189 182 0 255 255
P 190 182 255 0 0
P 191 182 255 0 0
P 192 182 255 0 0
P 193 182 255 0 0
P 194 182 255 0 0
P 195 182 255 0 0
P 196 182 255 0 0
P 197 182 255 0 0
P 198 182 255 0 0
P 199 182 0 255 0
P 200 182 0 255 0
P 201 182 0 255 0
P 202 182 0 255 0
P 203 182 0 255 0
P 204 182 0 255 0
P 205 182 0 255 0
P 206 182 0 255 0
P 207 182 255 0 255
P 208 182 255 0 255
P 209 182 255 0 255
P 210 182 255 0 255
P 211 182 255 0 255
P 212 182 255 0 255
P 213 182 255 0 255
P 214 182 255 0 255
P 215 182 255 0 255
P 216 182 255 255 0
P 217 182 255 255 0
P 218 182 255 255 0
P 219 182 255 255 0
P 220 182 255 255 0
P 221 182 255 255 0
P 222 182 255 255 0
P 223 182 255 255 0
P 224 182 255 0 0
P 225 182 255 0 0
P 226 182 255 0 0
P 227 182 255 0 0
P 228 182 255 0 0
P 229 182 255 0 0
P 230 182 255 0 0
P 231 182 255 0 0
P 232 182 255 0 0
P 233 182 0 0 255
P 234 182 0 0 255
P 235 182 0 0 255
P 236 182 0 0 255
P 237 182 0 0 255
P 238 182 0 0 255
P 239 182 0 0 255
P 240 182 0 0 255
P 241 182 255 255 0
P 242 182 255 255 0
P 243 182 255 255 0
P 244 182 255 255 0
P 245 182 255 255 0
P 246 182 255 255 0
P 247 182 255 255 0
P 248 182 255 255 0
P 249 182 255 255 0
P 250 182 0 255 255
P 251 182 0 255 255
P 252 182 0 255 255
P 253 182 0 255 255
P 254 182 0 255 255
P 255 182 0 255 255
P 256 182 0 255 255
P 257 182 0 255 255
P 258 182 255 0 0
P 259 182 255 0 0
P 260 182 255 0 0
P 261 182 255 0 0
P 262 182 255 0 0
P 263 182 255 0 0
P 264 182 255 0 0
P 265 182 255 0 0
P 266 182 255 0 0
P 267 182 0 255 0
P 268 182 0 255 0
P 269 182 0 255 0
P 270 182 0 255 0
P 271 182 0 255 0
P 272 182 0 255 0
P 273 182 0 255 0
P 274 182 0 255 0
P 275 182 255 0 255
P 276 182 255 0 255
P 277 182 255 0 255
P 278 182 255 0 255
P 279 182 255 0 255
P 280 182 255 0 255
P 281 182 255 0 255
P 282 182 255 0 255
P 283 182 255 0 255
P 284 182 255 255 0
P 285 182 255 255 0
P 286 182 255 255 0
P 287 182 255 255 0
P 288 182 255 255 0
P 289 182 255 255 0
P 290 182 255 255 0
P 291 182 255 255 0
P 20 183 255 0 0
P 21 183 255 0 0
P 22 183 255 0 0
P 23 183 255 0 0
P 24 183 255 0 0
P 25 183 255 0 0
P 26 183 255 0 0
P 27 183 255 0 0
P 28 183 255 0 0
P 29 183 255 0 0
P 30 183 0 0 255
P 31 183 0 0 255
P 32 183 0 0 255
P 33 183 0 0 255
P 34 183 0 0 255
P 35 183 0 0 255
P 36 183 0 0 255
P 37 183 255 255 0
P 38 183 255 255 0
P 39 183 255 255 0
P 40 183 255 255 0
P 41 183 255 255 0
P 42 183 255 255 0
P 43 183 255 255 0
P 44 183 255 255 0
P 45 183 255 255 0
P 46 183 255 255 0
P 47 183 255 0 255
P 48 183 255 0 255
P 49 183 255 0 255
P 50 183 255 0 255
P 51 183 255 0 255
P 52 183 255 0 255
P 53 183 255 0 255
P 54 183 255 0 0
P 55 183 255 0 0
P 56 183 255 0 0
P 57 183 255 0 0
P 58 183 255 0 0
P 59 183 255 0 0
P 60 183 255 0 0
P 61 183 255 0 0
P 62 183 255 0 0
P 63 183 255 0 0
P 64 183 255 0 0
P 65 183 0 255 0
P 66 183 0 255 0
P 67 183 0 255 0
P 68 183 0 255 0
P 69 183 0 255 0
P 70 183 0 255 0
P 71 183 255 0 255
P 72 183 255 0 255
P 73 183 255 0 255
P 74 183 255 0 255
P 75 183 255 0 255
P 76 183 255 0 255
P 77 183 255 0 255
P 78 183 255 0 255
P 79 183 255 0 255
P 80 183 255 0 255
P 81 183 255 0 255
P 82 183 255 255 0
P 83 183 255 255 0
P 84 183 255 255 0
P 85 183 255 255 0
P 86 183 255 255 0
P 87 183 255 255 0
P 88 183 255 0 0
P 89 183 255 0 0
P 90 183 255 0 0
P 91 183 255 0 0
P 92 183 255 0 0
P 93 183 255 0 0
P 94 183 255 0 0
P 95 183 255 0 0
P 96 183 255 0 0
P 97 183 255 0 0
P 98 183 0 0 255
P 99 183 0 0 255
P 100 183 0 0 255
P 101 183 0 0 255
P 102 183 0 0 255
P 103 183 0 0 255
P 104 183 0 0 255
P 105 183 255 255 0
P 106 183 255 255 0
P 107 183 255 255 0
P 108 183 255 255 0
P 109 183 255 255 0
P 110 183 255 255 0
P 111 183 255 255 0
P 112 183 255 255 0
P 113 183 255 255 0
P 114 183 255 255 0
P 115 183 0 255 255
P 116 183 0 255 255
P 117 183 0 255 255
P 118 183 0 255 255
P 119 183 0 255 255
P 120 183 0 255 255
P 121 183 0 255 255
P 122 183 255 0 0
P 123 183 255 0 0
P 124 183 255 0 0
P 125 183 255 0 0
P 126 183 255 0 0
P 127 183 255 0 0
P 128 183 255 0 0
P 129 183 255 0 0
P 130 183 255 0 0
P 131 183 255 0 0
P 132 183 255 0 0
P 133 183 0 255 0
P 134 183 0 255 0
P 135 183 0 255 0
P 136 183 0 255 0
P 137 183 0 255 0
P 138 183 0 255 0
P 139 183 255 0 255
P 140 183 255 0 255
P 141 183 255 0 255
P 142 183 255 0 255
P 143 183 255 0 255
P 144 183 255 0 255
P 145 183 255 0 255
P 146 183 255 0 255
P 147 183 255 0 255
P 148 183 255 0 255
P 149 183 255 0 255
P 150 183 255 255 0
P 151 183 255 255 0
P 152 183 255 255 0
P 153 183 255 255 0
P 154 183 255 255 0
P 155 183 255 255 0
P 156 183 255 0 0
P 157 183 255 0 0
P 158 183 255 0 0
P 159 183 255 0 0
P 160 183 255 0 0
P 161 183 255 0 0
P 162 183 255 0 0
P 163 183 255 0 0
P 164 183 255 0 0
P 165 183 255 0 0
P 166 183 255 0 0
P 167 183 0 0 255
P 168 183 0 0 255
P 169 183 0 0 255
P 170 183 0 0 255
P 171 183 0 0 255
P 172 183 0 0 255
P 173 183 255 255 0
P 174 183 255 255 0
P 175 183 255 255 0
P 176 183 255 255 0
P 177 183 255 255 0
P 178 183 255 255 0
P 179 183 255 255 0
P 180 183 255 255 0
P 181 183 255 255 0
P 182 183 255 255 0
P 183 183 255 255 0
P 184 183 0 255 255
P 185 183 0 255 255
P 186 183 0 255 255
P 187 183 0 255 255
P 188 183 0 255 255
P 189 183 0 255 255
P 190 183 255 0 0
P 191 183 255 0 0
P 192 183 255 0 0
P 193 183 255 0 0
P 194 183 255 0 0
P 195 183 255 0 0
P 196 183 255 0 0
P 197 183 255 0 0
P 198 183 255 0 0
P 199 183 255 0 0
P 200 183 0 255 0
P 201 183 0 255 0
P 202 183 0 255 0
P 203 183 0 255 0
P 204 183 0 255 0
P 205 183 0 255 0
P 206 183 0 255 0
P 207 183 255 0 255
P 208 183 255 0 255
P 209 183 255 0 255
P 210 183 255 0 255
P 211 183 255 0 255
P 212 183 255 0 255
P 213 183 255 0 255
P 214 183 255 0 255
P 215 183 255 0 255
P 216 183 255 0 255
P 217 183 255 255 0
P 218 183 255 255 0
P 219 183 255 255 0
P 220 183 255 255 0
P 221 183 255 255 0
P 222 183 255 255 0
P 223 183 255 255 0
P 224 183 255 0 0
P 225 183 255 0 0
P 226 183 255 0 0
P 227 183 255 0 0
P 228 183 255 0 0
P 229 183 255 0 0
P 230 183 255 0 0
P 231 183 255 0 0
P 232 183 255 0 0
P 233 183 255 0 0
P 234 183 0 0 255
P 235 183 0 0 255
P 236 183 0 0 255
P 237 183 0 0 255
P 238 183 0 0 255
P 239 183 0 0 255
P 240 183 0 0 255
P 241 183 255 255 0
P 242 183 255 255 0
P 243 183 255 255 0
P 244 183 255 255 0
P 245 183 255 255 0
P 246 183 255 255 0
P 247 183 255 255 0
P 248 183 255 255 0
P 249 183 255 255 0
P 250 183 255 255 0
P 251 183 255 255 0
P 252 183 0 255 255
P 253 183 0 255 255
P 254 183 0 255 255
P 255 183 0 255 255
P 256 183 0 255 255
P 257 183 0 255 255
P 258 183 255 0 0
P 259 183 255 0 0
P 260 183 255 0 0
P 261 183 255 0 0
P 262 183 255 0 0
P 263 183 255 0 0
P 264 183 255 0 0
P 265 183 255 0 0
P 266 183 255 0 0
P 267 183 255 0 0
P 268 183 255 0 0
P 269 183 0 255 0
P 270 183 0 255 0
P 271 183 0 255 0
P 272 183 0 255 0
P 273 183 0 255 0
P 274 183 0 255 0
P 275 183 255 0 255
P 276 183 255 0 255
P 277 183 255 0 255
P 278 183 255 0 255
P 279 183 255 0 255
P 280 183 255 0 255
P 281 183 255 0 255
P 282 183 255 0 255
P 283 183 255 0 255
P 284 183 255 0 255
P 285 183 255 0 255
P 286 183 255 255 0
P 287 183 255 255 0
P 288 183 255 255 0
P 289 183 255 255 0
P 290 183 255 255 0
P 291 183 255 255 0
P 20 184 255 0 0
P 21 184 255 0 0
P 22 184 255 0 0
P 23 184 255 0 0
P 24 184 255 0 0
P 25 184 255 0 0
P 26 184 255 0 0
P 27 184 255 0 0
P 28 184 255 0 0
P 29 184 255 0 0
P 30 184 255 0 0
P 31 184 255 0 0
P 32 184 0 0 255
P 33 184 0 0 255
P 34 184 0 0 255
P 35 184 0 0 255
P 36 184 0 0 255
P 37 184 255 255 0
P 38 184 255 255 0
P 39 184 255 255 0
P 40 184 255 255 0
P 41 184 255 255 0
P 42 184 255 255 0
P 43 184 255 255 0
P 44 184 255 255 0
P 45 184 255 255 0
P 46 184 255 255 0
P 47 184 255 255 0
P 48 184 255 255 0
P 49 184 255 0 255
P 50 184 255 0 255
P 51 184 255 0 255
P 52 184 255 0 255
P 53 184 255 0 255
P 54 184 255 0 0
P 55 184 255 0 0
P 56 184 255 0 0
P 57 184 255 0 0
P 58 184 255 0 0
P 59 184 255 0 0
P 60 184 255 0 0
P 61 184 255 0 0
P 62 184 255 0 0
P 63 184 255 0 0
P 64 184 255 0 0
P 65 184 255 0 0
P 66 184 0 255 0
P 67 184 0 255 0
P 68 184 0 255 0
P 69 184 0 255 0
P 70 184 0 255 0
P 71 184 255 0 255
P 72 184 255 0 255
P 73 184 255 0 255
P 74 184 255 0 255
P 75 184 255 0 255
P 76 184 255 0 255
P 77 184 255 0 255
P 78 184 255 0 255
P 79 184 255 0 255
P 80 184 255 0 255
P 81 184 255 0 255
P 82 184 255 0 255
P 83 184 255 255 0
P 84 184 255 255 0
P 85 184 255 255 0
P 86 184 255 255 0
P 87 184 255 255 0
P 88 184 255 0 0
P 89 184 255 0 0
P 90 184 255 0 0
P 91 184 255 0 0
P 92 184 255 0 0
P 93 184 255 0 0
P 94 184 255 0 0
P 95 184 255 0 0
P 96 184 255 0 0
P 97 184 255 0 0
P 98 184 255 0 0
P 99 184 255 0 0
P 100 184 0 0 255
P 101 184 0 0 255
P 102 184 0 0 255
P 103 184 0 0 255
P 104 184 0 0 255
P 105 184 255 255 0
P 106 184 255 255 0
P 107 184 255 255 0
P 108 184 255 255 0
P 109 184 255 255 0
P 110 184 255 255 0
P 111 184 255 255 0
P 112 184 255 255 0
P 113 184 255 255 0
P 114 184 255 255 0
P 115 184 255 255 0
P 116 184 255 255 0
P 117 184 0 255 255
P 118 184 0 255 255
P 119 184 0 255 255
P 120 184 0 255 255
P 121 184 0 255 255
P 122 184 255 0 0
P 123 184 255 0 0
P 124 184 255 0 0
P 125 184 255 0 0
P 126 184 255 0 0
P 127 184 255 0 0
P 128 184 255 0 0
P 129 184 255 0 0
P 130 184 255 0 0
P 131 184 255 0 0
P 132 184 255 0 0
P 133 184 255 0 0
P 134 184 0 255 0
P 135 184 0 255 0
P 136 184 0 255 0
P 137 184 0 255 0
P 138 184 0 255 0
P 139 184 255 0 255
P 140 184 255 0 255
P 141 184 255 0 255
P 142 184 255 0 255
P 143 184 255 0 255
P 144 184 255 0 255
P 145 184 255 0 255
P 146 184 255 0 255
P 147 184 255 0 255
P 148 184 255 0 255
P 149 184 255 0 255
P 150 184 255 0 255
P 151 184 255 255 0
P 152 184 255 255 0
P 153 184 255 255 0
P 154 184 255 255 0
P 155 184 255 255 0
P 156 184 255 0 0
P 157 184 255 0 0
P 158 184 255 0 0
P 159 184 255 0 0
P 160 184 255 0 0
P 161 184 255 0 0
P 162 184 255 0 0
P 163 184 255 0 0
P 164 184 255 0 0
P 165 184 255 0 0
P 166 184 255 0 0
P 167 184 255 0 0
P 168 184 0 0 255
P 169 184 0 0 255
P 170 184 0 0 255
P 171 184 0 0 255
P 172 184 0 0 255
P 173 184 255 255 0
P 174 184 255 255 0
P 175 184 255 255 0
P 176 184 255 255 0
P 177 184 255 255 0
P 178 184 255 255 0
P 179 184 255 255 0
P 180 184 255 255 0
P 181 184 255 255 0
P 182 184 255 255 0
P 183 184 255 255 0
P 184 184 255 255 0
P 185 184 0 255 255
P 186 184 0 255 255
P 187 184 0 255 255
P 188 184 0 255 255
P 189 184 0 255 255
P 190 184 255 0 0
P 191 184 255 0 0
P 192 184 255 0 0
P 193 184 255 0 0
P 194 184 255 0 0
P 195 184 255 0 0
P 196 184 255 0 0
P 197 184 255 0 0
P 198 184 255 0 0
P 199 184 255 0 0
P 200 184 255 0 0
P 201 184 255 0 0
P 202 184 0 255 0
P 203 184 0 255 0
P 204 184 0 255 0
P 205 184 0 255 0
P 206 184 0 255 0
P 207 184 255 0 255
P 208 184 255 0 255
P 209 184 255 0 255
P 210 184 255 0 255
P 211 184 255 0 255
P 212 184 255 0 255
P 213 184 255 0 255
P 214 184 255 0 255
P 215 184 255 0 255
P 216 184 255 0 255
P 217 184 255 0 255
P 218 184 255 0 255
P 219 184 255 255 0
P 220 184 255 255 0
P 221 184 255 255 0
P 222 184 255 255 0
P 223 184 255 255 0
P 224 184 255 0 0
P 225 184 255 0 0
P 226 184 255 0 0
P 227 184 255 0 0
P 228 184 255 0 0
P 229 184 255 0 0
P 230 184 255 0 0
P 231 184 255 0 0
P 232 184 255 0 0
P 233 184 255 0 0
P 234 184 255 0 0
P 235 184 255 0 0
P 236 184 0 0 255
P 237 184 0 0 255
P 238 184 0 0 255
P 239 184 0 0 255
P 240 184 0 0 255
P 241 184 255 255 0
P 242 184 255 255 0
P 243 184 255 255 0
P 244 184 255 255 0
P 245 184 255 255 0
P 246 184 255 255 0
P 247 184 255 255 0
P 248 184 255 255 0
P 249 184 255 255 0
P 250 184 255 255 0
P 251 184 255 255 0
P 252 184 255 255 0
P 253 184 0 255 255
P 254 184 0 255 255
P 255 184 0 255 255
P 256 184 0 255 255
P 257 184 0 255 255
P 258 184 255 0 0
P 259 184 255 0 0
P 260 184 255 0 0
P 261 184 255 0 0
P 262 184 255 0 0
P 263 184 255 0 0
P 264 184 255 0 0
P 265 184 255 0 0
P 266 184 255 0 0
P 267 184 255 0 0
P 268 184 255 0 0
P 269 184 255 0 0
P 270 184 0 255 0
P 271 184 0 255 0
P 272 184 0 255 0
P 273 184 0 255 0
P 274 184 0 255 0
P 275 184 255 0 255
P 276 184 255 0 255
P 277 184 255 0 255
P 278 184 255 0 255
P 279 184 255 0 255
P 280 184 255 0 255
P 281 184 255 0 255
P 282 184 255 0 255
P 283 184 255 0 255
P 284 184 255 0 255
P 285 184 255 0 255
P 286 184 255 0 255
P 287 184 255 255 0
P 288 184 255 255 0
P 289 184 255 255 0
P 290 184 255 255 0
P 291 184 255 255 0
P 20 185 255 0 0
P 21 185 255 0 0
P 22 185 255 0 0
P 23 185 255 0 0
P 24 185 255 0 0
P 25 185 255 0 0
P 26 185 255 0 0
P 27 185 255 0 0
P 28 185 255 0 0
P 29 185 255 0 0
P 30 185 255 0 0
P 31 185 255 0 0
P 32 185 255 0 0
P 33 185 0 0 255
P 34 185 0 0 255
P 35 185 0 0 255
P 36 185 0 0 255
P 37 185 255 255 0
P 38 185 255 255 0
P 39 185 255 255 0
P 40 185 255 255 0
P 41 185 255 255 0
P 42 185 255 255 0
P 43 185 255 255 0
P 44 185 255 255 0
P 45 185 255 255 0
P 46 185 255 255 0
P 47 185 255 255 0
P 48 185 255 255 0
P 49 185 255 255 0
P 50 185 255 0 255
P 51 185 255 0 255
P 52 185 255 0 255
P 53 185 255 0 255
P 54 185 255 0 0
P 55 185 255 0 0
P 56 185 255 0 0
P 57 185 255 0 0
P 58 185 255 0 0
P 59 185 255 0 0
P 60 185 255 0 0
P 61 185 255 0 0
P 62 185 255 0 0
P 63 185 255 0 0
P 64 185 255 0 0
P 65 185 255 0 0
P 66 185 255 0 0
P 67 185 255 0 0
P 68 185 0 255 0
P 69 185 0 255 0
P 70 185 0 255 0
P 71 185 255 0 255
P 72 185 255 0 255
P 73 185 255 0 255
P 74 185 255 0 255
P 75 185 255 0 255
P 76 185 255 0 255
P 77 185 255 0 255
P 78 185 255 0 255
P 79 185 255 0 255
P 80 185 255 0 255
P 81 185 255 0 255
P 82 185 255 0 255
P 83 185 255 0 255
P 84 185 255 255 0
P 85 185 255 255 0
P 86 185 255 255 0
P 87 185 255 255 0
P 88 185 255 0 0
P 89 185 255 0 0
P 90 185 255 0 0
P 91 185 255 0 0
P 92 185 255 0 0
P 93 185 255 0 0
P 94 185 255 0 0
P 95 185 255 0 0
P 96 185 255 0 0
P 97 185 255 0 0
P 98 185 255 0 0
P 99 185 255 0 0
P 100 185 255 0 0
P 101 185 0 0 255
P 102 185 0 0 255
P 103 185 0 0 255
P 104 185 0 0 255
P 105 185 255 255 0
P 106 185 255 255 0
P 107 185 255 255 0
P 108 185 255 255 0
P 109 185 255 255 0
P 110 185 255 255 0
P 111 185 255 255 0
P 112 185 255 255 0
P 113 185 255 255 0
P 114 185 255 255 0
P 115 185 255 255 0
P 116 185 255 255 0
P 117 185 255 255 0
P 118 185 0 255 255
P 119 185 0 255 255
P 120 185 0 255 255
P 121 185 0 255 255
P 122 185 255 0 0
P 123 185 255 0 0
P 124 185 255 0 0
P 125 185 255 0 0
P 126 185 255 0 0
P 127 185 255 0 0
P 128 185 255 0 0
P 129 185 255 0 0
P 130 185 255 0 0
P 131 185 255 0 0
P 132 185 255 0 0
P 133 185 255 0 0
P 134 185 255 0 0
P 135 185 0 255 0
P 136 185 0 255 0
P 137 185 0 255 0
P 138 185 0 255 0
P 139 185 255 0 255
P 140 185 255 0 255
P 141 185 255 0 255
P 142 185 255 0 255
P 143 185 255 0 255
P 144 185 255 0 255
P 145 185 255 0 255
P 146 185 255 0 255
P 147 185 255 0 255
P 148 185 255 0 255
P 149 185 255 0 255
P 150 185 255 0 255
P 151 185 255 0 255
P 152 185 255 255 0
P 153 185 255 255 0
P 154 185 255 255 0
P 155 185 255 255 0
P 156 185 255 0 0
P 157 185 255 0 0
P 158 185 255 0 0
P 159 185 255 0 0
P 160 185 255 0 0
P 161 185 255 0 0
P 162 185 255 0 0
P 163 185 255 0 0
P 164 185 255 0 0
P 165 185 255 0 0
P 166 185 255 0 0
P 167 185 255 0 0
P 168 185 255 0 0
P 169 185 0 0 255
P 170 185 0 0 255
P 171 185 0 0 255
P 172 185 0 0 255
P 173 185 255 255 0
P 174 185 255 255 0
P 175 185 255 255 0
P 176 185 255 255 0
P 177 185 255 255 0
P 178 185 255 255 0
P 179 185 255 255 0
P 180 185 255 255 0
P 181 185 255 255 0
P 182 185 255 255 0
P 183 185 255 255 0
P 184 185 255 255 0
P 185 185 255 255 0
P 186 185 0 255 255
P 187 185 0 255 255
P 188 185 0 255 255
P 189 185 0 255 255
P 190 185 255 0 0
P 191 185 255 0 0
P 192 185 255 0 0
P 193 185 255 0 0
P 194 185 255 0 0
P 195 185 255 0 0
P 196 185 255 0 0
P 197 185 255 0 0
P 198 185 255 0 0
P 199 185 255 0 0
P 200 185 255 0 0
P 201 185 255 0 0
P 202 185 255 0 0
P 203 185 0 255 0
P 204 185 0 255 0
P 205 185 0 255 0
P 206 185 0 255 0
P 207 185 255 0 255
P 208 185 255 0 255
P 209 185 255 0 255
P 210 185 255 0 255
P 211 185 255 0 255
P 212 185 255 0 255
P 213 185 255 0 255
P 214 185 255 0 255
P 215 185 255 0 255
P 216 185 255 0 255
P 217 185 255 0 255
P 218 185 255 0 255
P 219 185 255 0 255
P 220 185 255 255 0
P 221 185 255 255 0
P 222 185 255 255 0
P 223 185 255 255 0
P 224 185 255 0 0
P 225 185 255 0 0
P 226 185 255 0 0
P 227 185 255 0 0
P 228 185 255 0 0
P 229 185 255 0 0
P 230 185 255 0 0
P 231 185 255 0 0
P 232 185 255 0 0
P 233 185 255 0 0
P 234 185 255 0 0
P 235 185 255 0 0
P 236 185 255 0 0
P 237 185 0 0 255
P 238 185 0 0 255
P 239 185 0 0 255
P 240 185 0 0 255
P 241 185 255 255 0
P 242 185 255 255 0
P 243 185 255 255 0
P 244 185 255 255 0
P 245 185 255 255 0
P 246 185 255 255 0
P 247 185 255 255 0
P 248 185 255 255 0
P 249 185 255 255 0
P 250 185 255 255 0
P 251 185 255 255 0
P 252 185 255 255 0
P 253 185 255 255 0
P 254 185 0 255 255
P 255 185 0 255 255
P 256 185 0 255 255
P 257 185 0 255 255
P 258 185 255 0 0
P 259 185 255 0 0
P 260 185 255 0 0
P 261 185 255 0 0
P 262 185 255 0 0
P 263 185 255 0 0
P 264 185 255 0 0
P 265 185 255 0 0
P 266 185 255 0 0
P 267 185 255 0 0
P 268 185 255 0 0
P 269 185 255 0 0
P 270 185 255 0 0
P 271 185 0 255 0
P 272 185 0 255 0
P 273 185 0 255 0
P 274 185 0 255 0
P 275 185 255 0 255
P 276 185 255 0 255
P 277 185 255 0 255
P 278 185 255 0 255
P 279 185 255 0 255
P 280 185 255 0 255
P 281 185 255 0 255
P 282 185 255 0 255
P 283 185 255 0 255
P 284 185 255 0 255
P 285 185 255 0 255
P 286 185 255 0 255
P 287 185 255 0 255
P 288 185 255 0 255
P 289 185 255 255 0
P 290 185 255 255 0
P 291 185 255 255 0
P 20 186 255 0 0
P 21 186 255 0 0
P 22 186 255 0 0
P 23 186 255 0 0
P 24 186 255 0 0
P 25 186 255 0 0
P 26 186 255 0 0
P 27 186 255 0 0
P 28 186 255 0 0
P 29 186 255 0 0
P 30 186 255 0 0
P 31 186 255 0 0
P 32 186 255 0 0
P 33 186 255 0 0
P 34 186 255 0 0
P 35 186 0 0 255
P 36 186 0 0 255
P 37 186 255 255 0
P 38 186 255 255 0
P 39 186 255 255 0
P 40 186 255 255 0
P 41 186 255 255 0
P 42 186 255 255 0
P 43 186 255 255 0
P 44 186 255 255 0
P 45 186 255 255 0
P 46 186 255 255 0
P 47 186 255 255 0
P 48 186 255 255 0
P 49 186 255 255 0
P 50 186 255 255 0
P 51 186 255 255 0
P 52 186 255 0 255
P 53 186 255 0 255
P 54 186 255 0 0
P 55 186 255 0 0
P 56 186 255 0 0
P 57 186 255 0 0
P 58 186 255 0 0
P 59 186 255 0 0
P 60 186 255 0 0
P 61 186 255 0 0
P 62 186 255 0 0
P 63 186 255 0 0
P 64 186 255 0 0
P 65 186 255 0 0
P 66 186 255 0 0
P 67 186 255 0 0
P 68 186 255 0 0
P 69 186 0 255 0
P 70 186 0 255 0
P 71 186 255 0 255
P 72 186 255 0 255
P 73 186 255 0 255
P 74 186 255 0 255
P 75 186 255 0 255
P 76 186 255 0 255
P 77 186 255 0 255
P 78 186 255 0 255
P 79 186 255 0 255
P 80 186 255 0 255
P 81 186 255 0 255
P 82 186 255 0 255
P 83 186 255 0 255
P 84 186 255 0 255
P 85 186 255 0 255
P 86 186 255 255 0
P 87 186 255 255 0
P 88 186 255 0 0
P 89 186 255 0 0
P 90 186 255 0 0
P 91 186 255 0 0
P 92 186 255 0 0
P 93 186 255 0 0
P 94 186 255 0 0
P 95 186 255 0 0
P 96 186 255 0 0
P 97 186 255 0 0
P 98 186 255 0 0
P 99 186 255 0 0
P 100 186 255 0 0
P 101 186 255 0 0
P 102 186 255 0 0
P 103 186 0 0 255
P 104 186 0 0 255
P 105 186 255 255 0
P 106 186 255 255 0
P 107 186 255 255 0
P 108 186 255 255 0
P 109 186 255 255 0
P 110 186 255 255 0
P 111 186 255 255 0
P 112 186 255 255 0
P 113 186 255 255 0
P 114 186 255 255 0
P 115 186 255 255 0
P 116 186 255 255 0
P 117 186 255 255 0
P 118 186 255 255 0
P 119 186 0 255 255
P 120 186 0 255 255
P 121 186 0 255 255
P 122 186 255 0 0
P 123 186 255 0 0
P 124 186 255 0 0
P 125 186 255 0 0
P 126 186 255 0 0
P 127 186 255 0 0
P 128 186 255 0 0
P 129 186 255 0 0
P 130 186 255 0 0
P 131 186 255 0 0
P 132 186 255 0 0
P 133 186 255 0 0
P 134 186 255 0 0
P 135 186 255 0 0
P 136 186 255 0 0
P 137 186 0 255 0
P 138 186 0 255 0
P 139 186 255 0 255
P 140 186 255 0 255
P 141 186 255 0 255
P 142 186 255 0 255
P 143 186 255 0 255
P 144 186 255 0 255
P 145 186 255 0 255
P 146 186 255 0 255
P 147 186 255 0 255
P 148 186 255 0 255
P 149 186 255 0 255
P 150 186 255 0 255
P 151 186 255 0 255
P 152 186 255 0 255
P 153 186 255 0 255
P 154 186 255 255 0
P 155 186 255 255 0
P 156 186 255 0 0
P 157 186 255 0 0
P 158 186 255 0 0
P 159 186 255 0 0
P 160 186 255 0 0
P 161 186 255 0 0
P 162 186 255 0 0
P 163 186 255 0 0
P 164 186 255 0 0
P 165 186 255 0 0
P 166 186 255 0 0
P 167 186 255 0 0
P 168 186 255 0 0
P 169 186 255 0 0
P 170 186 255 0 0
P 171 186 0 0 255
P 172 186 0 0 255
P 173 186 255 255 0
P 174 186 255 255 0
P 175 186 255 255 0
P 176 186 255 255 0
P 177 186 255 255 0
P 178 186 255 255 0
P 179 186 255 255 0
P 180 186 255 255 0
P 181 186 255 255 0
P 182 186 255 255 0
P 183 186 255 255 0
P 184 186 255 255 0
P 185 186 255 255 0
P 186 186 255 255 0
P 187 186 255 255 0
P 188 186 0 255 255
P 189 186 0 255 255
P 190 186 255 0 0
P 191 186 255 0 0
P 192 186 255 0 0
P 193 186 255 0 0
P 194 186 255 0 0
P 195 186 255 0 0
P 196 186 255 0 0
P 197 186 255 0 0
P 198 186 255 0 0
P 199 186 255 0 0
P 200 186 255 0 0
P 201 186 255 0 0
P 202 186 255 0 0
P 203 186 255 0 0
P 204 186 255 0 0
P 205 186 0 255 0
P 206 186 0 255 0
P 207 186 255 0 255
P 208 186 255 0 255
P 209 186 255 0 255
P 210 186 255 0 255
P 211 186 255 0 255
P 212 186 255 0 255
P 213 186 255 0 255
P 214 186 255 0 255
P 215 186 255 0 255
P 216 186 255 0 255
P 217 186 255 0 255
P 218 186 255 0 255
P 219 186 255 0 255
P 220 186 255 0 255
P 221 186 255 0 255
P 222 186 255 255 0
P 223 186 255 255 0
P 224 186 255 0 0
P 225 186 255 0 0
P 226 186 255 0 0
P 227 186 255 0 0
P 228 186 255 0 0
P 229 186 255 0 0
P 230 186 255 0 0
P 231 186 255 0 0
P 232 186 255 0 0
P 233 186 255 0 0
P 234 186 255 0 0
P 235 186 255 0 0
P 236 186 255 0 0
P 237 186 255 0 0
P 238 186 255 0 0
P 239 186 0 0 255
P 240 186 0 0 255
P 241 186 255 255 0
P 242 186 255 255 0
P 243 186 255 255 0
P 244 186 255 255 0
P 245 186 255 255 0
P 246 186 255 255 0
P 247 186 255 255 0
P 248 186 255 255 0
P 249 186 255 255 0
P 250 186 255 255 0
P 251 186 255 255 0
P 252 186 255 255 0
P 253 186 255 255 0
P 254 186 255 255 0
P 255 186 255 255 0
P 256 186 0 255 255
P 257 186 0 255 255
P 258 186 255 0 0
P 259 186 255 0 0
P 260 186 255 0 0
P 261 186 255 0 0
P 262 186 255 0 0
P 263 186 255 0 0
P 264 186 255 0 0
P 265 186 255 0 0
P 266 186 255 0 0
P 267 186 255 0 0
P 268 186 255 0 0
P 269 186 255 0 0
P 270 186 255 0 0
P 271 186 255 0 0
P 272 186 255 0 0
P 273 186 0 255 0
P 274 186 0 255 0
P 275 186 255 0 255
P 276 186 255 0 255
P 277 186 255 0 255
P 278 186 255 0 255
P 279 186 255 0 255
P 280 186 255 0 255
P 281 186 255 0 255
P 282 186 255 0 255
P 283 186 255 0 255
P 284 186 255 0 255
P 285 186 255 0 255
P 286 186 255 0 255
P 287 186 255 0 255
P 288 186 255 0 255
P 289 186 255 0 255
P 290 186 255 255 0
P 291 186 255 255 0
P 20 187 255 0 0
P 21 187 255 0 0
P 22 187 255 0 0
P 23 187 255 0 0
P 24 187 255 0 0
P 25 187 255 0 0
P 26 187 255 0 0
P 27 187 255 0 0
P 28 187 255 0 0
P 29 187 255 0 0
P 30 187 255 0 0
P 31 187 255 0 0
P 32 187 255 0 0
P 33 187 255 0 0
P 34 187 255 0 0
P 35 187 255 0 0
P 36 187 0 0 255
P 37 187 255 255 0
P 38 187 255 255 0
P 39 187 255 255 0
P 40 187 255 255 0
P 41 187 255 255 0
P 42 187 255 255 0
P 43 187 255 255 0
P 44 187 255 255 0
P 45 187 255 255 0
P 46 187 255 255 0
P 47 187 255 255 0
P 48 187 255 255 0
P 49 187 255 255 0
P 50 187 255 255 0
P 51 187 255 255 0
P 52 187 255 255 0
P 53 187 255 0 255
P 54 187 255 0 0
P 55 187 255 0 0
P 56 187 255 0 0
P 57 187 255 0 0
P 58 187 255 0 0
P 59 187 255 0 0
P 60 187 255 0 0
P 61 187 255 0 0
P 62 187 255 0 0
P 63 187 255 0 0
P 64 187 255 0 0
P 65 187 255 0 0
P 66 187 255 0 0
P 67 187 255 0 0
P 68 187 255 0 0
P 69 187 255 0 0
P 70 187 0 255 0
P 71 187 255 0 255
P 72 187 255 0 255
P 73 187 255 0 255
P 74 187 255 0 255
P 75 187 255 0 255
P 76 187 255 0 255
P 77 187 255 0 255
P 78 187 255 0 255
P 79 187 255 0 255
P 80 187 255 0 255
P 81 187 255 0 255
P 82 187 255 0 255
P 83 187 255 0 255
P 84 187 255 0 255
P 85 187 255 0 255
P 86 187 255 0 255
P 87 187 255 255 0
P 88 187 255 0 0
P 89 187 255 0 0
P 90 187 255 0 0
P 91 187 255 0 0
P 92 187 255 0 0
P 93 187 255 0 0
P 94 187 255 0 0
P 95 187 255 0 0
P 96 187 255 0 0
P 97 187 255 0 0
P 98 187 255 0 0
P 99 187 255 0 0
P 100 187 255 0 0
P 101 187 255 0 0
P 102 187 255 0 0
P 103 187 255 0 0
P 104 187 0 0 255
P 105 187 255 255 0
P 106 187 255 255 0
P 107 187 255 255 0
P 108 187 255 255 0
P 109 187 255 255 0
P 110 187 255 255 0
P 111 187 255 255 0
P 112 187 255 255 0
P 113 187 255 255 0
P 114 187 255 255 0
P 115 187 255 255 0
P 116 187 255 255 0
P 117 187 255 255 0
P 118 187 255 255 0
P 119 187 255 255 0
P 120 187 255 255 0
P 121 187 0 255 255
P 122 187 255 0 0
P 123 187 255 0 0
P 124 187 255 0 0
P 125 187 255 0 0
P 126 187 255 0 0
P 127 187 255 0 0
P 128 187 255 0 0
P 129 187 255 0 0
P 130 187 255 0 0
P 131 187 255 0 0
P 132 187 255 0 0
P 133 187 255 0 0
P 134 187 255 0 0
P 135 187 255 0 0
P 136 187 255 0 0
P 137 187 255 0 0
P 138 187 0 255 0
P 139 187 255 0 255
P 140 187 255 0 255
P 141 187 255 0 255
P 142 187 255 0 255
P 143 187 255 0 255
P 144 187 255 0 255
P 145 187 255 0 255
P 146 187 255 0 255
P 147 187 255 0 255
P 148 187 255 0 255
P 149 187 255 0 255
P 150 187 255 0 255
P 151 187 255 0 255
P 152 187 255 0 255
P 153 187 255 0 255
P 154 187 255 0 255
P 155 187 255 255 0
P 156 187 255 0 0
P 157 187 255 0 0
P 158 187 255 0 0
P 159 187 255 0 0
P 160 187 255 0 0
P 161 187 255 0 0
P 162 187 255 0 0
P 163 187 255 0 0
P 164 187 255 0 0
P 165 187 255 0 0
P 166 187 255 0 0
P 167 187 255 0 0
P 168 187 255 0 0
P 169 187 255 0 0
P 170 187 255 0 0
P 171 187 255 0 0
P 172 187 0 0 255
P 173 187 255 255 0
P 174 187 255 255 0
P 175 187 255 255 0
P 176 187 255 255 0
P 177 187 255 255 0
P 178 187 255 255 0
P 179 187 255 255 0
P 180 187 255 255 0
P 181 187 255 255 0
P 182 187 255 255 0
P 183 187 255 255 0
P 184 187 255 255 0
P 185 187 255 255 0
P 186 187 255 255 0
P 187 187 255 255 0
P 188 187 255 255 0
P 189 187 0 255 255
P 190 187 255 0 0
P 191 187 255 0 0
P 192 187 255 0 0
P 193 187 255 0 0
P 194 187 255 0 0
P 195 187 255 0 0
P 196 187 255 0 0
P 197 187 255 0 0
P 198 187 255 0 0
P 199 187 255 0 0
P 200 187 255 0 0
P 201 187 255 0 0
P 202 187 255 0 0
P 203 187 255 0 0
P 204 187 255 0 0
P 205 187 255 0 0
P 206 187 0 255 0
P 207 187 255 0 255
P 208 187 255 0 255
P 209 187 255 0 255
P 210 187 255 0 255
P 211 187 255 0 255
P 212 187 255 0 255
P 213 187 255 0 255
P 214 187 255 0 255
P 215 187 255 0 255
P 216 187 255 0 255
P 217 187 255 0 255
P 218 187 255 0 255
P 219 187 255 0 255
P 220 187 255 0 255
P 221 187 255 0 255
P 222 187 255 0 255
P 223 187 255 255 0
P 224 187 255 0 0
P 225 187 255 0 0
P 226 187 255 0 0
P 227 187 255 0 0
P 228 187 255 0 0
P 229 187 255 0 0
P 230 187 255 0 0
P 231 187 255 0 0
P 232 187 255 0 0
P 233 187 255 0 0
P 234 187 255 0 0
P 235 187 255 0 0
P 236 187 255 0 0
P 237 187 255 0 0
P 238 187 255 0 0
P 239 187 255 0 0
P 240 187 0 0 255
P 241 187 255 255 0
P 242 187 255 255 0
P 243 187 255 255 0
P 244 187 255 255 0
P 245 187 255 255 0
P 246 187 255 255 0
P 247 187 255 255 0
P 248 187 255 255 0
P 249 187 255 255 0
P 250 187 255 255 0
P 251 187 255 255 0
P 252 187 255 255 0
P 253 187 255 255 0
P 254 187 255 255 0
P 255 187 255 255 0
P 256 187 255 255 0
P 257 187 0 255 255
P 258 187 255 0 0
P 259 187 255 0 0
P 260 187 255 0 0
P 261 187 255 0 0
P 262 187 255 0 0
P 263 187 255 0 0
P 264 187 255 0 0
P 265 187 255 0 0
P 266 187 255 0 0
P 267 187 255 0 0
P 268 187 255 0 0
P 269 187 255 0 0
P 270 187 255 0 0
P 271 187 255 0 0
P 272 187 255 0 0
P 273 187 255 0 0
P 274 187 0 255 0
P 275 187 255 0 255
P 276 187 255 0 255
P 277 187 255 0 255
P 278 187 255 0 255
P 279 187 255 0 255
P 280 187 255 0 255
P 281 187 255 0 255
P 282 187 255 0 255
P 283 187 255 0 255
P 284 187 255 0 255
P 285 187 255 0 255
P 286 187 255 0 255
P 287 187 255 0 255
P 288 187 255 0 255
P 289 187 255 0 255
P 290 187 255 0 255
P 291 187 255 0 255
P 20 188 0 0 255
P 21 188 0 255 0
P 22 188 0 255 0
P 23 188 0 255 0
P 24 188 0 255 0
P 25 188 0 255 0
P 26 188 0 255 0
P 27 188 0 255 0
P 28 188 0 255 0
P 29 188 0 255 0
P 30 188 0 255 0
P 31 188 0 255 0
P 32 188 0 255 0
P 33 188 0 255 0
P 34 188 0 255 0
P 35 188 0 255 0
P 36 188 0 255 0
P 37 188 0 255 255
P 38 188 0 255 255
P 39 188 0 255 255
P 40 188 0 255 255
P 41 188 0 255 255
P 42 188 0 255 255
P 43 188 0 255 255
P 44 188 0 255 255
P 45 188 0 255 255
P 46 188 0 255 255
P 47 188 0 255 255
P 48 188 0 255 255
P 49 188 0 255 255
P 50 188 0 255 255
P 51 188 0 255 255
P 52 188 0 255 255
P 53 188 0 255 255
P 54 188 0 0 255
P 55 188 0 0 255
P 56 188 0 0 255
P 57 188 0 0 255
P 58 188 0 0 255
P 59 188 0 0 255
P 60 188 0 0 255
P 61 188 0 0 255
P 62 188 0 0 255
P 63 188 0 0 255
P 64 188 0 0 255
P 65 188 0 0 255
P 66 188 0 0 255
P 67 188 0 0 255
P 68 188 0 0 255
P 69 188 0 0 255
P 70 188 0 0 255
P 71 188 255 255 0
P 72 188 0 255 255
P 73 188 0 255 255
P 74 188 0 255 255
P 75 188 0 255 255
P 76 188 0 255 255
P 77 188 0 255 255
P 78 188 0 255 255
P 79 188 0 255 255
P 80 188 0 255 255
P 81 188 0 255 255
P 82 188 0 255 255
P 83 188 0 255 255
P 84 188 0 255 255
P 85 188 0 255 255
P 86 188 0 255 255
P 87 188 0 255 255
P 88 188 0 0 255
P 89 188 0 255 0
P 90 188 0 255 0
P 91 188 0 255 0
P 92 188 0 255 0
P 93 188 0 255 0
P 94 188 0 255 0
P 95 188 0 255 0
P 96 188 0 255 0
P 97 188 0 255 0
P 98 188 0 255 0
P 99 188 0 255 0
P 100 188 0 255 0
P 101 188 0 255 0
P 102 188 0 255 0
P 103 188 0 255 0
P 104 188 0 255 0
P 105 188 0 255 255
P 106 188 255 0 255
P 107 188 255 0 255
P 108 188 255 0 255
P 109 188 255 0 255
P 110 188 255 0 255
P 111 188 255 0 255
P 112 188 255 0 255
P 113 188 255 0 255
P 114 188 255 0 255
P 115 188 255 0 255
P 116 188 255 0 255
P 117 188 255 0 255
P 118 188 255 0 255
P 119 188 255 0 255
P 120 188 255 0 255
P 121 188 255 0 255
P 122 188 0 0 255
P 123 188 0 0 255
P 124 188 0 0 255
P 125 188 0 0 255
P 126 188 0 0 255
P 127 188 0 0 255
P 128 188 0 0 255
P 129 188 0 0 255
P 130 188 0 0 255
P 131 188 0 0 255
P 132 188 0 0 255
P 133 188 0 0 255
P 134 188 0 0 255
P 135 188 0 0 255
P 136 188 0 0 255
P 137 188 0 0 255
P 138 188 0 0 255
P 139 188 255 255 0
P 140 188 0 255 255
P 141 188 0 255 255
P 142 188 0 255 255
P 143 188 0 255 255
P 144 188 0 255 255
P 145 188 0 255 255
P 146 188 0 255 255
P 147 188 0 255 255
P 148 188 0 255 255
P 149 188 0 255 255
P 150 188 0 255 255
P 151 188 0 255 255
P 152 188 0 255 255
P 153 188 0 255 255
P 154 188 0 255 255
P 155 188 0 255 255
P 156 188 0 0 255
P 157 188 0 255 0
P 158 188 0 255 0
P 159 188 0 255 0
P 160 188 0 255 0
P 161 188 0 255 0
P 162 188 0 255 0
P 163 188 0 255 0
P 164 188 0 255 0
P 165 188 0 255 0
P 166 188 0 255 0
P 167 188 0 255 0
P 168 188 0 255 0
P 169 188 0 255 0
P 170 188 0 255 0
P 171 188 0 255 0
P 172 188 0 255 0
P 173 188 0 255 255
P 174 188 255 0 255
P 175 188 255 0 255
P 176 188 255 0 255
P 177 188 255 0 255
P 178 188 255 0 255
P 179 188 255 0 255
P 180 188 255 0 255
P 181 188 255 0 255
P 182 188 255 0 255
P 183 188 255 0 255
P 184 188 255 0 255
P 185 188 255 0 255
P 186 188 255 0 255
P 187 188 255 0 255
P 188 188 255 0 255
P 189 188 255 0 255
P 190 188 0 255 0
P 191 188 0 0 255
P 192 188 0 0 255
P 193 188 0 0 255
P 194 188 0 0 255
P 195 188 0 0 255
P 196 188 0 0 255
P 197 188 0 0 255
P 198 188 0 0 255
P 199 188 0 0 255
P 200 188 0 0 255
P 201 188 0 0 255
P 202 188 0 0 255
P 203 188 0 0 255
P 204 188 0 0 255
P 205 188 0 0 255
P 206 188 0 0 255
P 207 188 0 255 255
P 208 188 0 255 255
P 209 188 0 255 255
P 210 188 0 255 255
P 211 188 0 255 255
P 212 188 0 255 255
P 213 188 0 255 255
P 214 188 0 255 255
P 215 188 0 255 255
P 216 188 0 255 255
P 217 188 0 255 255
P 218 188 0 255 255
P 219 188 0 255 255
P 220 188 0 255 255
P 221 188 0 255 255
P 222 188 0 255 255
P 223 188 0 255 255
P 224 188 0 0 255
P 225 188 0 255 0
P 226 188 0 255 0
P 227 188 0 255 0
P 228 188 0 255 0
P 229 188 0 255 0
P 230 188 0 255 0
P 231 188 0 255 0
P 232 188 0 255 0
P 233 188 0 255 0
P 234 188 0 255 0
P 235 188 0 255 0
P 236 188 0 255 0
P 237 188 0 255 0
P 238 188 0 255 0
P 239 188 0 255 0
P 240 188 0 255 0
P 241 188 0 255 255
P 242 188 255 0 255
P 243 188 255 0 255
P 244 188 255 0 255
P 245 188 255 0 255
P 246 188 255 0 255
P 247 188 255 0 255
P 248 188 255 0 255
P 249 188 255 0 255
P 250 188 255 0 255
P 251 188 255 0 255
P 252 188 255 0 255
P 253 188 255 0 255
P 254 188 255 0 255
P 255 188 255 0 255
P 256 188 255 0 255
P 257 188 255 0 255
P 258 188 0 0 255
P 259 188 0 0 255
P 260 188 0 0 255
P 261 188 0 0 255
P 262 188 0 0 255
P 263 188 0 0 255
P 264 188 0 0 255
P 265 188 0 0 255
P 266 188 0 0 255
P 267 188 0 0 255
P 268 188 0 0 255
P 269 188 0 0 255
P 270 188 0 0 255
P 271 188 0 0 255
P 272 188 0 0 255
P 273 188 0 0 255
P 274 188 0 0 255
P 275 188 0 255 255
P 276 188 0 255 255
P 277 188 0 255 255
P 278 188 0 255 255
P 279 188 0 255 255
P 280 188 0 255 255
P 281 188 0 255 255
P 282 188 0 255 255
P 283 188 0 255 255
P 284 188 0 255 255
P 285 188 0 255 255
P 286 188 0 255 255
P 287 188 0 255 255
P 288 188 0 255 255
P 289 188 0 255 255
P 290 188 0 255 255
P 291 188 0 255 255
P 20 189 0 0 255
P 21 189 0 0 255
P 22 189 0 255 0
P 23 189 0 255 0
P 24 189 0 255 0
P 25 189 0 255 0
P 26 189 0 255 0
P 27 189 0 255 0
P 28 189 0 255 0
P 29 189 0 255 0
P 30 189 0 255 0
P 31 189 0 255 0
P 32 189 0 255 0
P 33 189 0 255 0
P 34 189 0 255 0
P 35 189 0 255 0
P 36 189 0 255 0
P 37 189 255 0 255
P 38 189 255 0 255
P 39 189 0 255 255
P 40 189 0 255 255
P 41 189 0 255 255
P 42 189 0 255 255
P 43 189 0 255 255
P 44 189 0 255 255
P 45 189 0 255 255
P 46 189 0 255 255
P 47 189 0 255 255
P 48 189 0 255 255
P 49 189 0 255 255
P 50 189 0 255 255
P 51 189 0 255 255
P 52 189 0 255 255
P 53 189 0 255 255
P 54 189 0 255 0
P 55 189 0 255 0
P 56 189 0 0 255
P 57 189 0 0 255
P 58 189 0 0 255
P 59 189 0 0 255
P 60 189 0 0 255
P 61 189 0 0 255
P 62 189 0 0 255
P 63 189 0 0 255
P 64 189 0 0 255
P 65 189 0 0 255
P 66 189 0 0 255
P 67 189 0 0 255
P 68 189 0 0 255
P 69 189 0 0 255
P 70 189 0 0 255
P 71 189 255 255 0
P 72 189 255 255 0
P 73 189 0 255 255
P 74 189 0 255 255
P 75 189 0 255 255
P 76 189 0 255 255
P 77 189 0 255 255
P 78 189 0 255 255
P 79 189 0 255 255
P 80 189 0 255 255
P 81 189 0 255 255
P 82 189 0 255 255
P 83 189 0 255 255
P 84 189 0 255 255
P 85 189 0 255 255
P 86 189 0 255 255
P 87 189 0 255 255
P 88 189 0 0 255
P 89 189 0 0 255
P 90 189 0 255 0
P 91 189 0 255 0
P 92 189 0 255 0
P 93 189 0 255 0
P 94 189 0 255 0
P 95 189 0 255 0
P 96 189 0 255 0
P 97 189 0 255 0
P 98 189 0 255 0
P 99 189 0 255 0
P 100 189 0 255 0
P 101 189 0 255 0
P 102 189 0 255 0
P 103 189 0 255 0
P 104 189 0 255 0
P 105 189 0 255 255
P 106 189 0 255 255
P 107 189 255 0 255
P 108 189 255 0 255
P 109 189 255 0 255
P 110 189 255 0 255
P 111 189 255 0 255
P 112 189 255 0 255
P 113 189 255 0 255
P 114 189 255 0 255
P 115 189 255 0 255
P 116 189 255 0 255
P 117 189 255 0 255
P 118 189 255 0 255
P 119 189 255 0 255
P 120 189 255 0 255
P 121 189 255 0 255
P 122 189 0 255 0
P 123 189 0 255 0
P 124 189 0 0 255
P 125 189 0 0 255
P 126 189 0 0 255
P 127 189 0 0 255
P 128 189 0 0 255
P 129 189 0 0 255
P 130 189 0 0 255
P 131 189 0 0 255
P 132 189 0 0 255
P 133 189 0 0 255
P 134 189 0 0 255
P 135 189 0 0 255
P 136 189 0 0 255
P 137 189 0 0 255
P 138 189 0 0 255
P 139 189 255 255 0
P 140 189 255 255 0
P 141 189 0 255 255
P 142 189 0 255 255
P 143 189 0 255 255
P 144 189 0 255 255
P 145 189 0 255 255
P 146 189 0 255 255
P 147 189 0 255 255
P 148 189 0 255 255
P 149 189 0 255 255
P 150 189 0 255 255
P 151 189 0 255 255
P 152 189 0 255 255
P 153 189 0 255 255
P 154 189 0 255 255
P 155 189 0 255 255
P 156 189 0 0 255
P 157 189 0 0 255
P 158 189 0 255 0
P 159 189 0 255 0
P 160 189 0 255 0
P 161 189 0 255 0
P 162 189 0 255 0
P 163 189 0 255 0
P 164 189 0 255 0
P 165 189 0 255 0
P 166 189 0 255 0
P 167 189 0 255 0
P 168 189 0 255 0
P 169 189 0 255 0
P 170 189 0 255 0
P 171 189 0 255 0
P 172 189 0 255 0
P 173 189 0 255 255
P 174 189 0 255 255
P 175 189 255 0 255
P 176 189 255 0 255
P 177 189 255 0 255
P 178 189 255 0 255
P 179 189 255 0 255
P 180 189 255 0 255
P 181 189 255 0 255
P 182 189 255 0 255
P 183 189 255 0 255
P 184 189 255 0 255
P 185 189 255 0 255
P 186 189 255 0 255
P 187 189 255 0 255
P 188 189 255 0 255
P 189 189 255 0 255
P 190 189 0 255 0
P 191 189 0 255 0
P 192 189 0 0 255
P 193 189 0 0 255
P 194 189 0 0 255
P 195 189 0 0 255
P 196 189 0 0 255
P 197 189 0 0 255
P 198 189 0 0 255
P 199 189 0 0 255
P 200 189 0 0 255
P 201 189 0 0 255
P 202 189 0 0 255
P 203 189 0 0 255
P 204 189 0 0 255
P 205 189 0 0 255
P 206 189 0 0 255
P 207 189 255 255 0
P 208 189 255 255 0
P 209 189 0 255 255
P 210 189 0 255 255
P 211 189 0 255 255
P 212 189 0 255 255
P 213 189 0 255 255
P 214 189 0 255 255
P 215 189 0 255 255
P 216 189 0 255 255
P 217 189 0 255 255
P 218 189 0 255 255
P 219 189 0 255 255
P 220 189 0 255 255
P 221 189 0 255 255
P 222 189 0 255 255
P 223 189 0 255 255
P 224 189 0 0 255
P 225 189 0 0 255
P 226 189 0 255 0
P 227 189 0 255 0
P 228 189 0 255 0
P 229 189 0 255 0
P 230 189 0 255 0
P 231 189 0 255 0
P 232 189 0 255 0
P 233 189 0 255 0
P 234 189 0 255 0
P 235 189 0 255 0
P 236 189 0 255 0
P 237 189 0 255 0
P 238 189 0 255 0
P 239 189 0 255 0
P 240 189 0 255 0
P 241 189 0 255 255
P 242 189 0 255 255
P 243 189 255 0 255
P 244 189 255 0 255
P 245 189 255 0 255
P 246 189 255 0 255
P 247 189 255 0 255
P 248 189 255 0 255
P 249 189 255 0 255
P 250 189 255 0 255
P 251 189 255 0 255
P 252 189 255 0 255
P 253 189 255 0 255
P 254 189 255 0 255
P 255 189 255 0 255
P 256 189 255 0 255
P 257 189 255 0 255
P 258 189 0 255 0
P 259 189 0 255 0
P 260 189 0 0 255
P 261 189 0 0 255
P 262 189 0 0 255
P 263 189 0 0 255
P 264 189 0 0 255
P 265 189 0 0 255
P 266 189 0 0 255
P 267 189 0 0 255
P 268 189 0 0 255
P 269 189 0 0 255
P 270 189 0 0 255
P 271 189 0 0 255
P 272 189 0 0 255
P 273 189 0 0 255
P 274 189 0 0 255
P 275 189 255 255 0
P 276 189 255 255 0
P 277 189 0 255 255
P 278 189 0 255 255
P 279 189 0 255 255
P 280 189 0 255 255
P 281 189 0 255 255
P 282 189 0 255 255
P 283 189 0 255 255
P 284 189 0 255 255
P 285 189 0 255 255
P 286 189 0 255 255
P 287 189 0 255 255
P 288 189 0 255 255
P 289 189 0 255 255
P 290 189 0 255 255
P 291 189 0 255 255
P 20 190 0 0 255
P 21 190 0 0 255
P 22 190 0 0 255
P 23 190 0 0 255
P 24 190 0 255 0
P 25 190 0 255 0
P 26 190 0 255 0
P 27 190 0 255 0
P 28 190 0 255 0
P 29 190 0 255 0
P 30 190 0 255 0
P 31 190 0 255 0
P 32 190 0 255 0
P 33 190 0 255 0
P 34 190 0 255 0
P 35 190 0 255 0
P 36 190 0 255 0
P 37 190 255 0 255
P 38 190 255 0 255
P 39 190 255 0 255
P 40 190 0 255 255
P 41 190 0 255 255
P 42 190 0 255 255
P 43 190 0 255 255
P 44 190 0 255 255
P 45 190 0 255 255
P 46 190 0 255 255
P 47 190 0 255 255
P 48 190 0 255 255
P 49 190 0 255 255
P 50 190 0 255 255
P 51 190 0 255 255
P 52 190 0 255 255
P 53 190 0 255 255
P 54 190 0 255 0
P 55 190 0 255 0
P 56 190 0 255 0
P 57 190 0 0 255
P 58 190 0 0 255
P 59 190 0 0 255
P 60 190 0 0 255
P 61 190 0 0 255
P 62 190 0 0 255
P 63 190 0 0 255
P 64 190 0 0 255
P 65 190 0 0 255
P 66 190 0 0 255
P 67 190 0 0 255
P 68 190 0 0 255
P 69 190 0 0 255
P 70 190 0 0 255
P 71 190 255 255 0
P 72 190 255 255 0
P 73 190 255 255 0
P 74 190 255 255 0
P 75 190 0 255 255
P 76 190 0 255 255
P 77 190 0 255 255
P 78 190 0 255 255
P 79 190 0 255 255
P 80 190 0 255 255
P 81 190 0 255 255
P 82 190 0 255 255
P 83 190 0 255 255
P 84 190 0 255 255
P 85 190 0 255 255
P 86 190 0 255 255
P 87 190 0 255 255
P 88 190 0 0 255
P 89 190 0 0 255
P 90 190 0 0 255
P 91 190 0 255 0
P 92 190 0 255 0
P 93 190 0 255 0
P 94 190 0 255 0
P 95 190 0 255 0
P 96 190 0 255 0
P 97 190 0 255 0
P 98 190 0 255 0
P 99 190 0 255 0
P 100 190 0 255 0
P 101 190 0 255 0
P 102 190 0 255 0
P 103 190 0 255 0
P 104 190 0 255 0
P 105 190 0 255 255
P 106 190 0 255 255
P 107 190 0 255 255
P 108 190 0 255 255
P 109 190 255 0 255
P 110 190 255 0 255
P 111 190 255 0 255
P 112 190 255 0 255
P 113 190 255 0 255
P 114 190 255 0 255
P 115 190 255 0 255
P 116 190 255 0 255
P 117 190 255 0 255
P 118 190 255 0 255
P 119 190 255 0 255
P 120 190 255 0 255
P 121 190 255 0 255
P 122 190 0 255 0
P 123 190 0 255 0
P 124 190 0 255 0
P 125 190 0 0 255
P 126 190 0 0 255
P 127 190 0 0 255
P 128 190 0 0 255
P 129 190 0 0 255
P 130 190 0 0 255
P 131 190 0 0 255
P 132 190 0 0 255
P 133 190 0 0 255
P 134 190 0 0 255
P 135 190 0 0 255
P 136 190 0 0 255
P 137 190 0 0 255
P 138 190 0 0 255
P 139 190 255 255 0
P 140 190 255 255 0
P 141 190 255 255 0
P 142 190 255 255 0
P 143 190 0 255 255
P 144 190 0 255 255
P 145 190 0 255 255
P 146 190 0 255 255
P 147 190 0 255 255
P 148 190 0 255 255
P 149 190 0 255 255
P 150 190 0 255 255
P 151 190 0 255 255
P 152 190 0 255 255
P 153 190 0 255 255
P 154 190 0 255 255
P 155 190 0 255 255
P 156 190 0 0 255
P 157 190 0 0 255
P 158 190 0 0 255
P 159 190 0 255 0
P 160 190 0 255 0
P 161 190 0 255 0
P 162 190 0 255 0
P 163 190 0 255 0
P 164 190 0 255 0
P 165 190 0 255 0
P 166 190 0 255 0
P 167 190 0 255 0
P 168 190 0 255 0
P 169 190 0 255 0
P 170 190 0 255 0
P 171 190 0 255 0
P 172 190 0 255 0
P 173 190 0 255 255
P 174 190 0 255 255
P 175 190 0 255 255
P 176 190 0 255 255
P 177 190 255 0 255
P 178 190 255 0 255
P 179 190 255 0 255
P 180 190 255 0 255
P 181 190 255 0 255
P 182 190 255 0 255
P 183 190 255 0 255
P 184 190 255 0 255
P 185 190 255 0 255
P 186 190 255 0 255
P 187 190 255 0 255
P 188 190 255 0 255
P 189 190 255 0 255
P 190 190 0 255 0
P 191 190 0 255 0
P 192 190 0 255 0
P 193 190 0 0 255
P 194 190 0 0 255
P 195 190 0 0 255
P 196 190 0 0 255
P 197 190 0 0 255
P 198 190 0 0 255
P 199 190 0 0 255
P 200 190 0 0 255
P 201 190 0 0 255
P 202 190 0 0 255
P 203 190 0 0 255
P 204 190 0 0 255
P 205 190 0 0 255
P 206 190 0 0 255
P 207 190 255 255 0
P 208 190 255 255 0
P 209 190 255 255 0
P 210 190 0 255 255
P 211 190 0 255 255
P 212 190 0 255 255
P 213 190 0 255 255
P 214 190 0 255 255
P 215 190 0 255 255
P 216 190 0 255 255
P 217 190 0 255 255
P 218 190 0 255 255
P 219 190 0 255 255
P 220 190 0 255 255
P 221 190 0 255 255
P 222 190 0 255 255
P 223 190 0 255 255
P 224 190 0 0 255
P 225 190 0 0 255
P 226 190 0 0 255
P 227 190 0 255 0
P 228 190 0 255 0
P 229 190 0 255 0
P 230 190 0 255 0
P 231 190 0 255 0
P 232 190 0 255 0
P 233 190 0 255 0
P 234 190 0 255 0
P 235 190 0 255 0
P 236 190 0 255 0
P 237 190 0 255 0
P 238 190 0 255 0
P 239 190 0 255 0
P 240 190 0 255 0
P 241 190 0 255 255
P 242 190 0 255 255
P 243 190 0 255 255
P 244 190 255 0 255
P 245 190 255 0 255
P 246 190 255 0 255
P 247 190 255 0 255
P 248 190 255 0 255
P 249 190 255 0 255
P 250 190 255 0 255
P 251 190 255 0 255
P 252 190 255 0 255
P 253 190 255 0 255
P 254 190 255 0 255
P 255 190 255 0 255
P 256 190 255 0 255
P 257 190 255 0 255
P 258 190 0 255 0
P 259 190 0 255 0
P 260 190 0 255 0
P 261 190 0 0 255
P 262 190 0 0 255
P 263 190 0 0 255
P 264 190 0 0 255
P 265 190 0 0 255
P 266 190 0 0 255
P 267 190 0 0 255
P 268 190 0 0 255
P 269 190 0 0 255
P 270 190 0 0 255
P 271 190 0 0 255
P 272 190 0 0 255
P 273 190 0 0 255
P 274 190 0 0 255
P 275 190 255 255 0
P 276 190 255 255 0
P 277 190 255 255 0
P 278 190 0 255 255
P 279 190 0 255 255
P 280 190 0 255 255
P 281 190 0 255 255
P 282 190 0 255 255
P 283 190 0 255 255
P 284 190 0 255 255
P 285 190 0 255 255
P 286 190 0 255 255
P 287 190 0 255 255
P 288 190 0 255 255
P 289 190 0 255 255
P 290 190 0 255 255
P 291 190 0 255 255
P 20 191 0 0 255
P 21 191 0 0 255
P 22 191 0 0 255
P 23 191 0 0 255
P 24 191 0 0 255
P 25 191 0 255 0
P 26 191 0 255 0
P 27 191 0 255 0
P 28 191 0 255 0
P 29 191 0 255 0
P 30 191 0 255 0
P 31 191 0 255 0
P 32 191 0 255 0
P 33 191 0 255 0
P 34 191 0 255 0
P 35 191 0 255 0
P 36 191 0 255 0
P 37 191 255 0 255
P 38 191 255 0 255
P 39 191 255 0 255
P 40 191 255 0 255
P 41 191 255 0 255
P 42 191 0 255 255
P 43 191 0 255 255
P 44 191 0 255 255
P 45 191 0 255 255
P 46 191 0 255 255
P 47 191 0 255 255
P 48 191 0 255 255
P 49 191 0 255 255
P 50 191 0 255 255
P 51 191 0 255 255
P 52 191 0 255 255
P 53 191 0 255 255
P 54 191 0 255 0
P 55 191 0 255 0
P 56 191 0 255 0
P 57 191 0 255 0
P 58 191 0 255 0
P 59 191 0 0 255
P 60 191 0 0 255
P 61 191 0 0 255
P 62 191 0 0 255
P 63 191 0 0 255
P 64 191 0 0 255
P 65 191 0 0 255
P 66 191 0 0 255
P 67 191 0 0 255
P 68 191 0 0 255
P 69 191 0 0 255
P 70 191 0 0 255
P 71 191 255 255 0
P 72 191 255 255 0
P 73 191 255 255 0
P 74 191 255 255 0
P 75 191 255 255 0
P 76 191 0 255 255
P 77 191 0 255 255
P 78 191 0 255 255
P 79 191 0 255 255
P 80 191 0 255 255
P 81 191 0 255 255
P 82 191 0 255 255
P 83 191 0 255 255
P 84 191 0 255 255
P 85 191 0 255 255
P 86 191 0 255 255
P 87 191 0 255 255
P 88 191 0 0 255
P 89 191 0 0 255
P 90 191 0 0 255
P 91 191 0 0 255
P 92 191 0 0 255
P 93 191 0 255 0
P 94 191 0 255 0
P 95 191 0 255 0
P 96 191 0 255 0
P 97 191 0 255 0
P 98 191 0 255 0
P 99 191 0 255 0
P 100 191 0 255 0
P 101 191 0 255 0
P 102 191 0 255 0
P 103 191 0 255 0
P 104 191 0 255 0
P 105 191 0 255 255
P 106 191 0 255 255
P 107 191 0 255 255
P 108 191 0 255 255
P 109 191 0 255 255
P 110 191 255 0 255
P 111 191 255 0 255
P 112 191 255 0 255
P 113 191 255 0 255
P 114 191 255 0 255
P 115 191 255 0 255
P 116 191 255 0 255
P 117 191 255 0 255
P 118 191 255 0 255
P 119 191 255 0 255
P 120 191 255 0 255
P 121 191 255 0 255
P 122 191 0 255 0
P 123 191 0 255 0
P 124 191 0 255 0
P 125 191 0 255 0
P 126 191 0 255 0
P 127 191 0 0 255
P 128 191 0 0 255
P 129 191 0 0 255
P 130 191 0 0 255
P 131 191 0 0 255
P 132 191 0 0 255
P 133 191 0 0 255
P 134 191 0 0 255
P 135 191 0 0 255
P 136 191 0 0 255
P 137 191 0 0 255
P 138 191 0 0 255
P 139 191 255 255 0
P 140 191 255 255 0
P 141 191 255 255 0
P 142 191 255 255 0
P 143 191 255 255 0
P 144 191 0 255 255
P 145 191 0 255 255
P 146 191 0 255 255
P 147 191 0 255 255
P 148 191 0 255 255
P 149 191 0 255 255
P 150 191 0 255 255
P 151 191 0 255 255
P 152 191 0 255 255
P 153 191 0 255 255
P 154 191 0 255 255
P 155 191 0 255 255
P 156 191 0 0 255
P 157 191 0 0 255
P 158 191 0 0 255
P 159 191 0 0 255
P 160 191 0 0 255
P 161 191 0 255 0
P 162 191 0 255 0
P 163 191 0 255 0
P 164 191 0 255 0
P 165 191 0 255 0
P 166 191 0 255 0
P 167 191 0 255 0
P 168 191 0 255 0
P 169 191 0 255 0
P 170 191 0 255 0
P 171 191 0 255 0
P 172 191 0 255 0
P 173 191 0 255 255
P 174 191 0 255 255
P 175 191 0 255 255
P 176 191 0 255 255
P 177 191 0 255 255
P 178 191 255 0 255
P 179 191 255 0 255
P 180 191 255 0 255
P 181 191 255 0 255
P 182 191 255 0 255
P 183 191 255 0 255
P 184 191 255 0 255
P 185 191 255 0 255
P 186 191 255 0 255
P 187 191 255 0 255
P 188 191 255 0 255
P 189 191 255 0 255
P 190 191 0 255 0
P 191 191 0 255 0
P 192 191 0 255 0
P 193 191 0 255 0
P 194 191 0 255 0
P 195 191 0 0 255
P 196 191 0 0 255
P 197 191 0 0 255
P 198 191 0 0 255
P 199 191 0 0 255
P 200 191 0 0 255
P 201 191 0 0 255
P 202 191 0 0 255
P 203 191 0 0 255
P 204 191 0 0 255
P 205 191 0 0 255
P 206 191 0 0 255
P 207 191 255 255 0
P 208 191 255 255 0
P 209 191 255 255 0
P 210 191 255 255 0
P 211 191 255 255 0
P 212 191 0 255 255
P 213 191 0 255 255
P 214 191 0 255 255
P 215 191 0 255 255
P 216 191 0 255 255
P 217 191 0 255 255
P 218 191 0 255 255
P 219 191 0 255 255
P 220 191 0 255 255
P 221 191 0 255 255
P 222 191 0 255 255
P 223 191 0 255 255
P 224 191 0 0 255
P 225 191 0 0 255
P 226 191 0 0 255
P 227 191 0 0 255
P 228 191 0 0 255
P 229 191 0 255 0
P 230 191 0 255 0
P 231 191 0 255 0
P 232 191 0 255 0
P 233 191 0 255 0
P 234 191 0 255 0
P 235 191 0 255 0
P 236 191 0 255 0
P 237 191 0 255 0
P 238 191 0 255 0
P 239 191 0 255 0
P 240 191 0 255 0
P 241 191 0 255 255
P 242 191 0 255 255
P 243 191 0 255 255
P 244 191 0 255 255
P 245 191 0 255 255
P 246 191 255 0 255
P 247 191 255 0 255
P 248 191 255 0 255
P 249 191 255 0 255
P 250 191 255 0 255
P 251 191 255 0 255
P 252 191 255 0 255
P 253 191 255 0 255
P 254 191 255 0 255
P 255 191 255 0 255
P 256 191 255 0 255
P 257 191 255 0 255
P 258 191 0 255 0
P 259 191 0 255 0
P 260 191 0 255 0
P 261 191 0 255 0
P 262 191 0 255 0
P 263 191 0 0 255
P 264 191 0 0 255
P 265 191 0 0 255
P 266 191 0 0 255
P 267 191 0 0 255
P 268 191 0 0 255
P 269 191 0 0 255
P 270 191 0 0 255
P 271 191 0 0 255
P 272 191 0 0 255
P 273 191 0 0 255
P 274 191 0 0 255
P 275 191 255 255 0
P 276 191 255 255 0
P 277 191 255 255 0
P 278 191 255 255 0
P 279 191 255 255 0
P 280 191 0 255 255
P 281 191 0 255 255
P 282 191 0 255 255
P 283 191 0 255 255
P 284 191 0 255 255
P 285 191 0 255 255
P 286 191 0 255 255
P 287 191 0 255 255
P 288 191 0 255 255
P 289 191 0 255 255
P 290 191 0 255 255
P 291 191 0 255 255
P 20 192 0 0 255
P 21 192 0 0 255
P 22 192 0 0 255
P 23 192 0 0 255
P 24 192 0 0 255
P 25 192 0 0 255
P 26 192 0 0 255
P 27 192 0 255 0
P 28 192 0 255 0
P 29 192 0 255 0
P 30 192 0 255 0
P 31 192 0 255 0
P 32 192 0 255 0
P 33 192 0 255 0
P 34 192 0 255 0
P 35 192 0 255 0
P 36 192 0 255 0
P 37 192 255 0 255
P 38 192 255 0 255
P 39 192 255 0 255
P 40 192 255 0 255
P 41 192 255 0 255
P 42 192 255 0 255
P 43 192 0 255 255
P 44 192 0 255 255
P 45 192 0 255 255
P 46 192 0 255 255
P 47 192 0 255 255
P 48 192 0 255 255
P 49 192 0 255 255
P 50 192 0 255 255
P 51 192 0 255 255
P 52 192 0 255 255
P 53 192 0 255 255
P 54 192 0 255 0
P 55 192 0 255 0
P 56 192 0 255 0
P 57 192 0 255 0
P 58 192 0 255 0
P 59 192 0 255 0
P 60 192 0 0 255
P 61 192 0 0 255
P 62 192 0 0 255
P 63 192 0 0 255
P 64 192 0 0 255
P 65 192 0 0 255
P 66 192 0 0 255
P 67 192 0 0 255
P 68 192 0 0 255
P 69 192 0 0 255
P 70 192 0 0 255
P 71 192 255 255 0
P 72 192 255 255 0
P 73 192 255 255 0
P 74 192 255 255 0
P 75 192 255 255 0
P 76 192 255 255 0
P 77 192 0 255 255
P 78 192 0 255 255
P 79 192 0 255 255
P 80 192 0 255 255
P 81 192 0 255 255
P 82 192 0 255 255
P 83 192 0 255 255
P 84 192 0 255 255
P 85 192 0 255 255
P 86 192 0 255 255
P 87 192 0 255 255
P 88 192 0 0 255
P 89 192 0 0 255
P 90 192 0 0 255
P 91 192 0 0 255
P 92 192 0 0 255
P 93 192 0 0 255
P 94 192 0 255 0
P 95 192 0 255 0
P 96 192 0 255 0
P 97 192 0 255 0
P 98 192 0 255 0
P 99 192 0 255 0
P 100 192 0 255 0
P 101 192 0 255 0
P 102 192 0 255 0
P 103 192 0 255 0
P 104 192 0 255 0
P 105 192 0 255 255
P 106 192 0 255 255
P 107 192 0 255 255
P 108 192 0 255 255
P 109 192 0 255 255
P 110 192 0 255 255
P 111 192 255 0 255
P 112 192 255 0 255
P 113 192 255 0 255
P 114 192 255 0 255
P 115 192 255 0 255
P 116 192 255 0 255
P 117 192 255 0 255
P 118 192 255 0 255
P 119 192 255 0 255
P 120 192 255 0 255
P 121 192 255 0 255
P 122 192 0 255 0
P 123 192 0 255 0
P 124 192 0 255 0
P 125 192 0 255 0
P 126 192 0 255 0
P 127 192 0 255 0
P 128 192 0 0 255
P 129 192 0 0 255
P 130 192 0 0 255
P 131 192 0 0 255
P 132 192 0 0 255
P 133 192 0 0 255
P 134 192 0 0 255
P 135 192 0 0 255
P 136 192 0 0 255
P 137 192 0 0 255
P 138 192 0 0 255
P 139 192 255 255 0
P 140 192 255 255 0
P 141 192 255 255 0
P 142 192 255 255 0
P 143 192 255 255 0
P 144 192 255 255 0
P 145 192 0 255 255
P 146 192 0 255 255
P 147 192 0 255 255
P 148 192 0 255 255
P 149 192 0 255 255
P 150 192 0 255 255
P 151 192 0 255 255
P 152 192 0 255 255
P 153 192 0 255 255
P 154 192 0 255 255
P 155 192 0 255 255
P 156 192 0 0 255
P 157 192 0 0 255
P 158 192 0 0 255
P 159 192 0 0 255
P 160 192 0 0 255
P 161 192 0 0 255
P 162 192 0 255 0
P 163 192 0 255 0
P 164 192 0 255 0
P 165 192 0 255 0
P 166 192 0 255 0
P 167 192 0 255 0
P 168 192 0 255 0
P 169 192 0 255 0
P 170 192 0 255 0
P 171 192 0 255 0
P 172 192 0 255 0
P 173 192 0 255 255
P 174 192 0 255 255
P 175 192 0 255 255
P 176 192 0 255 255
P 177 192 0 255 255
P 178 192 0 255 255
P 179 192 255 0 255
P 180 192 255 0 255
P 181 192 255 0 255
P 182 192 255 0 255
P 183 192 255 0 255
P 184 192 255 0 255
P 185 192 255 0 255
P 186 192 255 0 255
P 187 192 255 0 255
P 188 192 255 0 255
P 189 192 255 0 255
P 190 192 0 255 0
P 191 192 0 255 0
P 192 192 0 255 0
P 193 192 0 255 0
P 194 192 0 255 0
P 195 192 0 255 0
P 196 192 0 0 255
P 197 192 0 0 255
P 198 192 0 0 255
P 199 192 0 0 255
P 200 192 0 0 255
P 201 192 0 0 255
P 202 192 0 0 255
P 203 192 0 0 255
P 204 192 0 0 255
P 205 192 0 0 255
P 206 192 0 0 255
P 207 192 255 255 0
P 208 192 255 255 0
P 209 192 255 255 0
P 210 192 255 255 0
P 211 192 255 255 0
P 212 192 255 255 0
P 213 192 0 255 255
P 214 192 0 255 255
P 215 192 0 255 255
P 216 192 0 255 255
P 217 192 0 255 255
P 218 192 0 255 255
P 219 192 0 255 255
P 220 192 0 255 255
P 221 192 0 255 255
P 222 192 0 255 255
P 223 192 0 255 255
P 224 192 0 0 255
P 225 192 0 0 255
P 226 192 0 0 255
P 227 192 0 0 255
P 228 192 0 0 255
P 229 192 0 0 255
P 230 192 0 255 0
P 231 192 0 255 0
P 232 192 0 255 0
P 233 192 0 255 0
P 234 192 0 255 0
P 235 192 0 255 0
P 236 192 0 255 0
P 237 192 0 255 0
P 238 192 0 255 0
P 239 192 0 255 0
P 240 192 0 255 0
P 241 192 0 255 255
P 242 192 0 255 255
P 243 192 0 255 255
P 244 192 0 255 255
P 245 192 0 255 255
P 246 192 0 255 255
P 247 192 255 0 255
P 248 192 255 0 255
P 249 192 255 0 255
P 250 192 255 0 255
P 251 192 255 0 255
P 252 192 255 0 255
P 253 192 255 0 255
P 254 192 255 0 255
P 255 192 255 0 255
P 256 192 255 0 255
P 257 192 255 0 255
P 258 192 0 255 0
P 259 192 0 255 0
P 260 192 0 255 0
P 261 192 0 255 0
P 262 192 0 255 0
P 263 192 0 255 0
P 264 192 0 0 255
P 265 192 0 0 255
P 266 192 0 0 255
P 267 192 0 0 255
P 268 192 0 0 255
P 269 192 0 0 255
P 270 192 0 0 255
P 271 192 0 0 255
P 272 192 0 0 255
P 273 192 0 0 255
P 274 192 0 0 255
P 275 192 255 255 0
P 276 192 255 255 0
P 277 192 255 255 0
P 278 192 255 255 0
P 279 192 255 255 0
P 280 192 255 255 0
P 281 192 0 255 255
P 282 192 0 255 255
P 283 192 0 255 255
P 284 192 0 255 255
P 285 192 0 255 255
P 286 192 0 255 255
P 287 192 0 255 255
P 288 192 0 255 255
P 289 192 0 255 255
P 290 192 0 255 255
P 291 192 0 255 255
P 20 193 0 0 255
P 21 193 0 0 255
P 22 193 0 0 255
P 23 193 0 0 255
P 24 193 0 0 255
P 25 193 0 0 255
P 26 193 0 0 255
P 27 193 0 0 255
P 28 193 0 255 0
P 29 193 0 255 0
P 30 193 0 255 0
P 31 193 0 255 0
P 32 193 0 255 0
P 33 193 0 255 0
P 34 193 0 255 0
P 35 193 0 255 0
P 36 193 0 255 0
P 37 193 255 0 255
P 38 193 255 0 255
P 39 193 255 0 255
P 40 193 255 0 255
P 41 193 255 0 255
P 42 193 255 0 255
P 43 193 255 0 255
P 44 193 255 0 255
P 45 193 0 255 255
P 46 193 0 255 255
P 47 193 0 255 255
P 48 193 0 255 255
P 49 193 0 255 255
P 50 193 0 255 255
P 51 193 0 255 255
P 52 193 0 255 255
P 53 193 0 255 255
P 54 193 0 255 0
P 55 193 0 255 0
P 56 193 0 255 0
P 57 193 0 255 0
P 58 193 0 255 0
P 59 193 0 255 0
P 60 193 0 255 0
P 61 193 0 0 255
P 62 193 0 0 255
P 63 193 0 0 255
P 64 193 0 0 255
P 65 193 0 0 255
P 66 193 0 0 255
P 67 193 0 0 255
P 68 193 0 0 255
P 69 193 0 0 255
P 70 193 0 0 255
P 71 193 255 255 0
P 72 193 255 255 0
P 73 193 255 255 0
P 74 193 255 255 0
P 75 193 255 255 0
P 76 193 255 255 0
P 77 193 255 255 0
P 78 193 255 255 0
P 79 193 0 255 255
P 80 193 0 255 255
P 81 193 0 255 255
P 82 193 0 255 255
P 83 193 0 255 255
P 84 193 0 255 255
P 85 193 0 255 255
P 86 193 0 255 255
P 87 193 0 255 255
P 88 193 0 0 255
P 89 193 0 0 255
P 90 193 0 0 255
P 91 193 0 0 255
P 92 193 0 0 255
P 93 193 0 0 255
P 94 193 0 0 255
P 95 193 0 0 255
P 96 193 0 255 0
P 97 193 0 255 0
P 98 193 0 255 0
P 99 193 0 255 0
P 100 193 0 255 0
P 101 193 0 255 0
P 102 193 0 255 0
P 103 193 0 255 0
P 104 193 0 255 0
P 105 193 0 255 255
P 106 193 0 255 255
P 107 193 0 255 255
P 108 193 0 255 255
P 109 193 0 255 255
P 110 193 0 255 255
P 111 193 0 255 255
P 112 193 0 255 255
P 113 193 255 0 255
P 114 193 255 0 255
P 115 193 255 0 255
P 116 193 255 0 255
P 117 193 255 0 255
P 118 193 255 0 255
P 119 193 255 0 255
P 120 193 255 0 255
P 121 193 255 0 255
P 122 193 0 255 0
P 123 193 0 255 0
P 124 193 0 255 0
P 125 193 0 255 0
P 126 193 0 255 0
P 127 193 0 255 0
P 128 193 0 255 0
P 129 193 0 255 0
P 130 193 0 0 255
P 131 193 0 0 255
P 132 193 0 0 255
P 133 193 0 0 255
P 134 193 0 0 255
P 135 193 0 0 255
P 136 193 0 0 255
P 137 193 0 0 255
P 138 193 0 0 255
P 139 193 255 255 0
P 140 193 255 255 0
P 141 193 255 255 0
P 142 193 255 255 0
P 143 193 255 255 0
P 144 193 255 255 0
P 145 193 255 255 0
P 146 193 255 255 0
P 147 193 0 255 255
P 148 193 0 255 255
P 149 193 0 255 255
P 150 193 0 255 255
P 151 193 0 255 255
P 152 193 0 255 255
P 153 193 0 255 255
P 154 193 0 255 255
P 155 193 0 255 255
P 156 193 0 0 255
P 157 193 0 0 255
P 158 193 0 0 255
P 159 193 0 0 255
P 160 193 0 0 255
P 161 193 0 0 255
P 162 193 0 0 255
P 163 193 0 0 255
P 164 193 0 255 0
P 165 193 0 255 0
P 166 193 0 255 0
P 167 193 0 255 0
P 168 193 0 255 0
P 169 193 0 255 0
P 170 193 0 255 0
P 171 193 0 255 0
P 172 193 0 255 0
P 173 193 0 255 255
P 174 193 0 255 255
P 175 193 0 255 255
P 176 193 0 255 255
P 177 193 0 255 255
P 178 193 0 255 255
P 179 193 0 255 255
P 180 193 0 255 255
P 181 193 255 0 255
P 182 193 255 0 255
P 183 193 255 0 255
P 184 193 255 0 255
P 185 193 255 0 255
P 186 193 255 0 255
P 187 193 255 0 255
P 188 193 255 0 255
P 189 193 255 0 255
P 190 193 0 255 0
P 191 193 0 255 0
P 192 193 0 255 0
P 193 193 0 255 0
P 194 193 0 255 0
P 195 193 0 255 0
P 196 193 0 255 0
P 197 193 0 255 0
P 198 193 0 0 255
P 199 193 0 0 255
P 200 193 0 0 255
P 201 193 0 0 255
P 202 193 0 0 255
P 203 193 0 0 255
P 204 193 0 0 255
P 205 193 0 0 255
P 206 193 0 0 255
P 207 193 255 255 0
P 208 193 255 255 0
P 209 193 255 255 0
P 210 193 255 255 0
P 211 193 255 255 0
P 212 193 255 255 0
P 213 193 255 255 0
P 214 193 255 255 0
P 215 193 0 255 255
P 216 193 0 255 255
P 217 193 0 255 255
P 218 193 0 255 255
P 219 193 0 255 255
P 220 193 0 255 255
P 221 193 0 255 255
P 222 193 0 255 255
P 223 193 0 255 255
P 224 193 0 0 255
P 225 193 0 0 255
P 226 193 0 0 255
P 227 193 0 0 255
P 228 193 0 0 255
P 229 193 0 0 255
P 230 193 0 0 255
P 231 193 0 0 255
P 232 193 0 255 0
P 233 193 0 255 0
P 234 193 0 255 0
P 235 193 0 255 0
P 236 193 0 255 0
P 237 193 0 255 0
P 238 193 0 255 0
P 239 193 0 255 0
P 240 193 0 255 0
P 241 193 0 255 255
P 242 193 0 255 255
P 243 193 0 255 255
P 244 193 0 255 255
P 245 193 0 255 255
P 246 193 0 255 255
P 247 193 0 255 255
P 248 193 0 255 255
P 249 193 255 0 255
P 250 193 255 0 255
P 251 193 255 0 255
P 252 193 255 0 255
P 253 193 255 0 255
P 254 193 255 0 255
P 255 193 255 0 255
P 256 193 255 0 255
P 257 193 255 0 255
P 258 193 0 255 0
P 259 193 0 255 0
P 260 193 0 255 0
P 261 193 0 255 0
P 262 193 0 255 0
P 263 193 0 255 0
P 264 193 0 255 0
P 265 193 0 255 0
P 266 193 0 0 255
P 267 193 0 0 255
P 268 193 0 0 255
P 269 193 0 0 255
P 270 193 0 0 255
P 271 193 0 0 255
P 272 193 0 0 255
P 273 193 0 0 255
P 274 193 0 0 255
P 275 193 255 255 0
P 276 193 255 255 0
P 277 193 255 255 0
P 278 193 255 255 0
P 279 193 255 255 0
P 280 193 255 255 0
P 281 193 255 255 0
P 282 193 255 255 0
P 283 193 0 255 255
P 284 193 0 255 255
P 285 193 0 255 255
P 286 193 0 255 255
P 287 193 0 255 255
P 288 193 0 255 255
P 289 193 0 255 255
P 290 193 0 255 255
P 291 193 0 255 255
P 20 194 0 0 255
P 21 194 0 0 255
P 22 194 0 0 255
P 23 194 0 0 255
P 24 194 0 0 255
P 25 194 0 0 255
P 26 194 0 0 255
P 27 194 0 0 255
P 28 194 0 0 255
P 29 194 0 255 0
P 30 194 0 255 0
P 31 194 0 255 0
P 32 194 0 255 0
P 33 194 0 255 0
P 34 194 0 255 0
P 35 194 0 255 0
P 36 194 0 255 0
P 37 194 255 0 255
P 38 194 255 0 255
P 39 194 255 0 255
P 40 194 255 0 255
P 41 194 255 0 255
P 42 194 255 0 255
P 43 194 255 0 255
P 44 194 255 0 255
P 45 194 255 0 255
P 46 194 0 255 255
P 47 194 0 255 255
P 48 194 0 255 255
P 49 194 0 255 255
P 50 194 0 255 255
P 51 194 0 255 255
P 52 194 0 255 255
P 53 194 0 255 255
P 54 194 0 255 0
P 55 194 0 255 0
P 56 194 0 255 0
P 57 194 0 255 0
P 58 194 0 255 0
P 59 194 0 255 0
P 60 194 0 255 0
P 61 194 0 255 0
P 62 194 0 255 0
P 63 194 0 0 255
P 64 194 0 0 255
P 65 194 0 0 255
P 66 194 0 0 255
P 67 194 0 0 255
P 68 194 0 0 255
P 69 194 0 0 255
P 70 194 0 0 255
P 71 194 255 255 0
P 72 194 255 255 0
P 73 194 255 255 0
P 74 194 255 255 0
P 75 194 255 255 0
P 76 194 255 255 0
P 77 194 255 255 0
P 78 194 255 255 0
P 79 194 255 255 0
P 80 194 0 255 255
P 81 194 0 255 255
P 82 194 0 255 255
P 83 194 0 255 255
P 84 194 0 255 255
P 85 194 0 255 255
P 86 194 0 255 255
P 87 194 0 255 255
P 88 194 0 0 255
P 89 194 0 0 255
P 90 194 0 0 255
P 91 194 0 0 255
P 92 194 0 0 255
P 93 194 0 0 255
P 94 194 0 0 255
P 95 194 0 0 255
P 96 194 0 0 255
P 97 194 0 255 0
P 98 194 0 255 0
P 99 194 0 255 0
P 100 194 0 255 0
P 101 194 0 255 0
P 102 194 0 255 0
P 103 194 0 255 0
P 104 194 0 255 0
P 105 194 0 255 255
P 106 194 0 255 255
P 107 194 0 255 255
P 108 194 0 255 255
P 109 194 0 255 255
P 110 194 0 255 255
P 111 194 0 255 255
P 112 194 0 255 255
P 113 194 0 255 255
P 114 194 255 0 255
P 115 194 255 0 255
P 116 194 255 0 255
P 117 194 255 0 255
P 118 194 255 0 255
P 119 194 255 0 255
P 120 194 255 0 255
P 121 194 255 0 255
P 122 194 0 255 0
P 123 194 0 255 0
P 124 194 0 255 0
P 125 194 0 255 0
P 126 194 0 255 0
P 127 194 0 255 0
P 128 194 0 255 0
P 129 194 0 255 0
P 130 194 0 255 0
P 131 194 0 0 255
P 132 194 0 0 255
P 133 194 0 0 255
P 134 194 0 0 255
P 135 194 0 0 255
P 136 194 0 0 255
P 137 194 0 0 255
P 138 194 0 0 255
P 139 194 255 255 0
P 140 194 255 255 0
P 141 194 255 255 0
P 142 194 255 255 0
P 143 194 255 255 0
P 144 194 255 255 0
P 145 194 255 255 0
P 146 194 255 255 0
P 147 194 255 255 0
P 148 194 0 255 255
P 149 194 0 255 255
P 150 194 0 255 255
P 151 194 0 255 255
P 152 194 0 255 255
P 153 194 0 255 255
P 154 194 0 255 255
P 155 194 0 255 255
P 156 194 0 0 255
P 157 194 0 0 255
P 158 194 0 0 255
P 159 194 0 0 255
P 160 194 0 0 255
P 161 194 0 0 255
P 162 194 0 0 255
P 163 194 0 0 255
P 164 194 0 0 255
P 165 194 0 255 0
P 166 194 0 255 0
P 167 194 0 255 0
P 168 194 0 255 0
P 169 194 0 255 0
P 170 194 0 255 0
P 171 194 0 255 0
P 172 194 0 255 0
P 173 194 0 255 255
P 174 194 0 255 255
P 175 194 0 255 255
P 176 194 0 255 255
P 177 194 0 255 255
P 178 194 0 255 255
P 179 194 0 255 255
P 180 194 0 255 255
P 181 194 0 255 255
P 182 194 255 0 255
P 183 194 255 0 255
P 184 194 255 0 255
P 185 194 255 0 255
P 186 194 255 0 255
P 187 194 255 0 255
P 188 194 255 0 255
P 189 194 255 0 255
P 190 194 0 255 0
P 191 194 0 255 0
P 192 194 0 255 0
P 193 194 0 255 0
P 194 194 0 255 0
P 195 194 0 255 0
P 196 194 0 255 0
P 197 194 0 255 0
P 198 194 0 255 0
P 199 194 0 0 255
P 200 194 0 0 255
P 201 194 0 0 255
P 202 194 0 0 255
P 203 194 0 0 255
P 204 194 0 0 255
P 205 194 0 0 255
P 206 194 0 0 255
P 207 194 255 255 0
P 208 194 255 255 0
P 209 194 255 255 0
P 210 194 255 255 0
P 211 194 255 255 0
P 212 194 255 255 0
P 213 194 255 255 0
P 214 194 255 255 0
P 215 194 255 255 0
P 216 194 0 255 255
P 217 194 0 255 255
P 218 194 0 255 255
P 219 194 0 255 255
P 220 194 0 255 255
P 221 194 0 255 255
P 222 194 0 255 255
P 223 194 0 255 255
P 224 194 0 0 255
P 225 194 0 0 255
P 226 194 0 0 255
P 227 194 0 0 255
P 228 194 0 0 255
P 229 194 0 0 255
P 230 194 0 0 255
P 231 194 0 0 255
P 232 194 0 0 255
P 233 194 0 255 0
P 234 194 0 255 0
P 235 194 0 255 0
P 236 194 0 255 0
P 237 194 0 255 0
P 238 194 0 255 0
P 239 194 0 255 0
P 240 194 0 255 0
P 241 194 0 255 255
P 242 194 0 255 255
P 243 194 0 255 255
P 244 194 0 255 255
P 245 194 0 255 255
P 246 194 0 255 255
P 247 194 0 255 255
P 248 194 0 255 255
P 249 194 0 255 255
P 250 194 255 0 255
P 251 194 255 0 255
P 252 194 255 0 255
P 253 194 255 0 255
P 254 194 255 0 255
P 255 194 255 0 255
P 256 194 255 0 255
P 257 194 255 0 255
P 258 194 0 255 0
P 259 194 0 255 0
P 260 194 0 255 0
P 261 194 0 255 0
P 262 194 0 255 0
P 263 194 0 255 0
P 264 194 0 255 0
P 265 194 0 255 0
P 266 194 0 255 0
P 267 194 0 0 255
P 268 194 0 0 255
P 269 194 0 0 255
P 270 194 0 0 255
P 271 194 0 0 255
P 272 194 0 0 255
P 273 194 0 0 255
P 274 194 0 0 255
P 275 194 255 255 0
P 276 194 255 255 0
P 277 194 255 255 0
P 278 194 255 255 0
P 279 194 255 255 0
P 280 194 255 255 0
P 281 194 255 255 0
P 282 194 255 255 0
P 283 194 255 255 0
P 284 194 0 255 255
P 285 194 0 255 255
P 286 194 0 255 255
P 287 194 0 255 255
P 288 194 0 255 255
P 289 194 0 255 255
P 290 194 0 255 255
P 291 194 0 255 255
P 20 195 0 0 255
P 21 195 0 0 255
P 22 195 0 0 255
P 23 195 0 0 255
P 24 195 0 0 255
P 25 195 0 0 255
P 26 195 0 0 255
P 27 195 0 0 255
P 28 195 0 0 255
P 29 195 0 0 255
P 30 195 0 0 255
P 31 195 0 255 0
P 32 195 0 255 0
P 33 195 0 255 0
P 34 195 0 255 0
P 35 195 0 255 0
P 36 195 0 255 0
P 37 195 255 0 255
P 38 195 255 0 255
P 39 195 255 0 255
P 40 195 255 0 255
P 41 195 255 0 255
P 42 195 255 0 255
P 43 195 255 0 255
P 44 195 255 0 255
P 45 195 255 0 255
P 46 195 255 0 255
P 47 195 255 0 255
P 48 195 0 255 255
P 49 195 0 255 255
P 50 195 0 255 255
P 51 195 0 255 255
P 52 195 0 255 255
P 53 195 0 255 255
P 54 195 0 255 0
P 55 195 0 255 0
P 56 195 0 255 0
P 57 195 0 255 0
P 58 195 0 255 0
P 59 195 0 255 0
P 60 195 0 255 0
P 61 195 0 255 0
P 62 195 0 255 0
P 63 195 0 255 0
P 64 195 0 0 255
P 65 195 0 0 255
P 66 195 0 0 255
P 67 195 0 0 255
P 68 195 0 0 255
P 69 195 0 0 255
P 70 195 0 0 255
P 71 195 255 255 0
P 72 195 255 255 0
P 73 195 255 255 0
P 74 195 255 255 0
P 75 195 255 255 0
P 76 195 255 255 0
P 77 195 255 255 0
P 78 195 255 255 0
P 79 195 255 255 0
P 80 195 255 255 0
P 81 195 0 255 255
P 82 195 0 255 255
P 83 195 0 255 255
P 84 195 0 255 255
P 85 195 0 255 255
P 86 195 0 255 255
P 87 195 0 255 255
P 88 195 0 0 255
P 89 195 0 0 255
P 90 195 0 0 255
P 91 195 0 0 255
P 92 195 0 0 255
P 93 195 0 0 255
P 94 195 0 0 255
P 95 195 0 0 255
P 96 195 0 0 255
P 97 195 0 0 255
P 98 195 0 255 0
P 99 195 0 255 0
P 100 195 0 255 0
P 101 195 0 255 0
P 102 195 0 255 0
P 103 195 0 255 0
P 104 195 0 255 0
P 105 195 0 255 255
P 106 195 0 255 255
P 107 195 0 255 255
P 108 195 0 255 255
P 109 195 0 255 255
P 110 195 0 255 255
P 111 195 0 255 255
P 112 195 0 255 255
P 113 195 0 255 255
P 114 195 0 255 255
P 115 195 0 255 255
P 116 195 255 0 255
P 117 195 255 0 255
P 118 195 255 0 255
P 119 195 255 0 255
P 120 195 255 0 255
P 121 195 255 0 255
P 122 195 0 255 0
P 123 195 0 255 0
P 124 195 0 255 0
P 125 195 0 255 0
P 126 195 0 255 0
P 127 195 0 255 0
P 128 195 0 255 0
P 129 195 0 255 0
P 130 195 0 255 0
P 131 195 0 255 0
P 132 195 0 0 255
P 133 195 0 0 255
P 134 195 0 0 255
P 135 195 0 0 255
P 136 195 0 0 255
P 137 195 0 0 255
P 138 195 0 0 255
P 139 195 255 255 0
P 140 195 255 255 0
P 141 195 255 255 0
P 142 195 255 255 0
P 143 195 255 255 0
P 144 195 255 255 0
P 145 195 255 255 0
P 146 195 255 255 0
P 147 195 255 255 0
P 148 195 255 255 0
P 149 195 0 255 255
P 150 195 0 255 255
P 151 195 0 255 255
P 152 195 0 255 255
P 153 195 0 255 255
P 154 195 0 255 255
P 155 195 0 255 255
P 156 195 0 0 255
P 157 195 0 0 255
P 158 195 0 0 255
P 159 195 0 0 255
P 160 195 0 0 255
P 161 195 0 0 255
P 162 195 0 0 255
P 163 195 0 0 255
P 164 195 0 0 255
P 165 195 0 0 255
P 166 195 0 255 0
P 167 195 0 255 0
P 168 195 0 255 0
P 169 195 0 255 0
P 170 195 0 255 0
P 171 195 0 255 0
P 172 195 0 255 0
P 173 195 0 255 255
P 174 195 0 255 255
P 175 195 0 255 255
P 176 195 0 255 255
P 177 195 0 255 255
P 178 195 0 255 255
P 179 195 0 255 255
P 180 195 0 255 255
P 181 195 0 255 255
P 182 195 0 255 255
P 183 195 0 255 255
P 184 195 255 0 255
P 185 195 255 0 255
P 186 195 255 0 255
P 187 195 255 0 255
P 188 195 255 0 255
P 189 195 255 0 255
P 190 195 0 255 0
P 191 195 0 255 0
P 192 195 0 255 0
P 193 195 0 255 0
P 194 195 0 255 0
P 195 195 0 255 0
P 196 195 0 255 0
P 197 195 0 255 0
P 198 195 0 255 0
P 199 195 0 255 0
P 200 195 0 255 0
P 201 195 0 0 255
P 202 195 0 0 255
P 203 195 0 0 255
P 204 195 0 0 255
P 205 195 0 0 255
P 206 195 0 0 255
P 207 195 255 255 0
P 208 195 255 255 0
P 209 195 255 255 0
P 210 195 255 255 0
P 211 195 255 255 0
P 212 195 255 255 0
P 213 195 255 255 0
P 214 195 255 255 0
P 215 195 255 255 0
P 216 195 255 255 0
P 217 195 255 255 0
P 218 195 0 255 255
P 219 195 0 255 255
P 220 195 0 255 255
P 221 195 0 255 255
P 222 195 0 255 255
P 223 195 0 255 255
P 224 195 0 0 255
P 225 195 0 0 255
P 226 195 0 0 255
P 227 195 0 0 255
P 228 195 0 0 255
P 229 195 0 0 255
P 230 195 0 0 255
P 231 195 0 0 255
P 232 195 0 0 255
P 233 195 0 0 255
P 234 195 0 0 255
P 235 195 0 255 0
P 236 195 0 255 0
P 237 195 0 255 0
P 238 195 0 255 0
P 239 195 0 255 0
P 240 195 0 255 0
P 241 195 0 255 255
P 242 195 0 255 255
P 243 195 0 255 255
P 244 195 0 255 255
P 245 195 0 255 255
P 246 195 0 255 255
P 247 195 0 255 255
P 248 195 0 255 255
P 249 195 0 255 255
P 250 195 0 255 255
P 251 195 0 255 255
P 252 195 255 0 255
P 253 195 255 0 255
P 254 195 255 0 255
P 255 195 255 0 255
P 256 195 255 0 255
P 257 195 255 0 255
P 258 195 0 255 0
P 259 195 0 255 0
P 260 195 0 255 0
P 261 195 0 255 0
P 262 195 0 255 0
P 263 195 0 255 0
P 264 195 0 255 0
P 265 195 0 255 0
P 266 195 0 255 0
P 267 195 0 255 0
P 268 195 0 255 0
P 269 195 0 0 255
P 270 195 0 0 255
P 271 195 0 0 255
P 272 195 0 0 255
P 273 195 0 0 255
P 274 195 0 0 255
P 275 195 255 255 0
P 276 195 255 255 0
P 277 195 255 255 0
P 278 195 255 255 0
P 279 195 255 255 0
P 280 195 255 255 0
P 281 195 255 255 0
P 282 195 255 255 0
P 283 195 255 255 0
P 284 195 255 255 0
P 285 195 0 255 255
P 286 195 0 255 255
P 287 195 0 255 255
P 288 195 0 255 255
P 289 195 0 255 255
P 290 195 0 255 255
P 291 195 0 255 255
P 20 196 0 0 255
P 21 196 0 0 255
P 22 196 0 0 255
P 23 196 0 0 255
P 24 196 0 0 255
P 25 196 0 0 255
P 26 196 0 0 255
P 27 196 0 0 255
P 28 196 0 0 255
P 29 196 0 0 255
P 30 196 0 0 255
P 31 196 0 0 255
P 32 196 0 255 0
P 33 196 0 255 0
P 34 196 0 255 0
P 35 196 0 255 0
P 36 196 0 255 0
P 37 196 255 0 255
P 38 196 255 0 255
P 39 196 255 0 255
P 40 196 255 0 255
P 41 196 255 0 255
P 42 196 255 0 255
P 43 196 255 0 255
P 44 196 255 0 255
P 45 196 255 0 255
P 46 196 255 0 255
P 47 196 255 0 255
P 48 196 255 0 255
P 49 196 0 255 255
P 50 196 0 255 255
P 51 196 0 255 255
P 52 196 0 255 255
P 53 196 0 255 255
P 54 196 0 255 0
P 55 196 0 255 0
P 56 196 0 255 0
P 57 196 0 255 0
P 58 196 0 255 0
P 59 196 0 255 0
P 60 196 0 255 0
P 61 196 0 255 0
P 62 196 0 255 0
P 63 196 0 255 0
P 64 196 0 255 0
P 65 196 0 255 0
P 66 196 0 0 255
P 67 196 0 0 255
P 68 196 0 0 255
P 69 196 0 0 255
P 70 196 0 0 255
P 71 196 255 255 0
P 72 196 255 255 0
P 73 196 255 255 0
P 74 196 255 255 0
P 75 196 255 255 0
P 76 196 255 255 0
P 77 196 255 255 0
P 78 196 255 255 0
P 79 196 255 255 0
P 80 196 255 255 0
P 81 196 255 255 0
P 82 196 255 255 0
P 83 196 0 255 255
P 84 196 0 255 255
P 85 196 0 255 255
P 86 196 0 255 255
P 87 196 0 255 255
P 88 196 0 0 255
P 89 196 0 0 255
P 90 196 0 0 255
P 91 196 0 0 255
P 92 196 0 0 255
P 93 196 0 0 255
P 94 196 0 0 255
P 95 196 0 0 255
P 96 196 0 0 255
P 97 196 0 0 255
P 98 196 0 0 255
P 99 196 0 0 255
P 100 196 0 255 0
P 101 196 0 255 0
P 102 196 0 255 0
P 103 196 0 255 0
P 104 196 0 255 0
P 105 196 0 255 255
P 106 196 0 255 255
P 107 196 0 255 255
P 108 196 0 255 255
P 109 196 0 255 255
P 110 196 0 255 255
P 111 196 0 255 255
P 112 196 0 255 255
P 113 196 0 255 255
P 114 196 0 255 255
P 115 196 0 255 255
P 116 196 0 255 255
P 117 196 255 0 255
P 118 196 255 0 255
P 119 196 255 0 255
P 120 196 255 0 255
P 121 196 255 0 255
P 122 196 0 255 0
P 123 196 0 255 0
P 124 196 0 255 0
P 125 196 0 255 0
P 126 196 0 255 0
P 127 196 0 255 0
P 128 196 0 255 0
P 129 196 0 255 0
P 130 196 0 255 0
P 131 196 0 255 0
P 132 196 0 255 0
P 133 196 0 255 0
P 134 196 0 0 255
P 135 196 0 0 255
P 136 196 0 0 255
P 137 196 0 0 255
P 138 196 0 0 255
P 139 196 255 255 0
P 140 196 255 255 0
P 141 196 255 255 0
P 142 196 255 255 0
P 143 196 255 255 0
P 144 196 255 255 0
P 145 196 255 255 0
P 146 196 255 255 0
P 147 196 255 255 0
P 148 196 255 255 0
P 149 196 255 255 0
P 150 196 255 255 0
P 151 196 0 255 255
P 152 196 0 255 255
P 153 196 0 255 255
P 154 196 0 255 255
P 155 196 0 255 255
P 156 196 0 0 255
P 157 196 0 0 255
P 158 196 0 0 255
P 159 196 0 0 255
P 160 196 0 0 255
P 161 196 0 0 255
P 162 196 0 0 255
P 163 196 0 0 255
P 164 196 0 0 255
P 165 196 0 0 255
P 166 196 0 0 255
P 167 196 0 0 255
P 168 196 0 255 0
P 169 196 0 255 0
P 170 196 0 255 0
P 171 196 0 255 0
P 172 196 0 255 0
P 173 196 0 255 255
P 174 196 0 255 255
P 175 196 0 255 255
P 176 196 0 255 255
P 177 196 0 255 255
P 178 196 0 255 255
P 179 196 0 255 255
P 180 196 0 255 255
P 181 196 0 255 255
P 182 196 0 255 255
P 183 196 0 255 255
P 184 196 0 255 255
P 185 196 255 0 255
P 186 196 255 0 255
P 187 196 255 0 255
P 188 196 255 0 255
P 189 196 255 0 255
P 190 196 0 255 0
P 191 196 0 255 0
P 192 196 0 255 0
P 193 196 0 255 0
P 194 196 0 255 0
P 195 196 0 255 0
P 196 196 0 255 0
P 197 196 0 255 0
P 198 196 0 255 0
P 199 196 0 255 0
P 200 196 0 255 0
P 201 196 0 255 0
P 202 196 0 0 255
P 203 196 0 0 255
P 204 196 0 0 255
P 205 196 0 0 255
P 206 196 0 0 255
P 207 196 255 255 0
P 208 196 255 255 0
P 209 196 255 255 0
P 210 196 255 255 0
P 211 196 255 255 0
P 212 196 255 255 0
P 213 196 255 255 0
P 214 196 255 255 0
P 215 196 255 255 0
P 216 196 255 255 0
P 217 196 255 255 0
P 218 196 255 255 0
P 219 196 0 255 255
P 220 196 0 255 255
P 221 196 0 255 255
P 222 196 0 255 255
P 223 196 0 255 255
P 224 196 0 0 255
P 225 196 0 0 255
P 226 196 0 0 255
P 227 196 0 0 255
P 228 196 0 0 255
P 229 196 0 0 255
P 230 196 0 0 255
P 231 196 0 0 255
P 232 196 0 0 255
P 233 196 0 0 255
P 234 196 0 0 255
P 235 196 0 0 255
P 236 196 0 255 0
P 237 196 0 255 0
P 238 196 0 255 0
P 239 196 0 255 0
P 240 196 0 255 0
P 241 196 0 255 255
P 242 196 0 255 255
P 243 196 0 255 255
P 244 196 0 255 255
P 245 196 0 255 255
P 246 196 0 255 255
P 247 196 0 255 255
P 248 196 0 255 255
P 249 196 0 255 255
P 250 196 0 255 255
P 251 196 0 255 255
P 252 196 0 255 255
P 253 196 255 0 255
P 254 196 255 0 255
P 255 196 255 0 255
P 256 196 255 0 255
P 257 196 255 0 255
P 258 196 0 255 0
P 259 196 0 255 0
P 260 196 0 255 0
P 261 196 0 255 0
P 262 196 0 255 0
P 263 196 0 255 0
P 264 196 0 255 0
P 265 196 0 255 0
P 266 196 0 255 0
P 267 196 0 255 0
P 268 196 0 255 0
P 269 196 0 255 0
P 270 196 0 0 255
P 271 196 0 0 255
P 272 196 0 0 255
P 273 196 0 0 255
P 274 196 0 0 255
P 275 196 255 255 0
P 276 196 255 255 0
P 277 196 255 255 0
P 278 196 255 255 0
P 279 196 255 255 0
P 280 196 255 255 0
P 281 196 255 255 0
P 282 196 255 255 0
P 283 196 255 255 0
P 284 196 255 255 0
P 285 196 255 255 0
P 286 196 255 255 0
P 287 196 0 255 255
P 288 196 0 255 255
P 289 196 0 255 255
P 290 196 0 255 255
P 291 196 0 255 255
P 20 197 0 0 255
P 21 197 0 0 255
P 22 197 0 0 255
P 23 197 0 0 255
P 24 197 0 0 255
P 25 197 0 0 255
P 26 197 0 0 255
P 27 197 0 0 255
P 28 197 0 0 255
P 29 197 0 0 255
P 30 197 0 0 255
P 31 197 0 0 255
P 32 197 0 0 255
P 33 197 0 0 255
P 34 197 0 255 0
P 35 197 0 255 0
P 36 197 0 255 0
P 37 197 255 0 255
P 38 197 255 0 255
P 39 197 255 0 255
P 40 197 255 0 255
P 41 197 255 0 255
P 42 197 255 0 255
P 43 197 255 0 255
P 44 197 255 0 255
P 45 197 255 0 255
P 46 197 255 0 255
P 47 197 255 0 255
P 48 197 255 0 255
P 49 197 255 0 255
P 50 197 255 0 255
P 51 197 0 255 255
P 52 197 0 255 255
P 53 197 0 255 255
P 54 197 0 255 0
P 55 197 0 255 0
P 56 197 0 255 0
P 57 197 0 255 0
P 58 197 0 255 0
P 59 197 0 255 0
P 60 197 0 255 0
P 61 197 0 255 0
P 62 197 0 255 0
P 63 197 0 255 0
P 64 197 0 255 0
P 65 197 0 255 0
P 66 197 0 255 0
P 67 197 0 0 255
P 68 197 0 0 255
P 69 197 0 0 255
P 70 197 0 0 255
P 71 197 255 255 0
P 72 197 255 255 0
P 73 197 255 255 0
P 74 197 255 255 0
P 75 197 255 255 0
P 76 197 255 255 0
P 77 197 255 255 0
P 78 197 255 255 0
P 79 197 255 255 0
P 80 197 255 255 0
P 81 197 255 255 0
P 82 197 255 255 0
P 83 197 255 255 0
P 84 197 0 255 255
P 85 197 0 255 255
P 86 197 0 255 255
P 87 197 0 255 255
P 88 197 0 0 255
P 89 197 0 0 255
P 90 197 0 0 255
P 91 197 0 0 255
P 92 197 0 0 255
P 93 197 0 0 255
P 94 197 0 0 255
P 95 197 0 0 255
P 96 197 0 0 255
P 97 197 0 0 255
P 98 197 0 0 255
P 99 197 0 0 255
P 100 197 0 0 255
P 101 197 0 255 0
P 102 197 0 255 0
P 103 197 0 255 0
P 104 197 0 255 0
P 105 197 0 255 255
P 106 197 0 255 255
P 107 197 0 255 255
P 108 197 0 255 255
P 109 197 0 255 255
P 110 197 0 255 255
P 111 197 0 255 255
P 112 197 0 255 255
P 113 197 0 255 255
P 114 197 0 255 255
P 115 197 0 255 255
P 116 197 0 255 255
P 117 197 0 255 255
P 118 197 0 255 255
P 119 197 255 0 255
P 120 197 255 0 255
P 121 197 255 0 255
P 122 197 0 255 0
P 123 197 0 255 0
P 124 197 0 255 0
P 125 197 0 255 0
P 126 197 0 255 0
P 127 197 0 255 0
P 128 197 0 255 0
P 129 197 0 255 0
P 130 197 0 255 0
P 131 197 0 255 0
P 132 197 0 255 0
P 133 197 0 255 0
P 134 197 0 255 0
P 135 197 0 0 255
P 136 197 0 0 255
P 137 197 0 0 255
P 138 197 0 0 255
P 139 197 255 255 0
P 140 197 255 255 0
P 141 197 255 255 0
P 142 197 255 255 0
P 143 197 255 255 0
P 144 197 255 255 0
P 145 197 255 255 0
P 146 197 255 255 0
P 147 197 255 255 0
P 148 197 255 255 0
P 149 197 255 255 0
P 150 197 255 255 0
P 151 197 255 255 0
P 152 197 0 255 255
P 153 197 0 255 255
P 154 197 0 255 255
P 155 197 0 255 255
P 156 197 0 0 255
P 157 197 0 0 255
P 158 197 0 0 255
P 159 197 0 0 255
P 160 197 0 0 255
P 161 197 0 0 255
P 162 197 0 0 255
P 163 197 0 0 255
P 164 197 0 0 255
P 165 197 0 0 255
P 166 197 0 0 255
P 167 197 0 0 255
P 168 197 0 0 255
P 169 197 0 255 0
P 170 197 0 255 0
P 171 197 0 255 0
P 172 197 0 255 0
P 173 197 0 255 255
P 174 197 0 255 255
P 175 197 0 255 255
P 176 197 0 255 255
P 177 197 0 255 255
P 178 197 0 255 255
P 179 197 0 255 255
P 180 197 0 255 255
P 181 197 0 255 255
P 182 197 0 255 255
P 183 197 0 255 255
P 184 197 0 255 255
P 185 197 0 255 255
P 186 197 0 255 255
P 187 197 255 0 255
P 188 197 255 0 255
P 189 197 255 0 255
P 190 197 0 255 0
P 191 197 0 255 0
P 192 197 0 255 0
P 193 197 0 255 0
P 194 197 0 255 0
P 195 197 0 255 0
P 196 197 0 255 0
P 197 197 0 255 0
P 198 197 0 255 0
P 199 197 0 255 0
P 200 197 0 255 0
P 201 197 0 255 0
P 202 197 0 255 0
P 203 197 0 0 255
P 204 197 0 0 255
P 205 197 0 0 255
P 206 197 0 0 255
P 207 197 255 255 0
P 208 197 255 255 0
P 209 197 255 255 0
P 210 197 255 255 0
P 211 197 255 255 0
P 212 197 255 255 0
P 213 197 255 255 0
P 214 197 255 255 0
P 215 197 255 255 0
P 216 197 255 255 0
P 217 197 255 255 0
P 218 197 255 255 0
P 219 197 255 255 0
P 220 197 0 255 255
P 221 197 0 255 255
P 222 197 0 255 255
P 223 197 0 255 255
P 224 197 0 0 255
P 225 197 0 0 255
P 226 197 0 0 255
P 227 197 0 0 255
P 228 197 0 0 255
P 229 197 0 0 255
P 230 197 0 0 255
P 231 197 0 0 255
P 232 197 0 0 255
P 233 197 0 0 255
P 234 197 0 0 255
P 235 197 0 0 255
P 236 197 0 0 255
P 237 197 0 255 0
P 238 197 0 255 0
P 239 197 0 255 0
P 240 197 0 255 0
P 241 197 0 255 255
P 242 197 0 255 255
P 243 197 0 255 255
P 244 197 0 255 255
P 245 197 0 255 255
P 246 197 0 255 255
P 247 197 0 255 255
P 248 197 0 255 255
P 249 197 0 255 255
P 250 197 0 255 255
P 251 197 0 255 255
P 252 197 0 255 255
P 253 197 0 255 255
P 254 197 255 0 255
P 255 197 255 0 255
P 256 197 255 0 255
P 257 197 255 0 255
P 258 197 0 255 0
P 259 197 0 255 0
P 260 197 0 255 0
P 261 197 0 255 0
P 262 197 0 255 0
P 263 197 0 255 0
P 264 197 0 255 0
P 265 197 0 255 0
P 266 197 0 255 0
P 267 197 0 255 0
P 268 197 0 255 0
P 269 197 0 255 0
P 270 197 0 255 0
P 271 197 0 0 255
P 272 197 0 0 255
P 273 197 0 0 255
P 274 197 0 0 255
P 275 197 255 255 0
P 276 197 255 255 0
P 277 197 255 255 0
P 278 197 255 255 0
P 279 197 255 255 0
P 280 197 255 255 0
P 281 197 255 255 0
P 282 197 255 255 0
P 283 197 255 255 0
P 284 197 255 255 0
P 285 197 255 255 0
P 286 197 255 255 0
P 287 197 255 255 0
P 288 197 0 255 255
P 289 197 0 255 255
P 290 197 0 255 255
P 291 197 0 255 255
P 20 198 0 0 255
P 21 198 0 0 255
P 22 198 0 0 255
P 23 198 0 0 255
P 24 198 0 0 255
P 25 198 0 0 255
P 26 198 0 0 255
P 27 198 0 0 255
P 28 198 0 0 255
P 29 198 0 0 255
P 30 198 0 0 255
P 31 198 0 0 255
P 32 198 0 0 255
P 33 198 0 0 255
P 34 198 0 0 255
P 35 198 0 255 0
P 36 198 0 255 0
P 37 198 255 0 255
P 38 198 255 0 255
P 39 198 255 0 255
P 40 198 255 0 255
P 41 198 255 0 255
P 42 198 255 0 255
P 43 198 255 0 255
P 44 198 255 0 255
P 45 198 255 0 255
P 46 198 255 0 255
P 47 198 255 0 255
P 48 198 255 0 255
P 49 198 255 0 255
P 50 198 255 0 255
P 51 198 255 0 255
P 52 198 0 255 255
P 53 198 0 255 255
P 54 198 0 255 0
P 55 198 0 255 0
P 56 198 0 255 0
P 57 198 0 255 0
P 58 198 0 255 0
P 59 198 0 255 0
P 60 198 0 255 0
P 61 198 0 255 0
P 62 198 0 255 0
P 63 198 0 255 0
P 64 198 0 255 0
P 65 198 0 255 0
P 66 198 0 255 0
P 67 198 0 255 0
P 68 198 0 255 0
P 69 198 0 0 255
P 70 198 0 0 255
P 71 198 255 255 0
P 72 198 255 255 0
P 73 198 255 255 0
P 74 198 255 255 0
P 75 198 255 255 0
P 76 198 255 255 0
P 77 198 255 255 0
P 78 198 255 255 0
P 79 198 255 255 0
P 80 198 255 255 0
P 81 198 255 255 0
P 82 198 255 255 0
P 83 198 255 255 0
P 84 198 255 255 0
P 85 198 255 255 0
P 86 198 0 255 255
P 87 198 0 255 255
P 88 198 0 0 255
P 89 198 0 0 255
P 90 198 0 0 255
P 91 198 0 0 255
P 92 198 0 0 255
P 93 198 0 0 255
P 94 198 0 0 255
P 95 198 0 0 255
P 96 198 0 0 255
P 97 198 0 0 255
P 98 198 0 0 255
P 99 198 0 0 255
P 100 198 0 0 255
P 101 198 0 0 255
P 102 198 0 0 255
P 103 198 0 255 0
P 104 198 0 255 0
P 105 198 0 255 255
P 106 198 0 255 255
P 107 198 0 255 255
P 108 198 0 255 255
P 109 198 0 255 255
P 110 198 0 255 255
P 111 198 0 255 255
P 112 198 0 255 255
P 113 198 0 255 255
P 114 198 0 255 255
P 115 198 0 255 255
P 116 198 0 255 255
P 117 198 0 255 255
P 118 198 0 255 255
P 119 198 0 255 255
P 120 198 255 0 255
P 121 198 255 0 255
P 122 198 0 255 0
P 123 198 0 255 0
P 124 198 0 255 0
P 125 198 0 255 0
P 126 198 0 255 0
P 127 198 0 255 0
P 128 198 0 255 0
P 129 198 0 255 0
P 130 198 0 255 0
P 131 198 0 255 0
P 132 198 0 255 0
P 133 198 0 255 0
P 134 198 0 255 0
P 135 198 0 255 0
P 136 198 0 255 0
P 137 198 0 0 255
P 138 198 0 0 255
P 139 198 255 255 0
P 140 198 255 255 0
P 141 198 255 255 0
P 142 198 255 255 0
P 143 198 255 255 0
P 144 198 255 255 0
P 145 198 255 255 0
P 146 198 255 255 0
P 147 198 255 255 0
P 148 198 255 255 0
P 149 198 255 255 0
P 150 198 255 255 0
P 151 198 255 255 0
P 152 198 255 255 0
P 153 198 255 255 0
P 154 198 0 255 255
P 155 198 0 255 255
P 156 198 0 0 255
P 157 198 0 0 255
P 158 198 0 0 255
P 159 198 0 0 255
P 160 198 0 0 255
P 161 198 0 0 255
P 162 198 0 0 255
P 163 198 0 0 255
P 164 198 0 0 255
P 165 198 0 0 255
P 166 198 0 0 255
P 167 198 0 0 255
P 168 198 0 0 255
P 169 198 0 0 255
P 170 198 0 0 255
P 171 198 0 255 0
P 172 198 0 255 0
P 173 198 0 255 255
P 174 198 0 255 255
P 175 198 0 255 255
P 176 198 0 255 255
P 177 198 0 255 255
P 178 198 0 255 255
P 179 198 0 255 255
P 180 198 0 255 255
P 181 198 0 255 255
P 182 198 0 255 255
P 183 198 0 255 255
P 184 198 0 255 255
P 185 198 0 255 255
P 186 198 0 255 255
P 187 198 0 255 255
P 188 198 255 0 255
P 189 198 255 0 255
P 190 198 0 255 0
P 191 198 0 255 0
P 192 198 0 255 0
P 193 198 0 255 0
P 194 198 0 255 0
P 195 198 0 255 0
P 196 198 0 255 0
P 197 198 0 255 0
P 198 198 0 255 0
P 199 198 0 255 0
P 200 198 0 255 0
P 201 198 0 255 0
P 202 198 0 255 0
P 203 198 0 255 0
P 204 198 0 255 0
P 205 198 0 0 255
P 206 198 0 0 255
P 207 198 255 255 0
P 208 198 255 255 0
P 209 198 255 255 0
P 210 198 255 255 0
P 211 198 255 255 0
P 212 198 255 255 0
P 213 198 255 255 0
P 214 198 255 255 0
P 215 198 255 255 0
P 216 198 255 255 0
P 217 198 255 255 0
P 218 198 255 255 0
P 219 198 255 255 0
P 220 198 255 255 0
P 221 198 255 255 0
P 222 198 0 255 255
P 223 198 0 255 255
P 224 198 0 0 255
P 225 198 0 0 255
P 226 198 0 0 255
P 227 198 0 0 255
P 228 198 0 0 255
P 229 198 0 0 255
P 230 198 0 0 255
P 231 198 0 0 255
P 232 198 0 0 255
P 233 198 0 0 255
P 234 198 0 0 255
P 235 198 0 0 255
P 236 198 0 0 255
P 237 198 0 0 255
P 238 198 0 0 255
P 239 198 0 255 0
P 240 198 0 255 0
P 241 198 0 255 255
P 242 198 0 255 255
P 243 198 0 255 255
P 244 198 0 255 255
P 245 198 0 255 255
P 246 198 0 255 255
P 247 198 0 255 255
P 248 198 0 255 255
P 249 198 0 255 255
P 250 198 0 255 255
P 251 198 0 255 255
P 252 198 0 255 255
P 253 198 0 255 255
P 254 198 0 255 255
P 255 198 0 255 255
P 256 198 255 0 255
P 257 198 255 0 255
P 258 198 0 255 0
P 259 198 0 255 0
P 260 198 0 255 0
P 261 198 0 255 0
P 262 198 0 255 0
P 263 198 0 255 0
P 264 198 0 255 0
P 265 198 0 255 0
P 266 198 0 255 0
P 267 198 0 255 0
P 268 198 0 255 0
P 269 198 0 255 0
P 270 198 0 255 0
P 271 198 0 255 0
P 272 198 0 255 0
P 273 198 0 0 255
P 274 198 0 0 255
P 275 198 255 255 0
P 276 198 255 255 0
P 277 198 255 255 0
P 278 198 255 255 0
P 279 198 255 255 0
P 280 198 255 255 0
P 281 198 255 255 0
P 282 198 255 255 0
P 283 198 255 255 0
P 284 198 255 255 0
P 285 198 255 255 0
P 286 198 255 255 0
P 287 198 255 255 0
P 288 198 255 255 0
P 289 198 255 255 0
P 290 198 0 255 255
P 291 198 0 255 255
P 20 199 0 0 255
P 21 199 0 0 255
P 22 199 0 0 255
P 23 199 0 0 255
P 24 199 0 0 255
P 25 199 0 0 255
P 26 199 0 0 255
P 27 199 0 0 255
P 28 199 0 0 255
P 29 199 0 0 255
P 30 199 0 0 255
P 31 199 0 0 255
P 32 199 0 0 255
P 33 199 0 0 255
P 34 199 0 0 255
P 35 199 0 0 255
P 36 199 0 0 255
P 37 199 255 0 255
P 38 199 255 0 255
P 39 199 255 0 255
P 40 199 255 0 255
P 41 199 255 0 255
P 42 199 255 0 255
P 43 199 255 0 255
P 44 199 255 0 255
P 45 199 255 0 255
P 46 199 255 0 255
P 47 199 255 0 255
P 48 199 255 0 255
P 49 199 255 0 255
P 50 199 255 0 255
P 51 199 255 0 255
P 52 199 255 0 255
P 53 199 0 255 255
P 54 199 0 255 0
P 55 199 0 255 0
P 56 199 0 255 0
P 57 199 0 255 0
P 58 199 0 255 0
P 59 199 0 255 0
P 60 199 0 255 0
P 61 199 0 255 0
P 62 199 0 255 0
P 63 199 0 255 0
P 64 199 0 255 0
P 65 199 0 255 0
P 66 199 0 255 0
P 67 199 0 255 0
P 68 199 0 255 0
P 69 199 0 255 0
P 70 199 0 0 255
P 71 199 255 255 0
P 72 199 255 255 0
P 73 199 255 255 0
P 74 199 255 255 0
P 75 199 255 255 0
P 76 199 255 255 0
P 77 199 255 255 0
P 78 199 255 255 0
P 79 199 255 255 0
P 80 199 255 255 0
P 81 199 255 255 0
P 82 199 255 255 0
P 83 199 255 255 0
P 84 199 255 255 0
P 85 199 255 255 0
P 86 199 255 255 0
P 87 199 0 255 255
P 88 199 0 0 255
P 89 199 0 0 255
P 90 199 0 0 255
P 91 199 0 0 255
P 92 199 0 0 255
P 93 199 0 0 255
P 94 199 0 0 255
P 95 199 0 0 255
P 96 199 0 0 255
P 97 199 0 0 255
P 98 199 0 0 255
P 99 199 0 0 255
P 100 199 0 0 255
P 101 199 0 0 255
P 102 199 0 0 255
P 103 199 0 0 255
P 104 199 0 255 0
P 105 199 0 255 255
P 106 199 0 255 255
P 107 199 0 255 255
P 108 199 0 255 255
P 109 199 0 255 255
P 110 199 0 255 255
P 111 199 0 255 255
P 112 199 0 255 255
P 113 199 0 255 255
P 114 199 0 255 255
P 115 199 0 255 255
P 116 199 0 255 255
P 117 199 0 255 255
P 118 199 0 255 255
P 119 199 0 255 255
P 120 199 0 255 255
P 121 199 255 0 255
P 122 199 0 255 0
P 123 199 0 255 0
P 124 199 0 255 0
P 125 199 0 255 0
P 126 199 0 255 0
P 127 199 0 255 0
P 128 199 0 255 0
P 129 199 0 255 0
P 130 199 0 255 0
P 131 199 0 255 0
P 132 199 0 255 0
P 133 199 0 255 0
P 134 199 0 255 0
P 135 199 0 255 0
P 136 199 0 255 0
P 137 199 0 255 0
P 138 199 0 0 255
P 139 199 255 255 0
P 140 199 255 255 0
P 141 199 255 255 0
P 142 199 255 255 0
P 143 199 255 255 0
P 144 199 255 255 0
P 145 199 255 255 0
P 146 199 255 255 0
P 147 199 255 255 0
P 148 199 255 255 0
P 149 199 255 255 0
P 150 199 255 255 0
P 151 199 255 255 0
P 152 199 255 255 0
P 153 199 255 255 0
P 154 199 255 255 0
P 155 199 0 255 255
P 156 199 0 0 255
P 157 199 0 0 255
P 158 199 0 0 255
P 159 199 0 0 255
P 160 199 0 0 255
P 161 199 0 0 255
P 162 199 0 0 255
P 163 199 0 0 255
P 164 199 0 0 255
P 165 199 0 0 255
P 166 199 0 0 255
P 167 199 0 0 255
P 168 199 0 0 255
P 169 199 0 0 255
P 170 199 0 0 255
P 171 199 0 0 255
P 172 199 0 255 0
P 173 199 0 255 255
P 174 199 0 255 255
P 175 199 0 255 255
P 176 199 0 255 255
P 177 199 0 255 255
P 178 199 0 255 255
P 179 199 0 255 255
P 180 199 0 255 255
P 181 199 0 255 255
P 182 199 0 255 255
P 183 199 0 255 255
P 184 199 0 255 255
P 185 199 0 255 255
P 186 199 0 255 255
P 187 199 0 255 255
P 188 199 0 255 255
P 189 199 255 0 255
P 190 199 0 255 0
P 191 199 0 255 0
P 192 199 0 255 0
P 193 199 0 255 0
P 194 199 0 255 0
P 195 199 0 255 0
P 196 199 0 255 0
P 197 199 0 255 0
P 198 199 0 255 0
P 199 199 0 255 0
P 200 199 0 255 0
P 201 199 0 255 0
P 202 199 0 255 0
P 203 199 0 255 0
P 204 199 0 255 0
P 205 199 0 255 0
P 206 199 0 0 255
P 207 199 255 255 0
P 208 199 255 255 0
P 209 199 255 255 0
P 210 199 255 255 0
P 211 199 255 255 0
P 212 199 255 255 0
P 213 199 255 255 0
P 214 199 255 255 0
P 215 199 255 255 0
P 216 199 255 255 0
P 217 199 255 255 0
P 218 199 255 255 0
P 219 199 255 255 0
P 220 199 255 255 0
P 221 199 255 255 0
P 222 199 255 255 0
P 223 199 0 255 255
P 224 199 0 0 255
P 225 199 0 0 255
P 226 199 0 0 255
P 227 199 0 0 255
P 228 199 0 0 255
P 229 199 0 0 255
P 230 199 0 0 255
P 231 199 0 0 255
P 232 199 0 0 255
P 233 199 0 0 255
P 234 199 0 0 255
P 235 199 0 0 255
P 236 199 0 0 255
P 237 199 0 0 255
P 238 199 0 0 255
P 239 199 0 0 255
P 240 199 0 255 0
P 241 199 0 255 255
P 242 199 0 255 255
P 243 199 0 255 255
P 244 199 0 255 255
P 245 199 0 255 255
P 246 199 0 255 255
P 247 199 0 255 255
P 248 199 0 255 255
P 249 199 0 255 255
P 250 199 0 255 255
P 251 199 0 255 255
P 252 199 0 255 255
P 253 199 0 255 255
P 254 199 0 255 255
P 255 199 0 255 255
P 256 199 0 255 255
P 257 199 255 0 255
P 258 199 0 255 0
P 259 199 0 255 0
P 260 199 0 255 0
P 261 199 0 255 0
P 262 199 0 255 0
P 263 199 0 255 0
P 264 199 0 255 0
P 265 199 0 255 0
P 266 199 0 255 0
P 267 199 0 255 0
P 268 199 0 255 0
P 269 199 0 255 0
P 270 199 0 255 0
P 271 199 0 255 0
P 272 199 0 255 0
P 273 199 0 255 0
P 274 199 0 0 255
P 275 199 255 255 0
P 276 199 255 255 0
P 277 199 255 255 0
P 278 199 255 255 0
P 279 199 255 255 0
P 280 199 255 255 0
P 281 199 255 255 0
P 282 199 255 255 0
P 283 199 255 255 0
P 284 199 255 255 0
P 285 199 255 255 0
P 286 199 255 255 0
P 287 199 255 255 0
P 288 199 255 255 0
P 289 199 255 255 0
P 290 199 255 255 0
P 291 199 0 255 255
P 20 200 255 0 0
P 21 200 255 0 0
P 22 200 255 0 0
P 23 200 255 0 0
P 24 200 255 0 0
P 25 200 255 0 0
P 26 200 255 0 0
P 27 200 255 0 0
P 28 200 255 0 0
P 29 200 255 0 0
P 30 200 255 0 0
P 31 200 255 0 0
P 32 200 255 0 0
P 33 200 255 0 0
P 34 200 255 0 0
P 35 200 255 0 0
P 36 200 255 0 0
P 37 200 0 255 255
P 38 200 255 255 0
P 39 200 255 255 0
P 40 200 255 255 0
P 41 200 255 255 0
P 42 200 255 255 0
P 43 200 255 255 0
P 44 200 255 255 0
P 45 200 255 255 0
P 46 200 255 255 0
P 47 200 255 255 0
P 48 200 255 255 0
P 49 200 255 255 0
P 50 200 255 255 0
P 51 200 255 255 0
P 52 200 255 255 0
P 53 200 255 255 0
P 54 200 0 0 255
P 55 200 255 0 0
P 56 200 255 0 0
P 57 200 255 0 0
P 58 200 255 0 0
P 59 200 255 0 0
P 60 200 255 0 0
P 61 200 255 0 0
P 62 200 255 0 0
P 63 200 255 0 0
P 64 200 255 0 0
P 65 200 255 0 0
P 66 200 255 0 0
P 67 200 255 0 0
P 68 200 255 0 0
P 69 200 255 0 0
P 70 200 255 0 0
P 71 200 255 0 255
P 72 200 255 0 255
P 73 200 255 0 255
P 74 200 255 0 255
P 75 200 255 0 255
P 76 200 255 0 255
P 77 200 255 0 255
P 78 200 255 0 255
P 79 200 255 0 255
P 80 200 255 0 255
P 81 200 255 0 255
P 82 200 255 0 255
P 83 200 255 0 255
P 84 200 255 0 255
P 85 200 255 0 255
P 86 200 255 0 255
P 87 200 255 0 255
P 88 200 255 0 0
P 89 200 255 0 0
P 90 200 255 0 0
P 91 200 255 0 0
P 92 200 255 0 0
P 93 200 255 0 0
P 94 200 255 0 0
P 95 200 255 0 0
P 96 200 255 0 0
P 97 200 255 0 0
P 98 200 255 0 0
P 99 200 255 0 0
P 100 200 255 0 0
P 101 200 255 0 0
P 102 200 255 0 0
P 103 200 255 0 0
P 104 200 255 0 0
P 105 200 255 255 0
P 106 200 255 255 0
P 107 200 255 255 0
P 108 200 255 255 0
P 109 200 255 255 0
P 110 200 255 255 0
P 111 200 255 255 0
P 112 200 255 255 0
P 113 200 255 255 0
P 114 200 255 255 0
P 115 200 255 255 0
P 116 200 255 255 0
P 117 200 255 255 0
P 118 200 255 255 0
P 119 200 255 255 0
P 120 200 255 255 0
P 121 200 255 255 0
P 122 200 0 0 255
P 123 200 255 0 0
P 124 200 255 0 0
P 125 200 255 0 0
P 126 200 255 0 0
P 127 200 255 0 0
P 128 200 255 0 0
P 129 200 255 0 0
P 130 200 255 0 0
P 131 200 255 0 0
P 132 200 255 0 0
P 133 200 255 0 0
P 134 200 255 0 0
P 135 200 255 0 0
P 136 200 255 0 0
P 137 200 255 0 0
P 138 200 255 0 0
P 139 200 0 255 255
P 140 200 255 0 255
P 141 200 255 0 255
P 142 200 255 0 255
P 143 200 255 0 255
P 144 200 255 0 255
P 145 200 255 0 255
P 146 200 255 0 255
P 147 200 255 0 255
P 148 200 255 0 255
P 149 200 255 0 255
P 150 200 255 0 255
P 151 200 255 0 255
P 152 200 255 0 255
P 153 200 255 0 255
P 154 200 255 0 255
P 155 200 255 0 255
P 156 200 255 0 0
P 157 200 255 0 0
P 158 200 255 0 0
P 159 200 255 0 0
P 160 200 255 0 0
P 161 200 255 0 0
P 162 200 255 0 0
P 163 200 255 0 0
P 164 200 255 0 0
P 165 200 255 0 0
P 166 200 255 0 0
P 167 200 255 0 0
P 168 200 255 0 0
P 169 200 255 0 0
P 170 200 255 0 0
P 171 200 255 0 0
P 172 200 255 0 0
P 173 200 255 255 0
P 174 200 255 255 0
P 175 200 255 255 0
P 176 200 255 255 0
P 177 200 255 255 0
P 178 200 255 255 0
P 179 200 255 255 0
P 180 200 255 255 0
P 181 200 255 255 0
P 182 200 255 255 0
P 183 200 255 255 0
P 184 200 255 255 0
P 185 200 255 255 0
P 186 200 255 255 0
P 187 200 255 255 0
P 188 200 255 255 0
P 189 200 255 255 0
P 190 200 0 0 255
P 191 200 255 0 0
P 192 200 255 0 0
P 193 200 255 0 0
P 194 200 255 0 0
P 195 200 255 0 0
P 196 200 255 0 0
P 197 200 255 0 0
P 198 200 255 0 0
P 199 200 255 0 0
P 200 200 255 0 0
P 201 200 255 0 0
P 202 200 255 0 0
P 203 200 255 0 0
P 204 200 255 0 0
P 205 200 255 0 0
P 206 200 255 0 0
P 207 200 0 255 255
P 208 200 255 0 255
P 209 200 255 0 255
P 210 200 255 0 255
P 211 200 255 0 255
P 212 200 255 0 255
P 213 200 255 0 255
P 214 200 255 0 255
P 215 200 255 0 255
P 216 200 255 0 255
P 217 200 255 0 255
P 218 200 255 0 255
P 219 200 255 0 255
P 220 200 255 0 255
P 221 200 255 0 255
P 222 200 255 0 255
P 223 200 255 0 255
P 224 200 0 255 0
P 225 200 255 0 0
P 226 200 255 0 0
P 227 200 255 0 0
P 228 200 255 0 0
P 229 200 255 0 0
P 230 200 255 0 0
P 231 200 255 0 0
P 232 200 255 0 0
P 233 200 255 0 0
P 234 200 255 0 0
P 235 200 255 0 0
P 236 200 255 0 0
P 237 200 255 0 0
P 238 200 255 0 0
P 239 200 255 0 0
P 240 200 255 0 0
P 241 200 255 0 255
P 242 200 255 255 0
P 243 200 255 255 0
P 244 200 255 255 0
P 245 200 255 255 0
P 246 200 255 255 0
P 247 200 255 255 0
P 248 200 255 255 0
P 249 200 255 255 0
P 250 200 255 255 0
P 251 200 255 255 0
P 252 200 255 255 0
P 253 200 255 255 0
P 254 200 255 255 0
P 255 200 255 255 0
P 256 200 255 255 0
P 257 200 255 255 0
P 258 200 0 0 255
P 259 200 255 0 0
P 260 200 255 0 0
P 261 200 255 0 0
P 262 200 255 0 0
P 263 200 255 0 0
P 264 200 255 0 0
P 265 200 255 0 0
P 266 200 255 0 0
P 267 200 255 0 0
P 268 200 255 0 0
P 269 200 255 0 0
P 270 200 255 0 0
P 271 200 255 0 0
P 272 200 255 0 0
P 273 200 255 0 0
P 274 200 255 0 0
P 275 200 0 255 255
P 276 200 255 0 255
P 277 200 255 0 255
P 278 200 255 0 255
P 279 200 255 0 255
P 280 200 255 0 255
P 281 200 255 0 255
P 282 200 255 0 255
P 283 200 255 0 255
P 284 200 255 0 255
P 285 200 255 0 255
P 286 200 255 0 255
P 287 200 255 0 255
P 288 200 255 0 255
P 289 200 255 0 255
P 290 200 255 0 255
P 291 200 255 0 255
P 20 201 0 255 0
P 21 201 0 255 0
P 22 201 255 0 0
P 23 201 255 0 0
P 24 201 255 0 0
P 25 201 255 0 0
P 26 201 255 0 0
P 27 201 255 0 0
P 28 201 255 0 0
P 29 201 255 0 0
P 30 201 255 0 0
P 31 201 255 0 0
P 32 201 255 0 0
P 33 201 255 0 0
P 34 201 255 0 0
P 35 201 255 0 0
P 36 201 255 0 0
P 37 201 0 255 255
P 38 201 0 255 255
P 39 201 255 255 0
P 40 201 255 255 0
P 41 201 255 255 0
P 42 201 255 255 0
P 43 201 255 255 0
P 44 201 255 255 0
P 45 201 255 255 0
P 46 201 255 255 0
P 47 201 255 255 0
P 48 201 255 255 0
P 49 201 255 255 0
P 50 201 255 255 0
P 51 201 255 255 0
P 52 201 255 255 0
P 53 201 255 255 0
P 54 201 0 0 255
P 55 201 0 0 255
P 56 201 255 0 0
P 57 201 255 0 0
P 58 201 255 0 0
P 59 201 255 0 0
P 60 201 255 0 0
P 61 201 255 0 0
P 62 201 255 0 0
P 63 201 255 0 0
P 64 201 255 0 0
P 65 201 255 0 0
P 66 201 255 0 0
P 67 201 255 0 0
P 68 201 255 0 0
P 69 201 255 0 0
P 70 201 255 0 0
P 71 201 0 255 255
P 72 201 0 255 255
P 73 201 255 0 255
P 74 201 255 0 255
P 75 201 255 0 255
P 76 201 255 0 255
P 77 201 255 0 255
P 78 201 255 0 255
P 79 201 255 0 255
P 80 201 255 0 255
P 81 201 255 0 255
P 82 201 255 0 255
P 83 201 255 0 255
P 84 201 255 0 255
P 85 201 255 0 255
P 86 201 255 0 255
P 87 201 255 0 255
P 88 201 0 255 0
P 89 201 0 255 0
P 90 201 255 0 0
P 91 201 255 0 0
P 92 201 255 0 0
P 93 201 255 0 0
P 94 201 255 0 0
P 95 201 255 0 0
P 96 201 255 0 0
P 97 201 255 0 0
P 98 201 255 0 0
P 99 201 255 0 0
P 100 201 255 0 0
P 101 201 255 0 0
P 102 201 255 0 0
P 103 201 255 0 0
P 104 201 255 0 0
P 105 201 255 0 255
P 106 201 255 0 255
P 107 201 255 255 0
P 108 201 255 255 0
P 109 201 255 255 0
P 110 201 255 255 0
P 111 201 255 255 0
P 112 201 255 255 0
P 113 201 255 255 0
P 114 201 255 255 0
P 115 201 255 255 0
P 116 201 255 255 0
P 117 201 255 255 0
P 118 201 255 255 0
P 119 201 255 255 0
P 120 201 255 255 0
P 121 201 255 255 0
P 122 201 0 0 255
P 123 201 0 0 255
P 124 201 255 0 0
P 125 201 255 0 0
P 126 201 255 0 0
P 127 201 255 0 0
P 128 201 255 0 0
P 129 201 255 0 0
P 130 201 255 0 0
P 131 201 255 0 0
P 132 201 255 0 0
P 133 201 255 0 0
P 134 201 255 0 0
P 135 201 255 0 0
P 136 201 255 0 0
P 137 201 255 0 0
P 138 201 255 0 0
P 139 201 0 255 255
P 140 201 0 255 255
P 141 201 255 0 255
P 142 201 255 0 255
P 143 201 255 0 255
P 144 201 255 0 255
P 145 201 255 0 255
P 146 201 255 0 255
P 147 201 255 0 255
P 148 201 255 0 255
P 149 201 255 0 255
P 150 201 255 0 255
P 151 201 255 0 255
P 152 201 255 0 255
P 153 201 255 0 255
P 154 201 255 0 255
P 155 201 255 0 255
P 156 201 0 255 0
P 157 201 0 255 0
P 158 201 255 0 0
P 159 201 255 0 0
P 160 201 255 0 0
P 161 201 255 0 0
P 162 201 255 0 0
P 163 201 255 0 0
P 164 201 255 0 0
P 165 201 255 0 0
P 166 201 255 0 0
P 167 201 255 0 0
P 168 201 255 0 0
P 169 201 255 0 0
P 170 201 255 0 0
P 171 201 255 0 0
P 172 201 255 0 0
P 173 201 255 0 255
P 174 201 255 0 255
P 175 201 255 255 0
P 176 201 255 255 0
P 177 201 255 255 0
P 178 201 255 255 0
P 179 201 255 255 0
P 180 201 255 255 0
P 181 201 255 255 0
P 182 201 255 255 0
P 183 201 255 255 0
P 184 201 255 255 0
P 185 201 255 255 0
P 186 201 255 255 0
P 187 201 255 255 0
P 188 201 255 255 0
P 189 201 255 255 0
P 190 201 0 0 255
P 191 201 0 0 255
P 192 201 255 0 0
P 193 201 255 0 0
P 194 201 255 0 0
P 195 201 255 0 0
P 196 201 255 0 0
P 197 201 255 0 0
P 198 201 255 0 0
P 199 201 255 0 0
P 200 201 255 0 0
P 201 201 255 0 0
P 202 201 255 0 0
P 203 201 255 0 0
P 204 201 255 0 0
P 205 201 255 0 0
P 206 201 255 0 0
P 207 201 0 255 255
P 208 201 0 255 255
P 209 201 255 0 255
P 210 201 255 0 255
P 211 201 255 0 255
P 212 201 255 0 255
P 213 201 255 0 255
P 214 201 255 0 255
P 215 201 255 0 255
P 216 201 255 0 255
P 217 201 255 0 255
P 218 201 255 0 255
P 219 201 255 0 255
P 220 201 255 0 255
P 221 201 255 0 255
P 222 201 255 0 255
P 223 201 255 0 255
P 224 201 0 255 0
P 225 201 0 255 0
P 226 201 255 0 0
P 227 201 255 0 0
P 228 201 255 0 0
P 229 201 255 0 0
P 230 201 255 0 0
P 231 201 255 0 0
P 232 201 255 0 0
P 233 201 255 0 0
P 234 201 255 0 0
P 235 201 255 0 0
P 236 201 255 0 0
P 237 201 255 0 0
P 238 201 255 0 0
P 239 201 255 0 0
P 240 201 255 0 0
P 241 201 255 0 255
P 242 201 255 0 255
P 243 201 255 255 0
P 244 201 255 255 0
P 245 201 255 255 0
P 246 201 255 255 0
P 247 201 255 255 0
P 248 201 255 255 0
P 249 201 255 255 0
P 250 201 255 255 0
P 251 201 255 255 0
P 252 201 255 255 0
P 253 201 255 255 0
P 254 201 255 255 0
P 255 201 255 255 0
P 256 201 255 255 0
P 257 201 255 255 0
P 258 201 0 0 255
P 259 201 0 0 255
P 260 201 255 0 0
P 261 201 255 0 0
P 262 201 255 0 0
P 263 201 255 0 0
P 264 201 255 0 0
P 265 201 255 0 0
P 266 201 255 0 0
P 267 201 255 0 0
P 268 201 255 0 0
P 269 201 255 0 0
P 270 201 255 0 0
P 271 201 255 0 0
P 272 201 255 0 0
P 273 201 255 0 0
P 274 201 255 0 0
P 275 201 0 255 255
P 276 201 0 255 255
P 277 201 255 0 255
P 278 201 255 0 255
P 279 201 255 0 255
P 280 201 255 0 255
P 281 201 255 0 255
P 282 201 255 0 255
P 283 201 255 0 255
P 284 201 255 0 255
P 285 201 255 0 255
P 286 201 255 0 255
P 287 201 255 0 255
P 288 201 255 0 255
P 289 201 255 0 255
P 290 201 255 0 255
P 291 201 255 0 255
P 20 202 0 255 0
P 21 202 0 255 0
P 22 202 0 255 0
P 23 202 255 0 0
P 24 202 255 0 0
P 25 202 255 0 0
P 26 202 255 0 0
P 27 202 255 0 0
P 28 202 255 0 0
P 29 202 255 0 0
P 30 202 255 0 0
P 31 202 255 0 0
P 32 202 255 0 0
P 33 202 255 0 0
P 34 202 255 0 0
P 35 202 255 0 0
P 36 202 255 0 0
P 37 202 0 255 255
P 38 202 0 255 255
P 39 202 0 255 255
P 40 202 0 255 255
P 41 202 255 255 0
P 42 202 255 255 0
P 43 202 255 255 0
P 44 202 255 255 0
P 45 202 255 255 0
P 46 202 255 255 0
P 47 202 255 255 0
P 48 202 255 255 0
P 49 202 255 255 0
P 50 202 255 255 0
P 51 202 255 255 0
P 52 202 255 255 0
P 53 202 255 255 0
P 54 202 0 0 255
P 55 202 0 0 255
P 56 202 0 0 255
P 57 202 0 0 255
P 58 202 255 0 0
P 59 202 255 0 0
P 60 202 255 0 0
P 61 202 255 0 0
P 62 202 255 0 0
P 63 202 255 0 0
P 64 202 255 0 0
P 65 202 255 0 0
P 66 202 255 0 0
P 67 202 255 0 0
P 68 202 255 0 0
P 69 202 255 0 0
P 70 202 255 0 0
P 71 202 0 255 255
P 72 202 0 255 255
P 73 202 0 255 255
P 74 202 255 0 255
P 75 202 255 0 255
P 76 202 255 0 255
P 77 202 255 0 255
P 78 202 255 0 255
P 79 202 255 0 255
P 80 202 255 0 255
P 81 202 255 0 255
P 82 202 255 0 255
P 83 202 255 0 255
P 84 202 255 0 255
P 85 202 255 0 255
P 86 202 255 0 255
P 87 202 255 0 255
P 88 202 0 255 0
P 89 202 0 255 0
P 90 202 0 255 0
P 91 202 255 0 0
P 92 202 255 0 0
P 93 202 255 0 0
P 94 202 255 0 0
P 95 202 255 0 0
P 96 202 255 0 0
P 97 202 255 0 0
P 98 202 255 0 0
P 99 202 255 0 0
P 100 202 255 0 0
P 101 202 255 0 0
P 102 202 255 0 0
P 103 202 255 0 0
P 104 202 255 0 0
P 105 202 255 0 255
P 106 202 255 0 255
P 107 202 255 0 255
P 108 202 255 255 0
P 109 202 255 255 0
P 110 202 255 255 0
P 111 202 255 255 0
P 112 202 255 255 0
P 113 202 255 255 0
P 114 202 255 255 0
P 115 202 255 255 0
P 116 202 255 255 0
P 117 202 255 255 0
P 118 202 255 255 0
P 119 202 255 255 0
P 120 202 255 255 0
P 121 202 255 255 0
P 122 202 0 0 255
P 123 202 0 0 255
P 124 202 0 0 255
P 125 202 0 0 255
P 126 202 255 0 0
P 127 202 255 0 0
P 128 202 255 0 0
P 129 202 255 0 0
P 130 202 255 0 0
P 131 202 255 0 0
P 132 202 255 0 0
P 133 202 255 0 0
P 134 202 255 0 0
P 135 202 255 0 0
P 136 202 255 0 0
P 137 202 255 0 0
P 138 202 255 0 0
P 139 202 0 255 255
P 140 202 0 255 255
P 141 202 0 255 255
P 142 202 0 255 255
P 143 202 255 0 255
P 144 202 255 0 255
P 145 202 255 0 255
P 146 202 255 0 255
P 147 202 255 0 255
P 148 202 255 0 255
P 149 202 255 0 255
P 150 202 255 0 255
P 151 202 255 0 255
P 152 202 255 0 255
P 153 202 255 0 255
P 154 202 255 0 255
P 155 202 255 0 255
P 156 202 0 255 0
P 157 202 0 255 0
P 158 202 0 255 0
P 159 202 255 0 0
P 160 202 255 0 0
P 161 202 255 0 0
P 162 202 255 0 0
P 163 202 255 0 0
P 164 202 255 0 0
P 165 202 255 0 0
P 166 202 255 0 0
P 167 202 255 0 0
P 168 202 255 0 0
P 169 202 255 0 0
P 170 202 255 0 0
P 171 202 255 0 0
P 172 202 255 0 0
P 173 202 255 0 255
P 174 202 255 0 255
P 175 202 255 0 255
P 176 202 255 255 0
P 177 202 255 255 0
P 178 202 255 255 0
P 179 202 255 255 0
P 180 202 255 255 0
P 181 202 255 255 0
P 182 202 255 255 0
P 183 202 255 255 0
P 184 202 255 255 0
P 185 202 255 255 0
P 186 202 255 255 0
P 187 202 255 255 0
P 188 202 255 255 0
P 189 202 255 255 0
P 190 202 0 0 255
P 191 202 0 0 255
P 192 202 0 0 255
P 193 202 0 0 255
P 194 202 255 0 0
P 195 202 255 0 0
P 196 202 255 0 0
P 197 202 255 0 0
P 198 202 255 0 0
P 199 202 255 0 0
P 200 202 255 0 0
P 201 202 255 0 0
P 202 202 255 0 0
P 203 202 255 0 0
P 204 202 255 0 0
P 205 202 255 0 0
P 206 202 255 0 0
P 207 202 0 255 255
P 208 202 0 255 255
P 209 202 0 255 255
P 210 202 255 0 255
P 211 202 255 0 255
P 212 202 255 0 255
P 213 202 255 0 255
P 214 202 255 0 255
P 215 202 255 0 255
P 216 202 255 0 255
P 217 202 255 0 255
P 218 202 255 0 255
P 219 202 255 0 255
P 220 202 255 0 255
P 221 202 255 0 255
P 222 202 255 0 255
P 223 202 255 0 255
P 224 202 0 255 0
P 225 202 0 255 0
P 226 202 0 255 0
P 227 202 0 255 0
P 228 202 255 0 0
P 229 202 255 0 0
P 230 202 255 0 0
P 231 202 255 0 0
P 232 202 255 0 0
P 233 202 255 0 0
P 234 202 255 0 0
P 235 202 255 0 0
P 236 202 255 0 0
P 237 202 255 0 0
P 238 202 255 0 0
P 239 202 255 0 0
P 240 202 255 0 0
P 241 202 255 0 255
P 242 202 255 0 255
P 243 202 255 0 255
P 244 202 255 255 0
P 245 202 255 255 0
P 246 202 255 255 0
P 247 202 255 255 0
P 248 202 255 255 0
P 249 202 255 255 0
P 250 202 255 255 0
P 251 202 255 255 0
P 252 202 255 255 0
P 253 202 255 255 0
P 254 202 255 255 0
P 255 202 255 255 0
P 256 202 255 255 0
P 257 202 255 255 0
P 258 202 0 0 255
P 259 202 0 0 255
P 260 202 0 0 255
P 261 202 0 0 255
P 262 202 255 0 0
P 263 202 255 0 0
P 264 202 255 0 0
P 265 202 255 0 0
P 266 202 255 0 0
P 267 202 255 0 0
P 268 202 255 0 0
P 269 202 255 0 0
P 270 202 255 0 0
P 271 202 255 0 0
P 272 202 255 0 0
P 273 202 255 0 0
P 274 202 255 0 0
P 275 202 0 255 255
P 276 202 0 255 255
P 277 202 0 255 255
P 278 202 255 0 255
P 279 202 255 0 255
P 280 202 255 0 255
P 281 202 255 0 255
P 282 202 255 0 255
P 283 202 255 0 255
P 284 202 255 0 255
P 285 202 255 0 255
P 286 202 255 0 255
P 287 202 255 0 255
P 288 202 255 0 255
P 289 202 255 0 255
P 290 202 255 0 255
P 291 202 255 0 255
P 20 203 0 255 0
P 21 203 0 255 0
P 22 203 0 255 0
P 23 203 0 255 0
P 24 203 0 255 0
P 25 203 255 0 0
P 26 203 255 0 0
P 27 203 255 0 0
P 28 203 255 0 0
P 29 203 255 0 0
P 30 203 255 0 0
P 31 203 255 0 0
P 32 203 255 0 0
P 33 203 255 0 0
P 34 203 255 0 0
P 35 203 255 0 0
P 36 203 255 0 0
P 37 203 0 255 255
P 38 203 0 255 255
P 39 203 0 255 255
P 40 203 0 255 255
P 41 203 0 255 255
P 42 203 255 255 0
P 43 203 255 255 0
P 44 203 255 255 0
P 45 203 255 255 0
P 46 203 255 255 0
P 47 203 255 255 0
P 48 203 255 255 0
P 49 203 255 255 0
P 50 203 255 255 0
P 51 203 255 255 0
P 52 203 255 255 0
P 53 203 255 255 0
P 54 203 0 0 255
P 55 203 0 0 255
P 56 203 0 0 255
P 57 203 0 0 255
P 58 203 0 0 255
P 59 203 255 0 0
P 60 203 255 0 0
P 61 203 255 0 0
P 62 203 255 0 0
P 63 203 255 0 0
P 64 203 255 0 0
P 65 203 255 0 0
P 66 203 255 0 0
P 67 203 255 0 0
P 68 203 255 0 0
P 69 203 255 0 0
P 70 203 255 0 0
P 71 203 0 255 255
P 72 203 0 255 255
P 73 203 0 255 255
P 74 203 0 255 255
P 75 203 0 255 255
P 76 203 255 0 255
P 77 203 255 0 255
P 78 203 255 0 255
P 79 203 255 0 255
P 80 203 255 0 255
P 81 203 255 0 255
P 82 203 255 0 255
P 83 203 255 0 255
P 84 203 255 0 255
P 85 203 255 0 255
P 86 203 255 0 255
P 87 203 255 0 255
P 88 203 0 255 0
P 89 203 0 255 0
P 90 203 0 255 0
P 91 203 0 255 0
P 92 203 0 255 0
P 93 203 255 0 0
P 94 203 255 0 0
P 95 203 255 0 0
P 96 203 255 0 0
P 97 203 255 0 0
P 98 203 255 0 0
P 99 203 255 0 0
P 100 203 255 0 0
P 101 203 255 0 0
P 102 203 255 0 0
P 103 203 255 0 0
P 104 203 255 0 0
P 105 203 255 0 255
P 106 203 255 0 255
P 107 203 255 0 255
P 108 203 255 0 255
P 109 203 255 0 255
P 110 203 255 255 0
P 111 203 255 255 0
P 112 203 255 255 0
P 113 203 255 255 0
P 114 203 255 255 0
P 115 203 255 255 0
P 116 203 255 255 0
P 117 203 255 255 0
P 118 203 255 255 0
P 119 203 255 255 0
P 120 203 255 255 0
P 121 203 255 255 0
P 122 203 0 0 255
P 123 203 0 0 255
P 124 203 0 0 255
P 125 203 0 0 255
P 126 203 0 0 255
P 127 203 255 0 0
P 128 203 255 0 0
P 129 203 255 0 0
P 130 203 255 0 0
P 131 203 255 0 0
P 132 203 255 0 0
P 133 203 255 0 0
P 134 203 255 0 0
P 135 203 255 0 0
P 136 203 255 0 0
P 137 203 255 0 0
P 138 203 255 0 0
P 139 203 0 255 255
P 140 203 0 255 255
P 141 203 0 255 255
P 142 203 0 255 255
P 143 203 0 255 255
P 144 203 255 0 255
P 145 203 255 0 255
P 146 203 255 0 255
P 147 203 255 0 255
P 148 203 255 0 255
P 149 203 255 0 255
P 150 203 255 0 255
P 151 203 255 0 255
P 152 203 255 0 255
P 153 203 255 0 255
P 154 203 255 0 255
P 155 203 255 0 255
P 156 203 0 255 0
P 157 203 0 255 0
P 158 203 0 255 0
P 159 203 0 255 0
P 160 203 0 255 0
P 161 203 255 0 0
P 162 203 255 0 0
P 163 203 255 0 0
P 164 203 255 0 0
P 165 203 255 0 0
P 166 203 255 0 0
P 167 203 255 0 0
P 168 203 255 0 0
P 169 203 255 0 0
P 170 203 255 0 0
P 171 203 255 0 0
P 172 203 255 0 0
P 173 203 255 0 255
P 174 203 255 0 255
P 175 203 255 0 255
P 176 203 255 0 255
P 177 203 255 0 255
P 178 203 255 255 0
P 179 203 255 255 0
P 180 203 255 255 0
P 181 203 255 255 0
P 182 203 255 255 0
P 183 203 255 255 0
P 184 203 255 255 0
P 185 203 255 255 0
P 186 203 255 255 0
P 187 203 255 255 0
P 188 203 255 255 0
P 189 203 255 255 0
P 190 203 0 0 255
P 191 203 0 0 255
P 192 203 0 0 255
P 193 203 0 0 255
P 194 203 0 0 255
P 195 203 255 0 0
P 196 203 255 0 0
P 197 203 255 0 0
P 198 203 255 0 0
P 199 203 255 0 0
P 200 203 255 0 0
P 201 203 255 0 0
P 202 203 255 0 0
P 203 203 255 0 0
P 204 203 255 0 0
P 205 203 255 0 0
P 206 203 255 0 0
P 207 203 0 255 255
P 208 203 0 255 255
P 209 203 0 255 255
P 210 203 0 255 255
P 211 203 0 255 255
P 212 203 255 0 255
P 213 203 255 0 255
P 214 203 255 0 255
P 215 203 255 0 255
P 216 203 255 0 255
P 217 203 255 0 255
P 218 203 255 0 255
P 219 203 255 0 255
P 220 203 255 0 255
P 221 203 255 0 255
P 222 203 255 0 255
P 223 203 255 0 255
P 224 203 0 255 0
P 225 203 0 255 0
P 226 203 0 255 0
P 227 203 0 255 0
P 228 203 0 255 0
P 229 203 255 0 0
P 230 203 255 0 0
P 231 203 255 0 0
P 232 203 255 0 0
P 233 203 255 0 0
P 234 203 255 0 0
P 235 203 255 0 0
P 236 203 255 0 0
P 237 203 255 0 0
P 238 203 255 0 0
P 239 203 255 0 0
P 240 203 255 0 0
P 241 203 255 0 255
P 242 203 255 0 255
P 243 203 255 0 255
P 244 203 255 0 255
P 245 203 255 0 255
P 246 203 255 255 0
P 247 203 255 255 0
P 248 203 255 255 0
P 249 203 255 255 0
P 250 203 255 255 0
P 251 203 255 255 0
P 252 203 255 255 0
P 253 203 255 255 0
P 254 203 255 255 0
P 255 203 255 255 0
P 256 203 255 255 0
P 257 203 255 255 0
P 258 203 0 0 255
P 259 203 0 0 255
P 260 203 0 0 255
P 261 203 0 0 255
P 262 203 0 0 255
P 263 203 255 0 0
P 264 203 255 0 0
P 265 203 255 0 0
P 266 203 255 0 0
P 267 203 255 0 0
P 268 203 255 0 0
P 269 203 255 0 0
P 270 203 255 0 0
P 271 203 255 0 0
P 272 203 255 0 0
P 273 203 255 0 0
P 274 203 255 0 0
P 275 203 0 255 255
P 276 203 0 255 255
P 277 203 0 255 255
P 278 203 0 255 255
P 279 203 0 255 255
P 280 203 255 0 255
P 281 203 255 0 255
P 282 203 255 0 255
P 283 203 255 0 255
P 284 203 255 0 255
P 285 203 255 0 255
P 286 203 255 0 255
P 287 203 255 0 255
P 288 203 255 0 255
P 289 203 255 0 255
P 290 203 255 0 255
P 291 203 255 0 255
P 20 204 0 255 0
P 21 204 0 255 0
P 22 204 0 255 0
P 23 204 0 255 0
P 24 204 0 255 0
P 25 204 0 255 0
P 26 204 255 0 0
P 27 204 255 0 0
P 28 204 255 0 0
P 29 204 255 0 0
P 30 204 255 0 0
P 31 204 255 0 0
P 32 204 255 0 0
P 33 204 255 0 0
P 34 204 255 0 0
P 35 204 255 0 0
P 36 204 255 0 0
P 37 204 0 255 255
P 38 204 0 255 255
P 39 204 0 255 255
P 40 204 0 255 255
P 41 204 0 255 255
P 42 204 0 255 255
P 43 204 255 255 0
P 44 204 255 255 0
P 45 204 255 255 0
P 46 204 255 255 0
P 47 204 255 255 0
P 48 204 255 255 0
P 49 204 255 255 0
P 50 204 255 255 0
P 51 204 255 255 0
P 52 204 255 255 0
P 53 204 255 255 0
P 54 204 0 0 255
P 55 204 0 0 255
P 56 204 0 0 255
P 57 204 0 0 255
P 58 204 0 0 255
P 59 204 0 0 255
P 60 204 255 0 0
P 61 204 255 0 0
P 62 204 255 0 0
P 63 204 255 0 0
P 64 204 255 0 0
P 65 204 255 0 0
P 66 204 255 0 0
P 67 204 255 0 0
P 68 204 255 0 0
P 69 204 255 0 0
P 70 204 255 0 0
P 71 204 0 255 255
P 72 204 0 255 255
P 73 204 0 255 255
P 74 204 0 255 255
P 75 204 0 255 255
P 76 204 0 255 255
P 77 204 255 0 255
P 78 204 255 0 255
P 79 204 255 0 255
P 80 204 255 0 255
P 81 204 255 0 255
P 82 204 255 0 255
P 83 204 255 0 255
P 84 204 255 0 255
P 85 204 255 0 255
P 86 204 255 0 255
P 87 204 255 0 255
P 88 204 0 255 0
P 89 204 0 255 0
P 90 204 0 255 0
P 91 204 0 255 0
P 92 204 0 255 0
P 93 204 0 255 0
P 94 204 255 0 0
P 95 204 255 0 0
P 96 204 255 0 0
P 97 204 255 0 0
P 98 204 255 0 0
P 99 204 255 0 0
P 100 204 255 0 0
P 101 204 255 0 0
P 102 204 255 0 0
P 103 204 255 0 0
P 104 204 255 0 0
P 105 204 255 0 255
P 106 204 255 0 255
P 107 204 255 0 255
P 108 204 255 0 255
P 109 204 255 0 255
P 110 204 255 0 255
P 111 204 255 255 0
P 112 204 255 255 0
P 113 204 255 255 0
P 114 204 255 255 0
P 115 204 255 255 0
P 116 204 255 255 0
P 117 204 255 255 0
P 118 204 255 255 0
P 119 204 255 255 0
P 120 204 255 255 0
P 121 204 255 255 0
P 122 204 0 0 255
P 123 204 0 0 255
P 124 204 0 0 255
P 125 204 0 0 255
P 126 204 0 0 255
P 127 204 0 0 255
P 128 204 255 0 0
P 129 204 255 0 0
P 130 204 255 0 0
P 131 204 255 0 0
P 132 204 255 0 0
P 133 204 255 0 0
P 134 204 255 0 0
P 135 204 255 0 0
P 136 204 255 0 0
P 137 204 255 0 0
P 138 204 255 0 0
P 139 204 0 255 255
P 140 204 0 255 255
P 141 204 0 255 255
P 142 204 0 255 255
P 143 204 0 255 255
P 144 204 0 255 255
P 145 204 255 0 255
P 146 204 255 0 255
P 147 204 255 0 255
P 148 204 255 0 255
P 149 204 255 0 255
P 150 204 255 0 255
P 151 204 255 0 255
P 152 204 255 0 255
P 153 204 255 0 255
P 154 204 255 0 255
P 155 204 255 0 255
P 156 204 0 255 0
P 157 204 0 255 0
P 158 204 0 255 0
P 159 204 0 255 0
P 160 204 0 255 0
P 161 204 0 255 0
P 162 204 255 0 0
P 163 204 255 0 0
P 164 204 255 0 0
P 165 204 255 0 0
P 166 204 255 0 0
P 167 204 255 0 0
P 168 204 255 0 0
P 169 204 255 0 0
P 170 204 255 0 0
P 171 204 255 0 0
P 172 204 255 0 0
P 173 204 255 0 255
P 174 204 255 0 255
P 175 204 255 0 255
P 176 204 255 0 255
P 177 204 255 0 255
P 178 204 255 0 255
P 179 204 255 255 0
P 180 204 255 255 0
P 181 204 255 255 0
P 182 204 255 255 0
P 183 204 255 255 0
P 184 204 255 255 0
P 185 204 255 255 0
P 186 204 255 255 0
P 187 204 255 255 0
P 188 204 255 255 0
P 189 204 255 255 0
P 190 204 0 0 255
P 191 204 0 0 255
P 192 204 0 0 255
P 193 204 0 0 255
P 194 204 0 0 255
P 195 204 0 0 255
P 196 204 255 0 0
P 197 204 255 0 0
P 198 204 255 0 0
P 199 204 255 0 0
P 200 204 255 0 0
P 201 204 255 0 0
P 202 204 255 0 0
P 203 204 255 0 0
P 204 204 255 0 0
P 205 204 255 0 0
P 206 204 255 0 0
P 207 204 0 255 255
P 208 204 0 255 255
P 209 204 0 255 255
P 210 204 0 255 255
P 211 204 0 255 255
P 212 204 0 255 255
P 213 204 255 0 255
P 214 204 255 0 255
P 215 204 255 0 255
P 216 204 255 0 255
P 217 204 255 0 255
P 218 204 255 0 255
P 219 204 255 0 255
P 220 204 255 0 255
P 221 204 255 0 255
P 222 204 255 0 255
P 223 204 255 0 255
P 224 204 0 255 0
P 225 204 0 255 0
P 226 204 0 255 0
P 227 204 0 255 0
P 228 204 0 255 0
P 229 204 0 255 0
P 230 204 255 0 0
P 231 204 255 0 0
P 232 204 255 0 0
P 233 204 255 0 0
P 234 204 255 0 0
P 235 204 255 0 0
P 236 204 255 0 0
P 237 204 255 0 0
P 238 204 255 0 0
P 239 204 255 0 0
P 240 204 255 0 0
P 241 204 255 0 255
P 242 204 255 0 255
P 243 204 255 0 255
P 244 204 255 0 255
P 245 204 255 0 255
P 246 204 255 0 255
P 247 204 255 255 0
P 248 204 255 255 0
P 249 204 255 255 0
P 250 204 255 255 0
P 251 204 255 255 0
P 252 204 255 255 0
P 253 204 255 255 0
P 254 204 255 255 0
P 255 204 255 255 0
P 256 204 255 255 0
P 257 204 255 255 0
P 258 204 0 0 255
P 259 204 0 0 255
P 260 204 0 0 255
P 261 204 0 0 255
P 262 204 0 0 255
P 263 204 0 0 255
P 264 204 255 0 0
P 265 204 255 0 0
P 266 204 255 0 0
P 267 204 255 0 0
P 268 204 255 0 0
P 269 204 255 0 0
P 270 204 255 0 0
P 271 204 255 0 0
P 272 204 255 0 0
P 273 204 255 0 0
P 274 204 255 0 0
P 275 204 0 255 255
P 276 204 0 255 255
P 277 204 0 255 255
P 278 204 0 255 255
P 279 204 0 255 255
P 280 204 0 255 255
P 281 204 255 0 255
P 282 204 255 0 255
P 283 204 255 0 255
P 284 204 255 0 255
P 285 204 255 0 255
P 286 204 255 0 255
P 287 204 255 0 255
P 288 204 255 0 255
P 289 204 255 0 255
P 290 204 255 0 255
P 291 204 255 0 255
P 20 205 0 255 0
P 21 205 0 255 0
P 22 205 0 255 0
P 23 205 0 255 0
P 24 205 0 255 0
P 25 205 0 255 0
P 26 205 0 255 0
P 27 205 0 255 0
P 28 205 255 0 0
P 29 205 255 0 0
P 30 205 255 0 0
P 31 205 255 0 0
P 32 205 255 0 0
P 33 205 255 0 0
P 34 205 255 0 0
P 35 205 255 0 0
P 36 205 255 0 0
P 37 205 0 255 255
P 38 205 0 255 255
P 39 205 0 255 255
P 40 205 0 255 255
P 41 205 0 255 255
P 42 205 0 255 255
P 43 205 0 255 255
P 44 205 0 255 255
P 45 205 255 255 0
P 46 205 255 255 0
P 47 205 255 255 0
P 48 205 255 255 0
P 49 205 255 255 0
P 50 205 255 255 0
P 51 205 255 255 0
P 52 205 255 255 0
P 53 205 255 255 0
P 54 205 0 0 255
P 55 205 0 0 255
P 56 205 0 0 255
P 57 205 0 0 255
P 58 205 0 0 255
P 59 205 0 0 255
P 60 205 0 0 255
P 61 205 0 0 255
P 62 205 255 0 0
P 63 205 255 0 0
P 64 205 255 0 0
P 65 205 255 0 0
P 66 205 255 0 0
P 67 205 255 0 0
P 68 205 255 0 0
P 69 205 255 0 0
P 70 205 255 0 0
P 71 205 0 255 255
P 72 205 0 255 255
P 73 205 0 255 255
P 74 205 0 255 255
P 75 205 0 255 255
P 76 205 0 255 255
P 77 205 0 255 255
P 78 205 0 255 255
P 79 205 255 0 255
P 80 205 255 0 255
P 81 205 255 0 255
P 82 205 255 0 255
P 83 205 255 0 255
P 84 205 255 0 255
P 85 205 255 0 255
P 86 205 255 0 255
P 87 205 255 0 255
P 88 205 0 255 0
P 89 205 0 255 0
P 90 205 0 255 0
P 91 205 0 255 0
P 92 205 0 255 0
P 93 205 0 255 0
P 94 205 0 255 0
P 95 205 0 255 0
P 96 205 255 0 0
P 97 205 255 0 0
P 98 205 255 0 0
P 99 205 255 0 0
P 100 205 255 0 0
P 101 205 255 0 0
P 102 205 255 0 0
P 103 205 255 0 0
P 104 205 255 0 0
P 105 205 255 0 255
P 106 205 255 0 255
P 107 205 255 0 255
P 108 205 255 0 255
P 109 205 255 0 255
P 110 205 255 0 255
P 111 205 255 0 255
P 112 205 255 255 0
P 113 205 255 255 0
P 114 205 255 255 0
P 115 205 255 255 0
P 116 205 255 255 0
P 117 205 255 255 0
P 118 205 255 255 0
P 119 205 255 255 0
P 120 205 255 255 0
P 121 205 255 255 0
P 122 205 0 0 255
P 123 205 0 0 255
P 124 205 0 0 255
P 125 205 0 0 255
P 126 205 0 0 255
P 127 205 0 0 255
P 128 205 0 0 255
P 129 205 0 0 255
P 130 205 255 0 0
P 131 205 255 0 0
P 132 205 255 0 0
P 133 205 255 0 0
P 134 205 255 0 0
P 135 205 255 0 0
P 136 205 255 0 0
P 137 205 255 0 0
P 138 205 255 0 0
P 139 205 0 255 255
P 140 205 0 255 255
P 141 205 0 255 255
P 142 205 0 255 255
P 143 205 0 255 255
P 144 205 0 255 255
P 145 205 0 255 255
P 146 205 0 255 255
P 147 205 255 0 255
P 148 205 255 0 255
P 149 205 255 0 255
P 150 205 255 0 255
P 151 205 255 0 255
P 152 205 255 0 255
P 153 205 255 0 255
P 154 205 255 0 255
P 155 205 255 0 255
P 156 205 0 255 0
P 157 205 0 255 0
P 158 205 0 255 0
P 159 205 0 255 0
P 160 205 0 255 0
P 161 205 0 255 0
P 162 205 0 255 0
P 163 205 0 255 0
P 164 205 255 0 0
P 165 205 255 0 0
P 166 205 255 0 0
P 167 205 255 0 0
P 168 205 255 0 0
P 169 205 255 0 0
P 170 205 255 0 0
P 171 205 255 0 0
P 172 205 255 0 0
P 173 205 255 0 255
P 174 205 255 0 255
P 175 205 255 0 255
P 176 205 255 0 255
P 177 205 255 0 255
P 178 205 255 0 255
P 179 205 255 0 255
P 180 205 255 255 0
P 181 205 255 255 0
P 182 205 255 255 0
P 183 205 255 255 0
P 184 205 255 255 0
P 185 205 255 255 0
P 186 205 255 255 0
P 187 205 255 255 0
P 188 205 255 255 0
P 189 205 255 255 0
P 190 205 0 0 255
P 191 205 0 0 255
P 192 205 0 0 255
P 193 205 0 0 255
P 194 205 0 0 255
P 195 205 0 0 255
P 196 205 0 0 255
P 197 205 0 0 255
P 198 205 255 0 0
P 199 205 255 0 0
P 200 205 255 0 0
P 201 205 255 0 0
P 202 205 255 0 0
P 203 205 255 0 0
P 204 205 255 0 0
P 205 205 255 0 0
P 206 205 255 0 0
P 207 205 0 255 255
P 208 205 0 255 255
P 209 205 0 255 255
P 210 205 0 255 255
P 211 205 0 255 255
P 212 205 0 255 255
P 213 205 0 255 255
P 214 205 0 255 255
P 215 205 255 0 255
P 216 205 255 0 255
P 217 205 255 0 255
P 218 205 255 0 255
P 219 205 255 0 255
P 220 205 255 0 255
P 221 205 255 0 255
P 222 205 255 0 255
P 223 205 255 0 255
P 224 205 0 255 0
P 225 205 0 255 0
P 226 205 0 255 0
P 227 205 0 255 0
P 228 205 0 255 0
P 229 205 0 255 0
P 230 205 0 255 0
P 231 205 0 255 0
P 232 205 255 0 0
P 233 205 255 0 0
P 234 205 255 0 0
P 235 205 255 0 0
P 236 205 255 0 0
P 237 205 255 0 0
P 238 205 255 0 0
P 239 205 255 0 0
P 240 205 255 0 0
P 241 205 255 0 255
P 242 205 255 0 255
P 243 205 255 0 255
P 244 205 255 0 255
P 245 205 255 0 255
P 246 205 255 0 255
P 247 205 255 0 255
P 248 205 255 0 255
P 249 205 255 255 0
P 250 205 255 255 0
P 251 205 255 255 0
P 252 205 255 255 0
P 253 205 255 255 0
P 254 205 255 255 0
P 255 205 255 255 0
P 256 205 255 255 0
P 257 205 255 255 0
P 258 205 0 0 255
P 259 205 0 0 255
P 260 205 0 0 255
P 261 205 0 0 255
P 262 205 0 0 255
P 263 205 0 0 255
P 264 205 0 0 255
P 265 205 0 0 255
P 266 205 255 0 0
P 267 205 255 0 0
P 268 205 255 0 0
P 269 205 255 0 0
P 270 205 255 0 0
P 271 205 255 0 0
P 272 205 255 0 0
P 273 205 255 0 0
P 274 205 255 0 0
P 275 205 0 255 255
P 276 205 0 255 255
P 277 205 0 255 255
P 278 205 0 255 255
P 279 205 0 255 255
P 280 205 0 255 255
P 281 205 0 255 255
P 282 205 0 255 255
P 283 205 255 0 255
P 284 205 255 0 255
P 285 205 255 0 255
P 286 205 255 0 255
P 287 205 255 0 255
P 288 205 255 0 255
P 289 205 255 0 255
P 290 205 255 0 255
P 291 205 255 0 255
P 20 206 0 255 0
P 21 206 0 255 0
P 22 206 0 255 0
P 23 206 0 255 0
P 24 206 0 255 0
P 25 206 0 255 0
P 26 206 0 255 0
P 27 206 0 255 0
P 28 206 0 255 0
P 29 206 255 0 0
P 30 206 255 0 0
P 31 206 255 0 0
P 32 206 255 0 0
P 33 206 255 0 0
P 34 206 255 0 0
P 35 206 255 0 0
P 36 206 255 0 0
P 37 206 0 255 255
P 38 206 0 255 255
P 39 206 0 255 255
P 40 206 0 255 255
P 41 206 0 255 255
P 42 206 0 255 255
P 43 206 0 255 255
P 44 206 0 255 255
P 45 206 0 255 255
P 46 206 255 255 0
P 47 206 255 255 0
P 48 206 255 255 0
P 49 206 255 255 0
P 50 206 255 255 0
P 51 206 255 255 0
P 52 206 255 255 0
P 53 206 255 255 0
P 54 206 0 0 255
P 55 206 0 0 255
P 56 206 0 0 255
P 57 206 0 0 255
P 58 206 0 0 255
P 59 206 0 0 255
P 60 206 0 0 255
P 61 206 0 0 255
P 62 206 0 0 255
P 63 206 255 0 0
P 64 206 255 0 0
P 65 206 255 0 0
P 66 206 255 0 0
P 67 206 255 0 0
P 68 206 255 0 0
P 69 206 255 0 0
P 70 206 255 0 0
P 71 206 0 255 255
P 72 206 0 255 255
P 73 206 0 255 255
P 74 206 0 255 255
P 75 206 0 255 255
P 76 206 0 255 255
P 77 206 0 255 255
P 78 206 0 255 255
P 79 206 0 255 255
P 80 206 255 0 255
P 81 206 255 0 255
P 82 206 255 0 255
P 83 206 255 0 255
P 84 206 255 0 255
P 85 206 255 0 255
P 86 206 255 0 255
P 87 206 255 0 255
P 88 206 0 255 0
P 89 206 0 255 0
P 90 206 0 255 0
P 91 206 0 255 0
P 92 206 0 255 0
P 93 206 0 255 0
P 94 206 0 255 0
P 95 206 0 255 0
P 96 206 0 255 0
P 97 206 255 0 0
P 98 206 255 0 0
P 99 206 255 0 0
P 100 206 255 0 0
P 101 206 255 0 0
P 102 206 255 0 0
P 103 206 255 0 0
P 104 206 255 0 0
P 105 206 255 0 255
P 106 206 255 0 255
P 107 206 255 0 255
P 108 206 255 0 255
P 109 206 255 0 255
P 110 206 255 0 255
P 111 206 255 0 255
P 112 206 255 0 255
P 113 206 255 0 255
P 114 206 255 255 0
P 115 206 255 255 0
P 116 206 255 255 0
P 117 206 255 255 0
P 118 206 255 255 0
P 119 206 255 255 0
P 120 206 255 255 0
P 121 206 255 255 0
P 122 206 0 0 255
P 123 206 0 0 255
P 124 206 0 0 255
P 125 206 0 0 255
P 126 206 0 0 255
P 127 206 0 0 255
P 128 206 0 0 255
P 129 206 0 0 255
P 130 206 0 0 255
P 131 206 255 0 0
P 132 206 255 0 0
P 133 206 255 0 0
P 134 206 255 0 0
P 135 206 255 0 0
P 136 206 255 0 0
P 137 206 255 0 0
P 138 206 255 0 0
P 139 206 0 255 255
P 140 206 0 255 255
P 141 206 0 255 255
P 142 206 0 255 255
P 143 206 0 255 255
P 144 206 0 255 255
P 145 206 0 255 255
P 146 206 0 255 255
P 147 206 0 255 255
P 148 206 255 0 255
P 149 206 255 0 255
P 150 206 255 0 255
P 151 206 255 0 255
P 152 206 255 0 255
P 153 206 255 0 255
P 154 206 255 0 255
P 155 206 255 0 255
P 156 206 0 255 0
P 157 206 0 255 0
P 158 206 0 255 0
P 159 206 0 255 0
P 160 206 0 255 0
P 161 206 0 255 0
P 162 206 0 255 0
P 163 206 0 255 0
P 164 206 0 255 0
P 165 206 255 0 0
P 166 206 255 0 0
P 167 206 255 0 0
P 168 206 255 0 0
P 169 206 255 0 0
P 170 206 255 0 0
P 171 206 255 0 0
P 172 206 255 0 0
P 173 206 255 0 255
P 174 206 255 0 255
P 175 206 255 0 255
P 176 206 255 0 255
P 177 206 255 0 255
P 178 206 255 0 255
P 179 206 255 0 255
P 180 206 255 0 255
P 181 206 255 0 255
P 182 206 255 255 0
P 183 206 255 255 0
P 184 206 255 255 0
P 185 206 255 255 0
P 186 206 255 255 0
P 187 206 255 255 0
P 188 206 255 255 0
P 189 206 255 255 0
P 190 206 0 0 255
P 191 206 0 0 255
P 192 206 0 0 255
P 193 206 0 0 255
P 194 206 0 0 255
P 195 206 0 0 255
P 196 206 0 0 255
P 197 206 0 0 255
P 198 206 0 0 255
P 199 206 255 0 0
P 200 206 255 0 0
P 201 206 255 0 0
P 202 206 255 0 0
P 203 206 255 0 0
P 204 206 255 0 0
P 205 206 255 0 0
P 206 206 255 0 0
P 207 206 0 255 255
P 208 206 0 255 255
P 209 206 0 255 255
P 210 206 0 255 255
P 211 206 0 255 255
P 212 206 0 255 255
P 213 206 0 255 255
P 214 206 0 255 255
P 215 206 0 255 255
P 216 206 255 0 255
P 217 206 255 0 255
P 218 206 255 0 255
P 219 206 255 0 255
P 220 206 255 0 255
P 221 206 255 0 255
P 222 206 255 0 255
P 223 206 255 0 255
P 224 206 0 255 0
P 225 206 0 255 0
P 226 206 0 255 0
P 227 206 0 255 0
P 228 206 0 255 0
P 229 206 0 255 0
P 230 206 0 255 0
P 231 206 0 255 0
P 232 206 0 255 0
P 233 206 255 0 0
P 234 206 255 0 0
P 235 206 255 0 0
P 236 206 255 0 0
P 237 206 255 0 0
P 238 206 255 0 0
P 239 206 255 0 0
P 240 206 255 0 0
P 241 206 255 0 255
P 242 206 255 0 255
P 243 206 255 0 255
P 244 206 255 0 255
P 245 206 255 0 255
P 246 206 255 0 255
P 247 206 255 0 255
P 248 206 255 0 255
P 249 206 255 0 255
P 250 206 255 255 0
P 251 206 255 255 0
P 252 206 255 255 0
P 253 206 255 255 0
P 254 206 255 255 0
P 255 206 255 255 0
P 256 206 255 255 0
P 257 206 255 255 0
P 258 206 0 0 255
P 259 206 0 0 255
P 260 206 0 0 255
P 261 206 0 0 255
P 262 206 0 0 255
P 263 206 0 0 255
P 264 206 0 0 255
P 265 206 0 0 255
P 266 206 0 0 255
P 267 206 255 0 0
P 268 206 255 0 0
P 269 206 255 0 0
P 270 206 255 0 0
P 271 206 255 0 0
P 272 206 255 0 0
P 273 206 255 0 0
P 274 206 255 0 0
P 275 206 0 255 255
P 276 206 0 255 255
P 277 206 0 255 255
P 278 206 0 255 255
P 279 206 0 255 255
P 280 206 0 255 255
P 281 206 0 255 255
P 282 206 0 255 255
P 283 206 0 255 255
P 284 206 255 0 255
P 285 206 255 0 255
P 286 206 255 0 255
P 287 206 255 0 255
P 288 206 255 0 255
P 289 206 255 0 255
P 290 206 255 0 255
P 291 206 255 0 255
P 20 207 0 255 0
P 21 207 0 255 0
P 22 207 0 255 0
P 23 207 0 255 0
P 24 207 0 255 0
P 25 207 0 255 0
P 26 207 0 255 0
P 27 207 0 255 0
P 28 207 0 255 0
P 29 207 0 255 0
P 30 207 255 0 0
P 31 207 255 0 0
P 32 207 255 0 0
P 33 207 255 0 0
P 34 207 255 0 0
P 35 207 255 0 0
P 36 207 255 0 0
P 37 207 0 255 255
P 38 207 0 255 255
P 39 207 0 255 255
P 40 207 0 255 255
P 41 207 0 255 255
P 42 207 0 255 255
P 43 207 0 255 255
P 44 207 0 255 255
P 45 207 0 255 255
P 46 207 0 255 255
P 47 207 0 255 255
P 48 207 255 255 0
P 49 207 255 255 0
P 50 207 255 255 0
P 51 207 255 255 0
P 52 207 255 255 0
P 53 207 255 255 0
P 54 207 0 0 255
P 55 207 0 0 255
P 56 207 0 0 255
P 57 207 0 0 255
P 58 207 0 0 255
P 59 207 0 0 255
P 60 207 0 0 255
P 61 207 0 0 255
P 62 207 0 0 255
P 63 207 0 0 255
P 64 207 0 0 255
P 65 207 255 0 0
P 66 207 255 0 0
P 67 207 255 0 0
P 68 207 255 0 0
P 69 207 255 0 0
P 70 207 255 0 0
P 71 207 0 255 255
P 72 207 0 255 255
P 73 207 0 255 255
P 74 207 0 255 255
P 75 207 0 255 255
P 76 207 0 255 255
P 77 207 0 255 255
P 78 207 0 255 255
P 79 207 0 255 255
P 80 207 0 255 255
P 81 207 0 255 255
P 82 207 255 0 255
P 83 207 255 0 255
P 84 207 255 0 255
P 85 207 255 0 255
P 86 207 255 0 255
P 87 207 255 0 255
P 88 207 0 255 0
P 89 207 0 255 0
P 90 207 0 255 0
P 91 207 0 255 0
P 92 207 0 255 0
P 93 207 0 255 0
P 94 207 0 255 0
P 95 207 0 255 0
P 96 207 0 255 0
P 97 207 0 255 0
P 98 207 255 0 0
P 99 207 255 0 0
P 100 207 255 0 0
P 101 207 255 0 0
P 102 207 255 0 0
P 103 207 255 0 0
P 104 207 255 0 0
P 105 207 255 0 255
P 106 207 255 0 255
P 107 207 255 0 255
P 108 207 255 0 255
P 109 207 255 0 255
P 110 207 255 0 255
P 111 207 255 0 255
P 112 207 255 0 255
P 113 207 255 0 255
P 114 207 255 0 255
P 115 207 255 255 0
P 116 207 255 255 0
P 117 207 255 255 0
P 118 207 255 255 0
P 119 207 255 255 0
P 120 207 255 255 0
P 121 207 255 255 0
P 122 207 0 0 255
P 123 207 0 0 255
P 124 207 0 0 255
P 125 207 0 0 255
P 126 207 0 0 255
P 127 207 0 0 255
P 128 207 0 0 255
P 129 207 0 0 255
P 130 207 0 0 255
P 131 207 0 0 255
P 132 207 255 0 0
P 133 207 255 0 0
P 134 207 255 0 0
P 135 207 255 0 0
P 136 207 255 0 0
P 137 207 255 0 0
P 138 207 255 0 0
P 139 207 0 255 255
P 140 207 0 255 255
P 141 207 0 255 255
P 142 207 0 255 255
P 143 207 0 255 255
P 144 207 0 255 255
P 145 207 0 255 255
P 146 207 0 255 255
P 147 207 0 255 255
P 148 207 0 255 255
P 149 207 0 255 255
P 150 207 255 0 255
P 151 207 255 0 255
P 152 207 255 0 255
P 153 207 255 0 255
P 154 207 255 0 255
P 155 207 255 0 255
P 156 207 0 255 0
P 157 207 0 255 0
P 158 207 0 255 0
P 159 207 0 255 0
P 160 207 0 255 0
P 161 207 0 255 0
P 162 207 0 255 0
P 163 207 0 255 0
P 164 207 0 255 0
P 165 207 0 255 0
P 166 207 0 255 0
P 167 207 255 0 0
P 168 207 255 0 0
P 169 207 255 0 0
P 170 207 255 0 0
P 171 207 255 0 0
P 172 207 255 0 0
P 173 207 255 0 255
P 174 207 255 0 255
P 175 207 255 0 255
P 176 207 255 0 255
P 177 207 255 0 255
P 178 207 255 0 255
P 179 207 255 0 255
P 180 207 255 0 255
P 181 207 255 0 255
P 182 207 255 0 255
P 183 207 255 255 0
P 184 207 255 255 0
P 185 207 255 255 0
P 186 207 255 255 0
P 187 207 255 255 0
P 188 207 255 255 0
P 189 207 255 255 0
P 190 207 0 0 255
P 191 207 0 0 255
P 192 207 0 0 255
P 193 207 0 0 255
P 194 207 0 0 255
P 195 207 0 0 255
P 196 207 0 0 255
P 197 207 0 0 255
P 198 207 0 0 255
P 199 207 0 0 255
P 200 207 255 0 0
P 201 207 255 0 0
P 202 207 255 0 0
P 203 207 255 0 0
P 204 207 255 0 0
P 205 207 255 0 0
P 206 207 255 0 0
P 207 207 0 255 255
P 208 207 0 255 255
P 209 207 0 255 255
P 210 207 0 255 255
P 211 207 0 255 255
P 212 207 0 255 255
P 213 207 0 255 255
P 214 207 0 255 255
P 215 207 0 255 255
P 216 207 0 255 255
P 217 207 255 0 255
P 218 207 255 0 255
P 219 207 255 0 255
P 220 207 255 0 255
P 221 207 255 0 255
P 222 207 255 0 255
P 223 207 255 0 255
P 224 207 0 255 0
P 225 207 0 255 0
P 226 207 0 255 0
P 227 207 0 255 0
P 228 207 0 255 0
P 229 207 0 255 0
P 230 207 0 255 0
P 231 207 0 255 0
P 232 207 0 255 0
P 233 207 0 255 0
P 234 207 0 255 0
P 235 207 255 0 0
P 236 207 255 0 0
P 237 207 255 0 0
P 238 207 255 0 0
P 239 207 255 0 0
P 240 207 255 0 0
P 241 207 255 0 255
P 242 207 255 0 255
P 243 207 255 0 255
P 244 207 255 0 255
P 245 207 255 0 255
P 246 207 255 0 255
P 247 207 255 0 255
P 248 207 255 0 255
P 249 207 255 0 255
P 250 207 255 0 255
P 251 207 255 0 255
P 252 207 255 255 0
P 253 207 255 255 0
P 254 207 255 255 0
P 255 207 255 255 0
P 256 207 255 255 0
P 257 207 255 255 0
P 258 207 0 0 255
P 259 207 0 0 255
P 260 207 0 0 255
P 261 207 0 0 255
P 262 207 0 0 255
P 263 207 0 0 255
P 264 207 0 0 255
P 265 207 0 0 255
P 266 207 0 0 255
P 267 207 0 0 255
P 268 207 0 0 255
P 269 207 255 0 0
P 270 207 255 0 0
P 271 207 255 0 0
P 272 207 255 0 0
P 273 207 255 0 0
P 274 207 255 0 0
P 275 207 0 255 255
P 276 207 0 255 255
P 277 207 0 255 255
P 278 207 0 255 255
P 279 207 0 255 255
P 280 207 0 255 255
P 281 207 0 255 255
P 282 207 0 255 255
P 283 207 0 255 255
P 284 207 0 255 255
P 285 207 255 0 255
P 286 207 255 0 255
P 287 207 255 0 255
P 288 207 255 0 255
P 289 207 255 0 255
P 290 207 255 0 255
P 291 207 255 0 255
P 20 208 0 255 0
P 21 208 0 255 0
P 22 208 0 255 0
P 23 208 0 255 0
P 24 208 0 255 0
P 25 208 0 255 0
P 26 208 0 255 0
P 27 208 0 255 0
P 28 208 0 255 0
P 29 208 0 255 0
P 30 208 0 255 0
P 31 208 0 255 0
P 32 208 255 0 0
P 33 208 255 0 0
P 34 208 255 0 0
P 35 208 255 0 0
P 36 208 255 0 0
P 37 208 0 255 255
P 38 208 0 255 255
P 39 208 0 255 255
P 40 208 0 255 255
P 41 208 0 255 255
P 42 208 0 255 255
P 43 208 0 255 255
P 44 208 0 255 255
P 45 208 0 255 255
P 46 208 0 255 255
P 47 208 0 255 255
P 48 208 0 255 255
P 49 208 255 255 0
P 50 208 255 255 0
P 51 208 255 255 0
P 52 208 255 255 0
P 53 208 255 255 0
P 54 208 0 0 255
P 55 208 0 0 255
P 56 208 0 0 255
P 57 208 0 0 255
P 58 208 0 0 255
P 59 208 0 0 255
P 60 208 0 0 255
P 61 208 0 0 255
P 62 208 0 0 255
P 63 208 0 0 255
P 64 208 0 0 255
P 65 208 0 0 255
P 66 208 255 0 0
P 67 208 255 0 0
P 68 208 255 0 0
P 69 208 255 0 0
P 70 208 255 0 0
P 71 208 0 255 255
P 72 208 0 255 255
P 73 208 0 255 255
P 74 208 0 255 255
P 75 208 0 255 255
P 76 208 0 255 255
P 77 208 0 255 255
P 78 208 0 255 255
P 79 208 0 255 255
P 80 208 0 255 255
P 81 208 0 255 255
P 82 208 0 255 255
P 83 208 255 0 255
P 84 208 255 0 255
P 85 208 255 0 255
P 86 208 255 0 255
P 87 208 255 0 255
P 88 208 0 255 0
P 89 208 0 255 0
P 90 208 0 255 0
P 91 208 0 255 0
P 92 208 0 255 0
P 93 208 0 255 0
P 94 208 0 255 0
P 95 208 0 255 0
P 96 208 0 255 0
P 97 208 0 255 0
P 98 208 0 255 0
P 99 208 0 255 0
P 100 208 255 0 0
P 101 208 255 0 0
P 102 208 255 0 0
P 103 208 255 0 0
P 104 208 255 0 0
P 105 208 255 0 255
P 106 208 255 0 255
P 107 208 255 0 255
P 108 208 255 0 255
P 109 208 255 0 255
P 110 208 255 0 255
P 111 208 255 0 255
P 112 208 255 0 255
P 113 208 255 0 255
P 114 208 255 0 255
P 115 208 255 0 255
P 116 208 255 0 255
P 117 208 255 255 0
P 118 208 255 255 0
P 119 208 255 255 0
P 120 208 255 255 0
P 121 208 255 255 0
P 122 208 0 0 255
P 123 208 0 0 255
P 124 208 0 0 255
P 125 208 0 0 255
P 126 208 0 0 255
P 127 208 0 0 255
P 128 208 0 0 255
P 129 208 0 0 255
P 130 208 0 0 255
P 131 208 0 0 255
P 132 208 0 0 255
P 133 208 0 0 255
P 134 208 255 0 0
P 135 208 255 0 0
P 136 208 255 0 0
P 137 208 255 0 0
P 138 208 255 0 0
P 139 208 0 255 255
P 140 208 0 255 255
P 141 208 0 255 255
P 142 208 0 255 255
P 143 208 0 255 255
P 144 208 0 255 255
P 145 208 0 255 255
P 146 208 0 255 255
P 147 208 0 255 255
P 148 208 0 255 255
P 149 208 0 255 255
P 150 208 0 255 255
P 151 208 255 0 255
P 152 208 255 0 255
P 153 208 255 0 255
P 154 208 255 0 255
P 155 208 255 0 255
P 156 208 0 255 0
P 157 208 0 255 0
P 158 208 0 255 0
P 159 208 0 255 0
P 160 208 0 255 0
P 161 208 0 255 0
P 162 208 0 255 0
P 163 208 0 255 0
P 164 208 0 255 0
P 165 208 0 255 0
P 166 208 0 255 0
P 167 208 0 255 0
P 168 208 255 0 0
P 169 208 255 0 0
P 170 208 255 0 0
P 171 208 255 0 0
P 172 208 255 0 0
P 173 208 255 0 255
P 174 208 255 0 255
P 175 208 255 0 255
P 176 208 255 0 255
P 177 208 255 0 255
P 178 208 255 0 255
P 179 208 255 0 255
P 180 208 255 0 255
P 181 208 255 0 255
P 182 208 255 0 255
P 183 208 255 0 255
P 184 208 255 0 255
P 185 208 255 255 0
P 186 208 255 255 0
P 187 208 255 255 0
P 188 208 255 255 0
P 189 208 255 255 0
P 190 208 0 0 255
P 191 208 0 0 255
P 192 208 0 0 255
P 193 208 0 0 255
P 194 208 0 0 255
P 195 208 0 0 255
P 196 208 0 0 255
P 197 208 0 0 255
P 198 208 0 0 255
P 199 208 0 0 255
P 200 208 0 0 255
P 201 208 0 0 255
P 202 208 255 0 0
P 203 208 255 0 0
P 204 208 255 0 0
P 205 208 255 0 0
P 206 208 255 0 0
P 207 208 0 255 255
P 208 208 0 255 255
P 209 208 0 255 255
P 210 208 0 255 255
P 211 208 0 255 255
P 212 208 0 255 255
P 213 208 0 255 255
P 214 208 0 255 255
P 215 208 0 255 255
P 216 208 0 255 255
P 217 208 0 255 255
P 218 208 0 255 255
P 219 208 255 0 255
P 220 208 255 0 255
P 221 208 255 0 255
P 222 208 255 0 255
P 223 208 255 0 255
P 224 208 0 255 0
P 225 208 0 255 0
P 226 208 0 255 0
P 227 208 0 255 0
P 228 208 0 255 0
P 229 208 0 255 0
P 230 208 0 255 0
P 231 208 0 255 0
P 232 208 0 255 0
P 233 208 0 255 0
P 234 208 0 255 0
P 235 208 0 255 0
P 236 208 255 0 0
P 237 208 255 0 0
P 238 208 255 0 0
P 239 208 255 0 0
P 240 208 255 0 0
P 241 208 255 0 255
P 242 208 255 0 255
P 243 208 255 0 255
P 244 208 255 0 255
P 245 208 255 0 255
P 246 208 255 0 255
P 247 208 255 0 255
P 248 208 255 0 255
P 249 208 255 0 255
P 250 208 255 0 255
P 251 208 255 0 255
P 252 208 255 0 255
P 253 208 255 255 0
P 254 208 255 255 0
P 255 208 255 255 0
P 256 208 255 255 0
P 257 208 255 255 0
P 258 208 0 0 255
P 259 208 0 0 255
P 260 208 0 0 255
P 261 208 0 0 255
P 262 208 0 0 255
P 263 208 0 0 255
P 264 208 0 0 255
P 265 208 0 0 255
P 266 208 0 0 255
P 267 208 0 0 255
P 268 208 0 0 255
P 269 208 0 0 255
P 270 208 255 0 0
P 271 208 255 0 0
P 272 208 255 0 0
P 273 208 255 0 0
P 274 208 255 0 0
P 275 208 0 255 255
P 276 208 0 255 255
P 277 208 0 255 255
P 278 208 0 255 255
P 279 208 0 255 255
P 280 208 0 255 255
P 281 208 0 255 255
P 282 208 0 255 255
P 283 208 0 255 255
P 284 208 0 255 255
P 285 208 0 255 255
P 286 208 0 255 255
P 287 208 255 0 255
P 288 208 255 0 255
P 289 208 255 0 255
P 290 208 255 0 255
P 291 208 255 0 255
P 20 209 0 255 0
P 21 209 0 255 0
P 22 209 0 255 0
P 23 209 0 255 0
P 24 209 0 255 0
P 25 209 0 255 0
P 26 209 0 255 0
P 27 209 0 255 0
P 28 209 0 255 0
P 29 209 0 255 0
P 30 209 0 255 0
P 31 209 0 255 0
P 32 209 0 255 0
P 33 209 255 0 0
P 34 209 255 0 0
P 35 209 255 0 0
P 36 209 255 0 0
P 37 209 0 255 255
P 38 209 0 255 255
P 39 209 0 255 255
P 40 209 0 255 255
P 41 209 0 255 255
P 42 209 0 255 255
P 43 209 0 255 255
P 44 209 0 255 255
P 45 209 0 255 255
P 46 209 0 255 255
P 47 209 0 255 255
P 48 209 0 255 255
P 49 209 0 255 255
P 50 209 255 255 0
P 51 209 255 255 0
P 52 209 255 255 0
P 53 209 255 255 0
P 54 209 0 0 255
P 55 209 0 0 255
P 56 209 0 0 255
P 57 209 0 0 255
P 58 209 0 0 255
P 59 209 0 0 255
P 60 209 0 0 255
P 61 209 0 0 255
P 62 209 0 0 255
P 63 209 0 0 255
P 64 209 0 0 255
P 65 209 0 0 255
P 66 209 0 0 255
P 67 209 255 0 0
P 68 209 255 0 0
P 69 209 255 0 0
P 70 209 255 0 0
P 71 209 0 255 255
P 72 209 0 255 255
P 73 209 0 255 255
P 74 209 0 255 255
P 75 209 0 255 255
P 76 209 0 255 255
P 77 209 0 255 255
P 78 209 0 255 255
P 79 209 0 255 255
P 80 209 0 255 255
P 81 209 0 255 255
P 82 209 0 255 255
P 83 209 0 255 255
P 84 209 0 255 255
P 85 209 255 0 255
P 86 209 255 0 255
P 87 209 255 0 255
P 88 209 0 255 0
P 89 209 0 255 0
P 90 209 0 255 0
P 91 209 0 255 0
P 92 209 0 255 0
P 93 209 0 255 0
P 94 209 0 255 0
P 95 209 0 255 0
P 96 209 0 255 0
P 97 209 0 255 0
P 98 209 0 255 0
P 99 209 0 255 0
P 100 209 0 255 0
P 101 209 255 0 0
P 102 209 255 0 0
P 103 209 255 0 0
P 104 209 255 0 0
P 105 209 255 0 255
P 106 209 255 0 255
P 107 209 255 0 255
P 108 209 255 0 255
P 109 209 255 0 255
P 110 209 255 0 255
P 111 209 255 0 255
P 112 209 255 0 255
P 113 209 255 0 255
P 114 209 255 0 255
P 115 209 255 0 255
P 116 209 255 0 255
P 117 209 255 0 255
P 118 209 255 255 0
P 119 209 255 255 0
P 120 209 255 255 0
P 121 209 255 255 0
P 122 209 0 0 255
P 123 209 0 0 255
P 124 209 0 0 255
P 125 209 0 0 255
P 126 209 0 0 255
P 127 209 0 0 255
P 128 209 0 0 255
P 129 209 0 0 255
P 130 209 0 0 255
P 131 209 0 0 255
P 132 209 0 0 255
P 133 209 0 0 255
P 134 209 0 0 255
P 135 209 255 0 0
P 136 209 255 0 0
P 137 209 255 0 0
P 138 209 255 0 0
P 139 209 0 255 255
P 140 209 0 255 255
P 141 209 0 255 255
P 142 209 0 255 255
P 143 209 0 255 255
P 144 209 0 255 255
P 145 209 0 255 255
P 146 209 0 255 255
P 147 209 0 255 255
P 148 209 0 255 255
P 149 209 0 255 255
P 150 209 0 255 255
P 151 209 0 255 255
P 152 209 0 255 255
P 153 209 255 0 255
P 154 209 255 0 255
P 155 209 255 0 255
P 156 209 0 255 0
P 157 209 0 255 0
P 158 209 0 255 0
P 159 209 0 255 0
P 160 209 0 255 0
P 161 209 0 255 0
P 162 209 0 255 0
P 163 209 0 255 0
P 164 209 0 255 0
P 165 209 0 255 0
P 166 209 0 255 0
P 167 209 0 255 0
P 168 209 0 255 0
P 169 209 0 255 0
P 170 209 255 0 0
P 171 209 255 0 0
P 172 209 255 0 0
P 173 209 255 0 255
P 174 209 255 0 255
P 175 209 255 0 255
P 176 209 255 0 255
P 177 209 255 0 255
P 178 209 255 0 255
P 179 209 255 0 255
P 180 209 255 0 255
P 181 209 255 0 255
P 182 209 255 0 255
P 183 209 255 0 255
P 184 209 255 0 255
P 185 209 255 0 255
P 186 209 255 255 0
P 187 209 255 255 0
P 188 209 255 255 0
P 189 209 255 255 0
P 190 209 0 0 255
P 191 209 0 0 255
P 192 209 0 0 255
P 193 209 0 0 255
P 194 209 0 0 255
P 195 209 0 0 255
P 196 209 0 0 255
P 197 209 0 0 255
P 198 209 0 0 255
P 199 209 0 0 255
P 200 209 0 0 255
P 201 209 0 0 255
P 202 209 0 0 255
P 203 209 255 0 0
P 204 209 255 0 0
P 205 209 255 0 0
P 206 209 255 0 0
P 207 209 0 255 255
P 208 209 0 255 255
P 209 209 0 255 255
P 210 209 0 255 255
P 211 209 0 255 255
P 212 209 0 255 255
P 213 209 0 255 255
P 214 209 0 255 255
P 215 209 0 255 255
P 216 209 0 255 255
P 217 209 0 255 255
P 218 209 0 255 255
P 219 209 0 255 255
P 220 209 255 0 255
P 221 209 255 0 255
P 222 209 255 0 255
P 223 209 255 0 255
P 224 209 0 255 0
P 225 209 0 255 0
P 226 209 0 255 0
P 227 209 0 255 0
P 228 209 0 255 0
P 229 209 0 255 0
P 230 209 0 255 0
P 231 209 0 255 0
P 232 209 0 255 0
P 233 209 0 255 0
P 234 209 0 255 0
P 235 209 0 255 0
P 236 209 0 255 0
P 237 209 0 255 0
P 238 209 255 0 0
P 239 209 255 0 0
P 240 209 255 0 0
P 241 209 255 0 255
P 242 209 255 0 255
P 243 209 255 0 255
P 244 209 255 0 255
P 245 209 255 0 255
P 246 209 255 0 255
P 247 209 255 0 255
P 248 209 255 0 255
P 249 209 255 0 255
P 250 209 255 0 255
P 251 209 255 0 255
P 252 209 255 0 255
P 253 209 255 0 255
P 254 209 255 255 0
P 255 209 255 255 0
P 256 209 255 255 0
P 257 209 255 255 0
P 258 209 0 0 255
P 259 209 0 0 255
P 260 209 0 0 255
P 261 209 0 0 255
P 262 209 0 0 255
P 263 209 0 0 255
P 264 209 0 0 255
P 265 209 0 0 255
P 266 209 0 0 255
P 267 209 0 0 255
P 268 209 0 0 255
P 269 209 0 0 255
P 270 209 0 0 255
P 271 209 255 0 0
P 272 209 255 0 0
P 273 209 255 0 0
P 274 209 255 0 0
P 275 209 0 255 255
P 276 209 0 255 255
P 277 209 0 255 255
P 278 209 0 255 255
P 279 209 0 255 255
P 280 209 0 255 255
P 281 209 0 255 255
P 282 209 0 255 255
P 283 209 0 255 255
P 284 209 0 255 255
P 285 209 0 255 255
P 286 209 0 255 255
P 287 209 0 255 255
P 288 209 255 0 255
P 289 209 255 0 255
P 290 209 255 0 255
P 291 209 255 0 255
P 20 210 0 255 0
P 21 210 0 255 0
P 22 210 0 255 0
P 23 210 0 255 0
P 24 210 0 255 0
P 25 210 0 255 0
P 26 210 0 255 0
P 27 210 0 255 0
P 28 210 0 255 0
P 29 210 0 255 0
P 30 210 0 255 0
P 31 210 0 255 0
P 32 210 0 255 0
P 33 210 0 255 0
P 34 210 0 255 0
P 35 210 255 0 0
P 36 210 255 0 0
P 37 210 0 255 255
P 38 210 0 255 255
P 39 210 0 255 255
P 40 210 0 255 255
P 41 210 0 255 255
P 42 210 0 255 255
P 43 210 0 255 255
P 44 210 0 255 255
P 45 210 0 255 255
P 46 210 0 255 255
P 47 210 0 255 255
P 48 210 0 255 255
P 49 210 0 255 255
P 50 210 0 255 255
P 51 210 0 255 255
P 52 210 255 255 0
P 53 210 255 255 0
P 54 210 0 0 255
P 55 210 0 0 255
P 56 210 0 0 255
P 57 210 0 0 255
P 58 210 0 0 255
P 59 210 0 0 255
P 60 210 0 0 255
P 61 210 0 0 255
P 62 210 0 0 255
P 63 210 0 0 255
P 64 210 0 0 255
P 65 210 0 0 255
P 66 210 0 0 255
P 67 210 0 0 255
P 68 210 0 0 255
P 69 210 255 0 0
P 70 210 255 0 0
P 71 210 0 255 255
P 72 210 0 255 255
P 73 210 0 255 255
P 74 210 0 255 255
P 75 210 0 255 255
P 76 210 0 255 255
P 77 210 0 255 255
P 78 210 0 255 255
P 79 210 0 255 255
P 80 210 0 255 255
P 81 210 0 255 255
P 82 210 0 255 255
P 83 210 0 255 255
P 84 210 0 255 255
P 85 210 0 255 255
P 86 210 255 0 255
P 87 210 255 0 255
P 88 210 0 255 0
P 89 210 0 255 0
P 90 210 0 255 0
P 91 210 0 255 0
P 92 210 0 255 0
P 93 210 0 255 0
P 94 210 0 255 0
P 95 210 0 255 0
P 96 210 0 255 0
P 97 210 0 255 0
P 98 210 0 255 0
P 99 210 0 255 0
P 100 210 0 255 0
P 101 210 0 255 0
P 102 210 0 255 0
P 103 210 255 0 0
P 104 210 255 0 0
P 105 210 255 0 255
P 106 210 255 0 255
P 107 210 255 0 255
P 108 210 255 0 255
P 109 210 255 0 255
P 110 210 255 0 255
P 111 210 255 0 255
P 112 210 255 0 255
P 113 210 255 0 255
P 114 210 255 0 255
P 115 210 255 0 255
P 116 210 255 0 255
P 117 210 255 0 255
P 118 210 255 0 255
P 119 210 255 0 255
P 120 210 255 255 0
P 121 210 255 255 0
P 122 210 0 0 255
P 123 210 0 0 255
P 124 210 0 0 255
P 125 210 0 0 255
P 126 210 0 0 255
P 127 210 0 0 255
P 128 210 0 0 255
P 129 210 0 0 255
P 130 210 0 0 255
P 131 210 0 0 255
P 132 210 0 0 255
P 133 210 0 0 255
P 134 210 0 0 255
P 135 210 0 0 255
P 136 210 0 0 255
P 137 210 255 0 0
P 138 210 255 0 0
P 139 210 0 255 255
P 140 210 0 255 255
P 141 210 0 255 255
P 142 210 0 255 255
P 143 210 0 255 255
P 144 210 0 255 255
P 145 210 0 255 255
P 146 210 0 255 255
P 147 210 0 255 255
P 148 210 0 255 255
P 149 210 0 255 255
P 150 210 0 255 255
P 151 210 0 255 255
P 152 210 0 255 255
P 153 210 0 255 255
P 154 210 255 0 255
P 155 210 255 0 255
P 156 210 0 255 0
P 157 210 0 255 0
P 158 210 0 255 0
P 159 210 0 255 0
P 160 210 0 255 0
P 161 210 0 255 0
P 162 210 0 255 0
P 163 210 0 255 0
P 164 210 0 255 0
P 165 210 0 255 0
P 166 210 0 255 0
P 167 210 0 255 0
P 168 210 0 255 0
P 169 210 0 255 0
P 170 210 0 255 0
P 171 210 255 0 0
P 172 210 255 0 0
P 173 210 255 0 255
P 174 210 255 0 255
P 175 210 255 0 255
P 176 210 255 0 255
P 177 210 255 0 255
P 178 210 255 0 255
P 179 210 255 0 255
P 180 210 255 0 255
P 181 210 255 0 255
P 182 210 255 0 255
P 183 210 255 0 255
P 184 210 255 0 255
P 185 210 255 0 255
P 186 210 255 0 255
P 187 210 255 0 255
P 188 210 255 255 0
P 189 210 255 255 0
P 190 210 0 0 255
P 191 210 0 0 255
P 192 210 0 0 255
P 193 210 0 0 255
P 194 210 0 0 255
P 195 210 0 0 255
P 196 210 0 0 255
P 197 210 0 0 255
P 198 210 0 0 255
P 199 210 0 0 255
P 200 210 0 0 255
P 201 210 0 0 255
P 202 210 0 0 255
P 203 210 0 0 255
P 204 210 0 0 255
P 205 210 255 0 0
P 206 210 255 0 0
P 207 210 0 255 255
P 208 210 0 255 255
P 209 210 0 255 255
P 210 210 0 255 255
P 211 210 0 255 255
P 212 210 0 255 255
P 213 210 0 255 255
P 214 210 0 255 255
P 215 210 0 255 255
P 216 210 0 255 255
P 217 210 0 255 255
P 218 210 0 255 255
P 219 210 0 255 255
P 220 210 0 255 255
P 221 210 0 255 255
P 222 210 255 0 255
P 223 210 255 0 255
P 224 210 0 255 0
P 225 210 0 255 0
P 226 210 0 255 0
P 227 210 0 255 0
P 228 210 0 255 0
P 229 210 0 255 0
P 230 210 0 255 0
P 231 210 0 255 0
P 232 210 0 255 0
P 233 210 0 255 0
P 234 210 0 255 0
P 235 210 0 255 0
P 236 210 0 255 0
P 237 210 0 255 0
P 238 210 0 255 0
P 239 210 255 0 0
P 240 210 255 0 0
P 241 210 255 0 255
P 242 210 255 0 255
P 243 210 255 0 255
P 244 210 255 0 255
P 245 210 255 0 255
P 246 210 255 0 255
P 247 210 255 0 255
P 248 210 255 0 255
P 249 210 255 0 255
P 250 210 255 0 255
P 251 210 255 0 255
P 252 210 255 0 255
P 253 210 255 0 255
P 254 210 255 0 255
P 255 210 255 0 255
P 256 210 255 255 0
P 257 210 255 255 0
P 258 210 0 0 255
P 259 210 0 0 255
P 260 210 0 0 255
P 261 210 0 0 255
P 262 210 0 0 255
P 263 210 0 0 255
P 264 210 0 0 255
P 265 210 0 0 255
P 266 210 0 0 255
P 267 210 0 0 255
P 268 210 0 0 255
P 269 210 0 0 255
P 270 210 0 0 255
P 271 210 0 0 255
P 272 210 0 0 255
P 273 210 255 0 0
P 274 210 255 0 0
P 275 210 0 255 255
P 276 210 0 255 255
P 277 210 0 255 255
P 278 210 0 255 255
P 279 210 0 255 255
P 280 210 0 255 255
P 281 210 0 255 255
P 282 210 0 255 255
P 283 210 0 255 255
P 284 210 0 255 255
P 285 210 0 255 255
P 286 210 0 255 255
P 287 210 0 255 255
P 288 210 0 255 255
P 289 210 255 0 255
P 290 210 255 0 255
P 291 210 255 0 255
P 20 211 0 255 0
P 21 211 0 255 0
P 22 211 0 255 0
P 23 211 0 255 0
P 24 211 0 255 0
P 25 211 0 255 0
P 26 211 0 255 0
P 27 211 0 255 0
P 28 211 0 255 0
P 29 211 0 255 0
P 30 211 0 255 0
P 31 211 0 255 0
P 32 211 0 255 0
P 33 211 0 255 0
P 34 211 0 255 0
P 35 211 0 255 0
P 36 211 255 0 0
P 37 211 0 255 255
P 38 211 0 255 255
P 39 211 0 255 255
P 40 211 0 255 255
P 41 211 0 255 255
P 42 211 0 255 255
P 43 211 0 255 255
P 44 211 0 255 255
P 45 211 0 255 255
P 46 211 0 255 255
P 47 211 0 255 255
P 48 211 0 255 255
P 49 211 0 255 255
P 50 211 0 255 255
P 51 211 0 255 255
P 52 211 0 255 255
P 53 211 255 255 0
P 54 211 0 0 255
P 55 211 0 0 255
P 56 211 0 0 255
P 57 211 0 0 255
P 58 211 0 0 255
P 59 211 0 0 255
P 60 211 0 0 255
P 61 211 0 0 255
P 62 211 0 0 255
P 63 211 0 0 255
P 64 211 0 0 255
P 65 211 0 0 255
P 66 211 0 0 255
P 67 211 0 0 255
P 68 211 0 0 255
P 69 211 0 0 255
P 70 211 255 0 0
P 71 211 0 255 255
P 72 211 0 255 255
P 73 211 0 255 255
P 74 211 0 255 255
P 75 211 0 255 255
P 76 211 0 255 255
P 77 211 0 255 255
P 78 211 0 255 255
P 79 211 0 255 255
P 80 211 0 255 255
P 81 211 0 255 255
P 82 211 0 255 255
P 83 211 0 255 255
P 84 211 0 255 255
P 85 211 0 255 255
P 86 211 0 255 255
P 87 211 0 255 255
P 88 211 0 255 0
P 89 211 0 255 0
P 90 211 0 255 0
P 91 211 0 255 0
P 92 211 0 255 0
P 93 211 0 255 0
P 94 211 0 255 0
P 95 211 0 255 0
P 96 211 0 255 0
P 97 211 0 255 0
P 98 211 0 255 0
P 99 211 0 255 0
P 100 211 0 255 0
P 101 211 0 255 0
P 102 211 0 255 0
P 103 211 0 255 0
P 104 211 255 0 0
P 105 211 255 0 255
P 106 211 255 0 255
P 107 211 255 0 255
P 108 211 255 0 255
P 109 211 255 0 255
P 110 211 255 0 255
P 111 211 255 0 255
P 112 211 255 0 255
P 113 211 255 0 255
P 114 211 255 0 255
P 115 211 255 0 255
P 116 211 255 0 255
P 117 211 255 0 255
P 118 211 255 0 255
P 119 211 255 0 255
P 120 211 255 0 255
P 121 211 255 255 0
P 122 211 0 0 255
P 123 211 0 0 255
P 124 211 0 0 255
P 125 211 0 0 255
P 126 211 0 0 255
P 127 211 0 0 255
P 128 211 0 0 255
P 129 211 0 0 255
P 130 211 0 0 255
P 131 211 0 0 255
P 132 211 0 0 255
P 133 211 0 0 255
P 134 211 0 0 255
P 135 211 0 0 255
P 136 211 0 0 255
P 137 211 0 0 255
P 138 211 255 0 0
P 139 211 0 255 255
P 140 211 0 255 255
P 141 211 0 255 255
P 142 211 0 255 255
P 143 211 0 255 255
P 144 211 0 255 255
P 145 211 0 255 255
P 146 211 0 255 255
P 147 211 0 255 255
P 148 211 0 255 255
P 149 211 0 255 255
P 150 211 0 255 255
P 151 211 0 255 255
P 152 211 0 255 255
P 153 211 0 255 255
P 154 211 0 255 255
P 155 211 255 0 255
P 156 211 0 255 0
P 157 211 0 255 0
P 158 211 0 255 0
P 159 211 0 255 0
P 160 211 0 255 0
P 161 211 0 255 0
P 162 211 0 255 0
P 163 211 0 255 0
P 164 211 0 255 0
P 165 211 0 255 0
P 166 211 0 255 0
P 167 211 0 255 0
P 168 211 0 255 0
P 169 211 0 255 0
P 170 211 0 255 0
P 171 211 0 255 0
P 172 211 255 0 0
P 173 211 255 0 255
P 174 211 255 0 255
P 175 211 255 0 255
P 176 211 255 0 255
P 177 211 255 0 255
P 178 211 255 0 255
P 179 211 255 0 255
P 180 211 255 0 255
P 181 211 255 0 255
P 182 211 255 0 255
P 183 211 255 0 255
P 184 211 255 0 255
P 185 211 255 0 255
P 186 211 255 0 255
P 187 211 255 0 255
P 188 211 255 0 255
P 189 211 255 255 0
P 190 211 0 0 255
P 191 211 0 0 255
P 192 211 0 0 255
P 193 211 0 0 255
P 194 211 0 0 255
P 195 211 0 0 255
P 196 211 0 0 255
P 197 211 0 0 255
P 198 211 0 0 255
P 199 211 0 0 255
P 200 211 0 0 255
P 201 211 0 0 255
P 202 211 0 0 255
P 203 211 0 0 255
P 204 211 0 0 255
P 205 211 0 0 255
P 206 211 255 0 0
P 207 211 0 255 255
P 208 211 0 255 255
P 209 211 0 255 255
P 210 211 0 255 255
P 211 211 0 255 255
P 212 211 0 255 255
P 213 211 0 255 255
P 214 211 0 255 255
P 215 211 0 255 255
P 216 211 0 255 255
P 217 211 0 255 255
P 218 211 0 255 255
P 219 211 0 255 255
P 220 211 0 255 255
P 221 211 0 255 255
P 222 211 0 255 255
P 223 211 255 0 255
P 224 211 0 255 0
P 225 211 0 255 0
P 226 211 0 255 0
P 227 211 0 255 0
P 228 211 0 255 0
P 229 211 0 255 0
P 230 211 0 255 0
P 231 211 0 255 0
P 232 211 0 255 0
P 233 211 0 255 0
P 234 211 0 255 0
P 235 211 0 255 0
P 236 211 0 255 0
P 237 211 0 255 0
P 238 211 0 255 0
P 239 211 0 255 0
P 240 211 255 0 0
P 241 211 255 0 255
P 242 211 255 0 255
P 243 211 255 0 255
P 244 211 255 0 255
P 245 211 255 0 255
P 246 211 255 0 255
P 247 211 255 0 255
P 248 211 255 0 255
P 249 211 255 0 255
P 250 211 255 0 255
P 251 211 255 0 255
P 252 211 255 0 255
P 253 211 255 0 255
P 254 211 255 0 255
P 255 211 255 0 255
P 256 211 255 0 255
P 257 211 255 255 0
P 258 211 0 0 255
P 259 211 0 0 255
P 260 211 0 0 255
P 261 211 0 0 255
P 262 211 0 0 255
P 263 211 0 0 255
P 264 211 0 0 255
P 265 211 0 0 255
P 266 211 0 0 255
P 267 211 0 0 255
P 268 211 0 0 255
P 269 211 0 0 255
P 270 211 0 0 255
P 271 211 0 0 255
P 272 211 0 0 255
P 273 211 0 0 255
P 274 211 255 0 0
P 275 211 0 255 255
P 276 211 0 255 255
P 277 211 0 255 255
P 278 211 0 255 255
P 279 211 0 255 255
P 280 211 0 255 255
P 281 211 0 255 255
P 282 211 0 255 255
P 283 211 0 255 255
P 284 211 0 255 255
P 285 211 0 255 255
P 286 211 0 255 255
P 287 211 0 255 255
P 288 211 0 255 255
P 289 211 0 255 255
P 290 211 0 255 255
P 291 211 255 0 255
