P 40 40 2468166230
P 41 40 2468166230
P 42 40 2451388758
P 43 40 2451388758
P 44 40 2451388758
P 45 40 2451388758
P 46 40 2451388758
P 47 40 2451388758
P 48 40 2434676821
P 49 40 2417899604
P 50 40 2417899604
P 51 40 2417899604
P 52 40 2417899604
P 53 40 2417899604
P 54 40 2417899604
P 55 40 2417899604
P 56 40 2384410450
P 57 40 2384410450
P 58 40 2384410450
P 59 40 2384410450
P 60 40 2384410194
P 61 40 2384410194
P 62 40 2384410194
P 63 40 2384410194
P 64 40 2350921040
P 65 40 2350921040
P 66 40 2350921040
P 67 40 2350921039
P 68 40 2350921039
P 69 40 2350921039
P 70 40 2334143823
P 71 40 2334143823
P 72 40 2317497422
P 73 40 2317497421
P 74 40 2317497421
P 75 40 2317497165
P 76 40 2317497165
P 77 40 2317431629
P 78 40 2317497165
P 79 40 2317497165
P 80 40 2300785227
P 81 40 2300785227
P 82 40 2284073546
P 83 40 2284008010
P 84 40 2284008010
P 85 40 2284007754
P 86 40 2284007754
P 87 40 2284007754
P 88 40 2267426888
P 89 40 2267361352
P 90 40 2267361352
P 91 40 2267361351
P 92 40 2267361351
P 93 40 2267361095
P 94 40 2267361095
P 95 40 2267361095
P 96 40 2267491909
P 97 40 2267491909
P 98 40 2267491909
P 99 40 2267491909
P 100 40 2267491908
P 101 40 2267491908
P 102 40 2267491652
P 103 40 2267491652
P 104 40 2250845250
P 105 40 2250845250
P 106 40 2250845249
P 107 40 2250845249
P 108 40 2250844993
P 109 40 2250844993
P 110 40 2250844993
P 111 40 2250779457
P 112 40 2267753022
P 113 40 2267753022
P 114 40 2267752766
P 115 40 2267752766
P 116 40 2267752766
P 117 40 2267687230
P 118 40 2267687230
P 119 40 2267687229
P 120 40 2284660539
P 121 40 2284660539
P 122 40 2284660539
P 123 40 2284595003
P 124 40 2284595002
P 125 40 2284594746
P 126 40 2284594746
P 127 40 2301371962
P 128 40 2318279991
P 129 40 2318279991
P 130 40 2318279991
P 131 40 2318279735
P 132 40 2318214199
P 133 40 2334991414
P 134 40 2334991414
P 135 40 2334925878
P 136 40 2368676404
P 137 40 2368676403
P 138 40 2368610867
P 139 40 2385388083
P 140 40 2385388083
P 141 40 2385388083
P 142 40 2385322546
P 143 40 2385322546
P 144 40 2435784752
P 145 40 2435784752
P 146 40 2452561711
P 147 40 2452496175
P 148 40 2452496175
P 149 40 2452430639
P 150 40 2469207854
P 151 40 2469142318
P 152 40 2519670060
P 153 40 2536381740
P 154 40 2536381740
P 155 40 2536316203
P 156 40 2553093163
P 157 40 2553027627
P 158 40 2569804843
P 159 40 2569739306
P 160 40 2636978728
P 161 40 2653690407
P 162 40 2653690407
P 163 40 2653624871
P 164 40 2670401831
P 165 40 2687113510
P 166 40 2687113511
P 167 40 2687047975
P 40 41 2468166230
P 41 41 2468166230
P 42 41 2451388758
P 43 41 2451388758
P 44 41 2451388758
P 45 41 2451388758
P 46 41 2451388758
P 47 41 2451388758
P 48 41 2434676821
P 49 41 2417899604
P 50 41 2417899604
P 51 41 2417899604
P 52 41 2417899604
P 53 41 2417899604
P 54 41 2417899604
P 55 41 2417899604
P 56 41 2384410450
P 57 41 2384410450
P 58 41 2384410450
P 59 41 2384410450
P 60 41 2384410194
P 61 41 2384410194
P 62 41 2384410194
P 63 41 2384410194
P 64 41 2350921040
P 65 41 2350921040
P 66 41 2350921040
P 67 41 2350921039
P 68 41 2350921039
P 69 41 2350921039
P 70 41 2334143823
P 71 41 2334143823
P 72 41 2317497422
P 73 41 2317497421
P 74 41 2317497421
P 75 41 2317497165
P 76 41 2317497165
P 77 41 2317431629
P 78 41 2317497165
P 79 41 2317497165
P 80 41 2300850763
P 81 41 2300785227
P 82 41 2284073546
P 83 41 2284008010
P 84 41 2284008010
P 85 41 2284007754
P 86 41 2284007754
P 87 41 2284007754
P 88 41 2267426888
P 89 41 2267361352
P 90 41 2267361352
P 91 41 2267361351
P 92 41 2267361351
P 93 41 2267361095
P 94 41 2267361095
P 95 41 2267361095
P 96 41 2267491909
P 97 41 2267491909
P 98 41 2267491909
P 99 41 2267491909
P 100 41 2267491908
P 101 41 2267491908
P 102 41 2267491652
P 103 41 2267491652
P 104 41 2250910786
P 105 41 2250845250
P 106 41 2250845249
P 107 41 2250845249
P 108 41 2250844993
P 109 41 2250844993
P 110 41 2250844993
P 111 41 2250779457
P 112 41 2267818558
P 113 41 2267753023
P 114 41 2267752766
P 115 41 2267752766
P 116 41 2267752766
P 117 41 2267687230
P 118 41 2267687230
P 119 41 2267687229
P 120 41 2284660539
P 121 41 2284660539
P 122 41 2284660539
P 123 41 2284595003
P 124 41 2284595002
P 125 41 2284594746
P 126 41 2284594746
P 127 41 2301371962
P 128 41 2318345527
P 129 41 2318279991
P 130 41 2318279991
P 131 41 2318279735
P 132 41 2318214199
P 133 41 2334991414
P 134 41 2334991414
P 135 41 2334925878
P 136 41 2368676404
P 137 41 2368676403
P 138 41 2368610867
P 139 41 2385388083
P 140 41 2385388083
P 141 41 2385388083
P 142 41 2385322546
P 143 41 2385322546
P 144 41 2435850288
P 145 41 2435784752
P 146 41 2452561711
P 147 41 2452496175
P 148 41 2452496175
P 149 41 2452430639
P 150 41 2469207854
P 151 41 2469142318
P 152 41 2519670060
P 153 41 2536381740
P 154 41 2536381740
P 155 41 2536316203
P 156 41 2553093163
P 157 41 2553027627
P 158 41 2569804843
P 159 41 2569739306
P 160 41 2637044264
P 161 41 2653690407
P 162 41 2653690407
P 163 41 2653624872
P 164 41 2670401831
P 165 41 2687113511
P 166 41 2687113511
P 167 41 2687047975
P 40 42 2468166230
P 41 42 2468166230
P 42 42 2451388758
P 43 42 2451388758
P 44 42 2451388758
P 45 42 2451388758
P 46 42 2451388758
P 47 42 2451388758
P 48 42 2434676821
P 49 42 2417899604
P 50 42 2417899604
P 51 42 2417899604
P 52 42 2417899604
P 53 42 2417899604
P 54 42 2417899604
P 55 42 2417899604
P 56 42 2384410450
P 57 42 2384410450
P 58 42 2384410450
P 59 42 2384410450
P 60 42 2384410194
P 61 42 2384410194
P 62 42 2384410194
P 63 42 2384410194
P 64 42 2350921040
P 65 42 2350921040
P 66 42 2350921040
P 67 42 2350921039
P 68 42 2350921039
P 69 42 2350921039
P 70 42 2334143823
P 71 42 2334143823
P 72 42 2317497422
P 73 42 2317497421
P 74 42 2317497421
P 75 42 2317497165
P 76 42 2317497165
P 77 42 2317431629
P 78 42 2317497165
P 79 42 2317497165
P 80 42 2300850763
P 81 42 2300785227
P 82 42 2284073546
P 83 42 2284008010
P 84 42 2284008010
P 85 42 2284007754
P 86 42 2284007754
P 87 42 2284007754
P 88 42 2267426888
P 89 42 2267426888
P 90 42 2267361352
P 91 42 2267361351
P 92 42 2267361351
P 93 42 2267361095
P 94 42 2267361095
P 95 42 2267361095
P 96 42 2267491909
P 97 42 2267491909
P 98 42 2267491909
P 99 42 2267491909
P 100 42 2267491908
P 101 42 2267491908
P 102 42 2267491652
P 103 42 2267491652
P 104 42 2250910786
P 105 42 2250845250
P 106 42 2250845249
P 107 42 2250845249
P 108 42 2250844993
P 109 42 2250844993
P 110 42 2250844993
P 111 42 2250779457
P 112 42 2267818559
P 113 42 2267753023
P 114 42 2267752766
P 115 42 2267752766
P 116 42 2267752766
P 117 42 2267687230
P 118 42 2267687230
P 119 42 2267687229
P 120 42 2284660539
P 121 42 2284660539
P 122 42 2284660539
P 123 42 2284595003
P 124 42 2284595002
P 125 42 2284594746
P 126 42 2284594746
P 127 42 2301371962
P 128 42 2318345527
P 129 42 2318279991
P 130 42 2318279991
P 131 42 2318279735
P 132 42 2318214199
P 133 42 2334991414
P 134 42 2334991414
P 135 42 2334925878
P 136 42 2368676404
P 137 42 2368676403
P 138 42 2368610867
P 139 42 2385388083
P 140 42 2385388083
P 141 42 2385388083
P 142 42 2385322546
P 143 42 2385322546
P 144 42 2435850288
P 145 42 2435784752
P 146 42 2452561711
P 147 42 2452496175
P 148 42 2452496175
P 149 42 2452430639
P 150 42 2469207855
P 151 42 2469142319
P 152 42 2519670060
P 153 42 2536447276
P 154 42 2536381740
P 155 42 2536316203
P 156 42 2553093163
P 157 42 2553027627
P 158 42 2569804843
P 159 42 2569739306
P 160 42 2637044264
P 161 42 2653755944
P 162 42 2653690408
P 163 42 2653624872
P 164 42 2670401831
P 165 42 2687113511
P 166 42 2687113511
P 167 42 2687047975
P 40 43 2468166230
P 41 43 2468166230
P 42 43 2451388758
P 43 43 2451388758
P 44 43 2451388758
P 45 43 2451388758
P 46 43 2451388758
P 47 43 2451388758
P 48 43 2434676821
P 49 43 2417899604
P 50 43 2417899604
P 51 43 2417899604
P 52 43 2417899604
P 53 43 2417899604
P 54 43 2417899604
P 55 43 2417899604
P 56 43 2384410450
P 57 43 2384410450
P 58 43 2384410450
P 59 43 2384410450
P 60 43 2384410194
P 61 43 2384410194
P 62 43 2384410194
P 63 43 2384410194
P 64 43 2350921040
P 65 43 2350921040
P 66 43 2350921040
P 67 43 2350921039
P 68 43 2350921039
P 69 43 2350921039
P 70 43 2334143823
P 71 43 2334143823
P 72 43 2317497422
P 73 43 2317497421
P 74 43 2317497421
P 75 43 2317497165
P 76 43 2317497165
P 77 43 2317431629
P 78 43 2317497165
P 79 43 2317497165
P 80 43 2300850763
P 81 43 2300785227
P 82 43 2284073546
P 83 43 2284008010
P 84 43 2284008010
P 85 43 2284007754
P 86 43 2284007754
P 87 43 2284007754
P 88 43 2267426888
P 89 43 2267426888
P 90 43 2267361352
P 91 43 2267361351
P 92 43 2267361351
P 93 43 2267361095
P 94 43 2267361095
P 95 43 2267361095
P 96 43 2267491909
P 97 43 2267491909
P 98 43 2267557445
P 99 43 2267491909
P 100 43 2267491908
P 101 43 2267491908
P 102 43 2267491652
P 103 43 2267491652
P 104 43 2250910786
P 105 43 2250845250
P 106 43 2250845249
P 107 43 2250845249
P 108 43 2250844993
P 109 43 2250844993
P 110 43 2250844993
P 111 43 2250779457
P 112 43 2267818559
P 113 43 2267753023
P 114 43 2267752766
P 115 43 2267752766
P 116 43 2267752766
P 117 43 2267687230
P 118 43 2267687230
P 119 43 2267687229
P 120 43 2284660539
P 121 43 2284660539
P 122 43 2284660539
P 123 43 2284595003
P 124 43 2284595002
P 125 43 2284594746
P 126 43 2284594746
P 127 43 2301371962
P 128 43 2318345527
P 129 43 2318279991
P 130 43 2318279991
P 131 43 2318279735
P 132 43 2318214199
P 133 43 2334991415
P 134 43 2334991414
P 135 43 2334925878
P 136 43 2368676404
P 137 43 2368676403
P 138 43 2368676403
P 139 43 2385388083
P 140 43 2385388083
P 141 43 2385388083
P 142 43 2385322546
P 143 43 2385322546
P 144 43 2435850288
P 145 43 2435784752
P 146 43 2452561711
P 147 43 2452496175
P 148 43 2452496175
P 149 43 2452430639
P 150 43 2469207855
P 151 43 2469142319
P 152 43 2519670060
P 153 43 2536447276
P 154 43 2536381740
P 155 43 2536316203
P 156 43 2553093163
P 157 43 2553027627
P 158 43 2569804843
P 159 43 2569739306
P 160 43 2637044264
P 161 43 2653755944
P 162 43 2653755944
P 163 43 2653624872
P 164 43 2670401831
P 165 43 2687113511
P 166 43 2687113511
P 167 43 2687047975
P 40 44 2468166230
P 41 44 2468166230
P 42 44 2451388758
P 43 44 2451388758
P 44 44 2451388758
P 45 44 2451388758
P 46 44 2451388758
P 47 44 2451388758
P 48 44 2434676821
P 49 44 2417899604
P 50 44 2417899604
P 51 44 2417899604
P 52 44 2417899604
P 53 44 2417899604
P 54 44 2417899604
P 55 44 2417899604
P 56 44 2384410450
P 57 44 2384410450
P 58 44 2384410450
P 59 44 2384410450
P 60 44 2384410194
P 61 44 2384410194
P 62 44 2384410194
P 63 44 2384410194
P 64 44 2350921040
P 65 44 2350921040
P 66 44 2350921040
P 67 44 2350921039
P 68 44 2350921039
P 69 44 2350921039
P 70 44 2334143823
P 71 44 2334143823
P 72 44 2317497422
P 73 44 2317497165
P 74 44 2317497421
P 75 44 2317497165
P 76 44 2317497165
P 77 44 2317431629
P 78 44 2317497165
P 79 44 2317497165
P 80 44 2300850763
P 81 44 2300785227
P 82 44 2284073546
P 83 44 2284073546
P 84 44 2284008010
P 85 44 2284007754
P 86 44 2284007754
P 87 44 2284007754
P 88 44 2267426888
P 89 44 2267426888
P 90 44 2267361352
P 91 44 2267361351
P 92 44 2267361351
P 93 44 2267361095
P 94 44 2267361095
P 95 44 2267361095
P 96 44 2267491909
P 97 44 2267491909
P 98 44 2267557445
P 99 44 2267491909
P 100 44 2267491908
P 101 44 2267491908
P 102 44 2267491652
P 103 44 2267491652
P 104 44 2250910786
P 105 44 2250845250
P 106 44 2250845249
P 107 44 2250845249
P 108 44 2250844993
P 109 44 2250844993
P 110 44 2250844993
P 111 44 2250779457
P 112 44 2267818559
P 113 44 2267753023
P 114 44 2267752766
P 115 44 2267752766
P 116 44 2267752766
P 117 44 2267687230
P 118 44 2267687230
P 119 44 2267687229
P 120 44 2284660539
P 121 44 2284660539
P 122 44 2284660539
P 123 44 2284660539
P 124 44 2284595002
P 125 44 2284594746
P 126 44 2284594746
P 127 44 2301371962
P 128 44 2318345527
P 129 44 2318279991
P 130 44 2318279991
P 131 44 2318279735
P 132 44 2318214199
P 133 44 2334991415
P 134 44 2334991414
P 135 44 2334925878
P 136 44 2368676404
P 137 44 2368676403
P 138 44 2368676403
P 139 44 2385388083
P 140 44 2385388083
P 141 44 2385387827
P 142 44 2385322546
P 143 44 2385322546
P 144 44 2435850288
P 145 44 2435784752
P 146 44 2452561712
P 147 44 2452561712
P 148 44 2452496175
P 149 44 2452430639
P 150 44 2469207855
P 151 44 2469142319
P 152 44 2519670060
P 153 44 2536447276
P 154 44 2536381740
P 155 44 2536381739
P 156 44 2553093163
P 157 44 2553027627
P 158 44 2569804843
P 159 44 2569739306
P 160 44 2637044264
P 161 44 2653755944
P 162 44 2653755944
P 163 44 2653690408
P 164 44 2670401831
P 165 44 2687113511
P 166 44 2687113511
P 167 44 2687047975
P 40 45 2468166230
P 41 45 2468166230
P 42 45 2451388758
P 43 45 2451388758
P 44 45 2451388758
P 45 45 2451388758
P 46 45 2451388758
P 47 45 2451388758
P 48 45 2434676821
P 49 45 2417899604
P 50 45 2417899604
P 51 45 2417899604
P 52 45 2417899604
P 53 45 2417899604
P 54 45 2417899604
P 55 45 2417899604
P 56 45 2384410450
P 57 45 2384410450
P 58 45 2384410450
P 59 45 2384410450
P 60 45 2384410194
P 61 45 2384410194
P 62 45 2384410194
P 63 45 2384410194
P 64 45 2350921040
P 65 45 2350921040
P 66 45 2350921040
P 67 45 2350921039
P 68 45 2350921039
P 69 45 2350921039
P 70 45 2334143823
P 71 45 2334143823
P 72 45 2317497422
P 73 45 2317497165
P 74 45 2317497165
P 75 45 2317497165
P 76 45 2317497165
P 77 45 2317431629
P 78 45 2317497165
P 79 45 2317497165
P 80 45 2300850763
P 81 45 2300785227
P 82 45 2284073546
P 83 45 2284073546
P 84 45 2284008010
P 85 45 2284007754
P 86 45 2284007754
P 87 45 2284007754
P 88 45 2267426888
P 89 45 2267426888
P 90 45 2267361352
P 91 45 2267361351
P 92 45 2267361351
P 93 45 2267361095
P 94 45 2267361095
P 95 45 2267361095
P 96 45 2267491909
P 97 45 2267491909
P 98 45 2267557445
P 99 45 2267491909
P 100 45 2267491908
P 101 45 2267491908
P 102 45 2267491652
P 103 45 2267491652
P 104 45 2250910786
P 105 45 2250845250
P 106 45 2250845249
P 107 45 2250845249
P 108 45 2250844993
P 109 45 2250844993
P 110 45 2250844993
P 111 45 2250779457
P 112 45 2267818559
P 113 45 2267753023
P 114 45 2267752766
P 115 45 2267752766
P 116 45 2267752766
P 117 45 2267687230
P 118 45 2267687230
P 119 45 2267687229
P 120 45 2284660539
P 121 45 2284660539
P 122 45 2284660539
P 123 45 2284660539
P 124 45 2284595002
P 125 45 2284594746
P 126 45 2284594746
P 127 45 2301371962
P 128 45 2318345528
P 129 45 2318279991
P 130 45 2318279991
P 131 45 2318279735
P 132 45 2318279735
P 133 45 2334991415
P 134 45 2334991414
P 135 45 2334925878
P 136 45 2368676404
P 137 45 2368676403
P 138 45 2368676403
P 139 45 2385388083
P 140 45 2385388083
P 141 45 2385387827
P 142 45 2385322290
P 143 45 2385322546
P 144 45 2435850288
P 145 45 2435784752
P 146 45 2452561712
P 147 45 2452561712
P 148 45 2452496175
P 149 45 2452430639
P 150 45 2469207855
P 151 45 2469142319
P 152 45 2519670060
P 153 45 2536447276
P 154 45 2536381740
P 155 45 2536381739
P 156 45 2553093163
P 157 45 2553027627
P 158 45 2569804843
P 159 45 2569739306
P 160 45 2637044264
P 161 45 2653755944
P 162 45 2653755944
P 163 45 2653690408
P 164 45 2670401831
P 165 45 2687113511
P 166 45 2687113511
P 167 45 2687047975
P 40 46 2468166230
P 41 46 2468166230
P 42 46 2451388758
P 43 46 2451388758
P 44 46 2451388758
P 45 46 2451388758
P 46 46 2451388758
P 47 46 2451388758
P 48 46 2434676821
P 49 46 2417899604
P 50 46 2417899604
P 51 46 2417899604
P 52 46 2417899604
P 53 46 2417899604
P 54 46 2417899604
P 55 46 2417899604
P 56 46 2384410450
P 57 46 2384410450
P 58 46 2384410450
P 59 46 2384410450
P 60 46 2384410194
P 61 46 2384410194
P 62 46 2384410194
P 63 46 2384410194
P 64 46 2350921040
P 65 46 2350921040
P 66 46 2350921040
P 67 46 2350921039
P 68 46 2350921039
P 69 46 2350921039
P 70 46 2334143823
P 71 46 2334143823
P 72 46 2317497422
P 73 46 2317497165
P 74 46 2317497165
P 75 46 2317497165
P 76 46 2317497165
P 77 46 2317497165
P 78 46 2317497165
P 79 46 2317497165
P 80 46 2300850763
P 81 46 2300785227
P 82 46 2284073546
P 83 46 2284073546
P 84 46 2284008010
P 85 46 2284007754
P 86 46 2284007754
P 87 46 2284007754
P 88 46 2267426888
P 89 46 2267426888
P 90 46 2267361352
P 91 46 2267361351
P 92 46 2267361351
P 93 46 2267361095
P 94 46 2267361095
P 95 46 2267361095
P 96 46 2267491909
P 97 46 2267491909
P 98 46 2267557445
P 99 46 2267491909
P 100 46 2267491908
P 101 46 2267491908
P 102 46 2267491652
P 103 46 2267491652
P 104 46 2250910786
P 105 46 2250845250
P 106 46 2250845249
P 107 46 2250845249
P 108 46 2250844993
P 109 46 2250844993
P 110 46 2250844993
P 111 46 2250779457
P 112 46 2267818559
P 113 46 2267753023
P 114 46 2267752766
P 115 46 2267752766
P 116 46 2267752766
P 117 46 2267752766
P 118 46 2267687230
P 119 46 2267687229
P 120 46 2284660539
P 121 46 2284660539
P 122 46 2284660539
P 123 46 2284660539
P 124 46 2284595002
P 125 46 2284594746
P 126 46 2284594746
P 127 46 2301371962
P 128 46 2318345528
P 129 46 2318279991
P 130 46 2318279991
P 131 46 2318279735
P 132 46 2318279735
P 133 46 2334991415
P 134 46 2334991414
P 135 46 2334925878
P 136 46 2368676404
P 137 46 2368676403
P 138 46 2368676403
P 139 46 2385388083
P 140 46 2385388083
P 141 46 2385387827
P 142 46 2385322290
P 143 46 2385322546
P 144 46 2435850288
P 145 46 2435784752
P 146 46 2452561712
P 147 46 2452561712
P 148 46 2452496175
P 149 46 2452496175
P 150 46 2469207855
P 151 46 2469142319
P 152 46 2519670060
P 153 46 2536447276
P 154 46 2536381740
P 155 46 2536381739
P 156 46 2553093163
P 157 46 2553093163
P 158 46 2569804843
P 159 46 2569739306
P 160 46 2637044264
P 161 46 2653755944
P 162 46 2653755944
P 163 46 2653690408
P 164 46 2670401831
P 165 46 2687179047
P 166 46 2687113511
P 167 46 2687047975
P 40 47 2468166230
P 41 47 2468166230
P 42 47 2451388758
P 43 47 2451388758
P 44 47 2451388758
P 45 47 2451388758
P 46 47 2451388758
P 47 47 2451388758
P 48 47 2434676821
P 49 47 2417899604
P 50 47 2417899604
P 51 47 2417899604
P 52 47 2417899604
P 53 47 2417899604
P 54 47 2417899604
P 55 47 2417899604
P 56 47 2384410450
P 57 47 2384410450
P 58 47 2384410450
P 59 47 2384410450
P 60 47 2384410194
P 61 47 2384410194
P 62 47 2384410194
P 63 47 2384410194
P 64 47 2350921040
P 65 47 2350921040
P 66 47 2350921040
P 67 47 2350921039
P 68 47 2350921039
P 69 47 2350921039
P 70 47 2334143823
P 71 47 2334143823
P 72 47 2317497422
P 73 47 2317497165
P 74 47 2317497165
P 75 47 2317497165
P 76 47 2317497165
P 77 47 2317497165
P 78 47 2317497165
P 79 47 2317497165
P 80 47 2300850763
P 81 47 2300785227
P 82 47 2284073546
P 83 47 2284073546
P 84 47 2284008010
P 85 47 2284007754
P 86 47 2284007754
P 87 47 2284007754
P 88 47 2267426888
P 89 47 2267426888
P 90 47 2267361352
P 91 47 2267361352
P 92 47 2267361352
P 93 47 2267361095
P 94 47 2267361095
P 95 47 2267361095
P 96 47 2267491909
P 97 47 2267491909
P 98 47 2267557445
P 99 47 2267491909
P 100 47 2267491908
P 101 47 2267491908
P 102 47 2267491652
P 103 47 2267491652
P 104 47 2250910786
P 105 47 2250845250
P 106 47 2250845249
P 107 47 2250845249
P 108 47 2250844993
P 109 47 2250844993
P 110 47 2250844993
P 111 47 2250779457
P 112 47 2267818559
P 113 47 2267753023
P 114 47 2267752766
P 115 47 2267752766
P 116 47 2267752766
P 117 47 2267752766
P 118 47 2267687230
P 119 47 2267687229
P 120 47 2284660539
P 121 47 2284660539
P 122 47 2284660539
P 123 47 2284660539
P 124 47 2284595002
P 125 47 2284594746
P 126 47 2284594746
P 127 47 2301371962
P 128 47 2318345528
P 129 47 2318279991
P 130 47 2318279991
P 131 47 2318279735
P 132 47 2318279735
P 133 47 2334991415
P 134 47 2334991414
P 135 47 2334925878
P 136 47 2368676404
P 137 47 2368676403
P 138 47 2368676403
P 139 47 2385388083
P 140 47 2385388083
P 141 47 2385387827
P 142 47 2385387826
P 143 47 2385322290
P 144 47 2435850288
P 145 47 2435784752
P 146 47 2452561712
P 147 47 2452561712
P 148 47 2452496175
P 149 47 2452496175
P 150 47 2469207855
P 151 47 2469142319
P 152 47 2519670060
P 153 47 2536447276
P 154 47 2536381740
P 155 47 2536381739
P 156 47 2553093163
P 157 47 2553093163
P 158 47 2569804843
P 159 47 2569739306
P 160 47 2637044264
P 161 47 2653755944
P 162 47 2653755944
P 163 47 2653690408
P 164 47 2670401831
P 165 47 2687179047
P 166 47 2687113511
P 167 47 2687047975
P 40 48 2451389014
P 41 48 2451389014
P 42 48 2451389014
P 43 48 2451389014
P 44 48 2451389014
P 45 48 2434611541
P 46 48 2434611541
P 47 48 2434611541
P 48 48 2417899604
P 49 48 2417899604
P 50 48 2417899604
P 51 48 2401122387
P 52 48 2401122387
P 53 48 2401122387
P 54 48 2401122387
P 55 48 2401122387
P 56 48 2384410450
P 57 48 2384410450
P 58 48 2384410450
P 59 48 2367633233
P 60 48 2367633233
P 61 48 2367633233
P 62 48 2367633233
P 63 48 2367633233
P 64 48 2350921295
P 65 48 2350921295
P 66 48 2334144079
P 67 48 2334144079
P 68 48 2334144079
P 69 48 2334143823
P 70 48 2334144079
P 71 48 2334143822
P 72 48 2317497677
P 73 48 2317497677
P 74 48 2317497421
P 75 48 2317497421
P 76 48 2317497421
P 77 48 2300720204
P 78 48 2300720204
P 79 48 2300720204
P 80 48 2284073802
P 81 48 2284073802
P 82 48 2284073802
P 83 48 2284073802
P 84 48 2284008266
P 85 48 2284008266
P 86 48 2284073801
P 87 48 2284008265
P 88 48 2267427144
P 89 48 2267427143
P 90 48 2267361607
P 91 48 2267427143
P 92 48 2267361607
P 93 48 2267361607
P 94 48 2267361606
P 95 48 2267361606
P 96 48 2267557956
P 97 48 2267557956
P 98 48 2267557700
P 99 48 2267492164
P 100 48 2250780483
P 101 48 2250714947
P 102 48 2250714947
P 103 48 2250714947
P 104 48 2250911297
P 105 48 2250911297
P 106 48 2250911297
P 107 48 2250845761
P 108 48 2267688513
P 109 48 2267622977
P 110 48 2267622720
P 111 48 2267622720
P 112 48 2267819070
P 113 48 2267753534
P 114 48 2267819070
P 115 48 2267753533
P 116 48 2267753533
P 117 48 2267753277
P 118 48 2267753277
P 119 48 2267753276
P 120 48 2284726843
P 121 48 2284661307
P 122 48 2284661306
P 123 48 2301438522
P 124 48 2301438522
P 125 48 2301438522
P 126 48 2301372986
P 127 48 2301372729
P 128 48 2318346295
P 129 48 2335123511
P 130 48 2335057975
P 131 48 2335057974
P 132 48 2335057974
P 133 48 2334992438
P 134 48 2334992182
P 135 48 2351769397
P 136 48 2385454644
P 137 48 2385520179
P 138 48 2385454643
P 139 48 2385454643
P 140 48 2402166323
P 141 48 2402166323
P 142 48 2402166322
P 143 48 2402166066
P 144 48 2452628527
P 145 48 2452562991
P 146 48 2469340207
P 147 48 2469340207
P 148 48 2469340207
P 149 48 2486051630
P 150 48 2486051630
P 151 48 2485986094
P 152 48 2536514092
P 153 48 2553225772
P 154 48 2570002987
P 155 48 2569937451
P 156 48 2569937451
P 157 48 2586649131
P 158 48 2586648874
P 159 48 2586583338
P 160 48 2670600231
P 161 48 2687311911
P 162 48 2687311911
P 163 48 2687246119
P 164 48 2704023334
P 165 48 2703957798
P 166 48 2703892262
P 167 48 2720669478
P 40 49 2451389014
P 41 49 2451389014
P 42 49 2451389014
P 43 49 2451389014
P 44 49 2451389014
P 45 49 2434611541
P 46 49 2434611541
P 47 49 2434611541
P 48 49 2417899604
P 49 49 2417899604
P 50 49 2417899604
P 51 49 2401122387
P 52 49 2401122387
P 53 49 2401122387
P 54 49 2401122387
P 55 49 2401122387
P 56 49 2384410450
P 57 49 2384410450
P 58 49 2384410450
P 59 49 2367633233
P 60 49 2367633233
P 61 49 2367633233
P 62 49 2367633233
P 63 49 2367633233
P 64 49 2350921295
P 65 49 2350921295
P 66 49 2334144079
P 67 49 2334144079
P 68 49 2334144079
P 69 49 2334143823
P 70 49 2334143823
P 71 49 2334143822
P 72 49 2317497677
P 73 49 2317497677
P 74 49 2317497421
P 75 49 2317497421
P 76 49 2317497421
P 77 49 2300720204
P 78 49 2300720204
P 79 49 2300720204
P 80 49 2284073802
P 81 49 2284073802
P 82 49 2284073802
P 83 49 2284073802
P 84 49 2284008266
P 85 49 2284008266
P 86 49 2284073545
P 87 49 2284008265
P 88 49 2267427144
P 89 49 2267427143
P 90 49 2267361607
P 91 49 2267427143
P 92 49 2267361607
P 93 49 2267361607
P 94 49 2267361606
P 95 49 2267361606
P 96 49 2267557956
P 97 49 2267557956
P 98 49 2267557700
P 99 49 2267492164
P 100 49 2250780483
P 101 49 2250714947
P 102 49 2250714947
P 103 49 2250714947
P 104 49 2250911297
P 105 49 2250911297
P 106 49 2250911297
P 107 49 2250845761
P 108 49 2267688513
P 109 49 2267622977
P 110 49 2267622720
P 111 49 2267622720
P 112 49 2267819070
P 113 49 2267753534
P 114 49 2267819070
P 115 49 2267753533
P 116 49 2267753533
P 117 49 2267753277
P 118 49 2267753277
P 119 49 2267753276
P 120 49 2284726843
P 121 49 2284661307
P 122 49 2284661306
P 123 49 2301438522
P 124 49 2301438522
P 125 49 2301438522
P 126 49 2301372986
P 127 49 2301372729
P 128 49 2318346295
P 129 49 2335123511
P 130 49 2335057975
P 131 49 2335057974
P 132 49 2335057974
P 133 49 2334992438
P 134 49 2334992182
P 135 49 2351769397
P 136 49 2385520180
P 137 49 2385520179
P 138 49 2385454643
P 139 49 2385454643
P 140 49 2402166323
P 141 49 2402166323
P 142 49 2402166322
P 143 49 2402166066
P 144 49 2452628527
P 145 49 2452562991
P 146 49 2469340207
P 147 49 2469340207
P 148 49 2469340207
P 149 49 2486051630
P 150 49 2486051630
P 151 49 2485986094
P 152 49 2536514092
P 153 49 2553225772
P 154 49 2570002987
P 155 49 2569937451
P 156 49 2569937451
P 157 49 2586649131
P 158 49 2586648874
P 159 49 2586583338
P 160 49 2670600231
P 161 49 2687311911
P 162 49 2687311911
P 163 49 2687246119
P 164 49 2704023334
P 165 49 2703957798
P 166 49 2703892262
P 167 49 2720669478
P 40 50 2451389014
P 41 50 2451389014
P 42 50 2451389014
P 43 50 2451389014
P 44 50 2451389014
P 45 50 2434611541
P 46 50 2434611541
P 47 50 2434611541
P 48 50 2417899604
P 49 50 2417899604
P 50 50 2417899604
P 51 50 2401122387
P 52 50 2401122387
P 53 50 2401122387
P 54 50 2401122387
P 55 50 2401122387
P 56 50 2384410450
P 57 50 2384410450
P 58 50 2384410450
P 59 50 2367633233
P 60 50 2367633233
P 61 50 2367633233
P 62 50 2367633233
P 63 50 2367633233
P 64 50 2350921295
P 65 50 2350921295
P 66 50 2334144079
P 67 50 2334144079
P 68 50 2334144079
P 69 50 2334143823
P 70 50 2334143823
P 71 50 2334143822
P 72 50 2317497677
P 73 50 2317497677
P 74 50 2317497421
P 75 50 2317497421
P 76 50 2317497421
P 77 50 2300720204
P 78 50 2300720204
P 79 50 2300720204
P 80 50 2284073802
P 81 50 2284073802
P 82 50 2284073802
P 83 50 2284073802
P 84 50 2284008266
P 85 50 2284008266
P 86 50 2284073545
P 87 50 2284008009
P 88 50 2267427144
P 89 50 2267427143
P 90 50 2267361607
P 91 50 2267427143
P 92 50 2267361607
P 93 50 2267361607
P 94 50 2267361606
P 95 50 2267361606
P 96 50 2267557956
P 97 50 2267557956
P 98 50 2267557700
P 99 50 2267492164
P 100 50 2250780483
P 101 50 2250714947
P 102 50 2250714947
P 103 50 2250714947
P 104 50 2250911297
P 105 50 2250911297
P 106 50 2250911297
P 107 50 2250845761
P 108 50 2267688513
P 109 50 2267622977
P 110 50 2267622720
P 111 50 2267622720
P 112 50 2267819070
P 113 50 2267819070
P 114 50 2267819070
P 115 50 2267753533
P 116 50 2267753533
P 117 50 2267753277
P 118 50 2267753277
P 119 50 2267753276
P 120 50 2284726843
P 121 50 2284726843
P 122 50 2284661306
P 123 50 2301438522
P 124 50 2301438522
P 125 50 2301438522
P 126 50 2301372986
P 127 50 2301372729
P 128 50 2318346295
P 129 50 2335123511
P 130 50 2335057975
P 131 50 2335057974
P 132 50 2335057974
P 133 50 2334992438
P 134 50 2334992182
P 135 50 2351769397
P 136 50 2385520180
P 137 50 2385520179
P 138 50 2385454643
P 139 50 2385454643
P 140 50 2402166323
P 141 50 2402166323
P 142 50 2402166322
P 143 50 2402166066
P 144 50 2452628527
P 145 50 2452628527
P 146 50 2469340207
P 147 50 2469340207
P 148 50 2469340207
P 149 50 2486051630
P 150 50 2486051630
P 151 50 2485986094
P 152 50 2536514092
P 153 50 2553291308
P 154 50 2570002987
P 155 50 2569937451
P 156 50 2569937451
P 157 50 2586649131
P 158 50 2586648874
P 159 50 2586583338
P 160 50 2670600231
P 161 50 2687377447
P 162 50 2687311911
P 163 50 2687246119
P 164 50 2704023334
P 165 50 2703957798
P 166 50 2703892262
P 167 50 2720669478
P 40 51 2451389014
P 41 51 2451389014
P 42 51 2451389014
P 43 51 2451389014
P 44 51 2451389014
P 45 51 2434611541
P 46 51 2434611541
P 47 51 2434611541
P 48 51 2417899604
P 49 51 2417899604
P 50 51 2417899604
P 51 51 2401122387
P 52 51 2401122387
P 53 51 2401122387
P 54 51 2401122387
P 55 51 2401122387
P 56 51 2384410450
P 57 51 2384410450
P 58 51 2384410450
P 59 51 2367633233
P 60 51 2367633233
P 61 51 2367633233
P 62 51 2367633233
P 63 51 2367633233
P 64 51 2350921295
P 65 51 2350921295
P 66 51 2334144079
P 67 51 2334144079
P 68 51 2334144079
P 69 51 2334143823
P 70 51 2334143823
P 71 51 2334143822
P 72 51 2317497421
P 73 51 2317497677
P 74 51 2317497421
P 75 51 2317497421
P 76 51 2317497421
P 77 51 2300720204
P 78 51 2300720204
P 79 51 2300720204
P 80 51 2284073802
P 81 51 2284073802
P 82 51 2284073802
P 83 51 2284073802
P 84 51 2284008266
P 85 51 2284008266
P 86 51 2284073545
P 87 51 2284008009
P 88 51 2267427144
P 89 51 2267427143
P 90 51 2267427143
P 91 51 2267427143
P 92 51 2267361607
P 93 51 2267361607
P 94 51 2267361606
P 95 51 2267361606
P 96 51 2267557956
P 97 51 2267557956
P 98 51 2267557700
P 99 51 2267492164
P 100 51 2250780483
P 101 51 2250714947
P 102 51 2250714947
P 103 51 2250714947
P 104 51 2250911297
P 105 51 2250911297
P 106 51 2250911297
P 107 51 2250845761
P 108 51 2267688513
P 109 51 2267622977
P 110 51 2267622720
P 111 51 2267622720
P 112 51 2267819070
P 113 51 2267819070
P 114 51 2267819070
P 115 51 2267753533
P 116 51 2267753533
P 117 51 2267753277
P 118 51 2267753277
P 119 51 2267753276
P 120 51 2284726843
P 121 51 2284726843
P 122 51 2284661306
P 123 51 2301438522
P 124 51 2301438522
P 125 51 2301438522
P 126 51 2301372986
P 127 51 2301372729
P 128 51 2318346295
P 129 51 2335123511
P 130 51 2335123511
P 131 51 2335057974
P 132 51 2335057974
P 133 51 2334992438
P 134 51 2334992182
P 135 51 2351769397
P 136 51 2385520180
P 137 51 2385520179
P 138 51 2385520179
P 139 51 2385454643
P 140 51 2402166323
P 141 51 2402166323
P 142 51 2402166322
P 143 51 2402166066
P 144 51 2452628527
P 145 51 2452628527
P 146 51 2469405743
P 147 51 2469340207
P 148 51 2469340207
P 149 51 2486051630
P 150 51 2486051630
P 151 51 2485986094
P 152 51 2536514092
P 153 51 2553291308
P 154 51 2570002987
P 155 51 2569937451
P 156 51 2569937451
P 157 51 2586649131
P 158 51 2586648874
P 159 51 2586583338
P 160 51 2670600231
P 161 51 2687377447
P 162 51 2687311911
P 163 51 2687246119
P 164 51 2704023334
P 165 51 2703957798
P 166 51 2703892262
P 167 51 2720669478
P 40 52 2451389014
P 41 52 2451389014
P 42 52 2451389014
P 43 52 2451389014
P 44 52 2451389014
P 45 52 2434611541
P 46 52 2434611541
P 47 52 2434611541
P 48 52 2417899604
P 49 52 2417899604
P 50 52 2417899604
P 51 52 2401122387
P 52 52 2401122387
P 53 52 2401122387
P 54 52 2401122387
P 55 52 2401122387
P 56 52 2384410450
P 57 52 2384410450
P 58 52 2384410450
P 59 52 2367633233
P 60 52 2367633233
P 61 52 2367633233
P 62 52 2367633233
P 63 52 2367633233
P 64 52 2350921295
P 65 52 2350921295
P 66 52 2334144079
P 67 52 2334144079
P 68 52 2334144079
P 69 52 2334143823
P 70 52 2334143823
P 71 52 2334143822
P 72 52 2317497421
P 73 52 2317497421
P 74 52 2317497421
P 75 52 2317497421
P 76 52 2317497421
P 77 52 2300720204
P 78 52 2300720204
P 79 52 2300720204
P 80 52 2284073802
P 81 52 2284073802
P 82 52 2284073802
P 83 52 2284073802
P 84 52 2284008266
P 85 52 2284008266
P 86 52 2284073545
P 87 52 2284008009
P 88 52 2267427144
P 89 52 2267427143
P 90 52 2267427143
P 91 52 2267427143
P 92 52 2267361607
P 93 52 2267361607
P 94 52 2267361606
P 95 52 2267361606
P 96 52 2267557956
P 97 52 2267557956
P 98 52 2267557700
P 99 52 2267557700
P 100 52 2250780483
P 101 52 2250714947
P 102 52 2250714947
P 103 52 2250714947
P 104 52 2250911297
P 105 52 2250911297
P 106 52 2250911297
P 107 52 2250911297
P 108 52 2267688513
P 109 52 2267622977
P 110 52 2267622720
P 111 52 2267622720
P 112 52 2267819070
P 113 52 2267819070
P 114 52 2267819070
P 115 52 2267819069
P 116 52 2267753533
P 117 52 2267753277
P 118 52 2267753277
P 119 52 2267753276
P 120 52 2284726843
P 121 52 2284726843
P 122 52 2284661306
P 123 52 2301438522
P 124 52 2301438522
P 125 52 2301438522
P 126 52 2301372986
P 127 52 2301372729
P 128 52 2318346295
P 129 52 2335123511
P 130 52 2335123511
P 131 52 2335057974
P 132 52 2335057974
P 133 52 2334992438
P 134 52 2334992182
P 135 52 2351769397
P 136 52 2385520180
P 137 52 2385520179
P 138 52 2385520179
P 139 52 2385454643
P 140 52 2402166323
P 141 52 2402166323
P 142 52 2402166322
P 143 52 2402166066
P 144 52 2452628527
P 145 52 2452628527
P 146 52 2469405743
P 147 52 2469340207
P 148 52 2469340207
P 149 52 2486051630
P 150 52 2486051630
P 151 52 2485986094
P 152 52 2536514092
P 153 52 2553291308
P 154 52 2570002731
P 155 52 2570002987
P 156 52 2569937451
P 157 52 2586649131
P 158 52 2586648874
P 159 52 2586583338
P 160 52 2670600231
P 161 52 2687377447
P 162 52 2687311911
P 163 52 2687311655
P 164 52 2704023335
P 165 52 2703957799
P 166 52 2703892263
P 167 52 2720669478
P 40 53 2451389014
P 41 53 2451389014
P 42 53 2451389014
P 43 53 2451389014
P 44 53 2451389014
P 45 53 2434611541
P 46 53 2434611541
P 47 53 2434611541
P 48 53 2417899604
P 49 53 2417899604
P 50 53 2417899604
P 51 53 2401122387
P 52 53 2401122387
P 53 53 2401122387
P 54 53 2401122387
P 55 53 2401122387
P 56 53 2384410450
P 57 53 2384410450
P 58 53 2384410450
P 59 53 2367633233
P 60 53 2367633233
P 61 53 2367633233
P 62 53 2367633233
P 63 53 2367633233
P 64 53 2350921295
P 65 53 2350921295
P 66 53 2334144079
P 67 53 2334144079
P 68 53 2334144079
P 69 53 2334143823
P 70 53 2334143823
P 71 53 2334143822
P 72 53 2317497421
P 73 53 2317497421
P 74 53 2317497421
P 75 53 2317497421
P 76 53 2317497421
P 77 53 2300720204
P 78 53 2300720204
P 79 53 2300720204
P 80 53 2284073802
P 81 53 2284073802
P 82 53 2284073802
P 83 53 2284073802
P 84 53 2284073802
P 85 53 2284008266
P 86 53 2284073545
P 87 53 2284008009
P 88 53 2267427144
P 89 53 2267427143
P 90 53 2267427143
P 91 53 2267427143
P 92 53 2267427143
P 93 53 2267361607
P 94 53 2267361606
P 95 53 2267361606
P 96 53 2267557956
P 97 53 2267557956
P 98 53 2267557700
P 99 53 2267557700
P 100 53 2250780483
P 101 53 2250714947
P 102 53 2250714947
P 103 53 2250714947
P 104 53 2250911297
P 105 53 2250911297
P 106 53 2250911041
P 107 53 2250911297
P 108 53 2267688513
P 109 53 2267622977
P 110 53 2267622720
P 111 53 2267622720
P 112 53 2267819070
P 113 53 2267819070
P 114 53 2267819070
P 115 53 2267819069
P 116 53 2267753533
P 117 53 2267753277
P 118 53 2267753277
P 119 53 2267753276
P 120 53 2284726843
P 121 53 2284726843
P 122 53 2284661306
P 123 53 2301438266
P 124 53 2301438522
P 125 53 2301438522
P 126 53 2301372986
P 127 53 2301372729
P 128 53 2318346295
P 129 53 2335123511
P 130 53 2335123511
P 131 53 2335057974
P 132 53 2335057974
P 133 53 2334992438
P 134 53 2334992182
P 135 53 2351769397
P 136 53 2385520180
P 137 53 2385520179
P 138 53 2385520179
P 139 53 2385454643
P 140 53 2402231859
P 141 53 2402166323
P 142 53 2402166322
P 143 53 2402166066
P 144 53 2452628527
P 145 53 2452628527
P 146 53 2469405743
P 147 53 2469340207
P 148 53 2469340207
P 149 53 2486051630
P 150 53 2486051630
P 151 53 2485986094
P 152 53 2536514092
P 153 53 2553291308
P 154 53 2570002731
P 155 53 2570002731
P 156 53 2569937451
P 157 53 2586649131
P 158 53 2586648874
P 159 53 2586583338
P 160 53 2670600231
P 161 53 2687377447
P 162 53 2687311912
P 163 53 2687311655
P 164 53 2704023335
P 165 53 2703957799
P 166 53 2703892263
P 167 53 2720669478
P 40 54 2451389014
P 41 54 2451389014
P 42 54 2451389014
P 43 54 2451389014
P 44 54 2451389014
P 45 54 2434611541
P 46 54 2434611541
P 47 54 2434611541
P 48 54 2417899604
P 49 54 2417899604
P 50 54 2417899604
P 51 54 2401122387
P 52 54 2401122387
P 53 54 2401122387
P 54 54 2401122387
P 55 54 2401122387
P 56 54 2384410450
P 57 54 2384410450
P 58 54 2384410450
P 59 54 2367633233
P 60 54 2367633233
P 61 54 2367633233
P 62 54 2367633233
P 63 54 2367633233
P 64 54 2350921295
P 65 54 2350921295
P 66 54 2334144079
P 67 54 2334144079
P 68 54 2334144079
P 69 54 2334143823
P 70 54 2334143823
P 71 54 2334143822
P 72 54 2317497421
P 73 54 2317497421
P 74 54 2317497421
P 75 54 2317497421
P 76 54 2317497421
P 77 54 2300720204
P 78 54 2300720204
P 79 54 2300720204
P 80 54 2284073802
P 81 54 2284073802
P 82 54 2284073802
P 83 54 2284073802
P 84 54 2284073802
P 85 54 2284008266
P 86 54 2284073545
P 87 54 2284008009
P 88 54 2267427144
P 89 54 2267427143
P 90 54 2267427143
P 91 54 2267427143
P 92 54 2267427143
P 93 54 2267361607
P 94 54 2267361606
P 95 54 2267361606
P 96 54 2267557956
P 97 54 2267557956
P 98 54 2267557700
P 99 54 2267557700
P 100 54 2250780483
P 101 54 2250780483
P 102 54 2250714947
P 103 54 2250714947
P 104 54 2250911297
P 105 54 2250911297
P 106 54 2250911041
P 107 54 2250911297
P 108 54 2267688513
P 109 54 2267688513
P 110 54 2267622720
P 111 54 2267622720
P 112 54 2267819070
P 113 54 2267819070
P 114 54 2267819070
P 115 54 2267819069
P 116 54 2267753533
P 117 54 2267753277
P 118 54 2267753277
P 119 54 2267753276
P 120 54 2284726843
P 121 54 2284726843
P 122 54 2284661306
P 123 54 2301438266
P 124 54 2301438266
P 125 54 2301438522
P 126 54 2301372986
P 127 54 2301372729
P 128 54 2318346295
P 129 54 2335123511
P 130 54 2335123511
P 131 54 2335057974
P 132 54 2335057974
P 133 54 2335057974
P 134 54 2334992182
P 135 54 2351769397
P 136 54 2385520180
P 137 54 2385520179
P 138 54 2385520179
P 139 54 2385454643
P 140 54 2402231603
P 141 54 2402166323
P 142 54 2402166322
P 143 54 2402166066
P 144 54 2452628527
P 145 54 2452628527
P 146 54 2469405743
P 147 54 2469340207
P 148 54 2469340207
P 149 54 2486117166
P 150 54 2486051630
P 151 54 2485986094
P 152 54 2536514092
P 153 54 2553291308
P 154 54 2570002731
P 155 54 2570002731
P 156 54 2569937195
P 157 54 2586714667
P 158 54 2586648874
P 159 54 2586583338
P 160 54 2670600232
P 161 54 2687377448
P 162 54 2687311912
P 163 54 2687311655
P 164 54 2704023335
P 165 54 2704023335
P 166 54 2703892263
P 167 54 2720669478
P 40 55 2451389014
P 41 55 2451389014
P 42 55 2451389014
P 43 55 2451389014
P 44 55 2451389014
P 45 55 2434611541
P 46 55 2434611541
P 47 55 2434611541
P 48 55 2417899604
P 49 55 2417899604
P 50 55 2417899604
P 51 55 2401122387
P 52 55 2401122387
P 53 55 2401122387
P 54 55 2401122387
P 55 55 2401122387
P 56 55 2384410450
P 57 55 2384410450
P 58 55 2384410450
P 59 55 2367633233
P 60 55 2367633233
P 61 55 2367633233
P 62 55 2367633233
P 63 55 2367633233
P 64 55 2350921295
P 65 55 2350921295
P 66 55 2334144079
P 67 55 2334144079
P 68 55 2334144079
P 69 55 2334143823
P 70 55 2334143823
P 71 55 2334143822
P 72 55 2317497421
P 73 55 2317497421
P 74 55 2317497421
P 75 55 2317497421
P 76 55 2317497421
P 77 55 2300720204
P 78 55 2300720204
P 79 55 2300720204
P 80 55 2284073802
P 81 55 2284073802
P 82 55 2284073802
P 83 55 2284073802
P 84 55 2284073802
P 85 55 2284008266
P 86 55 2284073545
P 87 55 2284008009
P 88 55 2267427144
P 89 55 2267427143
P 90 55 2267427143
P 91 55 2267427143
P 92 55 2267427143
P 93 55 2267361607
P 94 55 2267361606
P 95 55 2267361606
P 96 55 2267557956
P 97 55 2267557956
P 98 55 2267557700
P 99 55 2267557700
P 100 55 2250780483
P 101 55 2250780483
P 102 55 2250714947
P 103 55 2250714947
P 104 55 2250911297
P 105 55 2250911297
P 106 55 2250911041
P 107 55 2250911041
P 108 55 2267688513
P 109 55 2267688513
P 110 55 2267622720
P 111 55 2267622720
P 112 55 2267819070
P 113 55 2267819070
P 114 55 2267819070
P 115 55 2267819069
P 116 55 2267753533
P 117 55 2267753277
P 118 55 2267753277
P 119 55 2267753276
P 120 55 2284726843
P 121 55 2284726843
P 122 55 2284661306
P 123 55 2301438266
P 124 55 2301438266
P 125 55 2301438266
P 126 55 2301438522
P 127 55 2301372729
P 128 55 2318346295
P 129 55 2335123511
P 130 55 2335123511
P 131 55 2335057974
P 132 55 2335057974
P 133 55 2335057974
P 134 55 2335057718
P 135 55 2351769397
P 136 55 2385520180
P 137 55 2385520179
P 138 55 2385520179
P 139 55 2385454643
P 140 55 2402231603
P 141 55 2402166067
P 142 55 2402166322
P 143 55 2402166066
P 144 55 2452628527
P 145 55 2452628527
P 146 55 2469405743
P 147 55 2469340207
P 148 55 2469340207
P 149 55 2486117167
P 150 55 2486051630
P 151 55 2485986094
P 152 55 2536514092
P 153 55 2553291308
P 154 55 2570002731
P 155 55 2570002731
P 156 55 2569937195
P 157 55 2586714411
P 158 55 2586648874
P 159 55 2586583338
P 160 55 2670600232
P 161 55 2687377448
P 162 55 2687311912
P 163 55 2687311655
P 164 55 2704023335
P 165 55 2704023335
P 166 55 2703957799
P 167 55 2720669478
P 40 56 2451389014
P 41 56 2434611797
P 42 56 2434611797
P 43 56 2434611797
P 44 56 2434611797
P 45 56 2434611797
P 46 56 2434611797
P 47 56 2434611797
P 48 56 2401122643
P 49 56 2401122643
P 50 56 2401122643
P 51 56 2401122643
P 52 56 2401122643
P 53 56 2401122643
P 54 56 2401122387
P 55 56 2401122387
P 56 56 2367633489
P 57 56 2367633489
P 58 56 2367633489
P 59 56 2367633489
P 60 56 2367633489
P 61 56 2367633233
P 62 56 2367633233
P 63 56 2367633233
P 64 56 2334144335
P 65 56 2334144079
P 66 56 2334144335
P 67 56 2334144078
P 68 56 2334144078
P 69 56 2334144078
P 70 56 2334144078
P 71 56 2334144078
P 72 56 2317497677
P 73 56 2300720460
P 74 56 2300720460
P 75 56 2300720460
P 76 56 2300720460
P 77 56 2300720460
P 78 56 2300720460
P 79 56 2300720460
P 80 56 2284074058
P 81 56 2284074058
P 82 56 2284074057
P 83 56 2284074057
P 84 56 2284074057
P 85 56 2284074057
P 86 56 2284074057
P 87 56 2284074057
P 88 56 2267427655
P 89 56 2267427655
P 90 56 2267427398
P 91 56 2267427398
P 92 56 2267427398
P 93 56 2267361862
P 94 56 2267427398
P 95 56 2267427398
P 96 56 2267558212
P 97 56 2250780996
P 98 56 2250780996
P 99 56 2250780995
P 100 56 2250780995
P 101 56 2250780995
P 102 56 2250715459
P 103 56 2250780995
P 104 56 2250911809
P 105 56 2267689025
P 106 56 2267689025
P 107 56 2267689024
P 108 56 2267688768
P 109 56 2267688768
P 110 56 2267688767
P 111 56 2267688767
P 112 56 2267819582
P 113 56 2267819838
P 114 56 2267819581
P 115 56 2267819581
P 116 56 2267819581
P 117 56 2284531261
P 118 56 2284531261
P 119 56 2284531260
P 120 56 2301504826
P 121 56 2301504826
P 122 56 2301504826
P 123 56 2301504825
P 124 56 2301439289
P 125 56 2301439289
P 126 56 2301439289
P 127 56 2301439033
P 128 56 2335124279
P 129 56 2335124278
P 130 56 2335124278
P 131 56 2335124278
P 132 56 2351901494
P 133 56 2351835957
P 134 56 2351835957
P 135 56 2351835957
P 136 56 2385521203
P 137 56 2402298419
P 138 56 2402298418
P 139 56 2402232882
P 140 56 2402232626
P 141 56 2419010097
P 142 56 2419010097
P 143 56 2418944561
P 144 56 2469472303
P 145 56 2486183983
P 146 56 2486183983
P 147 56 2486118446
P 148 56 2502895662
P 149 56 2502895662
P 150 56 2502830126
P 151 56 2502830125
P 152 56 2570069803
P 153 56 2586847019
P 154 56 2586781483
P 155 56 2586781483
P 156 56 2603492906
P 157 56 2603492906
P 158 56 2603427370
P 159 56 2620204586
P 160 56 2687444519
P 161 56 2704155943
P 162 56 2704155943
P 163 56 2720867622
P 164 56 2720802086
P 165 56 2737579302
P 166 56 2737513766
P 167 56 2754290981
P 40 57 2451389014
P 41 57 2434611797
P 42 57 2434611797
P 43 57 2434611797
P 44 57 2434611797
P 45 57 2434611797
P 46 57 2434611797
P 47 57 2434611797
P 48 57 2401122643
P 49 57 2401122643
P 50 57 2401122643
P 51 57 2401122643
P 52 57 2401122643
P 53 57 2401122643
P 54 57 2401122387
P 55 57 2401122387
P 56 57 2367633489
P 57 57 2367633489
P 58 57 2367633233
P 59 57 2367633489
P 60 57 2367633489
P 61 57 2367633233
P 62 57 2367633233
P 63 57 2367633233
P 64 57 2334144335
P 65 57 2334144079
P 66 57 2334144079
P 67 57 2334144078
P 68 57 2334144078
P 69 57 2334144078
P 70 57 2334144078
P 71 57 2334144078
P 72 57 2317497677
P 73 57 2300720460
P 74 57 2300720460
P 75 57 2300720460
P 76 57 2300720460
P 77 57 2300720460
P 78 57 2300720460
P 79 57 2300720460
P 80 57 2284074058
P 81 57 2284074058
P 82 57 2284074057
P 83 57 2284074057
P 84 57 2284074057
P 85 57 2284074057
P 86 57 2284074057
P 87 57 2284074057
P 88 57 2267427655
P 89 57 2267427655
P 90 57 2267427398
P 91 57 2267427398
P 92 57 2267427398
P 93 57 2267361862
P 94 57 2267427398
P 95 57 2267427398
P 96 57 2267558212
P 97 57 2250780996
P 98 57 2250780996
P 99 57 2250780995
P 100 57 2250780995
P 101 57 2250780995
P 102 57 2250715459
P 103 57 2250780995
P 104 57 2250911809
P 105 57 2267689025
P 106 57 2267689025
P 107 57 2267689024
P 108 57 2267688768
P 109 57 2267688768
P 110 57 2267688767
P 111 57 2267688767
P 112 57 2267819582
P 113 57 2267819582
P 114 57 2267819581
P 115 57 2267819581
P 116 57 2267819581
P 117 57 2284531261
P 118 57 2284531261
P 119 57 2284531260
P 120 57 2301504826
P 121 57 2301504826
P 122 57 2301504826
P 123 57 2301504825
P 124 57 2301439289
P 125 57 2301439289
P 126 57 2301439289
P 127 57 2301439033
P 128 57 2335189815
P 129 57 2335124278
P 130 57 2335124278
P 131 57 2335124278
P 132 57 2351901494
P 133 57 2351835957
P 134 57 2351835957
P 135 57 2351835957
P 136 57 2385586739
P 137 57 2402298419
P 138 57 2402298418
P 139 57 2402232882
P 140 57 2402232626
P 141 57 2419009841
P 142 57 2419010097
P 143 57 2418944561
P 144 57 2469472303
P 145 57 2486183983
P 146 57 2486183983
P 147 57 2486118446
P 148 57 2502895662
P 149 57 2502895662
P 150 57 2502830126
P 151 57 2502830125
P 152 57 2570069803
P 153 57 2586847019
P 154 57 2586781483
P 155 57 2586781483
P 156 57 2603492906
P 157 57 2603492906
P 158 57 2603427370
P 159 57 2620204586
P 160 57 2687444263
P 161 57 2704155943
P 162 57 2704155943
P 163 57 2720867622
P 164 57 2720802086
P 165 57 2737579302
P 166 57 2737513766
P 167 57 2754290981
P 40 58 2451389014
P 41 58 2434611797
P 42 58 2434611797
P 43 58 2434611797
P 44 58 2434611797
P 45 58 2434611797
P 46 58 2434611797
P 47 58 2434611797
P 48 58 2401122643
P 49 58 2401122643
P 50 58 2401122643
P 51 58 2401122643
P 52 58 2401122643
P 53 58 2401122643
P 54 58 2401122387
P 55 58 2401122387
P 56 58 2367633489
P 57 58 2367633489
P 58 58 2367633233
P 59 58 2367633233
P 60 58 2367633489
P 61 58 2367633233
P 62 58 2367633233
P 63 58 2367633233
P 64 58 2334144335
P 65 58 2334144079
P 66 58 2334144079
P 67 58 2334144078
P 68 58 2334144078
P 69 58 2334144078
P 70 58 2334144078
P 71 58 2334144078
P 72 58 2317497677
P 73 58 2300720460
P 74 58 2300720460
P 75 58 2300720460
P 76 58 2300720460
P 77 58 2300720460
P 78 58 2300720460
P 79 58 2300720460
P 80 58 2284074058
P 81 58 2284074058
P 82 58 2284074057
P 83 58 2284074057
P 84 58 2284074057
P 85 58 2284074057
P 86 58 2284073801
P 87 58 2284074057
P 88 58 2267427655
P 89 58 2267427655
P 90 58 2267427398
P 91 58 2267427398
P 92 58 2267427398
P 93 58 2267361862
P 94 58 2267427398
P 95 58 2267427398
P 96 58 2267558212
P 97 58 2250780996
P 98 58 2250780996
P 99 58 2250780995
P 100 58 2250780995
P 101 58 2250780995
P 102 58 2250715459
P 103 58 2250780995
P 104 58 2250911809
P 105 58 2267689025
P 106 58 2267689025
P 107 58 2267689024
P 108 58 2267688768
P 109 58 2267688768
P 110 58 2267688767
P 111 58 2267688767
P 112 58 2267819582
P 113 58 2267819582
P 114 58 2267819581
P 115 58 2267819581
P 116 58 2267819581
P 117 58 2284531261
P 118 58 2284531261
P 119 58 2284531260
P 120 58 2301504826
P 121 58 2301504826
P 122 58 2301504826
P 123 58 2301504569
P 124 58 2301439289
P 125 58 2301439289
P 126 58 2301439289
P 127 58 2301439033
P 128 58 2335189815
P 129 58 2335124278
P 130 58 2335124278
P 131 58 2335124278
P 132 58 2351901494
P 133 58 2351835957
P 134 58 2351835957
P 135 58 2351835957
P 136 58 2385586739
P 137 58 2402298419
P 138 58 2402298418
P 139 58 2402232882
P 140 58 2402232626
P 141 58 2419009841
P 142 58 2419009842
P 143 58 2418944562
P 144 58 2469472303
P 145 58 2486249519
P 146 58 2486183983
P 147 58 2486118446
P 148 58 2502895662
P 149 58 2502895662
P 150 58 2502830126
P 151 58 2502830125
P 152 58 2570069803
P 153 58 2586847019
P 154 58 2586781483
P 155 58 2586781483
P 156 58 2603492906
P 157 58 2603492906
P 158 58 2603427370
P 159 58 2620204586
P 160 58 2687444263
P 161 58 2704221479
P 162 58 2704155943
P 163 58 2720867622
P 164 58 2720802086
P 165 58 2737579302
P 166 58 2737513766
P 167 58 2754290981
P 40 59 2451389014
P 41 59 2434611797
P 42 59 2434611797
P 43 59 2434611797
P 44 59 2434611797
P 45 59 2434611797
P 46 59 2434611797
P 47 59 2434611797
P 48 59 2401122643
P 49 59 2401122643
P 50 59 2401122643
P 51 59 2401122643
P 52 59 2401122643
P 53 59 2401122643
P 54 59 2401122643
P 55 59 2401122387
P 56 59 2367633489
P 57 59 2367633489
P 58 59 2367633233
P 59 59 2367633233
P 60 59 2367633233
P 61 59 2367633233
P 62 59 2367633233
P 63 59 2367633233
P 64 59 2334144335
P 65 59 2334144079
P 66 59 2334144079
P 67 59 2334144078
P 68 59 2334144078
P 69 59 2334144078
P 70 59 2334144078
P 71 59 2334144078
P 72 59 2317497677
P 73 59 2300720460
P 74 59 2300720460
P 75 59 2300720460
P 76 59 2300720460
P 77 59 2300720460
P 78 59 2300720460
P 79 59 2300720460
P 80 59 2284074058
P 81 59 2284074058
P 82 59 2284074057
P 83 59 2284074057
P 84 59 2284074057
P 85 59 2284074057
P 86 59 2284073801
P 87 59 2284073801
P 88 59 2267427655
P 89 59 2267427655
P 90 59 2267427398
P 91 59 2267427398
P 92 59 2267427398
P 93 59 2267361862
P 94 59 2267427398
P 95 59 2267427398
P 96 59 2267558212
P 97 59 2250780996
P 98 59 2250780996
P 99 59 2250780995
P 100 59 2250780995
P 101 59 2250780995
P 102 59 2250715459
P 103 59 2250780995
P 104 59 2250911809
P 105 59 2267689025
P 106 59 2267689025
P 107 59 2267689024
P 108 59 2267688768
P 109 59 2267688768
P 110 59 2267688767
P 111 59 2267688767
P 112 59 2267819582
P 113 59 2267819582
P 114 59 2267819581
P 115 59 2267819581
P 116 59 2267819581
P 117 59 2284531261
P 118 59 2284531261
P 119 59 2284531260
P 120 59 2301504826
P 121 59 2301504826
P 122 59 2301504826
P 123 59 2301504569
P 124 59 2301439033
P 125 59 2301439289
P 126 59 2301439289
P 127 59 2301439033
P 128 59 2335189815
P 129 59 2335124278
P 130 59 2335124278
P 131 59 2335124278
P 132 59 2351901494
P 133 59 2351835957
P 134 59 2351835957
P 135 59 2351835957
P 136 59 2385586739
P 137 59 2402298419
P 138 59 2402298418
P 139 59 2402232882
P 140 59 2402232626
P 141 59 2419009842
P 142 59 2419009842
P 143 59 2418944306
P 144 59 2469472303
P 145 59 2486249519
P 146 59 2486183983
P 147 59 2486118446
P 148 59 2502895662
P 149 59 2502895662
P 150 59 2502830126
P 151 59 2502830125
P 152 59 2570069547
P 153 59 2586847019
P 154 59 2586847019
P 155 59 2586781483
P 156 59 2603492906
P 157 59 2603492906
P 158 59 2603427370
P 159 59 2620204586
P 160 59 2687444263
P 161 59 2704221479
P 162 59 2704155943
P 163 59 2720867622
P 164 59 2720802086
P 165 59 2737579302
P 166 59 2737513766
P 167 59 2754290981
P 40 60 2451389014
P 41 60 2434611797
P 42 60 2434611797
P 43 60 2434611797
P 44 60 2434611797
P 45 60 2434611797
P 46 60 2434611797
P 47 60 2434611797
P 48 60 2401122643
P 49 60 2401122643
P 50 60 2401122643
P 51 60 2401122643
P 52 60 2401122643
P 53 60 2401122643
P 54 60 2401122643
P 55 60 2401122643
P 56 60 2367633489
P 57 60 2367633489
P 58 60 2367633233
P 59 60 2367633233
P 60 60 2367633233
P 61 60 2367633233
P 62 60 2367633233
P 63 60 2367633233
P 64 60 2334144335
P 65 60 2334144079
P 66 60 2334144079
P 67 60 2334144078
P 68 60 2334144078
P 69 60 2334144078
P 70 60 2334144078
P 71 60 2334144078
P 72 60 2317497677
P 73 60 2300720460
P 74 60 2300720460
P 75 60 2300720460
P 76 60 2300720460
P 77 60 2300720460
P 78 60 2300720460
P 79 60 2300720460
P 80 60 2284074058
P 81 60 2284074058
P 82 60 2284074057
P 83 60 2284074057
P 84 60 2284074057
P 85 60 2284074057
P 86 60 2284073801
P 87 60 2284073801
P 88 60 2267427655
P 89 60 2267427655
P 90 60 2267427398
P 91 60 2267427398
P 92 60 2267427398
P 93 60 2267361862
P 94 60 2267427398
P 95 60 2267427398
P 96 60 2267558212
P 97 60 2250780996
P 98 60 2250780996
P 99 60 2250780995
P 100 60 2250780995
P 101 60 2250780995
P 102 60 2250715459
P 103 60 2250780995
P 104 60 2250911809
P 105 60 2267689025
P 106 60 2267689025
P 107 60 2267689024
P 108 60 2267688768
P 109 60 2267688768
P 110 60 2267688767
P 111 60 2267688767
P 112 60 2267819582
P 113 60 2267819582
P 114 60 2267819581
P 115 60 2267819581
P 116 60 2267819581
P 117 60 2284531261
P 118 60 2284531261
P 119 60 2284531260
P 120 60 2301504826
P 121 60 2301504826
P 122 60 2301504826
P 123 60 2301504569
P 124 60 2301439033
P 125 60 2301439033
P 126 60 2301439289
P 127 60 2301439033
P 128 60 2335189815
P 129 60 2335124278
P 130 60 2335124278
P 131 60 2335124278
P 132 60 2351901494
P 133 60 2351835957
P 134 60 2351835957
P 135 60 2351835957
P 136 60 2385586739
P 137 60 2402298419
P 138 60 2402298419
P 139 60 2402298419
P 140 60 2402232626
P 141 60 2419009842
P 142 60 2419009842
P 143 60 2418944306
P 144 60 2469472303
P 145 60 2486249519
P 146 60 2486183983
P 147 60 2486183982
P 148 60 2502895662
P 149 60 2502895662
P 150 60 2502830126
P 151 60 2502830125
P 152 60 2570069547
P 153 60 2586846763
P 154 60 2586847019
P 155 60 2586781483
P 156 60 2603492906
P 157 60 2603492906
P 158 60 2603427370
P 159 60 2620204586
P 160 60 2687444263
P 161 60 2704221479
P 162 60 2704155943
P 163 60 2720933158
P 164 60 2720802086
P 165 60 2737579302
P 166 60 2737513766
P 167 60 2754290982
P 40 61 2451389014
P 41 61 2434611797
P 42 61 2434611797
P 43 61 2434611797
P 44 61 2434611797
P 45 61 2434611797
P 46 61 2434611797
P 47 61 2434611797
P 48 61 2401122643
P 49 61 2401122643
P 50 61 2401122643
P 51 61 2401122643
P 52 61 2401122643
P 53 61 2401122643
P 54 61 2401122643
P 55 61 2401057107
P 56 61 2367633489
P 57 61 2367633489
P 58 61 2367633233
P 59 61 2367633233
P 60 61 2367633233
P 61 61 2367633233
P 62 61 2367633233
P 63 61 2367633233
P 64 61 2334144335
P 65 61 2334144079
P 66 61 2334144079
P 67 61 2334144078
P 68 61 2334144078
P 69 61 2334144078
P 70 61 2334144078
P 71 61 2334144078
P 72 61 2317497677
P 73 61 2300720460
P 74 61 2300720460
P 75 61 2300720460
P 76 61 2300720460
P 77 61 2300720460
P 78 61 2300720460
P 79 61 2300720460
P 80 61 2284074058
P 81 61 2284074058
P 82 61 2284074057
P 83 61 2284074057
P 84 61 2284074057
P 85 61 2284074057
P 86 61 2284073801
P 87 61 2284073801
P 88 61 2267427399
P 89 61 2267427655
P 90 61 2267427399
P 91 61 2267427399
P 92 61 2267427398
P 93 61 2267361862
P 94 61 2267427398
P 95 61 2267427398
P 96 61 2267558212
P 97 61 2250780996
P 98 61 2250780996
P 99 61 2250780995
P 100 61 2250780995
P 101 61 2250780995
P 102 61 2250715459
P 103 61 2250780995
P 104 61 2250911809
P 105 61 2267689025
P 106 61 2267689025
P 107 61 2267688768
P 108 61 2267688768
P 109 61 2267688768
P 110 61 2267688767
P 111 61 2267688768
P 112 61 2267819582
P 113 61 2267819582
P 114 61 2267819581
P 115 61 2267819581
P 116 61 2267819581
P 117 61 2284531261
P 118 61 2284531261
P 119 61 2284531260
P 120 61 2301504826
P 121 61 2301504826
P 122 61 2301504826
P 123 61 2301504569
P 124 61 2301504569
P 125 61 2301439033
P 126 61 2301439033
P 127 61 2301439033
P 128 61 2335189815
P 129 61 2335124278
P 130 61 2335124278
P 131 61 2335124278
P 132 61 2351901494
P 133 61 2351835957
P 134 61 2351835957
P 135 61 2351835957
P 136 61 2385586739
P 137 61 2402298419
P 138 61 2402298419
P 139 61 2402298419
P 140 61 2402298162
P 141 61 2419009842
P 142 61 2419009842
P 143 61 2418944306
P 144 61 2469472303
P 145 61 2486249519
P 146 61 2486183983
P 147 61 2486183982
P 148 61 2502895662
P 149 61 2502895662
P 150 61 2502830126
P 151 61 2502830125
P 152 61 2570069547
P 153 61 2586846763
P 154 61 2586846763
P 155 61 2586781483
P 156 61 2603558442
P 157 61 2603492906
P 158 61 2603427370
P 159 61 2620204586
P 160 61 2687444263
P 161 61 2704221479
P 162 61 2704155943
P 163 61 2720932902
P 164 61 2720867622
P 165 61 2737579303
P 166 61 2737513766
P 167 61 2754290982
P 40 62 2451389014
P 41 62 2434611797
P 42 62 2434611797
P 43 62 2434611797
P 44 62 2434611797
P 45 62 2434611797
P 46 62 2434611797
P 47 62 2434611797
P 48 62 2401122643
P 49 62 2401122643
P 50 62 2401122643
P 51 62 2401122643
P 52 62 2401122643
P 53 62 2401122643
P 54 62 2401057107
P 55 62 2401057107
P 56 62 2367633489
P 57 62 2367633489
P 58 62 2367633489
P 59 62 2367633489
P 60 62 2367633233
P 61 62 2367633233
P 62 62 2367633233
P 63 62 2367633233
P 64 62 2334144335
P 65 62 2334144079
P 66 62 2334144079
P 67 62 2334144078
P 68 62 2334144078
P 69 62 2334144078
P 70 62 2334144078
P 71 62 2334144078
P 72 62 2317497677
P 73 62 2300720460
P 74 62 2300720460
P 75 62 2300720460
P 76 62 2300720460
P 77 62 2300720460
P 78 62 2300720460
P 79 62 2300720460
P 80 62 2284074058
P 81 62 2284074058
P 82 62 2284074057
P 83 62 2284074057
P 84 62 2284074057
P 85 62 2284074057
P 86 62 2284073801
P 87 62 2284073801
P 88 62 2267427399
P 89 62 2267427399
P 90 62 2267427399
P 91 62 2267427399
P 92 62 2267427398
P 93 62 2267427398
P 94 62 2267427398
P 95 62 2267427398
P 96 62 2267558212
P 97 62 2250780996
P 98 62 2250780996
P 99 62 2250780995
P 100 62 2250780995
P 101 62 2250780995
P 102 62 2250715459
P 103 62 2250780995
P 104 62 2250911809
P 105 62 2267689025
P 106 62 2267689025
P 107 62 2267688768
P 108 62 2267688768
P 109 62 2267688768
P 110 62 2267688768
P 111 62 2267688768
P 112 62 2267819582
P 113 62 2267819582
P 114 62 2267819581
P 115 62 2267819581
P 116 62 2267819581
P 117 62 2284596797
P 118 62 2284531261
P 119 62 2284531260
P 120 62 2301504826
P 121 62 2301504826
P 122 62 2301504826
P 123 62 2301504570
P 124 62 2301504570
P 125 62 2301439033
P 126 62 2301439033
P 127 62 2301439033
P 128 62 2335189815
P 129 62 2335124278
P 130 62 2335124278
P 131 62 2335124278
P 132 62 2351901494
P 133 62 2351901493
P 134 62 2351835957
P 135 62 2351835957
P 136 62 2385586483
P 137 62 2402298419
P 138 62 2402298419
P 139 62 2402298419
P 140 62 2402298162
P 141 62 2419009842
P 142 62 2419009842
P 143 62 2418944306
P 144 62 2469472303
P 145 62 2486249519
P 146 62 2486183983
P 147 62 2486183982
P 148 62 2502895662
P 149 62 2502895662
P 150 62 2502830126
P 151 62 2502830125
P 152 62 2570069547
P 153 62 2586846763
P 154 62 2586846763
P 155 62 2586781483
P 156 62 2603558442
P 157 62 2603492906
P 158 62 2603427370
P 159 62 2620204586
P 160 62 2687444263
P 161 62 2704221479
P 162 62 2704155943
P 163 62 2720932903
P 164 62 2720867367
P 165 62 2737579303
P 166 62 2737513766
P 167 62 2754290982
P 40 63 2451389014
P 41 63 2434611797
P 42 63 2434611797
P 43 63 2434611797
P 44 63 2434611797
P 45 63 2434611797
P 46 63 2434611797
P 47 63 2434611797
P 48 63 2401122643
P 49 63 2401122643
P 50 63 2401122643
P 51 63 2401122643
P 52 63 2401122643
P 53 63 2401122643
P 54 63 2401057107
P 55 63 2401057107
P 56 63 2367633489
P 57 63 2367633489
P 58 63 2367633489
P 59 63 2367633489
P 60 63 2367633489
P 61 63 2367633233
P 62 63 2367633233
P 63 63 2367633233
P 64 63 2334144335
P 65 63 2334144079
P 66 63 2334144079
P 67 63 2334144078
P 68 63 2334144078
P 69 63 2334144078
P 70 63 2334144078
P 71 63 2334144078
P 72 63 2317497677
P 73 63 2300720460
P 74 63 2300720460
P 75 63 2300720460
P 76 63 2300720460
P 77 63 2300720460
P 78 63 2300720460
P 79 63 2300720460
P 80 63 2284074058
P 81 63 2284074058
P 82 63 2284074057
P 83 63 2284074057
P 84 63 2284074057
P 85 63 2284074057
P 86 63 2284073801
P 87 63 2284073801
P 88 63 2267427399
P 89 63 2267427399
P 90 63 2267427399
P 91 63 2267427399
P 92 63 2267427398
P 93 63 2267427398
P 94 63 2267427398
P 95 63 2267427398
P 96 63 2267558212
P 97 63 2250780996
P 98 63 2250780996
P 99 63 2250780995
P 100 63 2250780995
P 101 63 2250780995
P 102 63 2250780995
P 103 63 2250780995
P 104 63 2250911809
P 105 63 2267689025
P 106 63 2267689025
P 107 63 2267688768
P 108 63 2267688768
P 109 63 2267688768
P 110 63 2267688768
P 111 63 2267688768
P 112 63 2267819582
P 113 63 2267819582
P 114 63 2267819581
P 115 63 2267819581
P 116 63 2267819581
P 117 63 2284596797
P 118 63 2284531261
P 119 63 2284531260
P 120 63 2301504826
P 121 63 2301504826
P 122 63 2301504826
P 123 63 2301504570
P 124 63 2301504570
P 125 63 2301439033
P 126 63 2301439033
P 127 63 2301439033
P 128 63 2335189815
P 129 63 2335124278
P 130 63 2335124278
P 131 63 2335124278
P 132 63 2351901494
P 133 63 2351901493
P 134 63 2351835957
P 135 63 2351835957
P 136 63 2385586483
P 137 63 2402298163
P 138 63 2402298419
P 139 63 2402298419
P 140 63 2402298162
P 141 63 2419009842
P 142 63 2419009842
P 143 63 2418944306
P 144 63 2469472303
P 145 63 2486249519
P 146 63 2486183983
P 147 63 2486183982
P 148 63 2502895662
P 149 63 2502895662
P 150 63 2502895662
P 151 63 2502830125
P 152 63 2570069547
P 153 63 2586846763
P 154 63 2586846763
P 155 63 2586781227
P 156 63 2603558442
P 157 63 2603492906
P 158 63 2603492906
P 159 63 2620204586
P 160 63 2687444264
P 161 63 2704221480
P 162 63 2704155943
P 163 63 2720932903
P 164 63 2720867367
P 165 63 2737579047
P 166 63 2737579302
P 167 63 2754290982
P 40 64 2434611797
P 41 64 2434611797
P 42 64 2434611797
P 43 64 2434611797
P 44 64 2434611797
P 45 64 2434611797
P 46 64 2434611797
P 47 64 2417769044
P 48 64 2401122899
P 49 64 2401122899
P 50 64 2401122643
P 51 64 2401122643
P 52 64 2401122643
P 53 64 2384279890
P 54 64 2384279890
P 55 64 2384279890
P 56 64 2367633489
P 57 64 2367633489
P 58 64 2367633489
P 59 64 2367633489
P 60 64 2350856272
P 61 64 2350856272
P 62 64 2350856272
P 63 64 2350856272
P 64 64 2334144335
P 65 64 2334144335
P 66 64 2334144334
P 67 64 2334144334
P 68 64 2334144334
P 69 64 2317367118
P 70 64 2317367118
P 71 64 2317367117
P 72 64 2300720716
P 73 64 2300720716
P 74 64 2300720716
P 75 64 2300720716
P 76 64 2300720715
P 77 64 2300720715
P 78 64 2300720715
P 79 64 2300720715
P 80 64 2284074313
P 81 64 2284074313
P 82 64 2284074313
P 83 64 2284074313
P 84 64 2284074313
P 85 64 2284074313
P 86 64 2284074313
P 87 64 2267296840
P 88 64 2267427910
P 89 64 2267427910
P 90 64 2267427910
P 91 64 2267427910
P 92 64 2267427910
P 93 64 2267427910
P 94 64 2267427910
P 95 64 2267427653
P 96 64 2250781507
P 97 64 2250781507
P 98 64 2250781507
P 99 64 2250781251
P 100 64 2250781251
P 101 64 2250781250
P 102 64 2250781506
P 103 64 2250781250
P 104 64 2267755072
P 105 64 2267689536
P 106 64 2267689536
P 107 64 2267689280
P 108 64 2267689536
P 109 64 2267689535
P 110 64 2267689279
P 111 64 2267689279
P 112 64 2267885629
P 113 64 2267820093
P 114 64 2284597565
P 115 64 2284597564
P 116 64 2284597564
P 117 64 2284597308
P 118 64 2284597308
P 119 64 2284597308
P 120 64 2301505338
P 121 64 2301505593
P 122 64 2301505593
P 123 64 2301505337
P 124 64 2301505337
P 125 64 2318282553
P 126 64 2318217016
P 127 64 2318217016
P 128 64 2351968054
P 129 64 2351968054
P 130 64 2351967798
P 131 64 2351902262
P 132 64 2351902262
P 133 64 2368679477
P 134 64 2368679733
P 135 64 2368613941
P 136 64 2402364722
P 137 64 2402364722
P 138 64 2419076402
P 139 64 2419076402
P 140 64 2419076402
P 141 64 2435788337
P 142 64 2435788081
P 143 64 2435788081
P 144 64 2486250543
P 145 64 2503027759
P 146 64 2503028014
P 147 64 2502962478
P 148 64 2502962478
P 149 64 2519739438
P 150 64 2519673902
P 151 64 2519673901
P 152 64 2586913579
P 153 64 2603625514
P 154 64 2603625514
P 155 64 2620402730
P 156 64 2620337194
P 157 64 2620336937
P 158 64 2637048618
P 159 64 2637048618
P 160 64 2721065767
P 161 64 2737777447
P 162 64 2737711911
P 163 64 2737711910
P 164 64 2754423590
P 165 64 2771200550
P 166 64 2771135270
P 167 64 2771069733
P 40 65 2434611797
P 41 65 2434611797
P 42 65 2434611797
P 43 65 2434611797
P 44 65 2434611797
P 45 65 2434611797
P 46 65 2434611797
P 47 65 2417769044
P 48 65 2401122899
P 49 65 2401122899
P 50 65 2401122643
P 51 65 2401122643
P 52 65 2401122643
P 53 65 2384279890
P 54 65 2384279890
P 55 65 2384279890
P 56 65 2367633489
P 57 65 2367633489
P 58 65 2367633489
P 59 65 2367633489
P 60 65 2350856272
P 61 65 2350856272
P 62 65 2350856272
P 63 65 2350856272
P 64 65 2334144335
P 65 65 2334144335
P 66 65 2334144334
P 67 65 2334144334
P 68 65 2334144334
P 69 65 2317367118
P 70 65 2317367118
P 71 65 2317367117
P 72 65 2300720716
P 73 65 2300720716
P 74 65 2300720716
P 75 65 2300720716
P 76 65 2300720715
P 77 65 2300720715
P 78 65 2300720715
P 79 65 2300720715
P 80 65 2284074313
P 81 65 2284074313
P 82 65 2284074313
P 83 65 2284074313
P 84 65 2284074313
P 85 65 2284074313
P 86 65 2284074313
P 87 65 2267296840
P 88 65 2267427910
P 89 65 2267427910
P 90 65 2267427910
P 91 65 2267427910
P 92 65 2267427910
P 93 65 2267427910
P 94 65 2267427910
P 95 65 2267427653
P 96 65 2250847043
P 97 65 2250781507
P 98 65 2250781507
P 99 65 2250781251
P 100 65 2250781251
P 101 65 2250781250
P 102 65 2250781251
P 103 65 2250781250
P 104 65 2267755072
P 105 65 2267689536
P 106 65 2267689536
P 107 65 2267689280
P 108 65 2267689280
P 109 65 2267689535
P 110 65 2267689279
P 111 65 2267689279
P 112 65 2267885629
P 113 65 2267820093
P 114 65 2284597309
P 115 65 2284597565
P 116 65 2284597565
P 117 65 2284597308
P 118 65 2284597308
P 119 65 2284597308
P 120 65 2301570874
P 121 65 2301505337
P 122 65 2301505593
P 123 65 2301505337
P 124 65 2301505337
P 125 65 2318282553
P 126 65 2318217016
P 127 65 2318217016
P 128 65 2351967798
P 129 65 2351968054
P 130 65 2351967798
P 131 65 2351902262
P 132 65 2351902262
P 133 65 2368679477
P 134 65 2368679477
P 135 65 2368613941
P 136 65 2402430258
P 137 65 2402364722
P 138 65 2419076402
P 139 65 2419076402
P 140 65 2419076402
P 141 65 2435788081
P 142 65 2435788081
P 143 65 2435788081
P 144 65 2486316079
P 145 65 2503027759
P 146 65 2503027758
P 147 65 2502962478
P 148 65 2502962478
P 149 65 2519739438
P 150 65 2519673902
P 151 65 2519673901
P 152 65 2586913579
P 153 65 2603625258
P 154 65 2603625514
P 155 65 2620402730
P 156 65 2620337194
P 157 65 2620336938
P 158 65 2637048618
P 159 65 2637048618
P 160 65 2721065511
P 161 65 2737777447
P 162 65 2737711911
P 163 65 2737711910
P 164 65 2754423590
P 165 65 2771200550
P 166 65 2771135014
P 167 65 2771069733
P 40 66 2434611797
P 41 66 2434611797
P 42 66 2434611797
P 43 66 2434611797
P 44 66 2434611797
P 45 66 2434611797
P 46 66 2434611797
P 47 66 2417769044
P 48 66 2401122899
P 49 66 2401122899
P 50 66 2401122643
P 51 66 2401122643
P 52 66 2401057107
P 53 66 2384279890
P 54 66 2384279890
P 55 66 2384279890
P 56 66 2367633489
P 57 66 2367633489
P 58 66 2367633489
P 59 66 2367633489
P 60 66 2350856272
P 61 66 2350856272
P 62 66 2350856272
P 63 66 2350856272
P 64 66 2334144335
P 65 66 2334144335
P 66 66 2334144334
P 67 66 2334144334
P 68 66 2334144334
P 69 66 2317367118
P 70 66 2317367118
P 71 66 2317367117
P 72 66 2300720716
P 73 66 2300720716
P 74 66 2300720716
P 75 66 2300720716
P 76 66 2300720715
P 77 66 2300720715
P 78 66 2300720715
P 79 66 2300720715
P 80 66 2284074313
P 81 66 2284074313
P 82 66 2284074313
P 83 66 2284074313
P 84 66 2284074313
P 85 66 2284074313
P 86 66 2284074313
P 87 66 2267296840
P 88 66 2267427910
P 89 66 2267427910
P 90 66 2267427654
P 91 66 2267427910
P 92 66 2267427910
P 93 66 2267427910
P 94 66 2267427910
P 95 66 2267427653
P 96 66 2250847043
P 97 66 2250781507
P 98 66 2250781507
P 99 66 2250781251
P 100 66 2250781251
P 101 66 2250781251
P 102 66 2250781251
P 103 66 2250781250
P 104 66 2267755072
P 105 66 2267755072
P 106 66 2267689536
P 107 66 2267689280
P 108 66 2267689280
P 109 66 2267689535
P 110 66 2267689279
P 111 66 2267689279
P 112 66 2267885629
P 113 66 2267885629
P 114 66 2284597309
P 115 66 2284597309
P 116 66 2284597565
P 117 66 2284597308
P 118 66 2284597308
P 119 66 2284597308
P 120 66 2301570874
P 121 66 2301570873
P 122 66 2301505337
P 123 66 2301505337
P 124 66 2301505337
P 125 66 2318282553
P 126 66 2318217016
P 127 66 2318217016
P 128 66 2351967798
P 129 66 2351968054
P 130 66 2351967798
P 131 66 2351902262
P 132 66 2351902262
P 133 66 2368679477
P 134 66 2368679477
P 135 66 2368613941
P 136 66 2402430258
P 137 66 2402364722
P 138 66 2419076402
P 139 66 2419076402
P 140 66 2419076402
P 141 66 2435788081
P 142 66 2435788081
P 143 66 2435788081
P 144 66 2486316079
P 145 66 2503093295
P 146 66 2503027758
P 147 66 2502962222
P 148 66 2502962478
P 149 66 2519739438
P 150 66 2519673902
P 151 66 2519673901
P 152 66 2586913579
P 153 66 2603690795
P 154 66 2603625259
P 155 66 2620402730
P 156 66 2620337194
P 157 66 2620336938
P 158 66 2637048618
P 159 66 2637048618
P 160 66 2721065511
P 161 66 2737842983
P 162 66 2737711911
P 163 66 2737711910
P 164 66 2754423590
P 165 66 2771200550
P 166 66 2771135014
P 167 66 2771069477
P 40 67 2434611797
P 41 67 2434611797
P 42 67 2434611797
P 43 67 2434611797
P 44 67 2434611797
P 45 67 2434611797
P 46 67 2434611797
P 47 67 2417769044
P 48 67 2401122899
P 49 67 2401122899
P 50 67 2401122643
P 51 67 2401057107
P 52 67 2401057107
P 53 67 2384279890
P 54 67 2384279890
P 55 67 2384279890
P 56 67 2367633489
P 57 67 2367633489
P 58 67 2367633489
P 59 67 2367633489
P 60 67 2350856272
P 61 67 2350856272
P 62 67 2350856272
P 63 67 2350856272
P 64 67 2334144335
P 65 67 2334144335
P 66 67 2334144334
P 67 67 2334144334
P 68 67 2334144334
P 69 67 2317367118
P 70 67 2317367118
P 71 67 2317366861
P 72 67 2300720716
P 73 67 2300720716
P 74 67 2300720716
P 75 67 2300720716
P 76 67 2300720715
P 77 67 2300720715
P 78 67 2300720715
P 79 67 2300720715
P 80 67 2284074313
P 81 67 2284074313
P 82 67 2284074313
P 83 67 2284074313
P 84 67 2284074313
P 85 67 2284074313
P 86 67 2284074313
P 87 67 2267296840
P 88 67 2267427910
P 89 67 2267427910
P 90 67 2267427654
P 91 67 2267427654
P 92 67 2267427910
P 93 67 2267427910
P 94 67 2267427910
P 95 67 2267427653
P 96 67 2250847043
P 97 67 2250781251
P 98 67 2250781507
P 99 67 2250781251
P 100 67 2250781251
P 101 67 2250781251
P 102 67 2250781251
P 103 67 2250781250
P 104 67 2267754816
P 105 67 2267755072
P 106 67 2267689536
P 107 67 2267689280
P 108 67 2267689280
P 109 67 2267689279
P 110 67 2267689279
P 111 67 2267689279
P 112 67 2267885629
P 113 67 2267885629
P 114 67 2284597309
P 115 67 2284597309
P 116 67 2284597309
P 117 67 2284597308
P 118 67 2284597308
P 119 67 2284597308
P 120 67 2301570874
P 121 67 2301570873
P 122 67 2301505337
P 123 67 2301505337
P 124 67 2301505337
P 125 67 2318282553
P 126 67 2318217016
P 127 67 2318217016
P 128 67 2351967798
P 129 67 2351967798
P 130 67 2351967798
P 131 67 2351902262
P 132 67 2351902262
P 133 67 2368679477
P 134 67 2368679477
P 135 67 2368613941
P 136 67 2402430258
P 137 67 2402364722
P 138 67 2419141938
P 139 67 2419076402
P 140 67 2419076402
P 141 67 2435788081
P 142 67 2435788081
P 143 67 2435788081
P 144 67 2486316079
P 145 67 2503093295
P 146 67 2503027758
P 147 67 2502962222
P 148 67 2502962222
P 149 67 2519739438
P 150 67 2519673902
P 151 67 2519673901
P 152 67 2586913579
P 153 67 2603690795
P 154 67 2603625259
P 155 67 2620402474
P 156 67 2620337194
P 157 67 2620336938
P 158 67 2637048618
P 159 67 2637048618
P 160 67 2721065511
P 161 67 2737842727
P 162 67 2737777447
P 163 67 2737711910
P 164 67 2754423590
P 165 67 2771200550
P 166 67 2771135014
P 167 67 2771069477
P 40 68 2434611797
P 41 68 2434611797
P 42 68 2434611797
P 43 68 2434611797
P 44 68 2434611797
P 45 68 2434611797
P 46 68 2434611797
P 47 68 2417769044
P 48 68 2401122899
P 49 68 2401122899
P 50 68 2401122643
P 51 68 2401057107
P 52 68 2401057107
P 53 68 2384279890
P 54 68 2384279890
P 55 68 2384279890
P 56 68 2367633489
P 57 68 2367633489
P 58 68 2367633489
P 59 68 2367633489
P 60 68 2350856272
P 61 68 2350856272
P 62 68 2350856272
P 63 68 2350856272
P 64 68 2334144335
P 65 68 2334144335
P 66 68 2334144334
P 67 68 2334144334
P 68 68 2334144334
P 69 68 2317367118
P 70 68 2317367118
P 71 68 2317366861
P 72 68 2300720716
P 73 68 2300720716
P 74 68 2300720716
P 75 68 2300720716
P 76 68 2300720715
P 77 68 2300720715
P 78 68 2300720715
P 79 68 2300720715
P 80 68 2284074313
P 81 68 2284074313
P 82 68 2284074313
P 83 68 2284074313
P 84 68 2284074313
P 85 68 2284074057
P 86 68 2284074313
P 87 68 2267296840
P 88 68 2267427910
P 89 68 2267427910
P 90 68 2267427654
P 91 68 2267427654
P 92 68 2267427910
P 93 68 2267427910
P 94 68 2267427910
P 95 68 2267427653
P 96 68 2250847044
P 97 68 2250781251
P 98 68 2250781251
P 99 68 2250781251
P 100 68 2250781251
P 101 68 2250781251
P 102 68 2250781251
P 103 68 2250781250
P 104 68 2267754816
P 105 68 2267754816
P 106 68 2267689536
P 107 68 2267754816
P 108 68 2267689280
P 109 68 2267689279
P 110 68 2267689279
P 111 68 2267689279
P 112 68 2267885629
P 113 68 2267885629
P 114 68 2284597309
P 115 68 2284662845
P 116 68 2284597309
P 117 68 2284597308
P 118 68 2284597308
P 119 68 2284597308
P 120 68 2301570874
P 121 68 2301570873
P 122 68 2301505337
P 123 68 2301505337
P 124 68 2301505337
P 125 68 2318282553
P 126 68 2318217016
P 127 68 2318217016
P 128 68 2351967798
P 129 68 2351967798
P 130 68 2351967798
P 131 68 2351967798
P 132 68 2351902262
P 133 68 2368679477
P 134 68 2368679477
P 135 68 2368613941
P 136 68 2402430258
P 137 68 2402364722
P 138 68 2419141938
P 139 68 2419076402
P 140 68 2419076402
P 141 68 2435788081
P 142 68 2435788081
P 143 68 2435788081
P 144 68 2486316079
P 145 68 2503093295
P 146 68 2503027758
P 147 68 2503027758
P 148 68 2502962222
P 149 68 2519739438
P 150 68 2519673902
P 151 68 2519673901
P 152 68 2586913579
P 153 68 2603690795
P 154 68 2603625259
P 155 68 2620402474
P 156 68 2620337194
P 157 68 2620336938
P 158 68 2637048618
P 159 68 2637048618
P 160 68 2721065511
P 161 68 2737842727
P 162 68 2737777191
P 163 68 2737711910
P 164 68 2754423590
P 165 68 2771200550
P 166 68 2771135014
P 167 68 2771069477
P 40 69 2434611797
P 41 69 2434611797
P 42 69 2434611797
P 43 69 2434611797
P 44 69 2434611797
P 45 69 2434611797
P 46 69 2434611797
P 47 69 2417769044
P 48 69 2401122899
P 49 69 2401122899
P 50 69 2401057107
P 51 69 2401057107
P 52 69 2401057107
P 53 69 2384279890
P 54 69 2384279890
P 55 69 2384279890
P 56 69 2367633489
P 57 69 2367633489
P 58 69 2367633489
P 59 69 2367633489
P 60 69 2350856272
P 61 69 2350856272
P 62 69 2350856272
P 63 69 2350856272
P 64 69 2334144335
P 65 69 2334144335
P 66 69 2334144334
P 67 69 2334144334
P 68 69 2334144334
P 69 69 2317367118
P 70 69 2317367118
P 71 69 2317366861
P 72 69 2300720716
P 73 69 2300720716
P 74 69 2300720716
P 75 69 2300720716
P 76 69 2300720715
P 77 69 2300720715
P 78 69 2300720715
P 79 69 2300720459
P 80 69 2284074313
P 81 69 2284074313
P 82 69 2284074313
P 83 69 2284074313
P 84 69 2284074313
P 85 69 2284074057
P 86 69 2284074057
P 87 69 2267296840
P 88 69 2267427910
P 89 69 2267427910
P 90 69 2267427654
P 91 69 2267427654
P 92 69 2267427654
P 93 69 2267427910
P 94 69 2267427910
P 95 69 2267427653
P 96 69 2250847044
P 97 69 2250781251
P 98 69 2250781251
P 99 69 2250781251
P 100 69 2250781251
P 101 69 2250781251
P 102 69 2250781251
P 103 69 2250781250
P 104 69 2267754816
P 105 69 2267754816
P 106 69 2267689280
P 107 69 2267754816
P 108 69 2267689280
P 109 69 2267689279
P 110 69 2267689279
P 111 69 2267689279
P 112 69 2267885629
P 113 69 2267885629
P 114 69 2284597309
P 115 69 2284662845
P 116 69 2284597309
P 117 69 2284597308
P 118 69 2284597308
P 119 69 2284597308
P 120 69 2301570874
P 121 69 2301570873
P 122 69 2301505337
P 123 69 2301505337
P 124 69 2301505337
P 125 69 2318282553
P 126 69 2318217016
P 127 69 2318217016
P 128 69 2351967798
P 129 69 2351967798
P 130 69 2351967798
P 131 69 2351967798
P 132 69 2351902262
P 133 69 2368679477
P 134 69 2368679477
P 135 69 2368613941
P 136 69 2402430258
P 137 69 2402364722
P 138 69 2419141938
P 139 69 2419076402
P 140 69 2419076402
P 141 69 2435788082
P 142 69 2435788081
P 143 69 2435788081
P 144 69 2486316079
P 145 69 2503093295
P 146 69 2503027758
P 147 69 2503027758
P 148 69 2502962222
P 149 69 2519739438
P 150 69 2519673902
P 151 69 2519673901
P 152 69 2586913579
P 153 69 2603690795
P 154 69 2603625259
P 155 69 2620402474
P 156 69 2620402474
P 157 69 2620336938
P 158 69 2637048618
P 159 69 2637048618
P 160 69 2721065511
P 161 69 2737842727
P 162 69 2737777191
P 163 69 2737711654
P 164 69 2754489126
P 165 69 2771200550
P 166 69 2771135014
P 167 69 2771069478
P 40 70 2434611797
P 41 70 2434611797
P 42 70 2434611797
P 43 70 2434611797
P 44 70 2434611797
P 45 70 2434611797
P 46 70 2434611797
P 47 70 2417769044
P 48 70 2401122899
P 49 70 2401122899
P 50 70 2401057107
P 51 70 2401057107
P 52 70 2401057107
P 53 70 2384279890
P 54 70 2384279890
P 55 70 2384279890
P 56 70 2367633489
P 57 70 2367633489
P 58 70 2367633489
P 59 70 2367633489
P 60 70 2350856272
P 61 70 2350856272
P 62 70 2350856272
P 63 70 2350856272
P 64 70 2334144335
P 65 70 2334144335
P 66 70 2334144334
P 67 70 2334144334
P 68 70 2334144334
P 69 70 2317367118
P 70 70 2317367118
P 71 70 2317366861
P 72 70 2300720716
P 73 70 2300720716
P 74 70 2300720716
P 75 70 2300720716
P 76 70 2300720715
P 77 70 2300720715
P 78 70 2300720715
P 79 70 2300720459
P 80 70 2284074057
P 81 70 2284074313
P 82 70 2284074313
P 83 70 2284074313
P 84 70 2284074313
P 85 70 2284074057
P 86 70 2284074057
P 87 70 2267296840
P 88 70 2267427910
P 89 70 2267427910
P 90 70 2267427654
P 91 70 2267427654
P 92 70 2267427654
P 93 70 2267427654
P 94 70 2267427910
P 95 70 2267427653
P 96 70 2250847044
P 97 70 2250781251
P 98 70 2250781251
P 99 70 2250781251
P 100 70 2250781251
P 101 70 2250781251
P 102 70 2250781251
P 103 70 2250781250
P 104 70 2267754816
P 105 70 2267754816
P 106 70 2267689280
P 107 70 2267754816
P 108 70 2267689280
P 109 70 2267689279
P 110 70 2267689279
P 111 70 2267689279
P 112 70 2267885629
P 113 70 2267885629
P 114 70 2284597309
P 115 70 2284662845
P 116 70 2284597309
P 117 70 2284597308
P 118 70 2284597308
P 119 70 2284597308
P 120 70 2301570874
P 121 70 2301570873
P 122 70 2301505337
P 123 70 2301505337
P 124 70 2301505337
P 125 70 2318282553
P 126 70 2318217016
P 127 70 2318217016
P 128 70 2351967798
P 129 70 2351967798
P 130 70 2351967798
P 131 70 2351967798
P 132 70 2351902262
P 133 70 2368679477
P 134 70 2368679477
P 135 70 2368613941
P 136 70 2402430258
P 137 70 2402364722
P 138 70 2419141938
P 139 70 2419076402
P 140 70 2419076402
P 141 70 2435853618
P 142 70 2435788081
P 143 70 2435788081
P 144 70 2486316079
P 145 70 2503093295
P 146 70 2503027758
P 147 70 2503027758
P 148 70 2502962222
P 149 70 2519739438
P 150 70 2519673902
P 151 70 2519673901
P 152 70 2586913579
P 153 70 2603690795
P 154 70 2603625259
P 155 70 2620402474
P 156 70 2620402474
P 157 70 2620336938
P 158 70 2637048618
P 159 70 2637048618
P 160 70 2721065511
P 161 70 2737842727
P 162 70 2737777191
P 163 70 2737711654
P 164 70 2754488870
P 165 70 2771200550
P 166 70 2771135014
P 167 70 2771069478
P 40 71 2434612053
P 41 71 2434611797
P 42 71 2434611797
P 43 71 2434611797
P 44 71 2434611797
P 45 71 2434611797
P 46 71 2434611797
P 47 71 2417769044
P 48 71 2401122899
P 49 71 2401057363
P 50 71 2401057107
P 51 71 2401057107
P 52 71 2401057107
P 53 71 2384279890
P 54 71 2384279890
P 55 71 2384279890
P 56 71 2367633489
P 57 71 2367633489
P 58 71 2367633489
P 59 71 2367633489
P 60 71 2350856272
P 61 71 2350856272
P 62 71 2350856272
P 63 71 2350856272
P 64 71 2334144335
P 65 71 2334144335
P 66 71 2334144334
P 67 71 2334144334
P 68 71 2334144334
P 69 71 2317367118
P 70 71 2317367118
P 71 71 2317366861
P 72 71 2300720716
P 73 71 2300720716
P 74 71 2300720716
P 75 71 2300720716
P 76 71 2300720715
P 77 71 2300720715
P 78 71 2300720715
P 79 71 2300720459
P 80 71 2284074057
P 81 71 2284074057
P 82 71 2284074313
P 83 71 2284074313
P 84 71 2284074313
P 85 71 2284074057
P 86 71 2284074057
P 87 71 2267296840
P 88 71 2267427910
P 89 71 2267427910
P 90 71 2267427654
P 91 71 2267427654
P 92 71 2267427654
P 93 71 2267427654
P 94 71 2267427654
P 95 71 2267427653
P 96 71 2250847044
P 97 71 2250781251
P 98 71 2250781251
P 99 71 2250781251
P 100 71 2250781251
P 101 71 2250781251
P 102 71 2250781251
P 103 71 2250781250
P 104 71 2267754816
P 105 71 2267754816
P 106 71 2267689280
P 107 71 2267754816
P 108 71 2267689280
P 109 71 2267689279
P 110 71 2267689279
P 111 71 2267689279
P 112 71 2267885629
P 113 71 2267885629
P 114 71 2284597309
P 115 71 2284662845
P 116 71 2284597309
P 117 71 2284597308
P 118 71 2284597308
P 119 71 2284597308
P 120 71 2301570874
P 121 71 2301570873
P 122 71 2301505337
P 123 71 2301505337
P 124 71 2301505337
P 125 71 2318282553
P 126 71 2318282552
P 127 71 2318217016
P 128 71 2351967798
P 129 71 2351967798
P 130 71 2351967798
P 131 71 2351967798
P 132 71 2351902262
P 133 71 2368679477
P 134 71 2368679477
P 135 71 2368613941
P 136 71 2402430259
P 137 71 2402364723
P 138 71 2419141938
P 139 71 2419076402
P 140 71 2419076402
P 141 71 2435853618
P 142 71 2435853617
P 143 71 2435788081
P 144 71 2486316079
P 145 71 2503093295
P 146 71 2503027758
P 147 71 2503027758
P 148 71 2502962222
P 149 71 2519739438
P 150 71 2519739438
P 151 71 2519673901
P 152 71 2586913579
P 153 71 2603690795
P 154 71 2603625259
P 155 71 2620402474
P 156 71 2620402474
P 157 71 2620336938
P 158 71 2637114154
P 159 71 2637048618
P 160 71 2721065511
P 161 71 2737842727
P 162 71 2737777191
P 163 71 2737711655
P 164 71 2754488871
P 165 71 2771200550
P 166 71 2771200550
P 167 71 2771069478
P 40 72 2434612053
P 41 72 2434612053
P 42 72 2434612053
P 43 72 2417769300
P 44 72 2417769300
P 45 72 2417769300
P 46 72 2417769300
P 47 72 2417769300
P 48 72 2401057363
P 49 72 2384280146
P 50 72 2384280146
P 51 72 2384280146
P 52 72 2384280146
P 53 72 2384280146
P 54 72 2384280146
P 55 72 2384280146
P 56 72 2350856528
P 57 72 2350856528
P 58 72 2350856528
P 59 72 2350856528
P 60 72 2350856528
P 61 72 2350856528
P 62 72 2350790992
P 63 72 2350790992
P 64 72 2334144590
P 65 72 2317367374
P 66 72 2317367374
P 67 72 2317367374
P 68 72 2317367117
P 69 72 2317367117
P 70 72 2317367117
P 71 72 2317367117
P 72 72 2300720972
P 73 72 2300720715
P 74 72 2300720971
P 75 72 2300720715
P 76 72 2300720715
P 77 72 2283943499
P 78 72 2283943499
P 79 72 2283943499
P 80 72 2284074569
P 81 72 2284074569
P 82 72 2284074569
P 83 72 2284074569
P 84 72 2267297352
P 85 72 2267297352
P 86 72 2267297352
P 87 72 2267297352
P 88 72 2267428166
P 89 72 2267428166
P 90 72 2267428166
P 91 72 2267428166
P 92 72 2267428166
P 93 72 2267428165
P 94 72 2267428165
P 95 72 2267428165
P 96 72 2250847299
P 97 72 2250847299
P 98 72 2250847299
P 99 72 2250781762
P 100 72 2250781762
P 101 72 2250847298
P 102 72 2250781762
P 103 72 2250781762
P 104 72 2267755328
P 105 72 2267755328
P 106 72 2267755328
P 107 72 2267755327
P 108 72 2267689791
P 109 72 2267755327
P 110 72 2267689791
P 111 72 2267689791
P 112 72 2284663357
P 113 72 2284663357
P 114 72 2284663612
P 115 72 2284663612
P 116 72 2284598076
P 117 72 2284663355
P 118 72 2284598075
P 119 72 2284598075
P 120 72 2301571641
P 121 72 2318348857
P 122 72 2318283321
P 123 72 2318348857
P 124 72 2318283320
P 125 72 2318283320
P 126 72 2318283320
P 127 72 2318283320
P 128 72 2352034102
P 129 72 2351968822
P 130 72 2368745781
P 131 72 2368745781
P 132 72 2368745781
P 133 72 2368680500
P 134 72 2385457717
P 135 72 2385457717
P 136 72 2419208498
P 137 72 2435920178
P 138 72 2435920178
P 139 72 2435920177
P 140 72 2435920177
P 141 72 2435854641
P 142 72 2452631857
P 143 72 2452566320
P 144 72 2503094318
P 145 72 2503094318
P 146 72 2519805998
P 147 72 2519805998
P 148 72 2519740718
P 149 72 2536517933
P 150 72 2536517933
P 151 72 2553295149
P 152 72 2620534826
P 153 72 2620469290
P 154 72 2620469290
P 155 72 2637246506
P 156 72 2653958185
P 157 72 2653958185
P 158 72 2653892905
P 159 72 2670604585
P 160 72 2737844263
P 161 72 2754621479
P 162 72 2771333158
P 163 72 2771333158
P 164 72 2788044838
P 165 72 2788044838
P 166 72 2804756517
P 167 72 2821468197
P 40 73 2434612053
P 41 73 2434612053
P 42 73 2434612053
P 43 73 2417769300
P 44 73 2417769300
P 45 73 2417769300
P 46 73 2417769300
P 47 73 2417769300
P 48 73 2401057363
P 49 73 2384280146
P 50 73 2384280146
P 51 73 2384280146
P 52 73 2384280146
P 53 73 2384280146
P 54 73 2384280146
P 55 73 2384280146
P 56 73 2350856528
P 57 73 2350856528
P 58 73 2350856528
P 59 73 2350856528
P 60 73 2350856528
P 61 73 2350856528
P 62 73 2350790992
P 63 73 2350790992
P 64 73 2334144590
P 65 73 2317367374
P 66 73 2317367374
P 67 73 2317367374
P 68 73 2317367117
P 69 73 2317367117
P 70 73 2317367117
P 71 73 2317367117
P 72 73 2300720972
P 73 73 2300720715
P 74 73 2300720715
P 75 73 2300720715
P 76 73 2300720715
P 77 73 2283943499
P 78 73 2283943499
P 79 73 2283943499
P 80 73 2284074569
P 81 73 2284074569
P 82 73 2284074569
P 83 73 2284074569
P 84 73 2267297096
P 85 73 2267297352
P 86 73 2267297352
P 87 73 2267297352
P 88 73 2267493702
P 89 73 2267428166
P 90 73 2267428166
P 91 73 2267428166
P 92 73 2267428166
P 93 73 2267428165
P 94 73 2267428165
P 95 73 2267428165
P 96 73 2250847299
P 97 73 2250847299
P 98 73 2250847299
P 99 73 2250781762
P 100 73 2250781762
P 101 73 2250847298
P 102 73 2250781762
P 103 73 2250781762
P 104 73 2267755328
P 105 73 2267755328
P 106 73 2267755328
P 107 73 2267755327
P 108 73 2267689791
P 109 73 2267755327
P 110 73 2267689791
P 111 73 2267689791
P 112 73 2284663357
P 113 73 2284663357
P 114 73 2284663356
P 115 73 2284663612
P 116 73 2284598076
P 117 73 2284663355
P 118 73 2284597819
P 119 73 2284598075
P 120 73 2301571641
P 121 73 2318348857
P 122 73 2318283321
P 123 73 2318348857
P 124 73 2318283320
P 125 73 2318283320
P 126 73 2318283320
P 127 73 2318283320
P 128 73 2352034102
P 129 73 2351968566
P 130 73 2368745781
P 131 73 2368745781
P 132 73 2368745781
P 133 73 2368680245
P 134 73 2385457717
P 135 73 2385457717
P 136 73 2419208498
P 137 73 2435920178
P 138 73 2435920178
P 139 73 2435920177
P 140 73 2435920177
P 141 73 2435854641
P 142 73 2452631857
P 143 73 2452566320
P 144 73 2503094318
P 145 73 2503094318
P 146 73 2519805998
P 147 73 2519805998
P 148 73 2519740462
P 149 73 2536517933
P 150 73 2536517933
P 151 73 2553295149
P 152 73 2620534826
P 153 73 2620469290
P 154 73 2620469290
P 155 73 2637246506
P 156 73 2653958185
P 157 73 2653958185
P 158 73 2653892650
P 159 73 2670604585
P 160 73 2737909799
P 161 73 2754621479
P 162 73 2771333158
P 163 73 2771333158
P 164 73 2788044838
P 165 73 2788044838
P 166 73 2804756517
P 167 73 2821468197
P 40 74 2434612053
P 41 74 2434612053
P 42 74 2434612053
P 43 74 2417769300
P 44 74 2417769300
P 45 74 2417769300
P 46 74 2417769300
P 47 74 2417769300
P 48 74 2401057363
P 49 74 2384280146
P 50 74 2384280146
P 51 74 2384280146
P 52 74 2384280146
P 53 74 2384280146
P 54 74 2384280146
P 55 74 2384280146
P 56 74 2350856528
P 57 74 2350856528
P 58 74 2350856528
P 59 74 2350856528
P 60 74 2350856528
P 61 74 2350856528
P 62 74 2350790992
P 63 74 2350790992
P 64 74 2334144590
P 65 74 2317367374
P 66 74 2317367374
P 67 74 2317367374
P 68 74 2317367373
P 69 74 2317367373
P 70 74 2317367117
P 71 74 2317367117
P 72 74 2300720972
P 73 74 2300720715
P 74 74 2300720715
P 75 74 2300720715
P 76 74 2300720715
P 77 74 2283943499
P 78 74 2283943499
P 79 74 2283943499
P 80 74 2284074569
P 81 74 2284074569
P 82 74 2284074569
P 83 74 2284074569
P 84 74 2267297096
P 85 74 2267297352
P 86 74 2267297352
P 87 74 2267297352
P 88 74 2267493702
P 89 74 2267428166
P 90 74 2267428166
P 91 74 2267428166
P 92 74 2267428166
P 93 74 2267428165
P 94 74 2267428165
P 95 74 2267427909
P 96 74 2250847299
P 97 74 2250847299
P 98 74 2250847299
P 99 74 2250781762
P 100 74 2250781762
P 101 74 2250847298
P 102 74 2250781762
P 103 74 2250781762
P 104 74 2267755328
P 105 74 2267755328
P 106 74 2267755328
P 107 74 2267755327
P 108 74 2267689791
P 109 74 2267755327
P 110 74 2267689791
P 111 74 2267689791
P 112 74 2284663357
P 113 74 2284663357
P 114 74 2284663356
P 115 74 2284663356
P 116 74 2284598076
P 117 74 2284663355
P 118 74 2284597819
P 119 74 2284597819
P 120 74 2301571641
P 121 74 2318348857
P 122 74 2318283321
P 123 74 2318348857
P 124 74 2318283320
P 125 74 2318283320
P 126 74 2318283320
P 127 74 2318283320
P 128 74 2352034102
P 129 74 2352034102
P 130 74 2368745782
P 131 74 2368745781
P 132 74 2368745781
P 133 74 2368680245
P 134 74 2385457461
P 135 74 2385457717
P 136 74 2419208498
P 137 74 2435985714
P 138 74 2435920178
P 139 74 2435919921
P 140 74 2435920177
P 141 74 2435854641
P 142 74 2452631857
P 143 74 2452566320
P 144 74 2503094318
P 145 74 2503094318
P 146 74 2519805998
P 147 74 2519805998
P 148 74 2519740462
P 149 74 2536517933
P 150 74 2536517933
P 151 74 2553295149
P 152 74 2620534826
P 153 74 2620534826
P 154 74 2620469290
P 155 74 2637246506
P 156 74 2653958186
P 157 74 2653958186
P 158 74 2653892650
P 159 74 2670604329
P 160 74 2737909799
P 161 74 2754687015
P 162 74 2771333158
P 163 74 2771333158
P 164 74 2788044838
P 165 74 2788044838
P 166 74 2804756517
P 167 74 2821468197
P 40 75 2434612053
P 41 75 2434612053
P 42 75 2434612053
P 43 75 2417769300
P 44 75 2417769300
P 45 75 2417769300
P 46 75 2417769300
P 47 75 2417769300
P 48 75 2401057363
P 49 75 2384280146
P 50 75 2384280146
P 51 75 2384280146
P 52 75 2384280146
P 53 75 2384280146
P 54 75 2384280146
P 55 75 2384280146
P 56 75 2350856528
P 57 75 2350856528
P 58 75 2350856528
P 59 75 2350856528
P 60 75 2350856528
P 61 75 2350856528
P 62 75 2350790992
P 63 75 2350790992
P 64 75 2334144590
P 65 75 2317367374
P 66 75 2317367374
P 67 75 2317367374
P 68 75 2317367373
P 69 75 2317367373
P 70 75 2317367117
P 71 75 2317367117
P 72 75 2300720972
P 73 75 2300720715
P 74 75 2300720715
P 75 75 2300720715
P 76 75 2300720715
P 77 75 2283943499
P 78 75 2283943499
P 79 75 2283943499
P 80 75 2284074569
P 81 75 2284074313
P 82 75 2284074569
P 83 75 2284074569
P 84 75 2267297096
P 85 75 2267297096
P 86 75 2267297352
P 87 75 2267297352
P 88 75 2267493702
P 89 75 2267428166
P 90 75 2267428166
P 91 75 2267427910
P 92 75 2267428166
P 93 75 2267428165
P 94 75 2267428165
P 95 75 2267427909
P 96 75 2250847299
P 97 75 2250847299
P 98 75 2250847299
P 99 75 2250781762
P 100 75 2250781762
P 101 75 2250847298
P 102 75 2250781762
P 103 75 2250781762
P 104 75 2267755328
P 105 75 2267755328
P 106 75 2267755328
P 107 75 2267755327
P 108 75 2267689791
P 109 75 2267755327
P 110 75 2267689791
P 111 75 2267689791
P 112 75 2284663357
P 113 75 2284663357
P 114 75 2284663356
P 115 75 2284663356
P 116 75 2284597820
P 117 75 2284663355
P 118 75 2284597819
P 119 75 2284597819
P 120 75 2301571641
P 121 75 2318348857
P 122 75 2318348857
P 123 75 2318348857
P 124 75 2318283320
P 125 75 2318283320
P 126 75 2318283320
P 127 75 2318283320
P 128 75 2352034102
P 129 75 2352034102
P 130 75 2368745782
P 131 75 2368745781
P 132 75 2368745781
P 133 75 2368680245
P 134 75 2385457461
P 135 75 2385457461
P 136 75 2419208498
P 137 75 2435985714
P 138 75 2435920178
P 139 75 2435919921
P 140 75 2435919921
P 141 75 2435854641
P 142 75 2452631857
P 143 75 2452566320
P 144 75 2503094318
P 145 75 2503094318
P 146 75 2519871534
P 147 75 2519805998
P 148 75 2519740462
P 149 75 2536517677
P 150 75 2536517933
P 151 75 2553295149
P 152 75 2620534826
P 153 75 2620534827
P 154 75 2620469291
P 155 75 2637246506
P 156 75 2653958186
P 157 75 2653958186
P 158 75 2653892650
P 159 75 2670604329
P 160 75 2737909543
P 161 75 2754687015
P 162 75 2771398694
P 163 75 2771333158
P 164 75 2788044838
P 165 75 2788044838
P 166 75 2804756517
P 167 75 2821468197
P 40 76 2434612053
P 41 76 2434612053
P 42 76 2434612053
P 43 76 2417769300
P 44 76 2417769300
P 45 76 2417769300
P 46 76 2417769300
P 47 76 2417769300
P 48 76 2401057363
P 49 76 2384280146
P 50 76 2384280146
P 51 76 2384280146
P 52 76 2384280146
P 53 76 2384280146
P 54 76 2384280146
P 55 76 2384280146
P 56 76 2350856528
P 57 76 2350856528
P 58 76 2350856528
P 59 76 2350856528
P 60 76 2350856528
P 61 76 2350856528
P 62 76 2350790992
P 63 76 2350790992
P 64 76 2334144590
P 65 76 2317367374
P 66 76 2317367374
P 67 76 2317367374
P 68 76 2317367373
P 69 76 2317367373
P 70 76 2317367117
P 71 76 2317367117
P 72 76 2300720972
P 73 76 2300720715
P 74 76 2300720715
P 75 76 2300720715
P 76 76 2300720715
P 77 76 2283943499
P 78 76 2283943499
P 79 76 2283943499
P 80 76 2284074569
P 81 76 2284074313
P 82 76 2284074313
P 83 76 2284074569
P 84 76 2267297096
P 85 76 2267297096
P 86 76 2267297096
P 87 76 2267297352
P 88 76 2267493702
P 89 76 2267428166
P 90 76 2267428166
P 91 76 2267493446
P 92 76 2267428166
P 93 76 2267428165
P 94 76 2267428165
P 95 76 2267427909
P 96 76 2250847299
P 97 76 2250847299
P 98 76 2250847299
P 99 76 2250847298
P 100 76 2250781762
P 101 76 2250847298
P 102 76 2250781762
P 103 76 2250781762
P 104 76 2267755328
P 105 76 2267755328
P 106 76 2267755328
P 107 76 2267755327
P 108 76 2267689791
P 109 76 2267755327
P 110 76 2267689791
P 111 76 2267689791
P 112 76 2284663357
P 113 76 2284663357
P 114 76 2284663356
P 115 76 2284663356
P 116 76 2284597820
P 117 76 2284663355
P 118 76 2284597819
P 119 76 2284597820
P 120 76 2301571641
P 121 76 2318348601
P 122 76 2318348857
P 123 76 2318348857
P 124 76 2318283320
P 125 76 2318283320
P 126 76 2318283064
P 127 76 2318283320
P 128 76 2352034102
P 129 76 2352034102
P 130 76 2368745782
P 131 76 2368745781
P 132 76 2368745781
P 133 76 2368680245
P 134 76 2385457461
P 135 76 2385457461
P 136 76 2419208498
P 137 76 2435985714
P 138 76 2435920178
P 139 76 2435919921
P 140 76 2435919921
P 141 76 2435854385
P 142 76 2452631857
P 143 76 2452566320
P 144 76 2503094318
P 145 76 2503094318
P 146 76 2519871534
P 147 76 2519871534
P 148 76 2519740462
P 149 76 2536517677
P 150 76 2536517677
P 151 76 2553295149
P 152 76 2620534827
P 153 76 2620534827
P 154 76 2620469291
P 155 76 2637246506
P 156 76 2653958186
P 157 76 2653958186
P 158 76 2653892650
P 159 76 2670604329
P 160 76 2737909543
P 161 76 2754686759
P 162 76 2771398694
P 163 76 2771333158
P 164 76 2788044838
P 165 76 2788044838
P 166 76 2804756261
P 167 76 2821468197
P 40 77 2434612053
P 41 77 2434612053
P 42 77 2434612053
P 43 77 2417769300
P 44 77 2417769300
P 45 77 2417769300
P 46 77 2417769300
P 47 77 2417769300
P 48 77 2401057363
P 49 77 2384280146
P 50 77 2384280146
P 51 77 2384280146
P 52 77 2384280146
P 53 77 2384280146
P 54 77 2384280146
P 55 77 2384280146
P 56 77 2350856528
P 57 77 2350856528
P 58 77 2350856528
P 59 77 2350856528
P 60 77 2350856528
P 61 77 2350856528
P 62 77 2350790992
P 63 77 2350790992
P 64 77 2334144590
P 65 77 2317367374
P 66 77 2317367374
P 67 77 2317367374
P 68 77 2317367373
P 69 77 2317367373
P 70 77 2317367117
P 71 77 2317367117
P 72 77 2300720972
P 73 77 2300720971
P 74 77 2300720715
P 75 77 2300720715
P 76 77 2300720715
P 77 77 2283943499
P 78 77 2283943499
P 79 77 2283943499
P 80 77 2284074569
P 81 77 2284074313
P 82 77 2284074313
P 83 77 2284074313
P 84 77 2267297096
P 85 77 2267297096
P 86 77 2267297096
P 87 77 2267297096
P 88 77 2267493702
P 89 77 2267428166
P 90 77 2267428166
P 91 77 2267493446
P 92 77 2267427910
P 93 77 2267428165
P 94 77 2267428165
P 95 77 2267427909
P 96 77 2250847299
P 97 77 2250847299
P 98 77 2250847299
P 99 77 2250847298
P 100 77 2250781762
P 101 77 2250847298
P 102 77 2250781762
P 103 77 2250781762
P 104 77 2267755328
P 105 77 2267755328
P 106 77 2267755328
P 107 77 2267755327
P 108 77 2267755327
P 109 77 2267755327
P 110 77 2267689791
P 111 77 2267689791
P 112 77 2284663357
P 113 77 2284663357
P 114 77 2284663356
P 115 77 2284663356
P 116 77 2284663356
P 117 77 2284663356
P 118 77 2284597820
P 119 77 2284597820
P 120 77 2301571641
P 121 77 2318348601
P 122 77 2318348601
P 123 77 2318348857
P 124 77 2318348856
P 125 77 2318283320
P 126 77 2318283064
P 127 77 2318283064
P 128 77 2352034102
P 129 77 2352034102
P 130 77 2368745782
P 131 77 2368745781
P 132 77 2368745781
P 133 77 2368680245
P 134 77 2385457461
P 135 77 2385457461
P 136 77 2419208242
P 137 77 2435985714
P 138 77 2435920178
P 139 77 2435919921
P 140 77 2435919921
P 141 77 2435854385
P 142 77 2452631601
P 143 77 2452566320
P 144 77 2503094318
P 145 77 2503094318
P 146 77 2519871534
P 147 77 2519871534
P 148 77 2519805998
P 149 77 2536517677
P 150 77 2536517677
P 151 77 2553294893
P 152 77 2620534827
P 153 77 2620534827
P 154 77 2620469291
P 155 77 2637246506
P 156 77 2654023466
P 157 77 2653958186
P 158 77 2653892650
P 159 77 2670604329
P 160 77 2737909543
P 161 77 2754686759
P 162 77 2771398438
P 163 77 2771333158
P 164 77 2788110374
P 165 77 2788044838
P 166 77 2804756262
P 167 77 2821467941
P 40 78 2434612053
P 41 78 2434612053
P 42 78 2434612053
P 43 78 2417769300
P 44 78 2417769300
P 45 78 2417769300
P 46 78 2417769300
P 47 78 2417769300
P 48 78 2401057363
P 49 78 2384280146
P 50 78 2384280146
P 51 78 2384280146
P 52 78 2384280146
P 53 78 2384280146
P 54 78 2384280146
P 55 78 2384280146
P 56 78 2350856528
P 57 78 2350856528
P 58 78 2350856528
P 59 78 2350856528
P 60 78 2350856528
P 61 78 2350856528
P 62 78 2350790992
P 63 78 2350790992
P 64 78 2334144590
P 65 78 2317367374
P 66 78 2317367374
P 67 78 2317367374
P 68 78 2317367373
P 69 78 2317367373
P 70 78 2317367117
P 71 78 2317367117
P 72 78 2300720972
P 73 78 2300720971
P 74 78 2300720971
P 75 78 2300720715
P 76 78 2300720715
P 77 78 2283943499
P 78 78 2283943499
P 79 78 2283943499
P 80 78 2284074569
P 81 78 2284074313
P 82 78 2284074313
P 83 78 2284074313
P 84 78 2267297096
P 85 78 2267297096
P 86 78 2267297096
P 87 78 2267297096
P 88 78 2267493702
P 89 78 2267428166
P 90 78 2267428166
P 91 78 2267493446
P 92 78 2267427910
P 93 78 2267427909
P 94 78 2267428165
P 95 78 2267427909
P 96 78 2250847299
P 97 78 2250847299
P 98 78 2250847299
P 99 78 2250847298
P 100 78 2250781762
P 101 78 2250847298
P 102 78 2250781762
P 103 78 2250781762
P 104 78 2267755328
P 105 78 2267755328
P 106 78 2267755328
P 107 78 2267755327
P 108 78 2267755327
P 109 78 2267755327
P 110 78 2267689791
P 111 78 2267689791
P 112 78 2284663357
P 113 78 2284663357
P 114 78 2284663357
P 115 78 2284663356
P 116 78 2284663356
P 117 78 2284663356
P 118 78 2284597820
P 119 78 2284597820
P 120 78 2301571641
P 121 78 2318348601
P 122 78 2318348601
P 123 78 2318348857
P 124 78 2318348856
P 125 78 2318283320
P 126 78 2318283064
P 127 78 2318283064
P 128 78 2352034102
P 129 78 2352034102
P 130 78 2368745782
P 131 78 2368745781
P 132 78 2368745781
P 133 78 2368745781
P 134 78 2385457461
P 135 78 2385457461
P 136 78 2419208242
P 137 78 2435985458
P 138 78 2435920178
P 139 78 2435919921
P 140 78 2435919921
P 141 78 2435919921
P 142 78 2452631601
P 143 78 2452566320
P 144 78 2503094318
P 145 78 2503094318
P 146 78 2519871534
P 147 78 2519871534
P 148 78 2519805998
P 149 78 2536583213
P 150 78 2536517677
P 151 78 2553294893
P 152 78 2620534571
P 153 78 2620534827
P 154 78 2620469291
P 155 78 2637246506
P 156 78 2654023466
P 157 78 2653957930
P 158 78 2653892650
P 159 78 2670604329
P 160 78 2737909543
P 161 78 2754686759
P 162 78 2771398439
P 163 78 2771333159
P 164 78 2788110374
P 165 78 2788044838
P 166 78 2804756262
P 167 78 2821467941
P 40 79 2434612053
P 41 79 2434612053
P 42 79 2434612053
P 43 79 2417769300
P 44 79 2417769300
P 45 79 2417769300
P 46 79 2417769300
P 47 79 2417769300
P 48 79 2401057363
P 49 79 2384280146
P 50 79 2384280146
P 51 79 2384280146
P 52 79 2384280146
P 53 79 2384280146
P 54 79 2384280146
P 55 79 2384280146
P 56 79 2350856528
P 57 79 2350856528
P 58 79 2350856528
P 59 79 2350856528
P 60 79 2350856528
P 61 79 2350856528
P 62 79 2350790992
P 63 79 2350790992
P 64 79 2334144590
P 65 79 2317367374
P 66 79 2317367374
P 67 79 2317367374
P 68 79 2317367373
P 69 79 2317367373
P 70 79 2317367117
P 71 79 2317367117
P 72 79 2300720972
P 73 79 2300720971
P 74 79 2300720971
P 75 79 2300720715
P 76 79 2300720715
P 77 79 2283943499
P 78 79 2283943499
P 79 79 2283943499
P 80 79 2284074569
P 81 79 2284074313
P 82 79 2284074313
P 83 79 2284074313
P 84 79 2267297096
P 85 79 2267297096
P 86 79 2267297096
P 87 79 2267297096
P 88 79 2267493702
P 89 79 2267427910
P 90 79 2267428166
P 91 79 2267493446
P 92 79 2267427910
P 93 79 2267427909
P 94 79 2267427909
P 95 79 2267427909
P 96 79 2250847299
P 97 79 2250847299
P 98 79 2250847299
P 99 79 2250847042
P 100 79 2250781762
P 101 79 2250847298
P 102 79 2250847298
P 103 79 2250781506
P 104 79 2267755328
P 105 79 2267755328
P 106 79 2267755328
P 107 79 2267755327
P 108 79 2267755327
P 109 79 2267755327
P 110 79 2267755327
P 111 79 2267689791
P 112 79 2284663357
P 113 79 2284663357
P 114 79 2284663357
P 115 79 2284663356
P 116 79 2284663356
P 117 79 2284663356
P 118 79 2284663356
P 119 79 2284597820
P 120 79 2301571641
P 121 79 2318348601
P 122 79 2318348601
P 123 79 2318348601
P 124 79 2318348856
P 125 79 2318283320
P 126 79 2318283064
P 127 79 2318283064
P 128 79 2352034102
P 129 79 2352034102
P 130 79 2368745782
P 131 79 2368745781
P 132 79 2368745781
P 133 79 2368745781
P 134 79 2385457461
P 135 79 2385457461
P 136 79 2419208242
P 137 79 2435985458
P 138 79 2435919922
P 139 79 2435919921
P 140 79 2435919921
P 141 79 2435919922
P 142 79 2452631601
P 143 79 2452566065
P 144 79 2503094318
P 145 79 2503094318
P 146 79 2519871534
P 147 79 2519871534
P 148 79 2519805998
P 149 79 2536583213
P 150 79 2536517677
P 151 79 2553294893
P 152 79 2620534571
P 153 79 2620534571
P 154 79 2620469291
P 155 79 2637246506
P 156 79 2654023466
P 157 79 2653957930
P 158 79 2653957930
P 159 79 2670604329
P 160 79 2737909544
P 161 79 2754686759
P 162 79 2771398439
P 163 79 2771332903
P 164 79 2788110374
P 165 79 2788044838
P 166 79 2804821798
P 167 79 2821467941
P 40 80 2417769556
P 41 80 2417769556
P 42 80 2417769556
P 43 80 2417769300
P 44 80 2417769300
P 45 80 2417769300
P 46 80 2400992084
P 47 80 2400992084
P 48 80 2384280402
P 49 80 2384280402
P 50 80 2384280402
P 51 80 2384280402
P 52 80 2384280402
P 53 80 2384280402
P 54 80 2367502929
P 55 80 2367502929
P 56 80 2350856784
P 57 80 2350856784
P 58 80 2350791248
P 59 80 2350791248
P 60 80 2350791248
P 61 80 2334013775
P 62 80 2334013775
P 63 80 2334013775
P 64 80 2317367629
P 65 80 2317367629
P 66 80 2317367629
P 67 80 2317367629
P 68 80 2317367629
P 69 80 2317367629
P 70 80 2317367629
P 71 80 2300590157
P 72 80 2300721227
P 73 80 2300721227
P 74 80 2283943755
P 75 80 2283943755
P 76 80 2283943754
P 77 80 2283943754
P 78 80 2283943754
P 79 80 2283943754
P 80 80 2267362888
P 81 80 2267362888
P 82 80 2267297352
P 83 80 2267297352
P 84 80 2267297352
P 85 80 2267297352
P 86 80 2267297351
P 87 80 2267297351
P 88 80 2267493958
P 89 80 2267493957
P 90 80 2267493957
P 91 80 2267493957
P 92 80 2267428421
P 93 80 2267493956
P 94 80 2267428420
P 95 80 2250651204
P 96 80 2250847555
P 97 80 2250847555
P 98 80 2250847554
P 99 80 2250847554
P 100 80 2250847554
P 101 80 2250847554
P 102 80 2250847554
P 103 80 2267624769
P 104 80 2267821375
P 105 80 2267755839
P 106 80 2267755839
P 107 80 2267755839
P 108 80 2267755839
P 109 80 2267755838
P 110 80 2267755839
P 111 80 2267755838
P 112 80 2284729660
P 113 80 2284729660
P 114 80 2284663868
P 115 80 2284663868
P 116 80 2284664124
P 117 80 2284664123
P 118 80 2284664123
P 119 80 2301441083
P 120 80 2318349369
P 121 80 2318414905
P 122 80 2318349369
P 123 80 2318349368
P 124 80 2335126584
P 125 80 2335126584
P 126 80 2335126584
P 127 80 2335061047
P 128 80 2368877621
P 129 80 2368812085
P 130 80 2368812085
P 131 80 2385523765
P 132 80 2385589300
P 133 80 2385523764
P 134 80 2385523764
P 135 80 2402300980
P 136 80 2436052018
P 137 80 2435986482
P 138 80 2452763697
P 139 80 2452698161
P 140 80 2452698161
P 141 80 2469475377
P 142 80 2469475377
P 143 80 2469409840
P 144 80 2519938094
P 145 80 2536715310
P 146 80 2536649774
P 147 80 2536649774
P 148 80 2553361709
P 149 80 2570138669
P 150 80 2570073133
P 151 80 2570073133
P 152 80 2637313066
P 153 80 2654090282
P 154 80 2654024746
P 155 80 2670801961
P 156 80 2670802217
P 157 80 2687513897
P 158 80 2687513897
P 159 80 2704225577
P 160 80 2771465511
P 161 80 2788242726
P 162 80 2804954406
P 163 80 2804954406
P 164 80 2821666085
P 165 80 2821600549
P 166 80 2838377765
P 167 80 2855089444
P 40 81 2417769556
P 41 81 2417769556
P 42 81 2417769556
P 43 81 2417769300
P 44 81 2417769300
P 45 81 2417769300
P 46 81 2400992084
P 47 81 2400992084
P 48 81 2384280402
P 49 81 2384280402
P 50 81 2384280402
P 51 81 2384280402
P 52 81 2384280402
P 53 81 2384280402
P 54 81 2367502929
P 55 81 2367502929
P 56 81 2350856784
P 57 81 2350856784
P 58 81 2350791248
P 59 81 2350791248
P 60 81 2350791248
P 61 81 2334013775
P 62 81 2334013775
P 63 81 2334013775
P 64 81 2317367629
P 65 81 2317367629
P 66 81 2317367629
P 67 81 2317367629
P 68 81 2317367629
P 69 81 2317367629
P 70 81 2317367629
P 71 81 2300590157
P 72 81 2300721227
P 73 81 2300721227
P 74 81 2283943755
P 75 81 2283943755
P 76 81 2283943754
P 77 81 2283943754
P 78 81 2283943754
P 79 81 2283943754
P 80 81 2267362888
P 81 81 2267362888
P 82 81 2267297352
P 83 81 2267297352
P 84 81 2267297352
P 85 81 2267297352
P 86 81 2267297351
P 87 81 2267297351
P 88 81 2267493958
P 89 81 2267493957
P 90 81 2267493957
P 91 81 2267493957
P 92 81 2267428421
P 93 81 2267493956
P 94 81 2267428420
P 95 81 2250651204
P 96 81 2250847555
P 97 81 2250847555
P 98 81 2250847554
P 99 81 2250847554
P 100 81 2250847554
P 101 81 2250847554
P 102 81 2250847554
P 103 81 2267624769
P 104 81 2267821375
P 105 81 2267755839
P 106 81 2267755839
P 107 81 2267755839
P 108 81 2267755839
P 109 81 2267755839
P 110 81 2267755839
P 111 81 2267755838
P 112 81 2284729404
P 113 81 2284729660
P 114 81 2284663868
P 115 81 2284663868
P 116 81 2284663868
P 117 81 2284664123
P 118 81 2284664123
P 119 81 2301441083
P 120 81 2318414905
P 121 81 2318414905
P 122 81 2318349369
P 123 81 2318349368
P 124 81 2335126584
P 125 81 2335126584
P 126 81 2335126584
P 127 81 2335061047
P 128 81 2368877621
P 129 81 2368812085
P 130 81 2368812085
P 131 81 2385523765
P 132 81 2385589300
P 133 81 2385523764
P 134 81 2385523764
P 135 81 2402300980
P 136 81 2436052018
P 137 81 2435986482
P 138 81 2452763697
P 139 81 2452698161
P 140 81 2452698161
P 141 81 2469475377
P 142 81 2469475377
P 143 81 2469409840
P 144 81 2519938094
P 145 81 2536715310
P 146 81 2536649774
P 147 81 2536649774
P 148 81 2553361453
P 149 81 2570138669
P 150 81 2570073133
P 151 81 2570073133
P 152 81 2637378602
P 153 81 2654090282
P 154 81 2654024746
P 155 81 2670801962
P 156 81 2670801962
P 157 81 2687513898
P 158 81 2687513897
P 159 81 2704225577
P 160 81 2771530791
P 161 81 2788242726
P 162 81 2804954406
P 163 81 2804954406
P 164 81 2821666085
P 165 81 2821600549
P 166 81 2838377765
P 167 81 2855089444
P 40 82 2417769556
P 41 82 2417769556
P 42 82 2417769556
P 43 82 2417769300
P 44 82 2417769300
P 45 82 2417769300
P 46 82 2400992084
P 47 82 2400992084
P 48 82 2384280402
P 49 82 2384280402
P 50 82 2384280402
P 51 82 2384280402
P 52 82 2384280402
P 53 82 2384280402
P 54 82 2367502929
P 55 82 2367502929
P 56 82 2350856784
P 57 82 2350856784
P 58 82 2350791248
P 59 82 2350791248
P 60 82 2350791248
P 61 82 2334014031
P 62 82 2334013775
P 63 82 2334013775
P 64 82 2317367629
P 65 82 2317367629
P 66 82 2317367629
P 67 82 2317367629
P 68 82 2317367629
P 69 82 2317367629
P 70 82 2317367629
P 71 82 2300590157
P 72 82 2300721227
P 73 82 2300721227
P 74 82 2283943755
P 75 82 2283943755
P 76 82 2283943754
P 77 82 2283943754
P 78 82 2283943754
P 79 82 2283943754
P 80 82 2267362888
P 81 82 2267362888
P 82 82 2267297352
P 83 82 2267297352
P 84 82 2267297352
P 85 82 2267297352
P 86 82 2267297351
P 87 82 2267297351
P 88 82 2267493958
P 89 82 2267493957
P 90 82 2267493957
P 91 82 2267493957
P 92 82 2267428421
P 93 82 2267493956
P 94 82 2267428420
P 95 82 2250651204
P 96 82 2250847555
P 97 82 2250847555
P 98 82 2250847554
P 99 82 2250847554
P 100 82 2250847554
P 101 82 2250847554
P 102 82 2250847554
P 103 82 2267624769
P 104 82 2267821375
P 105 82 2267821375
P 106 82 2267755839
P 107 82 2267755839
P 108 82 2267755839
P 109 82 2267755839
P 110 82 2267755839
P 111 82 2267755838
P 112 82 2284729404
P 113 82 2284729660
P 114 82 2284663868
P 115 82 2284663868
P 116 82 2284663868
P 117 82 2284664123
P 118 82 2284664123
P 119 82 2301441083
P 120 82 2318414905
P 121 82 2318414905
P 122 82 2318349369
P 123 82 2318349368
P 124 82 2335126584
P 125 82 2335126584
P 126 82 2335126584
P 127 82 2335061047
P 128 82 2368877621
P 129 82 2368877621
P 130 82 2368812085
P 131 82 2385523765
P 132 82 2385589300
P 133 82 2385523764
P 134 82 2385523764
P 135 82 2402300980
P 136 82 2436052018
P 137 82 2436052018
P 138 82 2452763697
P 139 82 2452698161
P 140 82 2452698161
P 141 82 2469475377
P 142 82 2469475377
P 143 82 2469409840
P 144 82 2519938094
P 145 82 2536715310
P 146 82 2536649774
P 147 82 2536649774
P 148 82 2553361453
P 149 82 2570138669
P 150 82 2570073133
P 151 82 2570073133
P 152 82 2637378602
P 153 82 2654155819
P 154 82 2654024746
P 155 82 2670801962
P 156 82 2670801962
P 157 82 2687513898
P 158 82 2687513897
P 159 82 2704225577
P 160 82 2771530791
P 161 82 2788308262
P 162 82 2804954406
P 163 82 2804954406
P 164 82 2821666085
P 165 82 2821600549
P 166 82 2838377765
P 167 82 2855089444
P 40 83 2417769556
P 41 83 2417769556
P 42 83 2417769556
P 43 83 2417769300
P 44 83 2417769300
P 45 83 2417769300
P 46 83 2400992084
P 47 83 2400992084
P 48 83 2384280402
P 49 83 2384280402
P 50 83 2384280402
P 51 83 2384280402
P 52 83 2384280402
P 53 83 2384280402
P 54 83 2367502929
P 55 83 2367502929
P 56 83 2350856784
P 57 83 2350856784
P 58 83 2350791248
P 59 83 2350791248
P 60 83 2350791248
P 61 83 2334014031
P 62 83 2334014031
P 63 83 2334013775
P 64 83 2317367629
P 65 83 2317367629
P 66 83 2317367629
P 67 83 2317367629
P 68 83 2317367629
P 69 83 2317367629
P 70 83 2317367629
P 71 83 2300590157
P 72 83 2300721227
P 73 83 2300721227
P 74 83 2283944011
P 75 83 2283943755
P 76 83 2283943754
P 77 83 2283943754
P 78 83 2283943754
P 79 83 2283943754
P 80 83 2267362888
P 81 83 2267362888
P 82 83 2267297352
P 83 83 2267297352
P 84 83 2267297352
P 85 83 2267297352
P 86 83 2267297351
P 87 83 2267297351
P 88 83 2267493958
P 89 83 2267493701
P 90 83 2267493957
P 91 83 2267493957
P 92 83 2267428421
P 93 83 2267493956
P 94 83 2267428420
P 95 83 2250651204
P 96 83 2250847555
P 97 83 2250847555
P 98 83 2250847554
P 99 83 2250847554
P 100 83 2250847554
P 101 83 2250847554
P 102 83 2250847554
P 103 83 2267624769
P 104 83 2267821376
P 105 83 2267821119
P 106 83 2267755839
P 107 83 2267755839
P 108 83 2267755839
P 109 83 2267755839
P 110 83 2267755839
P 111 83 2267755838
P 112 83 2284729404
P 113 83 2284729404
P 114 83 2284729404
P 115 83 2284663868
P 116 83 2284663868
P 117 83 2284663867
P 118 83 2284664123
P 119 83 2301441083
P 120 83 2318414905
P 121 83 2318414905
P 122 83 2318414905
P 123 83 2318349368
P 124 83 2335126584
P 125 83 2335126584
P 126 83 2335126584
P 127 83 2335061047
P 128 83 2368877621
P 129 83 2368877621
P 130 83 2368812085
P 131 83 2385523765
P 132 83 2385589301
P 133 83 2385523765
P 134 83 2385523764
P 135 83 2402300980
P 136 83 2436052018
P 137 83 2436052018
P 138 83 2452763697
P 139 83 2452698161
P 140 83 2452698161
P 141 83 2469475377
P 142 83 2469475377
P 143 83 2469409840
P 144 83 2519938094
P 145 83 2536715310
P 146 83 2536715310
P 147 83 2536649774
P 148 83 2553361453
P 149 83 2570138669
P 150 83 2570073133
P 151 83 2570073133
P 152 83 2637378603
P 153 83 2654155819
P 154 83 2654090282
P 155 83 2670801962
P 156 83 2670801962
P 157 83 2687513642
P 158 83 2687513897
P 159 83 2704225577
P 160 83 2771530791
P 161 83 2788308006
P 162 83 2805019942
P 163 83 2804954406
P 164 83 2821666085
P 165 83 2821600549
P 166 83 2838377765
P 167 83 2855089444
P 40 84 2417769556
P 41 84 2417769556
P 42 84 2417769556
P 43 84 2417769300
P 44 84 2417769300
P 45 84 2417769300
P 46 84 2400992084
P 47 84 2400992084
P 48 84 2384280402
P 49 84 2384280402
P 50 84 2384280402
P 51 84 2384280402
P 52 84 2384280402
P 53 84 2384280402
P 54 84 2367502929
P 55 84 2367502929
P 56 84 2350856784
P 57 84 2350856784
P 58 84 2350791248
P 59 84 2350791248
P 60 84 2350791248
P 61 84 2334014031
P 62 84 2334014031
P 63 84 2334014031
P 64 84 2317367629
P 65 84 2317367629
P 66 84 2317367629
P 67 84 2317367629
P 68 84 2317367629
P 69 84 2317367629
P 70 84 2317367629
P 71 84 2300590157
P 72 84 2300721227
P 73 84 2300721227
P 74 84 2283944011
P 75 84 2283944011
P 76 84 2283944010
P 77 84 2283943754
P 78 84 2283943754
P 79 84 2283943754
P 80 84 2267362888
P 81 84 2267297352
P 82 84 2267297352
P 83 84 2267297352
P 84 84 2267297352
P 85 84 2267297352
P 86 84 2267297351
P 87 84 2267297351
P 88 84 2267493958
P 89 84 2267493701
P 90 84 2267493701
P 91 84 2267493957
P 92 84 2267428421
P 93 84 2267493957
P 94 84 2267428421
P 95 84 2250651204
P 96 84 2250847555
P 97 84 2250847555
P 98 84 2250847554
P 99 84 2250847554
P 100 84 2250847554
P 101 84 2250847554
P 102 84 2250847554
P 103 84 2267624769
P 104 84 2267821376
P 105 84 2267821119
P 106 84 2267755583
P 107 84 2267755839
P 108 84 2267755839
P 109 84 2267755839
P 110 84 2267755839
P 111 84 2267755838
P 112 84 2284729404
P 113 84 2284729404
P 114 84 2284729404
P 115 84 2284729404
P 116 84 2284663868
P 117 84 2284663867
P 118 84 2284663867
P 119 84 2301441083
P 120 84 2318414905
P 121 84 2318414905
P 122 84 2318414905
P 123 84 2318349368
P 124 84 2335126584
P 125 84 2335126584
P 126 84 2335126584
P 127 84 2335061047
P 128 84 2368877621
P 129 84 2368877621
P 130 84 2368812085
P 131 84 2385589301
P 132 84 2385589301
P 133 84 2385523765
P 134 84 2385523764
P 135 84 2402300980
P 136 84 2436052018
P 137 84 2436052018
P 138 84 2452763441
P 139 84 2452763697
P 140 84 2452698161
P 141 84 2469475377
P 142 84 2469475377
P 143 84 2469409840
P 144 84 2519938094
P 145 84 2536715310
P 146 84 2536715310
P 147 84 2536649774
P 148 84 2553361453
P 149 84 2570138669
P 150 84 2570073133
P 151 84 2570073133
P 152 84 2637378603
P 153 84 2654155819
P 154 84 2654090282
P 155 84 2670867498
P 156 84 2670801962
P 157 84 2687513642
P 158 84 2687513641
P 159 84 2704225577
P 160 84 2771530791
P 161 84 2788308006
P 162 84 2805019686
P 163 84 2804954406
P 164 84 2821666085
P 165 84 2821600549
P 166 84 2838377765
P 167 84 2855089445
P 40 85 2417769556
P 41 85 2417769556
P 42 85 2417769556
P 43 85 2417769300
P 44 85 2417769300
P 45 85 2417769300
P 46 85 2400992084
P 47 85 2400992084
P 48 85 2384280402
P 49 85 2384280402
P 50 85 2384280402
P 51 85 2384280402
P 52 85 2384280402
P 53 85 2384280402
P 54 85 2367502929
P 55 85 2367502929
P 56 85 2350856784
P 57 85 2350856784
P 58 85 2350791248
P 59 85 2350791248
P 60 85 2350791248
P 61 85 2334014031
P 62 85 2334014031
P 63 85 2334014031
P 64 85 2317367629
P 65 85 2317367629
P 66 85 2317367629
P 67 85 2317367629
P 68 85 2317367629
P 69 85 2317367629
P 70 85 2317367629
P 71 85 2300590157
P 72 85 2300721227
P 73 85 2300721227
P 74 85 2283944011
P 75 85 2283944011
P 76 85 2283944010
P 77 85 2283944010
P 78 85 2283943754
P 79 85 2283943754
P 80 85 2267362888
P 81 85 2267297352
P 82 85 2267297352
P 83 85 2267297352
P 84 85 2267297352
P 85 85 2267297352
P 86 85 2267297351
P 87 85 2267297351
P 88 85 2267493958
P 89 85 2267493701
P 90 85 2267493701
P 91 85 2267493701
P 92 85 2267493957
P 93 85 2267493957
P 94 85 2267428421
P 95 85 2250650948
P 96 85 2250847555
P 97 85 2250847555
P 98 85 2250847554
P 99 85 2250847554
P 100 85 2250847554
P 101 85 2250847554
P 102 85 2250847554
P 103 85 2267624769
P 104 85 2267821376
P 105 85 2267821119
P 106 85 2267755583
P 107 85 2267755583
P 108 85 2267755839
P 109 85 2267755839
P 110 85 2267755839
P 111 85 2267755582
P 112 85 2284729404
P 113 85 2284729404
P 114 85 2284729404
P 115 85 2284729404
P 116 85 2284663868
P 117 85 2284663867
P 118 85 2284663867
P 119 85 2301441083
P 120 85 2318414905
P 121 85 2318414905
P 122 85 2318414905
P 123 85 2318349368
P 124 85 2335126584
P 125 85 2335126584
P 126 85 2335126584
P 127 85 2335061047
P 128 85 2368877622
P 129 85 2368877621
P 130 85 2368812085
P 131 85 2385589045
P 132 85 2385589301
P 133 85 2385523765
P 134 85 2385523764
P 135 85 2402300980
P 136 85 2436052018
P 137 85 2436052018
P 138 85 2452763441
P 139 85 2452763441
P 140 85 2452763697
P 141 85 2469475377
P 142 85 2469475377
P 143 85 2469409840
P 144 85 2519938094
P 145 85 2536715310
P 146 85 2536715310
P 147 85 2536649518
P 148 85 2553426989
P 149 85 2570138669
P 150 85 2570073133
P 151 85 2570073133
P 152 85 2637378603
P 153 85 2654155819
P 154 85 2654090282
P 155 85 2670867498
P 156 85 2670801962
P 157 85 2687513642
P 158 85 2687513641
P 159 85 2704225321
P 160 85 2771530791
P 161 85 2788308006
P 162 85 2805019686
P 163 85 2804954150
P 164 85 2821731621
P 165 85 2821600550
P 166 85 2838377766
P 167 85 2855089445
P 40 86 2417769556
P 41 86 2417769556
P 42 86 2417769556
P 43 86 2417769556
P 44 86 2417769300
P 45 86 2417769300
P 46 86 2400992084
P 47 86 2400992084
P 48 86 2384280402
P 49 86 2384280402
P 50 86 2384280402
P 51 86 2384280402
P 52 86 2384280402
P 53 86 2384280402
P 54 86 2367503185
P 55 86 2367503185
P 56 86 2350856784
P 57 86 2350856784
P 58 86 2350791248
P 59 86 2350791248
P 60 86 2350791248
P 61 86 2334014031
P 62 86 2334014031
P 63 86 2334014031
P 64 86 2317367629
P 65 86 2317367629
P 66 86 2317367629
P 67 86 2317367629
P 68 86 2317367629
P 69 86 2317367629
P 70 86 2317367629
P 71 86 2300590157
P 72 86 2300721227
P 73 86 2300721227
P 74 86 2283944011
P 75 86 2283944011
P 76 86 2283944010
P 77 86 2283944010
P 78 86 2283943754
P 79 86 2283943754
P 80 86 2267297352
P 81 86 2267297352
P 82 86 2267297352
P 83 86 2267297352
P 84 86 2267297352
P 85 86 2267297352
P 86 86 2267297351
P 87 86 2267297351
P 88 86 2267493702
P 89 86 2267493701
P 90 86 2267493701
P 91 86 2267493701
P 92 86 2267493701
P 93 86 2267493957
P 94 86 2267428421
P 95 86 2250650948
P 96 86 2250847555
P 97 86 2250847555
P 98 86 2250847554
P 99 86 2250847554
P 100 86 2250847554
P 101 86 2250847554
P 102 86 2250847554
P 103 86 2267624769
P 104 86 2267821120
P 105 86 2267821119
P 106 86 2267755583
P 107 86 2267755583
P 108 86 2267755583
P 109 86 2267755839
P 110 86 2267755839
P 111 86 2267755582
P 112 86 2284729404
P 113 86 2284729404
P 114 86 2284729404
P 115 86 2284729404
P 116 86 2284663868
P 117 86 2284663867
P 118 86 2284663867
P 119 86 2301441083
P 120 86 2318414649
P 121 86 2318414905
P 122 86 2318414905
P 123 86 2318349368
P 124 86 2335126584
P 125 86 2335126584
P 126 86 2335126584
P 127 86 2335061047
P 128 86 2368877366
P 129 86 2368877621
P 130 86 2368812085
P 131 86 2385589045
P 132 86 2385589045
P 133 86 2385589301
P 134 86 2385523764
P 135 86 2402300980
P 136 86 2436051762
P 137 86 2436052018
P 138 86 2452763441
P 139 86 2452763441
P 140 86 2452763441
P 141 86 2469475377
P 142 86 2469475377
P 143 86 2469409840
P 144 86 2519937838
P 145 86 2536715310
P 146 86 2536715310
P 147 86 2536649518
P 148 86 2553426733
P 149 86 2570138669
P 150 86 2570073133
P 151 86 2570073133
P 152 86 2637378347
P 153 86 2654155819
P 154 86 2654090282
P 155 86 2670867498
P 156 86 2670801962
P 157 86 2687579178
P 158 86 2687513641
P 159 86 2704225321
P 160 86 2771530791
P 161 86 2788308006
P 162 86 2805019687
P 163 86 2804954151
P 164 86 2821731366
P 165 86 2821666086
P 166 86 2838377766
P 167 86 2855089445
P 40 87 2417769556
P 41 87 2417769556
P 42 87 2417769556
P 43 87 2417769556
P 44 87 2417769556
P 45 87 2417769300
P 46 87 2400992084
P 47 87 2400992084
P 48 87 2384280402
P 49 87 2384280402
P 50 87 2384280402
P 51 87 2384280402
P 52 87 2384280402
P 53 87 2384280402
P 54 87 2367503185
P 55 87 2367503185
P 56 87 2350856784
P 57 87 2350856784
P 58 87 2350791248
P 59 87 2350791248
P 60 87 2350791248
P 61 87 2334014031
P 62 87 2334014031
P 63 87 2334014031
P 64 87 2317367629
P 65 87 2317367629
P 66 87 2317367629
P 67 87 2317367629
P 68 87 2317367629
P 69 87 2317367629
P 70 87 2317367629
P 71 87 2300590156
P 72 87 2300721227
P 73 87 2300721227
P 74 87 2283944011
P 75 87 2283944011
P 76 87 2283944010
P 77 87 2283944010
P 78 87 2283943754
P 79 87 2283943754
P 80 87 2267297608
P 81 87 2267297352
P 82 87 2267297352
P 83 87 2267297352
P 84 87 2267297352
P 85 87 2267297352
P 86 87 2267297351
P 87 87 2267297351
P 88 87 2267493702
P 89 87 2267493701
P 90 87 2267493701
P 91 87 2267493701
P 92 87 2267493701
P 93 87 2267493701
P 94 87 2267493957
P 95 87 2250650948
P 96 87 2250847555
P 97 87 2250847555
P 98 87 2250847554
P 99 87 2250847554
P 100 87 2250847554
P 101 87 2250847554
P 102 87 2250847554
P 103 87 2267624769
P 104 87 2267821120
P 105 87 2267821119
P 106 87 2267755583
P 107 87 2267755583
P 108 87 2267755583
P 109 87 2267755583
P 110 87 2267755839
P 111 87 2267755582
P 112 87 2284729404
P 113 87 2284729404
P 114 87 2284729404
P 115 87 2284729404
P 116 87 2284663868
P 117 87 2284663867
P 118 87 2284663867
P 119 87 2301441083
P 120 87 2318414649
P 121 87 2318414649
P 122 87 2318414905
P 123 87 2318349368
P 124 87 2335126584
P 125 87 2335126584
P 126 87 2335126584
P 127 87 2335061047
P 128 87 2368877366
P 129 87 2368877365
P 130 87 2368812085
P 131 87 2385589045
P 132 87 2385589045
P 133 87 2385589045
P 134 87 2385523764
P 135 87 2402300980
P 136 87 2436051762
P 137 87 2436051762
P 138 87 2452763441
P 139 87 2452763441
P 140 87 2452763441
P 141 87 2469475121
P 142 87 2469475377
P 143 87 2469409841
P 144 87 2519937838
P 145 87 2536715054
P 146 87 2536715310
P 147 87 2536649518
P 148 87 2553426733
P 149 87 2570138413
P 150 87 2570138669
P 151 87 2570073133
P 152 87 2637378347
P 153 87 2654155563
P 154 87 2654090282
P 155 87 2670867498
P 156 87 2670801962
P 157 87 2687579178
P 158 87 2687579177
P 159 87 2704225321
P 160 87 2771530791
P 161 87 2788308007
P 162 87 2805019687
P 163 87 2804954151
P 164 87 2821731366
P 165 87 2821665830
P 166 87 2838443302
P 167 87 2855089445
P 40 88 2417769556
P 41 88 2417769556
P 42 88 2400992340
P 43 88 2400992340
P 44 88 2400992340
P 45 88 2400992339
P 46 88 2400992339
P 47 88 2400992339
P 48 88 2384280658
P 49 88 2384280658
P 50 88 2367503185
P 51 88 2367503185
P 52 88 2367503185
P 53 88 2367503185
P 54 88 2367503185
P 55 88 2367503185
P 56 88 2350791504
P 57 88 2334014287
P 58 88 2334014287
P 59 88 2334014287
P 60 88 2334014287
P 61 88 2334014287
P 62 88 2334014031
P 63 88 2334014031
P 64 88 2317367885
P 65 88 2317367885
P 66 88 2317367885
P 67 88 2317367885
P 68 88 2300590669
P 69 88 2300590669
P 70 88 2300590412
P 71 88 2300590412
P 72 88 2283944267
P 73 88 2283944266
P 74 88 2283944266
P 75 88 2283944266
P 76 88 2283944266
P 77 88 2283944266
P 78 88 2283944266
P 79 88 2283944009
P 80 88 2267297864
P 81 88 2267297864
P 82 88 2267297864
P 83 88 2267297863
P 84 88 2267297863
P 85 88 2267297863
P 86 88 2267297863
P 87 88 2267297607
P 88 88 2267494213
P 89 88 2267494213
P 90 88 2267494213
P 91 88 2267494213
P 92 88 2250716996
P 93 88 2250716996
P 94 88 2250716996
P 95 88 2250651460
P 96 88 2250913346
P 97 88 2250847810
P 98 88 2250848066
P 99 88 2250848066
P 100 88 2267625282
P 101 88 2267625282
P 102 88 2267625281
P 103 88 2267625281
P 104 88 2267821631
P 105 88 2267821631
P 106 88 2267821631
P 107 88 2267821630
P 108 88 2267756094
P 109 88 2267756350
P 110 88 2267756350
P 111 88 2267756094
P 112 88 2284729916
P 113 88 2284729916
P 114 88 2284729916
P 115 88 2301507131
P 116 88 2301441851
P 117 88 2301507131
P 118 88 2301441851
P 119 88 2301441851
P 120 88 2318415417
P 121 88 2335192633
P 122 88 2335192889
P 123 88 2335192888
P 124 88 2335127096
P 125 88 2335127096
P 126 88 2335127351
P 127 88 2351904567
P 128 88 2385655349
P 129 88 2385655605
P 130 88 2385590069
P 131 88 2385590068
P 132 88 2402367284
P 133 88 2402367284
P 134 88 2402301748
P 135 88 2402301747
P 136 88 2452830002
P 137 88 2452830001
P 138 88 2469607217
P 139 88 2469541681
P 140 88 2469541681
P 141 88 2486253360
P 142 88 2486253616
P 143 88 2486253616
P 144 88 2536781614
P 145 88 2553493294
P 146 88 2570270766
P 147 88 2570270765
P 148 88 2570205229
P 149 88 2586982445
P 150 88 2586916909
P 151 88 2586916909
P 152 88 2670934058
P 153 88 2670934314
P 154 88 2687645994
P 155 88 2687645993
P 156 88 2704357673
P 157 88 2704357673
P 158 88 2704357673
P 159 88 2721069353
P 160 88 2821863718
P 161 88 2821863718
P 162 88 2821798438
P 163 88 2838575654
P 164 88 2855287333
P 165 88 2871999013
P 166 88 2871999269
P 167 88 2871933733
P 40 89 2417769556
P 41 89 2417769556
P 42 89 2400992340
P 43 89 2400992340
P 44 89 2400992340
P 45 89 2400992339
P 46 89 2400992339
P 47 89 2400992339
P 48 89 2384280658
P 49 89 2384280658
P 50 89 2367503185
P 51 89 2367503185
P 52 89 2367503185
P 53 89 2367503185
P 54 89 2367503185
P 55 89 2367503185
P 56 89 2350791504
P 57 89 2334014287
P 58 89 2334014287
P 59 89 2334014287
P 60 89 2334014287
P 61 89 2334014287
P 62 89 2334014031
P 63 89 2334014031
P 64 89 2317367885
P 65 89 2317367885
P 66 89 2317367885
P 67 89 2317367885
P 68 89 2300590669
P 69 89 2300590669
P 70 89 2300590412
P 71 89 2300590412
P 72 89 2283944267
P 73 89 2283944266
P 74 89 2283944266
P 75 89 2283944266
P 76 89 2283944266
P 77 89 2283944266
P 78 89 2283944266
P 79 89 2283944265
P 80 89 2267297864
P 81 89 2267297864
P 82 89 2267297864
P 83 89 2267297863
P 84 89 2267297863
P 85 89 2267297863
P 86 89 2267297863
P 87 89 2267297607
P 88 89 2267494213
P 89 89 2267494213
P 90 89 2267494213
P 91 89 2267494213
P 92 89 2250716996
P 93 89 2250716996
P 94 89 2250716996
P 95 89 2250651460
P 96 89 2250913346
P 97 89 2250847810
P 98 89 2250847810
P 99 89 2250848066
P 100 89 2267625282
P 101 89 2267625282
P 102 89 2267625025
P 103 89 2267625281
P 104 89 2267821631
P 105 89 2267821631
P 106 89 2267821631
P 107 89 2267821630
P 108 89 2267756094
P 109 89 2267756094
P 110 89 2267756350
P 111 89 2267756094
P 112 89 2284729916
P 113 89 2284729916
P 114 89 2284729916
P 115 89 2301507131
P 116 89 2301441595
P 117 89 2301507131
P 118 89 2301441595
P 119 89 2301441851
P 120 89 2318480953
P 121 89 2335192633
P 122 89 2335192633
P 123 89 2335192888
P 124 89 2335127096
P 125 89 2335127096
P 126 89 2335127095
P 127 89 2351904567
P 128 89 2385655349
P 129 89 2385655349
P 130 89 2385590069
P 131 89 2385590068
P 132 89 2402367284
P 133 89 2402367284
P 134 89 2402301748
P 135 89 2402301747
P 136 89 2452830002
P 137 89 2452830001
P 138 89 2469607217
P 139 89 2469541681
P 140 89 2469541681
P 141 89 2486253360
P 142 89 2486253360
P 143 89 2486253616
P 144 89 2536781614
P 145 89 2553493294
P 146 89 2570270510
P 147 89 2570270765
P 148 89 2570205229
P 149 89 2586982445
P 150 89 2586916909
P 151 89 2586916909
P 152 89 2670999594
P 153 89 2670934058
P 154 89 2687645994
P 155 89 2687645994
P 156 89 2704357674
P 157 89 2704357673
P 158 89 2704357673
P 159 89 2721069353
P 160 89 2821929254
P 161 89 2821863718
P 162 89 2821798182
P 163 89 2838575654
P 164 89 2855287333
P 165 89 2871999013
P 166 89 2871999013
P 167 89 2871933733
P 40 90 2417769556
P 41 90 2417769556
P 42 90 2400992340
P 43 90 2400992340
P 44 90 2400992340
P 45 90 2400992339
P 46 90 2400992339
P 47 90 2400992339
P 48 90 2384280658
P 49 90 2384280658
P 50 90 2367503185
P 51 90 2367503185
P 52 90 2367503185
P 53 90 2367503185
P 54 90 2367503185
P 55 90 2367503185
P 56 90 2350791504
P 57 90 2334014287
P 58 90 2334014287
P 59 90 2334014287
P 60 90 2334014287
P 61 90 2334014287
P 62 90 2334014031
P 63 90 2334014031
P 64 90 2317367885
P 65 90 2317367885
P 66 90 2317367885
P 67 90 2317367885
P 68 90 2300590669
P 69 90 2300590669
P 70 90 2300590412
P 71 90 2300590412
P 72 90 2283944267
P 73 90 2283944266
P 74 90 2283944266
P 75 90 2283944266
P 76 90 2283944266
P 77 90 2283944266
P 78 90 2283944266
P 79 90 2283944265
P 80 90 2267297864
P 81 90 2267297864
P 82 90 2267297864
P 83 90 2267297863
P 84 90 2267297863
P 85 90 2267297863
P 86 90 2267297863
P 87 90 2267297607
P 88 90 2267494213
P 89 90 2267494213
P 90 90 2267493957
P 91 90 2267494213
P 92 90 2250716996
P 93 90 2250716996
P 94 90 2250716996
P 95 90 2250651460
P 96 90 2250913346
P 97 90 2250913346
P 98 90 2250847810
P 99 90 2250847810
P 100 90 2267625282
P 101 90 2267625282
P 102 90 2267625025
P 103 90 2267625025
P 104 90 2267821631
P 105 90 2267821631
P 106 90 2267821631
P 107 90 2267821630
P 108 90 2267756094
P 109 90 2267756094
P 110 90 2267756094
P 111 90 2267756094
P 112 90 2284729916
P 113 90 2284729916
P 114 90 2284729916
P 115 90 2301507131
P 116 90 2301441595
P 117 90 2301507131
P 118 90 2301441595
P 119 90 2301441595
P 120 90 2318480953
P 121 90 2335192633
P 122 90 2335192633
P 123 90 2335192632
P 124 90 2335127096
P 125 90 2335127096
P 126 90 2335127095
P 127 90 2351904311
P 128 90 2385655349
P 129 90 2385655349
P 130 90 2385589813
P 131 90 2385590068
P 132 90 2402367284
P 133 90 2402367284
P 134 90 2402301748
P 135 90 2402301748
P 136 90 2452830002
P 137 90 2452830001
P 138 90 2469607217
P 139 90 2469541681
P 140 90 2469541681
P 141 90 2486253360
P 142 90 2486253360
P 143 90 2486253360
P 144 90 2536781614
P 145 90 2553558830
P 146 90 2570270510
P 147 90 2570270509
P 148 90 2570205229
P 149 90 2586982445
P 150 90 2586916909
P 151 90 2586916909
P 152 90 2670999594
P 153 90 2670934059
P 154 90 2687645738
P 155 90 2687645994
P 156 90 2704357674
P 157 90 2704357673
P 158 90 2704357673
P 159 90 2721069353
P 160 90 2821929254
P 161 90 2821863718
P 162 90 2821798182
P 163 90 2838575398
P 164 90 2855287333
P 165 90 2871999013
P 166 90 2871999014
P 167 90 2871933477
P 40 91 2417769556
P 41 91 2417769556
P 42 91 2400992340
P 43 91 2400992340
P 44 91 2400992340
P 45 91 2400992339
P 46 91 2400992339
P 47 91 2400992339
P 48 91 2384280658
P 49 91 2384280658
P 50 91 2367503441
P 51 91 2367503185
P 52 91 2367503185
P 53 91 2367503185
P 54 91 2367503185
P 55 91 2367503185
P 56 91 2350791504
P 57 91 2334014287
P 58 91 2334014287
P 59 91 2334014287
P 60 91 2334014287
P 61 91 2334014287
P 62 91 2334014287
P 63 91 2334014031
P 64 91 2317367885
P 65 91 2317367885
P 66 91 2317367885
P 67 91 2317367885
P 68 91 2300590669
P 69 91 2300590669
P 70 91 2300590668
P 71 91 2300590412
P 72 91 2283944267
P 73 91 2283944266
P 74 91 2283944266
P 75 91 2283944266
P 76 91 2283944266
P 77 91 2283944266
P 78 91 2283944266
P 79 91 2283944265
P 80 91 2267297864
P 81 91 2267297864
P 82 91 2267297864
P 83 91 2267297863
P 84 91 2267297863
P 85 91 2267297863
P 86 91 2267297863
P 87 91 2267297607
P 88 91 2267494213
P 89 91 2267494213
P 90 91 2267494213
P 91 91 2267493957
P 92 91 2250716996
P 93 91 2250716996
P 94 91 2250716996
P 95 91 2250651460
P 96 91 2250913346
P 97 91 2250913346
P 98 91 2250847810
P 99 91 2250847810
P 100 91 2267625026
P 101 91 2267625282
P 102 91 2267625025
P 103 91 2267625025
P 104 91 2267821631
P 105 91 2267821631
P 106 91 2267821631
P 107 91 2267821630
P 108 91 2267756094
P 109 91 2267756094
P 110 91 2267756094
P 111 91 2267756094
P 112 91 2284729916
P 113 91 2284729916
P 114 91 2284729916
P 115 91 2301507131
P 116 91 2301441595
P 117 91 2301507131
P 118 91 2301441595
P 119 91 2301441595
P 120 91 2318480953
P 121 91 2335192633
P 122 91 2335192633
P 123 91 2335192632
P 124 91 2335127096
P 125 91 2335127096
P 126 91 2335127095
P 127 91 2351904311
P 128 91 2385655349
P 129 91 2385655349
P 130 91 2385655349
P 131 91 2385589812
P 132 91 2402367285
P 133 91 2402367285
P 134 91 2402301748
P 135 91 2402301492
P 136 91 2452830002
P 137 91 2452830001
P 138 91 2469607217
P 139 91 2469541681
P 140 91 2469541681
P 141 91 2486253360
P 142 91 2486253360
P 143 91 2486253360
P 144 91 2536781614
P 145 91 2553558830
P 146 91 2570270510
P 147 91 2570270509
P 148 91 2570204973
P 149 91 2586982445
P 150 91 2586916909
P 151 91 2586916909
P 152 91 2670999595
P 153 91 2670934059
P 154 91 2687711274
P 155 91 2687645738
P 156 91 2704357674
P 157 91 2704357417
P 158 91 2704357673
P 159 91 2721069353
P 160 91 2821929254
P 161 91 2821863718
P 162 91 2821863718
P 163 91 2838575398
P 164 91 2855287078
P 165 91 2871999014
P 166 91 2871999014
P 167 91 2871933477
P 40 92 2417769556
P 41 92 2417769556
P 42 92 2400992340
P 43 92 2400992340
P 44 92 2400992340
P 45 92 2400992339
P 46 92 2400992339
P 47 92 2400992339
P 48 92 2384280658
P 49 92 2384280658
P 50 92 2367503441
P 51 92 2367503441
P 52 92 2367503441
P 53 92 2367503185
P 54 92 2367503185
P 55 92 2367503185
P 56 92 2350791504
P 57 92 2334014287
P 58 92 2334014287
P 59 92 2334014287
P 60 92 2334014287
P 61 92 2334014287
P 62 92 2334014287
P 63 92 2334014287
P 64 92 2317367885
P 65 92 2317367885
P 66 92 2317367885
P 67 92 2317367885
P 68 92 2300590669
P 69 92 2300590669
P 70 92 2300590668
P 71 92 2300590668
P 72 92 2283944267
P 73 92 2283944266
P 74 92 2283944266
P 75 92 2283944266
P 76 92 2283944266
P 77 92 2283944266
P 78 92 2283944266
P 79 92 2283944265
P 80 92 2267297864
P 81 92 2267297864
P 82 92 2267297864
P 83 92 2267297863
P 84 92 2267297863
P 85 92 2267297863
P 86 92 2267297863
P 87 92 2267297607
P 88 92 2267494213
P 89 92 2267494213
P 90 92 2267494213
P 91 92 2267494213
P 92 92 2250716996
P 93 92 2250716996
P 94 92 2250716740
P 95 92 2250651460
P 96 92 2250913346
P 97 92 2250913346
P 98 92 2250847810
P 99 92 2250847810
P 100 92 2267625026
P 101 92 2267625026
P 102 92 2267625025
P 103 92 2267625025
P 104 92 2267821631
P 105 92 2267821631
P 106 92 2267821631
P 107 92 2267821630
P 108 92 2267756095
P 109 92 2267756094
P 110 92 2267756094
P 111 92 2267756094
P 112 92 2284729916
P 113 92 2284729916
P 114 92 2284729916
P 115 92 2301507131
P 116 92 2301441595
P 117 92 2301507131
P 118 92 2301441595
P 119 92 2301441595
P 120 92 2318480953
P 121 92 2335192633
P 122 92 2335192633
P 123 92 2335192632
P 124 92 2335127096
P 125 92 2335127096
P 126 92 2335127095
P 127 92 2351904311
P 128 92 2385655349
P 129 92 2385655349
P 130 92 2385655349
P 131 92 2385655349
P 132 92 2402367285
P 133 92 2402367285
P 134 92 2402301748
P 135 92 2402301492
P 136 92 2452830002
P 137 92 2452830001
P 138 92 2469606961
P 139 92 2469607217
P 140 92 2469541681
P 141 92 2486253360
P 142 92 2486253360
P 143 92 2486253360
P 144 92 2536781614
P 145 92 2553558830
P 146 92 2570270510
P 147 92 2570270509
P 148 92 2570204973
P 149 92 2586982189
P 150 92 2586916909
P 151 92 2586916909
P 152 92 2670999595
P 153 92 2670934059
P 154 92 2687711274
P 155 92 2687645738
P 156 92 2704357674
P 157 92 2704357417
P 158 92 2704357417
P 159 92 2721069353
P 160 92 2821929254
P 161 92 2821863718
P 162 92 2821863719
P 163 92 2838575398
P 164 92 2855287078
P 165 92 2871998758
P 166 92 2871999014
P 167 92 2871933477
P 40 93 2417769556
P 41 93 2417769556
P 42 93 2400992340
P 43 93 2400992340
P 44 93 2400992340
P 45 93 2400992339
P 46 93 2400992339
P 47 93 2400992339
P 48 93 2384280658
P 49 93 2384280658
P 50 93 2367503441
P 51 93 2367503441
P 52 93 2367503441
P 53 93 2367503441
P 54 93 2367503185
P 55 93 2367503185
P 56 93 2350791504
P 57 93 2334014287
P 58 93 2334014287
P 59 93 2334014287
P 60 93 2334014287
P 61 93 2334014287
P 62 93 2334014287
P 63 93 2334014287
P 64 93 2317367885
P 65 93 2317367885
P 66 93 2317367885
P 67 93 2317367885
P 68 93 2300590669
P 69 93 2300590669
P 70 93 2300590668
P 71 93 2300590668
P 72 93 2283944267
P 73 93 2283944266
P 74 93 2283944266
P 75 93 2283944266
P 76 93 2283944266
P 77 93 2283944266
P 78 93 2283944266
P 79 93 2283944265
P 80 93 2267297864
P 81 93 2267297864
P 82 93 2267297864
P 83 93 2267297863
P 84 93 2267297863
P 85 93 2267297863
P 86 93 2267297863
P 87 93 2267297607
P 88 93 2267494213
P 89 93 2267494213
P 90 93 2267494213
P 91 93 2267494213
P 92 93 2250716996
P 93 93 2250716996
P 94 93 2250716740
P 95 93 2250651204
P 96 93 2250913346
P 97 93 2250913346
P 98 93 2250847810
P 99 93 2250847810
P 100 93 2267625026
P 101 93 2267625026
P 102 93 2267625025
P 103 93 2267625025
P 104 93 2267821631
P 105 93 2267821631
P 106 93 2267821631
P 107 93 2267821631
P 108 93 2267821631
P 109 93 2267756094
P 110 93 2267756094
P 111 93 2267756094
P 112 93 2284729916
P 113 93 2284729916
P 114 93 2284729916
P 115 93 2301507131
P 116 93 2301507131
P 117 93 2301507131
P 118 93 2301441595
P 119 93 2301441595
P 120 93 2318480953
P 121 93 2335192633
P 122 93 2335192633
P 123 93 2335192632
P 124 93 2335192632
P 125 93 2335127096
P 126 93 2335127095
P 127 93 2351904311
P 128 93 2385655350
P 129 93 2385655349
P 130 93 2385655349
P 131 93 2385655349
P 132 93 2402367029
P 133 93 2402367285
P 134 93 2402301748
P 135 93 2402301492
P 136 93 2452829746
P 137 93 2452830001
P 138 93 2469606961
P 139 93 2469606961
P 140 93 2469541681
P 141 93 2486253360
P 142 93 2486253360
P 143 93 2486253360
P 144 93 2536781614
P 145 93 2553558830
P 146 93 2570270510
P 147 93 2570270509
P 148 93 2570270509
P 149 93 2586982189
P 150 93 2586916653
P 151 93 2586916909
P 152 93 2670999339
P 153 93 2670934059
P 154 93 2687711274
P 155 93 2687645738
P 156 93 2704422954
P 157 93 2704357417
P 158 93 2704357417
P 159 93 2721069097
P 160 93 2821929255
P 161 93 2821863719
P 162 93 2821863719
P 163 93 2838575398
P 164 93 2855352614
P 165 93 2871998758
P 166 93 2871998758
P 167 93 2871933477
P 40 94 2417769556
P 41 94 2417769556
P 42 94 2400992340
P 43 94 2400992340
P 44 94 2400992340
P 45 94 2400992339
P 46 94 2400992339
P 47 94 2400992339
P 48 94 2384280658
P 49 94 2384280658
P 50 94 2367503441
P 51 94 2367503441
P 52 94 2367503441
P 53 94 2367503441
P 54 94 2367503441
P 55 94 2367503441
P 56 94 2350791504
P 57 94 2334014287
P 58 94 2334014287
P 59 94 2334014287
P 60 94 2334014287
P 61 94 2334014287
P 62 94 2334014287
P 63 94 2334014287
P 64 94 2317367885
P 65 94 2317367885
P 66 94 2317367885
P 67 94 2317367885
P 68 94 2300590669
P 69 94 2300590669
P 70 94 2300590668
P 71 94 2300590668
P 72 94 2283944267
P 73 94 2283944266
P 74 94 2283944266
P 75 94 2283944266
P 76 94 2283944266
P 77 94 2283944266
P 78 94 2283944266
P 79 94 2283944265
P 80 94 2267297864
P 81 94 2267297864
P 82 94 2267297864
P 83 94 2267297863
P 84 94 2267297863
P 85 94 2267297863
P 86 94 2267297863
P 87 94 2267297863
P 88 94 2267494213
P 89 94 2267494213
P 90 94 2267494213
P 91 94 2267494213
P 92 94 2250716996
P 93 94 2250716996
P 94 94 2250716740
P 95 94 2250651204
P 96 94 2250913346
P 97 94 2250913346
P 98 94 2250847810
P 99 94 2250847810
P 100 94 2267625026
P 101 94 2267625026
P 102 94 2267625025
P 103 94 2267625025
P 104 94 2267821631
P 105 94 2267821631
P 106 94 2267821631
P 107 94 2267821631
P 108 94 2267821631
P 109 94 2267756094
P 110 94 2267756094
P 111 94 2267756094
P 112 94 2284729916
P 113 94 2284729916
P 114 94 2284729916
P 115 94 2301507131
P 116 94 2301507131
P 117 94 2301507131
P 118 94 2301441595
P 119 94 2301441595
P 120 94 2318480697
P 121 94 2335192633
P 122 94 2335192633
P 123 94 2335192632
P 124 94 2335192632
P 125 94 2335127096
P 126 94 2335127095
P 127 94 2351904311
P 128 94 2385655350
P 129 94 2385655349
P 130 94 2385655349
P 131 94 2385655349
P 132 94 2402367029
P 133 94 2402367029
P 134 94 2402301748
P 135 94 2402301492
P 136 94 2452829746
P 137 94 2452829745
P 138 94 2469606961
P 139 94 2469606961
P 140 94 2469541425
P 141 94 2486318896
P 142 94 2486253360
P 143 94 2486253360
P 144 94 2536781358
P 145 94 2553558830
P 146 94 2570270510
P 147 94 2570270509
P 148 94 2570270509
P 149 94 2586982189
P 150 94 2586916653
P 151 94 2586916909
P 152 94 2670999339
P 153 94 2670933803
P 154 94 2687711274
P 155 94 2687645738
P 156 94 2704422954
P 157 94 2704357417
P 158 94 2704357417
P 159 94 2721069097
P 160 94 2821928999
P 161 94 2821863719
P 162 94 2821863719
P 163 94 2838575398
P 164 94 2855352614
P 165 94 2872064294
P 166 94 2871998758
P 167 94 2871933477
P 40 95 2417769556
P 41 95 2417769556
P 42 95 2400992340
P 43 95 2400992340
P 44 95 2400992340
P 45 95 2400992339
P 46 95 2400992339
P 47 95 2400992339
P 48 95 2384280658
P 49 95 2384280658
P 50 95 2367503441
P 51 95 2367503441
P 52 95 2367503441
P 53 95 2367503441
P 54 95 2367503441
P 55 95 2367503441
P 56 95 2350791504
P 57 95 2334014287
P 58 95 2334014287
P 59 95 2334014287
P 60 95 2334014287
P 61 95 2334014287
P 62 95 2334014287
P 63 95 2334014287
P 64 95 2317367885
P 65 95 2317367885
P 66 95 2317367885
P 67 95 2317367885
P 68 95 2300590669
P 69 95 2300590669
P 70 95 2300590668
P 71 95 2300590668
P 72 95 2283944267
P 73 95 2283944266
P 74 95 2283944266
P 75 95 2283944266
P 76 95 2283944266
P 77 95 2283944266
P 78 95 2283944266
P 79 95 2283944265
P 80 95 2267297864
P 81 95 2267297864
P 82 95 2267297864
P 83 95 2267297863
P 84 95 2267297863
P 85 95 2267297863
P 86 95 2267297863
P 87 95 2267297863
P 88 95 2267494213
P 89 95 2267494213
P 90 95 2267494213
P 91 95 2267494213
P 92 95 2250716996
P 93 95 2250716996
P 94 95 2250716740
P 95 95 2250651204
P 96 95 2250913346
P 97 95 2250913346
P 98 95 2250847810
P 99 95 2250847810
P 100 95 2267625026
P 101 95 2267625026
P 102 95 2267625025
P 103 95 2267625025
P 104 95 2267821631
P 105 95 2267821631
P 106 95 2267821631
P 107 95 2267821631
P 108 95 2267821631
P 109 95 2267756094
P 110 95 2267756094
P 111 95 2267756094
P 112 95 2284729916
P 113 95 2284729916
P 114 95 2284729660
P 115 95 2301507131
P 116 95 2301507131
P 117 95 2301507131
P 118 95 2301507131
P 119 95 2301441595
P 120 95 2318480697
P 121 95 2335192377
P 122 95 2335192633
P 123 95 2335192632
P 124 95 2335192632
P 125 95 2335127096
P 126 95 2335127095
P 127 95 2351904311
P 128 95 2385655350
P 129 95 2385655349
P 130 95 2385655349
P 131 95 2385655349
P 132 95 2402367029
P 133 95 2402367029
P 134 95 2402367028
P 135 95 2402301492
P 136 95 2452829746
P 137 95 2452829745
P 138 95 2469606961
P 139 95 2469606961
P 140 95 2469541425
P 141 95 2486318641
P 142 95 2486253361
P 143 95 2486253361
P 144 95 2536781358
P 145 95 2553558574
P 146 95 2570270510
P 147 95 2570270509
P 148 95 2570270509
P 149 95 2586982189
P 150 95 2586982189
P 151 95 2586916653
P 152 95 2670999339
P 153 95 2670933803
P 154 95 2687711018
P 155 95 2687645738
P 156 95 2704422954
P 157 95 2704357417
P 158 95 2704357417
P 159 95 2721069097
P 160 95 2821928999
P 161 95 2821863463
P 162 95 2821863719
P 163 95 2838575398
P 164 95 2855352614
P 165 95 2872064294
P 166 95 2871998758
P 167 95 2871933221
P 40 96 2400992596
P 41 96 2400992596
P 42 96 2400992595
P 43 96 2400992595
P 44 96 2400992595
P 45 96 2400992595
P 46 96 2400992595
P 47 96 2400992595
P 48 96 2367503697
P 49 96 2367503697
P 50 96 2367503697
P 51 96 2367503441
P 52 96 2367503441
P 53 96 2367503441
P 54 96 2367503441
P 55 96 2350726224
P 56 96 2334014543
P 57 96 2334014543
P 58 96 2334014543
P 59 96 2334014543
P 60 96 2334014543
P 61 96 2334014542
P 62 96 2334014542
P 63 96 2334014542
P 64 96 2317368141
P 65 96 2300590925
P 66 96 2300590925
P 67 96 2300590924
P 68 96 2300590924
P 69 96 2300590924
P 70 96 2300590924
P 71 96 2300590923
P 72 96 2283944522
P 73 96 2283944522
P 74 96 2283944522
P 75 96 2283944522
P 76 96 2283944521
P 77 96 2283944521
P 78 96 2283944521
P 79 96 2283944521
P 80 96 2267298119
P 81 96 2267298119
P 82 96 2267298119
P 83 96 2267298119
P 84 96 2267298119
P 85 96 2267298119
P 86 96 2267298119
P 87 96 2267298119
P 88 96 2267494469
P 89 96 2250717252
P 90 96 2250717253
P 91 96 2250717252
P 92 96 2250717252
P 93 96 2250717252
P 94 96 2250717252
P 95 96 2250717252
P 96 96 2250913602
P 97 96 2267691074
P 98 96 2267691074
P 99 96 2267690817
P 100 96 2267625537
P 101 96 2267625537
P 102 96 2267625537
P 103 96 2267625537
P 104 96 2267821887
P 105 96 2267821887
P 106 96 2267822142
P 107 96 2267822142
P 108 96 2267822142
P 109 96 2284599358
P 110 96 2284599358
P 111 96 2284533821
P 112 96 2301573180
P 113 96 2301573180
P 114 96 2301507643
P 115 96 2301507643
P 116 96 2301507643
P 117 96 2301507643
P 118 96 2301507642
P 119 96 2301442106
P 120 96 2335258681
P 121 96 2335258680
P 122 96 2335193144
P 123 96 2335193144
P 124 96 2351970616
P 125 96 2351970615
P 126 96 2351970615
P 127 96 2351905079
P 128 96 2385721653
P 129 96 2402433333
P 130 96 2402433332
P 131 96 2402433332
P 132 96 2402433332
P 133 96 2419145011
P 134 96 2419145267
P 135 96 2419145267
P 136 96 2469673521
P 137 96 2469607985
P 138 96 2486450737
P 139 96 2486385201
P 140 96 2503162416
P 141 96 2503097136
P 142 96 2503097136
P 143 96 2503096880
P 144 96 2570402606
P 145 96 2570337070
P 146 96 2587114286
P 147 96 2587114285
P 148 96 2603825965
P 149 96 2603826221
P 150 96 2603760685
P 151 96 2620537900
P 152 96 2687777834
P 153 96 2704555050
P 154 96 2704489514
P 155 96 2704489514
P 156 96 2721201449
P 157 96 2737978665
P 158 96 2737978921
P 159 96 2754690600
P 160 96 2838707494
P 161 96 2855484966
P 162 96 2872196646
P 163 96 2872196645
P 164 96 2872131365
P 165 96 2888843045
P 166 96 2905620261
P 167 96 2922331941
P 40 97 2400992596
P 41 97 2400992596
P 42 97 2400992595
P 43 97 2400992595
P 44 97 2400992595
P 45 97 2400992595
P 46 97 2400992595
P 47 97 2400992595
P 48 97 2367503697
P 49 97 2367503697
P 50 97 2367503697
P 51 97 2367503697
P 52 97 2367503441
P 53 97 2367503441
P 54 97 2367503441
P 55 97 2350726224
P 56 97 2334014543
P 57 97 2334014543
P 58 97 2334014543
P 59 97 2334014543
P 60 97 2334014543
P 61 97 2334014542
P 62 97 2334014542
P 63 97 2334014542
P 64 97 2317368141
P 65 97 2300590925
P 66 97 2300590925
P 67 97 2300590924
P 68 97 2300590924
P 69 97 2300590924
P 70 97 2300590924
P 71 97 2300590923
P 72 97 2283944522
P 73 97 2283944522
P 74 97 2283944522
P 75 97 2283944522
P 76 97 2283944521
P 77 97 2283944521
P 78 97 2283944521
P 79 97 2283944521
P 80 97 2267298119
P 81 97 2267298119
P 82 97 2267298119
P 83 97 2267298119
P 84 97 2267298119
P 85 97 2267298119
P 86 97 2267298119
P 87 97 2267298119
P 88 97 2267494469
P 89 97 2250717252
P 90 97 2250717253
P 91 97 2250717252
P 92 97 2250717252
P 93 97 2250717252
P 94 97 2250717252
P 95 97 2250717252
P 96 97 2250913602
P 97 97 2267690818
P 98 97 2267691074
P 99 97 2267690817
P 100 97 2267625281
P 101 97 2267625537
P 102 97 2267625537
P 103 97 2267625537
P 104 97 2267821887
P 105 97 2267821887
P 106 97 2267821886
P 107 97 2267822142
P 108 97 2267822142
P 109 97 2284599358
P 110 97 2284599358
P 111 97 2284533821
P 112 97 2301572924
P 113 97 2301573180
P 114 97 2301507643
P 115 97 2301507643
P 116 97 2301507643
P 117 97 2301507643
P 118 97 2301507642
P 119 97 2301442106
P 120 97 2335258681
P 121 97 2335258680
P 122 97 2335193144
P 123 97 2335193144
P 124 97 2351970360
P 125 97 2351970615
P 126 97 2351970615
P 127 97 2351905079
P 128 97 2385721653
P 129 97 2402433333
P 130 97 2402433332
P 131 97 2402433332
P 132 97 2402433332
P 133 97 2419145011
P 134 97 2419145011
P 135 97 2419145267
P 136 97 2469673521
P 137 97 2469607985
P 138 97 2486450737
P 139 97 2486385201
P 140 97 2503162416
P 141 97 2503096880
P 142 97 2503097136
P 143 97 2503096880
P 144 97 2570402350
P 145 97 2570337070
P 146 97 2587114286
P 147 97 2587114285
P 148 97 2603825965
P 149 97 2603825965
P 150 97 2603760685
P 151 97 2620537900
P 152 97 2687843370
P 153 97 2704555050
P 154 97 2704489514
P 155 97 2704489514
P 156 97 2721201193
P 157 97 2737978665
P 158 97 2737978665
P 159 97 2754690600
P 160 97 2838773030
P 161 97 2855484710
P 162 97 2872196646
P 163 97 2872196646
P 164 97 2872131110
P 165 97 2888843046
P 166 97 2905620261
P 167 97 2922331941
P 40 98 2400992596
P 41 98 2400992596
P 42 98 2400992595
P 43 98 2400992595
P 44 98 2400992595
P 45 98 2400992595
P 46 98 2400992595
P 47 98 2400992595
P 48 98 2367503697
P 49 98 2367503697
P 50 98 2367503697
P 51 98 2367503697
P 52 98 2367503697
P 53 98 2367503697
P 54 98 2367503441
P 55 98 2350726224
P 56 98 2334014543
P 57 98 2334014543
P 58 98 2334014543
P 59 98 2334014543
P 60 98 2334014543
P 61 98 2334014542
P 62 98 2334014542
P 63 98 2334014542
P 64 98 2317368141
P 65 98 2300590925
P 66 98 2300590925
P 67 98 2300590924
P 68 98 2300590924
P 69 98 2300590924
P 70 98 2300590924
P 71 98 2300590923
P 72 98 2283944522
P 73 98 2283944522
P 74 98 2283944522
P 75 98 2283944522
P 76 98 2283944521
P 77 98 2283944521
P 78 98 2283944521
P 79 98 2283944521
P 80 98 2267298375
P 81 98 2267298375
P 82 98 2267298119
P 83 98 2267298119
P 84 98 2267298119
P 85 98 2267298119
P 86 98 2267298119
P 87 98 2267298119
P 88 98 2267494725
P 89 98 2250717508
P 90 98 2250717253
P 91 98 2250717252
P 92 98 2250717252
P 93 98 2250717252
P 94 98 2250717252
P 95 98 2250717252
P 96 98 2250913858
P 97 98 2267691074
P 98 98 2267690818
P 99 98 2267690817
P 100 98 2267625281
P 101 98 2267625537
P 102 98 2267625537
P 103 98 2267625537
P 104 98 2267821887
P 105 98 2267821887
P 106 98 2267821886
P 107 98 2267821886
P 108 98 2267822142
P 109 98 2284599358
P 110 98 2284599358
P 111 98 2284533821
P 112 98 2301572924
P 113 98 2301573180
P 114 98 2301507643
P 115 98 2301507643
P 116 98 2301507643
P 117 98 2301507643
P 118 98 2301507642
P 119 98 2301442106
P 120 98 2335258681
P 121 98 2335258680
P 122 98 2335193144
P 123 98 2335193144
P 124 98 2351970360
P 125 98 2351970615
P 126 98 2351970615
P 127 98 2351905079
P 128 98 2385721653
P 129 98 2402498869
P 130 98 2402433332
P 131 98 2402433332
P 132 98 2402433332
P 133 98 2419145011
P 134 98 2419145012
P 135 98 2419145012
P 136 98 2469673521
P 137 98 2469673521
P 138 98 2486450737
P 139 98 2486385201
P 140 98 2503162416
P 141 98 2503096880
P 142 98 2503096880
P 143 98 2503096880
P 144 98 2570402350
P 145 98 2570402606
P 146 98 2587114286
P 147 98 2587114285
P 148 98 2603825965
P 149 98 2603825965
P 150 98 2603760429
P 151 98 2620537900
P 152 98 2687843370
P 153 98 2704555050
P 154 98 2704489514
P 155 98 2704489514
P 156 98 2721201193
P 157 98 2737978665
P 158 98 2737978665
P 159 98 2754690344
P 160 98 2838773030
P 161 98 2855484711
P 162 98 2872196390
P 163 98 2872196646
P 164 98 2872131110
P 165 98 2888843046
P 166 98 2905620261
P 167 98 2922331941
P 40 99 2400992596
P 41 99 2400992596
P 42 99 2400992595
P 43 99 2400992595
P 44 99 2400992595
P 45 99 2400992595
P 46 99 2400992595
P 47 99 2400992595
P 48 99 2367503697
P 49 99 2367503697
P 50 99 2367503697
P 51 99 2367503697
P 52 99 2367503697
P 53 99 2367503697
P 54 99 2367503697
P 55 99 2350726224
P 56 99 2334014543
P 57 99 2334014543
P 58 99 2334014543
P 59 99 2334014543
P 60 99 2334014543
P 61 99 2334014542
P 62 99 2334014542
P 63 99 2334014542
P 64 99 2317368141
P 65 99 2300590925
P 66 99 2300590925
P 67 99 2300590924
P 68 99 2300590924
P 69 99 2300590924
P 70 99 2300590924
P 71 99 2300590923
P 72 99 2283944522
P 73 99 2283944522
P 74 99 2283944522
P 75 99 2283944522
P 76 99 2283944521
P 77 99 2283944521
P 78 99 2283944521
P 79 99 2283944521
P 80 99 2267298375
P 81 99 2267298375
P 82 99 2267298375
P 83 99 2267298119
P 84 99 2267298119
P 85 99 2267298119
P 86 99 2267298119
P 87 99 2267298119
P 88 99 2267494725
P 89 99 2250717508
P 90 99 2250717509
P 91 99 2250717252
P 92 99 2250717252
P 93 99 2250717252
P 94 99 2250717252
P 95 99 2250717252
P 96 99 2250913858
P 97 99 2267691074
P 98 99 2267691074
P 99 99 2267690817
P 100 99 2267625281
P 101 99 2267625281
P 102 99 2267625537
P 103 99 2267625537
P 104 99 2267821887
P 105 99 2267821887
P 106 99 2267821886
P 107 99 2267821886
P 108 99 2267821886
P 109 99 2284599358
P 110 99 2284599358
P 111 99 2284533565
P 112 99 2301572924
P 113 99 2301572924
P 114 99 2301573179
P 115 99 2301507643
P 116 99 2301507643
P 117 99 2301507643
P 118 99 2301507642
P 119 99 2301442106
P 120 99 2335258681
P 121 99 2335258680
P 122 99 2335258680
P 123 99 2335193144
P 124 99 2351970360
P 125 99 2351970359
P 126 99 2351970615
P 127 99 2351905079
P 128 99 2385721397
P 129 99 2402498869
P 130 99 2402433332
P 131 99 2402433332
P 132 99 2402433332
P 133 99 2419145012
P 134 99 2419145012
P 135 99 2419145012
P 136 99 2469673265
P 137 99 2469673521
P 138 99 2486450737
P 139 99 2486385201
P 140 99 2503162160
P 141 99 2503096880
P 142 99 2503096880
P 143 99 2503096880
P 144 99 2570402350
P 145 99 2570402350
P 146 99 2587114286
P 147 99 2587114285
P 148 99 2603825965
P 149 99 2603825965
P 150 99 2603760429
P 151 99 2620537644
P 152 99 2687843370
P 153 99 2704555050
P 154 99 2704555050
P 155 99 2704489514
P 156 99 2721201193
P 157 99 2737978409
P 158 99 2737978665
P 159 99 2754690344
P 160 99 2838773031
P 161 99 2855484711
P 162 99 2872261926
P 163 99 2872196390
P 164 99 2872131110
P 165 99 2888842790
P 166 99 2905620261
P 167 99 2922331941
P 40 100 2400992596
P 41 100 2400992596
P 42 100 2400992595
P 43 100 2400992595
P 44 100 2400992595
P 45 100 2400992595
P 46 100 2400992595
P 47 100 2400992595
P 48 100 2367503697
P 49 100 2367503697
P 50 100 2367503697
P 51 100 2367503697
P 52 100 2367503697
P 53 100 2367503697
P 54 100 2367503697
P 55 100 2350726224
P 56 100 2334014543
P 57 100 2334014543
P 58 100 2334014543
P 59 100 2334014543
P 60 100 2334014543
P 61 100 2334014542
P 62 100 2334014542
P 63 100 2334014542
P 64 100 2317368397
P 65 100 2300590925
P 66 100 2300590925
P 67 100 2300590924
P 68 100 2300590924
P 69 100 2300590924
P 70 100 2300590924
P 71 100 2300590923
P 72 100 2283944778
P 73 100 2283944522
P 74 100 2283944522
P 75 100 2283944522
P 76 100 2283944521
P 77 100 2283944521
P 78 100 2283944521
P 79 100 2283944521
P 80 100 2267298375
P 81 100 2267298375
P 82 100 2267298375
P 83 100 2267298375
P 84 100 2267298375
P 85 100 2267298119
P 86 100 2267298119
P 87 100 2267298119
P 88 100 2267494725
P 89 100 2250717508
P 90 100 2250717509
P 91 100 2250717508
P 92 100 2250651972
P 93 100 2250717252
P 94 100 2250717252
P 95 100 2250717252
P 96 100 2250913858
P 97 100 2267691074
P 98 100 2267691074
P 99 100 2267690817
P 100 100 2267625281
P 101 100 2267625281
P 102 100 2267625281
P 103 100 2267625537
P 104 100 2267821887
P 105 100 2267821887
P 106 100 2267821886
P 107 100 2267821886
P 108 100 2267821886
P 109 100 2284599102
P 110 100 2284599358
P 111 100 2284533566
P 112 100 2301572924
P 113 100 2301572924
P 114 100 2301572923
P 115 100 2301507643
P 116 100 2301507643
P 117 100 2301507643
P 118 100 2301507642
P 119 100 2301442106
P 120 100 2335258681
P 121 100 2335258680
P 122 100 2335258680
P 123 100 2335193144
P 124 100 2351970360
P 125 100 2351970359
P 126 100 2351970359
P 127 100 2351905079
P 128 100 2385721397
P 129 100 2402498613
P 130 100 2402433333
P 131 100 2402433333
P 132 100 2402433332
P 133 100 2419145012
P 134 100 2419145012
P 135 100 2419145012
P 136 100 2469673265
P 137 100 2469673265
P 138 100 2486450737
P 139 100 2486450737
P 140 100 2503162160
P 141 100 2503096624
P 142 100 2503096880
P 143 100 2503096880
P 144 100 2570402350
P 145 100 2570402350
P 146 100 2587114030
P 147 100 2587114285
P 148 100 2603825965
P 149 100 2603825965
P 150 100 2603760429
P 151 100 2620537644
P 152 100 2687843370
P 153 100 2704555050
P 154 100 2704555050
P 155 100 2704489514
P 156 100 2721201193
P 157 100 2737978409
P 158 100 2737978409
P 159 100 2754690344
P 160 100 2838773031
P 161 100 2855484711
P 162 100 2872261926
P 163 100 2872196390
P 164 100 2872131110
P 165 100 2888842790
P 166 100 2905620005
P 167 100 2922331941
P 40 101 2400992596
P 41 101 2400992596
P 42 101 2400992595
P 43 101 2400992595
P 44 101 2400992595
P 45 101 2400992595
P 46 101 2400992595
P 47 101 2400992595
P 48 101 2367503697
P 49 101 2367503697
P 50 101 2367503697
P 51 101 2367503697
P 52 101 2367503697
P 53 101 2367503697
P 54 101 2367503697
P 55 101 2350726224
P 56 101 2334014543
P 57 101 2334014543
P 58 101 2334014543
P 59 101 2334014543
P 60 101 2334014543
P 61 101 2334014542
P 62 101 2334014542
P 63 101 2334014542
P 64 101 2317368397
P 65 101 2300590925
P 66 101 2300590925
P 67 101 2300590924
P 68 101 2300590924
P 69 101 2300590924
P 70 101 2300590924
P 71 101 2300590923
P 72 101 2283944778
P 73 101 2283944778
P 74 101 2283944522
P 75 101 2283944522
P 76 101 2283944521
P 77 101 2283944521
P 78 101 2283944521
P 79 101 2283944521
P 80 101 2267298375
P 81 101 2267298375
P 82 101 2267298375
P 83 101 2267298375
P 84 101 2267298375
P 85 101 2267298375
P 86 101 2267298119
P 87 101 2267298119
P 88 101 2267494725
P 89 101 2250717508
P 90 101 2250717509
P 91 101 2250717508
P 92 101 2250651972
P 93 101 2250717252
P 94 101 2250717252
P 95 101 2250651716
P 96 101 2250913858
P 97 101 2267691074
P 98 101 2267691074
P 99 101 2267690817
P 100 101 2267625281
P 101 101 2267625281
P 102 101 2267625281
P 103 101 2267625281
P 104 101 2267821887
P 105 101 2267821887
P 106 101 2267821886
P 107 101 2267821886
P 108 101 2267821886
P 109 101 2284599102
P 110 101 2284599102
P 111 101 2284533566
P 112 101 2301572924
P 113 101 2301572924
P 114 101 2301572923
P 115 101 2301507387
P 116 101 2301507643
P 117 101 2301507643
P 118 101 2301507386
P 119 101 2301442106
P 120 101 2335258425
P 121 101 2335258680
P 122 101 2335258680
P 123 101 2335193144
P 124 101 2351970360
P 125 101 2351970359
P 126 101 2351970359
P 127 101 2351904823
P 128 101 2385721397
P 129 101 2402498613
P 130 101 2402433077
P 131 101 2402433333
P 132 101 2402433076
P 133 101 2419145012
P 134 101 2419145012
P 135 101 2419145012
P 136 101 2469673265
P 137 101 2469673265
P 138 101 2486450481
P 139 101 2486450737
P 140 101 2503162160
P 141 101 2503096624
P 142 101 2503096624
P 143 101 2503096880
P 144 101 2570402350
P 145 101 2570402350
P 146 101 2587114030
P 147 101 2587114029
P 148 101 2603891501
P 149 101 2603825965
P 150 101 2603760429
P 151 101 2620537644
P 152 101 2687843114
P 153 101 2704555050
P 154 101 2704555050
P 155 101 2704489514
P 156 101 2721266729
P 157 101 2737978409
P 158 101 2737978409
P 159 101 2754690088
P 160 101 2838773031
P 161 101 2855484711
P 162 101 2872261926
P 163 101 2872196390
P 164 101 2872196390
P 165 101 2888842790
P 166 101 2905620005
P 167 101 2922331685
P 40 102 2400992596
P 41 102 2400992596
P 42 102 2400992595
P 43 102 2400992595
P 44 102 2400992595
P 45 102 2400992595
P 46 102 2400992595
P 47 102 2400992595
P 48 102 2367503697
P 49 102 2367503697
P 50 102 2367503697
P 51 102 2367503697
P 52 102 2367503697
P 53 102 2367503697
P 54 102 2367503697
P 55 102 2350726224
P 56 102 2334014543
P 57 102 2334014543
P 58 102 2334014543
P 59 102 2334014543
P 60 102 2334014543
P 61 102 2334014542
P 62 102 2334014542
P 63 102 2334014542
P 64 102 2317368397
P 65 102 2300590925
P 66 102 2300590925
P 67 102 2300590924
P 68 102 2300590924
P 69 102 2300590924
P 70 102 2300590924
P 71 102 2300590923
P 72 102 2283944778
P 73 102 2283944778
P 74 102 2283944778
P 75 102 2283944778
P 76 102 2283944521
P 77 102 2283944521
P 78 102 2283944521
P 79 102 2283944521
P 80 102 2267298375
P 81 102 2267298375
P 82 102 2267298375
P 83 102 2267298375
P 84 102 2267298375
P 85 102 2267298375
P 86 102 2267298119
P 87 102 2267298119
P 88 102 2267494725
P 89 102 2250717508
P 90 102 2250717509
P 91 102 2250651972
P 92 102 2250651972
P 93 102 2250717252
P 94 102 2250651716
P 95 102 2250651716
P 96 102 2250848322
P 97 102 2267691074
P 98 102 2267691074
P 99 102 2267625281
P 100 102 2267625281
P 101 102 2267625281
P 102 102 2267625281
P 103 102 2267625281
P 104 102 2267821887
P 105 102 2267821887
P 106 102 2267821887
P 107 102 2267821886
P 108 102 2267821886
P 109 102 2284599102
P 110 102 2284599102
P 111 102 2284533566
P 112 102 2301572924
P 113 102 2301572924
P 114 102 2301572923
P 115 102 2301507387
P 116 102 2301507387
P 117 102 2301507643
P 118 102 2301507386
P 119 102 2301442106
P 120 102 2335258425
P 121 102 2335258424
P 122 102 2335258680
P 123 102 2335193144
P 124 102 2351970360
P 125 102 2351970359
P 126 102 2351970359
P 127 102 2351904823
P 128 102 2385721397
P 129 102 2402498613
P 130 102 2402433077
P 131 102 2402433333
P 132 102 2402433076
P 133 102 2419210292
P 134 102 2419145012
P 135 102 2419145012
P 136 102 2469673265
P 137 102 2469673265
P 138 102 2486450481
P 139 102 2486450737
P 140 102 2503162160
P 141 102 2503162161
P 142 102 2503096625
P 143 102 2503096880
P 144 102 2570402350
P 145 102 2570402350
P 146 102 2587114030
P 147 102 2587114029
P 148 102 2603891245
P 149 102 2603825965
P 150 102 2603760429
P 151 102 2620537644
P 152 102 2687843114
P 153 102 2704554794
P 154 102 2704555050
P 155 102 2704489514
P 156 102 2721266729
P 157 102 2737978409
P 158 102 2737978409
P 159 102 2754690088
P 160 102 2838772775
P 161 102 2855484711
P 162 102 2872261926
P 163 102 2872196390
P 164 102 2872196390
P 165 102 2888908070
P 166 102 2905620005
P 167 102 2922331685
P 40 103 2400992596
P 41 103 2400992596
P 42 103 2400992595
P 43 103 2400992595
P 44 103 2400992595
P 45 103 2400992595
P 46 103 2400992595
P 47 103 2400992595
P 48 103 2367503697
P 49 103 2367503697
P 50 103 2367503697
P 51 103 2367503697
P 52 103 2367503697
P 53 103 2367503697
P 54 103 2367503697
P 55 103 2350726224
P 56 103 2334014543
P 57 103 2334014543
P 58 103 2334014543
P 59 103 2334014543
P 60 103 2334014543
P 61 103 2334014542
P 62 103 2334014542
P 63 103 2334014542
P 64 103 2317368397
P 65 103 2300590925
P 66 103 2300590925
P 67 103 2300590924
P 68 103 2300590924
P 69 103 2300590924
P 70 103 2300590924
P 71 103 2300590923
P 72 103 2283944778
P 73 103 2283944778
P 74 103 2283944778
P 75 103 2283944778
P 76 103 2283944521
P 77 103 2283944521
P 78 103 2283944521
P 79 103 2283878985
P 80 103 2267298375
P 81 103 2267298375
P 82 103 2267298375
P 83 103 2267298375
P 84 103 2267298375
P 85 103 2267298375
P 86 103 2267298119
P 87 103 2267298119
P 88 103 2267494725
P 89 103 2250717508
P 90 103 2250717509
P 91 103 2250651972
P 92 103 2250651972
P 93 103 2250717252
P 94 103 2250651716
P 95 103 2250651716
P 96 103 2250848322
P 97 103 2267691074
P 98 103 2267691074
P 99 103 2267625281
P 100 103 2267625281
P 101 103 2267625281
P 102 103 2267625281
P 103 103 2267625281
P 104 103 2267821887
P 105 103 2267821887
P 106 103 2267821887
P 107 103 2267821886
P 108 103 2267821886
P 109 103 2284599102
P 110 103 2284599102
P 111 103 2284533566
P 112 103 2301572924
P 113 103 2301572924
P 114 103 2301572923
P 115 103 2301507387
P 116 103 2301507387
P 117 103 2301507387
P 118 103 2301507386
P 119 103 2301441850
P 120 103 2335258425
P 121 103 2335258424
P 122 103 2335258424
P 123 103 2335193144
P 124 103 2351970360
P 125 103 2351970359
P 126 103 2351970359
P 127 103 2351904823
P 128 103 2385721397
P 129 103 2402498613
P 130 103 2402433077
P 131 103 2402433077
P 132 103 2402433076
P 133 103 2419210292
P 134 103 2419144756
P 135 103 2419145012
P 136 103 2469673265
P 137 103 2469673265
P 138 103 2486450481
P 139 103 2486450481
P 140 103 2503162161
P 141 103 2503162161
P 142 103 2503096625
P 143 103 2503096624
P 144 103 2570402350
P 145 103 2570402350
P 146 103 2587114030
P 147 103 2587114029
P 148 103 2603891245
P 149 103 2603825709
P 150 103 2603825965
P 151 103 2620537644
P 152 103 2687843114
P 153 103 2704554794
P 154 103 2704554794
P 155 103 2704489514
P 156 103 2721266729
P 157 103 2737978409
P 158 103 2737978409
P 159 103 2754690088
P 160 103 2838772775
P 161 103 2855484455
P 162 103 2872261926
P 163 103 2872196390
P 164 103 2872196390
P 165 103 2888908070
P 166 103 2905619749
P 167 103 2922331685
P 40 104 2400992851
P 41 104 2400992851
P 42 104 2400992851
P 43 104 2400992851
P 44 104 2384215634
P 45 104 2384215634
P 46 104 2384215634
P 47 104 2384215634
P 48 104 2367503953
P 49 104 2367503953
P 50 104 2367503953
P 51 104 2367503953
P 52 104 2350726736
P 53 104 2350726736
P 54 104 2350726736
P 55 104 2350726480
P 56 104 2334014799
P 57 104 2334014799
P 58 104 2334014798
P 59 104 2334014798
P 60 104 2334014798
P 61 104 2317237582
P 62 104 2317237582
P 63 104 2317237582
P 64 104 2300591436
P 65 104 2300591436
P 66 104 2300591436
P 67 104 2300591436
P 68 104 2300591179
P 69 104 2300591179
P 70 104 2300591179
P 71 104 2300591179
P 72 104 2283945034
P 73 104 2283945033
P 74 104 2283945033
P 75 104 2283945033
P 76 104 2283945033
P 77 104 2283945033
P 78 104 2283945033
P 79 104 2267167560
P 80 104 2267298631
P 81 104 2267298631
P 82 104 2267298631
P 83 104 2267298631
P 84 104 2267298630
P 85 104 2267298630
P 86 104 2267298630
P 87 104 2267298630
P 88 104 2250717764
P 89 104 2250717764
P 90 104 2250717764
P 91 104 2250717764
P 92 104 2250717764
P 93 104 2250652227
P 94 104 2250652227
P 95 104 2250652227
P 96 104 2267691329
P 97 104 2267691329
P 98 104 2267625793
P 99 104 2267691329
P 100 104 2267691329
P 101 104 2267625792
P 102 104 2267625792
P 103 104 2267625792
P 104 104 2267887678
P 105 104 2267887934
P 106 104 2284599614
P 107 104 2284665150
P 108 104 2284599614
P 109 104 2284599613
P 110 104 2284599613
P 111 104 2284599613
P 112 104 2301573435
P 113 104 2301573435
P 114 104 2301573435
P 115 104 2301573435
P 116 104 2301573691
P 117 104 2318285370
P 118 104 2318285370
P 119 104 2318285370
P 120 104 2335259192
P 121 104 2352036408
P 122 104 2352036408
P 123 104 2352036408
P 124 104 2352036407
P 125 104 2368748343
P 126 104 2368748343
P 127 104 2368748343
P 128 104 2402499381
P 129 104 2402499380
P 130 104 2419276596
P 131 104 2419276596
P 132 104 2419211060
P 133 104 2435988531
P 134 104 2435988531
P 135 104 2435988531
P 136 104 2486516785
P 137 104 2503228465
P 138 104 2503228721
P 139 104 2503228721
P 140 104 2503228720
P 141 104 2519940400
P 142 104 2519940400
P 143 104 2519874864
P 144 104 2587180590
P 145 104 2603957805
P 146 104 2603957805
P 147 104 2603892269
P 148 104 2620669485
P 149 104 2620669740
P 150 104 2637381420
P 151 104 2637315884
P 152 104 2721398826
P 153 104 2721398826
P 154 104 2738110506
P 155 104 2738110505
P 156 104 2754822185
P 157 104 2771599657
P 158 104 2771534121
P 159 104 2771534120
P 160 104 2872328743
P 161 104 2872328743
P 162 104 2889040422
P 163 104 2905752102
P 164 104 2922529574
P 165 104 2922464037
P 166 104 2939241509
P 167 104 2939175973
P 40 105 2400992851
P 41 105 2400992851
P 42 105 2400992851
P 43 105 2400992851
P 44 105 2384215634
P 45 105 2384215634
P 46 105 2384215634
P 47 105 2384215634
P 48 105 2367503953
P 49 105 2367503953
P 50 105 2367503953
P 51 105 2367503953
P 52 105 2350726736
P 53 105 2350726736
P 54 105 2350726736
P 55 105 2350726736
P 56 105 2334014799
P 57 105 2334014799
P 58 105 2334014798
P 59 105 2334014798
P 60 105 2334014798
P 61 105 2317237582
P 62 105 2317237582
P 63 105 2317237582
P 64 105 2300591436
P 65 105 2300591436
P 66 105 2300591436
P 67 105 2300591436
P 68 105 2300591179
P 69 105 2300591179
P 70 105 2300591179
P 71 105 2300591179
P 72 105 2283945034
P 73 105 2283945033
P 74 105 2283945033
P 75 105 2283945033
P 76 105 2283945033
P 77 105 2283945033
P 78 105 2283879497
P 79 105 2267167816
P 80 105 2267298631
P 81 105 2267298631
P 82 105 2267298631
P 83 105 2267298631
P 84 105 2267298630
P 85 105 2267298630
P 86 105 2267298630
P 87 105 2267298630
P 88 105 2250717764
P 89 105 2250717764
P 90 105 2250717764
P 91 105 2250717764
P 92 105 2250717764
P 93 105 2250652227
P 94 105 2250652227
P 95 105 2250652227
P 96 105 2267691329
P 97 105 2267625793
P 98 105 2267625793
P 99 105 2267691329
P 100 105 2267691329
P 101 105 2267625792
P 102 105 2267625792
P 103 105 2267625792
P 104 105 2267887678
P 105 105 2267887678
P 106 105 2284599614
P 107 105 2284665150
P 108 105 2284599614
P 109 105 2284599613
P 110 105 2284599613
P 111 105 2284599613
P 112 105 2301638971
P 113 105 2301573435
P 114 105 2301573435
P 115 105 2301573435
P 116 105 2301573435
P 117 105 2318285370
P 118 105 2318285114
P 119 105 2318285370
P 120 105 2335324728
P 121 105 2352036408
P 122 105 2352036408
P 123 105 2352036408
P 124 105 2352036407
P 125 105 2368748087
P 126 105 2368748343
P 127 105 2368748343
P 128 105 2402499381
P 129 105 2402499380
P 130 105 2419276596
P 131 105 2419276596
P 132 105 2419211060
P 133 105 2435988275
P 134 105 2435988532
P 135 105 2435988532
P 136 105 2486516785
P 137 105 2503228465
P 138 105 2503228465
P 139 105 2503228721
P 140 105 2503228720
P 141 105 2519940400
P 142 105 2519940400
P 143 105 2519874864
P 144 105 2587245870
P 145 105 2603957805
P 146 105 2603957805
P 147 105 2603892269
P 148 105 2620669485
P 149 105 2620669484
P 150 105 2637381420
P 151 105 2637315884
P 152 105 2721464106
P 153 105 2721398826
P 154 105 2738110506
P 155 105 2738110505
P 156 105 2754822185
P 157 105 2771599401
P 158 105 2771534121
P 159 105 2771534120
P 160 105 2872394279
P 161 105 2872328743
P 162 105 2889040422
P 163 105 2905752102
P 164 105 2922529318
P 165 105 2922464037
P 166 105 2939241253
P 167 105 2939175973
P 40 106 2400992851
P 41 106 2400992851
P 42 106 2400992851
P 43 106 2400992851
P 44 106 2384215634
P 45 106 2384215634
P 46 106 2384215634
P 47 106 2384215634
P 48 106 2367503953
P 49 106 2367503953
P 50 106 2367503953
P 51 106 2367503953
P 52 106 2350726736
P 53 106 2350726736
P 54 106 2350726736
P 55 106 2350726736
P 56 106 2334014799
P 57 106 2334014799
P 58 106 2334014798
P 59 106 2334014798
P 60 106 2334014798
P 61 106 2317237582
P 62 106 2317237582
P 63 106 2317237582
P 64 106 2300591436
P 65 106 2300591436
P 66 106 2300591436
P 67 106 2300591436
P 68 106 2300591179
P 69 106 2300591179
P 70 106 2300591179
P 71 106 2300591179
P 72 106 2283945034
P 73 106 2283945033
P 74 106 2283945033
P 75 106 2283945033
P 76 106 2283945033
P 77 106 2283945033
P 78 106 2283879497
P 79 106 2267167816
P 80 106 2267298631
P 81 106 2267298631
P 82 106 2267298631
P 83 106 2267298631
P 84 106 2267298630
P 85 106 2267298630
P 86 106 2267298630
P 87 106 2267298630
P 88 106 2250718020
P 89 106 2250718020
P 90 106 2250717764
P 91 106 2250717764
P 92 106 2250652228
P 93 106 2250652227
P 94 106 2250652227
P 95 106 2250652227
P 96 106 2267691585
P 97 106 2267626049
P 98 106 2267625793
P 99 106 2267691329
P 100 106 2267625793
P 101 106 2267625792
P 102 106 2267625792
P 103 106 2267625792
P 104 106 2267887934
P 105 106 2267887934
P 106 106 2284599358
P 107 106 2284665150
P 108 106 2284599614
P 109 106 2284599613
P 110 106 2284599613
P 111 106 2284599613
P 112 106 2301638971
P 113 106 2301573435
P 114 106 2301573435
P 115 106 2301573435
P 116 106 2301573435
P 117 106 2318285370
P 118 106 2318285114
P 119 106 2318285114
P 120 106 2335324728
P 121 106 2352036408
P 122 106 2352036152
P 123 106 2352036408
P 124 106 2352036407
P 125 106 2368748087
P 126 106 2368748087
P 127 106 2368748343
P 128 106 2402499381
P 129 106 2402564916
P 130 106 2419276596
P 131 106 2419276596
P 132 106 2419211060
P 133 106 2435988276
P 134 106 2435988276
P 135 106 2435988532
P 136 106 2486516785
P 137 106 2503294001
P 138 106 2503228465
P 139 106 2503228465
P 140 106 2503228720
P 141 106 2519940400
P 142 106 2519940400
P 143 106 2519874864
P 144 106 2587245870
P 145 106 2604023341
P 146 106 2603957805
P 147 106 2603892269
P 148 106 2620669485
P 149 106 2620669484
P 150 106 2637381164
P 151 106 2637315884
P 152 106 2721464106
P 153 106 2721398826
P 154 106 2738110506
P 155 106 2738110505
P 156 106 2754822185
P 157 106 2771599401
P 158 106 2771533865
P 159 106 2771534120
P 160 106 2872394279
P 161 106 2872328743
P 162 106 2889040422
P 163 106 2905752102
P 164 106 2922529318
P 165 106 2922464037
P 166 106 2939241253
P 167 106 2939175717
P 40 107 2400992851
P 41 107 2400992851
P 42 107 2400992851
P 43 107 2400992851
P 44 107 2384215634
P 45 107 2384215634
P 46 107 2384215634
P 47 107 2384215634
P 48 107 2367503953
P 49 107 2367503953
P 50 107 2367503953
P 51 107 2367503953
P 52 107 2350726736
P 53 107 2350726736
P 54 107 2350726736
P 55 107 2350726736
P 56 107 2334014799
P 57 107 2334014799
P 58 107 2334014798
P 59 107 2334014798
P 60 107 2334014798
P 61 107 2317237582
P 62 107 2317237582
P 63 107 2317237582
P 64 107 2300591436
P 65 107 2300591436
P 66 107 2300591436
P 67 107 2300591436
P 68 107 2300591179
P 69 107 2300591179
P 70 107 2300591179
P 71 107 2300591179
P 72 107 2283945034
P 73 107 2283945033
P 74 107 2283945033
P 75 107 2283945033
P 76 107 2283945033
P 77 107 2283879497
P 78 107 2283879497
P 79 107 2267167816
P 80 107 2267298631
P 81 107 2267298631
P 82 107 2267298631
P 83 107 2267298631
P 84 107 2267298630
P 85 107 2267298630
P 86 107 2267298630
P 87 107 2267298630
P 88 107 2250652484
P 89 107 2250718020
P 90 107 2250718020
P 91 107 2250652228
P 92 107 2250652228
P 93 107 2250652227
P 94 107 2250652227
P 95 107 2250652227
P 96 107 2267626049
P 97 107 2267626049
P 98 107 2267626049
P 99 107 2267625793
P 100 107 2267625793
P 101 107 2267625792
P 102 107 2267625792
P 103 107 2267625792
P 104 107 2267887934
P 105 107 2267887934
P 106 107 2284599614
P 107 107 2284664894
P 108 107 2284599614
P 109 107 2284599613
P 110 107 2284599613
P 111 107 2284599613
P 112 107 2301638715
P 113 107 2301573435
P 114 107 2301573435
P 115 107 2301573435
P 116 107 2301573435
P 117 107 2318285114
P 118 107 2318285114
P 119 107 2318285114
P 120 107 2335324472
P 121 107 2352036408
P 122 107 2352101688
P 123 107 2352036152
P 124 107 2352036407
P 125 107 2368748087
P 126 107 2368748087
P 127 107 2368748087
P 128 107 2402499381
P 129 107 2402564661
P 130 107 2419276597
P 131 107 2419276597
P 132 107 2419211060
P 133 107 2435988276
P 134 107 2435988276
P 135 107 2435988276
P 136 107 2486516785
P 137 107 2503294001
P 138 107 2503228465
P 139 107 2503228465
P 140 107 2503228464
P 141 107 2519940400
P 142 107 2519940400
P 143 107 2519874864
P 144 107 2587245870
P 145 107 2604023085
P 146 107 2603957805
P 147 107 2603892269
P 148 107 2620669485
P 149 107 2620669484
P 150 107 2637381164
P 151 107 2637315628
P 152 107 2721464106
P 153 107 2721398570
P 154 107 2738176042
P 155 107 2738110505
P 156 107 2754822185
P 157 107 2771599401
P 158 107 2771533865
P 159 107 2771533864
P 160 107 2872394023
P 161 107 2872328743
P 162 107 2889105958
P 163 107 2905752102
P 164 107 2922529318
P 165 107 2922463781
P 166 107 2939241253
P 167 107 2939175717
P 40 108 2400992851
P 41 108 2400992851
P 42 108 2400992851
P 43 108 2400992851
P 44 108 2384215634
P 45 108 2384215634
P 46 108 2384215634
P 47 108 2384215634
P 48 108 2367503953
P 49 108 2367503953
P 50 108 2367503953
P 51 108 2367503953
P 52 108 2350726736
P 53 108 2350726736
P 54 108 2350726736
P 55 108 2350726736
P 56 108 2334014799
P 57 108 2334014799
P 58 108 2334014798
P 59 108 2334014798
P 60 108 2334014798
P 61 108 2317237582
P 62 108 2317237582
P 63 108 2317237582
P 64 108 2300591436
P 65 108 2300591436
P 66 108 2300591436
P 67 108 2300591436
P 68 108 2300591435
P 69 108 2300591179
P 70 108 2300591179
P 71 108 2300591179
P 72 108 2283945034
P 73 108 2283945033
P 74 108 2283945033
P 75 108 2283945033
P 76 108 2283879497
P 77 108 2283879497
P 78 108 2283879497
P 79 108 2267167816
P 80 108 2267298631
P 81 108 2267298631
P 82 108 2267298631
P 83 108 2267298631
P 84 108 2267298630
P 85 108 2267298630
P 86 108 2267298630
P 87 108 2267298630
P 88 108 2250652484
P 89 108 2250718020
P 90 108 2250718020
P 91 108 2250652484
P 92 108 2250652484
P 93 108 2250652227
P 94 108 2250652227
P 95 108 2250652227
P 96 108 2267626049
P 97 108 2267626049
P 98 108 2267626049
P 99 108 2267626049
P 100 108 2267626049
P 101 108 2267625792
P 102 108 2267625792
P 103 108 2267625792
P 104 108 2267887934
P 105 108 2267822398
P 106 108 2284599614
P 107 108 2284665150
P 108 108 2284599614
P 109 108 2284599613
P 110 108 2284599613
P 111 108 2284599613
P 112 108 2301638715
P 113 108 2301573179
P 114 108 2301573435
P 115 108 2301573435
P 116 108 2301573435
P 117 108 2318285114
P 118 108 2318285114
P 119 108 2318285114
P 120 108 2335324472
P 121 108 2352036152
P 122 108 2352101688
P 123 108 2352036152
P 124 108 2352036407
P 125 108 2368748087
P 126 108 2368748087
P 127 108 2368748087
P 128 108 2402499381
P 129 108 2402564661
P 130 108 2419276341
P 131 108 2419276597
P 132 108 2419211060
P 133 108 2435988276
P 134 108 2435988276
P 135 108 2435988276
P 136 108 2486516785
P 137 108 2503294001
P 138 108 2503228465
P 139 108 2503228465
P 140 108 2503228464
P 141 108 2519940144
P 142 108 2519940400
P 143 108 2519874864
P 144 108 2587245870
P 145 108 2604023085
P 146 108 2603957549
P 147 108 2603957805
P 148 108 2620669485
P 149 108 2620669484
P 150 108 2637381164
P 151 108 2637315628
P 152 108 2721464106
P 153 108 2721398570
P 154 108 2738175786
P 155 108 2738110505
P 156 108 2754822185
P 157 108 2771599401
P 158 108 2771533865
P 159 108 2771533864
P 160 108 2872394023
P 161 108 2872328487
P 162 108 2889105958
P 163 108 2905817638
P 164 108 2922529318
P 165 108 2922463781
P 166 108 2939240997
P 167 108 2939175717
P 40 109 2400992851
P 41 109 2400992851
P 42 109 2400992851
P 43 109 2400992851
P 44 109 2384215634
P 45 109 2384215634
P 46 109 2384215634
P 47 109 2384215634
P 48 109 2367503953
P 49 109 2367503953
P 50 109 2367503953
P 51 109 2367503953
P 52 109 2350726736
P 53 109 2350726736
P 54 109 2350726736
P 55 109 2350726736
P 56 109 2334014799
P 57 109 2334014799
P 58 109 2334014798
P 59 109 2334014798
P 60 109 2334014798
P 61 109 2317237582
P 62 109 2317237582
P 63 109 2317237582
P 64 109 2300591436
P 65 109 2300591436
P 66 109 2300591436
P 67 109 2300591436
P 68 109 2300591435
P 69 109 2300591435
P 70 109 2300591179
P 71 109 2300591179
P 72 109 2283945034
P 73 109 2283945033
P 74 109 2283945033
P 75 109 2283945033
P 76 109 2283879497
P 77 109 2283879497
P 78 109 2283879497
P 79 109 2267167816
P 80 109 2267298631
P 81 109 2267298631
P 82 109 2267298631
P 83 109 2267298631
P 84 109 2267298630
P 85 109 2267298630
P 86 109 2267298630
P 87 109 2267298630
P 88 109 2250652484
P 89 109 2250718020
P 90 109 2250652484
P 91 109 2250652484
P 92 109 2250652484
P 93 109 2250652227
P 94 109 2250652227
P 95 109 2250652227
P 96 109 2267626049
P 97 109 2267626049
P 98 109 2267626049
P 99 109 2267626049
P 100 109 2267626049
P 101 109 2267626048
P 102 109 2267625792
P 103 109 2267625792
P 104 109 2267887934
P 105 109 2267822398
P 106 109 2284599614
P 107 109 2284665150
P 108 109 2284599614
P 109 109 2284599613
P 110 109 2284599613
P 111 109 2284599357
P 112 109 2301638715
P 113 109 2301573179
P 114 109 2301573179
P 115 109 2301573435
P 116 109 2301573435
P 117 109 2318285114
P 118 109 2318285114
P 119 109 2318285114
P 120 109 2335324472
P 121 109 2352036152
P 122 109 2352101688
P 123 109 2352036152
P 124 109 2352036151
P 125 109 2368748087
P 126 109 2368748087
P 127 109 2368748087
P 128 109 2402499125
P 129 109 2402564661
P 130 109 2419276341
P 131 109 2419276341
P 132 109 2419276596
P 133 109 2435988276
P 134 109 2435988276
P 135 109 2435988276
P 136 109 2486516529
P 137 109 2503294001
P 138 109 2503228465
P 139 109 2503228465
P 140 109 2503228464
P 141 109 2519940144
P 142 109 2519940144
P 143 109 2519874864
P 144 109 2587245870
P 145 109 2604023085
P 146 109 2603957549
P 147 109 2603957549
P 148 109 2620669485
P 149 109 2620669484
P 150 109 2637381164
P 151 109 2637315628
P 152 109 2721463850
P 153 109 2721398570
P 154 109 2738175786
P 155 109 2738110249
P 156 109 2754887721
P 157 109 2771599401
P 158 109 2771533865
P 159 109 2771533864
P 160 109 2872393767
P 161 109 2872328487
P 162 109 2889105702
P 163 109 2905817638
P 164 109 2922594854
P 165 109 2922463781
P 166 109 2939240997
P 167 109 2939175461
P 40 110 2400992851
P 41 110 2400992851
P 42 110 2400992851
P 43 110 2400992851
P 44 110 2384215634
P 45 110 2384215634
P 46 110 2384215634
P 47 110 2384215634
P 48 110 2367503953
P 49 110 2367503953
P 50 110 2367503953
P 51 110 2367503953
P 52 110 2350726736
P 53 110 2350726736
P 54 110 2350726736
P 55 110 2350726736
P 56 110 2334014799
P 57 110 2334014799
P 58 110 2334014798
P 59 110 2334014798
P 60 110 2334014798
P 61 110 2317237582
P 62 110 2317237582
P 63 110 2317237582
P 64 110 2300591436
P 65 110 2300591436
P 66 110 2300591436
P 67 110 2300591436
P 68 110 2300591435
P 69 110 2300591435
P 70 110 2300591435
P 71 110 2300591435
P 72 110 2283945034
P 73 110 2283945033
P 74 110 2283945033
P 75 110 2283879497
P 76 110 2283879497
P 77 110 2283879497
P 78 110 2283879497
P 79 110 2267167816
P 80 110 2267298631
P 81 110 2267298631
P 82 110 2267298631
P 83 110 2267298631
P 84 110 2267298630
P 85 110 2267298630
P 86 110 2267298630
P 87 110 2267298630
P 88 110 2250652484
P 89 110 2250718020
P 90 110 2250652484
P 91 110 2250652484
P 92 110 2250652484
P 93 110 2250652227
P 94 110 2250652227
P 95 110 2250652227
P 96 110 2267626049
P 97 110 2267626049
P 98 110 2267626049
P 99 110 2267626049
P 100 110 2267626049
P 101 110 2267626048
P 102 110 2267626048
P 103 110 2267626048
P 104 110 2267822398
P 105 110 2267822398
P 106 110 2284599614
P 107 110 2284599614
P 108 110 2284599614
P 109 110 2284599613
P 110 110 2284599614
P 111 110 2284599357
P 112 110 2301638715
P 113 110 2301573179
P 114 110 2301573179
P 115 110 2301573435
P 116 110 2301573435
P 117 110 2318350650
P 118 110 2318285114
P 119 110 2318285114
P 120 110 2335324472
P 121 110 2352036152
P 122 110 2352101688
P 123 110 2352036152
P 124 110 2352036151
P 125 110 2368813367
P 126 110 2368748087
P 127 110 2368748087
P 128 110 2402499125
P 129 110 2402564661
P 130 110 2419276341
P 131 110 2419276341
P 132 110 2419276340
P 133 110 2436053812
P 134 110 2435988276
P 135 110 2435988276
P 136 110 2486516529
P 137 110 2503293745
P 138 110 2503228465
P 139 110 2503228465
P 140 110 2503228465
P 141 110 2520005680
P 142 110 2519940144
P 143 110 2519874864
P 144 110 2587245870
P 145 110 2604023085
P 146 110 2603957549
P 147 110 2603957549
P 148 110 2620669229
P 149 110 2620669484
P 150 110 2637381164
P 151 110 2637315628
P 152 110 2721463850
P 153 110 2721398314
P 154 110 2738175786
P 155 110 2738110249
P 156 110 2754887465
P 157 110 2771599401
P 158 110 2771533865
P 159 110 2771533864
P 160 110 2872393767
P 161 110 2872328231
P 162 110 2889105702
P 163 110 2905817638
P 164 110 2922594854
P 165 110 2922529317
P 166 110 2939240997
P 167 110 2939175461
P 40 111 2400992851
P 41 111 2400992851
P 42 111 2400992851
P 43 111 2400992851
P 44 111 2384215634
P 45 111 2384215634
P 46 111 2384215634
P 47 111 2384215634
P 48 111 2367503953
P 49 111 2367503953
P 50 111 2367503953
P 51 111 2367503953
P 52 111 2350726736
P 53 111 2350726736
P 54 111 2350726736
P 55 111 2350726736
P 56 111 2334015055
P 57 111 2334014799
P 58 111 2334014798
P 59 111 2334014798
P 60 111 2334014798
P 61 111 2317237582
P 62 111 2317237582
P 63 111 2317237582
P 64 111 2300591436
P 65 111 2300591436
P 66 111 2300591436
P 67 111 2300591436
P 68 111 2300591435
P 69 111 2300591435
P 70 111 2300591435
P 71 111 2300591435
P 72 111 2283945034
P 73 111 2283945033
P 74 111 2283945033
P 75 111 2283879497
P 76 111 2283879497
P 77 111 2283879497
P 78 111 2283879497
P 79 111 2267102280
P 80 111 2267298887
P 81 111 2267298631
P 82 111 2267298631
P 83 111 2267298631
P 84 111 2267298630
P 85 111 2267298630
P 86 111 2267298630
P 87 111 2267233094
P 88 111 2250652484
P 89 111 2250652484
P 90 111 2250652484
P 91 111 2250652484
P 92 111 2250652484
P 93 111 2250652227
P 94 111 2250652227
P 95 111 2250652227
P 96 111 2267626049
P 97 111 2267626049
P 98 111 2267626049
P 99 111 2267626049
P 100 111 2267626049
P 101 111 2267626048
P 102 111 2267626048
P 103 111 2267626048
P 104 111 2267822398
P 105 111 2267822398
P 106 111 2284599614
P 107 111 2284599614
P 108 111 2284599614
P 109 111 2284599613
P 110 111 2284599614
P 111 111 2284599357
P 112 111 2301638715
P 113 111 2301573179
P 114 111 2301573179
P 115 111 2301573179
P 116 111 2301573435
P 117 111 2318350650
P 118 111 2318350650
P 119 111 2318285114
P 120 111 2335324472
P 121 111 2352036152
P 122 111 2352101688
P 123 111 2352036152
P 124 111 2352036151
P 125 111 2368813367
P 126 111 2368747831
P 127 111 2368748087
P 128 111 2402499125
P 129 111 2402564405
P 130 111 2419276341
P 131 111 2419276341
P 132 111 2419276340
P 133 111 2436053556
P 134 111 2435988276
P 135 111 2435988276
P 136 111 2486516530
P 137 111 2503293745
P 138 111 2503228209
P 139 111 2503228465
P 140 111 2503228465
P 141 111 2520005680
P 142 111 2519940144
P 143 111 2519874608
P 144 111 2587245870
P 145 111 2604023085
P 146 111 2603957549
P 147 111 2603957549
P 148 111 2620669229
P 149 111 2620669229
P 150 111 2637446701
P 151 111 2637315629
P 152 111 2721463850
P 153 111 2721398314
P 154 111 2738175530
P 155 111 2738110249
P 156 111 2754887465
P 157 111 2771599145
P 158 111 2771599401
P 159 111 2771533864
P 160 111 2872393767
P 161 111 2872328231
P 162 111 2889105446
P 163 111 2905817382
P 164 111 2922594854
P 165 111 2922529317
P 166 111 2939240997
P 167 111 2939175461
P 40 112 2400993107
P 41 112 2384215890
P 42 112 2384215890
P 43 112 2384215890
P 44 112 2384215890
P 45 112 2384215890
P 46 112 2384215890
P 47 112 2384215890
P 48 112 2350726992
P 49 112 2350726992
P 50 112 2350726992
P 51 112 2350726992
P 52 112 2350726992
P 53 112 2350726992
P 54 112 2350726992
P 55 112 2350726992
P 56 112 2334015310
P 57 112 2317238094
P 58 112 2317238094
P 59 112 2317238094
P 60 112 2317238094
P 61 112 2317238094
P 62 112 2317238093
P 63 112 2317237837
P 64 112 2300591692
P 65 112 2300591691
P 66 112 2300591691
P 67 112 2300591691
P 68 112 2300591691
P 69 112 2283814475
P 70 112 2283814475
P 71 112 2283814475
P 72 112 2283945545
P 73 112 2283945545
P 74 112 2283880009
P 75 112 2283880009
P 76 112 2267168328
P 77 112 2267168328
P 78 112 2267168328
P 79 112 2267102536
P 80 112 2267299143
P 81 112 2267299142
P 82 112 2267299142
P 83 112 2267299142
P 84 112 2267299142
P 85 112 2267299141
P 86 112 2267299142
P 87 112 2267299141
P 88 112 2250652996
P 89 112 2250652996
P 90 112 2250652995
P 91 112 2250652739
P 92 112 2250652739
P 93 112 2250652739
P 94 112 2250652739
P 95 112 2250652739
P 96 112 2267626561
P 97 112 2267626560
P 98 112 2267626560
P 99 112 2267626560
P 100 112 2267626560
P 101 112 2267626560
P 102 112 2267626560
P 103 112 2267626304
P 104 112 2284665662
P 105 112 2284665662
P 106 112 2284600126
P 107 112 2284600126
P 108 112 2284600125
P 109 112 2284600125
P 110 112 2284600125
P 111 112 2284599869
P 112 112 2301639227
P 113 112 2301639227
P 114 112 2318350907
P 115 112 2318350906
P 116 112 2318351162
P 117 112 2318351162
P 118 112 2318351162
P 119 112 2318285626
P 120 112 2352102200
P 121 112 2352102200
P 122 112 2368879672
P 123 112 2368814136
P 124 112 2368814135
P 125 112 2368814135
P 126 112 2368814391
P 127 112 2385526071
P 128 112 2419342388
P 129 112 2419342644
P 130 112 2436119860
P 131 112 2436054324
P 132 112 2436054324
P 133 112 2436054579
P 134 112 2452766259
P 135 112 2452766259
P 136 112 2503360049
P 137 112 2503294513
P 138 112 2520071984
P 139 112 2520006448
P 140 112 2520006704
P 141 112 2536783920
P 142 112 2536783919
P 143 112 2536718383
P 144 112 2604023854
P 145 112 2620801325
P 146 112 2620735789
P 147 112 2637513005
P 148 112 2637447469
P 149 112 2654224940
P 150 112 2654224940
P 151 112 2670936620
P 152 112 2738242346
P 153 112 2755019562
P 154 112 2771731241
P 155 112 2771731241
P 156 112 2771665961
P 157 112 2788443177
P 158 112 2805155113
P 159 112 2821866792
P 160 112 2905949479
P 161 112 2922726950
P 162 112 2922661414
P 163 112 2939373094
P 164 112 2956150565
P 165 112 2956085029
P 166 112 2972862245
P 167 112 2989573925
P 40 113 2400993107
P 41 113 2384215890
P 42 113 2384215890
P 43 113 2384215890
P 44 113 2384215890
P 45 113 2384215890
P 46 113 2384215890
P 47 113 2384215890
P 48 113 2350726992
P 49 113 2350726992
P 50 113 2350726992
P 51 113 2350726992
P 52 113 2350726992
P 53 113 2350726992
P 54 113 2350726992
P 55 113 2350726992
P 56 113 2334015310
P 57 113 2317238094
P 58 113 2317238094
P 59 113 2317238094
P 60 113 2317238094
P 61 113 2317238094
P 62 113 2317238093
P 63 113 2317238093
P 64 113 2300591692
P 65 113 2300591691
P 66 113 2300591691
P 67 113 2300591691
P 68 113 2300591691
P 69 113 2283814475
P 70 113 2283814475
P 71 113 2283814475
P 72 113 2283945545
P 73 113 2283880009
P 74 113 2283880009
P 75 113 2283880009
P 76 113 2267168328
P 77 113 2267168328
P 78 113 2267102792
P 79 113 2267102792
P 80 113 2267299143
P 81 113 2267299142
P 82 113 2267299142
P 83 113 2267299142
P 84 113 2267299142
P 85 113 2267299141
P 86 113 2267299142
P 87 113 2267299141
P 88 113 2250652996
P 89 113 2250652996
P 90 113 2250652995
P 91 113 2250652995
P 92 113 2250652739
P 93 113 2250652739
P 94 113 2250652739
P 95 113 2250652739
P 96 113 2267626561
P 97 113 2267626560
P 98 113 2267626560
P 99 113 2267626560
P 100 113 2267626560
P 101 113 2267626560
P 102 113 2267626560
P 103 113 2267626560
P 104 113 2284665662
P 105 113 2284600126
P 106 113 2284600126
P 107 113 2284600126
P 108 113 2284600125
P 109 113 2284600125
P 110 113 2284600125
P 111 113 2284600125
P 112 113 2301639227
P 113 113 2301639227
P 114 113 2318350907
P 115 113 2318350906
P 116 113 2318350906
P 117 113 2318351162
P 118 113 2318351162
P 119 113 2318285626
P 120 113 2352102200
P 121 113 2352102200
P 122 113 2368879416
P 123 113 2368814136
P 124 113 2368814135
P 125 113 2368814135
P 126 113 2368814135
P 127 113 2385526071
P 128 113 2419342388
P 129 113 2419342388
P 130 113 2436119860
P 131 113 2436054324
P 132 113 2436054324
P 133 113 2436054324
P 134 113 2452766259
P 135 113 2452766259
P 136 113 2503360049
P 137 113 2503294513
P 138 113 2520071728
P 139 113 2520006448
P 140 113 2520006448
P 141 113 2536783920
P 142 113 2536783919
P 143 113 2536718383
P 144 113 2604089390
P 145 113 2620801069
P 146 113 2620735789
P 147 113 2637513005
P 148 113 2637447469
P 149 113 2654224684
P 150 113 2654224940
P 151 113 2670936620
P 152 113 2738307626
P 153 113 2755019562
P 154 113 2771731241
P 155 113 2771731241
P 156 113 2771665705
P 157 113 2788443177
P 158 113 2805154857
P 159 113 2821866792
P 160 113 2906015015
P 161 113 2922726694
P 162 113 2922661414
P 163 113 2939373094
P 164 113 2956150309
P 165 113 2956085029
P 166 113 2972862245
P 167 113 2989573925
P 40 114 2400993107
P 41 114 2384215890
P 42 114 2384215890
P 43 114 2384215890
P 44 114 2384215890
P 45 114 2384215890
P 46 114 2384215890
P 47 114 2384215890
P 48 114 2350726992
P 49 114 2350726992
P 50 114 2350726992
P 51 114 2350726992
P 52 114 2350726992
P 53 114 2350726992
P 54 114 2350726992
P 55 114 2350726992
P 56 114 2334015310
P 57 114 2317238094
P 58 114 2317238094
P 59 114 2317238094
P 60 114 2317238094
P 61 114 2317238094
P 62 114 2317238093
P 63 114 2317238093
P 64 114 2300591692
P 65 114 2300591691
P 66 114 2300591691
P 67 114 2300591691
P 68 114 2300591691
P 69 114 2283814475
P 70 114 2283814475
P 71 114 2283814475
P 72 114 2283945545
P 73 114 2283880009
P 74 114 2283880009
P 75 114 2283880009
P 76 114 2267168328
P 77 114 2267168328
P 78 114 2267102792
P 79 114 2267102792
P 80 114 2267299399
P 81 114 2267299398
P 82 114 2267299142
P 83 114 2267299142
P 84 114 2267299142
P 85 114 2267299141
P 86 114 2267299142
P 87 114 2267299141
P 88 114 2250652996
P 89 114 2250652996
P 90 114 2250652995
P 91 114 2250652995
P 92 114 2250652995
P 93 114 2250652995
P 94 114 2250652739
P 95 114 2250652739
P 96 114 2267626561
P 97 114 2267626560
P 98 114 2267626560
P 99 114 2267626560
P 100 114 2267626560
P 101 114 2267626560
P 102 114 2267626560
P 103 114 2267626560
P 104 114 2284665662
P 105 114 2284600126
P 106 114 2284600126
P 107 114 2284600126
P 108 114 2284600125
P 109 114 2284600125
P 110 114 2284600125
P 111 114 2284600125
P 112 114 2301639227
P 113 114 2301639227
P 114 114 2318350907
P 115 114 2318350906
P 116 114 2318350906
P 117 114 2318351162
P 118 114 2318351162
P 119 114 2318285626
P 120 114 2352102200
P 121 114 2352102200
P 122 114 2368879416
P 123 114 2368813880
P 124 114 2368814135
P 125 114 2368814135
P 126 114 2368814135
P 127 114 2385525815
P 128 114 2419342388
P 129 114 2419342389
P 130 114 2436119604
P 131 114 2436054324
P 132 114 2436054324
P 133 114 2436054324
P 134 114 2452766003
P 135 114 2452766259
P 136 114 2503360049
P 137 114 2503360049
P 138 114 2520071728
P 139 114 2520006192
P 140 114 2520006448
P 141 114 2536783920
P 142 114 2536783920
P 143 114 2536718384
P 144 114 2604089390
P 145 114 2620801069
P 146 114 2620735533
P 147 114 2637513005
P 148 114 2637447469
P 149 114 2654224684
P 150 114 2654224684
P 151 114 2670936620
P 152 114 2738307626
P 153 114 2755019562
P 154 114 2771731241
P 155 114 2771731241
P 156 114 2771665705
P 157 114 2788443177
P 158 114 2805154857
P 159 114 2821866536
P 160 114 2906015015
P 161 114 2922726694
P 162 114 2922661158
P 163 114 2939373094
P 164 114 2956150309
P 165 114 2956085029
P 166 114 2972862245
P 167 114 2989573925
P 40 115 2400993107
P 41 115 2384215890
P 42 115 2384215890
P 43 115 2384215890
P 44 115 2384215890
P 45 115 2384215890
P 46 115 2384215890
P 47 115 2384215890
P 48 115 2350726992
P 49 115 2350726992
P 50 115 2350726992
P 51 115 2350726992
P 52 115 2350726992
P 53 115 2350726992
P 54 115 2350726992
P 55 115 2350726992
P 56 115 2334015310
P 57 115 2317238094
P 58 115 2317238094
P 59 115 2317238094
P 60 115 2317238094
P 61 115 2317238094
P 62 115 2317238093
P 63 115 2317238093
P 64 115 2300591692
P 65 115 2300591691
P 66 115 2300591691
P 67 115 2300591691
P 68 115 2300591691
P 69 115 2283814475
P 70 115 2283814475
P 71 115 2283814475
P 72 115 2283880009
P 73 115 2283880009
P 74 115 2283880009
P 75 115 2283880009
P 76 115 2267168328
P 77 115 2267102792
P 78 115 2267102792
P 79 115 2267102792
P 80 115 2267299399
P 81 115 2267299398
P 82 115 2267299398
P 83 115 2267299142
P 84 115 2267299142
P 85 115 2267299141
P 86 115 2267299142
P 87 115 2267299141
P 88 115 2250652996
P 89 115 2250652996
P 90 115 2250652995
P 91 115 2250652995
P 92 115 2250652995
P 93 115 2250652995
P 94 115 2250652995
P 95 115 2250652739
P 96 115 2267626561
P 97 115 2267626560
P 98 115 2267626560
P 99 115 2267626560
P 100 115 2267626560
P 101 115 2267626560
P 102 115 2267626560
P 103 115 2267626560
P 104 115 2284600126
P 105 115 2284600126
P 106 115 2284600126
P 107 115 2284600126
P 108 115 2284600125
P 109 115 2284600125
P 110 115 2284600125
P 111 115 2284600125
P 112 115 2301639227
P 113 115 2301639227
P 114 115 2318350907
P 115 115 2318350906
P 116 115 2318350906
P 117 115 2318350906
P 118 115 2318351162
P 119 115 2318285626
P 120 115 2352102200
P 121 115 2352102200
P 122 115 2368879416
P 123 115 2368813880
P 124 115 2368813879
P 125 115 2368814135
P 126 115 2368814135
P 127 115 2385525815
P 128 115 2419342389
P 129 115 2419342389
P 130 115 2436119604
P 131 115 2436054068
P 132 115 2436054324
P 133 115 2436054324
P 134 115 2452766003
P 135 115 2452766003
P 136 115 2503360049
P 137 115 2503360049
P 138 115 2520071728
P 139 115 2520006192
P 140 115 2520006193
P 141 115 2536783664
P 142 115 2536783920
P 143 115 2536718384
P 144 115 2604089390
P 145 115 2620801069
P 146 115 2620801069
P 147 115 2637512749
P 148 115 2637447469
P 149 115 2654224684
P 150 115 2654224684
P 151 115 2670936364
P 152 115 2738307626
P 153 115 2755019306
P 154 115 2771796777
P 155 115 2771731241
P 156 115 2771665705
P 157 115 2788443177
P 158 115 2805154857
P 159 115 2821866536
P 160 115 2906014759
P 161 115 2922726694
P 162 115 2922726694
P 163 115 2939372838
P 164 115 2956150309
P 165 115 2956084773
P 166 115 2972862245
P 167 115 2989573925
P 40 116 2400993107
P 41 116 2384215890
P 42 116 2384215890
P 43 116 2384215890
P 44 116 2384215890
P 45 116 2384215890
P 46 116 2384215890
P 47 116 2384215890
P 48 116 2350726992
P 49 116 2350726992
P 50 116 2350726992
P 51 116 2350726992
P 52 116 2350726992
P 53 116 2350726992
P 54 116 2350726992
P 55 116 2350726992
P 56 116 2334015310
P 57 116 2317238094
P 58 116 2317238094
P 59 116 2317238094
P 60 116 2317238094
P 61 116 2317238094
P 62 116 2317238093
P 63 116 2317238093
P 64 116 2300591692
P 65 116 2300591691
P 66 116 2300591691
P 67 116 2300591691
P 68 116 2300591691
P 69 116 2283814475
P 70 116 2283814475
P 71 116 2283814475
P 72 116 2283880009
P 73 116 2283880009
P 74 116 2283880009
P 75 116 2283880009
P 76 116 2267102792
P 77 116 2267102792
P 78 116 2267102792
P 79 116 2267102792
P 80 116 2267299399
P 81 116 2267299398
P 82 116 2267299398
P 83 116 2267299398
P 84 116 2267233862
P 85 116 2267299141
P 86 116 2267299141
P 87 116 2267299141
P 88 116 2250652996
P 89 116 2250652996
P 90 116 2250652995
P 91 116 2250652995
P 92 116 2250652995
P 93 116 2250652995
P 94 116 2250652995
P 95 116 2250652995
P 96 116 2267626561
P 97 116 2267626560
P 98 116 2267626560
P 99 116 2267626560
P 100 116 2267626560
P 101 116 2267626560
P 102 116 2267626560
P 103 116 2267626560
P 104 116 2284600382
P 105 116 2284600126
P 106 116 2284600126
P 107 116 2284600126
P 108 116 2284600125
P 109 116 2284600125
P 110 116 2284600125
P 111 116 2284600125
P 112 116 2301639227
P 113 116 2301573691
P 114 116 2318350907
P 115 116 2318350906
P 116 116 2318350906
P 117 116 2318350906
P 118 116 2318350906
P 119 116 2318285626
P 120 116 2352102200
P 121 116 2352102200
P 122 116 2368879416
P 123 116 2368879416
P 124 116 2368813879
P 125 116 2368813879
P 126 116 2368814135
P 127 116 2385525815
P 128 116 2419342389
P 129 116 2419342389
P 130 116 2436119604
P 131 116 2436119604
P 132 116 2436054324
P 133 116 2436054324
P 134 116 2452766003
P 135 116 2452766003
P 136 116 2503360049
P 137 116 2503360049
P 138 116 2520071729
P 139 116 2520071729
P 140 116 2520006193
P 141 116 2536783408
P 142 116 2536783664
P 143 116 2536718384
P 144 116 2604089390
P 145 116 2620801069
P 146 116 2620801069
P 147 116 2637578285
P 148 116 2637447469
P 149 116 2654224685
P 150 116 2654224685
P 151 116 2670936364
P 152 116 2738307626
P 153 116 2755019306
P 154 116 2771796521
P 155 116 2771731241
P 156 116 2771665705
P 157 116 2788442921
P 158 116 2805154857
P 159 116 2821866537
P 160 116 2906014759
P 161 116 2922726438
P 162 116 2922726694
P 163 116 2939438374
P 164 116 2956150309
P 165 116 2956084773
P 166 116 2972861989
P 167 116 2989573925
P 40 117 2400993107
P 41 117 2384215890
P 42 117 2384215890
P 43 117 2384215890
P 44 117 2384215890
P 45 117 2384215890
P 46 117 2384215890
P 47 117 2384215890
P 48 117 2350726992
P 49 117 2350726992
P 50 117 2350726992
P 51 117 2350726992
P 52 117 2350726992
P 53 117 2350726992
P 54 117 2350726992
P 55 117 2350661456
P 56 117 2334015310
P 57 117 2317238094
P 58 117 2317238094
P 59 117 2317238094
P 60 117 2317238094
P 61 117 2317238094
P 62 117 2317238093
P 63 117 2317238093
P 64 117 2300591692
P 65 117 2300591691
P 66 117 2300591691
P 67 117 2300591691
P 68 117 2300591691
P 69 117 2283814475
P 70 117 2283814475
P 71 117 2283748939
P 72 117 2283880009
P 73 117 2283880009
P 74 117 2283880009
P 75 117 2283880009
P 76 117 2267102792
P 77 117 2267102792
P 78 117 2267102792
P 79 117 2267102792
P 80 117 2267299399
P 81 117 2267299398
P 82 117 2267299398
P 83 117 2267299398
P 84 117 2267233862
P 85 117 2267299141
P 86 117 2267299141
P 87 117 2267299141
P 88 117 2250652996
P 89 117 2250652996
P 90 117 2250652995
P 91 117 2250652995
P 92 117 2250652995
P 93 117 2250652995
P 94 117 2250652995
P 95 117 2250652995
P 96 117 2267626561
P 97 117 2267626560
P 98 117 2267626560
P 99 117 2267626560
P 100 117 2267626560
P 101 117 2267626560
P 102 117 2267626560
P 103 117 2267626560
P 104 117 2284600382
P 105 117 2284600382
P 106 117 2284600126
P 107 117 2284600126
P 108 117 2284600125
P 109 117 2284600125
P 110 117 2284600125
P 111 117 2284600125
P 112 117 2301639227
P 113 117 2301573691
P 114 117 2318350907
P 115 117 2318350906
P 116 117 2318350906
P 117 117 2318350906
P 118 117 2318350906
P 119 117 2318285370
P 120 117 2352101944
P 121 117 2352102200
P 122 117 2368879416
P 123 117 2368879416
P 124 117 2368879415
P 125 117 2368813879
P 126 117 2368813879
P 127 117 2385525815
P 128 117 2419342389
P 129 117 2419342389
P 130 117 2436119604
P 131 117 2436119604
P 132 117 2436054068
P 133 117 2436054324
P 134 117 2452766003
P 135 117 2452766003
P 136 117 2503359794
P 137 117 2503360049
P 138 117 2520071729
P 139 117 2520071729
P 140 117 2520006193
P 141 117 2536783408
P 142 117 2536783408
P 143 117 2536718128
P 144 117 2604089390
P 145 117 2620801069
P 146 117 2620801070
P 147 117 2637578285
P 148 117 2637512749
P 149 117 2654224685
P 150 117 2654224685
P 151 117 2670936364
P 152 117 2738307370
P 153 117 2755019306
P 154 117 2771796521
P 155 117 2771730985
P 156 117 2771731241
P 157 117 2788442922
P 158 117 2805154601
P 159 117 2821866537
P 160 117 2906014759
P 161 117 2922726438
P 162 117 2922726438
P 163 117 2939438374
P 164 117 2956215589
P 165 117 2956084773
P 166 117 2972861989
P 167 117 2989573669
P 40 118 2400993107
P 41 118 2384215890
P 42 118 2384215890
P 43 118 2384215890
P 44 118 2384215890
P 45 118 2384215890
P 46 118 2384215890
P 47 118 2384215890
P 48 118 2350726992
P 49 118 2350726992
P 50 118 2350726992
P 51 118 2350726992
P 52 118 2350726992
P 53 118 2350726992
P 54 118 2350661456
P 55 118 2350661456
P 56 118 2334015310
P 57 118 2317238094
P 58 118 2317238094
P 59 118 2317238094
P 60 118 2317238094
P 61 118 2317238094
P 62 118 2317238093
P 63 118 2317238093
P 64 118 2300591692
P 65 118 2300591691
P 66 118 2300591691
P 67 118 2300591691
P 68 118 2300591691
P 69 118 2283814475
P 70 118 2283748939
P 71 118 2283748939
P 72 118 2283880009
P 73 118 2283880009
P 74 118 2283880009
P 75 118 2283880009
P 76 118 2267102792
P 77 118 2267102792
P 78 118 2267102792
P 79 118 2267102792
P 80 118 2267299399
P 81 118 2267299398
P 82 118 2267299398
P 83 118 2267233862
P 84 118 2267233862
P 85 118 2267299141
P 86 118 2267299141
P 87 118 2267299141
P 88 118 2250652996
P 89 118 2250652996
P 90 118 2250652995
P 91 118 2250652995
P 92 118 2250652995
P 93 118 2250652995
P 94 118 2250652995
P 95 118 2250652995
P 96 118 2267626561
P 97 118 2267626560
P 98 118 2267626560
P 99 118 2267626560
P 100 118 2267626560
P 101 118 2267626560
P 102 118 2267626560
P 103 118 2267626560
P 104 118 2284600382
P 105 118 2284600382
P 106 118 2284600382
P 107 118 2284600382
P 108 118 2284600125
P 109 118 2284600125
P 110 118 2284600125
P 111 118 2284600125
P 112 118 2301573691
P 113 118 2301573691
P 114 118 2318350907
P 115 118 2318350906
P 116 118 2318350906
P 117 118 2318350906
P 118 118 2318350906
P 119 118 2318285370
P 120 118 2352101944
P 121 118 2352101944
P 122 118 2368879416
P 123 118 2368879416
P 124 118 2368879415
P 125 118 2368813879
P 126 118 2368813879
P 127 118 2385525815
P 128 118 2419342133
P 129 118 2419342389
P 130 118 2436119604
P 131 118 2436119604
P 132 118 2436054068
P 133 118 2436054068
P 134 118 2452766003
P 135 118 2452766003
P 136 118 2503359794
P 137 118 2503359793
P 138 118 2520071729
P 139 118 2520071729
P 140 118 2520006193
P 141 118 2536848944
P 142 118 2536783408
P 143 118 2536718128
P 144 118 2604089134
P 145 118 2620801070
P 146 118 2620801070
P 147 118 2637578285
P 148 118 2637512749
P 149 118 2654224429
P 150 118 2654224685
P 151 118 2670936364
P 152 118 2738307370
P 153 118 2755019050
P 154 118 2771796522
P 155 118 2771730986
P 156 118 2771730986
P 157 118 2788442922
P 158 118 2805154601
P 159 118 2821866537
P 160 118 2906014759
P 161 118 2922726438
P 162 118 2922726438
P 163 118 2939438374
P 164 118 2956215589
P 165 118 2956150054
P 166 118 2972861990
P 167 118 2989573669
P 40 119 2400993363
P 41 119 2384215890
P 42 119 2384215890
P 43 119 2384215890
P 44 119 2384215890
P 45 119 2384215890
P 46 119 2384215890
P 47 119 2384215890
P 48 119 2350726992
P 49 119 2350726992
P 50 119 2350726992
P 51 119 2350726992
P 52 119 2350726992
P 53 119 2350726992
P 54 119 2350661456
P 55 119 2350661456
P 56 119 2334015310
P 57 119 2317238094
P 58 119 2317238094
P 59 119 2317238094
P 60 119 2317238094
P 61 119 2317238094
P 62 119 2317238093
P 63 119 2317238093
P 64 119 2300591948
P 65 119 2300591691
P 66 119 2300591691
P 67 119 2300591691
P 68 119 2300591691
P 69 119 2283814475
P 70 119 2283748939
P 71 119 2283748939
P 72 119 2283880009
P 73 119 2283880009
P 74 119 2283880009
P 75 119 2283880009
P 76 119 2267102792
P 77 119 2267102792
P 78 119 2267102792
P 79 119 2267102792
P 80 119 2267299399
P 81 119 2267299398
P 82 119 2267299398
P 83 119 2267233862
P 84 119 2267233862
P 85 119 2267299141
P 86 119 2267299141
P 87 119 2267233605
P 88 119 2250652996
P 89 119 2250652996
P 90 119 2250652995
P 91 119 2250652995
P 92 119 2250652995
P 93 119 2250652995
P 94 119 2250652995
P 95 119 2250652995
P 96 119 2267626561
P 97 119 2267626560
P 98 119 2267626560
P 99 119 2267626560
P 100 119 2267626560
P 101 119 2267626560
P 102 119 2267626560
P 103 119 2267626560
P 104 119 2284600382
P 105 119 2284600382
P 106 119 2284600382
P 107 119 2284600382
P 108 119 2284600381
P 109 119 2284600125
P 110 119 2284600125
P 111 119 2284600125
P 112 119 2301573947
P 113 119 2301573691
P 114 119 2318350907
P 115 119 2318350906
P 116 119 2318350906
P 117 119 2318350906
P 118 119 2318350906
P 119 119 2318285370
P 120 119 2352101944
P 121 119 2352101944
P 122 119 2368879160
P 123 119 2368879416
P 124 119 2368879415
P 125 119 2368813879
P 126 119 2368813879
P 127 119 2385525559
P 128 119 2419342133
P 129 119 2419342133
P 130 119 2436119604
P 131 119 2436119604
P 132 119 2436054068
P 133 119 2436054068
P 134 119 2452831283
P 135 119 2452766003
P 136 119 2503359794
P 137 119 2503359793
P 138 119 2520071473
P 139 119 2520071729
P 140 119 2520006193
P 141 119 2536848944
P 142 119 2536783408
P 143 119 2536717872
P 144 119 2604089134
P 145 119 2620800814
P 146 119 2620801070
P 147 119 2637578285
P 148 119 2637512749
P 149 119 2654224429
P 150 119 2654289965
P 151 119 2670936364
P 152 119 2738307371
P 153 119 2755019050
P 154 119 2771796266
P 155 119 2771730986
P 156 119 2771730986
P 157 119 2788442666
P 158 119 2805220137
P 159 119 2821866281
P 160 119 2906014759
P 161 119 2922726438
P 162 119 2922726438
P 163 119 2939438118
P 164 119 2956215590
P 165 119 2956150054
P 166 119 2972861734
P 167 119 2989573669
P 40 120 2384216146
P 41 120 2384216146
P 42 120 2384216146
P 43 120 2384216146
P 44 120 2384216146
P 45 120 2384216146
P 46 120 2367373393
P 47 120 2367373393
P 48 120 2350727248
P 49 120 2350727248
P 50 120 2350727248
P 51 120 2350727248
P 52 120 2350727248
P 53 120 2333884495
P 54 120 2333884495
P 55 120 2333884495
P 56 120 2317238350
P 57 120 2317238350
P 58 120 2317238350
P 59 120 2317238349
P 60 120 2317238349
P 61 120 2317238349
P 62 120 2317238349
P 63 120 2300461133
P 64 120 2300592203
P 65 120 2300592203
P 66 120 2283814987
P 67 120 2283814987
P 68 120 2283814987
P 69 120 2283749451
P 70 120 2283749450
P 71 120 2283749450
P 72 120 2283880521
P 73 120 2267168840
P 74 120 2267103304
P 75 120 2267103304
P 76 120 2267103304
P 77 120 2267103304
P 78 120 2267103304
P 79 120 2267103304
P 80 120 2267299910
P 81 120 2267299910
P 82 120 2267299910
P 83 120 2267299654
P 84 120 2267299653
P 85 120 2267299653
P 86 120 2267299653
P 87 120 2267234117
P 88 120 2250653507
P 89 120 2250653507
P 90 120 2250653507
P 91 120 2250653507
P 92 120 2250653507
P 93 120 2250653507
P 94 120 2250653506
P 95 120 2250653506
P 96 120 2267627072
P 97 120 2267627072
P 98 120 2267627072
P 99 120 2267627072
P 100 120 2267627072
P 101 120 2267627071
P 102 120 2267627071
P 103 120 2267627071
P 104 120 2284600894
P 105 120 2284600893
P 106 120 2284600893
P 107 120 2284600893
P 108 120 2284600893
P 109 120 2284600636
P 110 120 2284600637
P 111 120 2301377852
P 112 120 2318351674
P 113 120 2318351674
P 114 120 2318351674
P 115 120 2318351674
P 116 120 2318351674
P 117 120 2335128890
P 118 120 2335128890
P 119 120 2335128890
P 120 120 2368945464
P 121 120 2368879928
P 122 120 2368879927
P 123 120 2385657143
P 124 120 2385657143
P 125 120 2385591863
P 126 120 2385657398
P 127 120 2385591862
P 128 120 2436185653
P 129 120 2436120117
P 130 120 2436120372
P 131 120 2452897588
P 132 120 2452897588
P 133 120 2452897844
P 134 120 2469609523
P 135 120 2469609523
P 136 120 2520137777
P 137 120 2520138033
P 138 120 2536915248
P 139 120 2536849713
P 140 120 2536849713
P 141 120 2553627184
P 142 120 2570338864
P 143 120 2570338864
P 144 120 2637644589
P 145 120 2654421805
P 146 120 2654356269
P 147 120 2654356269
P 148 120 2671068204
P 149 120 2687845676
P 150 120 2687845677
P 151 120 2687780140
P 152 120 2771862826
P 153 120 2771863082
P 154 120 2788574762
P 155 120 2805351977
P 156 120 2822063913
P 157 120 2822064169
P 158 120 2821998633
P 159 120 2838710312
P 160 120 2939570470
P 161 120 2956347686
P 162 120 2956282406
P 163 120 2972994086
P 164 120 2989771301
P 165 120 2989705765
P 166 120 3006483237
P 167 120 3023194917
P 40 121 2384216146
P 41 121 2384216146
P 42 121 2384216146
P 43 121 2384216146
P 44 121 2384216146
P 45 121 2384216146
P 46 121 2367373393
P 47 121 2367373393
P 48 121 2350727248
P 49 121 2350727248
P 50 121 2350727248
P 51 121 2350727248
P 52 121 2350727248
P 53 121 2333884495
P 54 121 2333884495
P 55 121 2333884495
P 56 121 2317238350
P 57 121 2317238350
P 58 121 2317238350
P 59 121 2317238349
P 60 121 2317238349
P 61 121 2317238349
P 62 121 2317238349
P 63 121 2300461133
P 64 121 2300592203
P 65 121 2300592203
P 66 121 2283814987
P 67 121 2283814987
P 68 121 2283814987
P 69 121 2283749451
P 70 121 2283749450
P 71 121 2283749450
P 72 121 2283880521
P 73 121 2267103304
P 74 121 2267103304
P 75 121 2267103304
P 76 121 2267103304
P 77 121 2267103304
P 78 121 2267103304
P 79 121 2267103304
P 80 121 2267299910
P 81 121 2267234374
P 82 121 2267299910
P 83 121 2267299910
P 84 121 2267299653
P 85 121 2267299653
P 86 121 2267234117
P 87 121 2267234117
P 88 121 2250653507
P 89 121 2250653507
P 90 121 2250653507
P 91 121 2250653507
P 92 121 2250653507
P 93 121 2250653507
P 94 121 2250653506
P 95 121 2250653506
P 96 121 2267627072
P 97 121 2267627072
P 98 121 2267627072
P 99 121 2267627072
P 100 121 2267627072
P 101 121 2267627071
P 102 121 2267627071
P 103 121 2267627071
P 104 121 2284600894
P 105 121 2284600893
P 106 121 2284600893
P 107 121 2284600893
P 108 121 2284600893
P 109 121 2284600636
P 110 121 2284600637
P 111 121 2301377852
P 112 121 2318351674
P 113 121 2318351674
P 114 121 2318351674
P 115 121 2318351674
P 116 121 2318351674
P 117 121 2335128890
P 118 121 2335128890
P 119 121 2335128890
P 120 121 2368945464
P 121 121 2368879928
P 122 121 2368879927
P 123 121 2385657143
P 124 121 2385657143
P 125 121 2385591607
P 126 121 2385657398
P 127 121 2385591862
P 128 121 2436185653
P 129 121 2436120117
P 130 121 2436120116
P 131 121 2452897588
P 132 121 2452897588
P 133 121 2452897588
P 134 121 2469609523
P 135 121 2469609523
P 136 121 2520137777
P 137 121 2520137777
P 138 121 2536915249
P 139 121 2536849713
P 140 121 2536849713
P 141 121 2553626928
P 142 121 2570338864
P 143 121 2570338864
P 144 121 2637709869
P 145 121 2654421805
P 146 121 2654356269
P 147 121 2654356269
P 148 121 2671067949
P 149 121 2687845421
P 150 121 2687845677
P 151 121 2687780140
P 152 121 2771928362
P 153 121 2771862826
P 154 121 2788574762
P 155 121 2805351977
P 156 121 2822063657
P 157 121 2822063913
P 158 121 2821998633
P 159 121 2838710313
P 160 121 2939635750
P 161 121 2956347686
P 162 121 2956282150
P 163 121 2972994086
P 164 121 2989771301
P 165 121 2989705765
P 166 121 3006483237
P 167 121 3023194917
P 40 122 2384216146
P 41 122 2384216146
P 42 122 2384216146
P 43 122 2384216146
P 44 122 2384216146
P 45 122 2384216146
P 46 122 2367373393
P 47 122 2367373393
P 48 122 2350727248
P 49 122 2350727248
P 50 122 2350727248
P 51 122 2350727248
P 52 122 2350661712
P 53 122 2333884495
P 54 122 2333884495
P 55 122 2333884495
P 56 122 2317238350
P 57 122 2317238350
P 58 122 2317238350
P 59 122 2317238349
P 60 122 2317238349
P 61 122 2317238349
P 62 122 2317238349
P 63 122 2300461133
P 64 122 2300592203
P 65 122 2300592203
P 66 122 2283814987
P 67 122 2283814987
P 68 122 2283749451
P 69 122 2283749451
P 70 122 2283749450
P 71 122 2283749450
P 72 122 2283880521
P 73 122 2267103304
P 74 122 2267103304
P 75 122 2267103304
P 76 122 2267103304
P 77 122 2267103304
P 78 122 2267103304
P 79 122 2267103304
P 80 122 2267299910
P 81 122 2267234374
P 82 122 2267299910
P 83 122 2267299910
P 84 122 2267299909
P 85 122 2267299909
P 86 122 2267234117
P 87 122 2267234117
P 88 122 2250653507
P 89 122 2250653507
P 90 122 2250653507
P 91 122 2250653507
P 92 122 2250653507
P 93 122 2250653507
P 94 122 2250653506
P 95 122 2250653506
P 96 122 2267627328
P 97 122 2267627328
P 98 122 2267627072
P 99 122 2267627072
P 100 122 2267627072
P 101 122 2267627071
P 102 122 2267627071
P 103 122 2267627071
P 104 122 2284600894
P 105 122 2284600893
P 106 122 2284600893
P 107 122 2284600893
P 108 122 2284600893
P 109 122 2284600892
P 110 122 2284600637
P 111 122 2301377852
P 112 122 2318351674
P 113 122 2318351674
P 114 122 2318351674
P 115 122 2318351674
P 116 122 2318351674
P 117 122 2335128890
P 118 122 2335128890
P 119 122 2335128890
P 120 122 2368945464
P 121 122 2368879928
P 122 122 2368879927
P 123 122 2385657143
P 124 122 2385657143
P 125 122 2385591607
P 126 122 2385657142
P 127 122 2385591862
P 128 122 2436185653
P 129 122 2436185653
P 130 122 2436120116
P 131 122 2452897332
P 132 122 2452897588
P 133 122 2452897588
P 134 122 2469609267
P 135 122 2469609523
P 136 122 2520137778
P 137 122 2520203313
P 138 122 2536914993
P 139 122 2536849713
P 140 122 2536849713
P 141 122 2553626928
P 142 122 2570338608
P 143 122 2570338864
P 144 122 2637709869
P 145 122 2654487342
P 146 122 2654356270
P 147 122 2654356269
P 148 122 2671067949
P 149 122 2687845421
P 150 122 2687845421
P 151 122 2687780140
P 152 122 2771928362
P 153 122 2771862826
P 154 122 2788574762
P 155 122 2805351977
P 156 122 2822063658
P 157 122 2822063913
P 158 122 2821998377
P 159 122 2838710313
P 160 122 2939635750
P 161 122 2956347686
P 162 122 2956282150
P 163 122 2972993830
P 164 122 2989771301
P 165 122 2989705765
P 166 122 3006483238
P 167 122 3023194917
P 40 123 2384216146
P 41 123 2384216146
P 42 123 2384216146
P 43 123 2384216146
P 44 123 2384216146
P 45 123 2384216146
P 46 123 2367373393
P 47 123 2367373393
P 48 123 2350727248
P 49 123 2350727248
P 50 123 2350727504
P 51 123 2350661712
P 52 123 2350661712
P 53 123 2333884495
P 54 123 2333884495
P 55 123 2333884495
P 56 123 2317238350
P 57 123 2317238350
P 58 123 2317238350
P 59 123 2317238349
P 60 123 2317238349
P 61 123 2317238349
P 62 123 2317238349
P 63 123 2300461133
P 64 123 2300592203
P 65 123 2300592203
P 66 123 2283814987
P 67 123 2283749451
P 68 123 2283749451
P 69 123 2283749451
P 70 123 2283749450
P 71 123 2283749450
P 72 123 2283880521
P 73 123 2267103304
P 74 123 2267103304
P 75 123 2267103304
P 76 123 2267103304
P 77 123 2267103304
P 78 123 2267103304
P 79 123 2267103304
P 80 123 2267234374
P 81 123 2267234374
P 82 123 2267299910
P 83 123 2267299910
P 84 123 2267299909
P 85 123 2267234373
P 86 123 2267234373
P 87 123 2267234117
P 88 123 2250653507
P 89 123 2250653507
P 90 123 2250653507
P 91 123 2250653507
P 92 123 2250653507
P 93 123 2250653507
P 94 123 2250653506
P 95 123 2250653506
P 96 123 2267627328
P 97 123 2267627328
P 98 123 2267627328
P 99 123 2267627072
P 100 123 2267627072
P 101 123 2267627071
P 102 123 2267627071
P 103 123 2267627071
P 104 123 2284600894
P 105 123 2284600893
P 106 123 2284600893
P 107 123 2284600893
P 108 123 2284600893
P 109 123 2284600892
P 110 123 2284600893
P 111 123 2301377852
P 112 123 2318351674
P 113 123 2318351674
P 114 123 2318351674
P 115 123 2318351674
P 116 123 2318351674
P 117 123 2335128890
P 118 123 2335128890
P 119 123 2335128890
P 120 123 2368879928
P 121 123 2368879928
P 122 123 2368879927
P 123 123 2385657143
P 124 123 2385657143
P 125 123 2385591607
P 126 123 2385657142
P 127 123 2385591606
P 128 123 2436185397
P 129 123 2436185653
P 130 123 2436120116
P 131 123 2452897332
P 132 123 2452897332
P 133 123 2452897588
P 134 123 2469609267
P 135 123 2469609267
P 136 123 2520137778
P 137 123 2520203313
P 138 123 2536914993
P 139 123 2536849457
P 140 123 2536849713
P 141 123 2553626928
P 142 123 2570338608
P 143 123 2570338608
P 144 123 2637709870
P 145 123 2654487086
P 146 123 2654421806
P 147 123 2654356269
P 148 123 2671067949
P 149 123 2687845165
P 150 123 2687845421
P 151 123 2687779884
P 152 123 2771928362
P 153 123 2771862826
P 154 123 2788640298
P 155 123 2805351978
P 156 123 2822063658
P 157 123 2822063657
P 158 123 2821998377
P 159 123 2838710057
P 160 123 2939635750
P 161 123 2956347430
P 162 123 2956347686
P 163 123 2972993830
P 164 123 2989771046
P 165 123 2989705766
P 166 123 3006483238
P 167 123 3023194917
P 40 124 2384216402
P 41 124 2384216146
P 42 124 2384216146
P 43 124 2384216402
P 44 124 2384216402
P 45 124 2384216146
P 46 124 2367373393
P 47 124 2367373393
P 48 124 2350727248
P 49 124 2350727248
P 50 124 2350727504
P 51 124 2350661968
P 52 124 2350661968
P 53 124 2333884495
P 54 124 2333884495
P 55 124 2333884495
P 56 124 2317238350
P 57 124 2317238350
P 58 124 2317238350
P 59 124 2317238349
P 60 124 2317238349
P 61 124 2317238349
P 62 124 2317238349
P 63 124 2300461133
P 64 124 2300592203
P 65 124 2300592203
P 66 124 2283814987
P 67 124 2283749451
P 68 124 2283749451
P 69 124 2283749451
P 70 124 2283749450
P 71 124 2283749450
P 72 124 2283880521
P 73 124 2267103304
P 74 124 2267103304
P 75 124 2267103304
P 76 124 2267103304
P 77 124 2267103304
P 78 124 2267103304
P 79 124 2267103304
P 80 124 2267234374
P 81 124 2267234374
P 82 124 2267299910
P 83 124 2267299910
P 84 124 2267234373
P 85 124 2267234373
P 86 124 2267234373
P 87 124 2267234373
P 88 124 2250653763
P 89 124 2250653507
P 90 124 2250653507
P 91 124 2250653507
P 92 124 2250653507
P 93 124 2250653507
P 94 124 2250653506
P 95 124 2250653506
P 96 124 2267627328
P 97 124 2267627328
P 98 124 2267627328
P 99 124 2267627328
P 100 124 2267627328
P 101 124 2267627071
P 102 124 2267627071
P 103 124 2267627071
P 104 124 2284600894
P 105 124 2284600893
P 106 124 2284600893
P 107 124 2284600893
P 108 124 2284600893
P 109 124 2284600892
P 110 124 2284600892
P 111 124 2301378108
P 112 124 2318351930
P 113 124 2318351674
P 114 124 2318351674
P 115 124 2318351674
P 116 124 2318286138
P 117 124 2335128890
P 118 124 2335128890
P 119 124 2335128890
P 120 124 2368879928
P 121 124 2368879928
P 122 124 2368879927
P 123 124 2385657143
P 124 124 2385657143
P 125 124 2385591607
P 126 124 2385657142
P 127 124 2385591606
P 128 124 2436185397
P 129 124 2436185397
P 130 124 2436120116
P 131 124 2452962868
P 132 124 2452897332
P 133 124 2452897332
P 134 124 2469609267
P 135 124 2469609267
P 136 124 2520137778
P 137 124 2520203313
P 138 124 2536914993
P 139 124 2536914993
P 140 124 2536849713
P 141 124 2553626928
P 142 124 2570338608
P 143 124 2570338608
P 144 124 2637709870
P 145 124 2654487086
P 146 124 2654421550
P 147 124 2654356269
P 148 124 2671067949
P 149 124 2687845165
P 150 124 2687845165
P 151 124 2687779884
P 152 124 2771928363
P 153 124 2771862826
P 154 124 2788640042
P 155 124 2805351978
P 156 124 2822063658
P 157 124 2822063657
P 158 124 2821998121
P 159 124 2838710057
P 160 124 2939635750
P 161 124 2956347430
P 162 124 2956347431
P 163 124 2973059366
P 164 124 2989771046
P 165 124 2989705510
P 166 124 3006482982
P 167 124 3023194917
P 40 125 2384216402
P 41 125 2384216402
P 42 125 2384216146
P 43 125 2384216402
P 44 125 2384216402
P 45 125 2384216402
P 46 125 2367373393
P 47 125 2367373393
P 48 125 2350727248
P 49 125 2350727248
P 50 125 2350661968
P 51 125 2350661968
P 52 125 2350661968
P 53 125 2333884751
P 54 125 2333884495
P 55 125 2333884495
P 56 125 2317238350
P 57 125 2317238350
P 58 125 2317238350
P 59 125 2317238349
P 60 125 2317238349
P 61 125 2317238349
P 62 125 2317238349
P 63 125 2300461133
P 64 125 2300592203
P 65 125 2300592203
P 66 125 2283749451
P 67 125 2283749451
P 68 125 2283749451
P 69 125 2283749451
P 70 125 2283749450
P 71 125 2283749450
P 72 125 2283880521
P 73 125 2267103304
P 74 125 2267103304
P 75 125 2267103304
P 76 125 2267103304
P 77 125 2267103304
P 78 125 2267103304
P 79 125 2267103304
P 80 125 2267234374
P 81 125 2267234374
P 82 125 2267299910
P 83 125 2267299910
P 84 125 2267234373
P 85 125 2267234373
P 86 125 2267234373
P 87 125 2267234373
P 88 125 2250653763
P 89 125 2250653763
P 90 125 2250653507
P 91 125 2250653507
P 92 125 2250653507
P 93 125 2250653507
P 94 125 2250653506
P 95 125 2250653506
P 96 125 2267627328
P 97 125 2267627328
P 98 125 2267627328
P 99 125 2267627328
P 100 125 2267627328
P 101 125 2267627327
P 102 125 2267627071
P 103 125 2267561535
P 104 125 2284600894
P 105 125 2284600893
P 106 125 2284600893
P 107 125 2284600893
P 108 125 2284600893
P 109 125 2284600892
P 110 125 2284600892
P 111 125 2301312572
P 112 125 2318351930
P 113 125 2318351930
P 114 125 2318351674
P 115 125 2318351674
P 116 125 2318286138
P 117 125 2335128890
P 118 125 2335128890
P 119 125 2335063354
P 120 125 2368879928
P 121 125 2368879928
P 122 125 2368879927
P 123 125 2385657143
P 124 125 2385657143
P 125 125 2385591607
P 126 125 2385657142
P 127 125 2385591606
P 128 125 2436185397
P 129 125 2436185397
P 130 125 2436119860
P 131 125 2452962868
P 132 125 2452897332
P 133 125 2452897332
P 134 125 2469609011
P 135 125 2469609267
P 136 125 2520137522
P 137 125 2520203313
P 138 125 2536914993
P 139 125 2536914993
P 140 125 2536849457
P 141 125 2553626928
P 142 125 2570338608
P 143 125 2570338608
P 144 125 2637709614
P 145 125 2654487086
P 146 125 2654421550
P 147 125 2654356013
P 148 125 2671133485
P 149 125 2687845165
P 150 125 2687845165
P 151 125 2687779628
P 152 125 2771928107
P 153 125 2771862826
P 154 125 2788640042
P 155 125 2805351722
P 156 125 2822129194
P 157 125 2822063657
P 158 125 2821998121
P 159 125 2838709801
P 160 125 2939635495
P 161 125 2956347431
P 162 125 2956347431
P 163 125 2973059110
P 164 125 2989836582
P 165 125 2989705510
P 166 125 3006482726
P 167 125 3023194661
P 40 126 2384216402
P 41 126 2384216402
P 42 126 2384216402
P 43 126 2384216402
P 44 126 2384216402
P 45 126 2384216402
P 46 126 2367373649
P 47 126 2367373649
P 48 126 2350727248
P 49 126 2350727248
P 50 126 2350661968
P 51 126 2350661968
P 52 126 2350661968
P 53 126 2333884751
P 54 126 2333884751
P 55 126 2333884751
P 56 126 2317238350
P 57 126 2317238350
P 58 126 2317238350
P 59 126 2317238349
P 60 126 2317238349
P 61 126 2317238349
P 62 126 2317238349
P 63 126 2300461133
P 64 126 2300592203
P 65 126 2300592203
P 66 126 2283749451
P 67 126 2283749451
P 68 126 2283749451
P 69 126 2283749451
P 70 126 2283749450
P 71 126 2283749450
P 72 126 2283880521
P 73 126 2267103304
P 74 126 2267103304
P 75 126 2267103304
P 76 126 2267103304
P 77 126 2267103304
P 78 126 2267103304
P 79 126 2267103304
P 80 126 2267234374
P 81 126 2267234374
P 82 126 2267299910
P 83 126 2267234374
P 84 126 2267234373
P 85 126 2267234373
P 86 126 2267234373
P 87 126 2267234373
P 88 126 2250653763
P 89 126 2250653763
P 90 126 2250653763
P 91 126 2250653763
P 92 126 2250653507
P 93 126 2250653507
P 94 126 2250653506
P 95 126 2250653506
P 96 126 2267627328
P 97 126 2267627328
P 98 126 2267627328
P 99 126 2267627328
P 100 126 2267627328
P 101 126 2267627327
P 102 126 2267561791
P 103 126 2267561791
P 104 126 2284600894
P 105 126 2284600893
P 106 126 2284600893
P 107 126 2284535357
P 108 126 2284600893
P 109 126 2284600892
P 110 126 2284535356
P 111 126 2301312572
P 112 126 2318351930
P 113 126 2318351930
P 114 126 2318351930
P 115 126 2318286394
P 116 126 2318286138
P 117 126 2335128890
P 118 126 2335063354
P 119 126 2335063354
P 120 126 2368879928
P 121 126 2368879928
P 122 126 2368879927
P 123 126 2385657143
P 124 126 2385657143
P 125 126 2385591607
P 126 126 2385657142
P 127 126 2385591606
P 128 126 2436185397
P 129 126 2436185397
P 130 126 2436119860
P 131 126 2452962868
P 132 126 2452897332
P 133 126 2452897332
P 134 126 2469609011
P 135 126 2469609267
P 136 126 2520137522
P 137 126 2520203057
P 138 126 2536914993
P 139 126 2536914993
P 140 126 2536849457
P 141 126 2553626672
P 142 126 2570338608
P 143 126 2570338608
P 144 126 2637709614
P 145 126 2654486830
P 146 126 2654421550
P 147 126 2654356013
P 148 126 2671133229
P 149 126 2687845165
P 150 126 2687845165
P 151 126 2687779628
P 152 126 2771927851
P 153 126 2771862570
P 154 126 2788640042
P 155 126 2805351722
P 156 126 2822128938
P 157 126 2822063657
P 158 126 2821998121
P 159 126 2838709801
P 160 126 2939635495
P 161 126 2956347175
P 162 126 2956347431
P 163 126 2973059110
P 164 126 2989836326
P 165 126 2989771046
P 166 126 3006482726
P 167 126 3023194661
P 40 127 2384216402
P 41 127 2384216402
P 42 127 2384216402
P 43 127 2384216402
P 44 127 2384216402
P 45 127 2384216402
P 46 127 2367373649
P 47 127 2367373649
P 48 127 2350727504
P 49 127 2350727248
P 50 127 2350661968
P 51 127 2350661968
P 52 127 2350661968
P 53 127 2333884751
P 54 127 2333884751
P 55 127 2333884751
P 56 127 2317238606
P 57 127 2317238350
P 58 127 2317238350
P 59 127 2317238349
P 60 127 2317238349
P 61 127 2317238349
P 62 127 2317238349
P 63 127 2300461133
P 64 127 2300592203
P 65 127 2300526667
P 66 127 2283749451
P 67 127 2283749451
P 68 127 2283749451
P 69 127 2283749451
P 70 127 2283749450
P 71 127 2283749450
P 72 127 2283880521
P 73 127 2267103304
P 74 127 2267103304
P 75 127 2267103304
P 76 127 2267103304
P 77 127 2267103304
P 78 127 2267103304
P 79 127 2267103304
P 80 127 2267234374
P 81 127 2267234374
P 82 127 2267299910
P 83 127 2267234374
P 84 127 2267234373
P 85 127 2267234373
P 86 127 2267234373
P 87 127 2267234373
P 88 127 2250653763
P 89 127 2250653763
P 90 127 2250653763
P 91 127 2250653763
P 92 127 2250653763
P 93 127 2250653507
P 94 127 2250653506
P 95 127 2250587970
P 96 127 2267627328
P 97 127 2267627328
P 98 127 2267627328
P 99 127 2267627328
P 100 127 2267627328
P 101 127 2267627327
P 102 127 2267561791
P 103 127 2267561791
P 104 127 2284601150
P 105 127 2284600893
P 106 127 2284600893
P 107 127 2284535357
P 108 127 2284600893
P 109 127 2284600892
P 110 127 2284535356
P 111 127 2301312572
P 112 127 2318351930
P 113 127 2318351930
P 114 127 2318351930
P 115 127 2318286394
P 116 127 2318286394
P 117 127 2335128890
P 118 127 2335063354
P 119 127 2335063354
P 120 127 2368879928
P 121 127 2368879928
P 122 127 2368879927
P 123 127 2385657143
P 124 127 2385591607
P 125 127 2385591607
P 126 127 2385657142
P 127 127 2385591606
P 128 127 2436185397
P 129 127 2436185397
P 130 127 2436119860
P 131 127 2452962612
P 132 127 2452897332
P 133 127 2452897332
P 134 127 2469674547
P 135 127 2469609011
P 136 127 2520137522
P 137 127 2520203057
P 138 127 2536914737
P 139 127 2536914993
P 140 127 2536849457
P 141 127 2553626672
P 142 127 2570403888
P 143 127 2570338608
P 144 127 2637709614
P 145 127 2654486830
P 146 127 2654421294
P 147 127 2654356013
P 148 127 2671133229
P 149 127 2687844909
P 150 127 2687845165
P 151 127 2687779628
P 152 127 2771927851
P 153 127 2771862314
P 154 127 2788639786
P 155 127 2805351722
P 156 127 2822128938
P 157 127 2822063401
P 158 127 2822063657
P 159 127 2838709801
P 160 127 2939635495
P 161 127 2956347175
P 162 127 2956347175
P 163 127 2973059110
P 164 127 2989836326
P 165 127 2989770790
P 166 127 3006482726
P 167 127 3023194405
P 40 128 2384216658
P 41 128 2384216658
P 42 128 2384216658
P 43 128 2367373905
P 44 128 2367373905
P 45 128 2367373905
P 46 128 2367373905
P 47 128 2367373905
P 48 128 2350662224
P 49 128 2350662224
P 50 128 2333885007
P 51 128 2333885007
P 52 128 2333885007
P 53 128 2333885007
P 54 128 2333885007
P 55 128 2333885007
P 56 128 2317238861
P 57 128 2317238861
P 58 128 2317238861
P 59 128 2317238861
P 60 128 2300461645
P 61 128 2300461645
P 62 128 2300461645
P 63 128 2300461644
P 64 128 2283749963
P 65 128 2283749963
P 66 128 2283749963
P 67 128 2283749962
P 68 128 2283749962
P 69 128 2283749962
P 70 128 2283749962
P 71 128 2283749961
P 72 128 2267103816
P 73 128 2267103816
P 74 128 2267103816
P 75 128 2267103816
P 76 128 2267103816
P 77 128 2267103815
P 78 128 2267103815
P 79 128 2267103815
P 80 128 2267300422
P 81 128 2267300421
P 82 128 2267234885
P 83 128 2267234885
P 84 128 2250457669
P 85 128 2250457669
P 86 128 2250457668
P 87 128 2250457668
P 88 128 2250654275
P 89 128 2250654275
P 90 128 2250654275
P 91 128 2250654018
P 92 128 2250654018
P 93 128 2267431490
P 94 128 2267431489
P 95 128 2267431233
P 96 128 2267627840
P 97 128 2267627840
P 98 128 2267627839
P 99 128 2267627839
P 100 128 2267627839
P 101 128 2267562303
P 102 128 2267562303
P 103 128 2267627839
P 104 128 2284601661
P 105 128 2284601661
P 106 128 2284601661
P 107 128 2284601661
P 108 128 2301378876
P 109 128 2301313340
P 110 128 2301313340
P 111 128 2301378876
P 112 128 2318352698
P 113 128 2318352698
P 114 128 2335129914
P 115 128 2335129658
P 116 128 2335129658
P 117 128 2335064121
P 118 128 2335129657
P 119 128 2335129657
P 120 128 2385657911
P 121 128 2385657911
P 122 128 2385657911
P 123 128 2385657911
P 124 128 2385657911
P 125 128 2402435126
P 126 128 2402435126
P 127 128 2402369590
P 128 128 2453028916
P 129 128 2452963380
P 130 128 2452963380
P 131 128 2469740596
P 132 128 2469675315
P 133 128 2486452531
P 134 128 2486452531
P 135 128 2486452531
P 136 128 2536981041
P 137 128 2553758257
P 138 128 2553758257
P 139 128 2570469936
P 140 128 2570470192
P 141 128 2587182128
P 142 128 2587182128
P 143 128 2587182128
P 144 128 2654487598
P 145 128 2671265070
P 146 128 2687977005
P 147 128 2687977005
P 148 128 2687911469
P 149 128 2704688685
P 150 128 2704623404
P 151 128 2721400620
P 152 128 2805483563
P 153 128 2822260778
P 154 128 2822195498
P 155 128 2822195498
P 156 128 2838907434
P 157 128 2855619113
P 158 128 2872396585
P 159 128 2872331049
P 160 128 2973191207
P 161 128 2989968679
P 162 128 2989903143
P 163 128 3006680358
P 164 128 3023392294
P 165 128 3040103974
P 166 128 3040103974
P 167 128 3056815653
P 40 129 2384216658
P 41 129 2384216658
P 42 129 2384216658
P 43 129 2367373905
P 44 129 2367373905
P 45 129 2367373905
P 46 129 2367373905
P 47 129 2367373905
P 48 129 2350662224
P 49 129 2350662224
P 50 129 2333885007
P 51 129 2333885007
P 52 129 2333885007
P 53 129 2333885007
P 54 129 2333885007
P 55 129 2333885007
P 56 129 2317238861
P 57 129 2317238861
P 58 129 2317238861
P 59 129 2317238861
P 60 129 2300461645
P 61 129 2300461645
P 62 129 2300461645
P 63 129 2300461644
P 64 129 2283749963
P 65 129 2283749963
P 66 129 2283749963
P 67 129 2283749962
P 68 129 2283749962
P 69 129 2283749962
P 70 129 2283749962
P 71 129 2283749961
P 72 129 2267103816
P 73 129 2267103816
P 74 129 2267103816
P 75 129 2267103816
P 76 129 2267103816
P 77 129 2267103815
P 78 129 2267103815
P 79 129 2267103815
P 80 129 2267300422
P 81 129 2267234885
P 82 129 2267234885
P 83 129 2267234885
P 84 129 2250457669
P 85 129 2250457669
P 86 129 2250457668
P 87 129 2250457668
P 88 129 2250654275
P 89 129 2250654275
P 90 129 2250654275
P 91 129 2250654274
P 92 129 2250654018
P 93 129 2267431490
P 94 129 2267431489
P 95 129 2267431489
P 96 129 2267627840
P 97 129 2267627840
P 98 129 2267627839
P 99 129 2267627839
P 100 129 2267627839
P 101 129 2267562303
P 102 129 2267562303
P 103 129 2267627839
P 104 129 2284601661
P 105 129 2284601661
P 106 129 2284601661
P 107 129 2284601661
P 108 129 2301378876
P 109 129 2301313340
P 110 129 2301313340
P 111 129 2301378876
P 112 129 2318352698
P 113 129 2318287162
P 114 129 2335129914
P 115 129 2335129914
P 116 129 2335129658
P 117 129 2335064121
P 118 129 2335129657
P 119 129 2335129657
P 120 129 2385657911
P 121 129 2385657911
P 122 129 2385657911
P 123 129 2385657911
P 124 129 2385657911
P 125 129 2402435126
P 126 129 2402369590
P 127 129 2402369590
P 128 129 2453028916
P 129 129 2452963380
P 130 129 2452963380
P 131 129 2469740596
P 132 129 2469675059
P 133 129 2486452531
P 134 129 2486452531
P 135 129 2486452531
P 136 129 2537046321
P 137 129 2553758257
P 138 129 2553758257
P 139 129 2570469936
P 140 129 2570469936
P 141 129 2587181872
P 142 129 2587182128
P 143 129 2587182128
P 144 129 2654487598
P 145 129 2671264814
P 146 129 2687976749
P 147 129 2687977005
P 148 129 2687911469
P 149 129 2704688685
P 150 129 2704623404
P 151 129 2721400620
P 152 129 2805549099
P 153 129 2822260778
P 154 129 2822195242
P 155 129 2822195498
P 156 129 2838907178
P 157 129 2855619113
P 158 129 2872396329
P 159 129 2872331049
P 160 129 2973256487
P 161 129 2989968423
P 162 129 2989903143
P 163 129 3006680358
P 164 129 3023392038
P 165 129 3040103974
P 166 129 3040103974
P 167 129 3056815653
P 40 130 2384216658
P 41 130 2384216658
P 42 130 2384216658
P 43 130 2367373905
P 44 130 2367373905
P 45 130 2367373905
P 46 130 2367373905
P 47 130 2367373905
P 48 130 2350662224
P 49 130 2350662224
P 50 130 2333885007
P 51 130 2333885007
P 52 130 2333885007
P 53 130 2333885007
P 54 130 2333885007
P 55 130 2333885007
P 56 130 2317238861
P 57 130 2317238861
P 58 130 2317238861
P 59 130 2317238861
P 60 130 2300461645
P 61 130 2300461645
P 62 130 2300461645
P 63 130 2300396108
P 64 130 2283749963
P 65 130 2283749963
P 66 130 2283749963
P 67 130 2283749962
P 68 130 2283749962
P 69 130 2283749962
P 70 130 2283749962
P 71 130 2283749961
P 72 130 2267103816
P 73 130 2267103816
P 74 130 2267103816
P 75 130 2267103816
P 76 130 2267103816
P 77 130 2267103815
P 78 130 2267103815
P 79 130 2267103815
P 80 130 2267300422
P 81 130 2267234885
P 82 130 2267234885
P 83 130 2267234885
P 84 130 2250457669
P 85 130 2250457669
P 86 130 2250457668
P 87 130 2250457668
P 88 130 2250654275
P 89 130 2250654275
P 90 130 2250654275
P 91 130 2250654274
P 92 130 2250654274
P 93 130 2267431490
P 94 130 2267431489
P 95 130 2267431489
P 96 130 2267628096
P 97 130 2267628096
P 98 130 2267627839
P 99 130 2267627839
P 100 130 2267562303
P 101 130 2267562303
P 102 130 2267562303
P 103 130 2267562303
P 104 130 2284601661
P 105 130 2284601917
P 106 130 2284601661
P 107 130 2284601661
P 108 130 2301313340
P 109 130 2301313340
P 110 130 2301313340
P 111 130 2301313340
P 112 130 2318352698
P 113 130 2318287162
P 114 130 2335129914
P 115 130 2335129914
P 116 130 2335064378
P 117 130 2335064377
P 118 130 2335129657
P 119 130 2335064121
P 120 130 2385657911
P 121 130 2385657911
P 122 130 2385592375
P 123 130 2385657911
P 124 130 2385657911
P 125 130 2402435126
P 126 130 2402369590
P 127 130 2402369590
P 128 130 2453028916
P 129 130 2452963380
P 130 130 2452963380
P 131 130 2469740596
P 132 130 2469675059
P 133 130 2486452531
P 134 130 2486452531
P 135 130 2486452531
P 136 130 2537046321
P 137 130 2553758257
P 138 130 2553758257
P 139 130 2570469936
P 140 130 2570469936
P 141 130 2587181872
P 142 130 2587181872
P 143 130 2587182128
P 144 130 2654487598
P 145 130 2671264814
P 146 130 2687976749
P 147 130 2687976749
P 148 130 2687911469
P 149 130 2704688685
P 150 130 2704623148
P 151 130 2721400620
P 152 130 2805549099
P 153 130 2822260778
P 154 130 2822195242
P 155 130 2822195242
P 156 130 2838907178
P 157 130 2855619113
P 158 130 2872396329
P 159 130 2872330793
P 160 130 2973256487
P 161 130 2989968423
P 162 130 2989902887
P 163 130 3006680358
P 164 130 3023392038
P 165 130 3040103974
P 166 130 3040103974
P 167 130 3056815653
P 40 131 2384216658
P 41 131 2384216658
P 42 131 2384216658
P 43 131 2367373905
P 44 131 2367373905
P 45 131 2367373905
P 46 131 2367373905
P 47 131 2367373905
P 48 131 2350662224
P 49 131 2350662224
P 50 131 2333885007
P 51 131 2333885007
P 52 131 2333885007
P 53 131 2333885007
P 54 131 2333885007
P 55 131 2333885007
P 56 131 2317238861
P 57 131 2317238861
P 58 131 2317238861
P 59 131 2317238861
P 60 131 2300461645
P 61 131 2300461645
P 62 131 2300461645
P 63 131 2300396108
P 64 131 2283749963
P 65 131 2283749963
P 66 131 2283749963
P 67 131 2283749962
P 68 131 2283749962
P 69 131 2283749962
P 70 131 2283749962
P 71 131 2283749961
P 72 131 2267103816
P 73 131 2267103816
P 74 131 2267103816
P 75 131 2267103816
P 76 131 2267103816
P 77 131 2267103815
P 78 131 2267103815
P 79 131 2267103815
P 80 131 2267234886
P 81 131 2267234885
P 82 131 2267234885
P 83 131 2267234885
P 84 131 2250457669
P 85 131 2250457669
P 86 131 2250457668
P 87 131 2250457668
P 88 131 2250654275
P 89 131 2250654275
P 90 131 2250654275
P 91 131 2250654274
P 92 131 2250654274
P 93 131 2267431490
P 94 131 2267431489
P 95 131 2267431489
P 96 131 2267628096
P 97 131 2267628096
P 98 131 2267628095
P 99 131 2267562303
P 100 131 2267562303
P 101 131 2267562303
P 102 131 2267562303
P 103 131 2267562303
P 104 131 2284536125
P 105 131 2284601917
P 106 131 2284601917
P 107 131 2284536125
P 108 131 2301313340
P 109 131 2301313340
P 110 131 2301313340
P 111 131 2301313340
P 112 131 2318287162
P 113 131 2318287162
P 114 131 2335129914
P 115 131 2335064378
P 116 131 2335064378
P 117 131 2335064377
P 118 131 2335129913
P 119 131 2335064121
P 120 131 2385657911
P 121 131 2385657911
P 122 131 2385592375
P 123 131 2385657910
P 124 131 2385657911
P 125 131 2402369590
P 126 131 2402369590
P 127 131 2402369590
P 128 131 2452963380
P 129 131 2452963380
P 130 131 2452963380
P 131 131 2469740596
P 132 131 2469675059
P 133 131 2486452275
P 134 131 2486452531
P 135 131 2486452531
P 136 131 2537046321
P 137 131 2553758001
P 138 131 2553758257
P 139 131 2570469936
P 140 131 2570469936
P 141 131 2587181616
P 142 131 2587181872
P 143 131 2587181872
P 144 131 2654487598
P 145 131 2671264814
P 146 131 2688042285
P 147 131 2687976749
P 148 131 2687911213
P 149 131 2704688685
P 150 131 2704623148
P 151 131 2721400364
P 152 131 2805548843
P 153 131 2822260778
P 154 131 2822260778
P 155 131 2822195242
P 156 131 2838906922
P 157 131 2855618857
P 158 131 2872396329
P 159 131 2872330793
P 160 131 2973256231
P 161 131 2989968167
P 162 131 2989968423
P 163 131 3006680102
P 164 131 3023392038
P 165 131 3040103718
P 166 131 3040103974
P 167 131 3056815653
P 40 132 2384216658
P 41 132 2384216658
P 42 132 2384216658
P 43 132 2367373905
P 44 132 2367373905
P 45 132 2367373905
P 46 132 2367373905
P 47 132 2367373905
P 48 132 2350662224
P 49 132 2350662224
P 50 132 2333885007
P 51 132 2333885007
P 52 132 2333885007
P 53 132 2333885007
P 54 132 2333885007
P 55 132 2333885007
P 56 132 2317238861
P 57 132 2317238861
P 58 132 2317238861
P 59 132 2317238861
P 60 132 2300461645
P 61 132 2300461645
P 62 132 2300396109
P 63 132 2300396108
P 64 132 2283749963
P 65 132 2283749963
P 66 132 2283749963
P 67 132 2283749962
P 68 132 2283749962
P 69 132 2283749962
P 70 132 2283749962
P 71 132 2283749961
P 72 132 2267103816
P 73 132 2267103816
P 74 132 2267103816
P 75 132 2267103816
P 76 132 2267103816
P 77 132 2267103815
P 78 132 2267103815
P 79 132 2267103815
P 80 132 2267234886
P 81 132 2267234885
P 82 132 2267234885
P 83 132 2267234885
P 84 132 2250457669
P 85 132 2250457669
P 86 132 2250457668
P 87 132 2250457668
P 88 132 2250654275
P 89 132 2250654275
P 90 132 2250654275
P 91 132 2250654274
P 92 132 2250588738
P 93 132 2267431490
P 94 132 2267431489
P 95 132 2267431489
P 96 132 2267628096
P 97 132 2267628096
P 98 132 2267628095
P 99 132 2267562559
P 100 132 2267562559
P 101 132 2267562303
P 102 132 2267562303
P 103 132 2267562303
P 104 132 2284536125
P 105 132 2284601917
P 106 132 2284601917
P 107 132 2284536381
P 108 132 2301313596
P 109 132 2301313340
P 110 132 2301313340
P 111 132 2301313340
P 112 132 2318287162
P 113 132 2318287162
P 114 132 2335129914
P 115 132 2335064378
P 116 132 2335064378
P 117 132 2335064377
P 118 132 2335064377
P 119 132 2335064377
P 120 132 2385658167
P 121 132 2385592375
P 122 132 2385592375
P 123 132 2385657910
P 124 132 2385592375
P 125 132 2402369590
P 126 132 2402369590
P 127 132 2402369590
P 128 132 2452963380
P 129 132 2452963380
P 130 132 2452963380
P 131 132 2469740596
P 132 132 2469675059
P 133 132 2486452275
P 134 132 2486452275
P 135 132 2486452531
P 136 132 2537046321
P 137 132 2553758001
P 138 132 2553758001
P 139 132 2570535472
P 140 132 2570469936
P 141 132 2587181616
P 142 132 2587181616
P 143 132 2587181872
P 144 132 2654487598
P 145 132 2671264814
P 146 132 2688042285
P 147 132 2687976749
P 148 132 2687911213
P 149 132 2704688429
P 150 132 2704623148
P 151 132 2721400364
P 152 132 2805548843
P 153 132 2822260522
P 154 132 2822260778
P 155 132 2822195242
P 156 132 2838906922
P 157 132 2855618601
P 158 132 2872396073
P 159 132 2872330793
P 160 132 2973256231
P 161 132 2989967911
P 162 132 2989968167
P 163 132 3006680102
P 164 132 3023392038
P 165 132 3040103718
P 166 132 3040103718
P 167 132 3056815653
P 40 133 2384216658
P 41 133 2384216658
P 42 133 2384216658
P 43 133 2367373905
P 44 133 2367373905
P 45 133 2367373905
P 46 133 2367373905
P 47 133 2367373905
P 48 133 2350662224
P 49 133 2350662224
P 50 133 2333885007
P 51 133 2333885007
P 52 133 2333885007
P 53 133 2333885007
P 54 133 2333885007
P 55 133 2333885007
P 56 133 2317238861
P 57 133 2317238861
P 58 133 2317238861
P 59 133 2317238861
P 60 133 2300461645
P 61 133 2300396109
P 62 133 2300396109
P 63 133 2300396108
P 64 133 2283749963
P 65 133 2283749963
P 66 133 2283749963
P 67 133 2283749962
P 68 133 2283749962
P 69 133 2283749962
P 70 133 2283749962
P 71 133 2283749961
P 72 133 2267103816
P 73 133 2267103816
P 74 133 2267103816
P 75 133 2267103816
P 76 133 2267103816
P 77 133 2267103815
P 78 133 2267103815
P 79 133 2267103815
P 80 133 2267234886
P 81 133 2267234885
P 82 133 2267234885
P 83 133 2267234885
P 84 133 2250457669
P 85 133 2250457669
P 86 133 2250457668
P 87 133 2250457668
P 88 133 2250654275
P 89 133 2250654275
P 90 133 2250654275
P 91 133 2250654274
P 92 133 2250588738
P 93 133 2267431490
P 94 133 2267431489
P 95 133 2267431489
P 96 133 2267628096
P 97 133 2267628096
P 98 133 2267562559
P 99 133 2267562559
P 100 133 2267562559
P 101 133 2267562559
P 102 133 2267562303
P 103 133 2267562303
P 104 133 2284536125
P 105 133 2284601917
P 106 133 2284536381
P 107 133 2284536381
P 108 133 2301313596
P 109 133 2301313596
P 110 133 2301313340
P 111 133 2301313340
P 112 133 2318287162
P 113 133 2318287162
P 114 133 2335064378
P 115 133 2335064378
P 116 133 2335064378
P 117 133 2335064377
P 118 133 2335064377
P 119 133 2335064377
P 120 133 2385658167
P 121 133 2385592631
P 122 133 2385592375
P 123 133 2385657910
P 124 133 2385592375
P 125 133 2402369590
P 126 133 2402369590
P 127 133 2402369590
P 128 133 2452963380
P 129 133 2452963380
P 130 133 2452963380
P 131 133 2469740596
P 132 133 2469675059
P 133 133 2486452275
P 134 133 2486452275
P 135 133 2486452275
P 136 133 2537046321
P 137 133 2553758001
P 138 133 2553758001
P 139 133 2570535216
P 140 133 2570469936
P 141 133 2587181616
P 142 133 2587181616
P 143 133 2587181616
P 144 133 2654487342
P 145 133 2671264814
P 146 133 2688042029
P 147 133 2687976749
P 148 133 2687976749
P 149 133 2704688429
P 150 133 2704622892
P 151 133 2721400364
P 152 133 2805548587
P 153 133 2822260522
P 154 133 2822260522
P 155 133 2822195242
P 156 133 2838972458
P 157 133 2855618601
P 158 133 2872395817
P 159 133 2872330537
P 160 133 2973256231
P 161 133 2989967911
P 162 133 2989967911
P 163 133 3006679846
P 164 133 3023457318
P 165 133 3040103718
P 166 133 3040103718
P 167 133 3056815397
P 40 134 2384216658
P 41 134 2384216658
P 42 134 2384216658
P 43 134 2367373905
P 44 134 2367373905
P 45 134 2367373905
P 46 134 2367373905
P 47 134 2367373905
P 48 134 2350662224
P 49 134 2350662224
P 50 134 2333885007
P 51 134 2333885007
P 52 134 2333885007
P 53 134 2333885007
P 54 134 2333885007
P 55 134 2333885007
P 56 134 2317238861
P 57 134 2317238861
P 58 134 2317238861
P 59 134 2317238861
P 60 134 2300461645
P 61 134 2300396109
P 62 134 2300396109
P 63 134 2300396108
P 64 134 2283749963
P 65 134 2283749963
P 66 134 2283749963
P 67 134 2283750218
P 68 134 2283749962
P 69 134 2283749962
P 70 134 2283749962
P 71 134 2283749961
P 72 134 2267103816
P 73 134 2267103816
P 74 134 2267103816
P 75 134 2267103816
P 76 134 2267103816
P 77 134 2267103815
P 78 134 2267103815
P 79 134 2267103815
P 80 134 2267234886
P 81 134 2267234885
P 82 134 2267234885
P 83 134 2267234885
P 84 134 2250457669
P 85 134 2250457669
P 86 134 2250457668
P 87 134 2250457668
P 88 134 2250654275
P 89 134 2250654275
P 90 134 2250654275
P 91 134 2250588738
P 92 134 2250588738
P 93 134 2267431490
P 94 134 2267431489
P 95 134 2267431489
P 96 134 2267628096
P 97 134 2267628096
P 98 134 2267562559
P 99 134 2267562559
P 100 134 2267562559
P 101 134 2267562559
P 102 134 2267562559
P 103 134 2267562559
P 104 134 2284536125
P 105 134 2284601917
P 106 134 2284536381
P 107 134 2284536381
P 108 134 2301313596
P 109 134 2301313596
P 110 134 2301313596
P 111 134 2301313596
P 112 134 2318287162
P 113 134 2318287162
P 114 134 2335064378
P 115 134 2335064378
P 116 134 2335064378
P 117 134 2335064377
P 118 134 2335064377
P 119 134 2335064377
P 120 134 2385592631
P 121 134 2385592631
P 122 134 2385592631
P 123 134 2385592630
P 124 134 2385592375
P 125 134 2402369590
P 126 134 2402369590
P 127 134 2402369590
P 128 134 2452963380
P 129 134 2452963380
P 130 134 2452963380
P 131 134 2469675060
P 132 134 2469675059
P 133 134 2486452275
P 134 134 2486452275
P 135 134 2486452275
P 136 134 2537046065
P 137 134 2553758001
P 138 134 2553758001
P 139 134 2570535216
P 140 134 2570469680
P 141 134 2587247152
P 142 134 2587181616
P 143 134 2587181616
P 144 134 2654487342
P 145 134 2671264558
P 146 134 2688042029
P 147 134 2687976749
P 148 134 2687976749
P 149 134 2704688429
P 150 134 2704622892
P 151 134 2721400364
P 152 134 2805548587
P 153 134 2822260266
P 154 134 2822260522
P 155 134 2822195242
P 156 134 2838972458
P 157 134 2855684137
P 158 134 2872395817
P 159 134 2872330537
P 160 134 2973256231
P 161 134 2989967911
P 162 134 2989967911
P 163 134 3006679846
P 164 134 3023457062
P 165 134 3040168998
P 166 134 3040103718
P 167 134 3056815397
P 40 135 2384216658
P 41 135 2384216658
P 42 135 2384216658
P 43 135 2367373905
P 44 135 2367373905
P 45 135 2367373905
P 46 135 2367373905
P 47 135 2367373905
P 48 135 2350662224
P 49 135 2350662224
P 50 135 2333885007
P 51 135 2333885007
P 52 135 2333885007
P 53 135 2333885007
P 54 135 2333885007
P 55 135 2333885007
P 56 135 2317238861
P 57 135 2317238861
P 58 135 2317238861
P 59 135 2317238861
P 60 135 2300396109
P 61 135 2300396109
P 62 135 2300396109
P 63 135 2300396108
P 64 135 2283749963
P 65 135 2283749963
P 66 135 2283749963
P 67 135 2283750218
P 68 135 2283750218
P 69 135 2283749962
P 70 135 2283749962
P 71 135 2283749961
P 72 135 2267104072
P 73 135 2267103816
P 74 135 2267103816
P 75 135 2267103816
P 76 135 2267103816
P 77 135 2267103815
P 78 135 2267103815
P 79 135 2267103815
P 80 135 2267234886
P 81 135 2267234885
P 82 135 2267234885
P 83 135 2267234885
P 84 135 2250457669
P 85 135 2250457669
P 86 135 2250457668
P 87 135 2250457668
P 88 135 2250654275
P 89 135 2250654275
P 90 135 2250654275
P 91 135 2250588738
P 92 135 2250588738
P 93 135 2267431490
P 94 135 2267431489
P 95 135 2267365953
P 96 135 2267628096
P 97 135 2267562560
P 98 135 2267562559
P 99 135 2267562559
P 100 135 2267562559
P 101 135 2267562559
P 102 135 2267562559
P 103 135 2267562559
P 104 135 2284536381
P 105 135 2284536381
P 106 135 2284536381
P 107 135 2284536381
P 108 135 2301313596
P 109 135 2301313596
P 110 135 2301313596
P 111 135 2301313596
P 112 135 2318287418
P 113 135 2318287162
P 114 135 2335064378
P 115 135 2335064378
P 116 135 2335064378
P 117 135 2335064377
P 118 135 2335064377
P 119 135 2335064377
P 120 135 2385592631
P 121 135 2385592631
P 122 135 2385592631
P 123 135 2385592630
P 124 135 2385592631
P 125 135 2402369590
P 126 135 2402369590
P 127 135 2402304054
P 128 135 2452963636
P 129 135 2452963380
P 130 135 2452963380
P 131 135 2469675060
P 132 135 2469675059
P 133 135 2486452275
P 134 135 2486452275
P 135 135 2486452275
P 136 135 2537046065
P 137 135 2553757745
P 138 135 2553758001
P 139 135 2570535216
P 140 135 2570469680
P 141 135 2587246896
P 142 135 2587181616
P 143 135 2587181616
P 144 135 2654487342
P 145 135 2671264558
P 146 135 2688041773
P 147 135 2687976493
P 148 135 2687976749
P 149 135 2704688429
P 150 135 2704688428
P 151 135 2721400108
P 152 135 2805548587
P 153 135 2822260266
P 154 135 2822260266
P 155 135 2822194986
P 156 135 2838972458
P 157 135 2855684137
P 158 135 2872461353
P 159 135 2872330537
P 160 135 2973256231
P 161 135 2989967911
P 162 135 2989967911
P 163 135 3006679846
P 164 135 3023457062
P 165 135 3040168742
P 166 135 3040103462
P 167 135 3056815397
P 40 136 2367374161
P 41 136 2367374161
P 42 136 2367374161
P 43 136 2367374161
P 44 136 2367374161
P 45 136 2367374161
P 46 136 2367374161
P 47 136 2350596944
P 48 136 2333885263
P 49 136 2333885519
P 50 136 2333885519
P 51 136 2333885263
P 52 136 2333885263
P 53 136 2333885263
P 54 136 2333885518
P 55 136 2333885518
P 56 136 2317239373
P 57 136 2300462157
P 58 136 2300462157
P 59 136 2300462156
P 60 136 2300396620
P 61 136 2300396620
P 62 136 2300396620
P 63 136 2300396620
P 64 136 2283750474
P 65 136 2283750474
P 66 136 2283750474
P 67 136 2283750474
P 68 136 2283750473
P 69 136 2283750473
P 70 136 2283750473
P 71 136 2283750473
P 72 136 2267104328
P 73 136 2267104328
P 74 136 2267104583
P 75 136 2267104327
P 76 136 2267104327
P 77 136 2267104327
P 78 136 2267104327
P 79 136 2267104327
P 80 136 2267235653
P 81 136 2250458437
P 82 136 2250458437
P 83 136 2250458180
P 84 136 2250458180
P 85 136 2250458180
P 86 136 2250458180
P 87 136 2250458180
P 88 136 2250655042
P 89 136 2250655042
P 90 136 2267432258
P 91 136 2267432257
P 92 136 2267432258
P 93 136 2267432257
P 94 136 2267432257
P 95 136 2267366465
P 96 136 2267563327
P 97 136 2267563327
P 98 136 2267563327
P 99 136 2267563071
P 100 136 2267563071
P 101 136 2267563071
P 102 136 2284340286
P 103 136 2284340286
P 104 136 2284536893
P 105 136 2301314108
P 106 136 2301314108
P 107 136 2301314108
P 108 136 2301314108
P 109 136 2301314108
P 110 136 2301314363
P 111 136 2301314107
P 112 136 2335065146
P 113 136 2335065146
P 114 136 2335065145
P 115 136 2335130681
P 116 136 2335065145
P 117 136 2351842361
P 118 136 2351842361
P 119 136 2351842361
P 120 136 2385658935
P 121 136 2385658935
P 122 136 2402370614
P 123 136 2402370614
P 124 136 2402370614
P 125 136 2402370614
P 126 136 2419147830
P 127 136 2419147830
P 128 136 2469741620
P 129 136 2469741619
P 130 136 2486518836
P 131 136 2486518580
P 132 136 2486453043
P 133 136 2503230259
P 134 136 2503295795
P 135 136 2503230259
P 136 136 2570601265
P 137 136 2570535985
P 138 136 2587378736
P 139 136 2587313200
P 140 136 2587313456
P 141 136 2604025136
P 142 136 2604025392
P 143 136 2604025392
P 144 136 2688108078
P 145 136 2688108334
P 146 136 2704820013
P 147 136 2704820013
P 148 136 2721531949
P 149 136 2721532205
P 150 136 2738243884
P 151 136 2738243884
P 152 136 2822326827
P 153 136 2839104042
P 154 136 2855815978
P 155 136 2872593194
P 156 136 2872527913
P 157 136 2889305385
P 158 136 2889239849
P 159 136 2905951529
P 160 136 3006811687
P 161 136 3023589159
P 162 136 3040301094
P 163 136 3040235558
P 164 136 3057012774
P 165 136 3073724710
P 166 136 3090502182
P 167 136 3090436645
P 40 137 2367374161
P 41 137 2367374161
P 42 137 2367374161
P 43 137 2367374161
P 44 137 2367374161
P 45 137 2367374161
P 46 137 2367374161
P 47 137 2350596944
P 48 137 2333885263
P 49 137 2333885519
P 50 137 2333885519
P 51 137 2333885519
P 52 137 2333885263
P 53 137 2333885263
P 54 137 2333885518
P 55 137 2333885518
P 56 137 2317239373
P 57 137 2300462157
P 58 137 2300462157
P 59 137 2300396620
P 60 137 2300396620
P 61 137 2300396620
P 62 137 2300396620
P 63 137 2300396620
P 64 137 2283750474
P 65 137 2283750474
P 66 137 2283750474
P 67 137 2283750474
P 68 137 2283750473
P 69 137 2283750473
P 70 137 2283750473
P 71 137 2283750473
P 72 137 2267104328
P 73 137 2267104328
P 74 137 2267104583
P 75 137 2267104583
P 76 137 2267104327
P 77 137 2267104327
P 78 137 2267104327
P 79 137 2267104327
P 80 137 2267235653
P 81 137 2250458437
P 82 137 2250458437
P 83 137 2250458436
P 84 137 2250458180
P 85 137 2250458180
P 86 137 2250458180
P 87 137 2250458180
P 88 137 2250655042
P 89 137 2250589506
P 90 137 2267432258
P 91 137 2267432257
P 92 137 2267432258
P 93 137 2267432257
P 94 137 2267366721
P 95 137 2267366721
P 96 137 2267563327
P 97 137 2267563327
P 98 137 2267563327
P 99 137 2267563327
P 100 137 2267563071
P 101 137 2267563071
P 102 137 2284340286
P 103 137 2284340286
P 104 137 2284536893
P 105 137 2301314108
P 106 137 2301314108
P 107 137 2301314108
P 108 137 2301314108
P 109 137 2301314108
P 110 137 2301314363
P 111 137 2301314363
P 112 137 2335065146
P 113 137 2335065146
P 114 137 2335065145
P 115 137 2335065401
P 116 137 2335065145
P 117 137 2351842361
P 118 137 2351842361
P 119 137 2351842361
P 120 137 2385658935
P 121 137 2385593399
P 122 137 2402370614
P 123 137 2402370614
P 124 137 2402370614
P 125 137 2402370614
P 126 137 2419147830
P 127 137 2419147830
P 128 137 2469741620
P 129 137 2469676083
P 130 137 2486518836
P 131 137 2486453300
P 132 137 2486453043
P 133 137 2503230259
P 134 137 2503230259
P 135 137 2503230259
P 136 137 2570601265
P 137 137 2570535729
P 138 137 2587378736
P 139 137 2587313200
P 140 137 2587313200
P 141 137 2604025136
P 142 137 2604025136
P 143 137 2604025392
P 144 137 2688108078
P 145 137 2688108078
P 146 137 2704820013
P 147 137 2704820013
P 148 137 2721531693
P 149 137 2721531949
P 150 137 2738243884
P 151 137 2738243884
P 152 137 2822326827
P 153 137 2839104042
P 154 137 2855815722
P 155 137 2872593194
P 156 137 2872527657
P 157 137 2889305129
P 158 137 2889239849
P 159 137 2905951529
P 160 137 3006876967
P 161 137 3023588903
P 162 137 3040300838
P 163 137 3040235558
P 164 137 3057012774
P 165 137 3073724454
P 166 137 3090501926
P 167 137 3090436645
P 40 138 2367374161
P 41 138 2367374161
P 42 138 2367374161
P 43 138 2367374161
P 44 138 2367374161
P 45 138 2367374161
P 46 138 2367374161
P 47 138 2350596944
P 48 138 2333885519
P 49 138 2333885519
P 50 138 2333885519
P 51 138 2333885519
P 52 138 2333885519
P 53 138 2333885519
P 54 138 2333885518
P 55 138 2333885518
P 56 138 2317239373
P 57 138 2300462157
P 58 138 2300396621
P 59 138 2300396620
P 60 138 2300396620
P 61 138 2300396620
P 62 138 2300396620
P 63 138 2300396620
P 64 138 2283750474
P 65 138 2283750474
P 66 138 2283750474
P 67 138 2283750474
P 68 138 2283750473
P 69 138 2283750473
P 70 138 2283750473
P 71 138 2283750473
P 72 138 2267104328
P 73 138 2267104328
P 74 138 2267104583
P 75 138 2267104583
P 76 138 2267104583
P 77 138 2267104583
P 78 138 2267104327
P 79 138 2267104327
P 80 138 2267235653
P 81 138 2250458437
P 82 138 2250458437
P 83 138 2250458436
P 84 138 2250458436
P 85 138 2250458436
P 86 138 2250458180
P 87 138 2250458180
P 88 138 2250655042
P 89 138 2250589506
P 90 138 2267432258
P 91 138 2267432257
P 92 138 2267432258
P 93 138 2267432257
P 94 138 2267366721
P 95 138 2267366721
P 96 138 2267563327
P 97 138 2267563327
P 98 138 2267563327
P 99 138 2267563327
P 100 138 2267563327
P 101 138 2267563327
P 102 138 2284340286
P 103 138 2284340286
P 104 138 2284537149
P 105 138 2301314364
P 106 138 2301314108
P 107 138 2301314108
P 108 138 2301314108
P 109 138 2301314108
P 110 138 2301314363
P 111 138 2301314363
P 112 138 2335065402
P 113 138 2335065402
P 114 138 2335065145
P 115 138 2335065401
P 116 138 2335065401
P 117 138 2351842617
P 118 138 2351842361
P 119 138 2351776825
P 120 138 2385658935
P 121 138 2385593399
P 122 138 2402370614
P 123 138 2402370614
P 124 138 2402370614
P 125 138 2402370614
P 126 138 2419147830
P 127 138 2419147830
P 128 138 2469741620
P 129 138 2469676083
P 130 138 2486453300
P 131 138 2486453300
P 132 138 2486453299
P 133 138 2503230515
P 134 138 2503230259
P 135 138 2503164723
P 136 138 2570601521
P 137 138 2570535985
P 138 138 2587378480
P 139 138 2587313200
P 140 138 2587313200
P 141 138 2604025136
P 142 138 2604025136
P 143 138 2604025136
P 144 138 2688108078
P 145 138 2688108078
P 146 138 2704819757
P 147 138 2704820013
P 148 138 2721531693
P 149 138 2721531949
P 150 138 2738243628
P 151 138 2738243884
P 152 138 2822326827
P 153 138 2839104042
P 154 138 2855815722
P 155 138 2872593194
P 156 138 2872527657
P 157 138 2889305129
P 158 138 2889239593
P 159 138 2905951529
P 160 138 3006876967
P 161 138 3023654439
P 162 138 3040300582
P 163 138 3040235302
P 164 138 3057012774
P 165 138 3073724454
P 166 138 3090501670
P 167 138 3090436389
P 40 139 2367374161
P 41 139 2367374161
P 42 139 2367374161
P 43 139 2367374161
P 44 139 2367374161
P 45 139 2367374161
P 46 139 2367374161
P 47 139 2350596944
P 48 139 2333885519
P 49 139 2333885519
P 50 139 2333885519
P 51 139 2333885519
P 52 139 2333885519
P 53 139 2333885519
P 54 139 2333885518
P 55 139 2333885518
P 56 139 2317239373
P 57 139 2300462157
P 58 139 2300396621
P 59 139 2300396620
P 60 139 2300396620
P 61 139 2300396620
P 62 139 2300396620
P 63 139 2300396620
P 64 139 2283750474
P 65 139 2283750474
P 66 139 2283750474
P 67 139 2283750474
P 68 139 2283750473
P 69 139 2283750473
P 70 139 2283750473
P 71 139 2283750473
P 72 139 2267104328
P 73 139 2267104328
P 74 139 2267104583
P 75 139 2267104583
P 76 139 2267104583
P 77 139 2267104583
P 78 139 2267104583
P 79 139 2267104327
P 80 139 2267235653
P 81 139 2250458437
P 82 139 2250458437
P 83 139 2250458436
P 84 139 2250458436
P 85 139 2250458436
P 86 139 2250458436
P 87 139 2250458180
P 88 139 2250589506
P 89 139 2250589506
P 90 139 2267432258
P 91 139 2267432257
P 92 139 2267432258
P 93 139 2267366721
P 94 139 2267366721
P 95 139 2267366721
P 96 139 2267563327
P 97 139 2267563327
P 98 139 2267563327
P 99 139 2267563327
P 100 139 2267563327
P 101 139 2267563327
P 102 139 2284340542
P 103 139 2284340286
P 104 139 2284537149
P 105 139 2301314364
P 106 139 2301314364
P 107 139 2301314108
P 108 139 2301314108
P 109 139 2301314108
P 110 139 2301314363
P 111 139 2301314363
P 112 139 2335065402
P 113 139 2335065402
P 114 139 2335065401
P 115 139 2335065401
P 116 139 2335065401
P 117 139 2351842617
P 118 139 2351842617
P 119 139 2351776825
P 120 139 2385593399
P 121 139 2385593399
P 122 139 2402370614
P 123 139 2402370614
P 124 139 2402370614
P 125 139 2402370614
P 126 139 2419147830
P 127 139 2419147830
P 128 139 2469676084
P 129 139 2469676083
P 130 139 2486453300
P 131 139 2486453300
P 132 139 2486453299
P 133 139 2503230515
P 134 139 2503230515
P 135 139 2503164723
P 136 139 2570535985
P 137 139 2570535985
P 138 139 2587378736
P 139 139 2587312944
P 140 139 2587313200
P 141 139 2604024880
P 142 139 2604025136
P 143 139 2604025136
P 144 139 2688107822
P 145 139 2688108078
P 146 139 2704885293
P 147 139 2704820013
P 148 139 2721531693
P 149 139 2721531693
P 150 139 2738243628
P 151 139 2738243628
P 152 139 2822326571
P 153 139 2839104042
P 154 139 2855881258
P 155 139 2872593194
P 156 139 2872527657
P 157 139 2889304873
P 158 139 2889239593
P 159 139 2905951273
P 160 139 3006876967
P 161 139 3023654439
P 162 139 3040366118
P 163 139 3040235046
P 164 139 3057012518
P 165 139 3073724454
P 166 139 3090501670
P 167 139 3090436134
P 40 140 2367374161
P 41 140 2367374161
P 42 140 2367374161
P 43 140 2367374161
P 44 140 2367374161
P 45 140 2367374161
P 46 140 2367374161
P 47 140 2350597200
P 48 140 2333885519
P 49 140 2333885519
P 50 140 2333885519
P 51 140 2333885519
P 52 140 2333885519
P 53 140 2333885519
P 54 140 2333885518
P 55 140 2333885518
P 56 140 2317239373
P 57 140 2300396621
P 58 140 2300396621
P 59 140 2300396620
P 60 140 2300396620
P 61 140 2300396620
P 62 140 2300396620
P 63 140 2300396620
P 64 140 2283750730
P 65 140 2283750474
P 66 140 2283750474
P 67 140 2283750474
P 68 140 2283750729
P 69 140 2283750473
P 70 140 2283750473
P 71 140 2283750473
P 72 140 2267104584
P 73 140 2267104328
P 74 140 2267104583
P 75 140 2267104583
P 76 140 2267104583
P 77 140 2267104583
P 78 140 2267104583
P 79 140 2267104583
P 80 140 2267235653
P 81 140 2250458437
P 82 140 2250458437
P 83 140 2250458436
P 84 140 2250458436
P 85 140 2250458436
P 86 140 2250458436
P 87 140 2250458436
P 88 140 2250589506
P 89 140 2250589506
P 90 140 2267432258
P 91 140 2267432257
P 92 140 2267366722
P 93 140 2267366721
P 94 140 2267366721
P 95 140 2267366721
P 96 140 2267563327
P 97 140 2267563327
P 98 140 2267563327
P 99 140 2267563327
P 100 140 2267563327
P 101 140 2267563327
P 102 140 2284340542
P 103 140 2284340542
P 104 140 2284537149
P 105 140 2301314364
P 106 140 2301314364
P 107 140 2301314364
P 108 140 2301314364
P 109 140 2301314108
P 110 140 2301248827
P 111 140 2301314363
P 112 140 2335065402
P 113 140 2335065402
P 114 140 2335065401
P 115 140 2335065401
P 116 140 2335065401
P 117 140 2351842617
P 118 140 2351777081
P 119 140 2351777081
P 120 140 2385593655
P 121 140 2385593399
P 122 140 2402370614
P 123 140 2402370614
P 124 140 2402305078
P 125 140 2402370614
P 126 140 2419147830
P 127 140 2419147830
P 128 140 2469676084
P 129 140 2469676083
P 130 140 2486453300
P 131 140 2486453300
P 132 140 2486453299
P 133 140 2503230515
P 134 140 2503164979
P 135 140 2503164979
P 136 140 2570535985
P 137 140 2570535985
P 138 140 2587378736
P 139 140 2587313200
P 140 140 2587313200
P 141 140 2604024880
P 142 140 2604024880
P 143 140 2604025136
P 144 140 2688107822
P 145 140 2688107822
P 146 140 2704885293
P 147 140 2704820013
P 148 140 2721531693
P 149 140 2721531693
P 150 140 2738243372
P 151 140 2738243629
P 152 140 2822326571
P 153 140 2839103786
P 154 140 2855881258
P 155 140 2872593194
P 156 140 2872527657
P 157 140 2889304873
P 158 140 2889239337
P 159 140 2905951273
P 160 140 3006876967
P 161 140 3023654439
P 162 140 3040366118
P 163 140 3040300582
P 164 140 3057012519
P 165 140 3073724199
P 166 140 3090501670
P 167 140 3090436134
P 40 141 2367374161
P 41 141 2367374161
P 42 141 2367374161
P 43 141 2367374161
P 44 141 2367374161
P 45 141 2367374417
P 46 141 2367374161
P 47 141 2350597200
P 48 141 2333885519
P 49 141 2333885519
P 50 141 2333885519
P 51 141 2333885519
P 52 141 2333885519
P 53 141 2333885519
P 54 141 2333885518
P 55 141 2333885518
P 56 141 2317239373
P 57 141 2300396621
P 58 141 2300396621
P 59 141 2300396620
P 60 141 2300396620
P 61 141 2300396620
P 62 141 2300396620
P 63 141 2300396620
P 64 141 2283750730
P 65 141 2283750730
P 66 141 2283750474
P 67 141 2283750474
P 68 141 2283750729
P 69 141 2283750729
P 70 141 2283750473
P 71 141 2283750473
P 72 141 2267104584
P 73 141 2267104584
P 74 141 2267104583
P 75 141 2267104583
P 76 141 2267104583
P 77 141 2267104583
P 78 141 2267104583
P 79 141 2267104583
P 80 141 2267235653
P 81 141 2250458437
P 82 141 2250458437
P 83 141 2250458436
P 84 141 2250458436
P 85 141 2250458436
P 86 141 2250458436
P 87 141 2250458436
P 88 141 2250589506
P 89 141 2250589506
P 90 141 2267432258
P 91 141 2267432257
P 92 141 2267366722
P 93 141 2267366721
P 94 141 2267366721
P 95 141 2267366721
P 96 141 2267563327
P 97 141 2267563327
P 98 141 2267563327
P 99 141 2267563327
P 100 141 2267563327
P 101 141 2267563327
P 102 141 2284340542
P 103 141 2284340542
P 104 141 2284537149
P 105 141 2301314364
P 106 141 2301314364
P 107 141 2301314364
P 108 141 2301314364
P 109 141 2301248828
P 110 141 2301248827
P 111 141 2301314363
P 112 141 2335065402
P 113 141 2335065402
P 114 141 2334999865
P 115 141 2335065401
P 116 141 2335065401
P 117 141 2351777081
P 118 141 2351777081
P 119 141 2351777081
P 120 141 2385593655
P 121 141 2385593655
P 122 141 2402370614
P 123 141 2402370614
P 124 141 2402305078
P 125 141 2402370870
P 126 141 2419147830
P 127 141 2419082294
P 128 141 2469676084
P 129 141 2469676083
P 130 141 2486453300
P 131 141 2486453300
P 132 141 2486453299
P 133 141 2503164979
P 134 141 2503164979
P 135 141 2503164979
P 136 141 2570535985
P 137 141 2570535985
P 138 141 2587313200
P 139 141 2587313200
P 140 141 2587313200
P 141 141 2604024880
P 142 141 2604024880
P 143 141 2604024880
P 144 141 2688107822
P 145 141 2688107822
P 146 141 2704885037
P 147 141 2704819757
P 148 141 2721597229
P 149 141 2721531693
P 150 141 2738243373
P 151 141 2738243373
P 152 141 2822326315
P 153 141 2839103786
P 154 141 2855881002
P 155 141 2872592938
P 156 141 2872593193
P 157 141 2889304874
P 158 141 2889239338
P 159 141 2905951017
P 160 141 3006876967
P 161 141 3023654439
P 162 141 3040366119
P 163 141 3040300583
P 164 141 3057077799
P 165 141 3073724199
P 166 141 3090501414
P 167 141 3090436134
P 40 142 2367374161
P 41 142 2367374161
P 42 142 2367374161
P 43 142 2367374161
P 44 142 2367374161
P 45 142 2367374417
P 46 142 2367374417
P 47 142 2350597200
P 48 142 2333885519
P 49 142 2333885519
P 50 142 2333885519
P 51 142 2333885519
P 52 142 2333885519
P 53 142 2333885519
P 54 142 2333885518
P 55 142 2333885518
P 56 142 2317239373
P 57 142 2300396621
P 58 142 2300396621
P 59 142 2300396620
P 60 142 2300396620
P 61 142 2300396620
P 62 142 2300396620
P 63 142 2300396620
P 64 142 2283750730
P 65 142 2283750730
P 66 142 2283750730
P 67 142 2283750730
P 68 142 2283750729
P 69 142 2283750729
P 70 142 2283750729
P 71 142 2283750729
P 72 142 2267104584
P 73 142 2267104584
P 74 142 2267104583
P 75 142 2267104583
P 76 142 2267104583
P 77 142 2267104583
P 78 142 2267104583
P 79 142 2267104583
P 80 142 2267235653
P 81 142 2250458437
P 82 142 2250458437
P 83 142 2250458436
P 84 142 2250458436
P 85 142 2250458436
P 86 142 2250458436
P 87 142 2250458436
P 88 142 2250589506
P 89 142 2250589506
P 90 142 2267432258
P 91 142 2267366721
P 92 142 2267366721
P 93 142 2267366721
P 94 142 2267366721
P 95 142 2267366721
P 96 142 2267563327
P 97 142 2267563327
P 98 142 2267563327
P 99 142 2267563327
P 100 142 2267563327
P 101 142 2267563327
P 102 142 2284275006
P 103 142 2284340542
P 104 142 2284537149
P 105 142 2301314364
P 106 142 2301314364
P 107 142 2301314364
P 108 142 2301314364
P 109 142 2301248828
P 110 142 2301248827
P 111 142 2301314363
P 112 142 2335065402
P 113 142 2335065402
P 114 142 2334999865
P 115 142 2335065401
P 116 142 2335065401
P 117 142 2351777081
P 118 142 2351777081
P 119 142 2351777081
P 120 142 2385593655
P 121 142 2385593655
P 122 142 2402370870
P 123 142 2402305334
P 124 142 2402305078
P 125 142 2402370870
P 126 142 2419082550
P 127 142 2419082550
P 128 142 2469676084
P 129 142 2469676083
P 130 142 2486453300
P 131 142 2486453300
P 132 142 2486453299
P 133 142 2503164979
P 134 142 2503164979
P 135 142 2503164979
P 136 142 2570535985
P 137 142 2570535985
P 138 142 2587313200
P 139 142 2587247664
P 140 142 2587313200
P 141 142 2604024880
P 142 142 2604024880
P 143 142 2604024880
P 144 142 2688107822
P 145 142 2688107822
P 146 142 2704885038
P 147 142 2704819758
P 148 142 2721596973
P 149 142 2721531693
P 150 142 2738243373
P 151 142 2738243373
P 152 142 2822326315
P 153 142 2839103530
P 154 142 2855881003
P 155 142 2872592938
P 156 142 2872592938
P 157 142 2889304874
P 158 142 2889239338
P 159 142 2905951017
P 160 142 3006876712
P 161 142 3023654183
P 162 142 3040366119
P 163 142 3040300583
P 164 142 3057077799
P 165 142 3073789479
P 166 142 3090501414
P 167 142 3090436134
P 40 143 2367374417
P 41 143 2367374161
P 42 143 2367374161
P 43 143 2367374161
P 44 143 2367374161
P 45 143 2367374417
P 46 143 2367374417
P 47 143 2350597200
P 48 143 2333885519
P 49 143 2333885519
P 50 143 2333885519
P 51 143 2333885519
P 52 143 2333885519
P 53 143 2333885519
P 54 143 2333885518
P 55 143 2333885518
P 56 143 2317239373
P 57 143 2300396621
P 58 143 2300396621
P 59 143 2300396620
P 60 143 2300396620
P 61 143 2300396620
P 62 143 2300396620
P 63 143 2300396620
P 64 143 2283750730
P 65 143 2283750730
P 66 143 2283750730
P 67 143 2283750730
P 68 143 2283750729
P 69 143 2283750729
P 70 143 2283750729
P 71 143 2283750729
P 72 143 2267104584
P 73 143 2267104584
P 74 143 2267104583
P 75 143 2267104583
P 76 143 2267104583
P 77 143 2267104583
P 78 143 2267104583
P 79 143 2267104583
P 80 143 2267235653
P 81 143 2250458437
P 82 143 2250458437
P 83 143 2250458436
P 84 143 2250458436
P 85 143 2250458436
P 86 143 2250458436
P 87 143 2250458436
P 88 143 2250589506
P 89 143 2250589506
P 90 143 2267432258
P 91 143 2267366721
P 92 143 2267366721
P 93 143 2267366721
P 94 143 2267366721
P 95 143 2267366721
P 96 143 2267563327
P 97 143 2267563327
P 98 143 2267563327
P 99 143 2267563327
P 100 143 2267563583
P 101 143 2267563327
P 102 143 2284275006
P 103 143 2284340542
P 104 143 2284537405
P 105 143 2301314364
P 106 143 2301314364
P 107 143 2301314364
P 108 143 2301248828
P 109 143 2301248828
P 110 143 2301248827
P 111 143 2301248827
P 112 143 2335065402
P 113 143 2334999866
P 114 143 2334999865
P 115 143 2335065401
P 116 143 2334999865
P 117 143 2351777081
P 118 143 2351777081
P 119 143 2351777081
P 120 143 2385593655
P 121 143 2385593655
P 122 143 2402370870
P 123 143 2402305334
P 124 143 2402305334
P 125 143 2402370870
P 126 143 2419082550
P 127 143 2419082549
P 128 143 2469676340
P 129 143 2469676083
P 130 143 2486453300
P 131 143 2486453300
P 132 143 2486387763
P 133 143 2503164979
P 134 143 2503164979
P 135 143 2503164979
P 136 143 2570536241
P 137 143 2570535985
P 138 143 2587313200
P 139 143 2587247664
P 140 143 2587247664
P 141 143 2604024880
P 142 143 2604024880
P 143 143 2604024880
P 144 143 2688107823
P 145 143 2688107822
P 146 143 2704885038
P 147 143 2704819502
P 148 143 2721596973
P 149 143 2721531437
P 150 143 2738308909
P 151 143 2738243373
P 152 143 2822326315
P 153 143 2839103531
P 154 143 2855880747
P 155 143 2872592682
P 156 143 2872592938
P 157 143 2889304618
P 158 143 2889304874
P 159 143 2905951017
P 160 143 3006876712
P 161 143 3023653927
P 162 143 3040365863
P 163 143 3040300583
P 164 143 3057077799
P 165 143 3073789479
P 166 143 3090501414
P 167 143 3090435878
P 40 144 2367374673
P 41 144 2367374673
P 42 144 2367374673
P 43 144 2367374673
P 44 144 2350597456
P 45 144 2350597456
P 46 144 2350597456
P 47 144 2350597456
P 48 144 2333885775
P 49 144 2333885775
P 50 144 2333885775
P 51 144 2333885774
P 52 144 2333885774
P 53 144 2317108814
P 54 144 2317108814
P 55 144 2317108558
P 56 144 2300397133
P 57 144 2300397132
P 58 144 2300397132
P 59 144 2300397132
P 60 144 2300397132
P 61 144 2300397132
P 62 144 2300397132
P 63 144 2300397131
P 64 144 2283751242
P 65 144 2283751241
P 66 144 2283751241
P 67 144 2283751241
P 68 144 2283751241
P 69 144 2283751241
P 70 144 2283751241
P 71 144 2266974025
P 72 144 2267105095
P 73 144 2267105095
P 74 144 2267105095
P 75 144 2267105095
P 76 144 2267105095
P 77 144 2267105094
P 78 144 2267105094
P 79 144 2267105094
P 80 144 2250458948
P 81 144 2250458948
P 82 144 2250458948
P 83 144 2250458948
P 84 144 2250458948
P 85 144 2250458948
P 86 144 2250458948
P 87 144 2250458947
P 88 144 2267433025
P 89 144 2267433026
P 90 144 2267367489
P 91 144 2267367489
P 92 144 2267367489
P 93 144 2267367489
P 94 144 2267367489
P 95 144 2267367488
P 96 144 2267564095
P 97 144 2267564095
P 98 144 2267564095
P 99 144 2284341310
P 100 144 2284341310
P 101 144 2284341310
P 102 144 2284341310
P 103 144 2284341310
P 104 144 2301315132
P 105 144 2301315132
P 106 144 2301315132
P 107 144 2301315132
P 108 144 2301315132
P 109 144 2301315132
P 110 144 2318092347
P 111 144 2318026811
P 112 144 2335066425
P 113 144 2335066425
P 114 144 2351843641
P 115 144 2351843385
P 116 144 2351777849
P 117 144 2351843384
P 118 144 2368620600
P 119 144 2368555064
P 120 144 2402371638
P 121 144 2402371638
P 122 144 2402371894
P 123 144 2419148854
P 124 144 2419148854
P 125 144 2419083318
P 126 144 2435860533
P 127 144 2435860533
P 128 144 2486454324
P 129 144 2486454323
P 130 144 2503231539
P 131 144 2503231539
P 132 144 2503166003
P 133 144 2503166003
P 134 144 2519943219
P 135 144 2519943218
P 136 144 2587314225
P 137 144 2587314225
P 138 144 2604091440
P 139 144 2604091440
P 140 144 2604025904
P 141 144 2620803120
P 142 144 2620803119
P 143 144 2637580079
P 144 144 2704951342
P 145 144 2721663277
P 146 144 2721663277
P 147 144 2738440493
P 148 144 2738374957
P 149 144 2755152428
P 150 144 2771864365
P 151 144 2771864364
P 152 144 2872724522
P 153 144 2872724778
P 154 144 2889436458
P 155 144 2889436458
P 156 144 2906148394
P 157 144 2922925610
P 158 144 2922860330
P 159 144 2939572009
P 160 144 3040432423
P 161 144 3057209639
P 162 144 3073921575
P 163 144 3090698791
P 164 144 3090633255
P 165 144 3107345190
P 166 144 3124122662
P 167 144 3140834342
P 40 145 2367374673
P 41 145 2367374673
P 42 145 2367374673
P 43 145 2367374673
P 44 145 2350597456
P 45 145 2350597456
P 46 145 2350597456
P 47 145 2350597456
P 48 145 2333885775
P 49 145 2333885775
P 50 145 2333885775
P 51 145 2333886030
P 52 145 2333885774
P 53 145 2317108814
P 54 145 2317108814
P 55 145 2317108814
P 56 145 2300397133
P 57 145 2300397132
P 58 145 2300397132
P 59 145 2300397132
P 60 145 2300397132
P 61 145 2300397132
P 62 145 2300397132
P 63 145 2300397131
P 64 145 2283751242
P 65 145 2283751241
P 66 145 2283751241
P 67 145 2283751241
P 68 145 2283751241
P 69 145 2283751241
P 70 145 2283751241
P 71 145 2266974025
P 72 145 2267105095
P 73 145 2267105095
P 74 145 2267105095
P 75 145 2267105095
P 76 145 2267105095
P 77 145 2267105094
P 78 145 2267105094
P 79 145 2267105094
P 80 145 2250458948
P 81 145 2250458948
P 82 145 2250458948
P 83 145 2250458948
P 84 145 2250458948
P 85 145 2250458948
P 86 145 2250458948
P 87 145 2250458947
P 88 145 2267433025
P 89 145 2267367490
P 90 145 2267367489
P 91 145 2267367489
P 92 145 2267367489
P 93 145 2267367489
P 94 145 2267367489
P 95 145 2267367488
P 96 145 2267564095
P 97 145 2267564095
P 98 145 2267564095
P 99 145 2284341310
P 100 145 2284341310
P 101 145 2284341310
P 102 145 2284341310
P 103 145 2284341310
P 104 145 2301315132
P 105 145 2301315132
P 106 145 2301315132
P 107 145 2301249596
P 108 145 2301315132
P 109 145 2301315132
P 110 145 2318026811
P 111 145 2318026811
P 112 145 2335066425
P 113 145 2335066425
P 114 145 2351843641
P 115 145 2351778105
P 116 145 2351777849
P 117 145 2351843384
P 118 145 2368555064
P 119 145 2368555320
P 120 145 2402371638
P 121 145 2402306102
P 122 145 2402371894
P 123 145 2419149110
P 124 145 2419148854
P 125 145 2419083318
P 126 145 2435860533
P 127 145 2435860533
P 128 145 2486454324
P 129 145 2486454323
P 130 145 2503231539
P 131 145 2503166003
P 132 145 2503166003
P 133 145 2503166002
P 134 145 2519943219
P 135 145 2519943218
P 136 145 2587314225
P 137 145 2587314225
P 138 145 2604091440
P 139 145 2604026160
P 140 145 2604025904
P 141 145 2620803120
P 142 145 2620803119
P 143 145 2637580335
P 144 145 2704951342
P 145 145 2721663021
P 146 145 2721663277
P 147 145 2738440494
P 148 145 2738374957
P 149 145 2755152173
P 150 145 2771864109
P 151 145 2771864364
P 152 145 2872724266
P 153 145 2872724523
P 154 145 2889436458
P 155 145 2889436458
P 156 145 2906148394
P 157 145 2922925610
P 158 145 2922860074
P 159 145 2939572009
P 160 145 3040497703
P 161 145 3057209640
P 162 145 3073921319
P 163 145 3090698791
P 164 145 3090633255
P 165 145 3107345190
P 166 145 3124122406
P 167 145 3140834342
P 40 146 2367374673
P 41 146 2367374673
P 42 146 2367374673
P 43 146 2367374673
P 44 146 2350597456
P 45 146 2350597456
P 46 146 2350597456
P 47 146 2350597456
P 48 146 2333886031
P 49 146 2333886031
P 50 146 2333885775
P 51 146 2333886030
P 52 146 2333886030
P 53 146 2317108814
P 54 146 2317108814
P 55 146 2317108814
P 56 146 2300397133
P 57 146 2300397132
P 58 146 2300397132
P 59 146 2300397132
P 60 146 2300397132
P 61 146 2300397132
P 62 146 2300397132
P 63 146 2300397131
P 64 146 2283751242
P 65 146 2283751241
P 66 146 2283751241
P 67 146 2283751241
P 68 146 2283751241
P 69 146 2283751241
P 70 146 2283751241
P 71 146 2266974025
P 72 146 2267105095
P 73 146 2267105095
P 74 146 2267105095
P 75 146 2267105095
P 76 146 2267105095
P 77 146 2267105094
P 78 146 2267105094
P 79 146 2267105094
P 80 146 2250459204
P 81 146 2250459204
P 82 146 2250458948
P 83 146 2250458948
P 84 146 2250459204
P 85 146 2250459204
P 86 146 2250458948
P 87 146 2250458947
P 88 146 2267433025
P 89 146 2267367490
P 90 146 2267367489
P 91 146 2267367489
P 92 146 2267367489
P 93 146 2267367489
P 94 146 2267367489
P 95 146 2267367488
P 96 146 2267564095
P 97 146 2267564351
P 98 146 2267564095
P 99 146 2284341310
P 100 146 2284341310
P 101 146 2284341310
P 102 146 2284341310
P 103 146 2284275774
P 104 146 2301315388
P 105 146 2301315388
P 106 146 2301249596
P 107 146 2301249596
P 108 146 2301315132
P 109 146 2301315132
P 110 146 2318026811
P 111 146 2318026811
P 112 146 2335066425
P 113 146 2335066425
P 114 146 2351778105
P 115 146 2351778105
P 116 146 2351778105
P 117 146 2351843640
P 118 146 2368555064
P 119 146 2368555320
P 120 146 2402371894
P 121 146 2402306358
P 122 146 2402371894
P 123 146 2419149110
P 124 146 2419083574
P 125 146 2419083574
P 126 146 2435860533
P 127 146 2435860533
P 128 146 2486454580
P 129 146 2486454579
P 130 146 2503166003
P 131 146 2503166003
P 132 146 2503166003
P 133 146 2503166002
P 134 146 2519943219
P 135 146 2519943218
P 136 146 2587314224
P 137 146 2587314225
P 138 146 2604025904
P 139 146 2604026160
P 140 146 2604026160
P 141 146 2620803376
P 142 146 2620803119
P 143 146 2637580335
P 144 146 2704951342
P 145 146 2721663277
P 146 146 2721663022
P 147 146 2738440494
P 148 146 2738374957
P 149 146 2755152173
P 150 146 2771863853
P 151 146 2771864108
P 152 146 2872724267
P 153 146 2872724523
P 154 146 2889436202
P 155 146 2889436458
P 156 146 2906148394
P 157 146 2922925610
P 158 146 2922860074
P 159 146 2939571753
P 160 146 3040497704
P 161 146 3057275176
P 162 146 3073921319
P 163 146 3090698791
P 164 146 3090633255
P 165 146 3107345190
P 166 146 3124122406
P 167 146 3140834086
P 40 147 2367374673
P 41 147 2367374673
P 42 147 2367374673
P 43 147 2367374673
P 44 147 2350597456
P 45 147 2350597456
P 46 147 2350597456
P 47 147 2350597456
P 48 147 2333886031
P 49 147 2333886031
P 50 147 2333886031
P 51 147 2333886030
P 52 147 2333886030
P 53 147 2317108814
P 54 147 2317108814
P 55 147 2317108814
P 56 147 2300397133
P 57 147 2300397132
P 58 147 2300397132
P 59 147 2300397132
P 60 147 2300397132
P 61 147 2300397132
P 62 147 2300397132
P 63 147 2300397131
P 64 147 2283751242
P 65 147 2283751241
P 66 147 2283751241
P 67 147 2283751241
P 68 147 2283751241
P 69 147 2283751241
P 70 147 2283751241
P 71 147 2266974025
P 72 147 2267105095
P 73 147 2267105095
P 74 147 2267105095
P 75 147 2267105095
P 76 147 2267105095
P 77 147 2267105094
P 78 147 2267105094
P 79 147 2267105094
P 80 147 2250459204
P 81 147 2250459204
P 82 147 2250459204
P 83 147 2250458948
P 84 147 2250459204
P 85 147 2250459204
P 86 147 2250459204
P 87 147 2250458947
P 88 147 2267367489
P 89 147 2267367490
P 90 147 2267367489
P 91 147 2267367489
P 92 147 2267367489
P 93 147 2267367489
P 94 147 2267367489
P 95 147 2267367488
P 96 147 2267564095
P 97 147 2267564351
P 98 147 2267564351
P 99 147 2284275774
P 100 147 2284341310
P 101 147 2284341310
P 102 147 2284341310
P 103 147 2284275774
P 104 147 2301315388
P 105 147 2301315388
P 106 147 2301249852
P 107 147 2301249595
P 108 147 2301315132
P 109 147 2301249596
P 110 147 2318026811
P 111 147 2318026811
P 112 147 2335066425
P 113 147 2335066425
P 114 147 2351778105
P 115 147 2351778105
P 116 147 2351778105
P 117 147 2351778104
P 118 147 2368555320
P 119 147 2368555320
P 120 147 2402306358
P 121 147 2402306358
P 122 147 2402371894
P 123 147 2419083574
P 124 147 2419083574
P 125 147 2419083574
P 126 147 2435860789
P 127 147 2435860533
P 128 147 2486454580
P 129 147 2486454579
P 130 147 2503166259
P 131 147 2503166003
P 132 147 2503166003
P 133 147 2503166002
P 134 147 2519943219
P 135 147 2519943218
P 136 147 2587248688
P 137 147 2587314225
P 138 147 2604025904
P 139 147 2604026160
P 140 147 2604026160
P 141 147 2620803376
P 142 147 2620803375
P 143 147 2637580335
P 144 147 2704885806
P 145 147 2721663277
P 146 147 2721663278
P 147 147 2738440238
P 148 147 2738374957
P 149 147 2755152173
P 150 147 2771863853
P 151 147 2771863852
P 152 147 2872724267
P 153 147 2872724267
P 154 147 2889501738
P 155 147 2889436202
P 156 147 2906148138
P 157 147 2922925610
P 158 147 2922860074
P 159 147 2939571753
P 160 147 3040497448
P 161 147 3057274920
P 162 147 3073986855
P 163 147 3090698535
P 164 147 3090633255
P 165 147 3107345190
P 166 147 3124122406
P 167 147 3140834086
P 40 148 2367374673
P 41 148 2367374673
P 42 148 2367374673
P 43 148 2367374673
P 44 148 2350597456
P 45 148 2350597456
P 46 148 2350597456
P 47 148 2350597456
P 48 148 2333886031
P 49 148 2333886031
P 50 148 2333886031
P 51 148 2333886030
P 52 148 2333886030
P 53 148 2317108814
P 54 148 2317108814
P 55 148 2317108814
P 56 148 2300397133
P 57 148 2300397132
P 58 148 2300397132
P 59 148 2300397132
P 60 148 2300397132
P 61 148 2300397132
P 62 148 2300397132
P 63 148 2300397131
P 64 148 2283751242
P 65 148 2283751241
P 66 148 2283751241
P 67 148 2283751241
P 68 148 2283751241
P 69 148 2283751241
P 70 148 2283751241
P 71 148 2266974025
P 72 148 2267105351
P 73 148 2267105095
P 74 148 2267105095
P 75 148 2267105095
P 76 148 2267105095
P 77 148 2267105094
P 78 148 2267105094
P 79 148 2267105094
P 80 148 2250459204
P 81 148 2250459204
P 82 148 2250459204
P 83 148 2250459204
P 84 148 2250459204
P 85 148 2250459204
P 86 148 2250459204
P 87 148 2250459203
P 88 148 2267367489
P 89 148 2267367490
P 90 148 2267367489
P 91 148 2267367489
P 92 148 2267367489
P 93 148 2267367489
P 94 148 2267367489
P 95 148 2267367488
P 96 148 2267564351
P 97 148 2267564351
P 98 148 2267564351
P 99 148 2284276030
P 100 148 2284341566
P 101 148 2284341310
P 102 148 2284275774
P 103 148 2284276030
P 104 148 2301315388
P 105 148 2301249852
P 106 148 2301249852
P 107 148 2301249851
P 108 148 2301249852
P 109 148 2301249596
P 110 148 2318026811
P 111 148 2318027067
P 112 148 2335066425
P 113 148 2335000889
P 114 148 2351778105
P 115 148 2351778105
P 116 148 2351778105
P 117 148 2351778104
P 118 148 2368555320
P 119 148 2368555320
P 120 148 2402306358
P 121 148 2402306358
P 122 148 2402371894
P 123 148 2419083574
P 124 148 2419083574
P 125 148 2419083574
P 126 148 2435860789
P 127 148 2435860789
P 128 148 2486454580
P 129 148 2486389043
P 130 148 2503166259
P 131 148 2503166259
P 132 148 2503166259
P 133 148 2503166002
P 134 148 2519943219
P 135 148 2519943474
P 136 148 2587248944
P 137 148 2587248689
P 138 148 2604025904
P 139 148 2604026160
P 140 148 2604026160
P 141 148 2620803376
P 142 148 2620737839
P 143 148 2637580591
P 144 148 2704886062
P 145 148 2721663277
P 146 148 2721663278
P 147 148 2738440494
P 148 148 2738374957
P 149 148 2755152173
P 150 148 2771863853
P 151 148 2771863852
P 152 148 2872724267
P 153 148 2872724267
P 154 148 2889501482
P 155 148 2889436202
P 156 148 2906148138
P 157 148 2922925354
P 158 148 2922860074
P 159 148 2939571753
P 160 148 3040497448
P 161 148 3057274664
P 162 148 3073986599
P 163 148 3090698535
P 164 148 3090633255
P 165 148 3107344934
P 166 148 3124122406
P 167 148 3140834086
P 40 149 2367374673
P 41 149 2367374673
P 42 149 2367374673
P 43 149 2367374673
P 44 149 2350597456
P 45 149 2350597456
P 46 149 2350597456
P 47 149 2350597456
P 48 149 2333886031
P 49 149 2333886031
P 50 149 2333886031
P 51 149 2333886030
P 52 149 2333886030
P 53 149 2317108814
P 54 149 2317108814
P 55 149 2317108814
P 56 149 2300397133
P 57 149 2300397132
P 58 149 2300397132
P 59 149 2300397132
P 60 149 2300397132
P 61 149 2300397132
P 62 149 2300397132
P 63 149 2300397131
P 64 149 2283751242
P 65 149 2283751241
P 66 149 2283751241
P 67 149 2283751241
P 68 149 2283751241
P 69 149 2283751241
P 70 149 2283751241
P 71 149 2266974025
P 72 149 2267105351
P 73 149 2267105351
P 74 149 2267105095
P 75 149 2267105095
P 76 149 2267105095
P 77 149 2267105350
P 78 149 2267105094
P 79 149 2267039558
P 80 149 2250459204
P 81 149 2250459204
P 82 149 2250459204
P 83 149 2250459204
P 84 149 2250459204
P 85 149 2250459204
P 86 149 2250459204
P 87 149 2250459203
P 88 149 2267367489
P 89 149 2267367489
P 90 149 2267367489
P 91 149 2267367489
P 92 149 2267367489
P 93 149 2267367489
P 94 149 2267367489
P 95 149 2267367488
P 96 149 2267564351
P 97 149 2267564351
P 98 149 2267498815
P 99 149 2284276030
P 100 149 2284341566
P 101 149 2284276030
P 102 149 2284275774
P 103 149 2284276030
P 104 149 2301315388
P 105 149 2301249852
P 106 149 2301249852
P 107 149 2301249851
P 108 149 2301249852
P 109 149 2301249852
P 110 149 2318026811
P 111 149 2318027067
P 112 149 2335066425
P 113 149 2335000889
P 114 149 2351778105
P 115 149 2351778105
P 116 149 2351778105
P 117 149 2351778104
P 118 149 2368555320
P 119 149 2368555320
P 120 149 2402306358
P 121 149 2402306358
P 122 149 2402306358
P 123 149 2419083574
P 124 149 2419083574
P 125 149 2419083574
P 126 149 2435860789
P 127 149 2435860789
P 128 149 2486454580
P 129 149 2486389043
P 130 149 2503166259
P 131 149 2503166259
P 132 149 2503166259
P 133 149 2503100722
P 134 149 2519943219
P 135 149 2519877938
P 136 149 2587248944
P 137 149 2587248945
P 138 149 2604025904
P 139 149 2604026160
P 140 149 2604026160
P 141 149 2620737840
P 142 149 2620737839
P 143 149 2637515055
P 144 149 2704886062
P 145 149 2721663277
P 146 149 2721663278
P 147 149 2738440494
P 148 149 2738374957
P 149 149 2755152173
P 150 149 2771863853
P 151 149 2771863852
P 152 149 2872724011
P 153 149 2872724267
P 154 149 2889501482
P 155 149 2889435946
P 156 149 2906213418
P 157 149 2922925354
P 158 149 2922859818
P 159 149 2939571753
P 160 149 3040497192
P 161 149 3057274664
P 162 149 3073986343
P 163 149 3090698279
P 164 149 3090698535
P 165 149 3107344934
P 166 149 3124122150
P 167 149 3140834086
P 40 150 2367374673
P 41 150 2367374673
P 42 150 2367374673
P 43 150 2367374673
P 44 150 2350597456
P 45 150 2350597456
P 46 150 2350597456
P 47 150 2350597456
P 48 150 2333886031
P 49 150 2333886031
P 50 150 2333886031
P 51 150 2333886030
P 52 150 2333886030
P 53 150 2317108814
P 54 150 2317108814
P 55 150 2317108814
P 56 150 2300397133
P 57 150 2300397132
P 58 150 2300397132
P 59 150 2300397132
P 60 150 2300397132
P 61 150 2300397132
P 62 150 2300397132
P 63 150 2300397387
P 64 150 2283751242
P 65 150 2283751241
P 66 150 2283751241
P 67 150 2283751241
P 68 150 2283751241
P 69 150 2283751241
P 70 150 2283751241
P 71 150 2266974025
P 72 150 2267105351
P 73 150 2267105351
P 74 150 2267105351
P 75 150 2267105351
P 76 150 2267105095
P 77 150 2267105350
P 78 150 2267039814
P 79 150 2267039814
P 80 150 2250459204
P 81 150 2250459204
P 82 150 2250459204
P 83 150 2250459204
P 84 150 2250459204
P 85 150 2250459204
P 86 150 2250459204
P 87 150 2250459203
P 88 150 2267367489
P 89 150 2267367489
P 90 150 2267367489
P 91 150 2267367489
P 92 150 2267367489
P 93 150 2267367489
P 94 150 2267367489
P 95 150 2267367488
P 96 150 2267564351
P 97 150 2267564351
P 98 150 2267498815
P 99 150 2284276030
P 100 150 2284341566
P 101 150 2284276030
P 102 150 2284276030
P 103 150 2284276030
P 104 150 2301249852
P 105 150 2301249852
P 106 150 2301249852
P 107 150 2301249851
P 108 150 2301249852
P 109 150 2301249852
P 110 150 2318027067
P 111 150 2318027067
P 112 150 2335000889
P 113 150 2335000889
P 114 150 2351778105
P 115 150 2351778105
P 116 150 2351778105
P 117 150 2351778104
P 118 150 2368555320
P 119 150 2368555320
P 120 150 2402306358
P 121 150 2402306358
P 122 150 2402306614
P 123 150 2419083830
P 124 150 2419083574
P 125 150 2419083574
P 126 150 2435795253
P 127 150 2435860789
P 128 150 2486389044
P 129 150 2486389043
P 130 150 2503166259
P 131 150 2503166259
P 132 150 2503166259
P 133 150 2503100722
P 134 150 2519877939
P 135 150 2519877938
P 136 150 2587248944
P 137 150 2587248945
P 138 150 2604026160
P 139 150 2604026160
P 140 150 2604026160
P 141 150 2620737840
P 142 150 2620737839
P 143 150 2637515055
P 144 150 2704886062
P 145 150 2721663277
P 146 150 2721663278
P 147 150 2738374958
P 148 150 2738374957
P 149 150 2755152173
P 150 150 2771863853
P 151 150 2771863852
P 152 150 2872724011
P 153 150 2872724011
P 154 150 2889501482
P 155 150 2889435946
P 156 150 2906213162
P 157 150 2922925098
P 158 150 2922859818
P 159 150 2939571753
P 160 150 3040497192
P 161 150 3057274408
P 162 150 3073986343
P 163 150 3090698279
P 164 150 3090698279
P 165 150 3107410214
P 166 150 3124122150
P 167 150 3140834086
P 40 151 2367374673
P 41 151 2367374673
P 42 151 2367374673
P 43 151 2367374673
P 44 151 2350597456
P 45 151 2350597456
P 46 151 2350597456
P 47 151 2350597456
P 48 151 2333886031
P 49 151 2333886031
P 50 151 2333886031
P 51 151 2333886030
P 52 151 2333886030
P 53 151 2317108814
P 54 151 2317108814
P 55 151 2317108814
P 56 151 2300397133
P 57 151 2300397132
P 58 151 2300397132
P 59 151 2300397132
P 60 151 2300397132
P 61 151 2300397132
P 62 151 2300397132
P 63 151 2300397387
P 64 151 2283751242
P 65 151 2283751241
P 66 151 2283751241
P 67 151 2283751241
P 68 151 2283751241
P 69 151 2283751241
P 70 151 2283751241
P 71 151 2266908489
P 72 151 2267105351
P 73 151 2267105351
P 74 151 2267105351
P 75 151 2267105351
P 76 151 2267105351
P 77 151 2267105350
P 78 151 2267039814
P 79 151 2267039814
P 80 151 2250459204
P 81 151 2250459204
P 82 151 2250459204
P 83 151 2250459204
P 84 151 2250459204
P 85 151 2250459204
P 86 151 2250459204
P 87 151 2250393667
P 88 151 2267367745
P 89 151 2267367489
P 90 151 2267367489
P 91 151 2267367489
P 92 151 2267367489
P 93 151 2267367489
P 94 151 2267367489
P 95 151 2267367488
P 96 151 2267564351
P 97 151 2267498815
P 98 151 2267498815
P 99 151 2284276030
P 100 151 2284276030
P 101 151 2284276030
P 102 151 2284276030
P 103 151 2284276029
P 104 151 2301249852
P 105 151 2301249852
P 106 151 2301249852
P 107 151 2301249851
P 108 151 2301249852
P 109 151 2301249852
P 110 151 2318027067
P 111 151 2318027067
P 112 151 2335001145
P 113 151 2335000889
P 114 151 2351778105
P 115 151 2351778105
P 116 151 2351712569
P 117 151 2351778104
P 118 151 2368555320
P 119 151 2368489784
P 120 151 2402306358
P 121 151 2402306358
P 122 151 2402306614
P 123 151 2419083830
P 124 151 2419083830
P 125 151 2419083574
P 126 151 2435795253
P 127 151 2435795253
P 128 151 2486389300
P 129 151 2486389043
P 130 151 2503166259
P 131 151 2503166259
P 132 151 2503100723
P 133 151 2503100722
P 134 151 2519877939
P 135 151 2519877938
P 136 151 2587249200
P 137 151 2587183409
P 138 151 2604026160
P 139 151 2604026160
P 140 151 2603960624
P 141 151 2620737840
P 142 151 2620737839
P 143 151 2637449519
P 144 151 2704886062
P 145 151 2721663277
P 146 151 2721663278
P 147 151 2738374958
P 148 151 2738374957
P 149 151 2755152173
P 150 151 2771863853
P 151 151 2771863852
P 152 151 2872724011
P 153 151 2872724011
P 154 151 2889501226
P 155 151 2889435946
P 156 151 2906213162
P 157 151 2922925098
P 158 151 2922925098
P 159 151 2939571497
P 160 151 3040497192
P 161 151 3057274408
P 162 151 3073986087
P 163 151 3090698023
P 164 151 3090698279
P 165 151 3107409958
P 166 151 3124121894
P 167 151 3140833830
P 40 152 2367375185
P 41 152 2367375185
P 42 152 2350597968
P 43 152 2350597968
P 44 152 2350597968
P 45 152 2350597968
P 46 152 2350597968
P 47 152 2350597968
P 48 152 2333886286
P 49 152 2333886286
P 50 152 2317109326
P 51 152 2317109070
P 52 152 2317109070
P 53 152 2317109326
P 54 152 2317109326
P 55 152 2317109325
P 56 152 2300397644
P 57 152 2300397644
P 58 152 2300397643
P 59 152 2300397644
P 60 152 2300397643
P 61 152 2300397643
P 62 152 2283620427
P 63 152 2283620427
P 64 152 2283751753
P 65 152 2283751753
P 66 152 2283751753
P 67 152 2283751753
P 68 152 2283751753
P 69 152 2266974537
P 70 152 2266974537
P 71 152 2266909000
P 72 152 2267105863
P 73 152 2267105863
P 74 152 2267105862
P 75 152 2267105862
P 76 152 2267105862
P 77 152 2267040326
P 78 152 2267040326
P 79 152 2267040326
P 80 152 2250459972
P 81 152 2250459972
P 82 152 2250459972
P 83 152 2250459716
P 84 152 2250459716
P 85 152 2250459971
P 86 152 2250459971
P 87 152 2250394179
P 88 152 2267368257
P 89 152 2267368257
P 90 152 2267368257
P 91 152 2267368257
P 92 152 2267368256
P 93 152 2267368256
P 94 152 2267368256
P 95 152 2267368256
P 96 152 2284276798
P 97 152 2284342334
P 98 152 2284342334
P 99 152 2284342334
P 100 152 2284276798
P 101 152 2284276798
P 102 152 2284276797
P 103 152 2284276541
P 104 152 2301250620
P 105 152 2301316156
P 106 152 2301250620
P 107 152 2318027835
P 108 152 2318027835
P 109 152 2318027835
P 110 152 2318027835
P 111 152 2318027834
P 112 152 2351779129
P 113 152 2351779129
P 114 152 2351779128
P 115 152 2368556344
P 116 152 2368556344
P 117 152 2368556344
P 118 152 2368556344
P 119 152 2385333559
P 120 152 2419084598
P 121 152 2419084598
P 122 152 2419084598
P 123 152 2435861813
P 124 152 2435861813
P 125 152 2435861813
P 126 152 2435861813
P 127 152 2452573493
P 128 152 2503167283
P 129 152 2503167283
P 130 152 2503167283
P 131 152 2519944499
P 132 152 2519944499
P 133 152 2519878962
P 134 152 2536656178
P 135 152 2536656178
P 136 152 2604027184
P 137 152 2604027184
P 138 152 2620804400
P 139 152 2620804400
P 140 152 2637581616
P 141 152 2654293295
P 142 152 2654293295
P 143 152 2654293295
P 144 152 2738441518
P 145 152 2738441517
P 146 152 2755153197
P 147 152 2771995949
P 148 152 2771930413
P 149 152 2771864877
P 150 152 2788707629
P 151 152 2805419309
P 152 152 2889567531
P 153 152 2906279467
P 154 152 2923056683
P 155 152 2923056682
P 156 152 2939768618
P 157 152 2956546090
P 158 152 2956480810
P 159 152 2973192489
P 160 152 3090895400
P 161 152 3090830119
P 162 152 3107542055
P 163 152 3124319271
P 164 152 3124253991
P 165 152 3140965927
P 166 152 3157743142
P 167 152 3174454822
P 40 153 2367375185
P 41 153 2367375185
P 42 153 2350597968
P 43 153 2350597968
P 44 153 2350597968
P 45 153 2350597968
P 46 153 2350597968
P 47 153 2350597968
P 48 153 2333886286
P 49 153 2333886286
P 50 153 2317109326
P 51 153 2317109326
P 52 153 2317109070
P 53 153 2317109326
P 54 153 2317109326
P 55 153 2317109325
P 56 153 2300397644
P 57 153 2300397644
P 58 153 2300397643
P 59 153 2300397644
P 60 153 2300397643
P 61 153 2300397643
P 62 153 2283620427
P 63 153 2283620427
P 64 153 2283751753
P 65 153 2283751753
P 66 153 2283751753
P 67 153 2283751753
P 68 153 2283751753
P 69 153 2266974537
P 70 153 2266909001
P 71 153 2266909000
P 72 153 2267105863
P 73 153 2267105863
P 74 153 2267105862
P 75 153 2267105862
P 76 153 2267105862
P 77 153 2267040326
P 78 153 2267040326
P 79 153 2267040326
P 80 153 2250459972
P 81 153 2250459972
P 82 153 2250459972
P 83 153 2250459972
P 84 153 2250459716
P 85 153 2250459971
P 86 153 2250394435
P 87 153 2250394435
P 88 153 2267368257
P 89 153 2267368257
P 90 153 2267368257
P 91 153 2267368257
P 92 153 2267368256
P 93 153 2267368256
P 94 153 2267368256
P 95 153 2267368256
P 96 153 2284276798
P 97 153 2284342334
P 98 153 2284342334
P 99 153 2284276798
P 100 153 2284276798
P 101 153 2284276798
P 102 153 2284276797
P 103 153 2284276797
P 104 153 2301250620
P 105 153 2301250620
P 106 153 2301250620
P 107 153 2318027835
P 108 153 2318027835
P 109 153 2318027835
P 110 153 2318027835
P 111 153 2318027834
P 112 153 2351779129
P 113 153 2351779129
P 114 153 2351779128
P 115 153 2368556344
P 116 153 2368556344
P 117 153 2368556344
P 118 153 2368490808
P 119 153 2385333559
P 120 153 2419084598
P 121 153 2419084598
P 122 153 2419084598
P 123 153 2435861813
P 124 153 2435861813
P 125 153 2435861813
P 126 153 2435796277
P 127 153 2452573493
P 128 153 2503167283
P 129 153 2503167283
P 130 153 2503167283
P 131 153 2519944755
P 132 153 2519944499
P 133 153 2519878962
P 134 153 2536656178
P 135 153 2536656178
P 136 153 2604027184
P 137 153 2604027184
P 138 153 2620804400
P 139 153 2620738864
P 140 153 2637581616
P 141 153 2654293295
P 142 153 2654227759
P 143 153 2654293295
P 144 153 2738441518
P 145 153 2738375981
P 146 153 2755153197
P 147 153 2771930413
P 148 153 2771930413
P 149 153 2771864877
P 150 153 2788642093
P 151 153 2805419309
P 152 153 2889567531
P 153 153 2906279467
P 154 153 2923056683
P 155 153 2923056682
P 156 153 2939768362
P 157 153 2956545834
P 158 153 2956480554
P 159 153 2973192489
P 160 153 3090895400
P 161 153 3090829863
P 162 153 3107541799
P 163 153 3124319271
P 164 153 3124253735
P 165 153 3140965671
P 166 153 3157743142
P 167 153 3174454822
P 40 154 2367375185
P 41 154 2367375185
P 42 154 2350597968
P 43 154 2350597968
P 44 154 2350597968
P 45 154 2350597968
P 46 154 2350597968
P 47 154 2350597968
P 48 154 2333886542
P 49 154 2333886542
P 50 154 2317109326
P 51 154 2317109326
P 52 154 2317109326
P 53 154 2317109326
P 54 154 2317109326
P 55 154 2317109325
P 56 154 2300397644
P 57 154 2300397644
P 58 154 2300397643
P 59 154 2300397644
P 60 154 2300397899
P 61 154 2300397899
P 62 154 2283620427
P 63 154 2283620427
P 64 154 2283751753
P 65 154 2283751753
P 66 154 2283751753
P 67 154 2283751753
P 68 154 2283751753
P 69 154 2266974537
P 70 154 2266909001
P 71 154 2266909000
P 72 154 2267105863
P 73 154 2267105863
P 74 154 2267105862
P 75 154 2267105862
P 76 154 2267040326
P 77 154 2267040326
P 78 154 2267040326
P 79 154 2267040326
P 80 154 2250459972
P 81 154 2250459972
P 82 154 2250459972
P 83 154 2250459972
P 84 154 2250459972
P 85 154 2250459971
P 86 154 2250394435
P 87 154 2250394435
P 88 154 2267368257
P 89 154 2267368513
P 90 154 2267368257
P 91 154 2267368257
P 92 154 2267368512
P 93 154 2267368512
P 94 154 2267368256
P 95 154 2267368256
P 96 154 2284276798
P 97 154 2284342334
P 98 154 2284276798
P 99 154 2284276798
P 100 154 2284276798
P 101 154 2284276798
P 102 154 2284276797
P 103 154 2284276797
P 104 154 2301250875
P 105 154 2301250876
P 106 154 2301250620
P 107 154 2318027835
P 108 154 2318027835
P 109 154 2318027835
P 110 154 2318027835
P 111 154 2318027834
P 112 154 2351779129
P 113 154 2351779129
P 114 154 2351779128
P 115 154 2368556344
P 116 154 2368556344
P 117 154 2368556344
P 118 154 2368490808
P 119 154 2385333559
P 120 154 2419084854
P 121 154 2419084854
P 122 154 2419084598
P 123 154 2435861813
P 124 154 2435861813
P 125 154 2435861813
P 126 154 2435796277
P 127 154 2452573493
P 128 154 2503167539
P 129 154 2503167539
P 130 154 2503101747
P 131 154 2519944755
P 132 154 2519879219
P 133 154 2519879218
P 134 154 2536656178
P 135 154 2536656178
P 136 154 2604027440
P 137 154 2604027440
P 138 154 2620738864
P 139 154 2620738864
P 140 154 2637516336
P 141 154 2654293551
P 142 154 2654227759
P 143 154 2654227759
P 144 154 2738441774
P 145 154 2738376237
P 146 154 2755153197
P 147 154 2771930413
P 148 154 2771864877
P 149 154 2771864877
P 150 154 2788642093
P 151 154 2805353773
P 152 154 2889567531
P 153 154 2906279467
P 154 154 2923056683
P 155 154 2923056682
P 156 154 2939768362
P 157 154 2956545834
P 158 154 2956480298
P 159 154 2973192233
P 160 154 3090895400
P 161 154 3090895399
P 162 154 3107541799
P 163 154 3124319015
P 164 154 3124253735
P 165 154 3140965671
P 166 154 3157742886
P 167 154 3174454822
P 40 155 2367375185
P 41 155 2367375185
P 42 155 2350597968
P 43 155 2350597968
P 44 155 2350597968
P 45 155 2350597968
P 46 155 2350597968
P 47 155 2350597968
P 48 155 2333886542
P 49 155 2333886542
P 50 155 2317109326
P 51 155 2317109326
P 52 155 2317109326
P 53 155 2317109326
P 54 155 2317109326
P 55 155 2317109325
P 56 155 2300397644
P 57 155 2300397644
P 58 155 2300397899
P 59 155 2300397643
P 60 155 2300397899
P 61 155 2300397899
P 62 155 2283620683
P 63 155 2283620427
P 64 155 2283751753
P 65 155 2283751753
P 66 155 2283751753
P 67 155 2283751753
P 68 155 2283751753
P 69 155 2266909001
P 70 155 2266909001
P 71 155 2266909000
P 72 155 2267105863
P 73 155 2267105863
P 74 155 2267105862
P 75 155 2267040326
P 76 155 2267040326
P 77 155 2267040326
P 78 155 2267040326
P 79 155 2267040326
P 80 155 2250459972
P 81 155 2250459972
P 82 155 2250459972
P 83 155 2250459972
P 84 155 2250459972
P 85 155 2250394435
P 86 155 2250394435
P 87 155 2250394435
P 88 155 2267368257
P 89 155 2267368513
P 90 155 2267368513
P 91 155 2267368257
P 92 155 2267368512
P 93 155 2267368512
P 94 155 2267368512
P 95 155 2267368256
P 96 155 2284276798
P 97 155 2284342334
P 98 155 2284276798
P 99 155 2284276798
P 100 155 2284276798
P 101 155 2284276798
P 102 155 2284276797
P 103 155 2284276797
P 104 155 2301250875
P 105 155 2301250876
P 106 155 2301250876
P 107 155 2318027835
P 108 155 2318027835
P 109 155 2318027835
P 110 155 2318028091
P 111 155 2318027834
P 112 155 2351779129
P 113 155 2351779129
P 114 155 2351779128
P 115 155 2368556344
P 116 155 2368556344
P 117 155 2368490808
P 118 155 2368490808
P 119 155 2385333559
P 120 155 2419084854
P 121 155 2419084854
P 122 155 2419084854
P 123 155 2435796277
P 124 155 2435861813
P 125 155 2435796277
P 126 155 2435796533
P 127 155 2452573493
P 128 155 2503167539
P 129 155 2503167539
P 130 155 2503102003
P 131 155 2519879219
P 132 155 2519879219
P 133 155 2519879218
P 134 155 2536656434
P 135 155 2536656178
P 136 155 2604027440
P 137 155 2604027440
P 138 155 2620739120
P 139 155 2620738863
P 140 155 2637516336
P 141 155 2654228015
P 142 155 2654228015
P 143 155 2654227759
P 144 155 2738376238
P 145 155 2738376237
P 146 155 2755153453
P 147 155 2771864877
P 148 155 2771864877
P 149 155 2771864877
P 150 155 2788642349
P 151 155 2805353773
P 152 155 2889501995
P 153 155 2906279467
P 154 155 2923056683
P 155 155 2923056682
P 156 155 2939768362
P 157 155 2956545834
P 158 155 2956480298
P 159 155 2973191977
P 160 155 3090895144
P 161 155 3090895399
P 162 155 3107607335
P 163 155 3124319015
P 164 155 3124253479
P 165 155 3140965415
P 166 155 3157742886
P 167 155 3174454567
P 40 156 2367375185
P 41 156 2367375185
P 42 156 2350597968
P 43 156 2350597968
P 44 156 2350597968
P 45 156 2350597968
P 46 156 2350597968
P 47 156 2350597968
P 48 156 2333886542
P 49 156 2333886542
P 50 156 2317109326
P 51 156 2317109326
P 52 156 2317109326
P 53 156 2317109326
P 54 156 2317109326
P 55 156 2317109325
P 56 156 2300397900
P 57 156 2300397644
P 58 156 2300397899
P 59 156 2300397899
P 60 156 2300397899
P 61 156 2300397899
P 62 156 2283620683
P 63 156 2283620683
P 64 156 2283751753
P 65 156 2283751753
P 66 156 2283751753
P 67 156 2283751753
P 68 156 2283751753
P 69 156 2266909001
P 70 156 2266909001
P 71 156 2266909000
P 72 156 2267105863
P 73 156 2267105863
P 74 156 2267105862
P 75 156 2267040326
P 76 156 2267040326
P 77 156 2267040326
P 78 156 2267040326
P 79 156 2267040326
P 80 156 2250459972
P 81 156 2250459972
P 82 156 2250459972
P 83 156 2250459972
P 84 156 2250394436
P 85 156 2250394435
P 86 156 2250394435
P 87 156 2250394435
P 88 156 2267368513
P 89 156 2267368513
P 90 156 2267368513
P 91 156 2267368513
P 92 156 2267368512
P 93 156 2267368512
P 94 156 2267302976
P 95 156 2267368512
P 96 156 2284276798
P 97 156 2284276798
P 98 156 2284276798
P 99 156 2284276798
P 100 156 2284276798
P 101 156 2284276798
P 102 156 2284276797
P 103 156 2284276797
P 104 156 2301250875
P 105 156 2301250876
P 106 156 2301250876
P 107 156 2318028091
P 108 156 2318028091
P 109 156 2318027835
P 110 156 2318028091
P 111 156 2318028090
P 112 156 2351779129
P 113 156 2351713593
P 114 156 2351779128
P 115 156 2368556344
P 116 156 2368490808
P 117 156 2368490808
P 118 156 2368490808
P 119 156 2385333559
P 120 156 2419084854
P 121 156 2419084854
P 122 156 2419084854
P 123 156 2435796533
P 124 156 2435796533
P 125 156 2435796277
P 126 156 2435796533
P 127 156 2452573749
P 128 156 2503167539
P 129 156 2503102003
P 130 156 2503102003
P 131 156 2519879219
P 132 156 2519879219
P 133 156 2519879218
P 134 156 2536656434
P 135 156 2536656434
P 136 156 2604027696
P 137 156 2603961904
P 138 156 2620739120
P 139 156 2620739119
P 140 156 2637450800
P 141 156 2654228015
P 142 156 2654228015
P 143 156 2654228015
P 144 156 2738376238
P 145 156 2738376237
P 146 156 2755153453
P 147 156 2771865133
P 148 156 2771865133
P 149 156 2771864877
P 150 156 2788576813
P 151 156 2805354029
P 152 156 2889502251
P 153 156 2906279467
P 154 156 2923056683
P 155 156 2923056682
P 156 156 2939768362
P 157 156 2956545578
P 158 156 2956480298
P 159 156 2973191978
P 160 156 3090895144
P 161 156 3090895143
P 162 156 3107607079
P 163 156 3124384551
P 164 156 3124253480
P 165 156 3140965159
P 166 156 3157742631
P 167 156 3174454567
P 40 157 2367375185
P 41 157 2367375185
P 42 157 2350597968
P 43 157 2350597968
P 44 157 2350597968
P 45 157 2350597968
P 46 157 2350597968
P 47 157 2350597968
P 48 157 2333886542
P 49 157 2333886542
P 50 157 2317109326
P 51 157 2317109326
P 52 157 2317109326
P 53 157 2317109326
P 54 157 2317109326
P 55 157 2317109325
P 56 157 2300397900
P 57 157 2300397900
P 58 157 2300397899
P 59 157 2300397899
P 60 157 2300397899
P 61 157 2300397899
P 62 157 2283620683
P 63 157 2283620683
P 64 157 2283751753
P 65 157 2283751753
P 66 157 2283751753
P 67 157 2283751753
P 68 157 2283751753
P 69 157 2266909257
P 70 157 2266909001
P 71 157 2266909000
P 72 157 2267105863
P 73 157 2267105863
P 74 157 2267040326
P 75 157 2267040326
P 76 157 2267040326
P 77 157 2267040326
P 78 157 2267040326
P 79 157 2267040326
P 80 157 2250459972
P 81 157 2250459972
P 82 157 2250459972
P 83 157 2250459972
P 84 157 2250394436
P 85 157 2250394435
P 86 157 2250394435
P 87 157 2250394435
P 88 157 2267368513
P 89 157 2267368513
P 90 157 2267368513
P 91 157 2267368513
P 92 157 2267368512
P 93 157 2267302976
P 94 157 2267302976
P 95 157 2267368512
P 96 157 2284276798
P 97 157 2284277054
P 98 157 2284276798
P 99 157 2284276798
P 100 157 2284276798
P 101 157 2284276798
P 102 157 2284276797
P 103 157 2284276797
P 104 157 2301250875
P 105 157 2301250876
P 106 157 2301250876
P 107 157 2318028091
P 108 157 2318028091
P 109 157 2317962555
P 110 157 2318028091
P 111 157 2318028090
P 112 157 2351779129
P 113 157 2351713593
P 114 157 2351779128
P 115 157 2368556344
P 116 157 2368490808
P 117 157 2368490808
P 118 157 2368490808
P 119 157 2385268023
P 120 157 2419084854
P 121 157 2419084854
P 122 157 2419019318
P 123 157 2435796533
P 124 157 2435796533
P 125 157 2435796533
P 126 157 2435796533
P 127 157 2452573749
P 128 157 2503167539
P 129 157 2503102003
P 130 157 2503102003
P 131 157 2519879219
P 132 157 2519879219
P 133 157 2519879218
P 134 157 2536656434
P 135 157 2536590898
P 136 157 2604027696
P 137 157 2603962160
P 138 157 2620739120
P 139 157 2620739119
P 140 157 2637450800
P 141 157 2654228015
P 142 157 2654228015
P 143 157 2654228015
P 144 157 2738376238
P 145 157 2738376237
P 146 157 2755087917
P 147 157 2771865133
P 148 157 2771865133
P 149 157 2771799597
P 150 157 2788576813
P 151 157 2805354029
P 152 157 2889502251
P 153 157 2906279467
P 154 157 2923056683
P 155 157 2923056682
P 156 157 2939768362
P 157 157 2956545578
P 158 157 2956480042
P 159 157 2973191978
P 160 157 3090894888
P 161 157 3090895143
P 162 157 3107606824
P 163 157 3124384296
P 164 157 3124319016
P 165 157 3140965159
P 166 157 3157742631
P 167 157 3174454311
P 40 158 2367375185
P 41 158 2367375185
P 42 158 2350597968
P 43 158 2350597968
P 44 158 2350597968
P 45 158 2350597968
P 46 158 2350597968
P 47 158 2350597968
P 48 158 2333886542
P 49 158 2333886542
P 50 158 2317109326
P 51 158 2317109326
P 52 158 2317109326
P 53 158 2317109326
P 54 158 2317109326
P 55 158 2317109325
P 56 158 2300397900
P 57 158 2300397900
P 58 158 2300397899
P 59 158 2300397899
P 60 158 2300397899
P 61 158 2300397899
P 62 158 2283620683
P 63 158 2283620683
P 64 158 2283751753
P 65 158 2283751753
P 66 158 2283751753
P 67 158 2283752009
P 68 158 2283751753
P 69 158 2266909257
P 70 158 2266909257
P 71 158 2266909256
P 72 158 2267105863
P 73 158 2267105863
P 74 158 2267040326
P 75 158 2267040326
P 76 158 2267040326
P 77 158 2267040326
P 78 158 2267040326
P 79 158 2267040326
P 80 158 2250459972
P 81 158 2250459972
P 82 158 2250459972
P 83 158 2250394436
P 84 158 2250394436
P 85 158 2250394435
P 86 158 2250394435
P 87 158 2250394435
P 88 158 2267368513
P 89 158 2267368513
P 90 158 2267368513
P 91 158 2267368513
P 92 158 2267368512
P 93 158 2267302976
P 94 158 2267302976
P 95 158 2267368512
P 96 158 2284276798
P 97 158 2284277054
P 98 158 2284277054
P 99 158 2284277054
P 100 158 2284276798
P 101 158 2284276798
P 102 158 2284277053
P 103 158 2284277053
P 104 158 2301250875
P 105 158 2301250876
P 106 158 2301250876
P 107 158 2318028091
P 108 158 2318028091
P 109 158 2317962555
P 110 158 2318028091
P 111 158 2318028090
P 112 158 2351713593
P 113 158 2351713593
P 114 158 2351779384
P 115 158 2368491064
P 116 158 2368490808
P 117 158 2368490808
P 118 158 2368490808
P 119 158 2385268023
P 120 158 2419084854
P 121 158 2419084854
P 122 158 2419019318
P 123 158 2435796533
P 124 158 2435796533
P 125 158 2435796533
P 126 158 2435796533
P 127 158 2452573749
P 128 158 2503102003
P 129 158 2503102003
P 130 158 2503102259
P 131 158 2519879475
P 132 158 2519879219
P 133 158 2519879218
P 134 158 2536590898
P 135 158 2536590898
P 136 158 2603962160
P 137 158 2603962160
P 138 158 2620739376
P 139 158 2620673839
P 140 158 2637450800
P 141 158 2654228015
P 142 158 2654228015
P 143 158 2654228015
P 144 158 2738310702
P 145 158 2738376237
P 146 158 2755088173
P 147 158 2771865389
P 148 158 2771865133
P 149 158 2771799597
P 150 158 2788576813
P 151 158 2805354029
P 152 158 2889502251
P 153 158 2906279467
P 154 158 2923056683
P 155 158 2922991146
P 156 158 2939768362
P 157 158 2956545578
P 158 158 2956480042
P 159 158 2973191978
P 160 158 3090894633
P 161 158 3090894888
P 162 158 3107606824
P 163 158 3124384296
P 164 158 3124318760
P 165 158 3141030695
P 166 158 3157742631
P 167 158 3174454311
P 40 159 2367375185
P 41 159 2367375185
P 42 159 2350597968
P 43 159 2350597968
P 44 159 2350597968
P 45 159 2350597968
P 46 159 2350597968
P 47 159 2350597968
P 48 159 2333886542
P 49 159 2333886542
P 50 159 2317109326
P 51 159 2317109326
P 52 159 2317109326
P 53 159 2317109326
P 54 159 2317109326
P 55 159 2317109325
P 56 159 2300397900
P 57 159 2300397900
P 58 159 2300397899
P 59 159 2300397899
P 60 159 2300397899
P 61 159 2300397899
P 62 159 2283620683
P 63 159 2283620683
P 64 159 2283752009
P 65 159 2283751753
P 66 159 2283751753
P 67 159 2283752009
P 68 159 2283752009
P 69 159 2266909257
P 70 159 2266909257
P 71 159 2266909256
P 72 159 2267105863
P 73 159 2267040327
P 74 159 2267040326
P 75 159 2267040326
P 76 159 2267040582
P 77 159 2267040326
P 78 159 2267040326
P 79 159 2267040326
P 80 159 2250459972
P 81 159 2250459972
P 82 159 2250459972
P 83 159 2250394436
P 84 159 2250394436
P 85 159 2250394435
P 86 159 2250394435
P 87 159 2250394435
P 88 159 2267368513
P 89 159 2267368513
P 90 159 2267368513
P 91 159 2267368513
P 92 159 2267302976
P 93 159 2267302976
P 94 159 2267302976
P 95 159 2267302976
P 96 159 2284277054
P 97 159 2284277054
P 98 159 2284277054
P 99 159 2284277054
P 100 159 2284277054
P 101 159 2284276798
P 102 159 2284277053
P 103 159 2284277053
P 104 159 2301250875
P 105 159 2301250876
P 106 159 2301250876
P 107 159 2318028091
P 108 159 2317962555
P 109 159 2317962555
P 110 159 2318028091
P 111 159 2317962554
P 112 159 2351713849
P 113 159 2351713593
P 114 159 2351779384
P 115 159 2368491064
P 116 159 2368491064
P 117 159 2368490808
P 118 159 2368490808
P 119 159 2385268023
P 120 159 2419084854
P 121 159 2419019318
P 122 159 2419019318
P 123 159 2435796533
P 124 159 2435796789
P 125 159 2435796533
P 126 159 2435796533
P 127 159 2452508212
P 128 159 2503102259
P 129 159 2503102003
P 130 159 2503102259
P 131 159 2519879475
P 132 159 2519813939
P 133 159 2519879218
P 134 159 2536590898
P 135 159 2536590898
P 136 159 2603962160
P 137 159 2603962160
P 138 159 2620739376
P 139 159 2620673839
P 140 159 2637451056
P 141 159 2654228015
P 142 159 2654228015
P 143 159 2654162479
P 144 159 2738310958
P 145 159 2738310701
P 146 159 2755088173
P 147 159 2771865389
P 148 159 2771799853
P 149 159 2771799597
P 150 159 2788576813
P 151 159 2805354029
P 152 159 2889502507
P 153 159 2906213931
P 154 159 2923056683
P 155 159 2922991146
P 156 159 2939702826
P 157 159 2956545578
P 158 159 2956480042
P 159 159 2973191722
P 160 159 3090894633
P 161 159 3090894632
P 162 159 3107606568
P 163 159 3124384040
P 164 159 3124318760
P 165 159 3141030439
P 166 159 3157742375
P 167 159 3174454311
P 40 160 2350598224
P 41 160 2350598480
P 42 160 2350598480
P 43 160 2350598224
P 44 160 2350598480
P 45 160 2350598480
P 46 160 2333821263
P 47 160 2333821263
P 48 160 2317109582
P 49 160 2317109582
P 50 160 2317109838
P 51 160 2317109582
P 52 160 2317109837
P 53 160 2317109837
P 54 160 2317109837
P 55 160 2317109837
P 56 160 2300398411
P 57 160 2300398411
P 58 160 2300398411
P 59 160 2283621195
P 60 160 2283621195
P 61 160 2283621195
P 62 160 2283621195
P 63 160 2283621194
P 64 160 2283752521
P 65 160 2283752521
P 66 160 2266909769
P 67 160 2266909769
P 68 160 2266909768
P 69 160 2266909768
P 70 160 2266909768
P 71 160 2266909768
P 72 160 2267041094
P 73 160 2267041094
P 74 160 2267041094
P 75 160 2267041094
P 76 160 2267041094
P 77 160 2267041093
P 78 160 2267041093
P 79 160 2267041093
P 80 160 2250460740
P 81 160 2250460740
P 82 160 2250395203
P 83 160 2250395203
P 84 160 2250395203
P 85 160 2250395203
P 86 160 2250395203
P 87 160 2250395203
P 88 160 2267369281
P 89 160 2267369280
P 90 160 2267369280
P 91 160 2267369280
P 92 160 2267303744
P 93 160 2267369280
P 94 160 2267369280
P 95 160 2267303744
P 96 160 2284277822
P 97 160 2284277822
P 98 160 2284277822
P 99 160 2284277821
P 100 160 2284277821
P 101 160 2284277821
P 102 160 2284277821
P 103 160 2284277821
P 104 160 2318029115
P 105 160 2318029115
P 106 160 2318029115
P 107 160 2318028859
P 108 160 2318029114
P 109 160 2318029115
P 110 160 2334806330
P 111 160 2334740538
P 112 160 2368557368
P 113 160 2368557368
P 114 160 2368492088
P 115 160 2368491832
P 116 160 2368491832
P 117 160 2385269047
P 118 160 2385269047
P 119 160 2385269047
P 120 160 2435797557
P 121 160 2435863093
P 122 160 2435797557
P 123 160 2435797557
P 124 160 2452574773
P 125 160 2452574773
P 126 160 2452574773
P 127 160 2469286452
P 128 160 2519880499
P 129 160 2519880499
P 130 160 2519880498
P 131 160 2536657458
P 132 160 2536657458
P 133 160 2536591922
P 134 160 2553369394
P 135 160 2570146354
P 136 160 2620740400
P 137 160 2637517616
P 138 160 2637452080
P 139 160 2654229295
P 140 160 2654229295
P 141 160 2671006511
P 142 160 2687783727
P 143 160 2687783471
P 144 160 2771866413
P 145 160 2771866413
P 146 160 2771866413
P 147 160 2788643629
P 148 160 2805355309
P 149 160 2822132524
P 150 160 2822198060
P 151 160 2822132269
P 152 160 2923057963
P 153 160 2939835179
P 154 160 2939769643
P 155 160 2956546858
P 156 160 2973324074
P 157 160 2990035754
P 158 160 2990035754
P 159 160 3006812970
P 160 160 3107738409
P 161 160 3124450344
P 162 160 3141162280
P 163 160 3157939496
P 164 160 3174651432
P 165 160 3191363367
P 166 160 3208140839
P 167 160 3224852519
P 40 161 2350598224
P 41 161 2350598480
P 42 161 2350598480
P 43 161 2350598480
P 44 161 2350598480
P 45 161 2350598480
P 46 161 2333821263
P 47 161 2333821263
P 48 161 2317109582
P 49 161 2317109582
P 50 161 2317109838
P 51 161 2317109838
P 52 161 2317109837
P 53 161 2317109837
P 54 161 2317109837
P 55 161 2317109837
P 56 161 2300398411
P 57 161 2300398411
P 58 161 2300398411
P 59 161 2283621195
P 60 161 2283621195
P 61 161 2283621195
P 62 161 2283621195
P 63 161 2283621194
P 64 161 2283752521
P 65 161 2283752521
P 66 161 2266909769
P 67 161 2266909769
P 68 161 2266909768
P 69 161 2266909768
P 70 161 2266909768
P 71 161 2266909768
P 72 161 2267041094
P 73 161 2267041094
P 74 161 2267041094
P 75 161 2267041094
P 76 161 2267041094
P 77 161 2267041093
P 78 161 2267041093
P 79 161 2267041093
P 80 161 2250460740
P 81 161 2250395204
P 82 161 2250395203
P 83 161 2250395203
P 84 161 2250395203
P 85 161 2250395203
P 86 161 2250395203
P 87 161 2250395203
P 88 161 2267369281
P 89 161 2267369280
P 90 161 2267369280
P 91 161 2267303744
P 92 161 2267303744
P 93 161 2267369280
P 94 161 2267303744
P 95 161 2267303744
P 96 161 2284277822
P 97 161 2284277822
P 98 161 2284277822
P 99 161 2284277821
P 100 161 2284277821
P 101 161 2284277821
P 102 161 2284277821
P 103 161 2284277821
P 104 161 2318029115
P 105 161 2318029115
P 106 161 2318029115
P 107 161 2318029115
P 108 161 2318029114
P 109 161 2318029115
P 110 161 2334740794
P 111 161 2334740794
P 112 161 2368557368
P 113 161 2368491832
P 114 161 2368492088
P 115 161 2368492088
P 116 161 2368491832
P 117 161 2385269047
P 118 161 2385269047
P 119 161 2385269303
P 120 161 2435797557
P 121 161 2435797557
P 122 161 2435797557
P 123 161 2435797557
P 124 161 2452574773
P 125 161 2452574773
P 126 161 2452509237
P 127 161 2469286452
P 128 161 2519880499
P 129 161 2519880499
P 130 161 2519880498
P 131 161 2536657714
P 132 161 2536657458
P 133 161 2536591922
P 134 161 2553369394
P 135 161 2570146610
P 136 161 2620740400
P 137 161 2637452080
P 138 161 2637452080
P 139 161 2654229295
P 140 161 2654229295
P 141 161 2671006511
P 142 161 2687783727
P 143 161 2687783727
P 144 161 2771866413
P 145 161 2771866413
P 146 161 2771866413
P 147 161 2788578349
P 148 161 2805355309
P 149 161 2822132524
P 150 161 2822132524
P 151 161 2822132525
P 152 161 2923057963
P 153 161 2939769643
P 154 161 2939769643
P 155 161 2956547114
P 156 161 2973324074
P 157 161 2990035754
P 158 161 2990035754
P 159 161 3006812970
P 160 161 3107738409
P 161 161 3124450088
P 162 161 3141162024
P 163 161 3157939496
P 164 161 3174651176
P 165 161 3191363111
P 166 161 3208140583
P 167 161 3224852519
P 40 162 2350598480
P 41 162 2350598480
P 42 162 2350598480
P 43 162 2350598480
P 44 162 2350598480
P 45 162 2350598480
P 46 162 2333821263
P 47 162 2333821263
P 48 162 2317109838
P 49 162 2317109838
P 50 162 2317109838
P 51 162 2317109838
P 52 162 2317109837
P 53 162 2317109837
P 54 162 2317109837
P 55 162 2317109837
P 56 162 2300398411
P 57 162 2300398411
P 58 162 2300398411
P 59 162 2283621195
P 60 162 2283621195
P 61 162 2283621195
P 62 162 2283621195
P 63 162 2283621194
P 64 162 2283752521
P 65 162 2283752521
P 66 162 2266909769
P 67 162 2266909769
P 68 162 2266909768
P 69 162 2266909768
P 70 162 2266909768
P 71 162 2266909768
P 72 162 2267041094
P 73 162 2267041094
P 74 162 2267041094
P 75 162 2267041094
P 76 162 2267041094
P 77 162 2267041093
P 78 162 2267041093
P 79 162 2267041093
P 80 162 2250460740
P 81 162 2250395204
P 82 162 2250395203
P 83 162 2250395203
P 84 162 2250395203
P 85 162 2250395203
P 86 162 2250395203
P 87 162 2250395203
P 88 162 2267369281
P 89 162 2267369280
P 90 162 2267303744
P 91 162 2267303744
P 92 162 2267303744
P 93 162 2267369280
P 94 162 2267303744
P 95 162 2267303744
P 96 162 2284277822
P 97 162 2284277822
P 98 162 2284277822
P 99 162 2284277821
P 100 162 2284277821
P 101 162 2284277821
P 102 162 2284277821
P 103 162 2284277821
P 104 162 2318029115
P 105 162 2318029115
P 106 162 2317963579
P 107 162 2318029115
P 108 162 2318029114
P 109 162 2318029115
P 110 162 2334740794
P 111 162 2334740794
P 112 162 2368557624
P 113 162 2368492088
P 114 162 2368492088
P 115 162 2368492088
P 116 162 2368492088
P 117 162 2385269303
P 118 162 2385269047
P 119 162 2385269303
P 120 162 2435797813
P 121 162 2435797813
P 122 162 2435797557
P 123 162 2435797557
P 124 162 2452574773
P 125 162 2452575029
P 126 162 2452509237
P 127 162 2469286452
P 128 162 2519880499
P 129 162 2519880499
P 130 162 2519880498
P 131 162 2536657714
P 132 162 2536592178
P 133 162 2536592178
P 134 162 2553369394
P 135 162 2570146610
P 136 162 2620740656
P 137 162 2637452336
P 138 162 2637452080
P 139 162 2654229295
P 140 162 2654229295
P 141 162 2671006511
P 142 162 2687783727
P 143 162 2687718191
P 144 162 2771866669
P 145 162 2771866669
P 146 162 2771800877
P 147 162 2788578349
P 148 162 2805355565
P 149 162 2822132780
P 150 162 2822132524
P 151 162 2822066989
P 152 162 2923058218
P 153 162 2939769899
P 154 162 2939704107
P 155 162 2956547114
P 156 162 2973258794
P 157 162 2990036010
P 158 162 2990035754
P 159 162 3006747434
P 160 162 3107738664
P 161 162 3124450344
P 162 162 3141161768
P 163 162 3157939240
P 164 162 3174651176
P 165 162 3191363111
P 166 162 3208140327
P 167 162 3224852263
P 40 163 2350598480
P 41 163 2350598480
P 42 163 2350598480
P 43 163 2350598480
P 44 163 2350598480
P 45 163 2350598480
P 46 163 2333821263
P 47 163 2333821263
P 48 163 2317109838
P 49 163 2317109838
P 50 163 2317109838
P 51 163 2317109838
P 52 163 2317109837
P 53 163 2317109837
P 54 163 2317109837
P 55 163 2317109837
P 56 163 2300398411
P 57 163 2300398411
P 58 163 2300398411
P 59 163 2283621195
P 60 163 2283621195
P 61 163 2283621195
P 62 163 2283621195
P 63 163 2283621194
P 64 163 2283752521
P 65 163 2283752521
P 66 163 2266909769
P 67 163 2266909769
P 68 163 2266909768
P 69 163 2266909768
P 70 163 2266909768
P 71 163 2266909768
P 72 163 2267041094
P 73 163 2267041094
P 74 163 2267041094
P 75 163 2267041094
P 76 163 2267041094
P 77 163 2267041093
P 78 163 2267041093
P 79 163 2267041093
P 80 163 2250395204
P 81 163 2250395204
P 82 163 2250395203
P 83 163 2250395203
P 84 163 2250395203
P 85 163 2250395203
P 86 163 2250395203
P 87 163 2250395203
P 88 163 2267369281
P 89 163 2267369280
P 90 163 2267303744
P 91 163 2267303744
P 92 163 2267303744
P 93 163 2267303744
P 94 163 2267304000
P 95 163 2267303744
P 96 163 2284277822
P 97 163 2284277822
P 98 163 2284277822
P 99 163 2284277821
P 100 163 2284277821
P 101 163 2284277821
P 102 163 2284277821
P 103 163 2284277821
P 104 163 2318029115
P 105 163 2318029115
P 106 163 2317963579
P 107 163 2318029115
P 108 163 2318029114
P 109 163 2317963579
P 110 163 2334740794
P 111 163 2334740794
P 112 163 2368492088
P 113 163 2368492088
P 114 163 2368492088
P 115 163 2368492088
P 116 163 2368492088
P 117 163 2385269303
P 118 163 2385269303
P 119 163 2385269303
P 120 163 2435797813
P 121 163 2435797813
P 122 163 2435797813
P 123 163 2435797557
P 124 163 2452574773
P 125 163 2452509493
P 126 163 2452509493
P 127 163 2469286452
P 128 163 2519880499
P 129 163 2519880499
P 130 163 2519880498
P 131 163 2536592178
P 132 163 2536592178
P 133 163 2536592178
P 134 163 2553369394
P 135 163 2570146610
P 136 163 2620675120
P 137 163 2637452336
P 138 163 2637452336
P 139 163 2654229295
P 140 163 2654229295
P 141 163 2670940975
P 142 163 2687783983
P 143 163 2687718191
P 144 163 2771866669
P 145 163 2771866669
P 146 163 2771801133
P 147 163 2788578349
P 148 163 2805355565
P 149 163 2822132780
P 150 163 2822132780
P 151 163 2822066989
P 152 163 2922992682
P 153 163 2939769899
P 154 163 2939704363
P 155 163 2956481578
P 156 163 2973258794
P 157 163 2989970474
P 158 163 2990036010
P 159 163 3006747434
P 160 163 3107673128
P 161 163 3124450344
P 162 163 3141162024
P 163 163 3157939240
P 164 163 3174650920
P 165 163 3191362855
P 166 163 3208140327
P 167 163 3224852007
P 40 164 2350598480
P 41 164 2350598480
P 42 164 2350598480
P 43 164 2350598480
P 44 164 2350598480
P 45 164 2350598480
P 46 164 2333821263
P 47 164 2333821263
P 48 164 2317109838
P 49 164 2317109838
P 50 164 2317109838
P 51 164 2317109838
P 52 164 2317109837
P 53 164 2317109837
P 54 164 2317109837
P 55 164 2317109837
P 56 164 2300398411
P 57 164 2300398411
P 58 164 2300398411
P 59 164 2283621195
P 60 164 2283621195
P 61 164 2283621195
P 62 164 2283621195
P 63 164 2283621194
P 64 164 2283752521
P 65 164 2283752521
P 66 164 2266909769
P 67 164 2266909769
P 68 164 2266909768
P 69 164 2266909768
P 70 164 2266909768
P 71 164 2266909768
P 72 164 2267041094
P 73 164 2267041094
P 74 164 2267041094
P 75 164 2267041094
P 76 164 2267041094
P 77 164 2267041093
P 78 164 2267041093
P 79 164 2267041093
P 80 164 2250395204
P 81 164 2250395204
P 82 164 2250395203
P 83 164 2250395459
P 84 164 2250395459
P 85 164 2250395203
P 86 164 2250395203
P 87 164 2250395459
P 88 164 2267369537
P 89 164 2267303744
P 90 164 2267303744
P 91 164 2267304000
P 92 164 2267304000
P 93 164 2267303744
P 94 164 2267304000
P 95 164 2267304000
P 96 164 2284278078
P 97 164 2284277822
P 98 164 2284277822
P 99 164 2284278077
P 100 164 2284278077
P 101 164 2284277821
P 102 164 2284277821
P 103 164 2284277821
P 104 164 2318029115
P 105 164 2317963579
P 106 164 2317963579
P 107 164 2318029115
P 108 164 2317963834
P 109 164 2317963579
P 110 164 2334740794
P 111 164 2334740794
P 112 164 2368492088
P 113 164 2368492088
P 114 164 2368492088
P 115 164 2368492088
P 116 164 2368426552
P 117 164 2385269303
P 118 164 2385269303
P 119 164 2385269303
P 120 164 2435797813
P 121 164 2435797813
P 122 164 2435797813
P 123 164 2435797813
P 124 164 2452509493
P 125 164 2452509493
P 126 164 2452509493
P 127 164 2469286708
P 128 164 2519880755
P 129 164 2519814963
P 130 164 2519880498
P 131 164 2536592178
P 132 164 2536592434
P 133 164 2536592178
P 134 164 2553369394
P 135 164 2570146610
P 136 164 2620675120
P 137 164 2637452336
P 138 164 2637452336
P 139 164 2654229551
P 140 164 2654164015
P 141 164 2670940975
P 142 164 2687718447
P 143 164 2687718447
P 144 164 2771866925
P 145 164 2771801133
P 146 164 2771801133
P 147 164 2788578349
P 148 164 2805355565
P 149 164 2822132780
P 150 164 2822067244
P 151 164 2822067245
P 152 164 2922992938
P 153 164 2939704363
P 154 164 2939704363
P 155 164 2956481578
P 156 164 2973193258
P 157 164 2989970474
P 158 164 2989970474
P 159 164 3006747690
P 160 164 3107673384
P 161 164 3124384808
P 162 164 3141162024
P 163 164 3157939240
P 164 164 3174650920
P 165 164 3191362855
P 166 164 3208140071
P 167 164 3224852007
P 40 165 2350598480
P 41 165 2350598480
P 42 165 2350598480
P 43 165 2350598480
P 44 165 2350598480
P 45 165 2350598480
P 46 165 2333821263
P 47 165 2333821263
P 48 165 2317109838
P 49 165 2317109838
P 50 165 2317109838
P 51 165 2317109838
P 52 165 2317109837
P 53 165 2317109837
P 54 165 2317109837
P 55 165 2317109837
P 56 165 2300398411
P 57 165 2300398411
P 58 165 2300398411
P 59 165 2283621195
P 60 165 2283621195
P 61 165 2283621195
P 62 165 2283621195
P 63 165 2283621194
P 64 165 2283752521
P 65 165 2283752521
P 66 165 2266909769
P 67 165 2266909769
P 68 165 2266909768
P 69 165 2266909768
P 70 165 2266909768
P 71 165 2266909768
P 72 165 2267041094
P 73 165 2267041094
P 74 165 2267041094
P 75 165 2267041094
P 76 165 2267041094
P 77 165 2267041093
P 78 165 2267041093
P 79 165 2267041093
P 80 165 2250395204
P 81 165 2250395204
P 82 165 2250395203
P 83 165 2250395459
P 84 165 2250395459
P 85 165 2250395459
P 86 165 2250395203
P 87 165 2250395459
P 88 165 2267369537
P 89 165 2267304000
P 90 165 2267303744
P 91 165 2267304000
P 92 165 2267304000
P 93 165 2267304000
P 94 165 2267304000
P 95 165 2267304000
P 96 165 2284278078
P 97 165 2284278078
P 98 165 2284277822
P 99 165 2284278077
P 100 165 2284278077
P 101 165 2284278077
P 102 165 2284277821
P 103 165 2284212285
P 104 165 2318029115
P 105 165 2317963835
P 106 165 2317963579
P 107 165 2318029115
P 108 165 2317963834
P 109 165 2317963835
P 110 165 2334740794
P 111 165 2334740794
P 112 165 2368492088
P 113 165 2368492088
P 114 165 2368492088
P 115 165 2368492088
P 116 165 2368426552
P 117 165 2385269303
P 118 165 2385269303
P 119 165 2385203767
P 120 165 2435797813
P 121 165 2435797813
P 122 165 2435797813
P 123 165 2435797813
P 124 165 2452509493
P 125 165 2452509493
P 126 165 2452509493
P 127 165 2469286708
P 128 165 2519880755
P 129 165 2519815219
P 130 165 2519814962
P 131 165 2536592178
P 132 165 2536592434
P 133 165 2536592434
P 134 165 2553369394
P 135 165 2570081074
P 136 165 2620675120
P 137 165 2637452336
P 138 165 2637452336
P 139 165 2654229551
P 140 165 2654164015
P 141 165 2670941231
P 142 165 2687718447
P 143 165 2687652911
P 144 165 2771866925
P 145 165 2771801389
P 146 165 2771801133
P 147 165 2788578349
P 148 165 2805355565
P 149 165 2822067244
P 150 165 2822067244
P 151 165 2822067245
P 152 165 2922992938
P 153 165 2939704619
P 154 165 2939704363
P 155 165 2956481578
P 156 165 2973193258
P 157 165 2989970730
P 158 165 2989970474
P 159 165 3006682154
P 160 165 3107673384
P 161 165 3124385064
P 162 165 3141162024
P 163 165 3157939240
P 164 165 3174650920
P 165 165 3191362855
P 166 165 3208140071
P 167 165 3224852007
P 40 166 2350598480
P 41 166 2350598480
P 42 166 2350598480
P 43 166 2350598480
P 44 166 2350598480
P 45 166 2350598480
P 46 166 2333821263
P 47 166 2333821263
P 48 166 2317109838
P 49 166 2317109838
P 50 166 2317109838
P 51 166 2317109838
P 52 166 2317109837
P 53 166 2317109837
P 54 166 2317109837
P 55 166 2317109837
P 56 166 2300398411
P 57 166 2300398411
P 58 166 2300398411
P 59 166 2283621195
P 60 166 2283621195
P 61 166 2283621195
P 62 166 2283621195
P 63 166 2283621450
P 64 166 2283752521
P 65 166 2283752521
P 66 166 2266909769
P 67 166 2266909769
P 68 166 2266909768
P 69 166 2266909768
P 70 166 2266909768
P 71 166 2266910024
P 72 166 2267041094
P 73 166 2267041094
P 74 166 2267041094
P 75 166 2267041350
P 76 166 2267041094
P 77 166 2267041093
P 78 166 2267041093
P 79 166 2267041349
P 80 166 2250395204
P 81 166 2250395204
P 82 166 2250395203
P 83 166 2250395459
P 84 166 2250395459
P 85 166 2250395459
P 86 166 2250395459
P 87 166 2250395459
P 88 166 2267304001
P 89 166 2267304000
P 90 166 2267304000
P 91 166 2267304000
P 92 166 2267304000
P 93 166 2267304000
P 94 166 2267304000
P 95 166 2267304000
P 96 166 2284278078
P 97 166 2284278078
P 98 166 2284278078
P 99 166 2284278077
P 100 166 2284278077
P 101 166 2284278077
P 102 166 2284212541
P 103 166 2284212541
P 104 166 2317963579
P 105 166 2317963835
P 106 166 2317963835
P 107 166 2317963835
P 108 166 2317963834
P 109 166 2317963835
P 110 166 2334741050
P 111 166 2334741050
P 112 166 2368492088
P 113 166 2368492088
P 114 166 2368492088
P 115 166 2368426808
P 116 166 2368426552
P 117 166 2385269303
P 118 166 2385203767
P 119 166 2385204023
P 120 166 2435797813
P 121 166 2435797813
P 122 166 2435797813
P 123 166 2435732277
P 124 166 2452509493
P 125 166 2452509493
P 126 166 2452509493
P 127 166 2469286708
P 128 166 2519815219
P 129 166 2519815219
P 130 166 2519815218
P 131 166 2536592434
P 132 166 2536592434
P 133 166 2536592434
P 134 166 2553304114
P 135 166 2570081330
P 136 166 2620675120
P 137 166 2637452336
P 138 166 2637452336
P 139 166 2654164015
P 140 166 2654164015
P 141 166 2670941231
P 142 166 2687652911
P 143 166 2687652911
P 144 166 2771801389
P 145 166 2771801389
P 146 166 2771801389
P 147 166 2788578605
P 148 166 2805355565
P 149 166 2822067244
P 150 166 2822067500
P 151 166 2822067501
P 152 166 2922927402
P 153 166 2939704619
P 154 166 2939704619
P 155 166 2956416298
P 156 166 2973193258
P 157 166 2989970730
P 158 166 2989905194
P 159 166 3006682410
P 160 166 3107607848
P 161 166 3124385064
P 162 166 3141162280
P 163 166 3157873960
P 164 166 3174650920
P 165 166 3191362855
P 166 166 3208140071
P 167 166 3224852007
P 40 167 2350598480
P 41 167 2350598480
P 42 167 2350598480
P 43 167 2350598480
P 44 167 2350598480
P 45 167 2350598480
P 46 167 2333821263
P 47 167 2333821263
P 48 167 2317109838
P 49 167 2317109838
P 50 167 2317109838
P 51 167 2317109838
P 52 167 2317109837
P 53 167 2317109837
P 54 167 2317109837
P 55 167 2317109837
P 56 167 2300398411
P 57 167 2300398411
P 58 167 2300398411
P 59 167 2283621195
P 60 167 2283621195
P 61 167 2283621195
P 62 167 2283621195
P 63 167 2283621450
P 64 167 2283752521
P 65 167 2283752521
P 66 167 2266909769
P 67 167 2266909769
P 68 167 2266910024
P 69 167 2266909768
P 70 167 2266909768
P 71 167 2266910024
P 72 167 2267041094
P 73 167 2267041094
P 74 167 2267041094
P 75 167 2267041350
P 76 167 2267041350
P 77 167 2267041093
P 78 167 2267041093
P 79 167 2267041349
P 80 167 2250395460
P 81 167 2250395204
P 82 167 2250395203
P 83 167 2250395459
P 84 167 2250395459
P 85 167 2250395459
P 86 167 2250395459
P 87 167 2250395458
P 88 167 2267304001
P 89 167 2267304000
P 90 167 2267304000
P 91 167 2267304000
P 92 167 2267304000
P 93 167 2267304000
P 94 167 2267304000
P 95 167 2267304000
P 96 167 2284278078
P 97 167 2284278078
P 98 167 2284278078
P 99 167 2284278077
P 100 167 2284278077
P 101 167 2284278077
P 102 167 2284212541
P 103 167 2284212541
P 104 167 2317963835
P 105 167 2317963835
P 106 167 2317963835
P 107 167 2317963835
P 108 167 2317963834
P 109 167 2317963835
P 110 167 2334741050
P 111 167 2334675514
P 112 167 2368492344
P 113 167 2368492088
P 114 167 2368492088
P 115 167 2368426808
P 116 167 2368426808
P 117 167 2385269303
P 118 167 2385203767
P 119 167 2385204023
P 120 167 2435798069
P 121 167 2435797813
P 122 167 2435797813
P 123 167 2435732277
P 124 167 2452509493
P 125 167 2452509493
P 126 167 2452509493
P 127 167 2469221172
P 128 167 2519815219
P 129 167 2519815219
P 130 167 2519815218
P 131 167 2536592434
P 132 167 2536592434
P 133 167 2536592434
P 134 167 2553304114
P 135 167 2570081330
P 136 167 2620675376
P 137 167 2637452336
P 138 167 2637452336
P 139 167 2654164015
P 140 167 2654164271
P 141 167 2670941231
P 142 167 2687652911
P 143 167 2687652911
P 144 167 2771801389
P 145 167 2771801389
P 146 167 2771801389
P 147 167 2788578605
P 148 167 2805290285
P 149 167 2822067244
P 150 167 2822067500
P 151 167 2822001964
P 152 167 2922927658
P 153 167 2939704619
P 154 167 2939704619
P 155 167 2956416298
P 156 167 2973193514
P 157 167 2989970730
P 158 167 2989905194
P 159 167 3006682409
P 160 167 3107608104
P 161 167 3124385064
P 162 167 3141162280
P 163 167 3157873960
P 164 167 3174585640
P 165 167 3191362855
P 166 167 3208140071
P 167 167 3224851752
