P 40 40 2468231767
P 41 40 2468231767
P 42 40 2468166231
P 43 40 2468166231
P 44 40 2468166231
P 45 40 2468166231
P 46 40 2451389014
P 47 40 2451389014
P 48 40 2434677077
P 49 40 2434677077
P 50 40 2434677077
P 51 40 2434677077
P 52 40 2434677077
P 53 40 2417899604
P 54 40 2417899604
P 55 40 2417899604
P 56 40 2401187667
P 57 40 2401187667
P 58 40 2384410450
P 59 40 2384410450
P 60 40 2384410450
P 61 40 2384410450
P 62 40 2384410450
P 63 40 2384410450
P 64 40 2367764049
P 65 40 2367764048
P 66 40 2367764048
P 67 40 2367698512
P 68 40 2350986832
P 69 40 2350986832
P 70 40 2350921296
P 71 40 2350921040
P 72 40 2334274638
P 73 40 2334274638
P 74 40 2334274638
P 75 40 2334274638
P 76 40 2317497421
P 77 40 2317497421
P 78 40 2317497421
P 79 40 2317497421
P 80 40 2300851020
P 81 40 2300850763
P 82 40 2300850763
P 83 40 2300850763
P 84 40 2300850763
P 85 40 2300850762
P 86 40 2300850762
P 87 40 2300850762
P 88 40 2284204361
P 89 40 2284204104
P 90 40 2284204104
P 91 40 2284204104
P 92 40 2284204104
P 93 40 2284138568
P 94 40 2284138568
P 95 40 2284138568
P 96 40 2267557445
P 97 40 2267557445
P 98 40 2267557445
P 99 40 2267557445
P 100 40 2267491909
P 101 40 2267491909
P 102 40 2267491909
P 103 40 2267491908
P 104 40 2267688259
P 105 40 2267688002
P 106 40 2267688002
P 107 40 2267688002
P 108 40 2267622466
P 109 40 2267622465
P 110 40 2267622465
P 111 40 2267622465
P 112 40 2267818559
P 113 40 2267818559
P 114 40 2267753023
P 115 40 2267753023
P 116 40 2267753022
P 117 40 2267753022
P 118 40 2284529982
P 119 40 2284529982
P 120 40 2284726332
P 121 40 2284660796
P 122 40 2301437755
P 123 40 2301437755
P 124 40 2301437755
P 125 40 2301372219
P 126 40 2301372218
P 127 40 2301372218
P 128 40 2318345528
P 129 40 2318345528
P 130 40 2335057208
P 131 40 2335057208
P 132 40 2335057208
P 133 40 2334991671
P 134 40 2334991671
P 135 40 2334991415
P 136 40 2368742197
P 137 40 2368676660
P 138 40 2385453620
P 139 40 2385453620
P 140 40 2385388084
P 141 40 2385388083
P 142 40 2385388083
P 143 40 2402099763
P 144 40 2452627504
P 145 40 2452627504
P 146 40 2452561968
P 147 40 2452561968
P 148 40 2452496432
P 149 40 2469273648
P 150 40 2469207855
P 151 40 2469207855
P 152 40 2536447533
P 153 40 2536447533
P 154 40 2536381740
P 155 40 2553158956
P 156 40 2553093420
P 157 40 2569870636
P 158 40 2569805099
P 159 40 2569805099
P 160 40 2653756200
P 161 40 2653755945
P 162 40 2653755945
P 163 40 2670467624
P 164 40 2670467624
P 165 40 2670402088
P 166 40 2687113768
P 167 40 2703825191
P 40 41 2468231767
P 41 41 2468231767
P 42 41 2468166231
P 43 41 2468166231
P 44 41 2468166231
P 45 41 2468166231
P 46 41 2451389014
P 47 41 2451389014
P 48 41 2434677077
P 49 41 2434677077
P 50 41 2434677077
P 51 41 2434677077
P 52 41 2434677077
P 53 41 2417899604
P 54 41 2417899604
P 55 41 2417899604
P 56 41 2401187667
P 57 41 2401187667
P 58 41 2384410450
P 59 41 2384410450
P 60 41 2384410450
P 61 41 2384410450
P 62 41 2384410450
P 63 41 2384410450
P 64 41 2367764049
P 65 41 2367764048
P 66 41 2367764048
P 67 41 2367698512
P 68 41 2350986832
P 69 41 2350986832
P 70 41 2350921296
P 71 41 2350921040
P 72 41 2334274638
P 73 41 2334274638
P 74 41 2334274638
P 75 41 2334274638
P 76 41 2317497421
P 77 41 2317497421
P 78 41 2317497421
P 79 41 2317497421
P 80 41 2300851020
P 81 41 2300850763
P 82 41 2300850763
P 83 41 2300850763
P 84 41 2300850763
P 85 41 2300850762
P 86 41 2300850762
P 87 41 2300850762
P 88 41 2284204361
P 89 41 2284204104
P 90 41 2284204104
P 91 41 2284204104
P 92 41 2284204104
P 93 41 2284204104
P 94 41 2284138568
P 95 41 2284138568
P 96 41 2267557445
P 97 41 2267557445
P 98 41 2267557445
P 99 41 2267557445
P 100 41 2267491909
P 101 41 2267557445
P 102 41 2267491909
P 103 41 2267491908
P 104 41 2267688259
P 105 41 2267688002
P 106 41 2267688002
P 107 41 2267688002
P 108 41 2267622466
P 109 41 2267622465
P 110 41 2267622465
P 111 41 2267622465
P 112 41 2267818559
P 113 41 2267818559
P 114 41 2267753023
P 115 41 2267753023
P 116 41 2267753022
P 117 41 2267753022
P 118 41 2284529982
P 119 41 2284529982
P 120 41 2284726332
P 121 41 2284660796
P 122 41 2301437755
P 123 41 2301437755
P 124 41 2301437755
P 125 41 2301372219
P 126 41 2301372218
P 127 41 2301372218
P 128 41 2318345528
P 129 41 2318345528
P 130 41 2335057208
P 131 41 2335057208
P 132 41 2335057208
P 133 41 2335057207
P 134 41 2334991671
P 135 41 2334991415
P 136 41 2368742197
P 137 41 2368676660
P 138 41 2385453620
P 139 41 2385453620
P 140 41 2385388084
P 141 41 2385388083
P 142 41 2385388083
P 143 41 2402099763
P 144 41 2452627504
P 145 41 2452627504
P 146 41 2452561969
P 147 41 2452561712
P 148 41 2452496432
P 149 41 2469273648
P 150 41 2469207855
P 151 41 2469207855
P 152 41 2536447533
P 153 41 2536447533
P 154 41 2536381740
P 155 41 2553158956
P 156 41 2553093420
P 157 41 2569870636
P 158 41 2569805099
P 159 41 2569805099
P 160 41 2653756201
P 161 41 2653755945
P 162 41 2653755945
P 163 41 2670467624
P 164 41 2670467624
P 165 41 2670402088
P 166 41 2687113768
P 167 41 2703825191
P 40 42 2468231767
P 41 42 2468231767
P 42 42 2468166231
P 43 42 2468166231
P 44 42 2468166231
P 45 42 2468166231
P 46 42 2451389014
P 47 42 2451389014
P 48 42 2434677077
P 49 42 2434677077
P 50 42 2434677077
P 51 42 2434677077
P 52 42 2434677077
P 53 42 2417899604
P 54 42 2417899604
P 55 42 2417899604
P 56 42 2401187667
P 57 42 2401187667
P 58 42 2384410450
P 59 42 2384410450
P 60 42 2384410450
P 61 42 2384410450
P 62 42 2384410450
P 63 42 2384410450
P 64 42 2367764049
P 65 42 2367764048
P 66 42 2367764048
P 67 42 2367698512
P 68 42 2350986832
P 69 42 2350986832
P 70 42 2350986832
P 71 42 2350921040
P 72 42 2334274638
P 73 42 2334274638
P 74 42 2334274638
P 75 42 2334274638
P 76 42 2317497421
P 77 42 2317497421
P 78 42 2317497421
P 79 42 2317497421
P 80 42 2300851020
P 81 42 2300850763
P 82 42 2300850763
P 83 42 2300850763
P 84 42 2300850763
P 85 42 2300850762
P 86 42 2300850762
P 87 42 2300850762
P 88 42 2284204361
P 89 42 2284204104
P 90 42 2284204104
P 91 42 2284204104
P 92 42 2284204104
P 93 42 2284204104
P 94 42 2284138568
P 95 42 2284138568
P 96 42 2267557445
P 97 42 2267557445
P 98 42 2267557445
P 99 42 2267557445
P 100 42 2267491909
P 101 42 2267557445
P 102 42 2267491909
P 103 42 2267491908
P 104 42 2267688259
P 105 42 2267688002
P 106 42 2267688002
P 107 42 2267688002
P 108 42 2267622466
P 109 42 2267622465
P 110 42 2267622465
P 111 42 2267622465
P 112 42 2267818559
P 113 42 2267818559
P 114 42 2267753023
P 115 42 2267753023
P 116 42 2267753022
P 117 42 2267753022
P 118 42 2284529982
P 119 42 2284529982
P 120 42 2284726332
P 121 42 2284660796
P 122 42 2301437755
P 123 42 2301437755
P 124 42 2301437755
P 125 42 2301372219
P 126 42 2301437754
P 127 42 2301372218
P 128 42 2318345528
P 129 42 2318345528
P 130 42 2335057208
P 131 42 2335057208
P 132 42 2335057208
P 133 42 2335057207
P 134 42 2334991671
P 135 42 2334991415
P 136 42 2368742197
P 137 42 2368676660
P 138 42 2385453620
P 139 42 2385453620
P 140 42 2385388084
P 141 42 2385388083
P 142 42 2385388083
P 143 42 2402099763
P 144 42 2452627505
P 145 42 2452627505
P 146 42 2452561969
P 147 42 2452561712
P 148 42 2452496176
P 149 42 2469273648
P 150 42 2469273391
P 151 42 2469207855
P 152 42 2536447533
P 153 42 2536447533
P 154 42 2536381740
P 155 42 2553158956
P 156 42 2553093420
P 157 42 2569870636
P 158 42 2569870635
P 159 42 2569805099
P 160 42 2653756201
P 161 42 2653755945
P 162 42 2653755945
P 163 42 2670467624
P 164 42 2670467624
P 165 42 2670402088
P 166 42 2687179304
P 167 42 2703825191
P 40 43 2468231767
P 41 43 2468231767
P 42 43 2468166231
P 43 43 2468166231
P 44 43 2468166231
P 45 43 2468166231
P 46 43 2451389014
P 47 43 2451389014
P 48 43 2434677077
P 49 43 2434677077
P 50 43 2434677077
P 51 43 2434677077
P 52 43 2434677077
P 53 43 2417899604
P 54 43 2417899604
P 55 43 2417899604
P 56 43 2401187667
P 57 43 2401187667
P 58 43 2384410450
P 59 43 2384410450
P 60 43 2384410450
P 61 43 2384410450
P 62 43 2384410450
P 63 43 2384410450
P 64 43 2367764049
P 65 43 2367764048
P 66 43 2367764048
P 67 43 2367698512
P 68 43 2350986832
P 69 43 2350986832
P 70 43 2350986832
P 71 43 2350921040
P 72 43 2334274638
P 73 43 2334274638
P 74 43 2334274638
P 75 43 2334274638
P 76 43 2317497421
P 77 43 2317497421
P 78 43 2317497421
P 79 43 2317497421
P 80 43 2300851020
P 81 43 2300850763
P 82 43 2300850763
P 83 43 2300850763
P 84 43 2300850763
P 85 43 2300850762
P 86 43 2300850762
P 87 43 2300850762
P 88 43 2284204361
P 89 43 2284204104
P 90 43 2284204104
P 91 43 2284204104
P 92 43 2284204104
P 93 43 2284204104
P 94 43 2284138568
P 95 43 2284138568
P 96 43 2267557445
P 97 43 2267557445
P 98 43 2267557445
P 99 43 2267557445
P 100 43 2267491909
P 101 43 2267557445
P 102 43 2267491909
P 103 43 2267491908
P 104 43 2267688259
P 105 43 2267688002
P 106 43 2267688002
P 107 43 2267688002
P 108 43 2267622466
P 109 43 2267622465
P 110 43 2267622465
P 111 43 2267622465
P 112 43 2267818559
P 113 43 2267818559
P 114 43 2267753023
P 115 43 2267753023
P 116 43 2267753022
P 117 43 2267753022
P 118 43 2284529982
P 119 43 2284529982
P 120 43 2284726332
P 121 43 2284660796
P 122 43 2301437755
P 123 43 2301437755
P 124 43 2301437755
P 125 43 2301372219
P 126 43 2301437754
P 127 43 2301372218
P 128 43 2318345528
P 129 43 2318345528
P 130 43 2335057208
P 131 43 2335057208
P 132 43 2335057208
P 133 43 2335057207
P 134 43 2334991671
P 135 43 2334991415
P 136 43 2368742197
P 137 43 2368676660
P 138 43 2385453620
P 139 43 2385453620
P 140 43 2385388084
P 141 43 2385388083
P 142 43 2385388083
P 143 43 2402165299
P 144 43 2452627505
P 145 43 2452627505
P 146 43 2452561969
P 147 43 2452561712
P 148 43 2452496176
P 149 43 2469273392
P 150 43 2469273391
P 151 43 2469207855
P 152 43 2536447533
P 153 43 2536447533
P 154 43 2536381740
P 155 43 2553158956
P 156 43 2553093420
P 157 43 2569870636
P 158 43 2569870635
P 159 43 2569805099
P 160 43 2653756201
P 161 43 2653755945
P 162 43 2653755945
P 163 43 2670467624
P 164 43 2670467624
P 165 43 2670402088
P 166 43 2687179304
P 167 43 2703890727
P 40 44 2468231767
P 41 44 2468231767
P 42 44 2468166231
P 43 44 2468166231
P 44 44 2468166231
P 45 44 2468166231
P 46 44 2451389014
P 47 44 2451389014
P 48 44 2434677077
P 49 44 2434677077
P 50 44 2434677077
P 51 44 2434677077
P 52 44 2434677077
P 53 44 2417899604
P 54 44 2417899604
P 55 44 2417899604
P 56 44 2401187667
P 57 44 2401187667
P 58 44 2384410450
P 59 44 2384410450
P 60 44 2384410450
P 61 44 2384410450
P 62 44 2384410450
P 63 44 2384410450
P 64 44 2367764049
P 65 44 2367764048
P 66 44 2367764048
P 67 44 2367698512
P 68 44 2350986832
P 69 44 2350986832
P 70 44 2350986832
P 71 44 2350921040
P 72 44 2334274638
P 73 44 2334274638
P 74 44 2334274638
P 75 44 2334274638
P 76 44 2317497421
P 77 44 2317497421
P 78 44 2317497421
P 79 44 2317497421
P 80 44 2300851020
P 81 44 2300850763
P 82 44 2300850763
P 83 44 2300850763
P 84 44 2300850763
P 85 44 2300850762
P 86 44 2300850762
P 87 44 2300850762
P 88 44 2284204361
P 89 44 2284204104
P 90 44 2284204104
P 91 44 2284204104
P 92 44 2284204104
P 93 44 2284204104
P 94 44 2284138568
P 95 44 2284138568
P 96 44 2267557445
P 97 44 2267557445
P 98 44 2267557445
P 99 44 2267557445
P 100 44 2267491909
P 101 44 2267557445
P 102 44 2267491909
P 103 44 2267491908
P 104 44 2267688259
P 105 44 2267688002
P 106 44 2267688002
P 107 44 2267688002
P 108 44 2267622466
P 109 44 2267622465
P 110 44 2267622465
P 111 44 2267622465
P 112 44 2267818559
P 113 44 2267818559
P 114 44 2267753023
P 115 44 2267753023
P 116 44 2267753022
P 117 44 2267753022
P 118 44 2284529982
P 119 44 2284529982
P 120 44 2284726332
P 121 44 2284660796
P 122 44 2301437755
P 123 44 2301437755
P 124 44 2301437755
P 125 44 2301372219
P 126 44 2301437754
P 127 44 2301372218
P 128 44 2318345528
P 129 44 2318345528
P 130 44 2335057208
P 131 44 2335057208
P 132 44 2335057208
P 133 44 2335057207
P 134 44 2334991671
P 135 44 2334991415
P 136 44 2368742197
P 137 44 2368676660
P 138 44 2385453620
P 139 44 2385453620
P 140 44 2385388084
P 141 44 2385388083
P 142 44 2385388083
P 143 44 2402165299
P 144 44 2452693041
P 145 44 2452627505
P 146 44 2452561969
P 147 44 2452561712
P 148 44 2452496176
P 149 44 2469273392
P 150 44 2469273391
P 151 44 2469207855
P 152 44 2536513069
P 153 44 2536447533
P 154 44 2536381740
P 155 44 2553158956
P 156 44 2553093420
P 157 44 2569870636
P 158 44 2569870635
P 159 44 2569805099
P 160 44 2653821737
P 161 44 2653755945
P 162 44 2653755945
P 163 44 2670467624
P 164 44 2670467624
P 165 44 2670402088
P 166 44 2687179304
P 167 44 2703890727
P 40 45 2468231767
P 41 45 2468231767
P 42 45 2468166231
P 43 45 2468166231
P 44 45 2468166231
P 45 45 2468166231
P 46 45 2451389014
P 47 45 2451389014
P 48 45 2434677077
P 49 45 2434677077
P 50 45 2434677077
P 51 45 2434677077
P 52 45 2434677077
P 53 45 2417899604
P 54 45 2417899604
P 55 45 2417899604
P 56 45 2401187667
P 57 45 2401187667
P 58 45 2384410450
P 59 45 2384410450
P 60 45 2384410450
P 61 45 2384410450
P 62 45 2384410450
P 63 45 2384410450
P 64 45 2367764049
P 65 45 2367764048
P 66 45 2367764048
P 67 45 2367698512
P 68 45 2350986832
P 69 45 2350986832
P 70 45 2350986832
P 71 45 2350921040
P 72 45 2334274638
P 73 45 2334274638
P 74 45 2334274638
P 75 45 2334274638
P 76 45 2317497421
P 77 45 2317497421
P 78 45 2317497421
P 79 45 2317497421
P 80 45 2300851020
P 81 45 2300850763
P 82 45 2300850763
P 83 45 2300850763
P 84 45 2300850763
P 85 45 2300850762
P 86 45 2300850762
P 87 45 2300850762
P 88 45 2284204361
P 89 45 2284204104
P 90 45 2284204104
P 91 45 2284204104
P 92 45 2284204104
P 93 45 2284204104
P 94 45 2284138568
P 95 45 2284138568
P 96 45 2267557445
P 97 45 2267557445
P 98 45 2267557445
P 99 45 2267557445
P 100 45 2267491909
P 101 45 2267557445
P 102 45 2267491909
P 103 45 2267491908
P 104 45 2267688259
P 105 45 2267688002
P 106 45 2267688002
P 107 45 2267688002
P 108 45 2267622466
P 109 45 2267622465
P 110 45 2267622465
P 111 45 2267622465
P 112 45 2267818559
P 113 45 2267818559
P 114 45 2267753023
P 115 45 2267753023
P 116 45 2267753022
P 117 45 2267753022
P 118 45 2284529982
P 119 45 2284529982
P 120 45 2284726332
P 121 45 2284726332
P 122 45 2301437755
P 123 45 2301437755
P 124 45 2301437755
P 125 45 2301372219
P 126 45 2301437754
P 127 45 2301372218
P 128 45 2318345528
P 129 45 2318345528
P 130 45 2335057208
P 131 45 2335057208
P 132 45 2335057208
P 133 45 2335057207
P 134 45 2334991671
P 135 45 2334991415
P 136 45 2368742197
P 137 45 2368742196
P 138 45 2385453620
P 139 45 2385453620
P 140 45 2385388084
P 141 45 2385388083
P 142 45 2385388083
P 143 45 2402165299
P 144 45 2452693041
P 145 45 2452627505
P 146 45 2452561969
P 147 45 2452561712
P 148 45 2452496176
P 149 45 2469273392
P 150 45 2469273391
P 151 45 2469207855
P 152 45 2536513069
P 153 45 2536447533
P 154 45 2536381740
P 155 45 2553158956
P 156 45 2553093420
P 157 45 2569870636
P 158 45 2569870635
P 159 45 2569805099
P 160 45 2653821737
P 161 45 2653821481
P 162 45 2653755945
P 163 45 2670467624
P 164 45 2670467624
P 165 45 2670402088
P 166 45 2687179304
P 167 45 2703890727
P 40 46 2468231767
P 41 46 2468231767
P 42 46 2468166231
P 43 46 2468166231
P 44 46 2468166231
P 45 46 2468166231
P 46 46 2451389014
P 47 46 2451389014
P 48 46 2434677077
P 49 46 2434677077
P 50 46 2434677077
P 51 46 2434677077
P 52 46 2434677077
P 53 46 2417899604
P 54 46 2417899604
P 55 46 2417899604
P 56 46 2401187667
P 57 46 2401187667
P 58 46 2384410450
P 59 46 2384410450
P 60 46 2384410450
P 61 46 2384410450
P 62 46 2384410450
P 63 46 2384410450
P 64 46 2367764049
P 65 46 2367764048
P 66 46 2367764048
P 67 46 2367698512
P 68 46 2350986832
P 69 46 2350986832
P 70 46 2350986832
P 71 46 2350921040
P 72 46 2334274638
P 73 46 2334274638
P 74 46 2334274638
P 75 46 2334274638
P 76 46 2317497421
P 77 46 2317497421
P 78 46 2317497421
P 79 46 2317497421
P 80 46 2300851020
P 81 46 2300850763
P 82 46 2300850763
P 83 46 2300850763
P 84 46 2300850763
P 85 46 2300850762
P 86 46 2300850762
P 87 46 2300850762
P 88 46 2284204361
P 89 46 2284204104
P 90 46 2284204104
P 91 46 2284204104
P 92 46 2284204104
P 93 46 2284204104
P 94 46 2284138568
P 95 46 2284138568
P 96 46 2267557445
P 97 46 2267557445
P 98 46 2267557445
P 99 46 2267557445
P 100 46 2267491909
P 101 46 2267557445
P 102 46 2267491909
P 103 46 2267491908
P 104 46 2267688259
P 105 46 2267688002
P 106 46 2267688002
P 107 46 2267688002
P 108 46 2267622466
P 109 46 2267622465
P 110 46 2267622466
P 111 46 2267622465
P 112 46 2267818559
P 113 46 2267818559
P 114 46 2267818559
P 115 46 2267753023
P 116 46 2267753022
P 117 46 2267753022
P 118 46 2284529982
P 119 46 2284529982
P 120 46 2284726332
P 121 46 2284726332
P 122 46 2301437755
P 123 46 2301437755
P 124 46 2301437755
P 125 46 2301372219
P 126 46 2301437754
P 127 46 2301372218
P 128 46 2318345528
P 129 46 2318345528
P 130 46 2335122744
P 131 46 2335057208
P 132 46 2335057208
P 133 46 2335057207
P 134 46 2334991671
P 135 46 2334991415
P 136 46 2368742197
P 137 46 2368742196
P 138 46 2385453620
P 139 46 2385453620
P 140 46 2385388084
P 141 46 2385388083
P 142 46 2385388083
P 143 46 2402165299
P 144 46 2452693041
P 145 46 2452627505
P 146 46 2452627505
P 147 46 2452561712
P 148 46 2452496176
P 149 46 2469273392
P 150 46 2469273391
P 151 46 2469207855
P 152 46 2536513069
P 153 46 2536447533
P 154 46 2536447276
P 155 46 2553158956
P 156 46 2553093420
P 157 46 2569870636
P 158 46 2569870635
P 159 46 2569805099
P 160 46 2653821737
P 161 46 2653821481
P 162 46 2653755945
P 163 46 2670467624
P 164 46 2670467624
P 165 46 2670402088
P 166 46 2687179304
P 167 46 2703890727
P 40 47 2468231767
P 41 47 2468231767
P 42 47 2468166231
P 43 47 2468166231
P 44 47 2468166231
P 45 47 2468166231
P 46 47 2451389014
P 47 47 2451389014
P 48 47 2434677077
P 49 47 2434677077
P 50 47 2434677077
P 51 47 2434677077
P 52 47 2434677077
P 53 47 2417899604
P 54 47 2417899604
P 55 47 2417899604
P 56 47 2401187667
P 57 47 2401187667
P 58 47 2384410450
P 59 47 2384410450
P 60 47 2384410450
P 61 47 2384410450
P 62 47 2384410450
P 63 47 2384410450
P 64 47 2367764049
P 65 47 2367764048
P 66 47 2367764048
P 67 47 2367764048
P 68 47 2350986832
P 69 47 2350986832
P 70 47 2350986832
P 71 47 2350921040
P 72 47 2334274638
P 73 47 2334274638
P 74 47 2334274638
P 75 47 2334274638
P 76 47 2317497421
P 77 47 2317497421
P 78 47 2317497421
P 79 47 2317497421
P 80 47 2300851020
P 81 47 2300850763
P 82 47 2300850763
P 83 47 2300850763
P 84 47 2300850763
P 85 47 2300850762
P 86 47 2300850762
P 87 47 2300850762
P 88 47 2284204361
P 89 47 2284204104
P 90 47 2284204104
P 91 47 2284204104
P 92 47 2284204104
P 93 47 2284204104
P 94 47 2284138568
P 95 47 2284138568
P 96 47 2267557445
P 97 47 2267557445
P 98 47 2267557445
P 99 47 2267557445
P 100 47 2267491909
P 101 47 2267557445
P 102 47 2267491909
P 103 47 2267491908
P 104 47 2267688259
P 105 47 2267688002
P 106 47 2267688002
P 107 47 2267688002
P 108 47 2267622466
P 109 47 2267622466
P 110 47 2267622466
P 111 47 2267622465
P 112 47 2267818559
P 113 47 2267818559
P 114 47 2267818559
P 115 47 2267753023
P 116 47 2267753022
P 117 47 2267753022
P 118 47 2284529982
P 119 47 2284529982
P 120 47 2284726332
P 121 47 2284726332
P 122 47 2301437755
P 123 47 2301437755
P 124 47 2301437755
P 125 47 2301372219
P 126 47 2301437754
P 127 47 2301372218
P 128 47 2318345528
P 129 47 2318345528
P 130 47 2335122744
P 131 47 2335057208
P 132 47 2335057208
P 133 47 2335057207
P 134 47 2334991671
P 135 47 2334991415
P 136 47 2368742197
P 137 47 2368742196
P 138 47 2385453620
P 139 47 2385453620
P 140 47 2385388084
P 141 47 2385388083
P 142 47 2385388083
P 143 47 2402165299
P 144 47 2452693041
P 145 47 2452627505
P 146 47 2452627505
P 147 47 2452561712
P 148 47 2452496176
P 149 47 2469273392
P 150 47 2469273391
P 151 47 2469207855
P 152 47 2536512813
P 153 47 2536447533
P 154 47 2536447276
P 155 47 2553158956
P 156 47 2553093420
P 157 47 2569870636
P 158 47 2569870635
P 159 47 2569805099
P 160 47 2653821737
P 161 47 2653821481
P 162 47 2653755945
P 163 47 2670533160
P 164 47 2670467624
P 165 47 2670402088
P 166 47 2687179304
P 167 47 2703890727
P 40 48 2468166231
P 41 48 2468166231
P 42 48 2451389014
P 43 48 2451389014
P 44 48 2451389014
P 45 48 2451389014
P 46 48 2451389014
P 47 48 2451389014
P 48 48 2417899860
P 49 48 2417899860
P 50 48 2417899860
P 51 48 2417899860
P 52 48 2417899860
P 53 48 2417899860
P 54 48 2417899860
P 55 48 2417899860
P 56 48 2384410707
P 57 48 2384410706
P 58 48 2384410706
P 59 48 2384410706
P 60 48 2384410706
P 61 48 2384410706
P 62 48 2384410706
P 63 48 2367633233
P 64 48 2350986832
P 65 48 2350986832
P 66 48 2350986832
P 67 48 2350986832
P 68 48 2350986832
P 69 48 2350986831
P 70 48 2350986831
P 71 48 2350921295
P 72 48 2317497677
P 73 48 2317497677
P 74 48 2317497677
P 75 48 2317497677
P 76 48 2317497677
P 77 48 2317497677
P 78 48 2317497677
P 79 48 2317497677
P 80 48 2300851019
P 81 48 2300851019
P 82 48 2300851019
P 83 48 2300851019
P 84 48 2300851018
P 85 48 2300851018
P 86 48 2284073802
P 87 48 2284073802
P 88 48 2284204616
P 89 48 2284204616
P 90 48 2284204616
P 91 48 2284204616
P 92 48 2284204615
P 93 48 2284204615
P 94 48 2267427143
P 95 48 2267427143
P 96 48 2267557957
P 97 48 2267557957
P 98 48 2267557957
P 99 48 2267557956
P 100 48 2267557956
P 101 48 2267557956
P 102 48 2267492420
P 103 48 2267557956
P 104 48 2267688770
P 105 48 2267688514
P 106 48 2267688514
P 107 48 2267688513
P 108 48 2267688513
P 109 48 2267688513
P 110 48 2267622977
P 111 48 2267622977
P 112 48 2267819326
P 113 48 2267819326
P 114 48 2284596286
P 115 48 2284596286
P 116 48 2284596286
P 117 48 2284530750
P 118 48 2284530749
P 119 48 2284530749
P 120 48 2301504316
P 121 48 2301504315
P 122 48 2301504315
P 123 48 2301438779
P 124 48 2301438522
P 125 48 2301438522
P 126 48 2301438522
P 127 48 2301372986
P 128 48 2335123768
P 129 48 2335123768
P 130 48 2335123767
P 131 48 2335123511
P 132 48 2335057975
P 133 48 2351835191
P 134 48 2351835191
P 135 48 2351769654
P 136 48 2385520436
P 137 48 2385520436
P 138 48 2385520436
P 139 48 2402297651
P 140 48 2402232115
P 141 48 2402166323
P 142 48 2418943539
P 143 48 2418943539
P 144 48 2452694320
P 145 48 2469405744
P 146 48 2469405744
P 147 48 2469340207
P 148 48 2486117423
P 149 48 2486051887
P 150 48 2486051887
P 151 48 2502829102
P 152 48 2553291308
P 153 48 2570068524
P 154 48 2570003244
P 155 48 2570002988
P 156 48 2586714667
P 157 48 2586714667
P 158 48 2586649131
P 159 48 2603360811
P 160 48 2670600232
P 161 48 2670600232
P 162 48 2687311912
P 163 48 2704089127
P 164 48 2704089127
P 165 48 2703958055
P 166 48 2720735014
P 167 48 2737446694
P 40 49 2468166231
P 41 49 2468166231
P 42 49 2451389014
P 43 49 2451389014
P 44 49 2451389014
P 45 49 2451389014
P 46 49 2451389014
P 47 49 2451389014
P 48 49 2417899860
P 49 49 2417899860
P 50 49 2417899860
P 51 49 2417899860
P 52 49 2417899860
P 53 49 2417899860
P 54 49 2417899860
P 55 49 2417899860
P 56 49 2384410707
P 57 49 2384410706
P 58 49 2384410706
P 59 49 2384410706
P 60 49 2384410706
P 61 49 2384410706
P 62 49 2384410706
P 63 49 2367633233
P 64 49 2350986832
P 65 49 2350986832
P 66 49 2350986832
P 67 49 2350986832
P 68 49 2350986832
P 69 49 2350986831
P 70 49 2350986831
P 71 49 2350921295
P 72 49 2317497677
P 73 49 2317497677
P 74 49 2317497677
P 75 49 2317497677
P 76 49 2317497677
P 77 49 2317497677
P 78 49 2317497677
P 79 49 2317497677
P 80 49 2300851019
P 81 49 2300851019
P 82 49 2300851019
P 83 49 2300851019
P 84 49 2300851018
P 85 49 2300851018
P 86 49 2284073802
P 87 49 2284073802
P 88 49 2284204616
P 89 49 2284204616
P 90 49 2284204616
P 91 49 2284204616
P 92 49 2284204615
P 93 49 2284204615
P 94 49 2267427143
P 95 49 2267427143
P 96 49 2267557957
P 97 49 2267557957
P 98 49 2267557957
P 99 49 2267557956
P 100 49 2267557956
P 101 49 2267557956
P 102 49 2267492420
P 103 49 2267557700
P 104 49 2267688770
P 105 49 2267688514
P 106 49 2267688514
P 107 49 2267688513
P 108 49 2267688513
P 109 49 2267688513
P 110 49 2267622977
P 111 49 2267622977
P 112 49 2267819326
P 113 49 2267819326
P 114 49 2284596286
P 115 49 2284596286
P 116 49 2284596286
P 117 49 2284530750
P 118 49 2284530749
P 119 49 2284530749
P 120 49 2301504316
P 121 49 2301504315
P 122 49 2301504315
P 123 49 2301438779
P 124 49 2301438522
P 125 49 2301438522
P 126 49 2301438522
P 127 49 2301372986
P 128 49 2335123768
P 129 49 2335123768
P 130 49 2335123767
P 131 49 2335123511
P 132 49 2335057975
P 133 49 2351835191
P 134 49 2351835191
P 135 49 2351769654
P 136 49 2385520180
P 137 49 2385520436
P 138 49 2385520436
P 139 49 2402297651
P 140 49 2402232115
P 141 49 2402231859
P 142 49 2418943539
P 143 49 2418943539
P 144 49 2452694320
P 145 49 2469405744
P 146 49 2469405744
P 147 49 2469340207
P 148 49 2486117423
P 149 49 2486117423
P 150 49 2486051887
P 151 49 2502829102
P 152 49 2553291308
P 153 49 2570068524
P 154 49 2570002988
P 155 49 2570002988
P 156 49 2586714667
P 157 49 2586714667
P 158 49 2586649131
P 159 49 2603360811
P 160 49 2670600232
P 161 49 2670600232
P 162 49 2687311912
P 163 49 2704089127
P 164 49 2704089127
P 165 49 2704023591
P 166 49 2720735014
P 167 49 2737446695
P 40 50 2468166231
P 41 50 2468166231
P 42 50 2451389014
P 43 50 2451389014
P 44 50 2451389014
P 45 50 2451389014
P 46 50 2451389014
P 47 50 2451389014
P 48 50 2417899860
P 49 50 2417899860
P 50 50 2417899860
P 51 50 2417899860
P 52 50 2417899860
P 53 50 2417899860
P 54 50 2417899860
P 55 50 2417899860
P 56 50 2384410707
P 57 50 2384410706
P 58 50 2384410706
P 59 50 2384410706
P 60 50 2384410706
P 61 50 2384410706
P 62 50 2384410706
P 63 50 2367633233
P 64 50 2350986832
P 65 50 2350986832
P 66 50 2350986832
P 67 50 2350986832
P 68 50 2350986832
P 69 50 2350986831
P 70 50 2350986831
P 71 50 2350921295
P 72 50 2317497677
P 73 50 2317497677
P 74 50 2317497677
P 75 50 2317497677
P 76 50 2317497677
P 77 50 2317497677
P 78 50 2317497677
P 79 50 2317497677
P 80 50 2300851019
P 81 50 2300851019
P 82 50 2300851019
P 83 50 2300851019
P 84 50 2300851018
P 85 50 2300851018
P 86 50 2284073802
P 87 50 2284073802
P 88 50 2284204616
P 89 50 2284204616
P 90 50 2284204616
P 91 50 2284204616
P 92 50 2284204615
P 93 50 2284204615
P 94 50 2267427143
P 95 50 2267427143
P 96 50 2267557957
P 97 50 2267557957
P 98 50 2267557957
P 99 50 2267557956
P 100 50 2267557956
P 101 50 2267557956
P 102 50 2267557956
P 103 50 2267557700
P 104 50 2267688514
P 105 50 2267688514
P 106 50 2267688514
P 107 50 2267688513
P 108 50 2267688513
P 109 50 2267688513
P 110 50 2267688513
P 111 50 2267622977
P 112 50 2267819326
P 113 50 2267819326
P 114 50 2284596286
P 115 50 2284596286
P 116 50 2284596286
P 117 50 2284530750
P 118 50 2284596285
P 119 50 2284530749
P 120 50 2301504316
P 121 50 2301504315
P 122 50 2301504315
P 123 50 2301438779
P 124 50 2301438522
P 125 50 2301438522
P 126 50 2301438522
P 127 50 2301372986
P 128 50 2335123768
P 129 50 2335123768
P 130 50 2335123767
P 131 50 2335123511
P 132 50 2335057975
P 133 50 2351835191
P 134 50 2351835191
P 135 50 2351769654
P 136 50 2385520180
P 137 50 2385520180
P 138 50 2385520436
P 139 50 2402297651
P 140 50 2402232115
P 141 50 2402231859
P 142 50 2418943539
P 143 50 2418943539
P 144 50 2452694320
P 145 50 2469405744
P 146 50 2469405744
P 147 50 2469340207
P 148 50 2486117423
P 149 50 2486117423
P 150 50 2486051887
P 151 50 2502829102
P 152 50 2553291308
P 153 50 2570068524
P 154 50 2570002988
P 155 50 2570002988
P 156 50 2586714667
P 157 50 2586714667
P 158 50 2586714667
P 159 50 2603360811
P 160 50 2670600232
P 161 50 2670600232
P 162 50 2687311912
P 163 50 2704089127
P 164 50 2704089127
P 165 50 2704023591
P 166 50 2720800551
P 167 50 2737446695
P 40 51 2468166231
P 41 51 2468166231
P 42 51 2451389014
P 43 51 2451389014
P 44 51 2451389014
P 45 51 2451389014
P 46 51 2451389014
P 47 51 2451389014
P 48 51 2417899860
P 49 51 2417899860
P 50 51 2417899860
P 51 51 2417899860
P 52 51 2417899860
P 53 51 2417899860
P 54 51 2417899860
P 55 51 2417899860
P 56 51 2384410707
P 57 51 2384410706
P 58 51 2384410706
P 59 51 2384410706
P 60 51 2384410706
P 61 51 2384410706
P 62 51 2384410706
P 63 51 2367633233
P 64 51 2350986832
P 65 51 2350986832
P 66 51 2350986832
P 67 51 2350986832
P 68 51 2350986832
P 69 51 2350986831
P 70 51 2350986831
P 71 51 2350986831
P 72 51 2317497677
P 73 51 2317497677
P 74 51 2317497677
P 75 51 2317497677
P 76 51 2317497677
P 77 51 2317497677
P 78 51 2317497677
P 79 51 2317497677
P 80 51 2300851019
P 81 51 2300851019
P 82 51 2300851019
P 83 51 2300851019
P 84 51 2300851018
P 85 51 2300851018
P 86 51 2284073802
P 87 51 2284073802
P 88 51 2284204616
P 89 51 2284204616
P 90 51 2284204616
P 91 51 2284204616
P 92 51 2284204615
P 93 51 2284204615
P 94 51 2267427143
P 95 51 2267427143
P 96 51 2267557957
P 97 51 2267557957
P 98 51 2267557957
P 99 51 2267557957
P 100 51 2267557957
P 101 51 2267557956
P 102 51 2267557956
P 103 51 2267557700
P 104 51 2267688514
P 105 51 2267688514
P 106 51 2267688514
P 107 51 2267688513
P 108 51 2267688513
P 109 51 2267688513
P 110 51 2267688513
P 111 51 2267622977
P 112 51 2267819326
P 113 51 2267819326
P 114 51 2284596286
P 115 51 2284596286
P 116 51 2284596286
P 117 51 2284530750
P 118 51 2284596285
P 119 51 2284530749
P 120 51 2301504316
P 121 51 2301504059
P 122 51 2301504315
P 123 51 2301438779
P 124 51 2301438522
P 125 51 2301438522
P 126 51 2301438522
P 127 51 2301438522
P 128 51 2335123768
P 129 51 2335123768
P 130 51 2335123767
P 131 51 2335123511
P 132 51 2335057975
P 133 51 2351835191
P 134 51 2351835191
P 135 51 2351835190
P 136 51 2385520180
P 137 51 2385520180
P 138 51 2385520180
P 139 51 2402297651
P 140 51 2402232115
P 141 51 2402231859
P 142 51 2418943539
P 143 51 2418943539
P 144 51 2452694320
P 145 51 2469405744
P 146 51 2469405744
P 147 51 2469340207
P 148 51 2486117423
P 149 51 2486117423
P 150 51 2486051887
P 151 51 2502829102
P 152 51 2553291308
P 153 51 2570068524
P 154 51 2570002988
P 155 51 2570002988
P 156 51 2586714667
P 157 51 2586714667
P 158 51 2586714667
P 159 51 2603426347
P 160 51 2670600232
P 161 51 2670600232
P 162 51 2687311912
P 163 51 2704089128
P 164 51 2704089128
P 165 51 2704023591
P 166 51 2720800551
P 167 51 2737512231
P 40 52 2468166231
P 41 52 2468166231
P 42 52 2451389014
P 43 52 2451389014
P 44 52 2451389014
P 45 52 2451389014
P 46 52 2451389014
P 47 52 2451389014
P 48 52 2417899860
P 49 52 2417899860
P 50 52 2417899860
P 51 52 2417899860
P 52 52 2417899860
P 53 52 2417899860
P 54 52 2417899860
P 55 52 2417899860
P 56 52 2384410707
P 57 52 2384410706
P 58 52 2384410706
P 59 52 2384410706
P 60 52 2384410706
P 61 52 2384410706
P 62 52 2384410706
P 63 52 2367633233
P 64 52 2350986832
P 65 52 2350986832
P 66 52 2350986832
P 67 52 2350986832
P 68 52 2350986832
P 69 52 2350986831
P 70 52 2350986831
P 71 52 2350986831
P 72 52 2317497677
P 73 52 2317497677
P 74 52 2317497677
P 75 52 2317497677
P 76 52 2317497677
P 77 52 2317497677
P 78 52 2317497677
P 79 52 2317497677
P 80 52 2300851019
P 81 52 2300851019
P 82 52 2300851019
P 83 52 2300851019
P 84 52 2300851018
P 85 52 2300851018
P 86 52 2284073802
P 87 52 2284073802
P 88 52 2284204616
P 89 52 2284204616
P 90 52 2284204616
P 91 52 2284204616
P 92 52 2284204615
P 93 52 2284204615
P 94 52 2267427143
P 95 52 2267427143
P 96 52 2267557957
P 97 52 2267557957
P 98 52 2267557957
P 99 52 2267557957
P 100 52 2267557957
P 101 52 2267557956
P 102 52 2267557956
P 103 52 2267557700
P 104 52 2267754050
P 105 52 2267688514
P 106 52 2267688514
P 107 52 2267688513
P 108 52 2267688513
P 109 52 2267688513
P 110 52 2267688513
P 111 52 2267622977
P 112 52 2267884862
P 113 52 2267819326
P 114 52 2284596286
P 115 52 2284596286
P 116 52 2284596286
P 117 52 2284530750
P 118 52 2284596285
P 119 52 2284530749
P 120 52 2301504316
P 121 52 2301504059
P 122 52 2301504315
P 123 52 2301438779
P 124 52 2301438522
P 125 52 2301438522
P 126 52 2301438522
P 127 52 2301438522
P 128 52 2335189304
P 129 52 2335123768
P 130 52 2335123767
P 131 52 2335123511
P 132 52 2335057975
P 133 52 2351835191
P 134 52 2351835191
P 135 52 2351835190
P 136 52 2385585716
P 137 52 2385520180
P 138 52 2385520180
P 139 52 2402297395
P 140 52 2402232115
P 141 52 2402231859
P 142 52 2418943539
P 143 52 2418943539
P 144 52 2452694320
P 145 52 2469405744
P 146 52 2469405744
P 147 52 2469340207
P 148 52 2486117423
P 149 52 2486117423
P 150 52 2486051887
P 151 52 2502829102
P 152 52 2553356844
P 153 52 2570068524
P 154 52 2570002988
P 155 52 2570002988
P 156 52 2586714667
P 157 52 2586714667
P 158 52 2586714667
P 159 52 2603426347
P 160 52 2670665769
P 161 52 2670600233
P 162 52 2687311912
P 163 52 2704089128
P 164 52 2704089128
P 165 52 2704023591
P 166 52 2720800551
P 167 52 2737512231
P 40 53 2468166231
P 41 53 2468166231
P 42 53 2451389014
P 43 53 2451389014
P 44 53 2451389014
P 45 53 2451389014
P 46 53 2451389014
P 47 53 2451389014
P 48 53 2417899860
P 49 53 2417899860
P 50 53 2417899860
P 51 53 2417899860
P 52 53 2417899860
P 53 53 2417899860
P 54 53 2417899860
P 55 53 2417899860
P 56 53 2384410707
P 57 53 2384410706
P 58 53 2384410706
P 59 53 2384410706
P 60 53 2384410706
P 61 53 2384410706
P 62 53 2384410706
P 63 53 2367633233
P 64 53 2350986832
P 65 53 2350986832
P 66 53 2350986832
P 67 53 2350986832
P 68 53 2350986832
P 69 53 2350986831
P 70 53 2350986831
P 71 53 2350986831
P 72 53 2317497677
P 73 53 2317497677
P 74 53 2317497677
P 75 53 2317497677
P 76 53 2317497677
P 77 53 2317497677
P 78 53 2317497677
P 79 53 2317497677
P 80 53 2300851019
P 81 53 2300851019
P 82 53 2300851019
P 83 53 2300851019
P 84 53 2300851018
P 85 53 2300851018
P 86 53 2284073802
P 87 53 2284073802
P 88 53 2284204616
P 89 53 2284204616
P 90 53 2284204616
P 91 53 2284204616
P 92 53 2284204615
P 93 53 2284204615
P 94 53 2267427143
P 95 53 2267427143
P 96 53 2267557957
P 97 53 2267557957
P 98 53 2267557957
P 99 53 2267557957
P 100 53 2267557957
P 101 53 2267557956
P 102 53 2267557956
P 103 53 2267557700
P 104 53 2267754050
P 105 53 2267688514
P 106 53 2267688514
P 107 53 2267688513
P 108 53 2267688513
P 109 53 2267688513
P 110 53 2267688513
P 111 53 2267622977
P 112 53 2267884862
P 113 53 2267819326
P 114 53 2284596286
P 115 53 2284596286
P 116 53 2284596286
P 117 53 2284530750
P 118 53 2284596285
P 119 53 2284530749
P 120 53 2301504316
P 121 53 2301504059
P 122 53 2301504059
P 123 53 2301438779
P 124 53 2301438522
P 125 53 2301438522
P 126 53 2301438522
P 127 53 2301438522
P 128 53 2335189304
P 129 53 2335123768
P 130 53 2335123767
P 131 53 2335123511
P 132 53 2335057975
P 133 53 2351835191
P 134 53 2351835191
P 135 53 2351835190
P 136 53 2385585716
P 137 53 2385520180
P 138 53 2385520180
P 139 53 2402297395
P 140 53 2402231859
P 141 53 2402231859
P 142 53 2418943539
P 143 53 2418943539
P 144 53 2452694320
P 145 53 2469471280
P 146 53 2469405744
P 147 53 2469340207
P 148 53 2486117423
P 149 53 2486117423
P 150 53 2486051887
P 151 53 2502829103
P 152 53 2553356844
P 153 53 2570068524
P 154 53 2570002988
P 155 53 2570002988
P 156 53 2586714667
P 157 53 2586714411
P 158 53 2586714667
P 159 53 2603426347
P 160 53 2670665769
P 161 53 2670600233
P 162 53 2687311912
P 163 53 2704089128
P 164 53 2704089128
P 165 53 2704023591
P 166 53 2720800551
P 167 53 2737512231
P 40 54 2468166231
P 41 54 2468166231
P 42 54 2451389014
P 43 54 2451389014
P 44 54 2451389014
P 45 54 2451389014
P 46 54 2451389014
P 47 54 2451389014
P 48 54 2417899860
P 49 54 2417899860
P 50 54 2417899860
P 51 54 2417899860
P 52 54 2417899860
P 53 54 2417899860
P 54 54 2417899860
P 55 54 2417899604
P 56 54 2384410707
P 57 54 2384410706
P 58 54 2384410706
P 59 54 2384410706
P 60 54 2384410706
P 61 54 2384410706
P 62 54 2384410706
P 63 54 2367633233
P 64 54 2350986832
P 65 54 2350986832
P 66 54 2350986832
P 67 54 2350986832
P 68 54 2350986832
P 69 54 2350986831
P 70 54 2350986831
P 71 54 2350986831
P 72 54 2317497677
P 73 54 2317497677
P 74 54 2317497677
P 75 54 2317497677
P 76 54 2317497677
P 77 54 2317497677
P 78 54 2317497677
P 79 54 2317497677
P 80 54 2300851019
P 81 54 2300851019
P 82 54 2300851019
P 83 54 2300851019
P 84 54 2300851018
P 85 54 2300851018
P 86 54 2284073802
P 87 54 2284073802
P 88 54 2284204616
P 89 54 2284204616
P 90 54 2284204616
P 91 54 2284204616
P 92 54 2284204615
P 93 54 2284204615
P 94 54 2267427143
P 95 54 2267427143
P 96 54 2267557957
P 97 54 2267557957
P 98 54 2267557957
P 99 54 2267557957
P 100 54 2267557957
P 101 54 2267557956
P 102 54 2267557956
P 103 54 2267557700
P 104 54 2267754050
P 105 54 2267688514
P 106 54 2267688514
P 107 54 2267688513
P 108 54 2267688513
P 109 54 2267688513
P 110 54 2267688513
P 111 54 2267622977
P 112 54 2267884862
P 113 54 2267819326
P 114 54 2284596286
P 115 54 2284596286
P 116 54 2284596286
P 117 54 2284530750
P 118 54 2284596286
P 119 54 2284530750
P 120 54 2301504316
P 121 54 2301504059
P 122 54 2301504059
P 123 54 2301438523
P 124 54 2301438522
P 125 54 2301438522
P 126 54 2301438522
P 127 54 2301438522
P 128 54 2335189304
P 129 54 2335123768
P 130 54 2335123767
P 131 54 2335123511
P 132 54 2335057975
P 133 54 2351835191
P 134 54 2351835191
P 135 54 2351835191
P 136 54 2385585716
P 137 54 2385520180
P 138 54 2385520180
P 139 54 2402297395
P 140 54 2402231859
P 141 54 2402231859
P 142 54 2418943539
P 143 54 2418943539
P 144 54 2452694320
P 145 54 2469471280
P 146 54 2469405744
P 147 54 2469340208
P 148 54 2486117424
P 149 54 2486117424
P 150 54 2486051887
P 151 54 2502829103
P 152 54 2553356844
P 153 54 2570068524
P 154 54 2570068524
P 155 54 2570002988
P 156 54 2586714667
P 157 54 2586714411
P 158 54 2586714411
P 159 54 2603426347
P 160 54 2670665769
P 161 54 2670600233
P 162 54 2687377448
P 163 54 2704089128
P 164 54 2704089128
P 165 54 2704023591
P 166 54 2720800551
P 167 54 2737512231
P 40 55 2468166231
P 41 55 2468166231
P 42 55 2451389014
P 43 55 2451389014
P 44 55 2451389014
P 45 55 2451389014
P 46 55 2451389014
P 47 55 2451389014
P 48 55 2417899860
P 49 55 2417899860
P 50 55 2417899860
P 51 55 2417899860
P 52 55 2417899860
P 53 55 2417899860
P 54 55 2417899860
P 55 55 2417899604
P 56 55 2384410707
P 57 55 2384410706
P 58 55 2384410706
P 59 55 2384410706
P 60 55 2384410706
P 61 55 2384410706
P 62 55 2384410706
P 63 55 2367633233
P 64 55 2350986832
P 65 55 2350986832
P 66 55 2350986832
P 67 55 2350986832
P 68 55 2350986832
P 69 55 2350986831
P 70 55 2350986831
P 71 55 2350986831
P 72 55 2317497677
P 73 55 2317497677
P 74 55 2317497677
P 75 55 2317497677
P 76 55 2317497677
P 77 55 2317497677
P 78 55 2317497677
P 79 55 2317497677
P 80 55 2300851019
P 81 55 2300851019
P 82 55 2300851019
P 83 55 2300851019
P 84 55 2300851018
P 85 55 2300851018
P 86 55 2284073802
P 87 55 2284073802
P 88 55 2284204616
P 89 55 2284204616
P 90 55 2284204616
P 91 55 2284204616
P 92 55 2284204615
P 93 55 2284204615
P 94 55 2267427143
P 95 55 2267427143
P 96 55 2267557957
P 97 55 2267557957
P 98 55 2267557957
P 99 55 2267557957
P 100 55 2267557957
P 101 55 2267557956
P 102 55 2267557956
P 103 55 2267557700
P 104 55 2267754050
P 105 55 2267688514
P 106 55 2267688514
P 107 55 2267688513
P 108 55 2267688513
P 109 55 2267688513
P 110 55 2267688513
P 111 55 2267622977
P 112 55 2267884862
P 113 55 2267819326
P 114 55 2284596286
P 115 55 2284596286
P 116 55 2284596286
P 117 55 2284530750
P 118 55 2284596286
P 119 55 2284530750
P 120 55 2301504316
P 121 55 2301504059
P 122 55 2301504059
P 123 55 2301504059
P 124 55 2301438522
P 125 55 2301438522
P 126 55 2301438522
P 127 55 2301438522
P 128 55 2335189304
P 129 55 2335123768
P 130 55 2335123767
P 131 55 2335123511
P 132 55 2335057975
P 133 55 2351835191
P 134 55 2351835191
P 135 55 2351835191
P 136 55 2385585716
P 137 55 2385520180
P 138 55 2385520180
P 139 55 2402297395
P 140 55 2402231859
P 141 55 2402231859
P 142 55 2418943539
P 143 55 2418943539
P 144 55 2452694320
P 145 55 2469471280
P 146 55 2469405744
P 147 55 2469405744
P 148 55 2486117424
P 149 55 2486117424
P 150 55 2486051887
P 151 55 2502829103
P 152 55 2553356844
P 153 55 2570068524
P 154 55 2570068524
P 155 55 2570002988
P 156 55 2586714667
P 157 55 2586714411
P 158 55 2586714411
P 159 55 2603426091
P 160 55 2670665769
P 161 55 2670600233
P 162 55 2687377448
P 163 55 2704089128
P 164 55 2704089128
P 165 55 2704023591
P 166 55 2720800551
P 167 55 2737512231
P 40 56 2451389270
P 41 56 2451389014
P 42 56 2451389014
P 43 56 2451389014
P 44 56 2451389014
P 45 56 2451389013
P 46 56 2451389013
P 47 56 2451389013
P 48 56 2417899860
P 49 56 2417899860
P 50 56 2417899860
P 51 56 2417899860
P 52 56 2417899860
P 53 56 2417899860
P 54 56 2401122643
P 55 56 2401122643
P 56 56 2384410706
P 57 56 2384410706
P 58 56 2384410706
P 59 56 2367633489
P 60 56 2367633489
P 61 56 2367633489
P 62 56 2367633489
P 63 56 2367633489
P 64 56 2350987088
P 65 56 2350987087
P 66 56 2350987087
P 67 56 2350987087
P 68 56 2334209871
P 69 56 2334209871
P 70 56 2334209871
P 71 56 2334209870
P 72 56 2317497933
P 73 56 2317497933
P 74 56 2317497933
P 75 56 2317497933
P 76 56 2317497932
P 77 56 2317497932
P 78 56 2317497676
P 79 56 2317497676
P 80 56 2300851274
P 81 56 2300851274
P 82 56 2284074058
P 83 56 2284074058
P 84 56 2284074058
P 85 56 2284074058
P 86 56 2284074058
P 87 56 2284074057
P 88 56 2284270408
P 89 56 2284204872
P 90 56 2267427655
P 91 56 2267427655
P 92 56 2267427655
P 93 56 2267427655
P 94 56 2267427655
P 95 56 2267427654
P 96 56 2267624005
P 97 56 2267624004
P 98 56 2267558468
P 99 56 2267558468
P 100 56 2267558468
P 101 56 2267558212
P 102 56 2267558212
P 103 56 2267558211
P 104 56 2267754817
P 105 56 2267754561
P 106 56 2267689025
P 107 56 2267689025
P 108 56 2267689025
P 109 56 2267689024
P 110 56 2267689024
P 111 56 2267689024
P 112 56 2284662590
P 113 56 2284662590
P 114 56 2284662590
P 115 56 2284597054
P 116 56 2284597053
P 117 56 2284597053
P 118 56 2284597053
P 119 56 2284531517
P 120 56 2301570362
P 121 56 2301504826
P 122 56 2301504826
P 123 56 2301504826
P 124 56 2318282042
P 125 56 2318216506
P 126 56 2318216505
P 127 56 2318216505
P 128 56 2335190071
P 129 56 2351967287
P 130 56 2351901751
P 131 56 2351901751
P 132 56 2351901751
P 133 56 2351836214
P 134 56 2368613430
P 135 56 2368613430
P 136 56 2402363955
P 137 56 2402363955
P 138 56 2402298419
P 139 56 2419075635
P 140 56 2419075634
P 141 56 2419010098
P 142 56 2419010098
P 143 56 2435721778
P 144 56 2469472560
P 145 56 2486249776
P 146 56 2486249775
P 147 56 2502961455
P 148 56 2502961455
P 149 56 2502895663
P 150 56 2502830126
P 151 56 2502830382
P 152 56 2570135596
P 153 56 2586847020
P 154 56 2586847020
P 155 56 2603558699
P 156 56 2603558699
P 157 56 2603493163
P 158 56 2620270379
P 159 56 2620204843
P 160 56 2704221736
P 161 56 2704221735
P 162 56 2704156199
P 163 56 2720867879
P 164 56 2737710631
P 165 56 2737579302
P 166 56 2737579302
P 167 56 2754290982
P 40 57 2451389270
P 41 57 2451389014
P 42 57 2451389014
P 43 57 2451389014
P 44 57 2451389014
P 45 57 2451389013
P 46 57 2451389013
P 47 57 2451389013
P 48 57 2417899860
P 49 57 2417899860
P 50 57 2417899860
P 51 57 2417899860
P 52 57 2417899860
P 53 57 2417899860
P 54 57 2401122643
P 55 57 2401122643
P 56 57 2384410706
P 57 57 2384410706
P 58 57 2384410706
P 59 57 2367633489
P 60 57 2367633489
P 61 57 2367633489
P 62 57 2367633489
P 63 57 2367633489
P 64 57 2350987088
P 65 57 2350987087
P 66 57 2350987087
P 67 57 2350987087
P 68 57 2334209871
P 69 57 2334209871
P 70 57 2334209871
P 71 57 2334209870
P 72 57 2317497933
P 73 57 2317497933
P 74 57 2317497933
P 75 57 2317497933
P 76 57 2317497932
P 77 57 2317497932
P 78 57 2317497676
P 79 57 2317497676
P 80 57 2300851274
P 81 57 2300851274
P 82 57 2284074058
P 83 57 2284074058
P 84 57 2284074058
P 85 57 2284074058
P 86 57 2284074058
P 87 57 2284074057
P 88 57 2284270408
P 89 57 2284204872
P 90 57 2267427655
P 91 57 2267427655
P 92 57 2267427655
P 93 57 2267427655
P 94 57 2267427655
P 95 57 2267427654
P 96 57 2267624005
P 97 57 2267624004
P 98 57 2267558468
P 99 57 2267558468
P 100 57 2267558468
P 101 57 2267558212
P 102 57 2267558212
P 103 57 2267558211
P 104 57 2267754817
P 105 57 2267754561
P 106 57 2267689025
P 107 57 2267689025
P 108 57 2267689025
P 109 57 2267689024
P 110 57 2267689024
P 111 57 2267689024
P 112 57 2284662590
P 113 57 2284662590
P 114 57 2284662590
P 115 57 2284597054
P 116 57 2284597053
P 117 57 2284597053
P 118 57 2284597053
P 119 57 2284531517
P 120 57 2301570362
P 121 57 2301504826
P 122 57 2301504826
P 123 57 2301504826
P 124 57 2318282042
P 125 57 2318282042
P 126 57 2318216505
P 127 57 2318216505
P 128 57 2335190071
P 129 57 2351967287
P 130 57 2351901751
P 131 57 2351901751
P 132 57 2351901751
P 133 57 2351901750
P 134 57 2368613430
P 135 57 2368613430
P 136 57 2402363955
P 137 57 2402363955
P 138 57 2402298419
P 139 57 2419075635
P 140 57 2419075635
P 141 57 2419075635
P 142 57 2419010098
P 143 57 2435721778
P 144 57 2469472560
P 145 57 2486249776
P 146 57 2486249775
P 147 57 2502961455
P 148 57 2502961455
P 149 57 2502895663
P 150 57 2502830126
P 151 57 2502830126
P 152 57 2570135596
P 153 57 2586847020
P 154 57 2586847020
P 155 57 2603558699
P 156 57 2603558699
P 157 57 2603493163
P 158 57 2620270379
P 159 57 2620204843
P 160 57 2704221480
P 161 57 2704221735
P 162 57 2704156199
P 163 57 2720867879
P 164 57 2737710631
P 165 57 2737644838
P 166 57 2737579302
P 167 57 2754290982
P 40 58 2451389270
P 41 58 2451389014
P 42 58 2451389014
P 43 58 2451389014
P 44 58 2451389014
P 45 58 2451389013
P 46 58 2451389013
P 47 58 2451389013
P 48 58 2417899860
P 49 58 2417899860
P 50 58 2417899860
P 51 58 2417899860
P 52 58 2417899860
P 53 58 2417899860
P 54 58 2401122643
P 55 58 2401122643
P 56 58 2384410706
P 57 58 2384410706
P 58 58 2384410706
P 59 58 2367633489
P 60 58 2367633489
P 61 58 2367633489
P 62 58 2367633489
P 63 58 2367633489
P 64 58 2350987088
P 65 58 2350987087
P 66 58 2350987087
P 67 58 2350987087
P 68 58 2334209871
P 69 58 2334209871
P 70 58 2334209871
P 71 58 2334209870
P 72 58 2317497933
P 73 58 2317497933
P 74 58 2317497933
P 75 58 2317497933
P 76 58 2317497676
P 77 58 2317497932
P 78 58 2317497676
P 79 58 2317497676
P 80 58 2300851274
P 81 58 2300851274
P 82 58 2284074058
P 83 58 2284074058
P 84 58 2284074058
P 85 58 2284074058
P 86 58 2284074058
P 87 58 2284074057
P 88 58 2284270408
P 89 58 2284204872
P 90 58 2267427655
P 91 58 2267427655
P 92 58 2267427655
P 93 58 2267427655
P 94 58 2267427655
P 95 58 2267427654
P 96 58 2267624005
P 97 58 2267624004
P 98 58 2267558468
P 99 58 2267558468
P 100 58 2267558468
P 101 58 2267558212
P 102 58 2267558212
P 103 58 2267558211
P 104 58 2267754561
P 105 58 2267754561
P 106 58 2267689025
P 107 58 2267689025
P 108 58 2267689025
P 109 58 2267689025
P 110 58 2267689025
P 111 58 2267689024
P 112 58 2284662590
P 113 58 2284662590
P 114 58 2284662590
P 115 58 2284597054
P 116 58 2284597053
P 117 58 2284597053
P 118 58 2284597053
P 119 58 2284531517
P 120 58 2301570362
P 121 58 2301504826
P 122 58 2301504826
P 123 58 2301504826
P 124 58 2318282042
P 125 58 2318282042
P 126 58 2318216506
P 127 58 2318216505
P 128 58 2335190071
P 129 58 2351967287
P 130 58 2351901751
P 131 58 2351901751
P 132 58 2351901751
P 133 58 2351901494
P 134 58 2368613430
P 135 58 2368613430
P 136 58 2402363955
P 137 58 2402363955
P 138 58 2402298420
P 139 58 2419075635
P 140 58 2419075635
P 141 58 2419075635
P 142 58 2419010098
P 143 58 2435721778
P 144 58 2469472560
P 145 58 2486249776
P 146 58 2486249775
P 147 58 2502961455
P 148 58 2502961455
P 149 58 2502895663
P 150 58 2502895662
P 151 58 2502830126
P 152 58 2570135340
P 153 58 2586847020
P 154 58 2586847020
P 155 58 2603558699
P 156 58 2603558699
P 157 58 2603493163
P 158 58 2620270379
P 159 58 2620204843
P 160 58 2704221480
P 161 58 2704221479
P 162 58 2704156199
P 163 58 2720867879
P 164 58 2737710631
P 165 58 2737644838
P 166 58 2737579302
P 167 58 2754290982
P 40 59 2451389270
P 41 59 2451389014
P 42 59 2451389014
P 43 59 2451389014
P 44 59 2451389014
P 45 59 2451389013
P 46 59 2451389013
P 47 59 2451389013
P 48 59 2417899860
P 49 59 2417899860
P 50 59 2417899860
P 51 59 2417899860
P 52 59 2417899860
P 53 59 2417899860
P 54 59 2401122643
P 55 59 2401122643
P 56 59 2384410706
P 57 59 2384410706
P 58 59 2384410706
P 59 59 2367633489
P 60 59 2367633489
P 61 59 2367633489
P 62 59 2367633489
P 63 59 2367633489
P 64 59 2350987088
P 65 59 2350987087
P 66 59 2350987087
P 67 59 2350987087
P 68 59 2334209871
P 69 59 2334209871
P 70 59 2334209871
P 71 59 2334209870
P 72 59 2317497933
P 73 59 2317497933
P 74 59 2317497933
P 75 59 2317497933
P 76 59 2317497676
P 77 59 2317497676
P 78 59 2317497676
P 79 59 2317497676
P 80 59 2300851274
P 81 59 2300851274
P 82 59 2284074058
P 83 59 2284074058
P 84 59 2284074058
P 85 59 2284074058
P 86 59 2284074058
P 87 59 2284074057
P 88 59 2284270408
P 89 59 2284204872
P 90 59 2267427655
P 91 59 2267427655
P 92 59 2267427655
P 93 59 2267427655
P 94 59 2267427655
P 95 59 2267427654
P 96 59 2267624005
P 97 59 2267624004
P 98 59 2267558468
P 99 59 2267558468
P 100 59 2267558468
P 101 59 2267558212
P 102 59 2267558212
P 103 59 2267558211
P 104 59 2267754561
P 105 59 2267754561
P 106 59 2267689025
P 107 59 2267689025
P 108 59 2267689025
P 109 59 2267689025
P 110 59 2267689025
P 111 59 2267689024
P 112 59 2284662590
P 113 59 2284662590
P 114 59 2284662334
P 115 59 2284597054
P 116 59 2284597053
P 117 59 2284597053
P 118 59 2284597053
P 119 59 2284597053
P 120 59 2301570362
P 121 59 2301504826
P 122 59 2301504827
P 123 59 2301504827
P 124 59 2318282042
P 125 59 2318282042
P 126 59 2318216506
P 127 59 2318216505
P 128 59 2335190071
P 129 59 2351967287
P 130 59 2351901751
P 131 59 2351901751
P 132 59 2351901751
P 133 59 2351901494
P 134 59 2368613174
P 135 59 2368613430
P 136 59 2402363956
P 137 59 2402363956
P 138 59 2402298420
P 139 59 2419075635
P 140 59 2419075635
P 141 59 2419075635
P 142 59 2419010098
P 143 59 2435787314
P 144 59 2469472560
P 145 59 2486249776
P 146 59 2486249775
P 147 59 2502961455
P 148 59 2502961455
P 149 59 2502895663
P 150 59 2502895662
P 151 59 2502830126
P 152 59 2570135340
P 153 59 2586847020
P 154 59 2586847020
P 155 59 2603558699
P 156 59 2603558699
P 157 59 2603493163
P 158 59 2620270379
P 159 59 2620270379
P 160 59 2704221480
P 161 59 2704221479
P 162 59 2704155943
P 163 59 2720867879
P 164 59 2737710631
P 165 59 2737644838
P 166 59 2737579302
P 167 59 2754356518
P 40 60 2451389270
P 41 60 2451389014
P 42 60 2451389014
P 43 60 2451389014
P 44 60 2451389014
P 45 60 2451389013
P 46 60 2451389013
P 47 60 2451389013
P 48 60 2417899860
P 49 60 2417899860
P 50 60 2417899860
P 51 60 2417899860
P 52 60 2417899860
P 53 60 2417899860
P 54 60 2401122643
P 55 60 2401122643
P 56 60 2384410706
P 57 60 2384410706
P 58 60 2384410706
P 59 60 2367633489
P 60 60 2367633489
P 61 60 2367633489
P 62 60 2367633489
P 63 60 2367633489
P 64 60 2350987088
P 65 60 2350987087
P 66 60 2350987087
P 67 60 2350987087
P 68 60 2334209871
P 69 60 2334209871
P 70 60 2334209871
P 71 60 2334209871
P 72 60 2317563469
P 73 60 2317497933
P 74 60 2317497933
P 75 60 2317497933
P 76 60 2317497676
P 77 60 2317497676
P 78 60 2317497676
P 79 60 2317497676
P 80 60 2300851274
P 81 60 2300851274
P 82 60 2284074058
P 83 60 2284074058
P 84 60 2284074058
P 85 60 2284074058
P 86 60 2284074058
P 87 60 2284074057
P 88 60 2284270408
P 89 60 2284204872
P 90 60 2267427655
P 91 60 2267427655
P 92 60 2267427655
P 93 60 2267427655
P 94 60 2267427655
P 95 60 2267427654
P 96 60 2267624005
P 97 60 2267624004
P 98 60 2267558468
P 99 60 2267558468
P 100 60 2267558468
P 101 60 2267558212
P 102 60 2267558212
P 103 60 2267558211
P 104 60 2267754562
P 105 60 2267754561
P 106 60 2267689025
P 107 60 2267689025
P 108 60 2267689025
P 109 60 2267689025
P 110 60 2267689025
P 111 60 2267689024
P 112 60 2284662590
P 113 60 2284662590
P 114 60 2284662334
P 115 60 2284596798
P 116 60 2284597053
P 117 60 2284597053
P 118 60 2284597053
P 119 60 2284597053
P 120 60 2301570363
P 121 60 2301504827
P 122 60 2301504827
P 123 60 2301504827
P 124 60 2318282042
P 125 60 2318282042
P 126 60 2318216506
P 127 60 2318216505
P 128 60 2335255607
P 129 60 2351967287
P 130 60 2351901751
P 131 60 2351901751
P 132 60 2351901751
P 133 60 2351901494
P 134 60 2368613174
P 135 60 2368613174
P 136 60 2402363956
P 137 60 2402363956
P 138 60 2402298420
P 139 60 2419075635
P 140 60 2419075635
P 141 60 2419075635
P 142 60 2419010098
P 143 60 2435787314
P 144 60 2469538096
P 145 60 2486249776
P 146 60 2486249775
P 147 60 2502961455
P 148 60 2502961455
P 149 60 2502895663
P 150 60 2502895662
P 151 60 2502830126
P 152 60 2570135340
P 153 60 2586847020
P 154 60 2586847020
P 155 60 2603558699
P 156 60 2603558699
P 157 60 2603493163
P 158 60 2620270379
P 159 60 2620270379
P 160 60 2704287016
P 161 60 2704221479
P 162 60 2704155943
P 163 60 2720867623
P 164 60 2737710631
P 165 60 2737644839
P 166 60 2737579303
P 167 60 2754356519
P 40 61 2451389270
P 41 61 2451389014
P 42 61 2451389014
P 43 61 2451389014
P 44 61 2451389014
P 45 61 2451389013
P 46 61 2451389013
P 47 61 2451389013
P 48 61 2417899860
P 49 61 2417899860
P 50 61 2417899860
P 51 61 2417899860
P 52 61 2417899860
P 53 61 2417899860
P 54 61 2401122643
P 55 61 2401122643
P 56 61 2384410706
P 57 61 2384410706
P 58 61 2384410706
P 59 61 2367633489
P 60 61 2367633489
P 61 61 2367633489
P 62 61 2367633489
P 63 61 2367633489
P 64 61 2350987088
P 65 61 2350987087
P 66 61 2350987087
P 67 61 2350987087
P 68 61 2334209871
P 69 61 2334209871
P 70 61 2334209871
P 71 61 2334209871
P 72 61 2317563469
P 73 61 2317497933
P 74 61 2317497933
P 75 61 2317497933
P 76 61 2317497676
P 77 61 2317497676
P 78 61 2317497676
P 79 61 2317497676
P 80 61 2300851274
P 81 61 2300851274
P 82 61 2284074058
P 83 61 2284074058
P 84 61 2284074058
P 85 61 2284074058
P 86 61 2284074058
P 87 61 2284074057
P 88 61 2284270408
P 89 61 2284270408
P 90 61 2267427655
P 91 61 2267427655
P 92 61 2267427655
P 93 61 2267427655
P 94 61 2267427655
P 95 61 2267427654
P 96 61 2267624005
P 97 61 2267623748
P 98 61 2267558468
P 99 61 2267558468
P 100 61 2267558468
P 101 61 2267558212
P 102 61 2267558212
P 103 61 2267558211
P 104 61 2267754562
P 105 61 2267754561
P 106 61 2267689025
P 107 61 2267689025
P 108 61 2267689025
P 109 61 2267689025
P 110 61 2267689025
P 111 61 2267689024
P 112 61 2284662590
P 113 61 2284662590
P 114 61 2284662334
P 115 61 2284596798
P 116 61 2284596797
P 117 61 2284597053
P 118 61 2284597053
P 119 61 2284597053
P 120 61 2301570363
P 121 61 2301570363
P 122 61 2301504827
P 123 61 2301504827
P 124 61 2318282042
P 125 61 2318282042
P 126 61 2318216506
P 127 61 2318216505
P 128 61 2335255607
P 129 61 2351967287
P 130 61 2351901751
P 131 61 2351901751
P 132 61 2351901751
P 133 61 2351901494
P 134 61 2368613174
P 135 61 2368613174
P 136 61 2402363956
P 137 61 2402363956
P 138 61 2402298420
P 139 61 2419075635
P 140 61 2419075635
P 141 61 2419075635
P 142 61 2419010098
P 143 61 2435787314
P 144 61 2469538096
P 145 61 2486249520
P 146 61 2486249775
P 147 61 2502961455
P 148 61 2502961455
P 149 61 2502895663
P 150 61 2502895662
P 151 61 2502830126
P 152 61 2570135340
P 153 61 2586912556
P 154 61 2586847020
P 155 61 2603558699
P 156 61 2603558699
P 157 61 2603493163
P 158 61 2620270379
P 159 61 2620270379
P 160 61 2704287016
P 161 61 2704221479
P 162 61 2704155943
P 163 61 2720867624
P 164 61 2737710375
P 165 61 2737644839
P 166 61 2737579303
P 167 61 2754356519
P 40 62 2451389270
P 41 62 2451389014
P 42 62 2451389014
P 43 62 2451389014
P 44 62 2451389014
P 45 62 2451389013
P 46 62 2451389013
P 47 62 2451389013
P 48 62 2417899860
P 49 62 2417899860
P 50 62 2417899860
P 51 62 2417899860
P 52 62 2417899860
P 53 62 2417899860
P 54 62 2401122643
P 55 62 2401122643
P 56 62 2384410706
P 57 62 2384410706
P 58 62 2384410706
P 59 62 2367633489
P 60 62 2367633489
P 61 62 2367633489
P 62 62 2367633489
P 63 62 2367633489
P 64 62 2350987088
P 65 62 2350987087
P 66 62 2350987087
P 67 62 2350987087
P 68 62 2334209871
P 69 62 2334209871
P 70 62 2334209871
P 71 62 2334209871
P 72 62 2317563469
P 73 62 2317497933
P 74 62 2317497933
P 75 62 2317497933
P 76 62 2317497676
P 77 62 2317497676
P 78 62 2317497676
P 79 62 2317497676
P 80 62 2300851274
P 81 62 2300851274
P 82 62 2284074058
P 83 62 2284074058
P 84 62 2284074058
P 85 62 2284074058
P 86 62 2284074058
P 87 62 2284074057
P 88 62 2284270408
P 89 62 2284270408
P 90 62 2267427655
P 91 62 2267427655
P 92 62 2267427655
P 93 62 2267427655
P 94 62 2267427655
P 95 62 2267427654
P 96 62 2267624005
P 97 62 2267623748
P 98 62 2267623748
P 99 62 2267558468
P 100 62 2267558468
P 101 62 2267558212
P 102 62 2267558212
P 103 62 2267558211
P 104 62 2267754562
P 105 62 2267754561
P 106 62 2267754561
P 107 62 2267689025
P 108 62 2267689025
P 109 62 2267689025
P 110 62 2267689025
P 111 62 2267689024
P 112 62 2284662590
P 113 62 2284662590
P 114 62 2284662334
P 115 62 2284596798
P 116 62 2284596797
P 117 62 2284597053
P 118 62 2284597053
P 119 62 2284597053
P 120 62 2301570363
P 121 62 2301570363
P 122 62 2301504827
P 123 62 2301504827
P 124 62 2318282042
P 125 62 2318282042
P 126 62 2318216506
P 127 62 2318216505
P 128 62 2335255607
P 129 62 2351967287
P 130 62 2351967287
P 131 62 2351901751
P 132 62 2351901751
P 133 62 2351901494
P 134 62 2368613174
P 135 62 2368613174
P 136 62 2402363956
P 137 62 2402363956
P 138 62 2402363956
P 139 62 2419075635
P 140 62 2419075635
P 141 62 2419075635
P 142 62 2419010098
P 143 62 2435787314
P 144 62 2469538096
P 145 62 2486249520
P 146 62 2486249519
P 147 62 2502961455
P 148 62 2502961455
P 149 62 2502895663
P 150 62 2502895662
P 151 62 2502830126
P 152 62 2570135340
P 153 62 2586912556
P 154 62 2586847020
P 155 62 2603558699
P 156 62 2603558699
P 157 62 2603493163
P 158 62 2620270379
P 159 62 2620270379
P 160 62 2704287016
P 161 62 2704221480
P 162 62 2704221480
P 163 62 2720867624
P 164 62 2737710375
P 165 62 2737644839
P 166 62 2737579303
P 167 62 2754356519
P 40 63 2451389270
P 41 63 2451389014
P 42 63 2451389014
P 43 63 2451389014
P 44 63 2451389014
P 45 63 2451389013
P 46 63 2451389013
P 47 63 2451389013
P 48 63 2417899860
P 49 63 2417899860
P 50 63 2417899860
P 51 63 2417899860
P 52 63 2417899860
P 53 63 2417899860
P 54 63 2401122643
P 55 63 2401122643
P 56 63 2384410706
P 57 63 2384410706
P 58 63 2384410706
P 59 63 2367633489
P 60 63 2367633489
P 61 63 2367633489
P 62 63 2367633489
P 63 63 2367633489
P 64 63 2350987088
P 65 63 2350987087
P 66 63 2350987087
P 67 63 2350987087
P 68 63 2334209871
P 69 63 2334209871
P 70 63 2334209871
P 71 63 2334209615
P 72 63 2317563469
P 73 63 2317497933
P 74 63 2317497933
P 75 63 2317497933
P 76 63 2317497676
P 77 63 2317497676
P 78 63 2317497676
P 79 63 2317497676
P 80 63 2300851274
P 81 63 2300851274
P 82 63 2284074058
P 83 63 2284074058
P 84 63 2284074058
P 85 63 2284074058
P 86 63 2284074058
P 87 63 2284074057
P 88 63 2284270408
P 89 63 2284270408
P 90 63 2267427655
P 91 63 2267427655
P 92 63 2267427655
P 93 63 2267427655
P 94 63 2267427655
P 95 63 2267427654
P 96 63 2267624005
P 97 63 2267623748
P 98 63 2267623748
P 99 63 2267558212
P 100 63 2267558468
P 101 63 2267558212
P 102 63 2267558212
P 103 63 2267558211
P 104 63 2267754562
P 105 63 2267754561
P 106 63 2267754561
P 107 63 2267689025
P 108 63 2267689025
P 109 63 2267689025
P 110 63 2267689025
P 111 63 2267689024
P 112 63 2284662590
P 113 63 2284662590
P 114 63 2284662334
P 115 63 2284662334
P 116 63 2284596797
P 117 63 2284596797
P 118 63 2284597053
P 119 63 2284597053
P 120 63 2301570363
P 121 63 2301570363
P 122 63 2301504827
P 123 63 2301504827
P 124 63 2318282042
P 125 63 2318282042
P 126 63 2318216506
P 127 63 2318216505
P 128 63 2335255351
P 129 63 2351967287
P 130 63 2351967287
P 131 63 2351901751
P 132 63 2351901751
P 133 63 2351901494
P 134 63 2368613174
P 135 63 2368613174
P 136 63 2402363956
P 137 63 2402363956
P 138 63 2402363956
P 139 63 2419075635
P 140 63 2419075635
P 141 63 2419075635
P 142 63 2419010098
P 143 63 2435787314
P 144 63 2469538096
P 145 63 2486249520
P 146 63 2486249519
P 147 63 2503026735
P 148 63 2502961455
P 149 63 2502895663
P 150 63 2502895662
P 151 63 2502830126
P 152 63 2570135340
P 153 63 2586912556
P 154 63 2586847020
P 155 63 2603624235
P 156 63 2603558699
P 157 63 2603493163
P 158 63 2620270379
P 159 63 2620270379
P 160 63 2704287016
P 161 63 2704221480
P 162 63 2704221480
P 163 63 2720933160
P 164 63 2737710375
P 165 63 2737644839
P 166 63 2737579303
P 167 63 2754356519
P 40 64 2451389270
P 41 64 2451389270
P 42 64 2451389270
P 43 64 2451389270
P 44 64 2434612053
P 45 64 2434612053
P 46 64 2434612053
P 47 64 2434612053
P 48 64 2417900116
P 49 64 2417900116
P 50 64 2401122899
P 51 64 2401122899
P 52 64 2401122899
P 53 64 2401122899
P 54 64 2401122899
P 55 64 2401122899
P 56 64 2367633745
P 57 64 2367633745
P 58 64 2367633745
P 59 64 2367633745
P 60 64 2367633745
P 61 64 2367633489
P 62 64 2367633489
P 63 64 2367633489
P 64 64 2334210127
P 65 64 2334210127
P 66 64 2334210127
P 67 64 2334209871
P 68 64 2334210127
P 69 64 2334209870
P 70 64 2334209870
P 71 64 2334209870
P 72 64 2317563468
P 73 64 2317497932
P 74 64 2317563468
P 75 64 2317563468
P 76 64 2317497932
P 77 64 2300720716
P 78 64 2300720716
P 79 64 2300720715
P 80 64 2284074314
P 81 64 2284139850
P 82 64 2284139850
P 83 64 2284074313
P 84 64 2284074313
P 85 64 2284074313
P 86 64 2284074313
P 87 64 2284074313
P 88 64 2267493703
P 89 64 2267493447
P 90 64 2267427911
P 91 64 2267493446
P 92 64 2267427910
P 93 64 2267427910
P 94 64 2267427910
P 95 64 2267427910
P 96 64 2267624260
P 97 64 2267624260
P 98 64 2267624260
P 99 64 2267624260
P 100 64 2267624259
P 101 64 2267558723
P 102 64 2267558723
P 103 64 2267558723
P 104 64 2267755073
P 105 64 2267755073
P 106 64 2267755073
P 107 64 2267755072
P 108 64 2267755072
P 109 64 2267689536
P 110 64 2267689536
P 111 64 2267689536
P 112 64 2284663102
P 113 64 2284663102
P 114 64 2284663101
P 115 64 2284663101
P 116 64 2284663101
P 117 64 2284597565
P 118 64 2284597565
P 119 64 2284597564
P 120 64 2318348346
P 121 64 2318348346
P 122 64 2318348346
P 123 64 2318348346
P 124 64 2318282809
P 125 64 2318282809
P 126 64 2318282809
P 127 64 2318217273
P 128 64 2352033591
P 129 64 2352033591
P 130 64 2351968055
P 131 64 2368745270
P 132 64 2368745270
P 133 64 2368679734
P 134 64 2368679734
P 135 64 2368679733
P 136 64 2419142195
P 137 64 2419207731
P 138 64 2419142194
P 139 64 2419142194
P 140 64 2435853874
P 141 64 2435853874
P 142 64 2435788338
P 143 64 2452565553
P 144 64 2503093551
P 145 64 2503093551
P 146 64 2503093551
P 147 64 2503028015
P 148 64 2519805230
P 149 64 2519739694
P 150 64 2519674158
P 151 64 2536451374
P 152 64 2603756587
P 153 64 2603691051
P 154 64 2603691051
P 155 64 2620402731
P 156 64 2620402731
P 157 64 2637114411
P 158 64 2637048875
P 159 64 2653826090
P 160 64 2721066024
P 161 64 2737777447
P 162 64 2737777447
P 163 64 2754489127
P 164 64 2771266342
P 165 64 2771200806
P 166 64 2771200806
P 167 64 2787912486
P 40 65 2451389270
P 41 65 2451389270
P 42 65 2451389270
P 43 65 2451389270
P 44 65 2434612053
P 45 65 2434612053
P 46 65 2434612053
P 47 65 2434612053
P 48 65 2417900116
P 49 65 2417900116
P 50 65 2401122899
P 51 65 2401122899
P 52 65 2401122899
P 53 65 2401122899
P 54 65 2401122899
P 55 65 2401122899
P 56 65 2367633745
P 57 65 2367633745
P 58 65 2367633745
P 59 65 2367633745
P 60 65 2367633745
P 61 65 2367633489
P 62 65 2367633489
P 63 65 2367633489
P 64 65 2334210127
P 65 65 2334210127
P 66 65 2334210127
P 67 65 2334209871
P 68 65 2334209871
P 69 65 2334209870
P 70 65 2334209870
P 71 65 2334209870
P 72 65 2317563468
P 73 65 2317497932
P 74 65 2317563468
P 75 65 2317563468
P 76 65 2317497932
P 77 65 2300720716
P 78 65 2300720716
P 79 65 2300720715
P 80 65 2284074314
P 81 65 2284139850
P 82 65 2284139850
P 83 65 2284074313
P 84 65 2284074313
P 85 65 2284074313
P 86 65 2284074313
P 87 65 2284074313
P 88 65 2267493447
P 89 65 2267493447
P 90 65 2267427911
P 91 65 2267493446
P 92 65 2267427910
P 93 65 2267427910
P 94 65 2267427910
P 95 65 2267427910
P 96 65 2267624260
P 97 65 2267624260
P 98 65 2267624260
P 99 65 2267624260
P 100 65 2267624259
P 101 65 2267558723
P 102 65 2267558723
P 103 65 2267558723
P 104 65 2267755073
P 105 65 2267755073
P 106 65 2267755073
P 107 65 2267755072
P 108 65 2267755072
P 109 65 2267689536
P 110 65 2267689536
P 111 65 2267689536
P 112 65 2284663102
P 113 65 2284663102
P 114 65 2284663101
P 115 65 2284663101
P 116 65 2284663101
P 117 65 2284597565
P 118 65 2284597565
P 119 65 2284597564
P 120 65 2318348346
P 121 65 2318348346
P 122 65 2318348346
P 123 65 2318348346
P 124 65 2318282809
P 125 65 2318282809
P 126 65 2318282809
P 127 65 2318217273
P 128 65 2352033591
P 129 65 2352033591
P 130 65 2351968055
P 131 65 2368745270
P 132 65 2368745270
P 133 65 2368679734
P 134 65 2368679734
P 135 65 2368679733
P 136 65 2419142195
P 137 65 2419207731
P 138 65 2419142194
P 139 65 2419142194
P 140 65 2435853874
P 141 65 2435853874
P 142 65 2435788338
P 143 65 2452565553
P 144 65 2503093551
P 145 65 2503093551
P 146 65 2503093551
P 147 65 2503028015
P 148 65 2519805230
P 149 65 2519739694
P 150 65 2519674158
P 151 65 2536451374
P 152 65 2603756587
P 153 65 2603691051
P 154 65 2603691052
P 155 65 2620402731
P 156 65 2620402731
P 157 65 2637114411
P 158 65 2637048875
P 159 65 2653826090
P 160 65 2721065768
P 161 65 2737777447
P 162 65 2737777447
P 163 65 2754489127
P 164 65 2771266342
P 165 65 2771266342
P 166 65 2771200806
P 167 65 2787912486
P 40 66 2451389270
P 41 66 2451389270
P 42 66 2451389270
P 43 66 2451389270
P 44 66 2434612053
P 45 66 2434612053
P 46 66 2434612053
P 47 66 2434612053
P 48 66 2417900116
P 49 66 2417900116
P 50 66 2401122899
P 51 66 2401122899
P 52 66 2401122899
P 53 66 2401122899
P 54 66 2401122899
P 55 66 2401122899
P 56 66 2367633745
P 57 66 2367633745
P 58 66 2367633745
P 59 66 2367633745
P 60 66 2367633745
P 61 66 2367633489
P 62 66 2367633489
P 63 66 2367633489
P 64 66 2334210127
P 65 66 2334210127
P 66 66 2334210127
P 67 66 2334209871
P 68 66 2334209871
P 69 66 2334209870
P 70 66 2334209870
P 71 66 2334209870
P 72 66 2317563468
P 73 66 2317497932
P 74 66 2317563468
P 75 66 2317563468
P 76 66 2317497932
P 77 66 2300720716
P 78 66 2300720716
P 79 66 2300720715
P 80 66 2284074314
P 81 66 2284139850
P 82 66 2284139850
P 83 66 2284074313
P 84 66 2284074313
P 85 66 2284074313
P 86 66 2284074313
P 87 66 2284074313
P 88 66 2267493447
P 89 66 2267493447
P 90 66 2267427911
P 91 66 2267493446
P 92 66 2267427910
P 93 66 2267427910
P 94 66 2267427910
P 95 66 2267427910
P 96 66 2267624260
P 97 66 2267624260
P 98 66 2267624260
P 99 66 2267624260
P 100 66 2267624259
P 101 66 2267558723
P 102 66 2267558723
P 103 66 2267558723
P 104 66 2267755073
P 105 66 2267755073
P 106 66 2267755073
P 107 66 2267755072
P 108 66 2267755072
P 109 66 2267689536
P 110 66 2267689536
P 111 66 2267689536
P 112 66 2284663102
P 113 66 2284663102
P 114 66 2284663101
P 115 66 2284663101
P 116 66 2284663101
P 117 66 2284597565
P 118 66 2284597565
P 119 66 2284597564
P 120 66 2318348346
P 121 66 2318348346
P 122 66 2318348346
P 123 66 2318348346
P 124 66 2318282809
P 125 66 2318282809
P 126 66 2318282809
P 127 66 2318217273
P 128 66 2352033591
P 129 66 2352033591
P 130 66 2351968055
P 131 66 2368745270
P 132 66 2368745270
P 133 66 2368679734
P 134 66 2368679734
P 135 66 2368679733
P 136 66 2419142195
P 137 66 2419207731
P 138 66 2419142194
P 139 66 2419142194
P 140 66 2435853874
P 141 66 2435853874
P 142 66 2435853874
P 143 66 2452565553
P 144 66 2503093551
P 145 66 2503093551
P 146 66 2503093551
P 147 66 2503028015
P 148 66 2519805230
P 149 66 2519739694
P 150 66 2519739694
P 151 66 2536451374
P 152 66 2603756588
P 153 66 2603691052
P 154 66 2603691052
P 155 66 2620402731
P 156 66 2620402731
P 157 66 2637114411
P 158 66 2637114411
P 159 66 2653826090
P 160 66 2721065768
P 161 66 2737777447
P 162 66 2737777447
P 163 66 2754489127
P 164 66 2771266342
P 165 66 2771266342
P 166 66 2771200806
P 167 66 2787912486
P 40 67 2451389270
P 41 67 2451389270
P 42 67 2451389270
P 43 67 2451389270
P 44 67 2434612053
P 45 67 2434612053
P 46 67 2434612053
P 47 67 2434612053
P 48 67 2417900116
P 49 67 2417900116
P 50 67 2401122899
P 51 67 2401122899
P 52 67 2401122899
P 53 67 2401122899
P 54 67 2401122899
P 55 67 2401122899
P 56 67 2367633745
P 57 67 2367633745
P 58 67 2367633745
P 59 67 2367633745
P 60 67 2367633745
P 61 67 2367633489
P 62 67 2367633489
P 63 67 2367633488
P 64 67 2334210127
P 65 67 2334210127
P 66 67 2334210127
P 67 67 2334209871
P 68 67 2334209871
P 69 67 2334209870
P 70 67 2334209870
P 71 67 2334209870
P 72 67 2317563468
P 73 67 2317497932
P 74 67 2317563468
P 75 67 2317563468
P 76 67 2317497932
P 77 67 2300720716
P 78 67 2300720716
P 79 67 2300720715
P 80 67 2284074314
P 81 67 2284139850
P 82 67 2284139850
P 83 67 2284074313
P 84 67 2284074313
P 85 67 2284074313
P 86 67 2284074313
P 87 67 2284074313
P 88 67 2267493447
P 89 67 2267493447
P 90 67 2267427911
P 91 67 2267493446
P 92 67 2267427910
P 93 67 2267427910
P 94 67 2267427910
P 95 67 2267427910
P 96 67 2267624260
P 97 67 2267624260
P 98 67 2267624260
P 99 67 2267624260
P 100 67 2267624259
P 101 67 2267558723
P 102 67 2267558723
P 103 67 2267558723
P 104 67 2267755073
P 105 67 2267755073
P 106 67 2267755073
P 107 67 2267755072
P 108 67 2267755072
P 109 67 2267689536
P 110 67 2267689536
P 111 67 2267689536
P 112 67 2284663102
P 113 67 2284663102
P 114 67 2284663101
P 115 67 2284663101
P 116 67 2284663101
P 117 67 2284597565
P 118 67 2284597565
P 119 67 2284597564
P 120 67 2318348346
P 121 67 2318348346
P 122 67 2318348346
P 123 67 2318348346
P 124 67 2318282809
P 125 67 2318282809
P 126 67 2318282809
P 127 67 2318282809
P 128 67 2352033591
P 129 67 2352033591
P 130 67 2351968055
P 131 67 2368745270
P 132 67 2368745270
P 133 67 2368679734
P 134 67 2368679734
P 135 67 2368679477
P 136 67 2419142195
P 137 67 2419207731
P 138 67 2419142194
P 139 67 2419142194
P 140 67 2435853874
P 141 67 2435853874
P 142 67 2435853874
P 143 67 2452631089
P 144 67 2503093551
P 145 67 2503093551
P 146 67 2503093551
P 147 67 2503028015
P 148 67 2519805230
P 149 67 2519739694
P 150 67 2519739694
P 151 67 2536451374
P 152 67 2603756588
P 153 67 2603691052
P 154 67 2603691052
P 155 67 2620402731
P 156 67 2620402731
P 157 67 2637114411
P 158 67 2637114411
P 159 67 2653826090
P 160 67 2721065768
P 161 67 2737777447
P 162 67 2737777447
P 163 67 2754489127
P 164 67 2771266342
P 165 67 2771266342
P 166 67 2771200806
P 167 67 2787978022
P 40 68 2451389270
P 41 68 2451389270
P 42 68 2451389270
P 43 68 2451389270
P 44 68 2434612053
P 45 68 2434612053
P 46 68 2434612053
P 47 68 2434612053
P 48 68 2417900116
P 49 68 2417900116
P 50 68 2401122899
P 51 68 2401122899
P 52 68 2401122899
P 53 68 2401122899
P 54 68 2401122899
P 55 68 2401122899
P 56 68 2367633745
P 57 68 2367633745
P 58 68 2367633745
P 59 68 2367633745
P 60 68 2367633745
P 61 68 2367633489
P 62 68 2367633489
P 63 68 2367633488
P 64 68 2334210127
P 65 68 2334210127
P 66 68 2334210127
P 67 68 2334209871
P 68 68 2334209871
P 69 68 2334209870
P 70 68 2334209870
P 71 68 2334209870
P 72 68 2317563468
P 73 68 2317497932
P 74 68 2317563468
P 75 68 2317563468
P 76 68 2317497932
P 77 68 2300720716
P 78 68 2300720716
P 79 68 2300720715
P 80 68 2284139850
P 81 68 2284139850
P 82 68 2284139850
P 83 68 2284074313
P 84 68 2284074313
P 85 68 2284074313
P 86 68 2284074313
P 87 68 2284074313
P 88 68 2267493447
P 89 68 2267493447
P 90 68 2267427911
P 91 68 2267493446
P 92 68 2267427910
P 93 68 2267427910
P 94 68 2267427910
P 95 68 2267427910
P 96 68 2267624260
P 97 68 2267624260
P 98 68 2267624260
P 99 68 2267624260
P 100 68 2267624259
P 101 68 2267558723
P 102 68 2267558723
P 103 68 2267558723
P 104 68 2267755073
P 105 68 2267755073
P 106 68 2267755073
P 107 68 2267755072
P 108 68 2267755072
P 109 68 2267689536
P 110 68 2267689536
P 111 68 2267689536
P 112 68 2284728638
P 113 68 2284663102
P 114 68 2284663101
P 115 68 2284663101
P 116 68 2284663101
P 117 68 2284597565
P 118 68 2284597565
P 119 68 2284597564
P 120 68 2318348346
P 121 68 2318348346
P 122 68 2318348346
P 123 68 2318348346
P 124 68 2318282553
P 125 68 2318282809
P 126 68 2318282809
P 127 68 2318282809
P 128 68 2352033591
P 129 68 2352033591
P 130 68 2351968055
P 131 68 2368745270
P 132 68 2368745270
P 133 68 2368679734
P 134 68 2368679734
P 135 68 2368679477
P 136 68 2419207731
P 137 68 2419207731
P 138 68 2419142194
P 139 68 2419142194
P 140 68 2435853874
P 141 68 2435853874
P 142 68 2435853874
P 143 68 2452630834
P 144 68 2503159087
P 145 68 2503093551
P 146 68 2503093551
P 147 68 2503028015
P 148 68 2519805230
P 149 68 2519739694
P 150 68 2519739694
P 151 68 2536451374
P 152 68 2603756588
P 153 68 2603691052
P 154 68 2603691052
P 155 68 2620402731
P 156 68 2620402475
P 157 68 2637114411
P 158 68 2637114411
P 159 68 2653826090
P 160 68 2721131304
P 161 68 2737777447
P 162 68 2737777447
P 163 68 2754489127
P 164 68 2771266342
P 165 68 2771266342
P 166 68 2771200806
P 167 68 2787978022
P 40 69 2451389270
P 41 69 2451389270
P 42 69 2451389270
P 43 69 2451389270
P 44 69 2434612053
P 45 69 2434612053
P 46 69 2434612053
P 47 69 2434612053
P 48 69 2417900116
P 49 69 2417900116
P 50 69 2401122899
P 51 69 2401122899
P 52 69 2401122899
P 53 69 2401122899
P 54 69 2401122899
P 55 69 2401122899
P 56 69 2367633745
P 57 69 2367633745
P 58 69 2367633745
P 59 69 2367633745
P 60 69 2367633745
P 61 69 2367633489
P 62 69 2367633489
P 63 69 2367633488
P 64 69 2334210127
P 65 69 2334210127
P 66 69 2334210127
P 67 69 2334209871
P 68 69 2334209871
P 69 69 2334209870
P 70 69 2334209870
P 71 69 2334209870
P 72 69 2317563468
P 73 69 2317563468
P 74 69 2317563468
P 75 69 2317563468
P 76 69 2317497932
P 77 69 2300720716
P 78 69 2300720716
P 79 69 2300720715
P 80 69 2284139850
P 81 69 2284139850
P 82 69 2284139850
P 83 69 2284074313
P 84 69 2284074313
P 85 69 2284074313
P 86 69 2284074313
P 87 69 2284074313
P 88 69 2267493447
P 89 69 2267493447
P 90 69 2267427911
P 91 69 2267493446
P 92 69 2267427910
P 93 69 2267427910
P 94 69 2267427910
P 95 69 2267427910
P 96 69 2267624260
P 97 69 2267624260
P 98 69 2267624260
P 99 69 2267624260
P 100 69 2267624259
P 101 69 2267558723
P 102 69 2267558723
P 103 69 2267558723
P 104 69 2267755073
P 105 69 2267755073
P 106 69 2267755073
P 107 69 2267755072
P 108 69 2267755072
P 109 69 2267689536
P 110 69 2267689536
P 111 69 2267689536
P 112 69 2284728638
P 113 69 2284663102
P 114 69 2284663101
P 115 69 2284663101
P 116 69 2284663101
P 117 69 2284597565
P 118 69 2284597309
P 119 69 2284597564
P 120 69 2318348346
P 121 69 2318348346
P 122 69 2318348346
P 123 69 2318348346
P 124 69 2318282553
P 125 69 2318282553
P 126 69 2318282809
P 127 69 2318282809
P 128 69 2352033591
P 129 69 2352033591
P 130 69 2351968055
P 131 69 2368745270
P 132 69 2368745270
P 133 69 2368679734
P 134 69 2368679734
P 135 69 2368679477
P 136 69 2419207731
P 137 69 2419207475
P 138 69 2419142194
P 139 69 2419142195
P 140 69 2435853875
P 141 69 2435853874
P 142 69 2435853874
P 143 69 2452630834
P 144 69 2503158831
P 145 69 2503093551
P 146 69 2503093551
P 147 69 2503028015
P 148 69 2519805230
P 149 69 2519739694
P 150 69 2519739438
P 151 69 2536451374
P 152 69 2603756588
P 153 69 2603756588
P 154 69 2603691052
P 155 69 2620402731
P 156 69 2620402475
P 157 69 2637114155
P 158 69 2637114411
P 159 69 2653826090
P 160 69 2721131304
P 161 69 2737842983
P 162 69 2737777447
P 163 69 2754489127
P 164 69 2771266086
P 165 69 2771266342
P 166 69 2771200807
P 167 69 2787978022
P 40 70 2451389270
P 41 70 2451389270
P 42 70 2451389270
P 43 70 2451389270
P 44 70 2434612053
P 45 70 2434612053
P 46 70 2434612053
P 47 70 2434612053
P 48 70 2417900116
P 49 70 2417900116
P 50 70 2401122899
P 51 70 2401122899
P 52 70 2401122899
P 53 70 2401122899
P 54 70 2401122899
P 55 70 2401122899
P 56 70 2367633745
P 57 70 2367633745
P 58 70 2367633745
P 59 70 2367633745
P 60 70 2367633745
P 61 70 2367633745
P 62 70 2367633489
P 63 70 2367633488
P 64 70 2334210127
P 65 70 2334210127
P 66 70 2334210127
P 67 70 2334209871
P 68 70 2334209871
P 69 70 2334209870
P 70 70 2334209870
P 71 70 2334209870
P 72 70 2317563468
P 73 70 2317563468
P 74 70 2317563468
P 75 70 2317563468
P 76 70 2317497932
P 77 70 2300720716
P 78 70 2300720716
P 79 70 2300720715
P 80 70 2284139850
P 81 70 2284139850
P 82 70 2284139850
P 83 70 2284074313
P 84 70 2284074313
P 85 70 2284074313
P 86 70 2284074313
P 87 70 2284074313
P 88 70 2267493447
P 89 70 2267493447
P 90 70 2267493447
P 91 70 2267493446
P 92 70 2267427910
P 93 70 2267427910
P 94 70 2267427910
P 95 70 2267427910
P 96 70 2267624260
P 97 70 2267624260
P 98 70 2267624260
P 99 70 2267624260
P 100 70 2267624259
P 101 70 2267558723
P 102 70 2267558723
P 103 70 2267558723
P 104 70 2267755073
P 105 70 2267755073
P 106 70 2267755073
P 107 70 2267755072
P 108 70 2267755072
P 109 70 2267689536
P 110 70 2267689536
P 111 70 2267689536
P 112 70 2284728638
P 113 70 2284663102
P 114 70 2284663101
P 115 70 2284663101
P 116 70 2284663101
P 117 70 2284597565
P 118 70 2284597309
P 119 70 2284597308
P 120 70 2318348346
P 121 70 2318348346
P 122 70 2318348346
P 123 70 2318348346
P 124 70 2318282553
P 125 70 2318282553
P 126 70 2318282553
P 127 70 2318282809
P 128 70 2352033591
P 129 70 2352033591
P 130 70 2352033591
P 131 70 2368745014
P 132 70 2368745270
P 133 70 2368679734
P 134 70 2368679734
P 135 70 2368679477
P 136 70 2419207731
P 137 70 2419207475
P 138 70 2419207475
P 139 70 2419142195
P 140 70 2435853875
P 141 70 2435853874
P 142 70 2435853874
P 143 70 2452630834
P 144 70 2503158831
P 145 70 2503093551
P 146 70 2503093551
P 147 70 2503028015
P 148 70 2519805230
P 149 70 2519739694
P 150 70 2519739438
P 151 70 2536451118
P 152 70 2603756588
P 153 70 2603756588
P 154 70 2603691052
P 155 70 2620402731
P 156 70 2620402475
P 157 70 2637114155
P 158 70 2637114155
P 159 70 2653826090
P 160 70 2721131304
P 161 70 2737842983
P 162 70 2737842983
P 163 70 2754489127
P 164 70 2771266087
P 165 70 2771266343
P 166 70 2771200807
P 167 70 2787978022
P 40 71 2451389270
P 41 71 2451389270
P 42 71 2451389270
P 43 71 2451389270
P 44 71 2434612053
P 45 71 2434612053
P 46 71 2434612053
P 47 71 2434612053
P 48 71 2417900116
P 49 71 2417900116
P 50 71 2401122899
P 51 71 2401122899
P 52 71 2401122899
P 53 71 2401122899
P 54 71 2401122899
P 55 71 2401122899
P 56 71 2367633745
P 57 71 2367633745
P 58 71 2367633745
P 59 71 2367633745
P 60 71 2367633745
P 61 71 2367633745
P 62 71 2367633745
P 63 71 2367633488
P 64 71 2334210127
P 65 71 2334210127
P 66 71 2334210127
P 67 71 2334209871
P 68 71 2334209871
P 69 71 2334209870
P 70 71 2334209870
P 71 71 2334209870
P 72 71 2317563468
P 73 71 2317563468
P 74 71 2317563468
P 75 71 2317563468
P 76 71 2317497932
P 77 71 2300720716
P 78 71 2300720716
P 79 71 2300720715
P 80 71 2284139850
P 81 71 2284139850
P 82 71 2284139850
P 83 71 2284139849
P 84 71 2284074313
P 85 71 2284074313
P 86 71 2284074313
P 87 71 2284074313
P 88 71 2267493447
P 89 71 2267493447
P 90 71 2267493447
P 91 71 2267493446
P 92 71 2267427910
P 93 71 2267427910
P 94 71 2267427910
P 95 71 2267427910
P 96 71 2267624260
P 97 71 2267624260
P 98 71 2267624260
P 99 71 2267624260
P 100 71 2267624259
P 101 71 2267558723
P 102 71 2267558723
P 103 71 2267558723
P 104 71 2267755073
P 105 71 2267755073
P 106 71 2267755073
P 107 71 2267755072
P 108 71 2267755072
P 109 71 2267689536
P 110 71 2267689536
P 111 71 2267689536
P 112 71 2284728638
P 113 71 2284663102
P 114 71 2284663101
P 115 71 2284663101
P 116 71 2284663101
P 117 71 2284597565
P 118 71 2284597309
P 119 71 2284597308
P 120 71 2318348090
P 121 71 2318348346
P 122 71 2318348346
P 123 71 2318348346
P 124 71 2318282553
P 125 71 2318282553
P 126 71 2318282554
P 127 71 2318282553
P 128 71 2352033591
P 129 71 2352033591
P 130 71 2352033591
P 131 71 2368745014
P 132 71 2368745014
P 133 71 2368679734
P 134 71 2368679734
P 135 71 2368679477
P 136 71 2419207732
P 137 71 2419207475
P 138 71 2419207475
P 139 71 2419141939
P 140 71 2435853875
P 141 71 2435853874
P 142 71 2435853874
P 143 71 2452630834
P 144 71 2503158831
P 145 71 2503093295
P 146 71 2503093551
P 147 71 2503093551
P 148 71 2519805230
P 149 71 2519739694
P 150 71 2519739438
P 151 71 2536451118
P 152 71 2603756332
P 153 71 2603756588
P 154 71 2603691052
P 155 71 2620468267
P 156 71 2620402475
P 157 71 2637114155
P 158 71 2637114155
P 159 71 2653825834
P 160 71 2721131304
P 161 71 2737842984
P 162 71 2737842984
P 163 71 2754554663
P 164 71 2771266087
P 165 71 2771266087
P 166 71 2771200807
P 167 71 2787978022
P 40 72 2434612309
P 41 72 2434612053
P 42 72 2434612053
P 43 72 2434612053
P 44 72 2434612053
P 45 72 2434612053
P 46 72 2434612053
P 47 72 2417834836
P 48 72 2401123155
P 49 72 2401123155
P 50 72 2401123155
P 51 72 2401123155
P 52 72 2384345683
P 53 72 2384345683
P 54 72 2384345683
P 55 72 2384345682
P 56 72 2367634001
P 57 72 2367633745
P 58 72 2367633745
P 59 72 2367633745
P 60 72 2367633745
P 61 72 2367633745
P 62 72 2350856528
P 63 72 2350856528
P 64 72 2334210127
P 65 72 2334210127
P 66 72 2334210126
P 67 72 2334210126
P 68 72 2334210126
P 69 72 2334210126
P 70 72 2334210126
P 71 72 2317432910
P 72 72 2317563724
P 73 72 2300786508
P 74 72 2300786508
P 75 72 2300786508
P 76 72 2300786508
P 77 72 2300720972
P 78 72 2300720971
P 79 72 2300720971
P 80 72 2284140105
P 81 72 2284140105
P 82 72 2284140105
P 83 72 2284140105
P 84 72 2284140105
P 85 72 2284140105
P 86 72 2284074568
P 87 72 2284074568
P 88 72 2267493959
P 89 72 2267493702
P 90 72 2267493702
P 91 72 2267493702
P 92 72 2267493702
P 93 72 2267428166
P 94 72 2267493702
P 95 72 2267428166
P 96 72 2267624771
P 97 72 2267624771
P 98 72 2267624515
P 99 72 2267624771
P 100 72 2267624771
P 101 72 2267624771
P 102 72 2267624514
P 103 72 2267559234
P 104 72 2267821121
P 105 72 2267755585
P 106 72 2267821120
P 107 72 2267755584
P 108 72 2267755584
P 109 72 2267755584
P 110 72 2267755584
P 111 72 2267690047
P 112 72 2284729149
P 113 72 2284663613
P 114 72 2284729149
P 115 72 2284663613
P 116 72 2284663612
P 117 72 2284663612
P 118 72 2301440828
P 119 72 2301375292
P 120 72 2318414394
P 121 72 2318414394
P 122 72 2318348858
P 123 72 2318349113
P 124 72 2318349113
P 125 72 2335060793
P 126 72 2335060793
P 127 72 2335060536
P 128 72 2368811574
P 129 72 2368811574
P 130 72 2368811574
P 131 72 2368746038
P 132 72 2368746038
P 133 72 2385523253
P 134 72 2385457717
P 135 72 2385457717
P 136 72 2435985715
P 137 72 2435985715
P 138 72 2435985714
P 139 72 2452763186
P 140 72 2452697650
P 141 72 2452697394
P 142 72 2452631857
P 143 72 2452632113
P 144 72 2503160111
P 145 72 2519871791
P 146 72 2519871791
P 147 72 2519871791
P 148 72 2536649006
P 149 72 2536517934
P 150 72 2536517934
P 151 72 2553229614
P 152 72 2620600363
P 153 72 2620534827
P 154 72 2637312299
P 155 72 2654023978
P 156 72 2654023978
P 157 72 2653892906
P 158 72 2670670121
P 159 72 2670604586
P 160 72 2754687015
P 161 72 2771398695
P 162 72 2771398695
P 163 72 2771333415
P 164 72 2788110630
P 165 72 2804822310
P 166 72 2804756774
P 167 72 2804756774
P 40 73 2434612309
P 41 73 2434612309
P 42 73 2434612053
P 43 73 2434612053
P 44 73 2434612053
P 45 73 2434612053
P 46 73 2434612053
P 47 73 2417834836
P 48 73 2401123155
P 49 73 2401123155
P 50 73 2401123155
P 51 73 2401123155
P 52 73 2384345683
P 53 73 2384345683
P 54 73 2384345683
P 55 73 2384345682
P 56 73 2367634001
P 57 73 2367633745
P 58 73 2367633745
P 59 73 2367633745
P 60 73 2367633745
P 61 73 2367633745
P 62 73 2350856528
P 63 73 2350856528
P 64 73 2334210127
P 65 73 2334210127
P 66 73 2334210126
P 67 73 2334210126
P 68 73 2334210126
P 69 73 2334210126
P 70 73 2334210126
P 71 73 2317432910
P 72 73 2317563724
P 73 73 2300786508
P 74 73 2300786508
P 75 73 2300786508
P 76 73 2300786508
P 77 73 2300720972
P 78 73 2300720971
P 79 73 2300720971
P 80 73 2284140105
P 81 73 2284140105
P 82 73 2284140105
P 83 73 2284140105
P 84 73 2284140105
P 85 73 2284140105
P 86 73 2284074568
P 87 73 2284074568
P 88 73 2267493703
P 89 73 2267493702
P 90 73 2267493702
P 91 73 2267493702
P 92 73 2267493702
P 93 73 2267428166
P 94 73 2267493702
P 95 73 2267428166
P 96 73 2267624771
P 97 73 2267624771
P 98 73 2267624515
P 99 73 2267624515
P 100 73 2267624771
P 101 73 2267624771
P 102 73 2267624514
P 103 73 2267558978
P 104 73 2267821121
P 105 73 2267755585
P 106 73 2267821120
P 107 73 2267755584
P 108 73 2267755584
P 109 73 2267755584
P 110 73 2267755584
P 111 73 2267690047
P 112 73 2284729149
P 113 73 2284663613
P 114 73 2284729149
P 115 73 2284663613
P 116 73 2284663612
P 117 73 2284663612
P 118 73 2301440828
P 119 73 2301375292
P 120 73 2318414394
P 121 73 2318414394
P 122 73 2318348858
P 123 73 2318348857
P 124 73 2318349113
P 125 73 2335126329
P 126 73 2335060793
P 127 73 2335060536
P 128 73 2368811574
P 129 73 2368811574
P 130 73 2368811574
P 131 73 2368746038
P 132 73 2368746038
P 133 73 2385523253
P 134 73 2385457717
P 135 73 2385457717
P 136 73 2435985715
P 137 73 2435985715
P 138 73 2435985714
P 139 73 2452762930
P 140 73 2452697650
P 141 73 2452697394
P 142 73 2452631857
P 143 73 2452631857
P 144 73 2503160111
P 145 73 2519871791
P 146 73 2519871791
P 147 73 2519871791
P 148 73 2536649006
P 149 73 2536583470
P 150 73 2536517934
P 151 73 2553229614
P 152 73 2620600363
P 153 73 2620534827
P 154 73 2637312043
P 155 73 2654023978
P 156 73 2654023979
P 157 73 2653958442
P 158 73 2670670122
P 159 73 2670604330
P 160 73 2754687015
P 161 73 2771398695
P 162 73 2771398695
P 163 73 2771333159
P 164 73 2788110630
P 165 73 2804822310
P 166 73 2804756774
P 167 73 2804756774
P 40 74 2434612309
P 41 74 2434612309
P 42 74 2434612309
P 43 74 2434612053
P 44 74 2434612053
P 45 74 2434612053
P 46 74 2434612053
P 47 74 2417834836
P 48 74 2401123155
P 49 74 2401123155
P 50 74 2401123155
P 51 74 2401123155
P 52 74 2384345683
P 53 74 2384345683
P 54 74 2384345683
P 55 74 2384345682
P 56 74 2367634001
P 57 74 2367633745
P 58 74 2367633745
P 59 74 2367633745
P 60 74 2367633745
P 61 74 2367633745
P 62 74 2350856528
P 63 74 2350856528
P 64 74 2334210127
P 65 74 2334210127
P 66 74 2334210126
P 67 74 2334210126
P 68 74 2334210126
P 69 74 2334210126
P 70 74 2334210126
P 71 74 2317432910
P 72 74 2317563724
P 73 74 2300786508
P 74 74 2300786508
P 75 74 2300786508
P 76 74 2300786508
P 77 74 2300720972
P 78 74 2300720971
P 79 74 2300720971
P 80 74 2284140105
P 81 74 2284140105
P 82 74 2284140105
P 83 74 2284140105
P 84 74 2284140105
P 85 74 2284140105
P 86 74 2284140104
P 87 74 2284074568
P 88 74 2267493703
P 89 74 2267493702
P 90 74 2267493702
P 91 74 2267493702
P 92 74 2267493702
P 93 74 2267428166
P 94 74 2267493702
P 95 74 2267428166
P 96 74 2267624771
P 97 74 2267624771
P 98 74 2267624515
P 99 74 2267624515
P 100 74 2267624515
P 101 74 2267624771
P 102 74 2267624514
P 103 74 2267558978
P 104 74 2267821121
P 105 74 2267755585
P 106 74 2267821120
P 107 74 2267755584
P 108 74 2267755584
P 109 74 2267755584
P 110 74 2267755584
P 111 74 2267690047
P 112 74 2284729149
P 113 74 2284663613
P 114 74 2284729149
P 115 74 2284663613
P 116 74 2284663612
P 117 74 2284663612
P 118 74 2301440828
P 119 74 2301375292
P 120 74 2318414394
P 121 74 2318414394
P 122 74 2318348858
P 123 74 2318348857
P 124 74 2318348857
P 125 74 2335126329
P 126 74 2335060793
P 127 74 2335060536
P 128 74 2368811575
P 129 74 2368811574
P 130 74 2368811574
P 131 74 2368746038
P 132 74 2368746038
P 133 74 2385523253
P 134 74 2385523253
P 135 74 2385457717
P 136 74 2435985715
P 137 74 2435985715
P 138 74 2435985714
P 139 74 2452762930
P 140 74 2452697394
P 141 74 2452697394
P 142 74 2452697393
P 143 74 2452631857
P 144 74 2503160111
P 145 74 2519871791
P 146 74 2519871791
P 147 74 2519871791
P 148 74 2536649006
P 149 74 2536583470
P 150 74 2536517934
P 151 74 2553229614
P 152 74 2620600363
P 153 74 2620534827
P 154 74 2637312043
P 155 74 2654023979
P 156 74 2654023979
P 157 74 2653958442
P 158 74 2670670122
P 159 74 2670604330
P 160 74 2754687015
P 161 74 2771398695
P 162 74 2771398695
P 163 74 2771333159
P 164 74 2788110374
P 165 74 2804822310
P 166 74 2804822310
P 167 74 2804756774
P 40 75 2434612309
P 41 75 2434612309
P 42 75 2434612309
P 43 75 2434612053
P 44 75 2434612053
P 45 75 2434612053
P 46 75 2434612053
P 47 75 2417834836
P 48 75 2401123155
P 49 75 2401123155
P 50 75 2401123155
P 51 75 2401123155
P 52 75 2384345683
P 53 75 2384345683
P 54 75 2384345683
P 55 75 2384345682
P 56 75 2367634001
P 57 75 2367633745
P 58 75 2367633745
P 59 75 2367633745
P 60 75 2367633745
P 61 75 2367633745
P 62 75 2350856528
P 63 75 2350856528
P 64 75 2334210127
P 65 75 2334210127
P 66 75 2334210126
P 67 75 2334210126
P 68 75 2334210126
P 69 75 2334210126
P 70 75 2334210126
P 71 75 2317432910
P 72 75 2317563724
P 73 75 2300786508
P 74 75 2300786508
P 75 75 2300786508
P 76 75 2300786508
P 77 75 2300720972
P 78 75 2300720971
P 79 75 2300720971
P 80 75 2284140105
P 81 75 2284140105
P 82 75 2284140105
P 83 75 2284140105
P 84 75 2284140105
P 85 75 2284140105
P 86 75 2284140104
P 87 75 2284074568
P 88 75 2267493703
P 89 75 2267493702
P 90 75 2267493702
P 91 75 2267493702
P 92 75 2267493702
P 93 75 2267428166
P 94 75 2267493702
P 95 75 2267493702
P 96 75 2267624771
P 97 75 2267624771
P 98 75 2267624515
P 99 75 2267624515
P 100 75 2267624515
P 101 75 2267624515
P 102 75 2267624514
P 103 75 2267624514
P 104 75 2267821121
P 105 75 2267755585
P 106 75 2267821120
P 107 75 2267755584
P 108 75 2267755584
P 109 75 2267755584
P 110 75 2267755584
P 111 75 2267755583
P 112 75 2284729149
P 113 75 2284663613
P 114 75 2284729149
P 115 75 2284663613
P 116 75 2284663612
P 117 75 2284663613
P 118 75 2301440828
P 119 75 2301440828
P 120 75 2318414394
P 121 75 2318414394
P 122 75 2318348858
P 123 75 2318348857
P 124 75 2318348857
P 125 75 2335126073
P 126 75 2335060793
P 127 75 2335060536
P 128 75 2368811575
P 129 75 2368811574
P 130 75 2368811318
P 131 75 2368746038
P 132 75 2368746038
P 133 75 2385523253
P 134 75 2385523253
P 135 75 2385457717
P 136 75 2435985715
P 137 75 2435985715
P 138 75 2435985714
P 139 75 2452762930
P 140 75 2452697394
P 141 75 2452697394
P 142 75 2452697393
P 143 75 2452631857
P 144 75 2503160111
P 145 75 2519871535
P 146 75 2519871791
P 147 75 2519871791
P 148 75 2536649006
P 149 75 2536583470
P 150 75 2536517934
P 151 75 2553295150
P 152 75 2620600364
P 153 75 2620534827
P 154 75 2637312043
P 155 75 2654023723
P 156 75 2654023979
P 157 75 2653958442
P 158 75 2670670122
P 159 75 2670669866
P 160 75 2754687015
P 161 75 2771398695
P 162 75 2771398695
P 163 75 2771333159
P 164 75 2788110374
P 165 75 2804822054
P 166 75 2804822310
P 167 75 2804756774
P 40 76 2434612309
P 41 76 2434612309
P 42 76 2434612309
P 43 76 2434612053
P 44 76 2434612053
P 45 76 2434612053
P 46 76 2434612053
P 47 76 2417834836
P 48 76 2401123155
P 49 76 2401123155
P 50 76 2401123155
P 51 76 2401123155
P 52 76 2384345683
P 53 76 2384345683
P 54 76 2384345683
P 55 76 2384345682
P 56 76 2367634001
P 57 76 2367634001
P 58 76 2367634001
P 59 76 2367633745
P 60 76 2367633745
P 61 76 2367633745
P 62 76 2350856528
P 63 76 2350856528
P 64 76 2334210127
P 65 76 2334210127
P 66 76 2334210126
P 67 76 2334210126
P 68 76 2334210126
P 69 76 2334210126
P 70 76 2334210126
P 71 76 2317432910
P 72 76 2317563724
P 73 76 2300786508
P 74 76 2300786508
P 75 76 2300786508
P 76 76 2300786508
P 77 76 2300720972
P 78 76 2300720971
P 79 76 2300720971
P 80 76 2284140105
P 81 76 2284140105
P 82 76 2284140105
P 83 76 2284140105
P 84 76 2284140105
P 85 76 2284140105
P 86 76 2284140104
P 87 76 2284074568
P 88 76 2267493703
P 89 76 2267493702
P 90 76 2267493702
P 91 76 2267493702
P 92 76 2267493702
P 93 76 2267428166
P 94 76 2267493702
P 95 76 2267493702
P 96 76 2267690051
P 97 76 2267624771
P 98 76 2267624515
P 99 76 2267624515
P 100 76 2267624515
P 101 76 2267624515
P 102 76 2267624514
P 103 76 2267624514
P 104 76 2267821121
P 105 76 2267755585
P 106 76 2267821120
P 107 76 2267755584
P 108 76 2267755584
P 109 76 2267755584
P 110 76 2267755584
P 111 76 2267755327
P 112 76 2284729149
P 113 76 2284663613
P 114 76 2284729149
P 115 76 2284663613
P 116 76 2284663613
P 117 76 2284663613
P 118 76 2301440828
P 119 76 2301440828
P 120 76 2318414394
P 121 76 2318414394
P 122 76 2318348858
P 123 76 2318348857
P 124 76 2318348857
P 125 76 2335126073
P 126 76 2335060793
P 127 76 2335060536
P 128 76 2368877111
P 129 76 2368811574
P 130 76 2368811318
P 131 76 2368745782
P 132 76 2368746038
P 133 76 2385523253
P 134 76 2385523253
P 135 76 2385457717
P 136 76 2436051251
P 137 76 2435985715
P 138 76 2435985714
P 139 76 2452762930
P 140 76 2452697394
P 141 76 2452697394
P 142 76 2452697393
P 143 76 2452631857
P 144 76 2503160111
P 145 76 2519871535
P 146 76 2519871791
P 147 76 2519871791
P 148 76 2536649006
P 149 76 2536583470
P 150 76 2536517934
P 151 76 2553295150
P 152 76 2620600364
P 153 76 2620534827
P 154 76 2637312043
P 155 76 2654023723
P 156 76 2654023723
P 157 76 2653958442
P 158 76 2670670122
P 159 76 2670669866
P 160 76 2754752551
P 161 76 2771398695
P 162 76 2771398695
P 163 76 2771333159
P 164 76 2788110374
P 165 76 2804822054
P 166 76 2804822310
P 167 76 2804756774
P 40 77 2434612309
P 41 77 2434612309
P 42 77 2434612309
P 43 77 2434612053
P 44 77 2434612053
P 45 77 2434612053
P 46 77 2434612053
P 47 77 2417834836
P 48 77 2401123155
P 49 77 2401123155
P 50 77 2401123155
P 51 77 2401123155
P 52 77 2384345683
P 53 77 2384345683
P 54 77 2384345683
P 55 77 2384345682
P 56 77 2367634001
P 57 77 2367634001
P 58 77 2367634001
P 59 77 2367634001
P 60 77 2367633745
P 61 77 2367633745
P 62 77 2350856528
P 63 77 2350856528
P 64 77 2334210127
P 65 77 2334210127
P 66 77 2334210126
P 67 77 2334210126
P 68 77 2334210126
P 69 77 2334210126
P 70 77 2334210126
P 71 77 2317432910
P 72 77 2317563724
P 73 77 2300786508
P 74 77 2300786508
P 75 77 2300786508
P 76 77 2300786508
P 77 77 2300720972
P 78 77 2300720971
P 79 77 2300720971
P 80 77 2284140105
P 81 77 2284140105
P 82 77 2284140105
P 83 77 2284140105
P 84 77 2284140105
P 85 77 2284140105
P 86 77 2284140104
P 87 77 2284074568
P 88 77 2267493703
P 89 77 2267493702
P 90 77 2267493702
P 91 77 2267493702
P 92 77 2267493702
P 93 77 2267428166
P 94 77 2267493702
P 95 77 2267493702
P 96 77 2267690051
P 97 77 2267624515
P 98 77 2267624515
P 99 77 2267624515
P 100 77 2267624515
P 101 77 2267624515
P 102 77 2267624514
P 103 77 2267624514
P 104 77 2267821121
P 105 77 2267821121
P 106 77 2267820864
P 107 77 2267755584
P 108 77 2267755584
P 109 77 2267755584
P 110 77 2267755584
P 111 77 2267755327
P 112 77 2284729149
P 113 77 2284729149
P 114 77 2284729149
P 115 77 2284663613
P 116 77 2284663613
P 117 77 2284663613
P 118 77 2301440828
P 119 77 2301440828
P 120 77 2318414394
P 121 77 2318414394
P 122 77 2318348858
P 123 77 2318348857
P 124 77 2318348857
P 125 77 2335126073
P 126 77 2335060537
P 127 77 2335060536
P 128 77 2368877111
P 129 77 2368811574
P 130 77 2368811318
P 131 77 2368745782
P 132 77 2368745782
P 133 77 2385523253
P 134 77 2385523253
P 135 77 2385457717
P 136 77 2436051251
P 137 77 2435985715
P 138 77 2435985714
P 139 77 2452762930
P 140 77 2452697394
P 141 77 2452697394
P 142 77 2452697393
P 143 77 2452631857
P 144 77 2503160111
P 145 77 2519937071
P 146 77 2519871535
P 147 77 2519871791
P 148 77 2536649006
P 149 77 2536583470
P 150 77 2536517934
P 151 77 2553295150
P 152 77 2620600364
P 153 77 2620600363
P 154 77 2637312043
P 155 77 2654023723
P 156 77 2654023723
P 157 77 2653958186
P 158 77 2670670122
P 159 77 2670669866
P 160 77 2754752551
P 161 77 2771464231
P 162 77 2771398695
P 163 77 2771333159
P 164 77 2788110374
P 165 77 2804822054
P 166 77 2804822054
P 167 77 2804756774
P 40 78 2434612309
P 41 78 2434612309
P 42 78 2434612309
P 43 78 2434612053
P 44 78 2434612053
P 45 78 2434612053
P 46 78 2434612053
P 47 78 2417834836
P 48 78 2401123155
P 49 78 2401123155
P 50 78 2401123155
P 51 78 2401123155
P 52 78 2384345683
P 53 78 2384345683
P 54 78 2384345683
P 55 78 2384345682
P 56 78 2367634001
P 57 78 2367634001
P 58 78 2367634001
P 59 78 2367634001
P 60 78 2367633745
P 61 78 2367633745
P 62 78 2350856528
P 63 78 2350856528
P 64 78 2334210127
P 65 78 2334210127
P 66 78 2334210126
P 67 78 2334210126
P 68 78 2334210126
P 69 78 2334210126
P 70 78 2334210126
P 71 78 2317367374
P 72 78 2317563724
P 73 78 2300786508
P 74 78 2300786508
P 75 78 2300786508
P 76 78 2300720972
P 77 78 2300720972
P 78 78 2300720971
P 79 78 2300720971
P 80 78 2284140105
P 81 78 2284140105
P 82 78 2284140105
P 83 78 2284140105
P 84 78 2284140105
P 85 78 2284140105
P 86 78 2284140104
P 87 78 2284074568
P 88 78 2267493703
P 89 78 2267493702
P 90 78 2267493702
P 91 78 2267493702
P 92 78 2267493702
P 93 78 2267428166
P 94 78 2267493702
P 95 78 2267493702
P 96 78 2267690051
P 97 78 2267624515
P 98 78 2267624515
P 99 78 2267624515
P 100 78 2267624515
P 101 78 2267624515
P 102 78 2267624515
P 103 78 2267624515
P 104 78 2267821121
P 105 78 2267821121
P 106 78 2267820864
P 107 78 2267755328
P 108 78 2267755584
P 109 78 2267755584
P 110 78 2267755584
P 111 78 2267755327
P 112 78 2284729149
P 113 78 2284729149
P 114 78 2284729149
P 115 78 2284663613
P 116 78 2284663613
P 117 78 2284663613
P 118 78 2301440828
P 119 78 2301440828
P 120 78 2318414394
P 121 78 2318414394
P 122 78 2318414394
P 123 78 2318348857
P 124 78 2318348857
P 125 78 2335126073
P 126 78 2335060537
P 127 78 2335060536
P 128 78 2368877111
P 129 78 2368811574
P 130 78 2368811318
P 131 78 2368745782
P 132 78 2368745782
P 133 78 2385523253
P 134 78 2385523253
P 135 78 2385457717
P 136 78 2436051251
P 137 78 2435985715
P 138 78 2435985714
P 139 78 2452762930
P 140 78 2452697394
P 141 78 2452697394
P 142 78 2452697394
P 143 78 2452631858
P 144 78 2503160111
P 145 78 2519937071
P 146 78 2519937071
P 147 78 2519871535
P 148 78 2536649006
P 149 78 2536583470
P 150 78 2536517934
P 151 78 2553295150
P 152 78 2620600364
P 153 78 2620600363
P 154 78 2637312043
P 155 78 2654023723
P 156 78 2654023723
P 157 78 2653958186
P 158 78 2670669866
P 159 78 2670669866
P 160 78 2754752551
P 161 78 2771464231
P 162 78 2771398695
P 163 78 2771333159
P 164 78 2788110375
P 165 78 2804822055
P 166 78 2804822054
P 167 78 2804756518
P 40 79 2434612309
P 41 79 2434612309
P 42 79 2434612309
P 43 79 2434612053
P 44 79 2434612053
P 45 79 2434612053
P 46 79 2434612053
P 47 79 2417834836
P 48 79 2401123155
P 49 79 2401123155
P 50 79 2401123155
P 51 79 2401123155
P 52 79 2384345683
P 53 79 2384345683
P 54 79 2384345683
P 55 79 2384345682
P 56 79 2367634001
P 57 79 2367634001
P 58 79 2367634001
P 59 79 2367634001
P 60 79 2367633745
P 61 79 2367633745
P 62 79 2350856528
P 63 79 2350856528
P 64 79 2334210127
P 65 79 2334210127
P 66 79 2334210126
P 67 79 2334210126
P 68 79 2334210126
P 69 79 2334210126
P 70 79 2334210126
P 71 79 2317367374
P 72 79 2317563724
P 73 79 2300786508
P 74 79 2300786508
P 75 79 2300786508
P 76 79 2300720972
P 77 79 2300720972
P 78 79 2300720971
P 79 79 2300720971
P 80 79 2284140105
P 81 79 2284140105
P 82 79 2284140105
P 83 79 2284140105
P 84 79 2284140105
P 85 79 2284140105
P 86 79 2284140105
P 87 79 2284074569
P 88 79 2267493703
P 89 79 2267493702
P 90 79 2267493702
P 91 79 2267493702
P 92 79 2267493702
P 93 79 2267428166
P 94 79 2267493702
P 95 79 2267493702
P 96 79 2267690051
P 97 79 2267624515
P 98 79 2267624515
P 99 79 2267624515
P 100 79 2267624515
P 101 79 2267624515
P 102 79 2267624515
P 103 79 2267624515
P 104 79 2267820865
P 105 79 2267821121
P 106 79 2267820864
P 107 79 2267820864
P 108 79 2267755328
P 109 79 2267755584
P 110 79 2267755584
P 111 79 2267755327
P 112 79 2284729149
P 113 79 2284729149
P 114 79 2284729149
P 115 79 2284729149
P 116 79 2284663613
P 117 79 2284663613
P 118 79 2301440828
P 119 79 2301440572
P 120 79 2318414394
P 121 79 2318414394
P 122 79 2318414394
P 123 79 2318414393
P 124 79 2318348857
P 125 79 2335126073
P 126 79 2335060537
P 127 79 2335060536
P 128 79 2368876855
P 129 79 2368811574
P 130 79 2368811318
P 131 79 2368811318
P 132 79 2368745782
P 133 79 2385522997
P 134 79 2385523253
P 135 79 2385457717
P 136 79 2436051251
P 137 79 2435985715
P 138 79 2435985714
P 139 79 2452762674
P 140 79 2452697394
P 141 79 2452697394
P 142 79 2452697394
P 143 79 2452631858
P 144 79 2503159855
P 145 79 2519937071
P 146 79 2519937071
P 147 79 2519871535
P 148 79 2536648750
P 149 79 2536583470
P 150 79 2536517934
P 151 79 2553295150
P 152 79 2620600364
P 153 79 2620600363
P 154 79 2637312043
P 155 79 2654089259
P 156 79 2654023723
P 157 79 2653958186
P 158 79 2670669866
P 159 79 2670669866
P 160 79 2754752551
P 161 79 2771464232
P 162 79 2771398695
P 163 79 2771398695
P 164 79 2788110119
P 165 79 2804822055
P 166 79 2804822054
P 167 79 2804756518
P 40 80 2434612309
P 41 80 2434612309
P 42 80 2434612309
P 43 80 2417835092
P 44 80 2417835092
P 45 80 2417835092
P 46 80 2417835092
P 47 80 2417835092
P 48 80 2401123155
P 49 80 2384345939
P 50 80 2384345939
P 51 80 2384345938
P 52 80 2384345938
P 53 80 2384345938
P 54 80 2384345938
P 55 80 2384345938
P 56 80 2367634001
P 57 80 2367634001
P 58 80 2367634001
P 59 80 2350856784
P 60 80 2350856784
P 61 80 2350856784
P 62 80 2350856784
P 63 80 2350856784
P 64 80 2334210382
P 65 80 2334210382
P 66 80 2334210382
P 67 80 2317433166
P 68 80 2317433166
P 69 80 2317433166
P 70 80 2317367629
P 71 80 2317367629
P 72 80 2300786764
P 73 80 2300786764
P 74 80 2300786763
P 75 80 2300721227
P 76 80 2300721227
P 77 80 2300786763
P 78 80 2300786763
P 79 80 2300786762
P 80 80 2284140361
P 81 80 2284140361
P 82 80 2284140361
P 83 80 2284140361
P 84 80 2284140361
P 85 80 2284140360
P 86 80 2284140360
P 87 80 2284074824
P 88 80 2267493958
P 89 80 2267493958
P 90 80 2267493958
P 91 80 2267494214
P 92 80 2267493957
P 93 80 2267493957
P 94 80 2267493957
P 95 80 2267494213
P 96 80 2267690563
P 97 80 2267690563
P 98 80 2267690563
P 99 80 2267625027
P 100 80 2267625026
P 101 80 2267625026
P 102 80 2267625026
P 103 80 2267625026
P 104 80 2267821376
P 105 80 2267821376
P 106 80 2267821376
P 107 80 2267821632
P 108 80 2267821632
P 109 80 2284533055
P 110 80 2284533055
P 111 80 2284533311
P 112 80 2284729661
P 113 80 2284729661
P 114 80 2301506876
P 115 80 2301506876
P 116 80 2301506876
P 117 80 2301441340
P 118 80 2301441340
P 119 80 2301441339
P 120 80 2318415162
P 121 80 2318415162
P 122 80 2335192377
P 123 80 2335192377
P 124 80 2335126841
P 125 80 2335126841
P 126 80 2335126841
P 127 80 2335126840
P 128 80 2368877878
P 129 80 2368877878
P 130 80 2385655093
P 131 80 2385589557
P 132 80 2385589557
P 133 80 2385589557
P 134 80 2385524021
P 135 80 2402301236
P 136 80 2452829490
P 137 80 2452829490
P 138 80 2452763954
P 139 80 2452763698
P 140 80 2469541169
P 141 80 2469475633
P 142 80 2469475633
P 143 80 2486252849
P 144 80 2536781103
P 145 80 2536715567
P 146 80 2536715567
P 147 80 2553427246
P 148 80 2553427246
P 149 80 2570138926
P 150 80 2570138926
P 151 80 2586850605
P 152 80 2654221611
P 153 80 2654156074
P 154 80 2654090538
P 155 80 2670867754
P 156 80 2670802218
P 157 80 2687513897
P 158 80 2687513897
P 159 80 2704225578
P 160 80 2788308263
P 161 80 2788242727
P 162 80 2805019943
P 163 80 2804954406
P 164 80 2821731878
P 165 80 2821600806
P 166 80 2838378022
P 167 80 2855155237
P 40 81 2434612309
P 41 81 2434612309
P 42 81 2434612309
P 43 81 2417835092
P 44 81 2417835092
P 45 81 2417835092
P 46 81 2417835092
P 47 81 2417835092
P 48 81 2401123155
P 49 81 2384345939
P 50 81 2384345939
P 51 81 2384345938
P 52 81 2384345938
P 53 81 2384345938
P 54 81 2384345938
P 55 81 2384345938
P 56 81 2367634001
P 57 81 2367634001
P 58 81 2367634001
P 59 81 2350856784
P 60 81 2350856784
P 61 81 2350856784
P 62 81 2350856784
P 63 81 2350856784
P 64 81 2334210382
P 65 81 2334210382
P 66 81 2334210382
P 67 81 2317433166
P 68 81 2317433166
P 69 81 2317433166
P 70 81 2317367629
P 71 81 2317367629
P 72 81 2300786764
P 73 81 2300786764
P 74 81 2300721227
P 75 81 2300721227
P 76 81 2300721227
P 77 81 2300786763
P 78 81 2300786763
P 79 81 2300786762
P 80 81 2284140361
P 81 81 2284140361
P 82 81 2284140361
P 83 81 2284140361
P 84 81 2284140361
P 85 81 2284140360
P 86 81 2284140360
P 87 81 2284074824
P 88 81 2267493958
P 89 81 2267493958
P 90 81 2267493958
P 91 81 2267493958
P 92 81 2267493957
P 93 81 2267493957
P 94 81 2267493957
P 95 81 2267493957
P 96 81 2267690563
P 97 81 2267690563
P 98 81 2267690563
P 99 81 2267625027
P 100 81 2267625026
P 101 81 2267625026
P 102 81 2267625026
P 103 81 2267625026
P 104 81 2267821376
P 105 81 2267821376
P 106 81 2267821376
P 107 81 2267821376
P 108 81 2267821632
P 109 81 2284533055
P 110 81 2284533055
P 111 81 2284533055
P 112 81 2284729661
P 113 81 2284729661
P 114 81 2301506876
P 115 81 2301506876
P 116 81 2301506876
P 117 81 2301506876
P 118 81 2301441340
P 119 81 2301441339
P 120 81 2318415162
P 121 81 2318415162
P 122 81 2335192377
P 123 81 2335192377
P 124 81 2335126841
P 125 81 2335192377
P 126 81 2335126841
P 127 81 2335126840
P 128 81 2368877878
P 129 81 2368877878
P 130 81 2385655093
P 131 81 2385589557
P 132 81 2385589557
P 133 81 2385589557
P 134 81 2385524021
P 135 81 2402301237
P 136 81 2452829490
P 137 81 2452829490
P 138 81 2452763954
P 139 81 2452763698
P 140 81 2469540913
P 141 81 2469475633
P 142 81 2469475633
P 143 81 2486252849
P 144 81 2536780847
P 145 81 2536715567
P 146 81 2536715567
P 147 81 2553427246
P 148 81 2553427246
P 149 81 2570204462
P 150 81 2570138926
P 151 81 2586850605
P 152 81 2654221355
P 153 81 2654156074
P 154 81 2654090538
P 155 81 2670867754
P 156 81 2670802218
P 157 81 2687579434
P 158 81 2687513898
P 159 81 2704225578
P 160 81 2788308263
P 161 81 2788242727
P 162 81 2805019943
P 163 81 2804954406
P 164 81 2821731622
P 165 81 2821666342
P 166 81 2838378022
P 167 81 2855155237
P 40 82 2434612309
P 41 82 2434612309
P 42 82 2434612309
P 43 82 2417835092
P 44 82 2417835092
P 45 82 2417835092
P 46 82 2417835092
P 47 82 2417835092
P 48 82 2401123155
P 49 82 2384345939
P 50 82 2384345939
P 51 82 2384345938
P 52 82 2384345938
P 53 82 2384345938
P 54 82 2384345938
P 55 82 2384345938
P 56 82 2367634001
P 57 82 2367634001
P 58 82 2367634001
P 59 82 2350856784
P 60 82 2350856784
P 61 82 2350856784
P 62 82 2350856784
P 63 82 2350856784
P 64 82 2334210382
P 65 82 2334210382
P 66 82 2334210382
P 67 82 2317433166
P 68 82 2317433166
P 69 82 2317367630
P 70 82 2317367629
P 71 82 2317367629
P 72 82 2300786764
P 73 82 2300786764
P 74 82 2300721227
P 75 82 2300721227
P 76 82 2300721227
P 77 82 2300786763
P 78 82 2300786763
P 79 82 2300786762
P 80 82 2284140361
P 81 82 2284140361
P 82 82 2284140361
P 83 82 2284140361
P 84 82 2284140361
P 85 82 2284140360
P 86 82 2284140360
P 87 82 2284074824
P 88 82 2267493958
P 89 82 2267493958
P 90 82 2267493958
P 91 82 2267493958
P 92 82 2267493957
P 93 82 2267493958
P 94 82 2267493957
P 95 82 2267493957
P 96 82 2267690563
P 97 82 2267690563
P 98 82 2267690563
P 99 82 2267625027
P 100 82 2267625026
P 101 82 2267625026
P 102 82 2267625026
P 103 82 2267625026
P 104 82 2267821376
P 105 82 2267821376
P 106 82 2267821376
P 107 82 2267821376
P 108 82 2267821376
P 109 82 2284533055
P 110 82 2284533055
P 111 82 2284533055
P 112 82 2284729661
P 113 82 2284729661
P 114 82 2301506876
P 115 82 2301506876
P 116 82 2301506876
P 117 82 2301506876
P 118 82 2301441340
P 119 82 2301441339
P 120 82 2318414906
P 121 82 2318415162
P 122 82 2335192377
P 123 82 2335192377
P 124 82 2335126841
P 125 82 2335192377
P 126 82 2335126841
P 127 82 2335126840
P 128 82 2368877622
P 129 82 2368877878
P 130 82 2385655093
P 131 82 2385589557
P 132 82 2385589301
P 133 82 2385589557
P 134 82 2385589557
P 135 82 2402301237
P 136 82 2452829234
P 137 82 2452829490
P 138 82 2452763954
P 139 82 2452763698
P 140 82 2469540913
P 141 82 2469475377
P 142 82 2469475633
P 143 82 2486252849
P 144 82 2536780847
P 145 82 2536715311
P 146 82 2536715567
P 147 82 2553427246
P 148 82 2553427246
P 149 82 2570204206
P 150 82 2570138926
P 151 82 2586850605
P 152 82 2654221355
P 153 82 2654155818
P 154 82 2654090539
P 155 82 2670867755
P 156 82 2670802218
P 157 82 2687579434
P 158 82 2687513898
P 159 82 2704225578
P 160 82 2788308263
P 161 82 2788242727
P 162 82 2805019943
P 163 82 2804954406
P 164 82 2821731622
P 165 82 2821666086
P 166 82 2838378022
P 167 82 2855155237
P 40 83 2434612309
P 41 83 2434612309
P 42 83 2434612309
P 43 83 2417835092
P 44 83 2417835092
P 45 83 2417835092
P 46 83 2417835092
P 47 83 2417835092
P 48 83 2401123155
P 49 83 2384345939
P 50 83 2384345939
P 51 83 2384345938
P 52 83 2384345938
P 53 83 2384345938
P 54 83 2384345938
P 55 83 2384345938
P 56 83 2367634001
P 57 83 2367634001
P 58 83 2367634001
P 59 83 2350856784
P 60 83 2350856784
P 61 83 2350856784
P 62 83 2350856784
P 63 83 2350856784
P 64 83 2334210638
P 65 83 2334210382
P 66 83 2334210382
P 67 83 2317433166
P 68 83 2317367630
P 69 83 2317367630
P 70 83 2317367629
P 71 83 2317367629
P 72 83 2300786764
P 73 83 2300721228
P 74 83 2300721227
P 75 83 2300721227
P 76 83 2300721227
P 77 83 2300786763
P 78 83 2300786763
P 79 83 2300786762
P 80 83 2284140361
P 81 83 2284140361
P 82 83 2284140361
P 83 83 2284140361
P 84 83 2284140361
P 85 83 2284140360
P 86 83 2284140360
P 87 83 2284140360
P 88 83 2267493958
P 89 83 2267493958
P 90 83 2267493958
P 91 83 2267493958
P 92 83 2267493958
P 93 83 2267493958
P 94 83 2267493957
P 95 83 2267493957
P 96 83 2267690563
P 97 83 2267690563
P 98 83 2267690563
P 99 83 2267625027
P 100 83 2267625026
P 101 83 2267625026
P 102 83 2267625026
P 103 83 2267625026
P 104 83 2267821376
P 105 83 2267821376
P 106 83 2267821376
P 107 83 2267821376
P 108 83 2267821376
P 109 83 2284533055
P 110 83 2284533055
P 111 83 2284533055
P 112 83 2284729661
P 113 83 2284729661
P 114 83 2301506876
P 115 83 2301506876
P 116 83 2301506876
P 117 83 2301506876
P 118 83 2301441340
P 119 83 2301441339
P 120 83 2318414906
P 121 83 2318414906
P 122 83 2335192377
P 123 83 2335192377
P 124 83 2335126841
P 125 83 2335192121
P 126 83 2335126841
P 127 83 2335126840
P 128 83 2368877622
P 129 83 2368877622
P 130 83 2385655094
P 131 83 2385589558
P 132 83 2385589302
P 133 83 2385589301
P 134 83 2385589557
P 135 83 2402301237
P 136 83 2452829234
P 137 83 2452829234
P 138 83 2452763954
P 139 83 2452763698
P 140 83 2469540913
P 141 83 2469475377
P 142 83 2469475377
P 143 83 2486252849
P 144 83 2536780847
P 145 83 2536715311
P 146 83 2536715311
P 147 83 2553427246
P 148 83 2553427246
P 149 83 2570204206
P 150 83 2570138670
P 151 83 2586916141
P 152 83 2654221355
P 153 83 2654155819
P 154 83 2654090283
P 155 83 2670867755
P 156 83 2670802218
P 157 83 2687579434
P 158 83 2687513898
P 159 83 2704291114
P 160 83 2788308263
P 161 83 2788242727
P 162 83 2805019943
P 163 83 2804954406
P 164 83 2821731622
P 165 83 2821666086
P 166 83 2838377766
P 167 83 2855155237
P 40 84 2434612309
P 41 84 2434612309
P 42 84 2434612309
P 43 84 2417835092
P 44 84 2417835092
P 45 84 2417835092
P 46 84 2417835092
P 47 84 2417835092
P 48 84 2401123155
P 49 84 2384345939
P 50 84 2384345939
P 51 84 2384345938
P 52 84 2384345938
P 53 84 2384345938
P 54 84 2384345938
P 55 84 2384345938
P 56 84 2367634001
P 57 84 2367634001
P 58 84 2367634001
P 59 84 2350856784
P 60 84 2350856784
P 61 84 2350856784
P 62 84 2350856784
P 63 84 2350856784
P 64 84 2334210638
P 65 84 2334210382
P 66 84 2334210382
P 67 84 2317433166
P 68 84 2317367630
P 69 84 2317367630
P 70 84 2317367629
P 71 84 2317367629
P 72 84 2300786764
P 73 84 2300721228
P 74 84 2300721227
P 75 84 2300721227
P 76 84 2300721227
P 77 84 2300786763
P 78 84 2300786763
P 79 84 2300721226
P 80 84 2284140361
P 81 84 2284140361
P 82 84 2284140361
P 83 84 2284140361
P 84 84 2284140361
P 85 84 2284140360
P 86 84 2284140360
P 87 84 2284140360
P 88 84 2267493958
P 89 84 2267493958
P 90 84 2267493958
P 91 84 2267493958
P 92 84 2267493958
P 93 84 2267493958
P 94 84 2267493957
P 95 84 2267493957
P 96 84 2267690563
P 97 84 2267690563
P 98 84 2267690563
P 99 84 2267625027
P 100 84 2267625026
P 101 84 2267625026
P 102 84 2267625026
P 103 84 2267625026
P 104 84 2267821376
P 105 84 2267821376
P 106 84 2267821376
P 107 84 2267821376
P 108 84 2267821376
P 109 84 2284533055
P 110 84 2284533055
P 111 84 2284533055
P 112 84 2284729661
P 113 84 2284729661
P 114 84 2301506876
P 115 84 2301506876
P 116 84 2301506876
P 117 84 2301506876
P 118 84 2301441340
P 119 84 2301441339
P 120 84 2318414906
P 121 84 2318414906
P 122 84 2335192377
P 123 84 2335192377
P 124 84 2335126841
P 125 84 2335192121
P 126 84 2335126841
P 127 84 2335126840
P 128 84 2368943158
P 129 84 2368877622
P 130 84 2385655094
P 131 84 2385589558
P 132 84 2385589302
P 133 84 2385589301
P 134 84 2385589557
P 135 84 2402301237
P 136 84 2452894770
P 137 84 2452829234
P 138 84 2452763954
P 139 84 2452763698
P 140 84 2469540913
P 141 84 2469475377
P 142 84 2469475377
P 143 84 2486252593
P 144 84 2536780847
P 145 84 2536715311
P 146 84 2536715311
P 147 84 2553426990
P 148 84 2553427246
P 149 84 2570204206
P 150 84 2570138670
P 151 84 2586915885
P 152 84 2654221355
P 153 84 2654155819
P 154 84 2654090283
P 155 84 2670867499
P 156 84 2670802218
P 157 84 2687579434
P 158 84 2687513898
P 159 84 2704291114
P 160 84 2788373799
P 161 84 2788242727
P 162 84 2805019943
P 163 84 2804954406
P 164 84 2821731622
P 165 84 2821666087
P 166 84 2838377766
P 167 84 2855154982
P 40 85 2434612309
P 41 85 2434612309
P 42 85 2434612309
P 43 85 2417835092
P 44 85 2417835092
P 45 85 2417835092
P 46 85 2417835092
P 47 85 2417835092
P 48 85 2401123155
P 49 85 2384345939
P 50 85 2384345939
P 51 85 2384345938
P 52 85 2384345938
P 53 85 2384345938
P 54 85 2384345938
P 55 85 2384345938
P 56 85 2367634001
P 57 85 2367634001
P 58 85 2367634001
P 59 85 2350856784
P 60 85 2350856784
P 61 85 2350856784
P 62 85 2350856784
P 63 85 2350856784
P 64 85 2334210638
P 65 85 2334210382
P 66 85 2334210382
P 67 85 2317367630
P 68 85 2317367630
P 69 85 2317367630
P 70 85 2317367629
P 71 85 2317367629
P 72 85 2300721228
P 73 85 2300721228
P 74 85 2300721227
P 75 85 2300721227
P 76 85 2300721227
P 77 85 2300786763
P 78 85 2300721227
P 79 85 2300721226
P 80 85 2284140361
P 81 85 2284140361
P 82 85 2284140361
P 83 85 2284140361
P 84 85 2284140361
P 85 85 2284140360
P 86 85 2284140360
P 87 85 2284140360
P 88 85 2267493958
P 89 85 2267493958
P 90 85 2267493958
P 91 85 2267493958
P 92 85 2267493958
P 93 85 2267493958
P 94 85 2267493957
P 95 85 2267493957
P 96 85 2267690563
P 97 85 2267690563
P 98 85 2267690307
P 99 85 2267625027
P 100 85 2267625026
P 101 85 2267625026
P 102 85 2267624770
P 103 85 2267625026
P 104 85 2267821376
P 105 85 2267821376
P 106 85 2267821376
P 107 85 2267821376
P 108 85 2267821376
P 109 85 2284533055
P 110 85 2284533055
P 111 85 2284533055
P 112 85 2284729661
P 113 85 2284795197
P 114 85 2301506876
P 115 85 2301506876
P 116 85 2301506876
P 117 85 2301506876
P 118 85 2301441340
P 119 85 2301441339
P 120 85 2318414906
P 121 85 2318414906
P 122 85 2335192121
P 123 85 2335192377
P 124 85 2335126841
P 125 85 2335192121
P 126 85 2335126585
P 127 85 2335126840
P 128 85 2368943158
P 129 85 2368877622
P 130 85 2385654838
P 131 85 2385589558
P 132 85 2385589302
P 133 85 2385589301
P 134 85 2385589301
P 135 85 2402301237
P 136 85 2452894770
P 137 85 2452829234
P 138 85 2452763698
P 139 85 2452763698
P 140 85 2469540913
P 141 85 2469475377
P 142 85 2469475377
P 143 85 2486252593
P 144 85 2536780847
P 145 85 2536780847
P 146 85 2536715311
P 147 85 2553426990
P 148 85 2553426990
P 149 85 2570204206
P 150 85 2570138670
P 151 85 2586915885
P 152 85 2654221355
P 153 85 2654221355
P 154 85 2654090283
P 155 85 2670867499
P 156 85 2670801962
P 157 85 2687579434
P 158 85 2687513898
P 159 85 2704291114
P 160 85 2788373543
P 161 85 2788308263
P 162 85 2805019943
P 163 85 2804954407
P 164 85 2821731623
P 165 85 2821666087
P 166 85 2838377766
P 167 85 2855154982
P 40 86 2434612309
P 41 86 2434612309
P 42 86 2434612309
P 43 86 2417835092
P 44 86 2417835092
P 45 86 2417835092
P 46 86 2417835092
P 47 86 2417835092
P 48 86 2401123155
P 49 86 2384345939
P 50 86 2384345939
P 51 86 2384345938
P 52 86 2384345938
P 53 86 2384345938
P 54 86 2384345938
P 55 86 2384280402
P 56 86 2367634257
P 57 86 2367634257
P 58 86 2367634001
P 59 86 2350856784
P 60 86 2350856784
P 61 86 2350856784
P 62 86 2350856784
P 63 86 2350856784
P 64 86 2334210638
P 65 86 2334210382
P 66 86 2334210382
P 67 86 2317367630
P 68 86 2317367630
P 69 86 2317367630
P 70 86 2317367629
P 71 86 2317367629
P 72 86 2300721228
P 73 86 2300721228
P 74 86 2300721227
P 75 86 2300721227
P 76 86 2300721227
P 77 86 2300786763
P 78 86 2300721227
P 79 86 2300721226
P 80 86 2284140361
P 81 86 2284140361
P 82 86 2284140361
P 83 86 2284140361
P 84 86 2284140361
P 85 86 2284140360
P 86 86 2284140360
P 87 86 2284140360
P 88 86 2267493958
P 89 86 2267493958
P 90 86 2267493958
P 91 86 2267493958
P 92 86 2267493958
P 93 86 2267493958
P 94 86 2267493957
P 95 86 2267493957
P 96 86 2267690563
P 97 86 2267690563
P 98 86 2267690307
P 99 86 2267624771
P 100 86 2267625026
P 101 86 2267625026
P 102 86 2267624770
P 103 86 2267624770
P 104 86 2267821376
P 105 86 2267821376
P 106 86 2267821376
P 107 86 2267821376
P 108 86 2267821376
P 109 86 2284533055
P 110 86 2284533055
P 111 86 2284533055
P 112 86 2284729661
P 113 86 2284795197
P 114 86 2301506876
P 115 86 2301506876
P 116 86 2301506876
P 117 86 2301506876
P 118 86 2301441340
P 119 86 2301441339
P 120 86 2318414906
P 121 86 2318414906
P 122 86 2335192121
P 123 86 2335192121
P 124 86 2335126841
P 125 86 2335192121
P 126 86 2335126585
P 127 86 2335126584
P 128 86 2368943158
P 129 86 2368877622
P 130 86 2385654838
P 131 86 2385589302
P 132 86 2385589302
P 133 86 2385589301
P 134 86 2385589301
P 135 86 2402300981
P 136 86 2452894770
P 137 86 2452829234
P 138 86 2452829234
P 139 86 2452763698
P 140 86 2469540913
P 141 86 2469475377
P 142 86 2469475377
P 143 86 2486252593
P 144 86 2536780847
P 145 86 2536780847
P 146 86 2536715311
P 147 86 2553426990
P 148 86 2553426990
P 149 86 2570204206
P 150 86 2570138670
P 151 86 2586915885
P 152 86 2654221355
P 153 86 2654221355
P 154 86 2654155819
P 155 86 2670867499
P 156 86 2670801962
P 157 86 2687579434
P 158 86 2687513898
P 159 86 2704291114
P 160 86 2788373543
P 161 86 2788308264
P 162 86 2805019943
P 163 86 2804954407
P 164 86 2821731623
P 165 86 2821666087
P 166 86 2838377766
P 167 86 2855154982
P 40 87 2434612309
P 41 87 2434612309
P 42 87 2434612309
P 43 87 2417835092
P 44 87 2417835092
P 45 87 2417835092
P 46 87 2417835092
P 47 87 2417835092
P 48 87 2401123155
P 49 87 2384345939
P 50 87 2384345939
P 51 87 2384345938
P 52 87 2384345938
P 53 87 2384345938
P 54 87 2384345938
P 55 87 2384280402
P 56 87 2367634257
P 57 87 2367634257
P 58 87 2367634257
P 59 87 2350856784
P 60 87 2350856784
P 61 87 2350856784
P 62 87 2350856784
P 63 87 2350856784
P 64 87 2334210638
P 65 87 2334210382
P 66 87 2334144846
P 67 87 2317367630
P 68 87 2317367630
P 69 87 2317367630
P 70 87 2317367629
P 71 87 2317367629
P 72 87 2300721228
P 73 87 2300721228
P 74 87 2300721227
P 75 87 2300721227
P 76 87 2300721227
P 77 87 2300721227
P 78 87 2300721227
P 79 87 2300721226
P 80 87 2284140361
P 81 87 2284140361
P 82 87 2284140361
P 83 87 2284140361
P 84 87 2284140361
P 85 87 2284140360
P 86 87 2284140360
P 87 87 2284140360
P 88 87 2267493958
P 89 87 2267493958
P 90 87 2267493958
P 91 87 2267493958
P 92 87 2267493958
P 93 87 2267493958
P 94 87 2267493957
P 95 87 2267493957
P 96 87 2267690307
P 97 87 2267690563
P 98 87 2267690307
P 99 87 2267690307
P 100 87 2267624770
P 101 87 2267625026
P 102 87 2267624770
P 103 87 2267624770
P 104 87 2267821376
P 105 87 2267821376
P 106 87 2267821376
P 107 87 2267821376
P 108 87 2267821376
P 109 87 2284533055
P 110 87 2284533055
P 111 87 2284533055
P 112 87 2284729405
P 113 87 2284795197
P 114 87 2301506876
P 115 87 2301506876
P 116 87 2301506620
P 117 87 2301506876
P 118 87 2301441340
P 119 87 2301441340
P 120 87 2318414906
P 121 87 2318414906
P 122 87 2335192121
P 123 87 2335192121
P 124 87 2335126585
P 125 87 2335192121
P 126 87 2335126585
P 127 87 2335126584
P 128 87 2368943158
P 129 87 2368877622
P 130 87 2385654838
P 131 87 2385654838
P 132 87 2385589302
P 133 87 2385589301
P 134 87 2385589301
P 135 87 2402300981
P 136 87 2452894770
P 137 87 2452829234
P 138 87 2452829234
P 139 87 2452763698
P 140 87 2469540913
P 141 87 2469475377
P 142 87 2469475378
P 143 87 2486252593
P 144 87 2536780847
P 145 87 2536780847
P 146 87 2536715311
P 147 87 2553492526
P 148 87 2553426990
P 149 87 2570204206
P 150 87 2570138670
P 151 87 2586915885
P 152 87 2654221355
P 153 87 2654221355
P 154 87 2654155819
P 155 87 2670933035
P 156 87 2670801962
P 157 87 2687579178
P 158 87 2687513898
P 159 87 2704291114
P 160 87 2788373544
P 161 87 2788308008
P 162 87 2805019943
P 163 87 2805019943
P 164 87 2821731623
P 165 87 2821666087
P 166 87 2838377766
P 167 87 2855154982
P 40 88 2417835348
P 41 88 2417835348
P 42 88 2417835348
P 43 88 2417835348
P 44 88 2417835348
P 45 88 2417835348
P 46 88 2417835348
P 47 88 2417835348
P 48 88 2384346194
P 49 88 2384346194
P 50 88 2384346194
P 51 88 2384346194
P 52 88 2384346194
P 53 88 2384346194
P 54 88 2367503442
P 55 88 2367503442
P 56 88 2350857040
P 57 88 2350857040
P 58 88 2350857040
P 59 88 2350857040
P 60 88 2350857039
P 61 88 2350857039
P 62 88 2350857039
P 63 88 2334079823
P 64 88 2317433678
P 65 88 2317368142
P 66 88 2317367885
P 67 88 2317367885
P 68 88 2317367885
P 69 88 2317367885
P 70 88 2317367885
P 71 88 2317367885
P 72 88 2300721739
P 73 88 2300787019
P 74 88 2300787019
P 75 88 2300787019
P 76 88 2300787019
P 77 88 2300721483
P 78 88 2283944266
P 79 88 2283944266
P 80 88 2284140873
P 81 88 2284140616
P 82 88 2284140616
P 83 88 2284140616
P 84 88 2284140616
P 85 88 2284140616
P 86 88 2267363400
P 87 88 2267363400
P 88 88 2267494214
P 89 88 2267559750
P 90 88 2267559750
P 91 88 2267494213
P 92 88 2267494213
P 93 88 2267494213
P 94 88 2267494213
P 95 88 2267494469
P 96 88 2267690819
P 97 88 2267690819
P 98 88 2267690819
P 99 88 2267690818
P 100 88 2267690818
P 101 88 2267625282
P 102 88 2267625282
P 103 88 2267625282
P 104 88 2267887424
P 105 88 2267821888
P 106 88 2284599103
P 107 88 2284599103
P 108 88 2284599103
P 109 88 2284533567
P 110 88 2284599102
P 111 88 2284533566
P 112 88 2301572925
P 113 88 2301572924
P 114 88 2301572924
P 115 88 2301507388
P 116 88 2301507388
P 117 88 2301507388
P 118 88 2301507387
P 119 88 2318219067
P 120 88 2335258425
P 121 88 2335258425
P 122 88 2335192889
P 123 88 2335258425
P 124 88 2335192889
P 125 88 2351970104
P 126 88 2351904568
P 127 88 2351904568
P 128 88 2385721142
P 129 88 2385655606
P 130 88 2385655605
P 131 88 2402432821
P 132 88 2402433077
P 133 88 2402367541
P 134 88 2419144756
P 135 88 2419079220
P 136 88 2452895794
P 137 88 2469673010
P 138 88 2469607474
P 139 88 2469607474
P 140 88 2486384689
P 141 88 2486319153
P 142 88 2486253617
P 143 88 2503030833
P 144 88 2553624623
P 145 88 2570336302
P 146 88 2570336558
P 147 88 2570270766
P 148 88 2587047982
P 149 88 2586982445
P 150 88 2586982701
P 151 88 2603694381
P 152 88 2670999851
P 153 88 2670999850
P 154 88 2687711530
P 155 88 2704488746
P 156 88 2704423466
P 157 88 2704357930
P 158 88 2721135146
P 159 88 2737846825
P 160 88 2805152295
P 161 88 2821863975
P 162 88 2838641190
P 163 88 2838575910
P 164 88 2855287590
P 165 88 2855222054
P 166 88 2871933477
P 167 88 2888776485
P 40 89 2417835348
P 41 89 2417835348
P 42 89 2417835348
P 43 89 2417835348
P 44 89 2417835348
P 45 89 2417835348
P 46 89 2417835348
P 47 89 2417835348
P 48 89 2384346194
P 49 89 2384346194
P 50 89 2384346194
P 51 89 2384346194
P 52 89 2384346194
P 53 89 2384346194
P 54 89 2367503442
P 55 89 2367503442
P 56 89 2350857040
P 57 89 2350857040
P 58 89 2350857040
P 59 89 2350857040
P 60 89 2350857039
P 61 89 2350857039
P 62 89 2350857039
P 63 89 2334079823
P 64 89 2317433678
P 65 89 2317368142
P 66 89 2317367885
P 67 89 2317367885
P 68 89 2317367885
P 69 89 2317367885
P 70 89 2317367885
P 71 89 2317367885
P 72 89 2300721739
P 73 89 2300787019
P 74 89 2300787019
P 75 89 2300787019
P 76 89 2300721483
P 77 89 2300721483
P 78 89 2283944266
P 79 89 2283944266
P 80 89 2284140873
P 81 89 2284140616
P 82 89 2284140616
P 83 89 2284140616
P 84 89 2284140616
P 85 89 2284140616
P 86 89 2267363400
P 87 89 2267363400
P 88 89 2267494214
P 89 89 2267559750
P 90 89 2267559750
P 91 89 2267494213
P 92 89 2267494213
P 93 89 2267494213
P 94 89 2267494213
P 95 89 2267494213
P 96 89 2267690819
P 97 89 2267690819
P 98 89 2267690819
P 99 89 2267690818
P 100 89 2267690818
P 101 89 2267690818
P 102 89 2267625282
P 103 89 2267625282
P 104 89 2267887424
P 105 89 2267821888
P 106 89 2284599103
P 107 89 2284599103
P 108 89 2284599103
P 109 89 2284599103
P 110 89 2284599102
P 111 89 2284533566
P 112 89 2301572669
P 113 89 2301572924
P 114 89 2301572924
P 115 89 2301507388
P 116 89 2301507388
P 117 89 2301507388
P 118 89 2301507387
P 119 89 2318219067
P 120 89 2335258425
P 121 89 2335258425
P 122 89 2335192889
P 123 89 2335258425
P 124 89 2335192889
P 125 89 2351970104
P 126 89 2351904568
P 127 89 2351904568
P 128 89 2385721142
P 129 89 2385655606
P 130 89 2385655605
P 131 89 2402432821
P 132 89 2402432821
P 133 89 2402367541
P 134 89 2419144756
P 135 89 2419079220
P 136 89 2452895538
P 137 89 2469673010
P 138 89 2469607474
P 139 89 2469607218
P 140 89 2486384689
P 141 89 2486319153
P 142 89 2486253617
P 143 89 2503030833
P 144 89 2553624623
P 145 89 2570336302
P 146 89 2570336302
P 147 89 2570270766
P 148 89 2587047982
P 149 89 2587047981
P 150 89 2586982445
P 151 89 2603694381
P 152 89 2670999851
P 153 89 2670999850
P 154 89 2687711531
P 155 89 2704488746
P 156 89 2704423210
P 157 89 2704423466
P 158 89 2721135146
P 159 89 2737846825
P 160 89 2805152295
P 161 89 2821863975
P 162 89 2838641190
P 163 89 2838575654
P 164 89 2855287590
P 165 89 2855287590
P 166 89 2871933477
P 167 89 2888776229
P 40 90 2417835348
P 41 90 2417835348
P 42 90 2417835348
P 43 90 2417835348
P 44 90 2417835348
P 45 90 2417835348
P 46 90 2417835348
P 47 90 2417835348
P 48 90 2384346194
P 49 90 2384346194
P 50 90 2384346194
P 51 90 2384346194
P 52 90 2384346194
P 53 90 2384280658
P 54 90 2367503442
P 55 90 2367503442
P 56 90 2350857040
P 57 90 2350857040
P 58 90 2350857040
P 59 90 2350857040
P 60 90 2350857039
P 61 90 2350857039
P 62 90 2350857039
P 63 90 2334079823
P 64 90 2317368142
P 65 90 2317368142
P 66 90 2317367885
P 67 90 2317367885
P 68 90 2317367885
P 69 90 2317367885
P 70 90 2317367885
P 71 90 2317367885
P 72 90 2300721739
P 73 90 2300787019
P 74 90 2300787019
P 75 90 2300721483
P 76 90 2300721483
P 77 90 2300721483
P 78 90 2283944266
P 79 90 2283944266
P 80 90 2284140873
P 81 90 2284140616
P 82 90 2284140616
P 83 90 2284140616
P 84 90 2284140616
P 85 90 2284140616
P 86 90 2267363400
P 87 90 2267363400
P 88 90 2267494214
P 89 90 2267559750
P 90 90 2267559750
P 91 90 2267494213
P 92 90 2267494213
P 93 90 2267494213
P 94 90 2267494213
P 95 90 2267494213
P 96 90 2267690819
P 97 90 2267690819
P 98 90 2267690819
P 99 90 2267690818
P 100 90 2267690818
P 101 90 2267690818
P 102 90 2267625282
P 103 90 2267625282
P 104 90 2267887424
P 105 90 2267821888
P 106 90 2284599103
P 107 90 2284599103
P 108 90 2284599103
P 109 90 2284599103
P 110 90 2284599102
P 111 90 2284533566
P 112 90 2301572669
P 113 90 2301572668
P 114 90 2301572924
P 115 90 2301507388
P 116 90 2301507388
P 117 90 2301507388
P 118 90 2301507387
P 119 90 2318219067
P 120 90 2335258169
P 121 90 2335258425
P 122 90 2335192889
P 123 90 2335258425
P 124 90 2335192889
P 125 90 2351970104
P 126 90 2351970104
P 127 90 2351904568
P 128 90 2385721142
P 129 90 2385655606
P 130 90 2385655605
P 131 90 2402432821
P 132 90 2402432821
P 133 90 2402367285
P 134 90 2419144756
P 135 90 2419079221
P 136 90 2452895538
P 137 90 2469672754
P 138 90 2469607474
P 139 90 2469607218
P 140 90 2486384433
P 141 90 2486319153
P 142 90 2486319153
P 143 90 2503030833
P 144 90 2553624367
P 145 90 2570336302
P 146 90 2570336302
P 147 90 2570270766
P 148 90 2587047982
P 149 90 2587047981
P 150 90 2586982445
P 151 90 2603694381
P 152 90 2670999851
P 153 90 2670999851
P 154 90 2687711531
P 155 90 2704488746
P 156 90 2704423210
P 157 90 2704423210
P 158 90 2721135146
P 159 90 2737846825
P 160 90 2805152039
P 161 90 2821863975
P 162 90 2838641190
P 163 90 2838575654
P 164 90 2855287334
P 165 90 2855287590
P 166 90 2871999013
P 167 90 2888776230
P 40 91 2417835348
P 41 91 2417835348
P 42 91 2417835348
P 43 91 2417835348
P 44 91 2417835348
P 45 91 2417835348
P 46 91 2417835348
P 47 91 2417835348
P 48 91 2384346194
P 49 91 2384346194
P 50 91 2384346194
P 51 91 2384346194
P 52 91 2384280658
P 53 91 2384280658
P 54 91 2367503442
P 55 91 2367503442
P 56 91 2350857040
P 57 91 2350857040
P 58 91 2350857040
P 59 91 2350857040
P 60 91 2350857039
P 61 91 2350857039
P 62 91 2350857039
P 63 91 2334079823
P 64 91 2317368142
P 65 91 2317368142
P 66 91 2317367885
P 67 91 2317367885
P 68 91 2317367885
P 69 91 2317367885
P 70 91 2317367885
P 71 91 2317367885
P 72 91 2300721739
P 73 91 2300787019
P 74 91 2300787019
P 75 91 2300721483
P 76 91 2300721483
P 77 91 2300721483
P 78 91 2283944266
P 79 91 2283944266
P 80 91 2284140873
P 81 91 2284140616
P 82 91 2284140616
P 83 91 2284140616
P 84 91 2284140616
P 85 91 2284140616
P 86 91 2267363400
P 87 91 2267363400
P 88 91 2267494214
P 89 91 2267559750
P 90 91 2267559750
P 91 91 2267494213
P 92 91 2267494213
P 93 91 2267494213
P 94 91 2267494213
P 95 91 2267494213
P 96 91 2267690819
P 97 91 2267690819
P 98 91 2267690819
P 99 91 2267690818
P 100 91 2267690818
P 101 91 2267690818
P 102 91 2267625282
P 103 91 2267625282
P 104 91 2267887424
P 105 91 2267821888
P 106 91 2284599103
P 107 91 2284599103
P 108 91 2284599103
P 109 91 2284599103
P 110 91 2284599103
P 111 91 2284599102
P 112 91 2301572669
P 113 91 2301572668
P 114 91 2301572668
P 115 91 2301507388
P 116 91 2301507388
P 117 91 2301507388
P 118 91 2301507387
P 119 91 2318284603
P 120 91 2335258169
P 121 91 2335258169
P 122 91 2335192889
P 123 91 2335258425
P 124 91 2335192889
P 125 91 2351970104
P 126 91 2351970104
P 127 91 2351904568
P 128 91 2385721142
P 129 91 2385655606
P 130 91 2385655605
P 131 91 2402432821
P 132 91 2402432821
P 133 91 2402367285
P 134 91 2419144501
P 135 91 2419144757
P 136 91 2452895538
P 137 91 2469672754
P 138 91 2469607218
P 139 91 2469607218
P 140 91 2486384433
P 141 91 2486318897
P 142 91 2486319153
P 143 91 2503030833
P 144 91 2553624367
P 145 91 2570336046
P 146 91 2570336302
P 147 91 2570270766
P 148 91 2587047982
P 149 91 2587047981
P 150 91 2586982445
P 151 91 2603759661
P 152 91 2670999851
P 153 91 2670999851
P 154 91 2687711275
P 155 91 2704488746
P 156 91 2704423210
P 157 91 2704423210
P 158 91 2721134890
P 159 91 2737912361
P 160 91 2805152039
P 161 91 2821863719
P 162 91 2838641190
P 163 91 2838575654
P 164 91 2855287334
P 165 91 2855287334
P 166 91 2871999014
P 167 91 2888776230
P 40 92 2417835348
P 41 92 2417835348
P 42 92 2417835348
P 43 92 2417835348
P 44 92 2417835348
P 45 92 2417835348
P 46 92 2417835348
P 47 92 2417835348
P 48 92 2384346194
P 49 92 2384346194
P 50 92 2384346194
P 51 92 2384346194
P 52 92 2384280658
P 53 92 2384280658
P 54 92 2367503442
P 55 92 2367503442
P 56 92 2350857040
P 57 92 2350857040
P 58 92 2350857040
P 59 92 2350857040
P 60 92 2350857039
P 61 92 2350857039
P 62 92 2350857039
P 63 92 2334079823
P 64 92 2317368142
P 65 92 2317368142
P 66 92 2317367885
P 67 92 2317367885
P 68 92 2317367885
P 69 92 2317367885
P 70 92 2317367885
P 71 92 2317367885
P 72 92 2300721739
P 73 92 2300787275
P 74 92 2300721739
P 75 92 2300721483
P 76 92 2300721483
P 77 92 2300721483
P 78 92 2283944266
P 79 92 2283944266
P 80 92 2284140873
P 81 92 2284140616
P 82 92 2284140616
P 83 92 2284140616
P 84 92 2284140616
P 85 92 2284075080
P 86 92 2267363400
P 87 92 2267363400
P 88 92 2267494214
P 89 92 2267559750
P 90 92 2267494214
P 91 92 2267494213
P 92 92 2267494213
P 93 92 2267494213
P 94 92 2267494213
P 95 92 2267494213
P 96 92 2267690819
P 97 92 2267690819
P 98 92 2267690819
P 99 92 2267690818
P 100 92 2267690818
P 101 92 2267690818
P 102 92 2267625282
P 103 92 2267625282
P 104 92 2267887168
P 105 92 2267821888
P 106 92 2284599103
P 107 92 2284599104
P 108 92 2284598847
P 109 92 2284599103
P 110 92 2284599103
P 111 92 2284599102
P 112 92 2301572669
P 113 92 2301572668
P 114 92 2301572668
P 115 92 2301507132
P 116 92 2301507388
P 117 92 2301507388
P 118 92 2301507387
P 119 92 2318284603
P 120 92 2335258169
P 121 92 2335258169
P 122 92 2335192889
P 123 92 2335258425
P 124 92 2335192889
P 125 92 2351970104
P 126 92 2351970104
P 127 92 2351904568
P 128 92 2385720886
P 129 92 2385655606
P 130 92 2385655605
P 131 92 2402432821
P 132 92 2402432821
P 133 92 2402367285
P 134 92 2419144501
P 135 92 2419144501
P 136 92 2452895538
P 137 92 2469672754
P 138 92 2469607218
P 139 92 2469607218
P 140 92 2486384433
P 141 92 2486318897
P 142 92 2486319153
P 143 92 2503030833
P 144 92 2553624367
P 145 92 2570336046
P 146 92 2570336302
P 147 92 2570270766
P 148 92 2587047982
P 149 92 2587047981
P 150 92 2586982445
P 151 92 2603759661
P 152 92 2671065131
P 153 92 2670999851
P 154 92 2687711275
P 155 92 2704488490
P 156 92 2704423210
P 157 92 2704423210
P 158 92 2721134890
P 159 92 2737912105
P 160 92 2805152039
P 161 92 2821863719
P 162 92 2838641190
P 163 92 2838575655
P 164 92 2855287335
P 165 92 2855287334
P 166 92 2871999014
P 167 92 2888776230
P 40 93 2417835348
P 41 93 2417835348
P 42 93 2417835348
P 43 93 2417835348
P 44 93 2417835348
P 45 93 2417835348
P 46 93 2417835348
P 47 93 2417835348
P 48 93 2384346194
P 49 93 2384346194
P 50 93 2384346194
P 51 93 2384280658
P 52 93 2384280658
P 53 93 2384280658
P 54 93 2367503442
P 55 93 2367503442
P 56 93 2350857040
P 57 93 2350857040
P 58 93 2350857040
P 59 93 2350857040
P 60 93 2350857039
P 61 93 2350857039
P 62 93 2350857039
P 63 93 2334079823
P 64 93 2317368142
P 65 93 2317368142
P 66 93 2317367885
P 67 93 2317367885
P 68 93 2317367885
P 69 93 2317367885
P 70 93 2317367885
P 71 93 2317367885
P 72 93 2300721739
P 73 93 2300787275
P 74 93 2300721739
P 75 93 2300721739
P 76 93 2300721483
P 77 93 2300721483
P 78 93 2283944266
P 79 93 2283944266
P 80 93 2284140873
P 81 93 2284140616
P 82 93 2284140616
P 83 93 2284140616
P 84 93 2284140616
P 85 93 2284075080
P 86 93 2267363400
P 87 93 2267363400
P 88 93 2267494214
P 89 93 2267559750
P 90 93 2267494214
P 91 93 2267494213
P 92 93 2267494213
P 93 93 2267494213
P 94 93 2267494213
P 95 93 2267494213
P 96 93 2267690819
P 97 93 2267690819
P 98 93 2267690819
P 99 93 2267690818
P 100 93 2267690818
P 101 93 2267690818
P 102 93 2267625282
P 103 93 2267625282
P 104 93 2267887168
P 105 93 2267887168
P 106 93 2284599104
P 107 93 2284599104
P 108 93 2284598847
P 109 93 2284598847
P 110 93 2284599103
P 111 93 2284599102
P 112 93 2301572669
P 113 93 2301572668
P 114 93 2301572668
P 115 93 2301507132
P 116 93 2301507132
P 117 93 2301507388
P 118 93 2301507387
P 119 93 2318284603
P 120 93 2335258169
P 121 93 2335258169
P 122 93 2335192633
P 123 93 2335258425
P 124 93 2335192889
P 125 93 2351970104
P 126 93 2351970104
P 127 93 2351904568
P 128 93 2385720886
P 129 93 2385720886
P 130 93 2385655606
P 131 93 2402432821
P 132 93 2402432821
P 133 93 2402367285
P 134 93 2419144501
P 135 93 2419144501
P 136 93 2452895538
P 137 93 2469672754
P 138 93 2469607218
P 139 93 2469607218
P 140 93 2486384433
P 141 93 2486318897
P 142 93 2486318897
P 143 93 2503030833
P 144 93 2553624367
P 145 93 2570401582
P 146 93 2570336046
P 147 93 2570270766
P 148 93 2587047982
P 149 93 2587047981
P 150 93 2586982445
P 151 93 2603759661
P 152 93 2671065131
P 153 93 2671065131
P 154 93 2687711275
P 155 93 2704488490
P 156 93 2704422954
P 157 93 2704423210
P 158 93 2721134890
P 159 93 2737912105
P 160 93 2805152040
P 161 93 2821929255
P 162 93 2838640935
P 163 93 2838575655
P 164 93 2855287335
P 165 93 2855287334
P 166 93 2871999014
P 167 93 2888776230
P 40 94 2417835348
P 41 94 2417835348
P 42 94 2417835348
P 43 94 2417835348
P 44 94 2417835348
P 45 94 2417835348
P 46 94 2417835348
P 47 94 2417835348
P 48 94 2384346194
P 49 94 2384346194
P 50 94 2384346194
P 51 94 2384280658
P 52 94 2384280658
P 53 94 2384280658
P 54 94 2367503442
P 55 94 2367503442
P 56 94 2350857296
P 57 94 2350857296
P 58 94 2350857040
P 59 94 2350857040
P 60 94 2350857039
P 61 94 2350857039
P 62 94 2350857039
P 63 94 2334079823
P 64 94 2317368142
P 65 94 2317368142
P 66 94 2317367885
P 67 94 2317367885
P 68 94 2317367885
P 69 94 2317367885
P 70 94 2317367885
P 71 94 2317367885
P 72 94 2300721739
P 73 94 2300721739
P 74 94 2300721739
P 75 94 2300721739
P 76 94 2300721739
P 77 94 2300721739
P 78 94 2283944266
P 79 94 2283944266
P 80 94 2284140873
P 81 94 2284140616
P 82 94 2284140616
P 83 94 2284140616
P 84 94 2284075080
P 85 94 2284075080
P 86 94 2267363400
P 87 94 2267363400
P 88 94 2267494470
P 89 94 2267494470
P 90 94 2267494214
P 91 94 2267494213
P 92 94 2267494213
P 93 94 2267494213
P 94 94 2267494213
P 95 94 2267494213
P 96 94 2267690819
P 97 94 2267690819
P 98 94 2267690819
P 99 94 2267690562
P 100 94 2267690818
P 101 94 2267690818
P 102 94 2267625282
P 103 94 2267625282
P 104 94 2267887168
P 105 94 2267887168
P 106 94 2284598848
P 107 94 2284599104
P 108 94 2284598847
P 109 94 2284598847
P 110 94 2284598847
P 111 94 2284599102
P 112 94 2301572669
P 113 94 2301572668
P 114 94 2301572668
P 115 94 2301507132
P 116 94 2301507132
P 117 94 2301507388
P 118 94 2301507387
P 119 94 2318284347
P 120 94 2335258169
P 121 94 2335258169
P 122 94 2335258169
P 123 94 2335258169
P 124 94 2335192889
P 125 94 2351970104
P 126 94 2351969848
P 127 94 2351904568
P 128 94 2385720886
P 129 94 2385720886
P 130 94 2385655350
P 131 94 2402432821
P 132 94 2402432821
P 133 94 2402367285
P 134 94 2419144501
P 135 94 2419144501
P 136 94 2452895538
P 137 94 2469672754
P 138 94 2469672754
P 139 94 2469607218
P 140 94 2486384433
P 141 94 2486318897
P 142 94 2486318897
P 143 94 2503030577
P 144 94 2553624367
P 145 94 2570401582
P 146 94 2570336046
P 147 94 2570270510
P 148 94 2587047982
P 149 94 2587047981
P 150 94 2586982445
P 151 94 2603759661
P 152 94 2671065131
P 153 94 2671065131
P 154 94 2687776811
P 155 94 2704488490
P 156 94 2704422954
P 157 94 2704423210
P 158 94 2721134890
P 159 94 2737912105
P 160 94 2805152040
P 161 94 2821929255
P 162 94 2838640935
P 163 94 2838575399
P 164 94 2855287335
P 165 94 2855287334
P 166 94 2871999014
P 167 94 2888776230
P 40 95 2417835348
P 41 95 2417835348
P 42 95 2417835348
P 43 95 2417835348
P 44 95 2417835348
P 45 95 2417835348
P 46 95 2417835348
P 47 95 2417835348
P 48 95 2384346194
P 49 95 2384346194
P 50 95 2384346194
P 51 95 2384280658
P 52 95 2384280658
P 53 95 2384280658
P 54 95 2367503442
P 55 95 2367503442
P 56 95 2350857296
P 57 95 2350857296
P 58 95 2350857296
P 59 95 2350857040
P 60 95 2350857039
P 61 95 2350857039
P 62 95 2350857039
P 63 95 2334079823
P 64 95 2317368142
P 65 95 2317368142
P 66 95 2317368141
P 67 95 2317367885
P 68 95 2317367885
P 69 95 2317367885
P 70 95 2317367885
P 71 95 2317367885
P 72 95 2300721739
P 73 95 2300721739
P 74 95 2300721739
P 75 95 2300721738
P 76 95 2300721739
P 77 95 2300721739
P 78 95 2283944266
P 79 95 2283944266
P 80 95 2284140873
P 81 95 2284140616
P 82 95 2284140616
P 83 95 2284140616
P 84 95 2284075080
P 85 95 2284075080
P 86 95 2267363400
P 87 95 2267363400
P 88 95 2267494470
P 89 95 2267494470
P 90 95 2267494470
P 91 95 2267494213
P 92 95 2267494213
P 93 95 2267494213
P 94 95 2267494213
P 95 95 2267494213
P 96 95 2267690563
P 97 95 2267690819
P 98 95 2267690819
P 99 95 2267690562
P 100 95 2267690562
P 101 95 2267690818
P 102 95 2267625282
P 103 95 2267625282
P 104 95 2267887168
P 105 95 2267887168
P 106 95 2284598848
P 107 95 2284598848
P 108 95 2284598847
P 109 95 2284598847
P 110 95 2284598847
P 111 95 2284598846
P 112 95 2301572669
P 113 95 2301572668
P 114 95 2301572668
P 115 95 2301572668
P 116 95 2301507132
P 117 95 2301507132
P 118 95 2301507387
P 119 95 2318284347
P 120 95 2335258169
P 121 95 2335258169
P 122 95 2335258169
P 123 95 2335258169
P 124 95 2335192633
P 125 95 2351970104
P 126 95 2351969848
P 127 95 2351904312
P 128 95 2385720886
P 129 95 2385720886
P 130 95 2385655350
P 131 95 2402432565
P 132 95 2402432821
P 133 95 2402367285
P 134 95 2419144501
P 135 95 2419144501
P 136 95 2452895538
P 137 95 2469672498
P 138 95 2469672754
P 139 95 2469607218
P 140 95 2486384433
P 141 95 2486318897
P 142 95 2486318897
P 143 95 2503030577
P 144 95 2553624367
P 145 95 2570401582
P 146 95 2570336046
P 147 95 2570336046
P 148 95 2587047726
P 149 95 2587047981
P 150 95 2586982445
P 151 95 2603759661
P 152 95 2671065131
P 153 95 2671065131
P 154 95 2687776811
P 155 95 2704554026
P 156 95 2704422954
P 157 95 2704422954
P 158 95 2721134890
P 159 95 2737912105
P 160 95 2805152040
P 161 95 2821929255
P 162 95 2838640935
P 163 95 2838640935
P 164 95 2855287079
P 165 95 2855287334
P 166 95 2871999014
P 167 95 2888776230
P 40 96 2417835604
P 41 96 2417835604
P 42 96 2417835604
P 43 96 2417835604
P 44 96 2417835604
P 45 96 2400992595
P 46 96 2400992595
P 47 96 2400992595
P 48 96 2384346450
P 49 96 2384280914
P 50 96 2367503698
P 51 96 2367503698
P 52 96 2367503698
P 53 96 2367503697
P 54 96 2367503697
P 55 96 2367503697
P 56 96 2350857552
P 57 96 2350857295
P 58 96 2350857295
P 59 96 2334080079
P 60 96 2334080079
P 61 96 2334080079
P 62 96 2334080079
P 63 96 2334080079
P 64 96 2317368397
P 65 96 2317368397
P 66 96 2317368397
P 67 96 2317368397
P 68 96 2317368397
P 69 96 2317368141
P 70 96 2317368140
P 71 96 2317368140
P 72 96 2300721995
P 73 96 2300721995
P 74 96 2283944778
P 75 96 2283944778
P 76 96 2283944778
P 77 96 2283944522
P 78 96 2283944522
P 79 96 2283944522
P 80 96 2284141128
P 81 96 2284141128
P 82 96 2267363912
P 83 96 2267363912
P 84 96 2267363911
P 85 96 2267363911
P 86 96 2267363655
P 87 96 2267363655
P 88 96 2267494725
P 89 96 2267494725
P 90 96 2267494725
P 91 96 2267494725
P 92 96 2267494725
P 93 96 2267494724
P 94 96 2267494724
P 95 96 2267494724
P 96 96 2267756610
P 97 96 2267691074
P 98 96 2267691074
P 99 96 2267691074
P 100 96 2267691074
P 101 96 2267691074
P 102 96 2267691074
P 103 96 2267691073
P 104 96 2284664896
P 105 96 2284664895
P 106 96 2284664895
P 107 96 2284664895
P 108 96 2284599358
P 109 96 2284599358
P 110 96 2284599358
P 111 96 2284599614
P 112 96 2301573180
P 113 96 2301573180
P 114 96 2301573180
P 115 96 2301573436
P 116 96 2318350651
P 117 96 2318284859
P 118 96 2318285115
P 119 96 2318285115
P 120 96 2335258937
P 121 96 2352036153
P 122 96 2352036153
P 123 96 2352036152
P 124 96 2352036152
P 125 96 2351970616
P 126 96 2368748088
P 127 96 2368748088
P 128 96 2402498869
P 129 96 2402498869
P 130 96 2402499125
P 131 96 2419210805
P 132 96 2419276340
P 133 96 2419210804
P 134 96 2419145268
P 135 96 2435922484
P 136 96 2469739058
P 137 96 2486450738
P 138 96 2486450993
P 139 96 2486385457
P 140 96 2503162673
P 141 96 2503162673
P 142 96 2503097136
P 143 96 2503097136
P 144 96 2570402607
P 145 96 2587179822
P 146 96 2587179822
P 147 96 2587114542
P 148 96 2603891758
P 149 96 2603826221
P 150 96 2620603437
P 151 96 2620537901
P 152 96 2704620842
P 153 96 2704620843
P 154 96 2704555307
P 155 96 2721332522
P 156 96 2738044202
P 157 96 2737978666
P 158 96 2737913386
P 159 96 2754690601
P 160 96 2855550503
P 161 96 2855484967
P 162 96 2855485222
P 163 96 2872196902
P 164 96 2888908582
P 165 96 2905620261
P 166 96 2905554725
P 167 96 2905554982
P 40 97 2417835604
P 41 97 2417835604
P 42 97 2417835604
P 43 97 2417835604
P 44 97 2417835604
P 45 97 2400992595
P 46 97 2400992595
P 47 97 2400992595
P 48 97 2384346450
P 49 97 2384280914
P 50 97 2367503698
P 51 97 2367503698
P 52 97 2367503698
P 53 97 2367503697
P 54 97 2367503697
P 55 97 2367503697
P 56 97 2350857552
P 57 97 2350857295
P 58 97 2350857295
P 59 97 2334080079
P 60 97 2334080079
P 61 97 2334080079
P 62 97 2334080079
P 63 97 2334080079
P 64 97 2317368397
P 65 97 2317368397
P 66 97 2317368397
P 67 97 2317368397
P 68 97 2317368397
P 69 97 2317368397
P 70 97 2317368140
P 71 97 2317368140
P 72 97 2300721995
P 73 97 2300721995
P 74 97 2283944778
P 75 97 2283944778
P 76 97 2283944778
P 77 97 2283944778
P 78 97 2283944522
P 79 97 2283944522
P 80 97 2284141128
P 81 97 2284141128
P 82 97 2267363912
P 83 97 2267363912
P 84 97 2267363911
P 85 97 2267363911
P 86 97 2267363655
P 87 97 2267298119
P 88 97 2267494725
P 89 97 2267494725
P 90 97 2267494725
P 91 97 2267494725
P 92 97 2267494725
P 93 97 2267494724
P 94 97 2267494724
P 95 97 2267494724
P 96 97 2267756610
P 97 97 2267691074
P 98 97 2267691074
P 99 97 2267691074
P 100 97 2267691074
P 101 97 2267691074
P 102 97 2267691074
P 103 97 2267691073
P 104 97 2284664896
P 105 97 2284664895
P 106 97 2284664895
P 107 97 2284664895
P 108 97 2284599358
P 109 97 2284599358
P 110 97 2284599358
P 111 97 2284599358
P 112 97 2301573180
P 113 97 2301573180
P 114 97 2301573180
P 115 97 2301573180
P 116 97 2318350651
P 117 97 2318350395
P 118 97 2318284859
P 119 97 2318285115
P 120 97 2335258681
P 121 97 2352036153
P 122 97 2352036153
P 123 97 2352036152
P 124 97 2352036152
P 125 97 2352036152
P 126 97 2368747832
P 127 97 2368748088
P 128 97 2402498869
P 129 97 2402498869
P 130 97 2402498869
P 131 97 2419210805
P 132 97 2419276084
P 133 97 2419210804
P 134 97 2419145268
P 135 97 2435922484
P 136 97 2469739058
P 137 97 2486450738
P 138 97 2486450737
P 139 97 2486385457
P 140 97 2503162673
P 141 97 2503162673
P 142 97 2503097136
P 143 97 2503097136
P 144 97 2570402607
P 145 97 2587179822
P 146 97 2587179822
P 147 97 2587114286
P 148 97 2603891758
P 149 97 2603826221
P 150 97 2620603437
P 151 97 2620537901
P 152 97 2704620587
P 153 97 2704620843
P 154 97 2704555307
P 155 97 2721332522
P 156 97 2738044202
P 157 97 2738044202
P 158 97 2737913130
P 159 97 2754690601
P 160 97 2855550503
P 161 97 2855484967
P 162 97 2855484966
P 163 97 2872196902
P 164 97 2888908582
P 165 97 2905685798
P 166 97 2905554726
P 167 97 2905554726
P 40 98 2417835604
P 41 98 2417835604
P 42 98 2417835604
P 43 98 2417835604
P 44 98 2417835604
P 45 98 2400992595
P 46 98 2400992595
P 47 98 2400992595
P 48 98 2384280914
P 49 98 2384280914
P 50 98 2367503698
P 51 98 2367503698
P 52 98 2367503698
P 53 98 2367503697
P 54 98 2367503697
P 55 98 2367503697
P 56 98 2350857552
P 57 98 2350857295
P 58 98 2350857295
P 59 98 2334080079
P 60 98 2334080079
P 61 98 2334080079
P 62 98 2334080079
P 63 98 2334080079
P 64 98 2317368397
P 65 98 2317368397
P 66 98 2317368397
P 67 98 2317368397
P 68 98 2317368397
P 69 98 2317368397
P 70 98 2317368396
P 71 98 2317368396
P 72 98 2300721995
P 73 98 2300721995
P 74 98 2283944778
P 75 98 2283944778
P 76 98 2283944778
P 77 98 2283944778
P 78 98 2283944778
P 79 98 2283944778
P 80 98 2284141128
P 81 98 2284141128
P 82 98 2267363912
P 83 98 2267363912
P 84 98 2267363911
P 85 98 2267363911
P 86 98 2267363911
P 87 98 2267298375
P 88 98 2267494725
P 89 98 2267494725
P 90 98 2267494725
P 91 98 2267494725
P 92 98 2267494725
P 93 98 2267494724
P 94 98 2267494724
P 95 98 2267494724
P 96 98 2267691074
P 97 98 2267691074
P 98 98 2267691074
P 99 98 2267691074
P 100 98 2267691074
P 101 98 2267691074
P 102 98 2267691074
P 103 98 2267691073
P 104 98 2284664896
P 105 98 2284664895
P 106 98 2284664895
P 107 98 2284664895
P 108 98 2284599358
P 109 98 2284599358
P 110 98 2284599358
P 111 98 2284599358
P 112 98 2301573180
P 113 98 2301573180
P 114 98 2301573180
P 115 98 2301573180
P 116 98 2318350395
P 117 98 2318350395
P 118 98 2318284859
P 119 98 2318285115
P 120 98 2335258681
P 121 98 2352035897
P 122 98 2352036153
P 123 98 2352036152
P 124 98 2352036152
P 125 98 2352036152
P 126 98 2368747832
P 127 98 2368748088
P 128 98 2402498869
P 129 98 2402498869
P 130 98 2402498869
P 131 98 2419210805
P 132 98 2419276084
P 133 98 2419210548
P 134 98 2419210804
P 135 98 2435922484
P 136 98 2469739058
P 137 98 2486450738
P 138 98 2486450737
P 139 98 2486385457
P 140 98 2503162673
P 141 98 2503162673
P 142 98 2503162672
P 143 98 2503097136
P 144 98 2570402607
P 145 98 2587179822
P 146 98 2587179822
P 147 98 2587114286
P 148 98 2603891502
P 149 98 2603826221
P 150 98 2620603437
P 151 98 2620537901
P 152 98 2704620587
P 153 98 2704620587
P 154 98 2704555307
P 155 98 2721332522
P 156 98 2738044202
P 157 98 2738044202
P 158 98 2737978666
P 159 98 2754690601
P 160 98 2855550503
P 161 98 2855484967
P 162 98 2855484967
P 163 98 2872196903
P 164 98 2888908582
P 165 98 2905685798
P 166 98 2905620262
P 167 98 2905554726
P 40 99 2417835604
P 41 99 2417835604
P 42 99 2417835604
P 43 99 2417835604
P 44 99 2417835604
P 45 99 2400992595
P 46 99 2400992595
P 47 99 2400992595
P 48 99 2384280914
P 49 99 2384280914
P 50 99 2367503698
P 51 99 2367503698
P 52 99 2367503698
P 53 99 2367503697
P 54 99 2367503697
P 55 99 2367503697
P 56 99 2350857552
P 57 99 2350857295
P 58 99 2350857295
P 59 99 2334080079
P 60 99 2334080079
P 61 99 2334080079
P 62 99 2334080079
P 63 99 2334080079
P 64 99 2317368397
P 65 99 2317368397
P 66 99 2317368397
P 67 99 2317368397
P 68 99 2317368397
P 69 99 2317368397
P 70 99 2317368396
P 71 99 2317368396
P 72 99 2300721995
P 73 99 2300721995
P 74 99 2283944778
P 75 99 2283944778
P 76 99 2283944778
P 77 99 2283944778
P 78 99 2283944778
P 79 99 2283944778
P 80 99 2284141128
P 81 99 2284075592
P 82 99 2267363912
P 83 99 2267363912
P 84 99 2267363911
P 85 99 2267363911
P 86 99 2267298375
P 87 99 2267298375
P 88 99 2267494725
P 89 99 2267494725
P 90 99 2267494725
P 91 99 2267494725
P 92 99 2267494725
P 93 99 2267494724
P 94 99 2267494724
P 95 99 2267494724
P 96 99 2267691074
P 97 99 2267691074
P 98 99 2267691074
P 99 99 2267691074
P 100 99 2267691074
P 101 99 2267691074
P 102 99 2267691074
P 103 99 2267691073
P 104 99 2284664896
P 105 99 2284664895
P 106 99 2284664895
P 107 99 2284664895
P 108 99 2284599358
P 109 99 2284599358
P 110 99 2284599358
P 111 99 2284599358
P 112 99 2301573180
P 113 99 2301573180
P 114 99 2301573180
P 115 99 2301573180
P 116 99 2318350395
P 117 99 2318350395
P 118 99 2318284859
P 119 99 2318284859
P 120 99 2335258681
P 121 99 2352035897
P 122 99 2352035897
P 123 99 2352036152
P 124 99 2352036152
P 125 99 2352036152
P 126 99 2368747832
P 127 99 2368747832
P 128 99 2402498869
P 129 99 2402498869
P 130 99 2402498869
P 131 99 2419210549
P 132 99 2419276084
P 133 99 2419210549
P 134 99 2419210548
P 135 99 2435922484
P 136 99 2469739058
P 137 99 2486450738
P 138 99 2486450737
P 139 99 2486385201
P 140 99 2503162673
P 141 99 2503162673
P 142 99 2503162416
P 143 99 2503097136
P 144 99 2570402607
P 145 99 2587179822
P 146 99 2587179822
P 147 99 2587114286
P 148 99 2603891502
P 149 99 2603825965
P 150 99 2620603437
P 151 99 2620603437
P 152 99 2704620587
P 153 99 2704620587
P 154 99 2704555051
P 155 99 2721332522
P 156 99 2738044202
P 157 99 2738044202
P 158 99 2737978666
P 159 99 2754755881
P 160 99 2855550503
P 161 99 2855484967
P 162 99 2855484967
P 163 99 2872196647
P 164 99 2888908582
P 165 99 2905685798
P 166 99 2905620262
P 167 99 2905554726
P 40 100 2417835604
P 41 100 2417835604
P 42 100 2417835604
P 43 100 2417835604
P 44 100 2417835604
P 45 100 2400992851
P 46 100 2400992851
P 47 100 2400992595
P 48 100 2384280914
P 49 100 2384280914
P 50 100 2367503698
P 51 100 2367503698
P 52 100 2367503698
P 53 100 2367503697
P 54 100 2367503697
P 55 100 2367503697
P 56 100 2350857552
P 57 100 2350857551
P 58 100 2350857551
P 59 100 2334080079
P 60 100 2334080079
P 61 100 2334080079
P 62 100 2334080079
P 63 100 2334080079
P 64 100 2317368397
P 65 100 2317368397
P 66 100 2317368397
P 67 100 2317368397
P 68 100 2317368397
P 69 100 2317368397
P 70 100 2317368396
P 71 100 2317368396
P 72 100 2300721995
P 73 100 2300721995
P 74 100 2283944778
P 75 100 2283944778
P 76 100 2283944778
P 77 100 2283944778
P 78 100 2283944778
P 79 100 2283944778
P 80 100 2284141128
P 81 100 2284075592
P 82 100 2267363912
P 83 100 2267363912
P 84 100 2267363911
P 85 100 2267298375
P 86 100 2267298375
P 87 100 2267298375
P 88 100 2267494725
P 89 100 2267494725
P 90 100 2267494725
P 91 100 2267494725
P 92 100 2267494725
P 93 100 2267494724
P 94 100 2267494724
P 95 100 2267494724
P 96 100 2267691074
P 97 100 2267691074
P 98 100 2267691074
P 99 100 2267691074
P 100 100 2267691074
P 101 100 2267691074
P 102 100 2267691074
P 103 100 2267691073
P 104 100 2284664896
P 105 100 2284664895
P 106 100 2284664895
P 107 100 2284664895
P 108 100 2284599358
P 109 100 2284599358
P 110 100 2284599358
P 111 100 2284599358
P 112 100 2301573180
P 113 100 2301573180
P 114 100 2301573180
P 115 100 2301573180
P 116 100 2318350395
P 117 100 2318350395
P 118 100 2318284859
P 119 100 2318284859
P 120 100 2335324217
P 121 100 2352035897
P 122 100 2352035897
P 123 100 2352035896
P 124 100 2352036152
P 125 100 2352036152
P 126 100 2368747832
P 127 100 2368747832
P 128 100 2402564405
P 129 100 2402498869
P 130 100 2402498869
P 131 100 2419210549
P 132 100 2419276085
P 133 100 2419210549
P 134 100 2419210548
P 135 100 2435922228
P 136 100 2469739058
P 137 100 2486450738
P 138 100 2486450737
P 139 100 2486385201
P 140 100 2503162417
P 141 100 2503162673
P 142 100 2503162416
P 143 100 2503096880
P 144 100 2570402607
P 145 100 2587179822
P 146 100 2587179822
P 147 100 2587114286
P 148 100 2603891502
P 149 100 2603825965
P 150 100 2620603437
P 151 100 2620603437
P 152 100 2704620587
P 153 100 2704620587
P 154 100 2704555051
P 155 100 2721332266
P 156 100 2738044202
P 157 100 2738044202
P 158 100 2737978666
P 159 100 2754755881
P 160 100 2855550247
P 161 100 2855484967
P 162 100 2855484967
P 163 100 2872196647
P 164 100 2888908326
P 165 100 2905685798
P 166 100 2905620262
P 167 100 2905554726
P 40 101 2417835604
P 41 101 2417835604
P 42 101 2417835604
P 43 101 2417835604
P 44 101 2417835604
P 45 101 2400992851
P 46 101 2400992851
P 47 101 2400992851
P 48 101 2384280914
P 49 101 2384280914
P 50 101 2367503698
P 51 101 2367503698
P 52 101 2367503698
P 53 101 2367503697
P 54 101 2367503697
P 55 101 2367503697
P 56 101 2350857552
P 57 101 2350857551
P 58 101 2350857551
P 59 101 2334080335
P 60 101 2334080079
P 61 101 2334080079
P 62 101 2334080079
P 63 101 2334080079
P 64 101 2317368397
P 65 101 2317368397
P 66 101 2317368397
P 67 101 2317368397
P 68 101 2317368397
P 69 101 2317368397
P 70 101 2317368396
P 71 101 2317368396
P 72 101 2300721995
P 73 101 2300721995
P 74 101 2283944778
P 75 101 2283944778
P 76 101 2283944778
P 77 101 2283944778
P 78 101 2283944778
P 79 101 2283944778
P 80 101 2284075592
P 81 101 2284075592
P 82 101 2267363912
P 83 101 2267363912
P 84 101 2267363911
P 85 101 2267298375
P 86 101 2267298375
P 87 101 2267298375
P 88 101 2267494725
P 89 101 2267494725
P 90 101 2267494725
P 91 101 2267494725
P 92 101 2267494725
P 93 101 2267494724
P 94 101 2267494724
P 95 101 2267494724
P 96 101 2267691074
P 97 101 2267691074
P 98 101 2267691074
P 99 101 2267691074
P 100 101 2267691074
P 101 101 2267691074
P 102 101 2267691074
P 103 101 2267691073
P 104 101 2284664640
P 105 101 2284664895
P 106 101 2284664639
P 107 101 2284664895
P 108 101 2284599358
P 109 101 2284599358
P 110 101 2284599359
P 111 101 2284599358
P 112 101 2301573180
P 113 101 2301573180
P 114 101 2301573180
P 115 101 2301573180
P 116 101 2318350395
P 117 101 2318350395
P 118 101 2318284859
P 119 101 2318284859
P 120 101 2335324217
P 121 101 2352101433
P 122 101 2352035897
P 123 101 2352035896
P 124 101 2352035896
P 125 101 2352036152
P 126 101 2368747832
P 127 101 2368747832
P 128 101 2402564406
P 129 101 2402498870
P 130 101 2402498870
P 131 101 2419210549
P 132 101 2419276085
P 133 101 2419210549
P 134 101 2419210548
P 135 101 2435922228
P 136 101 2469738802
P 137 101 2486516274
P 138 101 2486450737
P 139 101 2486385201
P 140 101 2503162417
P 141 101 2503162417
P 142 101 2503162416
P 143 101 2503096880
P 144 101 2570402351
P 145 101 2587245358
P 146 101 2587179822
P 147 101 2587114286
P 148 101 2603891502
P 149 101 2603825965
P 150 101 2620603181
P 151 101 2620603437
P 152 101 2704620587
P 153 101 2704620587
P 154 101 2704555051
P 155 101 2721332266
P 156 101 2738043946
P 157 101 2738044202
P 158 101 2737978666
P 159 101 2754755881
P 160 101 2855550247
P 161 101 2855550247
P 162 101 2855484967
P 163 101 2872196647
P 164 101 2888908326
P 165 101 2905685542
P 166 101 2905620262
P 167 101 2905554726
P 40 102 2417835604
P 41 102 2417835604
P 42 102 2417835604
P 43 102 2417835604
P 44 102 2417835604
P 45 102 2400992851
P 46 102 2400992851
P 47 102 2400992851
P 48 102 2384280914
P 49 102 2384280914
P 50 102 2367503698
P 51 102 2367503698
P 52 102 2367503698
P 53 102 2367503697
P 54 102 2367503697
P 55 102 2367503697
P 56 102 2350857552
P 57 102 2350857551
P 58 102 2350857551
P 59 102 2334080335
P 60 102 2334080335
P 61 102 2334080335
P 62 102 2334080079
P 63 102 2334080079
P 64 102 2317368397
P 65 102 2317368397
P 66 102 2317368397
P 67 102 2317368397
P 68 102 2317368397
P 69 102 2317368397
P 70 102 2317368396
P 71 102 2317368396
P 72 102 2300721995
P 73 102 2300721995
P 74 102 2283944778
P 75 102 2283944778
P 76 102 2283944778
P 77 102 2283944778
P 78 102 2283944778
P 79 102 2283944778
P 80 102 2284075592
P 81 102 2284075592
P 82 102 2267363912
P 83 102 2267363912
P 84 102 2267298375
P 85 102 2267298375
P 86 102 2267298375
P 87 102 2267298375
P 88 102 2267494725
P 89 102 2267494725
P 90 102 2267494725
P 91 102 2267494725
P 92 102 2267494725
P 93 102 2267494724
P 94 102 2267494724
P 95 102 2267494724
P 96 102 2267691074
P 97 102 2267691074
P 98 102 2267691074
P 99 102 2267691074
P 100 102 2267691074
P 101 102 2267691074
P 102 102 2267691074
P 103 102 2267691073
P 104 102 2284664640
P 105 102 2284664895
P 106 102 2284664639
P 107 102 2284664639
P 108 102 2284599359
P 109 102 2284599359
P 110 102 2284599359
P 111 102 2284599358
P 112 102 2301573180
P 113 102 2301573180
P 114 102 2301573180
P 115 102 2301573180
P 116 102 2318350395
P 117 102 2318350395
P 118 102 2318284859
P 119 102 2318284859
P 120 102 2335324217
P 121 102 2352101433
P 122 102 2352035897
P 123 102 2352035896
P 124 102 2352035896
P 125 102 2352036152
P 126 102 2368747832
P 127 102 2368747832
P 128 102 2402564406
P 129 102 2402498870
P 130 102 2402498870
P 131 102 2419210549
P 132 102 2419276085
P 133 102 2419210549
P 134 102 2419210548
P 135 102 2435922228
P 136 102 2469738802
P 137 102 2486516274
P 138 102 2486516273
P 139 102 2486385201
P 140 102 2503162417
P 141 102 2503162417
P 142 102 2503162417
P 143 102 2503096881
P 144 102 2570402351
P 145 102 2587245358
P 146 102 2587179822
P 147 102 2587114286
P 148 102 2603891502
P 149 102 2603825965
P 150 102 2620603181
P 151 102 2620603181
P 152 102 2704620587
P 153 102 2704620587
P 154 102 2704620587
P 155 102 2721332266
P 156 102 2738043946
P 157 102 2738044202
P 158 102 2737978666
P 159 102 2754755881
P 160 102 2855550247
P 161 102 2855550247
P 162 102 2855484711
P 163 102 2872196647
P 164 102 2888908326
P 165 102 2905685542
P 166 102 2905620006
P 167 102 2905554726
P 40 103 2417835604
P 41 103 2417835604
P 42 103 2417835604
P 43 103 2417835604
P 44 103 2417835604
P 45 103 2400992851
P 46 103 2400992851
P 47 103 2400992851
P 48 103 2384280914
P 49 103 2384280914
P 50 103 2367503698
P 51 103 2367503698
P 52 103 2367503698
P 53 103 2367503697
P 54 103 2367503697
P 55 103 2367503697
P 56 103 2350857552
P 57 103 2350857551
P 58 103 2350857551
P 59 103 2334080335
P 60 103 2334080335
P 61 103 2334080335
P 62 103 2334080079
P 63 103 2334080079
P 64 103 2317368397
P 65 103 2317368397
P 66 103 2317368397
P 67 103 2317368397
P 68 103 2317368397
P 69 103 2317368397
P 70 103 2317368396
P 71 103 2317368396
P 72 103 2300721995
P 73 103 2300721995
P 74 103 2283944778
P 75 103 2283944778
P 76 103 2283944778
P 77 103 2283944778
P 78 103 2283944778
P 79 103 2283944778
P 80 103 2284075592
P 81 103 2284075592
P 82 103 2267363912
P 83 103 2267363912
P 84 103 2267298375
P 85 103 2267298375
P 86 103 2267298375
P 87 103 2267298375
P 88 103 2267494725
P 89 103 2267494725
P 90 103 2267494725
P 91 103 2267494725
P 92 103 2267494725
P 93 103 2267494724
P 94 103 2267494724
P 95 103 2267494724
P 96 103 2267691074
P 97 103 2267691074
P 98 103 2267691074
P 99 103 2267691074
P 100 103 2267691074
P 101 103 2267691074
P 102 103 2267691074
P 103 103 2267691073
P 104 103 2284664640
P 105 103 2284664640
P 106 103 2284664639
P 107 103 2284664639
P 108 103 2284599103
P 109 103 2284599359
P 110 103 2284599359
P 111 103 2284599358
P 112 103 2301573180
P 113 103 2301572924
P 114 103 2301573180
P 115 103 2301573180
P 116 103 2318350395
P 117 103 2318350395
P 118 103 2318284859
P 119 103 2318284859
P 120 103 2335324217
P 121 103 2352101433
P 122 103 2352035897
P 123 103 2352035896
P 124 103 2352035896
P 125 103 2352035896
P 126 103 2368747832
P 127 103 2368747832
P 128 103 2402564150
P 129 103 2402498870
P 130 103 2402498870
P 131 103 2419276085
P 132 103 2419276085
P 133 103 2419210549
P 134 103 2419210548
P 135 103 2435922228
P 136 103 2469738802
P 137 103 2486516018
P 138 103 2486516273
P 139 103 2486450737
P 140 103 2503162162
P 141 103 2503162417
P 142 103 2503162417
P 143 103 2503096881
P 144 103 2570402351
P 145 103 2587245102
P 146 103 2587179822
P 147 103 2587179822
P 148 103 2603891502
P 149 103 2603825965
P 150 103 2620603181
P 151 103 2620603181
P 152 103 2704620331
P 153 103 2704620587
P 154 103 2704620587
P 155 103 2721332266
P 156 103 2738043946
P 157 103 2738043946
P 158 103 2737978666
P 159 103 2754755881
P 160 103 2855550247
P 161 103 2855550247
P 162 103 2855484711
P 163 103 2872261927
P 164 103 2888908326
P 165 103 2905685542
P 166 103 2905620006
P 167 103 2905554470
P 40 104 2417835860
P 41 104 2417835860
P 42 104 2400993107
P 43 104 2400993107
P 44 104 2400992851
P 45 104 2400992851
P 46 104 2400992851
P 47 104 2384215635
P 48 104 2367503954
P 49 104 2367503953
P 50 104 2367503953
P 51 104 2367503953
P 52 104 2367503953
P 53 104 2367503953
P 54 104 2367503953
P 55 104 2367503953
P 56 104 2334080591
P 57 104 2334080591
P 58 104 2334080591
P 59 104 2334080591
P 60 104 2334080591
P 61 104 2334015054
P 62 104 2334015054
P 63 104 2334015054
P 64 104 2317368653
P 65 104 2317368653
P 66 104 2317368652
P 67 104 2317368652
P 68 104 2317368652
P 69 104 2300591436
P 70 104 2300591436
P 71 104 2300591436
P 72 104 2283945290
P 73 104 2283945034
P 74 104 2283945034
P 75 104 2283945034
P 76 104 2283945034
P 77 104 2283945033
P 78 104 2283945033
P 79 104 2283945033
P 80 104 2267364424
P 81 104 2267364423
P 82 104 2267364423
P 83 104 2267298887
P 84 104 2267298887
P 85 104 2267298887
P 86 104 2267298887
P 87 104 2267364166
P 88 104 2267495237
P 89 104 2267495237
P 90 104 2267495236
P 91 104 2267495236
P 92 104 2267495236
P 93 104 2267495236
P 94 104 2267495236
P 95 104 2267495235
P 96 104 2267691586
P 97 104 2267691586
P 98 104 2267691586
P 99 104 2267691585
P 100 104 2267691585
P 101 104 2267691585
P 102 104 2267691585
P 103 104 2267691585
P 104 104 2284665151
P 105 104 2284665151
P 106 104 2284665151
P 107 104 2284665407
P 108 104 2284665150
P 109 104 2284665150
P 110 104 2284599870
P 111 104 2284599869
P 112 104 2301639228
P 113 104 2318416444
P 114 104 2318416443
P 115 104 2318416443
P 116 104 2318350907
P 117 104 2318350907
P 118 104 2318350907
P 119 104 2318350906
P 120 104 2352102200
P 121 104 2352101945
P 122 104 2352036409
P 123 104 2368879416
P 124 104 2368813880
P 125 104 2368813880
P 126 104 2368748344
P 127 104 2368813879
P 128 104 2419342389
P 129 104 2419342133
P 130 104 2419342133
P 131 104 2419276852
P 132 104 2436054068
P 133 104 2435988532
P 134 104 2435988532
P 135 104 2452765747
P 136 104 2503294258
P 137 104 2503294258
P 138 104 2503294257
P 139 104 2503228721
P 140 104 2503228977
P 141 104 2519940657
P 142 104 2519940656
P 143 104 2536717872
P 144 104 2604023342
P 145 104 2604023342
P 146 104 2603958062
P 147 104 2620735278
P 148 104 2620735277
P 149 104 2620604205
P 150 104 2637381421
P 151 104 2654158893
P 152 104 2721464363
P 153 104 2738241579
P 154 104 2738176298
P 155 104 2738176298
P 156 104 2754887978
P 157 104 2771599658
P 158 104 2771534121
P 159 104 2788311593
P 160 104 2872394279
P 161 104 2889105959
P 162 104 2905883431
P 163 104 2905817894
P 164 104 2905752614
P 165 104 2922464294
P 166 104 2939175974
P 167 104 2955953189
P 40 105 2417835860
P 41 105 2417835860
P 42 105 2400993107
P 43 105 2400993107
P 44 105 2400992851
P 45 105 2400992851
P 46 105 2400992851
P 47 105 2384215635
P 48 105 2367503954
P 49 105 2367503953
P 50 105 2367503953
P 51 105 2367503953
P 52 105 2367503953
P 53 105 2367503953
P 54 105 2367503953
P 55 105 2367503953
P 56 105 2334080591
P 57 105 2334080591
P 58 105 2334080591
P 59 105 2334080591
P 60 105 2334080591
P 61 105 2334015054
P 62 105 2334015054
P 63 105 2334015054
P 64 105 2317368653
P 65 105 2317368653
P 66 105 2317368652
P 67 105 2317368652
P 68 105 2317368652
P 69 105 2300591436
P 70 105 2300591436
P 71 105 2300591436
P 72 105 2283945290
P 73 105 2283945290
P 74 105 2283945034
P 75 105 2283945034
P 76 105 2283945034
P 77 105 2283945033
P 78 105 2283945033
P 79 105 2283945033
P 80 105 2267364424
P 81 105 2267364423
P 82 105 2267298887
P 83 105 2267298887
P 84 105 2267298887
P 85 105 2267298887
P 86 105 2267298887
P 87 105 2267298630
P 88 105 2267495237
P 89 105 2267495237
P 90 105 2267495236
P 91 105 2267495236
P 92 105 2267495236
P 93 105 2267495236
P 94 105 2267495236
P 95 105 2267495235
P 96 105 2267691586
P 97 105 2267691586
P 98 105 2267691586
P 99 105 2267691585
P 100 105 2267691585
P 101 105 2267691585
P 102 105 2267691585
P 103 105 2267691585
P 104 105 2284665151
P 105 105 2284665151
P 106 105 2284665151
P 107 105 2284665151
P 108 105 2284665150
P 109 105 2284665150
P 110 105 2284599614
P 111 105 2284599869
P 112 105 2301638972
P 113 105 2318416444
P 114 105 2318416443
P 115 105 2318416443
P 116 105 2318350907
P 117 105 2318350907
P 118 105 2318350907
P 119 105 2318350906
P 120 105 2352101945
P 121 105 2352101945
P 122 105 2352036409
P 123 105 2368879160
P 124 105 2368813880
P 125 105 2368813880
P 126 105 2368748344
P 127 105 2368813879
P 128 105 2419342133
P 129 105 2419342133
P 130 105 2419342133
P 131 105 2419276596
P 132 105 2436054068
P 133 105 2436054068
P 134 105 2435988532
P 135 105 2452765748
P 136 105 2503294002
P 137 105 2503294258
P 138 105 2503294257
P 139 105 2503228721
P 140 105 2503228721
P 141 105 2519940657
P 142 105 2519940656
P 143 105 2536717872
P 144 105 2604023342
P 145 105 2604023342
P 146 105 2603957806
P 147 105 2620735278
P 148 105 2620735277
P 149 105 2620669741
P 150 105 2637381421
P 151 105 2654158637
P 152 105 2721464363
P 153 105 2738241579
P 154 105 2738176042
P 155 105 2738176298
P 156 105 2754887978
P 157 105 2771665194
P 158 105 2771534121
P 159 105 2788311337
P 160 105 2872394279
P 161 105 2889105959
P 162 105 2905883175
P 163 105 2905817894
P 164 105 2905752358
P 165 105 2922529830
P 166 105 2939175974
P 167 105 2955953189
P 40 106 2417835860
P 41 106 2417835860
P 42 106 2400993107
P 43 106 2400993107
P 44 106 2400992851
P 45 106 2400992851
P 46 106 2400992851
P 47 106 2384215635
P 48 106 2367503954
P 49 106 2367503953
P 50 106 2367503953
P 51 106 2367503953
P 52 106 2367503953
P 53 106 2367503953
P 54 106 2367503953
P 55 106 2367503953
P 56 106 2334080591
P 57 106 2334080591
P 58 106 2334080591
P 59 106 2334080591
P 60 106 2334080591
P 61 106 2334015054
P 62 106 2334015054
P 63 106 2334015054
P 64 106 2317368653
P 65 106 2317368653
P 66 106 2317368652
P 67 106 2317368652
P 68 106 2317368652
P 69 106 2300591436
P 70 106 2300591436
P 71 106 2300591436
P 72 106 2283945290
P 73 106 2283945290
P 74 106 2283945290
P 75 106 2283945290
P 76 106 2283945034
P 77 106 2283945033
P 78 106 2283945033
P 79 106 2283945033
P 80 106 2267364424
P 81 106 2267364423
P 82 106 2267298887
P 83 106 2267298887
P 84 106 2267298887
P 85 106 2267298887
P 86 106 2267298887
P 87 106 2267298630
P 88 106 2267495237
P 89 106 2267495237
P 90 106 2267495236
P 91 106 2267495236
P 92 106 2267495236
P 93 106 2267495236
P 94 106 2267495236
P 95 106 2267495235
P 96 106 2267691586
P 97 106 2267691586
P 98 106 2267691586
P 99 106 2267691585
P 100 106 2267691585
P 101 106 2267691585
P 102 106 2267691585
P 103 106 2267691585
P 104 106 2284665151
P 105 106 2284665151
P 106 106 2284665151
P 107 106 2284665151
P 108 106 2284665150
P 109 106 2284665150
P 110 106 2284665150
P 111 106 2284599869
P 112 106 2301638972
P 113 106 2318416188
P 114 106 2318416443
P 115 106 2318416443
P 116 106 2318350907
P 117 106 2318350907
P 118 106 2318350907
P 119 106 2318350906
P 120 106 2352101945
P 121 106 2352101945
P 122 106 2352036409
P 123 106 2368879160
P 124 106 2368813624
P 125 106 2368813880
P 126 106 2368813880
P 127 106 2368813879
P 128 106 2419342133
P 129 106 2419342133
P 130 106 2419342133
P 131 106 2419276596
P 132 106 2436053812
P 133 106 2436054069
P 134 106 2435988532
P 135 106 2452765748
P 136 106 2503294002
P 137 106 2503294002
P 138 106 2503294257
P 139 106 2503228721
P 140 106 2503228721
P 141 106 2519940401
P 142 106 2520006192
P 143 106 2536717872
P 144 106 2604023342
P 145 106 2604023342
P 146 106 2603957806
P 147 106 2620735278
P 148 106 2620735277
P 149 106 2620669741
P 150 106 2637381421
P 151 106 2654158637
P 152 106 2721464107
P 153 106 2738241579
P 154 106 2738176042
P 155 106 2738176298
P 156 106 2754887978
P 157 106 2771665194
P 158 106 2771599657
P 159 106 2788311337
P 160 106 2872394023
P 161 106 2889105959
P 162 106 2905883175
P 163 106 2905817894
P 164 106 2905752358
P 165 106 2922529574
P 166 106 2939241510
P 167 106 2955953189
P 40 107 2417835860
P 41 107 2417835860
P 42 107 2400993107
P 43 107 2400993107
P 44 107 2400993107
P 45 107 2400992851
P 46 107 2400992851
P 47 107 2384215635
P 48 107 2367503954
P 49 107 2367503953
P 50 107 2367503953
P 51 107 2367503953
P 52 107 2367503953
P 53 107 2367503953
P 54 107 2367503953
P 55 107 2367503953
P 56 107 2334080591
P 57 107 2334080591
P 58 107 2334080591
P 59 107 2334080591
P 60 107 2334080591
P 61 107 2334015054
P 62 107 2334015054
P 63 107 2334015054
P 64 107 2317368653
P 65 107 2317368653
P 66 107 2317368652
P 67 107 2317368652
P 68 107 2317368652
P 69 107 2300591436
P 70 107 2300591436
P 71 107 2300591436
P 72 107 2283945290
P 73 107 2283945290
P 74 107 2283945290
P 75 107 2283945290
P 76 107 2283945290
P 77 107 2283945033
P 78 107 2283945033
P 79 107 2283945033
P 80 107 2267364424
P 81 107 2267298887
P 82 107 2267298887
P 83 107 2267298887
P 84 107 2267298887
P 85 107 2267298887
P 86 107 2267298887
P 87 107 2267298630
P 88 107 2267495237
P 89 107 2267495237
P 90 107 2267495236
P 91 107 2267495236
P 92 107 2267495236
P 93 107 2267495236
P 94 107 2267495236
P 95 107 2267495235
P 96 107 2267691586
P 97 107 2267691586
P 98 107 2267691586
P 99 107 2267691585
P 100 107 2267691585
P 101 107 2267691585
P 102 107 2267691585
P 103 107 2267691585
P 104 107 2284665151
P 105 107 2284665151
P 106 107 2284665151
P 107 107 2284665151
P 108 107 2284665150
P 109 107 2284665150
P 110 107 2284665150
P 111 107 2284665149
P 112 107 2301638972
P 113 107 2318416188
P 114 107 2318416187
P 115 107 2318416443
P 116 107 2318350907
P 117 107 2318350907
P 118 107 2318350907
P 119 107 2318350906
P 120 107 2352101945
P 121 107 2352101945
P 122 107 2352036409
P 123 107 2368879160
P 124 107 2368813624
P 125 107 2368813624
P 126 107 2368813880
P 127 107 2368813879
P 128 107 2419342133
P 129 107 2419342133
P 130 107 2419342133
P 131 107 2419276597
P 132 107 2436053813
P 133 107 2436053813
P 134 107 2435988532
P 135 107 2452765748
P 136 107 2503294002
P 137 107 2503294002
P 138 107 2503294001
P 139 107 2503228721
P 140 107 2503228721
P 141 107 2519940401
P 142 107 2520005936
P 143 107 2536717872
P 144 107 2604023342
P 145 107 2604023342
P 146 107 2603957806
P 147 107 2620735022
P 148 107 2620735277
P 149 107 2620669741
P 150 107 2637381421
P 151 107 2654224173
P 152 107 2721464107
P 153 107 2738241323
P 154 107 2738176042
P 155 107 2738176042
P 156 107 2754887978
P 157 107 2771665194
P 158 107 2771599657
P 159 107 2788376873
P 160 107 2872394023
P 161 107 2889105703
P 162 107 2905883175
P 163 107 2905817638
P 164 107 2905752358
P 165 107 2922529574
P 166 107 2939241254
P 167 107 2955953189
P 40 108 2417835860
P 41 108 2417835860
P 42 108 2400993107
P 43 108 2400993107
P 44 108 2400993107
P 45 108 2400993107
P 46 108 2400993107
P 47 108 2384215635
P 48 108 2367503954
P 49 108 2367503953
P 50 108 2367503953
P 51 108 2367503953
P 52 108 2367503953
P 53 108 2367503953
P 54 108 2367503953
P 55 108 2367503953
P 56 108 2334080591
P 57 108 2334080591
P 58 108 2334080591
P 59 108 2334080591
P 60 108 2334080591
P 61 108 2334015054
P 62 108 2334015054
P 63 108 2334015054
P 64 108 2317368653
P 65 108 2317368653
P 66 108 2317368652
P 67 108 2317368652
P 68 108 2317368652
P 69 108 2300591436
P 70 108 2300591436
P 71 108 2300591436
P 72 108 2283945290
P 73 108 2283945290
P 74 108 2283945290
P 75 108 2283945290
P 76 108 2283945290
P 77 108 2283945289
P 78 108 2283945289
P 79 108 2283945033
P 80 108 2267364424
P 81 108 2267298887
P 82 108 2267298887
P 83 108 2267298887
P 84 108 2267298887
P 85 108 2267298887
P 86 108 2267298887
P 87 108 2267298630
P 88 108 2267495237
P 89 108 2267495237
P 90 108 2267495236
P 91 108 2267495236
P 92 108 2267495236
P 93 108 2267495236
P 94 108 2267495236
P 95 108 2267495235
P 96 108 2267691586
P 97 108 2267691586
P 98 108 2267691586
P 99 108 2267691585
P 100 108 2267691585
P 101 108 2267691585
P 102 108 2267691585
P 103 108 2267691585
P 104 108 2284665151
P 105 108 2284665151
P 106 108 2284665151
P 107 108 2284665151
P 108 108 2284665150
P 109 108 2284665150
P 110 108 2284665150
P 111 108 2284665149
P 112 108 2301638972
P 113 108 2318416188
P 114 108 2318416187
P 115 108 2318416187
P 116 108 2318350907
P 117 108 2318350907
P 118 108 2318350907
P 119 108 2318350906
P 120 108 2352101945
P 121 108 2352101945
P 122 108 2352036409
P 123 108 2368879160
P 124 108 2368813624
P 125 108 2368813624
P 126 108 2368813880
P 127 108 2368813879
P 128 108 2419342134
P 129 108 2419342133
P 130 108 2419342133
P 131 108 2419276597
P 132 108 2436053813
P 133 108 2436053813
P 134 108 2435988532
P 135 108 2452765748
P 136 108 2503359538
P 137 108 2503294002
P 138 108 2503294001
P 139 108 2503228465
P 140 108 2503228721
P 141 108 2519940401
P 142 108 2520005936
P 143 108 2536717616
P 144 108 2604088878
P 145 108 2604023342
P 146 108 2603957806
P 147 108 2620735022
P 148 108 2620735021
P 149 108 2620669741
P 150 108 2637381421
P 151 108 2654224173
P 152 108 2721464107
P 153 108 2738241323
P 154 108 2738176042
P 155 108 2738176042
P 156 108 2754887722
P 157 108 2771665194
P 158 108 2771599657
P 159 108 2788376873
P 160 108 2872394023
P 161 108 2889105703
P 162 108 2905883175
P 163 108 2905817638
P 164 108 2905752102
P 165 108 2922529574
P 166 108 2939241254
P 167 108 2955952933
P 40 109 2417835860
P 41 109 2417835860
P 42 109 2400993107
P 43 109 2400993107
P 44 109 2400993107
P 45 109 2400993107
P 46 109 2400993107
P 47 109 2384215891
P 48 109 2367503954
P 49 109 2367503953
P 50 109 2367503953
P 51 109 2367503953
P 52 109 2367503953
P 53 109 2367503953
P 54 109 2367503953
P 55 109 2367503953
P 56 109 2334080591
P 57 109 2334080591
P 58 109 2334080591
P 59 109 2334080591
P 60 109 2334080591
P 61 109 2334015054
P 62 109 2334015054
P 63 109 2334015054
P 64 109 2317368653
P 65 109 2317368653
P 66 109 2317368652
P 67 109 2317368652
P 68 109 2317368652
P 69 109 2300591436
P 70 109 2300591436
P 71 109 2300591436
P 72 109 2283945290
P 73 109 2283945290
P 74 109 2283945290
P 75 109 2283945290
P 76 109 2283945290
P 77 109 2283945289
P 78 109 2283945289
P 79 109 2283945033
P 80 109 2267298888
P 81 109 2267298887
P 82 109 2267298887
P 83 109 2267298887
P 84 109 2267298887
P 85 109 2267298887
P 86 109 2267298887
P 87 109 2267298886
P 88 109 2267495237
P 89 109 2267495237
P 90 109 2267495236
P 91 109 2267495236
P 92 109 2267495236
P 93 109 2267495236
P 94 109 2267495236
P 95 109 2267495235
P 96 109 2267691586
P 97 109 2267691586
P 98 109 2267691586
P 99 109 2267691585
P 100 109 2267691585
P 101 109 2267691585
P 102 109 2267626049
P 103 109 2267691585
P 104 109 2284665151
P 105 109 2284665151
P 106 109 2284665151
P 107 109 2284665151
P 108 109 2284665150
P 109 109 2284665150
P 110 109 2284665150
P 111 109 2284665149
P 112 109 2301638972
P 113 109 2318416188
P 114 109 2318416187
P 115 109 2318416187
P 116 109 2318350651
P 117 109 2318350907
P 118 109 2318350907
P 119 109 2318350906
P 120 109 2352101945
P 121 109 2352101945
P 122 109 2352036409
P 123 109 2368879160
P 124 109 2368813624
P 125 109 2368813624
P 126 109 2368813624
P 127 109 2368813879
P 128 109 2419342134
P 129 109 2419341877
P 130 109 2419342133
P 131 109 2419276597
P 132 109 2436053813
P 133 109 2436053813
P 134 109 2435988276
P 135 109 2452765748
P 136 109 2503359538
P 137 109 2503294002
P 138 109 2503294001
P 139 109 2503228465
P 140 109 2503228465
P 141 109 2519940401
P 142 109 2520005937
P 143 109 2536717617
P 144 109 2604088622
P 145 109 2604023342
P 146 109 2603957806
P 147 109 2620735022
P 148 109 2620735021
P 149 109 2620669485
P 150 109 2637381421
P 151 109 2654224173
P 152 109 2721464107
P 153 109 2738241323
P 154 109 2738175786
P 155 109 2738176042
P 156 109 2754887722
P 157 109 2771664938
P 158 109 2771599657
P 159 109 2788376873
P 160 109 2872394023
P 161 109 2889171239
P 162 109 2905882919
P 163 109 2905817638
P 164 109 2905752102
P 165 109 2922529318
P 166 109 2939241254
P 167 109 2955952933
P 40 110 2417835860
P 41 110 2417835860
P 42 110 2400993107
P 43 110 2400993107
P 44 110 2400993107
P 45 110 2400993107
P 46 110 2400993107
P 47 110 2384215891
P 48 110 2367503954
P 49 110 2367503953
P 50 110 2367503953
P 51 110 2367503953
P 52 110 2367503953
P 53 110 2367503953
P 54 110 2367503953
P 55 110 2367503953
P 56 110 2334080591
P 57 110 2334080591
P 58 110 2334080591
P 59 110 2334080591
P 60 110 2334080591
P 61 110 2334015054
P 62 110 2334015054
P 63 110 2334015054
P 64 110 2317368909
P 65 110 2317368909
P 66 110 2317368652
P 67 110 2317368652
P 68 110 2317368652
P 69 110 2300591436
P 70 110 2300591436
P 71 110 2300591436
P 72 110 2283945290
P 73 110 2283945290
P 74 110 2283945290
P 75 110 2283945290
P 76 110 2283945290
P 77 110 2283945289
P 78 110 2283945289
P 79 110 2283945033
P 80 110 2267298888
P 81 110 2267298887
P 82 110 2267298887
P 83 110 2267298887
P 84 110 2267298887
P 85 110 2267298887
P 86 110 2267298887
P 87 110 2267298886
P 88 110 2267495237
P 89 110 2267495237
P 90 110 2267495236
P 91 110 2267495236
P 92 110 2267495236
P 93 110 2267495236
P 94 110 2267495236
P 95 110 2267495235
P 96 110 2267691842
P 97 110 2267691842
P 98 110 2267691586
P 99 110 2267691585
P 100 110 2267691585
P 101 110 2267691585
P 102 110 2267626049
P 103 110 2267691585
P 104 110 2284665407
P 105 110 2284665407
P 106 110 2284665151
P 107 110 2284665151
P 108 110 2284665150
P 109 110 2284665150
P 110 110 2284665150
P 111 110 2284665150
P 112 110 2301638972
P 113 110 2318416188
P 114 110 2318416187
P 115 110 2318416187
P 116 110 2318350651
P 117 110 2318350907
P 118 110 2318350907
P 119 110 2318350906
P 120 110 2352101945
P 121 110 2352101945
P 122 110 2352101945
P 123 110 2368879160
P 124 110 2368813624
P 125 110 2368813624
P 126 110 2368813624
P 127 110 2368813623
P 128 110 2419342134
P 129 110 2419341877
P 130 110 2419341877
P 131 110 2419276597
P 132 110 2436053813
P 133 110 2436053813
P 134 110 2435988276
P 135 110 2452765492
P 136 110 2503359538
P 137 110 2503294002
P 138 110 2503294001
P 139 110 2503228466
P 140 110 2503228466
P 141 110 2519940401
P 142 110 2520005937
P 143 110 2536717617
P 144 110 2604088622
P 145 110 2604023342
P 146 110 2604023342
P 147 110 2620735022
P 148 110 2620735021
P 149 110 2620669485
P 150 110 2637381165
P 151 110 2654224173
P 152 110 2721464107
P 153 110 2738241323
P 154 110 2738241322
P 155 110 2738175786
P 156 110 2754887722
P 157 110 2771664938
P 158 110 2771599401
P 159 110 2788376873
P 160 110 2872394023
P 161 110 2889171239
P 162 110 2905882919
P 163 110 2905817382
P 164 110 2905752102
P 165 110 2922529318
P 166 110 2939240998
P 167 110 2955952933
P 40 111 2417835860
P 41 111 2417835860
P 42 111 2400993107
P 43 111 2400993107
P 44 111 2400993107
P 45 111 2400993107
P 46 111 2400993107
P 47 111 2384215891
P 48 111 2367503954
P 49 111 2367503953
P 50 111 2367503953
P 51 111 2367503953
P 52 111 2367503953
P 53 111 2367503953
P 54 111 2367503953
P 55 111 2367503953
P 56 111 2334080591
P 57 111 2334080591
P 58 111 2334080591
P 59 111 2334080591
P 60 111 2334080591
P 61 111 2334015054
P 62 111 2334015054
P 63 111 2334015054
P 64 111 2317368909
P 65 111 2317368909
P 66 111 2317368652
P 67 111 2317368652
P 68 111 2317368652
P 69 111 2300591436
P 70 111 2300591436
P 71 111 2300591436
P 72 111 2283945290
P 73 111 2283945290
P 74 111 2283945290
P 75 111 2283945290
P 76 111 2283945290
P 77 111 2283945289
P 78 111 2283945289
P 79 111 2283945033
P 80 111 2267298888
P 81 111 2267298887
P 82 111 2267298887
P 83 111 2267298887
P 84 111 2267298887
P 85 111 2267298887
P 86 111 2267298887
P 87 111 2267298886
P 88 111 2267495237
P 89 111 2267495237
P 90 111 2267495236
P 91 111 2267495236
P 92 111 2267495236
P 93 111 2267495236
P 94 111 2267495236
P 95 111 2267495235
P 96 111 2267691842
P 97 111 2267691842
P 98 111 2267691842
P 99 111 2267691585
P 100 111 2267691585
P 101 111 2267626049
P 102 111 2267626049
P 103 111 2267691585
P 104 111 2284665407
P 105 111 2284665407
P 106 111 2284665407
P 107 111 2284665151
P 108 111 2284665150
P 109 111 2284665150
P 110 111 2284665150
P 111 111 2284665150
P 112 111 2301638972
P 113 111 2318416188
P 114 111 2318416187
P 115 111 2318416187
P 116 111 2318350651
P 117 111 2318350651
P 118 111 2318350907
P 119 111 2318350906
P 120 111 2352101689
P 121 111 2352101945
P 122 111 2352101945
P 123 111 2368879160
P 124 111 2368813624
P 125 111 2368813624
P 126 111 2368813624
P 127 111 2368813623
P 128 111 2419341878
P 129 111 2419341877
P 130 111 2419341877
P 131 111 2419341877
P 132 111 2436053813
P 133 111 2436053813
P 134 111 2435988276
P 135 111 2452765492
P 136 111 2503359282
P 137 111 2503294002
P 138 111 2503294002
P 139 111 2503294002
P 140 111 2503228466
P 141 111 2519940145
P 142 111 2520005937
P 143 111 2536717617
P 144 111 2604088366
P 145 111 2604023086
P 146 111 2604023342
P 147 111 2620800558
P 148 111 2620735021
P 149 111 2620669485
P 150 111 2637381166
P 151 111 2654223917
P 152 111 2721464107
P 153 111 2738241323
P 154 111 2738241322
P 155 111 2738175786
P 156 111 2754887466
P 157 111 2771664938
P 158 111 2771599401
P 159 111 2788376617
P 160 111 2872394023
P 161 111 2889171239
P 162 111 2905882919
P 163 111 2905882918
P 164 111 2905751846
P 165 111 2922529318
P 166 111 2939240998
P 167 111 2955952677
P 40 112 2400993363
P 41 112 2400993363
P 42 112 2400993363
P 43 112 2400993363
P 44 112 2384216147
P 45 112 2384216147
P 46 112 2384216147
P 47 112 2384216146
P 48 112 2367504465
P 49 112 2367504209
P 50 112 2367504209
P 51 112 2367504209
P 52 112 2367504209
P 53 112 2367504209
P 54 112 2350726992
P 55 112 2350726992
P 56 112 2334080847
P 57 112 2334080847
P 58 112 2334015310
P 59 112 2334015310
P 60 112 2334015310
P 61 112 2334015310
P 62 112 2317238094
P 63 112 2317238094
P 64 112 2317369164
P 65 112 2300591948
P 66 112 2300591948
P 67 112 2300591948
P 68 112 2300591948
P 69 112 2300591692
P 70 112 2300591691
P 71 112 2300591691
P 72 112 2283945546
P 73 112 2283945546
P 74 112 2283945545
P 75 112 2283945545
P 76 112 2283945545
P 77 112 2283945545
P 78 112 2283945545
P 79 112 2283945545
P 80 112 2267299399
P 81 112 2267299399
P 82 112 2267299399
P 83 112 2267299399
P 84 112 2267299398
P 85 112 2267299143
P 86 112 2267299142
P 87 112 2267299142
P 88 112 2267495748
P 89 112 2267495748
P 90 112 2267495748
P 91 112 2267495748
P 92 112 2267495748
P 93 112 2267495748
P 94 112 2267495747
P 95 112 2267495747
P 96 112 2267692353
P 97 112 2267692097
P 98 112 2267692097
P 99 112 2267692097
P 100 112 2267692097
P 101 112 2267692097
P 102 112 2267692097
P 103 112 2267692096
P 104 112 2284665919
P 105 112 2284665663
P 106 112 2284665663
P 107 112 2284665662
P 108 112 2284665662
P 109 112 2284665662
P 110 112 2301442878
P 111 112 2301442877
P 112 112 2318416700
P 113 112 2318416700
P 114 112 2318416699
P 115 112 2318416699
P 116 112 2318416699
P 117 112 2335128379
P 118 112 2335128635
P 119 112 2335128634
P 120 112 2368945209
P 121 112 2368945208
P 122 112 2368879672
P 123 112 2368879672
P 124 112 2368879928
P 125 112 2368879928
P 126 112 2385591607
P 127 112 2385591607
P 128 112 2419408181
P 129 112 2436119861
P 130 112 2436119860
P 131 112 2436120116
P 132 112 2452897332
P 133 112 2452831796
P 134 112 2452831796
P 135 112 2452766516
P 136 112 2503360306
P 137 112 2520137521
P 138 112 2520137521
P 139 112 2520071985
P 140 112 2536849457
P 141 112 2536783921
P 142 112 2536783920
P 143 112 2553495856
P 144 112 2620866862
P 145 112 2620801326
P 146 112 2620801326
P 147 112 2637578798
P 148 112 2654290477
P 149 112 2654224941
P 150 112 2671002157
P 151 112 2671002157
P 152 112 2755085099
P 153 112 2755019563
P 154 112 2771797034
P 155 112 2771797034
P 156 112 2788508970
P 157 112 2805220649
P 158 112 2805155113
P 159 112 2805155113
P 160 112 2906015271
P 161 112 2922726951
P 162 112 2922661415
P 163 112 2939438887
P 164 112 2956150566
P 165 112 2972862246
P 166 112 2972796966
P 167 112 2989574181
P 40 113 2400993363
P 41 113 2400993363
P 42 113 2400993363
P 43 113 2400993363
P 44 113 2384216147
P 45 113 2384216147
P 46 113 2384216147
P 47 113 2384216146
P 48 113 2367504465
P 49 113 2367504465
P 50 113 2367504209
P 51 113 2367504209
P 52 113 2367504209
P 53 113 2367504209
P 54 113 2350726992
P 55 113 2350726992
P 56 113 2334080847
P 57 113 2334080847
P 58 113 2334015310
P 59 113 2334015310
P 60 113 2334015310
P 61 113 2334015310
P 62 113 2317238094
P 63 113 2317238094
P 64 113 2317369164
P 65 113 2300591948
P 66 113 2300591948
P 67 113 2300591948
P 68 113 2300591948
P 69 113 2300591948
P 70 113 2300591691
P 71 113 2300591691
P 72 113 2283945546
P 73 113 2283945546
P 74 113 2283945545
P 75 113 2283945545
P 76 113 2283945545
P 77 113 2283945545
P 78 113 2283945545
P 79 113 2283945545
P 80 113 2267299399
P 81 113 2267299399
P 82 113 2267299399
P 83 113 2267299399
P 84 113 2267299398
P 85 113 2267299399
P 86 113 2267299142
P 87 113 2267299142
P 88 113 2267495748
P 89 113 2267495748
P 90 113 2267495748
P 91 113 2267495748
P 92 113 2267495748
P 93 113 2267495748
P 94 113 2267495747
P 95 113 2267495747
P 96 113 2267692353
P 97 113 2267692353
P 98 113 2267692097
P 99 113 2267692097
P 100 113 2267692097
P 101 113 2267692097
P 102 113 2267692097
P 103 113 2267626560
P 104 113 2284665919
P 105 113 2284665919
P 106 113 2284665663
P 107 113 2284665662
P 108 113 2284665662
P 109 113 2284665662
P 110 113 2301442878
P 111 113 2301377341
P 112 113 2318416700
P 113 113 2318416700
P 114 113 2318416699
P 115 113 2318416699
P 116 113 2318416699
P 117 113 2335193915
P 118 113 2335128379
P 119 113 2335128634
P 120 113 2368945209
P 121 113 2368945208
P 122 113 2368879672
P 123 113 2368879672
P 124 113 2368879672
P 125 113 2368879928
P 126 113 2385591607
P 127 113 2385591607
P 128 113 2419408181
P 129 113 2436119861
P 130 113 2436119860
P 131 113 2436119860
P 132 113 2452897333
P 133 113 2452831796
P 134 113 2452831796
P 135 113 2452766260
P 136 113 2503360306
P 137 113 2520137521
P 138 113 2520137521
P 139 113 2520071985
P 140 113 2536849201
P 141 113 2536783921
P 142 113 2536783920
P 143 113 2553495600
P 144 113 2620866862
P 145 113 2620801326
P 146 113 2620801326
P 147 113 2637578542
P 148 113 2654290477
P 149 113 2654290477
P 150 113 2671002157
P 151 113 2671002157
P 152 113 2755085099
P 153 113 2755019563
P 154 113 2771796778
P 155 113 2771797034
P 156 113 2788508714
P 157 113 2805286185
P 158 113 2805155113
P 159 113 2805155113
P 160 113 2906015271
P 161 113 2922726951
P 162 113 2922661415
P 163 113 2939438631
P 164 113 2956150566
P 165 113 2972927782
P 166 113 2972796710
P 167 113 2989574181
P 40 114 2400993363
P 41 114 2400993363
P 42 114 2400993363
P 43 114 2400993363
P 44 114 2384216147
P 45 114 2384216147
P 46 114 2384216147
P 47 114 2384216146
P 48 114 2367504465
P 49 114 2367504465
P 50 114 2367504465
P 51 114 2367504465
P 52 114 2367504209
P 53 114 2367504209
P 54 114 2350726992
P 55 114 2350726992
P 56 114 2334080847
P 57 114 2334080847
P 58 114 2334015310
P 59 114 2334015310
P 60 114 2334015310
P 61 114 2334015310
P 62 114 2317238094
P 63 114 2317238094
P 64 114 2317369164
P 65 114 2300591948
P 66 114 2300591948
P 67 114 2300591948
P 68 114 2300591948
P 69 114 2300591948
P 70 114 2300591947
P 71 114 2300591947
P 72 114 2283945546
P 73 114 2283945546
P 74 114 2283945545
P 75 114 2283945545
P 76 114 2283945545
P 77 114 2283945545
P 78 114 2283945545
P 79 114 2283945545
P 80 114 2267299399
P 81 114 2267299399
P 82 114 2267299399
P 83 114 2267299399
P 84 114 2267299398
P 85 114 2267299399
P 86 114 2267299398
P 87 114 2267299398
P 88 114 2267495748
P 89 114 2267495748
P 90 114 2267495748
P 91 114 2267495748
P 92 114 2267495747
P 93 114 2267495748
P 94 114 2267495747
P 95 114 2267495747
P 96 114 2267692353
P 97 114 2267692353
P 98 114 2267692353
P 99 114 2267626817
P 100 114 2267692097
P 101 114 2267692097
P 102 114 2267692097
P 103 114 2267626560
P 104 114 2284665919
P 105 114 2284665919
P 106 114 2284665919
P 107 114 2284665918
P 108 114 2284665662
P 109 114 2284665662
P 110 114 2301442878
P 111 114 2301377341
P 112 114 2318416700
P 113 114 2318416700
P 114 114 2318416699
P 115 114 2318416699
P 116 114 2318416699
P 117 114 2335193915
P 118 114 2335128379
P 119 114 2335128634
P 120 114 2368944953
P 121 114 2368945208
P 122 114 2368879672
P 123 114 2368879672
P 124 114 2368879672
P 125 114 2368879672
P 126 114 2385657143
P 127 114 2385591607
P 128 114 2419407925
P 129 114 2436119861
P 130 114 2436119861
P 131 114 2436119861
P 132 114 2452897077
P 133 114 2452831796
P 134 114 2452831796
P 135 114 2452766260
P 136 114 2503360050
P 137 114 2520137521
P 138 114 2520137521
P 139 114 2520071985
P 140 114 2536849201
P 141 114 2536783665
P 142 114 2536783920
P 143 114 2553495600
P 144 114 2620866606
P 145 114 2620801326
P 146 114 2620801326
P 147 114 2637578542
P 148 114 2654290221
P 149 114 2654290477
P 150 114 2671002157
P 151 114 2671002157
P 152 114 2755085099
P 153 114 2755019563
P 154 114 2771796778
P 155 114 2771797034
P 156 114 2788508714
P 157 114 2805285929
P 158 114 2805220649
P 159 114 2805155113
P 160 114 2906015015
P 161 114 2922726951
P 162 114 2922661415
P 163 114 2939438631
P 164 114 2956150310
P 165 114 2972927782
P 166 114 2972862246
P 167 114 2989574181
P 40 115 2400993363
P 41 115 2400993363
P 42 115 2400993363
P 43 115 2400993363
P 44 115 2384216147
P 45 115 2384216147
P 46 115 2384216147
P 47 115 2384216146
P 48 115 2367504465
P 49 115 2367504465
P 50 115 2367504465
P 51 115 2367504465
P 52 115 2367504465
P 53 115 2367504209
P 54 115 2350726992
P 55 115 2350726992
P 56 115 2334080847
P 57 115 2334080847
P 58 115 2334015310
P 59 115 2334015310
P 60 115 2334015310
P 61 115 2334015310
P 62 115 2317238094
P 63 115 2317238094
P 64 115 2317369164
P 65 115 2300591948
P 66 115 2300591948
P 67 115 2300591948
P 68 115 2300591948
P 69 115 2300591948
P 70 115 2300591947
P 71 115 2300591947
P 72 115 2283945802
P 73 115 2283945546
P 74 115 2283945545
P 75 115 2283945545
P 76 115 2283945545
P 77 115 2283945545
P 78 115 2283945545
P 79 115 2283945545
P 80 115 2267299399
P 81 115 2267299399
P 82 115 2267299399
P 83 115 2267299399
P 84 115 2267299398
P 85 115 2267299399
P 86 115 2267299398
P 87 115 2267299398
P 88 115 2267496004
P 89 115 2267495748
P 90 115 2267495748
P 91 115 2267495748
P 92 115 2267495747
P 93 115 2267495748
P 94 115 2267495747
P 95 115 2267495747
P 96 115 2267692353
P 97 115 2267692353
P 98 115 2267692353
P 99 115 2267626817
P 100 115 2267692097
P 101 115 2267692097
P 102 115 2267626561
P 103 115 2267626560
P 104 115 2284665919
P 105 115 2284665919
P 106 115 2284665919
P 107 115 2284665918
P 108 115 2284665918
P 109 115 2284665662
P 110 115 2301377342
P 111 115 2301377341
P 112 115 2318416700
P 113 115 2318416700
P 114 115 2318416699
P 115 115 2318416699
P 116 115 2318416699
P 117 115 2335193915
P 118 115 2335128379
P 119 115 2335128378
P 120 115 2368944953
P 121 115 2368944952
P 122 115 2368879672
P 123 115 2368879672
P 124 115 2368879672
P 125 115 2368879672
P 126 115 2385656887
P 127 115 2385591607
P 128 115 2419407926
P 129 115 2436119605
P 130 115 2436119861
P 131 115 2436119861
P 132 115 2452897077
P 133 115 2452831540
P 134 115 2452831796
P 135 115 2452831796
P 136 115 2503360050
P 137 115 2520137265
P 138 115 2520137521
P 139 115 2520071985
P 140 115 2536849201
P 141 115 2536783665
P 142 115 2536783665
P 143 115 2553561136
P 144 115 2620866606
P 145 115 2620801070
P 146 115 2620801326
P 147 115 2637578542
P 148 115 2654290221
P 149 115 2654290221
P 150 115 2671002157
P 151 115 2671002157
P 152 115 2755085099
P 153 115 2755019563
P 154 115 2771796778
P 155 115 2771796778
P 156 115 2788508714
P 157 115 2805285929
P 158 115 2805220393
P 159 115 2805155113
P 160 115 2906015015
P 161 115 2922726695
P 162 115 2922661415
P 163 115 2939438631
P 164 115 2956150310
P 165 115 2972927526
P 166 115 2972862246
P 167 115 2989573925
P 40 116 2400993363
P 41 116 2400993363
P 42 116 2400993363
P 43 116 2400993363
P 44 116 2384216147
P 45 116 2384216147
P 46 116 2384216147
P 47 116 2384216146
P 48 116 2367504465
P 49 116 2367504465
P 50 116 2367504465
P 51 116 2367504465
P 52 116 2367504465
P 53 116 2367504465
P 54 116 2350726992
P 55 116 2350726992
P 56 116 2334080847
P 57 116 2334080847
P 58 116 2334015310
P 59 116 2334015310
P 60 116 2334015310
P 61 116 2334015310
P 62 116 2317238094
P 63 116 2317238094
P 64 116 2317369164
P 65 116 2300591948
P 66 116 2300591948
P 67 116 2300591948
P 68 116 2300591948
P 69 116 2300591948
P 70 116 2300591947
P 71 116 2300591947
P 72 116 2283945802
P 73 116 2283945802
P 74 116 2283945801
P 75 116 2283945545
P 76 116 2283945545
P 77 116 2283945545
P 78 116 2283945545
P 79 116 2283945545
P 80 116 2267299399
P 81 116 2267299399
P 82 116 2267299399
P 83 116 2267299399
P 84 116 2267299398
P 85 116 2267299399
P 86 116 2267299398
P 87 116 2267299398
P 88 116 2267496004
P 89 116 2267496004
P 90 116 2267495748
P 91 116 2267495748
P 92 116 2267495747
P 93 116 2267495748
P 94 116 2267495747
P 95 116 2267430211
P 96 116 2267692353
P 97 116 2267692353
P 98 116 2267626817
P 99 116 2267626817
P 100 116 2267692097
P 101 116 2267626561
P 102 116 2267626561
P 103 116 2267626560
P 104 116 2284665919
P 105 116 2284665919
P 106 116 2284665919
P 107 116 2284665918
P 108 116 2284665918
P 109 116 2284600382
P 110 116 2301377598
P 111 116 2301377341
P 112 116 2318416700
P 113 116 2318416700
P 114 116 2318416699
P 115 116 2318416699
P 116 116 2318416699
P 117 116 2335193915
P 118 116 2335128379
P 119 116 2335128378
P 120 116 2368944953
P 121 116 2368944952
P 122 116 2368879672
P 123 116 2368879672
P 124 116 2368879672
P 125 116 2368879672
P 126 116 2385656887
P 127 116 2385591351
P 128 116 2419407926
P 129 116 2436119605
P 130 116 2436119861
P 131 116 2436119861
P 132 116 2452897077
P 133 116 2452831540
P 134 116 2452831796
P 135 116 2452831796
P 136 116 2503425586
P 137 116 2520137265
P 138 116 2520137521
P 139 116 2520071985
P 140 116 2536849201
P 141 116 2536783665
P 142 116 2536783665
P 143 116 2553560880
P 144 116 2620866606
P 145 116 2620801070
P 146 116 2620801326
P 147 116 2637578542
P 148 116 2654290221
P 149 116 2654290221
P 150 116 2671002157
P 151 116 2671002157
P 152 116 2755084843
P 153 116 2755019563
P 154 116 2771796778
P 155 116 2771796778
P 156 116 2788508458
P 157 116 2805285929
P 158 116 2805220393
P 159 116 2805154857
P 160 116 2906015015
P 161 116 2922726695
P 162 116 2922661415
P 163 116 2939438631
P 164 116 2956150310
P 165 116 2972927526
P 166 116 2972862246
P 167 116 2989573925
P 40 117 2400993363
P 41 117 2400993363
P 42 117 2400993363
P 43 117 2400993363
P 44 117 2384216147
P 45 117 2384216147
P 46 117 2384216147
P 47 117 2384216146
P 48 117 2367504465
P 49 117 2367504465
P 50 117 2367504465
P 51 117 2367504465
P 52 117 2367504465
P 53 117 2367504465
P 54 117 2350726992
P 55 117 2350726992
P 56 117 2334080847
P 57 117 2334080847
P 58 117 2334015310
P 59 117 2334015310
P 60 117 2334015310
P 61 117 2334015310
P 62 117 2317238094
P 63 117 2317238094
P 64 117 2317369164
P 65 117 2300591948
P 66 117 2300591948
P 67 117 2300591948
P 68 117 2300591948
P 69 117 2300591948
P 70 117 2300591947
P 71 117 2300591947
P 72 117 2283945802
P 73 117 2283945802
P 74 117 2283945801
P 75 117 2283945801
P 76 117 2283945545
P 77 117 2283945545
P 78 117 2283945545
P 79 117 2283945545
P 80 117 2267299399
P 81 117 2267299399
P 82 117 2267299399
P 83 117 2267299399
P 84 117 2267299398
P 85 117 2267299398
P 86 117 2267299398
P 87 117 2267299398
P 88 117 2267496004
P 89 117 2267496004
P 90 117 2267495748
P 91 117 2267495748
P 92 117 2267495747
P 93 117 2267495748
P 94 117 2267430211
P 95 117 2267430211
P 96 117 2267692353
P 97 117 2267692353
P 98 117 2267626817
P 99 117 2267626817
P 100 117 2267692097
P 101 117 2267626561
P 102 117 2267626561
P 103 117 2267626560
P 104 117 2284665919
P 105 117 2284665919
P 106 117 2284665919
P 107 117 2284600382
P 108 117 2284665918
P 109 117 2284600382
P 110 117 2301377598
P 111 117 2301377597
P 112 117 2318416700
P 113 117 2318416700
P 114 117 2318416699
P 115 117 2318416699
P 116 117 2318416699
P 117 117 2335193915
P 118 117 2335128379
P 119 117 2335128378
P 120 117 2368944953
P 121 117 2368944952
P 122 117 2368879416
P 123 117 2368879672
P 124 117 2368879672
P 125 117 2368879672
P 126 117 2385656887
P 127 117 2385591351
P 128 117 2419407926
P 129 117 2436185141
P 130 117 2436119605
P 131 117 2436119861
P 132 117 2452897077
P 133 117 2452831540
P 134 117 2452831540
P 135 117 2452831796
P 136 117 2503425586
P 137 117 2520137266
P 138 117 2520137266
P 139 117 2520071985
P 140 117 2536849201
P 141 117 2536783665
P 142 117 2536783665
P 143 117 2553560880
P 144 117 2620866350
P 145 117 2620866606
P 146 117 2620801070
P 147 117 2637578542
P 148 117 2654290221
P 149 117 2654290221
P 150 117 2671001901
P 151 117 2671002157
P 152 117 2755084843
P 153 117 2755084843
P 154 117 2771796778
P 155 117 2771796778
P 156 117 2788508458
P 157 117 2805285673
P 158 117 2805220393
P 159 117 2805154857
P 160 117 2906014759
P 161 117 2922792231
P 162 117 2922661159
P 163 117 2939438631
P 164 117 2956150310
P 165 117 2972927526
P 166 117 2972861990
P 167 117 2989573925
P 40 118 2400993363
P 41 118 2400993363
P 42 118 2400993363
P 43 118 2400993363
P 44 118 2384216147
P 45 118 2384216147
P 46 118 2384216147
P 47 118 2384216146
P 48 118 2367504465
P 49 118 2367504465
P 50 118 2367504465
P 51 118 2367504465
P 52 118 2367504465
P 53 118 2367504465
P 54 118 2350726992
P 55 118 2350726992
P 56 118 2334080847
P 57 118 2334080847
P 58 118 2334015310
P 59 118 2334015310
P 60 118 2334015310
P 61 118 2334015310
P 62 118 2317238094
P 63 118 2317238094
P 64 118 2317369164
P 65 118 2300591948
P 66 118 2300591948
P 67 118 2300591948
P 68 118 2300591948
P 69 118 2300591948
P 70 118 2300591947
P 71 118 2300591947
P 72 118 2283945802
P 73 118 2283945802
P 74 118 2283945801
P 75 118 2283945801
P 76 118 2283945545
P 77 118 2283945545
P 78 118 2283945545
P 79 118 2283945545
P 80 118 2267299399
P 81 118 2267299399
P 82 118 2267299399
P 83 118 2267299399
P 84 118 2267299398
P 85 118 2267299398
P 86 118 2267299398
P 87 118 2267299398
P 88 118 2267496004
P 89 118 2267496004
P 90 118 2267495748
P 91 118 2267495748
P 92 118 2267495747
P 93 118 2267495748
P 94 118 2267430211
P 95 118 2267430211
P 96 118 2267692353
P 97 118 2267626817
P 98 118 2267626817
P 99 118 2267626817
P 100 118 2267626817
P 101 118 2267626817
P 102 118 2267626561
P 103 118 2267626560
P 104 118 2284665919
P 105 118 2284665919
P 106 118 2284665919
P 107 118 2284600382
P 108 118 2284600382
P 109 118 2284600382
P 110 118 2301377598
P 111 118 2301377597
P 112 118 2318416700
P 113 118 2318416700
P 114 118 2318416699
P 115 118 2318416699
P 116 118 2318416699
P 117 118 2335193915
P 118 118 2335128379
P 119 118 2335128378
P 120 118 2368944953
P 121 118 2368944952
P 122 118 2368944952
P 123 118 2368879416
P 124 118 2368879672
P 125 118 2368879672
P 126 118 2385656887
P 127 118 2385591351
P 128 118 2419407926
P 129 118 2436185141
P 130 118 2436185141
P 131 118 2436119605
P 132 118 2452897077
P 133 118 2452831540
P 134 118 2452831540
P 135 118 2452831540
P 136 118 2503425586
P 137 118 2520137266
P 138 118 2520137266
P 139 118 2520071729
P 140 118 2536849201
P 141 118 2536783665
P 142 118 2536783665
P 143 118 2553560880
P 144 118 2620866350
P 145 118 2620866606
P 146 118 2620801070
P 147 118 2637578286
P 148 118 2654290222
P 149 118 2654290222
P 150 118 2671001901
P 151 118 2671001901
P 152 118 2755084843
P 153 118 2755084843
P 154 118 2771796522
P 155 118 2771796778
P 156 118 2788508458
P 157 118 2805285673
P 158 118 2805220138
P 159 118 2805154858
P 160 118 2906014759
P 161 118 2922792231
P 162 118 2922726695
P 163 118 2939438375
P 164 118 2956150310
P 165 118 2972927526
P 166 118 2972861990
P 167 118 2989573925
P 40 119 2400993363
P 41 119 2400993363
P 42 119 2400993363
P 43 119 2400993363
P 44 119 2384216147
P 45 119 2384216147
P 46 119 2384216147
P 47 119 2384216146
P 48 119 2367504465
P 49 119 2367504465
P 50 119 2367504465
P 51 119 2367504465
P 52 119 2367504465
P 53 119 2367504465
P 54 119 2350727248
P 55 119 2350726992
P 56 119 2334080847
P 57 119 2334080847
P 58 119 2334015310
P 59 119 2334015310
P 60 119 2334015310
P 61 119 2334015310
P 62 119 2317238094
P 63 119 2317238094
P 64 119 2317369164
P 65 119 2300591948
P 66 119 2300591948
P 67 119 2300591948
P 68 119 2300591948
P 69 119 2300591948
P 70 119 2300591947
P 71 119 2300591947
P 72 119 2283945802
P 73 119 2283945802
P 74 119 2283945801
P 75 119 2283945801
P 76 119 2283945545
P 77 119 2283945545
P 78 119 2283945545
P 79 119 2283945545
P 80 119 2267299399
P 81 119 2267299399
P 82 119 2267299399
P 83 119 2267299399
P 84 119 2267299398
P 85 119 2267299398
P 86 119 2267299398
P 87 119 2267299398
P 88 119 2267430468
P 89 119 2267496004
P 90 119 2267495748
P 91 119 2267495748
P 92 119 2267495747
P 93 119 2267430212
P 94 119 2267430211
P 95 119 2267430211
P 96 119 2267626817
P 97 119 2267626817
P 98 119 2267626817
P 99 119 2267626817
P 100 119 2267626817
P 101 119 2267626817
P 102 119 2267626817
P 103 119 2267626560
P 104 119 2284665919
P 105 119 2284665919
P 106 119 2284600383
P 107 119 2284600382
P 108 119 2284600382
P 109 119 2284600382
P 110 119 2301377598
P 111 119 2301377597
P 112 119 2318416700
P 113 119 2318416700
P 114 119 2318416699
P 115 119 2318416699
P 116 119 2318416699
P 117 119 2335128379
P 118 119 2335128379
P 119 119 2335128378
P 120 119 2368944697
P 121 119 2368944952
P 122 119 2368944952
P 123 119 2368879416
P 124 119 2368879416
P 125 119 2368879672
P 126 119 2385656887
P 127 119 2385591351
P 128 119 2419407926
P 129 119 2436185141
P 130 119 2436185141
P 131 119 2436119605
P 132 119 2452896821
P 133 119 2452831540
P 134 119 2452831540
P 135 119 2452831540
P 136 119 2503425330
P 137 119 2520137266
P 138 119 2520137266
P 139 119 2520137265
P 140 119 2536848945
P 141 119 2536783665
P 142 119 2536783665
P 143 119 2553560880
P 144 119 2620866350
P 145 119 2620866350
P 146 119 2620801070
P 147 119 2637578286
P 148 119 2654289966
P 149 119 2654290222
P 150 119 2671001901
P 151 119 2671001901
P 152 119 2755084587
P 153 119 2755084843
P 154 119 2771796522
P 155 119 2771796522
P 156 119 2788508458
P 157 119 2805285674
P 158 119 2805220138
P 159 119 2805154602
P 160 119 2906014759
P 161 119 2922791975
P 162 119 2922726695
P 163 119 2939503911
P 164 119 2956150054
P 165 119 2972927526
P 166 119 2972861990
P 167 119 2989573926
P 40 120 2400993619
P 41 120 2384216403
P 42 120 2384216403
P 43 120 2384216403
P 44 120 2384216402
P 45 120 2384216402
P 46 120 2384216402
P 47 120 2384216402
P 48 120 2367504721
P 49 120 2367504721
P 50 120 2367504721
P 51 120 2350727504
P 52 120 2350727504
P 53 120 2350727504
P 54 120 2350727504
P 55 120 2350727504
P 56 120 2334015822
P 57 120 2334015822
P 58 120 2334015822
P 59 120 2317238606
P 60 120 2317238606
P 61 120 2317238606
P 62 120 2317238605
P 63 120 2317238605
P 64 120 2300592460
P 65 120 2300592204
P 66 120 2300592204
P 67 120 2300592203
P 68 120 2300592203
P 69 120 2300592203
P 70 120 2300592203
P 71 120 2300592203
P 72 120 2283946058
P 73 120 2283946057
P 74 120 2283946057
P 75 120 2283946057
P 76 120 2283946057
P 77 120 2283946056
P 78 120 2283946056
P 79 120 2283946056
P 80 120 2267299911
P 81 120 2267299911
P 82 120 2267299910
P 83 120 2267299910
P 84 120 2267299910
P 85 120 2267299910
P 86 120 2267299910
P 87 120 2267299910
P 88 120 2267496516
P 89 120 2267496260
P 90 120 2267496260
P 91 120 2267496259
P 92 120 2267496259
P 93 120 2267496259
P 94 120 2267496259
P 95 120 2267496259
P 96 120 2267627329
P 97 120 2267692865
P 98 120 2267692865
P 99 120 2267627329
P 100 120 2267627328
P 101 120 2267627328
P 102 120 2284404544
P 103 120 2284404544
P 104 120 2284666430
P 105 120 2284666430
P 106 120 2284666430
P 107 120 2301378110
P 108 120 2301378109
P 109 120 2301378109
P 110 120 2301378109
P 111 120 2301378109
P 112 120 2318417467
P 113 120 2318417467
P 114 120 2335194683
P 115 120 2335194683
P 116 120 2335194683
P 117 120 2335194426
P 118 120 2335194426
P 119 120 2335194426
P 120 120 2368945464
P 121 120 2368945464
P 122 120 2368945720
P 123 120 2385722936
P 124 120 2385657399
P 125 120 2385657399
P 126 120 2385657399
P 127 120 2402434871
P 128 120 2436251445
P 129 120 2452963125
P 130 120 2452963125
P 131 120 2452897589
P 132 120 2452897844
P 133 120 2469675060
P 134 120 2469675060
P 135 120 2469609780
P 136 120 2520203569
P 137 120 2536980785
P 138 120 2536915249
P 139 120 2536915505
P 140 120 2553692720
P 141 120 2570404400
P 142 120 2570338864
P 143 120 2570339120
P 144 120 2637710126
P 145 120 2654421806
P 146 120 2654422062
P 147 120 2671199277
P 148 120 2671133741
P 149 120 2671068205
P 150 120 2687845677
P 151 120 2704557612
P 152 120 2771928619
P 153 120 2788640298
P 154 120 2805417770
P 155 120 2805417770
P 156 120 2805352234
P 157 120 2822063913
P 158 120 2838775849
P 159 120 2855553321
P 160 120 2939636007
P 161 120 2956347687
P 162 120 2973125159
P 163 120 2973059622
P 164 120 2989771558
P 165 120 2989706022
P 166 120 3006417958
P 167 120 3023195173
P 40 121 2400993619
P 41 121 2384216403
P 42 121 2384216403
P 43 121 2384216403
P 44 121 2384216402
P 45 121 2384216402
P 46 121 2384216402
P 47 121 2384216402
P 48 121 2367504721
P 49 121 2367504721
P 50 121 2367504721
P 51 121 2350727504
P 52 121 2350727504
P 53 121 2350727504
P 54 121 2350727504
P 55 121 2350727504
P 56 121 2334015822
P 57 121 2334015822
P 58 121 2334015822
P 59 121 2317238606
P 60 121 2317238606
P 61 121 2317238606
P 62 121 2317238605
P 63 121 2317238605
P 64 121 2300592460
P 65 121 2300592460
P 66 121 2300592204
P 67 121 2300592203
P 68 121 2300592203
P 69 121 2300592203
P 70 121 2300592203
P 71 121 2300592203
P 72 121 2283946058
P 73 121 2283946313
P 74 121 2283946057
P 75 121 2283946057
P 76 121 2283946057
P 77 121 2283946056
P 78 121 2283946056
P 79 121 2283946056
P 80 121 2267299911
P 81 121 2267299911
P 82 121 2267299910
P 83 121 2267299910
P 84 121 2267299910
P 85 121 2267299910
P 86 121 2267299910
P 87 121 2267299910
P 88 121 2267496516
P 89 121 2267496516
P 90 121 2267496260
P 91 121 2267496259
P 92 121 2267430723
P 93 121 2267496259
P 94 121 2267496259
P 95 121 2267430723
P 96 121 2267627329
P 97 121 2267692865
P 98 121 2267627329
P 99 121 2267627329
P 100 121 2267627328
P 101 121 2267627328
P 102 121 2284404544
P 103 121 2284404544
P 104 121 2284666430
P 105 121 2284666430
P 106 121 2284600894
P 107 121 2301378110
P 108 121 2301378109
P 109 121 2301378109
P 110 121 2301378109
P 111 121 2301378109
P 112 121 2318417467
P 113 121 2318417467
P 114 121 2335194683
P 115 121 2335194683
P 116 121 2335129147
P 117 121 2335194682
P 118 121 2335194426
P 119 121 2335128890
P 120 121 2368945464
P 121 121 2368945464
P 122 121 2368945464
P 123 121 2385722936
P 124 121 2385657399
P 125 121 2385657399
P 126 121 2385657399
P 127 121 2402434615
P 128 121 2436251189
P 129 121 2452963125
P 130 121 2452963125
P 131 121 2452897589
P 132 121 2452897588
P 133 121 2469675060
P 134 121 2469675060
P 135 121 2469609524
P 136 121 2520203569
P 137 121 2536980785
P 138 121 2536915249
P 139 121 2536915249
P 140 121 2553692721
P 141 121 2570404401
P 142 121 2570338864
P 143 121 2570338864
P 144 121 2637710126
P 145 121 2654421806
P 146 121 2654421806
P 147 121 2671199277
P 148 121 2671133741
P 149 121 2671133741
P 150 121 2687845421
P 151 121 2704557357
P 152 121 2771928619
P 153 121 2788640298
P 154 121 2805417514
P 155 121 2805417770
P 156 121 2805352234
P 157 121 2822129449
P 158 121 2838775593
P 159 121 2855553065
P 160 121 2939636007
P 161 121 2956347687
P 162 121 2973124903
P 163 121 2973059622
P 164 121 2989771302
P 165 121 2989771558
P 166 121 3006417702
P 167 121 3023195173
P 40 122 2400993619
P 41 122 2384216403
P 42 122 2384216403
P 43 122 2384216403
P 44 122 2384216402
P 45 122 2384216402
P 46 122 2384216402
P 47 122 2384216402
P 48 122 2367504721
P 49 122 2367504721
P 50 122 2367504721
P 51 122 2350727504
P 52 122 2350727504
P 53 122 2350727504
P 54 122 2350727504
P 55 122 2350727504
P 56 122 2334015822
P 57 122 2334015822
P 58 122 2334015822
P 59 122 2317238606
P 60 122 2317238606
P 61 122 2317238606
P 62 122 2317238605
P 63 122 2317238605
P 64 122 2300592460
P 65 122 2300592460
P 66 122 2300592460
P 67 122 2300592459
P 68 122 2300592203
P 69 122 2300592203
P 70 122 2300592203
P 71 122 2300592203
P 72 122 2283946058
P 73 122 2283946313
P 74 122 2283946313
P 75 122 2283946313
P 76 122 2283946057
P 77 122 2283946056
P 78 122 2283946056
P 79 122 2283946056
P 80 122 2267299911
P 81 122 2267299911
P 82 122 2267299910
P 83 122 2267299910
P 84 122 2267299910
P 85 122 2267299910
P 86 122 2267299910
P 87 122 2267299910
P 88 122 2267496516
P 89 122 2267496516
P 90 122 2267496516
P 91 122 2267430979
P 92 122 2267430723
P 93 122 2267496259
P 94 122 2267496259
P 95 122 2267430723
P 96 122 2267627329
P 97 122 2267692865
P 98 122 2267627329
P 99 122 2267627329
P 100 122 2267627328
P 101 122 2267627328
P 102 122 2284404544
P 103 122 2284404544
P 104 122 2284600894
P 105 122 2284666430
P 106 122 2284600894
P 107 122 2301378110
P 108 122 2301378109
P 109 122 2301378109
P 110 122 2301378109
P 111 122 2301378109
P 112 122 2318417467
P 113 122 2318417467
P 114 122 2335194683
P 115 122 2335129147
P 116 122 2335129147
P 117 122 2335194682
P 118 122 2335194682
P 119 122 2335129146
P 120 122 2368945464
P 121 122 2368945464
P 122 122 2368945464
P 123 122 2385722936
P 124 122 2385657399
P 125 122 2385657399
P 126 122 2385657399
P 127 122 2402434615
P 128 122 2436251189
P 129 122 2452962869
P 130 122 2452963125
P 131 122 2452897589
P 132 122 2452897588
P 133 122 2469674804
P 134 122 2469675060
P 135 122 2469609524
P 136 122 2520203313
P 137 122 2536980785
P 138 122 2536915249
P 139 122 2536915249
P 140 122 2553692465
P 141 122 2570404401
P 142 122 2570404400
P 143 122 2570338864
P 144 122 2637709870
P 145 122 2654421806
P 146 122 2654421806
P 147 122 2671199277
P 148 122 2671133741
P 149 122 2671133741
P 150 122 2687845421
P 151 122 2704557357
P 152 122 2771928363
P 153 122 2788640298
P 154 122 2805417514
P 155 122 2805417770
P 156 122 2805352234
P 157 122 2822129449
P 158 122 2838841129
P 159 122 2855553065
P 160 122 2939636007
P 161 122 2956347687
P 162 122 2973124903
P 163 122 2973059622
P 164 122 2989771302
P 165 122 2989771302
P 166 122 3006483238
P 167 122 3023195173
P 40 123 2400993619
P 41 123 2384216403
P 42 123 2384216403
P 43 123 2384216403
P 44 123 2384216402
P 45 123 2384216402
P 46 123 2384216402
P 47 123 2384216402
P 48 123 2367504721
P 49 123 2367504721
P 50 123 2367504721
P 51 123 2350727504
P 52 123 2350727504
P 53 123 2350727504
P 54 123 2350727504
P 55 123 2350727504
P 56 123 2334015822
P 57 123 2334015822
P 58 123 2334015822
P 59 123 2317238606
P 60 123 2317238606
P 61 123 2317238606
P 62 123 2317238605
P 63 123 2317238605
P 64 123 2300592460
P 65 123 2300592460
P 66 123 2300592460
P 67 123 2300592459
P 68 123 2300592459
P 69 123 2300592203
P 70 123 2300592203
P 71 123 2300592203
P 72 123 2283946058
P 73 123 2283946313
P 74 123 2283946313
P 75 123 2283946313
P 76 123 2283946313
P 77 123 2283946056
P 78 123 2283946056
P 79 123 2283946056
P 80 123 2267299911
P 81 123 2267299911
P 82 123 2267299910
P 83 123 2267299910
P 84 123 2267299910
P 85 123 2267299910
P 86 123 2267299910
P 87 123 2267299910
P 88 123 2267496516
P 89 123 2267496516
P 90 123 2267496516
P 91 123 2267430979
P 92 123 2267430979
P 93 123 2267496259
P 94 123 2267430723
P 95 123 2267430723
P 96 123 2267627329
P 97 123 2267627329
P 98 123 2267627329
P 99 123 2267627329
P 100 123 2267627328
P 101 123 2267627328
P 102 123 2284404544
P 103 123 2284404544
P 104 123 2284601150
P 105 123 2284600894
P 106 123 2284600894
P 107 123 2301378110
P 108 123 2301378109
P 109 123 2301378109
P 110 123 2301378109
P 111 123 2301378109
P 112 123 2318417467
P 113 123 2318417467
P 114 123 2335194683
P 115 123 2335129147
P 116 123 2335129147
P 117 123 2335194682
P 118 123 2335129146
P 119 123 2335129146
P 120 123 2368945720
P 121 123 2368945464
P 122 123 2368945464
P 123 123 2385722680
P 124 123 2385657399
P 125 123 2385657399
P 126 123 2385657399
P 127 123 2402434615
P 128 123 2436251189
P 129 123 2452962869
P 130 123 2452962869
P 131 123 2452897589
P 132 123 2452897588
P 133 123 2469674804
P 134 123 2469674804
P 135 123 2469675060
P 136 123 2520203314
P 137 123 2536980530
P 138 123 2536915249
P 139 123 2536915249
P 140 123 2553692465
P 141 123 2570404145
P 142 123 2570404400
P 143 123 2570338864
P 144 123 2637709870
P 145 123 2654421550
P 146 123 2654421806
P 147 123 2671199022
P 148 123 2671133742
P 149 123 2671133741
P 150 123 2687845421
P 151 123 2704622637
P 152 123 2771928363
P 153 123 2788640042
P 154 123 2805417514
P 155 123 2805417514
P 156 123 2805352234
P 157 123 2822129450
P 158 123 2838841130
P 159 123 2855553065
P 160 123 2939636007
P 161 123 2956347687
P 162 123 2973124903
P 163 123 2973059366
P 164 123 2989771302
P 165 123 2989771302
P 166 123 3006482982
P 167 123 3023194917
P 40 124 2400993619
P 41 124 2384216403
P 42 124 2384216403
P 43 124 2384216403
P 44 124 2384216402
P 45 124 2384216402
P 46 124 2384216402
P 47 124 2384216402
P 48 124 2367504721
P 49 124 2367504721
P 50 124 2367504721
P 51 124 2350727504
P 52 124 2350727504
P 53 124 2350727504
P 54 124 2350727504
P 55 124 2350727504
P 56 124 2334015822
P 57 124 2334015822
P 58 124 2334015822
P 59 124 2317238606
P 60 124 2317238606
P 61 124 2317238606
P 62 124 2317238605
P 63 124 2317238605
P 64 124 2300592460
P 65 124 2300592460
P 66 124 2300592460
P 67 124 2300592459
P 68 124 2300592459
P 69 124 2300592459
P 70 124 2300592459
P 71 124 2300592203
P 72 124 2283946058
P 73 124 2283946313
P 74 124 2283946313
P 75 124 2283946313
P 76 124 2283946313
P 77 124 2283946312
P 78 124 2283946312
P 79 124 2283946056
P 80 124 2267299911
P 81 124 2267299911
P 82 124 2267299910
P 83 124 2267299910
P 84 124 2267299910
P 85 124 2267299910
P 86 124 2267299910
P 87 124 2267299910
P 88 124 2267496516
P 89 124 2267496516
P 90 124 2267430980
P 91 124 2267430979
P 92 124 2267430979
P 93 124 2267430979
P 94 124 2267430979
P 95 124 2267430723
P 96 124 2267627329
P 97 124 2267627329
P 98 124 2267627329
P 99 124 2267627329
P 100 124 2267627328
P 101 124 2267627328
P 102 124 2284404544
P 103 124 2284404544
P 104 124 2284601150
P 105 124 2284601150
P 106 124 2284601150
P 107 124 2301378110
P 108 124 2301378109
P 109 124 2301378109
P 110 124 2301378109
P 111 124 2301378109
P 112 124 2318417467
P 113 124 2318417467
P 114 124 2335129147
P 115 124 2335129147
P 116 124 2335129147
P 117 124 2335129146
P 118 124 2335129146
P 119 124 2335129146
P 120 124 2368945720
P 121 124 2368945720
P 122 124 2368945720
P 123 124 2385722680
P 124 124 2385657143
P 125 124 2385657399
P 126 124 2385657399
P 127 124 2402434615
P 128 124 2436251189
P 129 124 2452962869
P 130 124 2452962869
P 131 124 2452897333
P 132 124 2452897588
P 133 124 2469674804
P 134 124 2469674804
P 135 124 2469674804
P 136 124 2520268850
P 137 124 2536980530
P 138 124 2536915249
P 139 124 2536915249
P 140 124 2553692465
P 141 124 2570404145
P 142 124 2570404400
P 143 124 2570338864
P 144 124 2637709871
P 145 124 2654421550
P 146 124 2654421806
P 147 124 2671199022
P 148 124 2671133486
P 149 124 2671133741
P 150 124 2687845421
P 151 124 2704622637
P 152 124 2771928363
P 153 124 2788640042
P 154 124 2805417514
P 155 124 2805417515
P 156 124 2805351978
P 157 124 2822129450
P 158 124 2838841130
P 159 124 2855553065
P 160 124 2939635751
P 161 124 2956347687
P 162 124 2973124903
P 163 124 2973059366
P 164 124 2989771046
P 165 124 2989771303
P 166 124 3006482982
P 167 124 3023194662
P 40 125 2400993619
P 41 125 2384216403
P 42 125 2384216403
P 43 125 2384216403
P 44 125 2384216402
P 45 125 2384216402
P 46 125 2384216402
P 47 125 2384216402
P 48 125 2367504721
P 49 125 2367504721
P 50 125 2367504721
P 51 125 2350727504
P 52 125 2350727504
P 53 125 2350727504
P 54 125 2350727504
P 55 125 2350727504
P 56 125 2334015822
P 57 125 2334015822
P 58 125 2334015822
P 59 125 2317238606
P 60 125 2317238606
P 61 125 2317238606
P 62 125 2317238605
P 63 125 2317238605
P 64 125 2300592460
P 65 125 2300592460
P 66 125 2300592460
P 67 125 2300592459
P 68 125 2300592459
P 69 125 2300592459
P 70 125 2300592459
P 71 125 2300592459
P 72 125 2283946058
P 73 125 2283946313
P 74 125 2283946313
P 75 125 2283946313
P 76 125 2283946313
P 77 125 2283946312
P 78 125 2283946312
P 79 125 2283946312
P 80 125 2267299911
P 81 125 2267299911
P 82 125 2267299910
P 83 125 2267299910
P 84 125 2267299910
P 85 125 2267299910
P 86 125 2267299910
P 87 125 2267299910
P 88 125 2267496516
P 89 125 2267496516
P 90 125 2267430980
P 91 125 2267430979
P 92 125 2267430979
P 93 125 2267430979
P 94 125 2267430979
P 95 125 2267430979
P 96 125 2267627329
P 97 125 2267627329
P 98 125 2267627329
P 99 125 2267627329
P 100 125 2267627328
P 101 125 2267627328
P 102 125 2284404544
P 103 125 2284404544
P 104 125 2284601150
P 105 125 2284601150
P 106 125 2284601150
P 107 125 2301378366
P 108 125 2301378109
P 109 125 2301378109
P 110 125 2301378109
P 111 125 2301378109
P 112 125 2318351931
P 113 125 2318417467
P 114 125 2335129147
P 115 125 2335129147
P 116 125 2335129147
P 117 125 2335129146
P 118 125 2335129146
P 119 125 2335129146
P 120 125 2368945720
P 121 125 2368945720
P 122 125 2368945720
P 123 125 2385657400
P 124 125 2385657143
P 125 125 2385657143
P 126 125 2385657399
P 127 125 2402434615
P 128 125 2436250933
P 129 125 2453028405
P 130 125 2452962869
P 131 125 2452897333
P 132 125 2452897332
P 133 125 2469674804
P 134 125 2469674804
P 135 125 2469674804
P 136 125 2520268594
P 137 125 2536980530
P 138 125 2536914993
P 139 125 2536915249
P 140 125 2553692465
P 141 125 2570404145
P 142 125 2570404144
P 143 125 2570338864
P 144 125 2637709871
P 145 125 2654487086
P 146 125 2654421550
P 147 125 2671199022
P 148 125 2671133486
P 149 125 2671133485
P 150 125 2687845421
P 151 125 2704622637
P 152 125 2771928363
P 153 125 2788705579
P 154 125 2805417259
P 155 125 2805417515
P 156 125 2805351978
P 157 125 2822129194
P 158 125 2838841130
P 159 125 2855553065
P 160 125 2939635751
P 161 125 2956412967
P 162 125 2973124903
P 163 125 2973059367
P 164 125 2989771047
P 165 125 2989771047
P 166 125 3006482982
P 167 125 3023194662
P 40 126 2400993619
P 41 126 2384216403
P 42 126 2384216403
P 43 126 2384216403
P 44 126 2384216402
P 45 126 2384216402
P 46 126 2384216402
P 47 126 2384216402
P 48 126 2367504721
P 49 126 2367504721
P 50 126 2367504721
P 51 126 2350727504
P 52 126 2350727504
P 53 126 2350727504
P 54 126 2350727504
P 55 126 2350727504
P 56 126 2334015822
P 57 126 2334015822
P 58 126 2334015822
P 59 126 2317238606
P 60 126 2317238606
P 61 126 2317238606
P 62 126 2317238605
P 63 126 2317238605
P 64 126 2300592460
P 65 126 2300592460
P 66 126 2300592460
P 67 126 2300592459
P 68 126 2300592459
P 69 126 2300592459
P 70 126 2300592459
P 71 126 2300592459
P 72 126 2283946313
P 73 126 2283946313
P 74 126 2283946313
P 75 126 2283946313
P 76 126 2283946313
P 77 126 2283946312
P 78 126 2283946312
P 79 126 2283946312
P 80 126 2267300167
P 81 126 2267300167
P 82 126 2267299910
P 83 126 2267299910
P 84 126 2267299910
P 85 126 2267299910
P 86 126 2267299910
P 87 126 2267299910
P 88 126 2267496516
P 89 126 2267430980
P 90 126 2267430980
P 91 126 2267430979
P 92 126 2267430979
P 93 126 2267430979
P 94 126 2267430979
P 95 126 2267430979
P 96 126 2267627585
P 97 126 2267627585
P 98 126 2267627329
P 99 126 2267627329
P 100 126 2267627328
P 101 126 2267627328
P 102 126 2284404544
P 103 126 2284404544
P 104 126 2284601150
P 105 126 2284601150
P 106 126 2284601150
P 107 126 2301378366
P 108 126 2301378365
P 109 126 2301378365
P 110 126 2301378109
P 111 126 2301378109
P 112 126 2318351931
P 113 126 2318351931
P 114 126 2335129147
P 115 126 2335129147
P 116 126 2335129147
P 117 126 2335129146
P 118 126 2335129146
P 119 126 2335129146
P 120 126 2368945720
P 121 126 2368945720
P 122 126 2368945720
P 123 126 2385657400
P 124 126 2385657399
P 125 126 2385657399
P 126 126 2385657143
P 127 126 2402434615
P 128 126 2436250933
P 129 126 2453028405
P 130 126 2452962869
P 131 126 2452897333
P 132 126 2452897332
P 133 126 2469674804
P 134 126 2469674804
P 135 126 2469674804
P 136 126 2520268594
P 137 126 2536980530
P 138 126 2536980529
P 139 126 2536914993
P 140 126 2553692465
P 141 126 2570404145
P 142 126 2570404144
P 143 126 2570338608
P 144 126 2637709871
P 145 126 2654487086
P 146 126 2654421550
P 147 126 2671198766
P 148 126 2671133486
P 149 126 2671133485
P 150 126 2687845165
P 151 126 2704622637
P 152 126 2771928363
P 153 126 2788705579
P 154 126 2805417259
P 155 126 2805417259
P 156 126 2805351978
P 157 126 2822129194
P 158 126 2838840874
P 159 126 2855552809
P 160 126 2939635751
P 161 126 2956412968
P 162 126 2973124647
P 163 126 2973059367
P 164 126 2989771047
P 165 126 2989771047
P 166 126 3006482726
P 167 126 3023194662
P 40 127 2400993619
P 41 127 2384216403
P 42 127 2384216403
P 43 127 2384216403
P 44 127 2384216402
P 45 127 2384216402
P 46 127 2384216402
P 47 127 2384216402
P 48 127 2367504721
P 49 127 2367504721
P 50 127 2367504721
P 51 127 2350727504
P 52 127 2350727504
P 53 127 2350727504
P 54 127 2350727504
P 55 127 2350727504
P 56 127 2334015822
P 57 127 2334015822
P 58 127 2334015822
P 59 127 2317238606
P 60 127 2317238606
P 61 127 2317238606
P 62 127 2317238605
P 63 127 2317238605
P 64 127 2300592460
P 65 127 2300592460
P 66 127 2300592460
P 67 127 2300592459
P 68 127 2300592459
P 69 127 2300592459
P 70 127 2300592459
P 71 127 2300592459
P 72 127 2283946313
P 73 127 2283946313
P 74 127 2283946313
P 75 127 2283946313
P 76 127 2283946313
P 77 127 2283946312
P 78 127 2283946312
P 79 127 2283946312
P 80 127 2267300167
P 81 127 2267300167
P 82 127 2267300166
P 83 127 2267299910
P 84 127 2267299910
P 85 127 2267299910
P 86 127 2267299910
P 87 127 2267299910
P 88 127 2267430980
P 89 127 2267430980
P 90 127 2267430980
P 91 127 2267430979
P 92 127 2267430979
P 93 127 2267430979
P 94 127 2267430979
P 95 127 2267430979
P 96 127 2267627585
P 97 127 2267627585
P 98 127 2267627585
P 99 127 2267627329
P 100 127 2267627328
P 101 127 2267627328
P 102 127 2284404544
P 103 127 2284404544
P 104 127 2284601150
P 105 127 2284601150
P 106 127 2284601150
P 107 127 2301378366
P 108 127 2301378365
P 109 127 2301378365
P 110 127 2301378365
P 111 127 2301378109
P 112 127 2318351931
P 113 127 2318351931
P 114 127 2335129147
P 115 127 2335129147
P 116 127 2335129147
P 117 127 2335129146
P 118 127 2335129146
P 119 127 2335129146
P 120 127 2368880184
P 121 127 2368945720
P 122 127 2368880184
P 123 127 2385657400
P 124 127 2385657399
P 125 127 2385657399
P 126 127 2385657399
P 127 127 2402434359
P 128 127 2436250933
P 129 127 2453028149
P 130 127 2452962869
P 131 127 2452962869
P 132 127 2452897332
P 133 127 2469674548
P 134 127 2469674804
P 135 127 2469674804
P 136 127 2520268594
P 137 127 2536980274
P 138 127 2536980529
P 139 127 2536914993
P 140 127 2553692209
P 141 127 2570404145
P 142 127 2570404144
P 143 127 2570338608
P 144 127 2637709615
P 145 127 2654487086
P 146 127 2654421550
P 147 127 2671198766
P 148 127 2671133230
P 149 127 2671133485
P 150 127 2687845165
P 151 127 2704622381
P 152 127 2771928107
P 153 127 2788705579
P 154 127 2805417259
P 155 127 2805417259
P 156 127 2805351722
P 157 127 2822129194
P 158 127 2838840874
P 159 127 2855552553
P 160 127 2939635496
P 161 127 2956412968
P 162 127 2973124647
P 163 127 2973124647
P 164 127 2989771047
P 165 127 2989771047
P 166 127 3006482726
P 167 127 3023194662
P 40 128 2384216658
P 41 128 2384216658
P 42 128 2384216658
P 43 128 2384216658
P 44 128 2384216658
P 45 128 2384216658
P 46 128 2367439442
P 47 128 2367439442
P 48 128 2350727760
P 49 128 2350727760
P 50 128 2350727760
P 51 128 2350727760
P 52 128 2350727760
P 53 128 2350727760
P 54 128 2350727760
P 55 128 2333950543
P 56 128 2317239118
P 57 128 2317238862
P 58 128 2317238861
P 59 128 2317238861
P 60 128 2317238861
P 61 128 2317238861
P 62 128 2317238861
P 63 128 2317238861
P 64 128 2300592971
P 65 128 2300592715
P 66 128 2300592971
P 67 128 2300592971
P 68 128 2300592971
P 69 128 2300592715
P 70 128 2283815498
P 71 128 2283815498
P 72 128 2283946825
P 73 128 2283946569
P 74 128 2283946568
P 75 128 2283946568
P 76 128 2283946568
P 77 128 2283946568
P 78 128 2267169352
P 79 128 2267169352
P 80 128 2267300678
P 81 128 2267300422
P 82 128 2267300422
P 83 128 2267300422
P 84 128 2267300422
P 85 128 2267300421
P 86 128 2267300421
P 87 128 2267300421
P 88 128 2267431491
P 89 128 2267431491
P 90 128 2267497027
P 91 128 2267431491
P 92 128 2267431491
P 93 128 2267431490
P 94 128 2267431490
P 95 128 2267431490
P 96 128 2267628097
P 97 128 2267628096
P 98 128 2267628096
P 99 128 2284405312
P 100 128 2284405312
P 101 128 2284405056
P 102 128 2284405056
P 103 128 2284405056
P 104 128 2301379134
P 105 128 2301379133
P 106 128 2301379134
P 107 128 2301379133
P 108 128 2301379133
P 109 128 2301378877
P 110 128 2301378877
P 111 128 2301378877
P 112 128 2335129915
P 113 128 2335129915
P 114 128 2335195450
P 115 128 2335129914
P 116 128 2335129914
P 117 128 2351907130
P 118 128 2351907130
P 119 128 2351907129
P 120 128 2385723704
P 121 128 2385657911
P 122 128 2385657911
P 123 128 2385657911
P 124 128 2402500663
P 125 128 2402435127
P 126 128 2402435127
P 127 128 2419212343
P 128 128 2453028917
P 129 128 2453028917
P 130 128 2469806389
P 131 128 2469740852
P 132 128 2469740852
P 133 128 2486452532
P 134 128 2486452788
P 135 128 2503230003
P 136 128 2537046578
P 137 128 2553758258
P 138 128 2570535729
P 139 128 2570535729
P 140 128 2570535985
P 141 128 2587247665
P 142 128 2587182128
P 143 128 2603959600
P 144 128 2671330862
P 145 128 2671265326
P 146 128 2671265326
P 147 128 2687977006
P 148 128 2704754477
P 149 128 2704688941
P 150 128 2704689197
P 151 128 2721400877
P 152 128 2805549355
P 153 128 2805483818
P 154 128 2822261034
P 155 128 2838972714
P 156 128 2855750186
P 157 128 2855684650
P 158 128 2855619370
P 159 128 2872396585
P 160 128 2973256743
P 161 128 2989968423
P 162 128 3006745894
P 163 128 3006680614
P 164 128 3023392295
P 165 128 3040103974
P 166 128 3040038694
P 167 128 3056816166
P 40 129 2384216658
P 41 129 2384216658
P 42 129 2384216658
P 43 129 2384216658
P 44 129 2384216658
P 45 129 2384216658
P 46 129 2367439442
P 47 129 2367439442
P 48 129 2350727760
P 49 129 2350727760
P 50 129 2350727760
P 51 129 2350727760
P 52 129 2350727760
P 53 129 2350727760
P 54 129 2350727760
P 55 129 2333950543
P 56 129 2317239118
P 57 129 2317239118
P 58 129 2317238861
P 59 129 2317238861
P 60 129 2317238861
P 61 129 2317238861
P 62 129 2317238861
P 63 129 2317238861
P 64 129 2300592971
P 65 129 2300592971
P 66 129 2300592971
P 67 129 2300592971
P 68 129 2300592971
P 69 129 2300592971
P 70 129 2283815498
P 71 129 2283815498
P 72 129 2283946825
P 73 129 2283946825
P 74 129 2283946568
P 75 129 2283946568
P 76 129 2283946568
P 77 129 2283946568
P 78 129 2267169352
P 79 129 2267169352
P 80 129 2267300678
P 81 129 2267300678
P 82 129 2267300422
P 83 129 2267300422
P 84 129 2267300422
P 85 129 2267300421
P 86 129 2267300421
P 87 129 2267300421
P 88 129 2267431491
P 89 129 2267431491
P 90 129 2267431491
P 91 129 2267431491
P 92 129 2267431491
P 93 129 2267431490
P 94 129 2267431490
P 95 129 2267431490
P 96 129 2267628097
P 97 129 2267628096
P 98 129 2267628096
P 99 129 2284405312
P 100 129 2284405312
P 101 129 2284405312
P 102 129 2284405056
P 103 129 2284405056
P 104 129 2301379134
P 105 129 2301379133
P 106 129 2301379134
P 107 129 2301379133
P 108 129 2301379133
P 109 129 2301379133
P 110 129 2301378877
P 111 129 2301378877
P 112 129 2335129915
P 113 129 2335129915
P 114 129 2335129914
P 115 129 2335129914
P 116 129 2335129914
P 117 129 2351907130
P 118 129 2351907130
P 119 129 2351907129
P 120 129 2385723704
P 121 129 2385658167
P 122 129 2385657911
P 123 129 2385657911
P 124 129 2402435127
P 125 129 2402435127
P 126 129 2402435127
P 127 129 2419212343
P 128 129 2453028917
P 129 129 2453028917
P 130 129 2469806133
P 131 129 2469740852
P 132 129 2469740852
P 133 129 2486518068
P 134 129 2486452532
P 135 129 2503230003
P 136 129 2537046578
P 137 129 2553758258
P 138 129 2570535473
P 139 129 2570535729
P 140 129 2570535729
P 141 129 2587247665
P 142 129 2587182128
P 143 129 2603959344
P 144 129 2671330606
P 145 129 2671265326
P 146 129 2671265326
P 147 129 2687977006
P 148 129 2704754221
P 149 129 2704754477
P 150 129 2704688941
P 151 129 2721400877
P 152 129 2805549099
P 153 129 2805483818
P 154 129 2822261035
P 155 129 2838972714
P 156 129 2855750186
P 157 129 2855750186
P 158 129 2855619114
P 159 129 2872396585
P 160 129 2973256743
P 161 129 2989968423
P 162 129 3006745639
P 163 129 3006680359
P 164 129 3023392295
P 165 129 3040169510
P 166 129 3040038438
P 167 129 3056815910
P 40 130 2384216658
P 41 130 2384216658
P 42 130 2384216658
P 43 130 2384216658
P 44 130 2384216658
P 45 130 2384216658
P 46 130 2367439442
P 47 130 2367439442
P 48 130 2350727760
P 49 130 2350727760
P 50 130 2350727760
P 51 130 2350727760
P 52 130 2350727760
P 53 130 2350727760
P 54 130 2350727760
P 55 130 2333950799
P 56 130 2317239118
P 57 130 2317239118
P 58 130 2317239117
P 59 130 2317239117
P 60 130 2317238861
P 61 130 2317238861
P 62 130 2317238861
P 63 130 2317238861
P 64 130 2300592971
P 65 130 2300592971
P 66 130 2300592971
P 67 130 2300592971
P 68 130 2300592971
P 69 130 2300592971
P 70 130 2283815754
P 71 130 2283815754
P 72 130 2283946825
P 73 130 2283946825
P 74 130 2283946824
P 75 130 2283946824
P 76 130 2283946568
P 77 130 2283946568
P 78 130 2267169352
P 79 130 2267169352
P 80 130 2267300678
P 81 130 2267300678
P 82 130 2267300678
P 83 130 2267300678
P 84 130 2267300422
P 85 130 2267300421
P 86 130 2267300421
P 87 130 2267300421
P 88 130 2267431491
P 89 130 2267431491
P 90 130 2267431491
P 91 130 2267431491
P 92 130 2267431491
P 93 130 2267431490
P 94 130 2267431490
P 95 130 2267431490
P 96 130 2267628097
P 97 130 2267628096
P 98 130 2267628096
P 99 130 2284405312
P 100 130 2284405312
P 101 130 2284405312
P 102 130 2284405312
P 103 130 2284405312
P 104 130 2301379134
P 105 130 2301379133
P 106 130 2301379134
P 107 130 2301379133
P 108 130 2301379133
P 109 130 2301379133
P 110 130 2301379133
P 111 130 2301379133
P 112 130 2335129915
P 113 130 2335129915
P 114 130 2335129914
P 115 130 2335129914
P 116 130 2335129914
P 117 130 2351907130
P 118 130 2351907130
P 119 130 2351907129
P 120 130 2385658168
P 121 130 2385658167
P 122 130 2385658167
P 123 130 2385658167
P 124 130 2402435127
P 125 130 2402435127
P 126 130 2402435127
P 127 130 2419212343
P 128 130 2453028917
P 129 130 2453028917
P 130 130 2469806133
P 131 130 2469740852
P 132 130 2469740852
P 133 130 2486518068
P 134 130 2486518068
P 135 130 2503230003
P 136 130 2537046578
P 137 130 2553758258
P 138 130 2570535473
P 139 130 2570535729
P 140 130 2570535729
P 141 130 2587247665
P 142 130 2587247664
P 143 130 2603959344
P 144 130 2671330350
P 145 130 2671265070
P 146 130 2671265326
P 147 130 2687977006
P 148 130 2704754221
P 149 130 2704754221
P 150 130 2704688941
P 151 130 2721400877
P 152 130 2805549099
P 153 130 2805483563
P 154 130 2822261035
P 155 130 2838972714
P 156 130 2855750186
P 157 130 2855750186
P 158 130 2855684650
P 159 130 2872396585
P 160 130 2973256744
P 161 130 2989968423
P 162 130 3006745639
P 163 130 3006680359
P 164 130 3023392039
P 165 130 3040169510
P 166 130 3040103974
P 167 130 3056815910
P 40 131 2384216658
P 41 131 2384216658
P 42 131 2384216658
P 43 131 2384216658
P 44 131 2384216658
P 45 131 2384216658
P 46 131 2367439442
P 47 131 2367439442
P 48 131 2350728016
P 49 131 2350727760
P 50 131 2350727760
P 51 131 2350727760
P 52 131 2350727760
P 53 131 2350727760
P 54 131 2350727760
P 55 131 2333950799
P 56 131 2317239118
P 57 131 2317239118
P 58 131 2317239117
P 59 131 2317239117
P 60 131 2317239117
P 61 131 2317238861
P 62 131 2317238861
P 63 131 2317238861
P 64 131 2300592971
P 65 131 2300592971
P 66 131 2300592971
P 67 131 2300592971
P 68 131 2300592971
P 69 131 2300592971
P 70 131 2283815754
P 71 131 2283815754
P 72 131 2283946825
P 73 131 2283946825
P 74 131 2283946824
P 75 131 2283946824
P 76 131 2283946824
P 77 131 2283946568
P 78 131 2267169352
P 79 131 2267169352
P 80 131 2267300678
P 81 131 2267300678
P 82 131 2267300678
P 83 131 2267300678
P 84 131 2267300678
P 85 131 2267300421
P 86 131 2267300421
P 87 131 2267300421
P 88 131 2267431747
P 89 131 2267431491
P 90 131 2267431491
P 91 131 2267431491
P 92 131 2267431491
P 93 131 2267431490
P 94 131 2267431490
P 95 131 2267431490
P 96 131 2267628097
P 97 131 2267628096
P 98 131 2267628096
P 99 131 2284405312
P 100 131 2284405312
P 101 131 2284405312
P 102 131 2284405312
P 103 131 2284405312
P 104 131 2301379134
P 105 131 2301379133
P 106 131 2301379134
P 107 131 2301379133
P 108 131 2301379133
P 109 131 2301379133
P 110 131 2301379133
P 111 131 2301379133
P 112 131 2335130171
P 113 131 2335129915
P 114 131 2335129914
P 115 131 2335129914
P 116 131 2335129914
P 117 131 2351907130
P 118 131 2351841594
P 119 131 2351907129
P 120 131 2385658168
P 121 131 2385658167
P 122 131 2385658167
P 123 131 2385658167
P 124 131 2402435383
P 125 131 2402435127
P 126 131 2402435127
P 127 131 2419212343
P 128 131 2453029173
P 129 131 2453028917
P 130 131 2469806133
P 131 131 2469740596
P 132 131 2469740852
P 133 131 2486518068
P 134 131 2486518068
P 135 131 2503229747
P 136 131 2537046578
P 137 131 2553758258
P 138 131 2570535473
P 139 131 2570535473
P 140 131 2570535729
P 141 131 2587247409
P 142 131 2587247664
P 143 131 2603959344
P 144 131 2671330350
P 145 131 2671264814
P 146 131 2671265070
P 147 131 2687977006
P 148 131 2704754221
P 149 131 2704754221
P 150 131 2704688685
P 151 131 2721466157
P 152 131 2805549099
P 153 131 2805483563
P 154 131 2822260779
P 155 131 2838972714
P 156 131 2855750186
P 157 131 2855750186
P 158 131 2855684650
P 159 131 2872396329
P 160 131 2973256744
P 161 131 2989968423
P 162 131 3006745639
P 163 131 3006680103
P 164 131 3023392039
P 165 131 3040169254
P 166 131 3040103974
P 167 131 3056815654
P 40 132 2384216658
P 41 132 2384216658
P 42 132 2384216658
P 43 132 2384216658
P 44 132 2384216658
P 45 132 2384216658
P 46 132 2367439442
P 47 132 2367439442
P 48 132 2350728016
P 49 132 2350728016
P 50 132 2350728016
P 51 132 2350727760
P 52 132 2350727760
P 53 132 2350727760
P 54 132 2350727760
P 55 132 2333950799
P 56 132 2317239118
P 57 132 2317239118
P 58 132 2317239117
P 59 132 2317239117
P 60 132 2317239117
P 61 132 2317239117
P 62 132 2317239117
P 63 132 2317238861
P 64 132 2300592971
P 65 132 2300592971
P 66 132 2300592971
P 67 132 2300592971
P 68 132 2300592971
P 69 132 2300592971
P 70 132 2283815754
P 71 132 2283815754
P 72 132 2283946825
P 73 132 2283946825
P 74 132 2283946824
P 75 132 2283946824
P 76 132 2283946824
P 77 132 2283946824
P 78 132 2267169608
P 79 132 2267103816
P 80 132 2267300678
P 81 132 2267300678
P 82 132 2267300678
P 83 132 2267300678
P 84 132 2267300678
P 85 132 2267300677
P 86 132 2267300677
P 87 132 2267300421
P 88 132 2267431747
P 89 132 2267431747
P 90 132 2267431747
P 91 132 2267431491
P 92 132 2267431491
P 93 132 2267431490
P 94 132 2267431490
P 95 132 2267431490
P 96 132 2267628097
P 97 132 2267628352
P 98 132 2267628352
P 99 132 2284405312
P 100 132 2284405312
P 101 132 2284405312
P 102 132 2284405312
P 103 132 2284405312
P 104 132 2301379134
P 105 132 2301379133
P 106 132 2301379133
P 107 132 2301379133
P 108 132 2301379133
P 109 132 2301313597
P 110 132 2301379133
P 111 132 2301379133
P 112 132 2335130171
P 113 132 2335130171
P 114 132 2335130170
P 115 132 2335129914
P 116 132 2335129914
P 117 132 2351841594
P 118 132 2351841594
P 119 132 2351907129
P 120 132 2385658168
P 121 132 2385658167
P 122 132 2385658167
P 123 132 2385658167
P 124 132 2402435383
P 125 132 2402435383
P 126 132 2402435383
P 127 132 2419146807
P 128 132 2453029173
P 129 132 2453029173
P 130 132 2469740853
P 131 132 2469740596
P 132 132 2469740596
P 133 132 2486518068
P 134 132 2486518068
P 135 132 2503229747
P 136 132 2537046322
P 137 132 2553758258
P 138 132 2570535473
P 139 132 2570535473
P 140 132 2570535473
P 141 132 2587247409
P 142 132 2587247664
P 143 132 2603959344
P 144 132 2671330350
P 145 132 2671264814
P 146 132 2671265070
P 147 132 2687976750
P 148 132 2704754221
P 149 132 2704754221
P 150 132 2704688685
P 151 132 2721465901
P 152 132 2805548843
P 153 132 2805483563
P 154 132 2822260779
P 155 132 2838972458
P 156 132 2855749930
P 157 132 2855750186
P 158 132 2855684650
P 159 132 2872396329
P 160 132 2973322024
P 161 132 2989968423
P 162 132 3006745639
P 163 132 3006680103
P 164 132 3023391783
P 165 132 3040169254
P 166 132 3040103974
P 167 132 3056815654
P 40 133 2384216658
P 41 133 2384216658
P 42 133 2384216658
P 43 133 2384216658
P 44 133 2384216658
P 45 133 2384216658
P 46 133 2367439442
P 47 133 2367439442
P 48 133 2350728016
P 49 133 2350728016
P 50 133 2350728016
P 51 133 2350728016
P 52 133 2350727760
P 53 133 2350727760
P 54 133 2350727760
P 55 133 2333950799
P 56 133 2317239118
P 57 133 2317239118
P 58 133 2317239117
P 59 133 2317239117
P 60 133 2317239117
P 61 133 2317239117
P 62 133 2317239117
P 63 133 2317239117
P 64 133 2300592971
P 65 133 2300592971
P 66 133 2300592971
P 67 133 2300592971
P 68 133 2300592971
P 69 133 2300592971
P 70 133 2283815754
P 71 133 2283815754
P 72 133 2283946825
P 73 133 2283946825
P 74 133 2283946824
P 75 133 2283946824
P 76 133 2283946824
P 77 133 2283946824
P 78 133 2267104072
P 79 133 2267104072
P 80 133 2267300678
P 81 133 2267300678
P 82 133 2267300678
P 83 133 2267300678
P 84 133 2267300678
P 85 133 2267300677
P 86 133 2267300677
P 87 133 2267300677
P 88 133 2267431747
P 89 133 2267431747
P 90 133 2267431747
P 91 133 2267431747
P 92 133 2267431491
P 93 133 2267431490
P 94 133 2267431490
P 95 133 2267431490
P 96 133 2267628097
P 97 133 2267628352
P 98 133 2267628352
P 99 133 2284405568
P 100 133 2284405312
P 101 133 2284405312
P 102 133 2284405312
P 103 133 2284405312
P 104 133 2301379134
P 105 133 2301379133
P 106 133 2301379133
P 107 133 2301379133
P 108 133 2301379133
P 109 133 2301313597
P 110 133 2301379133
P 111 133 2301379133
P 112 133 2335130171
P 113 133 2335130171
P 114 133 2335130170
P 115 133 2335130170
P 116 133 2335129914
P 117 133 2351841594
P 118 133 2351841594
P 119 133 2351907129
P 120 133 2385658168
P 121 133 2385658167
P 122 133 2385658167
P 123 133 2385658167
P 124 133 2402435383
P 125 133 2402435383
P 126 133 2402369847
P 127 133 2419147063
P 128 133 2452963637
P 129 133 2453029173
P 130 133 2469740853
P 131 133 2469740852
P 132 133 2469740596
P 133 133 2486517812
P 134 133 2486518068
P 135 133 2503229747
P 136 133 2537046322
P 137 133 2553823538
P 138 133 2570535473
P 139 133 2570535473
P 140 133 2570535473
P 141 133 2587247153
P 142 133 2587247408
P 143 133 2603959344
P 144 133 2671330350
P 145 133 2671330350
P 146 133 2671264814
P 147 133 2687976750
P 148 133 2704753965
P 149 133 2704754221
P 150 133 2704688685
P 151 133 2721465901
P 152 133 2805548843
P 153 133 2805548843
P 154 133 2822260779
P 155 133 2838972458
P 156 133 2855749674
P 157 133 2855749930
P 158 133 2855684650
P 159 133 2872396329
P 160 133 2973321768
P 161 133 2990033703
P 162 133 3006745639
P 163 133 3006680103
P 164 133 3023391783
P 165 133 3040169254
P 166 133 3040103718
P 167 133 3056815654
P 40 134 2384216658
P 41 134 2384216658
P 42 134 2384216658
P 43 134 2384216658
P 44 134 2384216658
P 45 134 2384216658
P 46 134 2367439442
P 47 134 2367439442
P 48 134 2350728016
P 49 134 2350728016
P 50 134 2350728016
P 51 134 2350728016
P 52 134 2350728016
P 53 134 2350728016
P 54 134 2350727760
P 55 134 2333950799
P 56 134 2317239118
P 57 134 2317239118
P 58 134 2317239117
P 59 134 2317239117
P 60 134 2317239117
P 61 134 2317239117
P 62 134 2317239117
P 63 134 2317239117
P 64 134 2300592971
P 65 134 2300592971
P 66 134 2300592971
P 67 134 2300592971
P 68 134 2300592971
P 69 134 2300592971
P 70 134 2283815754
P 71 134 2283815754
P 72 134 2283946825
P 73 134 2283946825
P 74 134 2283946824
P 75 134 2283946824
P 76 134 2283946824
P 77 134 2283946824
P 78 134 2267104072
P 79 134 2267104072
P 80 134 2267300678
P 81 134 2267300678
P 82 134 2267300678
P 83 134 2267300678
P 84 134 2267300678
P 85 134 2267300677
P 86 134 2267300677
P 87 134 2267235141
P 88 134 2267431747
P 89 134 2267431747
P 90 134 2267431747
P 91 134 2267431747
P 92 134 2267431747
P 93 134 2267431746
P 94 134 2267431490
P 95 134 2267431490
P 96 134 2267628097
P 97 134 2267628352
P 98 134 2267628352
P 99 134 2284405568
P 100 134 2284405568
P 101 134 2284405568
P 102 134 2284405312
P 103 134 2284405312
P 104 134 2301379134
P 105 134 2301379133
P 106 134 2301379133
P 107 134 2301379133
P 108 134 2301313597
P 109 134 2301313597
P 110 134 2301379133
P 111 134 2301313597
P 112 134 2335130171
P 113 134 2335130171
P 114 134 2335130170
P 115 134 2335130170
P 116 134 2335064634
P 117 134 2351841850
P 118 134 2351841594
P 119 134 2351841593
P 120 134 2385658168
P 121 134 2385658167
P 122 134 2385658167
P 123 134 2385658167
P 124 134 2402435383
P 125 134 2402435383
P 126 134 2402369847
P 127 134 2419147063
P 128 134 2452963637
P 129 134 2452963637
P 130 134 2469740853
P 131 134 2469740852
P 132 134 2469740852
P 133 134 2486518068
P 134 134 2486517812
P 135 134 2503229747
P 136 134 2537046322
P 137 134 2553823538
P 138 134 2570600753
P 139 134 2570535473
P 140 134 2570535473
P 141 134 2587247153
P 142 134 2587247152
P 143 134 2603959088
P 144 134 2671330350
P 145 134 2671330350
P 146 134 2671264814
P 147 134 2687976494
P 148 134 2704753965
P 149 134 2704754221
P 150 134 2704688685
P 151 134 2721465901
P 152 134 2805548843
P 153 134 2805548843
P 154 134 2822260523
P 155 134 2838972458
P 156 134 2855749674
P 157 134 2855749930
P 158 134 2855684394
P 159 134 2872396329
P 160 134 2973321768
P 161 134 2990033703
P 162 134 3006745383
P 163 134 3006680103
P 164 134 3023391783
P 165 134 3040169254
P 166 134 3040103718
P 167 134 3056815398
P 40 135 2384216658
P 41 135 2384216658
P 42 135 2384216658
P 43 135 2384216658
P 44 135 2384216658
P 45 135 2384216658
P 46 135 2367439442
P 47 135 2367439442
P 48 135 2350728016
P 49 135 2350728016
P 50 135 2350728016
P 51 135 2350728016
P 52 135 2350728016
P 53 135 2350728016
P 54 135 2350728016
P 55 135 2333950799
P 56 135 2317239118
P 57 135 2317239118
P 58 135 2317239117
P 59 135 2317239117
P 60 135 2317239117
P 61 135 2317239117
P 62 135 2317239117
P 63 135 2317239117
P 64 135 2300592971
P 65 135 2300592971
P 66 135 2300592971
P 67 135 2300592971
P 68 135 2300592971
P 69 135 2300592971
P 70 135 2283815754
P 71 135 2283815754
P 72 135 2283946825
P 73 135 2283946825
P 74 135 2283946824
P 75 135 2283946824
P 76 135 2283946824
P 77 135 2283881288
P 78 135 2267104072
P 79 135 2267104072
P 80 135 2267300678
P 81 135 2267300678
P 82 135 2267300678
P 83 135 2267300678
P 84 135 2267300678
P 85 135 2267300677
P 86 135 2267300677
P 87 135 2267235141
P 88 135 2267431747
P 89 135 2267431747
P 90 135 2267431747
P 91 135 2267431747
P 92 135 2267431747
P 93 135 2267431746
P 94 135 2267431746
P 95 135 2267431490
P 96 135 2267628097
P 97 135 2267628352
P 98 135 2267628352
P 99 135 2284405568
P 100 135 2284405568
P 101 135 2284340032
P 102 135 2284405568
P 103 135 2284405312
P 104 135 2301313598
P 105 135 2301379133
P 106 135 2301379133
P 107 135 2301379133
P 108 135 2301313597
P 109 135 2301313597
P 110 135 2301379133
P 111 135 2301313597
P 112 135 2335130171
P 113 135 2335130171
P 114 135 2335130170
P 115 135 2335130170
P 116 135 2335064634
P 117 135 2351841850
P 118 135 2351841850
P 119 135 2351841593
P 120 135 2385658168
P 121 135 2385658167
P 122 135 2385658167
P 123 135 2385658167
P 124 135 2402435383
P 125 135 2402369847
P 126 135 2402369847
P 127 135 2419147063
P 128 135 2452963637
P 129 135 2452963637
P 130 135 2469740853
P 131 135 2469740852
P 132 135 2469740852
P 133 135 2486452532
P 134 135 2486518068
P 135 135 2503229491
P 136 135 2537046322
P 137 135 2553823538
P 138 135 2570600753
P 139 135 2570535217
P 140 135 2570535473
P 141 135 2587247153
P 142 135 2587247152
P 143 135 2603958832
P 144 135 2671330094
P 145 135 2671330350
P 146 135 2671264814
P 147 135 2688042030
P 148 135 2704753709
P 149 135 2704753965
P 150 135 2704688685
P 151 135 2721465901
P 152 135 2805548587
P 153 135 2805548843
P 154 135 2822260523
P 155 135 2839037738
P 156 135 2855749674
P 157 135 2855749674
P 158 135 2855684394
P 159 135 2872396073
P 160 135 2973321768
P 161 135 2990033447
P 162 135 3006745383
P 163 135 3006745383
P 164 135 3023391783
P 165 135 3040168998
P 166 135 3040103718
P 167 135 3056815398
P 40 136 2384217170
P 41 136 2384217170
P 42 136 2384217170
P 43 136 2367439954
P 44 136 2367439954
P 45 136 2367439953
P 46 136 2367439953
P 47 136 2367439953
P 48 136 2350728272
P 49 136 2350728272
P 50 136 2350728272
P 51 136 2350728272
P 52 136 2333951055
P 53 136 2333951055
P 54 136 2333951055
P 55 136 2333951055
P 56 136 2317239373
P 57 136 2317239373
P 58 136 2317239373
P 59 136 2317239373
P 60 136 2317239373
P 61 136 2317239373
P 62 136 2317239373
P 63 136 2317239373
P 64 136 2300593483
P 65 136 2300593483
P 66 136 2300593483
P 67 136 2283816266
P 68 136 2283816266
P 69 136 2283816266
P 70 136 2283816266
P 71 136 2283816266
P 72 136 2283947336
P 73 136 2283947336
P 74 136 2283947336
P 75 136 2267170120
P 76 136 2267170120
P 77 136 2267104583
P 78 136 2267104584
P 79 136 2267104583
P 80 136 2267301190
P 81 136 2267301190
P 82 136 2267301189
P 83 136 2267301189
P 84 136 2267301189
P 85 136 2267301189
P 86 136 2267235653
P 87 136 2267235652
P 88 136 2267432259
P 89 136 2267432259
P 90 136 2267432258
P 91 136 2267432258
P 92 136 2267432258
P 93 136 2267432258
P 94 136 2267432258
P 95 136 2267432258
P 96 136 2284406080
P 97 136 2284406080
P 98 136 2284406080
P 99 136 2284406080
P 100 136 2284406080
P 101 136 2284406079
P 102 136 2284406079
P 103 136 2284406079
P 104 136 2301379901
P 105 136 2301379901
P 106 136 2301379901
P 107 136 2301379901
P 108 136 2301379901
P 109 136 2318157116
P 110 136 2318091580
P 111 136 2318091580
P 112 136 2335130938
P 113 136 2335130938
P 114 136 2351908154
P 115 136 2351842618
P 116 136 2351908154
P 117 136 2351908153
P 118 136 2351842617
P 119 136 2368619833
P 120 136 2385659192
P 121 136 2402436151
P 122 136 2402436151
P 123 136 2402436151
P 124 136 2419213367
P 125 136 2419213366
P 126 136 2419213366
P 127 136 2419213366
P 128 136 2469741620
P 129 136 2469741620
P 130 136 2486518836
P 131 136 2486518836
P 132 136 2503296052
P 133 136 2503296052
P 134 136 2503230516
P 135 136 2503230515
P 136 136 2570667058
P 137 136 2570601522
P 138 136 2587378737
P 139 136 2587378993
P 140 136 2604090673
P 141 136 2604090673
P 142 136 2604025392
P 143 136 2620802864
P 144 136 2688173870
P 145 136 2704885550
P 146 136 2704885806
P 147 136 2704820270
P 148 136 2721597742
P 149 136 2738309421
P 150 136 2738309421
P 151 136 2755021357
P 152 136 2839169835
P 153 136 2855881515
P 154 136 2855881770
P 155 136 2855816234
P 156 136 2872527914
P 157 136 2889305130
P 158 136 2906017066
P 159 136 2906017321
P 160 136 3006877480
P 161 136 3023589160
P 162 136 3040366375
P 163 136 3040301095
P 164 136 3057013031
P 165 136 3073724710
P 166 136 3090436646
P 167 136 3090436646
P 40 137 2384217170
P 41 137 2384217170
P 42 137 2384217170
P 43 137 2367439954
P 44 137 2367439954
P 45 137 2367439953
P 46 137 2367439953
P 47 137 2367439953
P 48 137 2350728272
P 49 137 2350728272
P 50 137 2350728272
P 51 137 2350728272
P 52 137 2333951055
P 53 137 2333951055
P 54 137 2333951055
P 55 137 2333951055
P 56 137 2317239373
P 57 137 2317239373
P 58 137 2317239373
P 59 137 2317239373
P 60 137 2317239373
P 61 137 2317239373
P 62 137 2317239373
P 63 137 2317239373
P 64 137 2300593483
P 65 137 2300593483
P 66 137 2300593483
P 67 137 2283816266
P 68 137 2283816266
P 69 137 2283816266
P 70 137 2283816266
P 71 137 2283816266
P 72 137 2283947336
P 73 137 2283947336
P 74 137 2283947336
P 75 137 2267170120
P 76 137 2267104584
P 77 137 2267104583
P 78 137 2267104584
P 79 137 2267104583
P 80 137 2267301190
P 81 137 2267301190
P 82 137 2267301189
P 83 137 2267301189
P 84 137 2267301189
P 85 137 2267301189
P 86 137 2267235653
P 87 137 2267235652
P 88 137 2267432259
P 89 137 2267432259
P 90 137 2267432258
P 91 137 2267432258
P 92 137 2267432258
P 93 137 2267432258
P 94 137 2267432258
P 95 137 2267432258
P 96 137 2284406080
P 97 137 2284406080
P 98 137 2284406080
P 99 137 2284406080
P 100 137 2284406080
P 101 137 2284406079
P 102 137 2284406079
P 103 137 2284340543
P 104 137 2301379901
P 105 137 2301379901
P 106 137 2301314365
P 107 137 2301379901
P 108 137 2301379901
P 109 137 2318157116
P 110 137 2318091580
P 111 137 2318091580
P 112 137 2335130938
P 113 137 2335130938
P 114 137 2351842618
P 115 137 2351842618
P 116 137 2351908154
P 117 137 2351908153
P 118 137 2351842617
P 119 137 2368619833
P 120 137 2385659192
P 121 137 2402436407
P 122 137 2402436151
P 123 137 2402436151
P 124 137 2419147831
P 125 137 2419213622
P 126 137 2419213366
P 127 137 2419147830
P 128 137 2469741620
P 129 137 2469741620
P 130 137 2486518836
P 131 137 2486518836
P 132 137 2503296052
P 133 137 2503296052
P 134 137 2503230516
P 135 137 2503230515
P 136 137 2570667058
P 137 137 2570601522
P 138 137 2587378737
P 139 137 2587378737
P 140 137 2604090673
P 141 137 2604090673
P 142 137 2604025136
P 143 137 2620802608
P 144 137 2688173870
P 145 137 2704885550
P 146 137 2704885550
P 147 137 2704820270
P 148 137 2721597486
P 149 137 2738374957
P 150 137 2738309421
P 151 137 2755021101
P 152 137 2839169579
P 153 137 2855881515
P 154 137 2855881514
P 155 137 2855816234
P 156 137 2872527914
P 157 137 2889370666
P 158 137 2906017066
P 159 137 2906017065
P 160 137 3006877480
P 161 137 3023589160
P 162 137 3040366375
P 163 137 3040301095
P 164 137 3057012775
P 165 137 3073790246
P 166 137 3090436390
P 167 137 3090436646
P 40 138 2384217170
P 41 138 2384217170
P 42 138 2384217170
P 43 138 2367439954
P 44 138 2367439954
P 45 138 2367439953
P 46 138 2367439953
P 47 138 2367439953
P 48 138 2350728272
P 49 138 2350728272
P 50 138 2350728272
P 51 138 2350728272
P 52 138 2333951055
P 53 138 2333951055
P 54 138 2333951055
P 55 138 2333951055
P 56 138 2317239373
P 57 138 2317239373
P 58 138 2317239373
P 59 138 2317239373
P 60 138 2317239373
P 61 138 2317239373
P 62 138 2317239373
P 63 138 2317239373
P 64 138 2300593483
P 65 138 2300593483
P 66 138 2300593483
P 67 138 2283816266
P 68 138 2283816266
P 69 138 2283816266
P 70 138 2283816266
P 71 138 2283816266
P 72 138 2283947336
P 73 138 2283947336
P 74 138 2283947336
P 75 138 2267104584
P 76 138 2267104584
P 77 138 2267104583
P 78 138 2267104584
P 79 138 2267104583
P 80 138 2267301190
P 81 138 2267301190
P 82 138 2267301189
P 83 138 2267301189
P 84 138 2267301189
P 85 138 2267235653
P 86 138 2267235653
P 87 138 2267235652
P 88 138 2267432259
P 89 138 2267432259
P 90 138 2267432258
P 91 138 2267432258
P 92 138 2267432258
P 93 138 2267432258
P 94 138 2267432258
P 95 138 2267432258
P 96 138 2284406080
P 97 138 2284406080
P 98 138 2284406080
P 99 138 2284406080
P 100 138 2284406080
P 101 138 2284406079
P 102 138 2284406079
P 103 138 2284340543
P 104 138 2301379901
P 105 138 2301379901
P 106 138 2301314365
P 107 138 2301379901
P 108 138 2301379901
P 109 138 2318091580
P 110 138 2318091580
P 111 138 2318091580
P 112 138 2335130938
P 113 138 2335130938
P 114 138 2351842618
P 115 138 2351842618
P 116 138 2351908154
P 117 138 2351842617
P 118 138 2351842617
P 119 138 2368619833
P 120 138 2385659192
P 121 138 2402436407
P 122 138 2402436407
P 123 138 2402370871
P 124 138 2419147831
P 125 138 2419213622
P 126 138 2419213622
P 127 138 2419148086
P 128 138 2469741620
P 129 138 2469741620
P 130 138 2486518836
P 131 138 2486518836
P 132 138 2503296052
P 133 138 2503230516
P 134 138 2503230516
P 135 138 2503230515
P 136 138 2570601522
P 137 138 2570601522
P 138 138 2587378737
P 139 138 2587378737
P 140 138 2604090417
P 141 138 2604090673
P 142 138 2604090672
P 143 138 2620802608
P 144 138 2688173614
P 145 138 2704885550
P 146 138 2704885550
P 147 138 2704820270
P 148 138 2721597486
P 149 138 2738374701
P 150 138 2738309421
P 151 138 2755021101
P 152 138 2839169323
P 153 138 2855881259
P 154 138 2855881514
P 155 138 2855816234
P 156 138 2872527914
P 157 138 2889370666
P 158 138 2906082602
P 159 138 2906017065
P 160 138 3006877224
P 161 138 3023589160
P 162 138 3040366375
P 163 138 3040301095
P 164 138 3057012775
P 165 138 3073789990
P 166 138 3090501926
P 167 138 3090436646
P 40 139 2384217170
P 41 139 2384217170
P 42 139 2384217170
P 43 139 2367439954
P 44 139 2367439954
P 45 139 2367439953
P 46 139 2367439953
P 47 139 2367439953
P 48 139 2350728272
P 49 139 2350728272
P 50 139 2350728272
P 51 139 2350728272
P 52 139 2333951055
P 53 139 2333951055
P 54 139 2333951055
P 55 139 2333951055
P 56 139 2317239629
P 57 139 2317239373
P 58 139 2317239373
P 59 139 2317239373
P 60 139 2317239629
P 61 139 2317239373
P 62 139 2317239373
P 63 139 2317239373
P 64 139 2300593483
P 65 139 2300593483
P 66 139 2300593483
P 67 139 2283816266
P 68 139 2283816266
P 69 139 2283816266
P 70 139 2283816266
P 71 139 2283816266
P 72 139 2283947336
P 73 139 2283947336
P 74 139 2283947336
P 75 139 2267104584
P 76 139 2267104584
P 77 139 2267104583
P 78 139 2267104584
P 79 139 2267104583
P 80 139 2267301190
P 81 139 2267301190
P 82 139 2267301189
P 83 139 2267301189
P 84 139 2267235653
P 85 139 2267235653
P 86 139 2267235653
P 87 139 2267235652
P 88 139 2267432515
P 89 139 2267432259
P 90 139 2267432258
P 91 139 2267432258
P 92 139 2267432258
P 93 139 2267432258
P 94 139 2267432258
P 95 139 2267432258
P 96 139 2284406080
P 97 139 2284406080
P 98 139 2284406080
P 99 139 2284406080
P 100 139 2284406080
P 101 139 2284406079
P 102 139 2284340543
P 103 139 2284340543
P 104 139 2301380157
P 105 139 2301314365
P 106 139 2301314365
P 107 139 2301379901
P 108 139 2301314365
P 109 139 2318091580
P 110 139 2318091580
P 111 139 2318091580
P 112 139 2335130938
P 113 139 2335065402
P 114 139 2351842618
P 115 139 2351842618
P 116 139 2351842618
P 117 139 2351842617
P 118 139 2351842617
P 119 139 2368619833
P 120 139 2385659192
P 121 139 2402436407
P 122 139 2402436407
P 123 139 2402370871
P 124 139 2419148087
P 125 139 2419213622
P 126 139 2419148086
P 127 139 2419148086
P 128 139 2469741876
P 129 139 2469741620
P 130 139 2486518836
P 131 139 2486518836
P 132 139 2503230516
P 133 139 2503230516
P 134 139 2503230516
P 135 139 2503230515
P 136 139 2570601522
P 137 139 2570601522
P 138 139 2587378737
P 139 139 2587378737
P 140 139 2604090417
P 141 139 2604090417
P 142 139 2604090672
P 143 139 2620802352
P 144 139 2688173614
P 145 139 2704885294
P 146 139 2704885550
P 147 139 2704820014
P 148 139 2721597486
P 149 139 2738374701
P 150 139 2738309165
P 151 139 2755086637
P 152 139 2839169323
P 153 139 2855881259
P 154 139 2855881258
P 155 139 2855815978
P 156 139 2872527914
P 157 139 2889370666
P 158 139 2906082346
P 159 139 2906017065
P 160 139 3006877224
P 161 139 3023588904
P 162 139 3040366375
P 163 139 3040301095
P 164 139 3057012775
P 165 139 3073789990
P 166 139 3090501926
P 167 139 3090436390
P 40 140 2384217170
P 41 140 2384217170
P 42 140 2384217170
P 43 140 2367439954
P 44 140 2367439954
P 45 140 2367439953
P 46 140 2367439953
P 47 140 2367439953
P 48 140 2350728272
P 49 140 2350728272
P 50 140 2350728271
P 51 140 2350728272
P 52 140 2333951055
P 53 140 2333951055
P 54 140 2333951055
P 55 140 2333951055
P 56 140 2317239629
P 57 140 2317239629
P 58 140 2317239629
P 59 140 2317239373
P 60 140 2317239629
P 61 140 2317239629
P 62 140 2317239629
P 63 140 2317239373
P 64 140 2300593483
P 65 140 2300593483
P 66 140 2300593483
P 67 140 2283816266
P 68 140 2283816266
P 69 140 2283816266
P 70 140 2283816266
P 71 140 2283750730
P 72 140 2283947336
P 73 140 2283947336
P 74 140 2283881800
P 75 140 2267104584
P 76 140 2267104584
P 77 140 2267104583
P 78 140 2267104584
P 79 140 2267104583
P 80 140 2267301190
P 81 140 2267301190
P 82 140 2267301189
P 83 140 2267301189
P 84 140 2267235653
P 85 140 2267235653
P 86 140 2267235653
P 87 140 2267235652
P 88 140 2267432515
P 89 140 2267432515
P 90 140 2267432514
P 91 140 2267432258
P 92 140 2267432258
P 93 140 2267432258
P 94 140 2267432258
P 95 140 2267432258
P 96 140 2284406080
P 97 140 2284406336
P 98 140 2284340800
P 99 140 2284406080
P 100 140 2284406080
P 101 140 2284340543
P 102 140 2284340543
P 103 140 2284340543
P 104 140 2301380157
P 105 140 2301314621
P 106 140 2301314621
P 107 140 2301379901
P 108 140 2301314365
P 109 140 2318091580
P 110 140 2318091580
P 111 140 2318091580
P 112 140 2335130938
P 113 140 2335065402
P 114 140 2351842618
P 115 140 2351842618
P 116 140 2351842618
P 117 140 2351842617
P 118 140 2351842617
P 119 140 2368619833
P 120 140 2385659192
P 121 140 2402436407
P 122 140 2402370871
P 123 140 2402370871
P 124 140 2419148087
P 125 140 2419148086
P 126 140 2419148086
P 127 140 2419148086
P 128 140 2469741876
P 129 140 2469741876
P 130 140 2486453556
P 131 140 2486518836
P 132 140 2503230516
P 133 140 2503230516
P 134 140 2503230516
P 135 140 2503230515
P 136 140 2570601522
P 137 140 2570601522
P 138 140 2587313201
P 139 140 2587378737
P 140 140 2604090417
P 141 140 2604090417
P 142 140 2604090672
P 143 140 2620802352
P 144 140 2688173614
P 145 140 2704885294
P 146 140 2704885550
P 147 140 2704820014
P 148 140 2721597230
P 149 140 2738374701
P 150 140 2738309165
P 151 140 2755086381
P 152 140 2839169323
P 153 140 2855881259
P 154 140 2855881258
P 155 140 2855815722
P 156 140 2872527658
P 157 140 2889370666
P 158 140 2906082346
P 159 140 2906016809
P 160 140 3006942504
P 161 140 3023588904
P 162 140 3040366375
P 163 140 3040300839
P 164 140 3057012775
P 165 140 3073789990
P 166 140 3090501926
P 167 140 3090436390
P 40 141 2384217170
P 41 141 2384217170
P 42 141 2384217170
P 43 141 2367439954
P 44 141 2367439954
P 45 141 2367439953
P 46 141 2367439953
P 47 141 2367439953
P 48 141 2350728272
P 49 141 2350728272
P 50 141 2350728271
P 51 141 2350728272
P 52 141 2333951055
P 53 141 2333951055
P 54 141 2333951055
P 55 141 2333951055
P 56 141 2317239629
P 57 141 2317239629
P 58 141 2317239629
P 59 141 2317239629
P 60 141 2317239629
P 61 141 2317239629
P 62 141 2317239629
P 63 141 2317239629
P 64 141 2300593483
P 65 141 2300593483
P 66 141 2300593483
P 67 141 2283816266
P 68 141 2283816266
P 69 141 2283816266
P 70 141 2283750730
P 71 141 2283750730
P 72 141 2283947336
P 73 141 2283947336
P 74 141 2283881800
P 75 141 2267104584
P 76 141 2267104584
P 77 141 2267104583
P 78 141 2267104584
P 79 141 2267104583
P 80 141 2267301190
P 81 141 2267301190
P 82 141 2267301189
P 83 141 2267235653
P 84 141 2267235653
P 85 141 2267235653
P 86 141 2267235653
P 87 141 2267235652
P 88 141 2267432515
P 89 141 2267432515
P 90 141 2267432514
P 91 141 2267432514
P 92 141 2267432258
P 93 141 2267432258
P 94 141 2267432258
P 95 141 2267432514
P 96 141 2284406080
P 97 141 2284406336
P 98 141 2284340800
P 99 141 2284406336
P 100 141 2284406080
P 101 141 2284340543
P 102 141 2284340543
P 103 141 2284340543
P 104 141 2301314621
P 105 141 2301314621
P 106 141 2301314621
P 107 141 2301314621
P 108 141 2301314365
P 109 141 2318091580
P 110 141 2318091580
P 111 141 2318091580
P 112 141 2335065402
P 113 141 2335065402
P 114 141 2351842618
P 115 141 2351842618
P 116 141 2351842618
P 117 141 2351842617
P 118 141 2351842617
P 119 141 2368619833
P 120 141 2385659192
P 121 141 2402436407
P 122 141 2402370871
P 123 141 2402370871
P 124 141 2419148087
P 125 141 2419148086
P 126 141 2419148086
P 127 141 2419148086
P 128 141 2469741876
P 129 141 2469741876
P 130 141 2486453556
P 131 141 2486453556
P 132 141 2503230516
P 133 141 2503230516
P 134 141 2503230516
P 135 141 2503230515
P 136 141 2570601522
P 137 141 2570601522
P 138 141 2587313201
P 139 141 2587313201
P 140 141 2604090417
P 141 141 2604090417
P 142 141 2604090416
P 143 141 2620802352
P 144 141 2688173358
P 145 141 2704950830
P 146 141 2704885294
P 147 141 2704820014
P 148 141 2721597230
P 149 141 2738374445
P 150 141 2738309165
P 151 141 2755086381
P 152 141 2839169323
P 153 141 2855946795
P 154 141 2855881258
P 155 141 2855815722
P 156 141 2872527402
P 157 141 2889370410
P 158 141 2906082346
P 159 141 2906016809
P 160 141 3006942248
P 161 141 3023654184
P 162 141 3040366119
P 163 141 3040300839
P 164 141 3057012519
P 165 141 3073789990
P 166 141 3090501670
P 167 141 3090436390
P 40 142 2384217170
P 41 142 2384217170
P 42 142 2384217170
P 43 142 2367439954
P 44 142 2367439954
P 45 142 2367439953
P 46 142 2367439953
P 47 142 2367439953
P 48 142 2350728272
P 49 142 2350728272
P 50 142 2350728271
P 51 142 2350728272
P 52 142 2333951055
P 53 142 2333951055
P 54 142 2333951055
P 55 142 2333885519
P 56 142 2317239629
P 57 142 2317239629
P 58 142 2317239629
P 59 142 2317239629
P 60 142 2317239629
P 61 142 2317239629
P 62 142 2317239629
P 63 142 2317239629
P 64 142 2300593483
P 65 142 2300593483
P 66 142 2300593483
P 67 142 2283816266
P 68 142 2283816266
P 69 142 2283816266
P 70 142 2283750730
P 71 142 2283750730
P 72 142 2283947336
P 73 142 2283882056
P 74 142 2283881800
P 75 142 2267104584
P 76 142 2267104584
P 77 142 2267104583
P 78 142 2267104584
P 79 142 2267104583
P 80 142 2267301446
P 81 142 2267301446
P 82 142 2267301189
P 83 142 2267235653
P 84 142 2267235653
P 85 142 2267235653
P 86 142 2267235653
P 87 142 2267235652
P 88 142 2267432515
P 89 142 2267432515
P 90 142 2267432514
P 91 142 2267432514
P 92 142 2267432514
P 93 142 2267432514
P 94 142 2267432258
P 95 142 2267432514
P 96 142 2284406336
P 97 142 2284340800
P 98 142 2284340800
P 99 142 2284406336
P 100 142 2284340800
P 101 142 2284340799
P 102 142 2284340543
P 103 142 2284340543
P 104 142 2301314621
P 105 142 2301314621
P 106 142 2301314621
P 107 142 2301314621
P 108 142 2301314621
P 109 142 2318091836
P 110 142 2318091580
P 111 142 2318091580
P 112 142 2335065658
P 113 142 2335065658
P 114 142 2351842618
P 115 142 2351842618
P 116 142 2351842618
P 117 142 2351842873
P 118 142 2351842617
P 119 142 2368554297
P 120 142 2385659192
P 121 142 2402370871
P 122 142 2402370871
P 123 142 2402370871
P 124 142 2419148087
P 125 142 2419148342
P 126 142 2419148086
P 127 142 2419148086
P 128 142 2469741876
P 129 142 2469676340
P 130 142 2486453556
P 131 142 2486453556
P 132 142 2503230772
P 133 142 2503230772
P 134 142 2503230516
P 135 142 2503164979
P 136 142 2570601778
P 137 142 2570536242
P 138 142 2587313201
P 139 142 2587313201
P 140 142 2604090417
P 141 142 2604090417
P 142 142 2604090417
P 143 142 2620802097
P 144 142 2688173358
P 145 142 2704950830
P 146 142 2704885294
P 147 142 2704819758
P 148 142 2721597230
P 149 142 2738374445
P 150 142 2738308910
P 151 142 2755086381
P 152 142 2839169323
P 153 142 2855946795
P 154 142 2855881258
P 155 142 2855815722
P 156 142 2872527402
P 157 142 2889370410
P 158 142 2906082090
P 159 142 2906016810
P 160 142 3006942248
P 161 142 3023654184
P 162 142 3040365863
P 163 142 3040300583
P 164 142 3057012519
P 165 142 3073789990
P 166 142 3090501671
P 167 142 3090436135
P 40 143 2384217170
P 41 143 2384217170
P 42 143 2384217170
P 43 143 2367439954
P 44 143 2367439954
P 45 143 2367439953
P 46 143 2367439953
P 47 143 2367439953
P 48 143 2350728272
P 49 143 2350728272
P 50 143 2350728271
P 51 143 2350728272
P 52 143 2333951055
P 53 143 2333951055
P 54 143 2333951055
P 55 143 2333885519
P 56 143 2317239629
P 57 143 2317239629
P 58 143 2317239629
P 59 143 2317239629
P 60 143 2317239629
P 61 143 2317239629
P 62 143 2317239629
P 63 143 2317239629
P 64 143 2300593483
P 65 143 2300593483
P 66 143 2300593483
P 67 143 2283816266
P 68 143 2283816266
P 69 143 2283750730
P 70 143 2283750730
P 71 143 2283750730
P 72 143 2283881800
P 73 143 2283882056
P 74 143 2283882056
P 75 143 2267104584
P 76 143 2267104584
P 77 143 2267104583
P 78 143 2267104584
P 79 143 2267104583
P 80 143 2267301446
P 81 143 2267301446
P 82 143 2267235909
P 83 143 2267235653
P 84 143 2267235653
P 85 143 2267235653
P 86 143 2267235909
P 87 143 2267235652
P 88 143 2267432515
P 89 143 2267432515
P 90 143 2267432514
P 91 143 2267432514
P 92 143 2267432514
P 93 143 2267432514
P 94 143 2267432514
P 95 143 2267432514
P 96 143 2284340800
P 97 143 2284340800
P 98 143 2284340800
P 99 143 2284406336
P 100 143 2284340800
P 101 143 2284340799
P 102 143 2284340799
P 103 143 2284340543
P 104 143 2301314621
P 105 143 2301314621
P 106 143 2301314621
P 107 143 2301314621
P 108 143 2301314621
P 109 143 2318091836
P 110 143 2318091836
P 111 143 2318091580
P 112 143 2335065658
P 113 143 2335065658
P 114 143 2351842874
P 115 143 2351842618
P 116 143 2351842618
P 117 143 2351842873
P 118 143 2351842873
P 119 143 2368554297
P 120 143 2385593656
P 121 143 2402370871
P 122 143 2402370871
P 123 143 2402370871
P 124 143 2419148087
P 125 143 2419148342
P 126 143 2419148342
P 127 143 2419148086
P 128 143 2469676340
P 129 143 2469676340
P 130 143 2486453556
P 131 143 2486453556
P 132 143 2503230772
P 133 143 2503230772
P 134 143 2503230772
P 135 143 2503164979
P 136 143 2570536242
P 137 143 2570536242
P 138 143 2587313457
P 139 143 2587313201
P 140 143 2604090417
P 141 143 2604090417
P 142 143 2604090417
P 143 143 2620802097
P 144 143 2688173102
P 145 143 2704950574
P 146 143 2704885294
P 147 143 2704885294
P 148 143 2721596974
P 149 143 2738374446
P 150 143 2738308910
P 151 143 2755086125
P 152 143 2839169067
P 153 143 2855946539
P 154 143 2855881258
P 155 143 2855881258
P 156 143 2872527403
P 157 143 2889370155
P 158 143 2906082090
P 159 143 2906016554
P 160 143 3006942248
P 161 143 3023653928
P 162 143 3040365863
P 163 143 3040365863
P 164 143 3057012263
P 165 143 3073789735
P 166 143 3090501671
P 167 143 3090436135
P 40 144 2367440210
P 41 144 2367440210
P 42 144 2367440209
P 43 144 2367440209
P 44 144 2367440209
P 45 144 2367440209
P 46 144 2367440209
P 47 144 2367440209
P 48 144 2350728784
P 49 144 2333951567
P 50 144 2333951567
P 51 144 2333951567
P 52 144 2333951567
P 53 144 2333951567
P 54 144 2333886030
P 55 144 2333886030
P 56 144 2317240141
P 57 144 2317239885
P 58 144 2317239885
P 59 144 2317240141
P 60 144 2317240141
P 61 144 2300462668
P 62 144 2300462668
P 63 144 2300462924
P 64 144 2283816778
P 65 144 2283816778
P 66 144 2283816778
P 67 144 2283816778
P 68 144 2283816778
P 69 144 2283751242
P 70 144 2283751242
P 71 144 2283751242
P 72 144 2267105096
P 73 144 2267105096
P 74 144 2267105095
P 75 144 2267105096
P 76 144 2267105095
P 77 144 2267105095
P 78 144 2267105351
P 79 144 2267105351
P 80 144 2267301957
P 81 144 2267236421
P 82 144 2267236421
P 83 144 2267236421
P 84 144 2267236420
P 85 144 2267236420
P 86 144 2267236420
P 87 144 2267236420
P 88 144 2267433027
P 89 144 2267433026
P 90 144 2267433026
P 91 144 2267433026
P 92 144 2267433026
P 93 144 2267433026
P 94 144 2267433025
P 95 144 2267433025
P 96 144 2284407104
P 97 144 2284406848
P 98 144 2284406847
P 99 144 2284341311
P 100 144 2284341311
P 101 144 2284341311
P 102 144 2284341566
P 103 144 2284341567
P 104 144 2301380925
P 105 144 2301315389
P 106 144 2318092604
P 107 144 2318092604
P 108 144 2318092604
P 109 144 2318092348
P 110 144 2318092604
P 111 144 2318092604
P 112 144 2351843642
P 113 144 2351843642
P 114 144 2351843641
P 115 144 2351843641
P 116 144 2368620857
P 117 144 2368620601
P 118 144 2368620601
P 119 144 2368620600
P 120 144 2402371895
P 121 144 2419148855
P 122 144 2419214646
P 123 144 2419149110
P 124 144 2419149111
P 125 144 2435926326
P 126 144 2435926326
P 127 144 2435926326
P 128 144 2486520116
P 129 144 2503231796
P 130 144 2503231796
P 131 144 2503231796
P 132 144 2503231795
P 133 144 2520008755
P 134 144 2519943219
P 135 144 2520008755
P 136 144 2587380017
P 137 144 2604091441
P 138 144 2604091441
P 139 144 2604091441
P 140 144 2620868657
P 141 144 2620868656
P 142 144 2637580336
P 143 144 2637580336
P 144 144 2705016878
P 145 144 2721728558
P 146 144 2738506030
P 147 144 2738440750
P 148 144 2755217965
P 149 144 2755152429
P 150 144 2771929901
P 151 144 2771864365
P 152 144 2856012843
P 153 144 2872724523
P 154 144 2889501995
P 155 144 2906213930
P 156 144 2906214186
P 157 144 2922925866
P 158 144 2922860586
P 159 144 2939637801
P 160 144 3040497960
P 161 144 3057209639
P 162 144 3073987111
P 163 144 3090699047
P 164 144 3090633767
P 165 144 3107345446
P 166 144 3124057382
P 167 144 3140834599
P 40 145 2367440210
P 41 145 2367440210
P 42 145 2367440209
P 43 145 2367440209
P 44 145 2367440209
P 45 145 2367440209
P 46 145 2367440209
P 47 145 2367440209
P 48 145 2350728784
P 49 145 2333951567
P 50 145 2333951567
P 51 145 2333951567
P 52 145 2333951567
P 53 145 2333951567
P 54 145 2333886030
P 55 145 2333886030
P 56 145 2317240141
P 57 145 2317240141
P 58 145 2317239885
P 59 145 2317240141
P 60 145 2317240141
P 61 145 2300462924
P 62 145 2300462668
P 63 145 2300462924
P 64 145 2283816778
P 65 145 2283816778
P 66 145 2283816778
P 67 145 2283816778
P 68 145 2283751242
P 69 145 2283751242
P 70 145 2283751242
P 71 145 2283751242
P 72 145 2267105096
P 73 145 2267105096
P 74 145 2267105095
P 75 145 2267105096
P 76 145 2267105095
P 77 145 2267105095
P 78 145 2267105351
P 79 145 2267105351
P 80 145 2267301957
P 81 145 2267236421
P 82 145 2267236421
P 83 145 2267236421
P 84 145 2267236420
P 85 145 2267236420
P 86 145 2267236420
P 87 145 2267236420
P 88 145 2267433027
P 89 145 2267433026
P 90 145 2267433026
P 91 145 2267433026
P 92 145 2267433026
P 93 145 2267433026
P 94 145 2267433025
P 95 145 2267433025
P 96 145 2284407104
P 97 145 2284407104
P 98 145 2284341311
P 99 145 2284341311
P 100 145 2284341311
P 101 145 2284341311
P 102 145 2284341566
P 103 145 2284341567
P 104 145 2301380925
P 105 145 2301315389
P 106 145 2318092604
P 107 145 2318092604
P 108 145 2318092604
P 109 145 2318092604
P 110 145 2318092604
P 111 145 2318092604
P 112 145 2351843642
P 113 145 2351843642
P 114 145 2351843641
P 115 145 2351843641
P 116 145 2368620857
P 117 145 2368620857
P 118 145 2368620601
P 119 145 2368620600
P 120 145 2402371895
P 121 145 2419149111
P 122 145 2419149110
P 123 145 2419149110
P 124 145 2419149111
P 125 145 2435926326
P 126 145 2435926326
P 127 145 2435860790
P 128 145 2486520116
P 129 145 2503231796
P 130 145 2503231796
P 131 145 2503231796
P 132 145 2503231795
P 133 145 2520009011
P 134 145 2519943219
P 135 145 2519943219
P 136 145 2587380017
P 137 145 2604091697
P 138 145 2604091441
P 139 145 2604091441
P 140 145 2620868657
P 141 145 2620868656
P 142 145 2637580336
P 143 145 2637580336
P 144 145 2705016878
P 145 145 2721728558
P 146 145 2738505774
P 147 145 2738440494
P 148 145 2755217965
P 149 145 2755152429
P 150 145 2771929645
P 151 145 2771864365
P 152 145 2856012843
P 153 145 2872724523
P 154 145 2889501739
P 155 145 2906213674
P 156 145 2906213930
P 157 145 2922925866
P 158 145 2922860330
P 159 145 2939637802
P 160 145 3040497704
P 161 145 3057209639
P 162 145 3073986855
P 163 145 3090698791
P 164 145 3090633512
P 165 145 3107410983
P 166 145 3124057127
P 167 145 3140834599
P 40 146 2367440210
P 41 146 2367440210
P 42 146 2367440209
P 43 146 2367440209
P 44 146 2367440209
P 45 146 2367440209
P 46 146 2367440209
P 47 146 2367440465
P 48 146 2350728784
P 49 146 2333951567
P 50 146 2333951567
P 51 146 2333951567
P 52 146 2333951567
P 53 146 2333886031
P 54 146 2333886030
P 55 146 2333886030
P 56 146 2317240141
P 57 146 2317240141
P 58 146 2317240141
P 59 146 2317240141
P 60 146 2317240141
P 61 146 2300462924
P 62 146 2300462924
P 63 146 2300462924
P 64 146 2283816778
P 65 146 2283816778
P 66 146 2283816778
P 67 146 2283751242
P 68 146 2283751242
P 69 146 2283751242
P 70 146 2283751242
P 71 146 2283751242
P 72 146 2267105096
P 73 146 2267105096
P 74 146 2267105351
P 75 146 2267105352
P 76 146 2267105095
P 77 146 2267105095
P 78 146 2267105351
P 79 146 2267105351
P 80 146 2267236421
P 81 146 2267236421
P 82 146 2267236421
P 83 146 2267236421
P 84 146 2267236420
P 85 146 2267236420
P 86 146 2267236420
P 87 146 2267236420
P 88 146 2267433027
P 89 146 2267433026
P 90 146 2267433026
P 91 146 2267433282
P 92 146 2267433026
P 93 146 2267433026
P 94 146 2267433025
P 95 146 2267433025
P 96 146 2284407104
P 97 146 2284407104
P 98 146 2284341567
P 99 146 2284341567
P 100 146 2284341311
P 101 146 2284341311
P 102 146 2284341566
P 103 146 2284341567
P 104 146 2301315389
P 105 146 2301315389
P 106 146 2318092604
P 107 146 2318092604
P 108 146 2318092604
P 109 146 2318092604
P 110 146 2318092604
P 111 146 2318092604
P 112 146 2351843642
P 113 146 2351843642
P 114 146 2351843641
P 115 146 2351843641
P 116 146 2368620857
P 117 146 2368620857
P 118 146 2368620857
P 119 146 2368620856
P 120 146 2402371895
P 121 146 2419149111
P 122 146 2419149110
P 123 146 2419149110
P 124 146 2419149111
P 125 146 2435926326
P 126 146 2435926326
P 127 146 2435860790
P 128 146 2486454580
P 129 146 2503231796
P 130 146 2503231796
P 131 146 2503231796
P 132 146 2503231795
P 133 146 2519943475
P 134 146 2519943475
P 135 146 2519943475
P 136 146 2587314481
P 137 146 2604091697
P 138 146 2604091697
P 139 146 2604091697
P 140 146 2620868657
P 141 146 2620803120
P 142 146 2637580592
P 143 146 2637580592
P 144 146 2704951342
P 145 146 2721728558
P 146 146 2738505774
P 147 146 2738440494
P 148 146 2755217709
P 149 146 2755152430
P 150 146 2771929646
P 151 146 2771864365
P 152 146 2856012843
P 153 146 2872724523
P 154 146 2889501739
P 155 146 2906213674
P 156 146 2906213674
P 157 146 2922925610
P 158 146 2922925866
P 159 146 2939637802
P 160 146 3040497704
P 161 146 3057209383
P 162 146 3073986856
P 163 146 3090698792
P 164 146 3090633256
P 165 146 3107410727
P 166 146 3124122663
P 167 146 3140834599
P 40 147 2367440466
P 41 147 2367440210
P 42 147 2367440209
P 43 147 2367440209
P 44 147 2367440209
P 45 147 2367440209
P 46 147 2367440209
P 47 147 2367440465
P 48 147 2350728784
P 49 147 2333951567
P 50 147 2333951567
P 51 147 2333951567
P 52 147 2333886031
P 53 147 2333886031
P 54 147 2333886030
P 55 147 2333886030
P 56 147 2317240141
P 57 147 2317240141
P 58 147 2317240141
P 59 147 2317240141
P 60 147 2317240141
P 61 147 2300462924
P 62 147 2300462924
P 63 147 2300462924
P 64 147 2283816778
P 65 147 2283816778
P 66 147 2283816778
P 67 147 2283751242
P 68 147 2283751242
P 69 147 2283751242
P 70 147 2283751242
P 71 147 2283751242
P 72 147 2267105352
P 73 147 2267105096
P 74 147 2267105351
P 75 147 2267105352
P 76 147 2267105351
P 77 147 2267105095
P 78 147 2267105351
P 79 147 2267105351
P 80 147 2267236421
P 81 147 2267236421
P 82 147 2267236421
P 83 147 2267236421
P 84 147 2267236420
P 85 147 2267236420
P 86 147 2267236420
P 87 147 2267236420
P 88 147 2267433283
P 89 147 2267433026
P 90 147 2267433026
P 91 147 2267433282
P 92 147 2267433282
P 93 147 2267433026
P 94 147 2267433025
P 95 147 2267433025
P 96 147 2284407104
P 97 147 2284341568
P 98 147 2284341567
P 99 147 2284341567
P 100 147 2284341567
P 101 147 2284341311
P 102 147 2284341566
P 103 147 2284341566
P 104 147 2301315389
P 105 147 2301315389
P 106 147 2318092604
P 107 147 2318092604
P 108 147 2318092604
P 109 147 2318092604
P 110 147 2318092604
P 111 147 2318092604
P 112 147 2351843642
P 113 147 2351843642
P 114 147 2351843641
P 115 147 2351843641
P 116 147 2368555321
P 117 147 2368620857
P 118 147 2368620857
P 119 147 2368620856
P 120 147 2402371895
P 121 147 2419149111
P 122 147 2419149110
P 123 147 2419149110
P 124 147 2419149111
P 125 147 2435926326
P 126 147 2435860790
P 127 147 2435860790
P 128 147 2486454580
P 129 147 2503231796
P 130 147 2503231796
P 131 147 2503231796
P 132 147 2503166259
P 133 147 2519943475
P 134 147 2519943475
P 135 147 2519943475
P 136 147 2587314481
P 137 147 2604091697
P 138 147 2604091697
P 139 147 2604091697
P 140 147 2620803377
P 141 147 2620803120
P 142 147 2637580592
P 143 147 2637580592
P 144 147 2704951598
P 145 147 2721728558
P 146 147 2738505774
P 147 147 2738440238
P 148 147 2755217710
P 149 147 2755152174
P 150 147 2771929646
P 151 147 2771929901
P 152 147 2856012843
P 153 147 2872724523
P 154 147 2889501739
P 155 147 2906213675
P 156 147 2906213675
P 157 147 2922925354
P 158 147 2922925610
P 159 147 2939637546
P 160 147 3040497704
P 161 147 3057209384
P 162 147 3073986600
P 163 147 3090698536
P 164 147 3090633256
P 165 147 3107410471
P 166 147 3124122407
P 167 147 3140834343
P 40 148 2367440466
P 41 148 2367440466
P 42 148 2367440465
P 43 148 2367440209
P 44 148 2367440209
P 45 148 2367440465
P 46 148 2367440465
P 47 148 2367440465
P 48 148 2350728784
P 49 148 2333951567
P 50 148 2333951567
P 51 148 2333951567
P 52 148 2333886031
P 53 148 2333886031
P 54 148 2333886030
P 55 148 2333886030
P 56 148 2317240141
P 57 148 2317240141
P 58 148 2317240141
P 59 148 2317240141
P 60 148 2317240141
P 61 148 2300462924
P 62 148 2300462924
P 63 148 2300462924
P 64 148 2283816778
P 65 148 2283816778
P 66 148 2283751242
P 67 148 2283751242
P 68 148 2283751242
P 69 148 2283751242
P 70 148 2283751242
P 71 148 2283751242
P 72 148 2267105352
P 73 148 2267105352
P 74 148 2267105351
P 75 148 2267105352
P 76 148 2267105351
P 77 148 2267105351
P 78 148 2267105351
P 79 148 2267105351
P 80 148 2267236421
P 81 148 2267236421
P 82 148 2267236421
P 83 148 2267236421
P 84 148 2267236420
P 85 148 2267236420
P 86 148 2267236420
P 87 148 2267236420
P 88 148 2267433283
P 89 148 2267433282
P 90 148 2267433282
P 91 148 2267433282
P 92 148 2267433282
P 93 148 2267433282
P 94 148 2267433281
P 95 148 2267367489
P 96 148 2284407104
P 97 148 2284341568
P 98 148 2284341567
P 99 148 2284341567
P 100 148 2284341567
P 101 148 2284341567
P 102 148 2284341566
P 103 148 2284341566
P 104 148 2301315389
P 105 148 2301315389
P 106 148 2318092604
P 107 148 2318092604
P 108 148 2318092604
P 109 148 2318092604
P 110 148 2318092604
P 111 148 2318092604
P 112 148 2351843642
P 113 148 2351843898
P 114 148 2351843897
P 115 148 2351843641
P 116 148 2368555321
P 117 148 2368620857
P 118 148 2368620857
P 119 148 2368555320
P 120 148 2402371895
P 121 148 2419149111
P 122 148 2419149366
P 123 148 2419149110
P 124 148 2419149111
P 125 148 2435860790
P 126 148 2435860790
P 127 148 2435860790
P 128 148 2486454580
P 129 148 2503231796
P 130 148 2503231796
P 131 148 2503231796
P 132 148 2503166259
P 133 148 2519943475
P 134 148 2519943475
P 135 148 2519943475
P 136 148 2587314481
P 137 148 2604091697
P 138 148 2604091697
P 139 148 2604091697
P 140 148 2620803377
P 141 148 2620803376
P 142 148 2637580592
P 143 148 2637515056
P 144 148 2704951598
P 145 148 2721728814
P 146 148 2738440494
P 147 148 2738440238
P 148 148 2755217454
P 149 148 2755152174
P 150 148 2771929646
P 151 148 2771929645
P 152 148 2856012588
P 153 148 2872724524
P 154 148 2889501739
P 155 148 2906213419
P 156 148 2906213675
P 157 148 2922925354
P 158 148 2922925610
P 159 148 2939637290
P 160 148 3040563240
P 161 148 3057209384
P 162 148 3073986600
P 163 148 3090698536
P 164 148 3090633000
P 165 148 3107410471
P 166 148 3124122407
P 167 148 3140834087
P 40 149 2367440466
P 41 149 2367440466
P 42 149 2367440465
P 43 149 2367440465
P 44 149 2367440209
P 45 149 2367440465
P 46 149 2367440465
P 47 149 2367440465
P 48 149 2350728784
P 49 149 2333951567
P 50 149 2333951567
P 51 149 2333886031
P 52 149 2333886031
P 53 149 2333886031
P 54 149 2333886030
P 55 149 2333886030
P 56 149 2317240141
P 57 149 2317240141
P 58 149 2317240141
P 59 149 2317240141
P 60 149 2317240141
P 61 149 2300462924
P 62 149 2300462924
P 63 149 2300462924
P 64 149 2283816778
P 65 149 2283816778
P 66 149 2283751242
P 67 149 2283751242
P 68 149 2283751242
P 69 149 2283751242
P 70 149 2283751242
P 71 149 2283751242
P 72 149 2267105352
P 73 149 2267105352
P 74 149 2267105351
P 75 149 2267105352
P 76 149 2267105351
P 77 149 2267105351
P 78 149 2267105351
P 79 149 2267105351
P 80 149 2267236421
P 81 149 2267236421
P 82 149 2267236421
P 83 149 2267236421
P 84 149 2267236420
P 85 149 2267236420
P 86 149 2267236420
P 87 149 2267236420
P 88 149 2267433283
P 89 149 2267433282
P 90 149 2267433282
P 91 149 2267367746
P 92 149 2267433282
P 93 149 2267433282
P 94 149 2267367745
P 95 149 2267367745
P 96 149 2284341568
P 97 149 2284341568
P 98 149 2284341567
P 99 149 2284341567
P 100 149 2284341567
P 101 149 2284341567
P 102 149 2284341566
P 103 149 2284341566
P 104 149 2301315389
P 105 149 2301315389
P 106 149 2318092604
P 107 149 2318092604
P 108 149 2318092604
P 109 149 2318092604
P 110 149 2318092604
P 111 149 2318092604
P 112 149 2351843642
P 113 149 2351843898
P 114 149 2351843897
P 115 149 2351778361
P 116 149 2368555321
P 117 149 2368620857
P 118 149 2368555321
P 119 149 2368555320
P 120 149 2402371895
P 121 149 2419149111
P 122 149 2419149366
P 123 149 2419149366
P 124 149 2419149111
P 125 149 2435860790
P 126 149 2435860790
P 127 149 2435860790
P 128 149 2486454580
P 129 149 2503231796
P 130 149 2503231796
P 131 149 2503166260
P 132 149 2503166259
P 133 149 2519943475
P 134 149 2519943475
P 135 149 2519943731
P 136 149 2587314481
P 137 149 2604091697
P 138 149 2604091697
P 139 149 2604026417
P 140 149 2620803377
P 141 149 2620803376
P 142 149 2637515056
P 143 149 2637515056
P 144 149 2704886062
P 145 149 2721728814
P 146 149 2738440494
P 147 149 2738440494
P 148 149 2755217454
P 149 149 2755151918
P 150 149 2771929390
P 151 149 2771929645
P 152 149 2856012332
P 153 149 2872789804
P 154 149 2889501739
P 155 149 2906213419
P 156 149 2906213419
P 157 149 2922925354
P 158 149 2922925354
P 159 149 2939637290
P 160 149 3040562984
P 161 149 3057274920
P 162 149 3073986600
P 163 149 3090698536
P 164 149 3090633000
P 165 149 3107410215
P 166 149 3124122151
P 167 149 3140834087
P 40 150 2367440466
P 41 150 2367440466
P 42 150 2367440465
P 43 150 2367440465
P 44 150 2367440465
P 45 150 2367440465
P 46 150 2367440465
P 47 150 2367440465
P 48 150 2350728783
P 49 150 2333951567
P 50 150 2333951567
P 51 150 2333886031
P 52 150 2333886031
P 53 150 2333886031
P 54 150 2333886030
P 55 150 2333886030
P 56 150 2317240141
P 57 150 2317240141
P 58 150 2317240141
P 59 150 2317240141
P 60 150 2317240141
P 61 150 2300462924
P 62 150 2300462924
P 63 150 2300462924
P 64 150 2283817034
P 65 150 2283751498
P 66 150 2283751242
P 67 150 2283751242
P 68 150 2283751498
P 69 150 2283751498
P 70 150 2283751242
P 71 150 2283751242
P 72 150 2267105352
P 73 150 2267105352
P 74 150 2267105351
P 75 150 2267105352
P 76 150 2267105351
P 77 150 2267105351
P 78 150 2267105351
P 79 150 2267105351
P 80 150 2267236421
P 81 150 2267236421
P 82 150 2267236421
P 83 150 2267236421
P 84 150 2267236420
P 85 150 2267236420
P 86 150 2267236420
P 87 150 2267236420
P 88 150 2267433282
P 89 150 2267433282
P 90 150 2267433282
P 91 150 2267367746
P 92 150 2267433282
P 93 150 2267433282
P 94 150 2267367745
P 95 150 2267367745
P 96 150 2284341568
P 97 150 2284341568
P 98 150 2284341567
P 99 150 2284341567
P 100 150 2284341567
P 101 150 2284341567
P 102 150 2284341566
P 103 150 2284341566
P 104 150 2301315389
P 105 150 2301315389
P 106 150 2318092604
P 107 150 2318092604
P 108 150 2318027068
P 109 150 2318092604
P 110 150 2318092604
P 111 150 2318027068
P 112 150 2351843898
P 113 150 2351843898
P 114 150 2351843897
P 115 150 2351778361
P 116 150 2368555577
P 117 150 2368621113
P 118 150 2368555321
P 119 150 2368555320
P 120 150 2402372151
P 121 150 2419083831
P 122 150 2419149366
P 123 150 2419149366
P 124 150 2419083831
P 125 150 2435861046
P 126 150 2435860790
P 127 150 2435860790
P 128 150 2486454836
P 129 150 2503232052
P 130 150 2503231796
P 131 150 2503166260
P 132 150 2503166259
P 133 150 2519943475
P 134 150 2519943475
P 135 150 2519943731
P 136 150 2587314737
P 137 150 2604091953
P 138 150 2604091697
P 139 150 2604026417
P 140 150 2620803633
P 141 150 2620803632
P 142 150 2637515056
P 143 150 2637515056
P 144 150 2704886318
P 145 150 2721663534
P 146 150 2738440494
P 147 150 2738440494
P 148 150 2755152174
P 149 150 2755152174
P 150 150 2771929390
P 151 150 2771929389
P 152 150 2856012332
P 153 150 2872789804
P 154 150 2889501483
P 155 150 2906213419
P 156 150 2906213419
P 157 150 2922925354
P 158 150 2922925354
P 159 150 2939637034
P 160 150 3040562984
P 161 150 3057274920
P 162 150 3073986600
P 163 150 3090698536
P 164 150 3090633000
P 165 150 3107410215
P 166 150 3124121895
P 167 150 3140833831
P 40 151 2367440466
P 41 151 2367440466
P 42 151 2367440465
P 43 151 2367440465
P 44 151 2367440465
P 45 151 2367440465
P 46 151 2367440465
P 47 151 2367440465
P 48 151 2350728783
P 49 151 2333951567
P 50 151 2333951567
P 51 151 2333886031
P 52 151 2333886031
P 53 151 2333886031
P 54 151 2333886030
P 55 151 2333886030
P 56 151 2317240141
P 57 151 2317240141
P 58 151 2317240141
P 59 151 2317240141
P 60 151 2317240141
P 61 151 2300462924
P 62 151 2300462924
P 63 151 2300462924
P 64 151 2283751498
P 65 151 2283751498
P 66 151 2283751498
P 67 151 2283751242
P 68 151 2283751498
P 69 151 2283751498
P 70 151 2283751498
P 71 151 2283751242
P 72 151 2267105352
P 73 151 2267105352
P 74 151 2267105351
P 75 151 2267105351
P 76 151 2267105351
P 77 151 2267105351
P 78 151 2267105351
P 79 151 2267105351
P 80 151 2267236421
P 81 151 2267236421
P 82 151 2267236421
P 83 151 2267236421
P 84 151 2267236420
P 85 151 2267236420
P 86 151 2267236420
P 87 151 2267236420
P 88 151 2267433282
P 89 151 2267433282
P 90 151 2267367746
P 91 151 2267367746
P 92 151 2267433282
P 93 151 2267367746
P 94 151 2267367745
P 95 151 2267367745
P 96 151 2284341568
P 97 151 2284341568
P 98 151 2284341567
P 99 151 2284341567
P 100 151 2284341567
P 101 151 2284341567
P 102 151 2284341566
P 103 151 2284341566
P 104 151 2301315389
P 105 151 2301315389
P 106 151 2318092860
P 107 151 2318092604
P 108 151 2318027068
P 109 151 2318092604
P 110 151 2318092604
P 111 151 2318027068
P 112 151 2351843898
P 113 151 2351843898
P 114 151 2351778361
P 115 151 2351778361
P 116 151 2368555577
P 117 151 2368555577
P 118 151 2368555577
P 119 151 2368555320
P 120 151 2402306615
P 121 151 2419083831
P 122 151 2419149366
P 123 151 2419149366
P 124 151 2419083831
P 125 151 2435861046
P 126 151 2435861046
P 127 151 2435860790
P 128 151 2486389300
P 129 151 2503232052
P 130 151 2503166516
P 131 151 2503166260
P 132 151 2503166259
P 133 151 2519943475
P 134 151 2519943475
P 135 151 2519943731
P 136 151 2587249201
P 137 151 2604091953
P 138 151 2604026417
P 139 151 2604026417
P 140 151 2620803633
P 141 151 2620738096
P 142 151 2637515312
P 143 151 2637515056
P 144 151 2704886318
P 145 151 2721663534
P 146 151 2738375214
P 147 151 2738440494
P 148 151 2755152174
P 149 151 2755152174
P 150 151 2771929390
P 151 151 2771929389
P 152 151 2856012332
P 153 151 2872789548
P 154 151 2889501483
P 155 151 2906278699
P 156 151 2906213419
P 157 151 2922925098
P 158 151 2922925354
P 159 151 2939637034
P 160 151 3040562728
P 161 151 3057274664
P 162 151 3073986600
P 163 151 3090763816
P 164 151 3090633000
P 165 151 3107410215
P 166 151 3124121895
P 167 151 3140833831
P 40 152 2367440721
P 41 152 2367440721
P 42 152 2367440721
P 43 152 2367440721
P 44 152 2367440721
P 45 152 2367440721
P 46 152 2367440721
P 47 152 2350597968
P 48 152 2333952079
P 49 152 2333886543
P 50 152 2333886543
P 51 152 2333886542
P 52 152 2333886542
P 53 152 2333886542
P 54 152 2333886542
P 55 152 2317109326
P 56 152 2317240653
P 57 152 2317240653
P 58 152 2300463436
P 59 152 2300463436
P 60 152 2300463436
P 61 152 2300463436
P 62 152 2300463436
P 63 152 2300463435
P 64 152 2283752010
P 65 152 2283751754
P 66 152 2283751754
P 67 152 2283752010
P 68 152 2283752010
P 69 152 2283752009
P 70 152 2283752009
P 71 152 2283752009
P 72 152 2267105864
P 73 152 2267105863
P 74 152 2267105863
P 75 152 2267105863
P 76 152 2267105863
P 77 152 2267105863
P 78 152 2267105862
P 79 152 2267105862
P 80 152 2267237189
P 81 152 2267237189
P 82 152 2267237188
P 83 152 2267237188
P 84 152 2267237188
P 85 152 2267237188
P 86 152 2267237188
P 87 152 2267237187
P 88 152 2267434050
P 89 152 2267433794
P 90 152 2267433794
P 91 152 2267434049
P 92 152 2267434049
P 93 152 2267368513
P 94 152 2267368513
P 95 152 2267368513
P 96 152 2284342591
P 97 152 2284342335
P 98 152 2284342335
P 99 152 2284342335
P 100 152 2284342335
P 101 152 2284342334
P 102 152 2284342334
P 103 152 2301119550
P 104 152 2318093628
P 105 152 2318093628
P 106 152 2318093628
P 107 152 2318093628
P 108 152 2318093628
P 109 152 2318093627
P 110 152 2334805307
P 111 152 2334805307
P 112 152 2351844665
P 113 152 2368556345
P 114 152 2368621881
P 115 152 2368621881
P 116 152 2368621881
P 117 152 2368556345
P 118 152 2368556345
P 119 152 2385333560
P 120 152 2419150391
P 121 152 2419150135
P 122 152 2435927350
P 123 152 2435861814
P 124 152 2435861814
P 125 152 2452639030
P 126 152 2452639029
P 127 152 2452639029
P 128 152 2503233076
P 129 152 2503167539
P 130 152 2519944755
P 131 152 2519944755
P 132 152 2519944755
P 133 152 2536721971
P 134 152 2536721971
P 135 152 2536721971
P 136 152 2604092977
P 137 152 2620804657
P 138 152 2620804656
P 139 152 2620804656
P 140 152 2637581873
P 141 152 2654293296
P 142 152 2654359088
P 143 152 2671136304
P 144 152 2738441774
P 145 152 2755218990
P 146 152 2755218990
P 147 152 2771930670
P 148 152 2771930669
P 149 152 2788773165
P 150 152 2805484845
P 151 152 2805484845
P 152 152 2906410540
P 153 152 2906345003
P 154 152 2923122475
P 155 152 2923057195
P 156 152 2939834411
P 157 152 2956480554
P 158 152 2973258026
P 159 152 2973258282
P 160 152 3074118441
P 161 152 3090830120
P 162 152 3107607592
P 163 152 3124319528
P 164 152 3141031207
P 165 152 3157743143
P 166 152 3174454823
P 167 152 3191232295
P 40 153 2367440721
P 41 153 2367440721
P 42 153 2367440721
P 43 153 2367440721
P 44 153 2367440721
P 45 153 2367440721
P 46 153 2367440721
P 47 153 2350597968
P 48 153 2333952079
P 49 153 2333886543
P 50 153 2333886543
P 51 153 2333886542
P 52 153 2333886542
P 53 153 2333886542
P 54 153 2333886542
P 55 153 2317109326
P 56 153 2317240653
P 57 153 2317240653
P 58 153 2300463436
P 59 153 2300463436
P 60 153 2300463436
P 61 153 2300463436
P 62 153 2300463436
P 63 153 2300463435
P 64 153 2283752010
P 65 153 2283752010
P 66 153 2283751754
P 67 153 2283752010
P 68 153 2283752010
P 69 153 2283752009
P 70 153 2283752009
P 71 153 2283752009
P 72 153 2267105864
P 73 153 2267105863
P 74 153 2267105863
P 75 153 2267105863
P 76 153 2267105863
P 77 153 2267105863
P 78 153 2267105862
P 79 153 2267105862
P 80 153 2267237189
P 81 153 2267237189
P 82 153 2267237188
P 83 153 2267237188
P 84 153 2267237188
P 85 153 2267237188
P 86 153 2267237188
P 87 153 2267237187
P 88 153 2267434050
P 89 153 2267434050
P 90 153 2267433794
P 91 153 2267434049
P 92 153 2267368513
P 93 153 2267368513
P 94 153 2267368513
P 95 153 2267368513
P 96 153 2284342591
P 97 153 2284342591
P 98 153 2284342335
P 99 153 2284342335
P 100 153 2284342335
P 101 153 2284342590
P 102 153 2284342334
P 103 153 2301119550
P 104 153 2318093628
P 105 153 2318093628
P 106 153 2318093628
P 107 153 2318093628
P 108 153 2318093628
P 109 153 2318093627
P 110 153 2334805307
P 111 153 2334805307
P 112 153 2351844665
P 113 153 2368556345
P 114 153 2368621881
P 115 153 2368621881
P 116 153 2368556345
P 117 153 2368556345
P 118 153 2368556345
P 119 153 2385333560
P 120 153 2419150391
P 121 153 2419150391
P 122 153 2435861814
P 123 153 2435861814
P 124 153 2435861814
P 125 153 2452639030
P 126 153 2452639029
P 127 153 2452639029
P 128 153 2503233076
P 129 153 2503167539
P 130 153 2519944755
P 131 153 2519944755
P 132 153 2519944755
P 133 153 2536721971
P 134 153 2536721971
P 135 153 2536656435
P 136 153 2604092977
P 137 153 2620804657
P 138 153 2620804656
P 139 153 2620804656
P 140 153 2637516337
P 141 153 2654293552
P 142 153 2654359088
P 143 153 2671070768
P 144 153 2738441774
P 145 153 2755218990
P 146 153 2755153454
P 147 153 2771930670
P 148 153 2771930669
P 149 153 2788773421
P 150 153 2805484845
P 151 153 2805419309
P 152 153 2906410540
P 153 153 2906345003
P 154 153 2923122219
P 155 153 2923056939
P 156 153 2939834411
P 157 153 2956546090
P 158 153 2973258026
P 159 153 2973258026
P 160 153 3074118441
P 161 153 3090830120
P 162 153 3107607336
P 163 153 3124319272
P 164 153 3141031207
P 165 153 3157808679
P 166 153 3174454823
P 167 153 3191232295
P 40 154 2367440721
P 41 154 2367440721
P 42 154 2367440721
P 43 154 2367440721
P 44 154 2367440721
P 45 154 2367440721
P 46 154 2367440721
P 47 154 2350597968
P 48 154 2333952079
P 49 154 2333886543
P 50 154 2333886543
P 51 154 2333886542
P 52 154 2333886542
P 53 154 2333886542
P 54 154 2333886542
P 55 154 2317109326
P 56 154 2317240653
P 57 154 2317240653
P 58 154 2300463436
P 59 154 2300463436
P 60 154 2300463436
P 61 154 2300463436
P 62 154 2300463436
P 63 154 2300463435
P 64 154 2283752010
P 65 154 2283752010
P 66 154 2283752010
P 67 154 2283752010
P 68 154 2283752010
P 69 154 2283752009
P 70 154 2283752009
P 71 154 2283752009
P 72 154 2267105864
P 73 154 2267105863
P 74 154 2267105863
P 75 154 2267106119
P 76 154 2267105863
P 77 154 2267105863
P 78 154 2267106118
P 79 154 2267106118
P 80 154 2267237189
P 81 154 2267237189
P 82 154 2267237188
P 83 154 2267237188
P 84 154 2267237188
P 85 154 2267237188
P 86 154 2267237188
P 87 154 2267237187
P 88 154 2267368514
P 89 154 2267434050
P 90 154 2267434050
P 91 154 2267368513
P 92 154 2267368513
P 93 154 2267368513
P 94 154 2267368513
P 95 154 2267368513
P 96 154 2284342591
P 97 154 2284342591
P 98 154 2284342591
P 99 154 2284342591
P 100 154 2284342335
P 101 154 2284342590
P 102 154 2284342590
P 103 154 2301119806
P 104 154 2318093628
P 105 154 2318093628
P 106 154 2318093628
P 107 154 2318093628
P 108 154 2318093628
P 109 154 2318028091
P 110 154 2334805307
P 111 154 2334805307
P 112 154 2351779129
P 113 154 2368556345
P 114 154 2368622137
P 115 154 2368556601
P 116 154 2368556344
P 117 154 2368556345
P 118 154 2368556345
P 119 154 2385333560
P 120 154 2419150391
P 121 154 2419150391
P 122 154 2435862070
P 123 154 2435862070
P 124 154 2435861814
P 125 154 2452639030
P 126 154 2452639285
P 127 154 2452639285
P 128 154 2503167540
P 129 154 2503167539
P 130 154 2519944755
P 131 154 2519944755
P 132 154 2519944755
P 133 154 2536721971
P 134 154 2536721971
P 135 154 2536656435
P 136 154 2604027441
P 137 154 2620804657
P 138 154 2620804656
P 139 154 2620739120
P 140 154 2637516336
P 141 154 2654293552
P 142 154 2654359088
P 143 154 2671070768
P 144 154 2738441774
P 145 154 2755218990
P 146 154 2755153454
P 147 154 2771930670
P 148 154 2771930669
P 149 154 2788707885
P 150 154 2805485101
P 151 154 2805419565
P 152 154 2906345004
P 153 154 2906345003
P 154 154 2923122219
P 155 154 2923056939
P 156 154 2939834155
P 157 154 2956546090
P 158 154 2973258026
P 159 154 2973258026
P 160 154 3074118185
P 161 154 3090830120
P 162 154 3107607336
P 163 154 3124319272
P 164 154 3141030951
P 165 154 3157808423
P 166 154 3174520359
P 167 154 3191232295
P 40 155 2367440721
P 41 155 2367440721
P 42 155 2367440721
P 43 155 2367440721
P 44 155 2367440721
P 45 155 2367440721
P 46 155 2367440721
P 47 155 2350597968
P 48 155 2333952079
P 49 155 2333886543
P 50 155 2333886543
P 51 155 2333886542
P 52 155 2333886542
P 53 155 2333886542
P 54 155 2333886542
P 55 155 2317109326
P 56 155 2317240653
P 57 155 2317240653
P 58 155 2300463436
P 59 155 2300463436
P 60 155 2300463436
P 61 155 2300463436
P 62 155 2300463436
P 63 155 2300463435
P 64 155 2283752010
P 65 155 2283752010
P 66 155 2283752010
P 67 155 2283752010
P 68 155 2283752010
P 69 155 2283752009
P 70 155 2283752009
P 71 155 2283752009
P 72 155 2267106120
P 73 155 2267105863
P 74 155 2267105863
P 75 155 2267106119
P 76 155 2267106119
P 77 155 2267105863
P 78 155 2267106118
P 79 155 2267106118
P 80 155 2267237189
P 81 155 2267237189
P 82 155 2267237188
P 83 155 2267237188
P 84 155 2267237188
P 85 155 2267237188
P 86 155 2267237188
P 87 155 2267237187
P 88 155 2267368514
P 89 155 2267434050
P 90 155 2267434050
P 91 155 2267368513
P 92 155 2267368513
P 93 155 2267368513
P 94 155 2267368513
P 95 155 2267368513
P 96 155 2284342591
P 97 155 2284342591
P 98 155 2284342591
P 99 155 2284342591
P 100 155 2284342591
P 101 155 2284342590
P 102 155 2284277054
P 103 155 2301119806
P 104 155 2318093628
P 105 155 2318028092
P 106 155 2318093628
P 107 155 2318093628
P 108 155 2318028092
P 109 155 2318028091
P 110 155 2334805307
P 111 155 2334805307
P 112 155 2351779385
P 113 155 2368556345
P 114 155 2368622137
P 115 155 2368556601
P 116 155 2368556600
P 117 155 2368556345
P 118 155 2368556345
P 119 155 2385333560
P 120 155 2419150391
P 121 155 2419084855
P 122 155 2435862070
P 123 155 2435862070
P 124 155 2435862070
P 125 155 2452639030
P 126 155 2452639285
P 127 155 2452639285
P 128 155 2503167540
P 129 155 2503167539
P 130 155 2519944755
P 131 155 2519944755
P 132 155 2519944755
P 133 155 2536721971
P 134 155 2536656435
P 135 155 2536656435
P 136 155 2604027697
P 137 155 2620804657
P 138 155 2620804656
P 139 155 2620739120
P 140 155 2637516592
P 141 155 2654293552
P 142 155 2654293552
P 143 155 2671070768
P 144 155 2738442030
P 145 155 2755153454
P 146 155 2755153454
P 147 155 2771930670
P 148 155 2771930669
P 149 155 2788707885
P 150 155 2805419565
P 151 155 2805419565
P 152 155 2906345260
P 153 155 2906345003
P 154 155 2923122219
P 155 155 2923056683
P 156 155 2939834155
P 157 155 2956545834
P 158 155 2973257770
P 159 155 2973323562
P 160 155 3074118185
P 161 155 3090829864
P 162 155 3107607336
P 163 155 3124319016
P 164 155 3141030951
P 165 155 3157808167
P 166 155 3174520103
P 167 155 3191297575
P 40 156 2367440721
P 41 156 2367440721
P 42 156 2367440721
P 43 156 2367440721
P 44 156 2367440721
P 45 156 2367440721
P 46 156 2367440721
P 47 156 2350597968
P 48 156 2333952079
P 49 156 2333886543
P 50 156 2333886543
P 51 156 2333886542
P 52 156 2333886542
P 53 156 2333886542
P 54 156 2333886542
P 55 156 2317109326
P 56 156 2317240653
P 57 156 2317240653
P 58 156 2300463436
P 59 156 2300463436
P 60 156 2300463436
P 61 156 2300463436
P 62 156 2300463436
P 63 156 2300463435
P 64 156 2283752010
P 65 156 2283752010
P 66 156 2283752010
P 67 156 2283752010
P 68 156 2283752010
P 69 156 2283752009
P 70 156 2283752009
P 71 156 2283752009
P 72 156 2267106120
P 73 156 2267106119
P 74 156 2267106119
P 75 156 2267106119
P 76 156 2267106119
P 77 156 2267106119
P 78 156 2267106118
P 79 156 2267106118
P 80 156 2267237189
P 81 156 2267237189
P 82 156 2267237188
P 83 156 2267237188
P 84 156 2267237188
P 85 156 2267237188
P 86 156 2267237188
P 87 156 2267237187
P 88 156 2267368514
P 89 156 2267434050
P 90 156 2267368514
P 91 156 2267368513
P 92 156 2267368513
P 93 156 2267368513
P 94 156 2267368513
P 95 156 2267368513
P 96 156 2284342591
P 97 156 2284342591
P 98 156 2284342591
P 99 156 2284342591
P 100 156 2284342591
P 101 156 2284277054
P 102 156 2284277054
P 103 156 2301119806
P 104 156 2318093628
P 105 156 2318028092
P 106 156 2318093884
P 107 156 2318093628
P 108 156 2318028092
P 109 156 2318028091
P 110 156 2334805307
P 111 156 2334805307
P 112 156 2351779385
P 113 156 2368556601
P 114 156 2368556601
P 115 156 2368556601
P 116 156 2368556600
P 117 156 2368556601
P 118 156 2368556601
P 119 156 2385268024
P 120 156 2419150391
P 121 156 2419084855
P 122 156 2435862070
P 123 156 2435862070
P 124 156 2435862070
P 125 156 2452639286
P 126 156 2452639285
P 127 156 2452573749
P 128 156 2503167540
P 129 156 2503167539
P 130 156 2519944755
P 131 156 2519944755
P 132 156 2519944755
P 133 156 2536656435
P 134 156 2536656435
P 135 156 2536656435
P 136 156 2604027697
P 137 156 2620804913
P 138 156 2620739376
P 139 156 2620739120
P 140 156 2637516592
P 141 156 2654293808
P 142 156 2654293808
P 143 156 2671005232
P 144 156 2738442030
P 145 156 2755153710
P 146 156 2755153710
P 147 156 2771930670
P 148 156 2771930669
P 149 156 2788642605
P 150 156 2805419821
P 151 156 2805419565
P 152 156 2906345260
P 153 156 2906345259
P 154 156 2923056939
P 155 156 2923056683
P 156 156 2939833899
P 157 156 2956545834
P 158 156 2973257770
P 159 156 2973323306
P 160 156 3074183465
P 161 156 3090829864
P 162 156 3107607336
P 163 156 3124319016
P 164 156 3141030695
P 165 156 3157808167
P 166 156 3174520103
P 167 156 3191297319
P 40 157 2367440721
P 41 157 2367440721
P 42 157 2367440721
P 43 157 2367440721
P 44 157 2367440721
P 45 157 2367440721
P 46 157 2367375185
P 47 157 2350598224
P 48 157 2333952079
P 49 157 2333886543
P 50 157 2333886543
P 51 157 2333886542
P 52 157 2333886542
P 53 157 2333886542
P 54 157 2333886542
P 55 157 2317109326
P 56 157 2317240653
P 57 157 2317240653
P 58 157 2300463436
P 59 157 2300463436
P 60 157 2300463436
P 61 157 2300463436
P 62 157 2300463436
P 63 157 2300463435
P 64 157 2283752010
P 65 157 2283752010
P 66 157 2283752010
P 67 157 2283752010
P 68 157 2283752010
P 69 157 2283752009
P 70 157 2283752009
P 71 157 2283752009
P 72 157 2267106120
P 73 157 2267106119
P 74 157 2267106119
P 75 157 2267106119
P 76 157 2267106119
P 77 157 2267106119
P 78 157 2267106118
P 79 157 2267106118
P 80 157 2267237189
P 81 157 2267237189
P 82 157 2267237188
P 83 157 2267237444
P 84 157 2267237188
P 85 157 2267237188
P 86 157 2267237188
P 87 157 2267237443
P 88 157 2267368514
P 89 157 2267434050
P 90 157 2267368514
P 91 157 2267368513
P 92 157 2267368513
P 93 157 2267368513
P 94 157 2267368513
P 95 157 2267368513
P 96 157 2284342591
P 97 157 2284342591
P 98 157 2284342591
P 99 157 2284342591
P 100 157 2284342591
P 101 157 2284277054
P 102 157 2284277054
P 103 157 2301119806
P 104 157 2318028092
P 105 157 2318028092
P 106 157 2318093884
P 107 157 2318028348
P 108 157 2318028092
P 109 157 2318028091
P 110 157 2334805307
P 111 157 2334805307
P 112 157 2351779385
P 113 157 2368556601
P 114 157 2368556601
P 115 157 2368556601
P 116 157 2368556600
P 117 157 2368556601
P 118 157 2368491065
P 119 157 2385268280
P 120 157 2419084855
P 121 157 2419084855
P 122 157 2435862070
P 123 157 2435862070
P 124 157 2435862070
P 125 157 2452639286
P 126 157 2452573749
P 127 157 2452573749
P 128 157 2503167540
P 129 157 2503167539
P 130 157 2519944755
P 131 157 2519879219
P 132 157 2519944755
P 133 157 2536656435
P 134 157 2536656435
P 135 157 2536656435
P 136 157 2603962161
P 137 157 2620804913
P 138 157 2620739376
P 139 157 2620739376
P 140 157 2637516592
P 141 157 2654293808
P 142 157 2654228272
P 143 157 2671005488
P 144 157 2738376494
P 145 157 2755153710
P 146 157 2755153710
P 147 157 2771930926
P 148 157 2771930669
P 149 157 2788642605
P 150 157 2805419821
P 151 157 2805419821
P 152 157 2906345260
P 153 157 2906345259
P 154 157 2923056939
P 155 157 2922991403
P 156 157 2939833899
P 157 157 2956545578
P 158 157 2973257514
P 159 157 2973323306
P 160 157 3074183209
P 161 157 3090895144
P 162 157 3107607080
P 163 157 3124319016
P 164 157 3141030695
P 165 157 3157807911
P 166 157 3174519848
P 167 157 3191297319
P 40 158 2367440721
P 41 158 2367440721
P 42 158 2367440721
P 43 158 2367440721
P 44 158 2367440977
P 45 158 2367440977
P 46 158 2367375185
P 47 158 2350598224
P 48 158 2333952079
P 49 158 2333886543
P 50 158 2333886543
P 51 158 2333886542
P 52 158 2333886542
P 53 158 2333886542
P 54 158 2333886542
P 55 158 2317109326
P 56 158 2317240652
P 57 158 2317240653
P 58 158 2300463436
P 59 158 2300463436
P 60 158 2300463436
P 61 158 2300463436
P 62 158 2300463436
P 63 158 2300463435
P 64 158 2283752010
P 65 158 2283752010
P 66 158 2283752010
P 67 158 2283752010
P 68 158 2283752010
P 69 158 2283752009
P 70 158 2283752009
P 71 158 2283752009
P 72 158 2267106119
P 73 158 2267106119
P 74 158 2267106119
P 75 158 2267106119
P 76 158 2267106119
P 77 158 2267106119
P 78 158 2267106118
P 79 158 2267106118
P 80 158 2267237445
P 81 158 2267237445
P 82 158 2267237188
P 83 158 2267237444
P 84 158 2267237444
P 85 158 2267237444
P 86 158 2267237188
P 87 158 2267237443
P 88 158 2267368514
P 89 158 2267368514
P 90 158 2267368514
P 91 158 2267368513
P 92 158 2267368513
P 93 158 2267368513
P 94 158 2267368513
P 95 158 2267368513
P 96 158 2284342591
P 97 158 2284342591
P 98 158 2284342591
P 99 158 2284342591
P 100 158 2284277055
P 101 158 2284277054
P 102 158 2284277054
P 103 158 2301054270
P 104 158 2318028348
P 105 158 2318028348
P 106 158 2318093884
P 107 158 2318028348
P 108 158 2318028348
P 109 158 2318028347
P 110 158 2334805307
P 111 158 2334805307
P 112 158 2351779385
P 113 158 2368556601
P 114 158 2368556601
P 115 158 2368556601
P 116 158 2368556600
P 117 158 2368556601
P 118 158 2368491065
P 119 158 2385268280
P 120 158 2419085110
P 121 158 2419085111
P 122 158 2435862070
P 123 158 2435862070
P 124 158 2435796534
P 125 158 2452639286
P 126 158 2452573749
P 127 158 2452573749
P 128 158 2503167796
P 129 158 2503167795
P 130 158 2519944755
P 131 158 2519879219
P 132 158 2519879475
P 133 158 2536656691
P 134 158 2536656435
P 135 158 2536656435
P 136 158 2603962161
P 137 158 2620739377
P 138 158 2620739376
P 139 158 2620739376
P 140 158 2637516592
P 141 158 2654293808
P 142 158 2654228272
P 143 158 2671005488
P 144 158 2738376750
P 145 158 2755153966
P 146 158 2755153710
P 147 158 2771930926
P 148 158 2771865389
P 149 158 2788642605
P 150 158 2805419821
P 151 158 2805354285
P 152 158 2906345260
P 153 158 2906279723
P 154 158 2923056939
P 155 158 2922991403
P 156 158 2939768619
P 157 158 2956545834
P 158 158 2973257259
P 159 158 2973323051
P 160 158 3074183209
P 161 158 3090895144
P 162 158 3107606824
P 163 158 3124318760
P 164 158 3141030696
P 165 158 3157807912
P 166 158 3174519592
P 167 158 3191297063
P 40 159 2367440721
P 41 159 2367440721
P 42 159 2367440977
P 43 159 2367440721
P 44 159 2367440977
P 45 159 2367375441
P 46 159 2367375441
P 47 159 2350598224
P 48 159 2333952079
P 49 159 2333886543
P 50 159 2333886543
P 51 159 2333886542
P 52 159 2333886542
P 53 159 2333886542
P 54 159 2333886542
P 55 159 2317109326
P 56 159 2317240652
P 57 159 2317240653
P 58 159 2300463436
P 59 159 2300463436
P 60 159 2300463436
P 61 159 2300463436
P 62 159 2300463436
P 63 159 2300463435
P 64 159 2283752010
P 65 159 2283752010
P 66 159 2283752010
P 67 159 2283752010
P 68 159 2283752010
P 69 159 2283752009
P 70 159 2283752009
P 71 159 2283752009
P 72 159 2267106119
P 73 159 2267106119
P 74 159 2267106119
P 75 159 2267106119
P 76 159 2267106119
P 77 159 2267106119
P 78 159 2267106118
P 79 159 2267106118
P 80 159 2267237445
P 81 159 2267237445
P 82 159 2267237444
P 83 159 2267237444
P 84 159 2267237444
P 85 159 2267237444
P 86 159 2267237444
P 87 159 2267237443
P 88 159 2267368514
P 89 159 2267368514
P 90 159 2267368514
P 91 159 2267368513
P 92 159 2267368513
P 93 159 2267368513
P 94 159 2267368513
P 95 159 2267368513
P 96 159 2284342591
P 97 159 2284342591
P 98 159 2284342591
P 99 159 2284342591
P 100 159 2284277055
P 101 159 2284277054
P 102 159 2284277054
P 103 159 2301054270
P 104 159 2318028348
P 105 159 2318028348
P 106 159 2318028348
P 107 159 2318028348
P 108 159 2318028348
P 109 159 2318028347
P 110 159 2334805563
P 111 159 2334805307
P 112 159 2351779385
P 113 159 2368556601
P 114 159 2368556601
P 115 159 2368556601
P 116 159 2368556600
P 117 159 2368491065
P 118 159 2368491065
P 119 159 2385268280
P 120 159 2419085110
P 121 159 2419085111
P 122 159 2435862326
P 123 159 2435862070
P 124 159 2435796534
P 125 159 2452573750
P 126 159 2452574005
P 127 159 2452573749
P 128 159 2503167796
P 129 159 2503167795
P 130 159 2519879475
P 131 159 2519879219
P 132 159 2519879475
P 133 159 2536656691
P 134 159 2536656691
P 135 159 2536656435
P 136 159 2603962161
P 137 159 2620739377
P 138 159 2620739376
P 139 159 2620739376
P 140 159 2637516592
P 141 159 2654228272
P 142 159 2654228272
P 143 159 2671005488
P 144 159 2738376750
P 145 159 2755153966
P 146 159 2755088430
P 147 159 2771930926
P 148 159 2771865389
P 149 159 2788642605
P 150 159 2805419821
P 151 159 2805354285
P 152 159 2906279724
P 153 159 2906279723
P 154 159 2922991659
P 155 159 2922991403
P 156 159 2939768619
P 157 159 2956480298
P 158 159 2973257515
P 159 159 2973322795
P 160 159 3074183209
P 161 159 3090895145
P 162 159 3107606825
P 163 159 3124384040
P 164 159 3141030440
P 165 159 3157807912
P 166 159 3174519592
P 167 159 3191296807
P 40 160 2367441233
P 41 160 2367441233
P 42 160 2367441233
P 43 160 2367441233
P 44 160 2350598480
P 45 160 2350598480
P 46 160 2350598480
P 47 160 2350598480
P 48 160 2333887054
P 49 160 2333887054
P 50 160 2333887054
P 51 160 2333887054
P 52 160 2317109838
P 53 160 2317109838
P 54 160 2317109838
P 55 160 2317109837
P 56 160 2300463948
P 57 160 2300463948
P 58 160 2300463948
P 59 160 2300463948
P 60 160 2300463947
P 61 160 2300463947
P 62 160 2300398411
P 63 160 2300398411
P 64 160 2283752522
P 65 160 2283752522
P 66 160 2283752521
P 67 160 2283752521
P 68 160 2283752521
P 69 160 2283752521
P 70 160 2283752520
P 71 160 2283752520
P 72 160 2267106631
P 73 160 2267106631
P 74 160 2267106631
P 75 160 2267106631
P 76 160 2267106630
P 77 160 2267106630
P 78 160 2267106630
P 79 160 2267106886
P 80 160 2267237956
P 81 160 2267237956
P 82 160 2267237956
P 83 160 2267237956
P 84 160 2267237955
P 85 160 2267237955
P 86 160 2267237955
P 87 160 2267237955
P 88 160 2267369281
P 89 160 2267369281
P 90 160 2267369281
P 91 160 2267369281
P 92 160 2267369281
P 93 160 2267369281
P 94 160 2267369281
P 95 160 2284146496
P 96 160 2284343359
P 97 160 2284343359
P 98 160 2284343358
P 99 160 2284277822
P 100 160 2301120574
P 101 160 2301120574
P 102 160 2301055038
P 103 160 2301055037
P 104 160 2318094652
P 105 160 2318029116
P 106 160 2318029115
P 107 160 2334806331
P 108 160 2334806331
P 109 160 2334806331
P 110 160 2334806331
P 111 160 2334806331
P 112 160 2368557625
P 113 160 2368557369
P 114 160 2368557625
P 115 160 2368557625
P 116 160 2385334840
P 117 160 2385334584
P 118 160 2385334840
P 119 160 2385334840
P 120 160 2435863094
P 121 160 2435863094
P 122 160 2452640566
P 123 160 2452640565
P 124 160 2452640566
P 125 160 2452574773
P 126 160 2469352245
P 127 160 2469352245
P 128 160 2519946035
P 129 160 2519946035
P 130 160 2536723251
P 131 160 2536657715
P 132 160 2536657715
P 133 160 2553434930
P 134 160 2570212146
P 135 160 2570212146
P 136 160 2620740656
P 137 160 2637517617
P 138 160 2654295088
P 139 160 2654295088
P 140 160 2671072304
P 141 160 2671006512
P 142 160 2671006511
P 143 160 2687783728
P 144 160 2771932206
P 145 160 2771932206
P 146 160 2788709422
P 147 160 2805421101
P 148 160 2805421101
P 149 160 2805420845
P 150 160 2822132781
P 151 160 2838909996
P 152 160 2923058219
P 153 160 2939835435
P 154 160 2956612651
P 155 160 2973324331
P 156 160 2973324331
P 157 160 2990101546
P 158 160 2990101546
P 159 160 3006878762
P 160 160 3124516136
P 161 160 3141293352
P 162 160 3158005288
P 163 160 3174716968
P 164 160 3191494440
P 165 160 3191363368
P 166 160 3191298088
P 167 160 3208075560
P 40 161 2367441233
P 41 161 2367441233
P 42 161 2367441233
P 43 161 2367441233
P 44 161 2350598480
P 45 161 2350598480
P 46 161 2350598480
P 47 161 2350598480
P 48 161 2333887054
P 49 161 2333887054
P 50 161 2333887054
P 51 161 2333887054
P 52 161 2317109838
P 53 161 2317109838
P 54 161 2317109838
P 55 161 2317109837
P 56 161 2300463948
P 57 161 2300463948
P 58 161 2300463948
P 59 161 2300463948
P 60 161 2300463947
P 61 161 2300463947
P 62 161 2300398411
P 63 161 2300398411
P 64 161 2283752522
P 65 161 2283752522
P 66 161 2283752521
P 67 161 2283752521
P 68 161 2283752521
P 69 161 2283752521
P 70 161 2283752520
P 71 161 2283752520
P 72 161 2267106631
P 73 161 2267106631
P 74 161 2267106631
P 75 161 2267106631
P 76 161 2267106630
P 77 161 2267106886
P 78 161 2267106630
P 79 161 2267106886
P 80 161 2267237956
P 81 161 2267237956
P 82 161 2267237956
P 83 161 2267237956
P 84 161 2267237955
P 85 161 2267237955
P 86 161 2267237955
P 87 161 2267237955
P 88 161 2267369281
P 89 161 2267369281
P 90 161 2267369281
P 91 161 2267369281
P 92 161 2267369281
P 93 161 2267369537
P 94 161 2267369281
P 95 161 2284146496
P 96 161 2284343359
P 97 161 2284343359
P 98 161 2284277822
P 99 161 2284277822
P 100 161 2301120574
P 101 161 2301120574
P 102 161 2301055038
P 103 161 2301055037
P 104 161 2318094652
P 105 161 2318029116
P 106 161 2318029115
P 107 161 2334806331
P 108 161 2334806331
P 109 161 2334806331
P 110 161 2334806331
P 111 161 2334806331
P 112 161 2368557625
P 113 161 2368557625
P 114 161 2368557625
P 115 161 2368557625
P 116 161 2385269304
P 117 161 2385334840
P 118 161 2385334840
P 119 161 2385269304
P 120 161 2435863094
P 121 161 2435863094
P 122 161 2452640566
P 123 161 2452640565
P 124 161 2452575030
P 125 161 2452575029
P 126 161 2469352245
P 127 161 2469352245
P 128 161 2519946035
P 129 161 2519946291
P 130 161 2536657715
P 131 161 2536657715
P 132 161 2536657715
P 133 161 2553434930
P 134 161 2570212146
P 135 161 2570146610
P 136 161 2620740656
P 137 161 2637517873
P 138 161 2654295088
P 139 161 2654295088
P 140 161 2671006768
P 141 161 2671006768
P 142 161 2671006511
P 143 161 2687783728
P 144 161 2771932206
P 145 161 2771932205
P 146 161 2788643886
P 147 161 2805421101
P 148 161 2805421101
P 149 161 2805421101
P 150 161 2822132781
P 151 161 2838909996
P 152 161 2923058219
P 153 161 2939835691
P 154 161 2956547115
P 155 161 2973324331
P 156 161 2973324331
P 157 161 2990101546
P 158 161 2990101546
P 159 161 3006813226
P 160 161 3124516136
P 161 161 3141293352
P 162 161 3158005033
P 163 161 3174716968
P 164 161 3191494440
P 165 161 3191428904
P 166 161 3191297832
P 167 161 3208075304
P 40 162 2367441233
P 41 162 2367441233
P 42 162 2367441233
P 43 162 2367375697
P 44 162 2350598480
P 45 162 2350598480
P 46 162 2350598480
P 47 162 2350598480
P 48 162 2333887054
P 49 162 2333887054
P 50 162 2333887054
P 51 162 2333887054
P 52 162 2317109838
P 53 162 2317109838
P 54 162 2317109838
P 55 162 2317110093
P 56 162 2300463948
P 57 162 2300463948
P 58 162 2300463948
P 59 162 2300463948
P 60 162 2300463947
P 61 162 2300463947
P 62 162 2300398667
P 63 162 2300398667
P 64 162 2283752522
P 65 162 2283752522
P 66 162 2283752777
P 67 162 2283752777
P 68 162 2283752521
P 69 162 2283752521
P 70 162 2283752776
P 71 162 2283752776
P 72 162 2267106631
P 73 162 2267106631
P 74 162 2267106887
P 75 162 2267106887
P 76 162 2267106630
P 77 162 2267106886
P 78 162 2267106886
P 79 162 2267106886
P 80 162 2267237956
P 81 162 2267237956
P 82 162 2267238212
P 83 162 2267238212
P 84 162 2267237955
P 85 162 2267237955
P 86 162 2267238211
P 87 162 2267238211
P 88 162 2267369281
P 89 162 2267369281
P 90 162 2267369537
P 91 162 2267369537
P 92 162 2267369281
P 93 162 2267369537
P 94 162 2267369537
P 95 162 2284146752
P 96 162 2284343359
P 97 162 2284343359
P 98 162 2284277822
P 99 162 2284277822
P 100 162 2301120574
P 101 162 2301055038
P 102 162 2301055038
P 103 162 2301055293
P 104 162 2318029116
P 105 162 2318029116
P 106 162 2318029115
P 107 162 2334806331
P 108 162 2334806331
P 109 162 2334806331
P 110 162 2334806331
P 111 162 2334806331
P 112 162 2368557625
P 113 162 2368557625
P 114 162 2368557625
P 115 162 2368492089
P 116 162 2385269304
P 117 162 2385334840
P 118 162 2385334840
P 119 162 2385269304
P 120 162 2435863094
P 121 162 2435863094
P 122 162 2452640566
P 123 162 2452575029
P 124 162 2452575030
P 125 162 2452575029
P 126 162 2469352245
P 127 162 2469352245
P 128 162 2519880499
P 129 162 2519946291
P 130 162 2536657971
P 131 162 2536657971
P 132 162 2536657715
P 133 162 2553434930
P 134 162 2570212402
P 135 162 2570146866
P 136 162 2620740656
P 137 162 2637517873
P 138 162 2654295088
P 139 162 2654229552
P 140 162 2671006768
P 141 162 2671006768
P 142 162 2671006767
P 143 162 2687783984
P 144 162 2771932206
P 145 162 2771932205
P 146 162 2788644142
P 147 162 2805421357
P 148 162 2805421101
P 149 162 2805355565
P 150 162 2822132781
P 151 162 2838909996
P 152 162 2922992683
P 153 162 2939835691
P 154 162 2956547371
P 155 162 2973259051
P 156 162 2973324331
P 157 162 2990101546
P 158 162 2990101546
P 159 162 3006813226
P 160 162 3124450600
P 161 162 3141293352
P 162 162 3158005033
P 163 162 3174716968
P 164 162 3191494184
P 165 162 3191428904
P 166 162 3191363368
P 167 162 3208075304
P 40 163 2367441233
P 41 163 2367441233
P 42 163 2367441233
P 43 163 2367375697
P 44 163 2350598480
P 45 163 2350598480
P 46 163 2350598480
P 47 163 2350598480
P 48 163 2333887054
P 49 163 2333887054
P 50 163 2333887054
P 51 163 2333887054
P 52 163 2317110094
P 53 163 2317109838
P 54 163 2317109838
P 55 163 2317110093
P 56 163 2300463948
P 57 163 2300463948
P 58 163 2300463948
P 59 163 2300463948
P 60 163 2300464203
P 61 163 2300463947
P 62 163 2300398667
P 63 163 2300398667
P 64 163 2283752778
P 65 163 2283752522
P 66 163 2283752777
P 67 163 2283752777
P 68 163 2283752777
P 69 163 2283752521
P 70 163 2283752776
P 71 163 2283752776
P 72 163 2267106887
P 73 163 2267106631
P 74 163 2267106887
P 75 163 2267106887
P 76 163 2267106886
P 77 163 2267106886
P 78 163 2267106886
P 79 163 2267106886
P 80 163 2267238212
P 81 163 2267237956
P 82 163 2267238212
P 83 163 2267238212
P 84 163 2267238211
P 85 163 2267237955
P 86 163 2267238211
P 87 163 2267238211
P 88 163 2267369537
P 89 163 2267369281
P 90 163 2267369537
P 91 163 2267369537
P 92 163 2267369537
P 93 163 2267369537
P 94 163 2267369537
P 95 163 2284146752
P 96 163 2284343615
P 97 163 2284277823
P 98 163 2284277822
P 99 163 2284277822
P 100 163 2301055294
P 101 163 2301055038
P 102 163 2301055038
P 103 163 2301055293
P 104 163 2318029372
P 105 163 2318029116
P 106 163 2318029115
P 107 163 2334806331
P 108 163 2334806331
P 109 163 2334806331
P 110 163 2334806331
P 111 163 2334806331
P 112 163 2368557625
P 113 163 2368557625
P 114 163 2368557625
P 115 163 2368492089
P 116 163 2385269304
P 117 163 2385334840
P 118 163 2385269304
P 119 163 2385269304
P 120 163 2435863350
P 121 163 2435797558
P 122 163 2452640566
P 123 163 2452575029
P 124 163 2452575030
P 125 163 2452575029
P 126 163 2469352245
P 127 163 2469352245
P 128 163 2519880755
P 129 163 2519880755
P 130 163 2536657971
P 131 163 2536657971
P 132 163 2536657971
P 133 163 2553434930
P 134 163 2570146866
P 135 163 2570146866
P 136 163 2620740912
P 137 163 2637517873
P 138 163 2654295088
P 139 163 2654229552
P 140 163 2671006768
P 141 163 2671006768
P 142 163 2671006767
P 143 163 2687783983
P 144 163 2771932462
P 145 163 2771866669
P 146 163 2788644142
P 147 163 2805421357
P 148 163 2805355821
P 149 163 2805355565
P 150 163 2822132781
P 151 163 2838909996
P 152 163 2922992939
P 153 163 2939770155
P 154 163 2956547371
P 155 163 2973259051
P 156 163 2973324587
P 157 163 2990101546
P 158 163 2990036010
P 159 163 3006813226
P 160 163 3124450600
P 161 163 3141227816
P 162 163 3158005033
P 163 163 3174716712
P 164 163 3191494184
P 165 163 3191428648
P 166 163 3191363368
P 167 163 3208140840
P 40 164 2367441233
P 41 164 2367441233
P 42 164 2367375697
P 43 164 2367375697
P 44 164 2350598480
P 45 164 2350598480
P 46 164 2350598736
P 47 164 2350598480
P 48 164 2333887054
P 49 164 2333887054
P 50 164 2333887310
P 51 164 2333887054
P 52 164 2317110094
P 53 164 2317110094
P 54 164 2317110094
P 55 164 2317110093
P 56 164 2300463948
P 57 164 2300463948
P 58 164 2300464204
P 59 164 2300463948
P 60 164 2300464203
P 61 164 2300464203
P 62 164 2300398667
P 63 164 2300398667
P 64 164 2283752778
P 65 164 2283752778
P 66 164 2283752777
P 67 164 2283752777
P 68 164 2283752777
P 69 164 2283752777
P 70 164 2283752776
P 71 164 2283752776
P 72 164 2267106887
P 73 164 2267106887
P 74 164 2267106887
P 75 164 2267106887
P 76 164 2267106886
P 77 164 2267106886
P 78 164 2267106886
P 79 164 2267106886
P 80 164 2267238212
P 81 164 2267238212
P 82 164 2267238212
P 83 164 2267238212
P 84 164 2267238211
P 85 164 2267238211
P 86 164 2267238211
P 87 164 2267238211
P 88 164 2267369537
P 89 164 2267369537
P 90 164 2267369537
P 91 164 2267369537
P 92 164 2267369537
P 93 164 2267369537
P 94 164 2267369537
P 95 164 2284146752
P 96 164 2284343615
P 97 164 2284278079
P 98 164 2284278078
P 99 164 2284277822
P 100 164 2301055294
P 101 164 2301055294
P 102 164 2301055294
P 103 164 2301055293
P 104 164 2318029372
P 105 164 2318029372
P 106 164 2318029371
P 107 164 2334806331
P 108 164 2334806331
P 109 164 2334806587
P 110 164 2334806587
P 111 164 2334740795
P 112 164 2368557625
P 113 164 2368557625
P 114 164 2368492345
P 115 164 2368492089
P 116 164 2385269304
P 117 164 2385269304
P 118 164 2385269304
P 119 164 2385269304
P 120 164 2435863350
P 121 164 2435797814
P 122 164 2452575030
P 123 164 2452575029
P 124 164 2452575030
P 125 164 2452575029
P 126 164 2469352245
P 127 164 2469286709
P 128 164 2519880755
P 129 164 2519880755
P 130 164 2536657971
P 131 164 2536657971
P 132 164 2536657971
P 133 164 2553369650
P 134 164 2570146866
P 135 164 2570146866
P 136 164 2620740912
P 137 164 2637518129
P 138 164 2654229808
P 139 164 2654229552
P 140 164 2671006768
P 141 164 2671006768
P 142 164 2671007023
P 143 164 2687718447
P 144 164 2771932462
P 145 164 2771866925
P 146 164 2788644142
P 147 164 2805421357
P 148 164 2805355821
P 149 164 2805290285
P 150 164 2822133037
P 151 164 2838909996
P 152 164 2922992939
P 153 164 2939770155
P 154 164 2956481834
P 155 164 2973259051
P 156 164 2973324587
P 157 164 2990036266
P 158 164 2990036266
P 159 164 3006747690
P 160 164 3124450600
P 161 164 3141227816
P 162 164 3157939753
P 163 164 3174716712
P 164 164 3191493928
P 165 164 3191428648
P 166 164 3191363368
P 167 164 3208140584
P 40 165 2367441233
P 41 165 2367441233
P 42 165 2367375697
P 43 165 2367375697
P 44 165 2350598480
P 45 165 2350598480
P 46 165 2350598736
P 47 165 2350598736
P 48 165 2333887054
P 49 165 2333887054
P 50 165 2333887310
P 51 165 2333887310
P 52 165 2317110094
P 53 165 2317110094
P 54 165 2317110094
P 55 165 2317110093
P 56 165 2300463948
P 57 165 2300463948
P 58 165 2300464204
P 59 165 2300464204
P 60 165 2300464203
P 61 165 2300464203
P 62 165 2300398667
P 63 165 2300398667
P 64 165 2283752778
P 65 165 2283752778
P 66 165 2283752777
P 67 165 2283752777
P 68 165 2283752777
P 69 165 2283752777
P 70 165 2283752776
P 71 165 2283752776
P 72 165 2267106887
P 73 165 2267106887
P 74 165 2267106887
P 75 165 2267106887
P 76 165 2267106886
P 77 165 2267106886
P 78 165 2267106886
P 79 165 2267106886
P 80 165 2267238212
P 81 165 2267238212
P 82 165 2267238212
P 83 165 2267238212
P 84 165 2267238211
P 85 165 2267238211
P 86 165 2267238211
P 87 165 2267238211
P 88 165 2267369537
P 89 165 2267369537
P 90 165 2267369537
P 91 165 2267369537
P 92 165 2267369537
P 93 165 2267369537
P 94 165 2267369537
P 95 165 2284146752
P 96 165 2284278079
P 97 165 2284278079
P 98 165 2284278078
P 99 165 2284278078
P 100 165 2301055294
P 101 165 2301055294
P 102 165 2301055294
P 103 165 2301055293
P 104 165 2318029372
P 105 165 2318029372
P 106 165 2318029371
P 107 165 2334806587
P 108 165 2334806331
P 109 165 2334806587
P 110 165 2334741051
P 111 165 2334741051
P 112 165 2368557625
P 113 165 2368557625
P 114 165 2368492345
P 115 165 2368492345
P 116 165 2385269304
P 117 165 2385269304
P 118 165 2385269304
P 119 165 2385269304
P 120 165 2435797814
P 121 165 2435797814
P 122 165 2452575030
P 123 165 2452575029
P 124 165 2452575030
P 125 165 2452575029
P 126 165 2469286709
P 127 165 2469286709
P 128 165 2519880755
P 129 165 2519880755
P 130 165 2536657971
P 131 165 2536657971
P 132 165 2536657971
P 133 165 2553369650
P 134 165 2570146866
P 135 165 2570146866
P 136 165 2620740912
P 137 165 2637518129
P 138 165 2654229808
P 139 165 2654229808
P 140 165 2671006768
P 141 165 2671006768
P 142 165 2670941487
P 143 165 2687718703
P 144 165 2771866926
P 145 165 2771866925
P 146 165 2788644142
P 147 165 2805355821
P 148 165 2805355821
P 149 165 2805290285
P 150 165 2822133037
P 151 165 2838910252
P 152 165 2922992939
P 153 165 2939770155
P 154 165 2956481834
P 155 165 2973259307
P 156 165 2973324587
P 157 165 2990036266
P 158 165 2989970730
P 159 165 3006747946
P 160 165 3124450600
P 161 165 3141227816
P 162 165 3157939753
P 163 165 3174651432
P 164 165 3191493928
P 165 165 3191428392
P 166 165 3191363112
P 167 165 3208140584
P 40 166 2367441233
P 41 166 2367375697
P 42 166 2367375697
P 43 166 2367375697
P 44 166 2350598736
P 45 166 2350598736
P 46 166 2350598736
P 47 166 2350598736
P 48 166 2333887310
P 49 166 2333887310
P 50 166 2333887310
P 51 166 2333887310
P 52 166 2317110094
P 53 166 2317110094
P 54 166 2317110094
P 55 166 2317110093
P 56 166 2300464204
P 57 166 2300464204
P 58 166 2300464204
P 59 166 2300464204
P 60 166 2300464203
P 61 166 2300464203
P 62 166 2300398667
P 63 166 2300398667
P 64 166 2283752778
P 65 166 2283752778
P 66 166 2283752777
P 67 166 2283752777
P 68 166 2283752777
P 69 166 2283752777
P 70 166 2283752776
P 71 166 2283752776
P 72 166 2267106887
P 73 166 2267106887
P 74 166 2267106887
P 75 166 2267106887
P 76 166 2267106886
P 77 166 2267106886
P 78 166 2267106886
P 79 166 2267106886
P 80 166 2267238212
P 81 166 2267238212
P 82 166 2267238212
P 83 166 2267238212
P 84 166 2267238211
P 85 166 2267238211
P 86 166 2267238211
P 87 166 2267172675
P 88 166 2267369537
P 89 166 2267369537
P 90 166 2267369537
P 91 166 2267369537
P 92 166 2267369537
P 93 166 2267369537
P 94 166 2267369537
P 95 166 2284081216
P 96 166 2284278079
P 97 166 2284278079
P 98 166 2284278078
P 99 166 2284278078
P 100 166 2301055294
P 101 166 2301055294
P 102 166 2301055294
P 103 166 2301055293
P 104 166 2318029372
P 105 166 2318029372
P 106 166 2318029371
P 107 166 2334806587
P 108 166 2334806587
P 109 166 2334806587
P 110 166 2334741051
P 111 166 2334741051
P 112 166 2368557881
P 113 166 2368492345
P 114 166 2368492345
P 115 166 2368492345
P 116 166 2385269560
P 117 166 2385269560
P 118 166 2385269304
P 119 166 2385269304
P 120 166 2435797814
P 121 166 2435798070
P 122 166 2452575030
P 123 166 2452575029
P 124 166 2452575030
P 125 166 2452575029
P 126 166 2469286709
P 127 166 2469286709
P 128 166 2519880755
P 129 166 2519815219
P 130 166 2536657971
P 131 166 2536657971
P 132 166 2536592435
P 133 166 2553369906
P 134 166 2570146866
P 135 166 2570146866
P 136 166 2620740912
P 137 166 2637452593
P 138 166 2654229808
P 139 166 2654229808
P 140 166 2671007024
P 141 166 2671007024
P 142 166 2670941487
P 143 166 2687718703
P 144 166 2771867182
P 145 166 2771801645
P 146 166 2788644142
P 147 166 2805355821
P 148 166 2805290285
P 149 166 2805290285
P 150 166 2822133037
P 151 166 2838844716
P 152 166 2922993195
P 153 166 2939704875
P 154 166 2956481834
P 155 166 2973259307
P 156 166 2973259307
P 157 166 2990036522
P 158 166 2989970730
P 159 166 3006747946
P 160 166 3124450856
P 161 166 3141162536
P 162 166 3157939753
P 163 166 3174651432
P 164 166 3191428648
P 165 166 3191428648
P 166 166 3191362856
P 167 166 3208140328
P 40 167 2367375697
P 41 167 2367375697
P 42 167 2367375953
P 43 167 2367375697
P 44 167 2350598736
P 45 167 2350598736
P 46 167 2350598736
P 47 167 2350598736
P 48 167 2333887310
P 49 167 2333887310
P 50 167 2333887310
P 51 167 2333887310
P 52 167 2317110094
P 53 167 2317110094
P 54 167 2317110094
P 55 167 2317110093
P 56 167 2300464204
P 57 167 2300464204
P 58 167 2300464204
P 59 167 2300464204
P 60 167 2300464203
P 61 167 2300398667
P 62 167 2300398667
P 63 167 2300398667
P 64 167 2283752778
P 65 167 2283752778
P 66 167 2283752777
P 67 167 2283752777
P 68 167 2283752777
P 69 167 2283752777
P 70 167 2283752776
P 71 167 2283752776
P 72 167 2267106887
P 73 167 2267106887
P 74 167 2267106887
P 75 167 2267106887
P 76 167 2267106886
P 77 167 2267106886
P 78 167 2267106886
P 79 167 2267106886
P 80 167 2267238212
P 81 167 2267238212
P 82 167 2267238212
P 83 167 2267238212
P 84 167 2267238211
P 85 167 2267238211
P 86 167 2267238211
P 87 167 2267172675
P 88 167 2267369537
P 89 167 2267369537
P 90 167 2267369537
P 91 167 2267369537
P 92 167 2267369537
P 93 167 2267369537
P 94 167 2267369537
P 95 167 2284081216
P 96 167 2284278079
P 97 167 2284278079
P 98 167 2284278078
P 99 167 2284278078
P 100 167 2301055294
P 101 167 2301055294
P 102 167 2301055294
P 103 167 2301055293
P 104 167 2318029372
P 105 167 2318029372
P 106 167 2317963835
P 107 167 2334806587
P 108 167 2334806587
P 109 167 2334741051
P 110 167 2334741051
P 111 167 2334741051
P 112 167 2368492345
P 113 167 2368492345
P 114 167 2368492345
P 115 167 2368492345
P 116 167 2385269560
P 117 167 2385269560
P 118 167 2385269560
P 119 167 2385269304
P 120 167 2435797814
P 121 167 2435798070
P 122 167 2452575286
P 123 167 2452575029
P 124 167 2452575030
P 125 167 2452509493
P 126 167 2469286965
P 127 167 2469286709
P 128 167 2519815219
P 129 167 2519815219
P 130 167 2536657971
P 131 167 2536657971
P 132 167 2536592435
P 133 167 2553369906
P 134 167 2570147122
P 135 167 2570146866
P 136 167 2620675376
P 137 167 2637452593
P 138 167 2654229808
P 139 167 2654229808
P 140 167 2671007024
P 141 167 2670941488
P 142 167 2670941487
P 143 167 2687718703
P 144 167 2771801646
P 145 167 2771801645
P 146 167 2788578862
P 147 167 2805355821
P 148 167 2805290285
P 149 167 2805290285
P 150 167 2822133293
P 151 167 2838844716
P 152 167 2922927659
P 153 167 2939704875
P 154 167 2956482090
P 155 167 2973259307
P 156 167 2973259307
P 157 167 2989970986
P 158 167 2989970986
P 159 167 3006747946
P 160 167 3124385320
P 161 167 3141162536
P 162 167 3157874217
P 163 167 3174651432
P 164 167 3191428648
P 165 167 3191363112
P 166 167 3191363112
P 167 167 3208140072
