P 40 40 403046656
P 41 40 403046656
P 42 40 419823872
P 43 40 419823872
P 44 40 419823872
P 45 40 419823872
P 46 40 436601088
P 47 40 436601088
P 48 40 487653632
P 49 40 504430848
P 50 40 504430848
P 51 40 504430848
P 52 40 521208064
P 53 40 521208064
P 54 40 521208064
P 55 40 521208064
P 56 40 588972288
P 57 40 605749504
P 58 40 605749504
P 59 40 605749504
P 60 40 622526720
P 61 40 622461184
P 62 40 622461184
P 63 40 622461184
P 64 40 707002624
P 65 40 707002624
P 66 40 707002624
P 67 40 723714304
P 68 40 723714304
P 69 40 723714304
P 70 40 740491776
P 71 40 740426240
P 72 40 808190465
P 73 40 824902145
P 74 40 824902145
P 75 40 841679361
P 76 40 841679361
P 77 40 841613825
P 78 40 858391041
P 79 40 858391041
P 80 40 942801409
P 81 40 942801409
P 82 40 959578625
P 83 40 959513089
P 84 40 959513089
P 85 40 976290305
P 86 40 976224769
P 87 40 993001985
P 88 40 1077412353
P 89 40 1077346817
P 90 40 1077346817
P 91 40 1094058497
P 92 40 1094058497
P 93 40 1110835713
P 94 40 1110770177
P 95 40 1127547393
P 96 40 1211892226
P 97 40 1211892226
P 98 40 1228603906
P 99 40 1228603906
P 100 40 1245315586
P 101 40 1245315586
P 102 40 1262027266
P 103 40 1262027266
P 104 40 1363083778
P 105 40 1363083778
P 106 40 1379795458
P 107 40 1379795458
P 108 40 1396507138
P 109 40 1396507138
P 110 40 1413218818
P 111 40 1413153282
P 112 40 1514209794
P 113 40 1514209794
P 114 40 1530921474
P 115 40 1547633155
P 116 40 1547633155
P 117 40 1564344835
P 118 40 1564344835
P 119 40 1581056515
P 120 40 1682047491
P 121 40 1682047491
P 122 40 1698759171
P 123 40 1698693635
P 124 40 1715470851
P 125 40 1732182531
P 126 40 1732116995
P 127 40 1748894211
P 128 40 1849819651
P 129 40 1866531331
P 130 40 1866531331
P 131 40 1883243011
P 132 40 1883177475
P 133 40 1899889155
P 134 40 1916666371
P 135 40 1916600835
P 136 40 2034303492
P 137 40 2051015172
P 138 40 2050949892
P 139 40 2067661572
P 140 40 2067661572
P 141 40 2084373252
P 142 40 2101084932
P 143 40 2101019396
P 144 40 2218656516
P 145 40 2235368196
P 146 40 2252145412
P 147 40 2252079876
P 148 40 2268791556
P 149 40 2268726020
P 150 40 2285437700
P 151 40 2302149380
P 152 40 2419786501
P 153 40 2436498181
P 154 40 2436432645
P 155 40 2453144325
P 156 40 2469856005
P 157 40 2469790469
P 158 40 2486502149
P 159 40 2503213829
P 160 40 2620785413
P 161 40 2637497093
P 162 40 2654208773
P 163 40 2654143237
P 164 40 2670854917
P 165 40 2687566597
P 166 40 2704278278
P 167 40 2704212742
P 40 41 403046656
P 41 41 403046656
P 42 41 419823872
P 43 41 419823872
P 44 41 419823872
P 45 41 419823872
P 46 41 436601088
P 47 41 436601088
P 48 41 487653632
P 49 41 504430848
P 50 41 504430848
P 51 41 504430848
P 52 41 521208064
P 53 41 521208064
P 54 41 521208064
P 55 41 521208064
P 56 41 588972288
P 57 41 605749504
P 58 41 605749504
P 59 41 605749504
P 60 41 622526720
P 61 41 622461184
P 62 41 622461184
P 63 41 622461184
P 64 41 707002624
P 65 41 707002624
P 66 41 707002624
P 67 41 723714304
P 68 41 723714304
P 69 41 723714304
P 70 41 740491520
P 71 41 740426240
P 72 41 808190465
P 73 41 824902145
P 74 41 824902145
P 75 41 841679361
P 76 41 841679361
P 77 41 841613825
P 78 41 858391041
P 79 41 858391041
P 80 41 942866945
P 81 41 942801409
P 82 41 959578625
P 83 41 959513089
P 84 41 959513089
P 85 41 976290305
P 86 41 976224769
P 87 41 993001985
P 88 41 1077412353
P 89 41 1077346817
P 90 41 1077346817
P 91 41 1094058497
P 92 41 1094058497
P 93 41 1110835713
P 94 41 1110770177
P 95 41 1127547393
P 96 41 1211892226
P 97 41 1211892226
P 98 41 1228603906
P 99 41 1228603906
P 100 41 1245315586
P 101 41 1245315586
P 102 41 1262027266
P 103 41 1262027266
P 104 41 1363149314
P 105 41 1363083778
P 106 41 1379795458
P 107 41 1379795458
P 108 41 1396507138
P 109 41 1396507138
P 110 41 1413218818
P 111 41 1413153282
P 112 41 1514275330
P 113 41 1514209795
P 114 41 1530921475
P 115 41 1547633155
P 116 41 1547633155
P 117 41 1564344835
P 118 41 1564344835
P 119 41 1581056515
P 120 41 1682113027
P 121 41 1682047491
P 122 41 1698759171
P 123 41 1698693635
P 124 41 1715470851
P 125 41 1732182531
P 126 41 1732116995
P 127 41 1748894211
P 128 41 1849885187
P 129 41 1866531331
P 130 41 1866531331
P 131 41 1883243011
P 132 41 1883177475
P 133 41 1899889155
P 134 41 1916666371
P 135 41 1916600835
P 136 41 2034303492
P 137 41 2051015172
P 138 41 2050949636
P 139 41 2067661572
P 140 41 2067661572
P 141 41 2084373252
P 142 41 2101084932
P 143 41 2101019396
P 144 41 2218722052
P 145 41 2235368196
P 146 41 2252145412
P 147 41 2252079876
P 148 41 2268791556
P 149 41 2268726020
P 150 41 2285437700
P 151 41 2302149380
P 152 41 2419852037
P 153 41 2436498181
P 154 41 2436432645
P 155 41 2453144325
P 156 41 2469856005
P 157 41 2469790469
P 158 41 2486502149
P 159 41 2503213829
P 160 41 2620850949
P 161 41 2637497093
P 162 41 2654208773
P 163 41 2654143238
P 164 41 2670854918
P 165 41 2687566598
P 166 41 2704278278
P 167 41 2704212742
P 40 42 403046656
P 41 42 403046656
P 42 42 419823872
P 43 42 419823872
P 44 42 419823872
P 45 42 419823872
P 46 42 436601088
P 47 42 436601088
P 48 42 487653632
P 49 42 504430848
P 50 42 504430848
P 51 42 504430848
P 52 42 521208064
P 53 42 521208064
P 54 42 521208064
P 55 42 521208064
P 56 42 588972288
P 57 42 605749504
P 58 42 605749504
P 59 42 605749504
P 60 42 622526720
P 61 42 622461184
P 62 42 622461184
P 63 42 622461184
P 64 42 707002624
P 65 42 707002624
P 66 42 707002624
P 67 42 723714304
P 68 42 723714304
P 69 42 723714304
P 70 42 740491520
P 71 42 740425984
P 72 42 808190465
P 73 42 824967681
P 74 42 824902145
P 75 42 841679361
P 76 42 841679361
P 77 42 841613825
P 78 42 858391041
P 79 42 858391041
P 80 42 942866945
P 81 42 942801409
P 82 42 959578625
P 83 42 959513089
P 84 42 959513089
P 85 42 976290305
P 86 42 976224769
P 87 42 993001985
P 88 42 1077412353
P 89 42 1077412353
P 90 42 1077346817
P 91 42 1094058497
P 92 42 1094058497
P 93 42 1110835713
P 94 42 1110770177
P 95 42 1127547393
P 96 42 1211892226
P 97 42 1211892226
P 98 42 1228603906
P 99 42 1228603906
P 100 42 1245315586
P 101 42 1245315586
P 102 42 1262027266
P 103 42 1262027266
P 104 42 1363149314
P 105 42 1363083778
P 106 42 1379795458
P 107 42 1379795458
P 108 42 1396507138
P 109 42 1396507138
P 110 42 1413218818
P 111 42 1413153282
P 112 42 1514275331
P 113 42 1514209795
P 114 42 1530921475
P 115 42 1547633155
P 116 42 1547633155
P 117 42 1564344835
P 118 42 1564344835
P 119 42 1581056515
P 120 42 1682113027
P 121 42 1682047491
P 122 42 1698759171
P 123 42 1698693635
P 124 42 1715470851
P 125 42 1732182531
P 126 42 1732116995
P 127 42 1748894211
P 128 42 1849885187
P 129 42 1866596867
P 130 42 1866531331
P 131 42 1883243011
P 132 42 1883177475
P 133 42 1899889155
P 134 42 1916666372
P 135 42 1916600836
P 136 42 2034303492
P 137 42 2051080708
P 138 42 2050949636
P 139 42 2067661316
P 140 42 2067661572
P 141 42 2084373252
P 142 42 2101084932
P 143 42 2101019396
P 144 42 2218722052
P 145 42 2235433732
P 146 42 2252145412
P 147 42 2252079876
P 148 42 2268791556
P 149 42 2268726020
P 150 42 2285437701
P 151 42 2302149381
P 152 42 2419852037
P 153 42 2436563717
P 154 42 2436432645
P 155 42 2453144325
P 156 42 2469856005
P 157 42 2469790469
P 158 42 2486502149
P 159 42 2503213829
P 160 42 2620850949
P 161 42 2637562630
P 162 42 2654208774
P 163 42 2654143238
P 164 42 2670854918
P 165 42 2687566598
P 166 42 2704278278
P 167 42 2704212742
P 40 43 403046656
P 41 43 403046656
P 42 43 419823872
P 43 43 419823872
P 44 43 419823872
P 45 43 419823872
P 46 43 436601088
P 47 43 436601088
P 48 43 487653632
P 49 43 504430848
P 50 43 504430848
P 51 43 504430848
P 52 43 521208064
P 53 43 521208064
P 54 43 521208064
P 55 43 521208064
P 56 43 588972288
P 57 43 605749504
P 58 43 605749504
P 59 43 605749504
P 60 43 622526720
P 61 43 622461184
P 62 43 622461184
P 63 43 622461184
P 64 43 707002624
P 65 43 707002624
P 66 43 707002624
P 67 43 723714304
P 68 43 723714304
P 69 43 723714304
P 70 43 740491520
P 71 43 740425984
P 72 43 808190209
P 73 43 824967681
P 74 43 824902145
P 75 43 841679361
P 76 43 841679361
P 77 43 841613825
P 78 43 858391041
P 79 43 858391041
P 80 43 942866945
P 81 43 942801409
P 82 43 959578625
P 83 43 959513089
P 84 43 959513089
P 85 43 976290305
P 86 43 976224769
P 87 43 993001985
P 88 43 1077412353
P 89 43 1077412353
P 90 43 1077346817
P 91 43 1094058497
P 92 43 1094058497
P 93 43 1110835713
P 94 43 1110770177
P 95 43 1127547393
P 96 43 1211892226
P 97 43 1211892226
P 98 43 1228669442
P 99 43 1228603906
P 100 43 1245315586
P 101 43 1245315586
P 102 43 1262027266
P 103 43 1262027266
P 104 43 1363149314
P 105 43 1363083778
P 106 43 1379860994
P 107 43 1379795458
P 108 43 1396507138
P 109 43 1396507138
P 110 43 1413218818
P 111 43 1413153282
P 112 43 1514275331
P 113 43 1514209795
P 114 43 1530987011
P 115 43 1547633155
P 116 43 1547633155
P 117 43 1564344835
P 118 43 1564344835
P 119 43 1581056515
P 120 43 1682113027
P 121 43 1682047491
P 122 43 1698824707
P 123 43 1698693635
P 124 43 1715470851
P 125 43 1732182531
P 126 43 1732116995
P 127 43 1748894211
P 128 43 1849885187
P 129 43 1866596867
P 130 43 1866531331
P 131 43 1883243011
P 132 43 1883177476
P 133 43 1899889156
P 134 43 1916666372
P 135 43 1916600836
P 136 43 2034303492
P 137 43 2051080708
P 138 43 2051015172
P 139 43 2067661316
P 140 43 2067661316
P 141 43 2084373252
P 142 43 2101084932
P 143 43 2101019396
P 144 43 2218722052
P 145 43 2235433732
P 146 43 2252145412
P 147 43 2252079876
P 148 43 2268791557
P 149 43 2268726021
P 150 43 2285437701
P 151 43 2302149381
P 152 43 2419852037
P 153 43 2436563717
P 154 43 2436498181
P 155 43 2453144325
P 156 43 2469856005
P 157 43 2469790469
P 158 43 2486502149
P 159 43 2503213829
P 160 43 2620850950
P 161 43 2637562630
P 162 43 2654274310
P 163 43 2654143238
P 164 43 2670854918
P 165 43 2687566598
P 166 43 2704278278
P 167 43 2704212742
P 40 44 403046656
P 41 44 403046656
P 42 44 419823872
P 43 44 419823872
P 44 44 419823872
P 45 44 419823872
P 46 44 436601088
P 47 44 436601088
P 48 44 487653632
P 49 44 504430848
P 50 44 504430848
P 51 44 504430848
P 52 44 521208064
P 53 44 521208064
P 54 44 521208064
P 55 44 521208064
P 56 44 588972288
P 57 44 605749504
P 58 44 605749504
P 59 44 605749504
P 60 44 622526720
P 61 44 622461184
P 62 44 622461184
P 63 44 622461184
P 64 44 707002624
P 65 44 707002624
P 66 44 707002624
P 67 44 723779840
P 68 44 723714304
P 69 44 723714304
P 70 44 740491520
P 71 44 740425985
P 72 44 808190209
P 73 44 824967425
P 74 44 824902145
P 75 44 841679361
P 76 44 841679361
P 77 44 841613825
P 78 44 858391041
P 79 44 858391041
P 80 44 942866945
P 81 44 942801409
P 82 44 959578625
P 83 44 959578625
P 84 44 959513089
P 85 44 976290305
P 86 44 976224769
P 87 44 993001985
P 88 44 1077412353
P 89 44 1077412353
P 90 44 1077346817
P 91 44 1094124033
P 92 44 1094058497
P 93 44 1110835713
P 94 44 1110770177
P 95 44 1127547393
P 96 44 1211892226
P 97 44 1211892226
P 98 44 1228669442
P 99 44 1228603906
P 100 44 1245315586
P 101 44 1245315586
P 102 44 1262027266
P 103 44 1262027266
P 104 44 1363149314
P 105 44 1363083778
P 106 44 1379860994
P 107 44 1379795458
P 108 44 1396507138
P 109 44 1396507138
P 110 44 1413218818
P 111 44 1413153282
P 112 44 1514275331
P 113 44 1514209795
P 114 44 1530987011
P 115 44 1547698691
P 116 44 1547633155
P 117 44 1564344835
P 118 44 1564344835
P 119 44 1581056515
P 120 44 1682113027
P 121 44 1682047491
P 122 44 1698824707
P 123 44 1698759171
P 124 44 1715470851
P 125 44 1732182531
P 126 44 1732116995
P 127 44 1748894211
P 128 44 1849885187
P 129 44 1866596867
P 130 44 1866531332
P 131 44 1883308548
P 132 44 1883177476
P 133 44 1899889156
P 134 44 1916666372
P 135 44 1916600836
P 136 44 2034303492
P 137 44 2051080708
P 138 44 2051015172
P 139 44 2067726852
P 140 44 2067661316
P 141 44 2084372996
P 142 44 2101084932
P 143 44 2101019396
P 144 44 2218722052
P 145 44 2235433732
P 146 44 2252145413
P 147 44 2252145413
P 148 44 2268791557
P 149 44 2268726021
P 150 44 2285437701
P 151 44 2302149381
P 152 44 2419852037
P 153 44 2436563717
P 154 44 2436498181
P 155 44 2453209861
P 156 44 2469856005
P 157 44 2469790469
P 158 44 2486502149
P 159 44 2503213829
P 160 44 2620850950
P 161 44 2637562630
P 162 44 2654274310
P 163 44 2654208774
P 164 44 2670854918
P 165 44 2687566598
P 166 44 2704278278
P 167 44 2704212742
P 40 45 403046656
P 41 45 403046656
P 42 45 419823872
P 43 45 419823872
P 44 45 419823872
P 45 45 419823872
P 46 45 436601088
P 47 45 436601088
P 48 45 487653632
P 49 45 504430848
P 50 45 504430848
P 51 45 504430848
P 52 45 521208064
P 53 45 521208064
P 54 45 521208064
P 55 45 521208064
P 56 45 588972288
P 57 45 605749504
P 58 45 605749504
P 59 45 605749504
P 60 45 622526720
P 61 45 622461184
P 62 45 622461184
P 63 45 622461184
P 64 45 707002624
P 65 45 707002624
P 66 45 707002624
P 67 45 723779840
P 68 45 723714304
P 69 45 723714305
P 70 45 740491521
P 71 45 740425985
P 72 45 808190209
P 73 45 824967425
P 74 45 824901889
P 75 45 841679361
P 76 45 841679361
P 77 45 841613825
P 78 45 858391041
P 79 45 858391041
P 80 45 942866945
P 81 45 942801409
P 82 45 959578625
P 83 45 959578625
P 84 45 959513089
P 85 45 976290305
P 86 45 976224769
P 87 45 993001985
P 88 45 1077412353
P 89 45 1077412353
P 90 45 1077346817
P 91 45 1094124033
P 92 45 1094058497
P 93 45 1110835713
P 94 45 1110770177
P 95 45 1127547394
P 96 45 1211892226
P 97 45 1211892226
P 98 45 1228669442
P 99 45 1228603906
P 100 45 1245381122
P 101 45 1245315586
P 102 45 1262027266
P 103 45 1262027266
P 104 45 1363149314
P 105 45 1363083778
P 106 45 1379860994
P 107 45 1379795458
P 108 45 1396572674
P 109 45 1396507138
P 110 45 1413218818
P 111 45 1413153282
P 112 45 1514275331
P 113 45 1514209795
P 114 45 1530987011
P 115 45 1547698691
P 116 45 1547633155
P 117 45 1564344835
P 118 45 1564344835
P 119 45 1581056515
P 120 45 1682113027
P 121 45 1682047491
P 122 45 1698824707
P 123 45 1698759171
P 124 45 1715470851
P 125 45 1732182531
P 126 45 1732116995
P 127 45 1748894211
P 128 45 1849885188
P 129 45 1866596868
P 130 45 1866531332
P 131 45 1883308548
P 132 45 1883243012
P 133 45 1899889156
P 134 45 1916666372
P 135 45 1916600836
P 136 45 2034303492
P 137 45 2051080708
P 138 45 2051015172
P 139 45 2067726852
P 140 45 2067661316
P 141 45 2084372996
P 142 45 2101084676
P 143 45 2101019396
P 144 45 2218722053
P 145 45 2235433733
P 146 45 2252145413
P 147 45 2252145413
P 148 45 2268857093
P 149 45 2268726021
P 150 45 2285437701
P 151 45 2302149381
P 152 45 2419852037
P 153 45 2436563717
P 154 45 2436498181
P 155 45 2453209861
P 156 45 2469921541
P 157 45 2469790469
P 158 45 2486502149
P 159 45 2503213829
P 160 45 2620850950
P 161 45 2637562630
P 162 45 2654274310
P 163 45 2654208774
P 164 45 2670920454
P 165 45 2687566598
P 166 45 2704278278
P 167 45 2704212742
P 40 46 403046656
P 41 46 403046656
P 42 46 419823872
P 43 46 419823872
P 44 46 419823872
P 45 46 419823872
P 46 46 436601088
P 47 46 436601088
P 48 46 487653632
P 49 46 504430848
P 50 46 504430848
P 51 46 504430848
P 52 46 521208064
P 53 46 521208064
P 54 46 521208064
P 55 46 521208064
P 56 46 588972288
P 57 46 605749504
P 58 46 605749504
P 59 46 605749504
P 60 46 622526720
P 61 46 622526720
P 62 46 622461184
P 63 46 622461184
P 64 46 707002624
P 65 46 707002624
P 66 46 707002625
P 67 46 723779841
P 68 46 723714305
P 69 46 723714305
P 70 46 740491521
P 71 46 740425985
P 72 46 808190209
P 73 46 824967425
P 74 46 824901889
P 75 46 841679361
P 76 46 841679361
P 77 46 841679361
P 78 46 858391041
P 79 46 858391041
P 80 46 942866945
P 81 46 942801409
P 82 46 959578625
P 83 46 959578625
P 84 46 959513089
P 85 46 976290305
P 86 46 976224769
P 87 46 993001985
P 88 46 1077412353
P 89 46 1077412353
P 90 46 1077346817
P 91 46 1094124033
P 92 46 1094058497
P 93 46 1110835714
P 94 46 1110770178
P 95 46 1127547394
P 96 46 1211892226
P 97 46 1211892226
P 98 46 1228669442
P 99 46 1228603906
P 100 46 1245381122
P 101 46 1245315586
P 102 46 1262027266
P 103 46 1262027266
P 104 46 1363149314
P 105 46 1363083778
P 106 46 1379860994
P 107 46 1379795458
P 108 46 1396572674
P 109 46 1396507138
P 110 46 1413218818
P 111 46 1413153282
P 112 46 1514275331
P 113 46 1514209795
P 114 46 1530987011
P 115 46 1547698691
P 116 46 1547633155
P 117 46 1564410371
P 118 46 1564344835
P 119 46 1581056515
P 120 46 1682113027
P 121 46 1682047491
P 122 46 1698824707
P 123 46 1698759171
P 124 46 1715470851
P 125 46 1732248067
P 126 46 1732116995
P 127 46 1748894211
P 128 46 1849885188
P 129 46 1866596868
P 130 46 1866531332
P 131 46 1883308548
P 132 46 1883243012
P 133 46 1899954692
P 134 46 1916666372
P 135 46 1916600836
P 136 46 2034303492
P 137 46 2051080708
P 138 46 2051015172
P 139 46 2067726852
P 140 46 2067661316
P 141 46 2084438532
P 142 46 2101084676
P 143 46 2101019396
P 144 46 2218722053
P 145 46 2235433733
P 146 46 2252145413
P 147 46 2252145413
P 148 46 2268857093
P 149 46 2268791557
P 150 46 2285437701
P 151 46 2302149381
P 152 46 2419852037
P 153 46 2436563717
P 154 46 2436498181
P 155 46 2453209861
P 156 46 2469921541
P 157 46 2469856005
P 158 46 2486502149
P 159 46 2503213829
P 160 46 2620850950
P 161 46 2637562630
P 162 46 2654274310
P 163 46 2654208774
P 164 46 2670920454
P 165 46 2687632134
P 166 46 2704278278
P 167 46 2704212742
P 40 47 403046656
P 41 47 403046656
P 42 47 419823872
P 43 47 419823872
P 44 47 419823872
P 45 47 419823872
P 46 47 436601088
P 47 47 436601088
P 48 47 487653632
P 49 47 504430848
P 50 47 504430848
P 51 47 504430848
P 52 47 521208064
P 53 47 521208064
P 54 47 521208064
P 55 47 521208064
P 56 47 588972288
P 57 47 605749504
P 58 47 605749504
P 59 47 605749504
P 60 47 622526720
P 61 47 622526720
P 62 47 622461184
P 63 47 622461184
P 64 47 707002625
P 65 47 707002625
P 66 47 707002625
P 67 47 723779841
P 68 47 723714305
P 69 47 723714305
P 70 47 740491521
P 71 47 740425985
P 72 47 808190209
P 73 47 824967425
P 74 47 824901889
P 75 47 841679105
P 76 47 841679361
P 77 47 841679361
P 78 47 858391041
P 79 47 858391041
P 80 47 942866945
P 81 47 942801409
P 82 47 959578625
P 83 47 959578625
P 84 47 959513089
P 85 47 976290305
P 86 47 976290305
P 87 47 993001985
P 88 47 1077412353
P 89 47 1077412353
P 90 47 1077346817
P 91 47 1094124034
P 92 47 1094058498
P 93 47 1110835714
P 94 47 1110835714
P 95 47 1127547394
P 96 47 1211892226
P 97 47 1211892226
P 98 47 1228669442
P 99 47 1228603906
P 100 47 1245381122
P 101 47 1245315586
P 102 47 1262092802
P 103 47 1262027266
P 104 47 1363149314
P 105 47 1363083778
P 106 47 1379860994
P 107 47 1379795458
P 108 47 1396572674
P 109 47 1396507138
P 110 47 1413284354
P 111 47 1413153282
P 112 47 1514275331
P 113 47 1514209795
P 114 47 1530987011
P 115 47 1547698691
P 116 47 1547633155
P 117 47 1564410371
P 118 47 1564344835
P 119 47 1581056515
P 120 47 1682113027
P 121 47 1682047491
P 122 47 1698824707
P 123 47 1698759171
P 124 47 1715470851
P 125 47 1732248067
P 126 47 1732182531
P 127 47 1748894211
P 128 47 1849885188
P 129 47 1866596868
P 130 47 1866531332
P 131 47 1883308548
P 132 47 1883243012
P 133 47 1899954692
P 134 47 1916666372
P 135 47 1916600836
P 136 47 2034303492
P 137 47 2051080708
P 138 47 2051015172
P 139 47 2067726852
P 140 47 2067661316
P 141 47 2084438532
P 142 47 2101150212
P 143 47 2101019140
P 144 47 2218722053
P 145 47 2235433733
P 146 47 2252145413
P 147 47 2252145413
P 148 47 2268857093
P 149 47 2268791557
P 150 47 2285503237
P 151 47 2302149381
P 152 47 2419852037
P 153 47 2436563717
P 154 47 2436498181
P 155 47 2453209861
P 156 47 2469921541
P 157 47 2469856005
P 158 47 2486567685
P 159 47 2503213829
P 160 47 2620850950
P 161 47 2637562630
P 162 47 2654274310
P 163 47 2654208774
P 164 47 2670920454
P 165 47 2687632134
P 166 47 2704343814
P 167 47 2704212742
P 40 48 419825152
P 41 48 436602368
P 42 48 436602368
P 43 48 436602368
P 44 48 436602368
P 45 48 453379584
P 46 48 453379584
P 47 48 453379584
P 48 48 521209344
P 49 48 521209344
P 50 48 521209344
P 51 48 537986560
P 52 48 537986560
P 53 48 537986560
P 54 48 537986816
P 55 48 554764032
P 56 48 622528256
P 57 48 622528256
P 58 48 622528256
P 59 48 639305472
P 60 48 639305472
P 61 48 639305472
P 62 48 656017153
P 63 48 656017153
P 64 48 723781377
P 65 48 723781377
P 66 48 740558593
P 67 48 740558593
P 68 48 740493057
P 69 48 757270273
P 70 48 757270529
P 71 48 774047745
P 72 48 841746433
P 73 48 841746433
P 74 48 858458113
P 75 48 858458113
P 76 48 858458113
P 77 48 875235329
P 78 48 875169793
P 79 48 891947009
P 80 48 959645697
P 81 48 976357377
P 82 48 976357377
P 83 48 993134593
P 84 48 993069057
P 85 48 993069057
P 86 48 1009846529
P 87 48 1009780993
P 88 48 1094191362
P 89 48 1110968578
P 90 48 1110903042
P 91 48 1127680258
P 92 48 1127614722
P 93 48 1127614722
P 94 48 1144391938
P 95 48 1144326402
P 96 48 1245448450
P 97 48 1245448450
P 98 48 1262225666
P 99 48 1262160130
P 100 48 1278937346
P 101 48 1278871810
P 102 48 1295649282
P 103 48 1295583746
P 104 48 1396705795
P 105 48 1396640259
P 106 48 1413417475
P 107 48 1413351939
P 108 48 1430129155
P 109 48 1430063619
P 110 48 1446840835
P 111 48 1446775299
P 112 48 1547831811
P 113 48 1547766275
P 114 48 1564543491
P 115 48 1581255171
P 116 48 1581189635
P 117 48 1597966851
P 118 48 1597901315
P 119 48 1614678531
P 120 48 1715669764
P 121 48 1715604228
P 122 48 1732381444
P 123 48 1749093124
P 124 48 1749027588
P 125 48 1765804804
P 126 48 1765739268
P 127 48 1782450948
P 128 48 1883441924
P 129 48 1900153604
P 130 48 1900088068
P 131 48 1916865284
P 132 48 1933576964
P 133 48 1933511428
P 134 48 1950223108
P 135 48 1967000324
P 136 48 2067860485
P 137 48 2084637701
P 138 48 2084572165
P 139 48 2101283845
P 140 48 2117995525
P 141 48 2117995525
P 142 48 2134707205
P 143 48 2151418885
P 144 48 2269056005
P 145 48 2268990469
P 146 48 2285702149
P 147 48 2302479365
P 148 48 2302413829
P 149 48 2319125509
P 150 48 2335837189
P 151 48 2335771653
P 152 48 2453409030
P 153 48 2470120710
P 154 48 2486832390
P 155 48 2503544070
P 156 48 2503478534
P 157 48 2520190214
P 158 48 2536901894
P 159 48 2536836358
P 160 48 2671185158
P 161 48 2687896838
P 162 48 2687831302
P 163 48 2704542982
P 164 48 2721254662
P 165 48 2737966342
P 166 48 2737900806
P 167 48 2754612486
P 40 49 419825152
P 41 49 436602368
P 42 49 436602368
P 43 49 436602368
P 44 49 436602368
P 45 49 453379584
P 46 49 453379584
P 47 49 453379584
P 48 49 521209344
P 49 49 521209344
P 50 49 521209344
P 51 49 537986560
P 52 49 537986560
P 53 49 537986560
P 54 49 537986560
P 55 49 554764032
P 56 49 622593792
P 57 49 622528256
P 58 49 622528256
P 59 49 639305473
P 60 49 639305473
P 61 49 639305473
P 62 49 656017153
P 63 49 656017153
P 64 49 723781377
P 65 49 723781377
P 66 49 740558593
P 67 49 740558593
P 68 49 740493057
P 69 49 757270273
P 70 49 757270273
P 71 49 774047745
P 72 49 841746433
P 73 49 841746433
P 74 49 858458113
P 75 49 858458113
P 76 49 858458113
P 77 49 875235329
P 78 49 875169793
P 79 49 891947009
P 80 49 959645697
P 81 49 976357377
P 82 49 976357377
P 83 49 993134593
P 84 49 993069057
P 85 49 993069057
P 86 49 1009846274
P 87 49 1009780994
P 88 49 1094256898
P 89 49 1110968578
P 90 49 1110903042
P 91 49 1127680258
P 92 49 1127614722
P 93 49 1127614722
P 94 49 1144391938
P 95 49 1144326402
P 96 49 1245513986
P 97 49 1245448450
P 98 49 1262225666
P 99 49 1262160130
P 100 49 1278937346
P 101 49 1278871810
P 102 49 1295649026
P 103 49 1295583746
P 104 49 1396705795
P 105 49 1396640259
P 106 49 1413417475
P 107 49 1413351939
P 108 49 1430129155
P 109 49 1430063619
P 110 49 1446840835
P 111 49 1446775299
P 112 49 1547831811
P 113 49 1547766275
P 114 49 1564543491
P 115 49 1581255171
P 116 49 1581189635
P 117 49 1597966851
P 118 49 1597901315
P 119 49 1614678531
P 120 49 1715669508
P 121 49 1715604228
P 122 49 1732381444
P 123 49 1749093124
P 124 49 1749027588
P 125 49 1765804804
P 126 49 1765739268
P 127 49 1782450948
P 128 49 1883441924
P 129 49 1900153604
P 130 49 1900088068
P 131 49 1916865284
P 132 49 1933576964
P 133 49 1933511428
P 134 49 1950223108
P 135 49 1967000324
P 136 49 2067925765
P 137 49 2084637701
P 138 49 2084572165
P 139 49 2101283845
P 140 49 2117995525
P 141 49 2117995525
P 142 49 2134707205
P 143 49 2151418885
P 144 49 2269121541
P 145 49 2268990469
P 146 49 2285702149
P 147 49 2302479365
P 148 49 2302413829
P 149 49 2319125509
P 150 49 2335837189
P 151 49 2335771653
P 152 49 2453408774
P 153 49 2470120710
P 154 49 2486832390
P 155 49 2503544070
P 156 49 2503478534
P 157 49 2520190214
P 158 49 2536901894
P 159 49 2536836358
P 160 49 2671250694
P 161 49 2687896838
P 162 49 2687831302
P 163 49 2704542982
P 164 49 2721254662
P 165 49 2737966342
P 166 49 2737900806
P 167 49 2754612486
P 40 50 419825152
P 41 50 436602368
P 42 50 436602368
P 43 50 436602368
P 44 50 436602368
P 45 50 453379584
P 46 50 453379584
P 47 50 453379584
P 48 50 521209344
P 49 50 521209344
P 50 50 521209344
P 51 50 537986560
P 52 50 537986560
P 53 50 537986560
P 54 50 537986560
P 55 50 554763776
P 56 50 622593792
P 57 50 622528257
P 58 50 622528257
P 59 50 639305473
P 60 50 639305473
P 61 50 639305473
P 62 50 656017153
P 63 50 656017153
P 64 50 723781377
P 65 50 723781377
P 66 50 740558593
P 67 50 740558593
P 68 50 740493057
P 69 50 757270273
P 70 50 757270273
P 71 50 774047489
P 72 50 841746433
P 73 50 841746433
P 74 50 858458113
P 75 50 858458113
P 76 50 858458113
P 77 50 875235329
P 78 50 875169793
P 79 50 891947009
P 80 50 959645697
P 81 50 976422913
P 82 50 976357377
P 83 50 993134593
P 84 50 993069058
P 85 50 993069058
P 86 50 1009846274
P 87 50 1009780738
P 88 50 1094256898
P 89 50 1110968578
P 90 50 1110903042
P 91 50 1127680258
P 92 50 1127614722
P 93 50 1127614722
P 94 50 1144391938
P 95 50 1144326402
P 96 50 1245513986
P 97 50 1245448450
P 98 50 1262225666
P 99 50 1262160130
P 100 50 1278937346
P 101 50 1278871810
P 102 50 1295649026
P 103 50 1295583490
P 104 50 1396705795
P 105 50 1396705795
P 106 50 1413417475
P 107 50 1413351939
P 108 50 1430129155
P 109 50 1430063619
P 110 50 1446840835
P 111 50 1446775299
P 112 50 1547831811
P 113 50 1547831811
P 114 50 1564543491
P 115 50 1581255171
P 116 50 1581189635
P 117 50 1597966851
P 118 50 1597901315
P 119 50 1614678531
P 120 50 1715669508
P 121 50 1715669764
P 122 50 1732381444
P 123 50 1749093124
P 124 50 1749027588
P 125 50 1765804804
P 126 50 1765739268
P 127 50 1782450948
P 128 50 1883441924
P 129 50 1900219140
P 130 50 1900088068
P 131 50 1916865284
P 132 50 1933576964
P 133 50 1933511428
P 134 50 1950223108
P 135 50 1967000324
P 136 50 2067925765
P 137 50 2084637701
P 138 50 2084572165
P 139 50 2101283845
P 140 50 2117995525
P 141 50 2117995525
P 142 50 2134707205
P 143 50 2151418885
P 144 50 2269121541
P 145 50 2269056005
P 146 50 2285702149
P 147 50 2302479365
P 148 50 2302413829
P 149 50 2319125509
P 150 50 2335837189
P 151 50 2335771653
P 152 50 2453408774
P 153 50 2470186246
P 154 50 2486832390
P 155 50 2503544070
P 156 50 2503478534
P 157 50 2520190214
P 158 50 2536901894
P 159 50 2536836358
P 160 50 2671250694
P 161 50 2687962374
P 162 50 2687831302
P 163 50 2704542982
P 164 50 2721254662
P 165 50 2737966342
P 166 50 2737900806
P 167 50 2754612486
P 40 51 419825152
P 41 51 436602368
P 42 51 436602368
P 43 51 436602368
P 44 51 436602368
P 45 51 453379584
P 46 51 453379584
P 47 51 453379584
P 48 51 521209344
P 49 51 521209344
P 50 51 521209344
P 51 51 537986560
P 52 51 537986560
P 53 51 537986560
P 54 51 537986560
P 55 51 554763776
P 56 51 622593537
P 57 51 622528257
P 58 51 622528257
P 59 51 639305473
P 60 51 639305473
P 61 51 639305473
P 62 51 656017153
P 63 51 656017153
P 64 51 723781377
P 65 51 723781377
P 66 51 740558593
P 67 51 740558593
P 68 51 740493057
P 69 51 757270273
P 70 51 757270273
P 71 51 774047489
P 72 51 841746177
P 73 51 841746433
P 74 51 858523649
P 75 51 858458113
P 76 51 858458113
P 77 51 875235329
P 78 51 875169793
P 79 51 891947009
P 80 51 959645697
P 81 51 976422914
P 82 51 976357378
P 83 51 993134594
P 84 51 993069058
P 85 51 993069058
P 86 51 1009846274
P 87 51 1009780738
P 88 51 1094256642
P 89 51 1110968578
P 90 51 1110968578
P 91 51 1127680258
P 92 51 1127614722
P 93 51 1127614722
P 94 51 1144391938
P 95 51 1144326402
P 96 51 1245513986
P 97 51 1245448450
P 98 51 1262225666
P 99 51 1262160130
P 100 51 1278937346
P 101 51 1278871810
P 102 51 1295649026
P 103 51 1295583490
P 104 51 1396705539
P 105 51 1396705795
P 106 51 1413417475
P 107 51 1413351939
P 108 51 1430129155
P 109 51 1430063619
P 110 51 1446840835
P 111 51 1446775299
P 112 51 1547831811
P 113 51 1547831811
P 114 51 1564543491
P 115 51 1581255171
P 116 51 1581189635
P 117 51 1597966851
P 118 51 1597901315
P 119 51 1614678531
P 120 51 1715669508
P 121 51 1715669508
P 122 51 1732381444
P 123 51 1749093124
P 124 51 1749027588
P 125 51 1765804804
P 126 51 1765739268
P 127 51 1782450948
P 128 51 1883441924
P 129 51 1900219140
P 130 51 1900153604
P 131 51 1916865284
P 132 51 1933576964
P 133 51 1933511428
P 134 51 1950223108
P 135 51 1967000324
P 136 51 2067925765
P 137 51 2084637445
P 138 51 2084637701
P 139 51 2101283845
P 140 51 2117995525
P 141 51 2117995525
P 142 51 2134707205
P 143 51 2151418885
P 144 51 2269121541
P 145 51 2269056005
P 146 51 2285767685
P 147 51 2302479365
P 148 51 2302413829
P 149 51 2319125509
P 150 51 2335837189
P 151 51 2335771653
P 152 51 2453408774
P 153 51 2470185990
P 154 51 2486897926
P 155 51 2503544070
P 156 51 2503478534
P 157 51 2520190214
P 158 51 2536901894
P 159 51 2536836358
P 160 51 2671250694
P 161 51 2687962374
P 162 51 2687896838
P 163 51 2704542982
P 164 51 2721254662
P 165 51 2737966342
P 166 51 2737900806
P 167 51 2754612487
P 40 52 419825152
P 41 52 436602368
P 42 52 436602368
P 43 52 436602368
P 44 52 436602368
P 45 52 453379584
P 46 52 453379584
P 47 52 453379584
P 48 52 521209344
P 49 52 521209344
P 50 52 521209344
P 51 52 537986560
P 52 52 537986560
P 53 52 537986560
P 54 52 537986560
P 55 52 554763776
P 56 52 622593537
P 57 52 622528001
P 58 52 622528257
P 59 52 639305473
P 60 52 639305473
P 61 52 639305473
P 62 52 656017153
P 63 52 656017153
P 64 52 723781377
P 65 52 723781377
P 66 52 740558593
P 67 52 740558593
P 68 52 740493057
P 69 52 757270273
P 70 52 757270273
P 71 52 774047489
P 72 52 841746177
P 73 52 841746177
P 74 52 858523649
P 75 52 858458113
P 76 52 858458113
P 77 52 875235329
P 78 52 875169793
P 79 52 891947009
P 80 52 959645698
P 81 52 976422914
P 82 52 976357378
P 83 52 993134594
P 84 52 993069058
P 85 52 993069058
P 86 52 1009846274
P 87 52 1009780738
P 88 52 1094256642
P 89 52 1110968322
P 90 52 1110968578
P 91 52 1127680258
P 92 52 1127614722
P 93 52 1127614722
P 94 52 1144391938
P 95 52 1144326402
P 96 52 1245513986
P 97 52 1245448450
P 98 52 1262225666
P 99 52 1262225666
P 100 52 1278937346
P 101 52 1278871810
P 102 52 1295649026
P 103 52 1295583490
P 104 52 1396705539
P 105 52 1396705539
P 106 52 1413417475
P 107 52 1413417475
P 108 52 1430129155
P 109 52 1430063619
P 110 52 1446840835
P 111 52 1446775299
P 112 52 1547831811
P 113 52 1547831811
P 114 52 1564543491
P 115 52 1581320707
P 116 52 1581189635
P 117 52 1597966851
P 118 52 1597901315
P 119 52 1614678531
P 120 52 1715669508
P 121 52 1715669508
P 122 52 1732381188
P 123 52 1749158660
P 124 52 1749027588
P 125 52 1765804804
P 126 52 1765739268
P 127 52 1782450948
P 128 52 1883441924
P 129 52 1900219140
P 130 52 1900153604
P 131 52 1916865284
P 132 52 1933576964
P 133 52 1933511428
P 134 52 1950223108
P 135 52 1967000324
P 136 52 2067925765
P 137 52 2084637445
P 138 52 2084637445
P 139 52 2101349381
P 140 52 2117995525
P 141 52 2117995525
P 142 52 2134707205
P 143 52 2151418885
P 144 52 2269121541
P 145 52 2269056005
P 146 52 2285767685
P 147 52 2302479365
P 148 52 2302413829
P 149 52 2319125509
P 150 52 2335837189
P 151 52 2335771653
P 152 52 2453408774
P 153 52 2470185990
P 154 52 2486897670
P 155 52 2503609606
P 156 52 2503478534
P 157 52 2520190214
P 158 52 2536901894
P 159 52 2536836358
P 160 52 2671250694
P 161 52 2687962374
P 162 52 2687896838
P 163 52 2704608518
P 164 52 2721254663
P 165 52 2737966343
P 166 52 2737900807
P 167 52 2754612487
P 40 53 419825152
P 41 53 436602368
P 42 53 436602368
P 43 53 436602368
P 44 53 436602368
P 45 53 453379584
P 46 53 453379584
P 47 53 453379584
P 48 53 521209344
P 49 53 521209344
P 50 53 521209344
P 51 53 537986560
P 52 53 537986560
P 53 53 537986560
P 54 53 537986560
P 55 53 554763776
P 56 53 622593537
P 57 53 622528001
P 58 53 622528001
P 59 53 639305473
P 60 53 639305473
P 61 53 639305473
P 62 53 656017153
P 63 53 656017153
P 64 53 723781377
P 65 53 723781377
P 66 53 740558593
P 67 53 740558593
P 68 53 740558593
P 69 53 757270273
P 70 53 757270273
P 71 53 774047489
P 72 53 841746177
P 73 53 841746177
P 74 53 858523393
P 75 53 858458113
P 76 53 858458113
P 77 53 875235329
P 78 53 875169793
P 79 53 891947009
P 80 53 959645698
P 81 53 976422914
P 82 53 976357378
P 83 53 993134594
P 84 53 993134594
P 85 53 993069058
P 86 53 1009846274
P 87 53 1009780738
P 88 53 1094256642
P 89 53 1110968322
P 90 53 1110968322
P 91 53 1127680258
P 92 53 1127680258
P 93 53 1127614722
P 94 53 1144391938
P 95 53 1144326402
P 96 53 1245513986
P 97 53 1245448450
P 98 53 1262225666
P 99 53 1262225666
P 100 53 1278937346
P 101 53 1278871810
P 102 53 1295649026
P 103 53 1295583490
P 104 53 1396705539
P 105 53 1396705539
P 106 53 1413417219
P 107 53 1413417475
P 108 53 1430129155
P 109 53 1430063619
P 110 53 1446840835
P 111 53 1446775299
P 112 53 1547831811
P 113 53 1547831811
P 114 53 1564543491
P 115 53 1581320707
P 116 53 1581255171
P 117 53 1597966851
P 118 53 1597901315
P 119 53 1614678531
P 120 53 1715669508
P 121 53 1715669508
P 122 53 1732381188
P 123 53 1749158404
P 124 53 1749093124
P 125 53 1765804804
P 126 53 1765739268
P 127 53 1782450948
P 128 53 1883441924
P 129 53 1900219140
P 130 53 1900153604
P 131 53 1916865284
P 132 53 1933642500
P 133 53 1933511428
P 134 53 1950223108
P 135 53 1967000324
P 136 53 2067925765
P 137 53 2084637445
P 138 53 2084637445
P 139 53 2101349125
P 140 53 2118061061
P 141 53 2117995525
P 142 53 2134707205
P 143 53 2151418885
P 144 53 2269121541
P 145 53 2269056005
P 146 53 2285767685
P 147 53 2302479365
P 148 53 2302479365
P 149 53 2319125509
P 150 53 2335837189
P 151 53 2335771653
P 152 53 2453408774
P 153 53 2470185990
P 154 53 2486897670
P 155 53 2503609350
P 156 53 2503544070
P 157 53 2520190214
P 158 53 2536901894
P 159 53 2536836358
P 160 53 2671250694
P 161 53 2687962374
P 162 53 2687896839
P 163 53 2704608519
P 164 53 2721320199
P 165 53 2737966343
P 166 53 2737900807
P 167 53 2754612487
P 40 54 419825152
P 41 54 436602368
P 42 54 436602368
P 43 54 436602368
P 44 54 436602368
P 45 54 453379584
P 46 54 453379584
P 47 54 453379584
P 48 54 521209344
P 49 54 521209344
P 50 54 521209344
P 51 54 537986560
P 52 54 537986560
P 53 54 537986560
P 54 54 537986560
P 55 54 554763776
P 56 54 622593537
P 57 54 622528001
P 58 54 622528001
P 59 54 639305473
P 60 54 639305473
P 61 54 639305473
P 62 54 656017153
P 63 54 656017153
P 64 54 723781377
P 65 54 723781377
P 66 54 740558593
P 67 54 740558593
P 68 54 740558593
P 69 54 757270273
P 70 54 757270273
P 71 54 774047489
P 72 54 841746177
P 73 54 841746177
P 74 54 858523393
P 75 54 858458113
P 76 54 858458113
P 77 54 875235329
P 78 54 875169793
P 79 54 891947009
P 80 54 959645698
P 81 54 976422914
P 82 54 976357378
P 83 54 993134594
P 84 54 993134594
P 85 54 993069058
P 86 54 1009846274
P 87 54 1009780738
P 88 54 1094256642
P 89 54 1110968322
P 90 54 1110968322
P 91 54 1127680258
P 92 54 1127680258
P 93 54 1127614722
P 94 54 1144391938
P 95 54 1144326402
P 96 54 1245513986
P 97 54 1245448450
P 98 54 1262225666
P 99 54 1262225666
P 100 54 1278937346
P 101 54 1278937346
P 102 54 1295649026
P 103 54 1295583490
P 104 54 1396705539
P 105 54 1396705539
P 106 54 1413417219
P 107 54 1413417475
P 108 54 1430129155
P 109 54 1430129155
P 110 54 1446840835
P 111 54 1446775299
P 112 54 1547831811
P 113 54 1547831811
P 114 54 1564543491
P 115 54 1581320707
P 116 54 1581255171
P 117 54 1597966851
P 118 54 1597901315
P 119 54 1614678531
P 120 54 1715669508
P 121 54 1715669508
P 122 54 1732381188
P 123 54 1749158404
P 124 54 1749092868
P 125 54 1765804804
P 126 54 1765739268
P 127 54 1782450948
P 128 54 1883441924
P 129 54 1900219140
P 130 54 1900153604
P 131 54 1916865284
P 132 54 1933642500
P 133 54 1933576964
P 134 54 1950223108
P 135 54 1967000324
P 136 54 2067925765
P 137 54 2084637445
P 138 54 2084637445
P 139 54 2101349125
P 140 54 2118060805
P 141 54 2117995525
P 142 54 2134707205
P 143 54 2151418885
P 144 54 2269121541
P 145 54 2269056005
P 146 54 2285767685
P 147 54 2302479365
P 148 54 2302479365
P 149 54 2319191045
P 150 54 2335837189
P 151 54 2335771653
P 152 54 2453408774
P 153 54 2470185990
P 154 54 2486897670
P 155 54 2503609350
P 156 54 2503543814
P 157 54 2520255750
P 158 54 2536901894
P 159 54 2536836358
P 160 54 2671250695
P 161 54 2687962375
P 162 54 2687896839
P 163 54 2704608519
P 164 54 2721320199
P 165 54 2738031879
P 166 54 2737900807
P 167 54 2754612487
P 40 55 419825408
P 41 55 436602368
P 42 55 436602368
P 43 55 436602368
P 44 55 436602368
P 45 55 453379584
P 46 55 453379584
P 47 55 453379584
P 48 55 521209344
P 49 55 521209344
P 50 55 521209344
P 51 55 537986560
P 52 55 537986560
P 53 55 537986560
P 54 55 537986560
P 55 55 554763776
P 56 55 622593537
P 57 55 622528001
P 58 55 622528001
P 59 55 639305217
P 60 55 639305473
P 61 55 639305473
P 62 55 656082689
P 63 55 656017153
P 64 55 723781377
P 65 55 723781377
P 66 55 740558593
P 67 55 740558593
P 68 55 740558593
P 69 55 757270273
P 70 55 757270273
P 71 55 774047489
P 72 55 841746177
P 73 55 841746177
P 74 55 858523393
P 75 55 858457857
P 76 55 858458113
P 77 55 875235329
P 78 55 875235329
P 79 55 891947009
P 80 55 959645698
P 81 55 976422914
P 82 55 976357378
P 83 55 993134594
P 84 55 993134594
P 85 55 993069058
P 86 55 1009846274
P 87 55 1009780738
P 88 55 1094256642
P 89 55 1110968322
P 90 55 1110968322
P 91 55 1127680002
P 92 55 1127680258
P 93 55 1127614722
P 94 55 1144391938
P 95 55 1144326402
P 96 55 1245513986
P 97 55 1245448450
P 98 55 1262225666
P 99 55 1262225666
P 100 55 1278937346
P 101 55 1278937346
P 102 55 1295649026
P 103 55 1295583490
P 104 55 1396705539
P 105 55 1396705539
P 106 55 1413417219
P 107 55 1413417219
P 108 55 1430129155
P 109 55 1430129155
P 110 55 1446840835
P 111 55 1446775299
P 112 55 1547831811
P 113 55 1547831811
P 114 55 1564543491
P 115 55 1581320707
P 116 55 1581255171
P 117 55 1597966851
P 118 55 1597966851
P 119 55 1614678531
P 120 55 1715669508
P 121 55 1715669508
P 122 55 1732381188
P 123 55 1749158404
P 124 55 1749092868
P 125 55 1765804548
P 126 55 1765804804
P 127 55 1782450948
P 128 55 1883441924
P 129 55 1900219140
P 130 55 1900153604
P 131 55 1916865284
P 132 55 1933642500
P 133 55 1933576964
P 134 55 1950288644
P 135 55 1967000324
P 136 55 2067925765
P 137 55 2084637445
P 138 55 2084637445
P 139 55 2101349125
P 140 55 2118060805
P 141 55 2117995269
P 142 55 2134772741
P 143 55 2151418885
P 144 55 2269121541
P 145 55 2269056005
P 146 55 2285767685
P 147 55 2302479365
P 148 55 2302479365
P 149 55 2319191046
P 150 55 2335902726
P 151 55 2335771654
P 152 55 2453408774
P 153 55 2470185990
P 154 55 2486897670
P 155 55 2503609350
P 156 55 2503543814
P 157 55 2520255494
P 158 55 2536967430
P 159 55 2536836358
P 160 55 2671250695
P 161 55 2687962375
P 162 55 2687896839
P 163 55 2704608519
P 164 55 2721320199
P 165 55 2738031879
P 166 55 2737966343
P 167 55 2754612487
P 40 56 436603904
P 41 56 453381120
P 42 56 453381120
P 43 56 453381120
P 44 56 470158336
P 45 56 470158336
P 46 56 470158336
P 47 56 470158336
P 48 56 537988096
P 49 56 537988096
P 50 56 554765312
P 51 56 554765056
P 52 56 554765056
P 53 56 554765057
P 54 56 571542273
P 55 56 571542273
P 56 56 639372033
P 57 56 639306497
P 58 56 656083969
P 59 56 656083969
P 60 56 656083969
P 61 56 672861185
P 62 56 672861185
P 63 56 672795649
P 64 56 740559873
P 65 56 757337089
P 66 56 757337345
P 67 56 774114561
P 68 56 774114561
P 69 56 774049025
P 70 56 790826241
P 71 56 790826241
P 72 56 858524930
P 73 56 875302146
P 74 56 875302146
P 75 56 892013826
P 76 56 892014082
P 77 56 892014082
P 78 56 908791298
P 79 56 908725762
P 80 56 993201666
P 81 56 993201666
P 82 56 1009913346
P 83 56 1009913346
P 84 56 1026690562
P 85 56 1026625282
P 86 56 1043402498
P 87 56 1043402498
P 88 56 1127812866
P 89 56 1127747330
P 90 56 1144524546
P 91 56 1144459010
P 92 56 1161236226
P 93 56 1161170690
P 94 56 1177948162
P 95 56 1177948162
P 96 56 1262292995
P 97 56 1279004675
P 98 56 1279004675
P 99 56 1295781891
P 100 56 1295716355
P 101 56 1312493571
P 102 56 1312428035
P 103 56 1329205251
P 104 56 1413484803
P 105 56 1430262019
P 106 56 1430196483
P 107 56 1446973699
P 108 56 1463685379
P 109 56 1463685379
P 110 56 1480397059
P 111 56 1480397059
P 112 56 1581388036
P 113 56 1581388292
P 114 56 1598099972
P 115 56 1614877188
P 116 56 1614811652
P 117 56 1631523332
P 118 56 1631523332
P 119 56 1648235012
P 120 56 1749225988
P 121 56 1749225988
P 122 56 1765937924
P 123 56 1782715140
P 124 56 1782649604
P 125 56 1799361284
P 126 56 1799361284
P 127 56 1816072964
P 128 56 1916998405
P 129 56 1933775621
P 130 56 1950487301
P 131 56 1950421765
P 132 56 1967199237
P 133 56 1983910917
P 134 56 1983845381
P 135 56 2000557061
P 136 56 2101482501
P 137 56 2118194181
P 138 56 2134971397
P 139 56 2134905861
P 140 56 2151617541
P 141 56 2168329477
P 142 56 2168329477
P 143 56 2185041157
P 144 56 2302678278
P 145 56 2319389958
P 146 56 2319324422
P 147 56 2336036102
P 148 56 2352813318
P 149 56 2352747782
P 150 56 2369459718
P 151 56 2386171398
P 152 56 2503742982
P 153 56 2520520198
P 154 56 2520454662
P 155 56 2537166343
P 156 56 2553878023
P 157 56 2553812487
P 158 56 2570524167
P 159 56 2587235847
P 160 56 2704807687
P 161 56 2721519367
P 162 56 2738231047
P 163 56 2754942727
P 164 56 2754877191
P 165 56 2771588871
P 166 56 2788300551
P 167 56 2805012231
P 40 57 436603904
P 41 57 453381120
P 42 57 453381120
P 43 57 453381120
P 44 57 470158336
P 45 57 470158336
P 46 57 470158336
P 47 57 470158336
P 48 57 537988096
P 49 57 537988096
P 50 57 554765312
P 51 57 554765312
P 52 57 554765056
P 53 57 554765057
P 54 57 571542273
P 55 57 571542273
P 56 57 639372033
P 57 57 639306497
P 58 57 656083713
P 59 57 656083969
P 60 57 656083969
P 61 57 672861185
P 62 57 672861185
P 63 57 672795649
P 64 57 740625409
P 65 57 757337089
P 66 57 757337089
P 67 57 774114561
P 68 57 774114561
P 69 57 774049025
P 70 57 790826241
P 71 57 790826241
P 72 57 858590466
P 73 57 875302146
P 74 57 875302146
P 75 57 892013826
P 76 57 892013826
P 77 57 892014082
P 78 57 908791298
P 79 57 908725762
P 80 57 993201666
P 81 57 993201666
P 82 57 1009913346
P 83 57 1009913346
P 84 57 1026690562
P 85 57 1026625026
P 86 57 1043402498
P 87 57 1043402498
P 88 57 1127812866
P 89 57 1127747330
P 90 57 1144524546
P 91 57 1144459010
P 92 57 1161236226
P 93 57 1161170690
P 94 57 1177947906
P 95 57 1177948162
P 96 57 1262292995
P 97 57 1279004675
P 98 57 1279004675
P 99 57 1295781891
P 100 57 1295716355
P 101 57 1312493571
P 102 57 1312428035
P 103 57 1329205251
P 104 57 1413550083
P 105 57 1430262019
P 106 57 1430196483
P 107 57 1446973699
P 108 57 1463685379
P 109 57 1463685379
P 110 57 1480397059
P 111 57 1480397059
P 112 57 1581453572
P 113 57 1581388036
P 114 57 1598099972
P 115 57 1614877188
P 116 57 1614811652
P 117 57 1631523332
P 118 57 1631523332
P 119 57 1648235012
P 120 57 1749291524
P 121 57 1749225988
P 122 57 1765937668
P 123 57 1782715140
P 124 57 1782649604
P 125 57 1799361284
P 126 57 1799361284
P 127 57 1816072964
P 128 57 1917063941
P 129 57 1933775621
P 130 57 1950487301
P 131 57 1950421765
P 132 57 1967198981
P 133 57 1983910917
P 134 57 1983845381
P 135 57 2000557061
P 136 57 2101548037
P 137 57 2118194181
P 138 57 2134971397
P 139 57 2134905861
P 140 57 2151617541
P 141 57 2168329221
P 142 57 2168329477
P 143 57 2185041157
P 144 57 2302743814
P 145 57 2319389958
P 146 57 2319324422
P 147 57 2336036102
P 148 57 2352813318
P 149 57 2352747782
P 150 57 2369459462
P 151 57 2386171398
P 152 57 2503808518
P 153 57 2520520199
P 154 57 2520454663
P 155 57 2537166343
P 156 57 2553878023
P 157 57 2553812487
P 158 57 2570524167
P 159 57 2587235847
P 160 57 2704872967
P 161 57 2721519367
P 162 57 2738231047
P 163 57 2754942727
P 164 57 2754877191
P 165 57 2771588871
P 166 57 2788300551
P 167 57 2805012231
P 40 58 436603904
P 41 58 453381120
P 42 58 453381120
P 43 58 453381120
P 44 58 470158336
P 45 58 470158336
P 46 58 470158336
P 47 58 470158336
P 48 58 537988096
P 49 58 537988096
P 50 58 554765312
P 51 58 554765312
P 52 58 554765312
P 53 58 554765313
P 54 58 571542273
P 55 58 571542273
P 56 58 639372033
P 57 58 639306497
P 58 58 656083713
P 59 58 656083713
P 60 58 656083969
P 61 58 672861185
P 62 58 672861185
P 63 58 672795649
P 64 58 740625409
P 65 58 757337089
P 66 58 757337089
P 67 58 774114305
P 68 58 774114561
P 69 58 774049025
P 70 58 790826241
P 71 58 790826241
P 72 58 858590466
P 73 58 875302146
P 74 58 875302146
P 75 58 892013826
P 76 58 892013826
P 77 58 892014082
P 78 58 908791298
P 79 58 908725762
P 80 58 993201666
P 81 58 993201666
P 82 58 1009913346
P 83 58 1009913346
P 84 58 1026690562
P 85 58 1026625026
P 86 58 1043402242
P 87 58 1043402498
P 88 58 1127812866
P 89 58 1127812866
P 90 58 1144524546
P 91 58 1144459010
P 92 58 1161236226
P 93 58 1161170690
P 94 58 1177947906
P 95 58 1177947906
P 96 58 1262292995
P 97 58 1279070211
P 98 58 1279004675
P 99 58 1295781891
P 100 58 1295716355
P 101 58 1312493571
P 102 58 1312428035
P 103 58 1329205251
P 104 58 1413550083
P 105 58 1430262019
P 106 58 1430196483
P 107 58 1446973699
P 108 58 1463685379
P 109 58 1463685379
P 110 58 1480397059
P 111 58 1480397059
P 112 58 1581453572
P 113 58 1581388036
P 114 58 1598099716
P 115 58 1614877188
P 116 58 1614811652
P 117 58 1631523332
P 118 58 1631523332
P 119 58 1648235012
P 120 58 1749291524
P 121 58 1749225988
P 122 58 1765937668
P 123 58 1782714884
P 124 58 1782649604
P 125 58 1799361284
P 126 58 1799361284
P 127 58 1816072964
P 128 58 1917063941
P 129 58 1933775621
P 130 58 1950487301
P 131 58 1950421765
P 132 58 1967198981
P 133 58 1983910917
P 134 58 1983845381
P 135 58 2000557061
P 136 58 2101548037
P 137 58 2118259717
P 138 58 2134971397
P 139 58 2134905861
P 140 58 2151617541
P 141 58 2168329221
P 142 58 2168329222
P 143 58 2185041158
P 144 58 2302743814
P 145 58 2319455494
P 146 58 2319324422
P 147 58 2336036102
P 148 58 2352813318
P 149 58 2352747782
P 150 58 2369459462
P 151 58 2386171142
P 152 58 2503808519
P 153 58 2520520199
P 154 58 2520454663
P 155 58 2537166343
P 156 58 2553878023
P 157 58 2553812487
P 158 58 2570524167
P 159 58 2587235847
P 160 58 2704872967
P 161 58 2721584903
P 162 58 2738231047
P 163 58 2754942727
P 164 58 2754877191
P 165 58 2771588871
P 166 58 2788300551
P 167 58 2805012231
P 40 59 436603904
P 41 59 453381120
P 42 59 453381120
P 43 59 453381120
P 44 59 470158336
P 45 59 470158336
P 46 59 470158336
P 47 59 470158336
P 48 59 537988096
P 49 59 537988096
P 50 59 554765312
P 51 59 554765312
P 52 59 554765312
P 53 59 554765313
P 54 59 571542529
P 55 59 571542273
P 56 59 639306497
P 57 59 639306497
P 58 59 656083713
P 59 59 656083713
P 60 59 656083713
P 61 59 672861185
P 62 59 672861185
P 63 59 672795649
P 64 59 740625409
P 65 59 757337089
P 66 59 757337089
P 67 59 774114305
P 68 59 774114305
P 69 59 774049025
P 70 59 790826241
P 71 59 790826241
P 72 59 858590466
P 73 59 875302146
P 74 59 875302146
P 75 59 892013826
P 76 59 892013826
P 77 59 892013826
P 78 59 908791298
P 79 59 908725762
P 80 59 993201666
P 81 59 993201666
P 82 59 1009978882
P 83 59 1009913346
P 84 59 1026690562
P 85 59 1026625026
P 86 59 1043402242
P 87 59 1043402242
P 88 59 1127812866
P 89 59 1127812866
P 90 59 1144524546
P 91 59 1144459010
P 92 59 1161236226
P 93 59 1161170690
P 94 59 1177947906
P 95 59 1177947907
P 96 59 1262292739
P 97 59 1279070211
P 98 59 1279004675
P 99 59 1295781891
P 100 59 1295716355
P 101 59 1312493571
P 102 59 1312428035
P 103 59 1329205251
P 104 59 1413550083
P 105 59 1430261763
P 106 59 1430262019
P 107 59 1446973699
P 108 59 1463685379
P 109 59 1463685379
P 110 59 1480397059
P 111 59 1480397059
P 112 59 1581453572
P 113 59 1581388036
P 114 59 1598165252
P 115 59 1614876932
P 116 59 1614811652
P 117 59 1631523332
P 118 59 1631523332
P 119 59 1648235012
P 120 59 1749291524
P 121 59 1749225988
P 122 59 1766003204
P 123 59 1782714884
P 124 59 1782649348
P 125 59 1799361284
P 126 59 1799361284
P 127 59 1816072964
P 128 59 1917063941
P 129 59 1933775621
P 130 59 1950552837
P 131 59 1950421765
P 132 59 1967198981
P 133 59 1983910661
P 134 59 1983845381
P 135 59 2000557061
P 136 59 2101548037
P 137 59 2118259717
P 138 59 2134971397
P 139 59 2134905861
P 140 59 2151617542
P 141 59 2168329222
P 142 59 2168329222
P 143 59 2185040902
P 144 59 2302743814
P 145 59 2319455494
P 146 59 2319389958
P 147 59 2336036102
P 148 59 2352813318
P 149 59 2352747782
P 150 59 2369459462
P 151 59 2386171142
P 152 59 2503808263
P 153 59 2520520199
P 154 59 2520520199
P 155 59 2537166343
P 156 59 2553878023
P 157 59 2553812487
P 158 59 2570524167
P 159 59 2587235847
P 160 59 2704872967
P 161 59 2721584647
P 162 59 2738296583
P 163 59 2754942727
P 164 59 2754877191
P 165 59 2771588871
P 166 59 2788300551
P 167 59 2805012231
P 40 60 436603904
P 41 60 453381120
P 42 60 453381120
P 43 60 453381120
P 44 60 470158336
P 45 60 470158336
P 46 60 470158336
P 47 60 470158336
P 48 60 537988096
P 49 60 537988096
P 50 60 554765312
P 51 60 554765312
P 52 60 554765312
P 53 60 554765313
P 54 60 571542529
P 55 60 571542529
P 56 60 639306753
P 57 60 639306497
P 58 60 656083713
P 59 60 656083713
P 60 60 656083713
P 61 60 672860929
P 62 60 672861185
P 63 60 672795649
P 64 60 740625409
P 65 60 757337089
P 66 60 757337089
P 67 60 774114305
P 68 60 774114305
P 69 60 774048769
P 70 60 790826241
P 71 60 790826241
P 72 60 858590466
P 73 60 875302146
P 74 60 875302146
P 75 60 892079362
P 76 60 892013826
P 77 60 892013826
P 78 60 908791042
P 79 60 908725762
P 80 60 993201666
P 81 60 993201666
P 82 60 1009978882
P 83 60 1009913346
P 84 60 1026690562
P 85 60 1026625026
P 86 60 1043402242
P 87 60 1043402242
P 88 60 1127812866
P 89 60 1127812866
P 90 60 1144524546
P 91 60 1144524546
P 92 60 1161236227
P 93 60 1161170691
P 94 60 1177947907
P 95 60 1177947907
P 96 60 1262292739
P 97 60 1279069955
P 98 60 1279004675
P 99 60 1295781891
P 100 60 1295716355
P 101 60 1312493571
P 102 60 1312428035
P 103 60 1329205251
P 104 60 1413550083
P 105 60 1430261763
P 106 60 1430261763
P 107 60 1446973699
P 108 60 1463685379
P 109 60 1463685379
P 110 60 1480397059
P 111 60 1480397059
P 112 60 1581453572
P 113 60 1581388036
P 114 60 1598165252
P 115 60 1614876932
P 116 60 1614811652
P 117 60 1631523332
P 118 60 1631523332
P 119 60 1648235012
P 120 60 1749291524
P 121 60 1749225988
P 122 60 1766003204
P 123 60 1782714884
P 124 60 1782649348
P 125 60 1799361028
P 126 60 1799361284
P 127 60 1816072965
P 128 60 1917063941
P 129 60 1933775621
P 130 60 1950552837
P 131 60 1950487301
P 132 60 1967198981
P 133 60 1983910661
P 134 60 1983845125
P 135 60 2000557061
P 136 60 2101548037
P 137 60 2118259717
P 138 60 2134971398
P 139 60 2134971398
P 140 60 2151617542
P 141 60 2168329222
P 142 60 2168329222
P 143 60 2185040902
P 144 60 2302743814
P 145 60 2319455494
P 146 60 2319389958
P 147 60 2336101638
P 148 60 2352813318
P 149 60 2352747782
P 150 60 2369459462
P 151 60 2386171142
P 152 60 2503808263
P 153 60 2520519943
P 154 60 2520520199
P 155 60 2537231879
P 156 60 2553878023
P 157 60 2553812487
P 158 60 2570524167
P 159 60 2587235847
P 160 60 2704872967
P 161 60 2721584647
P 162 60 2738296327
P 163 60 2755008263
P 164 60 2754877191
P 165 60 2771588871
P 166 60 2788300551
P 167 60 2805012232
P 40 61 436603904
P 41 61 453381120
P 42 61 453381120
P 43 61 453381120
P 44 61 470158336
P 45 61 470158336
P 46 61 470158336
P 47 61 470158336
P 48 61 537988096
P 49 61 537988096
P 50 61 554765312
P 51 61 554765312
P 52 61 554765312
P 53 61 554765313
P 54 61 571542529
P 55 61 571476993
P 56 61 639306753
P 57 61 639306753
P 58 61 656083713
P 59 61 656083713
P 60 61 656083713
P 61 61 672860929
P 62 61 672860929
P 63 61 672795649
P 64 61 740625409
P 65 61 757337089
P 66 61 757337089
P 67 61 774114305
P 68 61 774114305
P 69 61 774048769
P 70 61 790825985
P 71 61 790826241
P 72 61 858590466
P 73 61 875302146
P 74 61 875302146
P 75 61 892079362
P 76 61 892013826
P 77 61 892013826
P 78 61 908791042
P 79 61 908725506
P 80 61 993201666
P 81 61 993201666
P 82 61 1009978882
P 83 61 1009913346
P 84 61 1026690562
P 85 61 1026625026
P 86 61 1043402242
P 87 61 1043402242
P 88 61 1127812610
P 89 61 1127812866
P 90 61 1144524547
P 91 61 1144524547
P 92 61 1161236227
P 93 61 1161170691
P 94 61 1177947907
P 95 61 1177947907
P 96 61 1262292739
P 97 61 1279069955
P 98 61 1279004419
P 99 61 1295781891
P 100 61 1295781891
P 101 61 1312493571
P 102 61 1312428035
P 103 61 1329205251
P 104 61 1413550083
P 105 61 1430261763
P 106 61 1430261763
P 107 61 1446973443
P 108 61 1463750915
P 109 61 1463685379
P 110 61 1480397059
P 111 61 1480397060
P 112 61 1581453572
P 113 61 1581388036
P 114 61 1598165252
P 115 61 1614876932
P 116 61 1614876932
P 117 61 1631523332
P 118 61 1631523332
P 119 61 1648235012
P 120 61 1749291524
P 121 61 1749225988
P 122 61 1766003204
P 123 61 1782714884
P 124 61 1782714884
P 125 61 1799361029
P 126 61 1799361029
P 127 61 1816072965
P 128 61 1917063941
P 129 61 1933775621
P 130 61 1950552837
P 131 61 1950487301
P 132 61 1967198981
P 133 61 1983910661
P 134 61 1983845125
P 135 61 2000556805
P 136 61 2101548038
P 137 61 2118259718
P 138 61 2134971398
P 139 61 2134971398
P 140 61 2151683078
P 141 61 2168329222
P 142 61 2168329222
P 143 61 2185040902
P 144 61 2302743558
P 145 61 2319455494
P 146 61 2319389958
P 147 61 2336101638
P 148 61 2352813318
P 149 61 2352747782
P 150 61 2369459462
P 151 61 2386171142
P 152 61 2503808263
P 153 61 2520519943
P 154 61 2520519943
P 155 61 2537231879
P 156 61 2553943559
P 157 61 2553812487
P 158 61 2570524167
P 159 61 2587235847
P 160 61 2704872967
P 161 61 2721584647
P 162 61 2738296327
P 163 61 2755008007
P 164 61 2754942727
P 165 61 2771588872
P 166 61 2788300552
P 167 61 2805012232
P 40 62 436603904
P 41 62 453381120
P 42 62 453381120
P 43 62 453381120
P 44 62 470158336
P 45 62 470158336
P 46 62 470158336
P 47 62 470158336
P 48 62 537988096
P 49 62 537988096
P 50 62 554765312
P 51 62 554765312
P 52 62 554765312
P 53 62 554765313
P 54 62 571476993
P 55 62 571476993
P 56 62 639306753
P 57 62 639306753
P 58 62 656083969
P 59 62 656083969
P 60 62 656083713
P 61 62 672860929
P 62 62 672860929
P 63 62 672795649
P 64 62 740625409
P 65 62 757337089
P 66 62 757337089
P 67 62 774114305
P 68 62 774114305
P 69 62 774114305
P 70 62 790825985
P 71 62 790826241
P 72 62 858590466
P 73 62 875302146
P 74 62 875302146
P 75 62 892079362
P 76 62 892013826
P 77 62 892013826
P 78 62 908791042
P 79 62 908725506
P 80 62 993201410
P 81 62 993201666
P 82 62 1009978882
P 83 62 1009913346
P 84 62 1026690562
P 85 62 1026690562
P 86 62 1043402242
P 87 62 1043402242
P 88 62 1127812611
P 89 62 1127812611
P 90 62 1144524547
P 91 62 1144524547
P 92 62 1161236227
P 93 62 1161236227
P 94 62 1177947907
P 95 62 1177947907
P 96 62 1262292739
P 97 62 1279069955
P 98 62 1279004419
P 99 62 1295781891
P 100 62 1295781891
P 101 62 1312493571
P 102 62 1312428035
P 103 62 1329205251
P 104 62 1413550083
P 105 62 1430261763
P 106 62 1430261763
P 107 62 1446973443
P 108 62 1463750659
P 109 62 1463685380
P 110 62 1480397060
P 111 62 1480397060
P 112 62 1581453572
P 113 62 1581388036
P 114 62 1598165252
P 115 62 1614876932
P 116 62 1614876932
P 117 62 1631588612
P 118 62 1631523332
P 119 62 1648235012
P 120 62 1749291524
P 121 62 1749225988
P 122 62 1766003205
P 123 62 1782714885
P 124 62 1782714885
P 125 62 1799426565
P 126 62 1799361029
P 127 62 1816072965
P 128 62 1917063941
P 129 62 1933775621
P 130 62 1950552837
P 131 62 1950487301
P 132 62 1967198981
P 133 62 1983976197
P 134 62 1983845125
P 135 62 2000556805
P 136 62 2101547782
P 137 62 2118259718
P 138 62 2134971398
P 139 62 2134971398
P 140 62 2151683078
P 141 62 2168394758
P 142 62 2168329222
P 143 62 2185040902
P 144 62 2302743558
P 145 62 2319455238
P 146 62 2319389958
P 147 62 2336101638
P 148 62 2352813318
P 149 62 2352813318
P 150 62 2369459462
P 151 62 2386171142
P 152 62 2503808263
P 153 62 2520519943
P 154 62 2520519943
P 155 62 2537231879
P 156 62 2553943559
P 157 62 2553878023
P 158 62 2570524167
P 159 62 2587235847
P 160 62 2704872967
P 161 62 2721584647
P 162 62 2738296328
P 163 62 2755008008
P 164 62 2754942472
P 165 62 2771654408
P 166 62 2788300552
P 167 62 2805012232
P 40 63 436603904
P 41 63 453381120
P 42 63 453381120
P 43 63 453381120
P 44 63 470158336
P 45 63 470158336
P 46 63 470158336
P 47 63 470158336
P 48 63 537988096
P 49 63 537988096
P 50 63 554765312
P 51 63 554765312
P 52 63 554765312
P 53 63 554765313
P 54 63 571476993
P 55 63 571476993
P 56 63 639306753
P 57 63 639306753
P 58 63 656083969
P 59 63 656083969
P 60 63 656083969
P 61 63 672860929
P 62 63 672860929
P 63 63 672795393
P 64 63 740625409
P 65 63 757337089
P 66 63 757337089
P 67 63 774114305
P 68 63 774114305
P 69 63 774114305
P 70 63 790825985
P 71 63 790825985
P 72 63 858590466
P 73 63 875302146
P 74 63 875302146
P 75 63 892079362
P 76 63 892013826
P 77 63 892013826
P 78 63 908791042
P 79 63 908725506
P 80 63 993201410
P 81 63 993201410
P 82 63 1009978882
P 83 63 1009913346
P 84 63 1026690562
P 85 63 1026690562
P 86 63 1043402242
P 87 63 1043402242
P 88 63 1127812611
P 89 63 1127812611
P 90 63 1144524291
P 91 63 1144524547
P 92 63 1161236227
P 93 63 1161236227
P 94 63 1177947907
P 95 63 1177947907
P 96 63 1262292739
P 97 63 1279069955
P 98 63 1279004419
P 99 63 1295781635
P 100 63 1295781891
P 101 63 1312493571
P 102 63 1312493571
P 103 63 1329205251
P 104 63 1413550083
P 105 63 1430261763
P 106 63 1430261763
P 107 63 1446973444
P 108 63 1463750660
P 109 63 1463685124
P 110 63 1480462596
P 111 63 1480397060
P 112 63 1581453572
P 113 63 1581388036
P 114 63 1598165252
P 115 63 1614876932
P 116 63 1614876932
P 117 63 1631588612
P 118 63 1631523076
P 119 63 1648235012
P 120 63 1749291525
P 121 63 1749225989
P 122 63 1766003205
P 123 63 1782714885
P 124 63 1782714885
P 125 63 1799426565
P 126 63 1799361029
P 127 63 1816072709
P 128 63 1917063941
P 129 63 1933775621
P 130 63 1950552837
P 131 63 1950487301
P 132 63 1967198981
P 133 63 1983976197
P 134 63 1983910661
P 135 63 2000556805
P 136 63 2101547782
P 137 63 2118259462
P 138 63 2134971398
P 139 63 2134971398
P 140 63 2151683078
P 141 63 2168394758
P 142 63 2168329222
P 143 63 2185040902
P 144 63 2302743558
P 145 63 2319455238
P 146 63 2319389702
P 147 63 2336101638
P 148 63 2352813318
P 149 63 2352813318
P 150 63 2369524998
P 151 63 2386171142
P 152 63 2503808263
P 153 63 2520519943
P 154 63 2520519943
P 155 63 2537231623
P 156 63 2553943559
P 157 63 2553878023
P 158 63 2570589703
P 159 63 2587235847
P 160 63 2704872968
P 161 63 2721584648
P 162 63 2738296328
P 163 63 2755008008
P 164 63 2754942472
P 165 63 2771654152
P 166 63 2788366088
P 167 63 2805012232
P 40 64 470159872
P 41 64 470159872
P 42 64 470159872
P 43 64 470159872
P 44 64 486937088
P 45 64 486937088
P 46 64 486937088
P 47 64 503714304
P 48 64 554766849
P 49 64 554766849
P 50 64 571544065
P 51 64 571543809
P 52 64 571543809
P 53 64 588255489
P 54 64 588255489
P 55 64 588255489
P 56 64 656085249
P 57 64 672862465
P 58 64 672862465
P 59 64 672862465
P 60 64 689639681
P 61 64 689639681
P 62 64 689639681
P 63 64 706351361
P 64 64 774181122
P 65 64 774115586
P 66 64 790892802
P 67 64 790892802
P 68 64 790892802
P 69 64 807670274
P 70 64 807604738
P 71 64 824381954
P 72 64 892146178
P 73 64 892080642
P 74 64 908857858
P 75 64 908857858
P 76 64 925569794
P 77 64 925569794
P 78 64 925569794
P 79 64 942347010
P 80 64 1026757378
P 81 64 1026757378
P 82 64 1026757634
P 83 64 1043469315
P 84 64 1043469315
P 85 64 1060246531
P 86 64 1060180995
P 87 64 1076958211
P 88 64 1161368579
P 89 64 1161368835
P 90 64 1178080515
P 91 64 1178080515
P 92 64 1194792195
P 93 64 1194792195
P 94 64 1194726659
P 95 64 1211503875
P 96 64 1295848963
P 97 64 1312626179
P 98 64 1312560643
P 99 64 1329337859
P 100 64 1329337859
P 101 64 1346049539
P 102 64 1346049795
P 103 64 1362761475
P 104 64 1447106308
P 105 64 1463817988
P 106 64 1463817988
P 107 64 1480529668
P 108 64 1480529924
P 109 64 1497241604
P 110 64 1514018820
P 111 64 1513953284
P 112 64 1615009796
P 113 64 1614944260
P 114 64 1631721732
P 115 64 1648433412
P 116 64 1648433412
P 117 64 1665145092
P 118 64 1665079557
P 119 64 1681856773
P 120 64 1782847749
P 121 64 1799559685
P 122 64 1799559685
P 123 64 1816271365
P 124 64 1816271365
P 125 64 1832983045
P 126 64 1849694725
P 127 64 1849694725
P 128 64 1967397638
P 129 64 1967332102
P 130 64 1984109318
P 131 64 1984043782
P 132 64 2000755462
P 133 64 2017532678
P 134 64 2017467398
P 135 64 2034179078
P 136 64 2151881734
P 137 64 2151816198
P 138 64 2168527878
P 139 64 2185305094
P 140 64 2185239558
P 141 64 2201951494
P 142 64 2218663174
P 143 64 2218663174
P 144 64 2336300295
P 145 64 2353011975
P 146 64 2369723911
P 147 64 2369658375
P 148 64 2386370055
P 149 64 2403147271
P 150 64 2403081735
P 151 64 2419793415
P 152 64 2537364999
P 153 64 2554076935
P 154 64 2570854151
P 155 64 2587565831
P 156 64 2587500295
P 157 64 2604211975
P 158 64 2620923656
P 159 64 2620858120
P 160 64 2755207176
P 161 64 2771918856
P 162 64 2771853320
P 163 64 2788565000
P 164 64 2805276680
P 165 64 2821988360
P 166 64 2821923080
P 167 64 2838634760
P 40 65 470159872
P 41 65 470159872
P 42 65 470159872
P 43 65 470159872
P 44 65 486937088
P 45 65 486937088
P 46 65 486937088
P 47 65 503714304
P 48 65 554766849
P 49 65 554766849
P 50 65 571544065
P 51 65 571544065
P 52 65 571543809
P 53 65 588255489
P 54 65 588255489
P 55 65 588255489
P 56 65 656085249
P 57 65 672862465
P 58 65 672862465
P 59 65 672862465
P 60 65 689639681
P 61 65 689639681
P 62 65 689574145
P 63 65 706351361
P 64 65 774181122
P 65 65 774115586
P 66 65 790892802
P 67 65 790892802
P 68 65 790892802
P 69 65 807670018
P 70 65 807604738
P 71 65 824381954
P 72 65 892146178
P 73 65 892080642
P 74 65 908857858
P 75 65 908857858
P 76 65 925569538
P 77 65 925569794
P 78 65 925569794
P 79 65 942347010
P 80 65 1026822914
P 81 65 1026757379
P 82 65 1026757379
P 83 65 1043469315
P 84 65 1043469315
P 85 65 1060246531
P 86 65 1060180995
P 87 65 1076958211
P 88 65 1161368579
P 89 65 1161368579
P 90 65 1178080515
P 91 65 1178080515
P 92 65 1194792195
P 93 65 1194792195
P 94 65 1194726659
P 95 65 1211503875
P 96 65 1295914243
P 97 65 1312626179
P 98 65 1312560643
P 99 65 1329337859
P 100 65 1329337859
P 101 65 1346049539
P 102 65 1346049540
P 103 65 1362761476
P 104 65 1447106308
P 105 65 1463817988
P 106 65 1463817988
P 107 65 1480529668
P 108 65 1480529668
P 109 65 1497241604
P 110 65 1514018820
P 111 65 1513953284
P 112 65 1615075332
P 113 65 1614944260
P 114 65 1631721476
P 115 65 1648433413
P 116 65 1648433413
P 117 65 1665145093
P 118 65 1665079557
P 119 65 1681856773
P 120 65 1782913285
P 121 65 1799559429
P 122 65 1799559685
P 123 65 1816271365
P 124 65 1816271365
P 125 65 1832983045
P 126 65 1849694725
P 127 65 1849694725
P 128 65 1967462918
P 129 65 1967332102
P 130 65 1984109318
P 131 65 1984043782
P 132 65 2000755462
P 133 65 2017532678
P 134 65 2017467142
P 135 65 2034179078
P 136 65 2151947270
P 137 65 2151816198
P 138 65 2168527878
P 139 65 2185305094
P 140 65 2185239558
P 141 65 2201951238
P 142 65 2218663174
P 143 65 2218663174
P 144 65 2336365831
P 145 65 2353011975
P 146 65 2369723655
P 147 65 2369658375
P 148 65 2386370055
P 149 65 2403147271
P 150 65 2403081735
P 151 65 2419793415
P 152 65 2537430535
P 153 65 2554076679
P 154 65 2570854151
P 155 65 2587565832
P 156 65 2587500296
P 157 65 2604211976
P 158 65 2620923656
P 159 65 2620858120
P 160 65 2755272456
P 161 65 2771918856
P 162 65 2771853320
P 163 65 2788565000
P 164 65 2805276680
P 165 65 2821988360
P 166 65 2821922824
P 167 65 2838634760
P 40 66 470159872
P 41 66 470159872
P 42 66 470159872
P 43 66 470159872
P 44 66 486937088
P 45 66 486937088
P 46 66 486937088
P 47 66 503714304
P 48 66 554766849
P 49 66 554766849
P 50 66 571544065
P 51 66 571544065
P 52 66 571478529
P 53 66 588255745
P 54 66 588255489
P 55 66 588255489
P 56 66 656085249
P 57 66 672862465
P 58 66 672862465
P 59 66 672862465
P 60 66 689639681
P 61 66 689639681
P 62 66 689574145
P 63 66 706351361
P 64 66 774181122
P 65 66 774115586
P 66 66 790892802
P 67 66 790892802
P 68 66 790892802
P 69 66 807670018
P 70 66 807604482
P 71 66 824381954
P 72 66 892146178
P 73 66 892146178
P 74 66 908857858
P 75 66 908857858
P 76 66 925569538
P 77 66 925569794
P 78 66 925569794
P 79 66 942347010
P 80 66 1026822915
P 81 66 1026757379
P 82 66 1026757379
P 83 66 1043469059
P 84 66 1043469315
P 85 66 1060246531
P 86 66 1060180995
P 87 66 1076958211
P 88 66 1161368579
P 89 66 1161368579
P 90 66 1178080259
P 91 66 1178080515
P 92 66 1194792195
P 93 66 1194792195
P 94 66 1194726659
P 95 66 1211503875
P 96 66 1295914243
P 97 66 1312626179
P 98 66 1312560643
P 99 66 1329337859
P 100 66 1329337860
P 101 66 1346049540
P 102 66 1346049540
P 103 66 1362761220
P 104 66 1447106308
P 105 66 1463883524
P 106 66 1463817988
P 107 66 1480529668
P 108 66 1480529668
P 109 66 1497241604
P 110 66 1514018820
P 111 66 1513953284
P 112 66 1615075332
P 113 66 1615009797
P 114 66 1631721477
P 115 66 1648433157
P 116 66 1648433413
P 117 66 1665145093
P 118 66 1665079557
P 119 66 1681856773
P 120 66 1782913285
P 121 66 1799624965
P 122 66 1799559429
P 123 66 1816271365
P 124 66 1816271365
P 125 66 1832983045
P 126 66 1849694725
P 127 66 1849694725
P 128 66 1967462918
P 129 66 1967397638
P 130 66 1984109318
P 131 66 1984043782
P 132 66 2000755462
P 133 66 2017532678
P 134 66 2017467142
P 135 66 2034178822
P 136 66 2151947270
P 137 66 2151881734
P 138 66 2168527878
P 139 66 2185305094
P 140 66 2185239558
P 141 66 2201951238
P 142 66 2218662918
P 143 66 2218663174
P 144 66 2336365831
P 145 66 2353077511
P 146 66 2369723655
P 147 66 2369658119
P 148 66 2386370055
P 149 66 2403147271
P 150 66 2403081735
P 151 66 2419793415
P 152 66 2537430535
P 153 66 2554142216
P 154 66 2570853896
P 155 66 2587565832
P 156 66 2587500296
P 157 66 2604211976
P 158 66 2620923656
P 159 66 2620858120
P 160 66 2755272456
P 161 66 2771984392
P 162 66 2771853320
P 163 66 2788565000
P 164 66 2805276680
P 165 66 2821988360
P 166 66 2821922824
P 167 66 2838634504
P 40 67 470159872
P 41 67 470159872
P 42 67 470159872
P 43 67 470159872
P 44 67 486937088
P 45 67 486937088
P 46 67 486937088
P 47 67 503714304
P 48 67 554766849
P 49 67 554766849
P 50 67 571544065
P 51 67 571478529
P 52 67 571478529
P 53 67 588255745
P 54 67 588255745
P 55 67 588255489
P 56 67 656085249
P 57 67 672862465
P 58 67 672862465
P 59 67 672862465
P 60 67 689639681
P 61 67 689574145
P 62 67 689574145
P 63 67 706351361
P 64 67 774115586
P 65 67 774115586
P 66 67 790892802
P 67 67 790892802
P 68 67 790892802
P 69 67 807670018
P 70 67 807604482
P 71 67 824381698
P 72 67 892146178
P 73 67 892146178
P 74 67 908857858
P 75 67 908857858
P 76 67 925569538
P 77 67 925569538
P 78 67 925569794
P 79 67 942347010
P 80 67 1026822915
P 81 67 1026757379
P 82 67 1026757379
P 83 67 1043469059
P 84 67 1043469059
P 85 67 1060246531
P 86 67 1060180995
P 87 67 1076958211
P 88 67 1161368579
P 89 67 1161368579
P 90 67 1178145795
P 91 67 1178080259
P 92 67 1194792195
P 93 67 1194792195
P 94 67 1194726659
P 95 67 1211503875
P 96 67 1295914243
P 97 67 1312625924
P 98 67 1312626180
P 99 67 1329337860
P 100 67 1329337860
P 101 67 1346049540
P 102 67 1346049540
P 103 67 1362761220
P 104 67 1447106052
P 105 67 1463883524
P 106 67 1463817988
P 107 67 1480529668
P 108 67 1480529668
P 109 67 1497241348
P 110 67 1514018820
P 111 67 1513953284
P 112 67 1615075333
P 113 67 1615009797
P 114 67 1631721477
P 115 67 1648433157
P 116 67 1648433157
P 117 67 1665145093
P 118 67 1665079557
P 119 67 1681856773
P 120 67 1782913285
P 121 67 1799624965
P 122 67 1799559429
P 123 67 1816271109
P 124 67 1816271365
P 125 67 1832983045
P 126 67 1849694725
P 127 67 1849694725
P 128 67 1967462918
P 129 67 1967397382
P 130 67 1984109318
P 131 67 1984043782
P 132 67 2000755462
P 133 67 2017532678
P 134 67 2017467142
P 135 67 2034178822
P 136 67 2151947014
P 137 67 2151881734
P 138 67 2168593414
P 139 67 2185305094
P 140 67 2185239558
P 141 67 2201951238
P 142 67 2218662918
P 143 67 2218662918
P 144 67 2336365831
P 145 67 2353077511
P 146 67 2369789191
P 147 67 2369658119
P 148 67 2386369799
P 149 67 2403147271
P 150 67 2403081735
P 151 67 2419793415
P 152 67 2537430536
P 153 67 2554142216
P 154 67 2570853896
P 155 67 2587565576
P 156 67 2587500296
P 157 67 2604211976
P 158 67 2620923656
P 159 67 2620858120
P 160 67 2755272456
P 161 67 2771984136
P 162 67 2771918856
P 163 67 2788565000
P 164 67 2805276680
P 165 67 2821988360
P 166 67 2821922824
P 167 67 2838634504
P 40 68 470159872
P 41 68 470159872
P 42 68 470159872
P 43 68 470159872
P 44 68 486937088
P 45 68 486937088
P 46 68 486937088
P 47 68 503714304
P 48 68 554766849
P 49 68 554766849
P 50 68 571544065
P 51 68 571478529
P 52 68 571478529
P 53 68 588255745
P 54 68 588255745
P 55 68 588255745
P 56 68 656085505
P 57 68 672862465
P 58 68 672862465
P 59 68 672862465
P 60 68 689574145
P 61 68 689574145
P 62 68 689574145
P 63 68 706351361
P 64 68 774115586
P 65 68 774115586
P 66 68 790892802
P 67 68 790892802
P 68 68 790892802
P 69 68 807670018
P 70 68 807604482
P 71 68 824381698
P 72 68 892146178
P 73 68 892146178
P 74 68 908857858
P 75 68 908857858
P 76 68 925569538
P 77 68 925569538
P 78 68 925569538
P 79 68 942347010
P 80 68 1026822915
P 81 68 1026757379
P 82 68 1026757379
P 83 68 1043534595
P 84 68 1043469059
P 85 68 1060246275
P 86 68 1060180995
P 87 68 1076958211
P 88 68 1161368579
P 89 68 1161368579
P 90 68 1178145795
P 91 68 1178080259
P 92 68 1194792195
P 93 68 1194792195
P 94 68 1194726659
P 95 68 1211503875
P 96 68 1295914244
P 97 68 1312625924
P 98 68 1312625924
P 99 68 1329337860
P 100 68 1329337860
P 101 68 1346049540
P 102 68 1346049540
P 103 68 1362761220
P 104 68 1447106052
P 105 68 1463883268
P 106 68 1463817988
P 107 68 1480595204
P 108 68 1480529668
P 109 68 1497241348
P 110 68 1514018564
P 111 68 1513953284
P 112 68 1615075333
P 113 68 1615009797
P 114 68 1631721477
P 115 68 1648498693
P 116 68 1648433157
P 117 68 1665144837
P 118 68 1665079557
P 119 68 1681856773
P 120 68 1782913285
P 121 68 1799624965
P 122 68 1799559429
P 123 68 1816336645
P 124 68 1816271365
P 125 68 1832983045
P 126 68 1849694725
P 127 68 1849694725
P 128 68 1967462918
P 129 68 1967397382
P 130 68 1984109062
P 131 68 1984109318
P 132 68 2000755462
P 133 68 2017532678
P 134 68 2017467142
P 135 68 2034178822
P 136 68 2151947014
P 137 68 2151881478
P 138 68 2168593414
P 139 68 2185305094
P 140 68 2185239558
P 141 68 2201951238
P 142 68 2218662918
P 143 68 2218662919
P 144 68 2336365831
P 145 68 2353077511
P 146 68 2369789191
P 147 68 2369723655
P 148 68 2386369799
P 149 68 2403147015
P 150 68 2403081735
P 151 68 2419793415
P 152 68 2537430536
P 153 68 2554142216
P 154 68 2570853896
P 155 68 2587631112
P 156 68 2587500296
P 157 68 2604211976
P 158 68 2620923656
P 159 68 2620858120
P 160 68 2755272456
P 161 68 2771984136
P 162 68 2771918600
P 163 68 2788630536
P 164 68 2805276680
P 165 68 2821988360
P 166 68 2821922824
P 167 68 2838634504
P 40 69 470159872
P 41 69 470159872
P 42 69 470159872
P 43 69 470159872
P 44 69 486937088
P 45 69 486937088
P 46 69 486937088
P 47 69 503714304
P 48 69 554766849
P 49 69 554766849
P 50 69 571478529
P 51 69 571478529
P 52 69 571478529
P 53 69 588255745
P 54 69 588255745
P 55 69 588255745
P 56 69 656085505
P 57 69 672862721
P 58 69 672862465
P 59 69 672862465
P 60 69 689574145
P 61 69 689574145
P 62 69 689574145
P 63 69 706351361
P 64 69 774115586
P 65 69 774115586
P 66 69 790892802
P 67 69 790892802
P 68 69 790892802
P 69 69 807670018
P 70 69 807604482
P 71 69 824381698
P 72 69 892145922
P 73 69 892146178
P 74 69 908857858
P 75 69 908857858
P 76 69 925635074
P 77 69 925569538
P 78 69 925569538
P 79 69 942346754
P 80 69 1026822915
P 81 69 1026757379
P 82 69 1026757379
P 83 69 1043534595
P 84 69 1043469059
P 85 69 1060246275
P 86 69 1060180739
P 87 69 1076958211
P 88 69 1161368579
P 89 69 1161368579
P 90 69 1178145795
P 91 69 1178080259
P 92 69 1194857475
P 93 69 1194792195
P 94 69 1194726659
P 95 69 1211503875
P 96 69 1295914244
P 97 69 1312625924
P 98 69 1312625924
P 99 69 1329337604
P 100 69 1329337860
P 101 69 1346049540
P 102 69 1346049540
P 103 69 1362761220
P 104 69 1447106052
P 105 69 1463883268
P 106 69 1463817732
P 107 69 1480595204
P 108 69 1480529668
P 109 69 1497241348
P 110 69 1514018564
P 111 69 1513953028
P 112 69 1615075333
P 113 69 1615009797
P 114 69 1631721477
P 115 69 1648498693
P 116 69 1648433157
P 117 69 1665144837
P 118 69 1665079301
P 119 69 1681856773
P 120 69 1782913285
P 121 69 1799624965
P 122 69 1799559429
P 123 69 1816336645
P 124 69 1816271109
P 125 69 1832983045
P 126 69 1849694725
P 127 69 1849694725
P 128 69 1967462918
P 129 69 1967397382
P 130 69 1984109062
P 131 69 1984109062
P 132 69 2000820998
P 133 69 2017532678
P 134 69 2017467142
P 135 69 2034178822
P 136 69 2151947014
P 137 69 2151881478
P 138 69 2168593158
P 139 69 2185305094
P 140 69 2185305094
P 141 69 2201951239
P 142 69 2218662919
P 143 69 2218662919
P 144 69 2336365575
P 145 69 2353077511
P 146 69 2369789191
P 147 69 2369723655
P 148 69 2386435335
P 149 69 2403147015
P 150 69 2403081479
P 151 69 2419793415
P 152 69 2537430536
P 153 69 2554142216
P 154 69 2570853896
P 155 69 2587631112
P 156 69 2587565576
P 157 69 2604211976
P 158 69 2620923656
P 159 69 2620858120
P 160 69 2755272456
P 161 69 2771984136
P 162 69 2771918600
P 163 69 2788630280
P 164 69 2805342216
P 165 69 2821988360
P 166 69 2821922824
P 167 69 2838634505
P 40 70 470159872
P 41 70 470159872
P 42 70 470159872
P 43 70 470159872
P 44 70 486937088
P 45 70 486937088
P 46 70 486937088
P 47 70 503714304
P 48 70 554766849
P 49 70 554766849
P 50 70 571478529
P 51 70 571478529
P 52 70 571478529
P 53 70 588255745
P 54 70 588255745
P 55 70 588255745
P 56 70 656085505
P 57 70 672862721
P 58 70 672862721
P 59 70 672797185
P 60 70 689574145
P 61 70 689574145
P 62 70 689574145
P 63 70 706351361
P 64 70 774115586
P 65 70 774115586
P 66 70 790892802
P 67 70 790892802
P 68 70 790892802
P 69 70 807670018
P 70 70 807604482
P 71 70 824381698
P 72 70 892145922
P 73 70 892145922
P 74 70 908857858
P 75 70 908857858
P 76 70 925635074
P 77 70 925569538
P 78 70 925569538
P 79 70 942346754
P 80 70 1026822659
P 81 70 1026757379
P 82 70 1026757379
P 83 70 1043534595
P 84 70 1043469059
P 85 70 1060246275
P 86 70 1060180739
P 87 70 1076958211
P 88 70 1161368579
P 89 70 1161368579
P 90 70 1178145795
P 91 70 1178080259
P 92 70 1194857475
P 93 70 1194791939
P 94 70 1194726659
P 95 70 1211503875
P 96 70 1295914244
P 97 70 1312625924
P 98 70 1312625924
P 99 70 1329337604
P 100 70 1329337604
P 101 70 1346115076
P 102 70 1346049540
P 103 70 1362761220
P 104 70 1447106052
P 105 70 1463883268
P 106 70 1463817732
P 107 70 1480595204
P 108 70 1480529668
P 109 70 1497306884
P 110 70 1514018564
P 111 70 1513953028
P 112 70 1615075077
P 113 70 1615009797
P 114 70 1631721477
P 115 70 1648498693
P 116 70 1648433157
P 117 70 1665210373
P 118 70 1665079301
P 119 70 1681856773
P 120 70 1782913285
P 121 70 1799624965
P 122 70 1799559429
P 123 70 1816336645
P 124 70 1816271109
P 125 70 1833048325
P 126 70 1849694725
P 127 70 1849694725
P 128 70 1967462918
P 129 70 1967397382
P 130 70 1984109062
P 131 70 1984109062
P 132 70 2000820742
P 133 70 2017532678
P 134 70 2017467142
P 135 70 2034178822
P 136 70 2151947014
P 137 70 2151881478
P 138 70 2168593159
P 139 70 2185305095
P 140 70 2185305095
P 141 70 2202016775
P 142 70 2218662919
P 143 70 2218662919
P 144 70 2336365575
P 145 70 2353077255
P 146 70 2369789191
P 147 70 2369723655
P 148 70 2386435335
P 149 70 2403147015
P 150 70 2403081479
P 151 70 2419793415
P 152 70 2537430536
P 153 70 2554142216
P 154 70 2570853896
P 155 70 2587631112
P 156 70 2587565576
P 157 70 2604277256
P 158 70 2620923656
P 159 70 2620858120
P 160 70 2755272456
P 161 70 2771984136
P 162 70 2771918600
P 163 70 2788630280
P 164 70 2805341960
P 165 70 2822053897
P 166 70 2821922825
P 167 70 2838634505
P 40 71 470160128
P 41 71 470159872
P 42 71 470159872
P 43 71 470159872
P 44 71 486937088
P 45 71 486937088
P 46 71 486937088
P 47 71 503714304
P 48 71 554766849
P 49 71 554701313
P 50 71 571478529
P 51 71 571478529
P 52 71 571478529
P 53 71 588255745
P 54 71 588255745
P 55 71 588255745
P 56 71 656085505
P 57 71 672862721
P 58 71 672862721
P 59 71 672797185
P 60 71 689574401
P 61 71 689574145
P 62 71 689574145
P 63 71 706351361
P 64 71 774115586
P 65 71 774115586
P 66 71 790892802
P 67 71 790892802
P 68 71 790892802
P 69 71 807670018
P 70 71 807604482
P 71 71 824381698
P 72 71 892145922
P 73 71 892145922
P 74 71 908857602
P 75 71 908857858
P 76 71 925635074
P 77 71 925569538
P 78 71 925569538
P 79 71 942346754
P 80 71 1026822659
P 81 71 1026757123
P 82 71 1026757379
P 83 71 1043534595
P 84 71 1043469059
P 85 71 1060246275
P 86 71 1060246275
P 87 71 1076957955
P 88 71 1161368579
P 89 71 1161368579
P 90 71 1178145795
P 91 71 1178080259
P 92 71 1194857475
P 93 71 1194791939
P 94 71 1194791939
P 95 71 1211503875
P 96 71 1295914244
P 97 71 1312625924
P 98 71 1312625924
P 99 71 1329337604
P 100 71 1329337604
P 101 71 1346114820
P 102 71 1346049540
P 103 71 1362761220
P 104 71 1447106052
P 105 71 1463883268
P 106 71 1463817732
P 107 71 1480594948
P 108 71 1480529668
P 109 71 1497306884
P 110 71 1514018564
P 111 71 1513953028
P 112 71 1615075077
P 113 71 1615009541
P 114 71 1631721477
P 115 71 1648498693
P 116 71 1648433157
P 117 71 1665210373
P 118 71 1665144837
P 119 71 1681856517
P 120 71 1782913285
P 121 71 1799624965
P 122 71 1799559429
P 123 71 1816336645
P 124 71 1816271109
P 125 71 1833048325
P 126 71 1849760005
P 127 71 1849694725
P 128 71 1967462918
P 129 71 1967397382
P 130 71 1984109062
P 131 71 1984109062
P 132 71 2000820742
P 133 71 2017532422
P 134 71 2017532678
P 135 71 2034178822
P 136 71 2151947015
P 137 71 2151881479
P 138 71 2168593159
P 139 71 2185304839
P 140 71 2185305095
P 141 71 2202016775
P 142 71 2218728455
P 143 71 2218662919
P 144 71 2336365575
P 145 71 2353077255
P 146 71 2369788935
P 147 71 2369723655
P 148 71 2386435335
P 149 71 2403147015
P 150 71 2403147015
P 151 71 2419793159
P 152 71 2537430536
P 153 71 2554142216
P 154 71 2570853896
P 155 71 2587631112
P 156 71 2587565576
P 157 71 2604277256
P 158 71 2620988936
P 159 71 2620858120
P 160 71 2755272456
P 161 71 2771984136
P 162 71 2771918600
P 163 71 2788630281
P 164 71 2805341961
P 165 71 2822053641
P 166 71 2821988361
P 167 71 2838634505
P 40 72 486938624
P 41 72 486938624
P 42 72 486938624
P 43 72 503715840
P 44 72 503715840
P 45 72 503715841
P 46 72 503715841
P 47 72 520493057
P 48 72 571480065
P 49 72 588257281
P 50 72 588257281
P 51 72 588257025
P 52 72 605034241
P 53 72 605034241
P 54 72 605034241
P 55 72 621811457
P 56 72 689641217
P 57 72 689641217
P 58 72 689575681
P 59 72 706352897
P 60 72 706352897
P 61 72 706352898
P 62 72 723130114
P 63 72 723130114
P 64 72 790894338
P 65 72 807671554
P 66 72 807671554
P 67 72 807671298
P 68 72 824448514
P 69 72 824382978
P 70 72 841160194
P 71 72 841160194
P 72 72 908924419
P 73 72 925701635
P 74 72 925636355
P 75 72 942413571
P 76 72 942413571
P 77 72 959125251
P 78 72 959125251
P 79 72 959125251
P 80 72 1043601411
P 81 72 1060313091
P 82 72 1060313091
P 83 72 1060313091
P 84 72 1077025027
P 85 72 1077025027
P 86 72 1093802243
P 87 72 1093736707
P 88 72 1178147076
P 89 72 1194924548
P 90 72 1194924548
P 91 72 1211636228
P 92 72 1211636228
P 93 72 1228347908
P 94 72 1228348164
P 95 72 1245059844
P 96 72 1329470212
P 97 72 1346181892
P 98 72 1346182148
P 99 72 1362893828
P 100 72 1362893828
P 101 72 1379671044
P 102 72 1379605508
P 103 72 1396382724
P 104 72 1480662277
P 105 72 1497439493
P 106 72 1497373957
P 107 72 1514151173
P 108 72 1514085637
P 109 72 1530863109
P 110 72 1530797573
P 111 72 1547574789
P 112 72 1648631301
P 113 72 1648565765
P 114 72 1665277701
P 115 72 1682054917
P 116 72 1681989381
P 117 72 1698766597
P 118 72 1698701317
P 119 72 1715412997
P 120 72 1816469510
P 121 72 1833181190
P 122 72 1833115654
P 123 72 1849892870
P 124 72 1866604806
P 125 72 1866604806
P 126 72 1883316486
P 127 72 1883250950
P 128 72 2001019142
P 129 72 2000953862
P 130 72 2017665542
P 131 72 2034442758
P 132 72 2034377222
P 133 72 2051089158
P 134 72 2067866375
P 135 72 2067800839
P 136 72 2185503495
P 137 72 2202215175
P 138 72 2202149895
P 139 72 2218861575
P 140 72 2235638791
P 141 72 2235573255
P 142 72 2252284935
P 143 72 2268996615
P 144 72 2386699528
P 145 72 2386633992
P 146 72 2403345672
P 147 72 2420057352
P 148 72 2419992072
P 149 72 2436703752
P 150 72 2453480968
P 151 72 2470192648
P 152 72 2587764232
P 153 72 2604476168
P 154 72 2604410632
P 155 72 2621187848
P 156 72 2637899528
P 157 72 2637833992
P 158 72 2654545928
P 159 72 2671257608
P 160 72 2788829193
P 161 72 2805540873
P 162 72 2822252553
P 163 72 2838964233
P 164 72 2855676169
P 165 72 2855610633
P 166 72 2872322313
P 167 72 2889033993
P 40 73 486938624
P 41 73 486938624
P 42 73 486938624
P 43 73 503715840
P 44 73 503715840
P 45 73 503715840
P 46 73 503715841
P 47 73 520493057
P 48 73 571480065
P 49 73 588257281
P 50 73 588257281
P 51 73 588257281
P 52 73 605034241
P 53 73 605034241
P 54 73 605034241
P 55 73 621811457
P 56 73 689641217
P 57 73 689575681
P 58 73 689575681
P 59 73 706352897
P 60 73 706352897
P 61 73 706352897
P 62 73 723130114
P 63 73 723130114
P 64 73 790894338
P 65 73 807671554
P 66 73 807671554
P 67 73 807671554
P 68 73 824448514
P 69 73 824382978
P 70 73 841160194
P 71 73 841160194
P 72 73 908924419
P 73 73 925701635
P 74 73 925636099
P 75 73 942413571
P 76 73 942413571
P 77 73 959125251
P 78 73 959125251
P 79 73 959125251
P 80 73 1043601155
P 81 73 1060313091
P 82 73 1060313091
P 83 73 1060313091
P 84 73 1077024771
P 85 73 1077025027
P 86 73 1093802243
P 87 73 1093736707
P 88 73 1178212612
P 89 73 1194924292
P 90 73 1194924548
P 91 73 1211636228
P 92 73 1211636228
P 93 73 1228347908
P 94 73 1228347908
P 95 73 1245059844
P 96 73 1329470212
P 97 73 1346181892
P 98 73 1346181892
P 99 73 1362893828
P 100 73 1362893828
P 101 73 1379671044
P 102 73 1379605508
P 103 73 1396382724
P 104 73 1480727557
P 105 73 1497439493
P 106 73 1497373957
P 107 73 1514151173
P 108 73 1514085637
P 109 73 1530862853
P 110 73 1530797573
P 111 73 1547574789
P 112 73 1648631301
P 113 73 1648565765
P 114 73 1665277445
P 115 73 1682054917
P 116 73 1681989381
P 117 73 1698766597
P 118 73 1698701061
P 119 73 1715412997
P 120 73 1816469510
P 121 73 1833181190
P 122 73 1833115654
P 123 73 1849892870
P 124 73 1866604550
P 125 73 1866604806
P 126 73 1883316486
P 127 73 1883250950
P 128 73 2001084678
P 129 73 2000953606
P 130 73 2017665542
P 131 73 2034442759
P 132 73 2034377223
P 133 73 2051088903
P 134 73 2067866375
P 135 73 2067800839
P 136 73 2185569031
P 137 73 2202215175
P 138 73 2202149639
P 139 73 2218861575
P 140 73 2235638791
P 141 73 2235573255
P 142 73 2252284935
P 143 73 2268996615
P 144 73 2386699272
P 145 73 2386633992
P 146 73 2403345672
P 147 73 2420057352
P 148 73 2419991816
P 149 73 2436703752
P 150 73 2453480968
P 151 73 2470192648
P 152 73 2587829768
P 153 73 2604475912
P 154 73 2604410632
P 155 73 2621187848
P 156 73 2637899528
P 157 73 2637833992
P 158 73 2654545673
P 159 73 2671257609
P 160 73 2788894729
P 161 73 2805540873
P 162 73 2822252553
P 163 73 2838964233
P 164 73 2855675913
P 165 73 2855610633
P 166 73 2872322313
P 167 73 2889033993
P 40 74 486938880
P 41 74 486938880
P 42 74 486938624
P 43 74 503715840
P 44 74 503715840
P 45 74 503715840
P 46 74 503715841
P 47 74 520493057
P 48 74 571480065
P 49 74 588257281
P 50 74 588257281
P 51 74 588257281
P 52 74 605034497
P 53 74 605034497
P 54 74 605034241
P 55 74 621811457
P 56 74 689641217
P 57 74 689575681
P 58 74 689575681
P 59 74 706352897
P 60 74 706352897
P 61 74 706352897
P 62 74 723130114
P 63 74 723130114
P 64 74 790894338
P 65 74 807671554
P 66 74 807671554
P 67 74 807671554
P 68 74 824383234
P 69 74 824383234
P 70 74 841160194
P 71 74 841160194
P 72 74 908924419
P 73 74 925701635
P 74 74 925636099
P 75 74 942413315
P 76 74 942413571
P 77 74 959125251
P 78 74 959125251
P 79 74 959125251
P 80 74 1043601155
P 81 74 1060378627
P 82 74 1060313091
P 83 74 1060313091
P 84 74 1077024771
P 85 74 1077025027
P 86 74 1093802243
P 87 74 1093736707
P 88 74 1178212612
P 89 74 1194924292
P 90 74 1194924292
P 91 74 1211636228
P 92 74 1211636228
P 93 74 1228347908
P 94 74 1228347908
P 95 74 1245059588
P 96 74 1329470212
P 97 74 1346247428
P 98 74 1346181892
P 99 74 1362893572
P 100 74 1362893828
P 101 74 1379671044
P 102 74 1379605508
P 103 74 1396382724
P 104 74 1480727557
P 105 74 1497439493
P 106 74 1497373957
P 107 74 1514151173
P 108 74 1514085637
P 109 74 1530862853
P 110 74 1530797317
P 111 74 1547574789
P 112 74 1648631301
P 113 74 1648631301
P 114 74 1665277445
P 115 74 1682054661
P 116 74 1681989381
P 117 74 1698766597
P 118 74 1698701061
P 119 74 1715412741
P 120 74 1816469510
P 121 74 1833246726
P 122 74 1833115654
P 123 74 1849892870
P 124 74 1866604550
P 125 74 1866604806
P 126 74 1883316486
P 127 74 1883250950
P 128 74 2001084678
P 129 74 2001019143
P 130 74 2017665287
P 131 74 2034442759
P 132 74 2034377223
P 133 74 2051088903
P 134 74 2067866119
P 135 74 2067800839
P 136 74 2185569031
P 137 74 2202280711
P 138 74 2202149639
P 139 74 2218861319
P 140 74 2235638791
P 141 74 2235573255
P 142 74 2252284935
P 143 74 2268996615
P 144 74 2386699272
P 145 74 2386699528
P 146 74 2403345672
P 147 74 2420057352
P 148 74 2419991816
P 149 74 2436703752
P 150 74 2453480968
P 151 74 2470192648
P 152 74 2587829768
P 153 74 2604541448
P 154 74 2604410376
P 155 74 2621187848
P 156 74 2637899529
P 157 74 2637833993
P 158 74 2654545673
P 159 74 2671257353
P 160 74 2788894729
P 161 74 2805606409
P 162 74 2822252553
P 163 74 2838964233
P 164 74 2855675913
P 165 74 2855610633
P 166 74 2872322313
P 167 74 2889033993
P 40 75 486938880
P 41 75 486938880
P 42 75 486938880
P 43 75 503715840
P 44 75 503715840
P 45 75 503715840
P 46 75 503715841
P 47 75 520493057
P 48 75 571480065
P 49 75 588257281
P 50 75 588257281
P 51 75 588257281
P 52 75 605034497
P 53 75 605034497
P 54 75 605034497
P 55 75 621811457
P 56 75 689575681
P 57 75 689575681
P 58 75 689575681
P 59 75 706352897
P 60 75 706352897
P 61 75 706352897
P 62 75 723130114
P 63 75 723130114
P 64 75 790894338
P 65 75 807671554
P 66 75 807671554
P 67 75 807606018
P 68 75 824383234
P 69 75 824383234
P 70 75 841160450
P 71 75 841160194
P 72 75 908924419
P 73 75 925701635
P 74 75 925636099
P 75 75 942413315
P 76 75 942413315
P 77 75 959125251
P 78 75 959125251
P 79 75 959125251
P 80 75 1043601155
P 81 75 1060378371
P 82 75 1060313091
P 83 75 1060313091
P 84 75 1077024771
P 85 75 1077024771
P 86 75 1093802243
P 87 75 1093736707
P 88 75 1178212612
P 89 75 1194924292
P 90 75 1194924292
P 91 75 1211635972
P 92 75 1211636228
P 93 75 1228347908
P 94 75 1228347908
P 95 75 1245059588
P 96 75 1329469956
P 97 75 1346247428
P 98 75 1346181892
P 99 75 1362893572
P 100 75 1362893572
P 101 75 1379671044
P 102 75 1379605508
P 103 75 1396382724
P 104 75 1480727557
P 105 75 1497439237
P 106 75 1497439493
P 107 75 1514151173
P 108 75 1514085637
P 109 75 1530862853
P 110 75 1530797317
P 111 75 1547574533
P 112 75 1648631301
P 113 75 1648631301
P 114 75 1665342981
P 115 75 1682054661
P 116 75 1681989125
P 117 75 1698766597
P 118 75 1698701061
P 119 75 1715412741
P 120 75 1816469254
P 121 75 1833246726
P 122 75 1833181190
P 123 75 1849892870
P 124 75 1866604550
P 125 75 1866604550
P 126 75 1883316486
P 127 75 1883250950
P 128 75 2001084679
P 129 75 2001019143
P 130 75 2017730823
P 131 75 2034442503
P 132 75 2034377223
P 133 75 2051088903
P 134 75 2067866119
P 135 75 2067800583
P 136 75 2185569031
P 137 75 2202280711
P 138 75 2202215175
P 139 75 2218861319
P 140 75 2235638535
P 141 75 2235573255
P 142 75 2252284935
P 143 75 2268996615
P 144 75 2386699272
P 145 75 2386699272
P 146 75 2403411208
P 147 75 2420057352
P 148 75 2419991816
P 149 75 2436703496
P 150 75 2453480968
P 151 75 2470192648
P 152 75 2587829768
P 153 75 2604541449
P 154 75 2604475913
P 155 75 2621187593
P 156 75 2637899529
P 157 75 2637833993
P 158 75 2654545673
P 159 75 2671257353
P 160 75 2788894473
P 161 75 2805606409
P 162 75 2822318089
P 163 75 2838964233
P 164 75 2855675913
P 165 75 2855610377
P 166 75 2872322313
P 167 75 2889033993
P 40 76 486938880
P 41 76 486938880
P 42 76 486938880
P 43 76 503716096
P 44 76 503716096
P 45 76 503715840
P 46 76 503715841
P 47 76 520493057
P 48 76 571480065
P 49 76 588257281
P 50 76 588257281
P 51 76 588257281
P 52 76 605034497
P 53 76 605034497
P 54 76 605034497
P 55 76 621811713
P 56 76 689575937
P 57 76 689575681
P 58 76 689575681
P 59 76 706352897
P 60 76 706352897
P 61 76 706352897
P 62 76 723130114
P 63 76 723130114
P 64 76 790894338
P 65 76 807671554
P 66 76 807671554
P 67 76 807606018
P 68 76 824383234
P 69 76 824383234
P 70 76 841160450
P 71 76 841160450
P 72 76 908924675
P 73 76 925636099
P 74 76 925636099
P 75 76 942413315
P 76 76 942413315
P 77 76 959124995
P 78 76 959125251
P 79 76 959125251
P 80 76 1043601155
P 81 76 1060378371
P 82 76 1060312835
P 83 76 1060313091
P 84 76 1077024771
P 85 76 1077024771
P 86 76 1093801987
P 87 76 1093736707
P 88 76 1178212612
P 89 76 1194924292
P 90 76 1194924292
P 91 76 1211701508
P 92 76 1211636228
P 93 76 1228347908
P 94 76 1228347908
P 95 76 1245059588
P 96 76 1329469956
P 97 76 1346247172
P 98 76 1346181892
P 99 76 1362959108
P 100 76 1362893572
P 101 76 1379670788
P 102 76 1379605508
P 103 76 1396382724
P 104 76 1480727557
P 105 76 1497439237
P 106 76 1497439237
P 107 76 1514151173
P 108 76 1514085637
P 109 76 1530862853
P 110 76 1530797317
P 111 76 1547574533
P 112 76 1648631301
P 113 76 1648631301
P 114 76 1665342981
P 115 76 1682054661
P 116 76 1681989125
P 117 76 1698766341
P 118 76 1698701061
P 119 76 1715412742
P 120 76 1816469254
P 121 76 1833246470
P 122 76 1833181190
P 123 76 1849892870
P 124 76 1866604550
P 125 76 1866604550
P 126 76 1883316230
P 127 76 1883250950
P 128 76 2001084679
P 129 76 2001019143
P 130 76 2017730823
P 131 76 2034442503
P 132 76 2034377223
P 133 76 2051088903
P 134 76 2067866119
P 135 76 2067800583
P 136 76 2185569031
P 137 76 2202280711
P 138 76 2202215175
P 139 76 2218926855
P 140 76 2235638535
P 141 76 2235572999
P 142 76 2252284935
P 143 76 2268996615
P 144 76 2386699272
P 145 76 2386699272
P 146 76 2403410952
P 147 76 2420122888
P 148 76 2419991816
P 149 76 2436703496
P 150 76 2453480712
P 151 76 2470192648
P 152 76 2587829769
P 153 76 2604541449
P 154 76 2604475913
P 155 76 2621187593
P 156 76 2637899529
P 157 76 2637833993
P 158 76 2654545673
P 159 76 2671257353
P 160 76 2788894473
P 161 76 2805606153
P 162 76 2822318089
P 163 76 2839029769
P 164 76 2855675913
P 165 76 2855610377
P 166 76 2872322057
P 167 76 2889033994
P 40 77 486938880
P 41 77 486938880
P 42 77 486938880
P 43 77 503716096
P 44 77 503716096
P 45 77 503716096
P 46 77 503715841
P 47 77 520493057
P 48 77 571480065
P 49 77 588257281
P 50 77 588257281
P 51 77 588257281
P 52 77 605034497
P 53 77 605034497
P 54 77 605034497
P 55 77 621811713
P 56 77 689575937
P 57 77 689575937
P 58 77 689575681
P 59 77 706352897
P 60 77 706352897
P 61 77 706352897
P 62 77 723130114
P 63 77 723130114
P 64 77 790894338
P 65 77 807671554
P 66 77 807606018
P 67 77 807606018
P 68 77 824383234
P 69 77 824383234
P 70 77 841160450
P 71 77 841160450
P 72 77 908924675
P 73 77 925636355
P 74 77 925636099
P 75 77 942413315
P 76 77 942413315
P 77 77 959124995
P 78 77 959124995
P 79 77 959125251
P 80 77 1043601155
P 81 77 1060378371
P 82 77 1060312835
P 83 77 1060312835
P 84 77 1077090307
P 85 77 1077024771
P 86 77 1093801987
P 87 77 1093736451
P 88 77 1178212612
P 89 77 1194924292
P 90 77 1194924292
P 91 77 1211701508
P 92 77 1211635972
P 93 77 1228347908
P 94 77 1228347908
P 95 77 1245059588
P 96 77 1329469956
P 97 77 1346247172
P 98 77 1346181636
P 99 77 1362959108
P 100 77 1362893572
P 101 77 1379670788
P 102 77 1379605252
P 103 77 1396382724
P 104 77 1480727557
P 105 77 1497439237
P 106 77 1497439237
P 107 77 1514150917
P 108 77 1514151173
P 109 77 1530862853
P 110 77 1530797317
P 111 77 1547574533
P 112 77 1648631045
P 113 77 1648631301
P 114 77 1665342981
P 115 77 1682054661
P 116 77 1682054661
P 117 77 1698766342
P 118 77 1698700806
P 119 77 1715412742
P 120 77 1816469254
P 121 77 1833246470
P 122 77 1833180934
P 123 77 1849892870
P 124 77 1866670086
P 125 77 1866604550
P 126 77 1883316230
P 127 77 1883250694
P 128 77 2001084679
P 129 77 2001019143
P 130 77 2017730823
P 131 77 2034442503
P 132 77 2034442503
P 133 77 2051088903
P 134 77 2067866119
P 135 77 2067800583
P 136 77 2185568775
P 137 77 2202280711
P 138 77 2202215175
P 139 77 2218926855
P 140 77 2235638535
P 141 77 2235572999
P 142 77 2252284679
P 143 77 2268996615
P 144 77 2386699272
P 145 77 2386699272
P 146 77 2403410952
P 147 77 2420122632
P 148 77 2420057352
P 149 77 2436703496
P 150 77 2453480712
P 151 77 2470192392
P 152 77 2587829769
P 153 77 2604541449
P 154 77 2604475913
P 155 77 2621187593
P 156 77 2637964809
P 157 77 2637833993
P 158 77 2654545673
P 159 77 2671257353
P 160 77 2788894473
P 161 77 2805606153
P 162 77 2822317833
P 163 77 2839029769
P 164 77 2855741449
P 165 77 2855610378
P 166 77 2872322058
P 167 77 2889033738
P 40 78 486938880
P 41 78 486938880
P 42 78 486938880
P 43 78 503716096
P 44 78 503716096
P 45 78 503716096
P 46 78 503716097
P 47 78 520493313
P 48 78 571480065
P 49 78 588257281
P 50 78 588257281
P 51 78 588257281
P 52 78 605034497
P 53 78 605034497
P 54 78 605034497
P 55 78 621811713
P 56 78 689575937
P 57 78 689575937
P 58 78 689575937
P 59 78 706353153
P 60 78 706352897
P 61 78 706352897
P 62 78 723130114
P 63 78 723130114
P 64 78 790894338
P 65 78 807671554
P 66 78 807606018
P 67 78 807606018
P 68 78 824383234
P 69 78 824383234
P 70 78 841160450
P 71 78 841160450
P 72 78 908859139
P 73 78 925636355
P 74 78 925636355
P 75 78 942413571
P 76 78 942413315
P 77 78 959124995
P 78 78 959124995
P 79 78 959125251
P 80 78 1043601155
P 81 78 1060378371
P 82 78 1060312835
P 83 78 1060312835
P 84 78 1077090051
P 85 78 1077024771
P 86 78 1093801987
P 87 78 1093736451
P 88 78 1178212356
P 89 78 1194924292
P 90 78 1194924292
P 91 78 1211701508
P 92 78 1211635972
P 93 78 1228413188
P 94 78 1228347908
P 95 78 1245059588
P 96 78 1329469956
P 97 78 1346247172
P 98 78 1346181636
P 99 78 1362959108
P 100 78 1362893572
P 101 78 1379670788
P 102 78 1379605252
P 103 78 1396382724
P 104 78 1480727557
P 105 78 1497439237
P 106 78 1497439237
P 107 78 1514150917
P 108 78 1514150917
P 109 78 1530862853
P 110 78 1530797317
P 111 78 1547574533
P 112 78 1648631045
P 113 78 1648631045
P 114 78 1665342982
P 115 78 1682054662
P 116 78 1682054662
P 117 78 1698766342
P 118 78 1698700806
P 119 78 1715412742
P 120 78 1816469254
P 121 78 1833246470
P 122 78 1833180934
P 123 78 1849892870
P 124 78 1866670086
P 125 78 1866604550
P 126 78 1883316230
P 127 78 1883250694
P 128 78 2001084423
P 129 78 2001019143
P 130 78 2017730823
P 131 78 2034442503
P 132 78 2034442503
P 133 78 2051154183
P 134 78 2067866119
P 135 78 2067800583
P 136 78 2185568775
P 137 78 2202280455
P 138 78 2202215175
P 139 78 2218926855
P 140 78 2235638535
P 141 78 2235638535
P 142 78 2252284679
P 143 78 2268996615
P 144 78 2386699272
P 145 78 2386699272
P 146 78 2403410952
P 147 78 2420122632
P 148 78 2420057096
P 149 78 2436769032
P 150 78 2453480712
P 151 78 2470192392
P 152 78 2587829513
P 153 78 2604541449
P 154 78 2604475913
P 155 78 2621187593
P 156 78 2637964809
P 157 78 2637899273
P 158 78 2654545673
P 159 78 2671257353
P 160 78 2788894473
P 161 78 2805606153
P 162 78 2822317834
P 163 78 2839029770
P 164 78 2855741450
P 165 78 2855675914
P 166 78 2872322058
P 167 78 2889033738
P 40 79 486938880
P 41 79 486938880
P 42 79 486938880
P 43 79 503716096
P 44 79 503716096
P 45 79 503716096
P 46 79 503716097
P 47 79 520493313
P 48 79 571480321
P 49 79 588257281
P 50 79 588257281
P 51 79 588257281
P 52 79 605034497
P 53 79 605034497
P 54 79 605034497
P 55 79 621811713
P 56 79 689575937
P 57 79 689575937
P 58 79 689575937
P 59 79 706353153
P 60 79 706353153
P 61 79 706352897
P 62 79 723130114
P 63 79 723064578
P 64 79 790894338
P 65 79 807606018
P 66 79 807606018
P 67 79 807606018
P 68 79 824383234
P 69 79 824383234
P 70 79 841160450
P 71 79 841094914
P 72 79 908859139
P 73 79 925636355
P 74 79 925636355
P 75 79 942413571
P 76 79 942348035
P 77 79 959124995
P 78 79 959124995
P 79 79 959124995
P 80 79 1043601155
P 81 79 1060378371
P 82 79 1060312835
P 83 79 1060312835
P 84 79 1077090051
P 85 79 1077024515
P 86 79 1093801987
P 87 79 1093736451
P 88 79 1178212356
P 89 79 1194924036
P 90 79 1194924292
P 91 79 1211701508
P 92 79 1211635972
P 93 79 1228413188
P 94 79 1228347652
P 95 79 1245059588
P 96 79 1329469956
P 97 79 1346247172
P 98 79 1346181636
P 99 79 1362958852
P 100 79 1362893572
P 101 79 1379670788
P 102 79 1379670788
P 103 79 1396382468
P 104 79 1480727557
P 105 79 1497439237
P 106 79 1497439237
P 107 79 1514150917
P 108 79 1514150917
P 109 79 1530862597
P 110 79 1530862853
P 111 79 1547574533
P 112 79 1648631046
P 113 79 1648631046
P 114 79 1665342726
P 115 79 1682054662
P 116 79 1682054662
P 117 79 1698766342
P 118 79 1698766342
P 119 79 1715412486
P 120 79 1816469254
P 121 79 1833246470
P 122 79 1833180934
P 123 79 1849892614
P 124 79 1866670086
P 125 79 1866604550
P 126 79 1883381766
P 127 79 1883250694
P 128 79 2001084423
P 129 79 2001018887
P 130 79 2017730823
P 131 79 2034442503
P 132 79 2034442503
P 133 79 2051154183
P 134 79 2067865863
P 135 79 2067800583
P 136 79 2185568775
P 137 79 2202280455
P 138 79 2202214919
P 139 79 2218926855
P 140 79 2235638535
P 141 79 2235638536
P 142 79 2252350216
P 143 79 2268996360
P 144 79 2386699272
P 145 79 2386699272
P 146 79 2403410952
P 147 79 2420122632
P 148 79 2420057096
P 149 79 2436768776
P 150 79 2453480712
P 151 79 2470192392
P 152 79 2587829513
P 153 79 2604541193
P 154 79 2604475913
P 155 79 2621187593
P 156 79 2637964809
P 157 79 2637899273
P 158 79 2654610953
P 159 79 2671257353
P 160 79 2788894474
P 161 79 2805606154
P 162 79 2822317834
P 163 79 2839029514
P 164 79 2855741450
P 165 79 2855675914
P 166 79 2872387594
P 167 79 2889033738
P 40 80 503717633
P 41 80 503717633
P 42 80 503717633
P 43 80 520494849
P 44 80 520494849
P 45 80 520494849
P 46 80 537272065
P 47 80 537271809
P 48 80 605036033
P 49 80 605036033
P 50 80 605036033
P 51 80 621813249
P 52 80 621813249
P 53 80 621813249
P 54 80 638590465
P 55 80 638590465
P 56 80 706354690
P 57 80 706354690
P 58 80 723131906
P 59 80 723131650
P 60 80 723131650
P 61 80 739908866
P 62 80 739908866
P 63 80 756620546
P 64 80 824384770
P 65 80 824384770
P 66 80 824384770
P 67 80 841161986
P 68 80 841161986
P 69 80 857939202
P 70 80 857939202
P 71 80 874650627
P 72 80 942414851
P 73 80 942414851
P 74 80 959192067
P 75 80 959192067
P 76 80 975903747
P 77 80 975903747
P 78 80 992680963
P 79 80 992680963
P 80 80 1077156868
P 81 80 1077156868
P 82 80 1093868548
P 83 80 1093868548
P 84 80 1110646020
P 85 80 1110580484
P 86 80 1127357700
P 87 80 1127357700
P 88 80 1211768324
P 89 80 1228480004
P 90 80 1228480004
P 91 80 1245257220
P 92 80 1245191940
P 93 80 1261969156
P 94 80 1261903620
P 95 80 1278680836
P 96 80 1363025925
P 97 80 1363025925
P 98 80 1379737605
P 99 80 1379737605
P 100 80 1396449541
P 101 80 1396449541
P 102 80 1413226757
P 103 80 1429938437
P 104 80 1514283525
P 105 80 1530995205
P 106 80 1530995205
P 107 80 1547706885
P 108 80 1547707141
P 109 80 1564418821
P 110 80 1564418822
P 111 80 1581130502
P 112 80 1682187270
P 113 80 1682187270
P 114 80 1698898950
P 115 80 1715610630
P 116 80 1715610886
P 117 80 1732322566
P 118 80 1732322566
P 119 80 1749034246
P 120 80 1850025479
P 121 80 1866802695
P 122 80 1866737159
P 123 80 1883448839
P 124 80 1900226311
P 125 80 1900160775
P 126 80 1916937991
P 127 80 1933649671
P 128 80 2034640903
P 129 80 2051352583
P 130 80 2051287047
P 131 80 2067998727
P 132 80 2084776199
P 133 80 2084710663
P 134 80 2101422343
P 135 80 2118199559
P 136 80 2219125256
P 137 80 2235836936
P 138 80 2252548616
P 139 80 2252483080
P 140 80 2269195016
P 141 80 2285972232
P 142 80 2285906696
P 143 80 2302618376
P 144 80 2420255753
P 145 80 2437032969
P 146 80 2436967433
P 147 80 2453679113
P 148 80 2470391049
P 149 80 2487102729
P 150 80 2487037193
P 151 80 2503814409
P 152 80 2621386249
P 153 80 2638097929
P 154 80 2654809609
P 155 80 2671521289
P 156 80 2671521545
P 157 80 2688233225
P 158 80 2704944906
P 159 80 2721656586
P 160 80 2839228426
P 161 80 2855940106
P 162 80 2872651786
P 163 80 2872586250
P 164 80 2889298186
P 165 80 2906009866
P 166 80 2922721546
P 167 80 2939433226
P 40 81 503717633
P 41 81 503717633
P 42 81 503717633
P 43 81 520494849
P 44 81 520494849
P 45 81 520494849
P 46 81 537272065
P 47 81 537272065
P 48 81 605036033
P 49 81 605036033
P 50 81 605036033
P 51 81 621813249
P 52 81 621813249
P 53 81 621813249
P 54 81 638590465
P 55 81 638590465
P 56 81 706354690
P 57 81 706354690
P 58 81 723131906
P 59 81 723131906
P 60 81 723131650
P 61 81 739908866
P 62 81 739843330
P 63 81 756620546
P 64 81 824384770
P 65 81 824384770
P 66 81 824384770
P 67 81 841161986
P 68 81 841161986
P 69 81 857939202
P 70 81 857873666
P 71 81 874650883
P 72 81 942414851
P 73 81 942414851
P 74 81 959192067
P 75 81 959126531
P 76 81 975903747
P 77 81 975903747
P 78 81 992680963
P 79 81 992680963
P 80 81 1077156868
P 81 81 1077156868
P 82 81 1093868548
P 83 81 1093868548
P 84 81 1110645764
P 85 81 1110580484
P 86 81 1127357700
P 87 81 1127357700
P 88 81 1211768068
P 89 81 1228480004
P 90 81 1228480004
P 91 81 1245257220
P 92 81 1245191684
P 93 81 1261969156
P 94 81 1261903620
P 95 81 1278680836
P 96 81 1363091205
P 97 81 1363025925
P 98 81 1379737605
P 99 81 1379737605
P 100 81 1396449285
P 101 81 1396449541
P 102 81 1413226757
P 103 81 1429938437
P 104 81 1514283269
P 105 81 1530995205
P 106 81 1530995205
P 107 81 1547706886
P 108 81 1547706886
P 109 81 1564418822
P 110 81 1564418822
P 111 81 1581130502
P 112 81 1682252550
P 113 81 1682187270
P 114 81 1698898950
P 115 81 1715610630
P 116 81 1715610630
P 117 81 1732322566
P 118 81 1732322566
P 119 81 1749034246
P 120 81 1850090759
P 121 81 1866802695
P 122 81 1866737159
P 123 81 1883448839
P 124 81 1900226055
P 125 81 1900160775
P 126 81 1916937991
P 127 81 1933649671
P 128 81 2034640647
P 129 81 2051352583
P 130 81 2051287047
P 131 81 2067998727
P 132 81 2084775943
P 133 81 2084710663
P 134 81 2101422343
P 135 81 2118199559
P 136 81 2219125000
P 137 81 2235836936
P 138 81 2252548616
P 139 81 2252483080
P 140 81 2269194760
P 141 81 2285972232
P 142 81 2285906696
P 143 81 2302618376
P 144 81 2420321033
P 145 81 2437032969
P 146 81 2436967433
P 147 81 2453679113
P 148 81 2470390793
P 149 81 2487102729
P 150 81 2487037193
P 151 81 2503814409
P 152 81 2621451529
P 153 81 2638097929
P 154 81 2654809609
P 155 81 2671521290
P 156 81 2671521290
P 157 81 2688233226
P 158 81 2704944906
P 159 81 2721656586
P 160 81 2839293706
P 161 81 2855940106
P 162 81 2872651786
P 163 81 2872586250
P 164 81 2889297930
P 165 81 2906009866
P 166 81 2922721546
P 167 81 2939433226
P 40 82 503717633
P 41 82 503717633
P 42 82 503717633
P 43 82 520494849
P 44 82 520494849
P 45 82 520494849
P 46 82 537272065
P 47 82 537272065
P 48 82 605036289
P 49 82 605036289
P 50 82 605036033
P 51 82 621813249
P 52 82 621813249
P 53 82 621813249
P 54 82 638590465
P 55 82 638590465
P 56 82 706354690
P 57 82 706354690
P 58 82 723131906
P 59 82 723131906
P 60 82 723131906
P 61 82 739909122
P 62 82 739843330
P 63 82 756620546
P 64 82 824384770
P 65 82 824384770
P 66 82 824384770
P 67 82 841161986
P 68 82 841161986
P 69 82 857939202
P 70 82 857873666
P 71 82 874650883
P 72 82 942415107
P 73 82 942415107
P 74 82 959126531
P 75 82 959126531
P 76 82 975903747
P 77 82 975903747
P 78 82 992680963
P 79 82 992680963
P 80 82 1077156868
P 81 82 1077156868
P 82 82 1093868548
P 83 82 1093868548
P 84 82 1110645764
P 85 82 1110580484
P 86 82 1127357700
P 87 82 1127357700
P 88 82 1211768068
P 89 82 1228545540
P 90 82 1228480004
P 91 82 1245257220
P 92 82 1245191684
P 93 82 1261969156
P 94 82 1261903620
P 95 82 1278680836
P 96 82 1363091205
P 97 82 1363025925
P 98 82 1379737605
P 99 82 1379737605
P 100 82 1396449285
P 101 82 1396449541
P 102 82 1413226757
P 103 82 1429938437
P 104 82 1514283269
P 105 82 1531060742
P 106 82 1530995206
P 107 82 1547706886
P 108 82 1547706886
P 109 82 1564418822
P 110 82 1564418822
P 111 82 1581130502
P 112 82 1682252550
P 113 82 1682187270
P 114 82 1698898950
P 115 82 1715610630
P 116 82 1715610630
P 117 82 1732322566
P 118 82 1732322566
P 119 82 1749034246
P 120 82 1850090759
P 121 82 1866802695
P 122 82 1866737159
P 123 82 1883448839
P 124 82 1900226055
P 125 82 1900160775
P 126 82 1916937991
P 127 82 1933649671
P 128 82 2034640647
P 129 82 2051418119
P 130 82 2051287047
P 131 82 2067998727
P 132 82 2084775943
P 133 82 2084710663
P 134 82 2101422344
P 135 82 2118199560
P 136 82 2219125000
P 137 82 2235902472
P 138 82 2252548616
P 139 82 2252483080
P 140 82 2269194760
P 141 82 2285972232
P 142 82 2285906696
P 143 82 2302618376
P 144 82 2420321033
P 145 82 2437032969
P 146 82 2436967433
P 147 82 2453679113
P 148 82 2470390793
P 149 82 2487102729
P 150 82 2487037193
P 151 82 2503814409
P 152 82 2621451529
P 153 82 2638163466
P 154 82 2654809610
P 155 82 2671521290
P 156 82 2671521290
P 157 82 2688233226
P 158 82 2704944906
P 159 82 2721656586
P 160 82 2839293706
P 161 82 2856005642
P 162 82 2872651786
P 163 82 2872586250
P 164 82 2889297930
P 165 82 2906009866
P 166 82 2922721546
P 167 82 2939433226
P 40 83 503717633
P 41 83 503717633
P 42 83 503717633
P 43 83 520494849
P 44 83 520494849
P 45 83 520494849
P 46 83 537272065
P 47 83 537272065
P 48 83 605036289
P 49 83 605036289
P 50 83 605036289
P 51 83 621813249
P 52 83 621813249
P 53 83 621813249
P 54 83 638590465
P 55 83 638590465
P 56 83 706354690
P 57 83 706354690
P 58 83 723131906
P 59 83 723131906
P 60 83 723131906
P 61 83 739843586
P 62 83 739843586
P 63 83 756620546
P 64 83 824384770
P 65 83 824384770
P 66 83 824384770
P 67 83 841161986
P 68 83 841161986
P 69 83 857873666
P 70 83 857873666
P 71 83 874650883
P 72 83 942415107
P 73 83 942415107
P 74 83 959126787
P 75 83 959126531
P 76 83 975903747
P 77 83 975903747
P 78 83 992680963
P 79 83 992680963
P 80 83 1077156868
P 81 83 1077156868
P 82 83 1093868548
P 83 83 1093868548
P 84 83 1110645764
P 85 83 1110580228
P 86 83 1127357700
P 87 83 1127357700
P 88 83 1211768068
P 89 83 1228545284
P 90 83 1228480004
P 91 83 1245257220
P 92 83 1245191684
P 93 83 1261968900
P 94 83 1261903620
P 95 83 1278680837
P 96 83 1363091205
P 97 83 1363025669
P 98 83 1379803141
P 99 83 1379737605
P 100 83 1396449285
P 101 83 1396449285
P 102 83 1413226757
P 103 83 1429938437
P 104 83 1514283270
P 105 83 1531060486
P 106 83 1530995206
P 107 83 1547706886
P 108 83 1547706886
P 109 83 1564418566
P 110 83 1564418822
P 111 83 1581130502
P 112 83 1682252550
P 113 83 1682187014
P 114 83 1698964486
P 115 83 1715610630
P 116 83 1715610630
P 117 83 1732322310
P 118 83 1732322566
P 119 83 1749034246
P 120 83 1850090759
P 121 83 1866802439
P 122 83 1866802695
P 123 83 1883448839
P 124 83 1900226055
P 125 83 1900160519
P 126 83 1916937991
P 127 83 1933649671
P 128 83 2034640647
P 129 83 2051417863
P 130 83 2051352583
P 131 83 2067998727
P 132 83 2084775944
P 133 83 2084710408
P 134 83 2101422344
P 135 83 2118199560
P 136 83 2219125000
P 137 83 2235902216
P 138 83 2252614152
P 139 83 2252483080
P 140 83 2269194760
P 141 83 2285971976
P 142 83 2285906696
P 143 83 2302618376
P 144 83 2420321033
P 145 83 2437032713
P 146 83 2437032969
P 147 83 2453679113
P 148 83 2470390793
P 149 83 2487102473
P 150 83 2487037193
P 151 83 2503814409
P 152 83 2621451530
P 153 83 2638163210
P 154 83 2654875146
P 155 83 2671521290
P 156 83 2671521290
P 157 83 2688232970
P 158 83 2704944906
P 159 83 2721656586
P 160 83 2839293706
P 161 83 2856005386
P 162 83 2872717322
P 163 83 2872586250
P 164 83 2889297930
P 165 83 2906009610
P 166 83 2922721546
P 167 83 2939433226
P 40 84 503717889
P 41 84 503717633
P 42 84 503717633
P 43 84 520494849
P 44 84 520494849
P 45 84 520494849
P 46 84 537272065
P 47 84 537272065
P 48 84 605036289
P 49 84 605036289
P 50 84 605036289
P 51 84 621813505
P 52 84 621813505
P 53 84 621813249
P 54 84 638590465
P 55 84 638590465
P 56 84 706354690
P 57 84 706354690
P 58 84 723131906
P 59 84 723131906
P 60 84 723066370
P 61 84 739843586
P 62 84 739843586
P 63 84 756620802
P 64 84 824385026
P 65 84 824384770
P 66 84 824384770
P 67 84 841161986
P 68 84 841096450
P 69 84 857873666
P 70 84 857873666
P 71 84 874650883
P 72 84 942415107
P 73 84 942349571
P 74 84 959126787
P 75 84 959126787
P 76 84 975904003
P 77 84 975903747
P 78 84 992680963
P 79 84 992680963
P 80 84 1077156868
P 81 84 1077091332
P 82 84 1093868548
P 83 84 1093868548
P 84 84 1110645764
P 85 84 1110580228
P 86 84 1127357444
P 87 84 1127357700
P 88 84 1211768068
P 89 84 1228545284
P 90 84 1228479748
P 91 84 1245257220
P 92 84 1245191685
P 93 84 1261968901
P 94 84 1261903365
P 95 84 1278680837
P 96 84 1363091205
P 97 84 1363025669
P 98 84 1379802885
P 99 84 1379737605
P 100 84 1396449285
P 101 84 1396449285
P 102 84 1413226501
P 103 84 1429938437
P 104 84 1514283270
P 105 84 1531060486
P 106 84 1530994950
P 107 84 1547772422
P 108 84 1547706886
P 109 84 1564418566
P 110 84 1564418566
P 111 84 1581130502
P 112 84 1682252550
P 113 84 1682187014
P 114 84 1698964230
P 115 84 1715676166
P 116 84 1715610630
P 117 84 1732322310
P 118 84 1732322310
P 119 84 1749034246
P 120 84 1850090759
P 121 84 1866802439
P 122 84 1866802439
P 123 84 1883514375
P 124 84 1900226055
P 125 84 1900160519
P 126 84 1916937735
P 127 84 1933649671
P 128 84 2034640647
P 129 84 2051417863
P 130 84 2051352328
P 131 84 2068064264
P 132 84 2084775944
P 133 84 2084710408
P 134 84 2101422088
P 135 84 2118199560
P 136 84 2219125000
P 137 84 2235902216
P 138 84 2252613896
P 139 84 2252548616
P 140 84 2269194760
P 141 84 2285971976
P 142 84 2285906440
P 143 84 2302618376
P 144 84 2420321033
P 145 84 2437032713
P 146 84 2437032713
P 147 84 2453744649
P 148 84 2470390793
P 149 84 2487102473
P 150 84 2487036937
P 151 84 2503814409
P 152 84 2621451530
P 153 84 2638163210
P 154 84 2654874890
P 155 84 2671586826
P 156 84 2671521290
P 157 84 2688232970
P 158 84 2704944650
P 159 84 2721656586
P 160 84 2839293706
P 161 84 2856005386
P 162 84 2872717066
P 163 84 2872651786
P 164 84 2889297930
P 165 84 2906009610
P 166 84 2922721290
P 167 84 2939433227
P 40 85 503717889
P 41 85 503717889
P 42 85 503717633
P 43 85 520494849
P 44 85 520494849
P 45 85 520494849
P 46 85 537272065
P 47 85 537206529
P 48 85 605036289
P 49 85 605036289
P 50 85 605036289
P 51 85 621813505
P 52 85 621813505
P 53 85 621813505
P 54 85 638590465
P 55 85 638590465
P 56 85 706354690
P 57 85 706354690
P 58 85 723131906
P 59 85 723131906
P 60 85 723066370
P 61 85 739843586
P 62 85 739843586
P 63 85 756620802
P 64 85 824385026
P 65 85 824385026
P 66 85 824384770
P 67 85 841161986
P 68 85 841096450
P 69 85 857873666
P 70 85 857873666
P 71 85 874650883
P 72 85 942415107
P 73 85 942349571
P 74 85 959126787
P 75 85 959126787
P 76 85 975904003
P 77 85 975904003
P 78 85 992680963
P 79 85 992615427
P 80 85 1077156868
P 81 85 1077091332
P 82 85 1093868548
P 83 85 1093868548
P 84 85 1110645764
P 85 85 1110580228
P 86 85 1127357444
P 87 85 1127357444
P 88 85 1211768068
P 89 85 1228545284
P 90 85 1228479749
P 91 85 1245256965
P 92 85 1245257221
P 93 85 1261968901
P 94 85 1261903365
P 95 85 1278680581
P 96 85 1363091205
P 97 85 1363025669
P 98 85 1379802885
P 99 85 1379737349
P 100 85 1396514821
P 101 85 1396449285
P 102 85 1413226501
P 103 85 1429938181
P 104 85 1514283270
P 105 85 1531060486
P 106 85 1530994950
P 107 85 1547772166
P 108 85 1547706886
P 109 85 1564418566
P 110 85 1564418566
P 111 85 1581130246
P 112 85 1682252550
P 113 85 1682187014
P 114 85 1698964230
P 115 85 1715675910
P 116 85 1715610630
P 117 85 1732322310
P 118 85 1732322310
P 119 85 1749033990
P 120 85 1850090759
P 121 85 1866802439
P 122 85 1866802439
P 123 85 1883514119
P 124 85 1900226055
P 125 85 1900160519
P 126 85 1916937735
P 127 85 1933649415
P 128 85 2034640648
P 129 85 2051417864
P 130 85 2051352328
P 131 85 2068064008
P 132 85 2084775944
P 133 85 2084710408
P 134 85 2101422088
P 135 85 2118199304
P 136 85 2219125000
P 137 85 2235902216
P 138 85 2252613896
P 139 85 2252548360
P 140 85 2269260296
P 141 85 2285971976
P 142 85 2285906440
P 143 85 2302618120
P 144 85 2420321033
P 145 85 2437032713
P 146 85 2437032713
P 147 85 2453744393
P 148 85 2470456329
P 149 85 2487102473
P 150 85 2487036937
P 151 85 2503814153
P 152 85 2621451530
P 153 85 2638163210
P 154 85 2654874890
P 155 85 2671586570
P 156 85 2671521290
P 157 85 2688232970
P 158 85 2704944650
P 159 85 2721656330
P 160 85 2839293706
P 161 85 2856005386
P 162 85 2872717066
P 163 85 2872651530
P 164 85 2889363466
P 165 85 2906009611
P 166 85 2922721291
P 167 85 2939432971
P 40 86 503717889
P 41 86 503717889
P 42 86 503717889
P 43 86 520495105
P 44 86 520494849
P 45 86 520494849
P 46 86 537206529
P 47 86 537206529
P 48 86 605036289
P 49 86 605036289
P 50 86 605036289
P 51 86 621813505
P 52 86 621813505
P 53 86 621813505
P 54 86 638590721
P 55 86 638590721
P 56 86 706354690
P 57 86 706354690
P 58 86 723131906
P 59 86 723066370
P 60 86 723066370
P 61 86 739843586
P 62 86 739843586
P 63 86 756620802
P 64 86 824385026
P 65 86 824385026
P 66 86 824385026
P 67 86 841096706
P 68 86 841096450
P 69 86 857873666
P 70 86 857873666
P 71 86 874650883
P 72 86 942349571
P 73 86 942349571
P 74 86 959126787
P 75 86 959126787
P 76 86 975904003
P 77 86 975904003
P 78 86 992615683
P 79 86 992615683
P 80 86 1077091332
P 81 86 1077091332
P 82 86 1093868548
P 83 86 1093868548
P 84 86 1110645764
P 85 86 1110580228
P 86 86 1127357444
P 87 86 1127357444
P 88 86 1211767813
P 89 86 1228545285
P 90 86 1228479749
P 91 86 1245256965
P 92 86 1245256965
P 93 86 1261968901
P 94 86 1261903365
P 95 86 1278680581
P 96 86 1363090949
P 97 86 1363025669
P 98 86 1379802885
P 99 86 1379737349
P 100 86 1396514565
P 101 86 1396449285
P 102 86 1413226501
P 103 86 1429938181
P 104 86 1514283014
P 105 86 1531060486
P 106 86 1530994950
P 107 86 1547772166
P 108 86 1547706630
P 109 86 1564484102
P 110 86 1564418566
P 111 86 1581130246
P 112 86 1682252294
P 113 86 1682187014
P 114 86 1698964230
P 115 86 1715675910
P 116 86 1715610374
P 117 86 1732387846
P 118 86 1732322310
P 119 86 1749033990
P 120 86 1850090503
P 121 86 1866802439
P 122 86 1866802439
P 123 86 1883514119
P 124 86 1900225799
P 125 86 1900226055
P 126 86 1916937735
P 127 86 1933649415
P 128 86 2034640392
P 129 86 2051417864
P 130 86 2051352328
P 131 86 2068064008
P 132 86 2084775688
P 133 86 2084775944
P 134 86 2101422088
P 135 86 2118199304
P 136 86 2219124744
P 137 86 2235902216
P 138 86 2252613896
P 139 86 2252548360
P 140 86 2269260040
P 141 86 2285971976
P 142 86 2285906440
P 143 86 2302618120
P 144 86 2420320777
P 145 86 2437032713
P 146 86 2437032713
P 147 86 2453744393
P 148 86 2470456073
P 149 86 2487168009
P 150 86 2487036937
P 151 86 2503814153
P 152 86 2621451274
P 153 86 2638163210
P 154 86 2654874890
P 155 86 2671586570
P 156 86 2671521034
P 157 86 2688298506
P 158 86 2704944650
P 159 86 2721656330
P 160 86 2839293450
P 161 86 2856005386
P 162 86 2872717067
P 163 86 2872651531
P 164 86 2889363211
P 165 86 2906075147
P 166 86 2922721291
P 167 86 2939432971
P 40 87 503717889
P 41 87 503717889
P 42 87 503717889
P 43 87 520495105
P 44 87 520495105
P 45 87 520494849
P 46 87 537206529
P 47 87 537206529
P 48 87 605036289
P 49 87 605036289
P 50 87 605036289
P 51 87 621813505
P 52 87 621813505
P 53 87 621813505
P 54 87 638590721
P 55 87 638590721
P 56 87 706354946
P 57 87 706354690
P 58 87 723131906
P 59 87 723066370
P 60 87 723066370
P 61 87 739843586
P 62 87 739843586
P 63 87 756620802
P 64 87 824385026
P 65 87 824385026
P 66 87 824385026
P 67 87 841096706
P 68 87 841096706
P 69 87 857873666
P 70 87 857873666
P 71 87 874650882
P 72 87 942349571
P 73 87 942349571
P 74 87 959126787
P 75 87 959126787
P 76 87 975904003
P 77 87 975904003
P 78 87 992615683
P 79 87 992615683
P 80 87 1077091588
P 81 87 1077091332
P 82 87 1093868548
P 83 87 1093868548
P 84 87 1110580228
P 85 87 1110580228
P 86 87 1127357444
P 87 87 1127357444
P 88 87 1211767813
P 89 87 1228545029
P 90 87 1228479749
P 91 87 1245256965
P 92 87 1245256965
P 93 87 1261968645
P 94 87 1261968901
P 95 87 1278680581
P 96 87 1363090949
P 97 87 1363025413
P 98 87 1379802885
P 99 87 1379737349
P 100 87 1396514565
P 101 87 1396449029
P 102 87 1413226501
P 103 87 1429938181
P 104 87 1514283014
P 105 87 1531060230
P 106 87 1530994950
P 107 87 1547772166
P 108 87 1547706630
P 109 87 1564483846
P 110 87 1564418566
P 111 87 1581130246
P 112 87 1682252294
P 113 87 1682186758
P 114 87 1698964230
P 115 87 1715675910
P 116 87 1715610374
P 117 87 1732387590
P 118 87 1732322310
P 119 87 1749033990
P 120 87 1850090503
P 121 87 1866802183
P 122 87 1866802439
P 123 87 1883514119
P 124 87 1900225799
P 125 87 1900225799
P 126 87 1916937735
P 127 87 1933649415
P 128 87 2034640392
P 129 87 2051417608
P 130 87 2051352328
P 131 87 2068064008
P 132 87 2084775688
P 133 87 2084775688
P 134 87 2101487624
P 135 87 2118199304
P 136 87 2219124744
P 137 87 2235901960
P 138 87 2252613896
P 139 87 2252548360
P 140 87 2269260040
P 141 87 2285971721
P 142 87 2285971977
P 143 87 2302618121
P 144 87 2420320777
P 145 87 2437032457
P 146 87 2437032713
P 147 87 2453744393
P 148 87 2470456073
P 149 87 2487167753
P 150 87 2487102473
P 151 87 2503814153
P 152 87 2621451274
P 153 87 2638162954
P 154 87 2654874890
P 155 87 2671586570
P 156 87 2671521034
P 157 87 2688298250
P 158 87 2705010186
P 159 87 2721656330
P 160 87 2839293451
P 161 87 2856005131
P 162 87 2872717067
P 163 87 2872651531
P 164 87 2889363211
P 165 87 2906074891
P 166 87 2922786827
P 167 87 2939432971
P 40 88 520496641
P 41 88 520496641
P 42 88 537273857
P 43 88 537273857
P 44 88 537273857
P 45 88 553985537
P 46 88 553985537
P 47 88 553985281
P 48 88 621815041
P 49 88 621815041
P 50 88 638592257
P 51 88 638592257
P 52 88 638592257
P 53 88 655369473
P 54 88 655369473
P 55 88 655369473
P 56 88 723133698
P 57 88 739910914
P 58 88 739845378
P 59 88 739845122
P 60 88 756622338
P 61 88 756622338
P 62 88 773399554
P 63 88 773399554
P 64 88 841163778
P 65 88 841163779
P 66 88 857875459
P 67 88 857875203
P 68 88 874652419
P 69 88 874652419
P 70 88 891429635
P 71 88 891429635
P 72 88 959128323
P 73 88 975905539
P 74 88 975905539
P 75 88 992682755
P 76 88 992682755
P 77 88 1009394436
P 78 88 1009394436
P 79 88 1026171396
P 80 88 1093870084
P 81 88 1110647300
P 82 88 1110647300
P 83 88 1127424516
P 84 88 1127358980
P 85 88 1144136196
P 86 88 1144136196
P 87 88 1160913157
P 88 88 1245323525
P 89 88 1245323781
P 90 88 1262035461
P 91 88 1262035461
P 92 88 1278812933
P 93 88 1278747397
P 94 88 1295524613
P 95 88 1295459077
P 96 88 1396646918
P 97 88 1396581382
P 98 88 1413358854
P 99 88 1413293318
P 100 88 1430070534
P 101 88 1430004998
P 102 88 1446782470
P 103 88 1446782470
P 104 88 1547838982
P 105 88 1564616454
P 106 88 1564550918
P 107 88 1581328134
P 108 88 1581262598
P 109 88 1598040070
P 110 88 1597974534
P 111 88 1614751750
P 112 88 1715808519
P 113 88 1715742983
P 114 88 1732520199
P 115 88 1749231879
P 116 88 1749166599
P 117 88 1765943815
P 118 88 1765878535
P 119 88 1782655751
P 120 88 1883646728
P 121 88 1900358408
P 122 88 1900358664
P 123 88 1917070344
P 124 88 1933782024
P 125 88 1933782024
P 126 88 1950493960
P 127 88 1967271176
P 128 88 2068196616
P 129 88 2084974088
P 130 88 2084908552
P 131 88 2101620232
P 132 88 2118331912
P 133 88 2118332168
P 134 88 2135043848
P 135 88 2151755528
P 136 88 2252681225
P 137 88 2269458441
P 138 88 2286170121
P 139 88 2302881801
P 140 88 2302816521
P 141 88 2319528201
P 142 88 2336305673
P 143 88 2336240137
P 144 88 2453877258
P 145 88 2470588938
P 146 88 2487366410
P 147 88 2504078090
P 148 88 2504012554
P 149 88 2520724490
P 150 88 2537436170
P 151 88 2537370634
P 152 88 2671784970
P 153 88 2671719690
P 154 88 2688431370
P 155 88 2705143050
P 156 88 2721854986
P 157 88 2738632202
P 158 88 2738566667
P 159 88 2755278347
P 160 88 2889627403
P 161 88 2889561867
P 162 88 2906273803
P 163 88 2922985483
P 164 88 2939697163
P 165 88 2956408843
P 166 88 2956343563
P 167 88 2973055243
P 40 89 520496641
P 41 89 520496641
P 42 89 537273857
P 43 89 537273857
P 44 89 537273857
P 45 89 553985537
P 46 89 553985537
P 47 89 553985537
P 48 89 621815041
P 49 89 621815041
P 50 89 638592257
P 51 89 638592257
P 52 89 638592257
P 53 89 655369473
P 54 89 655369473
P 55 89 655369473
P 56 89 723133698
P 57 89 739845378
P 58 89 739845378
P 59 89 739845378
P 60 89 756622338
P 61 89 756622338
P 62 89 773399554
P 63 89 773399554
P 64 89 841163778
P 65 89 841098243
P 66 89 857875459
P 67 89 857875459
P 68 89 874652419
P 69 89 874652419
P 70 89 891429635
P 71 89 891429635
P 72 89 959128323
P 73 89 975905539
P 74 89 975905539
P 75 89 992682755
P 76 89 992682755
P 77 89 1009394435
P 78 89 1009394436
P 79 89 1026171652
P 80 89 1093870084
P 81 89 1110647300
P 82 89 1110647300
P 83 89 1127358980
P 84 89 1127358980
P 85 89 1144136196
P 86 89 1144136196
P 87 89 1160913413
P 88 89 1245323525
P 89 89 1245323525
P 90 89 1262035461
P 91 89 1262035461
P 92 89 1278812677
P 93 89 1278747397
P 94 89 1295524613
P 95 89 1295459077
P 96 89 1396646662
P 97 89 1396581382
P 98 89 1413358598
P 99 89 1413293318
P 100 89 1430070534
P 101 89 1430004998
P 102 89 1446782214
P 103 89 1446782470
P 104 89 1547904518
P 105 89 1564616198
P 106 89 1564550918
P 107 89 1581328134
P 108 89 1581262598
P 109 89 1598039814
P 110 89 1597974534
P 111 89 1614751750
P 112 89 1715808263
P 113 89 1715742983
P 114 89 1732520199
P 115 89 1749231879
P 116 89 1749166343
P 117 89 1765943815
P 118 89 1765878279
P 119 89 1782655751
P 120 89 1883712264
P 121 89 1900358408
P 122 89 1900358408
P 123 89 1917070344
P 124 89 1933782024
P 125 89 1933782024
P 126 89 1950493704
P 127 89 1967271176
P 128 89 2068262152
P 129 89 2084973832
P 130 89 2084908552
P 131 89 2101620232
P 132 89 2118331912
P 133 89 2118331912
P 134 89 2135043848
P 135 89 2151755528
P 136 89 2252746505
P 137 89 2269458441
P 138 89 2286170121
P 139 89 2302881801
P 140 89 2302816265
P 141 89 2319528201
P 142 89 2336305417
P 143 89 2336240137
P 144 89 2453942794
P 145 89 2470588938
P 146 89 2487366154
P 147 89 2504078090
P 148 89 2504012554
P 149 89 2520724234
P 150 89 2537436170
P 151 89 2537370634
P 152 89 2671850506
P 153 89 2671719434
P 154 89 2688431370
P 155 89 2705143051
P 156 89 2721854731
P 157 89 2738632203
P 158 89 2738566667
P 159 89 2755278347
P 160 89 2889692683
P 161 89 2889561867
P 162 89 2906273547
P 163 89 2922985483
P 164 89 2939697163
P 165 89 2956408843
P 166 89 2956343307
P 167 89 2973055243
P 40 90 520496897
P 41 90 520496897
P 42 90 537273857
P 43 90 537273857
P 44 90 537208321
P 45 90 553985537
P 46 90 553985537
P 47 90 553985537
P 48 90 621815297
P 49 90 621815297
P 50 90 638592257
P 51 90 638592257
P 52 90 638592257
P 53 90 655369473
P 54 90 655369473
P 55 90 655303937
P 56 90 723133698
P 57 90 739845378
P 58 90 739845378
P 59 90 739845378
P 60 90 756622594
P 61 90 756622594
P 62 90 773399554
P 63 90 773399554
P 64 90 841163778
P 65 90 841098243
P 66 90 857875459
P 67 90 857875459
P 68 90 874652675
P 69 90 874652675
P 70 90 891429635
P 71 90 891429635
P 72 90 959128323
P 73 90 975905539
P 74 90 975905539
P 75 90 992682755
P 76 90 992617219
P 77 90 1009394435
P 78 90 1009394436
P 79 90 1026171652
P 80 90 1093870340
P 81 90 1110647556
P 82 90 1110581764
P 83 90 1127358980
P 84 90 1127358980
P 85 90 1144136196
P 86 90 1144136196
P 87 90 1160847877
P 88 90 1245323781
P 89 90 1245323781
P 90 90 1262035205
P 91 90 1262035461
P 92 90 1278812677
P 93 90 1278747397
P 94 90 1295524613
P 95 90 1295459077
P 96 90 1396646662
P 97 90 1396646918
P 98 90 1413358598
P 99 90 1413293062
P 100 90 1430070534
P 101 90 1430004998
P 102 90 1446782214
P 103 90 1446782214
P 104 90 1547904518
P 105 90 1564616198
P 106 90 1564550662
P 107 90 1581328134
P 108 90 1581262598
P 109 90 1598039814
P 110 90 1597974278
P 111 90 1614751750
P 112 90 1715808263
P 113 90 1715808519
P 114 90 1732520199
P 115 90 1749231879
P 116 90 1749166343
P 117 90 1765943815
P 118 90 1765878279
P 119 90 1782655495
P 120 90 1883712264
P 121 90 1900423944
P 122 90 1900358408
P 123 90 1917070088
P 124 90 1933782024
P 125 90 1933782024
P 126 90 1950493704
P 127 90 1967270920
P 128 90 2068262152
P 129 90 2084973832
P 130 90 2084908296
P 131 90 2101620232
P 132 90 2118331912
P 133 90 2118331912
P 134 90 2135043593
P 135 90 2151755529
P 136 90 2252746505
P 137 90 2269458441
P 138 90 2286170121
P 139 90 2302881801
P 140 90 2302816265
P 141 90 2319528201
P 142 90 2336305417
P 143 90 2336239881
P 144 90 2453942794
P 145 90 2470654474
P 146 90 2487366154
P 147 90 2504077834
P 148 90 2504012554
P 149 90 2520724234
P 150 90 2537435914
P 151 90 2537370634
P 152 90 2671850506
P 153 90 2671784971
P 154 90 2688431115
P 155 90 2705143051
P 156 90 2721854731
P 157 90 2738632203
P 158 90 2738566667
P 159 90 2755278347
P 160 90 2889692683
P 161 90 2889627403
P 162 90 2906273547
P 163 90 2922985227
P 164 90 2939697163
P 165 90 2956408843
P 166 90 2956343308
P 167 90 2973054988
P 40 91 520496897
P 41 91 520496897
P 42 91 537274113
P 43 91 537208321
P 44 91 537208321
P 45 91 553985537
P 46 91 553985537
P 47 91 553985537
P 48 91 621815297
P 49 91 621815297
P 50 91 638592513
P 51 91 638592257
P 52 91 638592257
P 53 91 655369473
P 54 91 655369473
P 55 91 655303937
P 56 91 723068162
P 57 91 739845378
P 58 91 739845378
P 59 91 739845378
P 60 91 756622594
P 61 91 756622594
P 62 91 773399810
P 63 91 773399554
P 64 91 841098242
P 65 91 841098243
P 66 91 857875459
P 67 91 857875459
P 68 91 874652675
P 69 91 874652675
P 70 91 891429891
P 71 91 891429635
P 72 91 959128323
P 73 91 975905539
P 74 91 975905539
P 75 91 992617219
P 76 91 992617219
P 77 91 1009394435
P 78 91 1009394436
P 79 91 1026171652
P 80 91 1093870340
P 81 91 1110647556
P 82 91 1110582020
P 83 91 1127358980
P 84 91 1127358980
P 85 91 1144136196
P 86 91 1144136196
P 87 91 1160847877
P 88 91 1245323781
P 89 91 1245323781
P 90 91 1262035461
P 91 91 1262035205
P 92 91 1278812677
P 93 91 1278747141
P 94 91 1295524613
P 95 91 1295459077
P 96 91 1396646662
P 97 91 1396646662
P 98 91 1413358598
P 99 91 1413293062
P 100 91 1430070278
P 101 91 1430004998
P 102 91 1446782214
P 103 91 1446782214
P 104 91 1547904262
P 105 91 1564616198
P 106 91 1564616198
P 107 91 1581327878
P 108 91 1581262598
P 109 91 1598039814
P 110 91 1597974278
P 111 91 1614751495
P 112 91 1715808263
P 113 91 1715808263
P 114 91 1732520199
P 115 91 1749231879
P 116 91 1749166343
P 117 91 1765943559
P 118 91 1765878279
P 119 91 1782655495
P 120 91 1883712008
P 121 91 1900423944
P 122 91 1900358408
P 123 91 1917070088
P 124 91 1933781768
P 125 91 1933782024
P 126 91 1950493704
P 127 91 1967270920
P 128 91 2068261896
P 129 91 2084973832
P 130 91 2084973832
P 131 91 2101619976
P 132 91 2118331913
P 133 91 2118331913
P 134 91 2135043593
P 135 91 2151755273
P 136 91 2252746505
P 137 91 2269458185
P 138 91 2286235657
P 139 91 2302881801
P 140 91 2302816265
P 141 91 2319527945
P 142 91 2336305417
P 143 91 2336239881
P 144 91 2453942538
P 145 91 2470654474
P 146 91 2487366154
P 147 91 2504077834
P 148 91 2504012298
P 149 91 2520724234
P 150 91 2537435914
P 151 91 2537370378
P 152 91 2671850507
P 153 91 2671784971
P 154 91 2688496651
P 155 91 2705142795
P 156 91 2721854731
P 157 91 2738631947
P 158 91 2738566667
P 159 91 2755278347
P 160 91 2889692683
P 161 91 2889627147
P 162 91 2906339083
P 163 91 2922985227
P 164 91 2939696908
P 165 91 2956408844
P 166 91 2956343308
P 167 91 2973054988
P 40 92 520496897
P 41 92 520496897
P 42 92 537274113
P 43 92 537208577
P 44 92 537208577
P 45 92 553985537
P 46 92 553985537
P 47 92 553985537
P 48 92 621815297
P 49 92 621815297
P 50 92 638592513
P 51 92 638592513
P 52 92 638592513
P 53 92 655369473
P 54 92 655303937
P 55 92 655303937
P 56 92 723068162
P 57 92 739845378
P 58 92 739845378
P 59 92 739845378
P 60 92 756622594
P 61 92 756622594
P 62 92 773399810
P 63 92 773399810
P 64 92 841098498
P 65 92 841098243
P 66 92 857875459
P 67 92 857875459
P 68 92 874652675
P 69 92 874652675
P 70 92 891429891
P 71 92 891429891
P 72 92 959128579
P 73 92 975905539
P 74 92 975905539
P 75 92 992617219
P 76 92 992617219
P 77 92 1009394435
P 78 92 1009394436
P 79 92 1026171652
P 80 92 1093870340
P 81 92 1110582020
P 82 92 1110582020
P 83 92 1127359236
P 84 92 1127359236
P 85 92 1144136196
P 86 92 1144070660
P 87 92 1160847877
P 88 92 1245323781
P 89 92 1245258245
P 90 92 1262035461
P 91 92 1262035461
P 92 92 1278812677
P 93 92 1278747141
P 94 92 1295524357
P 95 92 1295459077
P 96 92 1396646662
P 97 92 1396646662
P 98 92 1413358342
P 99 92 1413358598
P 100 92 1430070278
P 101 92 1430004742
P 102 92 1446782214
P 103 92 1446782214
P 104 92 1547904262
P 105 92 1564615942
P 106 92 1564616198
P 107 92 1581327878
P 108 92 1581262599
P 109 92 1598039815
P 110 92 1597974279
P 111 92 1614751495
P 112 92 1715808263
P 113 92 1715808263
P 114 92 1732519943
P 115 92 1749297415
P 116 92 1749166343
P 117 92 1765943559
P 118 92 1765878023
P 119 92 1782655495
P 120 92 1883712008
P 121 92 1900423688
P 122 92 1900358408
P 123 92 1917135624
P 124 92 1933781768
P 125 92 1933781768
P 126 92 1950493704
P 127 92 1967270920
P 128 92 2068261896
P 129 92 2084973576
P 130 92 2084973833
P 131 92 2101685513
P 132 92 2118331913
P 133 92 2118331913
P 134 92 2135043593
P 135 92 2151755273
P 136 92 2252746505
P 137 92 2269458185
P 138 92 2286235401
P 139 92 2302947337
P 140 92 2302816265
P 141 92 2319527945
P 142 92 2336305161
P 143 92 2336239881
P 144 92 2453942538
P 145 92 2470654218
P 146 92 2487366154
P 147 92 2504143370
P 148 92 2504012298
P 149 92 2520723978
P 150 92 2537435914
P 151 92 2537370378
P 152 92 2671850507
P 153 92 2671784971
P 154 92 2688496651
P 155 92 2705208331
P 156 92 2721854731
P 157 92 2738631947
P 158 92 2738566411
P 159 92 2755278347
P 160 92 2889692683
P 161 92 2889627147
P 162 92 2906338828
P 163 92 2923050764
P 164 92 2939696908
P 165 92 2956408588
P 166 92 2956343308
P 167 92 2973054988
P 40 93 520496897
P 41 93 520496897
P 42 93 537208577
P 43 93 537208577
P 44 93 537208577
P 45 93 553985793
P 46 93 553985537
P 47 93 553985537
P 48 93 621815297
P 49 93 621815297
P 50 93 638592513
P 51 93 638592513
P 52 93 638592513
P 53 93 655304193
P 54 93 655303937
P 55 93 655303937
P 56 93 723068162
P 57 93 739845378
P 58 93 739845378
P 59 93 739845378
P 60 93 756622594
P 61 93 756622594
P 62 93 773399810
P 63 93 773399810
P 64 93 841098498
P 65 93 841098498
P 66 93 857875459
P 67 93 857875459
P 68 93 874652675
P 69 93 874652675
P 70 93 891429891
P 71 93 891364355
P 72 93 959128579
P 73 93 975905795
P 74 93 975840003
P 75 93 992617219
P 76 93 992617219
P 77 93 1009394435
P 78 93 1009394436
P 79 93 1026106116
P 80 93 1093870340
P 81 93 1110582020
P 82 93 1110582020
P 83 93 1127359236
P 84 93 1127359236
P 85 93 1144070916
P 86 93 1144070660
P 87 93 1160847877
P 88 93 1245323781
P 89 93 1245258245
P 90 93 1262035461
P 91 93 1262035461
P 92 93 1278812677
P 93 93 1278747141
P 94 93 1295524357
P 95 93 1295458821
P 96 93 1396646662
P 97 93 1396646662
P 98 93 1413358342
P 99 93 1413358342
P 100 93 1430070278
P 101 93 1430004742
P 102 93 1446781958
P 103 93 1446782214
P 104 93 1547904262
P 105 93 1564615942
P 106 93 1564615943
P 107 93 1581327879
P 108 93 1581327879
P 109 93 1598039815
P 110 93 1597974279
P 111 93 1614751495
P 112 93 1715808007
P 113 93 1715808263
P 114 93 1732519943
P 115 93 1749297159
P 116 93 1749231879
P 117 93 1765943559
P 118 93 1765878023
P 119 93 1782655239
P 120 93 1883712008
P 121 93 1900423688
P 122 93 1900358152
P 123 93 1917135624
P 124 93 1933847304
P 125 93 1933781768
P 126 93 1950493448
P 127 93 1967270920
P 128 93 2068261897
P 129 93 2084973577
P 130 93 2084973577
P 131 93 2101685513
P 132 93 2118397193
P 133 93 2118331913
P 134 93 2135043593
P 135 93 2151755273
P 136 93 2252746249
P 137 93 2269458185
P 138 93 2286235401
P 139 93 2302947081
P 140 93 2302881801
P 141 93 2319527945
P 142 93 2336305161
P 143 93 2336239625
P 144 93 2453942538
P 145 93 2470654218
P 146 93 2487365898
P 147 93 2504143370
P 148 93 2504077834
P 149 93 2520723978
P 150 93 2537435658
P 151 93 2537370378
P 152 93 2671850251
P 153 93 2671784971
P 154 93 2688496651
P 155 93 2705208331
P 156 93 2721920011
P 157 93 2738631947
P 158 93 2738566411
P 159 93 2755278091
P 160 93 2889692684
P 161 93 2889627148
P 162 93 2906338828
P 163 93 2923050508
P 164 93 2939762444
P 165 93 2956408588
P 166 93 2956343052
P 167 93 2973054988
P 40 94 520496897
P 41 94 520496897
P 42 94 537208577
P 43 94 537208577
P 44 94 537208577
P 45 94 553985793
P 46 94 553985793
P 47 94 553985793
P 48 94 621815297
P 49 94 621815297
P 50 94 638592513
P 51 94 638592513
P 52 94 638592513
P 53 94 655304193
P 54 94 655304193
P 55 94 655304193
P 56 94 723068162
P 57 94 739845378
P 58 94 739845378
P 59 94 739845378
P 60 94 756622594
P 61 94 756622594
P 62 94 773399810
P 63 94 773399810
P 64 94 841098498
P 65 94 841098498
P 66 94 857875715
P 67 94 857875715
P 68 94 874652675
P 69 94 874652675
P 70 94 891364355
P 71 94 891364355
P 72 94 959128579
P 73 94 975905795
P 74 94 975840259
P 75 94 992617475
P 76 94 992617219
P 77 94 1009394435
P 78 94 1009328900
P 79 94 1026106116
P 80 94 1093804804
P 81 94 1110582020
P 82 94 1110582020
P 83 94 1127359236
P 84 94 1127359236
P 85 94 1144070916
P 86 94 1144070916
P 87 94 1160848133
P 88 94 1245258245
P 89 94 1245258245
P 90 94 1262035461
P 91 94 1262035461
P 92 94 1278812677
P 93 94 1278747141
P 94 94 1295524357
P 95 94 1295458821
P 96 94 1396646406
P 97 94 1396646662
P 98 94 1413358342
P 99 94 1413358342
P 100 94 1430070022
P 101 94 1430070278
P 102 94 1446781958
P 103 94 1446782214
P 104 94 1547904263
P 105 94 1564615943
P 106 94 1564615943
P 107 94 1581327879
P 108 94 1581327879
P 109 94 1598039559
P 110 94 1597974279
P 111 94 1614751495
P 112 94 1715808007
P 113 94 1715808007
P 114 94 1732519943
P 115 94 1749297159
P 116 94 1749231623
P 117 94 1765943559
P 118 94 1765878023
P 119 94 1782655239
P 120 94 1883711752
P 121 94 1900423688
P 122 94 1900358152
P 123 94 1917135624
P 124 94 1933847304
P 125 94 1933781768
P 126 94 1950493448
P 127 94 1967270920
P 128 94 2068261897
P 129 94 2084973577
P 130 94 2084973577
P 131 94 2101685513
P 132 94 2118397193
P 133 94 2118331657
P 134 94 2135043593
P 135 94 2151755273
P 136 94 2252746249
P 137 94 2269457929
P 138 94 2286235401
P 139 94 2302947081
P 140 94 2302881545
P 141 94 2319593481
P 142 94 2336305161
P 143 94 2336239625
P 144 94 2453942282
P 145 94 2470654218
P 146 94 2487365898
P 147 94 2504143370
P 148 94 2504077834
P 149 94 2520789514
P 150 94 2537435658
P 151 94 2537370378
P 152 94 2671850251
P 153 94 2671784715
P 154 94 2688496651
P 155 94 2705208331
P 156 94 2721920011
P 157 94 2738631691
P 158 94 2738566411
P 159 94 2755278091
P 160 94 2889692428
P 161 94 2889627148
P 162 94 2906338828
P 163 94 2923050508
P 164 94 2939762188
P 165 94 2956474124
P 166 94 2956343052
P 167 94 2973054988
P 40 95 520496897
P 41 95 520431361
P 42 95 537208577
P 43 95 537208577
P 44 95 537208577
P 45 95 553985793
P 46 95 553985793
P 47 95 553985793
P 48 95 621815553
P 49 95 621815297
P 50 95 638592513
P 51 95 638592513
P 52 95 638526977
P 53 95 655304193
P 54 95 655304193
P 55 95 655304193
P 56 95 723068418
P 57 95 739845378
P 58 95 739845378
P 59 95 739845378
P 60 95 756622594
P 61 95 756622594
P 62 95 773399810
P 63 95 773334274
P 64 95 841098498
P 65 95 841098498
P 66 95 857875715
P 67 95 857875715
P 68 95 874652931
P 69 95 874652675
P 70 95 891364355
P 71 95 891364355
P 72 95 959128579
P 73 95 975840259
P 74 95 975840259
P 75 95 992617475
P 76 95 992617475
P 77 95 1009394435
P 78 95 1009328900
P 79 95 1026106116
P 80 95 1093804804
P 81 95 1110582020
P 82 95 1110582020
P 83 95 1127359236
P 84 95 1127293700
P 85 95 1144070916
P 86 95 1144070916
P 87 95 1160848132
P 88 95 1245258501
P 89 95 1245258245
P 90 95 1262035461
P 91 95 1262035461
P 92 95 1278747141
P 93 95 1278747141
P 94 95 1295524357
P 95 95 1295458821
P 96 95 1396646406
P 97 95 1396646406
P 98 95 1413358342
P 99 95 1413358342
P 100 95 1430070022
P 101 95 1430070022
P 102 95 1446781958
P 103 95 1446781958
P 104 95 1547904263
P 105 95 1564615943
P 106 95 1564615943
P 107 95 1581327623
P 108 95 1581327879
P 109 95 1598039559
P 110 95 1598039559
P 111 95 1614751495
P 112 95 1715808007
P 113 95 1715808007
P 114 95 1732519687
P 115 95 1749297159
P 116 95 1749231623
P 117 95 1765943303
P 118 95 1765943559
P 119 95 1782655239
P 120 95 1883711752
P 121 95 1900423432
P 122 95 1900358152
P 123 95 1917135368
P 124 95 1933847304
P 125 95 1933781768
P 126 95 1950558984
P 127 95 1967270664
P 128 95 2068261897
P 129 95 2084973577
P 130 95 2084973577
P 131 95 2101685257
P 132 95 2118397193
P 133 95 2118331657
P 134 95 2135108873
P 135 95 2151755273
P 136 95 2252746249
P 137 95 2269457929
P 138 95 2286235145
P 139 95 2302947081
P 140 95 2302881545
P 141 95 2319593226
P 142 95 2336305162
P 143 95 2336239626
P 144 95 2453942282
P 145 95 2470653962
P 146 95 2487365898
P 147 95 2504143114
P 148 95 2504077834
P 149 95 2520789514
P 150 95 2537501194
P 151 95 2537370122
P 152 95 2671850251
P 153 95 2671784715
P 154 95 2688496395
P 155 95 2705208331
P 156 95 2721920011
P 157 95 2738631691
P 158 95 2738631691
P 159 95 2755278091
P 160 95 2889692428
P 161 95 2889626892
P 162 95 2906338828
P 163 95 2923050508
P 164 95 2939762188
P 165 95 2956473868
P 166 95 2956408588
P 167 95 2973054732
P 40 96 537210369
P 41 96 537210369
P 42 96 553987585
P 43 96 553987329
P 44 96 553987329
P 45 96 570764545
P 46 96 570764545
P 47 96 570764545
P 48 96 638594305
P 49 96 638594305
P 50 96 655371521
P 51 96 655371266
P 52 96 672082946
P 53 96 672082946
P 54 96 672082946
P 55 96 688860162
P 56 96 756624386
P 57 96 756624386
P 58 96 756624386
P 59 96 773401346
P 60 96 773401346
P 61 96 790178562
P 62 96 790178562
P 63 96 790113026
P 64 96 857877251
P 65 96 874654467
P 66 96 874654467
P 67 96 891431427
P 68 96 891431427
P 69 96 908143107
P 70 96 908143107
P 71 96 924920323
P 72 96 992619012
P 73 96 992619012
P 74 96 1009396228
P 75 96 1009396228
P 76 96 1026173444
P 77 96 1026107908
P 78 96 1042885124
P 79 96 1042884868
P 80 96 1127360772
P 81 96 1127360772
P 82 96 1144137989
P 83 96 1144137989
P 84 96 1160849669
P 85 96 1160849669
P 86 96 1177626885
P 87 96 1177626629
P 88 96 1262036997
P 89 96 1278814213
P 90 96 1278814214
P 91 96 1295591430
P 92 96 1295525894
P 93 96 1312303110
P 94 96 1329080326
P 95 96 1329014534
P 96 96 1413424902
P 97 96 1430202374
P 98 96 1430136838
P 99 96 1446914055
P 100 96 1463625991
P 101 96 1463625991
P 102 96 1480337927
P 103 96 1480337927
P 104 96 1581459975
P 105 96 1581394439
P 106 96 1598171911
P 107 96 1614883591
P 108 96 1614883591
P 109 96 1631595527
P 110 96 1631595527
P 111 96 1648307207
P 112 96 1749363976
P 113 96 1749363976
P 114 96 1766075912
P 115 96 1782853128
P 116 96 1782787592
P 117 96 1799499528
P 118 96 1816276744
P 119 96 1816211208
P 120 96 1917267721
P 121 96 1933979657
P 122 96 1950691337
P 123 96 1950691337
P 124 96 1967403273
P 125 96 1984114953
P 126 96 1984115209
P 127 96 2000826889
P 128 96 2101817865
P 129 96 2118529801
P 130 96 2135307017
P 131 96 2135241481
P 132 96 2151953417
P 133 96 2168665097
P 134 96 2168665353
P 135 96 2185377033
P 136 96 2303079690
P 137 96 2303014154
P 138 96 2319791626
P 139 96 2336503306
P 140 96 2353214986
P 141 96 2353149706
P 142 96 2369861386
P 143 96 2386638602
P 144 96 2504275979
P 145 96 2504210443
P 146 96 2520922379
P 147 96 2537699595
P 148 96 2554411275
P 149 96 2554345995
P 150 96 2571057675
P 151 96 2587769355
P 152 96 2705406476
P 153 96 2722118412
P 154 96 2738830092
P 155 96 2738764556
P 156 96 2755476492
P 157 96 2772188172
P 158 96 2788965644
P 159 96 2805677324
P 160 96 2923248908
P 161 96 2939960844
P 162 96 2956672524
P 163 96 2973384204
P 164 96 2973318924
P 165 96 2990030604
P 166 96 3006742285
P 167 96 3023453965
P 40 97 537210369
P 41 97 537210369
P 42 97 553987585
P 43 97 553987585
P 44 97 553987329
P 45 97 570764545
P 46 97 570764545
P 47 97 570764545
P 48 97 638594305
P 49 97 638594305
P 50 97 655371521
P 51 97 655305986
P 52 97 672082946
P 53 97 672082946
P 54 97 672082946
P 55 97 688860162
P 56 97 756624386
P 57 97 756624386
P 58 97 756624386
P 59 97 773401602
P 60 97 773401346
P 61 97 790178562
P 62 97 790113026
P 63 97 790113026
P 64 97 857877251
P 65 97 874654467
P 66 97 874654467
P 67 97 891431683
P 68 97 891431427
P 69 97 908143107
P 70 97 908143107
P 71 97 924920323
P 72 97 992619012
P 73 97 992619012
P 74 97 1009396228
P 75 97 1009396228
P 76 97 1026173444
P 77 97 1026107908
P 78 97 1042885124
P 79 97 1042885124
P 80 97 1127360772
P 81 97 1127360772
P 82 97 1144137989
P 83 97 1144072453
P 84 97 1160849669
P 85 97 1160849669
P 86 97 1177626885
P 87 97 1177626885
P 88 97 1262036997
P 89 97 1278814213
P 90 97 1278814214
P 91 97 1295525894
P 92 97 1295525894
P 93 97 1312303110
P 94 97 1329014790
P 95 97 1329014790
P 96 97 1413424902
P 97 97 1430202119
P 98 97 1430136839
P 99 97 1446914055
P 100 97 1463625735
P 101 97 1463625991
P 102 97 1480337671
P 103 97 1480337927
P 104 97 1581459975
P 105 97 1581394439
P 106 97 1598171655
P 107 97 1614883591
P 108 97 1614883591
P 109 97 1631595271
P 110 97 1631595527
P 111 97 1648307207
P 112 97 1749429256
P 113 97 1749363976
P 114 97 1766075656
P 115 97 1782853128
P 116 97 1782787592
P 117 97 1799499272
P 118 97 1816276744
P 119 97 1816211208
P 120 97 1917267721
P 121 97 1933979401
P 122 97 1950691337
P 123 97 1950691337
P 124 97 1967403017
P 125 97 1984114953
P 126 97 1984114953
P 127 97 2000826889
P 128 97 2101883401
P 129 97 2118529545
P 130 97 2135307017
P 131 97 2135241481
P 132 97 2151953161
P 133 97 2168665097
P 134 97 2168665097
P 135 97 2185377033
P 136 97 2303145226
P 137 97 2303014154
P 138 97 2319791370
P 139 97 2336503306
P 140 97 2353214986
P 141 97 2353149450
P 142 97 2369861386
P 143 97 2386638602
P 144 97 2504341259
P 145 97 2504210443
P 146 97 2520922123
P 147 97 2537699595
P 148 97 2554411275
P 149 97 2554345739
P 150 97 2571057675
P 151 97 2587769355
P 152 97 2705472012
P 153 97 2722118156
P 154 97 2738830092
P 155 97 2738764556
P 156 97 2755476236
P 157 97 2772188172
P 158 97 2788965388
P 159 97 2805677324
P 160 97 2923314444
P 161 97 2939960588
P 162 97 2956672524
P 163 97 2973384205
P 164 97 2973318669
P 165 97 2990030605
P 166 97 3006742285
P 167 97 3023453965
P 40 98 537210369
P 41 98 537210369
P 42 98 553987585
P 43 98 553987585
P 44 98 553987585
P 45 98 570764801
P 46 98 570764545
P 47 98 570764545
P 48 98 638594305
P 49 98 638594305
P 50 98 655305985
P 51 98 655305986
P 52 98 672083202
P 53 98 672083202
P 54 98 672082946
P 55 98 688860162
P 56 98 756624386
P 57 98 756624386
P 58 98 756624386
P 59 98 773401602
P 60 98 773401602
P 61 98 790178818
P 62 98 790113026
P 63 98 790113026
P 64 98 857877251
P 65 98 874654467
P 66 98 874654467
P 67 98 891431683
P 68 98 891366147
P 69 98 908143363
P 70 98 908143107
P 71 98 924920323
P 72 98 992619011
P 73 98 992619012
P 74 98 1009396228
P 75 98 1009396228
P 76 98 1026107908
P 77 98 1026107908
P 78 98 1042885124
P 79 98 1042885124
P 80 98 1127361028
P 81 98 1127361028
P 82 98 1144072453
P 83 98 1144072453
P 84 98 1160849669
P 85 98 1160849669
P 86 98 1177626885
P 87 98 1177561349
P 88 98 1262037253
P 89 98 1278814469
P 90 98 1278748678
P 91 98 1295525894
P 92 98 1295525894
P 93 98 1312303110
P 94 98 1329014790
P 95 98 1329014790
P 96 98 1413425158
P 97 98 1430202375
P 98 98 1430136583
P 99 98 1446914055
P 100 98 1463625735
P 101 98 1463625991
P 102 98 1480337671
P 103 98 1480337671
P 104 98 1581459975
P 105 98 1581459975
P 106 98 1598171655
P 107 98 1614883335
P 108 98 1614883591
P 109 98 1631595271
P 110 98 1631595271
P 111 98 1648307207
P 112 98 1749429256
P 113 98 1749363976
P 114 98 1766075656
P 115 98 1782852872
P 116 98 1782787592
P 117 98 1799499272
P 118 98 1816276488
P 119 98 1816211208
P 120 98 1917267721
P 121 98 1934044937
P 122 98 1950691081
P 123 98 1950691337
P 124 98 1967403017
P 125 98 1984114953
P 126 98 1984114953
P 127 98 2000826633
P 128 98 2101883401
P 129 98 2118595081
P 130 98 2135306761
P 131 98 2135241481
P 132 98 2151953161
P 133 98 2168665097
P 134 98 2168665098
P 135 98 2185376778
P 136 98 2303145226
P 137 98 2303079690
P 138 98 2319791370
P 139 98 2336503050
P 140 98 2353214986
P 141 98 2353149450
P 142 98 2369861130
P 143 98 2386638602
P 144 98 2504341259
P 145 98 2504275979
P 146 98 2520922123
P 147 98 2537699339
P 148 98 2554411275
P 149 98 2554345739
P 150 98 2571057419
P 151 98 2587769355
P 152 98 2705472012
P 153 98 2722183692
P 154 98 2738829836
P 155 98 2738764556
P 156 98 2755476236
P 157 98 2772188172
P 158 98 2788965388
P 159 98 2805677068
P 160 98 2923314444
P 161 98 2940026125
P 162 98 2956672269
P 163 98 2973384205
P 164 98 2973318669
P 165 98 2990030605
P 166 98 3006742285
P 167 98 3023453965
P 40 99 537210369
P 41 99 537210369
P 42 99 553987585
P 43 99 553987585
P 44 99 553987585
P 45 99 570764801
P 46 99 570764801
P 47 99 570764545
P 48 99 638594305
P 49 99 638594305
P 50 99 655305985
P 51 99 655305985
P 52 99 672083202
P 53 99 672083202
P 54 99 672083202
P 55 99 688860162
P 56 99 756624386
P 57 99 756624386
P 58 99 756624386
P 59 99 773401602
P 60 99 773401602
P 61 99 790113282
P 62 99 790113282
P 63 99 790113026
P 64 99 857877251
P 65 99 874654467
P 66 99 874654467
P 67 99 891366147
P 68 99 891366147
P 69 99 908143363
P 70 99 908143363
P 71 99 924920323
P 72 99 992619011
P 73 99 992619012
P 74 99 1009396228
P 75 99 1009330692
P 76 99 1026107908
P 77 99 1026107908
P 78 99 1042885124
P 79 99 1042885124
P 80 99 1127361028
P 81 99 1127361028
P 82 99 1144072709
P 83 99 1144072453
P 84 99 1160849669
P 85 99 1160849669
P 86 99 1177626885
P 87 99 1177561349
P 88 99 1262037253
P 89 99 1278814469
P 90 99 1278748934
P 91 99 1295525894
P 92 99 1295525894
P 93 99 1312237574
P 94 99 1329014790
P 95 99 1329014790
P 96 99 1413425158
P 97 99 1430202375
P 98 99 1430136839
P 99 99 1446913799
P 100 99 1463625735
P 101 99 1463625735
P 102 99 1480337671
P 103 99 1480337671
P 104 99 1581459719
P 105 99 1581459975
P 106 99 1598171655
P 107 99 1614883335
P 108 99 1614883335
P 109 99 1631595271
P 110 99 1631595271
P 111 99 1648306951
P 112 99 1749429256
P 113 99 1749363720
P 114 99 1766141192
P 115 99 1782852872
P 116 99 1782787336
P 117 99 1799499272
P 118 99 1816276488
P 119 99 1816210952
P 120 99 1917267721
P 121 99 1934044937
P 122 99 1950756617
P 123 99 1950691081
P 124 99 1967403017
P 125 99 1984114697
P 126 99 1984114953
P 127 99 2000826633
P 128 99 2101883145
P 129 99 2118595081
P 130 99 2135306761
P 131 99 2135241225
P 132 99 2151953162
P 133 99 2168664842
P 134 99 2168665098
P 135 99 2185376778
P 136 99 2303144970
P 137 99 2303079690
P 138 99 2319791370
P 139 99 2336503050
P 140 99 2353214730
P 141 99 2353149450
P 142 99 2369861130
P 143 99 2386638346
P 144 99 2504341259
P 145 99 2504275723
P 146 99 2520987659
P 147 99 2537699339
P 148 99 2554411019
P 149 99 2554345739
P 150 99 2571057419
P 151 99 2587769099
P 152 99 2705472012
P 153 99 2722183692
P 154 99 2738895372
P 155 99 2738764300
P 156 99 2755476236
P 157 99 2772187916
P 158 99 2788965388
P 159 99 2805677068
P 160 99 2923314189
P 161 99 2940026125
P 162 99 2956737805
P 163 99 2973383949
P 164 99 2973318669
P 165 99 2990030349
P 166 99 3006742285
P 167 99 3023453965
P 40 100 537210625
P 41 100 537210369
P 42 100 553987585
P 43 100 553987585
P 44 100 553987585
P 45 100 570764801
P 46 100 570764801
P 47 100 570764801
P 48 100 638594561
P 49 100 638528769
P 50 100 655305985
P 51 100 655305985
P 52 100 672083202
P 53 100 672083202
P 54 100 672083202
P 55 100 688860418
P 56 100 756624642
P 57 100 756624386
P 58 100 756624386
P 59 100 773401602
P 60 100 773336066
P 61 100 790113282
P 62 100 790113282
P 63 100 790113282
P 64 100 857877507
P 65 100 874654467
P 66 100 874654467
P 67 100 891366147
P 68 100 891366147
P 69 100 908143363
P 70 100 908143363
P 71 100 924920579
P 72 100 992619267
P 73 100 992619012
P 74 100 1009396228
P 75 100 1009330692
P 76 100 1026107908
P 77 100 1026107908
P 78 100 1042885124
P 79 100 1042885124
P 80 100 1127361028
P 81 100 1127295492
P 82 100 1144072709
P 83 100 1144072709
P 84 100 1160849925
P 85 100 1160849669
P 86 100 1177561349
P 87 100 1177561349
P 88 100 1262037253
P 89 100 1278748933
P 90 100 1278748934
P 91 100 1295526150
P 92 100 1295460614
P 93 100 1312237574
P 94 100 1329014790
P 95 100 1329014790
P 96 100 1413425158
P 97 100 1430136839
P 98 100 1430136839
P 99 100 1446914055
P 100 100 1463625735
P 101 100 1463625735
P 102 100 1480337415
P 103 100 1480337671
P 104 100 1581459719
P 105 100 1581459719
P 106 100 1598171655
P 107 100 1614948871
P 108 100 1614883335
P 109 100 1631595015
P 110 100 1631595271
P 111 100 1648306952
P 112 100 1749429256
P 113 100 1749363720
P 114 100 1766140936
P 115 100 1782852872
P 116 100 1782787336
P 117 100 1799499016
P 118 100 1816276488
P 119 100 1816210952
P 120 100 1917267721
P 121 100 1934044937
P 122 100 1950756617
P 123 100 1950691081
P 124 100 1967403017
P 125 100 1984114697
P 126 100 1984114697
P 127 100 2000826633
P 128 100 2101883145
P 129 100 2118594825
P 130 100 2135306762
P 131 100 2135306762
P 132 100 2151953162
P 133 100 2168664842
P 134 100 2168664842
P 135 100 2185376778
P 136 100 2303144970
P 137 100 2303079434
P 138 100 2319791370
P 139 100 2336568586
P 140 100 2353214730
P 141 100 2353149194
P 142 100 2369861130
P 143 100 2386638346
P 144 100 2504341259
P 145 100 2504275723
P 146 100 2520987403
P 147 100 2537699339
P 148 100 2554411019
P 149 100 2554345483
P 150 100 2571057419
P 151 100 2587769099
P 152 100 2705472012
P 153 100 2722183692
P 154 100 2738895372
P 155 100 2738829836
P 156 100 2755476236
P 157 100 2772187916
P 158 100 2788965132
P 159 100 2805677068
P 160 100 2923314189
P 161 100 2940025869
P 162 100 2956737805
P 163 100 2973449485
P 164 100 2973318669
P 165 100 2990030349
P 166 100 3006742029
P 167 100 3023453965
P 40 101 537210625
P 41 101 537210625
P 42 101 553987585
P 43 101 553987585
P 44 101 553987585
P 45 101 570764801
P 46 101 570764801
P 47 101 570764801
P 48 101 638594561
P 49 101 638529025
P 50 101 655305985
P 51 101 655305985
P 52 101 672083202
P 53 101 672083202
P 54 101 672083202
P 55 101 688860418
P 56 101 756624642
P 57 101 756624642
P 58 101 756624386
P 59 101 773401602
P 60 101 773336066
P 61 101 790113282
P 62 101 790113282
P 63 101 790113282
P 64 101 857877507
P 65 101 874654723
P 66 101 874588931
P 67 101 891366147
P 68 101 891366147
P 69 101 908143363
P 70 101 908143363
P 71 101 924920579
P 72 101 992619267
P 73 101 992619268
P 74 101 1009330692
P 75 101 1009330692
P 76 101 1026107908
P 77 101 1026107908
P 78 101 1042885124
P 79 101 1042885124
P 80 101 1127361028
P 81 101 1127295492
P 82 101 1144072709
P 83 101 1144072709
P 84 101 1160849925
P 85 101 1160784389
P 86 101 1177561349
P 87 101 1177561349
P 88 101 1262037253
P 89 101 1278748933
P 90 101 1278748934
P 91 101 1295526150
P 92 101 1295460614
P 93 101 1312237830
P 94 101 1329014790
P 95 101 1328949254
P 96 101 1413425158
P 97 101 1430136838
P 98 101 1430136839
P 99 101 1446914055
P 100 101 1463625735
P 101 101 1463625735
P 102 101 1480337415
P 103 101 1480337415
P 104 101 1581459719
P 105 101 1581459719
P 106 101 1598171399
P 107 101 1614948871
P 108 101 1614883335
P 109 101 1631595016
P 110 101 1631595016
P 111 101 1648306952
P 112 101 1749429000
P 113 101 1749363720
P 114 101 1766140936
P 115 101 1782852616
P 116 101 1782852872
P 117 101 1799499016
P 118 101 1816276232
P 119 101 1816210952
P 120 101 1917267465
P 121 101 1934044937
P 122 101 1950756617
P 123 101 1950691081
P 124 101 1967468297
P 125 101 1984114697
P 126 101 1984114697
P 127 101 2000826377
P 128 101 2101883146
P 129 101 2118594826
P 130 101 2135306506
P 131 101 2135306762
P 132 101 2152018442
P 133 101 2168664842
P 134 101 2168664842
P 135 101 2185376522
P 136 101 2303144970
P 137 101 2303079434
P 138 101 2319791114
P 139 101 2336568586
P 140 101 2353280266
P 141 101 2353149194
P 142 101 2369860874
P 143 101 2386638347
P 144 101 2504341003
P 145 101 2504275723
P 146 101 2520987403
P 147 101 2537699083
P 148 101 2554476555
P 149 101 2554345483
P 150 101 2571057163
P 151 101 2587769099
P 152 101 2705471756
P 153 101 2722183692
P 154 101 2738895372
P 155 101 2738829836
P 156 101 2755541516
P 157 101 2772187916
P 158 101 2788965132
P 159 101 2805676812
P 160 101 2923314189
P 161 101 2940025869
P 162 101 2956737549
P 163 101 2973449485
P 164 101 2973383949
P 165 101 2990030349
P 166 101 3006742029
P 167 101 3023453709
P 40 102 537210625
P 41 102 537210625
P 42 102 553987841
P 43 102 553987841
P 44 102 553987585
P 45 102 570764801
P 46 102 570764801
P 47 102 570764801
P 48 102 638529025
P 49 102 638529025
P 50 102 655306241
P 51 102 655306241
P 52 102 672083202
P 53 102 672083202
P 54 102 672083202
P 55 102 688860418
P 56 102 756624642
P 57 102 756624642
P 58 102 756624642
P 59 102 773336322
P 60 102 773336066
P 61 102 790113282
P 62 102 790113282
P 63 102 790113282
P 64 102 857877507
P 65 102 874654723
P 66 102 874589187
P 67 102 891366403
P 68 102 891366147
P 69 102 908143363
P 70 102 908143363
P 71 102 924920579
P 72 102 992619267
P 73 102 992619268
P 74 102 1009330948
P 75 102 1009330948
P 76 102 1026107908
P 77 102 1026107908
P 78 102 1042885124
P 79 102 1042885124
P 80 102 1127295492
P 81 102 1127295492
P 82 102 1144072709
P 83 102 1144072709
P 84 102 1160849925
P 85 102 1160784389
P 86 102 1177561605
P 87 102 1177561605
P 88 102 1261971717
P 89 102 1278748933
P 90 102 1278748934
P 91 102 1295460614
P 92 102 1295460614
P 93 102 1312237830
P 94 102 1328949510
P 95 102 1328949510
P 96 102 1413359622
P 97 102 1430136838
P 98 102 1430136839
P 99 102 1446848519
P 100 102 1463625735
P 101 102 1463625735
P 102 102 1480337415
P 103 102 1480337415
P 104 102 1581459463
P 105 102 1581459719
P 106 102 1598171400
P 107 102 1614948872
P 108 102 1614883336
P 109 102 1631660552
P 110 102 1631595016
P 111 102 1648306952
P 112 102 1749429000
P 113 102 1749363464
P 114 102 1766140936
P 115 102 1782852616
P 116 102 1782852616
P 117 102 1799564552
P 118 102 1816276232
P 119 102 1816210952
P 120 102 1917267465
P 121 102 1934044681
P 122 102 1950756617
P 123 102 1950691081
P 124 102 1967468297
P 125 102 1984179977
P 126 102 1984114697
P 127 102 2000826377
P 128 102 2101882890
P 129 102 2118594826
P 130 102 2135306506
P 131 102 2135306762
P 132 102 2152018442
P 133 102 2168730122
P 134 102 2168664842
P 135 102 2185376522
P 136 102 2303144714
P 137 102 2303079434
P 138 102 2319791114
P 139 102 2336568586
P 140 102 2353280266
P 141 102 2353214731
P 142 102 2369860875
P 143 102 2386638347
P 144 102 2504341003
P 145 102 2504275467
P 146 102 2520987403
P 147 102 2537699083
P 148 102 2554476299
P 149 102 2554411019
P 150 102 2571057163
P 151 102 2587769099
P 152 102 2705471756
P 153 102 2722183436
P 154 102 2738895372
P 155 102 2738829836
P 156 102 2755541516
P 157 102 2772253196
P 158 102 2788965132
P 159 102 2805676812
P 160 102 2923313933
P 161 102 2940025869
P 162 102 2956737549
P 163 102 2973449485
P 164 102 2973383949
P 165 102 2990095629
P 166 102 3006742029
P 167 102 3023453709
P 40 103 537210625
P 41 103 537210625
P 42 103 553987841
P 43 103 553987841
P 44 103 553987841
P 45 103 570764801
P 46 103 570764801
P 47 103 570764801
P 48 103 638529025
P 49 103 638529025
P 50 103 655306241
P 51 103 655306241
P 52 103 672083458
P 53 103 672083202
P 54 103 672083202
P 55 103 688860418
P 56 103 756624642
P 57 103 756624642
P 58 103 756624642
P 59 103 773336322
P 60 103 773336322
P 61 103 790113282
P 62 103 790113282
P 63 103 790113282
P 64 103 857877507
P 65 103 874589187
P 66 103 874589187
P 67 103 891366403
P 68 103 891366403
P 69 103 908143363
P 70 103 908143363
P 71 103 924855043
P 72 103 992619267
P 73 103 992553732
P 74 103 1009330948
P 75 103 1009330948
P 76 103 1026108164
P 77 103 1026107908
P 78 103 1042885124
P 79 103 1042819588
P 80 103 1127295492
P 81 103 1127295492
P 82 103 1144072709
P 83 103 1144072709
P 84 103 1160784389
P 85 103 1160784389
P 86 103 1177561605
P 87 103 1177496069
P 88 103 1261971973
P 89 103 1278748933
P 90 103 1278748934
P 91 103 1295460614
P 92 103 1295460614
P 93 103 1312237830
P 94 103 1328949510
P 95 103 1328949510
P 96 103 1413359878
P 97 103 1430136838
P 98 103 1430136839
P 99 103 1446848519
P 100 103 1463625735
P 101 103 1463625735
P 102 103 1480337415
P 103 103 1480337415
P 104 103 1581459464
P 105 103 1581459464
P 106 103 1598171400
P 107 103 1614948616
P 108 103 1614883336
P 109 103 1631660552
P 110 103 1631595016
P 111 103 1648306696
P 112 103 1749429000
P 113 103 1749363464
P 114 103 1766140680
P 115 103 1782852616
P 116 103 1782852616
P 117 103 1799564296
P 118 103 1816276232
P 119 103 1816210696
P 120 103 1917267465
P 121 103 1934044681
P 122 103 1950756361
P 123 103 1950691081
P 124 103 1967468297
P 125 103 1984179977
P 126 103 1984114441
P 127 103 2000826377
P 128 103 2101882890
P 129 103 2118594570
P 130 103 2135306506
P 131 103 2135306506
P 132 103 2152018442
P 133 103 2168730122
P 134 103 2168664586
P 135 103 2185376522
P 136 103 2303144714
P 137 103 2303079178
P 138 103 2319791114
P 139 103 2336568331
P 140 103 2353280267
P 141 103 2353214731
P 142 103 2369926411
P 143 103 2386638091
P 144 103 2504341003
P 145 103 2504275467
P 146 103 2520987147
P 147 103 2537699083
P 148 103 2554476299
P 149 103 2554410763
P 150 103 2571122699
P 151 103 2587768843
P 152 103 2705471756
P 153 103 2722183436
P 154 103 2738895116
P 155 103 2738829836
P 156 103 2755541516
P 157 103 2772253196
P 158 103 2788964876
P 159 103 2805676812
P 160 103 2923313933
P 161 103 2940025613
P 162 103 2956737549
P 163 103 2973449229
P 164 103 2973383949
P 165 103 2990095629
P 166 103 3006807309
P 167 103 3023453709
P 40 104 553989633
P 41 104 570766849
P 42 104 570766849
P 43 104 570766593
P 44 104 587543809
P 45 104 587543809
P 46 104 587543809
P 47 104 604320769
P 48 104 655307778
P 49 104 672084994
P 50 104 672084994
P 51 104 672084994
P 52 104 688862210
P 53 104 688862210
P 54 104 705639426
P 55 104 705639170
P 56 104 773403394
P 57 104 773403394
P 58 104 790115074
P 59 104 790115074
P 60 104 790115074
P 61 104 806892291
P 62 104 806892291
P 63 104 823669251
P 64 104 891367939
P 65 104 891367939
P 66 104 908145155
P 67 104 908145155
P 68 104 924922371
P 69 104 924922371
P 70 104 941699587
P 71 104 941633795
P 72 104 1009332484
P 73 104 1026109700
P 74 104 1026109700
P 75 104 1042886916
P 76 104 1042886916
P 77 104 1059664132
P 78 104 1059664132
P 79 104 1076375556
P 80 104 1160851461
P 81 104 1160851461
P 82 104 1177628677
P 83 104 1177628677
P 84 104 1194340357
P 85 104 1194340357
P 86 104 1211117573
P 87 104 1211051781
P 88 104 1295527686
P 89 104 1312304902
P 90 104 1312239366
P 91 104 1329016582
P 92 104 1329016582
P 93 104 1345728262
P 94 104 1345728262
P 95 104 1362505222
P 96 104 1446915591
P 97 104 1463692807
P 98 104 1463627271
P 99 104 1480404487
P 100 104 1480404487
P 101 104 1497116167
P 102 104 1513893383
P 103 104 1513893127
P 104 104 1615015176
P 105 104 1615015432
P 106 104 1631727112
P 107 104 1648504328
P 108 104 1648439048
P 109 104 1665216264
P 110 104 1665150984
P 111 104 1681928200
P 112 104 1782984713
P 113 104 1782919433
P 114 104 1799696649
P 115 104 1816408329
P 116 104 1816408585
P 117 104 1833120265
P 118 104 1849832201
P 119 104 1849832201
P 120 104 1950823178
P 121 104 1967600650
P 122 104 1984312330
P 123 104 1984246794
P 124 104 2001024266
P 125 104 2017736202
P 126 104 2017670666
P 127 104 2034447882
P 128 104 2135439114
P 129 104 2152150794
P 130 104 2168862730
P 131 104 2168862730
P 132 104 2185574410
P 133 104 2202286346
P 134 104 2218998026
P 135 104 2218998026
P 136 104 2336700939
P 137 104 2353412619
P 138 104 2353347339
P 139 104 2370124555
P 140 104 2386836235
P 141 104 2403548171
P 142 104 2403482635
P 143 104 2420194315
P 144 104 2537897228
P 145 104 2554608908
P 146 104 2571320844
P 147 104 2571255308
P 148 104 2588032524
P 149 104 2604744460
P 150 104 2621456140
P 151 104 2621390604
P 152 104 2755805197
P 153 104 2755739661
P 154 104 2772451597
P 155 104 2789163277
P 156 104 2805874957
P 157 104 2822586893
P 158 104 2822521613
P 159 104 2839298829
P 160 104 2973647630
P 161 104 2973582350
P 162 104 2990294030
P 163 104 3007005710
P 164 104 3023717646
P 165 104 3040429326
P 166 104 3057141262
P 167 104 3057075726
P 40 105 553989633
P 41 105 570766849
P 42 105 570766849
P 43 105 570766849
P 44 105 587543809
P 45 105 587543809
P 46 105 587543809
P 47 105 604321025
P 48 105 655307778
P 49 105 672084994
P 50 105 672084994
P 51 105 672084994
P 52 105 688862210
P 53 105 688862210
P 54 105 705639426
P 55 105 705639426
P 56 105 773403394
P 57 105 773337858
P 58 105 790115074
P 59 105 790115074
P 60 105 790115074
P 61 105 806892290
P 62 105 806892291
P 63 105 823669507
P 64 105 891367939
P 65 105 891367939
P 66 105 908145155
P 67 105 908145155
P 68 105 924922371
P 69 105 924922371
P 70 105 941634051
P 71 105 941634051
P 72 105 1009332484
P 73 105 1026109700
P 74 105 1026109700
P 75 105 1042886916
P 76 105 1042886916
P 77 105 1059664132
P 78 105 1059598596
P 79 105 1076375812
P 80 105 1160851461
P 81 105 1160851461
P 82 105 1177628677
P 83 105 1177563141
P 84 105 1194340357
P 85 105 1194340357
P 86 105 1211052037
P 87 105 1211052037
P 88 105 1295527686
P 89 105 1312239366
P 90 105 1312239366
P 91 105 1329016582
P 92 105 1329016582
P 93 105 1345728262
P 94 105 1345728262
P 95 105 1362505478
P 96 105 1446915591
P 97 105 1463627271
P 98 105 1463627271
P 99 105 1480404487
P 100 105 1480404487
P 101 105 1497116167
P 102 105 1513893383
P 103 105 1513893383
P 104 105 1615015176
P 105 105 1615015176
P 106 105 1631727112
P 107 105 1648504328
P 108 105 1648438792
P 109 105 1665216264
P 110 105 1665150728
P 111 105 1681928200
P 112 105 1783050249
P 113 105 1782919177
P 114 105 1799696649
P 115 105 1816408329
P 116 105 1816408329
P 117 105 1833120265
P 118 105 1849831945
P 119 105 1849832201
P 120 105 1950888714
P 121 105 1967600394
P 122 105 1984312330
P 123 105 1984246794
P 124 105 2001024010
P 125 105 2017735946
P 126 105 2017670666
P 127 105 2034447882
P 128 105 2135438858
P 129 105 2152150794
P 130 105 2168862474
P 131 105 2168862730
P 132 105 2185574410
P 133 105 2202286090
P 134 105 2218998027
P 135 105 2218998027
P 136 105 2336766219
P 137 105 2353412619
P 138 105 2353347083
P 139 105 2370124555
P 140 105 2386836235
P 141 105 2403547915
P 142 105 2403482635
P 143 105 2420194315
P 144 105 2537962508
P 145 105 2554608908
P 146 105 2571320588
P 147 105 2571255308
P 148 105 2588032524
P 149 105 2604744204
P 150 105 2621456140
P 151 105 2621390604
P 152 105 2755870477
P 153 105 2755739661
P 154 105 2772451341
P 155 105 2789163277
P 156 105 2805874957
P 157 105 2822586637
P 158 105 2822521357
P 159 105 2839298829
P 160 105 2973713166
P 161 105 2973582094
P 162 105 2990294030
P 163 105 3007005710
P 164 105 3023717390
P 165 105 3040429326
P 166 105 3057141006
P 167 105 3057075726
P 40 106 553989633
P 41 106 570766849
P 42 106 570766849
P 43 106 570766849
P 44 106 587544065
P 45 106 587544065
P 46 106 587543809
P 47 106 604321025
P 48 106 655308033
P 49 106 672085250
P 50 106 672084994
P 51 106 672084994
P 52 106 688862210
P 53 106 688862210
P 54 106 705639426
P 55 106 705639426
P 56 106 773403650
P 57 106 773338114
P 58 106 790115074
P 59 106 790115074
P 60 106 790115074
P 61 106 806892290
P 62 106 806892291
P 63 106 823669507
P 64 106 891368195
P 65 106 891368195
P 66 106 908145155
P 67 106 908145155
P 68 106 924922371
P 69 106 924922371
P 70 106 941634051
P 71 106 941634051
P 72 106 1009332740
P 73 106 1026109956
P 74 106 1026109700
P 75 106 1042886916
P 76 106 1042886916
P 77 106 1059664132
P 78 106 1059598596
P 79 106 1076375812
P 80 106 1160851717
P 81 106 1160851717
P 82 106 1177563141
P 83 106 1177563141
P 84 106 1194340357
P 85 106 1194340357
P 86 106 1211052037
P 87 106 1211052037
P 88 106 1295527942
P 89 106 1312239622
P 90 106 1312239366
P 91 106 1329016582
P 92 106 1328951046
P 93 106 1345728262
P 94 106 1345728262
P 95 106 1362505478
P 96 106 1446915847
P 97 106 1463627527
P 98 106 1463627271
P 99 106 1480404487
P 100 106 1480338951
P 101 106 1497116167
P 102 106 1513893383
P 103 106 1513893383
P 104 106 1615015432
P 105 106 1615015432
P 106 106 1631726856
P 107 106 1648504328
P 108 106 1648438792
P 109 106 1665216264
P 110 106 1665150728
P 111 106 1681927944
P 112 106 1783050249
P 113 106 1782984713
P 114 106 1799696393
P 115 106 1816408329
P 116 106 1816408329
P 117 106 1833120265
P 118 106 1849831945
P 119 106 1849831945
P 120 106 1950888714
P 121 106 1967600394
P 122 106 1984312074
P 123 106 1984246794
P 124 106 2001024010
P 125 106 2017735946
P 126 106 2017670410
P 127 106 2034447882
P 128 106 2135438858
P 129 106 2152216330
P 130 106 2168862474
P 131 106 2168862474
P 132 106 2185574411
P 133 106 2202286091
P 134 106 2218997771
P 135 106 2218998027
P 136 106 2336766219
P 137 106 2353478155
P 138 106 2353347083
P 139 106 2370124299
P 140 106 2386836235
P 141 106 2403547915
P 142 106 2403482379
P 143 106 2420194315
P 144 106 2537962508
P 145 106 2554674444
P 146 106 2571320588
P 147 106 2571255052
P 148 106 2588032524
P 149 106 2604744204
P 150 106 2621455884
P 151 106 2621390604
P 152 106 2755870477
P 153 106 2755805197
P 154 106 2772451341
P 155 106 2789163021
P 156 106 2805874957
P 157 106 2822586637
P 158 106 2822521101
P 159 106 2839298573
P 160 106 2973713166
P 161 106 2973647630
P 162 106 2990293774
P 163 106 3007005710
P 164 106 3023717390
P 165 106 3040429326
P 166 106 3057141006
P 167 106 3057075470
P 40 107 553989633
P 41 107 570766849
P 42 107 570766849
P 43 107 570766849
P 44 107 587544065
P 45 107 587544065
P 46 107 587544065
P 47 107 604321025
P 48 107 655308033
P 49 107 672085250
P 50 107 672085250
P 51 107 672084994
P 52 107 688862210
P 53 107 688862210
P 54 107 705639426
P 55 107 705639426
P 56 107 773338114
P 57 107 773338114
P 58 107 790115330
P 59 107 790115074
P 60 107 790115074
P 61 107 806892290
P 62 107 806892291
P 63 107 823669507
P 64 107 891368195
P 65 107 891368195
P 66 107 908145411
P 67 107 908145155
P 68 107 924922371
P 69 107 924856835
P 70 107 941634051
P 71 107 941634051
P 72 107 1009332740
P 73 107 1026109956
P 74 107 1026109956
P 75 107 1042886916
P 76 107 1042886916
P 77 107 1059598596
P 78 107 1059598596
P 79 107 1076375812
P 80 107 1160851717
P 81 107 1160851717
P 82 107 1177563397
P 83 107 1177563141
P 84 107 1194340357
P 85 107 1194274821
P 86 107 1211052037
P 87 107 1211052037
P 88 107 1295462406
P 89 107 1312239622
P 90 107 1312239622
P 91 107 1328951046
P 92 107 1328951046
P 93 107 1345728262
P 94 107 1345728262
P 95 107 1362505478
P 96 107 1446850311
P 97 107 1463627527
P 98 107 1463627527
P 99 107 1480338951
P 100 107 1480338951
P 101 107 1497116167
P 102 107 1513893383
P 103 107 1513893383
P 104 107 1615015432
P 105 107 1615015432
P 106 107 1631727112
P 107 107 1648504072
P 108 107 1648438792
P 109 107 1665216008
P 110 107 1665150728
P 111 107 1681927944
P 112 107 1783049993
P 113 107 1782984713
P 114 107 1799696393
P 115 107 1816408073
P 116 107 1816408329
P 117 107 1833120009
P 118 107 1849831945
P 119 107 1849831945
P 120 107 1950888458
P 121 107 1967600394
P 122 107 1984377610
P 123 107 1984246538
P 124 107 2001024010
P 125 107 2017735690
P 126 107 2017670410
P 127 107 2034447626
P 128 107 2135438858
P 129 107 2152216075
P 130 107 2168928011
P 131 107 2168862475
P 132 107 2185574155
P 133 107 2202286091
P 134 107 2218997771
P 135 107 2218997771
P 136 107 2336766219
P 137 107 2353477899
P 138 107 2353412619
P 139 107 2370124299
P 140 107 2386835979
P 141 107 2403547915
P 142 107 2403482379
P 143 107 2420194059
P 144 107 2537962508
P 145 107 2554674188
P 146 107 2571386124
P 147 107 2571255052
P 148 107 2588032268
P 149 107 2604744204
P 150 107 2621455884
P 151 107 2621390348
P 152 107 2755870477
P 153 107 2755804941
P 154 107 2772516877
P 155 107 2789163021
P 156 107 2805874701
P 157 107 2822586637
P 158 107 2822521101
P 159 107 2839298317
P 160 107 2973712910
P 161 107 2973647630
P 162 107 2990359310
P 163 107 3007005454
P 164 107 3023717390
P 165 107 3040429070
P 166 107 3057141006
P 167 107 3057075470
P 40 108 553989889
P 41 108 570766849
P 42 108 570766849
P 43 108 570766849
P 44 108 587544065
P 45 108 587544065
P 46 108 587544065
P 47 108 604321281
P 48 108 655308289
P 49 108 672085250
P 50 108 672085250
P 51 108 672085250
P 52 108 688862466
P 53 108 688862210
P 54 108 705639426
P 55 108 705639426
P 56 108 773338114
P 57 108 773338114
P 58 108 790115330
P 59 108 790115330
P 60 108 790115330
P 61 108 806892290
P 62 108 806892291
P 63 108 823669507
P 64 108 891368195
P 65 108 891368195
P 66 108 908145411
P 67 108 908145411
P 68 108 924857091
P 69 108 924856835
P 70 108 941634051
P 71 108 941634051
P 72 108 1009332740
P 73 108 1026109956
P 74 108 1026109956
P 75 108 1042887172
P 76 108 1042821636
P 77 108 1059598596
P 78 108 1059598596
P 79 108 1076375812
P 80 108 1160851717
P 81 108 1160786181
P 82 108 1177563397
P 83 108 1177563397
P 84 108 1194275077
P 85 108 1194274821
P 86 108 1211052037
P 87 108 1211052037
P 88 108 1295462406
P 89 108 1312239622
P 90 108 1312239622
P 91 108 1328951302
P 92 108 1328951302
P 93 108 1345728262
P 94 108 1345728262
P 95 108 1362505478
P 96 108 1446850311
P 97 108 1463627527
P 98 108 1463627527
P 99 108 1480339207
P 100 108 1480339207
P 101 108 1497116167
P 102 108 1513893383
P 103 108 1513893383
P 104 108 1615015432
P 105 108 1614949896
P 106 108 1631727112
P 107 108 1648504328
P 108 108 1648438792
P 109 108 1665216008
P 110 108 1665150472
P 111 108 1681927944
P 112 108 1783049993
P 113 108 1782984457
P 114 108 1799696393
P 115 108 1816473609
P 116 108 1816408329
P 117 108 1833120009
P 118 108 1849831689
P 119 108 1849831945
P 120 108 1950888458
P 121 108 1967600138
P 122 108 1984377610
P 123 108 1984312074
P 124 108 2001024010
P 125 108 2017735690
P 126 108 2017670154
P 127 108 2034447626
P 128 108 2135438859
P 129 108 2152216075
P 130 108 2168927755
P 131 108 2168862475
P 132 108 2185574155
P 133 108 2202285835
P 134 108 2218997771
P 135 108 2218997771
P 136 108 2336766219
P 137 108 2353477899
P 138 108 2353412363
P 139 108 2370124299
P 140 108 2386835979
P 141 108 2403547659
P 142 108 2403482379
P 143 108 2420194060
P 144 108 2537962508
P 145 108 2554674188
P 146 108 2571385868
P 147 108 2571320588
P 148 108 2588032268
P 149 108 2604743948
P 150 108 2621455884
P 151 108 2621390348
P 152 108 2755870477
P 153 108 2755804941
P 154 108 2772516621
P 155 108 2789228557
P 156 108 2805874701
P 157 108 2822586381
P 158 108 2822521101
P 159 108 2839298317
P 160 108 2973712910
P 161 108 2973647374
P 162 108 2990359310
P 163 108 3007070990
P 164 108 3023717390
P 165 108 3040429070
P 166 108 3057140750
P 167 108 3057075470
P 40 109 553989889
P 41 109 570767105
P 42 109 570766849
P 43 109 570766849
P 44 109 587544065
P 45 109 587544065
P 46 109 587544065
P 47 109 604321281
P 48 109 655308289
P 49 109 672085506
P 50 109 672085250
P 51 109 672085250
P 52 109 688862466
P 53 109 688862466
P 54 109 705639426
P 55 109 705639426
P 56 109 773338114
P 57 109 773338114
P 58 109 790115330
P 59 109 790115330
P 60 109 790115330
P 61 109 806892546
P 62 109 806892291
P 63 109 823669507
P 64 109 891368195
P 65 109 891368195
P 66 109 908145411
P 67 109 908145411
P 68 109 924857091
P 69 109 924857091
P 70 109 941634051
P 71 109 941634051
P 72 109 1009332740
P 73 109 1026109956
P 74 109 1026109956
P 75 109 1042887172
P 76 109 1042821636
P 77 109 1059598852
P 78 109 1059598596
P 79 109 1076375812
P 80 109 1160851717
P 81 109 1160786181
P 82 109 1177563397
P 83 109 1177563397
P 84 109 1194275077
P 85 109 1194275077
P 86 109 1211052037
P 87 109 1211052037
P 88 109 1295462406
P 89 109 1312239622
P 90 109 1312174086
P 91 109 1328951302
P 92 109 1328951302
P 93 109 1345728518
P 94 109 1345728262
P 95 109 1362439942
P 96 109 1446850311
P 97 109 1463627527
P 98 109 1463561991
P 99 109 1480339207
P 100 109 1480339207
P 101 109 1497116423
P 102 109 1513893383
P 103 109 1513827847
P 104 109 1615015432
P 105 109 1614949896
P 106 109 1631727112
P 107 109 1648504328
P 108 109 1648438792
P 109 109 1665216008
P 110 109 1665150472
P 111 109 1681927689
P 112 109 1783049993
P 113 109 1782984457
P 114 109 1799696137
P 115 109 1816473609
P 116 109 1816408073
P 117 109 1833120009
P 118 109 1849831689
P 119 109 1849831689
P 120 109 1950888458
P 121 109 1967600138
P 122 109 1984377354
P 123 109 1984312074
P 124 109 2001023754
P 125 109 2017735690
P 126 109 2017670154
P 127 109 2034447370
P 128 109 2135438603
P 129 109 2152216075
P 130 109 2168927755
P 131 109 2168862219
P 132 109 2185639691
P 133 109 2202285835
P 134 109 2218997515
P 135 109 2218997771
P 136 109 2336765963
P 137 109 2353477899
P 138 109 2353412363
P 139 109 2370124043
P 140 109 2386901515
P 141 109 2403547660
P 142 109 2403482124
P 143 109 2420194060
P 144 109 2537962252
P 145 109 2554674188
P 146 109 2571385868
P 147 109 2571320332
P 148 109 2588032268
P 149 109 2604743948
P 150 109 2621455628
P 151 109 2621390348
P 152 109 2755870221
P 153 109 2755804941
P 154 109 2772516621
P 155 109 2789228301
P 156 109 2805940237
P 157 109 2822586381
P 158 109 2822520845
P 159 109 2839298317
P 160 109 2973712654
P 161 109 2973647374
P 162 109 2990359054
P 163 109 3007070990
P 164 109 3023782670
P 165 109 3040429070
P 166 109 3057140750
P 167 109 3057075214
P 40 110 553989889
P 41 110 570767105
P 42 110 570767105
P 43 110 570767105
P 44 110 587544065
P 45 110 587544065
P 46 110 587544065
P 47 110 604321281
P 48 110 655308289
P 49 110 672085506
P 50 110 672085506
P 51 110 672085506
P 52 110 688862466
P 53 110 688862466
P 54 110 705639682
P 55 110 705639682
P 56 110 773338114
P 57 110 773338114
P 58 110 790115330
P 59 110 790115330
P 60 110 790115330
P 61 110 806892546
P 62 110 806892547
P 63 110 823669763
P 64 110 891368195
P 65 110 891368195
P 66 110 908145411
P 67 110 908079875
P 68 110 924857091
P 69 110 924857091
P 70 110 941634307
P 71 110 941634307
P 72 110 1009332740
P 73 110 1026109956
P 74 110 1026109956
P 75 110 1042821636
P 76 110 1042821636
P 77 110 1059598852
P 78 110 1059598852
P 79 110 1076376068
P 80 110 1160786181
P 81 110 1160786181
P 82 110 1177563397
P 83 110 1177497861
P 84 110 1194275077
P 85 110 1194275077
P 86 110 1211052293
P 87 110 1211052293
P 88 110 1295462406
P 89 110 1312239622
P 90 110 1312174086
P 91 110 1328951302
P 92 110 1328951302
P 93 110 1345728518
P 94 110 1345662982
P 95 110 1362440198
P 96 110 1446850311
P 97 110 1463627527
P 98 110 1463561991
P 99 110 1480339207
P 100 110 1480339207
P 101 110 1497116423
P 102 110 1513828103
P 103 110 1513828103
P 104 110 1614949896
P 105 110 1614949896
P 106 110 1631727112
P 107 110 1648438792
P 108 110 1648438792
P 109 110 1665216008
P 110 110 1665150473
P 111 110 1681927689
P 112 110 1783049737
P 113 110 1782984457
P 114 110 1799696137
P 115 110 1816473609
P 116 110 1816408073
P 117 110 1833185289
P 118 110 1849831689
P 119 110 1849831689
P 120 110 1950888202
P 121 110 1967600138
P 122 110 1984377354
P 123 110 1984312074
P 124 110 2001023754
P 125 110 2017800970
P 126 110 2017670154
P 127 110 2034447370
P 128 110 2135438347
P 129 110 2152215819
P 130 110 2168927755
P 131 110 2168862219
P 132 110 2185639435
P 133 110 2202351371
P 134 110 2218997515
P 135 110 2218997771
P 136 110 2336765963
P 137 110 2353477643
P 138 110 2353412364
P 139 110 2370124044
P 140 110 2386901260
P 141 110 2403613196
P 142 110 2403482124
P 143 110 2420194060
P 144 110 2537962252
P 145 110 2554673932
P 146 110 2571385868
P 147 110 2571320332
P 148 110 2588032012
P 149 110 2604809484
P 150 110 2621455628
P 151 110 2621390348
P 152 110 2755870221
P 153 110 2755804685
P 154 110 2772516621
P 155 110 2789228301
P 156 110 2805939981
P 157 110 2822651917
P 158 110 2822520845
P 159 110 2839298317
P 160 110 2973712654
P 161 110 2973647118
P 162 110 2990359054
P 163 110 3007070990
P 164 110 3023782670
P 165 110 3040494350
P 166 110 3057140750
P 167 110 3057075214
P 40 111 553989889
P 41 111 570767105
P 42 111 570767105
P 43 111 570767105
P 44 111 587544321
P 45 111 587544065
P 46 111 587544065
P 47 111 604321281
P 48 111 655308289
P 49 111 672085506
P 50 111 672085506
P 51 111 672085506
P 52 111 688862722
P 53 111 688862466
P 54 111 705639682
P 55 111 705639682
P 56 111 773338370
P 57 111 773338114
P 58 111 790115330
P 59 111 790115330
P 60 111 790115330
P 61 111 806892546
P 62 111 806892547
P 63 111 823669763
P 64 111 891368451
P 65 111 891368195
P 66 111 908145411
P 67 111 908079875
P 68 111 924857091
P 69 111 924857091
P 70 111 941634307
P 71 111 941634307
P 72 111 1009332996
P 73 111 1026109956
P 74 111 1026109956
P 75 111 1042821636
P 76 111 1042821636
P 77 111 1059598852
P 78 111 1059598852
P 79 111 1076310532
P 80 111 1160786437
P 81 111 1160786181
P 82 111 1177563397
P 83 111 1177497861
P 84 111 1194275077
P 85 111 1194275077
P 86 111 1211052293
P 87 111 1210986757
P 88 111 1295462662
P 89 111 1312174086
P 90 111 1312174086
P 91 111 1328951302
P 92 111 1328951302
P 93 111 1345728518
P 94 111 1345662982
P 95 111 1362440198
P 96 111 1446850567
P 97 111 1463561991
P 98 111 1463561991
P 99 111 1480339207
P 100 111 1480339207
P 101 111 1497116423
P 102 111 1513828103
P 103 111 1513828103
P 104 111 1614950152
P 105 111 1614949896
P 106 111 1631727112
P 107 111 1648438792
P 108 111 1648438792
P 109 111 1665216008
P 110 111 1665150473
P 111 111 1681927689
P 112 111 1783049737
P 113 111 1782984201
P 114 111 1799696137
P 115 111 1816473353
P 116 111 1816408073
P 117 111 1833185289
P 118 111 1849896969
P 119 111 1849831689
P 120 111 1950888202
P 121 111 1967599882
P 122 111 1984377354
P 123 111 1984311818
P 124 111 2001023754
P 125 111 2017800970
P 126 111 2017735434
P 127 111 2034447370
P 128 111 2135438347
P 129 111 2152215563
P 130 111 2168927499
P 131 111 2168862219
P 132 111 2185639435
P 133 111 2202351115
P 134 111 2219063051
P 135 111 2218997515
P 136 111 2336765964
P 137 111 2353477644
P 138 111 2353412108
P 139 111 2370124044
P 140 111 2386901260
P 141 111 2403612940
P 142 111 2403547660
P 143 111 2420193804
P 144 111 2537962252
P 145 111 2554673932
P 146 111 2571385612
P 147 111 2571320332
P 148 111 2588032012
P 149 111 2604809229
P 150 111 2621521165
P 151 111 2621390093
P 152 111 2755870221
P 153 111 2755804685
P 154 111 2772516365
P 155 111 2789228301
P 156 111 2805939981
P 157 111 2822651661
P 158 111 2822586381
P 159 111 2839298061
P 160 111 2973712654
P 161 111 2973647118
P 162 111 2990358798
P 163 111 3007070734
P 164 111 3023782670
P 165 111 3040494350
P 166 111 3057206030
P 167 111 3057075214
P 40 112 570768897
P 41 112 587546113
P 42 112 587546113
P 43 112 587545857
P 44 112 604323073
P 45 112 604323073
P 46 112 621100289
P 47 112 621100289
P 48 112 688864514
P 49 112 688864514
P 50 112 688864514
P 51 112 705641474
P 52 112 705641474
P 53 112 705641474
P 54 112 722418690
P 55 112 722418434
P 56 112 790117122
P 57 112 806894338
P 58 112 806894339
P 59 112 806894339
P 60 112 823671555
P 61 112 823671555
P 62 112 840448771
P 63 112 840448515
P 64 112 908147203
P 65 112 924924419
P 66 112 924858883
P 67 112 941636099
P 68 112 941636099
P 69 112 958413316
P 70 112 958413316
P 71 112 975190276
P 72 112 1042888964
P 73 112 1042888964
P 74 112 1059600644
P 75 112 1059600644
P 76 112 1076377860
P 77 112 1076377860
P 78 112 1093155077
P 79 112 1093089285
P 80 112 1177565189
P 81 112 1194342405
P 82 112 1194276869
P 83 112 1211053829
P 84 112 1211053829
P 85 112 1227831045
P 86 112 1227831046
P 87 112 1244542726
P 88 112 1328953094
P 89 112 1328953094
P 90 112 1345730310
P 91 112 1345730054
P 92 112 1362507270
P 93 112 1379218951
P 94 112 1379218951
P 95 112 1395996167
P 96 112 1480340999
P 97 112 1497118215
P 98 112 1497118215
P 99 112 1513895176
P 100 112 1513895176
P 101 112 1530606856
P 102 112 1530606856
P 103 112 1547383816
P 104 112 1648505865
P 105 112 1648505865
P 106 112 1665217545
P 107 112 1665217545
P 108 112 1681994761
P 109 112 1698706441
P 110 112 1698706441
P 111 112 1715483401
P 112 112 1816605450
P 113 112 1816540170
P 114 112 1833251850
P 115 112 1850029066
P 116 112 1849963786
P 117 112 1866741258
P 118 112 1883452938
P 119 112 1883387402
P 120 112 1984444171
P 121 112 2001155851
P 122 112 2017933323
P 123 112 2017867787
P 124 112 2034579723
P 125 112 2051356939
P 126 112 2051291659
P 127 112 2068003339
P 128 112 2185771531
P 129 112 2185771787
P 130 112 2202483467
P 131 112 2219195147
P 132 112 2219195403
P 133 112 2235907339
P 134 112 2252619020
P 135 112 2269330700
P 136 112 2370321932
P 137 112 2387033612
P 138 112 2403745548
P 139 112 2403680012
P 140 112 2420457484
P 141 112 2437169164
P 142 112 2453881100
P 143 112 2453815564
P 144 112 2571518221
P 145 112 2588230157
P 146 112 2604941837
P 147 112 2621653517
P 148 112 2621588237
P 149 112 2638365709
P 150 112 2655077389
P 151 112 2671789069
P 152 112 2789426446
P 153 112 2806138126
P 154 112 2822850062
P 155 112 2822784526
P 156 112 2839496462
P 157 112 2856208142
P 158 112 2872920078
P 159 112 2889631758
P 160 112 3007268879
P 161 112 3023980815
P 162 112 3040692495
P 163 112 3057404175
P 164 112 3074116111
P 165 112 3074050831
P 166 112 3090762511
P 167 112 3107474191
P 40 113 570768897
P 41 113 587546113
P 42 113 587546113
P 43 113 587546113
P 44 113 604323073
P 45 113 604323073
P 46 113 621100289
P 47 113 621100289
P 48 113 688864514
P 49 113 688864514
P 50 113 688864514
P 51 113 705641730
P 52 113 705641474
P 53 113 705641474
P 54 113 722418690
P 55 113 722418690
P 56 113 790117122
P 57 113 806894338
P 58 113 806894339
P 59 113 806894339
P 60 113 823671555
P 61 113 823671555
P 62 113 840448771
P 63 113 840448771
P 64 113 908147203
P 65 113 924858883
P 66 113 924858883
P 67 113 941636099
P 68 113 941636099
P 69 113 958413316
P 70 113 958413316
P 71 113 975190532
P 72 113 1042888964
P 73 113 1042823428
P 74 113 1059600644
P 75 113 1059600644
P 76 113 1076377860
P 77 113 1076377860
P 78 113 1093089541
P 79 113 1093089541
P 80 113 1177565189
P 81 113 1194276869
P 82 113 1194276869
P 83 113 1211054085
P 84 113 1211053829
P 85 113 1227831045
P 86 113 1227765510
P 87 113 1244542726
P 88 113 1328953094
P 89 113 1328953094
P 90 113 1345730310
P 91 113 1345730310
P 92 113 1362507270
P 93 113 1379218951
P 94 113 1379218951
P 95 113 1395996167
P 96 113 1480340999
P 97 113 1497118215
P 98 113 1497118215
P 99 113 1513895432
P 100 113 1513895176
P 101 113 1530606856
P 102 113 1530606856
P 103 113 1547384072
P 104 113 1648505865
P 105 113 1648440329
P 106 113 1665217545
P 107 113 1665217545
P 108 113 1681994761
P 109 113 1698706441
P 110 113 1698706441
P 111 113 1715483657
P 112 113 1816605450
P 113 113 1816539914
P 114 113 1833251850
P 115 113 1850029066
P 116 113 1849963530
P 117 113 1866741002
P 118 113 1883452938
P 119 113 1883387402
P 120 113 1984509451
P 121 113 2001155851
P 122 113 2017933067
P 123 113 2017867787
P 124 113 2034579467
P 125 113 2051356939
P 126 113 2051291403
P 127 113 2068003339
P 128 113 2185837067
P 129 113 2185771531
P 130 113 2202483467
P 131 113 2219195148
P 132 113 2219195148
P 133 113 2235907084
P 134 113 2252619020
P 135 113 2269330700
P 136 113 2370387212
P 137 113 2387033612
P 138 113 2403745292
P 139 113 2403680012
P 140 113 2420457228
P 141 113 2437169164
P 142 113 2453880844
P 143 113 2453815564
P 144 113 2571583757
P 145 113 2588229901
P 146 113 2604941837
P 147 113 2621653517
P 148 113 2621587981
P 149 113 2638365453
P 150 113 2655077389
P 151 113 2671789069
P 152 113 2789491726
P 153 113 2806138126
P 154 113 2822849806
P 155 113 2822784526
P 156 113 2839496206
P 157 113 2856208142
P 158 113 2872919822
P 159 113 2889631758
P 160 113 3007334415
P 161 113 3023980559
P 162 113 3040692495
P 163 113 3057404175
P 164 113 3074115855
P 165 113 3074050575
P 166 113 3090762511
P 167 113 3107474191
P 40 114 570768897
P 41 114 587546113
P 42 114 587546113
P 43 114 587546113
P 44 114 604323329
P 45 114 604323329
P 46 114 621100289
P 47 114 621100289
P 48 114 688864514
P 49 114 688864514
P 50 114 688864514
P 51 114 705641730
P 52 114 705641730
P 53 114 705641730
P 54 114 722418690
P 55 114 722418690
P 56 114 790117378
P 57 114 806894594
P 58 114 806894339
P 59 114 806894339
P 60 114 823671555
P 61 114 823671555
P 62 114 840448771
P 63 114 840383235
P 64 114 908147459
P 65 114 924859139
P 66 114 924858883
P 67 114 941636099
P 68 114 941636099
P 69 114 958413316
P 70 114 958413316
P 71 114 975190532
P 72 114 1042889220
P 73 114 1042823684
P 74 114 1059600644
P 75 114 1059600644
P 76 114 1076377860
P 77 114 1076377860
P 78 114 1093089541
P 79 114 1093089541
P 80 114 1177565445
P 81 114 1194277125
P 82 114 1194276869
P 83 114 1211054085
P 84 114 1211054085
P 85 114 1227831301
P 86 114 1227765510
P 87 114 1244542726
P 88 114 1328953094
P 89 114 1328953094
P 90 114 1345730310
P 91 114 1345730310
P 92 114 1362441990
P 93 114 1379219207
P 94 114 1379218951
P 95 114 1395930631
P 96 114 1480340999
P 97 114 1497118215
P 98 114 1497118215
P 99 114 1513895432
P 100 114 1513829896
P 101 114 1530607112
P 102 114 1530606856
P 103 114 1547318536
P 104 114 1648506120
P 105 114 1648440585
P 106 114 1665217545
P 107 114 1665217545
P 108 114 1681929225
P 109 114 1698706441
P 110 114 1698706441
P 111 114 1715418121
P 112 114 1816605706
P 113 114 1816540170
P 114 114 1833251594
P 115 114 1850029066
P 116 114 1849963530
P 117 114 1866741002
P 118 114 1883452682
P 119 114 1883387402
P 120 114 1984509451
P 121 114 2001221387
P 122 114 2017933067
P 123 114 2017867531
P 124 114 2034579467
P 125 114 2051356939
P 126 114 2051291403
P 127 114 2068003083
P 128 114 2185837067
P 129 114 2185771532
P 130 114 2202483212
P 131 114 2219195148
P 132 114 2219195148
P 133 114 2235907084
P 134 114 2252618764
P 135 114 2269330700
P 136 114 2370387212
P 137 114 2387099148
P 138 114 2403745292
P 139 114 2403679756
P 140 114 2420457228
P 141 114 2437169164
P 142 114 2453880845
P 143 114 2453815309
P 144 114 2571583757
P 145 114 2588295437
P 146 114 2604941581
P 147 114 2621653517
P 148 114 2621587981
P 149 114 2638365453
P 150 114 2655077133
P 151 114 2671789069
P 152 114 2789491726
P 153 114 2806203662
P 154 114 2822849806
P 155 114 2822784270
P 156 114 2839496206
P 157 114 2856208142
P 158 114 2872919822
P 159 114 2889631502
P 160 114 3007334415
P 161 114 3024046095
P 162 114 3040692239
P 163 114 3057404175
P 164 114 3074115855
P 165 114 3074050575
P 166 114 3090762255
P 167 114 3107474191
P 40 115 570768897
P 41 115 587546113
P 42 115 587546113
P 43 115 587546113
P 44 115 604323329
P 45 115 604323329
P 46 115 621100545
P 47 115 621100289
P 48 115 688864514
P 49 115 688864514
P 50 115 688864514
P 51 115 705641730
P 52 115 705641730
P 53 115 705641730
P 54 115 722418946
P 55 115 722418690
P 56 115 790117378
P 57 115 806894594
P 58 115 806894595
P 59 115 806894339
P 60 115 823671555
P 61 115 823671555
P 62 115 840448771
P 63 115 840383235
P 64 115 908081923
P 65 115 924859139
P 66 115 924859139
P 67 115 941636099
P 68 115 941636099
P 69 115 958413316
P 70 115 958413316
P 71 115 975190532
P 72 115 1042823684
P 73 115 1042823684
P 74 115 1059600900
P 75 115 1059600644
P 76 115 1076377860
P 77 115 1076312324
P 78 115 1093089541
P 79 115 1093089541
P 80 115 1177499909
P 81 115 1194277125
P 82 115 1194277125
P 83 115 1211054085
P 84 115 1211054085
P 85 115 1227765765
P 86 115 1227765766
P 87 115 1244542726
P 88 115 1328953094
P 89 115 1328953094
P 90 115 1345730310
P 91 115 1345664774
P 92 115 1362441990
P 93 115 1379219207
P 94 115 1379219207
P 95 115 1395930631
P 96 115 1480340999
P 97 115 1497118215
P 98 115 1497118215
P 99 115 1513829895
P 100 115 1513829896
P 101 115 1530607112
P 102 115 1530607112
P 103 115 1547318536
P 104 115 1648440584
P 105 115 1648440585
P 106 115 1665217801
P 107 115 1665152009
P 108 115 1681929225
P 109 115 1698706441
P 110 115 1698706441
P 111 115 1715418121
P 112 115 1816540170
P 113 115 1816540170
P 114 115 1833251850
P 115 115 1850028810
P 116 115 1849963530
P 117 115 1866740746
P 118 115 1883452682
P 119 115 1883387146
P 120 115 1984509451
P 121 115 2001221131
P 122 115 2017933067
P 123 115 2017867531
P 124 115 2034579211
P 125 115 2051356683
P 126 115 2051291403
P 127 115 2068003083
P 128 115 2185836812
P 129 115 2185771532
P 130 115 2202548748
P 131 115 2219194892
P 132 115 2219195148
P 133 115 2235906828
P 134 115 2252618764
P 135 115 2269330444
P 136 115 2370387212
P 137 115 2387098892
P 138 115 2403810828
P 139 115 2403679756
P 140 115 2420456973
P 141 115 2437168909
P 142 115 2453880845
P 143 115 2453815309
P 144 115 2571583501
P 145 115 2588295437
P 146 115 2605007117
P 147 115 2621653261
P 148 115 2621587981
P 149 115 2638365197
P 150 115 2655077133
P 151 115 2671788814
P 152 115 2789491726
P 153 115 2806203406
P 154 115 2822915342
P 155 115 2822784270
P 156 115 2839495950
P 157 115 2856207886
P 158 115 2872919822
P 159 115 2889631502
P 160 115 3007334159
P 161 115 3024046095
P 162 115 3040757775
P 163 115 3057403919
P 164 115 3074115855
P 165 115 3074050319
P 166 115 3090762255
P 167 115 3107473935
P 40 116 570769153
P 41 116 587546113
P 42 116 587546113
P 43 116 587546113
P 44 116 604323329
P 45 116 604323329
P 46 116 621100545
P 47 116 621100545
P 48 116 688864770
P 49 116 688864514
P 50 116 688864514
P 51 116 705641730
P 52 116 705641730
P 53 116 705641730
P 54 116 722418946
P 55 116 722418946
P 56 116 790117634
P 57 116 806894594
P 58 116 806894595
P 59 116 806894595
P 60 116 823671811
P 61 116 823671555
P 62 116 840383235
P 63 116 840383235
P 64 116 908081923
P 65 116 924859139
P 66 116 924859139
P 67 116 941636355
P 68 116 941636355
P 69 116 958413316
P 70 116 958413316
P 71 116 975190532
P 72 116 1042823684
P 73 116 1042823684
P 74 116 1059600900
P 75 116 1059600900
P 76 116 1076312580
P 77 116 1076312324
P 78 116 1093089540
P 79 116 1093089541
P 80 116 1177499909
P 81 116 1194277125
P 82 116 1194277125
P 83 116 1211054341
P 84 116 1210988805
P 85 116 1227765765
P 86 116 1227765765
P 87 116 1244542982
P 88 116 1328953350
P 89 116 1328953094
P 90 116 1345730310
P 91 116 1345664774
P 92 116 1362441990
P 93 116 1379219207
P 94 116 1379153671
P 95 116 1395930887
P 96 116 1480341255
P 97 116 1497118215
P 98 116 1497118215
P 99 116 1513829895
P 100 116 1513829896
P 101 116 1530607112
P 102 116 1530541576
P 103 116 1547318792
P 104 116 1648440840
P 105 116 1648440585
P 106 116 1665217801
P 107 116 1665152265
P 108 116 1681929481
P 109 116 1698706441
P 110 116 1698640905
P 111 116 1715418121
P 112 116 1816540170
P 113 116 1816474634
P 114 116 1833251850
P 115 116 1850029066
P 116 116 1849963530
P 117 116 1866740746
P 118 116 1883452426
P 119 116 1883387146
P 120 116 1984509451
P 121 116 2001221131
P 122 116 2017932811
P 123 116 2017933067
P 124 116 2034579211
P 125 116 2051356427
P 126 116 2051291147
P 127 116 2068003083
P 128 116 2185836812
P 129 116 2185771276
P 130 116 2202548748
P 131 116 2219260428
P 132 116 2219195148
P 133 116 2235906828
P 134 116 2252618508
P 135 116 2269330444
P 136 116 2370387212
P 137 116 2387098892
P 138 116 2403810573
P 139 116 2403745293
P 140 116 2420456973
P 141 116 2437168653
P 142 116 2453880589
P 143 116 2453815309
P 144 116 2571583501
P 145 116 2588295181
P 146 116 2605007117
P 147 116 2621718797
P 148 116 2621587982
P 149 116 2638365198
P 150 116 2655076878
P 151 116 2671788814
P 152 116 2789491726
P 153 116 2806203406
P 154 116 2822915086
P 155 116 2822849806
P 156 116 2839495950
P 157 116 2856207630
P 158 116 2872919566
P 159 116 2889631503
P 160 116 3007334159
P 161 116 3024045839
P 162 116 3040757775
P 163 116 3057469455
P 164 116 3074115855
P 165 116 3074050319
P 166 116 3090761999
P 167 116 3107473935
P 40 117 570769153
P 41 117 587546369
P 42 117 587546113
P 43 117 587546113
P 44 117 604323329
P 45 117 604323329
P 46 117 621100545
P 47 117 621100545
P 48 117 688864770
P 49 117 688864770
P 50 117 688864514
P 51 117 705641730
P 52 117 705641730
P 53 117 705641730
P 54 117 722418946
P 55 117 722353410
P 56 117 790117634
P 57 117 806894850
P 58 117 806894595
P 59 117 806894595
P 60 117 823671811
P 61 117 823606275
P 62 117 840383235
P 63 117 840383235
P 64 117 908081923
P 65 117 924859139
P 66 117 924859139
P 67 117 941636355
P 68 117 941636355
P 69 117 958413572
P 70 117 958413316
P 71 117 975124996
P 72 117 1042823684
P 73 117 1042823684
P 74 117 1059600900
P 75 117 1059600900
P 76 117 1076312580
P 77 117 1076312580
P 78 117 1093089540
P 79 117 1093089541
P 80 117 1177499909
P 81 117 1194277125
P 82 117 1194277125
P 83 117 1211054341
P 84 117 1210988805
P 85 117 1227766021
P 86 117 1227765765
P 87 117 1244542982
P 88 117 1328953350
P 89 117 1328953350
P 90 117 1345664774
P 91 117 1345664774
P 92 117 1362441990
P 93 117 1379153671
P 94 117 1379153671
P 95 117 1395930887
P 96 117 1480341255
P 97 117 1497118471
P 98 117 1497052679
P 99 117 1513829895
P 100 117 1513829896
P 101 117 1530541576
P 102 117 1530541576
P 103 117 1547318792
P 104 117 1648440840
P 105 117 1648440841
P 106 117 1665152265
P 107 117 1665152265
P 108 117 1681929481
P 109 117 1698641161
P 110 117 1698640905
P 111 117 1715418121
P 112 117 1816540170
P 113 117 1816474634
P 114 117 1833251850
P 115 117 1850029066
P 116 117 1849963530
P 117 117 1866740746
P 118 117 1883452426
P 119 117 1883386890
P 120 117 1984509195
P 121 117 2001221131
P 122 117 2017932811
P 123 117 2017932811
P 124 117 2034644747
P 125 117 2051356427
P 126 117 2051290891
P 127 117 2068002827
P 128 117 2185836812
P 129 117 2185771276
P 130 117 2202548492
P 131 117 2219260428
P 132 117 2219194892
P 133 117 2235906828
P 134 117 2252618508
P 135 117 2269330188
P 136 117 2370386957
P 137 117 2387098893
P 138 117 2403810573
P 139 117 2403745037
P 140 117 2420456973
P 141 117 2437168653
P 142 117 2453880333
P 143 117 2453815053
P 144 117 2571583501
P 145 117 2588295181
P 146 117 2605006862
P 147 117 2621718798
P 148 117 2621653262
P 149 117 2638365198
P 150 117 2655076878
P 151 117 2671788558
P 152 117 2789491470
P 153 117 2806203406
P 154 117 2822915086
P 155 117 2822849550
P 156 117 2839561486
P 157 117 2856207631
P 158 117 2872919311
P 159 117 2889631247
P 160 117 3007334159
P 161 117 3024045839
P 162 117 3040757519
P 163 117 3057469455
P 164 117 3074181135
P 165 117 3074050319
P 166 117 3090761999
P 167 117 3107473680
P 40 118 570769153
P 41 118 587546369
P 42 118 587546369
P 43 118 587546369
P 44 118 604323329
P 45 118 604323329
P 46 118 621100545
P 47 118 621100545
P 48 118 688864770
P 49 118 688864770
P 50 118 688864770
P 51 118 705641986
P 52 118 705641730
P 53 118 705641730
P 54 118 722353410
P 55 118 722353410
P 56 118 790117634
P 57 118 806894850
P 58 118 806894851
P 59 118 806894851
P 60 118 823671811
P 61 118 823606275
P 62 118 840383491
P 63 118 840383491
P 64 118 908081923
P 65 118 924859139
P 66 118 924859139
P 67 118 941636355
P 68 118 941636355
P 69 118 958413572
P 70 118 958348036
P 71 118 975125252
P 72 118 1042823684
P 73 118 1042823684
P 74 118 1059600900
P 75 118 1059535364
P 76 118 1076312580
P 77 118 1076312580
P 78 118 1093089796
P 79 118 1093089797
P 80 118 1177499909
P 81 118 1194277125
P 82 118 1194277125
P 83 118 1210988805
P 84 118 1210988805
P 85 118 1227766021
P 86 118 1227766021
P 87 118 1244543238
P 88 118 1328953350
P 89 118 1328953350
P 90 118 1345665030
P 91 118 1345665030
P 92 118 1362441990
P 93 118 1379153671
P 94 118 1379153671
P 95 118 1395930887
P 96 118 1480341255
P 97 118 1497118471
P 98 118 1497052935
P 99 118 1513830151
P 100 118 1513829896
P 101 118 1530541576
P 102 118 1530541576
P 103 118 1547318792
P 104 118 1648440840
P 105 118 1648440841
P 106 118 1665152521
P 107 118 1665152521
P 108 118 1681929481
P 109 118 1698641161
P 110 118 1698641161
P 111 118 1715418377
P 112 118 1816474634
P 113 118 1816474634
P 114 118 1833251850
P 115 118 1849963530
P 116 118 1849963530
P 117 118 1866740746
P 118 118 1883452426
P 119 118 1883386890
P 120 118 1984508939
P 121 118 2001220875
P 122 118 2017932811
P 123 118 2017932811
P 124 118 2034644491
P 125 118 2051356427
P 126 118 2051290891
P 127 118 2068002827
P 128 118 2185836556
P 129 118 2185771276
P 130 118 2202548492
P 131 118 2219260428
P 132 118 2219194892
P 133 118 2235972108
P 134 118 2252618508
P 135 118 2269330188
P 136 118 2370386701
P 137 118 2387098637
P 138 118 2403810573
P 139 118 2403745037
P 140 118 2420456717
P 141 118 2437234189
P 142 118 2453880333
P 143 118 2453815053
P 144 118 2571583246
P 145 118 2588295182
P 146 118 2605006862
P 147 118 2621718798
P 148 118 2621653262
P 149 118 2638364942
P 150 118 2655076878
P 151 118 2671788558
P 152 118 2789491214
P 153 118 2806203150
P 154 118 2822915087
P 155 118 2822849551
P 156 118 2839561231
P 157 118 2856273167
P 158 118 2872919311
P 159 118 2889631247
P 160 118 3007333903
P 161 118 3024045839
P 162 118 3040757519
P 163 118 3057469455
P 164 118 3074181135
P 165 118 3074115600
P 166 118 3090762000
P 167 118 3107473680
P 40 119 570769409
P 41 119 587546369
P 42 119 587546369
P 43 119 587546369
P 44 119 604323585
P 45 119 604323329
P 46 119 621100545
P 47 119 621100545
P 48 119 688864770
P 49 119 688864770
P 50 119 688864770
P 51 119 705641986
P 52 119 705641986
P 53 119 705641730
P 54 119 722353410
P 55 119 722353410
P 56 119 790117634
P 57 119 806894850
P 58 119 806894851
P 59 119 806894851
P 60 119 823606531
P 61 119 823606275
P 62 119 840383491
P 63 119 840383491
P 64 119 908082179
P 65 119 924859139
P 66 119 924859139
P 67 119 941636355
P 68 119 941636355
P 69 119 958413572
P 70 119 958348036
P 71 119 975125252
P 72 119 1042823940
P 73 119 1042823684
P 74 119 1059600900
P 75 119 1059535364
P 76 119 1076312580
P 77 119 1076312580
P 78 119 1093089796
P 79 119 1093089797
P 80 119 1177500165
P 81 119 1194277125
P 82 119 1194277125
P 83 119 1210988805
P 84 119 1210988805
P 85 119 1227766021
P 86 119 1227766021
P 87 119 1244477702
P 88 119 1328953606
P 89 119 1328887814
P 90 119 1345665030
P 91 119 1345665030
P 92 119 1362376710
P 93 119 1379153671
P 94 119 1379153671
P 95 119 1395930887
P 96 119 1480341255
P 97 119 1497052935
P 98 119 1497052935
P 99 119 1513830151
P 100 119 1513764616
P 101 119 1530541576
P 102 119 1530541576
P 103 119 1547253256
P 104 119 1648440840
P 105 119 1648375305
P 106 119 1665152521
P 107 119 1665152521
P 108 119 1681864201
P 109 119 1698641161
P 110 119 1698641161
P 111 119 1715352841
P 112 119 1816474890
P 113 119 1816474634
P 114 119 1833251850
P 115 119 1849963530
P 116 119 1849963530
P 117 119 1866740746
P 118 119 1883452426
P 119 119 1883386890
P 120 119 1984508939
P 121 119 2001220619
P 122 119 2017932555
P 123 119 2017932811
P 124 119 2034644491
P 125 119 2051356171
P 126 119 2051356427
P 127 119 2068002571
P 128 119 2185836556
P 129 119 2185771020
P 130 119 2202548492
P 131 119 2219260172
P 132 119 2219194892
P 133 119 2235972108
P 134 119 2252683788
P 135 119 2269330188
P 136 119 2370386701
P 137 119 2387098381
P 138 119 2403810317
P 139 119 2403745037
P 140 119 2420456717
P 141 119 2437233933
P 142 119 2453945869
P 143 119 2453814797
P 144 119 2571583246
P 145 119 2588294926
P 146 119 2605006862
P 147 119 2621718542
P 148 119 2621653262
P 149 119 2638364942
P 150 119 2655142158
P 151 119 2671788558
P 152 119 2789491215
P 153 119 2806202895
P 154 119 2822914831
P 155 119 2822849551
P 156 119 2839561231
P 157 119 2856272911
P 158 119 2872984847
P 159 119 2889630991
P 160 119 3007333903
P 161 119 3024045583
P 162 119 3040757519
P 163 119 3057469200
P 164 119 3074181136
P 165 119 3074115600
P 166 119 3090827280
P 167 119 3107473680
P 40 120 587548161
P 41 120 604325377
P 42 120 604325377
P 43 120 621102593
P 44 120 621102593
P 45 120 621102593
P 46 120 637879810
P 47 120 637879554
P 48 120 705643778
P 49 120 705643778
P 50 120 722420994
P 51 120 722420738
P 52 120 722420738
P 53 120 739132418
P 54 120 739132418
P 55 120 755909634
P 56 120 806896643
P 57 120 823673859
P 58 120 823673859
P 59 120 840450819
P 60 120 840385283
P 61 120 857162499
P 62 120 857162499
P 63 120 873939715
P 64 120 941638403
P 65 120 941638403
P 66 120 958415620
P 67 120 958415364
P 68 120 975192580
P 69 120 975127044
P 70 120 991904260
P 71 120 991904004
P 72 120 1059602692
P 73 120 1076379908
P 74 120 1076314372
P 75 120 1093091589
P 76 120 1093091589
P 77 120 1109868805
P 78 120 1109868805
P 79 120 1126645765
P 80 120 1211056133
P 81 120 1211056133
P 82 120 1227767814
P 83 120 1227767558
P 84 120 1244544774
P 85 120 1244544774
P 86 120 1261321990
P 87 120 1261256454
P 88 120 1345666822
P 89 120 1362444039
P 90 120 1379221255
P 91 120 1379220999
P 92 120 1395932679
P 93 120 1395932679
P 94 120 1412709895
P 95 120 1412709639
P 96 120 1513831688
P 97 120 1513831688
P 98 120 1530608904
P 99 120 1547386120
P 100 120 1547320584
P 101 120 1564097800
P 102 120 1564097800
P 103 120 1580809224
P 104 120 1665154057
P 105 120 1681931273
P 106 120 1698708489
P 107 120 1698708233
P 108 120 1715419913
P 109 120 1732197129
P 110 120 1732197130
P 111 120 1748908810
P 112 120 1850030858
P 113 120 1850030858
P 114 120 1866742538
P 115 120 1883519499
P 116 120 1883519499
P 117 120 1900231179
P 118 120 1917008395
P 119 120 1916942859
P 120 120 2018064908
P 121 120 2034776588
P 122 120 2051488524
P 123 120 2068265740
P 124 120 2068200204
P 125 120 2084912140
P 126 120 2101689612
P 127 120 2101624076
P 128 120 2219392269
P 129 120 2219326989
P 130 120 2236104461
P 131 120 2252816141
P 132 120 2269527821
P 133 120 2269528077
P 134 120 2286240013
P 135 120 2302951693
P 136 120 2403942669
P 137 120 2420654605
P 138 120 2437366541
P 139 120 2454078222
P 140 120 2454012686
P 141 120 2470790158
P 142 120 2487501838
P 143 120 2504213518
P 144 120 2621916430
P 145 120 2638628366
P 146 120 2638562830
P 147 120 2655274510
P 148 120 2671986446
P 149 120 2688698382
P 150 120 2688698383
P 151 120 2705410063
P 152 120 2823047439
P 153 120 2839759375
P 154 120 2856471055
P 155 120 2873182735
P 156 120 2889894671
P 157 120 2906606607
P 158 120 2906541071
P 159 120 2923252751
P 160 120 3057667344
P 161 120 3074379024
P 162 120 3074313744
P 163 120 3091025424
P 164 120 3107737360
P 165 120 3124449040
P 166 120 3141160976
P 167 120 3157872656
P 40 121 587548161
P 41 121 604325377
P 42 121 604325377
P 43 121 621102593
P 44 121 621102593
P 45 121 621102593
P 46 121 637879810
P 47 121 637879810
P 48 121 705643778
P 49 121 705643778
P 50 121 722420994
P 51 121 722420994
P 52 121 722420738
P 53 121 739132418
P 54 121 739132418
P 55 121 755909634
P 56 121 806896643
P 57 121 823673859
P 58 121 823673859
P 59 121 840385539
P 60 121 840385283
P 61 121 857162499
P 62 121 857162499
P 63 121 873939715
P 64 121 941638403
P 65 121 941638403
P 66 121 958415620
P 67 121 958415620
P 68 121 975192580
P 69 121 975127044
P 70 121 991904260
P 71 121 991904260
P 72 121 1059602692
P 73 121 1076314372
P 74 121 1076314372
P 75 121 1093091589
P 76 121 1093091589
P 77 121 1109868805
P 78 121 1109868805
P 79 121 1126646021
P 80 121 1211056133
P 81 121 1210990597
P 82 121 1227767814
P 83 121 1227767814
P 84 121 1244544774
P 85 121 1244544774
P 86 121 1261256454
P 87 121 1261256454
P 88 121 1345666822
P 89 121 1362444039
P 90 121 1379221255
P 91 121 1379155719
P 92 121 1395932679
P 93 121 1395932679
P 94 121 1412709895
P 95 121 1412709895
P 96 121 1513831688
P 97 121 1513831688
P 98 121 1530608904
P 99 121 1547320584
P 100 121 1547320584
P 101 121 1564097800
P 102 121 1564032264
P 103 121 1580809480
P 104 121 1665154057
P 105 121 1681931273
P 106 121 1698708489
P 107 121 1698642953
P 108 121 1715419913
P 109 121 1732197129
P 110 121 1732131594
P 111 121 1748908810
P 112 121 1850030858
P 113 121 1849965322
P 114 121 1866742538
P 115 121 1883519755
P 116 121 1883519499
P 117 121 1900231179
P 118 121 1916942859
P 119 121 1916942859
P 120 121 2018064908
P 121 121 2034776588
P 122 121 2051488268
P 123 121 2068265740
P 124 121 2068200204
P 125 121 2084911884
P 126 121 2101689356
P 127 121 2101624076
P 128 121 2219457805
P 129 121 2219326733
P 130 121 2236104205
P 131 121 2252816141
P 132 121 2269527821
P 133 121 2269527821
P 134 121 2286239757
P 135 121 2302951693
P 136 121 2403942669
P 137 121 2420654350
P 138 121 2437366286
P 139 121 2454078222
P 140 121 2454012686
P 141 121 2470789902
P 142 121 2487501838
P 143 121 2504213518
P 144 121 2621981710
P 145 121 2638628110
P 146 121 2638562830
P 147 121 2655274511
P 148 121 2671986191
P 149 121 2688698127
P 150 121 2688698383
P 151 121 2705410063
P 152 121 2823112719
P 153 121 2839759119
P 154 121 2856471055
P 155 121 2873182735
P 156 121 2889894415
P 157 121 2906606351
P 158 121 2906541072
P 159 121 2923252752
P 160 121 3057732624
P 161 121 3074379024
P 162 121 3074313488
P 163 121 3091025424
P 164 121 3107737104
P 165 121 3124449040
P 166 121 3141160720
P 167 121 3157872656
P 40 122 587548417
P 41 122 604325633
P 42 122 604325377
P 43 122 621102593
P 44 122 621102593
P 45 122 621102593
P 46 122 637879810
P 47 122 637879810
P 48 122 705644034
P 49 122 705644034
P 50 122 722420994
P 51 122 722420994
P 52 122 722355458
P 53 122 739132674
P 54 122 739132418
P 55 122 755909634
P 56 122 806896643
P 57 122 823673859
P 58 122 823608323
P 59 122 840385539
P 60 122 840385539
P 61 122 857162755
P 62 122 857162499
P 63 122 873939715
P 64 122 941638403
P 65 122 941638403
P 66 122 958415620
P 67 122 958415620
P 68 122 975127300
P 69 122 975127300
P 70 122 991904260
P 71 122 991904260
P 72 122 1059602948
P 73 122 1076314628
P 74 122 1076314372
P 75 122 1093091589
P 76 122 1093091589
P 77 122 1109868805
P 78 122 1109868805
P 79 122 1126580485
P 80 122 1211056389
P 81 122 1210990853
P 82 122 1227767814
P 83 122 1227767814
P 84 122 1244545030
P 85 122 1244545030
P 86 122 1261256454
P 87 122 1261256454
P 88 122 1345666822
P 89 122 1362444039
P 90 122 1379155719
P 91 122 1379155719
P 92 122 1395932935
P 93 122 1395932935
P 94 122 1412709895
P 95 122 1412644359
P 96 122 1513831944
P 97 122 1513831944
P 98 122 1530543368
P 99 122 1547320584
P 100 122 1547320584
P 101 122 1564097800
P 102 122 1564032264
P 103 122 1580809480
P 104 122 1665154313
P 105 122 1681931529
P 106 122 1698642953
P 107 122 1698642953
P 108 122 1715420169
P 109 122 1732197385
P 110 122 1732131594
P 111 122 1748908810
P 112 122 1850030858
P 113 122 1849965322
P 114 122 1866742538
P 115 122 1883519755
P 116 122 1883454219
P 117 122 1900231435
P 118 122 1916942859
P 119 122 1916942859
P 120 122 2018064908
P 121 122 2034776588
P 122 122 2051488268
P 123 122 2068265484
P 124 122 2068200204
P 125 122 2084911884
P 126 122 2101689100
P 127 122 2101623820
P 128 122 2219457805
P 129 122 2219392269
P 130 122 2236103949
P 131 122 2252815885
P 132 122 2269527821
P 133 122 2269527821
P 134 122 2286239501
P 135 122 2302951437
P 136 122 2403942670
P 137 122 2420719886
P 138 122 2437366030
P 139 122 2454077966
P 140 122 2454012686
P 141 122 2470789902
P 142 122 2487501582
P 143 122 2504213518
P 144 122 2621981710
P 145 122 2638693647
P 146 122 2638562575
P 147 122 2655274511
P 148 122 2671986191
P 149 122 2688698127
P 150 122 2688698127
P 151 122 2705410063
P 152 122 2823112719
P 153 122 2839824655
P 154 122 2856470799
P 155 122 2873182735
P 156 122 2889894416
P 157 122 2906606352
P 158 122 2906540816
P 159 122 2923252752
P 160 122 3057732624
P 161 122 3074444560
P 162 122 3074313488
P 163 122 3091025168
P 164 122 3107737104
P 165 122 3124449040
P 166 122 3141160721
P 167 122 3157872401
P 40 123 587548417
P 41 123 604325633
P 42 123 604325633
P 43 123 621102593
P 44 123 621102593
P 45 123 621102593
P 46 123 637879810
P 47 123 637879810
P 48 123 705644034
P 49 123 705644034
P 50 123 722421250
P 51 123 722355458
P 52 123 722355458
P 53 123 739132674
P 54 123 739132674
P 55 123 755909634
P 56 123 806896643
P 57 123 823673859
P 58 123 823608323
P 59 123 840385539
P 60 123 840385539
P 61 123 857162755
P 62 123 857162755
P 63 123 873939715
P 64 123 941638403
P 65 123 941638403
P 66 123 958415620
P 67 123 958350084
P 68 123 975127300
P 69 123 975127300
P 70 123 991904516
P 71 123 991904260
P 72 123 1059537412
P 73 123 1076314628
P 74 123 1076314628
P 75 123 1093091589
P 76 123 1093091589
P 77 123 1109868805
P 78 123 1109868805
P 79 123 1126580485
P 80 123 1210990853
P 81 123 1210990853
P 82 123 1227768070
P 83 123 1227767814
P 84 123 1244545030
P 85 123 1244479494
P 86 123 1261256710
P 87 123 1261256454
P 88 123 1345666822
P 89 123 1362444039
P 90 123 1379155719
P 91 123 1379155719
P 92 123 1395932935
P 93 123 1395932935
P 94 123 1412710151
P 95 123 1412644359
P 96 123 1513831944
P 97 123 1513831944
P 98 123 1530543624
P 99 123 1547320584
P 100 123 1547320584
P 101 123 1564032264
P 102 123 1564032264
P 103 123 1580809480
P 104 123 1665154313
P 105 123 1681931529
P 106 123 1698643209
P 107 123 1698642953
P 108 123 1715420169
P 109 123 1732131849
P 110 123 1732131850
P 111 123 1748908810
P 112 123 1849965322
P 113 123 1849965322
P 114 123 1866742538
P 115 123 1883454219
P 116 123 1883454219
P 117 123 1900165899
P 118 123 1916943115
P 119 123 1916942859
P 120 123 2017999372
P 121 123 2034776588
P 122 123 2051488268
P 123 123 2068265484
P 124 123 2068199948
P 125 123 2084911884
P 126 123 2101689100
P 127 123 2101623564
P 128 123 2219457549
P 129 123 2219392269
P 130 123 2236103949
P 131 123 2252815629
P 132 123 2269527565
P 133 123 2269527821
P 134 123 2286239501
P 135 123 2302951181
P 136 123 2403942414
P 137 123 2420719886
P 138 123 2437431566
P 139 123 2454077710
P 140 123 2454012430
P 141 123 2470789902
P 142 123 2487501582
P 143 123 2504213262
P 144 123 2621981711
P 145 123 2638693391
P 146 123 2638628111
P 147 123 2655274255
P 148 123 2671986191
P 149 123 2688697871
P 150 123 2688698127
P 151 123 2705409807
P 152 123 2823112719
P 153 123 2839824400
P 154 123 2856536336
P 155 123 2873182480
P 156 123 2889894416
P 157 123 2906606096
P 158 123 2906540816
P 159 123 2923252496
P 160 123 3057732624
P 161 123 3074444304
P 162 123 3074379024
P 163 123 3091025168
P 164 123 3107736849
P 165 123 3124448785
P 166 123 3141160721
P 167 123 3157872401
P 40 124 587548673
P 41 124 604325633
P 42 124 604325633
P 43 124 621102849
P 44 124 621102849
P 45 124 621102593
P 46 124 637879809
P 47 124 637879810
P 48 124 705644034
P 49 124 705644034
P 50 124 722421250
P 51 124 722355714
P 52 124 722355714
P 53 124 739132674
P 54 124 739132674
P 55 124 755909890
P 56 124 806896899
P 57 124 823608323
P 58 124 823608323
P 59 124 840385539
P 60 124 840385539
P 61 124 857162755
P 62 124 857162755
P 63 124 873939971
P 64 124 941638659
P 65 124 941638403
P 66 124 958415620
P 67 124 958350084
P 68 124 975127300
P 69 124 975127300
P 70 124 991904516
P 71 124 991904516
P 72 124 1059537668
P 73 124 1076314628
P 74 124 1076314628
P 75 124 1093091845
P 76 124 1093091845
P 77 124 1109868805
P 78 124 1109803269
P 79 124 1126580485
P 80 124 1210990853
P 81 124 1210990853
P 82 124 1227768070
P 83 124 1227768070
P 84 124 1244479750
P 85 124 1244479494
P 86 124 1261256710
P 87 124 1261256710
P 88 124 1345667078
P 89 124 1362378503
P 90 124 1379155719
P 91 124 1379155719
P 92 124 1395932935
P 93 124 1395932935
P 94 124 1412644615
P 95 124 1412644615
P 96 124 1513832200
P 97 124 1513766408
P 98 124 1530543624
P 99 124 1547320840
P 100 124 1547255304
P 101 124 1564032264
P 102 124 1564032264
P 103 124 1580809480
P 104 124 1665154313
P 105 124 1681865993
P 106 124 1698643209
P 107 124 1698643209
P 108 124 1715354889
P 109 124 1732131849
P 110 124 1732131849
P 111 124 1748909066
P 112 124 1849965578
P 113 124 1849965322
P 114 124 1866742538
P 115 124 1883454219
P 116 124 1883388683
P 117 124 1900165899
P 118 124 1916943115
P 119 124 1916943115
P 120 124 2017999628
P 121 124 2034711052
P 122 124 2051488268
P 123 124 2068265484
P 124 124 2068199948
P 125 124 2084911628
P 126 124 2101689100
P 127 124 2101623564
P 128 124 2219457549
P 129 124 2219392013
P 130 124 2236103949
P 131 124 2252881165
P 132 124 2269527565
P 133 124 2269527565
P 134 124 2286239501
P 135 124 2302951181
P 136 124 2403942414
P 137 124 2420719630
P 138 124 2437431566
P 139 124 2454143246
P 140 124 2454012430
P 141 124 2470789646
P 142 124 2487501582
P 143 124 2504213262
P 144 124 2621981711
P 145 124 2638693391
P 146 124 2638627855
P 147 124 2655339791
P 148 124 2671986191
P 149 124 2688697871
P 150 124 2688697871
P 151 124 2705409807
P 152 124 2823112720
P 153 124 2839824400
P 154 124 2856536080
P 155 124 2873248016
P 156 124 2889894416
P 157 124 2906606096
P 158 124 2906540560
P 159 124 2923252496
P 160 124 3057732624
P 161 124 3074444304
P 162 124 3074378769
P 163 124 3091090705
P 164 124 3107736849
P 165 124 3124448529
P 166 124 3141160465
P 167 124 3157872401
P 40 125 587548673
P 41 125 604325889
P 42 125 604325633
P 43 125 621102849
P 44 125 621102849
P 45 125 621102849
P 46 125 637879809
P 47 125 637879810
P 48 125 705644034
P 49 125 705644034
P 50 125 722355714
P 51 125 722355714
P 52 125 722355714
P 53 125 739132930
P 54 125 739132674
P 55 125 755909890
P 56 125 806896899
P 57 125 823608579
P 58 125 823608323
P 59 125 840385539
P 60 125 840385539
P 61 125 857162755
P 62 125 857162755
P 63 125 873939971
P 64 125 941638659
P 65 125 941638659
P 66 125 958350084
P 67 125 958350084
P 68 125 975127300
P 69 125 975127300
P 70 125 991904516
P 71 125 991904516
P 72 125 1059537668
P 73 125 1076314884
P 74 125 1076314628
P 75 125 1093091845
P 76 125 1093091845
P 77 125 1109803525
P 78 125 1109803269
P 79 125 1126580485
P 80 125 1210990853
P 81 125 1210990853
P 82 125 1227768070
P 83 125 1227768070
P 84 125 1244479750
P 85 125 1244479750
P 86 125 1261256710
P 87 125 1261256710
P 88 125 1345667078
P 89 125 1362378758
P 90 125 1379155719
P 91 125 1379155719
P 92 125 1395932935
P 93 125 1395867399
P 94 125 1412644615
P 95 125 1412644615
P 96 125 1513832200
P 97 125 1513766664
P 98 125 1530543624
P 99 125 1547320840
P 100 125 1547255304
P 101 125 1564032520
P 102 125 1564032264
P 103 125 1580743944
P 104 125 1665154313
P 105 125 1681865993
P 106 125 1698643209
P 107 125 1698643209
P 108 125 1715354889
P 109 125 1732132105
P 110 125 1732131849
P 111 125 1748843530
P 112 125 1849965578
P 113 125 1849965578
P 114 125 1866677002
P 115 125 1883454219
P 116 125 1883388683
P 117 125 1900165899
P 118 125 1916943115
P 119 125 1916877579
P 120 125 2017999628
P 121 125 2034711308
P 122 125 2051488268
P 123 125 2068265484
P 124 125 2068199948
P 125 125 2084911628
P 126 125 2101688844
P 127 125 2101623564
P 128 125 2219457293
P 129 125 2219392013
P 130 125 2236103693
P 131 125 2252881165
P 132 125 2269592845
P 133 125 2269527565
P 134 125 2286239245
P 135 125 2302951181
P 136 125 2403942158
P 137 125 2420719630
P 138 125 2437431310
P 139 125 2454143246
P 140 125 2454077710
P 141 125 2470789646
P 142 125 2487501326
P 143 125 2504213262
P 144 125 2621981455
P 145 125 2638693391
P 146 125 2638627855
P 147 125 2655339535
P 148 125 2672051471
P 149 125 2688697871
P 150 125 2688697871
P 151 125 2705409551
P 152 125 2823112464
P 153 125 2839824400
P 154 125 2856536080
P 155 125 2873247760
P 156 125 2889959696
P 157 125 2906606096
P 158 125 2906540560
P 159 125 2923252240
P 160 125 3057732369
P 161 125 3074444305
P 162 125 3074378769
P 163 125 3091090449
P 164 125 3107802385
P 165 125 3124448529
P 166 125 3141160209
P 167 125 3157872145
P 40 126 587548673
P 41 126 604325889
P 42 126 604325889
P 43 126 621103105
P 44 126 621102849
P 45 126 621102849
P 46 126 637880065
P 47 126 637880066
P 48 126 705644034
P 49 126 705644034
P 50 126 722355714
P 51 126 722355714
P 52 126 722355714
P 53 126 739132930
P 54 126 739132930
P 55 126 755910146
P 56 126 806831363
P 57 126 823608579
P 58 126 823608579
P 59 126 840385795
P 60 126 840385539
P 61 126 857162755
P 62 126 857162755
P 63 126 873939971
P 64 126 941638659
P 65 126 941638659
P 66 126 958350340
P 67 126 958350340
P 68 126 975127300
P 69 126 975127300
P 70 126 991904516
P 71 126 991904516
P 72 126 1059537668
P 73 126 1076314884
P 74 126 1076314884
P 75 126 1093092101
P 76 126 1093091845
P 77 126 1109803525
P 78 126 1109803525
P 79 126 1126580741
P 80 126 1210990853
P 81 126 1210990853
P 82 126 1227768070
P 83 126 1227702534
P 84 126 1244479750
P 85 126 1244479750
P 86 126 1261256966
P 87 126 1261256966
P 88 126 1345601542
P 89 126 1362378758
P 90 126 1379155975
P 91 126 1379155975
P 92 126 1395932935
P 93 126 1395867399
P 94 126 1412644615
P 95 126 1412644615
P 96 126 1513766664
P 97 126 1513766664
P 98 126 1530543880
P 99 126 1547255560
P 100 126 1547255304
P 101 126 1564032520
P 102 126 1563966984
P 103 126 1580744200
P 104 126 1665088777
P 105 126 1681865993
P 106 126 1698643209
P 107 126 1698577673
P 108 126 1715354889
P 109 126 1732132105
P 110 126 1732066569
P 111 126 1748843786
P 112 126 1849965578
P 113 126 1849965578
P 114 126 1866677258
P 115 126 1883388939
P 116 126 1883388683
P 117 126 1900165899
P 118 126 1916877579
P 119 126 1916877579
P 120 126 2017934092
P 121 126 2034711308
P 122 126 2051488524
P 123 126 2068200204
P 124 126 2068199948
P 125 126 2084911628
P 126 126 2101688844
P 127 126 2101623564
P 128 126 2219457293
P 129 126 2219391757
P 130 126 2236103693
P 131 126 2252881165
P 132 126 2269592845
P 133 126 2269527309
P 134 126 2286239245
P 135 126 2302951181
P 136 126 2403942158
P 137 126 2420719374
P 138 126 2437431310
P 139 126 2454143246
P 140 126 2454077710
P 141 126 2470789390
P 142 126 2487501326
P 143 126 2504213262
P 144 126 2621981455
P 145 126 2638693135
P 146 126 2638627855
P 147 126 2655339535
P 148 126 2672051215
P 149 126 2688763151
P 150 126 2688697871
P 151 126 2705409551
P 152 126 2823112208
P 153 126 2839824144
P 154 126 2856536080
P 155 126 2873247760
P 156 126 2889959440
P 157 126 2906671376
P 158 126 2906540560
P 159 126 2923252240
P 160 126 3057732113
P 161 126 3074444049
P 162 126 3074378769
P 163 126 3091090449
P 164 126 3107802129
P 165 126 3124514065
P 166 126 3141160209
P 167 126 3157872145
P 40 127 587548673
P 41 127 604325889
P 42 127 604325889
P 43 127 621103105
P 44 127 621103105
P 45 127 621102849
P 46 127 637880065
P 47 127 637880066
P 48 127 705644290
P 49 127 705578498
P 50 127 722355714
P 51 127 722355714
P 52 127 722355714
P 53 127 739132930
P 54 127 739132930
P 55 127 755910146
P 56 127 806831619
P 57 127 823608579
P 58 127 823608579
P 59 127 840385795
P 60 127 840385795
P 61 127 857162755
P 62 127 857162755
P 63 127 873939971
P 64 127 941638659
P 65 127 941573123
P 66 127 958350340
P 67 127 958350340
P 68 127 975127556
P 69 127 975127300
P 70 127 991904516
P 71 127 991838980
P 72 127 1059537668
P 73 127 1076314884
P 74 127 1076314884
P 75 127 1093092101
P 76 127 1093026565
P 77 127 1109803525
P 78 127 1109803525
P 79 127 1126580741
P 80 127 1210991109
P 81 127 1210990853
P 82 127 1227768070
P 83 127 1227702534
P 84 127 1244479750
P 85 127 1244479750
P 86 127 1261256966
P 87 127 1261191430
P 88 127 1345601798
P 89 127 1362378758
P 90 127 1379155975
P 91 127 1379155975
P 92 127 1395867655
P 93 127 1395867399
P 94 127 1412644615
P 95 127 1412579079
P 96 127 1513766664
P 97 127 1513766664
P 98 127 1530543880
P 99 127 1547255560
P 100 127 1547255560
P 101 127 1564032520
P 102 127 1563966984
P 103 127 1580744200
P 104 127 1665089033
P 105 127 1681865993
P 106 127 1698643209
P 107 127 1698577673
P 108 127 1715354889
P 109 127 1732132105
P 110 127 1732066569
P 111 127 1748843786
P 112 127 1849965834
P 113 127 1849900042
P 114 127 1866677258
P 115 127 1883388939
P 116 127 1883388939
P 117 127 1900165899
P 118 127 1916877579
P 119 127 1916877579
P 120 127 2017934092
P 121 127 2034711308
P 122 127 2051488524
P 123 127 2068200204
P 124 127 2068134668
P 125 127 2084911628
P 126 127 2101688844
P 127 127 2101623308
P 128 127 2219457293
P 129 127 2219391757
P 130 127 2236103437
P 131 127 2252880909
P 132 127 2269592845
P 133 127 2269527309
P 134 127 2286304525
P 135 127 2302950925
P 136 127 2403942158
P 137 127 2420719374
P 138 127 2437431054
P 139 127 2454142990
P 140 127 2454077710
P 141 127 2470789390
P 142 127 2487566606
P 143 127 2504213006
P 144 127 2621981455
P 145 127 2638693135
P 146 127 2638627599
P 147 127 2655339535
P 148 127 2672051215
P 149 127 2688762895
P 150 127 2688697615
P 151 127 2705409551
P 152 127 2823112208
P 153 127 2839823888
P 154 127 2856535824
P 155 127 2873247760
P 156 127 2889959440
P 157 127 2906671120
P 158 127 2906605840
P 159 127 2923252240
P 160 127 3057732113
P 161 127 3074443793
P 162 127 3074378513
P 163 127 3091090449
P 164 127 3107802129
P 165 127 3124513809
P 166 127 3141225745
P 167 127 3157871889
P 40 128 621104897
P 41 128 621104897
P 42 128 621104897
P 43 128 637882113
P 44 128 637882114
P 45 128 654659330
P 46 128 654659330
P 47 128 654659074
P 48 128 722357762
P 49 128 722357762
P 50 128 739134978
P 51 128 739134722
P 52 128 755911938
P 53 128 755911938
P 54 128 755911938
P 55 128 772689154
P 56 128 840387843
P 57 128 840387843
P 58 128 857165059
P 59 128 857164803
P 60 128 873942019
P 61 128 873942019
P 62 128 873942019
P 63 128 890718979
P 64 128 958352132
P 65 128 975129348
P 66 128 975129348
P 67 128 991906308
P 68 128 991906308
P 69 128 1008683524
P 70 128 1008683524
P 71 128 1025395204
P 72 128 1093093893
P 73 128 1109871109
P 74 128 1109871109
P 75 128 1126648069
P 76 128 1126582533
P 77 128 1143359749
P 78 128 1143359749
P 79 128 1160136709
P 80 128 1227769862
P 81 128 1244547078
P 82 128 1244481542
P 83 128 1261258758
P 84 128 1278035974
P 85 128 1278035974
P 86 128 1294813190
P 87 128 1294747398
P 88 128 1379157767
P 89 128 1395934983
P 90 128 1395934983
P 91 128 1412711943
P 92 128 1412646407
P 93 128 1429423623
P 94 128 1446200839
P 95 128 1446135047
P 96 128 1547322632
P 97 128 1547322632
P 98 128 1564034312
P 99 128 1564034312
P 100 128 1580811528
P 101 128 1597523209
P 102 128 1597523209
P 103 128 1614300169
P 104 128 1698645001
P 105 128 1715422217
P 106 128 1732133898
P 107 128 1732133642
P 108 128 1748910858
P 109 128 1765622538
P 110 128 1765622538
P 111 128 1782399754
P 112 128 1883456267
P 113 128 1883456267
P 114 128 1900167947
P 115 128 1916944907
P 116 128 1916944907
P 117 128 1933656587
P 118 128 1950433803
P 119 128 1950433547
P 120 128 2068267276
P 121 128 2068267276
P 122 128 2084978956
P 123 128 2101756173
P 124 128 2101690637
P 125 128 2118467853
P 126 128 2135245069
P 127 128 2135179277
P 128 128 2253013006
P 129 128 2269724942
P 130 128 2269659406
P 131 128 2286436622
P 132 128 2303148558
P 133 128 2319860494
P 134 128 2319860494
P 135 128 2336572174
P 136 128 2454275087
P 137 128 2471052559
P 138 128 2470987023
P 139 128 2487698703
P 140 128 2504410639
P 141 128 2521122575
P 142 128 2521122831
P 143 128 2537834511
P 144 128 2655537168
P 145 128 2672249104
P 146 128 2688961040
P 147 128 2688895504
P 148 128 2705607184
P 149 128 2722319120
P 150 128 2739031056
P 151 128 2755808272
P 152 128 2873445649
P 153 128 2890157329
P 154 128 2906869265
P 155 128 2906803729
P 156 128 2923515665
P 157 128 2940227345
P 158 128 2956939281
P 159 128 2973650961
P 160 128 3091288338
P 161 128 3108000274
P 162 128 3124711954
P 163 128 3141423634
P 164 128 3158135570
P 165 128 3174847506
P 166 128 3174781970
P 167 128 3191493650
P 40 129 621104897
P 41 129 621104897
P 42 129 621104897
P 43 129 637882113
P 44 129 637882114
P 45 129 654659330
P 46 129 654659330
P 47 129 654659330
P 48 129 722357762
P 49 129 722357762
P 50 129 739134978
P 51 129 739134978
P 52 129 755911938
P 53 129 755911938
P 54 129 755911938
P 55 129 772689154
P 56 129 840387843
P 57 129 840387843
P 58 129 857165059
P 59 129 857165059
P 60 129 873942019
P 61 129 873942019
P 62 129 873942019
P 63 129 890719235
P 64 129 958352132
P 65 129 975129348
P 66 129 975129348
P 67 129 991906564
P 68 129 991906308
P 69 129 1008683524
P 70 129 1008617988
P 71 129 1025395204
P 72 129 1093093893
P 73 129 1109871109
P 74 129 1109871109
P 75 129 1126582789
P 76 129 1126582533
P 77 129 1143359749
P 78 129 1143359749
P 79 129 1160136965
P 80 129 1227769862
P 81 129 1244481542
P 82 129 1244481542
P 83 129 1261258758
P 84 129 1278035974
P 85 129 1278035974
P 86 129 1294747654
P 87 129 1294747654
P 88 129 1379157767
P 89 129 1395934983
P 90 129 1395934983
P 91 129 1412646663
P 92 129 1412646407
P 93 129 1429423623
P 94 129 1446135303
P 95 129 1446135303
P 96 129 1547322632
P 97 129 1547257096
P 98 129 1564034312
P 99 129 1564034312
P 100 129 1580811528
P 101 129 1597523208
P 102 129 1597523209
P 103 129 1614300425
P 104 129 1698645001
P 105 129 1715356681
P 106 129 1732133898
P 107 129 1732133898
P 108 129 1748910858
P 109 129 1765622538
P 110 129 1765622538
P 111 129 1782399754
P 112 129 1883456267
P 113 129 1883390731
P 114 129 1900167947
P 115 129 1916945163
P 116 129 1916944907
P 117 129 1933656587
P 118 129 1950433803
P 119 129 1950433803
P 120 129 2068267276
P 121 129 2068201740
P 122 129 2084978956
P 123 129 2101690637
P 124 129 2101690637
P 125 129 2118467853
P 126 129 2135179533
P 127 129 2135179533
P 128 129 2253013006
P 129 129 2269724686
P 130 129 2269659406
P 131 129 2286436622
P 132 129 2303148302
P 133 129 2319860238
P 134 129 2319860494
P 135 129 2336572174
P 136 129 2454340367
P 137 129 2471052303
P 138 129 2470987023
P 139 129 2487698703
P 140 129 2504410383
P 141 129 2521122319
P 142 129 2521122575
P 143 129 2537834511
P 144 129 2655537168
P 145 129 2672248848
P 146 129 2688960784
P 147 129 2688895504
P 148 129 2705607184
P 149 129 2722318864
P 150 129 2739030800
P 151 129 2755808272
P 152 129 2873510929
P 153 129 2890157329
P 154 129 2906869009
P 155 129 2906803729
P 156 129 2923515409
P 157 129 2940227345
P 158 129 2956939025
P 159 129 2973650961
P 160 129 3091353618
P 161 129 3108000018
P 162 129 3124711954
P 163 129 3141423634
P 164 129 3158135314
P 165 129 3174847250
P 166 129 3174781970
P 167 129 3191493650
P 40 130 621105153
P 41 130 621105153
P 42 130 621104897
P 43 130 637882113
P 44 130 637882114
P 45 130 654659330
P 46 130 654659330
P 47 130 654659330
P 48 130 722358018
P 49 130 722358018
P 50 130 739134978
P 51 130 739134978
P 52 130 755912194
P 53 130 755912194
P 54 130 755911938
P 55 130 772689154
P 56 130 840387843
P 57 130 840387843
P 58 130 857165059
P 59 130 857165059
P 60 130 873942275
P 61 130 873942275
P 62 130 873942019
P 63 130 890653699
P 64 130 958352388
P 65 130 975129604
P 66 130 975129348
P 67 130 991906564
P 68 130 991906564
P 69 130 1008683780
P 70 130 1008617988
P 71 130 1025395204
P 72 130 1093093893
P 73 130 1109871109
P 74 130 1109805573
P 75 130 1126582789
P 76 130 1126582789
P 77 130 1143360005
P 78 130 1143359749
P 79 130 1160071429
P 80 130 1227770118
P 81 130 1244481798
P 82 130 1244481542
P 83 130 1261258758
P 84 130 1278035974
P 85 130 1278035974
P 86 130 1294747654
P 87 130 1294747654
P 88 130 1379158023
P 89 130 1395935239
P 90 130 1395869447
P 91 130 1412646663
P 92 130 1412646663
P 93 130 1429423879
P 94 130 1446135303
P 95 130 1446135303
P 96 130 1547322888
P 97 130 1547257352
P 98 130 1564034312
P 99 130 1564034312
P 100 130 1580745992
P 101 130 1597523208
P 102 130 1597523209
P 103 130 1614234889
P 104 130 1698645257
P 105 130 1715356937
P 106 130 1732133898
P 107 130 1732133898
P 108 130 1748845578
P 109 130 1765622794
P 110 130 1765622538
P 111 130 1782334218
P 112 130 1883456267
P 113 130 1883390731
P 114 130 1900167947
P 115 130 1916945163
P 116 130 1916879627
P 117 130 1933656843
P 118 130 1950433803
P 119 130 1950368267
P 120 130 2068267532
P 121 130 2068201996
P 122 130 2084913420
P 123 130 2101690637
P 124 130 2101690637
P 125 130 2118467853
P 126 130 2135179533
P 127 130 2135113997
P 128 130 2253013262
P 129 130 2269724942
P 130 130 2269659150
P 131 130 2286436622
P 132 130 2303148302
P 133 130 2319860238
P 134 130 2319860238
P 135 130 2336572174
P 136 130 2454340367
P 137 130 2471052303
P 138 130 2470986767
P 139 130 2487698703
P 140 130 2504410383
P 141 130 2521122319
P 142 130 2521122319
P 143 130 2537834255
P 144 130 2655537168
P 145 130 2672314384
P 146 130 2688960528
P 147 130 2688895248
P 148 130 2705607184
P 149 130 2722318864
P 150 130 2739030544
P 151 130 2755808016
P 152 130 2873510929
P 153 130 2890222865
P 154 130 2906869009
P 155 130 2906803473
P 156 130 2923515409
P 157 130 2940227345
P 158 130 2956939025
P 159 130 2973650705
P 160 130 3091353618
P 161 130 3108065554
P 162 130 3124711698
P 163 130 3141423634
P 164 130 3158135314
P 165 130 3174847250
P 166 130 3174781714
P 167 130 3191493650
P 40 131 621105153
P 41 131 621105153
P 42 131 621105153
P 43 131 637882113
P 44 131 637882114
P 45 131 654659330
P 46 131 654659330
P 47 131 654659330
P 48 131 722358018
P 49 131 722358018
P 50 131 739135234
P 51 131 739134978
P 52 131 755912194
P 53 131 755912194
P 54 131 755912194
P 55 131 772689154
P 56 131 840387843
P 57 131 840387843
P 58 131 857165059
P 59 131 857165059
P 60 131 873942275
P 61 131 873942275
P 62 131 873942275
P 63 131 890653699
P 64 131 958352388
P 65 131 975129604
P 66 131 975129604
P 67 131 991906564
P 68 131 991906564
P 69 131 1008618244
P 70 131 1008618244
P 71 131 1025395204
P 72 131 1093093893
P 73 131 1109871109
P 74 131 1109805573
P 75 131 1126582789
P 76 131 1126582789
P 77 131 1143360005
P 78 131 1143360005
P 79 131 1160071429
P 80 131 1227704582
P 81 131 1244481798
P 82 131 1244481798
P 83 131 1261258758
P 84 131 1278035974
P 85 131 1277970438
P 86 131 1294747654
P 87 131 1294747654
P 88 131 1379158023
P 89 131 1395935239
P 90 131 1395869703
P 91 131 1412646663
P 92 131 1412646663
P 93 131 1429358343
P 94 131 1446135559
P 95 131 1446135303
P 96 131 1547257352
P 97 131 1547257352
P 98 131 1564034568
P 99 131 1563968776
P 100 131 1580745992
P 101 131 1597523208
P 102 131 1597523209
P 103 131 1614234889
P 104 131 1698579721
P 105 131 1715356937
P 106 131 1732134154
P 107 131 1732068362
P 108 131 1748845578
P 109 131 1765622794
P 110 131 1765622794
P 111 131 1782334218
P 112 131 1883390731
P 113 131 1883390731
P 114 131 1900167947
P 115 131 1916879627
P 116 131 1916879627
P 117 131 1933656843
P 118 131 1950434059
P 119 131 1950368267
P 120 131 2068201996
P 121 131 2068201996
P 122 131 2084913676
P 123 131 2101690636
P 124 131 2101690637
P 125 131 2118402317
P 126 131 2135179533
P 127 131 2135113997
P 128 131 2252947726
P 129 131 2269724942
P 130 131 2269659406
P 131 131 2286436366
P 132 131 2303148302
P 133 131 2319859982
P 134 131 2319860238
P 135 131 2336571918
P 136 131 2454340367
P 137 131 2471052047
P 138 131 2471052303
P 139 131 2487698447
P 140 131 2504410383
P 141 131 2521122063
P 142 131 2521122319
P 143 131 2537833999
P 144 131 2655536912
P 145 131 2672314384
P 146 131 2689026064
P 147 131 2688894992
P 148 131 2705606928
P 149 131 2722318864
P 150 131 2739030544
P 151 131 2755807760
P 152 131 2873510673
P 153 131 2890222609
P 154 131 2906934545
P 155 131 2906803473
P 156 131 2923515153
P 157 131 2940227089
P 158 131 2956939025
P 159 131 2973650705
P 160 131 3091353362
P 161 131 3108065298
P 162 131 3124777234
P 163 131 3141423378
P 164 131 3158135314
P 165 131 3174846994
P 166 131 3174781714
P 167 131 3191493394
P 40 132 621105409
P 41 132 621105153
P 42 132 621105153
P 43 132 637882369
P 44 132 637882370
P 45 132 654659330
P 46 132 654659330
P 47 132 654659330
P 48 132 722358018
P 49 132 722358018
P 50 132 739135234
P 51 132 739135234
P 52 132 755912450
P 53 132 755912194
P 54 132 755912194
P 55 132 772689410
P 56 132 840388099
P 57 132 840387843
P 58 132 857165059
P 59 132 857165059
P 60 132 873942275
P 61 132 873942275
P 62 132 873876739
P 63 132 890653955
P 64 132 958352644
P 65 132 975129604
P 66 132 975129604
P 67 132 991906820
P 68 132 991841284
P 69 132 1008618244
P 70 132 1008618244
P 71 132 1025395460
P 72 132 1093094149
P 73 132 1109805573
P 74 132 1109805573
P 75 132 1126582789
P 76 132 1126582789
P 77 132 1143360005
P 78 132 1143294469
P 79 132 1160071685
P 80 132 1227704838
P 81 132 1244481798
P 82 132 1244481798
P 83 132 1261259014
P 84 132 1277970694
P 85 132 1277970438
P 86 132 1294747654
P 87 132 1294747654
P 88 132 1379158023
P 89 132 1395869703
P 90 132 1395869703
P 91 132 1412646919
P 92 132 1412581383
P 93 132 1429358343
P 94 132 1446135559
P 95 132 1446135559
P 96 132 1547257608
P 97 132 1547257352
P 98 132 1564034568
P 99 132 1563969032
P 100 132 1580746248
P 101 132 1597523208
P 102 132 1597457673
P 103 132 1614234889
P 104 132 1698579721
P 105 132 1715356937
P 106 132 1732134154
P 107 132 1732068618
P 108 132 1748845834
P 109 132 1765622794
P 110 132 1765557258
P 111 132 1782334474
P 112 132 1883390987
P 113 132 1883390731
P 114 132 1900167947
P 115 132 1916879627
P 116 132 1916879627
P 117 132 1933656843
P 118 132 1950368523
P 119 132 1950368523
P 120 132 2068202252
P 121 132 2068136460
P 122 132 2084913676
P 123 132 2101690892
P 124 132 2101625357
P 125 132 2118402317
P 126 132 2135113997
P 127 132 2135113997
P 128 132 2252947726
P 129 132 2269659406
P 130 132 2269659406
P 131 132 2286436622
P 132 132 2303148302
P 133 132 2319859982
P 134 132 2319859982
P 135 132 2336571918
P 136 132 2454340367
P 137 132 2471052047
P 138 132 2471052047
P 139 132 2487763983
P 140 132 2504410383
P 141 132 2521122063
P 142 132 2521122063
P 143 132 2537833999
P 144 132 2655536912
P 145 132 2672314128
P 146 132 2689026064
P 147 132 2688960528
P 148 132 2705606928
P 149 132 2722318608
P 150 132 2739030544
P 151 132 2755807760
P 152 132 2873510673
P 153 132 2890222353
P 154 132 2906934289
P 155 132 2906869009
P 156 132 2923515153
P 157 132 2940226833
P 158 132 2956938769
P 159 132 2973650705
P 160 132 3091353362
P 161 132 3108065042
P 162 132 3124776978
P 163 132 3141488914
P 164 132 3158135314
P 165 132 3174846994
P 166 132 3174781458
P 167 132 3191493394
P 40 133 621105409
P 41 133 621105409
P 42 133 621105153
P 43 133 637882369
P 44 133 637882370
P 45 133 654659586
P 46 133 654659330
P 47 133 654659330
P 48 133 722358018
P 49 133 722358018
P 50 133 739135234
P 51 133 739135234
P 52 133 755912450
P 53 133 755912450
P 54 133 755912194
P 55 133 772689410
P 56 133 840388099
P 57 133 840388099
P 58 133 857165059
P 59 133 857165059
P 60 133 873942275
P 61 133 873876739
P 62 133 873876739
P 63 133 890653955
P 64 133 958352644
P 65 133 975129860
P 66 133 975129604
P 67 133 991906820
P 68 133 991841284
P 69 133 1008618500
P 70 133 1008618244
P 71 133 1025395460
P 72 133 1093094149
P 73 133 1109805829
P 74 133 1109805573
P 75 133 1126582789
P 76 133 1126582789
P 77 133 1143294469
P 78 133 1143294469
P 79 133 1160071685
P 80 133 1227704838
P 81 133 1244482054
P 82 133 1244481798
P 83 133 1261259014
P 84 133 1277970694
P 85 133 1277970694
P 86 133 1294747654
P 87 133 1294747654
P 88 133 1379158023
P 89 133 1395869703
P 90 133 1395869703
P 91 133 1412646919
P 92 133 1412581383
P 93 133 1429358599
P 94 133 1446135559
P 95 133 1446135559
P 96 133 1547257608
P 97 133 1547257608
P 98 133 1563969032
P 99 133 1563969032
P 100 133 1580746248
P 101 133 1597457928
P 102 133 1597457673
P 103 133 1614234889
P 104 133 1698579721
P 105 133 1715356937
P 106 133 1732068618
P 107 133 1732068618
P 108 133 1748845834
P 109 133 1765557514
P 110 133 1765557258
P 111 133 1782268938
P 112 133 1883390987
P 113 133 1883390987
P 114 133 1900102411
P 115 133 1916879627
P 116 133 1916879627
P 117 133 1933591307
P 118 133 1950368523
P 119 133 1950302987
P 120 133 2068202252
P 121 133 2068136716
P 122 133 2084913676
P 123 133 2101690892
P 124 133 2101625357
P 125 133 2118337037
P 126 133 2135113997
P 127 133 2135113997
P 128 133 2252947726
P 129 133 2269659406
P 130 133 2269659406
P 131 133 2286436622
P 132 133 2303148302
P 133 133 2319859982
P 134 133 2319859982
P 135 133 2336571662
P 136 133 2454340111
P 137 133 2471052047
P 138 133 2471052047
P 139 133 2487763727
P 140 133 2504475663
P 141 133 2521122063
P 142 133 2521122063
P 143 133 2537833743
P 144 133 2655536656
P 145 133 2672314128
P 146 133 2689025808
P 147 133 2688960528
P 148 133 2705672208
P 149 133 2722318608
P 150 133 2739030288
P 151 133 2755807760
P 152 133 2873510417
P 153 133 2890222353
P 154 133 2906934033
P 155 133 2906868753
P 156 133 2923580689
P 157 133 2940226833
P 158 133 2956938513
P 159 133 2973650449
P 160 133 3091353362
P 161 133 3108065042
P 162 133 3124776722
P 163 133 3141488658
P 164 133 3158200594
P 165 133 3174846994
P 166 133 3174781458
P 167 133 3191493138
P 40 134 621105409
P 41 134 621105409
P 42 134 621105409
P 43 134 637882625
P 44 134 637882369
P 45 134 654659586
P 46 134 654659586
P 47 134 654659586
P 48 134 722358018
P 49 134 722358018
P 50 134 739135234
P 51 134 739135234
P 52 134 755912450
P 53 134 755912450
P 54 134 755912450
P 55 134 772689666
P 56 134 840388099
P 57 134 840388099
P 58 134 857165315
P 59 134 857165315
P 60 134 873942275
P 61 134 873876739
P 62 134 873876739
P 63 134 890653955
P 64 134 958352644
P 65 134 975129860
P 66 134 975129860
P 67 134 991841540
P 68 134 991841284
P 69 134 1008618500
P 70 134 1008618500
P 71 134 1025395716
P 72 134 1093028613
P 73 134 1109805829
P 74 134 1109805829
P 75 134 1126583045
P 76 134 1126582789
P 77 134 1143294469
P 78 134 1143294469
P 79 134 1160071685
P 80 134 1227704838
P 81 134 1244482054
P 82 134 1244482054
P 83 134 1261193734
P 84 134 1277970694
P 85 134 1277970694
P 86 134 1294747910
P 87 134 1294747910
P 88 134 1379092487
P 89 134 1395869703
P 90 134 1395869703
P 91 134 1412581383
P 92 134 1412581383
P 93 134 1429358599
P 94 134 1446135815
P 95 134 1446135815
P 96 134 1547257608
P 97 134 1547257608
P 98 134 1563969288
P 99 134 1563969288
P 100 134 1580746248
P 101 134 1597457928
P 102 134 1597457929
P 103 134 1614235145
P 104 134 1698579721
P 105 134 1715356937
P 106 134 1732068618
P 107 134 1732068618
P 108 134 1748845834
P 109 134 1765557514
P 110 134 1765491978
P 111 134 1782269194
P 112 134 1883390987
P 113 134 1883390987
P 114 134 1900102667
P 115 134 1916879883
P 116 134 1916879627
P 117 134 1933591307
P 118 134 1950302987
P 119 134 1950302987
P 120 134 2068136716
P 121 134 2068136716
P 122 134 2084913932
P 123 134 2101625612
P 124 134 2101625357
P 125 134 2118337037
P 126 134 2135114253
P 127 134 2135114253
P 128 134 2252882190
P 129 134 2269659406
P 130 134 2269659406
P 131 134 2286371086
P 132 134 2303148302
P 133 134 2319859982
P 134 134 2319859982
P 135 134 2336571662
P 136 134 2454339855
P 137 134 2471051791
P 138 134 2471052047
P 139 134 2487763727
P 140 134 2504475407
P 141 134 2521187343
P 142 134 2521122063
P 143 134 2537833743
P 144 134 2655536400
P 145 134 2672313872
P 146 134 2689025808
P 147 134 2688960528
P 148 134 2705672208
P 149 134 2722383888
P 150 134 2739030288
P 151 134 2755807760
P 152 134 2873510417
P 153 134 2890222097
P 154 134 2906934033
P 155 134 2906868753
P 156 134 2923580433
P 157 134 2940292369
P 158 134 2956938513
P 159 134 2973650449
P 160 134 3091353106
P 161 134 3108065042
P 162 134 3124776722
P 163 134 3141488658
P 164 134 3158200338
P 165 134 3174912274
P 166 134 3174781458
P 167 134 3191493138
P 40 135 621105665
P 41 135 621105409
P 42 135 621105409
P 43 135 637882625
P 44 135 637882625
P 45 135 654659586
P 46 135 654659586
P 47 135 654659586
P 48 135 722358274
P 49 135 722358018
P 50 135 739135234
P 51 135 739135234
P 52 135 755912450
P 53 135 755912450
P 54 135 755912450
P 55 135 772689666
P 56 135 840388355
P 57 135 840388099
P 58 135 857165315
P 59 135 857165315
P 60 135 873876995
P 61 135 873876739
P 62 135 873876739
P 63 135 890653955
P 64 135 958352644
P 65 135 975129860
P 66 135 975129860
P 67 135 991841540
P 68 135 991841540
P 69 135 1008618500
P 70 135 1008618500
P 71 135 1025395716
P 72 135 1093028869
P 73 135 1109805829
P 74 135 1109805829
P 75 135 1126583045
P 76 135 1126517509
P 77 135 1143294469
P 78 135 1143294469
P 79 135 1160071685
P 80 135 1227704838
P 81 135 1244482054
P 82 135 1244482054
P 83 135 1261193734
P 84 135 1277970950
P 85 135 1277970694
P 86 135 1294747910
P 87 135 1294682374
P 88 135 1379092743
P 89 135 1395869703
P 90 135 1395869703
P 91 135 1412581383
P 92 135 1412581383
P 93 135 1429358599
P 94 135 1446135815
P 95 135 1446070279
P 96 135 1547257864
P 97 135 1547192072
P 98 135 1563969288
P 99 135 1563969288
P 100 135 1580680968
P 101 135 1597457928
P 102 135 1597457929
P 103 135 1614169609
P 104 135 1698579977
P 105 135 1715291401
P 106 135 1732068618
P 107 135 1732068618
P 108 135 1748780298
P 109 135 1765557514
P 110 135 1765491978
P 111 135 1782269194
P 112 135 1883391243
P 113 135 1883325451
P 114 135 1900102667
P 115 135 1916879883
P 116 135 1916814347
P 117 135 1933591307
P 118 135 1950302987
P 119 135 1950302987
P 120 135 2068136716
P 121 135 2068136716
P 122 135 2084913932
P 123 135 2101625612
P 124 135 2101560077
P 125 135 2118337037
P 126 135 2135114253
P 127 135 2135048717
P 128 135 2252882446
P 129 135 2269659406
P 130 135 2269659406
P 131 135 2286371086
P 132 135 2303082766
P 133 135 2319859982
P 134 135 2319859982
P 135 135 2336571663
P 136 135 2454339855
P 137 135 2471051535
P 138 135 2471051791
P 139 135 2487763727
P 140 135 2504475407
P 141 135 2521187087
P 142 135 2521121807
P 143 135 2537833743
P 144 135 2655536400
P 145 135 2672313616
P 146 135 2689025552
P 147 135 2688960272
P 148 135 2705672208
P 149 135 2722383888
P 150 135 2739095568
P 151 135 2755807504
P 152 135 2873510417
P 153 135 2890222097
P 154 135 2906933777
P 155 135 2906868497
P 156 135 2923580433
P 157 135 2940292113
P 158 135 2957004049
P 159 135 2973650193
P 160 135 3091353106
P 161 135 3108064786
P 162 135 3124776722
P 163 135 3141488402
P 164 135 3158200338
P 165 135 3174912018
P 166 135 3174846738
P 167 135 3191493138
P 40 136 637884673
P 41 136 637884673
P 42 136 654661889
P 43 136 654661634
P 44 136 654661634
P 45 136 671438850
P 46 136 671438850
P 47 136 688215810
P 48 136 739137282
P 49 136 755914498
P 50 136 755914498
P 51 136 755914242
P 52 136 772691458
P 53 136 772691459
P 54 136 789468675
P 55 136 789468675
P 56 136 857167363
P 57 136 873944579
P 58 136 873944579
P 59 136 890721539
P 60 136 890656003
P 61 136 890656003
P 62 136 907433219
P 63 136 907432963
P 64 136 991908868
P 65 136 991908868
P 66 136 1008620548
P 67 136 1008620292
P 68 136 1025397508
P 69 136 1025397508
P 70 136 1042174724
P 71 136 1042174724
P 72 136 1126585093
P 73 136 1126585093
P 74 136 1143362309
P 75 136 1143362053
P 76 136 1160073733
P 77 136 1160073733
P 78 136 1176850949
P 79 136 1176850693
P 80 136 1261261062
P 81 136 1278038278
P 82 136 1277972742
P 83 136 1294749702
P 84 136 1294749702
P 85 136 1311526918
P 86 136 1311526919
P 87 136 1328238599
P 88 136 1412648967
P 89 136 1412648967
P 90 136 1429360647
P 91 136 1446137607
P 92 136 1446137608
P 93 136 1462914824
P 94 136 1462914824
P 95 136 1479626248
P 96 136 1563971080
P 97 136 1580748296
P 98 136 1597525513
P 99 136 1597525257
P 100 136 1614236937
P 101 136 1614236937
P 102 136 1631014153
P 103 136 1647725577
P 104 136 1732070410
P 105 136 1748847626
P 106 136 1765624842
P 107 136 1765624842
P 108 136 1782336522
P 109 136 1782270986
P 110 136 1799048202
P 111 136 1815825162
P 112 136 1916881675
P 113 136 1916881675
P 114 136 1933658891
P 115 136 1950435852
P 116 136 1950370316
P 117 136 1967081996
P 118 136 1983859212
P 119 136 1983858956
P 120 136 2101692685
P 121 136 2101692685
P 122 136 2118404365
P 123 136 2135181581
P 124 136 2135116045
P 125 136 2151893261
P 126 136 2168670477
P 127 136 2185381902
P 128 136 2286438414
P 129 136 2303215630
P 130 136 2319927311
P 131 136 2319927055
P 132 136 2336638735
P 133 136 2353415951
P 134 136 2370193167
P 135 136 2370127375
P 136 136 2487895568
P 137 136 2504607504
P 138 136 2521384976
P 139 136 2521319440
P 140 136 2538031376
P 141 136 2554743056
P 142 136 2571454992
P 143 136 2571454992
P 144 136 2689092369
P 145 136 2705869841
P 146 136 2722581521
P 147 136 2739293201
P 148 136 2756005137
P 149 136 2755939857
P 150 136 2772651793
P 151 136 2789363473
P 152 136 2907066386
P 153 136 2923778066
P 154 136 2940490002
P 155 136 2957201682
P 156 136 2973913618
P 157 136 2990625554
P 158 136 2990560018
P 159 136 3007271698
P 160 136 3141686291
P 161 136 3158398227
P 162 136 3175110163
P 163 136 3175044627
P 164 136 3191756307
P 165 136 3208468243
P 166 136 3225180179
P 167 136 3241891859
P 40 137 637884673
P 41 137 637884673
P 42 137 654661889
P 43 137 654661890
P 44 137 654661634
P 45 137 671438850
P 46 137 671438850
P 47 137 688216066
P 48 137 739137282
P 49 137 755914498
P 50 137 755914498
P 51 137 755914498
P 52 137 772691458
P 53 137 772691458
P 54 137 789468675
P 55 137 789468675
P 56 137 857167363
P 57 137 873944579
P 58 137 873944579
P 59 137 890656259
P 60 137 890656003
P 61 137 890656003
P 62 137 907433219
P 63 137 907433219
P 64 137 991908868
P 65 137 991843332
P 66 137 1008620548
P 67 137 1008620548
P 68 137 1025397508
P 69 137 1025397508
P 70 137 1042174724
P 71 137 1042174724
P 72 137 1126585093
P 73 137 1126585093
P 74 137 1143362309
P 75 137 1143296773
P 76 137 1160073733
P 77 137 1160073733
P 78 137 1176850949
P 79 137 1176850949
P 80 137 1261261062
P 81 137 1277972742
P 82 137 1277972742
P 83 137 1294749958
P 84 137 1294749702
P 85 137 1311526918
P 86 137 1311461383
P 87 137 1328238599
P 88 137 1412648967
P 89 137 1412583431
P 90 137 1429360647
P 91 137 1446137863
P 92 137 1446137608
P 93 137 1462914824
P 94 137 1462849288
P 95 137 1479626504
P 96 137 1563971080
P 97 137 1580748296
P 98 137 1597525513
P 99 137 1597459977
P 100 137 1614236937
P 101 137 1614236937
P 102 137 1630948617
P 103 137 1647725833
P 104 137 1732070410
P 105 137 1748847626
P 106 137 1765624842
P 107 137 1765559306
P 108 137 1782336522
P 109 137 1782270986
P 110 137 1799048202
P 111 137 1815825418
P 112 137 1916881675
P 113 137 1916881675
P 114 137 1933658891
P 115 137 1950370572
P 116 137 1950370316
P 117 137 1967081996
P 118 137 1983859212
P 119 137 1983859212
P 120 137 2101692685
P 121 137 2101627149
P 122 137 2118404365
P 123 137 2135116045
P 124 137 2135116045
P 125 137 2151893261
P 126 137 2168604941
P 127 137 2185382158
P 128 137 2286438414
P 129 137 2303150094
P 130 137 2319927311
P 131 137 2319861775
P 132 137 2336638735
P 133 137 2353415951
P 134 137 2370127631
P 135 137 2370127631
P 136 137 2487895568
P 137 137 2504607248
P 138 137 2521384720
P 139 137 2521319440
P 140 137 2538031120
P 141 137 2554743056
P 142 137 2571454736
P 143 137 2571454992
P 144 137 2689157649
P 145 137 2705869585
P 146 137 2722581521
P 147 137 2739293201
P 148 137 2756004881
P 149 137 2755939601
P 150 137 2772651537
P 151 137 2789363473
P 152 137 2907066130
P 153 137 2923778066
P 154 137 2940489746
P 155 137 2957201682
P 156 137 2973913362
P 157 137 2990625298
P 158 137 2990560018
P 159 137 3007271698
P 160 137 3141751571
P 161 137 3158397971
P 162 137 3175109907
P 163 137 3175044627
P 164 137 3191756307
P 165 137 3208467987
P 166 137 3225179923
P 167 137 3241891859
P 40 138 637884929
P 41 138 637884929
P 42 138 654661889
P 43 138 654661890
P 44 138 654661890
P 45 138 671439106
P 46 138 671438850
P 47 138 688216066
P 48 138 739137538
P 49 138 755914754
P 50 138 755914498
P 51 138 755914498
P 52 138 772691714
P 53 138 772691714
P 54 138 789468675
P 55 138 789468675
P 56 138 857167363
P 57 138 873944579
P 58 138 873879043
P 59 138 890656259
P 60 138 890656259
P 61 138 890656259
P 62 138 907433219
P 63 138 907433219
P 64 138 991909124
P 65 138 991843588
P 66 138 1008620548
P 67 138 1008620548
P 68 138 1025397764
P 69 138 1025397764
P 70 138 1042174724
P 71 138 1042174724
P 72 138 1126585093
P 73 138 1126585093
P 74 138 1143296773
P 75 138 1143296773
P 76 138 1160073989
P 77 138 1160073989
P 78 138 1176850949
P 79 138 1176850949
P 80 138 1261261318
P 81 138 1277972998
P 82 138 1277972742
P 83 138 1294749958
P 84 138 1294749958
P 85 138 1311527174
P 86 138 1311461383
P 87 138 1328238599
P 88 138 1412648967
P 89 138 1412583431
P 90 138 1429360647
P 91 138 1446137863
P 92 138 1446137864
P 93 138 1462915080
P 94 138 1462849288
P 95 138 1479626504
P 96 138 1563971336
P 97 138 1580748552
P 98 138 1597459977
P 99 138 1597459977
P 100 138 1614237193
P 101 138 1614237193
P 102 138 1630948617
P 103 138 1647725833
P 104 138 1732070666
P 105 138 1748847882
P 106 138 1765559306
P 107 138 1765559306
P 108 138 1782270986
P 109 138 1782270986
P 110 138 1799048202
P 111 138 1815759882
P 112 138 1916881931
P 113 138 1916881931
P 114 138 1933593355
P 115 138 1950370572
P 116 138 1950305036
P 117 138 1967082252
P 118 138 1983859212
P 119 138 1983793676
P 120 138 2101692941
P 121 138 2101627405
P 122 138 2118338829
P 123 138 2135116045
P 124 138 2135116045
P 125 138 2151893261
P 126 138 2168604941
P 127 138 2185382158
P 128 138 2286438670
P 129 138 2303150350
P 130 138 2319861775
P 131 138 2319861775
P 132 138 2336638991
P 133 138 2353416207
P 134 138 2370127631
P 135 138 2370062095
P 136 138 2487895824
P 137 138 2504607504
P 138 138 2521384464
P 139 138 2521319184
P 140 138 2538031120
P 141 138 2554743056
P 142 138 2571454736
P 143 138 2571454736
P 144 138 2689157649
P 145 138 2705869585
P 146 138 2722581265
P 147 138 2739293201
P 148 138 2756004881
P 149 138 2755939601
P 150 138 2772651281
P 151 138 2789363217
P 152 138 2907066130
P 153 138 2923843602
P 154 138 2940489746
P 155 138 2957201426
P 156 138 2973913362
P 157 138 2990625298
P 158 138 2990559762
P 159 138 3007271698
P 160 138 3141751571
P 161 138 3158463507
P 162 138 3175109651
P 163 138 3175044371
P 164 138 3191756307
P 165 138 3208467987
P 166 138 3225179667
P 167 138 3241891603
P 40 139 637884929
P 41 139 637884929
P 42 139 654662145
P 43 139 654661890
P 44 139 654661890
P 45 139 671439106
P 46 139 671439106
P 47 139 688216066
P 48 139 739137538
P 49 139 755914754
P 50 139 755914754
P 51 139 755914498
P 52 139 772691714
P 53 139 772691714
P 54 139 789468931
P 55 139 789468675
P 56 139 857167363
P 57 139 873944579
P 58 139 873879043
P 59 139 890656259
P 60 139 890656259
P 61 139 890656259
P 62 139 907433475
P 63 139 907433219
P 64 139 991843588
P 65 139 991843588
P 66 139 1008620804
P 67 139 1008620548
P 68 139 1025397764
P 69 139 1025397764
P 70 139 1042174980
P 71 139 1042174724
P 72 139 1126585093
P 73 139 1126585093
P 74 139 1143296773
P 75 139 1143296773
P 76 139 1160073989
P 77 139 1160073989
P 78 139 1176851205
P 79 139 1176850949
P 80 139 1261195782
P 81 139 1277972998
P 82 139 1277972998
P 83 139 1294749958
P 84 139 1294749958
P 85 139 1311461638
P 86 139 1311461639
P 87 139 1328238599
P 88 139 1412583431
P 89 139 1412583431
P 90 139 1429360647
P 91 139 1446137863
P 92 139 1446137864
P 93 139 1462849544
P 94 139 1462849544
P 95 139 1479626504
P 96 139 1563971336
P 97 139 1580748552
P 98 139 1597460233
P 99 139 1597459977
P 100 139 1614237193
P 101 139 1614171657
P 102 139 1630948873
P 103 139 1647725833
P 104 139 1732070666
P 105 139 1748847882
P 106 139 1765559562
P 107 139 1765493770
P 108 139 1782270986
P 109 139 1782270986
P 110 139 1799048202
P 111 139 1815759882
P 112 139 1916881931
P 113 139 1916881931
P 114 139 1933593611
P 115 139 1950305035
P 116 139 1950305036
P 117 139 1967082252
P 118 139 1983859468
P 119 139 1983793676
P 120 139 2101627405
P 121 139 2101627405
P 122 139 2118339085
P 123 139 2135116045
P 124 139 2135116045
P 125 139 2151827725
P 126 139 2168604941
P 127 139 2185382158
P 128 139 2286373134
P 129 139 2303150350
P 130 139 2319862031
P 131 139 2319861775
P 132 139 2336638991
P 133 139 2353350671
P 134 139 2370127887
P 135 139 2370062095
P 136 139 2487830288
P 137 139 2504607504
P 138 139 2521384720
P 139 139 2521318928
P 140 139 2538030864
P 141 139 2554742800
P 142 139 2571454736
P 143 139 2571454736
P 144 139 2689157393
P 145 139 2705869329
P 146 139 2722646801
P 147 139 2739292945
P 148 139 2756004881
P 149 139 2755939345
P 150 139 2772651281
P 151 139 2789362961
P 152 139 2907065874
P 153 139 2923843346
P 154 139 2940555282
P 155 139 2957201426
P 156 139 2973913106
P 157 139 2990625042
P 158 139 2990559762
P 159 139 3007271442
P 160 139 3141751571
P 161 139 3158463251
P 162 139 3175175187
P 163 139 3175044115
P 164 139 3191756051
P 165 139 3208467987
P 166 139 3225179667
P 167 139 3241891348
P 40 140 637884929
P 41 140 637884929
P 42 140 654662145
P 43 140 654662146
P 44 140 654662146
P 45 140 671439106
P 46 140 671439106
P 47 140 688216322
P 48 140 739137794
P 49 140 755914754
P 50 140 755914754
P 51 140 755914754
P 52 140 772691970
P 53 140 772691714
P 54 140 789468931
P 55 140 789468931
P 56 140 857167619
P 57 140 873879043
P 58 140 873879043
P 59 140 890656259
P 60 140 890656259
P 61 140 890656259
P 62 140 907433475
P 63 140 907433475
P 64 140 991843844
P 65 140 991843588
P 66 140 1008620804
P 67 140 1008620804
P 68 140 1025398020
P 69 140 1025397764
P 70 140 1042174980
P 71 140 1042174980
P 72 140 1126585349
P 73 140 1126519557
P 74 140 1143296773
P 75 140 1143296773
P 76 140 1160073989
P 77 140 1160073989
P 78 140 1176851205
P 79 140 1176851205
P 80 140 1261196038
P 81 140 1277972998
P 82 140 1277972998
P 83 140 1294750214
P 84 140 1294684678
P 85 140 1311461638
P 86 140 1311461638
P 87 140 1328238855
P 88 140 1412583687
P 89 140 1412583431
P 90 140 1429360647
P 91 140 1446137863
P 92 140 1446072328
P 93 140 1462849544
P 94 140 1462849544
P 95 140 1479626760
P 96 140 1563971592
P 97 140 1580683016
P 98 140 1597460233
P 99 140 1597460233
P 100 140 1614171913
P 101 140 1614171657
P 102 140 1630948873
P 103 140 1647726089
P 104 140 1732070922
P 105 140 1748782346
P 106 140 1765559562
P 107 140 1765494026
P 108 140 1782271242
P 109 140 1782270986
P 110 140 1798982666
P 111 140 1815759882
P 112 140 1916881931
P 113 140 1916816395
P 114 140 1933593611
P 115 140 1950305291
P 116 140 1950305292
P 117 140 1967082252
P 118 140 1983793932
P 119 140 1983793932
P 120 140 2101627661
P 121 140 2101561869
P 122 140 2118339085
P 123 140 2135116301
P 124 140 2135050765
P 125 140 2151827725
P 126 140 2168604941
P 127 140 2185382158
P 128 140 2286373134
P 129 140 2303084814
P 130 140 2319862031
P 131 140 2319862031
P 132 140 2336573711
P 133 140 2353350671
P 134 140 2370062351
P 135 140 2370062351
P 136 140 2487830544
P 137 140 2504607504
P 138 140 2521384720
P 139 140 2521319184
P 140 140 2538030864
P 141 140 2554742544
P 142 140 2571454480
P 143 140 2571454737
P 144 140 2689157393
P 145 140 2705869073
P 146 140 2722646545
P 147 140 2739358481
P 148 140 2756004881
P 149 140 2755939345
P 150 140 2772651025
P 151 140 2789362962
P 152 140 2907065874
P 153 140 2923843090
P 154 140 2940555026
P 155 140 2957266962
P 156 140 2973913106
P 157 140 2990624786
P 158 140 2990559506
P 159 140 3007271443
P 160 140 3141751571
P 161 140 3158463251
P 162 140 3175174931
P 163 140 3175109651
P 164 140 3191756052
P 165 140 3208467732
P 166 140 3225179668
P 167 140 3241891348
P 40 141 637884929
P 41 141 637884929
P 42 141 654662145
P 43 141 654662146
P 44 141 654662146
P 45 141 671439362
P 46 141 671439106
P 47 141 688216322
P 48 141 739137794
P 49 141 755915010
P 50 141 755914754
P 51 141 755914754
P 52 141 772691970
P 53 141 772691970
P 54 141 789468931
P 55 141 789468931
P 56 141 857167619
P 57 141 873879299
P 58 141 873879043
P 59 141 890656259
P 60 141 890656259
P 61 141 890656259
P 62 141 907433475
P 63 141 907433475
P 64 141 991843844
P 65 141 991843844
P 66 141 1008620804
P 67 141 1008620804
P 68 141 1025398020
P 69 141 1025398020
P 70 141 1042174980
P 71 141 1042109444
P 72 141 1126585349
P 73 141 1126519813
P 74 141 1143296773
P 75 141 1143296773
P 76 141 1160073989
P 77 141 1160073989
P 78 141 1176851205
P 79 141 1176785669
P 80 141 1261196038
P 81 141 1277973254
P 82 141 1277972998
P 83 141 1294750214
P 84 141 1294684678
P 85 141 1311461894
P 86 141 1311461638
P 87 141 1328238855
P 88 141 1412583687
P 89 141 1412583687
P 90 141 1429360647
P 91 141 1446137863
P 92 141 1446072328
P 93 141 1462849544
P 94 141 1462849544
P 95 141 1479561224
P 96 141 1563971592
P 97 141 1580683272
P 98 141 1597460233
P 99 141 1597460233
P 100 141 1614171913
P 101 141 1614171913
P 102 141 1630948873
P 103 141 1647660553
P 104 141 1732070922
P 105 141 1748782602
P 106 141 1765494026
P 107 141 1765494026
P 108 141 1782271242
P 109 141 1782205706
P 110 141 1798982666
P 111 141 1815759882
P 112 141 1916881931
P 113 141 1916816395
P 114 141 1933528075
P 115 141 1950305291
P 116 141 1950305292
P 117 141 1967016972
P 118 141 1983793932
P 119 141 1983793932
P 120 141 2101627661
P 121 141 2101562125
P 122 141 2118339085
P 123 141 2135116301
P 124 141 2135050765
P 125 141 2151827981
P 126 141 2168604941
P 127 141 2185316622
P 128 141 2286373134
P 129 141 2303084814
P 130 141 2319862031
P 131 141 2319862031
P 132 141 2336573711
P 133 141 2353285391
P 134 141 2370062351
P 135 141 2369996815
P 136 141 2487830544
P 137 141 2504607760
P 138 141 2521319184
P 139 141 2521319184
P 140 141 2538030864
P 141 141 2554742545
P 142 141 2571454225
P 143 141 2571454481
P 144 141 2689157393
P 145 141 2705869073
P 146 141 2722646289
P 147 141 2739358225
P 148 141 2756070161
P 149 141 2755939346
P 150 141 2772651026
P 151 141 2789362706
P 152 141 2907065618
P 153 141 2923843090
P 154 141 2940554770
P 155 141 2957266706
P 156 141 2973978642
P 157 141 2990624787
P 158 141 2990559251
P 159 141 3007271187
P 160 141 3141751315
P 161 141 3158463251
P 162 141 3175174932
P 163 141 3175109396
P 164 141 3191821332
P 165 141 3208467732
P 166 141 3225179412
P 167 141 3241891348
P 40 142 637884929
P 41 142 637884929
P 42 142 654662145
P 43 142 654662146
P 44 142 654662146
P 45 142 671439362
P 46 142 671439362
P 47 142 688216578
P 48 142 739137794
P 49 142 755915010
P 50 142 755915010
P 51 142 755915010
P 52 142 772691970
P 53 142 772691970
P 54 142 789469187
P 55 142 789469187
P 56 142 857102083
P 57 142 873879299
P 58 142 873879299
P 59 142 890656515
P 60 142 890656259
P 61 142 890656259
P 62 142 907433475
P 63 142 907433475
P 64 142 991843844
P 65 142 991843844
P 66 142 1008621060
P 67 142 1008621060
P 68 142 1025398020
P 69 142 1025398020
P 70 142 1042109700
P 71 142 1042109700
P 72 142 1126519813
P 73 142 1126519813
P 74 142 1143297029
P 75 142 1143297029
P 76 142 1160073989
P 77 142 1160073989
P 78 142 1176785669
P 79 142 1176785669
P 80 142 1261196038
P 81 142 1277973254
P 82 142 1277973254
P 83 142 1294684934
P 84 142 1294684678
P 85 142 1311461894
P 86 142 1311461894
P 87 142 1328239111
P 88 142 1412583687
P 89 142 1412583687
P 90 142 1429360903
P 91 142 1446072583
P 92 142 1446072327
P 93 142 1462849544
P 94 142 1462784008
P 95 142 1479561224
P 96 142 1563906056
P 97 142 1580683272
P 98 142 1597460489
P 99 142 1597394953
P 100 142 1614171913
P 101 142 1614171913
P 102 142 1630883593
P 103 142 1647660809
P 104 142 1732005386
P 105 142 1748782602
P 106 142 1765494282
P 107 142 1765494282
P 108 142 1782271242
P 109 142 1782205706
P 110 142 1798982922
P 111 142 1815760138
P 112 142 1916816395
P 113 142 1916816395
P 114 142 1933528075
P 115 142 1950305291
P 116 142 1950305292
P 117 142 1967016972
P 118 142 1983794188
P 119 142 1983794188
P 120 142 2101562125
P 121 142 2101562125
P 122 142 2118339341
P 123 142 2135051021
P 124 142 2135050765
P 125 142 2151827981
P 126 142 2168539661
P 127 142 2185316878
P 128 142 2286307598
P 129 142 2303084814
P 130 142 2319862031
P 131 142 2319796495
P 132 142 2336573711
P 133 142 2353285391
P 134 142 2369997071
P 135 142 2369997071
P 136 142 2487830544
P 137 142 2504607760
P 138 142 2521319440
P 139 142 2521253904
P 140 142 2538030864
P 141 142 2554742545
P 142 142 2571454225
P 143 142 2571454481
P 144 142 2689157137
P 145 142 2705869073
P 146 142 2722646290
P 147 142 2739358226
P 148 142 2756069906
P 149 142 2756004626
P 150 142 2772651026
P 151 142 2789362706
P 152 142 2907065362
P 153 142 2923842834
P 154 142 2940554771
P 155 142 2957266707
P 156 142 2973978387
P 157 142 2990690323
P 158 142 2990559251
P 159 142 3007271187
P 160 142 3141751060
P 161 142 3158462996
P 162 142 3175174932
P 163 142 3175109396
P 164 142 3191821076
P 165 142 3208533012
P 166 142 3225179412
P 167 142 3241891348
P 40 143 637885185
P 41 143 637884929
P 42 143 654662145
P 43 143 654662146
P 44 143 654662146
P 45 143 671439362
P 46 143 671439362
P 47 143 688216578
P 48 143 739138050
P 49 143 755915010
P 50 143 755915010
P 51 143 755915010
P 52 143 772692226
P 53 143 772691970
P 54 143 789469187
P 55 143 789403651
P 56 143 857102339
P 57 143 873879299
P 58 143 873879299
P 59 143 890656515
P 60 143 890656515
P 61 143 890656259
P 62 143 907433475
P 63 143 907433475
P 64 143 991843844
P 65 143 991843844
P 66 143 1008621060
P 67 143 1008621060
P 68 143 1025398276
P 69 143 1025398020
P 70 143 1042109700
P 71 143 1042109700
P 72 143 1126520069
P 73 143 1126519813
P 74 143 1143297029
P 75 143 1143297029
P 76 143 1160074245
P 77 143 1160073989
P 78 143 1176785669
P 79 143 1176785669
P 80 143 1261196038
P 81 143 1277973254
P 82 143 1277973254
P 83 143 1294684934
P 84 143 1294684934
P 85 143 1311461894
P 86 143 1311461894
P 87 143 1328173575
P 88 143 1412583943
P 89 143 1412583687
P 90 143 1429360903
P 91 143 1446072583
P 92 143 1446072583
P 93 143 1462849544
P 94 143 1462784008
P 95 143 1479561224
P 96 143 1563906056
P 97 143 1580683272
P 98 143 1597460489
P 99 143 1597394953
P 100 143 1614172169
P 101 143 1614171913
P 102 143 1630883593
P 103 143 1647660809
P 104 143 1732005642
P 105 143 1748717066
P 106 143 1765494282
P 107 143 1765494282
P 108 143 1782205962
P 109 143 1782205706
P 110 143 1798982922
P 111 143 1815694602
P 112 143 1916816651
P 113 143 1916750859
P 114 143 1933528075
P 115 143 1950305291
P 116 143 1950239756
P 117 143 1967016972
P 118 143 1983794188
P 119 143 1983728652
P 120 143 2101562381
P 121 143 2101562125
P 122 143 2118339341
P 123 143 2135051021
P 124 143 2135051021
P 125 143 2151827981
P 126 143 2168539661
P 127 143 2185251341
P 128 143 2286307854
P 129 143 2303084814
P 130 143 2319862031
P 131 143 2319796495
P 132 143 2336508175
P 133 143 2353285391
P 134 143 2369997071
P 135 143 2369997071
P 136 143 2487830800
P 137 143 2504542224
P 138 143 2521319440
P 139 143 2521253904
P 140 143 2537965584
P 141 143 2554742545
P 142 143 2571454225
P 143 143 2571454225
P 144 143 2689157138
P 145 143 2705868818
P 146 143 2722646290
P 147 143 2739357970
P 148 143 2756069906
P 149 143 2756004370
P 150 143 2772716306
P 151 143 2789362706
P 152 143 2907065363
P 153 143 2923842579
P 154 143 2940554515
P 155 143 2957266451
P 156 143 2973978387
P 157 143 2990690067
P 158 143 2990624787
P 159 143 3007270931
P 160 143 3141751060
P 161 143 3158462740
P 162 143 3175174676
P 163 143 3175109396
P 164 143 3191821076
P 165 143 3208532756
P 166 143 3225244692
P 167 143 3241891092
P 40 144 654664449
P 41 144 654664450
P 42 144 671441666
P 43 144 671441410
P 44 144 688218626
P 45 144 688218626
P 46 144 688218626
P 47 144 704995586
P 48 144 755917058
P 49 144 772694274
P 50 144 772694274
P 51 144 789471234
P 52 144 789471235
P 53 144 806248451
P 54 144 806248451
P 55 144 822959875
P 56 144 873881347
P 57 144 890658563
P 58 144 890658563
P 59 144 907435523
P 60 144 907435523
P 61 144 924212740
P 62 144 924212740
P 63 144 940989956
P 64 144 1008623108
P 65 144 1025400324
P 66 144 1025400324
P 67 144 1042177284
P 68 144 1042177284
P 69 144 1058888965
P 70 144 1058888965
P 71 144 1075665925
P 72 144 1143299077
P 73 144 1160076293
P 74 144 1160076293
P 75 144 1176853253
P 76 144 1176853253
P 77 144 1193564934
P 78 144 1193564934
P 79 144 1210341894
P 80 144 1294752262
P 81 144 1294752262
P 82 144 1311463942
P 83 144 1311463687
P 84 144 1328240903
P 85 144 1328240903
P 86 144 1345018119
P 87 144 1361729799
P 88 144 1446140167
P 89 144 1446140168
P 90 144 1462851848
P 91 144 1462851592
P 92 144 1479628808
P 93 144 1496340488
P 94 144 1496340488
P 95 144 1513117448
P 96 144 1597462281
P 97 144 1614239497
P 98 144 1614173961
P 99 144 1630950921
P 100 144 1647728137
P 101 144 1647662601
P 102 144 1664439817
P 103 144 1681216778
P 104 144 1765496074
P 105 144 1782273290
P 106 144 1782273290
P 107 144 1799050251
P 108 144 1815761931
P 109 144 1815761931
P 110 144 1832539147
P 111 144 1849250827
P 112 144 1950307340
P 113 144 1950307340
P 114 144 1967084556
P 115 144 1983861516
P 116 144 1983795980
P 117 144 2000573196
P 118 144 2017350412
P 119 144 2034061836
P 120 144 2135118349
P 121 144 2135118349
P 122 144 2151830029
P 123 144 2168606990
P 124 144 2185384206
P 125 144 2185318670
P 126 144 2202095886
P 127 144 2218807310
P 128 144 2319863823
P 129 144 2336641039
P 130 144 2353352719
P 131 144 2370129679
P 132 144 2370064143
P 133 144 2386775824
P 134 144 2403553040
P 135 144 2420330256
P 136 144 2521321233
P 137 144 2538098449
P 138 144 2554810129
P 139 144 2571587089
P 140 144 2571521553
P 141 144 2588233233
P 142 144 2605010449
P 143 144 2621787409
P 144 144 2739490066
P 145 144 2756202002
P 146 144 2756202258
P 147 144 2772913938
P 148 144 2789625618
P 149 144 2806337554
P 150 144 2823049491
P 151 144 2839761171
P 152 144 2957398547
P 153 144 2974176019
P 154 144 2990887955
P 155 144 2990822420
P 156 144 3007534100
P 157 144 3024246036
P 158 144 3040957972
P 159 144 3057669652
P 160 144 3175307028
P 161 144 3192018964
P 162 144 3208730900
P 163 144 3225442581
P 164 144 3242154261
P 165 144 3258866197
P 166 144 3275578133
P 167 144 3292289813
P 40 145 654664449
P 41 145 654664450
P 42 145 671441666
P 43 145 671441666
P 44 145 688218626
P 45 145 688218626
P 46 145 688218626
P 47 145 704995842
P 48 145 755917058
P 49 145 772694274
P 50 145 772694274
P 51 145 789471490
P 52 145 789471235
P 53 145 806248451
P 54 145 806182915
P 55 145 822960131
P 56 145 873881347
P 57 145 890658563
P 58 145 890658563
P 59 145 907435779
P 60 145 907435523
P 61 145 924212740
P 62 145 924212740
P 63 145 940989956
P 64 145 1008623108
P 65 145 1025400324
P 66 145 1025400324
P 67 145 1042177540
P 68 145 1042177284
P 69 145 1058888964
P 70 145 1058888965
P 71 145 1075666181
P 72 145 1143299077
P 73 145 1160076293
P 74 145 1160076293
P 75 145 1176853509
P 76 145 1176853253
P 77 145 1193564934
P 78 145 1193564934
P 79 145 1210342150
P 80 145 1294752262
P 81 145 1294686726
P 82 145 1311463942
P 83 145 1311463943
P 84 145 1328240903
P 85 145 1328240903
P 86 145 1344952583
P 87 145 1361729799
P 88 145 1446140167
P 89 145 1446074632
P 90 145 1462851848
P 91 145 1462851848
P 92 145 1479628808
P 93 145 1496340488
P 94 145 1496340488
P 95 145 1513117704
P 96 145 1597462281
P 97 145 1614173961
P 98 145 1614173961
P 99 145 1630951177
P 100 145 1647728137
P 101 145 1647662601
P 102 145 1664439817
P 103 145 1681217034
P 104 145 1765496074
P 105 145 1782273290
P 106 145 1782273290
P 107 145 1798984971
P 108 145 1815761931
P 109 145 1815761931
P 110 145 1832473611
P 111 145 1849250827
P 112 145 1950307340
P 113 145 1950307340
P 114 145 1967084556
P 115 145 1983796236
P 116 145 1983795980
P 117 145 2000573196
P 118 145 2017284876
P 119 145 2034062092
P 120 145 2135118349
P 121 145 2135052813
P 122 145 2151830029
P 123 145 2168607246
P 124 145 2185384206
P 125 145 2185318670
P 126 145 2202030350
P 127 145 2218807566
P 128 145 2319863823
P 129 145 2336575503
P 130 145 2353352719
P 131 145 2370064399
P 132 145 2370064143
P 133 145 2386775823
P 134 145 2403553040
P 135 145 2420330256
P 136 145 2521321233
P 137 145 2538032913
P 138 145 2554810129
P 139 145 2571521809
P 140 145 2571521553
P 141 145 2588233233
P 142 145 2605010449
P 143 145 2621787665
P 144 145 2739490066
P 145 145 2756201746
P 146 145 2756202002
P 147 145 2772913939
P 148 145 2789625619
P 149 145 2806337299
P 150 145 2823049235
P 151 145 2839761171
P 152 145 2957463827
P 153 145 2974175764
P 154 145 2990887700
P 155 145 2990822420
P 156 145 3007534100
P 157 145 3024245780
P 158 145 3040957716
P 159 145 3057669652
P 160 145 3175372308
P 161 145 3192018709
P 162 145 3208730645
P 163 145 3225442581
P 164 145 3242154261
P 165 145 3258865941
P 166 145 3275577877
P 167 145 3292289813
P 40 146 654664449
P 41 146 654664450
P 42 146 671441666
P 43 146 671441666
P 44 146 688218882
P 45 146 688218882
P 46 146 688218626
P 47 146 704995842
P 48 146 755917314
P 49 146 772694530
P 50 146 772694274
P 51 146 789471490
P 52 146 789471491
P 53 146 806248707
P 54 146 806182915
P 55 146 822960131
P 56 146 873881603
P 57 146 890658819
P 58 146 890658563
P 59 146 907435779
P 60 146 907435779
P 61 146 924212996
P 62 146 924212740
P 63 146 940924420
P 64 146 1008623108
P 65 146 1025400324
P 66 146 1025400324
P 67 146 1042177540
P 68 146 1042112004
P 69 146 1058889220
P 70 146 1058888965
P 71 146 1075666181
P 72 146 1143299333
P 73 146 1160076549
P 74 146 1160076293
P 75 146 1176853509
P 76 146 1176787973
P 77 146 1193565190
P 78 146 1193564934
P 79 146 1210342150
P 80 146 1294752518
P 81 146 1294686982
P 82 146 1311463942
P 83 146 1311463943
P 84 146 1328241159
P 85 146 1328241159
P 86 146 1344952583
P 87 146 1361729799
P 88 146 1446140167
P 89 146 1446074632
P 90 146 1462851848
P 91 146 1462851848
P 92 146 1479563528
P 93 146 1496340744
P 94 146 1496340488
P 95 146 1513052168
P 96 146 1597462537
P 97 146 1614174217
P 98 146 1614173961
P 99 146 1630951177
P 100 146 1647662857
P 101 146 1647662857
P 102 146 1664439817
P 103 146 1681151498
P 104 146 1765496330
P 105 146 1782273546
P 106 146 1782207754
P 107 146 1798984971
P 108 146 1815762187
P 109 146 1815762187
P 110 146 1832473611
P 111 146 1849250827
P 112 146 1950307340
P 113 146 1950307340
P 114 146 1967019020
P 115 146 1983796236
P 116 146 1983796236
P 117 146 2000573452
P 118 146 2017284876
P 119 146 2033996556
P 120 146 2135118605
P 121 146 2135053069
P 122 146 2151830029
P 123 146 2168607246
P 124 146 2185318926
P 125 146 2185318926
P 126 146 2202030350
P 127 146 2218807566
P 128 146 2319864079
P 129 146 2336575759
P 130 146 2353287183
P 131 146 2370064399
P 132 146 2369998863
P 133 146 2386776079
P 134 146 2403553040
P 135 146 2420264720
P 136 146 2521321232
P 137 146 2538032913
P 138 146 2554744593
P 139 146 2571521809
P 140 146 2571456273
P 141 146 2588233489
P 142 146 2605010449
P 143 146 2621722129
P 144 146 2739490322
P 145 146 2756202002
P 146 146 2756201747
P 147 146 2772913683
P 148 146 2789625619
P 149 146 2806337299
P 150 146 2823048979
P 151 146 2839760915
P 152 146 2957463828
P 153 146 2974175764
P 154 146 2990887444
P 155 146 2990822164
P 156 146 3007534100
P 157 146 3024245780
P 158 146 3040957460
P 159 146 3057669396
P 160 146 3175372309
P 161 146 3192084245
P 162 146 3208730389
P 163 146 3225442325
P 164 146 3242154261
P 165 146 3258865941
P 166 146 3275577621
P 167 146 3292289557
P 40 147 654664449
P 41 147 654664450
P 42 147 671441666
P 43 147 671441666
P 44 147 688218882
P 45 147 688218882
P 46 147 688218882
P 47 147 704995842
P 48 147 755917314
P 49 147 772694530
P 50 147 772694530
P 51 147 789471490
P 52 147 789471491
P 53 147 806183171
P 54 147 806183171
P 55 147 822960131
P 56 147 873881603
P 57 147 890658819
P 58 147 890658819
P 59 147 907435779
P 60 147 907435779
P 61 147 924212996
P 62 147 924212996
P 63 147 940924420
P 64 147 1008623108
P 65 147 1025400324
P 66 147 1025400324
P 67 147 1042112004
P 68 147 1042112004
P 69 147 1058889220
P 70 147 1058889221
P 71 147 1075666181
P 72 147 1143299333
P 73 147 1160076549
P 74 147 1160076549
P 75 147 1176787973
P 76 147 1176787973
P 77 147 1193565190
P 78 147 1193565190
P 79 147 1210342150
P 80 147 1294686982
P 81 147 1294686982
P 82 147 1311464198
P 83 147 1311463942
P 84 147 1328241159
P 85 147 1328175623
P 86 147 1344952839
P 87 147 1361729799
P 88 147 1446074631
P 89 147 1446074632
P 90 147 1462851848
P 91 147 1462786312
P 92 147 1479563528
P 93 147 1496340744
P 94 147 1496340744
P 95 147 1513052168
P 96 147 1597397001
P 97 147 1614174217
P 98 147 1614174217
P 99 147 1630885641
P 100 147 1647662857
P 101 147 1647662857
P 102 147 1664440073
P 103 147 1681151498
P 104 147 1765496330
P 105 147 1782273546
P 106 147 1782208010
P 107 147 1798984970
P 108 147 1815762187
P 109 147 1815696651
P 110 147 1832473867
P 111 147 1849250827
P 112 147 1950307340
P 113 147 1950307340
P 114 147 1967019020
P 115 147 1983796236
P 116 147 1983796236
P 117 147 2000507916
P 118 147 2017285132
P 119 147 2033996556
P 120 147 2135053069
P 121 147 2135053069
P 122 147 2151830285
P 123 147 2168541709
P 124 147 2185318926
P 125 147 2185253390
P 126 147 2202030606
P 127 147 2218807566
P 128 147 2319798543
P 129 147 2336575759
P 130 147 2353287439
P 131 147 2369998863
P 132 147 2369998863
P 133 147 2386776079
P 134 147 2403553296
P 135 147 2420264720
P 136 147 2521255696
P 137 147 2538032913
P 138 147 2554744593
P 139 147 2571456273
P 140 147 2571456273
P 141 147 2588233489
P 142 147 2605010705
P 143 147 2621722129
P 144 147 2739424786
P 145 147 2756202002
P 146 147 2756202003
P 147 147 2772913427
P 148 147 2789625363
P 149 147 2806337299
P 150 147 2823048979
P 151 147 2839760659
P 152 147 2957463572
P 153 147 2974175508
P 154 147 2990952980
P 155 147 2990821908
P 156 147 3007533844
P 157 147 3024245780
P 158 147 3040957460
P 159 147 3057669140
P 160 147 3175372053
P 161 147 3192083989
P 162 147 3208795925
P 163 147 3225442069
P 164 147 3242154005
P 165 147 3258865941
P 166 147 3275577621
P 167 147 3292289301
P 40 148 654664705
P 41 148 654664450
P 42 148 671441666
P 43 148 671441666
P 44 148 688218882
P 45 148 688218882
P 46 148 688218882
P 47 148 704996098
P 48 148 755917570
P 49 148 772694530
P 50 148 772694530
P 51 148 789471746
P 52 148 789406211
P 53 148 806183171
P 54 148 806183171
P 55 148 822960387
P 56 148 873881859
P 57 148 890658819
P 58 148 890658819
P 59 148 907436035
P 60 148 907436035
P 61 148 924212996
P 62 148 924147460
P 63 148 940924676
P 64 148 1008623364
P 65 148 1025400324
P 66 148 1025400324
P 67 148 1042112004
P 68 148 1042112004
P 69 148 1058889220
P 70 148 1058889221
P 71 148 1075666437
P 72 148 1143299589
P 73 148 1160076549
P 74 148 1160076549
P 75 148 1176788229
P 76 148 1176788229
P 77 148 1193565190
P 78 148 1193565190
P 79 148 1210342406
P 80 148 1294687238
P 81 148 1294686982
P 82 148 1311464198
P 83 148 1311464198
P 84 148 1328175879
P 85 148 1328175623
P 86 148 1344952839
P 87 148 1361730055
P 88 148 1446074887
P 89 148 1446074632
P 90 148 1462851848
P 91 148 1462786312
P 92 148 1479563528
P 93 148 1496340744
P 94 148 1496275208
P 95 148 1513052424
P 96 148 1597397257
P 97 148 1614174217
P 98 148 1614174217
P 99 148 1630885897
P 100 148 1647663113
P 101 148 1647662857
P 102 148 1664374537
P 103 148 1681151754
P 104 148 1765496586
P 105 148 1782208010
P 106 148 1782208010
P 107 148 1798985226
P 108 148 1815696907
P 109 148 1815696651
P 110 148 1832473867
P 111 148 1849251083
P 112 148 1950307596
P 113 148 1950241804
P 114 148 1967019020
P 115 148 1983796236
P 116 148 1983730700
P 117 148 2000507916
P 118 148 2017219596
P 119 148 2033996812
P 120 148 2135053325
P 121 148 2135053069
P 122 148 2151830285
P 123 148 2168541965
P 124 148 2185253646
P 125 148 2185253390
P 126 148 2202030606
P 127 148 2218807822
P 128 148 2319798799
P 129 148 2336510223
P 130 148 2353287439
P 131 148 2369999119
P 132 148 2369999119
P 133 148 2386776079
P 134 148 2403487760
P 135 148 2420264976
P 136 148 2521255952
P 137 148 2537967377
P 138 148 2554744593
P 139 148 2571456273
P 140 148 2571456273
P 141 148 2588233489
P 142 148 2604945169
P 143 148 2621722385
P 144 148 2739425042
P 145 148 2756202002
P 146 148 2756202003
P 147 148 2772913683
P 148 148 2789625363
P 149 148 2806337043
P 150 148 2823048979
P 151 148 2839760659
P 152 148 2957463572
P 153 148 2974175252
P 154 148 2990952724
P 155 148 2990887444
P 156 148 3007533844
P 157 148 3024245524
P 158 148 3040957460
P 159 148 3057669140
P 160 148 3175372053
P 161 148 3192083733
P 162 148 3208795669
P 163 148 3225507605
P 164 148 3242154005
P 165 148 3258865685
P 166 148 3275577621
P 167 148 3292289301
P 40 149 654664705
P 41 149 654664705
P 42 149 671441666
P 43 149 671441666
P 44 149 688218882
P 45 149 688218882
P 46 149 688218882
P 47 149 704996098
P 48 149 755917570
P 49 149 772694786
P 50 149 772694530
P 51 149 789471746
P 52 149 789406211
P 53 149 806183427
P 54 149 806183171
P 55 149 822960387
P 56 149 873881859
P 57 149 890659075
P 58 149 890658819
P 59 149 907436035
P 60 149 907436035
P 61 149 924147716
P 62 149 924147460
P 63 149 940924676
P 64 149 1008623364
P 65 149 1025400580
P 66 149 1025334788
P 67 149 1042112004
P 68 149 1042112004
P 69 149 1058889220
P 70 149 1058889221
P 71 149 1075666437
P 72 149 1143299589
P 73 149 1160076805
P 74 149 1160011013
P 75 149 1176788229
P 76 149 1176788229
P 77 149 1193565446
P 78 149 1193565190
P 79 149 1210276870
P 80 149 1294687238
P 81 149 1294687238
P 82 149 1311464198
P 83 149 1311464198
P 84 149 1328175879
P 85 149 1328175879
P 86 149 1344952839
P 87 149 1361730055
P 88 149 1446074887
P 89 149 1446074887
P 90 149 1462786312
P 91 149 1462786312
P 92 149 1479563528
P 93 149 1496275208
P 94 149 1496275208
P 95 149 1513052424
P 96 149 1597397257
P 97 149 1614174473
P 98 149 1614108681
P 99 149 1630885897
P 100 149 1647663113
P 101 149 1647597577
P 102 149 1664374537
P 103 149 1681151754
P 104 149 1765496586
P 105 149 1782208266
P 106 149 1782208010
P 107 149 1798985226
P 108 149 1815696907
P 109 149 1815696907
P 110 149 1832473867
P 111 149 1849185547
P 112 149 1950307596
P 113 149 1950242060
P 114 149 1967019020
P 115 149 1983796236
P 116 149 1983730700
P 117 149 2000442380
P 118 149 2017219596
P 119 149 2033996812
P 120 149 2135053325
P 121 149 2135053325
P 122 149 2151764749
P 123 149 2168541965
P 124 149 2185253646
P 125 149 2185253646
P 126 149 2202030606
P 127 149 2218742286
P 128 149 2319798799
P 129 149 2336510479
P 130 149 2353221903
P 131 149 2369999119
P 132 149 2369999119
P 133 149 2386710799
P 134 149 2403487760
P 135 149 2420199440
P 136 149 2521255952
P 137 149 2537967633
P 138 149 2554679057
P 139 149 2571456273
P 140 149 2571456273
P 141 149 2588167953
P 142 149 2604945169
P 143 149 2621656849
P 144 149 2739425042
P 145 149 2756202258
P 146 149 2756136467
P 147 149 2772913683
P 148 149 2789625363
P 149 149 2806337043
P 150 149 2823048723
P 151 149 2839760659
P 152 149 2957463316
P 153 149 2974175252
P 154 149 2990952468
P 155 149 2990887188
P 156 149 3007599124
P 157 149 3024245524
P 158 149 3040957204
P 159 149 3057669140
P 160 149 3175371797
P 161 149 3192083733
P 162 149 3208795413
P 163 149 3225507349
P 164 149 3242219285
P 165 149 3258865685
P 166 149 3275577365
P 167 149 3292289301
P 40 150 654664705
P 41 150 654664705
P 42 150 671441922
P 43 150 671441922
P 44 150 688218882
P 45 150 688218882
P 46 150 688218882
P 47 150 704996098
P 48 150 755917570
P 49 150 772694786
P 50 150 772694786
P 51 150 789406466
P 52 150 789406210
P 53 150 806183427
P 54 150 806183427
P 55 150 822960643
P 56 150 873881859
P 57 150 890659075
P 58 150 890659075
P 59 150 907436291
P 60 150 907436035
P 61 150 924147716
P 62 150 924147716
P 63 150 940924932
P 64 150 1008623364
P 65 150 1025400580
P 66 150 1025335044
P 67 150 1042112260
P 68 150 1042112004
P 69 150 1058889220
P 70 150 1058889221
P 71 150 1075666437
P 72 150 1143299589
P 73 150 1160076805
P 74 150 1160011269
P 75 150 1176788485
P 76 150 1176788229
P 77 150 1193565446
P 78 150 1193499910
P 79 150 1210277126
P 80 150 1294687238
P 81 150 1294687238
P 82 150 1311464454
P 83 150 1311398918
P 84 150 1328175879
P 85 150 1328175879
P 86 150 1344953095
P 87 150 1361730311
P 88 150 1446074887
P 89 150 1446074887
P 90 150 1462786568
P 91 150 1462786568
P 92 150 1479563528
P 93 150 1496275208
P 94 150 1496275208
P 95 150 1513052424
P 96 150 1597397257
P 97 150 1614174473
P 98 150 1614108937
P 99 150 1630886153
P 100 150 1647663113
P 101 150 1647597577
P 102 150 1664374793
P 103 150 1681152010
P 104 150 1765431050
P 105 150 1782208266
P 106 150 1782208266
P 107 150 1798919946
P 108 150 1815696907
P 109 150 1815696907
P 110 150 1832408587
P 111 150 1849185803
P 112 150 1950242060
P 113 150 1950242060
P 114 150 1967019276
P 115 150 1983730956
P 116 150 1983730700
P 117 150 2000442380
P 118 150 2017219596
P 119 150 2033996812
P 120 150 2135053325
P 121 150 2135053325
P 122 150 2151765005
P 123 150 2168476685
P 124 150 2185253646
P 125 150 2185253646
P 126 150 2201965326
P 127 150 2218742542
P 128 150 2319733263
P 129 150 2336510479
P 130 150 2353222159
P 131 150 2369999375
P 132 150 2369999119
P 133 150 2386710799
P 134 150 2403422480
P 135 150 2420199696
P 136 150 2521190416
P 137 150 2537967633
P 138 150 2554679313
P 139 150 2571456529
P 140 150 2571456273
P 141 150 2588167953
P 142 150 2604879633
P 143 150 2621656849
P 144 150 2739425042
P 145 150 2756202258
P 146 150 2756136723
P 147 150 2772848403
P 148 150 2789625363
P 149 150 2806337043
P 150 150 2823048723
P 151 150 2839760659
P 152 150 2957463316
P 153 150 2974174996
P 154 150 2990952468
P 155 150 2990887188
P 156 150 3007598868
P 157 150 3024310804
P 158 150 3040957204
P 159 150 3057669140
P 160 150 3175371797
P 161 150 3192083477
P 162 150 3208795413
P 163 150 3225507349
P 164 150 3242219029
P 165 150 3258930965
P 166 150 3275577365
P 167 150 3292289301
P 40 151 654664961
P 41 151 654664705
P 42 151 671441922
P 43 151 671441922
P 44 151 688219138
P 45 151 688218882
P 46 151 688218882
P 47 151 704996098
P 48 151 755917570
P 49 151 772694786
P 50 151 772694786
P 51 151 789406466
P 52 151 789406466
P 53 151 806183427
P 54 151 806183427
P 55 151 822960643
P 56 151 873882115
P 57 151 890659075
P 58 151 890659075
P 59 151 907436291
P 60 151 907370755
P 61 151 924147716
P 62 151 924147716
P 63 151 940924932
P 64 151 1008623620
P 65 151 1025335044
P 66 151 1025335044
P 67 151 1042112260
P 68 151 1042112260
P 69 151 1058889220
P 70 151 1058889221
P 71 151 1075600901
P 72 151 1143299589
P 73 151 1160011269
P 74 151 1160011269
P 75 151 1176788485
P 76 151 1176788485
P 77 151 1193565446
P 78 151 1193499910
P 79 151 1210277126
P 80 151 1294687494
P 81 151 1294687238
P 82 151 1311464454
P 83 151 1311398918
P 84 151 1328176135
P 85 151 1328175879
P 86 151 1344953095
P 87 151 1361664775
P 88 151 1446075143
P 89 151 1446009351
P 90 151 1462786568
P 91 151 1462786568
P 92 151 1479498248
P 93 151 1496275208
P 94 151 1496275208
P 95 151 1513052424
P 96 151 1597397257
P 97 151 1614108937
P 98 151 1614108937
P 99 151 1630886153
P 100 151 1647597833
P 101 151 1647597577
P 102 151 1664374793
P 103 151 1681086473
P 104 151 1765431306
P 105 151 1782208266
P 106 151 1782208266
P 107 151 1798919946
P 108 151 1815697163
P 109 151 1815696907
P 110 151 1832408587
P 111 151 1849185803
P 112 151 1950242316
P 113 151 1950242060
P 114 151 1967019276
P 115 151 1983730956
P 116 151 1983665420
P 117 151 2000442380
P 118 151 2017219596
P 119 151 2033931276
P 120 151 2135053325
P 121 151 2134987789
P 122 151 2151765005
P 123 151 2168476685
P 124 151 2185253902
P 125 151 2185253646
P 126 151 2201965326
P 127 151 2218677006
P 128 151 2319733519
P 129 151 2336444943
P 130 151 2353222159
P 131 151 2369999375
P 132 151 2369933839
P 133 151 2386710799
P 134 151 2403422480
P 135 151 2420199696
P 136 151 2521190672
P 137 151 2537902097
P 138 151 2554679313
P 139 151 2571456529
P 140 151 2571390993
P 141 151 2588167953
P 142 151 2604879633
P 143 151 2621591313
P 144 151 2739425042
P 145 151 2756136722
P 146 151 2756136723
P 147 151 2772848403
P 148 151 2789560083
P 149 151 2806337043
P 150 151 2823048723
P 151 151 2839760403
P 152 151 2957463316
P 153 151 2974174996
P 154 151 2990952212
P 155 151 2990886932
P 156 151 3007598868
P 157 151 3024310548
P 158 151 3041022484
P 159 151 3057668884
P 160 151 3175371797
P 161 151 3192083477
P 162 151 3208795157
P 163 151 3225507093
P 164 151 3242219029
P 165 151 3258930709
P 166 151 3275642645
P 167 151 3292289045
P 40 152 671444226
P 41 152 671444226
P 42 152 688221442
P 43 152 688221186
P 44 152 704998402
P 45 152 704998402
P 46 152 721775618
P 47 152 721775362
P 48 152 789474050
P 49 152 789474050
P 50 152 806185731
P 51 152 806185475
P 52 152 806185475
P 53 152 822962691
P 54 152 822962691
P 55 152 839739651
P 56 152 907438339
P 57 152 907438339
P 58 152 924215555
P 59 152 924215300
P 60 152 940926980
P 61 152 940926980
P 62 152 957704196
P 63 152 957703940
P 64 152 1025337092
P 65 152 1042114308
P 66 152 1042114308
P 67 152 1058891269
P 68 152 1058891269
P 69 152 1075668485
P 70 152 1075668485
P 71 152 1092379909
P 72 152 1176790277
P 73 152 1176790277
P 74 152 1193567494
P 75 152 1193567494
P 76 152 1210344710
P 77 152 1210279174
P 78 152 1227056390
P 79 152 1227056134
P 80 152 1311466503
P 81 152 1328243719
P 82 152 1328178183
P 83 152 1344955143
P 84 152 1344955143
P 85 152 1361732359
P 86 152 1378509575
P 87 152 1378443783
P 88 152 1462788616
P 89 152 1479565832
P 90 152 1496343048
P 91 152 1496342792
P 92 152 1513054472
P 93 152 1513054472
P 94 152 1529831688
P 95 152 1546608649
P 96 152 1630887945
P 97 152 1647665161
P 98 152 1647665161
P 99 152 1664442121
P 100 152 1664376586
P 101 152 1681153802
P 102 152 1697931018
P 103 152 1697865226
P 104 152 1798987275
P 105 152 1815764491
P 106 152 1815698955
P 107 152 1832475915
P 108 152 1849253131
P 109 152 1849187595
P 110 152 1865964811
P 111 152 1882742027
P 112 152 1983798540
P 113 152 1983798540
P 114 152 2000510220
P 115 152 2017287180
P 116 152 2017221645
P 117 152 2033998861
P 118 152 2050776077
P 119 152 2067487501
P 120 152 2168544014
P 121 152 2185321230
P 122 152 2185255694
P 123 152 2202032654
P 124 152 2218809870
P 125 152 2218744334
P 126 152 2235521550
P 127 152 2252232975
P 128 152 2353223951
P 129 152 2370001167
P 130 152 2386778384
P 131 152 2403555344
P 132 152 2403489808
P 133 152 2420201488
P 134 152 2436978704
P 135 152 2453755664
P 136 152 2571458321
P 137 152 2571458321
P 138 152 2588235537
P 139 152 2605012498
P 140 152 2621724178
P 141 152 2638435858
P 142 152 2638435858
P 143 152 2655147282
P 144 152 2772915475
P 145 152 2789692691
P 146 152 2806404371
P 147 152 2823181331
P 148 152 2823115796
P 149 152 2839827476
P 150 152 2856604692
P 151 152 2873316372
P 152 152 2991019029
P 153 152 3007730709
P 154 152 3024508181
P 155 152 3041219861
P 156 152 3057931797
P 157 152 3074643733
P 158 152 3074578453
P 159 152 3091290133
P 160 152 3225704726
P 161 152 3242416662
P 162 152 3259128598
P 163 152 3275840278
P 164 152 3275774998
P 165 152 3292486934
P 166 152 3309198614
P 167 152 3325910294
P 40 153 671444226
P 41 153 671444226
P 42 153 688221442
P 43 153 688221442
P 44 153 704998402
P 45 153 704998402
P 46 153 721775618
P 47 153 721775618
P 48 153 789474050
P 49 153 789408514
P 50 153 806185731
P 51 153 806185731
P 52 153 806185475
P 53 153 822962691
P 54 153 822962691
P 55 153 839739907
P 56 153 907438339
P 57 153 907438339
P 58 153 924215555
P 59 153 924150020
P 60 153 940926980
P 61 153 940926980
P 62 153 957704196
P 63 153 957704196
P 64 153 1025337092
P 65 153 1042114308
P 66 153 1042114308
P 67 153 1058891525
P 68 153 1058891269
P 69 153 1075668485
P 70 153 1075602949
P 71 153 1092380165
P 72 153 1176790277
P 73 153 1176790277
P 74 153 1193567494
P 75 153 1193567494
P 76 153 1210344710
P 77 153 1210279174
P 78 153 1227056390
P 79 153 1227056390
P 80 153 1311466503
P 81 153 1328178183
P 82 153 1328178183
P 83 153 1344955399
P 84 153 1344955143
P 85 153 1361732359
P 86 153 1378444039
P 87 153 1378444039
P 88 153 1462788616
P 89 153 1479565832
P 90 153 1496343048
P 91 153 1496277512
P 92 153 1513054472
P 93 153 1513054472
P 94 153 1529831688
P 95 153 1546608905
P 96 153 1630887945
P 97 153 1647665161
P 98 153 1647665161
P 99 153 1664376841
P 100 153 1664376586
P 101 153 1681153802
P 102 153 1697865482
P 103 153 1697865482
P 104 153 1798987275
P 105 153 1815698955
P 106 153 1815698955
P 107 153 1832476171
P 108 153 1849253131
P 109 153 1849187595
P 110 153 1865964811
P 111 153 1882742027
P 112 153 1983798540
P 113 153 1983733004
P 114 153 2000510220
P 115 153 2017221900
P 116 153 2017221645
P 117 153 2033998861
P 118 153 2050710541
P 119 153 2067487757
P 120 153 2168544014
P 121 153 2185255694
P 122 153 2185255694
P 123 153 2202032910
P 124 153 2218809870
P 125 153 2218744334
P 126 153 2235456014
P 127 153 2252233231
P 128 153 2353223951
P 129 153 2370001167
P 130 153 2386778384
P 131 153 2403490064
P 132 153 2403489808
P 133 153 2420201488
P 134 153 2436978704
P 135 153 2453755920
P 136 153 2571458321
P 137 153 2571458321
P 138 153 2588235537
P 139 153 2604947218
P 140 153 2621724178
P 141 153 2638435858
P 142 153 2638370322
P 143 153 2655147538
P 144 153 2772915475
P 145 153 2789627155
P 146 153 2806404371
P 147 153 2823116051
P 148 153 2823115796
P 149 153 2839827476
P 150 153 2856539156
P 151 153 2873316372
P 152 153 2991019029
P 153 153 3007730709
P 154 153 3024507925
P 155 153 3041219861
P 156 153 3057931541
P 157 153 3074643477
P 158 153 3074578197
P 159 153 3091290133
P 160 153 3225770006
P 161 153 3242416406
P 162 153 3259128342
P 163 153 3275840278
P 164 153 3275774742
P 165 153 3292486678
P 166 153 3309198614
P 167 153 3325910294
P 40 154 671444481
P 41 154 671444482
P 42 154 688221442
P 43 154 688221442
P 44 154 704998658
P 45 154 704998658
P 46 154 721775618
P 47 154 721775618
P 48 154 789474306
P 49 154 789408770
P 50 154 806185731
P 51 154 806185731
P 52 154 806185731
P 53 154 822962947
P 54 154 822962691
P 55 154 839739907
P 56 154 907438595
P 57 154 907438595
P 58 154 924150019
P 59 154 924150020
P 60 154 940927236
P 61 154 940927236
P 62 154 957704196
P 63 154 957704196
P 64 154 1025337348
P 65 154 1042114564
P 66 154 1042114308
P 67 154 1058891525
P 68 154 1058891525
P 69 154 1075668741
P 70 154 1075602949
P 71 154 1092380165
P 72 154 1176790533
P 73 154 1176790533
P 74 154 1193567494
P 75 154 1193567494
P 76 154 1210279174
P 77 154 1210279174
P 78 154 1227056390
P 79 154 1227056390
P 80 154 1311466758
P 81 154 1328178439
P 82 154 1328178183
P 83 154 1344955399
P 84 154 1344955399
P 85 154 1361732615
P 86 154 1378444039
P 87 154 1378444039
P 88 154 1462788872
P 89 154 1479566088
P 90 154 1496277512
P 91 154 1496277512
P 92 154 1513054728
P 93 154 1513054728
P 94 154 1529831688
P 95 154 1546543369
P 96 154 1630888201
P 97 154 1647665417
P 98 154 1647599625
P 99 154 1664376841
P 100 154 1664376842
P 101 154 1681154058
P 102 154 1697865482
P 103 154 1697865482
P 104 154 1798987530
P 105 154 1815699211
P 106 154 1815698955
P 107 154 1832476171
P 108 154 1849187851
P 109 154 1849187851
P 110 154 1865964811
P 111 154 1882676491
P 112 154 1983798540
P 113 154 1983733004
P 114 154 2000444684
P 115 154 2017221900
P 116 154 2017221901
P 117 154 2033999117
P 118 154 2050710541
P 119 154 2067487757
P 120 154 2168544270
P 121 154 2185255950
P 122 154 2185255694
P 123 154 2202032910
P 124 154 2218744590
P 125 154 2218744590
P 126 154 2235456014
P 127 154 2252233231
P 128 154 2353224207
P 129 154 2370001423
P 130 154 2386712848
P 131 154 2403490064
P 132 154 2403424528
P 133 154 2420201744
P 134 154 2436978704
P 135 154 2453690384
P 136 154 2571458577
P 137 154 2571458577
P 138 154 2588170001
P 139 154 2604947218
P 140 154 2621658898
P 141 154 2638436114
P 142 154 2638370322
P 143 154 2655082002
P 144 154 2772915731
P 145 154 2789627411
P 146 154 2806338835
P 147 154 2823116051
P 148 154 2823050516
P 149 154 2839827732
P 150 154 2856539156
P 151 154 2873250836
P 152 154 2991019029
P 153 154 3007730709
P 154 154 3024507925
P 155 154 3041219605
P 156 154 3057931541
P 157 154 3074643477
P 158 154 3074577941
P 159 154 3091289877
P 160 154 3225770006
P 161 154 3242481942
P 162 154 3259128086
P 163 154 3275840022
P 164 154 3275774742
P 165 154 3292486678
P 166 154 3309198358
P 167 154 3325910294
P 40 155 671444481
P 41 155 671444482
P 42 155 688221698
P 43 155 688221442
P 44 155 704998658
P 45 155 704998658
P 46 155 721775874
P 47 155 721775618
P 48 155 789408770
P 49 155 789408770
P 50 155 806185987
P 51 155 806185731
P 52 155 806185731
P 53 155 822962947
P 54 155 822962947
P 55 155 839739907
P 56 155 907438595
P 57 155 907438595
P 58 155 924150275
P 59 155 924150019
P 60 155 940927236
P 61 155 940927236
P 62 155 957704452
P 63 155 957704196
P 64 155 1025337348
P 65 155 1042114564
P 66 155 1042114564
P 67 155 1058891524
P 68 155 1058891525
P 69 155 1075603205
P 70 155 1075603205
P 71 155 1092380165
P 72 155 1176790533
P 73 155 1176790533
P 74 155 1193567750
P 75 155 1193501958
P 76 155 1210279174
P 77 155 1210279174
P 78 155 1227056390
P 79 155 1227056390
P 80 155 1311401222
P 81 155 1328178439
P 82 155 1328178439
P 83 155 1344955399
P 84 155 1344955399
P 85 155 1361667079
P 86 155 1378444295
P 87 155 1378444039
P 88 155 1462788872
P 89 155 1479566088
P 90 155 1496277768
P 91 155 1496277512
P 92 155 1513054728
P 93 155 1513054728
P 94 155 1529831944
P 95 155 1546543369
P 96 155 1630888201
P 97 155 1647665417
P 98 155 1647599881
P 99 155 1664376841
P 100 155 1664376842
P 101 155 1681088522
P 102 155 1697865738
P 103 155 1697865482
P 104 155 1798921994
P 105 155 1815699211
P 106 155 1815699211
P 107 155 1832410635
P 108 155 1849187851
P 109 155 1849187851
P 110 155 1865965067
P 111 155 1882676491
P 112 155 1983733004
P 113 155 1983733004
P 114 155 2000444684
P 115 155 2017221900
P 116 155 2017221901
P 117 155 2033933581
P 118 155 2050710797
P 119 155 2067487757
P 120 155 2168478734
P 121 155 2185255950
P 122 155 2185255950
P 123 155 2201967374
P 124 155 2218744590
P 125 155 2218679054
P 126 155 2235456270
P 127 155 2252233231
P 128 155 2353224207
P 129 155 2370001423
P 130 155 2386713104
P 131 155 2403424528
P 132 155 2403424528
P 133 155 2420201744
P 134 155 2436978960
P 135 155 2453690384
P 136 155 2571458577
P 137 155 2571458577
P 138 155 2588170257
P 139 155 2604881681
P 140 155 2621658898
P 141 155 2638370578
P 142 155 2638370578
P 143 155 2655082002
P 144 155 2772850195
P 145 155 2789627411
P 146 155 2806339091
P 147 155 2823050515
P 148 155 2823050516
P 149 155 2839762196
P 150 155 2856539412
P 151 155 2873250836
P 152 155 2990953493
P 153 155 3007730709
P 154 155 3024507925
P 155 155 3041219605
P 156 155 3057931285
P 157 155 3074643221
P 158 155 3074577941
P 159 155 3091289621
P 160 155 3225769750
P 161 155 3242481686
P 162 155 3259193622
P 163 155 3275839766
P 164 155 3275774486
P 165 155 3292486422
P 166 155 3309198358
P 167 155 3325910039
P 40 156 671444481
P 41 156 671444482
P 42 156 688221698
P 43 156 688221698
P 44 156 704998914
P 45 156 704998658
P 46 156 721775874
P 47 156 721775874
P 48 156 789409026
P 49 156 789408770
P 50 156 806185987
P 51 156 806185987
P 52 156 806185987
P 53 156 822962947
P 54 156 822962947
P 55 156 839740163
P 56 156 907438851
P 57 156 907373059
P 58 156 924150275
P 59 156 924150275
P 60 156 940927492
P 61 156 940927236
P 62 156 957704452
P 63 156 957704452
P 64 156 1025337604
P 65 156 1042114564
P 66 156 1042114564
P 67 156 1058891780
P 68 156 1058826245
P 69 156 1075603205
P 70 156 1075603205
P 71 156 1092380421
P 72 156 1176790789
P 73 156 1176790533
P 74 156 1193567750
P 75 156 1193502214
P 76 156 1210279430
P 77 156 1210279174
P 78 156 1227056390
P 79 156 1227056390
P 80 156 1311401222
P 81 156 1328178439
P 82 156 1328178439
P 83 156 1344955655
P 84 156 1344890119
P 85 156 1361667079
P 86 156 1378444295
P 87 156 1378444295
P 88 156 1462789128
P 89 156 1479500552
P 90 156 1496277768
P 91 156 1496277768
P 92 156 1513054984
P 93 156 1513054728
P 94 156 1529766408
P 95 156 1546543625
P 96 156 1630888457
P 97 156 1647599881
P 98 156 1647599881
P 99 156 1664377097
P 100 156 1664311562
P 101 156 1681088522
P 102 156 1697865738
P 103 156 1697865738
P 104 156 1798922250
P 105 156 1815699211
P 106 156 1815699211
P 107 156 1832410891
P 108 156 1849188107
P 109 156 1849187851
P 110 156 1865899531
P 111 156 1882676747
P 112 156 1983733260
P 113 156 1983667468
P 114 156 2000444684
P 115 156 2017221900
P 116 156 2017156365
P 117 156 2033933581
P 118 156 2050710797
P 119 156 2067488013
P 120 156 2168478990
P 121 156 2185255950
P 122 156 2185255950
P 123 156 2201967630
P 124 156 2218679310
P 125 156 2218679054
P 126 156 2235456270
P 127 156 2252233487
P 128 156 2353224463
P 129 156 2369935887
P 130 156 2386713104
P 131 156 2403424784
P 132 156 2403424784
P 133 156 2420201744
P 134 156 2436913424
P 135 156 2453690640
P 136 156 2571458833
P 137 156 2571393041
P 138 156 2588170257
P 139 156 2604881937
P 140 156 2621593618
P 141 156 2638370578
P 142 156 2638305042
P 143 156 2655082258
P 144 156 2772850451
P 145 156 2789561875
P 146 156 2806339091
P 147 156 2823050771
P 148 156 2822985236
P 149 156 2839762196
P 150 156 2856473876
P 151 156 2873251092
P 152 156 2990953749
P 153 156 3007730709
P 154 156 3024507925
P 155 156 3041219605
P 156 156 3057931285
P 157 156 3074642965
P 158 156 3074577685
P 159 156 3091289622
P 160 156 3225769750
P 161 156 3242481430
P 162 156 3259193366
P 163 156 3275905302
P 164 156 3275774487
P 165 156 3292486167
P 166 156 3309198103
P 167 156 3325910039
P 40 157 671444481
P 41 157 671444482
P 42 157 688221698
P 43 157 688221698
P 44 157 704998914
P 45 157 704998914
P 46 157 721775874
P 47 157 721775874
P 48 157 789409026
P 49 157 789409026
P 50 157 806185987
P 51 157 806185987
P 52 157 806185987
P 53 157 822963203
P 54 157 822962947
P 55 157 839740163
P 56 157 907438851
P 57 157 907373315
P 58 157 924150275
P 59 157 924150275
P 60 157 940927492
P 61 157 940927492
P 62 157 957704452
P 63 157 957704452
P 64 157 1025337604
P 65 157 1042114820
P 66 157 1042114564
P 67 157 1058891780
P 68 157 1058826245
P 69 157 1075603461
P 70 157 1075603205
P 71 157 1092380421
P 72 157 1176790789
P 73 157 1176790789
P 74 157 1193502214
P 75 157 1193502214
P 76 157 1210279430
P 77 157 1210279430
P 78 157 1227056390
P 79 157 1227056390
P 80 157 1311401222
P 81 157 1328178439
P 82 157 1328178439
P 83 157 1344955655
P 84 157 1344890119
P 85 157 1361667335
P 86 157 1378444295
P 87 157 1378444295
P 88 157 1462789128
P 89 157 1479500808
P 90 157 1496277768
P 91 157 1496277768
P 92 157 1513054984
P 93 157 1512989448
P 94 157 1529766408
P 95 157 1546543625
P 96 157 1630888457
P 97 157 1647600137
P 98 157 1647599881
P 99 157 1664377097
P 100 157 1664311562
P 101 157 1681088778
P 102 157 1697865738
P 103 157 1697865738
P 104 157 1798922250
P 105 157 1815699467
P 106 157 1815633675
P 107 157 1832410891
P 108 157 1849188107
P 109 157 1849122571
P 110 157 1865899531
P 111 157 1882676747
P 112 157 1983733260
P 113 157 1983667724
P 114 157 2000444684
P 115 157 2017221900
P 116 157 2017156365
P 117 157 2033933581
P 118 157 2050710797
P 119 157 2067422477
P 120 157 2168478990
P 121 157 2185256206
P 122 157 2185190414
P 123 157 2201967630
P 124 157 2218679310
P 125 157 2218679310
P 126 157 2235456270
P 127 157 2252167951
P 128 157 2353224463
P 129 157 2369936143
P 130 157 2386647568
P 131 157 2403424784
P 132 157 2403424784
P 133 157 2420136464
P 134 157 2436913424
P 135 157 2453625104
P 136 157 2571458833
P 137 157 2571393297
P 138 157 2588104721
P 139 157 2604881937
P 140 157 2621593618
P 141 157 2638305298
P 142 157 2638305042
P 143 157 2655082258
P 144 157 2772850451
P 145 157 2789562131
P 146 157 2806273555
P 147 157 2823050771
P 148 157 2822985236
P 149 157 2839696916
P 150 157 2856473876
P 151 157 2873251092
P 152 157 2990953749
P 153 157 3007730965
P 154 157 3024442389
P 155 157 3041219605
P 156 157 3057931285
P 157 157 3074642966
P 158 157 3074577430
P 159 157 3091289366
P 160 157 3225769494
P 161 157 3242481430
P 162 157 3259193111
P 163 157 3275905047
P 164 157 3275839767
P 165 157 3292486167
P 166 157 3309197847
P 167 157 3325909783
P 40 158 671444481
P 41 158 671444482
P 42 158 688221698
P 43 158 688221698
P 44 158 704998914
P 45 158 704998914
P 46 158 721776130
P 47 158 721776130
P 48 158 789409026
P 49 158 789409026
P 50 158 806186243
P 51 158 806186243
P 52 158 806185987
P 53 158 822963203
P 54 158 822963203
P 55 158 839740419
P 56 158 907373315
P 57 158 907373315
P 58 158 924150531
P 59 158 924150531
P 60 158 940927492
P 61 158 940927492
P 62 158 957704708
P 63 158 957704708
P 64 158 1025337604
P 65 158 1042114820
P 66 158 1042114820
P 67 158 1058826500
P 68 158 1058826245
P 69 158 1075603461
P 70 158 1075603461
P 71 158 1092380677
P 72 158 1176790789
P 73 158 1176790789
P 74 158 1193502470
P 75 158 1193502470
P 76 158 1210279430
P 77 158 1210279430
P 78 158 1227056646
P 79 158 1227056646
P 80 158 1311401222
P 81 158 1328178439
P 82 158 1328178439
P 83 158 1344890119
P 84 158 1344890119
P 85 158 1361667335
P 86 158 1378444551
P 87 158 1378444551
P 88 158 1462723592
P 89 158 1479500808
P 90 158 1496278024
P 91 158 1496278024
P 92 158 1513054984
P 93 158 1512989448
P 94 158 1529766664
P 95 158 1546543881
P 96 158 1630822921
P 97 158 1647600137
P 98 158 1647600137
P 99 158 1664311817
P 100 158 1664311561
P 101 158 1681088778
P 102 158 1697865994
P 103 158 1697865994
P 104 158 1798922250
P 105 158 1815699467
P 106 158 1815633931
P 107 158 1832411147
P 108 158 1849188107
P 109 158 1849122571
P 110 158 1865899787
P 111 158 1882677003
P 112 158 1983667724
P 113 158 1983667724
P 114 158 2000444940
P 115 158 2017156620
P 116 158 2017156364
P 117 158 2033933581
P 118 158 2050645261
P 119 158 2067422477
P 120 158 2168478990
P 121 158 2185256206
P 122 158 2185190670
P 123 158 2201902350
P 124 158 2218679310
P 125 158 2218679310
P 126 158 2235390990
P 127 158 2252168207
P 128 158 2353158927
P 129 158 2369936143
P 130 158 2386647824
P 131 158 2403425040
P 132 158 2403424784
P 133 158 2420136464
P 134 158 2436848144
P 135 158 2453625360
P 136 158 2571393297
P 137 158 2571393297
P 138 158 2588104977
P 139 158 2604816657
P 140 158 2621593618
P 141 158 2638305298
P 142 158 2638305298
P 143 158 2655082514
P 144 158 2772784915
P 145 158 2789562131
P 146 158 2806273811
P 147 158 2822985491
P 148 158 2822985235
P 149 158 2839696916
P 150 158 2856474132
P 151 158 2873251348
P 152 158 2990953749
P 153 158 3007730965
P 154 158 3024442645
P 155 158 3041154325
P 156 158 3057931285
P 157 158 3074642966
P 158 158 3074577430
P 159 158 3091289366
P 160 158 3225769239
P 161 158 3242481175
P 162 158 3259193111
P 163 158 3275905047
P 164 158 3275839511
P 165 158 3292551447
P 166 158 3309197847
P 167 158 3325909783
P 40 159 671444737
P 41 159 671444482
P 42 159 688221698
P 43 159 688221698
P 44 159 704998914
P 45 159 704998914
P 46 159 721776130
P 47 159 721710594
P 48 159 789409282
P 49 159 789409026
P 50 159 806186243
P 51 159 806186243
P 52 159 806186243
P 53 159 822963203
P 54 159 822963203
P 55 159 839740419
P 56 159 907373571
P 57 159 907373315
P 58 159 924150531
P 59 159 924150531
P 60 159 940927748
P 61 159 940927492
P 62 159 957704708
P 63 159 957704708
P 64 159 1025337860
P 65 159 1042114820
P 66 159 1042114820
P 67 159 1058826500
P 68 159 1058826501
P 69 159 1075603461
P 70 159 1075603461
P 71 159 1092380677
P 72 159 1176791045
P 73 159 1176725253
P 74 159 1193502470
P 75 159 1193502470
P 76 159 1210279686
P 77 159 1210279430
P 78 159 1227056646
P 79 159 1226991110
P 80 159 1311401478
P 81 159 1328178439
P 82 159 1328178439
P 83 159 1344890119
P 84 159 1344890119
P 85 159 1361667335
P 86 159 1378444551
P 87 159 1378379015
P 88 159 1462723848
P 89 159 1479500808
P 90 159 1496278024
P 91 159 1496278024
P 92 159 1512989704
P 93 159 1512989448
P 94 159 1529766664
P 95 159 1546478344
P 96 159 1630823177
P 97 159 1647600137
P 98 159 1647600137
P 99 159 1664311817
P 100 159 1664311817
P 101 159 1681088778
P 102 159 1697865994
P 103 159 1697800458
P 104 159 1798922506
P 105 159 1815633931
P 106 159 1815633931
P 107 159 1832411147
P 108 159 1849122827
P 109 159 1849122571
P 110 159 1865899787
P 111 159 1882611467
P 112 159 1983667980
P 113 159 1983667724
P 114 159 2000444940
P 115 159 2017156620
P 116 159 2017156620
P 117 159 2033933581
P 118 159 2050645261
P 119 159 2067356941
P 120 159 2168478990
P 121 159 2185190670
P 122 159 2185190670
P 123 159 2201902350
P 124 159 2218679566
P 125 159 2218679310
P 126 159 2235390990
P 127 159 2252102670
P 128 159 2353159183
P 129 159 2369870607
P 130 159 2386647824
P 131 159 2403425040
P 132 159 2403359504
P 133 159 2420136464
P 134 159 2436848144
P 135 159 2453559824
P 136 159 2571393553
P 137 159 2571327761
P 138 159 2588104977
P 139 159 2604816657
P 140 159 2621528338
P 141 159 2638305298
P 142 159 2638305298
P 143 159 2655016978
P 144 159 2772785171
P 145 159 2789496595
P 146 159 2806273811
P 147 159 2822985491
P 148 159 2822919955
P 149 159 2839696916
P 150 159 2856474132
P 151 159 2873185812
P 152 159 2990954005
P 153 159 3007665429
P 154 159 3024442645
P 155 159 3041154325
P 156 159 3057866005
P 157 159 3074642966
P 158 159 3074577430
P 159 159 3091289110
P 160 159 3225769239
P 161 159 3242480919
P 162 159 3259192855
P 163 159 3275904791
P 164 159 3275839511
P 165 159 3292551191
P 166 159 3309263127
P 167 159 3325909527
P 40 160 688224002
P 41 160 705001218
P 42 160 705001218
P 43 160 705000962
P 44 160 721778178
P 45 160 721778178
P 46 160 738555394
P 47 160 738489602
P 48 160 806188290
P 49 160 806188291
P 50 160 822965507
P 51 160 822965251
P 52 160 839742467
P 53 160 839742467
P 54 160 856519683
P 55 160 856519427
P 56 160 924152579
P 57 160 940929796
P 58 160 940929796
P 59 160 957706756
P 60 160 957706756
P 61 160 974483972
P 62 160 974483972
P 63 160 991260932
P 64 160 1058894084
P 65 160 1058894085
P 66 160 1075605765
P 67 160 1075605509
P 68 160 1092382725
P 69 160 1092382725
P 70 160 1109159941
P 71 160 1125936901
P 72 160 1193504518
P 73 160 1210281734
P 74 160 1210281734
P 75 160 1227058950
P 76 160 1227058950
P 77 160 1243836166
P 78 160 1243836166
P 79 160 1260547590
P 80 160 1344957959
P 81 160 1344957959
P 82 160 1361669639
P 83 160 1378446599
P 84 160 1378446599
P 85 160 1395223815
P 86 160 1395223815
P 87 160 1411935240
P 88 160 1496280072
P 89 160 1513057288
P 90 160 1513057288
P 91 160 1529834248
P 92 160 1529768713
P 93 160 1546545929
P 94 160 1563323145
P 95 160 1563257353
P 96 160 1664379401
P 97 160 1664379402
P 98 160 1681091082
P 99 160 1697868042
P 100 160 1697868042
P 101 160 1714645258
P 102 160 1731422474
P 103 160 1731356682
P 104 160 1832413195
P 105 160 1849190411
P 106 160 1849190411
P 107 160 1865967371
P 108 160 1882679051
P 109 160 1882679052
P 110 160 1899456268
P 111 160 1916167692
P 112 160 2017224204
P 113 160 2017224205
P 114 160 2033935885
P 115 160 2050712845
P 116 160 2050712845
P 117 160 2067424525
P 118 160 2084201741
P 119 160 2100913165
P 120 160 2201969678
P 121 160 2218746894
P 122 160 2218681358
P 123 160 2235458319
P 124 160 2252235535
P 125 160 2268947215
P 126 160 2268947215
P 127 160 2285658639
P 128 160 2403426832
P 129 160 2403426832
P 130 160 2420204048
P 131 160 2436981008
P 132 160 2453692688
P 133 160 2453627153
P 134 160 2470404369
P 135 160 2487115793
P 136 160 2604883986
P 137 160 2621661202
P 138 160 2621595666
P 139 160 2638372626
P 140 160 2655084306
P 141 160 2671861522
P 142 160 2688638739
P 143 160 2688572947
P 144 160 2823052820
P 145 160 2823052820
P 146 160 2839764500
P 147 160 2856541460
P 148 160 2873253140
P 149 160 2890030356
P 150 160 2906807572
P 151 160 2906741781
P 152 160 3041221654
P 153 160 3057998870
P 154 160 3057933334
P 155 160 3074710294
P 156 160 3091421974
P 157 160 3108133654
P 158 160 3124910870
P 159 160 3141622295
P 160 160 3259324952
P 161 160 3276036888
P 162 160 3292748824
P 163 160 3309460504
P 164 160 3326172440
P 165 160 3342884376
P 166 160 3359596312
P 167 160 3376307992
P 40 161 688224002
P 41 161 705001218
P 42 161 705001218
P 43 161 705001218
P 44 161 721778178
P 45 161 721778178
P 46 161 738489858
P 47 161 738489858
P 48 161 806188290
P 49 161 806188291
P 50 161 822965507
P 51 161 822965507
P 52 161 839742467
P 53 161 839742467
P 54 161 856519683
P 55 161 856519683
P 56 161 924152579
P 57 161 940929796
P 58 161 940929796
P 59 161 957707012
P 60 161 957706756
P 61 161 974483972
P 62 161 974483972
P 63 161 991261188
P 64 161 1058894084
P 65 161 1058828549
P 66 161 1075605765
P 67 161 1075605765
P 68 161 1092382725
P 69 161 1092382725
P 70 161 1109159941
P 71 161 1125937157
P 72 161 1193504518
P 73 161 1210281734
P 74 161 1210281734
P 75 161 1227058950
P 76 161 1227058950
P 77 161 1243836166
P 78 161 1243770630
P 79 161 1260547846
P 80 161 1344957959
P 81 161 1344892423
P 82 161 1361669639
P 83 161 1378446855
P 84 161 1378446599
P 85 161 1395223815
P 86 161 1395158279
P 87 161 1411935496
P 88 161 1496280072
P 89 161 1513057288
P 90 161 1513057288
P 91 161 1529768968
P 92 161 1529768713
P 93 161 1546545929
P 94 161 1563257609
P 95 161 1563257609
P 96 161 1664379401
P 97 161 1664313866
P 98 161 1681091082
P 99 161 1697868298
P 100 161 1697868042
P 101 161 1714645258
P 102 161 1731356938
P 103 161 1731356938
P 104 161 1832413195
P 105 161 1849190411
P 106 161 1849190411
P 107 161 1865902091
P 108 161 1882679051
P 109 161 1882679052
P 110 161 1899390732
P 111 161 1916167948
P 112 161 2017224204
P 113 161 2017158669
P 114 161 2033935885
P 115 161 2050713101
P 116 161 2050712845
P 117 161 2067424525
P 118 161 2084136205
P 119 161 2100913421
P 120 161 2201969678
P 121 161 2218681358
P 122 161 2218681358
P 123 161 2235458575
P 124 161 2252235535
P 125 161 2268947215
P 126 161 2268881679
P 127 161 2285658895
P 128 161 2403426832
P 129 161 2403426832
P 130 161 2420204048
P 131 161 2436915728
P 132 161 2453692688
P 133 161 2453627152
P 134 161 2470338833
P 135 161 2487116049
P 136 161 2604883986
P 137 161 2621595666
P 138 161 2621595666
P 139 161 2638307346
P 140 161 2655084306
P 141 161 2671861522
P 142 161 2688573203
P 143 161 2688573203
P 144 161 2823052820
P 145 161 2822987284
P 146 161 2839764500
P 147 161 2856476180
P 148 161 2873253140
P 149 161 2890030356
P 150 161 2906742036
P 151 161 2906742037
P 152 161 3041221654
P 153 161 3057933334
P 154 161 3057933334
P 155 161 3074645014
P 156 161 3091421974
P 157 161 3108133654
P 158 161 3124845334
P 159 161 3141622551
P 160 161 3259324952
P 161 161 3276036632
P 162 161 3292748568
P 163 161 3309460504
P 164 161 3326172184
P 165 161 3342884120
P 166 161 3359596056
P 167 161 3376307992
P 40 162 688224258
P 41 162 705001474
P 42 162 705001218
P 43 162 705001218
P 44 162 721778434
P 45 162 721778434
P 46 162 738489858
P 47 162 738489858
P 48 162 806188546
P 49 162 806188547
P 50 162 822965507
P 51 162 822965507
P 52 162 839742723
P 53 162 839742723
P 54 162 856519683
P 55 162 856519683
P 56 162 924152835
P 57 162 940930052
P 58 162 940929796
P 59 162 957707012
P 60 162 957707012
P 61 162 974484228
P 62 162 974483972
P 63 162 991195652
P 64 162 1058894340
P 65 162 1058828805
P 66 162 1075605765
P 67 162 1075605765
P 68 162 1092382981
P 69 162 1092382981
P 70 162 1109159941
P 71 162 1125937157
P 72 162 1193504774
P 73 162 1210281990
P 74 162 1210281734
P 75 162 1227058950
P 76 162 1227058950
P 77 162 1243836166
P 78 162 1243770630
P 79 162 1260547846
P 80 162 1344958215
P 81 162 1344892679
P 82 162 1361669639
P 83 162 1378446855
P 84 162 1378446855
P 85 162 1395224071
P 86 162 1395158279
P 87 162 1411935496
P 88 162 1496280328
P 89 162 1513057544
P 90 162 1512991752
P 91 162 1529768968
P 92 162 1529768969
P 93 162 1546546185
P 94 162 1563257609
P 95 162 1563257609
P 96 162 1664379657
P 97 162 1664314122
P 98 162 1681091082
P 99 162 1697868298
P 100 162 1697868298
P 101 162 1714645514
P 102 162 1731356938
P 103 162 1731356938
P 104 162 1832413451
P 105 162 1849190667
P 106 162 1849124875
P 107 162 1865902091
P 108 162 1882679307
P 109 162 1882679308
P 110 162 1899390732
P 111 162 1916167948
P 112 162 2017224460
P 113 162 2017158925
P 114 162 2033935885
P 115 162 2050713101
P 116 162 2050647565
P 117 162 2067424781
P 118 162 2084136205
P 119 162 2100913421
P 120 162 2201969934
P 121 162 2218681614
P 122 162 2218681358
P 123 162 2235458575
P 124 162 2252170255
P 125 162 2268947471
P 126 162 2268881679
P 127 162 2285658895
P 128 162 2403427088
P 129 162 2403427088
P 130 162 2420138512
P 131 162 2436915728
P 132 162 2453627408
P 133 162 2453627408
P 134 162 2470338833
P 135 162 2487116049
P 136 162 2604884242
P 137 162 2621595922
P 138 162 2621530130
P 139 162 2638307346
P 140 162 2655084562
P 141 162 2671861778
P 142 162 2688573203
P 143 162 2688507667
P 144 162 2823053075
P 145 162 2822987540
P 146 162 2839698964
P 147 162 2856476180
P 148 162 2873253396
P 149 162 2890030612
P 150 162 2906742036
P 151 162 2906676501
P 152 162 3041221909
P 153 162 3057933590
P 154 162 3057867798
P 155 162 3074645014
P 156 162 3091356694
P 157 162 3108133910
P 158 162 3124845334
P 159 162 3141557015
P 160 162 3259325207
P 161 162 3276036888
P 162 162 3292748312
P 163 162 3309460248
P 164 162 3326172184
P 165 162 3342884120
P 166 162 3359595800
P 167 162 3376307736
P 40 163 688224258
P 41 163 705001474
P 42 163 705001474
P 43 163 705001218
P 44 163 721778434
P 45 163 721712898
P 46 163 738490114
P 47 163 738489858
P 48 163 806188546
P 49 163 806188547
P 50 163 822965763
P 51 163 822965507
P 52 163 839742723
P 53 163 839742723
P 54 163 856519939
P 55 163 856519683
P 56 163 924152835
P 57 163 940930052
P 58 163 940930052
P 59 163 957707012
P 60 163 957707012
P 61 163 974484228
P 62 163 974484228
P 63 163 991195652
P 64 163 1058828804
P 65 163 1058828805
P 66 163 1075606021
P 67 163 1075605765
P 68 163 1092382981
P 69 163 1092382981
P 70 163 1109160197
P 71 163 1125937157
P 72 163 1193504774
P 73 163 1210281990
P 74 163 1210281990
P 75 163 1227058950
P 76 163 1227058950
P 77 163 1243770630
P 78 163 1243770630
P 79 163 1260547846
P 80 163 1344892679
P 81 163 1344892679
P 82 163 1361669895
P 83 163 1378446855
P 84 163 1378446855
P 85 163 1395158535
P 86 163 1395158535
P 87 163 1411935496
P 88 163 1496280328
P 89 163 1513057544
P 90 163 1512992008
P 91 163 1529768968
P 92 163 1529768969
P 93 163 1546480649
P 94 163 1563257865
P 95 163 1563257609
P 96 163 1664314121
P 97 163 1664314122
P 98 163 1681091338
P 99 163 1697868298
P 100 163 1697868298
P 101 163 1714579978
P 102 163 1731357194
P 103 163 1731356938
P 104 163 1832413451
P 105 163 1849190667
P 106 163 1849125131
P 107 163 1865902091
P 108 163 1882679307
P 109 163 1882613772
P 110 163 1899390988
P 111 163 1916167948
P 112 163 2017158924
P 113 163 2017158925
P 114 163 2033936141
P 115 163 2050647565
P 116 163 2050647565
P 117 163 2067359245
P 118 163 2084136461
P 119 163 2100913421
P 120 163 2201904398
P 121 163 2218681614
P 122 163 2218681614
P 123 163 2235393038
P 124 163 2252170255
P 125 163 2268881935
P 126 163 2268881935
P 127 163 2285658895
P 128 163 2403427088
P 129 163 2403427088
P 130 163 2420138768
P 131 163 2436850192
P 132 163 2453627408
P 133 163 2453561872
P 134 163 2470339089
P 135 163 2487116049
P 136 163 2604818706
P 137 163 2621595922
P 138 163 2621530386
P 139 163 2638307346
P 140 163 2655084562
P 141 163 2671796242
P 142 163 2688573459
P 143 163 2688507667
P 144 163 2822987539
P 145 163 2822987540
P 146 163 2839699220
P 147 163 2856476180
P 148 163 2873253396
P 149 163 2889965076
P 150 163 2906742292
P 151 163 2906676501
P 152 163 3041156373
P 153 163 3057933590
P 154 163 3057868054
P 155 163 3074579478
P 156 163 3091356694
P 157 163 3108068374
P 158 163 3124845590
P 159 163 3141557015
P 160 163 3259259671
P 161 163 3276036888
P 162 163 3292748568
P 163 163 3309459992
P 164 163 3326171928
P 165 163 3342883864
P 166 163 3359595800
P 167 163 3376307480
P 40 164 688224514
P 41 164 705001474
P 42 164 705001474
P 43 164 705001474
P 44 164 721713154
P 45 164 721712898
P 46 164 738490114
P 47 164 738490114
P 48 164 806188802
P 49 164 806188547
P 50 164 822965763
P 51 164 822965763
P 52 164 839742979
P 53 164 839742723
P 54 164 856519939
P 55 164 856519939
P 56 164 924153091
P 57 164 940930052
P 58 164 940930052
P 59 164 957707268
P 60 164 957707268
P 61 164 974484228
P 62 164 974418692
P 63 164 991195908
P 64 164 1058829060
P 65 164 1058828805
P 66 164 1075606021
P 67 164 1075606021
P 68 164 1092383237
P 69 164 1092382981
P 70 164 1109160197
P 71 164 1125937413
P 72 164 1193505030
P 73 164 1210281990
P 74 164 1210281990
P 75 164 1227059206
P 76 164 1226993670
P 77 164 1243770630
P 78 164 1243770630
P 79 164 1260547846
P 80 164 1344892679
P 81 164 1344892679
P 82 164 1361669895
P 83 164 1378447111
P 84 164 1378381575
P 85 164 1395158535
P 86 164 1395158535
P 87 164 1411935752
P 88 164 1496280584
P 89 164 1512992008
P 90 164 1512992008
P 91 164 1529769224
P 92 164 1529703689
P 93 164 1546480649
P 94 164 1563257865
P 95 164 1563257865
P 96 164 1664314377
P 97 164 1664314122
P 98 164 1681091338
P 99 164 1697868554
P 100 164 1697803018
P 101 164 1714579978
P 102 164 1731357194
P 103 164 1731357194
P 104 164 1832413707
P 105 164 1849125131
P 106 164 1849125131
P 107 164 1865902347
P 108 164 1882614027
P 109 164 1882613772
P 110 164 1899390988
P 111 164 1916168204
P 112 164 2017159180
P 113 164 2017158925
P 114 164 2033936141
P 115 164 2050647821
P 116 164 2050582285
P 117 164 2067359245
P 118 164 2084136461
P 119 164 2100913677
P 120 164 2201904654
P 121 164 2218681614
P 122 164 2218681614
P 123 164 2235393294
P 124 164 2252104975
P 125 164 2268881935
P 126 164 2268881935
P 127 164 2285659151
P 128 164 2403427344
P 129 164 2403361552
P 130 164 2420138768
P 131 164 2436850448
P 132 164 2453562128
P 133 164 2453561872
P 134 164 2470339089
P 135 164 2487116305
P 136 164 2604818962
P 137 164 2621530386
P 138 164 2621530386
P 139 164 2638307602
P 140 164 2655019282
P 141 164 2671796242
P 142 164 2688507922
P 143 164 2688507923
P 144 164 2822987795
P 145 164 2822922004
P 146 164 2839699220
P 147 164 2856476436
P 148 164 2873188116
P 149 164 2889965076
P 150 164 2906676756
P 151 164 2906676757
P 152 164 3041156629
P 153 164 3057868054
P 154 164 3057868054
P 155 164 3074579734
P 156 164 3091291414
P 157 164 3108068374
P 158 164 3124780054
P 159 164 3141557271
P 160 164 3259259927
P 161 164 3275971352
P 162 164 3292748568
P 163 164 3309460248
P 164 164 3326171928
P 165 164 3342883608
P 166 164 3359595544
P 167 164 3376307480
P 40 165 688224514
P 41 165 705001730
P 42 165 705001474
P 43 165 705001474
P 44 165 721713154
P 45 165 721713154
P 46 165 738490114
P 47 165 738490114
P 48 165 806188802
P 49 165 806188802
P 50 165 822965763
P 51 165 822965763
P 52 165 839742979
P 53 165 839742979
P 54 165 856519939
P 55 165 856519939
P 56 165 924153091
P 57 165 940930307
P 58 165 940930052
P 59 165 957707268
P 60 165 957707268
P 61 165 974418948
P 62 165 974418692
P 63 165 991195908
P 64 165 1058829060
P 65 165 1058829060
P 66 165 1075606021
P 67 165 1075606021
P 68 165 1092383237
P 69 165 1092383237
P 70 165 1109160197
P 71 165 1125871877
P 72 165 1193505030
P 73 165 1210282246
P 74 165 1210281990
P 75 165 1227059206
P 76 165 1226993670
P 77 165 1243770886
P 78 165 1243770630
P 79 165 1260547846
P 80 165 1344892679
P 81 165 1344892679
P 82 165 1361669895
P 83 165 1378447111
P 84 165 1378381575
P 85 165 1395158791
P 86 165 1395158535
P 87 165 1411870216
P 88 165 1496280584
P 89 165 1512992264
P 90 165 1512992008
P 91 165 1529769224
P 92 165 1529703689
P 93 165 1546480905
P 94 165 1563257865
P 95 165 1563257865
P 96 165 1664314377
P 97 165 1664314377
P 98 165 1681091338
P 99 165 1697868554
P 100 165 1697803018
P 101 165 1714580234
P 102 165 1731357194
P 103 165 1731291658
P 104 165 1832413707
P 105 165 1849125387
P 106 165 1849125131
P 107 165 1865902347
P 108 165 1882614027
P 109 165 1882614028
P 110 165 1899390988
P 111 165 1916102668
P 112 165 2017159180
P 113 165 2017159180
P 114 165 2033870605
P 115 165 2050647821
P 116 165 2050582285
P 117 165 2067359501
P 118 165 2084136461
P 119 165 2100848141
P 120 165 2201904654
P 121 165 2218681870
P 122 165 2218616078
P 123 165 2235393294
P 124 165 2252104975
P 125 165 2268882191
P 126 165 2268881935
P 127 165 2285593615
P 128 165 2403427344
P 129 165 2403361808
P 130 165 2420073232
P 131 165 2436850448
P 132 165 2453562128
P 133 165 2453562128
P 134 165 2470339089
P 135 165 2487050769
P 136 165 2604818962
P 137 165 2621530642
P 138 165 2621530386
P 139 165 2638307602
P 140 165 2655019282
P 141 165 2671730962
P 142 165 2688507922
P 143 165 2688442387
P 144 165 2822987795
P 145 165 2822922260
P 146 165 2839699220
P 147 165 2856476436
P 148 165 2873188116
P 149 165 2889899796
P 150 165 2906676756
P 151 165 2906611221
P 152 165 3041156629
P 153 165 3057868310
P 154 165 3057802518
P 155 165 3074579734
P 156 165 3091291414
P 157 165 3108003094
P 158 165 3124780054
P 159 165 3141491735
P 160 165 3259259927
P 161 165 3275971608
P 162 165 3292683032
P 163 165 3309460248
P 164 165 3326171928
P 165 165 3342883608
P 166 165 3359595288
P 167 165 3376307224
P 40 166 688224514
P 41 166 705001730
P 42 166 705001730
P 43 166 704936194
P 44 166 721713154
P 45 166 721713154
P 46 166 738490370
P 47 166 738490370
P 48 166 806188802
P 49 166 806188802
P 50 166 822966019
P 51 166 822966019
P 52 166 839742979
P 53 166 839742979
P 54 166 856520195
P 55 166 856520195
P 56 166 924153091
P 57 166 940930307
P 58 166 940930308
P 59 166 957707524
P 60 166 957707268
P 61 166 974418948
P 62 166 974418948
P 63 166 991196164
P 64 166 1058829060
P 65 166 1058829060
P 66 166 1075606277
P 67 166 1075606277
P 68 166 1092383237
P 69 166 1092383237
P 70 166 1109094917
P 71 166 1125872133
P 72 166 1193505030
P 73 166 1210282246
P 74 166 1210282246
P 75 166 1226993926
P 76 166 1226993670
P 77 166 1243770886
P 78 166 1243770886
P 79 166 1260548102
P 80 166 1344892679
P 81 166 1344892679
P 82 166 1361669895
P 83 166 1378381575
P 84 166 1378381575
P 85 166 1395158791
P 86 166 1395093255
P 87 166 1411870472
P 88 166 1496215048
P 89 166 1512992264
P 90 166 1512992264
P 91 166 1529703944
P 92 166 1529703688
P 93 166 1546480905
P 94 166 1563258121
P 95 166 1563258121
P 96 166 1664314377
P 97 166 1664314377
P 98 166 1681091594
P 99 166 1697803274
P 100 166 1697803018
P 101 166 1714580234
P 102 166 1731291914
P 103 166 1731291914
P 104 166 1832348171
P 105 166 1849125387
P 106 166 1849125387
P 107 166 1865837067
P 108 166 1882614027
P 109 166 1882614028
P 110 166 1899325708
P 111 166 1916102924
P 112 166 2017159180
P 113 166 2017159180
P 114 166 2033870861
P 115 166 2050582541
P 116 166 2050582285
P 117 166 2067359501
P 118 166 2084071181
P 119 166 2100848397
P 120 166 2201904654
P 121 166 2218681870
P 122 166 2218616334
P 123 166 2235328014
P 124 166 2252104975
P 125 166 2268882191
P 126 166 2268816655
P 127 166 2285593871
P 128 166 2403361808
P 129 166 2403361808
P 130 166 2420073488
P 131 166 2436785168
P 132 166 2453562128
P 133 166 2453562128
P 134 166 2470273809
P 135 166 2487051025
P 136 166 2604753426
P 137 166 2621530642
P 138 166 2621530642
P 139 166 2638242322
P 140 166 2655019282
P 141 166 2671730962
P 142 166 2688442642
P 143 166 2688442643
P 144 166 2822922259
P 145 166 2822922260
P 146 166 2839699476
P 147 166 2856411156
P 148 166 2873188116
P 149 166 2889899796
P 150 166 2906611476
P 151 166 2906611477
P 152 166 3041091093
P 153 166 3057868310
P 154 166 3057802774
P 155 166 3074514454
P 156 166 3091291414
P 157 166 3108003094
P 158 166 3124714774
P 159 166 3141491991
P 160 166 3259194391
P 161 166 3275971608
P 162 166 3292683288
P 163 166 3309394968
P 164 166 3326171928
P 165 166 3342883608
P 166 166 3359595288
P 167 166 3376307224
P 40 167 688224770
P 41 167 705001730
P 42 167 705001730
P 43 167 704936194
P 44 167 721713410
P 45 167 721713154
P 46 167 738490370
P 47 167 738490370
P 48 167 806189058
P 49 167 806188802
P 50 167 822966019
P 51 167 822966019
P 52 167 839743235
P 53 167 839742979
P 54 167 856520195
P 55 167 856520195
P 56 167 924153347
P 57 167 940930307
P 58 167 940930308
P 59 167 957707524
P 60 167 957641988
P 61 167 974418948
P 62 167 974418948
P 63 167 991196164
P 64 167 1058829316
P 65 167 1058829060
P 66 167 1075606277
P 67 167 1075606277
P 68 167 1092383493
P 69 167 1092383237
P 70 167 1109094917
P 71 167 1125872133
P 72 167 1193505286
P 73 167 1210282246
P 74 167 1210282246
P 75 167 1226993926
P 76 167 1226993926
P 77 167 1243770886
P 78 167 1243770886
P 79 167 1260482566
P 80 167 1344892935
P 81 167 1344892679
P 82 167 1361669895
P 83 167 1378381575
P 84 167 1378381575
P 85 167 1395158791
P 86 167 1395093255
P 87 167 1411870471
P 88 167 1496215304
P 89 167 1512992264
P 90 167 1512992264
P 91 167 1529703944
P 92 167 1529703944
P 93 167 1546480905
P 94 167 1563258121
P 95 167 1563192585
P 96 167 1664314633
P 97 167 1664314377
P 98 167 1681091594
P 99 167 1697803274
P 100 167 1697803274
P 101 167 1714580234
P 102 167 1731291914
P 103 167 1731291914
P 104 167 1832348427
P 105 167 1849125387
P 106 167 1849125387
P 107 167 1865837067
P 108 167 1882614283
P 109 167 1882614028
P 110 167 1899325708
P 111 167 1916037388
P 112 167 2017159436
P 113 167 2017093644
P 114 167 2033870861
P 115 167 2050582541
P 116 167 2050582541
P 117 167 2067359501
P 118 167 2084071181
P 119 167 2100848397
P 120 167 2201904910
P 121 167 2218616334
P 122 167 2218616334
P 123 167 2235328014
P 124 167 2252105231
P 125 167 2268882191
P 126 167 2268816655
P 127 167 2285528335
P 128 167 2403362064
P 129 167 2403296272
P 130 167 2420073488
P 131 167 2436785168
P 132 167 2453562384
P 133 167 2453562128
P 134 167 2470273809
P 135 167 2486985489
P 136 167 2604753682
P 137 167 2621530642
P 138 167 2621530642
P 139 167 2638242322
P 140 167 2654954002
P 141 167 2671730962
P 142 167 2688442642
P 143 167 2688442643
P 144 167 2822922515
P 145 167 2822922260
P 146 167 2839699476
P 147 167 2856411156
P 148 167 2873122836
P 149 167 2889899796
P 150 167 2906611476
P 151 167 2906545940
P 152 167 3041091349
P 153 167 3057802774
P 154 167 3057802774
P 155 167 3074514454
P 156 167 3091226134
P 157 167 3108003094
P 158 167 3124714774
P 159 167 3141426454
P 160 167 3259194647
P 161 167 3275906072
P 162 167 3292683288
P 163 167 3309394968
P 164 167 3326106648
P 165 167 3342883608
P 166 167 3359595288
P 167 167 3376306969
