P 40 40 1074267136
P 41 40 1074267136
P 42 40 1074267136
P 43 40 1074267136
P 44 40 1074267136
P 45 40 1074267136
P 46 40 1074267136
P 47 40 1074267136
P 48 40 1209533441
P 49 40 1209533441
P 50 40 1209533441
P 51 40 1209533441
P 52 40 1209533441
P 53 40 1209533441
P 54 40 1209533441
P 55 40 1209533441
P 56 40 1344799746
P 57 40 1344799746
P 58 40 1344799746
P 59 40 1344799746
P 60 40 1344799746
P 61 40 1344799746
P 62 40 1344799746
P 63 40 1344799746
P 64 40 1480066051
P 65 40 1480066051
P 66 40 1480066051
P 67 40 1480066051
P 68 40 1480066051
P 69 40 1480066051
P 70 40 1480066051
P 71 40 1480066051
P 72 40 1615332356
P 73 40 1615332356
P 74 40 1615332356
P 75 40 1615332356
P 76 40 1615332356
P 77 40 1615332356
P 78 40 1615332356
P 79 40 1615332356
P 80 40 1750598661
P 81 40 1750598661
P 82 40 1750598661
P 83 40 1750598661
P 84 40 1750598661
P 85 40 1750598661
P 86 40 1750598661
P 87 40 1750598661
P 88 40 1885864966
P 89 40 1885864966
P 90 40 1885864966
P 91 40 1885864966
P 92 40 1885864966
P 93 40 1885864966
P 94 40 1885864966
P 95 40 1885864966
P 96 40 2021131271
P 97 40 2021131271
P 98 40 2021131271
P 99 40 2021131271
P 100 40 2021131271
P 101 40 2021131271
P 102 40 2021131271
P 103 40 2021131271
P 104 40 2156397576
P 105 40 2156397576
P 106 40 2156397576
P 107 40 2156397576
P 108 40 2156397576
P 109 40 2156397576
P 110 40 2156397576
P 111 40 2156397576
P 112 40 2291663881
P 113 40 2291663881
P 114 40 2291663881
P 115 40 2291663881
P 116 40 2291663881
P 117 40 2291663881
P 118 40 2291663881
P 119 40 2291663881
P 120 40 2426930186
P 121 40 2426930186
P 122 40 2426930186
P 123 40 2426930186
P 124 40 2426930186
P 125 40 2426930186
P 126 40 2426930186
P 127 40 2426930186
P 128 40 2562196491
P 129 40 2562196491
P 130 40 2562196491
P 131 40 2562196491
P 132 40 2562196491
P 133 40 2562196491
P 134 40 2562196491
P 135 40 2562196491
P 136 40 2697462796
P 137 40 2697462796
P 138 40 2697462796
P 139 40 2697462796
P 140 40 2697462796
P 141 40 2697462796
P 142 40 2697462796
P 143 40 2697462796
P 144 40 2832729101
P 145 40 2832729101
P 146 40 2832729101
P 147 40 2832729101
P 148 40 2832729101
P 149 40 2832729101
P 150 40 2832729101
P 151 40 2832729101
P 152 40 2967995406
P 153 40 2967995406
P 154 40 2967995406
P 155 40 2967995406
P 156 40 2967995406
P 157 40 2967995406
P 158 40 2967995406
P 159 40 2967995406
P 160 40 3103261711
P 161 40 3103261711
P 162 40 3103261711
P 163 40 3103261711
P 164 40 3103261711
P 165 40 3103261711
P 166 40 3103261711
P 167 40 3103261711
P 40 41 1074267136
P 41 41 1074267136
P 42 41 1074267136
P 43 41 1074267136
P 44 41 1074267136
P 45 41 1074267136
P 46 41 1074267136
P 47 41 1074267136
P 48 41 1209533441
P 49 41 1209533441
P 50 41 1209533441
P 51 41 1209533441
P 52 41 1209533441
P 53 41 1209533441
P 54 41 1209533441
P 55 41 1209533441
P 56 41 1344799746
P 57 41 1344799746
P 58 41 1344799746
P 59 41 1344799746
P 60 41 1344799746
P 61 41 1344799746
P 62 41 1344799746
P 63 41 1344799746
P 64 41 1480066051
P 65 41 1480066051
P 66 41 1480066051
P 67 41 1480066051
P 68 41 1480066051
P 69 41 1480066051
P 70 41 1480066051
P 71 41 1480066051
P 72 41 1615332356
P 73 41 1615332356
P 74 41 1615332356
P 75 41 1615332356
P 76 41 1615332356
P 77 41 1615332356
P 78 41 1615332356
P 79 41 1615332356
P 80 41 1750598661
P 81 41 1750598661
P 82 41 1750598661
P 83 41 1750598661
P 84 41 1750598661
P 85 41 1750598661
P 86 41 1750598661
P 87 41 1750598661
P 88 41 1885864966
P 89 41 1885864966
P 90 41 1885864966
P 91 41 1885864966
P 92 41 1885864966
P 93 41 1885864966
P 94 41 1885864966
P 95 41 1885864966
P 96 41 2021131271
P 97 41 2021131271
P 98 41 2021131271
P 99 41 2021131271
P 100 41 2021131271
P 101 41 2021131271
P 102 41 2021131271
P 103 41 2021131271
P 104 41 2156397576
P 105 41 2156397576
P 106 41 2156397576
P 107 41 2156397576
P 108 41 2156397576
P 109 41 2156397576
P 110 41 2156397576
P 111 41 2156397576
P 112 41 2291663881
P 113 41 2291663881
P 114 41 2291663881
P 115 41 2291663881
P 116 41 2291663881
P 117 41 2291663881
P 118 41 2291663881
P 119 41 2291663881
P 120 41 2426930186
P 121 41 2426930186
P 122 41 2426930186
P 123 41 2426930186
P 124 41 2426930186
P 125 41 2426930186
P 126 41 2426930186
P 127 41 2426930186
P 128 41 2562196491
P 129 41 2562196491
P 130 41 2562196491
P 131 41 2562196491
P 132 41 2562196491
P 133 41 2562196491
P 134 41 2562196491
P 135 41 2562196491
P 136 41 2697462796
P 137 41 2697462796
P 138 41 2697462796
P 139 41 2697462796
P 140 41 2697462796
P 141 41 2697462796
P 142 41 2697462796
P 143 41 2697462796
P 144 41 2832729101
P 145 41 2832729101
P 146 41 2832729101
P 147 41 2832729101
P 148 41 2832729101
P 149 41 2832729101
P 150 41 2832729101
P 151 41 2832729101
P 152 41 2967995406
P 153 41 2967995406
P 154 41 2967995406
P 155 41 2967995406
P 156 41 2967995406
P 157 41 2967995406
P 158 41 2967995406
P 159 41 2967995406
P 160 41 3103261711
P 161 41 3103261711
P 162 41 3103261711
P 163 41 3103261711
P 164 41 3103261711
P 165 41 3103261711
P 166 41 3103261711
P 167 41 3103261711
P 40 42 1074267136
P 41 42 1074267136
P 42 42 1074267136
P 43 42 1074267136
P 44 42 1074267136
P 45 42 1074267136
P 46 42 1074267136
P 47 42 1074267136
P 48 42 1209533441
P 49 42 1209533441
P 50 42 1209533441
P 51 42 1209533441
P 52 42 1209533441
P 53 42 1209533441
P 54 42 1209533441
P 55 42 1209533441
P 56 42 1344799746
P 57 42 1344799746
P 58 42 1344799746
P 59 42 1344799746
P 60 42 1344799746
P 61 42 1344799746
P 62 42 1344799746
P 63 42 1344799746
P 64 42 1480066051
P 65 42 1480066051
P 66 42 1480066051
P 67 42 1480066051
P 68 42 1480066051
P 69 42 1480066051
P 70 42 1480066051
P 71 42 1480066051
P 72 42 1615332356
P 73 42 1615332356
P 74 42 1615332356
P 75 42 1615332356
P 76 42 1615332356
P 77 42 1615332356
P 78 42 1615332356
P 79 42 1615332356
P 80 42 1750598661
P 81 42 1750598661
P 82 42 1750598661
P 83 42 1750598661
P 84 42 1750598661
P 85 42 1750598661
P 86 42 1750598661
P 87 42 1750598661
P 88 42 1885864966
P 89 42 1885864966
P 90 42 1885864966
P 91 42 1885864966
P 92 42 1885864966
P 93 42 1885864966
P 94 42 1885864966
P 95 42 1885864966
P 96 42 2021131271
P 97 42 2021131271
P 98 42 2021131271
P 99 42 2021131271
P 100 42 2021131271
P 101 42 2021131271
P 102 42 2021131271
P 103 42 2021131271
P 104 42 2156397576
P 105 42 2156397576
P 106 42 2156397576
P 107 42 2156397576
P 108 42 2156397576
P 109 42 2156397576
P 110 42 2156397576
P 111 42 2156397576
P 112 42 2291663881
P 113 42 2291663881
P 114 42 2291663881
P 115 42 2291663881
P 116 42 2291663881
P 117 42 2291663881
P 118 42 2291663881
P 119 42 2291663881
P 120 42 2426930186
P 121 42 2426930186
P 122 42 2426930186
P 123 42 2426930186
P 124 42 2426930186
P 125 42 2426930186
P 126 42 2426930186
P 127 42 2426930186
P 128 42 2562196491
P 129 42 2562196491
P 130 42 2562196491
P 131 42 2562196491
P 132 42 2562196491
P 133 42 2562196491
P 134 42 2562196491
P 135 42 2562196491
P 136 42 2697462796
P 137 42 2697462796
P 138 42 2697462796
P 139 42 2697462796
P 140 42 2697462796
P 141 42 2697462796
P 142 42 2697462796
P 143 42 2697462796
P 144 42 2832729101
P 145 42 2832729101
P 146 42 2832729101
P 147 42 2832729101
P 148 42 2832729101
P 149 42 2832729101
P 150 42 2832729101
P 151 42 2832729101
P 152 42 2967995406
P 153 42 2967995406
P 154 42 2967995406
P 155 42 2967995406
P 156 42 2967995406
P 157 42 2967995406
P 158 42 2967995406
P 159 42 2967995406
P 160 42 3103261711
P 161 42 3103261711
P 162 42 3103261711
P 163 42 3103261711
P 164 42 3103261711
P 165 42 3103261711
P 166 42 3103261711
P 167 42 3103261711
P 40 43 1074267136
P 41 43 1074267136
P 42 43 1074267136
P 43 43 1074267136
P 44 43 1074267136
P 45 43 1074267136
P 46 43 1074267136
P 47 43 1074267136
P 48 43 1209533441
P 49 43 1209533441
P 50 43 1209533441
P 51 43 1209533441
P 52 43 1209533441
P 53 43 1209533441
P 54 43 1209533441
P 55 43 1209533441
P 56 43 1344799746
P 57 43 1344799746
P 58 43 1344799746
P 59 43 1344799746
P 60 43 1344799746
P 61 43 1344799746
P 62 43 1344799746
P 63 43 1344799746
P 64 43 1480066051
P 65 43 1480066051
P 66 43 1480066051
P 67 43 1480066051
P 68 43 1480066051
P 69 43 1480066051
P 70 43 1480066051
P 71 43 1480066051
P 72 43 1615332356
P 73 43 1615332356
P 74 43 1615332356
P 75 43 1615332356
P 76 43 1615332356
P 77 43 1615332356
P 78 43 1615332356
P 79 43 1615332356
P 80 43 1750598661
P 81 43 1750598661
P 82 43 1750598661
P 83 43 1750598661
P 84 43 1750598661
P 85 43 1750598661
P 86 43 1750598661
P 87 43 1750598661
P 88 43 1885864966
P 89 43 1885864966
P 90 43 1885864966
P 91 43 1885864966
P 92 43 1885864966
P 93 43 1885864966
P 94 43 1885864966
P 95 43 1885864966
P 96 43 2021131271
P 97 43 2021131271
P 98 43 2021131271
P 99 43 2021131271
P 100 43 2021131271
P 101 43 2021131271
P 102 43 2021131271
P 103 43 2021131271
P 104 43 2156397576
P 105 43 2156397576
P 106 43 2156397576
P 107 43 2156397576
P 108 43 2156397576
P 109 43 2156397576
P 110 43 2156397576
P 111 43 2156397576
P 112 43 2291663881
P 113 43 2291663881
P 114 43 2291663881
P 115 43 2291663881
P 116 43 2291663881
P 117 43 2291663881
P 118 43 2291663881
P 119 43 2291663881
P 120 43 2426930186
P 121 43 2426930186
P 122 43 2426930186
P 123 43 2426930186
P 124 43 2426930186
P 125 43 2426930186
P 126 43 2426930186
P 127 43 2426930186
P 128 43 2562196491
P 129 43 2562196491
P 130 43 2562196491
P 131 43 2562196491
P 132 43 2562196491
P 133 43 2562196491
P 134 43 2562196491
P 135 43 2562196491
P 136 43 2697462796
P 137 43 2697462796
P 138 43 2697462796
P 139 43 2697462796
P 140 43 2697462796
P 141 43 2697462796
P 142 43 2697462796
P 143 43 2697462796
P 144 43 2832729101
P 145 43 2832729101
P 146 43 2832729101
P 147 43 2832729101
P 148 43 2832729101
P 149 43 2832729101
P 150 43 2832729101
P 151 43 2832729101
P 152 43 2967995406
P 153 43 2967995406
P 154 43 2967995406
P 155 43 2967995406
P 156 43 2967995406
P 157 43 2967995406
P 158 43 2967995406
P 159 43 2967995406
P 160 43 3103261711
P 161 43 3103261711
P 162 43 3103261711
P 163 43 3103261711
P 164 43 3103261711
P 165 43 3103261711
P 166 43 3103261711
P 167 43 3103261711
P 40 44 1074267136
P 41 44 1074267136
P 42 44 1074267136
P 43 44 1074267136
P 44 44 1074267136
P 45 44 1074267136
P 46 44 1074267136
P 47 44 1074267136
P 48 44 1209533441
P 49 44 1209533441
P 50 44 1209533441
P 51 44 1209533441
P 52 44 1209533441
P 53 44 1209533441
P 54 44 1209533441
P 55 44 1209533441
P 56 44 1344799746
P 57 44 1344799746
P 58 44 1344799746
P 59 44 1344799746
P 60 44 1344799746
P 61 44 1344799746
P 62 44 1344799746
P 63 44 1344799746
P 64 44 1480066051
P 65 44 1480066051
P 66 44 1480066051
P 67 44 1480066051
P 68 44 1480066051
P 69 44 1480066051
P 70 44 1480066051
P 71 44 1480066051
P 72 44 1615332356
P 73 44 1615332356
P 74 44 1615332356
P 75 44 1615332356
P 76 44 1615332356
P 77 44 1615332356
P 78 44 1615332356
P 79 44 1615332356
P 80 44 1750598661
P 81 44 1750598661
P 82 44 1750598661
P 83 44 1750598661
P 84 44 1750598661
P 85 44 1750598661
P 86 44 1750598661
P 87 44 1750598661
P 88 44 1885864966
P 89 44 1885864966
P 90 44 1885864966
P 91 44 1885864966
P 92 44 1885864966
P 93 44 1885864966
P 94 44 1885864966
P 95 44 1885864966
P 96 44 2021131271
P 97 44 2021131271
P 98 44 2021131271
P 99 44 2021131271
P 100 44 2021131271
P 101 44 2021131271
P 102 44 2021131271
P 103 44 2021131271
P 104 44 2156397576
P 105 44 2156397576
P 106 44 2156397576
P 107 44 2156397576
P 108 44 2156397576
P 109 44 2156397576
P 110 44 2156397576
P 111 44 2156397576
P 112 44 2291663881
P 113 44 2291663881
P 114 44 2291663881
P 115 44 2291663881
P 116 44 2291663881
P 117 44 2291663881
P 118 44 2291663881
P 119 44 2291663881
P 120 44 2426930186
P 121 44 2426930186
P 122 44 2426930186
P 123 44 2426930186
P 124 44 2426930186
P 125 44 2426930186
P 126 44 2426930186
P 127 44 2426930186
P 128 44 2562196491
P 129 44 2562196491
P 130 44 2562196491
P 131 44 2562196491
P 132 44 2562196491
P 133 44 2562196491
P 134 44 2562196491
P 135 44 2562196491
P 136 44 2697462796
P 137 44 2697462796
P 138 44 2697462796
P 139 44 2697462796
P 140 44 2697462796
P 141 44 2697462796
P 142 44 2697462796
P 143 44 2697462796
P 144 44 2832729101
P 145 44 2832729101
P 146 44 2832729101
P 147 44 2832729101
P 148 44 2832729101
P 149 44 2832729101
P 150 44 2832729101
P 151 44 2832729101
P 152 44 2967995406
P 153 44 2967995406
P 154 44 2967995406
P 155 44 2967995406
P 156 44 2967995406
P 157 44 2967995406
P 158 44 2967995406
P 159 44 2967995406
P 160 44 3103261711
P 161 44 3103261711
P 162 44 3103261711
P 163 44 3103261711
P 164 44 3103261711
P 165 44 3103261711
P 166 44 3103261711
P 167 44 3103261711
P 40 45 1074267136
P 41 45 1074267136
P 42 45 1074267136
P 43 45 1074267136
P 44 45 1074267136
P 45 45 1074267136
P 46 45 1074267136
P 47 45 1074267136
P 48 45 1209533441
P 49 45 1209533441
P 50 45 1209533441
P 51 45 1209533441
P 52 45 1209533441
P 53 45 1209533441
P 54 45 1209533441
P 55 45 1209533441
P 56 45 1344799746
P 57 45 1344799746
P 58 45 1344799746
P 59 45 1344799746
P 60 45 1344799746
P 61 45 1344799746
P 62 45 1344799746
P 63 45 1344799746
P 64 45 1480066051
P 65 45 1480066051
P 66 45 1480066051
P 67 45 1480066051
P 68 45 1480066051
P 69 45 1480066051
P 70 45 1480066051
P 71 45 1480066051
P 72 45 1615332356
P 73 45 1615332356
P 74 45 1615332356
P 75 45 1615332356
P 76 45 1615332356
P 77 45 1615332356
P 78 45 1615332356
P 79 45 1615332356
P 80 45 1750598661
P 81 45 1750598661
P 82 45 1750598661
P 83 45 1750598661
P 84 45 1750598661
P 85 45 1750598661
P 86 45 1750598661
P 87 45 1750598661
P 88 45 1885864966
P 89 45 1885864966
P 90 45 1885864966
P 91 45 1885864966
P 92 45 1885864966
P 93 45 1885864966
P 94 45 1885864966
P 95 45 1885864966
P 96 45 2021131271
P 97 45 2021131271
P 98 45 2021131271
P 99 45 2021131271
P 100 45 2021131271
P 101 45 2021131271
P 102 45 2021131271
P 103 45 2021131271
P 104 45 2156397576
P 105 45 2156397576
P 106 45 2156397576
P 107 45 2156397576
P 108 45 2156397576
P 109 45 2156397576
P 110 45 2156397576
P 111 45 2156397576
P 112 45 2291663881
P 113 45 2291663881
P 114 45 2291663881
P 115 45 2291663881
P 116 45 2291663881
P 117 45 2291663881
P 118 45 2291663881
P 119 45 2291663881
P 120 45 2426930186
P 121 45 2426930186
P 122 45 2426930186
P 123 45 2426930186
P 124 45 2426930186
P 125 45 2426930186
P 126 45 2426930186
P 127 45 2426930186
P 128 45 2562196491
P 129 45 2562196491
P 130 45 2562196491
P 131 45 2562196491
P 132 45 2562196491
P 133 45 2562196491
P 134 45 2562196491
P 135 45 2562196491
P 136 45 2697462796
P 137 45 2697462796
P 138 45 2697462796
P 139 45 2697462796
P 140 45 2697462796
P 141 45 2697462796
P 142 45 2697462796
P 143 45 2697462796
P 144 45 2832729101
P 145 45 2832729101
P 146 45 2832729101
P 147 45 2832729101
P 148 45 2832729101
P 149 45 2832729101
P 150 45 2832729101
P 151 45 2832729101
P 152 45 2967995406
P 153 45 2967995406
P 154 45 2967995406
P 155 45 2967995406
P 156 45 2967995406
P 157 45 2967995406
P 158 45 2967995406
P 159 45 2967995406
P 160 45 3103261711
P 161 45 3103261711
P 162 45 3103261711
P 163 45 3103261711
P 164 45 3103261711
P 165 45 3103261711
P 166 45 3103261711
P 167 45 3103261711
P 40 46 1074267136
P 41 46 1074267136
P 42 46 1074267136
P 43 46 1074267136
P 44 46 1074267136
P 45 46 1074267136
P 46 46 1074267136
P 47 46 1074267136
P 48 46 1209533441
P 49 46 1209533441
P 50 46 1209533441
P 51 46 1209533441
P 52 46 1209533441
P 53 46 1209533441
P 54 46 1209533441
P 55 46 1209533441
P 56 46 1344799746
P 57 46 1344799746
P 58 46 1344799746
P 59 46 1344799746
P 60 46 1344799746
P 61 46 1344799746
P 62 46 1344799746
P 63 46 1344799746
P 64 46 1480066051
P 65 46 1480066051
P 66 46 1480066051
P 67 46 1480066051
P 68 46 1480066051
P 69 46 1480066051
P 70 46 1480066051
P 71 46 1480066051
P 72 46 1615332356
P 73 46 1615332356
P 74 46 1615332356
P 75 46 1615332356
P 76 46 1615332356
P 77 46 1615332356
P 78 46 1615332356
P 79 46 1615332356
P 80 46 1750598661
P 81 46 1750598661
P 82 46 1750598661
P 83 46 1750598661
P 84 46 1750598661
P 85 46 1750598661
P 86 46 1750598661
P 87 46 1750598661
P 88 46 1885864966
P 89 46 1885864966
P 90 46 1885864966
P 91 46 1885864966
P 92 46 1885864966
P 93 46 1885864966
P 94 46 1885864966
P 95 46 1885864966
P 96 46 2021131271
P 97 46 2021131271
P 98 46 2021131271
P 99 46 2021131271
P 100 46 2021131271
P 101 46 2021131271
P 102 46 2021131271
P 103 46 2021131271
P 104 46 2156397576
P 105 46 2156397576
P 106 46 2156397576
P 107 46 2156397576
P 108 46 2156397576
P 109 46 2156397576
P 110 46 2156397576
P 111 46 2156397576
P 112 46 2291663881
P 113 46 2291663881
P 114 46 2291663881
P 115 46 2291663881
P 116 46 2291663881
P 117 46 2291663881
P 118 46 2291663881
P 119 46 2291663881
P 120 46 2426930186
P 121 46 2426930186
P 122 46 2426930186
P 123 46 2426930186
P 124 46 2426930186
P 125 46 2426930186
P 126 46 2426930186
P 127 46 2426930186
P 128 46 2562196491
P 129 46 2562196491
P 130 46 2562196491
P 131 46 2562196491
P 132 46 2562196491
P 133 46 2562196491
P 134 46 2562196491
P 135 46 2562196491
P 136 46 2697462796
P 137 46 2697462796
P 138 46 2697462796
P 139 46 2697462796
P 140 46 2697462796
P 141 46 2697462796
P 142 46 2697462796
P 143 46 2697462796
P 144 46 2832729101
P 145 46 2832729101
P 146 46 2832729101
P 147 46 2832729101
P 148 46 2832729101
P 149 46 2832729101
P 150 46 2832729101
P 151 46 2832729101
P 152 46 2967995406
P 153 46 2967995406
P 154 46 2967995406
P 155 46 2967995406
P 156 46 2967995406
P 157 46 2967995406
P 158 46 2967995406
P 159 46 2967995406
P 160 46 3103261711
P 161 46 3103261711
P 162 46 3103261711
P 163 46 3103261711
P 164 46 3103261711
P 165 46 3103261711
P 166 46 3103261711
P 167 46 3103261711
P 40 47 1074267136
P 41 47 1074267136
P 42 47 1074267136
P 43 47 1074267136
P 44 47 1074267136
P 45 47 1074267136
P 46 47 1074267136
P 47 47 1074267136
P 48 47 1209533441
P 49 47 1209533441
P 50 47 1209533441
P 51 47 1209533441
P 52 47 1209533441
P 53 47 1209533441
P 54 47 1209533441
P 55 47 1209533441
P 56 47 1344799746
P 57 47 1344799746
P 58 47 1344799746
P 59 47 1344799746
P 60 47 1344799746
P 61 47 1344799746
P 62 47 1344799746
P 63 47 1344799746
P 64 47 1480066051
P 65 47 1480066051
P 66 47 1480066051
P 67 47 1480066051
P 68 47 1480066051
P 69 47 1480066051
P 70 47 1480066051
P 71 47 1480066051
P 72 47 1615332356
P 73 47 1615332356
P 74 47 1615332356
P 75 47 1615332356
P 76 47 1615332356
P 77 47 1615332356
P 78 47 1615332356
P 79 47 1615332356
P 80 47 1750598661
P 81 47 1750598661
P 82 47 1750598661
P 83 47 1750598661
P 84 47 1750598661
P 85 47 1750598661
P 86 47 1750598661
P 87 47 1750598661
P 88 47 1885864966
P 89 47 1885864966
P 90 47 1885864966
P 91 47 1885864966
P 92 47 1885864966
P 93 47 1885864966
P 94 47 1885864966
P 95 47 1885864966
P 96 47 2021131271
P 97 47 2021131271
P 98 47 2021131271
P 99 47 2021131271
P 100 47 2021131271
P 101 47 2021131271
P 102 47 2021131271
P 103 47 2021131271
P 104 47 2156397576
P 105 47 2156397576
P 106 47 2156397576
P 107 47 2156397576
P 108 47 2156397576
P 109 47 2156397576
P 110 47 2156397576
P 111 47 2156397576
P 112 47 2291663881
P 113 47 2291663881
P 114 47 2291663881
P 115 47 2291663881
P 116 47 2291663881
P 117 47 2291663881
P 118 47 2291663881
P 119 47 2291663881
P 120 47 2426930186
P 121 47 2426930186
P 122 47 2426930186
P 123 47 2426930186
P 124 47 2426930186
P 125 47 2426930186
P 126 47 2426930186
P 127 47 2426930186
P 128 47 2562196491
P 129 47 2562196491
P 130 47 2562196491
P 131 47 2562196491
P 132 47 2562196491
P 133 47 2562196491
P 134 47 2562196491
P 135 47 2562196491
P 136 47 2697462796
P 137 47 2697462796
P 138 47 2697462796
P 139 47 2697462796
P 140 47 2697462796
P 141 47 2697462796
P 142 47 2697462796
P 143 47 2697462796
P 144 47 2832729101
P 145 47 2832729101
P 146 47 2832729101
P 147 47 2832729101
P 148 47 2832729101
P 149 47 2832729101
P 150 47 2832729101
P 151 47 2832729101
P 152 47 2967995406
P 153 47 2967995406
P 154 47 2967995406
P 155 47 2967995406
P 156 47 2967995406
P 157 47 2967995406
P 158 47 2967995406
P 159 47 2967995406
P 160 47 3103261711
P 161 47 3103261711
P 162 47 3103261711
P 163 47 3103261711
P 164 47 3103261711
P 165 47 3103261711
P 166 47 3103261711
P 167 47 3103261711
P 40 48 1124602881
P 41 48 1124602881
P 42 48 1124602881
P 43 48 1124602881
P 44 48 1124602881
P 45 48 1124602881
P 46 48 1124602881
P 47 48 1124602881
P 48 48 1259869186
P 49 48 1259869186
P 50 48 1259869186
P 51 48 1259869186
P 52 48 1259869186
P 53 48 1259869186
P 54 48 1259869186
P 55 48 1259869186
P 56 48 1395135491
P 57 48 1395135491
P 58 48 1395135491
P 59 48 1395135491
P 60 48 1395135491
P 61 48 1395135491
P 62 48 1395135491
P 63 48 1395135491
P 64 48 1530401796
P 65 48 1530401796
P 66 48 1530401796
P 67 48 1530401796
P 68 48 1530401796
P 69 48 1530401796
P 70 48 1530401796
P 71 48 1530401796
P 72 48 1665668101
P 73 48 1665668101
P 74 48 1665668101
P 75 48 1665668101
P 76 48 1665668101
P 77 48 1665668101
P 78 48 1665668101
P 79 48 1665668101
P 80 48 1800934406
P 81 48 1800934406
P 82 48 1800934406
P 83 48 1800934406
P 84 48 1800934406
P 85 48 1800934406
P 86 48 1800934406
P 87 48 1800934406
P 88 48 1936200711
P 89 48 1936200711
P 90 48 1936200711
P 91 48 1936200711
P 92 48 1936200711
P 93 48 1936200711
P 94 48 1936200711
P 95 48 1936200711
P 96 48 2071467016
P 97 48 2071467016
P 98 48 2071467016
P 99 48 2071467016
P 100 48 2071467016
P 101 48 2071467016
P 102 48 2071467016
P 103 48 2071467016
P 104 48 2206733321
P 105 48 2206733321
P 106 48 2206733321
P 107 48 2206733321
P 108 48 2206733321
P 109 48 2206733321
P 110 48 2206733321
P 111 48 2206733321
P 112 48 2341999626
P 113 48 2341999626
P 114 48 2341999626
P 115 48 2341999626
P 116 48 2341999626
P 117 48 2341999626
P 118 48 2341999626
P 119 48 2341999626
P 120 48 2477265931
P 121 48 2477265931
P 122 48 2477265931
P 123 48 2477265931
P 124 48 2477265931
P 125 48 2477265931
P 126 48 2477265931
P 127 48 2477265931
P 128 48 2612532236
P 129 48 2612532236
P 130 48 2612532236
P 131 48 2612532236
P 132 48 2612532236
P 133 48 2612532236
P 134 48 2612532236
P 135 48 2612532236
P 136 48 2747798541
P 137 48 2747798541
P 138 48 2747798541
P 139 48 2747798541
P 140 48 2747798541
P 141 48 2747798541
P 142 48 2747798541
P 143 48 2747798541
P 144 48 2883064846
P 145 48 2883064846
P 146 48 2883064846
P 147 48 2883064846
P 148 48 2883064846
P 149 48 2883064846
P 150 48 2883064846
P 151 48 2883064846
P 152 48 3018331151
P 153 48 3018331151
P 154 48 3018331151
P 155 48 3018331151
P 156 48 3018331151
P 157 48 3018331151
P 158 48 3018331151
P 159 48 3018331151
P 160 48 3153597456
P 161 48 3153597456
P 162 48 3153597456
P 163 48 3153597456
P 164 48 3153597456
P 165 48 3153597456
P 166 48 3153597456
P 167 48 3153597456
P 40 49 1124602881
P 41 49 1124602881
P 42 49 1124602881
P 43 49 1124602881
P 44 49 1124602881
P 45 49 1124602881
P 46 49 1124602881
P 47 49 1124602881
P 48 49 1259869186
P 49 49 1259869186
P 50 49 1259869186
P 51 49 1259869186
P 52 49 1259869186
P 53 49 1259869186
P 54 49 1259869186
P 55 49 1259869186
P 56 49 1395135491
P 57 49 1395135491
P 58 49 1395135491
P 59 49 1395135491
P 60 49 1395135491
P 61 49 1395135491
P 62 49 1395135491
P 63 49 1395135491
P 64 49 1530401796
P 65 49 1530401796
P 66 49 1530401796
P 67 49 1530401796
P 68 49 1530401796
P 69 49 1530401796
P 70 49 1530401796
P 71 49 1530401796
P 72 49 1665668101
P 73 49 1665668101
P 74 49 1665668101
P 75 49 1665668101
P 76 49 1665668101
P 77 49 1665668101
P 78 49 1665668101
P 79 49 1665668101
P 80 49 1800934406
P 81 49 1800934406
P 82 49 1800934406
P 83 49 1800934406
P 84 49 1800934406
P 85 49 1800934406
P 86 49 1800934406
P 87 49 1800934406
P 88 49 1936200711
P 89 49 1936200711
P 90 49 1936200711
P 91 49 1936200711
P 92 49 1936200711
P 93 49 1936200711
P 94 49 1936200711
P 95 49 1936200711
P 96 49 2071467016
P 97 49 2071467016
P 98 49 2071467016
P 99 49 2071467016
P 100 49 2071467016
P 101 49 2071467016
P 102 49 2071467016
P 103 49 2071467016
P 104 49 2206733321
P 105 49 2206733321
P 106 49 2206733321
P 107 49 2206733321
P 108 49 2206733321
P 109 49 2206733321
P 110 49 2206733321
P 111 49 2206733321
P 112 49 2341999626
P 113 49 2341999626
P 114 49 2341999626
P 115 49 2341999626
P 116 49 2341999626
P 117 49 2341999626
P 118 49 2341999626
P 119 49 2341999626
P 120 49 2477265931
P 121 49 2477265931
P 122 49 2477265931
P 123 49 2477265931
P 124 49 2477265931
P 125 49 2477265931
P 126 49 2477265931
P 127 49 2477265931
P 128 49 2612532236
P 129 49 2612532236
P 130 49 2612532236
P 131 49 2612532236
P 132 49 2612532236
P 133 49 2612532236
P 134 49 2612532236
P 135 49 2612532236
P 136 49 2747798541
P 137 49 2747798541
P 138 49 2747798541
P 139 49 2747798541
P 140 49 2747798541
P 141 49 2747798541
P 142 49 2747798541
P 143 49 2747798541
P 144 49 2883064846
P 145 49 2883064846
P 146 49 2883064846
P 147 49 2883064846
P 148 49 2883064846
P 149 49 2883064846
P 150 49 2883064846
P 151 49 2883064846
P 152 49 3018331151
P 153 49 3018331151
P 154 49 3018331151
P 155 49 3018331151
P 156 49 3018331151
P 157 49 3018331151
P 158 49 3018331151
P 159 49 3018331151
P 160 49 3153597456
P 161 49 3153597456
P 162 49 3153597456
P 163 49 3153597456
P 164 49 3153597456
P 165 49 3153597456
P 166 49 3153597456
P 167 49 3153597456
P 40 50 1124602881
P 41 50 1124602881
P 42 50 1124602881
P 43 50 1124602881
P 44 50 1124602881
P 45 50 1124602881
P 46 50 1124602881
P 47 50 1124602881
P 48 50 1259869186
P 49 50 1259869186
P 50 50 1259869186
P 51 50 1259869186
P 52 50 1259869186
P 53 50 1259869186
P 54 50 1259869186
P 55 50 1259869186
P 56 50 1395135491
P 57 50 1395135491
P 58 50 1395135491
P 59 50 1395135491
P 60 50 1395135491
P 61 50 1395135491
P 62 50 1395135491
P 63 50 1395135491
P 64 50 1530401796
P 65 50 1530401796
P 66 50 1530401796
P 67 50 1530401796
P 68 50 1530401796
P 69 50 1530401796
P 70 50 1530401796
P 71 50 1530401796
P 72 50 1665668101
P 73 50 1665668101
P 74 50 1665668101
P 75 50 1665668101
P 76 50 1665668101
P 77 50 1665668101
P 78 50 1665668101
P 79 50 1665668101
P 80 50 1800934406
P 81 50 1800934406
P 82 50 1800934406
P 83 50 1800934406
P 84 50 1800934406
P 85 50 1800934406
P 86 50 1800934406
P 87 50 1800934406
P 88 50 1936200711
P 89 50 1936200711
P 90 50 1936200711
P 91 50 1936200711
P 92 50 1936200711
P 93 50 1936200711
P 94 50 1936200711
P 95 50 1936200711
P 96 50 2071467016
P 97 50 2071467016
P 98 50 2071467016
P 99 50 2071467016
P 100 50 2071467016
P 101 50 2071467016
P 102 50 2071467016
P 103 50 2071467016
P 104 50 2206733321
P 105 50 2206733321
P 106 50 2206733321
P 107 50 2206733321
P 108 50 2206733321
P 109 50 2206733321
P 110 50 2206733321
P 111 50 2206733321
P 112 50 2341999626
P 113 50 2341999626
P 114 50 2341999626
P 115 50 2341999626
P 116 50 2341999626
P 117 50 2341999626
P 118 50 2341999626
P 119 50 2341999626
P 120 50 2477265931
P 121 50 2477265931
P 122 50 2477265931
P 123 50 2477265931
P 124 50 2477265931
P 125 50 2477265931
P 126 50 2477265931
P 127 50 2477265931
P 128 50 2612532236
P 129 50 2612532236
P 130 50 2612532236
P 131 50 2612532236
P 132 50 2612532236
P 133 50 2612532236
P 134 50 2612532236
P 135 50 2612532236
P 136 50 2747798541
P 137 50 2747798541
P 138 50 2747798541
P 139 50 2747798541
P 140 50 2747798541
P 141 50 2747798541
P 142 50 2747798541
P 143 50 2747798541
P 144 50 2883064846
P 145 50 2883064846
P 146 50 2883064846
P 147 50 2883064846
P 148 50 2883064846
P 149 50 2883064846
P 150 50 2883064846
P 151 50 2883064846
P 152 50 3018331151
P 153 50 3018331151
P 154 50 3018331151
P 155 50 3018331151
P 156 50 3018331151
P 157 50 3018331151
P 158 50 3018331151
P 159 50 3018331151
P 160 50 3153597456
P 161 50 3153597456
P 162 50 3153597456
P 163 50 3153597456
P 164 50 3153597456
P 165 50 3153597456
P 166 50 3153597456
P 167 50 3153597456
P 40 51 1124602881
P 41 51 1124602881
P 42 51 1124602881
P 43 51 1124602881
P 44 51 1124602881
P 45 51 1124602881
P 46 51 1124602881
P 47 51 1124602881
P 48 51 1259869186
P 49 51 1259869186
P 50 51 1259869186
P 51 51 1259869186
P 52 51 1259869186
P 53 51 1259869186
P 54 51 1259869186
P 55 51 1259869186
P 56 51 1395135491
P 57 51 1395135491
P 58 51 1395135491
P 59 51 1395135491
P 60 51 1395135491
P 61 51 1395135491
P 62 51 1395135491
P 63 51 1395135491
P 64 51 1530401796
P 65 51 1530401796
P 66 51 1530401796
P 67 51 1530401796
P 68 51 1530401796
P 69 51 1530401796
P 70 51 1530401796
P 71 51 1530401796
P 72 51 1665668101
P 73 51 1665668101
P 74 51 1665668101
P 75 51 1665668101
P 76 51 1665668101
P 77 51 1665668101
P 78 51 1665668101
P 79 51 1665668101
P 80 51 1800934406
P 81 51 1800934406
P 82 51 1800934406
P 83 51 1800934406
P 84 51 1800934406
P 85 51 1800934406
P 86 51 1800934406
P 87 51 1800934406
P 88 51 1936200711
P 89 51 1936200711
P 90 51 1936200711
P 91 51 1936200711
P 92 51 1936200711
P 93 51 1936200711
P 94 51 1936200711
P 95 51 1936200711
P 96 51 2071467016
P 97 51 2071467016
P 98 51 2071467016
P 99 51 2071467016
P 100 51 2071467016
P 101 51 2071467016
P 102 51 2071467016
P 103 51 2071467016
P 104 51 2206733321
P 105 51 2206733321
P 106 51 2206733321
P 107 51 2206733321
P 108 51 2206733321
P 109 51 2206733321
P 110 51 2206733321
P 111 51 2206733321
P 112 51 2341999626
P 113 51 2341999626
P 114 51 2341999626
P 115 51 2341999626
P 116 51 2341999626
P 117 51 2341999626
P 118 51 2341999626
P 119 51 2341999626
P 120 51 2477265931
P 121 51 2477265931
P 122 51 2477265931
P 123 51 2477265931
P 124 51 2477265931
P 125 51 2477265931
P 126 51 2477265931
P 127 51 2477265931
P 128 51 2612532236
P 129 51 2612532236
P 130 51 2612532236
P 131 51 2612532236
P 132 51 2612532236
P 133 51 2612532236
P 134 51 2612532236
P 135 51 2612532236
P 136 51 2747798541
P 137 51 2747798541
P 138 51 2747798541
P 139 51 2747798541
P 140 51 2747798541
P 141 51 2747798541
P 142 51 2747798541
P 143 51 2747798541
P 144 51 2883064846
P 145 51 2883064846
P 146 51 2883064846
P 147 51 2883064846
P 148 51 2883064846
P 149 51 2883064846
P 150 51 2883064846
P 151 51 2883064846
P 152 51 3018331151
P 153 51 3018331151
P 154 51 3018331151
P 155 51 3018331151
P 156 51 3018331151
P 157 51 3018331151
P 158 51 3018331151
P 159 51 3018331151
P 160 51 3153597456
P 161 51 3153597456
P 162 51 3153597456
P 163 51 3153597456
P 164 51 3153597456
P 165 51 3153597456
P 166 51 3153597456
P 167 51 3153597456
P 40 52 1124602881
P 41 52 1124602881
P 42 52 1124602881
P 43 52 1124602881
P 44 52 1124602881
P 45 52 1124602881
P 46 52 1124602881
P 47 52 1124602881
P 48 52 1259869186
P 49 52 1259869186
P 50 52 1259869186
P 51 52 1259869186
P 52 52 1259869186
P 53 52 1259869186
P 54 52 1259869186
P 55 52 1259869186
P 56 52 1395135491
P 57 52 1395135491
P 58 52 1395135491
P 59 52 1395135491
P 60 52 1395135491
P 61 52 1395135491
P 62 52 1395135491
P 63 52 1395135491
P 64 52 1530401796
P 65 52 1530401796
P 66 52 1530401796
P 67 52 1530401796
P 68 52 1530401796
P 69 52 1530401796
P 70 52 1530401796
P 71 52 1530401796
P 72 52 1665668101
P 73 52 1665668101
P 74 52 1665668101
P 75 52 1665668101
P 76 52 1665668101
P 77 52 1665668101
P 78 52 1665668101
P 79 52 1665668101
P 80 52 1800934406
P 81 52 1800934406
P 82 52 1800934406
P 83 52 1800934406
P 84 52 1800934406
P 85 52 1800934406
P 86 52 1800934406
P 87 52 1800934406
P 88 52 1936200711
P 89 52 1936200711
P 90 52 1936200711
P 91 52 1936200711
P 92 52 1936200711
P 93 52 1936200711
P 94 52 1936200711
P 95 52 1936200711
P 96 52 2071467016
P 97 52 2071467016
P 98 52 2071467016
P 99 52 2071467016
P 100 52 2071467016
P 101 52 2071467016
P 102 52 2071467016
P 103 52 2071467016
P 104 52 2206733321
P 105 52 2206733321
P 106 52 2206733321
P 107 52 2206733321
P 108 52 2206733321
P 109 52 2206733321
P 110 52 2206733321
P 111 52 2206733321
P 112 52 2341999626
P 113 52 2341999626
P 114 52 2341999626
P 115 52 2341999626
P 116 52 2341999626
P 117 52 2341999626
P 118 52 2341999626
P 119 52 2341999626
P 120 52 2477265931
P 121 52 2477265931
P 122 52 2477265931
P 123 52 2477265931
P 124 52 2477265931
P 125 52 2477265931
P 126 52 2477265931
P 127 52 2477265931
P 128 52 2612532236
P 129 52 2612532236
P 130 52 2612532236
P 131 52 2612532236
P 132 52 2612532236
P 133 52 2612532236
P 134 52 2612532236
P 135 52 2612532236
P 136 52 2747798541
P 137 52 2747798541
P 138 52 2747798541
P 139 52 2747798541
P 140 52 2747798541
P 141 52 2747798541
P 142 52 2747798541
P 143 52 2747798541
P 144 52 2883064846
P 145 52 2883064846
P 146 52 2883064846
P 147 52 2883064846
P 148 52 2883064846
P 149 52 2883064846
P 150 52 2883064846
P 151 52 2883064846
P 152 52 3018331151
P 153 52 3018331151
P 154 52 3018331151
P 155 52 3018331151
P 156 52 3018331151
P 157 52 3018331151
P 158 52 3018331151
P 159 52 3018331151
P 160 52 3153597456
P 161 52 3153597456
P 162 52 3153597456
P 163 52 3153597456
P 164 52 3153597456
P 165 52 3153597456
P 166 52 3153597456
P 167 52 3153597456
P 40 53 1124602881
P 41 53 1124602881
P 42 53 1124602881
P 43 53 1124602881
P 44 53 1124602881
P 45 53 1124602881
P 46 53 1124602881
P 47 53 1124602881
P 48 53 1259869186
P 49 53 1259869186
P 50 53 1259869186
P 51 53 1259869186
P 52 53 1259869186
P 53 53 1259869186
P 54 53 1259869186
P 55 53 1259869186
P 56 53 1395135491
P 57 53 1395135491
P 58 53 1395135491
P 59 53 1395135491
P 60 53 1395135491
P 61 53 1395135491
P 62 53 1395135491
P 63 53 1395135491
P 64 53 1530401796
P 65 53 1530401796
P 66 53 1530401796
P 67 53 1530401796
P 68 53 1530401796
P 69 53 1530401796
P 70 53 1530401796
P 71 53 1530401796
P 72 53 1665668101
P 73 53 1665668101
P 74 53 1665668101
P 75 53 1665668101
P 76 53 1665668101
P 77 53 1665668101
P 78 53 1665668101
P 79 53 1665668101
P 80 53 1800934406
P 81 53 1800934406
P 82 53 1800934406
P 83 53 1800934406
P 84 53 1800934406
P 85 53 1800934406
P 86 53 1800934406
P 87 53 1800934406
P 88 53 1936200711
P 89 53 1936200711
P 90 53 1936200711
P 91 53 1936200711
P 92 53 1936200711
P 93 53 1936200711
P 94 53 1936200711
P 95 53 1936200711
P 96 53 2071467016
P 97 53 2071467016
P 98 53 2071467016
P 99 53 2071467016
P 100 53 2071467016
P 101 53 2071467016
P 102 53 2071467016
P 103 53 2071467016
P 104 53 2206733321
P 105 53 2206733321
P 106 53 2206733321
P 107 53 2206733321
P 108 53 2206733321
P 109 53 2206733321
P 110 53 2206733321
P 111 53 2206733321
P 112 53 2341999626
P 113 53 2341999626
P 114 53 2341999626
P 115 53 2341999626
P 116 53 2341999626
P 117 53 2341999626
P 118 53 2341999626
P 119 53 2341999626
P 120 53 2477265931
P 121 53 2477265931
P 122 53 2477265931
P 123 53 2477265931
P 124 53 2477265931
P 125 53 2477265931
P 126 53 2477265931
P 127 53 2477265931
P 128 53 2612532236
P 129 53 2612532236
P 130 53 2612532236
P 131 53 2612532236
P 132 53 2612532236
P 133 53 2612532236
P 134 53 2612532236
P 135 53 2612532236
P 136 53 2747798541
P 137 53 2747798541
P 138 53 2747798541
P 139 53 2747798541
P 140 53 2747798541
P 141 53 2747798541
P 142 53 2747798541
P 143 53 2747798541
P 144 53 2883064846
P 145 53 2883064846
P 146 53 2883064846
P 147 53 2883064846
P 148 53 2883064846
P 149 53 2883064846
P 150 53 2883064846
P 151 53 2883064846
P 152 53 3018331151
P 153 53 3018331151
P 154 53 3018331151
P 155 53 3018331151
P 156 53 3018331151
P 157 53 3018331151
P 158 53 3018331151
P 159 53 3018331151
P 160 53 3153597456
P 161 53 3153597456
P 162 53 3153597456
P 163 53 3153597456
P 164 53 3153597456
P 165 53 3153597456
P 166 53 3153597456
P 167 53 3153597456
P 40 54 1124602881
P 41 54 1124602881
P 42 54 1124602881
P 43 54 1124602881
P 44 54 1124602881
P 45 54 1124602881
P 46 54 1124602881
P 47 54 1124602881
P 48 54 1259869186
P 49 54 1259869186
P 50 54 1259869186
P 51 54 1259869186
P 52 54 1259869186
P 53 54 1259869186
P 54 54 1259869186
P 55 54 1259869186
P 56 54 1395135491
P 57 54 1395135491
P 58 54 1395135491
P 59 54 1395135491
P 60 54 1395135491
P 61 54 1395135491
P 62 54 1395135491
P 63 54 1395135491
P 64 54 1530401796
P 65 54 1530401796
P 66 54 1530401796
P 67 54 1530401796
P 68 54 1530401796
P 69 54 1530401796
P 70 54 1530401796
P 71 54 1530401796
P 72 54 1665668101
P 73 54 1665668101
P 74 54 1665668101
P 75 54 1665668101
P 76 54 1665668101
P 77 54 1665668101
P 78 54 1665668101
P 79 54 1665668101
P 80 54 1800934406
P 81 54 1800934406
P 82 54 1800934406
P 83 54 1800934406
P 84 54 1800934406
P 85 54 1800934406
P 86 54 1800934406
P 87 54 1800934406
P 88 54 1936200711
P 89 54 1936200711
P 90 54 1936200711
P 91 54 1936200711
P 92 54 1936200711
P 93 54 1936200711
P 94 54 1936200711
P 95 54 1936200711
P 96 54 2071467016
P 97 54 2071467016
P 98 54 2071467016
P 99 54 2071467016
P 100 54 2071467016
P 101 54 2071467016
P 102 54 2071467016
P 103 54 2071467016
P 104 54 2206733321
P 105 54 2206733321
P 106 54 2206733321
P 107 54 2206733321
P 108 54 2206733321
P 109 54 2206733321
P 110 54 2206733321
P 111 54 2206733321
P 112 54 2341999626
P 113 54 2341999626
P 114 54 2341999626
P 115 54 2341999626
P 116 54 2341999626
P 117 54 2341999626
P 118 54 2341999626
P 119 54 2341999626
P 120 54 2477265931
P 121 54 2477265931
P 122 54 2477265931
P 123 54 2477265931
P 124 54 2477265931
P 125 54 2477265931
P 126 54 2477265931
P 127 54 2477265931
P 128 54 2612532236
P 129 54 2612532236
P 130 54 2612532236
P 131 54 2612532236
P 132 54 2612532236
P 133 54 2612532236
P 134 54 2612532236
P 135 54 2612532236
P 136 54 2747798541
P 137 54 2747798541
P 138 54 2747798541
P 139 54 2747798541
P 140 54 2747798541
P 141 54 2747798541
P 142 54 2747798541
P 143 54 2747798541
P 144 54 2883064846
P 145 54 2883064846
P 146 54 2883064846
P 147 54 2883064846
P 148 54 2883064846
P 149 54 2883064846
P 150 54 2883064846
P 151 54 2883064846
P 152 54 3018331151
P 153 54 3018331151
P 154 54 3018331151
P 155 54 3018331151
P 156 54 3018331151
P 157 54 3018331151
P 158 54 3018331151
P 159 54 3018331151
P 160 54 3153597456
P 161 54 3153597456
P 162 54 3153597456
P 163 54 3153597456
P 164 54 3153597456
P 165 54 3153597456
P 166 54 3153597456
P 167 54 3153597456
P 40 55 1124602881
P 41 55 1124602881
P 42 55 1124602881
P 43 55 1124602881
P 44 55 1124602881
P 45 55 1124602881
P 46 55 1124602881
P 47 55 1124602881
P 48 55 1259869186
P 49 55 1259869186
P 50 55 1259869186
P 51 55 1259869186
P 52 55 1259869186
P 53 55 1259869186
P 54 55 1259869186
P 55 55 1259869186
P 56 55 1395135491
P 57 55 1395135491
P 58 55 1395135491
P 59 55 1395135491
P 60 55 1395135491
P 61 55 1395135491
P 62 55 1395135491
P 63 55 1395135491
P 64 55 1530401796
P 65 55 1530401796
P 66 55 1530401796
P 67 55 1530401796
P 68 55 1530401796
P 69 55 1530401796
P 70 55 1530401796
P 71 55 1530401796
P 72 55 1665668101
P 73 55 1665668101
P 74 55 1665668101
P 75 55 1665668101
P 76 55 1665668101
P 77 55 1665668101
P 78 55 1665668101
P 79 55 1665668101
P 80 55 1800934406
P 81 55 1800934406
P 82 55 1800934406
P 83 55 1800934406
P 84 55 1800934406
P 85 55 1800934406
P 86 55 1800934406
P 87 55 1800934406
P 88 55 1936200711
P 89 55 1936200711
P 90 55 1936200711
P 91 55 1936200711
P 92 55 1936200711
P 93 55 1936200711
P 94 55 1936200711
P 95 55 1936200711
P 96 55 2071467016
P 97 55 2071467016
P 98 55 2071467016
P 99 55 2071467016
P 100 55 2071467016
P 101 55 2071467016
P 102 55 2071467016
P 103 55 2071467016
P 104 55 2206733321
P 105 55 2206733321
P 106 55 2206733321
P 107 55 2206733321
P 108 55 2206733321
P 109 55 2206733321
P 110 55 2206733321
P 111 55 2206733321
P 112 55 2341999626
P 113 55 2341999626
P 114 55 2341999626
P 115 55 2341999626
P 116 55 2341999626
P 117 55 2341999626
P 118 55 2341999626
P 119 55 2341999626
P 120 55 2477265931
P 121 55 2477265931
P 122 55 2477265931
P 123 55 2477265931
P 124 55 2477265931
P 125 55 2477265931
P 126 55 2477265931
P 127 55 2477265931
P 128 55 2612532236
P 129 55 2612532236
P 130 55 2612532236
P 131 55 2612532236
P 132 55 2612532236
P 133 55 2612532236
P 134 55 2612532236
P 135 55 2612532236
P 136 55 2747798541
P 137 55 2747798541
P 138 55 2747798541
P 139 55 2747798541
P 140 55 2747798541
P 141 55 2747798541
P 142 55 2747798541
P 143 55 2747798541
P 144 55 2883064846
P 145 55 2883064846
P 146 55 2883064846
P 147 55 2883064846
P 148 55 2883064846
P 149 55 2883064846
P 150 55 2883064846
P 151 55 2883064846
P 152 55 3018331151
P 153 55 3018331151
P 154 55 3018331151
P 155 55 3018331151
P 156 55 3018331151
P 157 55 3018331151
P 158 55 3018331151
P 159 55 3018331151
P 160 55 3153597456
P 161 55 3153597456
P 162 55 3153597456
P 163 55 3153597456
P 164 55 3153597456
P 165 55 3153597456
P 166 55 3153597456
P 167 55 3153597456
P 40 56 1174938626
P 41 56 1174938626
P 42 56 1174938626
P 43 56 1174938626
P 44 56 1174938626
P 45 56 1174938626
P 46 56 1174938626
P 47 56 1174938626
P 48 56 1310204931
P 49 56 1310204931
P 50 56 1310204931
P 51 56 1310204931
P 52 56 1310204931
P 53 56 1310204931
P 54 56 1310204931
P 55 56 1310204931
P 56 56 1445471236
P 57 56 1445471236
P 58 56 1445471236
P 59 56 1445471236
P 60 56 1445471236
P 61 56 1445471236
P 62 56 1445471236
P 63 56 1445471236
P 64 56 1580737541
P 65 56 1580737541
P 66 56 1580737541
P 67 56 1580737541
P 68 56 1580737541
P 69 56 1580737541
P 70 56 1580737541
P 71 56 1580737541
P 72 56 1716003846
P 73 56 1716003846
P 74 56 1716003846
P 75 56 1716003846
P 76 56 1716003846
P 77 56 1716003846
P 78 56 1716003846
P 79 56 1716003846
P 80 56 1851270151
P 81 56 1851270151
P 82 56 1851270151
P 83 56 1851270151
P 84 56 1851270151
P 85 56 1851270151
P 86 56 1851270151
P 87 56 1851270151
P 88 56 1986536456
P 89 56 1986536456
P 90 56 1986536456
P 91 56 1986536456
P 92 56 1986536456
P 93 56 1986536456
P 94 56 1986536456
P 95 56 1986536456
P 96 56 2121802761
P 97 56 2121802761
P 98 56 2121802761
P 99 56 2121802761
P 100 56 2121802761
P 101 56 2121802761
P 102 56 2121802761
P 103 56 2121802761
P 104 56 2257069066
P 105 56 2257069066
P 106 56 2257069066
P 107 56 2257069066
P 108 56 2257069066
P 109 56 2257069066
P 110 56 2257069066
P 111 56 2257069066
P 112 56 2392335371
P 113 56 2392335371
P 114 56 2392335371
P 115 56 2392335371
P 116 56 2392335371
P 117 56 2392335371
P 118 56 2392335371
P 119 56 2392335371
P 120 56 2527601676
P 121 56 2527601676
P 122 56 2527601676
P 123 56 2527601676
P 124 56 2527601676
P 125 56 2527601676
P 126 56 2527601676
P 127 56 2527601676
P 128 56 2662867981
P 129 56 2662867981
P 130 56 2662867981
P 131 56 2662867981
P 132 56 2662867981
P 133 56 2662867981
P 134 56 2662867981
P 135 56 2662867981
P 136 56 2798134286
P 137 56 2798134286
P 138 56 2798134286
P 139 56 2798134286
P 140 56 2798134286
P 141 56 2798134286
P 142 56 2798134286
P 143 56 2798134286
P 144 56 2933400591
P 145 56 2933400591
P 146 56 2933400591
P 147 56 2933400591
P 148 56 2933400591
P 149 56 2933400591
P 150 56 2933400591
P 151 56 2933400591
P 152 56 3068666896
P 153 56 3068666896
P 154 56 3068666896
P 155 56 3068666896
P 156 56 3068666896
P 157 56 3068666896
P 158 56 3068666896
P 159 56 3068666896
P 160 56 3203933201
P 161 56 3203933201
P 162 56 3203933201
P 163 56 3203933201
P 164 56 3203933201
P 165 56 3203933201
P 166 56 3203933201
P 167 56 3203933201
P 40 57 1174938626
P 41 57 1174938626
P 42 57 1174938626
P 43 57 1174938626
P 44 57 1174938626
P 45 57 1174938626
P 46 57 1174938626
P 47 57 1174938626
P 48 57 1310204931
P 49 57 1310204931
P 50 57 1310204931
P 51 57 1310204931
P 52 57 1310204931
P 53 57 1310204931
P 54 57 1310204931
P 55 57 1310204931
P 56 57 1445471236
P 57 57 1445471236
P 58 57 1445471236
P 59 57 1445471236
P 60 57 1445471236
P 61 57 1445471236
P 62 57 1445471236
P 63 57 1445471236
P 64 57 1580737541
P 65 57 1580737541
P 66 57 1580737541
P 67 57 1580737541
P 68 57 1580737541
P 69 57 1580737541
P 70 57 1580737541
P 71 57 1580737541
P 72 57 1716003846
P 73 57 1716003846
P 74 57 1716003846
P 75 57 1716003846
P 76 57 1716003846
P 77 57 1716003846
P 78 57 1716003846
P 79 57 1716003846
P 80 57 1851270151
P 81 57 1851270151
P 82 57 1851270151
P 83 57 1851270151
P 84 57 1851270151
P 85 57 1851270151
P 86 57 1851270151
P 87 57 1851270151
P 88 57 1986536456
P 89 57 1986536456
P 90 57 1986536456
P 91 57 1986536456
P 92 57 1986536456
P 93 57 1986536456
P 94 57 1986536456
P 95 57 1986536456
P 96 57 2121802761
P 97 57 2121802761
P 98 57 2121802761
P 99 57 2121802761
P 100 57 2121802761
P 101 57 2121802761
P 102 57 2121802761
P 103 57 2121802761
P 104 57 2257069066
P 105 57 2257069066
P 106 57 2257069066
P 107 57 2257069066
P 108 57 2257069066
P 109 57 2257069066
P 110 57 2257069066
P 111 57 2257069066
P 112 57 2392335371
P 113 57 2392335371
P 114 57 2392335371
P 115 57 2392335371
P 116 57 2392335371
P 117 57 2392335371
P 118 57 2392335371
P 119 57 2392335371
P 120 57 2527601676
P 121 57 2527601676
P 122 57 2527601676
P 123 57 2527601676
P 124 57 2527601676
P 125 57 2527601676
P 126 57 2527601676
P 127 57 2527601676
P 128 57 2662867981
P 129 57 2662867981
P 130 57 2662867981
P 131 57 2662867981
P 132 57 2662867981
P 133 57 2662867981
P 134 57 2662867981
P 135 57 2662867981
P 136 57 2798134286
P 137 57 2798134286
P 138 57 2798134286
P 139 57 2798134286
P 140 57 2798134286
P 141 57 2798134286
P 142 57 2798134286
P 143 57 2798134286
P 144 57 2933400591
P 145 57 2933400591
P 146 57 2933400591
P 147 57 2933400591
P 148 57 2933400591
P 149 57 2933400591
P 150 57 2933400591
P 151 57 2933400591
P 152 57 3068666896
P 153 57 3068666896
P 154 57 3068666896
P 155 57 3068666896
P 156 57 3068666896
P 157 57 3068666896
P 158 57 3068666896
P 159 57 3068666896
P 160 57 3203933201
P 161 57 3203933201
P 162 57 3203933201
P 163 57 3203933201
P 164 57 3203933201
P 165 57 3203933201
P 166 57 3203933201
P 167 57 3203933201
P 40 58 1174938626
P 41 58 1174938626
P 42 58 1174938626
P 43 58 1174938626
P 44 58 1174938626
P 45 58 1174938626
P 46 58 1174938626
P 47 58 1174938626
P 48 58 1310204931
P 49 58 1310204931
P 50 58 1310204931
P 51 58 1310204931
P 52 58 1310204931
P 53 58 1310204931
P 54 58 1310204931
P 55 58 1310204931
P 56 58 1445471236
P 57 58 1445471236
P 58 58 1445471236
P 59 58 1445471236
P 60 58 1445471236
P 61 58 1445471236
P 62 58 1445471236
P 63 58 1445471236
P 64 58 1580737541
P 65 58 1580737541
P 66 58 1580737541
P 67 58 1580737541
P 68 58 1580737541
P 69 58 1580737541
P 70 58 1580737541
P 71 58 1580737541
P 72 58 1716003846
P 73 58 1716003846
P 74 58 1716003846
P 75 58 1716003846
P 76 58 1716003846
P 77 58 1716003846
P 78 58 1716003846
P 79 58 1716003846
P 80 58 1851270151
P 81 58 1851270151
P 82 58 1851270151
P 83 58 1851270151
P 84 58 1851270151
P 85 58 1851270151
P 86 58 1851270151
P 87 58 1851270151
P 88 58 1986536456
P 89 58 1986536456
P 90 58 1986536456
P 91 58 1986536456
P 92 58 1986536456
P 93 58 1986536456
P 94 58 1986536456
P 95 58 1986536456
P 96 58 2121802761
P 97 58 2121802761
P 98 58 2121802761
P 99 58 2121802761
P 100 58 2121802761
P 101 58 2121802761
P 102 58 2121802761
P 103 58 2121802761
P 104 58 2257069066
P 105 58 2257069066
P 106 58 2257069066
P 107 58 2257069066
P 108 58 2257069066
P 109 58 2257069066
P 110 58 2257069066
P 111 58 2257069066
P 112 58 2392335371
P 113 58 2392335371
P 114 58 2392335371
P 115 58 2392335371
P 116 58 2392335371
P 117 58 2392335371
P 118 58 2392335371
P 119 58 2392335371
P 120 58 2527601676
P 121 58 2527601676
P 122 58 2527601676
P 123 58 2527601676
P 124 58 2527601676
P 125 58 2527601676
P 126 58 2527601676
P 127 58 2527601676
P 128 58 2662867981
P 129 58 2662867981
P 130 58 2662867981
P 131 58 2662867981
P 132 58 2662867981
P 133 58 2662867981
P 134 58 2662867981
P 135 58 2662867981
P 136 58 2798134286
P 137 58 2798134286
P 138 58 2798134286
P 139 58 2798134286
P 140 58 2798134286
P 141 58 2798134286
P 142 58 2798134286
P 143 58 2798134286
P 144 58 2933400591
P 145 58 2933400591
P 146 58 2933400591
P 147 58 2933400591
P 148 58 2933400591
P 149 58 2933400591
P 150 58 2933400591
P 151 58 2933400591
P 152 58 3068666896
P 153 58 3068666896
P 154 58 3068666896
P 155 58 3068666896
P 156 58 3068666896
P 157 58 3068666896
P 158 58 3068666896
P 159 58 3068666896
P 160 58 3203933201
P 161 58 3203933201
P 162 58 3203933201
P 163 58 3203933201
P 164 58 3203933201
P 165 58 3203933201
P 166 58 3203933201
P 167 58 3203933201
P 40 59 1174938626
P 41 59 1174938626
P 42 59 1174938626
P 43 59 1174938626
P 44 59 1174938626
P 45 59 1174938626
P 46 59 1174938626
P 47 59 1174938626
P 48 59 1310204931
P 49 59 1310204931
P 50 59 1310204931
P 51 59 1310204931
P 52 59 1310204931
P 53 59 1310204931
P 54 59 1310204931
P 55 59 1310204931
P 56 59 1445471236
P 57 59 1445471236
P 58 59 1445471236
P 59 59 1445471236
P 60 59 1445471236
P 61 59 1445471236
P 62 59 1445471236
P 63 59 1445471236
P 64 59 1580737541
P 65 59 1580737541
P 66 59 1580737541
P 67 59 1580737541
P 68 59 1580737541
P 69 59 1580737541
P 70 59 1580737541
P 71 59 1580737541
P 72 59 1716003846
P 73 59 1716003846
P 74 59 1716003846
P 75 59 1716003846
P 76 59 1716003846
P 77 59 1716003846
P 78 59 1716003846
P 79 59 1716003846
P 80 59 1851270151
P 81 59 1851270151
P 82 59 1851270151
P 83 59 1851270151
P 84 59 1851270151
P 85 59 1851270151
P 86 59 1851270151
P 87 59 1851270151
P 88 59 1986536456
P 89 59 1986536456
P 90 59 1986536456
P 91 59 1986536456
P 92 59 1986536456
P 93 59 1986536456
P 94 59 1986536456
P 95 59 1986536456
P 96 59 2121802761
P 97 59 2121802761
P 98 59 2121802761
P 99 59 2121802761
P 100 59 2121802761
P 101 59 2121802761
P 102 59 2121802761
P 103 59 2121802761
P 104 59 2257069066
P 105 59 2257069066
P 106 59 2257069066
P 107 59 2257069066
P 108 59 2257069066
P 109 59 2257069066
P 110 59 2257069066
P 111 59 2257069066
P 112 59 2392335371
P 113 59 2392335371
P 114 59 2392335371
P 115 59 2392335371
P 116 59 2392335371
P 117 59 2392335371
P 118 59 2392335371
P 119 59 2392335371
P 120 59 2527601676
P 121 59 2527601676
P 122 59 2527601676
P 123 59 2527601676
P 124 59 2527601676
P 125 59 2527601676
P 126 59 2527601676
P 127 59 2527601676
P 128 59 2662867981
P 129 59 2662867981
P 130 59 2662867981
P 131 59 2662867981
P 132 59 2662867981
P 133 59 2662867981
P 134 59 2662867981
P 135 59 2662867981
P 136 59 2798134286
P 137 59 2798134286
P 138 59 2798134286
P 139 59 2798134286
P 140 59 2798134286
P 141 59 2798134286
P 142 59 2798134286
P 143 59 2798134286
P 144 59 2933400591
P 145 59 2933400591
P 146 59 2933400591
P 147 59 2933400591
P 148 59 2933400591
P 149 59 2933400591
P 150 59 2933400591
P 151 59 2933400591
P 152 59 3068666896
P 153 59 3068666896
P 154 59 3068666896
P 155 59 3068666896
P 156 59 3068666896
P 157 59 3068666896
P 158 59 3068666896
P 159 59 3068666896
P 160 59 3203933201
P 161 59 3203933201
P 162 59 3203933201
P 163 59 3203933201
P 164 59 3203933201
P 165 59 3203933201
P 166 59 3203933201
P 167 59 3203933201
P 40 60 1174938626
P 41 60 1174938626
P 42 60 1174938626
P 43 60 1174938626
P 44 60 1174938626
P 45 60 1174938626
P 46 60 1174938626
P 47 60 1174938626
P 48 60 1310204931
P 49 60 1310204931
P 50 60 1310204931
P 51 60 1310204931
P 52 60 1310204931
P 53 60 1310204931
P 54 60 1310204931
P 55 60 1310204931
P 56 60 1445471236
P 57 60 1445471236
P 58 60 1445471236
P 59 60 1445471236
P 60 60 1445471236
P 61 60 1445471236
P 62 60 1445471236
P 63 60 1445471236
P 64 60 1580737541
P 65 60 1580737541
P 66 60 1580737541
P 67 60 1580737541
P 68 60 1580737541
P 69 60 1580737541
P 70 60 1580737541
P 71 60 1580737541
P 72 60 1716003846
P 73 60 1716003846
P 74 60 1716003846
P 75 60 1716003846
P 76 60 1716003846
P 77 60 1716003846
P 78 60 1716003846
P 79 60 1716003846
P 80 60 1851270151
P 81 60 1851270151
P 82 60 1851270151
P 83 60 1851270151
P 84 60 1851270151
P 85 60 1851270151
P 86 60 1851270151
P 87 60 1851270151
P 88 60 1986536456
P 89 60 1986536456
P 90 60 1986536456
P 91 60 1986536456
P 92 60 1986536456
P 93 60 1986536456
P 94 60 1986536456
P 95 60 1986536456
P 96 60 2121802761
P 97 60 2121802761
P 98 60 2121802761
P 99 60 2121802761
P 100 60 2121802761
P 101 60 2121802761
P 102 60 2121802761
P 103 60 2121802761
P 104 60 2257069066
P 105 60 2257069066
P 106 60 2257069066
P 107 60 2257069066
P 108 60 2257069066
P 109 60 2257069066
P 110 60 2257069066
P 111 60 2257069066
P 112 60 2392335371
P 113 60 2392335371
P 114 60 2392335371
P 115 60 2392335371
P 116 60 2392335371
P 117 60 2392335371
P 118 60 2392335371
P 119 60 2392335371
P 120 60 2527601676
P 121 60 2527601676
P 122 60 2527601676
P 123 60 2527601676
P 124 60 2527601676
P 125 60 2527601676
P 126 60 2527601676
P 127 60 2527601676
P 128 60 2662867981
P 129 60 2662867981
P 130 60 2662867981
P 131 60 2662867981
P 132 60 2662867981
P 133 60 2662867981
P 134 60 2662867981
P 135 60 2662867981
P 136 60 2798134286
P 137 60 2798134286
P 138 60 2798134286
P 139 60 2798134286
P 140 60 2798134286
P 141 60 2798134286
P 142 60 2798134286
P 143 60 2798134286
P 144 60 2933400591
P 145 60 2933400591
P 146 60 2933400591
P 147 60 2933400591
P 148 60 2933400591
P 149 60 2933400591
P 150 60 2933400591
P 151 60 2933400591
P 152 60 3068666896
P 153 60 3068666896
P 154 60 3068666896
P 155 60 3068666896
P 156 60 3068666896
P 157 60 3068666896
P 158 60 3068666896
P 159 60 3068666896
P 160 60 3203933201
P 161 60 3203933201
P 162 60 3203933201
P 163 60 3203933201
P 164 60 3203933201
P 165 60 3203933201
P 166 60 3203933201
P 167 60 3203933201
P 40 61 1174938626
P 41 61 1174938626
P 42 61 1174938626
P 43 61 1174938626
P 44 61 1174938626
P 45 61 1174938626
P 46 61 1174938626
P 47 61 1174938626
P 48 61 1310204931
P 49 61 1310204931
P 50 61 1310204931
P 51 61 1310204931
P 52 61 1310204931
P 53 61 1310204931
P 54 61 1310204931
P 55 61 1310204931
P 56 61 1445471236
P 57 61 1445471236
P 58 61 1445471236
P 59 61 1445471236
P 60 61 1445471236
P 61 61 1445471236
P 62 61 1445471236
P 63 61 1445471236
P 64 61 1580737541
P 65 61 1580737541
P 66 61 1580737541
P 67 61 1580737541
P 68 61 1580737541
P 69 61 1580737541
P 70 61 1580737541
P 71 61 1580737541
P 72 61 1716003846
P 73 61 1716003846
P 74 61 1716003846
P 75 61 1716003846
P 76 61 1716003846
P 77 61 1716003846
P 78 61 1716003846
P 79 61 1716003846
P 80 61 1851270151
P 81 61 1851270151
P 82 61 1851270151
P 83 61 1851270151
P 84 61 1851270151
P 85 61 1851270151
P 86 61 1851270151
P 87 61 1851270151
P 88 61 1986536456
P 89 61 1986536456
P 90 61 1986536456
P 91 61 1986536456
P 92 61 1986536456
P 93 61 1986536456
P 94 61 1986536456
P 95 61 1986536456
P 96 61 2121802761
P 97 61 2121802761
P 98 61 2121802761
P 99 61 2121802761
P 100 61 2121802761
P 101 61 2121802761
P 102 61 2121802761
P 103 61 2121802761
P 104 61 2257069066
P 105 61 2257069066
P 106 61 2257069066
P 107 61 2257069066
P 108 61 2257069066
P 109 61 2257069066
P 110 61 2257069066
P 111 61 2257069066
P 112 61 2392335371
P 113 61 2392335371
P 114 61 2392335371
P 115 61 2392335371
P 116 61 2392335371
P 117 61 2392335371
P 118 61 2392335371
P 119 61 2392335371
P 120 61 2527601676
P 121 61 2527601676
P 122 61 2527601676
P 123 61 2527601676
P 124 61 2527601676
P 125 61 2527601676
P 126 61 2527601676
P 127 61 2527601676
P 128 61 2662867981
P 129 61 2662867981
P 130 61 2662867981
P 131 61 2662867981
P 132 61 2662867981
P 133 61 2662867981
P 134 61 2662867981
P 135 61 2662867981
P 136 61 2798134286
P 137 61 2798134286
P 138 61 2798134286
P 139 61 2798134286
P 140 61 2798134286
P 141 61 2798134286
P 142 61 2798134286
P 143 61 2798134286
P 144 61 2933400591
P 145 61 2933400591
P 146 61 2933400591
P 147 61 2933400591
P 148 61 2933400591
P 149 61 2933400591
P 150 61 2933400591
P 151 61 2933400591
P 152 61 3068666896
P 153 61 3068666896
P 154 61 3068666896
P 155 61 3068666896
P 156 61 3068666896
P 157 61 3068666896
P 158 61 3068666896
P 159 61 3068666896
P 160 61 3203933201
P 161 61 3203933201
P 162 61 3203933201
P 163 61 3203933201
P 164 61 3203933201
P 165 61 3203933201
P 166 61 3203933201
P 167 61 3203933201
P 40 62 1174938626
P 41 62 1174938626
P 42 62 1174938626
P 43 62 1174938626
P 44 62 1174938626
P 45 62 1174938626
P 46 62 1174938626
P 47 62 1174938626
P 48 62 1310204931
P 49 62 1310204931
P 50 62 1310204931
P 51 62 1310204931
P 52 62 1310204931
P 53 62 1310204931
P 54 62 1310204931
P 55 62 1310204931
P 56 62 1445471236
P 57 62 1445471236
P 58 62 1445471236
P 59 62 1445471236
P 60 62 1445471236
P 61 62 1445471236
P 62 62 1445471236
P 63 62 1445471236
P 64 62 1580737541
P 65 62 1580737541
P 66 62 1580737541
P 67 62 1580737541
P 68 62 1580737541
P 69 62 1580737541
P 70 62 1580737541
P 71 62 1580737541
P 72 62 1716003846
P 73 62 1716003846
P 74 62 1716003846
P 75 62 1716003846
P 76 62 1716003846
P 77 62 1716003846
P 78 62 1716003846
P 79 62 1716003846
P 80 62 1851270151
P 81 62 1851270151
P 82 62 1851270151
P 83 62 1851270151
P 84 62 1851270151
P 85 62 1851270151
P 86 62 1851270151
P 87 62 1851270151
P 88 62 1986536456
P 89 62 1986536456
P 90 62 1986536456
P 91 62 1986536456
P 92 62 1986536456
P 93 62 1986536456
P 94 62 1986536456
P 95 62 1986536456
P 96 62 2121802761
P 97 62 2121802761
P 98 62 2121802761
P 99 62 2121802761
P 100 62 2121802761
P 101 62 2121802761
P 102 62 2121802761
P 103 62 2121802761
P 104 62 2257069066
P 105 62 2257069066
P 106 62 2257069066
P 107 62 2257069066
P 108 62 2257069066
P 109 62 2257069066
P 110 62 2257069066
P 111 62 2257069066
P 112 62 2392335371
P 113 62 2392335371
P 114 62 2392335371
P 115 62 2392335371
P 116 62 2392335371
P 117 62 2392335371
P 118 62 2392335371
P 119 62 2392335371
P 120 62 2527601676
P 121 62 2527601676
P 122 62 2527601676
P 123 62 2527601676
P 124 62 2527601676
P 125 62 2527601676
P 126 62 2527601676
P 127 62 2527601676
P 128 62 2662867981
P 129 62 2662867981
P 130 62 2662867981
P 131 62 2662867981
P 132 62 2662867981
P 133 62 2662867981
P 134 62 2662867981
P 135 62 2662867981
P 136 62 2798134286
P 137 62 2798134286
P 138 62 2798134286
P 139 62 2798134286
P 140 62 2798134286
P 141 62 2798134286
P 142 62 2798134286
P 143 62 2798134286
P 144 62 2933400591
P 145 62 2933400591
P 146 62 2933400591
P 147 62 2933400591
P 148 62 2933400591
P 149 62 2933400591
P 150 62 2933400591
P 151 62 2933400591
P 152 62 3068666896
P 153 62 3068666896
P 154 62 3068666896
P 155 62 3068666896
P 156 62 3068666896
P 157 62 3068666896
P 158 62 3068666896
P 159 62 3068666896
P 160 62 3203933201
P 161 62 3203933201
P 162 62 3203933201
P 163 62 3203933201
P 164 62 3203933201
P 165 62 3203933201
P 166 62 3203933201
P 167 62 3203933201
P 40 63 1174938626
P 41 63 1174938626
P 42 63 1174938626
P 43 63 1174938626
P 44 63 1174938626
P 45 63 1174938626
P 46 63 1174938626
P 47 63 1174938626
P 48 63 1310204931
P 49 63 1310204931
P 50 63 1310204931
P 51 63 1310204931
P 52 63 1310204931
P 53 63 1310204931
P 54 63 1310204931
P 55 63 1310204931
P 56 63 1445471236
P 57 63 1445471236
P 58 63 1445471236
P 59 63 1445471236
P 60 63 1445471236
P 61 63 1445471236
P 62 63 1445471236
P 63 63 1445471236
P 64 63 1580737541
P 65 63 1580737541
P 66 63 1580737541
P 67 63 1580737541
P 68 63 1580737541
P 69 63 1580737541
P 70 63 1580737541
P 71 63 1580737541
P 72 63 1716003846
P 73 63 1716003846
P 74 63 1716003846
P 75 63 1716003846
P 76 63 1716003846
P 77 63 1716003846
P 78 63 1716003846
P 79 63 1716003846
P 80 63 1851270151
P 81 63 1851270151
P 82 63 1851270151
P 83 63 1851270151
P 84 63 1851270151
P 85 63 1851270151
P 86 63 1851270151
P 87 63 1851270151
P 88 63 1986536456
P 89 63 1986536456
P 90 63 1986536456
P 91 63 1986536456
P 92 63 1986536456
P 93 63 1986536456
P 94 63 1986536456
P 95 63 1986536456
P 96 63 2121802761
P 97 63 2121802761
P 98 63 2121802761
P 99 63 2121802761
P 100 63 2121802761
P 101 63 2121802761
P 102 63 2121802761
P 103 63 2121802761
P 104 63 2257069066
P 105 63 2257069066
P 106 63 2257069066
P 107 63 2257069066
P 108 63 2257069066
P 109 63 2257069066
P 110 63 2257069066
P 111 63 2257069066
P 112 63 2392335371
P 113 63 2392335371
P 114 63 2392335371
P 115 63 2392335371
P 116 63 2392335371
P 117 63 2392335371
P 118 63 2392335371
P 119 63 2392335371
P 120 63 2527601676
P 121 63 2527601676
P 122 63 2527601676
P 123 63 2527601676
P 124 63 2527601676
P 125 63 2527601676
P 126 63 2527601676
P 127 63 2527601676
P 128 63 2662867981
P 129 63 2662867981
P 130 63 2662867981
P 131 63 2662867981
P 132 63 2662867981
P 133 63 2662867981
P 134 63 2662867981
P 135 63 2662867981
P 136 63 2798134286
P 137 63 2798134286
P 138 63 2798134286
P 139 63 2798134286
P 140 63 2798134286
P 141 63 2798134286
P 142 63 2798134286
P 143 63 2798134286
P 144 63 2933400591
P 145 63 2933400591
P 146 63 2933400591
P 147 63 2933400591
P 148 63 2933400591
P 149 63 2933400591
P 150 63 2933400591
P 151 63 2933400591
P 152 63 3068666896
P 153 63 3068666896
P 154 63 3068666896
P 155 63 3068666896
P 156 63 3068666896
P 157 63 3068666896
P 158 63 3068666896
P 159 63 3068666896
P 160 63 3203933201
P 161 63 3203933201
P 162 63 3203933201
P 163 63 3203933201
P 164 63 3203933201
P 165 63 3203933201
P 166 63 3203933201
P 167 63 3203933201
P 40 64 1225274371
P 41 64 1225274371
P 42 64 1225274371
P 43 64 1225274371
P 44 64 1225274371
P 45 64 1225274371
P 46 64 1225274371
P 47 64 1225274371
P 48 64 1360540676
P 49 64 1360540676
P 50 64 1360540676
P 51 64 1360540676
P 52 64 1360540676
P 53 64 1360540676
P 54 64 1360540676
P 55 64 1360540676
P 56 64 1495806981
P 57 64 1495806981
P 58 64 1495806981
P 59 64 1495806981
P 60 64 1495806981
P 61 64 1495806981
P 62 64 1495806981
P 63 64 1495806981
P 64 64 1631073286
P 65 64 1631073286
P 66 64 1631073286
P 67 64 1631073286
P 68 64 1631073286
P 69 64 1631073286
P 70 64 1631073286
P 71 64 1631073286
P 72 64 1766339591
P 73 64 1766339591
P 74 64 1766339591
P 75 64 1766339591
P 76 64 1766339591
P 77 64 1766339591
P 78 64 1766339591
P 79 64 1766339591
P 80 64 1901605896
P 81 64 1901605896
P 82 64 1901605896
P 83 64 1901605896
P 84 64 1901605896
P 85 64 1901605896
P 86 64 1901605896
P 87 64 1901605896
P 88 64 2036872201
P 89 64 2036872201
P 90 64 2036872201
P 91 64 2036872201
P 92 64 2036872201
P 93 64 2036872201
P 94 64 2036872201
P 95 64 2036872201
P 96 64 2172138506
P 97 64 2172138506
P 98 64 2172138506
P 99 64 2172138506
P 100 64 2172138506
P 101 64 2172138506
P 102 64 2172138506
P 103 64 2172138506
P 104 64 2307404811
P 105 64 2307404811
P 106 64 2307404811
P 107 64 2307404811
P 108 64 2307404811
P 109 64 2307404811
P 110 64 2307404811
P 111 64 2307404811
P 112 64 2442671116
P 113 64 2442671116
P 114 64 2442671116
P 115 64 2442671116
P 116 64 2442671116
P 117 64 2442671116
P 118 64 2442671116
P 119 64 2442671116
P 120 64 2577937421
P 121 64 2577937421
P 122 64 2577937421
P 123 64 2577937421
P 124 64 2577937421
P 125 64 2577937421
P 126 64 2577937421
P 127 64 2577937421
P 128 64 2713203726
P 129 64 2713203726
P 130 64 2713203726
P 131 64 2713203726
P 132 64 2713203726
P 133 64 2713203726
P 134 64 2713203726
P 135 64 2713203726
P 136 64 2848470031
P 137 64 2848470031
P 138 64 2848470031
P 139 64 2848470031
P 140 64 2848470031
P 141 64 2848470031
P 142 64 2848470031
P 143 64 2848470031
P 144 64 2983736336
P 145 64 2983736336
P 146 64 2983736336
P 147 64 2983736336
P 148 64 2983736336
P 149 64 2983736336
P 150 64 2983736336
P 151 64 2983736336
P 152 64 3119002641
P 153 64 3119002641
P 154 64 3119002641
P 155 64 3119002641
P 156 64 3119002641
P 157 64 3119002641
P 158 64 3119002641
P 159 64 3119002641
P 160 64 3254268946
P 161 64 3254268946
P 162 64 3254268946
P 163 64 3254268946
P 164 64 3254268946
P 165 64 3254268946
P 166 64 3254268946
P 167 64 3254268946
P 40 65 1225274371
P 41 65 1225274371
P 42 65 1225274371
P 43 65 1225274371
P 44 65 1225274371
P 45 65 1225274371
P 46 65 1225274371
P 47 65 1225274371
P 48 65 1360540676
P 49 65 1360540676
P 50 65 1360540676
P 51 65 1360540676
P 52 65 1360540676
P 53 65 1360540676
P 54 65 1360540676
P 55 65 1360540676
P 56 65 1495806981
P 57 65 1495806981
P 58 65 1495806981
P 59 65 1495806981
P 60 65 1495806981
P 61 65 1495806981
P 62 65 1495806981
P 63 65 1495806981
P 64 65 1631073286
P 65 65 1631073286
P 66 65 1631073286
P 67 65 1631073286
P 68 65 1631073286
P 69 65 1631073286
P 70 65 1631073286
P 71 65 1631073286
P 72 65 1766339591
P 73 65 1766339591
P 74 65 1766339591
P 75 65 1766339591
P 76 65 1766339591
P 77 65 1766339591
P 78 65 1766339591
P 79 65 1766339591
P 80 65 1901605896
P 81 65 1901605896
P 82 65 1901605896
P 83 65 1901605896
P 84 65 1901605896
P 85 65 1901605896
P 86 65 1901605896
P 87 65 1901605896
P 88 65 2036872201
P 89 65 2036872201
P 90 65 2036872201
P 91 65 2036872201
P 92 65 2036872201
P 93 65 2036872201
P 94 65 2036872201
P 95 65 2036872201
P 96 65 2172138506
P 97 65 2172138506
P 98 65 2172138506
P 99 65 2172138506
P 100 65 2172138506
P 101 65 2172138506
P 102 65 2172138506
P 103 65 2172138506
P 104 65 2307404811
P 105 65 2307404811
P 106 65 2307404811
P 107 65 2307404811
P 108 65 2307404811
P 109 65 2307404811
P 110 65 2307404811
P 111 65 2307404811
P 112 65 2442671116
P 113 65 2442671116
P 114 65 2442671116
P 115 65 2442671116
P 116 65 2442671116
P 117 65 2442671116
P 118 65 2442671116
P 119 65 2442671116
P 120 65 2577937421
P 121 65 2577937421
P 122 65 2577937421
P 123 65 2577937421
P 124 65 2577937421
P 125 65 2577937421
P 126 65 2577937421
P 127 65 2577937421
P 128 65 2713203726
P 129 65 2713203726
P 130 65 2713203726
P 131 65 2713203726
P 132 65 2713203726
P 133 65 2713203726
P 134 65 2713203726
P 135 65 2713203726
P 136 65 2848470031
P 137 65 2848470031
P 138 65 2848470031
P 139 65 2848470031
P 140 65 2848470031
P 141 65 2848470031
P 142 65 2848470031
P 143 65 2848470031
P 144 65 2983736336
P 145 65 2983736336
P 146 65 2983736336
P 147 65 2983736336
P 148 65 2983736336
P 149 65 2983736336
P 150 65 2983736336
P 151 65 2983736336
P 152 65 3119002641
P 153 65 3119002641
P 154 65 3119002641
P 155 65 3119002641
P 156 65 3119002641
P 157 65 3119002641
P 158 65 3119002641
P 159 65 3119002641
P 160 65 3254268946
P 161 65 3254268946
P 162 65 3254268946
P 163 65 3254268946
P 164 65 3254268946
P 165 65 3254268946
P 166 65 3254268946
P 167 65 3254268946
P 40 66 1225274371
P 41 66 1225274371
P 42 66 1225274371
P 43 66 1225274371
P 44 66 1225274371
P 45 66 1225274371
P 46 66 1225274371
P 47 66 1225274371
P 48 66 1360540676
P 49 66 1360540676
P 50 66 1360540676
P 51 66 1360540676
P 52 66 1360540676
P 53 66 1360540676
P 54 66 1360540676
P 55 66 1360540676
P 56 66 1495806981
P 57 66 1495806981
P 58 66 1495806981
P 59 66 1495806981
P 60 66 1495806981
P 61 66 1495806981
P 62 66 1495806981
P 63 66 1495806981
P 64 66 1631073286
P 65 66 1631073286
P 66 66 1631073286
P 67 66 1631073286
P 68 66 1631073286
P 69 66 1631073286
P 70 66 1631073286
P 71 66 1631073286
P 72 66 1766339591
P 73 66 1766339591
P 74 66 1766339591
P 75 66 1766339591
P 76 66 1766339591
P 77 66 1766339591
P 78 66 1766339591
P 79 66 1766339591
P 80 66 1901605896
P 81 66 1901605896
P 82 66 1901605896
P 83 66 1901605896
P 84 66 1901605896
P 85 66 1901605896
P 86 66 1901605896
P 87 66 1901605896
P 88 66 2036872201
P 89 66 2036872201
P 90 66 2036872201
P 91 66 2036872201
P 92 66 2036872201
P 93 66 2036872201
P 94 66 2036872201
P 95 66 2036872201
P 96 66 2172138506
P 97 66 2172138506
P 98 66 2172138506
P 99 66 2172138506
P 100 66 2172138506
P 101 66 2172138506
P 102 66 2172138506
P 103 66 2172138506
P 104 66 2307404811
P 105 66 2307404811
P 106 66 2307404811
P 107 66 2307404811
P 108 66 2307404811
P 109 66 2307404811
P 110 66 2307404811
P 111 66 2307404811
P 112 66 2442671116
P 113 66 2442671116
P 114 66 2442671116
P 115 66 2442671116
P 116 66 2442671116
P 117 66 2442671116
P 118 66 2442671116
P 119 66 2442671116
P 120 66 2577937421
P 121 66 2577937421
P 122 66 2577937421
P 123 66 2577937421
P 124 66 2577937421
P 125 66 2577937421
P 126 66 2577937421
P 127 66 2577937421
P 128 66 2713203726
P 129 66 2713203726
P 130 66 2713203726
P 131 66 2713203726
P 132 66 2713203726
P 133 66 2713203726
P 134 66 2713203726
P 135 66 2713203726
P 136 66 2848470031
P 137 66 2848470031
P 138 66 2848470031
P 139 66 2848470031
P 140 66 2848470031
P 141 66 2848470031
P 142 66 2848470031
P 143 66 2848470031
P 144 66 2983736336
P 145 66 2983736336
P 146 66 2983736336
P 147 66 2983736336
P 148 66 2983736336
P 149 66 2983736336
P 150 66 2983736336
P 151 66 2983736336
P 152 66 3119002641
P 153 66 3119002641
P 154 66 3119002641
P 155 66 3119002641
P 156 66 3119002641
P 157 66 3119002641
P 158 66 3119002641
P 159 66 3119002641
P 160 66 3254268946
P 161 66 3254268946
P 162 66 3254268946
P 163 66 3254268946
P 164 66 3254268946
P 165 66 3254268946
P 166 66 3254268946
P 167 66 3254268946
P 40 67 1225274371
P 41 67 1225274371
P 42 67 1225274371
P 43 67 1225274371
P 44 67 1225274371
P 45 67 1225274371
P 46 67 1225274371
P 47 67 1225274371
P 48 67 1360540676
P 49 67 1360540676
P 50 67 1360540676
P 51 67 1360540676
P 52 67 1360540676
P 53 67 1360540676
P 54 67 1360540676
P 55 67 1360540676
P 56 67 1495806981
P 57 67 1495806981
P 58 67 1495806981
P 59 67 1495806981
P 60 67 1495806981
P 61 67 1495806981
P 62 67 1495806981
P 63 67 1495806981
P 64 67 1631073286
P 65 67 1631073286
P 66 67 1631073286
P 67 67 1631073286
P 68 67 1631073286
P 69 67 1631073286
P 70 67 1631073286
P 71 67 1631073286
P 72 67 1766339591
P 73 67 1766339591
P 74 67 1766339591
P 75 67 1766339591
P 76 67 1766339591
P 77 67 1766339591
P 78 67 1766339591
P 79 67 1766339591
P 80 67 1901605896
P 81 67 1901605896
P 82 67 1901605896
P 83 67 1901605896
P 84 67 1901605896
P 85 67 1901605896
P 86 67 1901605896
P 87 67 1901605896
P 88 67 2036872201
P 89 67 2036872201
P 90 67 2036872201
P 91 67 2036872201
P 92 67 2036872201
P 93 67 2036872201
P 94 67 2036872201
P 95 67 2036872201
P 96 67 2172138506
P 97 67 2172138506
P 98 67 2172138506
P 99 67 2172138506
P 100 67 2172138506
P 101 67 2172138506
P 102 67 2172138506
P 103 67 2172138506
P 104 67 2307404811
P 105 67 2307404811
P 106 67 2307404811
P 107 67 2307404811
P 108 67 2307404811
P 109 67 2307404811
P 110 67 2307404811
P 111 67 2307404811
P 112 67 2442671116
P 113 67 2442671116
P 114 67 2442671116
P 115 67 2442671116
P 116 67 2442671116
P 117 67 2442671116
P 118 67 2442671116
P 119 67 2442671116
P 120 67 2577937421
P 121 67 2577937421
P 122 67 2577937421
P 123 67 2577937421
P 124 67 2577937421
P 125 67 2577937421
P 126 67 2577937421
P 127 67 2577937421
P 128 67 2713203726
P 129 67 2713203726
P 130 67 2713203726
P 131 67 2713203726
P 132 67 2713203726
P 133 67 2713203726
P 134 67 2713203726
P 135 67 2713203726
P 136 67 2848470031
P 137 67 2848470031
P 138 67 2848470031
P 139 67 2848470031
P 140 67 2848470031
P 141 67 2848470031
P 142 67 2848470031
P 143 67 2848470031
P 144 67 2983736336
P 145 67 2983736336
P 146 67 2983736336
P 147 67 2983736336
P 148 67 2983736336
P 149 67 2983736336
P 150 67 2983736336
P 151 67 2983736336
P 152 67 3119002641
P 153 67 3119002641
P 154 67 3119002641
P 155 67 3119002641
P 156 67 3119002641
P 157 67 3119002641
P 158 67 3119002641
P 159 67 3119002641
P 160 67 3254268946
P 161 67 3254268946
P 162 67 3254268946
P 163 67 3254268946
P 164 67 3254268946
P 165 67 3254268946
P 166 67 3254268946
P 167 67 3254268946
P 40 68 1225274371
P 41 68 1225274371
P 42 68 1225274371
P 43 68 1225274371
P 44 68 1225274371
P 45 68 1225274371
P 46 68 1225274371
P 47 68 1225274371
P 48 68 1360540676
P 49 68 1360540676
P 50 68 1360540676
P 51 68 1360540676
P 52 68 1360540676
P 53 68 1360540676
P 54 68 1360540676
P 55 68 1360540676
P 56 68 1495806981
P 57 68 1495806981
P 58 68 1495806981
P 59 68 1495806981
P 60 68 1495806981
P 61 68 1495806981
P 62 68 1495806981
P 63 68 1495806981
P 64 68 1631073286
P 65 68 1631073286
P 66 68 1631073286
P 67 68 1631073286
P 68 68 1631073286
P 69 68 1631073286
P 70 68 1631073286
P 71 68 1631073286
P 72 68 1766339591
P 73 68 1766339591
P 74 68 1766339591
P 75 68 1766339591
P 76 68 1766339591
P 77 68 1766339591
P 78 68 1766339591
P 79 68 1766339591
P 80 68 1901605896
P 81 68 1901605896
P 82 68 1901605896
P 83 68 1901605896
P 84 68 1901605896
P 85 68 1901605896
P 86 68 1901605896
P 87 68 1901605896
P 88 68 2036872201
P 89 68 2036872201
P 90 68 2036872201
P 91 68 2036872201
P 92 68 2036872201
P 93 68 2036872201
P 94 68 2036872201
P 95 68 2036872201
P 96 68 2172138506
P 97 68 2172138506
P 98 68 2172138506
P 99 68 2172138506
P 100 68 2172138506
P 101 68 2172138506
P 102 68 2172138506
P 103 68 2172138506
P 104 68 2307404811
P 105 68 2307404811
P 106 68 2307404811
P 107 68 2307404811
P 108 68 2307404811
P 109 68 2307404811
P 110 68 2307404811
P 111 68 2307404811
P 112 68 2442671116
P 113 68 2442671116
P 114 68 2442671116
P 115 68 2442671116
P 116 68 2442671116
P 117 68 2442671116
P 118 68 2442671116
P 119 68 2442671116
P 120 68 2577937421
P 121 68 2577937421
P 122 68 2577937421
P 123 68 2577937421
P 124 68 2577937421
P 125 68 2577937421
P 126 68 2577937421
P 127 68 2577937421
P 128 68 2713203726
P 129 68 2713203726
P 130 68 2713203726
P 131 68 2713203726
P 132 68 2713203726
P 133 68 2713203726
P 134 68 2713203726
P 135 68 2713203726
P 136 68 2848470031
P 137 68 2848470031
P 138 68 2848470031
P 139 68 2848470031
P 140 68 2848470031
P 141 68 2848470031
P 142 68 2848470031
P 143 68 2848470031
P 144 68 2983736336
P 145 68 2983736336
P 146 68 2983736336
P 147 68 2983736336
P 148 68 2983736336
P 149 68 2983736336
P 150 68 2983736336
P 151 68 2983736336
P 152 68 3119002641
P 153 68 3119002641
P 154 68 3119002641
P 155 68 3119002641
P 156 68 3119002641
P 157 68 3119002641
P 158 68 3119002641
P 159 68 3119002641
P 160 68 3254268946
P 161 68 3254268946
P 162 68 3254268946
P 163 68 3254268946
P 164 68 3254268946
P 165 68 3254268946
P 166 68 3254268946
P 167 68 3254268946
P 40 69 1225274371
P 41 69 1225274371
P 42 69 1225274371
P 43 69 1225274371
P 44 69 1225274371
P 45 69 1225274371
P 46 69 1225274371
P 47 69 1225274371
P 48 69 1360540676
P 49 69 1360540676
P 50 69 1360540676
P 51 69 1360540676
P 52 69 1360540676
P 53 69 1360540676
P 54 69 1360540676
P 55 69 1360540676
P 56 69 1495806981
P 57 69 1495806981
P 58 69 1495806981
P 59 69 1495806981
P 60 69 1495806981
P 61 69 1495806981
P 62 69 1495806981
P 63 69 1495806981
P 64 69 1631073286
P 65 69 1631073286
P 66 69 1631073286
P 67 69 1631073286
P 68 69 1631073286
P 69 69 1631073286
P 70 69 1631073286
P 71 69 1631073286
P 72 69 1766339591
P 73 69 1766339591
P 74 69 1766339591
P 75 69 1766339591
P 76 69 1766339591
P 77 69 1766339591
P 78 69 1766339591
P 79 69 1766339591
P 80 69 1901605896
P 81 69 1901605896
P 82 69 1901605896
P 83 69 1901605896
P 84 69 1901605896
P 85 69 1901605896
P 86 69 1901605896
P 87 69 1901605896
P 88 69 2036872201
P 89 69 2036872201
P 90 69 2036872201
P 91 69 2036872201
P 92 69 2036872201
P 93 69 2036872201
P 94 69 2036872201
P 95 69 2036872201
P 96 69 2172138506
P 97 69 2172138506
P 98 69 2172138506
P 99 69 2172138506
P 100 69 2172138506
P 101 69 2172138506
P 102 69 2172138506
P 103 69 2172138506
P 104 69 2307404811
P 105 69 2307404811
P 106 69 2307404811
P 107 69 2307404811
P 108 69 2307404811
P 109 69 2307404811
P 110 69 2307404811
P 111 69 2307404811
P 112 69 2442671116
P 113 69 2442671116
P 114 69 2442671116
P 115 69 2442671116
P 116 69 2442671116
P 117 69 2442671116
P 118 69 2442671116
P 119 69 2442671116
P 120 69 2577937421
P 121 69 2577937421
P 122 69 2577937421
P 123 69 2577937421
P 124 69 2577937421
P 125 69 2577937421
P 126 69 2577937421
P 127 69 2577937421
P 128 69 2713203726
P 129 69 2713203726
P 130 69 2713203726
P 131 69 2713203726
P 132 69 2713203726
P 133 69 2713203726
P 134 69 2713203726
P 135 69 2713203726
P 136 69 2848470031
P 137 69 2848470031
P 138 69 2848470031
P 139 69 2848470031
P 140 69 2848470031
P 141 69 2848470031
P 142 69 2848470031
P 143 69 2848470031
P 144 69 2983736336
P 145 69 2983736336
P 146 69 2983736336
P 147 69 2983736336
P 148 69 2983736336
P 149 69 2983736336
P 150 69 2983736336
P 151 69 2983736336
P 152 69 3119002641
P 153 69 3119002641
P 154 69 3119002641
P 155 69 3119002641
P 156 69 3119002641
P 157 69 3119002641
P 158 69 3119002641
P 159 69 3119002641
P 160 69 3254268946
P 161 69 3254268946
P 162 69 3254268946
P 163 69 3254268946
P 164 69 3254268946
P 165 69 3254268946
P 166 69 3254268946
P 167 69 3254268946
P 40 70 1225274371
P 41 70 1225274371
P 42 70 1225274371
P 43 70 1225274371
P 44 70 1225274371
P 45 70 1225274371
P 46 70 1225274371
P 47 70 1225274371
P 48 70 1360540676
P 49 70 1360540676
P 50 70 1360540676
P 51 70 1360540676
P 52 70 1360540676
P 53 70 1360540676
P 54 70 1360540676
P 55 70 1360540676
P 56 70 1495806981
P 57 70 1495806981
P 58 70 1495806981
P 59 70 1495806981
P 60 70 1495806981
P 61 70 1495806981
P 62 70 1495806981
P 63 70 1495806981
P 64 70 1631073286
P 65 70 1631073286
P 66 70 1631073286
P 67 70 1631073286
P 68 70 1631073286
P 69 70 1631073286
P 70 70 1631073286
P 71 70 1631073286
P 72 70 1766339591
P 73 70 1766339591
P 74 70 1766339591
P 75 70 1766339591
P 76 70 1766339591
P 77 70 1766339591
P 78 70 1766339591
P 79 70 1766339591
P 80 70 1901605896
P 81 70 1901605896
P 82 70 1901605896
P 83 70 1901605896
P 84 70 1901605896
P 85 70 1901605896
P 86 70 1901605896
P 87 70 1901605896
P 88 70 2036872201
P 89 70 2036872201
P 90 70 2036872201
P 91 70 2036872201
P 92 70 2036872201
P 93 70 2036872201
P 94 70 2036872201
P 95 70 2036872201
P 96 70 2172138506
P 97 70 2172138506
P 98 70 2172138506
P 99 70 2172138506
P 100 70 2172138506
P 101 70 2172138506
P 102 70 2172138506
P 103 70 2172138506
P 104 70 2307404811
P 105 70 2307404811
P 106 70 2307404811
P 107 70 2307404811
P 108 70 2307404811
P 109 70 2307404811
P 110 70 2307404811
P 111 70 2307404811
P 112 70 2442671116
P 113 70 2442671116
P 114 70 2442671116
P 115 70 2442671116
P 116 70 2442671116
P 117 70 2442671116
P 118 70 2442671116
P 119 70 2442671116
P 120 70 2577937421
P 121 70 2577937421
P 122 70 2577937421
P 123 70 2577937421
P 124 70 2577937421
P 125 70 2577937421
P 126 70 2577937421
P 127 70 2577937421
P 128 70 2713203726
P 129 70 2713203726
P 130 70 2713203726
P 131 70 2713203726
P 132 70 2713203726
P 133 70 2713203726
P 134 70 2713203726
P 135 70 2713203726
P 136 70 2848470031
P 137 70 2848470031
P 138 70 2848470031
P 139 70 2848470031
P 140 70 2848470031
P 141 70 2848470031
P 142 70 2848470031
P 143 70 2848470031
P 144 70 2983736336
P 145 70 2983736336
P 146 70 2983736336
P 147 70 2983736336
P 148 70 2983736336
P 149 70 2983736336
P 150 70 2983736336
P 151 70 2983736336
P 152 70 3119002641
P 153 70 3119002641
P 154 70 3119002641
P 155 70 3119002641
P 156 70 3119002641
P 157 70 3119002641
P 158 70 3119002641
P 159 70 3119002641
P 160 70 3254268946
P 161 70 3254268946
P 162 70 3254268946
P 163 70 3254268946
P 164 70 3254268946
P 165 70 3254268946
P 166 70 3254268946
P 167 70 3254268946
P 40 71 1225274371
P 41 71 1225274371
P 42 71 1225274371
P 43 71 1225274371
P 44 71 1225274371
P 45 71 1225274371
P 46 71 1225274371
P 47 71 1225274371
P 48 71 1360540676
P 49 71 1360540676
P 50 71 1360540676
P 51 71 1360540676
P 52 71 1360540676
P 53 71 1360540676
P 54 71 1360540676
P 55 71 1360540676
P 56 71 1495806981
P 57 71 1495806981
P 58 71 1495806981
P 59 71 1495806981
P 60 71 1495806981
P 61 71 1495806981
P 62 71 1495806981
P 63 71 1495806981
P 64 71 1631073286
P 65 71 1631073286
P 66 71 1631073286
P 67 71 1631073286
P 68 71 1631073286
P 69 71 1631073286
P 70 71 1631073286
P 71 71 1631073286
P 72 71 1766339591
P 73 71 1766339591
P 74 71 1766339591
P 75 71 1766339591
P 76 71 1766339591
P 77 71 1766339591
P 78 71 1766339591
P 79 71 1766339591
P 80 71 1901605896
P 81 71 1901605896
P 82 71 1901605896
P 83 71 1901605896
P 84 71 1901605896
P 85 71 1901605896
P 86 71 1901605896
P 87 71 1901605896
P 88 71 2036872201
P 89 71 2036872201
P 90 71 2036872201
P 91 71 2036872201
P 92 71 2036872201
P 93 71 2036872201
P 94 71 2036872201
P 95 71 2036872201
P 96 71 2172138506
P 97 71 2172138506
P 98 71 2172138506
P 99 71 2172138506
P 100 71 2172138506
P 101 71 2172138506
P 102 71 2172138506
P 103 71 2172138506
P 104 71 2307404811
P 105 71 2307404811
P 106 71 2307404811
P 107 71 2307404811
P 108 71 2307404811
P 109 71 2307404811
P 110 71 2307404811
P 111 71 2307404811
P 112 71 2442671116
P 113 71 2442671116
P 114 71 2442671116
P 115 71 2442671116
P 116 71 2442671116
P 117 71 2442671116
P 118 71 2442671116
P 119 71 2442671116
P 120 71 2577937421
P 121 71 2577937421
P 122 71 2577937421
P 123 71 2577937421
P 124 71 2577937421
P 125 71 2577937421
P 126 71 2577937421
P 127 71 2577937421
P 128 71 2713203726
P 129 71 2713203726
P 130 71 2713203726
P 131 71 2713203726
P 132 71 2713203726
P 133 71 2713203726
P 134 71 2713203726
P 135 71 2713203726
P 136 71 2848470031
P 137 71 2848470031
P 138 71 2848470031
P 139 71 2848470031
P 140 71 2848470031
P 141 71 2848470031
P 142 71 2848470031
P 143 71 2848470031
P 144 71 2983736336
P 145 71 2983736336
P 146 71 2983736336
P 147 71 2983736336
P 148 71 2983736336
P 149 71 2983736336
P 150 71 2983736336
P 151 71 2983736336
P 152 71 3119002641
P 153 71 3119002641
P 154 71 3119002641
P 155 71 3119002641
P 156 71 3119002641
P 157 71 3119002641
P 158 71 3119002641
P 159 71 3119002641
P 160 71 3254268946
P 161 71 3254268946
P 162 71 3254268946
P 163 71 3254268946
P 164 71 3254268946
P 165 71 3254268946
P 166 71 3254268946
P 167 71 3254268946
P 40 72 1275610116
P 41 72 1275610116
P 42 72 1275610116
P 43 72 1275610116
P 44 72 1275610116
P 45 72 1275610116
P 46 72 1275610116
P 47 72 1275610116
P 48 72 1410876421
P 49 72 1410876421
P 50 72 1410876421
P 51 72 1410876421
P 52 72 1410876421
P 53 72 1410876421
P 54 72 1410876421
P 55 72 1410876421
P 56 72 1546142726
P 57 72 1546142726
P 58 72 1546142726
P 59 72 1546142726
P 60 72 1546142726
P 61 72 1546142726
P 62 72 1546142726
P 63 72 1546142726
P 64 72 1681409031
P 65 72 1681409031
P 66 72 1681409031
P 67 72 1681409031
P 68 72 1681409031
P 69 72 1681409031
P 70 72 1681409031
P 71 72 1681409031
P 72 72 1816675336
P 73 72 1816675336
P 74 72 1816675336
P 75 72 1816675336
P 76 72 1816675336
P 77 72 1816675336
P 78 72 1816675336
P 79 72 1816675336
P 80 72 1951941641
P 81 72 1951941641
P 82 72 1951941641
P 83 72 1951941641
P 84 72 1951941641
P 85 72 1951941641
P 86 72 1951941641
P 87 72 1951941641
P 88 72 2087207946
P 89 72 2087207946
P 90 72 2087207946
P 91 72 2087207946
P 92 72 2087207946
P 93 72 2087207946
P 94 72 2087207946
P 95 72 2087207946
P 96 72 2222474251
P 97 72 2222474251
P 98 72 2222474251
P 99 72 2222474251
P 100 72 2222474251
P 101 72 2222474251
P 102 72 2222474251
P 103 72 2222474251
P 104 72 2357740556
P 105 72 2357740556
P 106 72 2357740556
P 107 72 2357740556
P 108 72 2357740556
P 109 72 2357740556
P 110 72 2357740556
P 111 72 2357740556
P 112 72 2493006861
P 113 72 2493006861
P 114 72 2493006861
P 115 72 2493006861
P 116 72 2493006861
P 117 72 2493006861
P 118 72 2493006861
P 119 72 2493006861
P 120 72 2628273166
P 121 72 2628273166
P 122 72 2628273166
P 123 72 2628273166
P 124 72 2628273166
P 125 72 2628273166
P 126 72 2628273166
P 127 72 2628273166
P 128 72 2763539471
P 129 72 2763539471
P 130 72 2763539471
P 131 72 2763539471
P 132 72 2763539471
P 133 72 2763539471
P 134 72 2763539471
P 135 72 2763539471
P 136 72 2898805776
P 137 72 2898805776
P 138 72 2898805776
P 139 72 2898805776
P 140 72 2898805776
P 141 72 2898805776
P 142 72 2898805776
P 143 72 2898805776
P 144 72 3034072081
P 145 72 3034072081
P 146 72 3034072081
P 147 72 3034072081
P 148 72 3034072081
P 149 72 3034072081
P 150 72 3034072081
P 151 72 3034072081
P 152 72 3169338386
P 153 72 3169338386
P 154 72 3169338386
P 155 72 3169338386
P 156 72 3169338386
P 157 72 3169338386
P 158 72 3169338386
P 159 72 3169338386
P 160 72 3304604691
P 161 72 3304604691
P 162 72 3304604691
P 163 72 3304604691
P 164 72 3304604691
P 165 72 3304604691
P 166 72 3304604691
P 167 72 3304604691
P 40 73 1275610116
P 41 73 1275610116
P 42 73 1275610116
P 43 73 1275610116
P 44 73 1275610116
P 45 73 1275610116
P 46 73 1275610116
P 47 73 1275610116
P 48 73 1410876421
P 49 73 1410876421
P 50 73 1410876421
P 51 73 1410876421
P 52 73 1410876421
P 53 73 1410876421
P 54 73 1410876421
P 55 73 1410876421
P 56 73 1546142726
P 57 73 1546142726
P 58 73 1546142726
P 59 73 1546142726
P 60 73 1546142726
P 61 73 1546142726
P 62 73 1546142726
P 63 73 1546142726
P 64 73 1681409031
P 65 73 1681409031
P 66 73 1681409031
P 67 73 1681409031
P 68 73 1681409031
P 69 73 1681409031
P 70 73 1681409031
P 71 73 1681409031
P 72 73 1816675336
P 73 73 1816675336
P 74 73 1816675336
P 75 73 1816675336
P 76 73 1816675336
P 77 73 1816675336
P 78 73 1816675336
P 79 73 1816675336
P 80 73 1951941641
P 81 73 1951941641
P 82 73 1951941641
P 83 73 1951941641
P 84 73 1951941641
P 85 73 1951941641
P 86 73 1951941641
P 87 73 1951941641
P 88 73 2087207946
P 89 73 2087207946
P 90 73 2087207946
P 91 73 2087207946
P 92 73 2087207946
P 93 73 2087207946
P 94 73 2087207946
P 95 73 2087207946
P 96 73 2222474251
P 97 73 2222474251
P 98 73 2222474251
P 99 73 2222474251
P 100 73 2222474251
P 101 73 2222474251
P 102 73 2222474251
P 103 73 2222474251
P 104 73 2357740556
P 105 73 2357740556
P 106 73 2357740556
P 107 73 2357740556
P 108 73 2357740556
P 109 73 2357740556
P 110 73 2357740556
P 111 73 2357740556
P 112 73 2493006861
P 113 73 2493006861
P 114 73 2493006861
P 115 73 2493006861
P 116 73 2493006861
P 117 73 2493006861
P 118 73 2493006861
P 119 73 2493006861
P 120 73 2628273166
P 121 73 2628273166
P 122 73 2628273166
P 123 73 2628273166
P 124 73 2628273166
P 125 73 2628273166
P 126 73 2628273166
P 127 73 2628273166
P 128 73 2763539471
P 129 73 2763539471
P 130 73 2763539471
P 131 73 2763539471
P 132 73 2763539471
P 133 73 2763539471
P 134 73 2763539471
P 135 73 2763539471
P 136 73 2898805776
P 137 73 2898805776
P 138 73 2898805776
P 139 73 2898805776
P 140 73 2898805776
P 141 73 2898805776
P 142 73 2898805776
P 143 73 2898805776
P 144 73 3034072081
P 145 73 3034072081
P 146 73 3034072081
P 147 73 3034072081
P 148 73 3034072081
P 149 73 3034072081
P 150 73 3034072081
P 151 73 3034072081
P 152 73 3169338386
P 153 73 3169338386
P 154 73 3169338386
P 155 73 3169338386
P 156 73 3169338386
P 157 73 3169338386
P 158 73 3169338386
P 159 73 3169338386
P 160 73 3304604691
P 161 73 3304604691
P 162 73 3304604691
P 163 73 3304604691
P 164 73 3304604691
P 165 73 3304604691
P 166 73 3304604691
P 167 73 3304604691
P 40 74 1275610116
P 41 74 1275610116
P 42 74 1275610116
P 43 74 1275610116
P 44 74 1275610116
P 45 74 1275610116
P 46 74 1275610116
P 47 74 1275610116
P 48 74 1410876421
P 49 74 1410876421
P 50 74 1410876421
P 51 74 1410876421
P 52 74 1410876421
P 53 74 1410876421
P 54 74 1410876421
P 55 74 1410876421
P 56 74 1546142726
P 57 74 1546142726
P 58 74 1546142726
P 59 74 1546142726
P 60 74 1546142726
P 61 74 1546142726
P 62 74 1546142726
P 63 74 1546142726
P 64 74 1681409031
P 65 74 1681409031
P 66 74 1681409031
P 67 74 1681409031
P 68 74 1681409031
P 69 74 1681409031
P 70 74 1681409031
P 71 74 1681409031
P 72 74 1816675336
P 73 74 1816675336
P 74 74 1816675336
P 75 74 1816675336
P 76 74 1816675336
P 77 74 1816675336
P 78 74 1816675336
P 79 74 1816675336
P 80 74 1951941641
P 81 74 1951941641
P 82 74 1951941641
P 83 74 1951941641
P 84 74 1951941641
P 85 74 1951941641
P 86 74 1951941641
P 87 74 1951941641
P 88 74 2087207946
P 89 74 2087207946
P 90 74 2087207946
P 91 74 2087207946
P 92 74 2087207946
P 93 74 2087207946
P 94 74 2087207946
P 95 74 2087207946
P 96 74 2222474251
P 97 74 2222474251
P 98 74 2222474251
P 99 74 2222474251
P 100 74 2222474251
P 101 74 2222474251
P 102 74 2222474251
P 103 74 2222474251
P 104 74 2357740556
P 105 74 2357740556
P 106 74 2357740556
P 107 74 2357740556
P 108 74 2357740556
P 109 74 2357740556
P 110 74 2357740556
P 111 74 2357740556
P 112 74 2493006861
P 113 74 2493006861
P 114 74 2493006861
P 115 74 2493006861
P 116 74 2493006861
P 117 74 2493006861
P 118 74 2493006861
P 119 74 2493006861
P 120 74 2628273166
P 121 74 2628273166
P 122 74 2628273166
P 123 74 2628273166
P 124 74 2628273166
P 125 74 2628273166
P 126 74 2628273166
P 127 74 2628273166
P 128 74 2763539471
P 129 74 2763539471
P 130 74 2763539471
P 131 74 2763539471
P 132 74 2763539471
P 133 74 2763539471
P 134 74 2763539471
P 135 74 2763539471
P 136 74 2898805776
P 137 74 2898805776
P 138 74 2898805776
P 139 74 2898805776
P 140 74 2898805776
P 141 74 2898805776
P 142 74 2898805776
P 143 74 2898805776
P 144 74 3034072081
P 145 74 3034072081
P 146 74 3034072081
P 147 74 3034072081
P 148 74 3034072081
P 149 74 3034072081
P 150 74 3034072081
P 151 74 3034072081
P 152 74 3169338386
P 153 74 3169338386
P 154 74 3169338386
P 155 74 3169338386
P 156 74 3169338386
P 157 74 3169338386
P 158 74 3169338386
P 159 74 3169338386
P 160 74 3304604691
P 161 74 3304604691
P 162 74 3304604691
P 163 74 3304604691
P 164 74 3304604691
P 165 74 3304604691
P 166 74 3304604691
P 167 74 3304604691
P 40 75 1275610116
P 41 75 1275610116
P 42 75 1275610116
P 43 75 1275610116
P 44 75 1275610116
P 45 75 1275610116
P 46 75 1275610116
P 47 75 1275610116
P 48 75 1410876421
P 49 75 1410876421
P 50 75 1410876421
P 51 75 1410876421
P 52 75 1410876421
P 53 75 1410876421
P 54 75 1410876421
P 55 75 1410876421
P 56 75 1546142726
P 57 75 1546142726
P 58 75 1546142726
P 59 75 1546142726
P 60 75 1546142726
P 61 75 1546142726
P 62 75 1546142726
P 63 75 1546142726
P 64 75 1681409031
P 65 75 1681409031
P 66 75 1681409031
P 67 75 1681409031
P 68 75 1681409031
P 69 75 1681409031
P 70 75 1681409031
P 71 75 1681409031
P 72 75 1816675336
P 73 75 1816675336
P 74 75 1816675336
P 75 75 1816675336
P 76 75 1816675336
P 77 75 1816675336
P 78 75 1816675336
P 79 75 1816675336
P 80 75 1951941641
P 81 75 1951941641
P 82 75 1951941641
P 83 75 1951941641
P 84 75 1951941641
P 85 75 1951941641
P 86 75 1951941641
P 87 75 1951941641
P 88 75 2087207946
P 89 75 2087207946
P 90 75 2087207946
P 91 75 2087207946
P 92 75 2087207946
P 93 75 2087207946
P 94 75 2087207946
P 95 75 2087207946
P 96 75 2222474251
P 97 75 2222474251
P 98 75 2222474251
P 99 75 2222474251
P 100 75 2222474251
P 101 75 2222474251
P 102 75 2222474251
P 103 75 2222474251
P 104 75 2357740556
P 105 75 2357740556
P 106 75 2357740556
P 107 75 2357740556
P 108 75 2357740556
P 109 75 2357740556
P 110 75 2357740556
P 111 75 2357740556
P 112 75 2493006861
P 113 75 2493006861
P 114 75 2493006861
P 115 75 2493006861
P 116 75 2493006861
P 117 75 2493006861
P 118 75 2493006861
P 119 75 2493006861
P 120 75 2628273166
P 121 75 2628273166
P 122 75 2628273166
P 123 75 2628273166
P 124 75 2628273166
P 125 75 2628273166
P 126 75 2628273166
P 127 75 2628273166
P 128 75 2763539471
P 129 75 2763539471
P 130 75 2763539471
P 131 75 2763539471
P 132 75 2763539471
P 133 75 2763539471
P 134 75 2763539471
P 135 75 2763539471
P 136 75 2898805776
P 137 75 2898805776
P 138 75 2898805776
P 139 75 2898805776
P 140 75 2898805776
P 141 75 2898805776
P 142 75 2898805776
P 143 75 2898805776
P 144 75 3034072081
P 145 75 3034072081
P 146 75 3034072081
P 147 75 3034072081
P 148 75 3034072081
P 149 75 3034072081
P 150 75 3034072081
P 151 75 3034072081
P 152 75 3169338386
P 153 75 3169338386
P 154 75 3169338386
P 155 75 3169338386
P 156 75 3169338386
P 157 75 3169338386
P 158 75 3169338386
P 159 75 3169338386
P 160 75 3304604691
P 161 75 3304604691
P 162 75 3304604691
P 163 75 3304604691
P 164 75 3304604691
P 165 75 3304604691
P 166 75 3304604691
P 167 75 3304604691
P 40 76 1275610116
P 41 76 1275610116
P 42 76 1275610116
P 43 76 1275610116
P 44 76 1275610116
P 45 76 1275610116
P 46 76 1275610116
P 47 76 1275610116
P 48 76 1410876421
P 49 76 1410876421
P 50 76 1410876421
P 51 76 1410876421
P 52 76 1410876421
P 53 76 1410876421
P 54 76 1410876421
P 55 76 1410876421
P 56 76 1546142726
P 57 76 1546142726
P 58 76 1546142726
P 59 76 1546142726
P 60 76 1546142726
P 61 76 1546142726
P 62 76 1546142726
P 63 76 1546142726
P 64 76 1681409031
P 65 76 1681409031
P 66 76 1681409031
P 67 76 1681409031
P 68 76 1681409031
P 69 76 1681409031
P 70 76 1681409031
P 71 76 1681409031
P 72 76 1816675336
P 73 76 1816675336
P 74 76 1816675336
P 75 76 1816675336
P 76 76 1816675336
P 77 76 1816675336
P 78 76 1816675336
P 79 76 1816675336
P 80 76 1951941641
P 81 76 1951941641
P 82 76 1951941641
P 83 76 1951941641
P 84 76 1951941641
P 85 76 1951941641
P 86 76 1951941641
P 87 76 1951941641
P 88 76 2087207946
P 89 76 2087207946
P 90 76 2087207946
P 91 76 2087207946
P 92 76 2087207946
P 93 76 2087207946
P 94 76 2087207946
P 95 76 2087207946
P 96 76 2222474251
P 97 76 2222474251
P 98 76 2222474251
P 99 76 2222474251
P 100 76 2222474251
P 101 76 2222474251
P 102 76 2222474251
P 103 76 2222474251
P 104 76 2357740556
P 105 76 2357740556
P 106 76 2357740556
P 107 76 2357740556
P 108 76 2357740556
P 109 76 2357740556
P 110 76 2357740556
P 111 76 2357740556
P 112 76 2493006861
P 113 76 2493006861
P 114 76 2493006861
P 115 76 2493006861
P 116 76 2493006861
P 117 76 2493006861
P 118 76 2493006861
P 119 76 2493006861
P 120 76 2628273166
P 121 76 2628273166
P 122 76 2628273166
P 123 76 2628273166
P 124 76 2628273166
P 125 76 2628273166
P 126 76 2628273166
P 127 76 2628273166
P 128 76 2763539471
P 129 76 2763539471
P 130 76 2763539471
P 131 76 2763539471
P 132 76 2763539471
P 133 76 2763539471
P 134 76 2763539471
P 135 76 2763539471
P 136 76 2898805776
P 137 76 2898805776
P 138 76 2898805776
P 139 76 2898805776
P 140 76 2898805776
P 141 76 2898805776
P 142 76 2898805776
P 143 76 2898805776
P 144 76 3034072081
P 145 76 3034072081
P 146 76 3034072081
P 147 76 3034072081
P 148 76 3034072081
P 149 76 3034072081
P 150 76 3034072081
P 151 76 3034072081
P 152 76 3169338386
P 153 76 3169338386
P 154 76 3169338386
P 155 76 3169338386
P 156 76 3169338386
P 157 76 3169338386
P 158 76 3169338386
P 159 76 3169338386
P 160 76 3304604691
P 161 76 3304604691
P 162 76 3304604691
P 163 76 3304604691
P 164 76 3304604691
P 165 76 3304604691
P 166 76 3304604691
P 167 76 3304604691
P 40 77 1275610116
P 41 77 1275610116
P 42 77 1275610116
P 43 77 1275610116
P 44 77 1275610116
P 45 77 1275610116
P 46 77 1275610116
P 47 77 1275610116
P 48 77 1410876421
P 49 77 1410876421
P 50 77 1410876421
P 51 77 1410876421
P 52 77 1410876421
P 53 77 1410876421
P 54 77 1410876421
P 55 77 1410876421
P 56 77 1546142726
P 57 77 1546142726
P 58 77 1546142726
P 59 77 1546142726
P 60 77 1546142726
P 61 77 1546142726
P 62 77 1546142726
P 63 77 1546142726
P 64 77 1681409031
P 65 77 1681409031
P 66 77 1681409031
P 67 77 1681409031
P 68 77 1681409031
P 69 77 1681409031
P 70 77 1681409031
P 71 77 1681409031
P 72 77 1816675336
P 73 77 1816675336
P 74 77 1816675336
P 75 77 1816675336
P 76 77 1816675336
P 77 77 1816675336
P 78 77 1816675336
P 79 77 1816675336
P 80 77 1951941641
P 81 77 1951941641
P 82 77 1951941641
P 83 77 1951941641
P 84 77 1951941641
P 85 77 1951941641
P 86 77 1951941641
P 87 77 1951941641
P 88 77 2087207946
P 89 77 2087207946
P 90 77 2087207946
P 91 77 2087207946
P 92 77 2087207946
P 93 77 2087207946
P 94 77 2087207946
P 95 77 2087207946
P 96 77 2222474251
P 97 77 2222474251
P 98 77 2222474251
P 99 77 2222474251
P 100 77 2222474251
P 101 77 2222474251
P 102 77 2222474251
P 103 77 2222474251
P 104 77 2357740556
P 105 77 2357740556
P 106 77 2357740556
P 107 77 2357740556
P 108 77 2357740556
P 109 77 2357740556
P 110 77 2357740556
P 111 77 2357740556
P 112 77 2493006861
P 113 77 2493006861
P 114 77 2493006861
P 115 77 2493006861
P 116 77 2493006861
P 117 77 2493006861
P 118 77 2493006861
P 119 77 2493006861
P 120 77 2628273166
P 121 77 2628273166
P 122 77 2628273166
P 123 77 2628273166
P 124 77 2628273166
P 125 77 2628273166
P 126 77 2628273166
P 127 77 2628273166
P 128 77 2763539471
P 129 77 2763539471
P 130 77 2763539471
P 131 77 2763539471
P 132 77 2763539471
P 133 77 2763539471
P 134 77 2763539471
P 135 77 2763539471
P 136 77 2898805776
P 137 77 2898805776
P 138 77 2898805776
P 139 77 2898805776
P 140 77 2898805776
P 141 77 2898805776
P 142 77 2898805776
P 143 77 2898805776
P 144 77 3034072081
P 145 77 3034072081
P 146 77 3034072081
P 147 77 3034072081
P 148 77 3034072081
P 149 77 3034072081
P 150 77 3034072081
P 151 77 3034072081
P 152 77 3169338386
P 153 77 3169338386
P 154 77 3169338386
P 155 77 3169338386
P 156 77 3169338386
P 157 77 3169338386
P 158 77 3169338386
P 159 77 3169338386
P 160 77 3304604691
P 161 77 3304604691
P 162 77 3304604691
P 163 77 3304604691
P 164 77 3304604691
P 165 77 3304604691
P 166 77 3304604691
P 167 77 3304604691
P 40 78 1275610116
P 41 78 1275610116
P 42 78 1275610116
P 43 78 1275610116
P 44 78 1275610116
P 45 78 1275610116
P 46 78 1275610116
P 47 78 1275610116
P 48 78 1410876421
P 49 78 1410876421
P 50 78 1410876421
P 51 78 1410876421
P 52 78 1410876421
P 53 78 1410876421
P 54 78 1410876421
P 55 78 1410876421
P 56 78 1546142726
P 57 78 1546142726
P 58 78 1546142726
P 59 78 1546142726
P 60 78 1546142726
P 61 78 1546142726
P 62 78 1546142726
P 63 78 1546142726
P 64 78 1681409031
P 65 78 1681409031
P 66 78 1681409031
P 67 78 1681409031
P 68 78 1681409031
P 69 78 1681409031
P 70 78 1681409031
P 71 78 1681409031
P 72 78 1816675336
P 73 78 1816675336
P 74 78 1816675336
P 75 78 1816675336
P 76 78 1816675336
P 77 78 1816675336
P 78 78 1816675336
P 79 78 1816675336
P 80 78 1951941641
P 81 78 1951941641
P 82 78 1951941641
P 83 78 1951941641
P 84 78 1951941641
P 85 78 1951941641
P 86 78 1951941641
P 87 78 1951941641
P 88 78 2087207946
P 89 78 2087207946
P 90 78 2087207946
P 91 78 2087207946
P 92 78 2087207946
P 93 78 2087207946
P 94 78 2087207946
P 95 78 2087207946
P 96 78 2222474251
P 97 78 2222474251
P 98 78 2222474251
P 99 78 2222474251
P 100 78 2222474251
P 101 78 2222474251
P 102 78 2222474251
P 103 78 2222474251
P 104 78 2357740556
P 105 78 2357740556
P 106 78 2357740556
P 107 78 2357740556
P 108 78 2357740556
P 109 78 2357740556
P 110 78 2357740556
P 111 78 2357740556
P 112 78 2493006861
P 113 78 2493006861
P 114 78 2493006861
P 115 78 2493006861
P 116 78 2493006861
P 117 78 2493006861
P 118 78 2493006861
P 119 78 2493006861
P 120 78 2628273166
P 121 78 2628273166
P 122 78 2628273166
P 123 78 2628273166
P 124 78 2628273166
P 125 78 2628273166
P 126 78 2628273166
P 127 78 2628273166
P 128 78 2763539471
P 129 78 2763539471
P 130 78 2763539471
P 131 78 2763539471
P 132 78 2763539471
P 133 78 2763539471
P 134 78 2763539471
P 135 78 2763539471
P 136 78 2898805776
P 137 78 2898805776
P 138 78 2898805776
P 139 78 2898805776
P 140 78 2898805776
P 141 78 2898805776
P 142 78 2898805776
P 143 78 2898805776
P 144 78 3034072081
P 145 78 3034072081
P 146 78 3034072081
P 147 78 3034072081
P 148 78 3034072081
P 149 78 3034072081
P 150 78 3034072081
P 151 78 3034072081
P 152 78 3169338386
P 153 78 3169338386
P 154 78 3169338386
P 155 78 3169338386
P 156 78 3169338386
P 157 78 3169338386
P 158 78 3169338386
P 159 78 3169338386
P 160 78 3304604691
P 161 78 3304604691
P 162 78 3304604691
P 163 78 3304604691
P 164 78 3304604691
P 165 78 3304604691
P 166 78 3304604691
P 167 78 3304604691
P 40 79 1275610116
P 41 79 1275610116
P 42 79 1275610116
P 43 79 1275610116
P 44 79 1275610116
P 45 79 1275610116
P 46 79 1275610116
P 47 79 1275610116
P 48 79 1410876421
P 49 79 1410876421
P 50 79 1410876421
P 51 79 1410876421
P 52 79 1410876421
P 53 79 1410876421
P 54 79 1410876421
P 55 79 1410876421
P 56 79 1546142726
P 57 79 1546142726
P 58 79 1546142726
P 59 79 1546142726
P 60 79 1546142726
P 61 79 1546142726
P 62 79 1546142726
P 63 79 1546142726
P 64 79 1681409031
P 65 79 1681409031
P 66 79 1681409031
P 67 79 1681409031
P 68 79 1681409031
P 69 79 1681409031
P 70 79 1681409031
P 71 79 1681409031
P 72 79 1816675336
P 73 79 1816675336
P 74 79 1816675336
P 75 79 1816675336
P 76 79 1816675336
P 77 79 1816675336
P 78 79 1816675336
P 79 79 1816675336
P 80 79 1951941641
P 81 79 1951941641
P 82 79 1951941641
P 83 79 1951941641
P 84 79 1951941641
P 85 79 1951941641
P 86 79 1951941641
P 87 79 1951941641
P 88 79 2087207946
P 89 79 2087207946
P 90 79 2087207946
P 91 79 2087207946
P 92 79 2087207946
P 93 79 2087207946
P 94 79 2087207946
P 95 79 2087207946
P 96 79 2222474251
P 97 79 2222474251
P 98 79 2222474251
P 99 79 2222474251
P 100 79 2222474251
P 101 79 2222474251
P 102 79 2222474251
P 103 79 2222474251
P 104 79 2357740556
P 105 79 2357740556
P 106 79 2357740556
P 107 79 2357740556
P 108 79 2357740556
P 109 79 2357740556
P 110 79 2357740556
P 111 79 2357740556
P 112 79 2493006861
P 113 79 2493006861
P 114 79 2493006861
P 115 79 2493006861
P 116 79 2493006861
P 117 79 2493006861
P 118 79 2493006861
P 119 79 2493006861
P 120 79 2628273166
P 121 79 2628273166
P 122 79 2628273166
P 123 79 2628273166
P 124 79 2628273166
P 125 79 2628273166
P 126 79 2628273166
P 127 79 2628273166
P 128 79 2763539471
P 129 79 2763539471
P 130 79 2763539471
P 131 79 2763539471
P 132 79 2763539471
P 133 79 2763539471
P 134 79 2763539471
P 135 79 2763539471
P 136 79 2898805776
P 137 79 2898805776
P 138 79 2898805776
P 139 79 2898805776
P 140 79 2898805776
P 141 79 2898805776
P 142 79 2898805776
P 143 79 2898805776
P 144 79 3034072081
P 145 79 3034072081
P 146 79 3034072081
P 147 79 3034072081
P 148 79 3034072081
P 149 79 3034072081
P 150 79 3034072081
P 151 79 3034072081
P 152 79 3169338386
P 153 79 3169338386
P 154 79 3169338386
P 155 79 3169338386
P 156 79 3169338386
P 157 79 3169338386
P 158 79 3169338386
P 159 79 3169338386
P 160 79 3304604691
P 161 79 3304604691
P 162 79 3304604691
P 163 79 3304604691
P 164 79 3304604691
P 165 79 3304604691
P 166 79 3304604691
P 167 79 3304604691
P 40 80 1325945861
P 41 80 1325945861
P 42 80 1325945861
P 43 80 1325945861
P 44 80 1325945861
P 45 80 1325945861
P 46 80 1325945861
P 47 80 1325945861
P 48 80 1461212166
P 49 80 1461212166
P 50 80 1461212166
P 51 80 1461212166
P 52 80 1461212166
P 53 80 1461212166
P 54 80 1461212166
P 55 80 1461212166
P 56 80 1596478471
P 57 80 1596478471
P 58 80 1596478471
P 59 80 1596478471
P 60 80 1596478471
P 61 80 1596478471
P 62 80 1596478471
P 63 80 1596478471
P 64 80 1731744776
P 65 80 1731744776
P 66 80 1731744776
P 67 80 1731744776
P 68 80 1731744776
P 69 80 1731744776
P 70 80 1731744776
P 71 80 1731744776
P 72 80 1867011081
P 73 80 1867011081
P 74 80 1867011081
P 75 80 1867011081
P 76 80 1867011081
P 77 80 1867011081
P 78 80 1867011081
P 79 80 1867011081
P 80 80 2002277386
P 81 80 2002277386
P 82 80 2002277386
P 83 80 2002277386
P 84 80 2002277386
P 85 80 2002277386
P 86 80 2002277386
P 87 80 2002277386
P 88 80 2137543691
P 89 80 2137543691
P 90 80 2137543691
P 91 80 2137543691
P 92 80 2137543691
P 93 80 2137543691
P 94 80 2137543691
P 95 80 2137543691
P 96 80 2272809996
P 97 80 2272809996
P 98 80 2272809996
P 99 80 2272809996
P 100 80 2272809996
P 101 80 2272809996
P 102 80 2272809996
P 103 80 2272809996
P 104 80 2408076301
P 105 80 2408076301
P 106 80 2408076301
P 107 80 2408076301
P 108 80 2408076301
P 109 80 2408076301
P 110 80 2408076301
P 111 80 2408076301
P 112 80 2543342606
P 113 80 2543342606
P 114 80 2543342606
P 115 80 2543342606
P 116 80 2543342606
P 117 80 2543342606
P 118 80 2543342606
P 119 80 2543342606
P 120 80 2678608911
P 121 80 2678608911
P 122 80 2678608911
P 123 80 2678608911
P 124 80 2678608911
P 125 80 2678608911
P 126 80 2678608911
P 127 80 2678608911
P 128 80 2813875216
P 129 80 2813875216
P 130 80 2813875216
P 131 80 2813875216
P 132 80 2813875216
P 133 80 2813875216
P 134 80 2813875216
P 135 80 2813875216
P 136 80 2949141521
P 137 80 2949141521
P 138 80 2949141521
P 139 80 2949141521
P 140 80 2949141521
P 141 80 2949141521
P 142 80 2949141521
P 143 80 2949141521
P 144 80 3084407826
P 145 80 3084407826
P 146 80 3084407826
P 147 80 3084407826
P 148 80 3084407826
P 149 80 3084407826
P 150 80 3084407826
P 151 80 3084407826
P 152 80 3219674131
P 153 80 3219674131
P 154 80 3219674131
P 155 80 3219674131
P 156 80 3219674131
P 157 80 3219674131
P 158 80 3219674131
P 159 80 3219674131
P 160 80 3354940436
P 161 80 3354940436
P 162 80 3354940436
P 163 80 3354940436
P 164 80 3354940436
P 165 80 3354940436
P 166 80 3354940436
P 167 80 3354940436
P 40 81 1325945861
P 41 81 1325945861
P 42 81 1325945861
P 43 81 1325945861
P 44 81 1325945861
P 45 81 1325945861
P 46 81 1325945861
P 47 81 1325945861
P 48 81 1461212166
P 49 81 1461212166
P 50 81 1461212166
P 51 81 1461212166
P 52 81 1461212166
P 53 81 1461212166
P 54 81 1461212166
P 55 81 1461212166
P 56 81 1596478471
P 57 81 1596478471
P 58 81 1596478471
P 59 81 1596478471
P 60 81 1596478471
P 61 81 1596478471
P 62 81 1596478471
P 63 81 1596478471
P 64 81 1731744776
P 65 81 1731744776
P 66 81 1731744776
P 67 81 1731744776
P 68 81 1731744776
P 69 81 1731744776
P 70 81 1731744776
P 71 81 1731744776
P 72 81 1867011081
P 73 81 1867011081
P 74 81 1867011081
P 75 81 1867011081
P 76 81 1867011081
P 77 81 1867011081
P 78 81 1867011081
P 79 81 1867011081
P 80 81 2002277386
P 81 81 2002277386
P 82 81 2002277386
P 83 81 2002277386
P 84 81 2002277386
P 85 81 2002277386
P 86 81 2002277386
P 87 81 2002277386
P 88 81 2137543691
P 89 81 2137543691
P 90 81 2137543691
P 91 81 2137543691
P 92 81 2137543691
P 93 81 2137543691
P 94 81 2137543691
P 95 81 2137543691
P 96 81 2272809996
P 97 81 2272809996
P 98 81 2272809996
P 99 81 2272809996
P 100 81 2272809996
P 101 81 2272809996
P 102 81 2272809996
P 103 81 2272809996
P 104 81 2408076301
P 105 81 2408076301
P 106 81 2408076301
P 107 81 2408076301
P 108 81 2408076301
P 109 81 2408076301
P 110 81 2408076301
P 111 81 2408076301
P 112 81 2543342606
P 113 81 2543342606
P 114 81 2543342606
P 115 81 2543342606
P 116 81 2543342606
P 117 81 2543342606
P 118 81 2543342606
P 119 81 2543342606
P 120 81 2678608911
P 121 81 2678608911
P 122 81 2678608911
P 123 81 2678608911
P 124 81 2678608911
P 125 81 2678608911
P 126 81 2678608911
P 127 81 2678608911
P 128 81 2813875216
P 129 81 2813875216
P 130 81 2813875216
P 131 81 2813875216
P 132 81 2813875216
P 133 81 2813875216
P 134 81 2813875216
P 135 81 2813875216
P 136 81 2949141521
P 137 81 2949141521
P 138 81 2949141521
P 139 81 2949141521
P 140 81 2949141521
P 141 81 2949141521
P 142 81 2949141521
P 143 81 2949141521
P 144 81 3084407826
P 145 81 3084407826
P 146 81 3084407826
P 147 81 3084407826
P 148 81 3084407826
P 149 81 3084407826
P 150 81 3084407826
P 151 81 3084407826
P 152 81 3219674131
P 153 81 3219674131
P 154 81 3219674131
P 155 81 3219674131
P 156 81 3219674131
P 157 81 3219674131
P 158 81 3219674131
P 159 81 3219674131
P 160 81 3354940436
P 161 81 3354940436
P 162 81 3354940436
P 163 81 3354940436
P 164 81 3354940436
P 165 81 3354940436
P 166 81 3354940436
P 167 81 3354940436
P 40 82 1325945861
P 41 82 1325945861
P 42 82 1325945861
P 43 82 1325945861
P 44 82 1325945861
P 45 82 1325945861
P 46 82 1325945861
P 47 82 1325945861
P 48 82 1461212166
P 49 82 1461212166
P 50 82 1461212166
P 51 82 1461212166
P 52 82 1461212166
P 53 82 1461212166
P 54 82 1461212166
P 55 82 1461212166
P 56 82 1596478471
P 57 82 1596478471
P 58 82 1596478471
P 59 82 1596478471
P 60 82 1596478471
P 61 82 1596478471
P 62 82 1596478471
P 63 82 1596478471
P 64 82 1731744776
P 65 82 1731744776
P 66 82 1731744776
P 67 82 1731744776
P 68 82 1731744776
P 69 82 1731744776
P 70 82 1731744776
P 71 82 1731744776
P 72 82 1867011081
P 73 82 1867011081
P 74 82 1867011081
P 75 82 1867011081
P 76 82 1867011081
P 77 82 1867011081
P 78 82 1867011081
P 79 82 1867011081
P 80 82 2002277386
P 81 82 2002277386
P 82 82 2002277386
P 83 82 2002277386
P 84 82 2002277386
P 85 82 2002277386
P 86 82 2002277386
P 87 82 2002277386
P 88 82 2137543691
P 89 82 2137543691
P 90 82 2137543691
P 91 82 2137543691
P 92 82 2137543691
P 93 82 2137543691
P 94 82 2137543691
P 95 82 2137543691
P 96 82 2272809996
P 97 82 2272809996
P 98 82 2272809996
P 99 82 2272809996
P 100 82 2272809996
P 101 82 2272809996
P 102 82 2272809996
P 103 82 2272809996
P 104 82 2408076301
P 105 82 2408076301
P 106 82 2408076301
P 107 82 2408076301
P 108 82 2408076301
P 109 82 2408076301
P 110 82 2408076301
P 111 82 2408076301
P 112 82 2543342606
P 113 82 2543342606
P 114 82 2543342606
P 115 82 2543342606
P 116 82 2543342606
P 117 82 2543342606
P 118 82 2543342606
P 119 82 2543342606
P 120 82 2678608911
P 121 82 2678608911
P 122 82 2678608911
P 123 82 2678608911
P 124 82 2678608911
P 125 82 2678608911
P 126 82 2678608911
P 127 82 2678608911
P 128 82 2813875216
P 129 82 2813875216
P 130 82 2813875216
P 131 82 2813875216
P 132 82 2813875216
P 133 82 2813875216
P 134 82 2813875216
P 135 82 2813875216
P 136 82 2949141521
P 137 82 2949141521
P 138 82 2949141521
P 139 82 2949141521
P 140 82 2949141521
P 141 82 2949141521
P 142 82 2949141521
P 143 82 2949141521
P 144 82 3084407826
P 145 82 3084407826
P 146 82 3084407826
P 147 82 3084407826
P 148 82 3084407826
P 149 82 3084407826
P 150 82 3084407826
P 151 82 3084407826
P 152 82 3219674131
P 153 82 3219674131
P 154 82 3219674131
P 155 82 3219674131
P 156 82 3219674131
P 157 82 3219674131
P 158 82 3219674131
P 159 82 3219674131
P 160 82 3354940436
P 161 82 3354940436
P 162 82 3354940436
P 163 82 3354940436
P 164 82 3354940436
P 165 82 3354940436
P 166 82 3354940436
P 167 82 3354940436
P 40 83 1325945861
P 41 83 1325945861
P 42 83 1325945861
P 43 83 1325945861
P 44 83 1325945861
P 45 83 1325945861
P 46 83 1325945861
P 47 83 1325945861
P 48 83 1461212166
P 49 83 1461212166
P 50 83 1461212166
P 51 83 1461212166
P 52 83 1461212166
P 53 83 1461212166
P 54 83 1461212166
P 55 83 1461212166
P 56 83 1596478471
P 57 83 1596478471
P 58 83 1596478471
P 59 83 1596478471
P 60 83 1596478471
P 61 83 1596478471
P 62 83 1596478471
P 63 83 1596478471
P 64 83 1731744776
P 65 83 1731744776
P 66 83 1731744776
P 67 83 1731744776
P 68 83 1731744776
P 69 83 1731744776
P 70 83 1731744776
P 71 83 1731744776
P 72 83 1867011081
P 73 83 1867011081
P 74 83 1867011081
P 75 83 1867011081
P 76 83 1867011081
P 77 83 1867011081
P 78 83 1867011081
P 79 83 1867011081
P 80 83 2002277386
P 81 83 2002277386
P 82 83 2002277386
P 83 83 2002277386
P 84 83 2002277386
P 85 83 2002277386
P 86 83 2002277386
P 87 83 2002277386
P 88 83 2137543691
P 89 83 2137543691
P 90 83 2137543691
P 91 83 2137543691
P 92 83 2137543691
P 93 83 2137543691
P 94 83 2137543691
P 95 83 2137543691
P 96 83 2272809996
P 97 83 2272809996
P 98 83 2272809996
P 99 83 2272809996
P 100 83 2272809996
P 101 83 2272809996
P 102 83 2272809996
P 103 83 2272809996
P 104 83 2408076301
P 105 83 2408076301
P 106 83 2408076301
P 107 83 2408076301
P 108 83 2408076301
P 109 83 2408076301
P 110 83 2408076301
P 111 83 2408076301
P 112 83 2543342606
P 113 83 2543342606
P 114 83 2543342606
P 115 83 2543342606
P 116 83 2543342606
P 117 83 2543342606
P 118 83 2543342606
P 119 83 2543342606
P 120 83 2678608911
P 121 83 2678608911
P 122 83 2678608911
P 123 83 2678608911
P 124 83 2678608911
P 125 83 2678608911
P 126 83 2678608911
P 127 83 2678608911
P 128 83 2813875216
P 129 83 2813875216
P 130 83 2813875216
P 131 83 2813875216
P 132 83 2813875216
P 133 83 2813875216
P 134 83 2813875216
P 135 83 2813875216
P 136 83 2949141521
P 137 83 2949141521
P 138 83 2949141521
P 139 83 2949141521
P 140 83 2949141521
P 141 83 2949141521
P 142 83 2949141521
P 143 83 2949141521
P 144 83 3084407826
P 145 83 3084407826
P 146 83 3084407826
P 147 83 3084407826
P 148 83 3084407826
P 149 83 3084407826
P 150 83 3084407826
P 151 83 3084407826
P 152 83 3219674131
P 153 83 3219674131
P 154 83 3219674131
P 155 83 3219674131
P 156 83 3219674131
P 157 83 3219674131
P 158 83 3219674131
P 159 83 3219674131
P 160 83 3354940436
P 161 83 3354940436
P 162 83 3354940436
P 163 83 3354940436
P 164 83 3354940436
P 165 83 3354940436
P 166 83 3354940436
P 167 83 3354940436
P 40 84 1325945861
P 41 84 1325945861
P 42 84 1325945861
P 43 84 1325945861
P 44 84 1325945861
P 45 84 1325945861
P 46 84 1325945861
P 47 84 1325945861
P 48 84 1461212166
P 49 84 1461212166
P 50 84 1461212166
P 51 84 1461212166
P 52 84 1461212166
P 53 84 1461212166
P 54 84 1461212166
P 55 84 1461212166
P 56 84 1596478471
P 57 84 1596478471
P 58 84 1596478471
P 59 84 1596478471
P 60 84 1596478471
P 61 84 1596478471
P 62 84 1596478471
P 63 84 1596478471
P 64 84 1731744776
P 65 84 1731744776
P 66 84 1731744776
P 67 84 1731744776
P 68 84 1731744776
P 69 84 1731744776
P 70 84 1731744776
P 71 84 1731744776
P 72 84 1867011081
P 73 84 1867011081
P 74 84 1867011081
P 75 84 1867011081
P 76 84 1867011081
P 77 84 1867011081
P 78 84 1867011081
P 79 84 1867011081
P 80 84 2002277386
P 81 84 2002277386
P 82 84 2002277386
P 83 84 2002277386
P 84 84 2002277386
P 85 84 2002277386
P 86 84 2002277386
P 87 84 2002277386
P 88 84 2137543691
P 89 84 2137543691
P 90 84 2137543691
P 91 84 2137543691
P 92 84 2137543691
P 93 84 2137543691
P 94 84 2137543691
P 95 84 2137543691
P 96 84 2272809996
P 97 84 2272809996
P 98 84 2272809996
P 99 84 2272809996
P 100 84 2272809996
P 101 84 2272809996
P 102 84 2272809996
P 103 84 2272809996
P 104 84 2408076301
P 105 84 2408076301
P 106 84 2408076301
P 107 84 2408076301
P 108 84 2408076301
P 109 84 2408076301
P 110 84 2408076301
P 111 84 2408076301
P 112 84 2543342606
P 113 84 2543342606
P 114 84 2543342606
P 115 84 2543342606
P 116 84 2543342606
P 117 84 2543342606
P 118 84 2543342606
P 119 84 2543342606
P 120 84 2678608911
P 121 84 2678608911
P 122 84 2678608911
P 123 84 2678608911
P 124 84 2678608911
P 125 84 2678608911
P 126 84 2678608911
P 127 84 2678608911
P 128 84 2813875216
P 129 84 2813875216
P 130 84 2813875216
P 131 84 2813875216
P 132 84 2813875216
P 133 84 2813875216
P 134 84 2813875216
P 135 84 2813875216
P 136 84 2949141521
P 137 84 2949141521
P 138 84 2949141521
P 139 84 2949141521
P 140 84 2949141521
P 141 84 2949141521
P 142 84 2949141521
P 143 84 2949141521
P 144 84 3084407826
P 145 84 3084407826
P 146 84 3084407826
P 147 84 3084407826
P 148 84 3084407826
P 149 84 3084407826
P 150 84 3084407826
P 151 84 3084407826
P 152 84 3219674131
P 153 84 3219674131
P 154 84 3219674131
P 155 84 3219674131
P 156 84 3219674131
P 157 84 3219674131
P 158 84 3219674131
P 159 84 3219674131
P 160 84 3354940436
P 161 84 3354940436
P 162 84 3354940436
P 163 84 3354940436
P 164 84 3354940436
P 165 84 3354940436
P 166 84 3354940436
P 167 84 3354940436
P 40 85 1325945861
P 41 85 1325945861
P 42 85 1325945861
P 43 85 1325945861
P 44 85 1325945861
P 45 85 1325945861
P 46 85 1325945861
P 47 85 1325945861
P 48 85 1461212166
P 49 85 1461212166
P 50 85 1461212166
P 51 85 1461212166
P 52 85 1461212166
P 53 85 1461212166
P 54 85 1461212166
P 55 85 1461212166
P 56 85 1596478471
P 57 85 1596478471
P 58 85 1596478471
P 59 85 1596478471
P 60 85 1596478471
P 61 85 1596478471
P 62 85 1596478471
P 63 85 1596478471
P 64 85 1731744776
P 65 85 1731744776
P 66 85 1731744776
P 67 85 1731744776
P 68 85 1731744776
P 69 85 1731744776
P 70 85 1731744776
P 71 85 1731744776
P 72 85 1867011081
P 73 85 1867011081
P 74 85 1867011081
P 75 85 1867011081
P 76 85 1867011081
P 77 85 1867011081
P 78 85 1867011081
P 79 85 1867011081
P 80 85 2002277386
P 81 85 2002277386
P 82 85 2002277386
P 83 85 2002277386
P 84 85 2002277386
P 85 85 2002277386
P 86 85 2002277386
P 87 85 2002277386
P 88 85 2137543691
P 89 85 2137543691
P 90 85 2137543691
P 91 85 2137543691
P 92 85 2137543691
P 93 85 2137543691
P 94 85 2137543691
P 95 85 2137543691
P 96 85 2272809996
P 97 85 2272809996
P 98 85 2272809996
P 99 85 2272809996
P 100 85 2272809996
P 101 85 2272809996
P 102 85 2272809996
P 103 85 2272809996
P 104 85 2408076301
P 105 85 2408076301
P 106 85 2408076301
P 107 85 2408076301
P 108 85 2408076301
P 109 85 2408076301
P 110 85 2408076301
P 111 85 2408076301
P 112 85 2543342606
P 113 85 2543342606
P 114 85 2543342606
P 115 85 2543342606
P 116 85 2543342606
P 117 85 2543342606
P 118 85 2543342606
P 119 85 2543342606
P 120 85 2678608911
P 121 85 2678608911
P 122 85 2678608911
P 123 85 2678608911
P 124 85 2678608911
P 125 85 2678608911
P 126 85 2678608911
P 127 85 2678608911
P 128 85 2813875216
P 129 85 2813875216
P 130 85 2813875216
P 131 85 2813875216
P 132 85 2813875216
P 133 85 2813875216
P 134 85 2813875216
P 135 85 2813875216
P 136 85 2949141521
P 137 85 2949141521
P 138 85 2949141521
P 139 85 2949141521
P 140 85 2949141521
P 141 85 2949141521
P 142 85 2949141521
P 143 85 2949141521
P 144 85 3084407826
P 145 85 3084407826
P 146 85 3084407826
P 147 85 3084407826
P 148 85 3084407826
P 149 85 3084407826
P 150 85 3084407826
P 151 85 3084407826
P 152 85 3219674131
P 153 85 3219674131
P 154 85 3219674131
P 155 85 3219674131
P 156 85 3219674131
P 157 85 3219674131
P 158 85 3219674131
P 159 85 3219674131
P 160 85 3354940436
P 161 85 3354940436
P 162 85 3354940436
P 163 85 3354940436
P 164 85 3354940436
P 165 85 3354940436
P 166 85 3354940436
P 167 85 3354940436
P 40 86 1325945861
P 41 86 1325945861
P 42 86 1325945861
P 43 86 1325945861
P 44 86 1325945861
P 45 86 1325945861
P 46 86 1325945861
P 47 86 1325945861
P 48 86 1461212166
P 49 86 1461212166
P 50 86 1461212166
P 51 86 1461212166
P 52 86 1461212166
P 53 86 1461212166
P 54 86 1461212166
P 55 86 1461212166
P 56 86 1596478471
P 57 86 1596478471
P 58 86 1596478471
P 59 86 1596478471
P 60 86 1596478471
P 61 86 1596478471
P 62 86 1596478471
P 63 86 1596478471
P 64 86 1731744776
P 65 86 1731744776
P 66 86 1731744776
P 67 86 1731744776
P 68 86 1731744776
P 69 86 1731744776
P 70 86 1731744776
P 71 86 1731744776
P 72 86 1867011081
P 73 86 1867011081
P 74 86 1867011081
P 75 86 1867011081
P 76 86 1867011081
P 77 86 1867011081
P 78 86 1867011081
P 79 86 1867011081
P 80 86 2002277386
P 81 86 2002277386
P 82 86 2002277386
P 83 86 2002277386
P 84 86 2002277386
P 85 86 2002277386
P 86 86 2002277386
P 87 86 2002277386
P 88 86 2137543691
P 89 86 2137543691
P 90 86 2137543691
P 91 86 2137543691
P 92 86 2137543691
P 93 86 2137543691
P 94 86 2137543691
P 95 86 2137543691
P 96 86 2272809996
P 97 86 2272809996
P 98 86 2272809996
P 99 86 2272809996
P 100 86 2272809996
P 101 86 2272809996
P 102 86 2272809996
P 103 86 2272809996
P 104 86 2408076301
P 105 86 2408076301
P 106 86 2408076301
P 107 86 2408076301
P 108 86 2408076301
P 109 86 2408076301
P 110 86 2408076301
P 111 86 2408076301
P 112 86 2543342606
P 113 86 2543342606
P 114 86 2543342606
P 115 86 2543342606
P 116 86 2543342606
P 117 86 2543342606
P 118 86 2543342606
P 119 86 2543342606
P 120 86 2678608911
P 121 86 2678608911
P 122 86 2678608911
P 123 86 2678608911
P 124 86 2678608911
P 125 86 2678608911
P 126 86 2678608911
P 127 86 2678608911
P 128 86 2813875216
P 129 86 2813875216
P 130 86 2813875216
P 131 86 2813875216
P 132 86 2813875216
P 133 86 2813875216
P 134 86 2813875216
P 135 86 2813875216
P 136 86 2949141521
P 137 86 2949141521
P 138 86 2949141521
P 139 86 2949141521
P 140 86 2949141521
P 141 86 2949141521
P 142 86 2949141521
P 143 86 2949141521
P 144 86 3084407826
P 145 86 3084407826
P 146 86 3084407826
P 147 86 3084407826
P 148 86 3084407826
P 149 86 3084407826
P 150 86 3084407826
P 151 86 3084407826
P 152 86 3219674131
P 153 86 3219674131
P 154 86 3219674131
P 155 86 3219674131
P 156 86 3219674131
P 157 86 3219674131
P 158 86 3219674131
P 159 86 3219674131
P 160 86 3354940436
P 161 86 3354940436
P 162 86 3354940436
P 163 86 3354940436
P 164 86 3354940436
P 165 86 3354940436
P 166 86 3354940436
P 167 86 3354940436
P 40 87 1325945861
P 41 87 1325945861
P 42 87 1325945861
P 43 87 1325945861
P 44 87 1325945861
P 45 87 1325945861
P 46 87 1325945861
P 47 87 1325945861
P 48 87 1461212166
P 49 87 1461212166
P 50 87 1461212166
P 51 87 1461212166
P 52 87 1461212166
P 53 87 1461212166
P 54 87 1461212166
P 55 87 1461212166
P 56 87 1596478471
P 57 87 1596478471
P 58 87 1596478471
P 59 87 1596478471
P 60 87 1596478471
P 61 87 1596478471
P 62 87 1596478471
P 63 87 1596478471
P 64 87 1731744776
P 65 87 1731744776
P 66 87 1731744776
P 67 87 1731744776
P 68 87 1731744776
P 69 87 1731744776
P 70 87 1731744776
P 71 87 1731744776
P 72 87 1867011081
P 73 87 1867011081
P 74 87 1867011081
P 75 87 1867011081
P 76 87 1867011081
P 77 87 1867011081
P 78 87 1867011081
P 79 87 1867011081
P 80 87 2002277386
P 81 87 2002277386
P 82 87 2002277386
P 83 87 2002277386
P 84 87 2002277386
P 85 87 2002277386
P 86 87 2002277386
P 87 87 2002277386
P 88 87 2137543691
P 89 87 2137543691
P 90 87 2137543691
P 91 87 2137543691
P 92 87 2137543691
P 93 87 2137543691
P 94 87 2137543691
P 95 87 2137543691
P 96 87 2272809996
P 97 87 2272809996
P 98 87 2272809996
P 99 87 2272809996
P 100 87 2272809996
P 101 87 2272809996
P 102 87 2272809996
P 103 87 2272809996
P 104 87 2408076301
P 105 87 2408076301
P 106 87 2408076301
P 107 87 2408076301
P 108 87 2408076301
P 109 87 2408076301
P 110 87 2408076301
P 111 87 2408076301
P 112 87 2543342606
P 113 87 2543342606
P 114 87 2543342606
P 115 87 2543342606
P 116 87 2543342606
P 117 87 2543342606
P 118 87 2543342606
P 119 87 2543342606
P 120 87 2678608911
P 121 87 2678608911
P 122 87 2678608911
P 123 87 2678608911
P 124 87 2678608911
P 125 87 2678608911
P 126 87 2678608911
P 127 87 2678608911
P 128 87 2813875216
P 129 87 2813875216
P 130 87 2813875216
P 131 87 2813875216
P 132 87 2813875216
P 133 87 2813875216
P 134 87 2813875216
P 135 87 2813875216
P 136 87 2949141521
P 137 87 2949141521
P 138 87 2949141521
P 139 87 2949141521
P 140 87 2949141521
P 141 87 2949141521
P 142 87 2949141521
P 143 87 2949141521
P 144 87 3084407826
P 145 87 3084407826
P 146 87 3084407826
P 147 87 3084407826
P 148 87 3084407826
P 149 87 3084407826
P 150 87 3084407826
P 151 87 3084407826
P 152 87 3219674131
P 153 87 3219674131
P 154 87 3219674131
P 155 87 3219674131
P 156 87 3219674131
P 157 87 3219674131
P 158 87 3219674131
P 159 87 3219674131
P 160 87 3354940436
P 161 87 3354940436
P 162 87 3354940436
P 163 87 3354940436
P 164 87 3354940436
P 165 87 3354940436
P 166 87 3354940436
P 167 87 3354940436
P 40 88 1376281606
P 41 88 1376281606
P 42 88 1376281606
P 43 88 1376281606
P 44 88 1376281606
P 45 88 1376281606
P 46 88 1376281606
P 47 88 1376281606
P 48 88 1511547911
P 49 88 1511547911
P 50 88 1511547911
P 51 88 1511547911
P 52 88 1511547911
P 53 88 1511547911
P 54 88 1511547911
P 55 88 1511547911
P 56 88 1646814216
P 57 88 1646814216
P 58 88 1646814216
P 59 88 1646814216
P 60 88 1646814216
P 61 88 1646814216
P 62 88 1646814216
P 63 88 1646814216
P 64 88 1782080521
P 65 88 1782080521
P 66 88 1782080521
P 67 88 1782080521
P 68 88 1782080521
P 69 88 1782080521
P 70 88 1782080521
P 71 88 1782080521
P 72 88 1917346826
P 73 88 1917346826
P 74 88 1917346826
P 75 88 1917346826
P 76 88 1917346826
P 77 88 1917346826
P 78 88 1917346826
P 79 88 1917346826
P 80 88 2052613131
P 81 88 2052613131
P 82 88 2052613131
P 83 88 2052613131
P 84 88 2052613131
P 85 88 2052613131
P 86 88 2052613131
P 87 88 2052613131
P 88 88 2187879436
P 89 88 2187879436
P 90 88 2187879436
P 91 88 2187879436
P 92 88 2187879436
P 93 88 2187879436
P 94 88 2187879436
P 95 88 2187879436
P 96 88 2323145741
P 97 88 2323145741
P 98 88 2323145741
P 99 88 2323145741
P 100 88 2323145741
P 101 88 2323145741
P 102 88 2323145741
P 103 88 2323145741
P 104 88 2458412046
P 105 88 2458412046
P 106 88 2458412046
P 107 88 2458412046
P 108 88 2458412046
P 109 88 2458412046
P 110 88 2458412046
P 111 88 2458412046
P 112 88 2593678351
P 113 88 2593678351
P 114 88 2593678351
P 115 88 2593678351
P 116 88 2593678351
P 117 88 2593678351
P 118 88 2593678351
P 119 88 2593678351
P 120 88 2728944656
P 121 88 2728944656
P 122 88 2728944656
P 123 88 2728944656
P 124 88 2728944656
P 125 88 2728944656
P 126 88 2728944656
P 127 88 2728944656
P 128 88 2864210961
P 129 88 2864210961
P 130 88 2864210961
P 131 88 2864210961
P 132 88 2864210961
P 133 88 2864210961
P 134 88 2864210961
P 135 88 2864210961
P 136 88 2999477266
P 137 88 2999477266
P 138 88 2999477266
P 139 88 2999477266
P 140 88 2999477266
P 141 88 2999477266
P 142 88 2999477266
P 143 88 2999477266
P 144 88 3134743571
P 145 88 3134743571
P 146 88 3134743571
P 147 88 3134743571
P 148 88 3134743571
P 149 88 3134743571
P 150 88 3134743571
P 151 88 3134743571
P 152 88 3270009876
P 153 88 3270009876
P 154 88 3270009876
P 155 88 3270009876
P 156 88 3270009876
P 157 88 3270009876
P 158 88 3270009876
P 159 88 3270009876
P 160 88 3405276181
P 161 88 3405276181
P 162 88 3405276181
P 163 88 3405276181
P 164 88 3405276181
P 165 88 3405276181
P 166 88 3405276181
P 167 88 3405276181
P 40 89 1376281606
P 41 89 1376281606
P 42 89 1376281606
P 43 89 1376281606
P 44 89 1376281606
P 45 89 1376281606
P 46 89 1376281606
P 47 89 1376281606
P 48 89 1511547911
P 49 89 1511547911
P 50 89 1511547911
P 51 89 1511547911
P 52 89 1511547911
P 53 89 1511547911
P 54 89 1511547911
P 55 89 1511547911
P 56 89 1646814216
P 57 89 1646814216
P 58 89 1646814216
P 59 89 1646814216
P 60 89 1646814216
P 61 89 1646814216
P 62 89 1646814216
P 63 89 1646814216
P 64 89 1782080521
P 65 89 1782080521
P 66 89 1782080521
P 67 89 1782080521
P 68 89 1782080521
P 69 89 1782080521
P 70 89 1782080521
P 71 89 1782080521
P 72 89 1917346826
P 73 89 1917346826
P 74 89 1917346826
P 75 89 1917346826
P 76 89 1917346826
P 77 89 1917346826
P 78 89 1917346826
P 79 89 1917346826
P 80 89 2052613131
P 81 89 2052613131
P 82 89 2052613131
P 83 89 2052613131
P 84 89 2052613131
P 85 89 2052613131
P 86 89 2052613131
P 87 89 2052613131
P 88 89 2187879436
P 89 89 2187879436
P 90 89 2187879436
P 91 89 2187879436
P 92 89 2187879436
P 93 89 2187879436
P 94 89 2187879436
P 95 89 2187879436
P 96 89 2323145741
P 97 89 2323145741
P 98 89 2323145741
P 99 89 2323145741
P 100 89 2323145741
P 101 89 2323145741
P 102 89 2323145741
P 103 89 2323145741
P 104 89 2458412046
P 105 89 2458412046
P 106 89 2458412046
P 107 89 2458412046
P 108 89 2458412046
P 109 89 2458412046
P 110 89 2458412046
P 111 89 2458412046
P 112 89 2593678351
P 113 89 2593678351
P 114 89 2593678351
P 115 89 2593678351
P 116 89 2593678351
P 117 89 2593678351
P 118 89 2593678351
P 119 89 2593678351
P 120 89 2728944656
P 121 89 2728944656
P 122 89 2728944656
P 123 89 2728944656
P 124 89 2728944656
P 125 89 2728944656
P 126 89 2728944656
P 127 89 2728944656
P 128 89 2864210961
P 129 89 2864210961
P 130 89 2864210961
P 131 89 2864210961
P 132 89 2864210961
P 133 89 2864210961
P 134 89 2864210961
P 135 89 2864210961
P 136 89 2999477266
P 137 89 2999477266
P 138 89 2999477266
P 139 89 2999477266
P 140 89 2999477266
P 141 89 2999477266
P 142 89 2999477266
P 143 89 2999477266
P 144 89 3134743571
P 145 89 3134743571
P 146 89 3134743571
P 147 89 3134743571
P 148 89 3134743571
P 149 89 3134743571
P 150 89 3134743571
P 151 89 3134743571
P 152 89 3270009876
P 153 89 3270009876
P 154 89 3270009876
P 155 89 3270009876
P 156 89 3270009876
P 157 89 3270009876
P 158 89 3270009876
P 159 89 3270009876
P 160 89 3405276181
P 161 89 3405276181
P 162 89 3405276181
P 163 89 3405276181
P 164 89 3405276181
P 165 89 3405276181
P 166 89 3405276181
P 167 89 3405276181
P 40 90 1376281606
P 41 90 1376281606
P 42 90 1376281606
P 43 90 1376281606
P 44 90 1376281606
P 45 90 1376281606
P 46 90 1376281606
P 47 90 1376281606
P 48 90 1511547911
P 49 90 1511547911
P 50 90 1511547911
P 51 90 1511547911
P 52 90 1511547911
P 53 90 1511547911
P 54 90 1511547911
P 55 90 1511547911
P 56 90 1646814216
P 57 90 1646814216
P 58 90 1646814216
P 59 90 1646814216
P 60 90 1646814216
P 61 90 1646814216
P 62 90 1646814216
P 63 90 1646814216
P 64 90 1782080521
P 65 90 1782080521
P 66 90 1782080521
P 67 90 1782080521
P 68 90 1782080521
P 69 90 1782080521
P 70 90 1782080521
P 71 90 1782080521
P 72 90 1917346826
P 73 90 1917346826
P 74 90 1917346826
P 75 90 1917346826
P 76 90 1917346826
P 77 90 1917346826
P 78 90 1917346826
P 79 90 1917346826
P 80 90 2052613131
P 81 90 2052613131
P 82 90 2052613131
P 83 90 2052613131
P 84 90 2052613131
P 85 90 2052613131
P 86 90 2052613131
P 87 90 2052613131
P 88 90 2187879436
P 89 90 2187879436
P 90 90 2187879436
P 91 90 2187879436
P 92 90 2187879436
P 93 90 2187879436
P 94 90 2187879436
P 95 90 2187879436
P 96 90 2323145741
P 97 90 2323145741
P 98 90 2323145741
P 99 90 2323145741
P 100 90 2323145741
P 101 90 2323145741
P 102 90 2323145741
P 103 90 2323145741
P 104 90 2458412046
P 105 90 2458412046
P 106 90 2458412046
P 107 90 2458412046
P 108 90 2458412046
P 109 90 2458412046
P 110 90 2458412046
P 111 90 2458412046
P 112 90 2593678351
P 113 90 2593678351
P 114 90 2593678351
P 115 90 2593678351
P 116 90 2593678351
P 117 90 2593678351
P 118 90 2593678351
P 119 90 2593678351
P 120 90 2728944656
P 121 90 2728944656
P 122 90 2728944656
P 123 90 2728944656
P 124 90 2728944656
P 125 90 2728944656
P 126 90 2728944656
P 127 90 2728944656
P 128 90 2864210961
P 129 90 2864210961
P 130 90 2864210961
P 131 90 2864210961
P 132 90 2864210961
P 133 90 2864210961
P 134 90 2864210961
P 135 90 2864210961
P 136 90 2999477266
P 137 90 2999477266
P 138 90 2999477266
P 139 90 2999477266
P 140 90 2999477266
P 141 90 2999477266
P 142 90 2999477266
P 143 90 2999477266
P 144 90 3134743571
P 145 90 3134743571
P 146 90 3134743571
P 147 90 3134743571
P 148 90 3134743571
P 149 90 3134743571
P 150 90 3134743571
P 151 90 3134743571
P 152 90 3270009876
P 153 90 3270009876
P 154 90 3270009876
P 155 90 3270009876
P 156 90 3270009876
P 157 90 3270009876
P 158 90 3270009876
P 159 90 3270009876
P 160 90 3405276181
P 161 90 3405276181
P 162 90 3405276181
P 163 90 3405276181
P 164 90 3405276181
P 165 90 3405276181
P 166 90 3405276181
P 167 90 3405276181
P 40 91 1376281606
P 41 91 1376281606
P 42 91 1376281606
P 43 91 1376281606
P 44 91 1376281606
P 45 91 1376281606
P 46 91 1376281606
P 47 91 1376281606
P 48 91 1511547911
P 49 91 1511547911
P 50 91 1511547911
P 51 91 1511547911
P 52 91 1511547911
P 53 91 1511547911
P 54 91 1511547911
P 55 91 1511547911
P 56 91 1646814216
P 57 91 1646814216
P 58 91 1646814216
P 59 91 1646814216
P 60 91 1646814216
P 61 91 1646814216
P 62 91 1646814216
P 63 91 1646814216
P 64 91 1782080521
P 65 91 1782080521
P 66 91 1782080521
P 67 91 1782080521
P 68 91 1782080521
P 69 91 1782080521
P 70 91 1782080521
P 71 91 1782080521
P 72 91 1917346826
P 73 91 1917346826
P 74 91 1917346826
P 75 91 1917346826
P 76 91 1917346826
P 77 91 1917346826
P 78 91 1917346826
P 79 91 1917346826
P 80 91 2052613131
P 81 91 2052613131
P 82 91 2052613131
P 83 91 2052613131
P 84 91 2052613131
P 85 91 2052613131
P 86 91 2052613131
P 87 91 2052613131
P 88 91 2187879436
P 89 91 2187879436
P 90 91 2187879436
P 91 91 2187879436
P 92 91 2187879436
P 93 91 2187879436
P 94 91 2187879436
P 95 91 2187879436
P 96 91 2323145741
P 97 91 2323145741
P 98 91 2323145741
P 99 91 2323145741
P 100 91 2323145741
P 101 91 2323145741
P 102 91 2323145741
P 103 91 2323145741
P 104 91 2458412046
P 105 91 2458412046
P 106 91 2458412046
P 107 91 2458412046
P 108 91 2458412046
P 109 91 2458412046
P 110 91 2458412046
P 111 91 2458412046
P 112 91 2593678351
P 113 91 2593678351
P 114 91 2593678351
P 115 91 2593678351
P 116 91 2593678351
P 117 91 2593678351
P 118 91 2593678351
P 119 91 2593678351
P 120 91 2728944656
P 121 91 2728944656
P 122 91 2728944656
P 123 91 2728944656
P 124 91 2728944656
P 125 91 2728944656
P 126 91 2728944656
P 127 91 2728944656
P 128 91 2864210961
P 129 91 2864210961
P 130 91 2864210961
P 131 91 2864210961
P 132 91 2864210961
P 133 91 2864210961
P 134 91 2864210961
P 135 91 2864210961
P 136 91 2999477266
P 137 91 2999477266
P 138 91 2999477266
P 139 91 2999477266
P 140 91 2999477266
P 141 91 2999477266
P 142 91 2999477266
P 143 91 2999477266
P 144 91 3134743571
P 145 91 3134743571
P 146 91 3134743571
P 147 91 3134743571
P 148 91 3134743571
P 149 91 3134743571
P 150 91 3134743571
P 151 91 3134743571
P 152 91 3270009876
P 153 91 3270009876
P 154 91 3270009876
P 155 91 3270009876
P 156 91 3270009876
P 157 91 3270009876
P 158 91 3270009876
P 159 91 3270009876
P 160 91 3405276181
P 161 91 3405276181
P 162 91 3405276181
P 163 91 3405276181
P 164 91 3405276181
P 165 91 3405276181
P 166 91 3405276181
P 167 91 3405276181
P 40 92 1376281606
P 41 92 1376281606
P 42 92 1376281606
P 43 92 1376281606
P 44 92 1376281606
P 45 92 1376281606
P 46 92 1376281606
P 47 92 1376281606
P 48 92 1511547911
P 49 92 1511547911
P 50 92 1511547911
P 51 92 1511547911
P 52 92 1511547911
P 53 92 1511547911
P 54 92 1511547911
P 55 92 1511547911
P 56 92 1646814216
P 57 92 1646814216
P 58 92 1646814216
P 59 92 1646814216
P 60 92 1646814216
P 61 92 1646814216
P 62 92 1646814216
P 63 92 1646814216
P 64 92 1782080521
P 65 92 1782080521
P 66 92 1782080521
P 67 92 1782080521
P 68 92 1782080521
P 69 92 1782080521
P 70 92 1782080521
P 71 92 1782080521
P 72 92 1917346826
P 73 92 1917346826
P 74 92 1917346826
P 75 92 1917346826
P 76 92 1917346826
P 77 92 1917346826
P 78 92 1917346826
P 79 92 1917346826
P 80 92 2052613131
P 81 92 2052613131
P 82 92 2052613131
P 83 92 2052613131
P 84 92 2052613131
P 85 92 2052613131
P 86 92 2052613131
P 87 92 2052613131
P 88 92 2187879436
P 89 92 2187879436
P 90 92 2187879436
P 91 92 2187879436
P 92 92 2187879436
P 93 92 2187879436
P 94 92 2187879436
P 95 92 2187879436
P 96 92 2323145741
P 97 92 2323145741
P 98 92 2323145741
P 99 92 2323145741
P 100 92 2323145741
P 101 92 2323145741
P 102 92 2323145741
P 103 92 2323145741
P 104 92 2458412046
P 105 92 2458412046
P 106 92 2458412046
P 107 92 2458412046
P 108 92 2458412046
P 109 92 2458412046
P 110 92 2458412046
P 111 92 2458412046
P 112 92 2593678351
P 113 92 2593678351
P 114 92 2593678351
P 115 92 2593678351
P 116 92 2593678351
P 117 92 2593678351
P 118 92 2593678351
P 119 92 2593678351
P 120 92 2728944656
P 121 92 2728944656
P 122 92 2728944656
P 123 92 2728944656
P 124 92 2728944656
P 125 92 2728944656
P 126 92 2728944656
P 127 92 2728944656
P 128 92 2864210961
P 129 92 2864210961
P 130 92 2864210961
P 131 92 2864210961
P 132 92 2864210961
P 133 92 2864210961
P 134 92 2864210961
P 135 92 2864210961
P 136 92 2999477266
P 137 92 2999477266
P 138 92 2999477266
P 139 92 2999477266
P 140 92 2999477266
P 141 92 2999477266
P 142 92 2999477266
P 143 92 2999477266
P 144 92 3134743571
P 145 92 3134743571
P 146 92 3134743571
P 147 92 3134743571
P 148 92 3134743571
P 149 92 3134743571
P 150 92 3134743571
P 151 92 3134743571
P 152 92 3270009876
P 153 92 3270009876
P 154 92 3270009876
P 155 92 3270009876
P 156 92 3270009876
P 157 92 3270009876
P 158 92 3270009876
P 159 92 3270009876
P 160 92 3405276181
P 161 92 3405276181
P 162 92 3405276181
P 163 92 3405276181
P 164 92 3405276181
P 165 92 3405276181
P 166 92 3405276181
P 167 92 3405276181
P 40 93 1376281606
P 41 93 1376281606
P 42 93 1376281606
P 43 93 1376281606
P 44 93 1376281606
P 45 93 1376281606
P 46 93 1376281606
P 47 93 1376281606
P 48 93 1511547911
P 49 93 1511547911
P 50 93 1511547911
P 51 93 1511547911
P 52 93 1511547911
P 53 93 1511547911
P 54 93 1511547911
P 55 93 1511547911
P 56 93 1646814216
P 57 93 1646814216
P 58 93 1646814216
P 59 93 1646814216
P 60 93 1646814216
P 61 93 1646814216
P 62 93 1646814216
P 63 93 1646814216
P 64 93 1782080521
P 65 93 1782080521
P 66 93 1782080521
P 67 93 1782080521
P 68 93 1782080521
P 69 93 1782080521
P 70 93 1782080521
P 71 93 1782080521
P 72 93 1917346826
P 73 93 1917346826
P 74 93 1917346826
P 75 93 1917346826
P 76 93 1917346826
P 77 93 1917346826
P 78 93 1917346826
P 79 93 1917346826
P 80 93 2052613131
P 81 93 2052613131
P 82 93 2052613131
P 83 93 2052613131
P 84 93 2052613131
P 85 93 2052613131
P 86 93 2052613131
P 87 93 2052613131
P 88 93 2187879436
P 89 93 2187879436
P 90 93 2187879436
P 91 93 2187879436
P 92 93 2187879436
P 93 93 2187879436
P 94 93 2187879436
P 95 93 2187879436
P 96 93 2323145741
P 97 93 2323145741
P 98 93 2323145741
P 99 93 2323145741
P 100 93 2323145741
P 101 93 2323145741
P 102 93 2323145741
P 103 93 2323145741
P 104 93 2458412046
P 105 93 2458412046
P 106 93 2458412046
P 107 93 2458412046
P 108 93 2458412046
P 109 93 2458412046
P 110 93 2458412046
P 111 93 2458412046
P 112 93 2593678351
P 113 93 2593678351
P 114 93 2593678351
P 115 93 2593678351
P 116 93 2593678351
P 117 93 2593678351
P 118 93 2593678351
P 119 93 2593678351
P 120 93 2728944656
P 121 93 2728944656
P 122 93 2728944656
P 123 93 2728944656
P 124 93 2728944656
P 125 93 2728944656
P 126 93 2728944656
P 127 93 2728944656
P 128 93 2864210961
P 129 93 2864210961
P 130 93 2864210961
P 131 93 2864210961
P 132 93 2864210961
P 133 93 2864210961
P 134 93 2864210961
P 135 93 2864210961
P 136 93 2999477266
P 137 93 2999477266
P 138 93 2999477266
P 139 93 2999477266
P 140 93 2999477266
P 141 93 2999477266
P 142 93 2999477266
P 143 93 2999477266
P 144 93 3134743571
P 145 93 3134743571
P 146 93 3134743571
P 147 93 3134743571
P 148 93 3134743571
P 149 93 3134743571
P 150 93 3134743571
P 151 93 3134743571
P 152 93 3270009876
P 153 93 3270009876
P 154 93 3270009876
P 155 93 3270009876
P 156 93 3270009876
P 157 93 3270009876
P 158 93 3270009876
P 159 93 3270009876
P 160 93 3405276181
P 161 93 3405276181
P 162 93 3405276181
P 163 93 3405276181
P 164 93 3405276181
P 165 93 3405276181
P 166 93 3405276181
P 167 93 3405276181
P 40 94 1376281606
P 41 94 1376281606
P 42 94 1376281606
P 43 94 1376281606
P 44 94 1376281606
P 45 94 1376281606
P 46 94 1376281606
P 47 94 1376281606
P 48 94 1511547911
P 49 94 1511547911
P 50 94 1511547911
P 51 94 1511547911
P 52 94 1511547911
P 53 94 1511547911
P 54 94 1511547911
P 55 94 1511547911
P 56 94 1646814216
P 57 94 1646814216
P 58 94 1646814216
P 59 94 1646814216
P 60 94 1646814216
P 61 94 1646814216
P 62 94 1646814216
P 63 94 1646814216
P 64 94 1782080521
P 65 94 1782080521
P 66 94 1782080521
P 67 94 1782080521
P 68 94 1782080521
P 69 94 1782080521
P 70 94 1782080521
P 71 94 1782080521
P 72 94 1917346826
P 73 94 1917346826
P 74 94 1917346826
P 75 94 1917346826
P 76 94 1917346826
P 77 94 1917346826
P 78 94 1917346826
P 79 94 1917346826
P 80 94 2052613131
P 81 94 2052613131
P 82 94 2052613131
P 83 94 2052613131
P 84 94 2052613131
P 85 94 2052613131
P 86 94 2052613131
P 87 94 2052613131
P 88 94 2187879436
P 89 94 2187879436
P 90 94 2187879436
P 91 94 2187879436
P 92 94 2187879436
P 93 94 2187879436
P 94 94 2187879436
P 95 94 2187879436
P 96 94 2323145741
P 97 94 2323145741
P 98 94 2323145741
P 99 94 2323145741
P 100 94 2323145741
P 101 94 2323145741
P 102 94 2323145741
P 103 94 2323145741
P 104 94 2458412046
P 105 94 2458412046
P 106 94 2458412046
P 107 94 2458412046
P 108 94 2458412046
P 109 94 2458412046
P 110 94 2458412046
P 111 94 2458412046
P 112 94 2593678351
P 113 94 2593678351
P 114 94 2593678351
P 115 94 2593678351
P 116 94 2593678351
P 117 94 2593678351
P 118 94 2593678351
P 119 94 2593678351
P 120 94 2728944656
P 121 94 2728944656
P 122 94 2728944656
P 123 94 2728944656
P 124 94 2728944656
P 125 94 2728944656
P 126 94 2728944656
P 127 94 2728944656
P 128 94 2864210961
P 129 94 2864210961
P 130 94 2864210961
P 131 94 2864210961
P 132 94 2864210961
P 133 94 2864210961
P 134 94 2864210961
P 135 94 2864210961
P 136 94 2999477266
P 137 94 2999477266
P 138 94 2999477266
P 139 94 2999477266
P 140 94 2999477266
P 141 94 2999477266
P 142 94 2999477266
P 143 94 2999477266
P 144 94 3134743571
P 145 94 3134743571
P 146 94 3134743571
P 147 94 3134743571
P 148 94 3134743571
P 149 94 3134743571
P 150 94 3134743571
P 151 94 3134743571
P 152 94 3270009876
P 153 94 3270009876
P 154 94 3270009876
P 155 94 3270009876
P 156 94 3270009876
P 157 94 3270009876
P 158 94 3270009876
P 159 94 3270009876
P 160 94 3405276181
P 161 94 3405276181
P 162 94 3405276181
P 163 94 3405276181
P 164 94 3405276181
P 165 94 3405276181
P 166 94 3405276181
P 167 94 3405276181
P 40 95 1376281606
P 41 95 1376281606
P 42 95 1376281606
P 43 95 1376281606
P 44 95 1376281606
P 45 95 1376281606
P 46 95 1376281606
P 47 95 1376281606
P 48 95 1511547911
P 49 95 1511547911
P 50 95 1511547911
P 51 95 1511547911
P 52 95 1511547911
P 53 95 1511547911
P 54 95 1511547911
P 55 95 1511547911
P 56 95 1646814216
P 57 95 1646814216
P 58 95 1646814216
P 59 95 1646814216
P 60 95 1646814216
P 61 95 1646814216
P 62 95 1646814216
P 63 95 1646814216
P 64 95 1782080521
P 65 95 1782080521
P 66 95 1782080521
P 67 95 1782080521
P 68 95 1782080521
P 69 95 1782080521
P 70 95 1782080521
P 71 95 1782080521
P 72 95 1917346826
P 73 95 1917346826
P 74 95 1917346826
P 75 95 1917346826
P 76 95 1917346826
P 77 95 1917346826
P 78 95 1917346826
P 79 95 1917346826
P 80 95 2052613131
P 81 95 2052613131
P 82 95 2052613131
P 83 95 2052613131
P 84 95 2052613131
P 85 95 2052613131
P 86 95 2052613131
P 87 95 2052613131
P 88 95 2187879436
P 89 95 2187879436
P 90 95 2187879436
P 91 95 2187879436
P 92 95 2187879436
P 93 95 2187879436
P 94 95 2187879436
P 95 95 2187879436
P 96 95 2323145741
P 97 95 2323145741
P 98 95 2323145741
P 99 95 2323145741
P 100 95 2323145741
P 101 95 2323145741
P 102 95 2323145741
P 103 95 2323145741
P 104 95 2458412046
P 105 95 2458412046
P 106 95 2458412046
P 107 95 2458412046
P 108 95 2458412046
P 109 95 2458412046
P 110 95 2458412046
P 111 95 2458412046
P 112 95 2593678351
P 113 95 2593678351
P 114 95 2593678351
P 115 95 2593678351
P 116 95 2593678351
P 117 95 2593678351
P 118 95 2593678351
P 119 95 2593678351
P 120 95 2728944656
P 121 95 2728944656
P 122 95 2728944656
P 123 95 2728944656
P 124 95 2728944656
P 125 95 2728944656
P 126 95 2728944656
P 127 95 2728944656
P 128 95 2864210961
P 129 95 2864210961
P 130 95 2864210961
P 131 95 2864210961
P 132 95 2864210961
P 133 95 2864210961
P 134 95 2864210961
P 135 95 2864210961
P 136 95 2999477266
P 137 95 2999477266
P 138 95 2999477266
P 139 95 2999477266
P 140 95 2999477266
P 141 95 2999477266
P 142 95 2999477266
P 143 95 2999477266
P 144 95 3134743571
P 145 95 3134743571
P 146 95 3134743571
P 147 95 3134743571
P 148 95 3134743571
P 149 95 3134743571
P 150 95 3134743571
P 151 95 3134743571
P 152 95 3270009876
P 153 95 3270009876
P 154 95 3270009876
P 155 95 3270009876
P 156 95 3270009876
P 157 95 3270009876
P 158 95 3270009876
P 159 95 3270009876
P 160 95 3405276181
P 161 95 3405276181
P 162 95 3405276181
P 163 95 3405276181
P 164 95 3405276181
P 165 95 3405276181
P 166 95 3405276181
P 167 95 3405276181
P 40 96 1426617351
P 41 96 1426617351
P 42 96 1426617351
P 43 96 1426617351
P 44 96 1426617351
P 45 96 1426617351
P 46 96 1426617351
P 47 96 1426617351
P 48 96 1561883656
P 49 96 1561883656
P 50 96 1561883656
P 51 96 1561883656
P 52 96 1561883656
P 53 96 1561883656
P 54 96 1561883656
P 55 96 1561883656
P 56 96 1697149961
P 57 96 1697149961
P 58 96 1697149961
P 59 96 1697149961
P 60 96 1697149961
P 61 96 1697149961
P 62 96 1697149961
P 63 96 1697149961
P 64 96 1832416266
P 65 96 1832416266
P 66 96 1832416266
P 67 96 1832416266
P 68 96 1832416266
P 69 96 1832416266
P 70 96 1832416266
P 71 96 1832416266
P 72 96 1967682571
P 73 96 1967682571
P 74 96 1967682571
P 75 96 1967682571
P 76 96 1967682571
P 77 96 1967682571
P 78 96 1967682571
P 79 96 1967682571
P 80 96 2102948876
P 81 96 2102948876
P 82 96 2102948876
P 83 96 2102948876
P 84 96 2102948876
P 85 96 2102948876
P 86 96 2102948876
P 87 96 2102948876
P 88 96 2238215181
P 89 96 2238215181
P 90 96 2238215181
P 91 96 2238215181
P 92 96 2238215181
P 93 96 2238215181
P 94 96 2238215181
P 95 96 2238215181
P 96 96 2373481486
P 97 96 2373481486
P 98 96 2373481486
P 99 96 2373481486
P 100 96 2373481486
P 101 96 2373481486
P 102 96 2373481486
P 103 96 2373481486
P 104 96 2508747791
P 105 96 2508747791
P 106 96 2508747791
P 107 96 2508747791
P 108 96 2508747791
P 109 96 2508747791
P 110 96 2508747791
P 111 96 2508747791
P 112 96 2644014096
P 113 96 2644014096
P 114 96 2644014096
P 115 96 2644014096
P 116 96 2644014096
P 117 96 2644014096
P 118 96 2644014096
P 119 96 2644014096
P 120 96 2779280401
P 121 96 2779280401
P 122 96 2779280401
P 123 96 2779280401
P 124 96 2779280401
P 125 96 2779280401
P 126 96 2779280401
P 127 96 2779280401
P 128 96 2914546706
P 129 96 2914546706
P 130 96 2914546706
P 131 96 2914546706
P 132 96 2914546706
P 133 96 2914546706
P 134 96 2914546706
P 135 96 2914546706
P 136 96 3049813011
P 137 96 3049813011
P 138 96 3049813011
P 139 96 3049813011
P 140 96 3049813011
P 141 96 3049813011
P 142 96 3049813011
P 143 96 3049813011
P 144 96 3185079316
P 145 96 3185079316
P 146 96 3185079316
P 147 96 3185079316
P 148 96 3185079316
P 149 96 3185079316
P 150 96 3185079316
P 151 96 3185079316
P 152 96 3320345621
P 153 96 3320345621
P 154 96 3320345621
P 155 96 3320345621
P 156 96 3320345621
P 157 96 3320345621
P 158 96 3320345621
P 159 96 3320345621
P 160 96 3455611926
P 161 96 3455611926
P 162 96 3455611926
P 163 96 3455611926
P 164 96 3455611926
P 165 96 3455611926
P 166 96 3455611926
P 167 96 3455611926
P 40 97 1426617351
P 41 97 1426617351
P 42 97 1426617351
P 43 97 1426617351
P 44 97 1426617351
P 45 97 1426617351
P 46 97 1426617351
P 47 97 1426617351
P 48 97 1561883656
P 49 97 1561883656
P 50 97 1561883656
P 51 97 1561883656
P 52 97 1561883656
P 53 97 1561883656
P 54 97 1561883656
P 55 97 1561883656
P 56 97 1697149961
P 57 97 1697149961
P 58 97 1697149961
P 59 97 1697149961
P 60 97 1697149961
P 61 97 1697149961
P 62 97 1697149961
P 63 97 1697149961
P 64 97 1832416266
P 65 97 1832416266
P 66 97 1832416266
P 67 97 1832416266
P 68 97 1832416266
P 69 97 1832416266
P 70 97 1832416266
P 71 97 1832416266
P 72 97 1967682571
P 73 97 1967682571
P 74 97 1967682571
P 75 97 1967682571
P 76 97 1967682571
P 77 97 1967682571
P 78 97 1967682571
P 79 97 1967682571
P 80 97 2102948876
P 81 97 2102948876
P 82 97 2102948876
P 83 97 2102948876
P 84 97 2102948876
P 85 97 2102948876
P 86 97 2102948876
P 87 97 2102948876
P 88 97 2238215181
P 89 97 2238215181
P 90 97 2238215181
P 91 97 2238215181
P 92 97 2238215181
P 93 97 2238215181
P 94 97 2238215181
P 95 97 2238215181
P 96 97 2373481486
P 97 97 2373481486
P 98 97 2373481486
P 99 97 2373481486
P 100 97 2373481486
P 101 97 2373481486
P 102 97 2373481486
P 103 97 2373481486
P 104 97 2508747791
P 105 97 2508747791
P 106 97 2508747791
P 107 97 2508747791
P 108 97 2508747791
P 109 97 2508747791
P 110 97 2508747791
P 111 97 2508747791
P 112 97 2644014096
P 113 97 2644014096
P 114 97 2644014096
P 115 97 2644014096
P 116 97 2644014096
P 117 97 2644014096
P 118 97 2644014096
P 119 97 2644014096
P 120 97 2779280401
P 121 97 2779280401
P 122 97 2779280401
P 123 97 2779280401
P 124 97 2779280401
P 125 97 2779280401
P 126 97 2779280401
P 127 97 2779280401
P 128 97 2914546706
P 129 97 2914546706
P 130 97 2914546706
P 131 97 2914546706
P 132 97 2914546706
P 133 97 2914546706
P 134 97 2914546706
P 135 97 2914546706
P 136 97 3049813011
P 137 97 3049813011
P 138 97 3049813011
P 139 97 3049813011
P 140 97 3049813011
P 141 97 3049813011
P 142 97 3049813011
P 143 97 3049813011
P 144 97 3185079316
P 145 97 3185079316
P 146 97 3185079316
P 147 97 3185079316
P 148 97 3185079316
P 149 97 3185079316
P 150 97 3185079316
P 151 97 3185079316
P 152 97 3320345621
P 153 97 3320345621
P 154 97 3320345621
P 155 97 3320345621
P 156 97 3320345621
P 157 97 3320345621
P 158 97 3320345621
P 159 97 3320345621
P 160 97 3455611926
P 161 97 3455611926
P 162 97 3455611926
P 163 97 3455611926
P 164 97 3455611926
P 165 97 3455611926
P 166 97 3455611926
P 167 97 3455611926
P 40 98 1426617351
P 41 98 1426617351
P 42 98 1426617351
P 43 98 1426617351
P 44 98 1426617351
P 45 98 1426617351
P 46 98 1426617351
P 47 98 1426617351
P 48 98 1561883656
P 49 98 1561883656
P 50 98 1561883656
P 51 98 1561883656
P 52 98 1561883656
P 53 98 1561883656
P 54 98 1561883656
P 55 98 1561883656
P 56 98 1697149961
P 57 98 1697149961
P 58 98 1697149961
P 59 98 1697149961
P 60 98 1697149961
P 61 98 1697149961
P 62 98 1697149961
P 63 98 1697149961
P 64 98 1832416266
P 65 98 1832416266
P 66 98 1832416266
P 67 98 1832416266
P 68 98 1832416266
P 69 98 1832416266
P 70 98 1832416266
P 71 98 1832416266
P 72 98 1967682571
P 73 98 1967682571
P 74 98 1967682571
P 75 98 1967682571
P 76 98 1967682571
P 77 98 1967682571
P 78 98 1967682571
P 79 98 1967682571
P 80 98 2102948876
P 81 98 2102948876
P 82 98 2102948876
P 83 98 2102948876
P 84 98 2102948876
P 85 98 2102948876
P 86 98 2102948876
P 87 98 2102948876
P 88 98 2238215181
P 89 98 2238215181
P 90 98 2238215181
P 91 98 2238215181
P 92 98 2238215181
P 93 98 2238215181
P 94 98 2238215181
P 95 98 2238215181
P 96 98 2373481486
P 97 98 2373481486
P 98 98 2373481486
P 99 98 2373481486
P 100 98 2373481486
P 101 98 2373481486
P 102 98 2373481486
P 103 98 2373481486
P 104 98 2508747791
P 105 98 2508747791
P 106 98 2508747791
P 107 98 2508747791
P 108 98 2508747791
P 109 98 2508747791
P 110 98 2508747791
P 111 98 2508747791
P 112 98 2644014096
P 113 98 2644014096
P 114 98 2644014096
P 115 98 2644014096
P 116 98 2644014096
P 117 98 2644014096
P 118 98 2644014096
P 119 98 2644014096
P 120 98 2779280401
P 121 98 2779280401
P 122 98 2779280401
P 123 98 2779280401
P 124 98 2779280401
P 125 98 2779280401
P 126 98 2779280401
P 127 98 2779280401
P 128 98 2914546706
P 129 98 2914546706
P 130 98 2914546706
P 131 98 2914546706
P 132 98 2914546706
P 133 98 2914546706
P 134 98 2914546706
P 135 98 2914546706
P 136 98 3049813011
P 137 98 3049813011
P 138 98 3049813011
P 139 98 3049813011
P 140 98 3049813011
P 141 98 3049813011
P 142 98 3049813011
P 143 98 3049813011
P 144 98 3185079316
P 145 98 3185079316
P 146 98 3185079316
P 147 98 3185079316
P 148 98 3185079316
P 149 98 3185079316
P 150 98 3185079316
P 151 98 3185079316
P 152 98 3320345621
P 153 98 3320345621
P 154 98 3320345621
P 155 98 3320345621
P 156 98 3320345621
P 157 98 3320345621
P 158 98 3320345621
P 159 98 3320345621
P 160 98 3455611926
P 161 98 3455611926
P 162 98 3455611926
P 163 98 3455611926
P 164 98 3455611926
P 165 98 3455611926
P 166 98 3455611926
P 167 98 3455611926
P 40 99 1426617351
P 41 99 1426617351
P 42 99 1426617351
P 43 99 1426617351
P 44 99 1426617351
P 45 99 1426617351
P 46 99 1426617351
P 47 99 1426617351
P 48 99 1561883656
P 49 99 1561883656
P 50 99 1561883656
P 51 99 1561883656
P 52 99 1561883656
P 53 99 1561883656
P 54 99 1561883656
P 55 99 1561883656
P 56 99 1697149961
P 57 99 1697149961
P 58 99 1697149961
P 59 99 1697149961
P 60 99 1697149961
P 61 99 1697149961
P 62 99 1697149961
P 63 99 1697149961
P 64 99 1832416266
P 65 99 1832416266
P 66 99 1832416266
P 67 99 1832416266
P 68 99 1832416266
P 69 99 1832416266
P 70 99 1832416266
P 71 99 1832416266
P 72 99 1967682571
P 73 99 1967682571
P 74 99 1967682571
P 75 99 1967682571
P 76 99 1967682571
P 77 99 1967682571
P 78 99 1967682571
P 79 99 1967682571
P 80 99 2102948876
P 81 99 2102948876
P 82 99 2102948876
P 83 99 2102948876
P 84 99 2102948876
P 85 99 2102948876
P 86 99 2102948876
P 87 99 2102948876
P 88 99 2238215181
P 89 99 2238215181
P 90 99 2238215181
P 91 99 2238215181
P 92 99 2238215181
P 93 99 2238215181
P 94 99 2238215181
P 95 99 2238215181
P 96 99 2373481486
P 97 99 2373481486
P 98 99 2373481486
P 99 99 2373481486
P 100 99 2373481486
P 101 99 2373481486
P 102 99 2373481486
P 103 99 2373481486
P 104 99 2508747791
P 105 99 2508747791
P 106 99 2508747791
P 107 99 2508747791
P 108 99 2508747791
P 109 99 2508747791
P 110 99 2508747791
P 111 99 2508747791
P 112 99 2644014096
P 113 99 2644014096
P 114 99 2644014096
P 115 99 2644014096
P 116 99 2644014096
P 117 99 2644014096
P 118 99 2644014096
P 119 99 2644014096
P 120 99 2779280401
P 121 99 2779280401
P 122 99 2779280401
P 123 99 2779280401
P 124 99 2779280401
P 125 99 2779280401
P 126 99 2779280401
P 127 99 2779280401
P 128 99 2914546706
P 129 99 2914546706
P 130 99 2914546706
P 131 99 2914546706
P 132 99 2914546706
P 133 99 2914546706
P 134 99 2914546706
P 135 99 2914546706
P 136 99 3049813011
P 137 99 3049813011
P 138 99 3049813011
P 139 99 3049813011
P 140 99 3049813011
P 141 99 3049813011
P 142 99 3049813011
P 143 99 3049813011
P 144 99 3185079316
P 145 99 3185079316
P 146 99 3185079316
P 147 99 3185079316
P 148 99 3185079316
P 149 99 3185079316
P 150 99 3185079316
P 151 99 3185079316
P 152 99 3320345621
P 153 99 3320345621
P 154 99 3320345621
P 155 99 3320345621
P 156 99 3320345621
P 157 99 3320345621
P 158 99 3320345621
P 159 99 3320345621
P 160 99 3455611926
P 161 99 3455611926
P 162 99 3455611926
P 163 99 3455611926
P 164 99 3455611926
P 165 99 3455611926
P 166 99 3455611926
P 167 99 3455611926
P 40 100 1426617351
P 41 100 1426617351
P 42 100 1426617351
P 43 100 1426617351
P 44 100 1426617351
P 45 100 1426617351
P 46 100 1426617351
P 47 100 1426617351
P 48 100 1561883656
P 49 100 1561883656
P 50 100 1561883656
P 51 100 1561883656
P 52 100 1561883656
P 53 100 1561883656
P 54 100 1561883656
P 55 100 1561883656
P 56 100 1697149961
P 57 100 1697149961
P 58 100 1697149961
P 59 100 1697149961
P 60 100 1697149961
P 61 100 1697149961
P 62 100 1697149961
P 63 100 1697149961
P 64 100 1832416266
P 65 100 1832416266
P 66 100 1832416266
P 67 100 1832416266
P 68 100 1832416266
P 69 100 1832416266
P 70 100 1832416266
P 71 100 1832416266
P 72 100 1967682571
P 73 100 1967682571
P 74 100 1967682571
P 75 100 1967682571
P 76 100 1967682571
P 77 100 1967682571
P 78 100 1967682571
P 79 100 1967682571
P 80 100 2102948876
P 81 100 2102948876
P 82 100 2102948876
P 83 100 2102948876
P 84 100 2102948876
P 85 100 2102948876
P 86 100 2102948876
P 87 100 2102948876
P 88 100 2238215181
P 89 100 2238215181
P 90 100 2238215181
P 91 100 2238215181
P 92 100 2238215181
P 93 100 2238215181
P 94 100 2238215181
P 95 100 2238215181
P 96 100 2373481486
P 97 100 2373481486
P 98 100 2373481486
P 99 100 2373481486
P 100 100 2373481486
P 101 100 2373481486
P 102 100 2373481486
P 103 100 2373481486
P 104 100 2508747791
P 105 100 2508747791
P 106 100 2508747791
P 107 100 2508747791
P 108 100 2508747791
P 109 100 2508747791
P 110 100 2508747791
P 111 100 2508747791
P 112 100 2644014096
P 113 100 2644014096
P 114 100 2644014096
P 115 100 2644014096
P 116 100 2644014096
P 117 100 2644014096
P 118 100 2644014096
P 119 100 2644014096
P 120 100 2779280401
P 121 100 2779280401
P 122 100 2779280401
P 123 100 2779280401
P 124 100 2779280401
P 125 100 2779280401
P 126 100 2779280401
P 127 100 2779280401
P 128 100 2914546706
P 129 100 2914546706
P 130 100 2914546706
P 131 100 2914546706
P 132 100 2914546706
P 133 100 2914546706
P 134 100 2914546706
P 135 100 2914546706
P 136 100 3049813011
P 137 100 3049813011
P 138 100 3049813011
P 139 100 3049813011
P 140 100 3049813011
P 141 100 3049813011
P 142 100 3049813011
P 143 100 3049813011
P 144 100 3185079316
P 145 100 3185079316
P 146 100 3185079316
P 147 100 3185079316
P 148 100 3185079316
P 149 100 3185079316
P 150 100 3185079316
P 151 100 3185079316
P 152 100 3320345621
P 153 100 3320345621
P 154 100 3320345621
P 155 100 3320345621
P 156 100 3320345621
P 157 100 3320345621
P 158 100 3320345621
P 159 100 3320345621
P 160 100 3455611926
P 161 100 3455611926
P 162 100 3455611926
P 163 100 3455611926
P 164 100 3455611926
P 165 100 3455611926
P 166 100 3455611926
P 167 100 3455611926
P 40 101 1426617351
P 41 101 1426617351
P 42 101 1426617351
P 43 101 1426617351
P 44 101 1426617351
P 45 101 1426617351
P 46 101 1426617351
P 47 101 1426617351
P 48 101 1561883656
P 49 101 1561883656
P 50 101 1561883656
P 51 101 1561883656
P 52 101 1561883656
P 53 101 1561883656
P 54 101 1561883656
P 55 101 1561883656
P 56 101 1697149961
P 57 101 1697149961
P 58 101 1697149961
P 59 101 1697149961
P 60 101 1697149961
P 61 101 1697149961
P 62 101 1697149961
P 63 101 1697149961
P 64 101 1832416266
P 65 101 1832416266
P 66 101 1832416266
P 67 101 1832416266
P 68 101 1832416266
P 69 101 1832416266
P 70 101 1832416266
P 71 101 1832416266
P 72 101 1967682571
P 73 101 1967682571
P 74 101 1967682571
P 75 101 1967682571
P 76 101 1967682571
P 77 101 1967682571
P 78 101 1967682571
P 79 101 1967682571
P 80 101 2102948876
P 81 101 2102948876
P 82 101 2102948876
P 83 101 2102948876
P 84 101 2102948876
P 85 101 2102948876
P 86 101 2102948876
P 87 101 2102948876
P 88 101 2238215181
P 89 101 2238215181
P 90 101 2238215181
P 91 101 2238215181
P 92 101 2238215181
P 93 101 2238215181
P 94 101 2238215181
P 95 101 2238215181
P 96 101 2373481486
P 97 101 2373481486
P 98 101 2373481486
P 99 101 2373481486
P 100 101 2373481486
P 101 101 2373481486
P 102 101 2373481486
P 103 101 2373481486
P 104 101 2508747791
P 105 101 2508747791
P 106 101 2508747791
P 107 101 2508747791
P 108 101 2508747791
P 109 101 2508747791
P 110 101 2508747791
P 111 101 2508747791
P 112 101 2644014096
P 113 101 2644014096
P 114 101 2644014096
P 115 101 2644014096
P 116 101 2644014096
P 117 101 2644014096
P 118 101 2644014096
P 119 101 2644014096
P 120 101 2779280401
P 121 101 2779280401
P 122 101 2779280401
P 123 101 2779280401
P 124 101 2779280401
P 125 101 2779280401
P 126 101 2779280401
P 127 101 2779280401
P 128 101 2914546706
P 129 101 2914546706
P 130 101 2914546706
P 131 101 2914546706
P 132 101 2914546706
P 133 101 2914546706
P 134 101 2914546706
P 135 101 2914546706
P 136 101 3049813011
P 137 101 3049813011
P 138 101 3049813011
P 139 101 3049813011
P 140 101 3049813011
P 141 101 3049813011
P 142 101 3049813011
P 143 101 3049813011
P 144 101 3185079316
P 145 101 3185079316
P 146 101 3185079316
P 147 101 3185079316
P 148 101 3185079316
P 149 101 3185079316
P 150 101 3185079316
P 151 101 3185079316
P 152 101 3320345621
P 153 101 3320345621
P 154 101 3320345621
P 155 101 3320345621
P 156 101 3320345621
P 157 101 3320345621
P 158 101 3320345621
P 159 101 3320345621
P 160 101 3455611926
P 161 101 3455611926
P 162 101 3455611926
P 163 101 3455611926
P 164 101 3455611926
P 165 101 3455611926
P 166 101 3455611926
P 167 101 3455611926
P 40 102 1426617351
P 41 102 1426617351
P 42 102 1426617351
P 43 102 1426617351
P 44 102 1426617351
P 45 102 1426617351
P 46 102 1426617351
P 47 102 1426617351
P 48 102 1561883656
P 49 102 1561883656
P 50 102 1561883656
P 51 102 1561883656
P 52 102 1561883656
P 53 102 1561883656
P 54 102 1561883656
P 55 102 1561883656
P 56 102 1697149961
P 57 102 1697149961
P 58 102 1697149961
P 59 102 1697149961
P 60 102 1697149961
P 61 102 1697149961
P 62 102 1697149961
P 63 102 1697149961
P 64 102 1832416266
P 65 102 1832416266
P 66 102 1832416266
P 67 102 1832416266
P 68 102 1832416266
P 69 102 1832416266
P 70 102 1832416266
P 71 102 1832416266
P 72 102 1967682571
P 73 102 1967682571
P 74 102 1967682571
P 75 102 1967682571
P 76 102 1967682571
P 77 102 1967682571
P 78 102 1967682571
P 79 102 1967682571
P 80 102 2102948876
P 81 102 2102948876
P 82 102 2102948876
P 83 102 2102948876
P 84 102 2102948876
P 85 102 2102948876
P 86 102 2102948876
P 87 102 2102948876
P 88 102 2238215181
P 89 102 2238215181
P 90 102 2238215181
P 91 102 2238215181
P 92 102 2238215181
P 93 102 2238215181
P 94 102 2238215181
P 95 102 2238215181
P 96 102 2373481486
P 97 102 2373481486
P 98 102 2373481486
P 99 102 2373481486
P 100 102 2373481486
P 101 102 2373481486
P 102 102 2373481486
P 103 102 2373481486
P 104 102 2508747791
P 105 102 2508747791
P 106 102 2508747791
P 107 102 2508747791
P 108 102 2508747791
P 109 102 2508747791
P 110 102 2508747791
P 111 102 2508747791
P 112 102 2644014096
P 113 102 2644014096
P 114 102 2644014096
P 115 102 2644014096
P 116 102 2644014096
P 117 102 2644014096
P 118 102 2644014096
P 119 102 2644014096
P 120 102 2779280401
P 121 102 2779280401
P 122 102 2779280401
P 123 102 2779280401
P 124 102 2779280401
P 125 102 2779280401
P 126 102 2779280401
P 127 102 2779280401
P 128 102 2914546706
P 129 102 2914546706
P 130 102 2914546706
P 131 102 2914546706
P 132 102 2914546706
P 133 102 2914546706
P 134 102 2914546706
P 135 102 2914546706
P 136 102 3049813011
P 137 102 3049813011
P 138 102 3049813011
P 139 102 3049813011
P 140 102 3049813011
P 141 102 3049813011
P 142 102 3049813011
P 143 102 3049813011
P 144 102 3185079316
P 145 102 3185079316
P 146 102 3185079316
P 147 102 3185079316
P 148 102 3185079316
P 149 102 3185079316
P 150 102 3185079316
P 151 102 3185079316
P 152 102 3320345621
P 153 102 3320345621
P 154 102 3320345621
P 155 102 3320345621
P 156 102 3320345621
P 157 102 3320345621
P 158 102 3320345621
P 159 102 3320345621
P 160 102 3455611926
P 161 102 3455611926
P 162 102 3455611926
P 163 102 3455611926
P 164 102 3455611926
P 165 102 3455611926
P 166 102 3455611926
P 167 102 3455611926
P 40 103 1426617351
P 41 103 1426617351
P 42 103 1426617351
P 43 103 1426617351
P 44 103 1426617351
P 45 103 1426617351
P 46 103 1426617351
P 47 103 1426617351
P 48 103 1561883656
P 49 103 1561883656
P 50 103 1561883656
P 51 103 1561883656
P 52 103 1561883656
P 53 103 1561883656
P 54 103 1561883656
P 55 103 1561883656
P 56 103 1697149961
P 57 103 1697149961
P 58 103 1697149961
P 59 103 1697149961
P 60 103 1697149961
P 61 103 1697149961
P 62 103 1697149961
P 63 103 1697149961
P 64 103 1832416266
P 65 103 1832416266
P 66 103 1832416266
P 67 103 1832416266
P 68 103 1832416266
P 69 103 1832416266
P 70 103 1832416266
P 71 103 1832416266
P 72 103 1967682571
P 73 103 1967682571
P 74 103 1967682571
P 75 103 1967682571
P 76 103 1967682571
P 77 103 1967682571
P 78 103 1967682571
P 79 103 1967682571
P 80 103 2102948876
P 81 103 2102948876
P 82 103 2102948876
P 83 103 2102948876
P 84 103 2102948876
P 85 103 2102948876
P 86 103 2102948876
P 87 103 2102948876
P 88 103 2238215181
P 89 103 2238215181
P 90 103 2238215181
P 91 103 2238215181
P 92 103 2238215181
P 93 103 2238215181
P 94 103 2238215181
P 95 103 2238215181
P 96 103 2373481486
P 97 103 2373481486
P 98 103 2373481486
P 99 103 2373481486
P 100 103 2373481486
P 101 103 2373481486
P 102 103 2373481486
P 103 103 2373481486
P 104 103 2508747791
P 105 103 2508747791
P 106 103 2508747791
P 107 103 2508747791
P 108 103 2508747791
P 109 103 2508747791
P 110 103 2508747791
P 111 103 2508747791
P 112 103 2644014096
P 113 103 2644014096
P 114 103 2644014096
P 115 103 2644014096
P 116 103 2644014096
P 117 103 2644014096
P 118 103 2644014096
P 119 103 2644014096
P 120 103 2779280401
P 121 103 2779280401
P 122 103 2779280401
P 123 103 2779280401
P 124 103 2779280401
P 125 103 2779280401
P 126 103 2779280401
P 127 103 2779280401
P 128 103 2914546706
P 129 103 2914546706
P 130 103 2914546706
P 131 103 2914546706
P 132 103 2914546706
P 133 103 2914546706
P 134 103 2914546706
P 135 103 2914546706
P 136 103 3049813011
P 137 103 3049813011
P 138 103 3049813011
P 139 103 3049813011
P 140 103 3049813011
P 141 103 3049813011
P 142 103 3049813011
P 143 103 3049813011
P 144 103 3185079316
P 145 103 3185079316
P 146 103 3185079316
P 147 103 3185079316
P 148 103 3185079316
P 149 103 3185079316
P 150 103 3185079316
P 151 103 3185079316
P 152 103 3320345621
P 153 103 3320345621
P 154 103 3320345621
P 155 103 3320345621
P 156 103 3320345621
P 157 103 3320345621
P 158 103 3320345621
P 159 103 3320345621
P 160 103 3455611926
P 161 103 3455611926
P 162 103 3455611926
P 163 103 3455611926
P 164 103 3455611926
P 165 103 3455611926
P 166 103 3455611926
P 167 103 3455611926
P 40 104 1476953096
P 41 104 1476953096
P 42 104 1476953096
P 43 104 1476953096
P 44 104 1476953096
P 45 104 1476953096
P 46 104 1476953096
P 47 104 1476953096
P 48 104 1612219401
P 49 104 1612219401
P 50 104 1612219401
P 51 104 1612219401
P 52 104 1612219401
P 53 104 1612219401
P 54 104 1612219401
P 55 104 1612219401
P 56 104 1747485706
P 57 104 1747485706
P 58 104 1747485706
P 59 104 1747485706
P 60 104 1747485706
P 61 104 1747485706
P 62 104 1747485706
P 63 104 1747485706
P 64 104 1882752011
P 65 104 1882752011
P 66 104 1882752011
P 67 104 1882752011
P 68 104 1882752011
P 69 104 1882752011
P 70 104 1882752011
P 71 104 1882752011
P 72 104 2018018316
P 73 104 2018018316
P 74 104 2018018316
P 75 104 2018018316
P 76 104 2018018316
P 77 104 2018018316
P 78 104 2018018316
P 79 104 2018018316
P 80 104 2153284621
P 81 104 2153284621
P 82 104 2153284621
P 83 104 2153284621
P 84 104 2153284621
P 85 104 2153284621
P 86 104 2153284621
P 87 104 2153284621
P 88 104 2288550926
P 89 104 2288550926
P 90 104 2288550926
P 91 104 2288550926
P 92 104 2288550926
P 93 104 2288550926
P 94 104 2288550926
P 95 104 2288550926
P 96 104 2423817231
P 97 104 2423817231
P 98 104 2423817231
P 99 104 2423817231
P 100 104 2423817231
P 101 104 2423817231
P 102 104 2423817231
P 103 104 2423817231
P 104 104 2559083536
P 105 104 2559083536
P 106 104 2559083536
P 107 104 2559083536
P 108 104 2559083536
P 109 104 2559083536
P 110 104 2559083536
P 111 104 2559083536
P 112 104 2694349841
P 113 104 2694349841
P 114 104 2694349841
P 115 104 2694349841
P 116 104 2694349841
P 117 104 2694349841
P 118 104 2694349841
P 119 104 2694349841
P 120 104 2829616146
P 121 104 2829616146
P 122 104 2829616146
P 123 104 2829616146
P 124 104 2829616146
P 125 104 2829616146
P 126 104 2829616146
P 127 104 2829616146
P 128 104 2964882451
P 129 104 2964882451
P 130 104 2964882451
P 131 104 2964882451
P 132 104 2964882451
P 133 104 2964882451
P 134 104 2964882451
P 135 104 2964882451
P 136 104 3100148756
P 137 104 3100148756
P 138 104 3100148756
P 139 104 3100148756
P 140 104 3100148756
P 141 104 3100148756
P 142 104 3100148756
P 143 104 3100148756
P 144 104 3235415061
P 145 104 3235415061
P 146 104 3235415061
P 147 104 3235415061
P 148 104 3235415061
P 149 104 3235415061
P 150 104 3235415061
P 151 104 3235415061
P 152 104 3370681366
P 153 104 3370681366
P 154 104 3370681366
P 155 104 3370681366
P 156 104 3370681366
P 157 104 3370681366
P 158 104 3370681366
P 159 104 3370681366
P 160 104 3505947671
P 161 104 3505947671
P 162 104 3505947671
P 163 104 3505947671
P 164 104 3505947671
P 165 104 3505947671
P 166 104 3505947671
P 167 104 3505947671
P 40 105 1476953096
P 41 105 1476953096
P 42 105 1476953096
P 43 105 1476953096
P 44 105 1476953096
P 45 105 1476953096
P 46 105 1476953096
P 47 105 1476953096
P 48 105 1612219401
P 49 105 1612219401
P 50 105 1612219401
P 51 105 1612219401
P 52 105 1612219401
P 53 105 1612219401
P 54 105 1612219401
P 55 105 1612219401
P 56 105 1747485706
P 57 105 1747485706
P 58 105 1747485706
P 59 105 1747485706
P 60 105 1747485706
P 61 105 1747485706
P 62 105 1747485706
P 63 105 1747485706
P 64 105 1882752011
P 65 105 1882752011
P 66 105 1882752011
P 67 105 1882752011
P 68 105 1882752011
P 69 105 1882752011
P 70 105 1882752011
P 71 105 1882752011
P 72 105 2018018316
P 73 105 2018018316
P 74 105 2018018316
P 75 105 2018018316
P 76 105 2018018316
P 77 105 2018018316
P 78 105 2018018316
P 79 105 2018018316
P 80 105 2153284621
P 81 105 2153284621
P 82 105 2153284621
P 83 105 2153284621
P 84 105 2153284621
P 85 105 2153284621
P 86 105 2153284621
P 87 105 2153284621
P 88 105 2288550926
P 89 105 2288550926
P 90 105 2288550926
P 91 105 2288550926
P 92 105 2288550926
P 93 105 2288550926
P 94 105 2288550926
P 95 105 2288550926
P 96 105 2423817231
P 97 105 2423817231
P 98 105 2423817231
P 99 105 2423817231
P 100 105 2423817231
P 101 105 2423817231
P 102 105 2423817231
P 103 105 2423817231
P 104 105 2559083536
P 105 105 2559083536
P 106 105 2559083536
P 107 105 2559083536
P 108 105 2559083536
P 109 105 2559083536
P 110 105 2559083536
P 111 105 2559083536
P 112 105 2694349841
P 113 105 2694349841
P 114 105 2694349841
P 115 105 2694349841
P 116 105 2694349841
P 117 105 2694349841
P 118 105 2694349841
P 119 105 2694349841
P 120 105 2829616146
P 121 105 2829616146
P 122 105 2829616146
P 123 105 2829616146
P 124 105 2829616146
P 125 105 2829616146
P 126 105 2829616146
P 127 105 2829616146
P 128 105 2964882451
P 129 105 2964882451
P 130 105 2964882451
P 131 105 2964882451
P 132 105 2964882451
P 133 105 2964882451
P 134 105 2964882451
P 135 105 2964882451
P 136 105 3100148756
P 137 105 3100148756
P 138 105 3100148756
P 139 105 3100148756
P 140 105 3100148756
P 141 105 3100148756
P 142 105 3100148756
P 143 105 3100148756
P 144 105 3235415061
P 145 105 3235415061
P 146 105 3235415061
P 147 105 3235415061
P 148 105 3235415061
P 149 105 3235415061
P 150 105 3235415061
P 151 105 3235415061
P 152 105 3370681366
P 153 105 3370681366
P 154 105 3370681366
P 155 105 3370681366
P 156 105 3370681366
P 157 105 3370681366
P 158 105 3370681366
P 159 105 3370681366
P 160 105 3505947671
P 161 105 3505947671
P 162 105 3505947671
P 163 105 3505947671
P 164 105 3505947671
P 165 105 3505947671
P 166 105 3505947671
P 167 105 3505947671
P 40 106 1476953096
P 41 106 1476953096
P 42 106 1476953096
P 43 106 1476953096
P 44 106 1476953096
P 45 106 1476953096
P 46 106 1476953096
P 47 106 1476953096
P 48 106 1612219401
P 49 106 1612219401
P 50 106 1612219401
P 51 106 1612219401
P 52 106 1612219401
P 53 106 1612219401
P 54 106 1612219401
P 55 106 1612219401
P 56 106 1747485706
P 57 106 1747485706
P 58 106 1747485706
P 59 106 1747485706
P 60 106 1747485706
P 61 106 1747485706
P 62 106 1747485706
P 63 106 1747485706
P 64 106 1882752011
P 65 106 1882752011
P 66 106 1882752011
P 67 106 1882752011
P 68 106 1882752011
P 69 106 1882752011
P 70 106 1882752011
P 71 106 1882752011
P 72 106 2018018316
P 73 106 2018018316
P 74 106 2018018316
P 75 106 2018018316
P 76 106 2018018316
P 77 106 2018018316
P 78 106 2018018316
P 79 106 2018018316
P 80 106 2153284621
P 81 106 2153284621
P 82 106 2153284621
P 83 106 2153284621
P 84 106 2153284621
P 85 106 2153284621
P 86 106 2153284621
P 87 106 2153284621
P 88 106 2288550926
P 89 106 2288550926
P 90 106 2288550926
P 91 106 2288550926
P 92 106 2288550926
P 93 106 2288550926
P 94 106 2288550926
P 95 106 2288550926
P 96 106 2423817231
P 97 106 2423817231
P 98 106 2423817231
P 99 106 2423817231
P 100 106 2423817231
P 101 106 2423817231
P 102 106 2423817231
P 103 106 2423817231
P 104 106 2559083536
P 105 106 2559083536
P 106 106 2559083536
P 107 106 2559083536
P 108 106 2559083536
P 109 106 2559083536
P 110 106 2559083536
P 111 106 2559083536
P 112 106 2694349841
P 113 106 2694349841
P 114 106 2694349841
P 115 106 2694349841
P 116 106 2694349841
P 117 106 2694349841
P 118 106 2694349841
P 119 106 2694349841
P 120 106 2829616146
P 121 106 2829616146
P 122 106 2829616146
P 123 106 2829616146
P 124 106 2829616146
P 125 106 2829616146
P 126 106 2829616146
P 127 106 2829616146
P 128 106 2964882451
P 129 106 2964882451
P 130 106 2964882451
P 131 106 2964882451
P 132 106 2964882451
P 133 106 2964882451
P 134 106 2964882451
P 135 106 2964882451
P 136 106 3100148756
P 137 106 3100148756
P 138 106 3100148756
P 139 106 3100148756
P 140 106 3100148756
P 141 106 3100148756
P 142 106 3100148756
P 143 106 3100148756
P 144 106 3235415061
P 145 106 3235415061
P 146 106 3235415061
P 147 106 3235415061
P 148 106 3235415061
P 149 106 3235415061
P 150 106 3235415061
P 151 106 3235415061
P 152 106 3370681366
P 153 106 3370681366
P 154 106 3370681366
P 155 106 3370681366
P 156 106 3370681366
P 157 106 3370681366
P 158 106 3370681366
P 159 106 3370681366
P 160 106 3505947671
P 161 106 3505947671
P 162 106 3505947671
P 163 106 3505947671
P 164 106 3505947671
P 165 106 3505947671
P 166 106 3505947671
P 167 106 3505947671
P 40 107 1476953096
P 41 107 1476953096
P 42 107 1476953096
P 43 107 1476953096
P 44 107 1476953096
P 45 107 1476953096
P 46 107 1476953096
P 47 107 1476953096
P 48 107 1612219401
P 49 107 1612219401
P 50 107 1612219401
P 51 107 1612219401
P 52 107 1612219401
P 53 107 1612219401
P 54 107 1612219401
P 55 107 1612219401
P 56 107 1747485706
P 57 107 1747485706
P 58 107 1747485706
P 59 107 1747485706
P 60 107 1747485706
P 61 107 1747485706
P 62 107 1747485706
P 63 107 1747485706
P 64 107 1882752011
P 65 107 1882752011
P 66 107 1882752011
P 67 107 1882752011
P 68 107 1882752011
P 69 107 1882752011
P 70 107 1882752011
P 71 107 1882752011
P 72 107 2018018316
P 73 107 2018018316
P 74 107 2018018316
P 75 107 2018018316
P 76 107 2018018316
P 77 107 2018018316
P 78 107 2018018316
P 79 107 2018018316
P 80 107 2153284621
P 81 107 2153284621
P 82 107 2153284621
P 83 107 2153284621
P 84 107 2153284621
P 85 107 2153284621
P 86 107 2153284621
P 87 107 2153284621
P 88 107 2288550926
P 89 107 2288550926
P 90 107 2288550926
P 91 107 2288550926
P 92 107 2288550926
P 93 107 2288550926
P 94 107 2288550926
P 95 107 2288550926
P 96 107 2423817231
P 97 107 2423817231
P 98 107 2423817231
P 99 107 2423817231
P 100 107 2423817231
P 101 107 2423817231
P 102 107 2423817231
P 103 107 2423817231
P 104 107 2559083536
P 105 107 2559083536
P 106 107 2559083536
P 107 107 2559083536
P 108 107 2559083536
P 109 107 2559083536
P 110 107 2559083536
P 111 107 2559083536
P 112 107 2694349841
P 113 107 2694349841
P 114 107 2694349841
P 115 107 2694349841
P 116 107 2694349841
P 117 107 2694349841
P 118 107 2694349841
P 119 107 2694349841
P 120 107 2829616146
P 121 107 2829616146
P 122 107 2829616146
P 123 107 2829616146
P 124 107 2829616146
P 125 107 2829616146
P 126 107 2829616146
P 127 107 2829616146
P 128 107 2964882451
P 129 107 2964882451
P 130 107 2964882451
P 131 107 2964882451
P 132 107 2964882451
P 133 107 2964882451
P 134 107 2964882451
P 135 107 2964882451
P 136 107 3100148756
P 137 107 3100148756
P 138 107 3100148756
P 139 107 3100148756
P 140 107 3100148756
P 141 107 3100148756
P 142 107 3100148756
P 143 107 3100148756
P 144 107 3235415061
P 145 107 3235415061
P 146 107 3235415061
P 147 107 3235415061
P 148 107 3235415061
P 149 107 3235415061
P 150 107 3235415061
P 151 107 3235415061
P 152 107 3370681366
P 153 107 3370681366
P 154 107 3370681366
P 155 107 3370681366
P 156 107 3370681366
P 157 107 3370681366
P 158 107 3370681366
P 159 107 3370681366
P 160 107 3505947671
P 161 107 3505947671
P 162 107 3505947671
P 163 107 3505947671
P 164 107 3505947671
P 165 107 3505947671
P 166 107 3505947671
P 167 107 3505947671
P 40 108 1476953096
P 41 108 1476953096
P 42 108 1476953096
P 43 108 1476953096
P 44 108 1476953096
P 45 108 1476953096
P 46 108 1476953096
P 47 108 1476953096
P 48 108 1612219401
P 49 108 1612219401
P 50 108 1612219401
P 51 108 1612219401
P 52 108 1612219401
P 53 108 1612219401
P 54 108 1612219401
P 55 108 1612219401
P 56 108 1747485706
P 57 108 1747485706
P 58 108 1747485706
P 59 108 1747485706
P 60 108 1747485706
P 61 108 1747485706
P 62 108 1747485706
P 63 108 1747485706
P 64 108 1882752011
P 65 108 1882752011
P 66 108 1882752011
P 67 108 1882752011
P 68 108 1882752011
P 69 108 1882752011
P 70 108 1882752011
P 71 108 1882752011
P 72 108 2018018316
P 73 108 2018018316
P 74 108 2018018316
P 75 108 2018018316
P 76 108 2018018316
P 77 108 2018018316
P 78 108 2018018316
P 79 108 2018018316
P 80 108 2153284621
P 81 108 2153284621
P 82 108 2153284621
P 83 108 2153284621
P 84 108 2153284621
P 85 108 2153284621
P 86 108 2153284621
P 87 108 2153284621
P 88 108 2288550926
P 89 108 2288550926
P 90 108 2288550926
P 91 108 2288550926
P 92 108 2288550926
P 93 108 2288550926
P 94 108 2288550926
P 95 108 2288550926
P 96 108 2423817231
P 97 108 2423817231
P 98 108 2423817231
P 99 108 2423817231
P 100 108 2423817231
P 101 108 2423817231
P 102 108 2423817231
P 103 108 2423817231
P 104 108 2559083536
P 105 108 2559083536
P 106 108 2559083536
P 107 108 2559083536
P 108 108 2559083536
P 109 108 2559083536
P 110 108 2559083536
P 111 108 2559083536
P 112 108 2694349841
P 113 108 2694349841
P 114 108 2694349841
P 115 108 2694349841
P 116 108 2694349841
P 117 108 2694349841
P 118 108 2694349841
P 119 108 2694349841
P 120 108 2829616146
P 121 108 2829616146
P 122 108 2829616146
P 123 108 2829616146
P 124 108 2829616146
P 125 108 2829616146
P 126 108 2829616146
P 127 108 2829616146
P 128 108 2964882451
P 129 108 2964882451
P 130 108 2964882451
P 131 108 2964882451
P 132 108 2964882451
P 133 108 2964882451
P 134 108 2964882451
P 135 108 2964882451
P 136 108 3100148756
P 137 108 3100148756
P 138 108 3100148756
P 139 108 3100148756
P 140 108 3100148756
P 141 108 3100148756
P 142 108 3100148756
P 143 108 3100148756
P 144 108 3235415061
P 145 108 3235415061
P 146 108 3235415061
P 147 108 3235415061
P 148 108 3235415061
P 149 108 3235415061
P 150 108 3235415061
P 151 108 3235415061
P 152 108 3370681366
P 153 108 3370681366
P 154 108 3370681366
P 155 108 3370681366
P 156 108 3370681366
P 157 108 3370681366
P 158 108 3370681366
P 159 108 3370681366
P 160 108 3505947671
P 161 108 3505947671
P 162 108 3505947671
P 163 108 3505947671
P 164 108 3505947671
P 165 108 3505947671
P 166 108 3505947671
P 167 108 3505947671
P 40 109 1476953096
P 41 109 1476953096
P 42 109 1476953096
P 43 109 1476953096
P 44 109 1476953096
P 45 109 1476953096
P 46 109 1476953096
P 47 109 1476953096
P 48 109 1612219401
P 49 109 1612219401
P 50 109 1612219401
P 51 109 1612219401
P 52 109 1612219401
P 53 109 1612219401
P 54 109 1612219401
P 55 109 1612219401
P 56 109 1747485706
P 57 109 1747485706
P 58 109 1747485706
P 59 109 1747485706
P 60 109 1747485706
P 61 109 1747485706
P 62 109 1747485706
P 63 109 1747485706
P 64 109 1882752011
P 65 109 1882752011
P 66 109 1882752011
P 67 109 1882752011
P 68 109 1882752011
P 69 109 1882752011
P 70 109 1882752011
P 71 109 1882752011
P 72 109 2018018316
P 73 109 2018018316
P 74 109 2018018316
P 75 109 2018018316
P 76 109 2018018316
P 77 109 2018018316
P 78 109 2018018316
P 79 109 2018018316
P 80 109 2153284621
P 81 109 2153284621
P 82 109 2153284621
P 83 109 2153284621
P 84 109 2153284621
P 85 109 2153284621
P 86 109 2153284621
P 87 109 2153284621
P 88 109 2288550926
P 89 109 2288550926
P 90 109 2288550926
P 91 109 2288550926
P 92 109 2288550926
P 93 109 2288550926
P 94 109 2288550926
P 95 109 2288550926
P 96 109 2423817231
P 97 109 2423817231
P 98 109 2423817231
P 99 109 2423817231
P 100 109 2423817231
P 101 109 2423817231
P 102 109 2423817231
P 103 109 2423817231
P 104 109 2559083536
P 105 109 2559083536
P 106 109 2559083536
P 107 109 2559083536
P 108 109 2559083536
P 109 109 2559083536
P 110 109 2559083536
P 111 109 2559083536
P 112 109 2694349841
P 113 109 2694349841
P 114 109 2694349841
P 115 109 2694349841
P 116 109 2694349841
P 117 109 2694349841
P 118 109 2694349841
P 119 109 2694349841
P 120 109 2829616146
P 121 109 2829616146
P 122 109 2829616146
P 123 109 2829616146
P 124 109 2829616146
P 125 109 2829616146
P 126 109 2829616146
P 127 109 2829616146
P 128 109 2964882451
P 129 109 2964882451
P 130 109 2964882451
P 131 109 2964882451
P 132 109 2964882451
P 133 109 2964882451
P 134 109 2964882451
P 135 109 2964882451
P 136 109 3100148756
P 137 109 3100148756
P 138 109 3100148756
P 139 109 3100148756
P 140 109 3100148756
P 141 109 3100148756
P 142 109 3100148756
P 143 109 3100148756
P 144 109 3235415061
P 145 109 3235415061
P 146 109 3235415061
P 147 109 3235415061
P 148 109 3235415061
P 149 109 3235415061
P 150 109 3235415061
P 151 109 3235415061
P 152 109 3370681366
P 153 109 3370681366
P 154 109 3370681366
P 155 109 3370681366
P 156 109 3370681366
P 157 109 3370681366
P 158 109 3370681366
P 159 109 3370681366
P 160 109 3505947671
P 161 109 3505947671
P 162 109 3505947671
P 163 109 3505947671
P 164 109 3505947671
P 165 109 3505947671
P 166 109 3505947671
P 167 109 3505947671
P 40 110 1476953096
P 41 110 1476953096
P 42 110 1476953096
P 43 110 1476953096
P 44 110 1476953096
P 45 110 1476953096
P 46 110 1476953096
P 47 110 1476953096
P 48 110 1612219401
P 49 110 1612219401
P 50 110 1612219401
P 51 110 1612219401
P 52 110 1612219401
P 53 110 1612219401
P 54 110 1612219401
P 55 110 1612219401
P 56 110 1747485706
P 57 110 1747485706
P 58 110 1747485706
P 59 110 1747485706
P 60 110 1747485706
P 61 110 1747485706
P 62 110 1747485706
P 63 110 1747485706
P 64 110 1882752011
P 65 110 1882752011
P 66 110 1882752011
P 67 110 1882752011
P 68 110 1882752011
P 69 110 1882752011
P 70 110 1882752011
P 71 110 1882752011
P 72 110 2018018316
P 73 110 2018018316
P 74 110 2018018316
P 75 110 2018018316
P 76 110 2018018316
P 77 110 2018018316
P 78 110 2018018316
P 79 110 2018018316
P 80 110 2153284621
P 81 110 2153284621
P 82 110 2153284621
P 83 110 2153284621
P 84 110 2153284621
P 85 110 2153284621
P 86 110 2153284621
P 87 110 2153284621
P 88 110 2288550926
P 89 110 2288550926
P 90 110 2288550926
P 91 110 2288550926
P 92 110 2288550926
P 93 110 2288550926
P 94 110 2288550926
P 95 110 2288550926
P 96 110 2423817231
P 97 110 2423817231
P 98 110 2423817231
P 99 110 2423817231
P 100 110 2423817231
P 101 110 2423817231
P 102 110 2423817231
P 103 110 2423817231
P 104 110 2559083536
P 105 110 2559083536
P 106 110 2559083536
P 107 110 2559083536
P 108 110 2559083536
P 109 110 2559083536
P 110 110 2559083536
P 111 110 2559083536
P 112 110 2694349841
P 113 110 2694349841
P 114 110 2694349841
P 115 110 2694349841
P 116 110 2694349841
P 117 110 2694349841
P 118 110 2694349841
P 119 110 2694349841
P 120 110 2829616146
P 121 110 2829616146
P 122 110 2829616146
P 123 110 2829616146
P 124 110 2829616146
P 125 110 2829616146
P 126 110 2829616146
P 127 110 2829616146
P 128 110 2964882451
P 129 110 2964882451
P 130 110 2964882451
P 131 110 2964882451
P 132 110 2964882451
P 133 110 2964882451
P 134 110 2964882451
P 135 110 2964882451
P 136 110 3100148756
P 137 110 3100148756
P 138 110 3100148756
P 139 110 3100148756
P 140 110 3100148756
P 141 110 3100148756
P 142 110 3100148756
P 143 110 3100148756
P 144 110 3235415061
P 145 110 3235415061
P 146 110 3235415061
P 147 110 3235415061
P 148 110 3235415061
P 149 110 3235415061
P 150 110 3235415061
P 151 110 3235415061
P 152 110 3370681366
P 153 110 3370681366
P 154 110 3370681366
P 155 110 3370681366
P 156 110 3370681366
P 157 110 3370681366
P 158 110 3370681366
P 159 110 3370681366
P 160 110 3505947671
P 161 110 3505947671
P 162 110 3505947671
P 163 110 3505947671
P 164 110 3505947671
P 165 110 3505947671
P 166 110 3505947671
P 167 110 3505947671
P 40 111 1476953096
P 41 111 1476953096
P 42 111 1476953096
P 43 111 1476953096
P 44 111 1476953096
P 45 111 1476953096
P 46 111 1476953096
P 47 111 1476953096
P 48 111 1612219401
P 49 111 1612219401
P 50 111 1612219401
P 51 111 1612219401
P 52 111 1612219401
P 53 111 1612219401
P 54 111 1612219401
P 55 111 1612219401
P 56 111 1747485706
P 57 111 1747485706
P 58 111 1747485706
P 59 111 1747485706
P 60 111 1747485706
P 61 111 1747485706
P 62 111 1747485706
P 63 111 1747485706
P 64 111 1882752011
P 65 111 1882752011
P 66 111 1882752011
P 67 111 1882752011
P 68 111 1882752011
P 69 111 1882752011
P 70 111 1882752011
P 71 111 1882752011
P 72 111 2018018316
P 73 111 2018018316
P 74 111 2018018316
P 75 111 2018018316
P 76 111 2018018316
P 77 111 2018018316
P 78 111 2018018316
P 79 111 2018018316
P 80 111 2153284621
P 81 111 2153284621
P 82 111 2153284621
P 83 111 2153284621
P 84 111 2153284621
P 85 111 2153284621
P 86 111 2153284621
P 87 111 2153284621
P 88 111 2288550926
P 89 111 2288550926
P 90 111 2288550926
P 91 111 2288550926
P 92 111 2288550926
P 93 111 2288550926
P 94 111 2288550926
P 95 111 2288550926
P 96 111 2423817231
P 97 111 2423817231
P 98 111 2423817231
P 99 111 2423817231
P 100 111 2423817231
P 101 111 2423817231
P 102 111 2423817231
P 103 111 2423817231
P 104 111 2559083536
P 105 111 2559083536
P 106 111 2559083536
P 107 111 2559083536
P 108 111 2559083536
P 109 111 2559083536
P 110 111 2559083536
P 111 111 2559083536
P 112 111 2694349841
P 113 111 2694349841
P 114 111 2694349841
P 115 111 2694349841
P 116 111 2694349841
P 117 111 2694349841
P 118 111 2694349841
P 119 111 2694349841
P 120 111 2829616146
P 121 111 2829616146
P 122 111 2829616146
P 123 111 2829616146
P 124 111 2829616146
P 125 111 2829616146
P 126 111 2829616146
P 127 111 2829616146
P 128 111 2964882451
P 129 111 2964882451
P 130 111 2964882451
P 131 111 2964882451
P 132 111 2964882451
P 133 111 2964882451
P 134 111 2964882451
P 135 111 2964882451
P 136 111 3100148756
P 137 111 3100148756
P 138 111 3100148756
P 139 111 3100148756
P 140 111 3100148756
P 141 111 3100148756
P 142 111 3100148756
P 143 111 3100148756
P 144 111 3235415061
P 145 111 3235415061
P 146 111 3235415061
P 147 111 3235415061
P 148 111 3235415061
P 149 111 3235415061
P 150 111 3235415061
P 151 111 3235415061
P 152 111 3370681366
P 153 111 3370681366
P 154 111 3370681366
P 155 111 3370681366
P 156 111 3370681366
P 157 111 3370681366
P 158 111 3370681366
P 159 111 3370681366
P 160 111 3505947671
P 161 111 3505947671
P 162 111 3505947671
P 163 111 3505947671
P 164 111 3505947671
P 165 111 3505947671
P 166 111 3505947671
P 167 111 3505947671
P 40 112 1527288841
P 41 112 1527288841
P 42 112 1527288841
P 43 112 1527288841
P 44 112 1527288841
P 45 112 1527288841
P 46 112 1527288841
P 47 112 1527288841
P 48 112 1662555146
P 49 112 1662555146
P 50 112 1662555146
P 51 112 1662555146
P 52 112 1662555146
P 53 112 1662555146
P 54 112 1662555146
P 55 112 1662555146
P 56 112 1797821451
P 57 112 1797821451
P 58 112 1797821451
P 59 112 1797821451
P 60 112 1797821451
P 61 112 1797821451
P 62 112 1797821451
P 63 112 1797821451
P 64 112 1933087756
P 65 112 1933087756
P 66 112 1933087756
P 67 112 1933087756
P 68 112 1933087756
P 69 112 1933087756
P 70 112 1933087756
P 71 112 1933087756
P 72 112 2068354061
P 73 112 2068354061
P 74 112 2068354061
P 75 112 2068354061
P 76 112 2068354061
P 77 112 2068354061
P 78 112 2068354061
P 79 112 2068354061
P 80 112 2203620366
P 81 112 2203620366
P 82 112 2203620366
P 83 112 2203620366
P 84 112 2203620366
P 85 112 2203620366
P 86 112 2203620366
P 87 112 2203620366
P 88 112 2338886671
P 89 112 2338886671
P 90 112 2338886671
P 91 112 2338886671
P 92 112 2338886671
P 93 112 2338886671
P 94 112 2338886671
P 95 112 2338886671
P 96 112 2474152976
P 97 112 2474152976
P 98 112 2474152976
P 99 112 2474152976
P 100 112 2474152976
P 101 112 2474152976
P 102 112 2474152976
P 103 112 2474152976
P 104 112 2609419281
P 105 112 2609419281
P 106 112 2609419281
P 107 112 2609419281
P 108 112 2609419281
P 109 112 2609419281
P 110 112 2609419281
P 111 112 2609419281
P 112 112 2744685586
P 113 112 2744685586
P 114 112 2744685586
P 115 112 2744685586
P 116 112 2744685586
P 117 112 2744685586
P 118 112 2744685586
P 119 112 2744685586
P 120 112 2879951891
P 121 112 2879951891
P 122 112 2879951891
P 123 112 2879951891
P 124 112 2879951891
P 125 112 2879951891
P 126 112 2879951891
P 127 112 2879951891
P 128 112 3015218196
P 129 112 3015218196
P 130 112 3015218196
P 131 112 3015218196
P 132 112 3015218196
P 133 112 3015218196
P 134 112 3015218196
P 135 112 3015218196
P 136 112 3150484501
P 137 112 3150484501
P 138 112 3150484501
P 139 112 3150484501
P 140 112 3150484501
P 141 112 3150484501
P 142 112 3150484501
P 143 112 3150484501
P 144 112 3285750806
P 145 112 3285750806
P 146 112 3285750806
P 147 112 3285750806
P 148 112 3285750806
P 149 112 3285750806
P 150 112 3285750806
P 151 112 3285750806
P 152 112 3421017111
P 153 112 3421017111
P 154 112 3421017111
P 155 112 3421017111
P 156 112 3421017111
P 157 112 3421017111
P 158 112 3421017111
P 159 112 3421017111
P 160 112 3556283416
P 161 112 3556283416
P 162 112 3556283416
P 163 112 3556283416
P 164 112 3556283416
P 165 112 3556283416
P 166 112 3556283416
P 167 112 3556283416
P 40 113 1527288841
P 41 113 1527288841
P 42 113 1527288841
P 43 113 1527288841
P 44 113 1527288841
P 45 113 1527288841
P 46 113 1527288841
P 47 113 1527288841
P 48 113 1662555146
P 49 113 1662555146
P 50 113 1662555146
P 51 113 1662555146
P 52 113 1662555146
P 53 113 1662555146
P 54 113 1662555146
P 55 113 1662555146
P 56 113 1797821451
P 57 113 1797821451
P 58 113 1797821451
P 59 113 1797821451
P 60 113 1797821451
P 61 113 1797821451
P 62 113 1797821451
P 63 113 1797821451
P 64 113 1933087756
P 65 113 1933087756
P 66 113 1933087756
P 67 113 1933087756
P 68 113 1933087756
P 69 113 1933087756
P 70 113 1933087756
P 71 113 1933087756
P 72 113 2068354061
P 73 113 2068354061
P 74 113 2068354061
P 75 113 2068354061
P 76 113 2068354061
P 77 113 2068354061
P 78 113 2068354061
P 79 113 2068354061
P 80 113 2203620366
P 81 113 2203620366
P 82 113 2203620366
P 83 113 2203620366
P 84 113 2203620366
P 85 113 2203620366
P 86 113 2203620366
P 87 113 2203620366
P 88 113 2338886671
P 89 113 2338886671
P 90 113 2338886671
P 91 113 2338886671
P 92 113 2338886671
P 93 113 2338886671
P 94 113 2338886671
P 95 113 2338886671
P 96 113 2474152976
P 97 113 2474152976
P 98 113 2474152976
P 99 113 2474152976
P 100 113 2474152976
P 101 113 2474152976
P 102 113 2474152976
P 103 113 2474152976
P 104 113 2609419281
P 105 113 2609419281
P 106 113 2609419281
P 107 113 2609419281
P 108 113 2609419281
P 109 113 2609419281
P 110 113 2609419281
P 111 113 2609419281
P 112 113 2744685586
P 113 113 2744685586
P 114 113 2744685586
P 115 113 2744685586
P 116 113 2744685586
P 117 113 2744685586
P 118 113 2744685586
P 119 113 2744685586
P 120 113 2879951891
P 121 113 2879951891
P 122 113 2879951891
P 123 113 2879951891
P 124 113 2879951891
P 125 113 2879951891
P 126 113 2879951891
P 127 113 2879951891
P 128 113 3015218196
P 129 113 3015218196
P 130 113 3015218196
P 131 113 3015218196
P 132 113 3015218196
P 133 113 3015218196
P 134 113 3015218196
P 135 113 3015218196
P 136 113 3150484501
P 137 113 3150484501
P 138 113 3150484501
P 139 113 3150484501
P 140 113 3150484501
P 141 113 3150484501
P 142 113 3150484501
P 143 113 3150484501
P 144 113 3285750806
P 145 113 3285750806
P 146 113 3285750806
P 147 113 3285750806
P 148 113 3285750806
P 149 113 3285750806
P 150 113 3285750806
P 151 113 3285750806
P 152 113 3421017111
P 153 113 3421017111
P 154 113 3421017111
P 155 113 3421017111
P 156 113 3421017111
P 157 113 3421017111
P 158 113 3421017111
P 159 113 3421017111
P 160 113 3556283416
P 161 113 3556283416
P 162 113 3556283416
P 163 113 3556283416
P 164 113 3556283416
P 165 113 3556283416
P 166 113 3556283416
P 167 113 3556283416
P 40 114 1527288841
P 41 114 1527288841
P 42 114 1527288841
P 43 114 1527288841
P 44 114 1527288841
P 45 114 1527288841
P 46 114 1527288841
P 47 114 1527288841
P 48 114 1662555146
P 49 114 1662555146
P 50 114 1662555146
P 51 114 1662555146
P 52 114 1662555146
P 53 114 1662555146
P 54 114 1662555146
P 55 114 1662555146
P 56 114 1797821451
P 57 114 1797821451
P 58 114 1797821451
P 59 114 1797821451
P 60 114 1797821451
P 61 114 1797821451
P 62 114 1797821451
P 63 114 1797821451
P 64 114 1933087756
P 65 114 1933087756
P 66 114 1933087756
P 67 114 1933087756
P 68 114 1933087756
P 69 114 1933087756
P 70 114 1933087756
P 71 114 1933087756
P 72 114 2068354061
P 73 114 2068354061
P 74 114 2068354061
P 75 114 2068354061
P 76 114 2068354061
P 77 114 2068354061
P 78 114 2068354061
P 79 114 2068354061
P 80 114 2203620366
P 81 114 2203620366
P 82 114 2203620366
P 83 114 2203620366
P 84 114 2203620366
P 85 114 2203620366
P 86 114 2203620366
P 87 114 2203620366
P 88 114 2338886671
P 89 114 2338886671
P 90 114 2338886671
P 91 114 2338886671
P 92 114 2338886671
P 93 114 2338886671
P 94 114 2338886671
P 95 114 2338886671
P 96 114 2474152976
P 97 114 2474152976
P 98 114 2474152976
P 99 114 2474152976
P 100 114 2474152976
P 101 114 2474152976
P 102 114 2474152976
P 103 114 2474152976
P 104 114 2609419281
P 105 114 2609419281
P 106 114 2609419281
P 107 114 2609419281
P 108 114 2609419281
P 109 114 2609419281
P 110 114 2609419281
P 111 114 2609419281
P 112 114 2744685586
P 113 114 2744685586
P 114 114 2744685586
P 115 114 2744685586
P 116 114 2744685586
P 117 114 2744685586
P 118 114 2744685586
P 119 114 2744685586
P 120 114 2879951891
P 121 114 2879951891
P 122 114 2879951891
P 123 114 2879951891
P 124 114 2879951891
P 125 114 2879951891
P 126 114 2879951891
P 127 114 2879951891
P 128 114 3015218196
P 129 114 3015218196
P 130 114 3015218196
P 131 114 3015218196
P 132 114 3015218196
P 133 114 3015218196
P 134 114 3015218196
P 135 114 3015218196
P 136 114 3150484501
P 137 114 3150484501
P 138 114 3150484501
P 139 114 3150484501
P 140 114 3150484501
P 141 114 3150484501
P 142 114 3150484501
P 143 114 3150484501
P 144 114 3285750806
P 145 114 3285750806
P 146 114 3285750806
P 147 114 3285750806
P 148 114 3285750806
P 149 114 3285750806
P 150 114 3285750806
P 151 114 3285750806
P 152 114 3421017111
P 153 114 3421017111
P 154 114 3421017111
P 155 114 3421017111
P 156 114 3421017111
P 157 114 3421017111
P 158 114 3421017111
P 159 114 3421017111
P 160 114 3556283416
P 161 114 3556283416
P 162 114 3556283416
P 163 114 3556283416
P 164 114 3556283416
P 165 114 3556283416
P 166 114 3556283416
P 167 114 3556283416
P 40 115 1527288841
P 41 115 1527288841
P 42 115 1527288841
P 43 115 1527288841
P 44 115 1527288841
P 45 115 1527288841
P 46 115 1527288841
P 47 115 1527288841
P 48 115 1662555146
P 49 115 1662555146
P 50 115 1662555146
P 51 115 1662555146
P 52 115 1662555146
P 53 115 1662555146
P 54 115 1662555146
P 55 115 1662555146
P 56 115 1797821451
P 57 115 1797821451
P 58 115 1797821451
P 59 115 1797821451
P 60 115 1797821451
P 61 115 1797821451
P 62 115 1797821451
P 63 115 1797821451
P 64 115 1933087756
P 65 115 1933087756
P 66 115 1933087756
P 67 115 1933087756
P 68 115 1933087756
P 69 115 1933087756
P 70 115 1933087756
P 71 115 1933087756
P 72 115 2068354061
P 73 115 2068354061
P 74 115 2068354061
P 75 115 2068354061
P 76 115 2068354061
P 77 115 2068354061
P 78 115 2068354061
P 79 115 2068354061
P 80 115 2203620366
P 81 115 2203620366
P 82 115 2203620366
P 83 115 2203620366
P 84 115 2203620366
P 85 115 2203620366
P 86 115 2203620366
P 87 115 2203620366
P 88 115 2338886671
P 89 115 2338886671
P 90 115 2338886671
P 91 115 2338886671
P 92 115 2338886671
P 93 115 2338886671
P 94 115 2338886671
P 95 115 2338886671
P 96 115 2474152976
P 97 115 2474152976
P 98 115 2474152976
P 99 115 2474152976
P 100 115 2474152976
P 101 115 2474152976
P 102 115 2474152976
P 103 115 2474152976
P 104 115 2609419281
P 105 115 2609419281
P 106 115 2609419281
P 107 115 2609419281
P 108 115 2609419281
P 109 115 2609419281
P 110 115 2609419281
P 111 115 2609419281
P 112 115 2744685586
P 113 115 2744685586
P 114 115 2744685586
P 115 115 2744685586
P 116 115 2744685586
P 117 115 2744685586
P 118 115 2744685586
P 119 115 2744685586
P 120 115 2879951891
P 121 115 2879951891
P 122 115 2879951891
P 123 115 2879951891
P 124 115 2879951891
P 125 115 2879951891
P 126 115 2879951891
P 127 115 2879951891
P 128 115 3015218196
P 129 115 3015218196
P 130 115 3015218196
P 131 115 3015218196
P 132 115 3015218196
P 133 115 3015218196
P 134 115 3015218196
P 135 115 3015218196
P 136 115 3150484501
P 137 115 3150484501
P 138 115 3150484501
P 139 115 3150484501
P 140 115 3150484501
P 141 115 3150484501
P 142 115 3150484501
P 143 115 3150484501
P 144 115 3285750806
P 145 115 3285750806
P 146 115 3285750806
P 147 115 3285750806
P 148 115 3285750806
P 149 115 3285750806
P 150 115 3285750806
P 151 115 3285750806
P 152 115 3421017111
P 153 115 3421017111
P 154 115 3421017111
P 155 115 3421017111
P 156 115 3421017111
P 157 115 3421017111
P 158 115 3421017111
P 159 115 3421017111
P 160 115 3556283416
P 161 115 3556283416
P 162 115 3556283416
P 163 115 3556283416
P 164 115 3556283416
P 165 115 3556283416
P 166 115 3556283416
P 167 115 3556283416
P 40 116 1527288841
P 41 116 1527288841
P 42 116 1527288841
P 43 116 1527288841
P 44 116 1527288841
P 45 116 1527288841
P 46 116 1527288841
P 47 116 1527288841
P 48 116 1662555146
P 49 116 1662555146
P 50 116 1662555146
P 51 116 1662555146
P 52 116 1662555146
P 53 116 1662555146
P 54 116 1662555146
P 55 116 1662555146
P 56 116 1797821451
P 57 116 1797821451
P 58 116 1797821451
P 59 116 1797821451
P 60 116 1797821451
P 61 116 1797821451
P 62 116 1797821451
P 63 116 1797821451
P 64 116 1933087756
P 65 116 1933087756
P 66 116 1933087756
P 67 116 1933087756
P 68 116 1933087756
P 69 116 1933087756
P 70 116 1933087756
P 71 116 1933087756
P 72 116 2068354061
P 73 116 2068354061
P 74 116 2068354061
P 75 116 2068354061
P 76 116 2068354061
P 77 116 2068354061
P 78 116 2068354061
P 79 116 2068354061
P 80 116 2203620366
P 81 116 2203620366
P 82 116 2203620366
P 83 116 2203620366
P 84 116 2203620366
P 85 116 2203620366
P 86 116 2203620366
P 87 116 2203620366
P 88 116 2338886671
P 89 116 2338886671
P 90 116 2338886671
P 91 116 2338886671
P 92 116 2338886671
P 93 116 2338886671
P 94 116 2338886671
P 95 116 2338886671
P 96 116 2474152976
P 97 116 2474152976
P 98 116 2474152976
P 99 116 2474152976
P 100 116 2474152976
P 101 116 2474152976
P 102 116 2474152976
P 103 116 2474152976
P 104 116 2609419281
P 105 116 2609419281
P 106 116 2609419281
P 107 116 2609419281
P 108 116 2609419281
P 109 116 2609419281
P 110 116 2609419281
P 111 116 2609419281
P 112 116 2744685586
P 113 116 2744685586
P 114 116 2744685586
P 115 116 2744685586
P 116 116 2744685586
P 117 116 2744685586
P 118 116 2744685586
P 119 116 2744685586
P 120 116 2879951891
P 121 116 2879951891
P 122 116 2879951891
P 123 116 2879951891
P 124 116 2879951891
P 125 116 2879951891
P 126 116 2879951891
P 127 116 2879951891
P 128 116 3015218196
P 129 116 3015218196
P 130 116 3015218196
P 131 116 3015218196
P 132 116 3015218196
P 133 116 3015218196
P 134 116 3015218196
P 135 116 3015218196
P 136 116 3150484501
P 137 116 3150484501
P 138 116 3150484501
P 139 116 3150484501
P 140 116 3150484501
P 141 116 3150484501
P 142 116 3150484501
P 143 116 3150484501
P 144 116 3285750806
P 145 116 3285750806
P 146 116 3285750806
P 147 116 3285750806
P 148 116 3285750806
P 149 116 3285750806
P 150 116 3285750806
P 151 116 3285750806
P 152 116 3421017111
P 153 116 3421017111
P 154 116 3421017111
P 155 116 3421017111
P 156 116 3421017111
P 157 116 3421017111
P 158 116 3421017111
P 159 116 3421017111
P 160 116 3556283416
P 161 116 3556283416
P 162 116 3556283416
P 163 116 3556283416
P 164 116 3556283416
P 165 116 3556283416
P 166 116 3556283416
P 167 116 3556283416
P 40 117 1527288841
P 41 117 1527288841
P 42 117 1527288841
P 43 117 1527288841
P 44 117 1527288841
P 45 117 1527288841
P 46 117 1527288841
P 47 117 1527288841
P 48 117 1662555146
P 49 117 1662555146
P 50 117 1662555146
P 51 117 1662555146
P 52 117 1662555146
P 53 117 1662555146
P 54 117 1662555146
P 55 117 1662555146
P 56 117 1797821451
P 57 117 1797821451
P 58 117 1797821451
P 59 117 1797821451
P 60 117 1797821451
P 61 117 1797821451
P 62 117 1797821451
P 63 117 1797821451
P 64 117 1933087756
P 65 117 1933087756
P 66 117 1933087756
P 67 117 1933087756
P 68 117 1933087756
P 69 117 1933087756
P 70 117 1933087756
P 71 117 1933087756
P 72 117 2068354061
P 73 117 2068354061
P 74 117 2068354061
P 75 117 2068354061
P 76 117 2068354061
P 77 117 2068354061
P 78 117 2068354061
P 79 117 2068354061
P 80 117 2203620366
P 81 117 2203620366
P 82 117 2203620366
P 83 117 2203620366
P 84 117 2203620366
P 85 117 2203620366
P 86 117 2203620366
P 87 117 2203620366
P 88 117 2338886671
P 89 117 2338886671
P 90 117 2338886671
P 91 117 2338886671
P 92 117 2338886671
P 93 117 2338886671
P 94 117 2338886671
P 95 117 2338886671
P 96 117 2474152976
P 97 117 2474152976
P 98 117 2474152976
P 99 117 2474152976
P 100 117 2474152976
P 101 117 2474152976
P 102 117 2474152976
P 103 117 2474152976
P 104 117 2609419281
P 105 117 2609419281
P 106 117 2609419281
P 107 117 2609419281
P 108 117 2609419281
P 109 117 2609419281
P 110 117 2609419281
P 111 117 2609419281
P 112 117 2744685586
P 113 117 2744685586
P 114 117 2744685586
P 115 117 2744685586
P 116 117 2744685586
P 117 117 2744685586
P 118 117 2744685586
P 119 117 2744685586
P 120 117 2879951891
P 121 117 2879951891
P 122 117 2879951891
P 123 117 2879951891
P 124 117 2879951891
P 125 117 2879951891
P 126 117 2879951891
P 127 117 2879951891
P 128 117 3015218196
P 129 117 3015218196
P 130 117 3015218196
P 131 117 3015218196
P 132 117 3015218196
P 133 117 3015218196
P 134 117 3015218196
P 135 117 3015218196
P 136 117 3150484501
P 137 117 3150484501
P 138 117 3150484501
P 139 117 3150484501
P 140 117 3150484501
P 141 117 3150484501
P 142 117 3150484501
P 143 117 3150484501
P 144 117 3285750806
P 145 117 3285750806
P 146 117 3285750806
P 147 117 3285750806
P 148 117 3285750806
P 149 117 3285750806
P 150 117 3285750806
P 151 117 3285750806
P 152 117 3421017111
P 153 117 3421017111
P 154 117 3421017111
P 155 117 3421017111
P 156 117 3421017111
P 157 117 3421017111
P 158 117 3421017111
P 159 117 3421017111
P 160 117 3556283416
P 161 117 3556283416
P 162 117 3556283416
P 163 117 3556283416
P 164 117 3556283416
P 165 117 3556283416
P 166 117 3556283416
P 167 117 3556283416
P 40 118 1527288841
P 41 118 1527288841
P 42 118 1527288841
P 43 118 1527288841
P 44 118 1527288841
P 45 118 1527288841
P 46 118 1527288841
P 47 118 1527288841
P 48 118 1662555146
P 49 118 1662555146
P 50 118 1662555146
P 51 118 1662555146
P 52 118 1662555146
P 53 118 1662555146
P 54 118 1662555146
P 55 118 1662555146
P 56 118 1797821451
P 57 118 1797821451
P 58 118 1797821451
P 59 118 1797821451
P 60 118 1797821451
P 61 118 1797821451
P 62 118 1797821451
P 63 118 1797821451
P 64 118 1933087756
P 65 118 1933087756
P 66 118 1933087756
P 67 118 1933087756
P 68 118 1933087756
P 69 118 1933087756
P 70 118 1933087756
P 71 118 1933087756
P 72 118 2068354061
P 73 118 2068354061
P 74 118 2068354061
P 75 118 2068354061
P 76 118 2068354061
P 77 118 2068354061
P 78 118 2068354061
P 79 118 2068354061
P 80 118 2203620366
P 81 118 2203620366
P 82 118 2203620366
P 83 118 2203620366
P 84 118 2203620366
P 85 118 2203620366
P 86 118 2203620366
P 87 118 2203620366
P 88 118 2338886671
P 89 118 2338886671
P 90 118 2338886671
P 91 118 2338886671
P 92 118 2338886671
P 93 118 2338886671
P 94 118 2338886671
P 95 118 2338886671
P 96 118 2474152976
P 97 118 2474152976
P 98 118 2474152976
P 99 118 2474152976
P 100 118 2474152976
P 101 118 2474152976
P 102 118 2474152976
P 103 118 2474152976
P 104 118 2609419281
P 105 118 2609419281
P 106 118 2609419281
P 107 118 2609419281
P 108 118 2609419281
P 109 118 2609419281
P 110 118 2609419281
P 111 118 2609419281
P 112 118 2744685586
P 113 118 2744685586
P 114 118 2744685586
P 115 118 2744685586
P 116 118 2744685586
P 117 118 2744685586
P 118 118 2744685586
P 119 118 2744685586
P 120 118 2879951891
P 121 118 2879951891
P 122 118 2879951891
P 123 118 2879951891
P 124 118 2879951891
P 125 118 2879951891
P 126 118 2879951891
P 127 118 2879951891
P 128 118 3015218196
P 129 118 3015218196
P 130 118 3015218196
P 131 118 3015218196
P 132 118 3015218196
P 133 118 3015218196
P 134 118 3015218196
P 135 118 3015218196
P 136 118 3150484501
P 137 118 3150484501
P 138 118 3150484501
P 139 118 3150484501
P 140 118 3150484501
P 141 118 3150484501
P 142 118 3150484501
P 143 118 3150484501
P 144 118 3285750806
P 145 118 3285750806
P 146 118 3285750806
P 147 118 3285750806
P 148 118 3285750806
P 149 118 3285750806
P 150 118 3285750806
P 151 118 3285750806
P 152 118 3421017111
P 153 118 3421017111
P 154 118 3421017111
P 155 118 3421017111
P 156 118 3421017111
P 157 118 3421017111
P 158 118 3421017111
P 159 118 3421017111
P 160 118 3556283416
P 161 118 3556283416
P 162 118 3556283416
P 163 118 3556283416
P 164 118 3556283416
P 165 118 3556283416
P 166 118 3556283416
P 167 118 3556283416
P 40 119 1527288841
P 41 119 1527288841
P 42 119 1527288841
P 43 119 1527288841
P 44 119 1527288841
P 45 119 1527288841
P 46 119 1527288841
P 47 119 1527288841
P 48 119 1662555146
P 49 119 1662555146
P 50 119 1662555146
P 51 119 1662555146
P 52 119 1662555146
P 53 119 1662555146
P 54 119 1662555146
P 55 119 1662555146
P 56 119 1797821451
P 57 119 1797821451
P 58 119 1797821451
P 59 119 1797821451
P 60 119 1797821451
P 61 119 1797821451
P 62 119 1797821451
P 63 119 1797821451
P 64 119 1933087756
P 65 119 1933087756
P 66 119 1933087756
P 67 119 1933087756
P 68 119 1933087756
P 69 119 1933087756
P 70 119 1933087756
P 71 119 1933087756
P 72 119 2068354061
P 73 119 2068354061
P 74 119 2068354061
P 75 119 2068354061
P 76 119 2068354061
P 77 119 2068354061
P 78 119 2068354061
P 79 119 2068354061
P 80 119 2203620366
P 81 119 2203620366
P 82 119 2203620366
P 83 119 2203620366
P 84 119 2203620366
P 85 119 2203620366
P 86 119 2203620366
P 87 119 2203620366
P 88 119 2338886671
P 89 119 2338886671
P 90 119 2338886671
P 91 119 2338886671
P 92 119 2338886671
P 93 119 2338886671
P 94 119 2338886671
P 95 119 2338886671
P 96 119 2474152976
P 97 119 2474152976
P 98 119 2474152976
P 99 119 2474152976
P 100 119 2474152976
P 101 119 2474152976
P 102 119 2474152976
P 103 119 2474152976
P 104 119 2609419281
P 105 119 2609419281
P 106 119 2609419281
P 107 119 2609419281
P 108 119 2609419281
P 109 119 2609419281
P 110 119 2609419281
P 111 119 2609419281
P 112 119 2744685586
P 113 119 2744685586
P 114 119 2744685586
P 115 119 2744685586
P 116 119 2744685586
P 117 119 2744685586
P 118 119 2744685586
P 119 119 2744685586
P 120 119 2879951891
P 121 119 2879951891
P 122 119 2879951891
P 123 119 2879951891
P 124 119 2879951891
P 125 119 2879951891
P 126 119 2879951891
P 127 119 2879951891
P 128 119 3015218196
P 129 119 3015218196
P 130 119 3015218196
P 131 119 3015218196
P 132 119 3015218196
P 133 119 3015218196
P 134 119 3015218196
P 135 119 3015218196
P 136 119 3150484501
P 137 119 3150484501
P 138 119 3150484501
P 139 119 3150484501
P 140 119 3150484501
P 141 119 3150484501
P 142 119 3150484501
P 143 119 3150484501
P 144 119 3285750806
P 145 119 3285750806
P 146 119 3285750806
P 147 119 3285750806
P 148 119 3285750806
P 149 119 3285750806
P 150 119 3285750806
P 151 119 3285750806
P 152 119 3421017111
P 153 119 3421017111
P 154 119 3421017111
P 155 119 3421017111
P 156 119 3421017111
P 157 119 3421017111
P 158 119 3421017111
P 159 119 3421017111
P 160 119 3556283416
P 161 119 3556283416
P 162 119 3556283416
P 163 119 3556283416
P 164 119 3556283416
P 165 119 3556283416
P 166 119 3556283416
P 167 119 3556283416
P 40 120 1577624586
P 41 120 1577624586
P 42 120 1577624586
P 43 120 1577624586
P 44 120 1577624586
P 45 120 1577624586
P 46 120 1577624586
P 47 120 1577624586
P 48 120 1712890891
P 49 120 1712890891
P 50 120 1712890891
P 51 120 1712890891
P 52 120 1712890891
P 53 120 1712890891
P 54 120 1712890891
P 55 120 1712890891
P 56 120 1848157196
P 57 120 1848157196
P 58 120 1848157196
P 59 120 1848157196
P 60 120 1848157196
P 61 120 1848157196
P 62 120 1848157196
P 63 120 1848157196
P 64 120 1983423501
P 65 120 1983423501
P 66 120 1983423501
P 67 120 1983423501
P 68 120 1983423501
P 69 120 1983423501
P 70 120 1983423501
P 71 120 1983423501
P 72 120 2118689806
P 73 120 2118689806
P 74 120 2118689806
P 75 120 2118689806
P 76 120 2118689806
P 77 120 2118689806
P 78 120 2118689806
P 79 120 2118689806
P 80 120 2253956111
P 81 120 2253956111
P 82 120 2253956111
P 83 120 2253956111
P 84 120 2253956111
P 85 120 2253956111
P 86 120 2253956111
P 87 120 2253956111
P 88 120 2389222416
P 89 120 2389222416
P 90 120 2389222416
P 91 120 2389222416
P 92 120 2389222416
P 93 120 2389222416
P 94 120 2389222416
P 95 120 2389222416
P 96 120 2524488721
P 97 120 2524488721
P 98 120 2524488721
P 99 120 2524488721
P 100 120 2524488721
P 101 120 2524488721
P 102 120 2524488721
P 103 120 2524488721
P 104 120 2659755026
P 105 120 2659755026
P 106 120 2659755026
P 107 120 2659755026
P 108 120 2659755026
P 109 120 2659755026
P 110 120 2659755026
P 111 120 2659755026
P 112 120 2795021331
P 113 120 2795021331
P 114 120 2795021331
P 115 120 2795021331
P 116 120 2795021331
P 117 120 2795021331
P 118 120 2795021331
P 119 120 2795021331
P 120 120 2930287636
P 121 120 2930287636
P 122 120 2930287636
P 123 120 2930287636
P 124 120 2930287636
P 125 120 2930287636
P 126 120 2930287636
P 127 120 2930287636
P 128 120 3065553941
P 129 120 3065553941
P 130 120 3065553941
P 131 120 3065553941
P 132 120 3065553941
P 133 120 3065553941
P 134 120 3065553941
P 135 120 3065553941
P 136 120 3200820246
P 137 120 3200820246
P 138 120 3200820246
P 139 120 3200820246
P 140 120 3200820246
P 141 120 3200820246
P 142 120 3200820246
P 143 120 3200820246
P 144 120 3336086551
P 145 120 3336086551
P 146 120 3336086551
P 147 120 3336086551
P 148 120 3336086551
P 149 120 3336086551
P 150 120 3336086551
P 151 120 3336086551
P 152 120 3471352856
P 153 120 3471352856
P 154 120 3471352856
P 155 120 3471352856
P 156 120 3471352856
P 157 120 3471352856
P 158 120 3471352856
P 159 120 3471352856
P 160 120 3606619161
P 161 120 3606619161
P 162 120 3606619161
P 163 120 3606619161
P 164 120 3606619161
P 165 120 3606619161
P 166 120 3606619161
P 167 120 3606619161
P 40 121 1577624586
P 41 121 1577624586
P 42 121 1577624586
P 43 121 1577624586
P 44 121 1577624586
P 45 121 1577624586
P 46 121 1577624586
P 47 121 1577624586
P 48 121 1712890891
P 49 121 1712890891
P 50 121 1712890891
P 51 121 1712890891
P 52 121 1712890891
P 53 121 1712890891
P 54 121 1712890891
P 55 121 1712890891
P 56 121 1848157196
P 57 121 1848157196
P 58 121 1848157196
P 59 121 1848157196
P 60 121 1848157196
P 61 121 1848157196
P 62 121 1848157196
P 63 121 1848157196
P 64 121 1983423501
P 65 121 1983423501
P 66 121 1983423501
P 67 121 1983423501
P 68 121 1983423501
P 69 121 1983423501
P 70 121 1983423501
P 71 121 1983423501
P 72 121 2118689806
P 73 121 2118689806
P 74 121 2118689806
P 75 121 2118689806
P 76 121 2118689806
P 77 121 2118689806
P 78 121 2118689806
P 79 121 2118689806
P 80 121 2253956111
P 81 121 2253956111
P 82 121 2253956111
P 83 121 2253956111
P 84 121 2253956111
P 85 121 2253956111
P 86 121 2253956111
P 87 121 2253956111
P 88 121 2389222416
P 89 121 2389222416
P 90 121 2389222416
P 91 121 2389222416
P 92 121 2389222416
P 93 121 2389222416
P 94 121 2389222416
P 95 121 2389222416
P 96 121 2524488721
P 97 121 2524488721
P 98 121 2524488721
P 99 121 2524488721
P 100 121 2524488721
P 101 121 2524488721
P 102 121 2524488721
P 103 121 2524488721
P 104 121 2659755026
P 105 121 2659755026
P 106 121 2659755026
P 107 121 2659755026
P 108 121 2659755026
P 109 121 2659755026
P 110 121 2659755026
P 111 121 2659755026
P 112 121 2795021331
P 113 121 2795021331
P 114 121 2795021331
P 115 121 2795021331
P 116 121 2795021331
P 117 121 2795021331
P 118 121 2795021331
P 119 121 2795021331
P 120 121 2930287636
P 121 121 2930287636
P 122 121 2930287636
P 123 121 2930287636
P 124 121 2930287636
P 125 121 2930287636
P 126 121 2930287636
P 127 121 2930287636
P 128 121 3065553941
P 129 121 3065553941
P 130 121 3065553941
P 131 121 3065553941
P 132 121 3065553941
P 133 121 3065553941
P 134 121 3065553941
P 135 121 3065553941
P 136 121 3200820246
P 137 121 3200820246
P 138 121 3200820246
P 139 121 3200820246
P 140 121 3200820246
P 141 121 3200820246
P 142 121 3200820246
P 143 121 3200820246
P 144 121 3336086551
P 145 121 3336086551
P 146 121 3336086551
P 147 121 3336086551
P 148 121 3336086551
P 149 121 3336086551
P 150 121 3336086551
P 151 121 3336086551
P 152 121 3471352856
P 153 121 3471352856
P 154 121 3471352856
P 155 121 3471352856
P 156 121 3471352856
P 157 121 3471352856
P 158 121 3471352856
P 159 121 3471352856
P 160 121 3606619161
P 161 121 3606619161
P 162 121 3606619161
P 163 121 3606619161
P 164 121 3606619161
P 165 121 3606619161
P 166 121 3606619161
P 167 121 3606619161
P 40 122 1577624586
P 41 122 1577624586
P 42 122 1577624586
P 43 122 1577624586
P 44 122 1577624586
P 45 122 1577624586
P 46 122 1577624586
P 47 122 1577624586
P 48 122 1712890891
P 49 122 1712890891
P 50 122 1712890891
P 51 122 1712890891
P 52 122 1712890891
P 53 122 1712890891
P 54 122 1712890891
P 55 122 1712890891
P 56 122 1848157196
P 57 122 1848157196
P 58 122 1848157196
P 59 122 1848157196
P 60 122 1848157196
P 61 122 1848157196
P 62 122 1848157196
P 63 122 1848157196
P 64 122 1983423501
P 65 122 1983423501
P 66 122 1983423501
P 67 122 1983423501
P 68 122 1983423501
P 69 122 1983423501
P 70 122 1983423501
P 71 122 1983423501
P 72 122 2118689806
P 73 122 2118689806
P 74 122 2118689806
P 75 122 2118689806
P 76 122 2118689806
P 77 122 2118689806
P 78 122 2118689806
P 79 122 2118689806
P 80 122 2253956111
P 81 122 2253956111
P 82 122 2253956111
P 83 122 2253956111
P 84 122 2253956111
P 85 122 2253956111
P 86 122 2253956111
P 87 122 2253956111
P 88 122 2389222416
P 89 122 2389222416
P 90 122 2389222416
P 91 122 2389222416
P 92 122 2389222416
P 93 122 2389222416
P 94 122 2389222416
P 95 122 2389222416
P 96 122 2524488721
P 97 122 2524488721
P 98 122 2524488721
P 99 122 2524488721
P 100 122 2524488721
P 101 122 2524488721
P 102 122 2524488721
P 103 122 2524488721
P 104 122 2659755026
P 105 122 2659755026
P 106 122 2659755026
P 107 122 2659755026
P 108 122 2659755026
P 109 122 2659755026
P 110 122 2659755026
P 111 122 2659755026
P 112 122 2795021331
P 113 122 2795021331
P 114 122 2795021331
P 115 122 2795021331
P 116 122 2795021331
P 117 122 2795021331
P 118 122 2795021331
P 119 122 2795021331
P 120 122 2930287636
P 121 122 2930287636
P 122 122 2930287636
P 123 122 2930287636
P 124 122 2930287636
P 125 122 2930287636
P 126 122 2930287636
P 127 122 2930287636
P 128 122 3065553941
P 129 122 3065553941
P 130 122 3065553941
P 131 122 3065553941
P 132 122 3065553941
P 133 122 3065553941
P 134 122 3065553941
P 135 122 3065553941
P 136 122 3200820246
P 137 122 3200820246
P 138 122 3200820246
P 139 122 3200820246
P 140 122 3200820246
P 141 122 3200820246
P 142 122 3200820246
P 143 122 3200820246
P 144 122 3336086551
P 145 122 3336086551
P 146 122 3336086551
P 147 122 3336086551
P 148 122 3336086551
P 149 122 3336086551
P 150 122 3336086551
P 151 122 3336086551
P 152 122 3471352856
P 153 122 3471352856
P 154 122 3471352856
P 155 122 3471352856
P 156 122 3471352856
P 157 122 3471352856
P 158 122 3471352856
P 159 122 3471352856
P 160 122 3606619161
P 161 122 3606619161
P 162 122 3606619161
P 163 122 3606619161
P 164 122 3606619161
P 165 122 3606619161
P 166 122 3606619161
P 167 122 3606619161
P 40 123 1577624586
P 41 123 1577624586
P 42 123 1577624586
P 43 123 1577624586
P 44 123 1577624586
P 45 123 1577624586
P 46 123 1577624586
P 47 123 1577624586
P 48 123 1712890891
P 49 123 1712890891
P 50 123 1712890891
P 51 123 1712890891
P 52 123 1712890891
P 53 123 1712890891
P 54 123 1712890891
P 55 123 1712890891
P 56 123 1848157196
P 57 123 1848157196
P 58 123 1848157196
P 59 123 1848157196
P 60 123 1848157196
P 61 123 1848157196
P 62 123 1848157196
P 63 123 1848157196
P 64 123 1983423501
P 65 123 1983423501
P 66 123 1983423501
P 67 123 1983423501
P 68 123 1983423501
P 69 123 1983423501
P 70 123 1983423501
P 71 123 1983423501
P 72 123 2118689806
P 73 123 2118689806
P 74 123 2118689806
P 75 123 2118689806
P 76 123 2118689806
P 77 123 2118689806
P 78 123 2118689806
P 79 123 2118689806
P 80 123 2253956111
P 81 123 2253956111
P 82 123 2253956111
P 83 123 2253956111
P 84 123 2253956111
P 85 123 2253956111
P 86 123 2253956111
P 87 123 2253956111
P 88 123 2389222416
P 89 123 2389222416
P 90 123 2389222416
P 91 123 2389222416
P 92 123 2389222416
P 93 123 2389222416
P 94 123 2389222416
P 95 123 2389222416
P 96 123 2524488721
P 97 123 2524488721
P 98 123 2524488721
P 99 123 2524488721
P 100 123 2524488721
P 101 123 2524488721
P 102 123 2524488721
P 103 123 2524488721
P 104 123 2659755026
P 105 123 2659755026
P 106 123 2659755026
P 107 123 2659755026
P 108 123 2659755026
P 109 123 2659755026
P 110 123 2659755026
P 111 123 2659755026
P 112 123 2795021331
P 113 123 2795021331
P 114 123 2795021331
P 115 123 2795021331
P 116 123 2795021331
P 117 123 2795021331
P 118 123 2795021331
P 119 123 2795021331
P 120 123 2930287636
P 121 123 2930287636
P 122 123 2930287636
P 123 123 2930287636
P 124 123 2930287636
P 125 123 2930287636
P 126 123 2930287636
P 127 123 2930287636
P 128 123 3065553941
P 129 123 3065553941
P 130 123 3065553941
P 131 123 3065553941
P 132 123 3065553941
P 133 123 3065553941
P 134 123 3065553941
P 135 123 3065553941
P 136 123 3200820246
P 137 123 3200820246
P 138 123 3200820246
P 139 123 3200820246
P 140 123 3200820246
P 141 123 3200820246
P 142 123 3200820246
P 143 123 3200820246
P 144 123 3336086551
P 145 123 3336086551
P 146 123 3336086551
P 147 123 3336086551
P 148 123 3336086551
P 149 123 3336086551
P 150 123 3336086551
P 151 123 3336086551
P 152 123 3471352856
P 153 123 3471352856
P 154 123 3471352856
P 155 123 3471352856
P 156 123 3471352856
P 157 123 3471352856
P 158 123 3471352856
P 159 123 3471352856
P 160 123 3606619161
P 161 123 3606619161
P 162 123 3606619161
P 163 123 3606619161
P 164 123 3606619161
P 165 123 3606619161
P 166 123 3606619161
P 167 123 3606619161
P 40 124 1577624586
P 41 124 1577624586
P 42 124 1577624586
P 43 124 1577624586
P 44 124 1577624586
P 45 124 1577624586
P 46 124 1577624586
P 47 124 1577624586
P 48 124 1712890891
P 49 124 1712890891
P 50 124 1712890891
P 51 124 1712890891
P 52 124 1712890891
P 53 124 1712890891
P 54 124 1712890891
P 55 124 1712890891
P 56 124 1848157196
P 57 124 1848157196
P 58 124 1848157196
P 59 124 1848157196
P 60 124 1848157196
P 61 124 1848157196
P 62 124 1848157196
P 63 124 1848157196
P 64 124 1983423501
P 65 124 1983423501
P 66 124 1983423501
P 67 124 1983423501
P 68 124 1983423501
P 69 124 1983423501
P 70 124 1983423501
P 71 124 1983423501
P 72 124 2118689806
P 73 124 2118689806
P 74 124 2118689806
P 75 124 2118689806
P 76 124 2118689806
P 77 124 2118689806
P 78 124 2118689806
P 79 124 2118689806
P 80 124 2253956111
P 81 124 2253956111
P 82 124 2253956111
P 83 124 2253956111
P 84 124 2253956111
P 85 124 2253956111
P 86 124 2253956111
P 87 124 2253956111
P 88 124 2389222416
P 89 124 2389222416
P 90 124 2389222416
P 91 124 2389222416
P 92 124 2389222416
P 93 124 2389222416
P 94 124 2389222416
P 95 124 2389222416
P 96 124 2524488721
P 97 124 2524488721
P 98 124 2524488721
P 99 124 2524488721
P 100 124 2524488721
P 101 124 2524488721
P 102 124 2524488721
P 103 124 2524488721
P 104 124 2659755026
P 105 124 2659755026
P 106 124 2659755026
P 107 124 2659755026
P 108 124 2659755026
P 109 124 2659755026
P 110 124 2659755026
P 111 124 2659755026
P 112 124 2795021331
P 113 124 2795021331
P 114 124 2795021331
P 115 124 2795021331
P 116 124 2795021331
P 117 124 2795021331
P 118 124 2795021331
P 119 124 2795021331
P 120 124 2930287636
P 121 124 2930287636
P 122 124 2930287636
P 123 124 2930287636
P 124 124 2930287636
P 125 124 2930287636
P 126 124 2930287636
P 127 124 2930287636
P 128 124 3065553941
P 129 124 3065553941
P 130 124 3065553941
P 131 124 3065553941
P 132 124 3065553941
P 133 124 3065553941
P 134 124 3065553941
P 135 124 3065553941
P 136 124 3200820246
P 137 124 3200820246
P 138 124 3200820246
P 139 124 3200820246
P 140 124 3200820246
P 141 124 3200820246
P 142 124 3200820246
P 143 124 3200820246
P 144 124 3336086551
P 145 124 3336086551
P 146 124 3336086551
P 147 124 3336086551
P 148 124 3336086551
P 149 124 3336086551
P 150 124 3336086551
P 151 124 3336086551
P 152 124 3471352856
P 153 124 3471352856
P 154 124 3471352856
P 155 124 3471352856
P 156 124 3471352856
P 157 124 3471352856
P 158 124 3471352856
P 159 124 3471352856
P 160 124 3606619161
P 161 124 3606619161
P 162 124 3606619161
P 163 124 3606619161
P 164 124 3606619161
P 165 124 3606619161
P 166 124 3606619161
P 167 124 3606619161
P 40 125 1577624586
P 41 125 1577624586
P 42 125 1577624586
P 43 125 1577624586
P 44 125 1577624586
P 45 125 1577624586
P 46 125 1577624586
P 47 125 1577624586
P 48 125 1712890891
P 49 125 1712890891
P 50 125 1712890891
P 51 125 1712890891
P 52 125 1712890891
P 53 125 1712890891
P 54 125 1712890891
P 55 125 1712890891
P 56 125 1848157196
P 57 125 1848157196
P 58 125 1848157196
P 59 125 1848157196
P 60 125 1848157196
P 61 125 1848157196
P 62 125 1848157196
P 63 125 1848157196
P 64 125 1983423501
P 65 125 1983423501
P 66 125 1983423501
P 67 125 1983423501
P 68 125 1983423501
P 69 125 1983423501
P 70 125 1983423501
P 71 125 1983423501
P 72 125 2118689806
P 73 125 2118689806
P 74 125 2118689806
P 75 125 2118689806
P 76 125 2118689806
P 77 125 2118689806
P 78 125 2118689806
P 79 125 2118689806
P 80 125 2253956111
P 81 125 2253956111
P 82 125 2253956111
P 83 125 2253956111
P 84 125 2253956111
P 85 125 2253956111
P 86 125 2253956111
P 87 125 2253956111
P 88 125 2389222416
P 89 125 2389222416
P 90 125 2389222416
P 91 125 2389222416
P 92 125 2389222416
P 93 125 2389222416
P 94 125 2389222416
P 95 125 2389222416
P 96 125 2524488721
P 97 125 2524488721
P 98 125 2524488721
P 99 125 2524488721
P 100 125 2524488721
P 101 125 2524488721
P 102 125 2524488721
P 103 125 2524488721
P 104 125 2659755026
P 105 125 2659755026
P 106 125 2659755026
P 107 125 2659755026
P 108 125 2659755026
P 109 125 2659755026
P 110 125 2659755026
P 111 125 2659755026
P 112 125 2795021331
P 113 125 2795021331
P 114 125 2795021331
P 115 125 2795021331
P 116 125 2795021331
P 117 125 2795021331
P 118 125 2795021331
P 119 125 2795021331
P 120 125 2930287636
P 121 125 2930287636
P 122 125 2930287636
P 123 125 2930287636
P 124 125 2930287636
P 125 125 2930287636
P 126 125 2930287636
P 127 125 2930287636
P 128 125 3065553941
P 129 125 3065553941
P 130 125 3065553941
P 131 125 3065553941
P 132 125 3065553941
P 133 125 3065553941
P 134 125 3065553941
P 135 125 3065553941
P 136 125 3200820246
P 137 125 3200820246
P 138 125 3200820246
P 139 125 3200820246
P 140 125 3200820246
P 141 125 3200820246
P 142 125 3200820246
P 143 125 3200820246
P 144 125 3336086551
P 145 125 3336086551
P 146 125 3336086551
P 147 125 3336086551
P 148 125 3336086551
P 149 125 3336086551
P 150 125 3336086551
P 151 125 3336086551
P 152 125 3471352856
P 153 125 3471352856
P 154 125 3471352856
P 155 125 3471352856
P 156 125 3471352856
P 157 125 3471352856
P 158 125 3471352856
P 159 125 3471352856
P 160 125 3606619161
P 161 125 3606619161
P 162 125 3606619161
P 163 125 3606619161
P 164 125 3606619161
P 165 125 3606619161
P 166 125 3606619161
P 167 125 3606619161
P 40 126 1577624586
P 41 126 1577624586
P 42 126 1577624586
P 43 126 1577624586
P 44 126 1577624586
P 45 126 1577624586
P 46 126 1577624586
P 47 126 1577624586
P 48 126 1712890891
P 49 126 1712890891
P 50 126 1712890891
P 51 126 1712890891
P 52 126 1712890891
P 53 126 1712890891
P 54 126 1712890891
P 55 126 1712890891
P 56 126 1848157196
P 57 126 1848157196
P 58 126 1848157196
P 59 126 1848157196
P 60 126 1848157196
P 61 126 1848157196
P 62 126 1848157196
P 63 126 1848157196
P 64 126 1983423501
P 65 126 1983423501
P 66 126 1983423501
P 67 126 1983423501
P 68 126 1983423501
P 69 126 1983423501
P 70 126 1983423501
P 71 126 1983423501
P 72 126 2118689806
P 73 126 2118689806
P 74 126 2118689806
P 75 126 2118689806
P 76 126 2118689806
P 77 126 2118689806
P 78 126 2118689806
P 79 126 2118689806
P 80 126 2253956111
P 81 126 2253956111
P 82 126 2253956111
P 83 126 2253956111
P 84 126 2253956111
P 85 126 2253956111
P 86 126 2253956111
P 87 126 2253956111
P 88 126 2389222416
P 89 126 2389222416
P 90 126 2389222416
P 91 126 2389222416
P 92 126 2389222416
P 93 126 2389222416
P 94 126 2389222416
P 95 126 2389222416
P 96 126 2524488721
P 97 126 2524488721
P 98 126 2524488721
P 99 126 2524488721
P 100 126 2524488721
P 101 126 2524488721
P 102 126 2524488721
P 103 126 2524488721
P 104 126 2659755026
P 105 126 2659755026
P 106 126 2659755026
P 107 126 2659755026
P 108 126 2659755026
P 109 126 2659755026
P 110 126 2659755026
P 111 126 2659755026
P 112 126 2795021331
P 113 126 2795021331
P 114 126 2795021331
P 115 126 2795021331
P 116 126 2795021331
P 117 126 2795021331
P 118 126 2795021331
P 119 126 2795021331
P 120 126 2930287636
P 121 126 2930287636
P 122 126 2930287636
P 123 126 2930287636
P 124 126 2930287636
P 125 126 2930287636
P 126 126 2930287636
P 127 126 2930287636
P 128 126 3065553941
P 129 126 3065553941
P 130 126 3065553941
P 131 126 3065553941
P 132 126 3065553941
P 133 126 3065553941
P 134 126 3065553941
P 135 126 3065553941
P 136 126 3200820246
P 137 126 3200820246
P 138 126 3200820246
P 139 126 3200820246
P 140 126 3200820246
P 141 126 3200820246
P 142 126 3200820246
P 143 126 3200820246
P 144 126 3336086551
P 145 126 3336086551
P 146 126 3336086551
P 147 126 3336086551
P 148 126 3336086551
P 149 126 3336086551
P 150 126 3336086551
P 151 126 3336086551
P 152 126 3471352856
P 153 126 3471352856
P 154 126 3471352856
P 155 126 3471352856
P 156 126 3471352856
P 157 126 3471352856
P 158 126 3471352856
P 159 126 3471352856
P 160 126 3606619161
P 161 126 3606619161
P 162 126 3606619161
P 163 126 3606619161
P 164 126 3606619161
P 165 126 3606619161
P 166 126 3606619161
P 167 126 3606619161
P 40 127 1577624586
P 41 127 1577624586
P 42 127 1577624586
P 43 127 1577624586
P 44 127 1577624586
P 45 127 1577624586
P 46 127 1577624586
P 47 127 1577624586
P 48 127 1712890891
P 49 127 1712890891
P 50 127 1712890891
P 51 127 1712890891
P 52 127 1712890891
P 53 127 1712890891
P 54 127 1712890891
P 55 127 1712890891
P 56 127 1848157196
P 57 127 1848157196
P 58 127 1848157196
P 59 127 1848157196
P 60 127 1848157196
P 61 127 1848157196
P 62 127 1848157196
P 63 127 1848157196
P 64 127 1983423501
P 65 127 1983423501
P 66 127 1983423501
P 67 127 1983423501
P 68 127 1983423501
P 69 127 1983423501
P 70 127 1983423501
P 71 127 1983423501
P 72 127 2118689806
P 73 127 2118689806
P 74 127 2118689806
P 75 127 2118689806
P 76 127 2118689806
P 77 127 2118689806
P 78 127 2118689806
P 79 127 2118689806
P 80 127 2253956111
P 81 127 2253956111
P 82 127 2253956111
P 83 127 2253956111
P 84 127 2253956111
P 85 127 2253956111
P 86 127 2253956111
P 87 127 2253956111
P 88 127 2389222416
P 89 127 2389222416
P 90 127 2389222416
P 91 127 2389222416
P 92 127 2389222416
P 93 127 2389222416
P 94 127 2389222416
P 95 127 2389222416
P 96 127 2524488721
P 97 127 2524488721
P 98 127 2524488721
P 99 127 2524488721
P 100 127 2524488721
P 101 127 2524488721
P 102 127 2524488721
P 103 127 2524488721
P 104 127 2659755026
P 105 127 2659755026
P 106 127 2659755026
P 107 127 2659755026
P 108 127 2659755026
P 109 127 2659755026
P 110 127 2659755026
P 111 127 2659755026
P 112 127 2795021331
P 113 127 2795021331
P 114 127 2795021331
P 115 127 2795021331
P 116 127 2795021331
P 117 127 2795021331
P 118 127 2795021331
P 119 127 2795021331
P 120 127 2930287636
P 121 127 2930287636
P 122 127 2930287636
P 123 127 2930287636
P 124 127 2930287636
P 125 127 2930287636
P 126 127 2930287636
P 127 127 2930287636
P 128 127 3065553941
P 129 127 3065553941
P 130 127 3065553941
P 131 127 3065553941
P 132 127 3065553941
P 133 127 3065553941
P 134 127 3065553941
P 135 127 3065553941
P 136 127 3200820246
P 137 127 3200820246
P 138 127 3200820246
P 139 127 3200820246
P 140 127 3200820246
P 141 127 3200820246
P 142 127 3200820246
P 143 127 3200820246
P 144 127 3336086551
P 145 127 3336086551
P 146 127 3336086551
P 147 127 3336086551
P 148 127 3336086551
P 149 127 3336086551
P 150 127 3336086551
P 151 127 3336086551
P 152 127 3471352856
P 153 127 3471352856
P 154 127 3471352856
P 155 127 3471352856
P 156 127 3471352856
P 157 127 3471352856
P 158 127 3471352856
P 159 127 3471352856
P 160 127 3606619161
P 161 127 3606619161
P 162 127 3606619161
P 163 127 3606619161
P 164 127 3606619161
P 165 127 3606619161
P 166 127 3606619161
P 167 127 3606619161
P 40 128 1627960331
P 41 128 1627960331
P 42 128 1627960331
P 43 128 1627960331
P 44 128 1627960331
P 45 128 1627960331
P 46 128 1627960331
P 47 128 1627960331
P 48 128 1763226636
P 49 128 1763226636
P 50 128 1763226636
P 51 128 1763226636
P 52 128 1763226636
P 53 128 1763226636
P 54 128 1763226636
P 55 128 1763226636
P 56 128 1898492941
P 57 128 1898492941
P 58 128 1898492941
P 59 128 1898492941
P 60 128 1898492941
P 61 128 1898492941
P 62 128 1898492941
P 63 128 1898492941
P 64 128 2033759246
P 65 128 2033759246
P 66 128 2033759246
P 67 128 2033759246
P 68 128 2033759246
P 69 128 2033759246
P 70 128 2033759246
P 71 128 2033759246
P 72 128 2169025551
P 73 128 2169025551
P 74 128 2169025551
P 75 128 2169025551
P 76 128 2169025551
P 77 128 2169025551
P 78 128 2169025551
P 79 128 2169025551
P 80 128 2304291856
P 81 128 2304291856
P 82 128 2304291856
P 83 128 2304291856
P 84 128 2304291856
P 85 128 2304291856
P 86 128 2304291856
P 87 128 2304291856
P 88 128 2439558161
P 89 128 2439558161
P 90 128 2439558161
P 91 128 2439558161
P 92 128 2439558161
P 93 128 2439558161
P 94 128 2439558161
P 95 128 2439558161
P 96 128 2574824466
P 97 128 2574824466
P 98 128 2574824466
P 99 128 2574824466
P 100 128 2574824466
P 101 128 2574824466
P 102 128 2574824466
P 103 128 2574824466
P 104 128 2710090771
P 105 128 2710090771
P 106 128 2710090771
P 107 128 2710090771
P 108 128 2710090771
P 109 128 2710090771
P 110 128 2710090771
P 111 128 2710090771
P 112 128 2845357076
P 113 128 2845357076
P 114 128 2845357076
P 115 128 2845357076
P 116 128 2845357076
P 117 128 2845357076
P 118 128 2845357076
P 119 128 2845357076
P 120 128 2980623381
P 121 128 2980623381
P 122 128 2980623381
P 123 128 2980623381
P 124 128 2980623381
P 125 128 2980623381
P 126 128 2980623381
P 127 128 2980623381
P 128 128 3115889686
P 129 128 3115889686
P 130 128 3115889686
P 131 128 3115889686
P 132 128 3115889686
P 133 128 3115889686
P 134 128 3115889686
P 135 128 3115889686
P 136 128 3251155991
P 137 128 3251155991
P 138 128 3251155991
P 139 128 3251155991
P 140 128 3251155991
P 141 128 3251155991
P 142 128 3251155991
P 143 128 3251155991
P 144 128 3386422296
P 145 128 3386422296
P 146 128 3386422296
P 147 128 3386422296
P 148 128 3386422296
P 149 128 3386422296
P 150 128 3386422296
P 151 128 3386422296
P 152 128 3521688601
P 153 128 3521688601
P 154 128 3521688601
P 155 128 3521688601
P 156 128 3521688601
P 157 128 3521688601
P 158 128 3521688601
P 159 128 3521688601
P 160 128 3656954906
P 161 128 3656954906
P 162 128 3656954906
P 163 128 3656954906
P 164 128 3656954906
P 165 128 3656954906
P 166 128 3656954906
P 167 128 3656954906
P 40 129 1627960331
P 41 129 1627960331
P 42 129 1627960331
P 43 129 1627960331
P 44 129 1627960331
P 45 129 1627960331
P 46 129 1627960331
P 47 129 1627960331
P 48 129 1763226636
P 49 129 1763226636
P 50 129 1763226636
P 51 129 1763226636
P 52 129 1763226636
P 53 129 1763226636
P 54 129 1763226636
P 55 129 1763226636
P 56 129 1898492941
P 57 129 1898492941
P 58 129 1898492941
P 59 129 1898492941
P 60 129 1898492941
P 61 129 1898492941
P 62 129 1898492941
P 63 129 1898492941
P 64 129 2033759246
P 65 129 2033759246
P 66 129 2033759246
P 67 129 2033759246
P 68 129 2033759246
P 69 129 2033759246
P 70 129 2033759246
P 71 129 2033759246
P 72 129 2169025551
P 73 129 2169025551
P 74 129 2169025551
P 75 129 2169025551
P 76 129 2169025551
P 77 129 2169025551
P 78 129 2169025551
P 79 129 2169025551
P 80 129 2304291856
P 81 129 2304291856
P 82 129 2304291856
P 83 129 2304291856
P 84 129 2304291856
P 85 129 2304291856
P 86 129 2304291856
P 87 129 2304291856
P 88 129 2439558161
P 89 129 2439558161
P 90 129 2439558161
P 91 129 2439558161
P 92 129 2439558161
P 93 129 2439558161
P 94 129 2439558161
P 95 129 2439558161
P 96 129 2574824466
P 97 129 2574824466
P 98 129 2574824466
P 99 129 2574824466
P 100 129 2574824466
P 101 129 2574824466
P 102 129 2574824466
P 103 129 2574824466
P 104 129 2710090771
P 105 129 2710090771
P 106 129 2710090771
P 107 129 2710090771
P 108 129 2710090771
P 109 129 2710090771
P 110 129 2710090771
P 111 129 2710090771
P 112 129 2845357076
P 113 129 2845357076
P 114 129 2845357076
P 115 129 2845357076
P 116 129 2845357076
P 117 129 2845357076
P 118 129 2845357076
P 119 129 2845357076
P 120 129 2980623381
P 121 129 2980623381
P 122 129 2980623381
P 123 129 2980623381
P 124 129 2980623381
P 125 129 2980623381
P 126 129 2980623381
P 127 129 2980623381
P 128 129 3115889686
P 129 129 3115889686
P 130 129 3115889686
P 131 129 3115889686
P 132 129 3115889686
P 133 129 3115889686
P 134 129 3115889686
P 135 129 3115889686
P 136 129 3251155991
P 137 129 3251155991
P 138 129 3251155991
P 139 129 3251155991
P 140 129 3251155991
P 141 129 3251155991
P 142 129 3251155991
P 143 129 3251155991
P 144 129 3386422296
P 145 129 3386422296
P 146 129 3386422296
P 147 129 3386422296
P 148 129 3386422296
P 149 129 3386422296
P 150 129 3386422296
P 151 129 3386422296
P 152 129 3521688601
P 153 129 3521688601
P 154 129 3521688601
P 155 129 3521688601
P 156 129 3521688601
P 157 129 3521688601
P 158 129 3521688601
P 159 129 3521688601
P 160 129 3656954906
P 161 129 3656954906
P 162 129 3656954906
P 163 129 3656954906
P 164 129 3656954906
P 165 129 3656954906
P 166 129 3656954906
P 167 129 3656954906
P 40 130 1627960331
P 41 130 1627960331
P 42 130 1627960331
P 43 130 1627960331
P 44 130 1627960331
P 45 130 1627960331
P 46 130 1627960331
P 47 130 1627960331
P 48 130 1763226636
P 49 130 1763226636
P 50 130 1763226636
P 51 130 1763226636
P 52 130 1763226636
P 53 130 1763226636
P 54 130 1763226636
P 55 130 1763226636
P 56 130 1898492941
P 57 130 1898492941
P 58 130 1898492941
P 59 130 1898492941
P 60 130 1898492941
P 61 130 1898492941
P 62 130 1898492941
P 63 130 1898492941
P 64 130 2033759246
P 65 130 2033759246
P 66 130 2033759246
P 67 130 2033759246
P 68 130 2033759246
P 69 130 2033759246
P 70 130 2033759246
P 71 130 2033759246
P 72 130 2169025551
P 73 130 2169025551
P 74 130 2169025551
P 75 130 2169025551
P 76 130 2169025551
P 77 130 2169025551
P 78 130 2169025551
P 79 130 2169025551
P 80 130 2304291856
P 81 130 2304291856
P 82 130 2304291856
P 83 130 2304291856
P 84 130 2304291856
P 85 130 2304291856
P 86 130 2304291856
P 87 130 2304291856
P 88 130 2439558161
P 89 130 2439558161
P 90 130 2439558161
P 91 130 2439558161
P 92 130 2439558161
P 93 130 2439558161
P 94 130 2439558161
P 95 130 2439558161
P 96 130 2574824466
P 97 130 2574824466
P 98 130 2574824466
P 99 130 2574824466
P 100 130 2574824466
P 101 130 2574824466
P 102 130 2574824466
P 103 130 2574824466
P 104 130 2710090771
P 105 130 2710090771
P 106 130 2710090771
P 107 130 2710090771
P 108 130 2710090771
P 109 130 2710090771
P 110 130 2710090771
P 111 130 2710090771
P 112 130 2845357076
P 113 130 2845357076
P 114 130 2845357076
P 115 130 2845357076
P 116 130 2845357076
P 117 130 2845357076
P 118 130 2845357076
P 119 130 2845357076
P 120 130 2980623381
P 121 130 2980623381
P 122 130 2980623381
P 123 130 2980623381
P 124 130 2980623381
P 125 130 2980623381
P 126 130 2980623381
P 127 130 2980623381
P 128 130 3115889686
P 129 130 3115889686
P 130 130 3115889686
P 131 130 3115889686
P 132 130 3115889686
P 133 130 3115889686
P 134 130 3115889686
P 135 130 3115889686
P 136 130 3251155991
P 137 130 3251155991
P 138 130 3251155991
P 139 130 3251155991
P 140 130 3251155991
P 141 130 3251155991
P 142 130 3251155991
P 143 130 3251155991
P 144 130 3386422296
P 145 130 3386422296
P 146 130 3386422296
P 147 130 3386422296
P 148 130 3386422296
P 149 130 3386422296
P 150 130 3386422296
P 151 130 3386422296
P 152 130 3521688601
P 153 130 3521688601
P 154 130 3521688601
P 155 130 3521688601
P 156 130 3521688601
P 157 130 3521688601
P 158 130 3521688601
P 159 130 3521688601
P 160 130 3656954906
P 161 130 3656954906
P 162 130 3656954906
P 163 130 3656954906
P 164 130 3656954906
P 165 130 3656954906
P 166 130 3656954906
P 167 130 3656954906
P 40 131 1627960331
P 41 131 1627960331
P 42 131 1627960331
P 43 131 1627960331
P 44 131 1627960331
P 45 131 1627960331
P 46 131 1627960331
P 47 131 1627960331
P 48 131 1763226636
P 49 131 1763226636
P 50 131 1763226636
P 51 131 1763226636
P 52 131 1763226636
P 53 131 1763226636
P 54 131 1763226636
P 55 131 1763226636
P 56 131 1898492941
P 57 131 1898492941
P 58 131 1898492941
P 59 131 1898492941
P 60 131 1898492941
P 61 131 1898492941
P 62 131 1898492941
P 63 131 1898492941
P 64 131 2033759246
P 65 131 2033759246
P 66 131 2033759246
P 67 131 2033759246
P 68 131 2033759246
P 69 131 2033759246
P 70 131 2033759246
P 71 131 2033759246
P 72 131 2169025551
P 73 131 2169025551
P 74 131 2169025551
P 75 131 2169025551
P 76 131 2169025551
P 77 131 2169025551
P 78 131 2169025551
P 79 131 2169025551
P 80 131 2304291856
P 81 131 2304291856
P 82 131 2304291856
P 83 131 2304291856
P 84 131 2304291856
P 85 131 2304291856
P 86 131 2304291856
P 87 131 2304291856
P 88 131 2439558161
P 89 131 2439558161
P 90 131 2439558161
P 91 131 2439558161
P 92 131 2439558161
P 93 131 2439558161
P 94 131 2439558161
P 95 131 2439558161
P 96 131 2574824466
P 97 131 2574824466
P 98 131 2574824466
P 99 131 2574824466
P 100 131 2574824466
P 101 131 2574824466
P 102 131 2574824466
P 103 131 2574824466
P 104 131 2710090771
P 105 131 2710090771
P 106 131 2710090771
P 107 131 2710090771
P 108 131 2710090771
P 109 131 2710090771
P 110 131 2710090771
P 111 131 2710090771
P 112 131 2845357076
P 113 131 2845357076
P 114 131 2845357076
P 115 131 2845357076
P 116 131 2845357076
P 117 131 2845357076
P 118 131 2845357076
P 119 131 2845357076
P 120 131 2980623381
P 121 131 2980623381
P 122 131 2980623381
P 123 131 2980623381
P 124 131 2980623381
P 125 131 2980623381
P 126 131 2980623381
P 127 131 2980623381
P 128 131 3115889686
P 129 131 3115889686
P 130 131 3115889686
P 131 131 3115889686
P 132 131 3115889686
P 133 131 3115889686
P 134 131 3115889686
P 135 131 3115889686
P 136 131 3251155991
P 137 131 3251155991
P 138 131 3251155991
P 139 131 3251155991
P 140 131 3251155991
P 141 131 3251155991
P 142 131 3251155991
P 143 131 3251155991
P 144 131 3386422296
P 145 131 3386422296
P 146 131 3386422296
P 147 131 3386422296
P 148 131 3386422296
P 149 131 3386422296
P 150 131 3386422296
P 151 131 3386422296
P 152 131 3521688601
P 153 131 3521688601
P 154 131 3521688601
P 155 131 3521688601
P 156 131 3521688601
P 157 131 3521688601
P 158 131 3521688601
P 159 131 3521688601
P 160 131 3656954906
P 161 131 3656954906
P 162 131 3656954906
P 163 131 3656954906
P 164 131 3656954906
P 165 131 3656954906
P 166 131 3656954906
P 167 131 3656954906
P 40 132 1627960331
P 41 132 1627960331
P 42 132 1627960331
P 43 132 1627960331
P 44 132 1627960331
P 45 132 1627960331
P 46 132 1627960331
P 47 132 1627960331
P 48 132 1763226636
P 49 132 1763226636
P 50 132 1763226636
P 51 132 1763226636
P 52 132 1763226636
P 53 132 1763226636
P 54 132 1763226636
P 55 132 1763226636
P 56 132 1898492941
P 57 132 1898492941
P 58 132 1898492941
P 59 132 1898492941
P 60 132 1898492941
P 61 132 1898492941
P 62 132 1898492941
P 63 132 1898492941
P 64 132 2033759246
P 65 132 2033759246
P 66 132 2033759246
P 67 132 2033759246
P 68 132 2033759246
P 69 132 2033759246
P 70 132 2033759246
P 71 132 2033759246
P 72 132 2169025551
P 73 132 2169025551
P 74 132 2169025551
P 75 132 2169025551
P 76 132 2169025551
P 77 132 2169025551
P 78 132 2169025551
P 79 132 2169025551
P 80 132 2304291856
P 81 132 2304291856
P 82 132 2304291856
P 83 132 2304291856
P 84 132 2304291856
P 85 132 2304291856
P 86 132 2304291856
P 87 132 2304291856
P 88 132 2439558161
P 89 132 2439558161
P 90 132 2439558161
P 91 132 2439558161
P 92 132 2439558161
P 93 132 2439558161
P 94 132 2439558161
P 95 132 2439558161
P 96 132 2574824466
P 97 132 2574824466
P 98 132 2574824466
P 99 132 2574824466
P 100 132 2574824466
P 101 132 2574824466
P 102 132 2574824466
P 103 132 2574824466
P 104 132 2710090771
P 105 132 2710090771
P 106 132 2710090771
P 107 132 2710090771
P 108 132 2710090771
P 109 132 2710090771
P 110 132 2710090771
P 111 132 2710090771
P 112 132 2845357076
P 113 132 2845357076
P 114 132 2845357076
P 115 132 2845357076
P 116 132 2845357076
P 117 132 2845357076
P 118 132 2845357076
P 119 132 2845357076
P 120 132 2980623381
P 121 132 2980623381
P 122 132 2980623381
P 123 132 2980623381
P 124 132 2980623381
P 125 132 2980623381
P 126 132 2980623381
P 127 132 2980623381
P 128 132 3115889686
P 129 132 3115889686
P 130 132 3115889686
P 131 132 3115889686
P 132 132 3115889686
P 133 132 3115889686
P 134 132 3115889686
P 135 132 3115889686
P 136 132 3251155991
P 137 132 3251155991
P 138 132 3251155991
P 139 132 3251155991
P 140 132 3251155991
P 141 132 3251155991
P 142 132 3251155991
P 143 132 3251155991
P 144 132 3386422296
P 145 132 3386422296
P 146 132 3386422296
P 147 132 3386422296
P 148 132 3386422296
P 149 132 3386422296
P 150 132 3386422296
P 151 132 3386422296
P 152 132 3521688601
P 153 132 3521688601
P 154 132 3521688601
P 155 132 3521688601
P 156 132 3521688601
P 157 132 3521688601
P 158 132 3521688601
P 159 132 3521688601
P 160 132 3656954906
P 161 132 3656954906
P 162 132 3656954906
P 163 132 3656954906
P 164 132 3656954906
P 165 132 3656954906
P 166 132 3656954906
P 167 132 3656954906
P 40 133 1627960331
P 41 133 1627960331
P 42 133 1627960331
P 43 133 1627960331
P 44 133 1627960331
P 45 133 1627960331
P 46 133 1627960331
P 47 133 1627960331
P 48 133 1763226636
P 49 133 1763226636
P 50 133 1763226636
P 51 133 1763226636
P 52 133 1763226636
P 53 133 1763226636
P 54 133 1763226636
P 55 133 1763226636
P 56 133 1898492941
P 57 133 1898492941
P 58 133 1898492941
P 59 133 1898492941
P 60 133 1898492941
P 61 133 1898492941
P 62 133 1898492941
P 63 133 1898492941
P 64 133 2033759246
P 65 133 2033759246
P 66 133 2033759246
P 67 133 2033759246
P 68 133 2033759246
P 69 133 2033759246
P 70 133 2033759246
P 71 133 2033759246
P 72 133 2169025551
P 73 133 2169025551
P 74 133 2169025551
P 75 133 2169025551
P 76 133 2169025551
P 77 133 2169025551
P 78 133 2169025551
P 79 133 2169025551
P 80 133 2304291856
P 81 133 2304291856
P 82 133 2304291856
P 83 133 2304291856
P 84 133 2304291856
P 85 133 2304291856
P 86 133 2304291856
P 87 133 2304291856
P 88 133 2439558161
P 89 133 2439558161
P 90 133 2439558161
P 91 133 2439558161
P 92 133 2439558161
P 93 133 2439558161
P 94 133 2439558161
P 95 133 2439558161
P 96 133 2574824466
P 97 133 2574824466
P 98 133 2574824466
P 99 133 2574824466
P 100 133 2574824466
P 101 133 2574824466
P 102 133 2574824466
P 103 133 2574824466
P 104 133 2710090771
P 105 133 2710090771
P 106 133 2710090771
P 107 133 2710090771
P 108 133 2710090771
P 109 133 2710090771
P 110 133 2710090771
P 111 133 2710090771
P 112 133 2845357076
P 113 133 2845357076
P 114 133 2845357076
P 115 133 2845357076
P 116 133 2845357076
P 117 133 2845357076
P 118 133 2845357076
P 119 133 2845357076
P 120 133 2980623381
P 121 133 2980623381
P 122 133 2980623381
P 123 133 2980623381
P 124 133 2980623381
P 125 133 2980623381
P 126 133 2980623381
P 127 133 2980623381
P 128 133 3115889686
P 129 133 3115889686
P 130 133 3115889686
P 131 133 3115889686
P 132 133 3115889686
P 133 133 3115889686
P 134 133 3115889686
P 135 133 3115889686
P 136 133 3251155991
P 137 133 3251155991
P 138 133 3251155991
P 139 133 3251155991
P 140 133 3251155991
P 141 133 3251155991
P 142 133 3251155991
P 143 133 3251155991
P 144 133 3386422296
P 145 133 3386422296
P 146 133 3386422296
P 147 133 3386422296
P 148 133 3386422296
P 149 133 3386422296
P 150 133 3386422296
P 151 133 3386422296
P 152 133 3521688601
P 153 133 3521688601
P 154 133 3521688601
P 155 133 3521688601
P 156 133 3521688601
P 157 133 3521688601
P 158 133 3521688601
P 159 133 3521688601
P 160 133 3656954906
P 161 133 3656954906
P 162 133 3656954906
P 163 133 3656954906
P 164 133 3656954906
P 165 133 3656954906
P 166 133 3656954906
P 167 133 3656954906
P 40 134 1627960331
P 41 134 1627960331
P 42 134 1627960331
P 43 134 1627960331
P 44 134 1627960331
P 45 134 1627960331
P 46 134 1627960331
P 47 134 1627960331
P 48 134 1763226636
P 49 134 1763226636
P 50 134 1763226636
P 51 134 1763226636
P 52 134 1763226636
P 53 134 1763226636
P 54 134 1763226636
P 55 134 1763226636
P 56 134 1898492941
P 57 134 1898492941
P 58 134 1898492941
P 59 134 1898492941
P 60 134 1898492941
P 61 134 1898492941
P 62 134 1898492941
P 63 134 1898492941
P 64 134 2033759246
P 65 134 2033759246
P 66 134 2033759246
P 67 134 2033759246
P 68 134 2033759246
P 69 134 2033759246
P 70 134 2033759246
P 71 134 2033759246
P 72 134 2169025551
P 73 134 2169025551
P 74 134 2169025551
P 75 134 2169025551
P 76 134 2169025551
P 77 134 2169025551
P 78 134 2169025551
P 79 134 2169025551
P 80 134 2304291856
P 81 134 2304291856
P 82 134 2304291856
P 83 134 2304291856
P 84 134 2304291856
P 85 134 2304291856
P 86 134 2304291856
P 87 134 2304291856
P 88 134 2439558161
P 89 134 2439558161
P 90 134 2439558161
P 91 134 2439558161
P 92 134 2439558161
P 93 134 2439558161
P 94 134 2439558161
P 95 134 2439558161
P 96 134 2574824466
P 97 134 2574824466
P 98 134 2574824466
P 99 134 2574824466
P 100 134 2574824466
P 101 134 2574824466
P 102 134 2574824466
P 103 134 2574824466
P 104 134 2710090771
P 105 134 2710090771
P 106 134 2710090771
P 107 134 2710090771
P 108 134 2710090771
P 109 134 2710090771
P 110 134 2710090771
P 111 134 2710090771
P 112 134 2845357076
P 113 134 2845357076
P 114 134 2845357076
P 115 134 2845357076
P 116 134 2845357076
P 117 134 2845357076
P 118 134 2845357076
P 119 134 2845357076
P 120 134 2980623381
P 121 134 2980623381
P 122 134 2980623381
P 123 134 2980623381
P 124 134 2980623381
P 125 134 2980623381
P 126 134 2980623381
P 127 134 2980623381
P 128 134 3115889686
P 129 134 3115889686
P 130 134 3115889686
P 131 134 3115889686
P 132 134 3115889686
P 133 134 3115889686
P 134 134 3115889686
P 135 134 3115889686
P 136 134 3251155991
P 137 134 3251155991
P 138 134 3251155991
P 139 134 3251155991
P 140 134 3251155991
P 141 134 3251155991
P 142 134 3251155991
P 143 134 3251155991
P 144 134 3386422296
P 145 134 3386422296
P 146 134 3386422296
P 147 134 3386422296
P 148 134 3386422296
P 149 134 3386422296
P 150 134 3386422296
P 151 134 3386422296
P 152 134 3521688601
P 153 134 3521688601
P 154 134 3521688601
P 155 134 3521688601
P 156 134 3521688601
P 157 134 3521688601
P 158 134 3521688601
P 159 134 3521688601
P 160 134 3656954906
P 161 134 3656954906
P 162 134 3656954906
P 163 134 3656954906
P 164 134 3656954906
P 165 134 3656954906
P 166 134 3656954906
P 167 134 3656954906
P 40 135 1627960331
P 41 135 1627960331
P 42 135 1627960331
P 43 135 1627960331
P 44 135 1627960331
P 45 135 1627960331
P 46 135 1627960331
P 47 135 1627960331
P 48 135 1763226636
P 49 135 1763226636
P 50 135 1763226636
P 51 135 1763226636
P 52 135 1763226636
P 53 135 1763226636
P 54 135 1763226636
P 55 135 1763226636
P 56 135 1898492941
P 57 135 1898492941
P 58 135 1898492941
P 59 135 1898492941
P 60 135 1898492941
P 61 135 1898492941
P 62 135 1898492941
P 63 135 1898492941
P 64 135 2033759246
P 65 135 2033759246
P 66 135 2033759246
P 67 135 2033759246
P 68 135 2033759246
P 69 135 2033759246
P 70 135 2033759246
P 71 135 2033759246
P 72 135 2169025551
P 73 135 2169025551
P 74 135 2169025551
P 75 135 2169025551
P 76 135 2169025551
P 77 135 2169025551
P 78 135 2169025551
P 79 135 2169025551
P 80 135 2304291856
P 81 135 2304291856
P 82 135 2304291856
P 83 135 2304291856
P 84 135 2304291856
P 85 135 2304291856
P 86 135 2304291856
P 87 135 2304291856
P 88 135 2439558161
P 89 135 2439558161
P 90 135 2439558161
P 91 135 2439558161
P 92 135 2439558161
P 93 135 2439558161
P 94 135 2439558161
P 95 135 2439558161
P 96 135 2574824466
P 97 135 2574824466
P 98 135 2574824466
P 99 135 2574824466
P 100 135 2574824466
P 101 135 2574824466
P 102 135 2574824466
P 103 135 2574824466
P 104 135 2710090771
P 105 135 2710090771
P 106 135 2710090771
P 107 135 2710090771
P 108 135 2710090771
P 109 135 2710090771
P 110 135 2710090771
P 111 135 2710090771
P 112 135 2845357076
P 113 135 2845357076
P 114 135 2845357076
P 115 135 2845357076
P 116 135 2845357076
P 117 135 2845357076
P 118 135 2845357076
P 119 135 2845357076
P 120 135 2980623381
P 121 135 2980623381
P 122 135 2980623381
P 123 135 2980623381
P 124 135 2980623381
P 125 135 2980623381
P 126 135 2980623381
P 127 135 2980623381
P 128 135 3115889686
P 129 135 3115889686
P 130 135 3115889686
P 131 135 3115889686
P 132 135 3115889686
P 133 135 3115889686
P 134 135 3115889686
P 135 135 3115889686
P 136 135 3251155991
P 137 135 3251155991
P 138 135 3251155991
P 139 135 3251155991
P 140 135 3251155991
P 141 135 3251155991
P 142 135 3251155991
P 143 135 3251155991
P 144 135 3386422296
P 145 135 3386422296
P 146 135 3386422296
P 147 135 3386422296
P 148 135 3386422296
P 149 135 3386422296
P 150 135 3386422296
P 151 135 3386422296
P 152 135 3521688601
P 153 135 3521688601
P 154 135 3521688601
P 155 135 3521688601
P 156 135 3521688601
P 157 135 3521688601
P 158 135 3521688601
P 159 135 3521688601
P 160 135 3656954906
P 161 135 3656954906
P 162 135 3656954906
P 163 135 3656954906
P 164 135 3656954906
P 165 135 3656954906
P 166 135 3656954906
P 167 135 3656954906
P 40 136 1678296076
P 41 136 1678296076
P 42 136 1678296076
P 43 136 1678296076
P 44 136 1678296076
P 45 136 1678296076
P 46 136 1678296076
P 47 136 1678296076
P 48 136 1813562381
P 49 136 1813562381
P 50 136 1813562381
P 51 136 1813562381
P 52 136 1813562381
P 53 136 1813562381
P 54 136 1813562381
P 55 136 1813562381
P 56 136 1948828686
P 57 136 1948828686
P 58 136 1948828686
P 59 136 1948828686
P 60 136 1948828686
P 61 136 1948828686
P 62 136 1948828686
P 63 136 1948828686
P 64 136 2084094991
P 65 136 2084094991
P 66 136 2084094991
P 67 136 2084094991
P 68 136 2084094991
P 69 136 2084094991
P 70 136 2084094991
P 71 136 2084094991
P 72 136 2219361296
P 73 136 2219361296
P 74 136 2219361296
P 75 136 2219361296
P 76 136 2219361296
P 77 136 2219361296
P 78 136 2219361296
P 79 136 2219361296
P 80 136 2354627601
P 81 136 2354627601
P 82 136 2354627601
P 83 136 2354627601
P 84 136 2354627601
P 85 136 2354627601
P 86 136 2354627601
P 87 136 2354627601
P 88 136 2489893906
P 89 136 2489893906
P 90 136 2489893906
P 91 136 2489893906
P 92 136 2489893906
P 93 136 2489893906
P 94 136 2489893906
P 95 136 2489893906
P 96 136 2625160211
P 97 136 2625160211
P 98 136 2625160211
P 99 136 2625160211
P 100 136 2625160211
P 101 136 2625160211
P 102 136 2625160211
P 103 136 2625160211
P 104 136 2760426516
P 105 136 2760426516
P 106 136 2760426516
P 107 136 2760426516
P 108 136 2760426516
P 109 136 2760426516
P 110 136 2760426516
P 111 136 2760426516
P 112 136 2895692821
P 113 136 2895692821
P 114 136 2895692821
P 115 136 2895692821
P 116 136 2895692821
P 117 136 2895692821
P 118 136 2895692821
P 119 136 2895692821
P 120 136 3030959126
P 121 136 3030959126
P 122 136 3030959126
P 123 136 3030959126
P 124 136 3030959126
P 125 136 3030959126
P 126 136 3030959126
P 127 136 3030959126
P 128 136 3166225431
P 129 136 3166225431
P 130 136 3166225431
P 131 136 3166225431
P 132 136 3166225431
P 133 136 3166225431
P 134 136 3166225431
P 135 136 3166225431
P 136 136 3301491736
P 137 136 3301491736
P 138 136 3301491736
P 139 136 3301491736
P 140 136 3301491736
P 141 136 3301491736
P 142 136 3301491736
P 143 136 3301491736
P 144 136 3436758041
P 145 136 3436758041
P 146 136 3436758041
P 147 136 3436758041
P 148 136 3436758041
P 149 136 3436758041
P 150 136 3436758041
P 151 136 3436758041
P 152 136 3572024346
P 153 136 3572024346
P 154 136 3572024346
P 155 136 3572024346
P 156 136 3572024346
P 157 136 3572024346
P 158 136 3572024346
P 159 136 3572024346
P 160 136 3707290651
P 161 136 3707290651
P 162 136 3707290651
P 163 136 3707290651
P 164 136 3707290651
P 165 136 3707290651
P 166 136 3707290651
P 167 136 3707290651
P 40 137 1678296076
P 41 137 1678296076
P 42 137 1678296076
P 43 137 1678296076
P 44 137 1678296076
P 45 137 1678296076
P 46 137 1678296076
P 47 137 1678296076
P 48 137 1813562381
P 49 137 1813562381
P 50 137 1813562381
P 51 137 1813562381
P 52 137 1813562381
P 53 137 1813562381
P 54 137 1813562381
P 55 137 1813562381
P 56 137 1948828686
P 57 137 1948828686
P 58 137 1948828686
P 59 137 1948828686
P 60 137 1948828686
P 61 137 1948828686
P 62 137 1948828686
P 63 137 1948828686
P 64 137 2084094991
P 65 137 2084094991
P 66 137 2084094991
P 67 137 2084094991
P 68 137 2084094991
P 69 137 2084094991
P 70 137 2084094991
P 71 137 2084094991
P 72 137 2219361296
P 73 137 2219361296
P 74 137 2219361296
P 75 137 2219361296
P 76 137 2219361296
P 77 137 2219361296
P 78 137 2219361296
P 79 137 2219361296
P 80 137 2354627601
P 81 137 2354627601
P 82 137 2354627601
P 83 137 2354627601
P 84 137 2354627601
P 85 137 2354627601
P 86 137 2354627601
P 87 137 2354627601
P 88 137 2489893906
P 89 137 2489893906
P 90 137 2489893906
P 91 137 2489893906
P 92 137 2489893906
P 93 137 2489893906
P 94 137 2489893906
P 95 137 2489893906
P 96 137 2625160211
P 97 137 2625160211
P 98 137 2625160211
P 99 137 2625160211
P 100 137 2625160211
P 101 137 2625160211
P 102 137 2625160211
P 103 137 2625160211
P 104 137 2760426516
P 105 137 2760426516
P 106 137 2760426516
P 107 137 2760426516
P 108 137 2760426516
P 109 137 2760426516
P 110 137 2760426516
P 111 137 2760426516
P 112 137 2895692821
P 113 137 2895692821
P 114 137 2895692821
P 115 137 2895692821
P 116 137 2895692821
P 117 137 2895692821
P 118 137 2895692821
P 119 137 2895692821
P 120 137 3030959126
P 121 137 3030959126
P 122 137 3030959126
P 123 137 3030959126
P 124 137 3030959126
P 125 137 3030959126
P 126 137 3030959126
P 127 137 3030959126
P 128 137 3166225431
P 129 137 3166225431
P 130 137 3166225431
P 131 137 3166225431
P 132 137 3166225431
P 133 137 3166225431
P 134 137 3166225431
P 135 137 3166225431
P 136 137 3301491736
P 137 137 3301491736
P 138 137 3301491736
P 139 137 3301491736
P 140 137 3301491736
P 141 137 3301491736
P 142 137 3301491736
P 143 137 3301491736
P 144 137 3436758041
P 145 137 3436758041
P 146 137 3436758041
P 147 137 3436758041
P 148 137 3436758041
P 149 137 3436758041
P 150 137 3436758041
P 151 137 3436758041
P 152 137 3572024346
P 153 137 3572024346
P 154 137 3572024346
P 155 137 3572024346
P 156 137 3572024346
P 157 137 3572024346
P 158 137 3572024346
P 159 137 3572024346
P 160 137 3707290651
P 161 137 3707290651
P 162 137 3707290651
P 163 137 3707290651
P 164 137 3707290651
P 165 137 3707290651
P 166 137 3707290651
P 167 137 3707290651
P 40 138 1678296076
P 41 138 1678296076
P 42 138 1678296076
P 43 138 1678296076
P 44 138 1678296076
P 45 138 1678296076
P 46 138 1678296076
P 47 138 1678296076
P 48 138 1813562381
P 49 138 1813562381
P 50 138 1813562381
P 51 138 1813562381
P 52 138 1813562381
P 53 138 1813562381
P 54 138 1813562381
P 55 138 1813562381
P 56 138 1948828686
P 57 138 1948828686
P 58 138 1948828686
P 59 138 1948828686
P 60 138 1948828686
P 61 138 1948828686
P 62 138 1948828686
P 63 138 1948828686
P 64 138 2084094991
P 65 138 2084094991
P 66 138 2084094991
P 67 138 2084094991
P 68 138 2084094991
P 69 138 2084094991
P 70 138 2084094991
P 71 138 2084094991
P 72 138 2219361296
P 73 138 2219361296
P 74 138 2219361296
P 75 138 2219361296
P 76 138 2219361296
P 77 138 2219361296
P 78 138 2219361296
P 79 138 2219361296
P 80 138 2354627601
P 81 138 2354627601
P 82 138 2354627601
P 83 138 2354627601
P 84 138 2354627601
P 85 138 2354627601
P 86 138 2354627601
P 87 138 2354627601
P 88 138 2489893906
P 89 138 2489893906
P 90 138 2489893906
P 91 138 2489893906
P 92 138 2489893906
P 93 138 2489893906
P 94 138 2489893906
P 95 138 2489893906
P 96 138 2625160211
P 97 138 2625160211
P 98 138 2625160211
P 99 138 2625160211
P 100 138 2625160211
P 101 138 2625160211
P 102 138 2625160211
P 103 138 2625160211
P 104 138 2760426516
P 105 138 2760426516
P 106 138 2760426516
P 107 138 2760426516
P 108 138 2760426516
P 109 138 2760426516
P 110 138 2760426516
P 111 138 2760426516
P 112 138 2895692821
P 113 138 2895692821
P 114 138 2895692821
P 115 138 2895692821
P 116 138 2895692821
P 117 138 2895692821
P 118 138 2895692821
P 119 138 2895692821
P 120 138 3030959126
P 121 138 3030959126
P 122 138 3030959126
P 123 138 3030959126
P 124 138 3030959126
P 125 138 3030959126
P 126 138 3030959126
P 127 138 3030959126
P 128 138 3166225431
P 129 138 3166225431
P 130 138 3166225431
P 131 138 3166225431
P 132 138 3166225431
P 133 138 3166225431
P 134 138 3166225431
P 135 138 3166225431
P 136 138 3301491736
P 137 138 3301491736
P 138 138 3301491736
P 139 138 3301491736
P 140 138 3301491736
P 141 138 3301491736
P 142 138 3301491736
P 143 138 3301491736
P 144 138 3436758041
P 145 138 3436758041
P 146 138 3436758041
P 147 138 3436758041
P 148 138 3436758041
P 149 138 3436758041
P 150 138 3436758041
P 151 138 3436758041
P 152 138 3572024346
P 153 138 3572024346
P 154 138 3572024346
P 155 138 3572024346
P 156 138 3572024346
P 157 138 3572024346
P 158 138 3572024346
P 159 138 3572024346
P 160 138 3707290651
P 161 138 3707290651
P 162 138 3707290651
P 163 138 3707290651
P 164 138 3707290651
P 165 138 3707290651
P 166 138 3707290651
P 167 138 3707290651
P 40 139 1678296076
P 41 139 1678296076
P 42 139 1678296076
P 43 139 1678296076
P 44 139 1678296076
P 45 139 1678296076
P 46 139 1678296076
P 47 139 1678296076
P 48 139 1813562381
P 49 139 1813562381
P 50 139 1813562381
P 51 139 1813562381
P 52 139 1813562381
P 53 139 1813562381
P 54 139 1813562381
P 55 139 1813562381
P 56 139 1948828686
P 57 139 1948828686
P 58 139 1948828686
P 59 139 1948828686
P 60 139 1948828686
P 61 139 1948828686
P 62 139 1948828686
P 63 139 1948828686
P 64 139 2084094991
P 65 139 2084094991
P 66 139 2084094991
P 67 139 2084094991
P 68 139 2084094991
P 69 139 2084094991
P 70 139 2084094991
P 71 139 2084094991
P 72 139 2219361296
P 73 139 2219361296
P 74 139 2219361296
P 75 139 2219361296
P 76 139 2219361296
P 77 139 2219361296
P 78 139 2219361296
P 79 139 2219361296
P 80 139 2354627601
P 81 139 2354627601
P 82 139 2354627601
P 83 139 2354627601
P 84 139 2354627601
P 85 139 2354627601
P 86 139 2354627601
P 87 139 2354627601
P 88 139 2489893906
P 89 139 2489893906
P 90 139 2489893906
P 91 139 2489893906
P 92 139 2489893906
P 93 139 2489893906
P 94 139 2489893906
P 95 139 2489893906
P 96 139 2625160211
P 97 139 2625160211
P 98 139 2625160211
P 99 139 2625160211
P 100 139 2625160211
P 101 139 2625160211
P 102 139 2625160211
P 103 139 2625160211
P 104 139 2760426516
P 105 139 2760426516
P 106 139 2760426516
P 107 139 2760426516
P 108 139 2760426516
P 109 139 2760426516
P 110 139 2760426516
P 111 139 2760426516
P 112 139 2895692821
P 113 139 2895692821
P 114 139 2895692821
P 115 139 2895692821
P 116 139 2895692821
P 117 139 2895692821
P 118 139 2895692821
P 119 139 2895692821
P 120 139 3030959126
P 121 139 3030959126
P 122 139 3030959126
P 123 139 3030959126
P 124 139 3030959126
P 125 139 3030959126
P 126 139 3030959126
P 127 139 3030959126
P 128 139 3166225431
P 129 139 3166225431
P 130 139 3166225431
P 131 139 3166225431
P 132 139 3166225431
P 133 139 3166225431
P 134 139 3166225431
P 135 139 3166225431
P 136 139 3301491736
P 137 139 3301491736
P 138 139 3301491736
P 139 139 3301491736
P 140 139 3301491736
P 141 139 3301491736
P 142 139 3301491736
P 143 139 3301491736
P 144 139 3436758041
P 145 139 3436758041
P 146 139 3436758041
P 147 139 3436758041
P 148 139 3436758041
P 149 139 3436758041
P 150 139 3436758041
P 151 139 3436758041
P 152 139 3572024346
P 153 139 3572024346
P 154 139 3572024346
P 155 139 3572024346
P 156 139 3572024346
P 157 139 3572024346
P 158 139 3572024346
P 159 139 3572024346
P 160 139 3707290651
P 161 139 3707290651
P 162 139 3707290651
P 163 139 3707290651
P 164 139 3707290651
P 165 139 3707290651
P 166 139 3707290651
P 167 139 3707290651
P 40 140 1678296076
P 41 140 1678296076
P 42 140 1678296076
P 43 140 1678296076
P 44 140 1678296076
P 45 140 1678296076
P 46 140 1678296076
P 47 140 1678296076
P 48 140 1813562381
P 49 140 1813562381
P 50 140 1813562381
P 51 140 1813562381
P 52 140 1813562381
P 53 140 1813562381
P 54 140 1813562381
P 55 140 1813562381
P 56 140 1948828686
P 57 140 1948828686
P 58 140 1948828686
P 59 140 1948828686
P 60 140 1948828686
P 61 140 1948828686
P 62 140 1948828686
P 63 140 1948828686
P 64 140 2084094991
P 65 140 2084094991
P 66 140 2084094991
P 67 140 2084094991
P 68 140 2084094991
P 69 140 2084094991
P 70 140 2084094991
P 71 140 2084094991
P 72 140 2219361296
P 73 140 2219361296
P 74 140 2219361296
P 75 140 2219361296
P 76 140 2219361296
P 77 140 2219361296
P 78 140 2219361296
P 79 140 2219361296
P 80 140 2354627601
P 81 140 2354627601
P 82 140 2354627601
P 83 140 2354627601
P 84 140 2354627601
P 85 140 2354627601
P 86 140 2354627601
P 87 140 2354627601
P 88 140 2489893906
P 89 140 2489893906
P 90 140 2489893906
P 91 140 2489893906
P 92 140 2489893906
P 93 140 2489893906
P 94 140 2489893906
P 95 140 2489893906
P 96 140 2625160211
P 97 140 2625160211
P 98 140 2625160211
P 99 140 2625160211
P 100 140 2625160211
P 101 140 2625160211
P 102 140 2625160211
P 103 140 2625160211
P 104 140 2760426516
P 105 140 2760426516
P 106 140 2760426516
P 107 140 2760426516
P 108 140 2760426516
P 109 140 2760426516
P 110 140 2760426516
P 111 140 2760426516
P 112 140 2895692821
P 113 140 2895692821
P 114 140 2895692821
P 115 140 2895692821
P 116 140 2895692821
P 117 140 2895692821
P 118 140 2895692821
P 119 140 2895692821
P 120 140 3030959126
P 121 140 3030959126
P 122 140 3030959126
P 123 140 3030959126
P 124 140 3030959126
P 125 140 3030959126
P 126 140 3030959126
P 127 140 3030959126
P 128 140 3166225431
P 129 140 3166225431
P 130 140 3166225431
P 131 140 3166225431
P 132 140 3166225431
P 133 140 3166225431
P 134 140 3166225431
P 135 140 3166225431
P 136 140 3301491736
P 137 140 3301491736
P 138 140 3301491736
P 139 140 3301491736
P 140 140 3301491736
P 141 140 3301491736
P 142 140 3301491736
P 143 140 3301491736
P 144 140 3436758041
P 145 140 3436758041
P 146 140 3436758041
P 147 140 3436758041
P 148 140 3436758041
P 149 140 3436758041
P 150 140 3436758041
P 151 140 3436758041
P 152 140 3572024346
P 153 140 3572024346
P 154 140 3572024346
P 155 140 3572024346
P 156 140 3572024346
P 157 140 3572024346
P 158 140 3572024346
P 159 140 3572024346
P 160 140 3707290651
P 161 140 3707290651
P 162 140 3707290651
P 163 140 3707290651
P 164 140 3707290651
P 165 140 3707290651
P 166 140 3707290651
P 167 140 3707290651
P 40 141 1678296076
P 41 141 1678296076
P 42 141 1678296076
P 43 141 1678296076
P 44 141 1678296076
P 45 141 1678296076
P 46 141 1678296076
P 47 141 1678296076
P 48 141 1813562381
P 49 141 1813562381
P 50 141 1813562381
P 51 141 1813562381
P 52 141 1813562381
P 53 141 1813562381
P 54 141 1813562381
P 55 141 1813562381
P 56 141 1948828686
P 57 141 1948828686
P 58 141 1948828686
P 59 141 1948828686
P 60 141 1948828686
P 61 141 1948828686
P 62 141 1948828686
P 63 141 1948828686
P 64 141 2084094991
P 65 141 2084094991
P 66 141 2084094991
P 67 141 2084094991
P 68 141 2084094991
P 69 141 2084094991
P 70 141 2084094991
P 71 141 2084094991
P 72 141 2219361296
P 73 141 2219361296
P 74 141 2219361296
P 75 141 2219361296
P 76 141 2219361296
P 77 141 2219361296
P 78 141 2219361296
P 79 141 2219361296
P 80 141 2354627601
P 81 141 2354627601
P 82 141 2354627601
P 83 141 2354627601
P 84 141 2354627601
P 85 141 2354627601
P 86 141 2354627601
P 87 141 2354627601
P 88 141 2489893906
P 89 141 2489893906
P 90 141 2489893906
P 91 141 2489893906
P 92 141 2489893906
P 93 141 2489893906
P 94 141 2489893906
P 95 141 2489893906
P 96 141 2625160211
P 97 141 2625160211
P 98 141 2625160211
P 99 141 2625160211
P 100 141 2625160211
P 101 141 2625160211
P 102 141 2625160211
P 103 141 2625160211
P 104 141 2760426516
P 105 141 2760426516
P 106 141 2760426516
P 107 141 2760426516
P 108 141 2760426516
P 109 141 2760426516
P 110 141 2760426516
P 111 141 2760426516
P 112 141 2895692821
P 113 141 2895692821
P 114 141 2895692821
P 115 141 2895692821
P 116 141 2895692821
P 117 141 2895692821
P 118 141 2895692821
P 119 141 2895692821
P 120 141 3030959126
P 121 141 3030959126
P 122 141 3030959126
P 123 141 3030959126
P 124 141 3030959126
P 125 141 3030959126
P 126 141 3030959126
P 127 141 3030959126
P 128 141 3166225431
P 129 141 3166225431
P 130 141 3166225431
P 131 141 3166225431
P 132 141 3166225431
P 133 141 3166225431
P 134 141 3166225431
P 135 141 3166225431
P 136 141 3301491736
P 137 141 3301491736
P 138 141 3301491736
P 139 141 3301491736
P 140 141 3301491736
P 141 141 3301491736
P 142 141 3301491736
P 143 141 3301491736
P 144 141 3436758041
P 145 141 3436758041
P 146 141 3436758041
P 147 141 3436758041
P 148 141 3436758041
P 149 141 3436758041
P 150 141 3436758041
P 151 141 3436758041
P 152 141 3572024346
P 153 141 3572024346
P 154 141 3572024346
P 155 141 3572024346
P 156 141 3572024346
P 157 141 3572024346
P 158 141 3572024346
P 159 141 3572024346
P 160 141 3707290651
P 161 141 3707290651
P 162 141 3707290651
P 163 141 3707290651
P 164 141 3707290651
P 165 141 3707290651
P 166 141 3707290651
P 167 141 3707290651
P 40 142 1678296076
P 41 142 1678296076
P 42 142 1678296076
P 43 142 1678296076
P 44 142 1678296076
P 45 142 1678296076
P 46 142 1678296076
P 47 142 1678296076
P 48 142 1813562381
P 49 142 1813562381
P 50 142 1813562381
P 51 142 1813562381
P 52 142 1813562381
P 53 142 1813562381
P 54 142 1813562381
P 55 142 1813562381
P 56 142 1948828686
P 57 142 1948828686
P 58 142 1948828686
P 59 142 1948828686
P 60 142 1948828686
P 61 142 1948828686
P 62 142 1948828686
P 63 142 1948828686
P 64 142 2084094991
P 65 142 2084094991
P 66 142 2084094991
P 67 142 2084094991
P 68 142 2084094991
P 69 142 2084094991
P 70 142 2084094991
P 71 142 2084094991
P 72 142 2219361296
P 73 142 2219361296
P 74 142 2219361296
P 75 142 2219361296
P 76 142 2219361296
P 77 142 2219361296
P 78 142 2219361296
P 79 142 2219361296
P 80 142 2354627601
P 81 142 2354627601
P 82 142 2354627601
P 83 142 2354627601
P 84 142 2354627601
P 85 142 2354627601
P 86 142 2354627601
P 87 142 2354627601
P 88 142 2489893906
P 89 142 2489893906
P 90 142 2489893906
P 91 142 2489893906
P 92 142 2489893906
P 93 142 2489893906
P 94 142 2489893906
P 95 142 2489893906
P 96 142 2625160211
P 97 142 2625160211
P 98 142 2625160211
P 99 142 2625160211
P 100 142 2625160211
P 101 142 2625160211
P 102 142 2625160211
P 103 142 2625160211
P 104 142 2760426516
P 105 142 2760426516
P 106 142 2760426516
P 107 142 2760426516
P 108 142 2760426516
P 109 142 2760426516
P 110 142 2760426516
P 111 142 2760426516
P 112 142 2895692821
P 113 142 2895692821
P 114 142 2895692821
P 115 142 2895692821
P 116 142 2895692821
P 117 142 2895692821
P 118 142 2895692821
P 119 142 2895692821
P 120 142 3030959126
P 121 142 3030959126
P 122 142 3030959126
P 123 142 3030959126
P 124 142 3030959126
P 125 142 3030959126
P 126 142 3030959126
P 127 142 3030959126
P 128 142 3166225431
P 129 142 3166225431
P 130 142 3166225431
P 131 142 3166225431
P 132 142 3166225431
P 133 142 3166225431
P 134 142 3166225431
P 135 142 3166225431
P 136 142 3301491736
P 137 142 3301491736
P 138 142 3301491736
P 139 142 3301491736
P 140 142 3301491736
P 141 142 3301491736
P 142 142 3301491736
P 143 142 3301491736
P 144 142 3436758041
P 145 142 3436758041
P 146 142 3436758041
P 147 142 3436758041
P 148 142 3436758041
P 149 142 3436758041
P 150 142 3436758041
P 151 142 3436758041
P 152 142 3572024346
P 153 142 3572024346
P 154 142 3572024346
P 155 142 3572024346
P 156 142 3572024346
P 157 142 3572024346
P 158 142 3572024346
P 159 142 3572024346
P 160 142 3707290651
P 161 142 3707290651
P 162 142 3707290651
P 163 142 3707290651
P 164 142 3707290651
P 165 142 3707290651
P 166 142 3707290651
P 167 142 3707290651
P 40 143 1678296076
P 41 143 1678296076
P 42 143 1678296076
P 43 143 1678296076
P 44 143 1678296076
P 45 143 1678296076
P 46 143 1678296076
P 47 143 1678296076
P 48 143 1813562381
P 49 143 1813562381
P 50 143 1813562381
P 51 143 1813562381
P 52 143 1813562381
P 53 143 1813562381
P 54 143 1813562381
P 55 143 1813562381
P 56 143 1948828686
P 57 143 1948828686
P 58 143 1948828686
P 59 143 1948828686
P 60 143 1948828686
P 61 143 1948828686
P 62 143 1948828686
P 63 143 1948828686
P 64 143 2084094991
P 65 143 2084094991
P 66 143 2084094991
P 67 143 2084094991
P 68 143 2084094991
P 69 143 2084094991
P 70 143 2084094991
P 71 143 2084094991
P 72 143 2219361296
P 73 143 2219361296
P 74 143 2219361296
P 75 143 2219361296
P 76 143 2219361296
P 77 143 2219361296
P 78 143 2219361296
P 79 143 2219361296
P 80 143 2354627601
P 81 143 2354627601
P 82 143 2354627601
P 83 143 2354627601
P 84 143 2354627601
P 85 143 2354627601
P 86 143 2354627601
P 87 143 2354627601
P 88 143 2489893906
P 89 143 2489893906
P 90 143 2489893906
P 91 143 2489893906
P 92 143 2489893906
P 93 143 2489893906
P 94 143 2489893906
P 95 143 2489893906
P 96 143 2625160211
P 97 143 2625160211
P 98 143 2625160211
P 99 143 2625160211
P 100 143 2625160211
P 101 143 2625160211
P 102 143 2625160211
P 103 143 2625160211
P 104 143 2760426516
P 105 143 2760426516
P 106 143 2760426516
P 107 143 2760426516
P 108 143 2760426516
P 109 143 2760426516
P 110 143 2760426516
P 111 143 2760426516
P 112 143 2895692821
P 113 143 2895692821
P 114 143 2895692821
P 115 143 2895692821
P 116 143 2895692821
P 117 143 2895692821
P 118 143 2895692821
P 119 143 2895692821
P 120 143 3030959126
P 121 143 3030959126
P 122 143 3030959126
P 123 143 3030959126
P 124 143 3030959126
P 125 143 3030959126
P 126 143 3030959126
P 127 143 3030959126
P 128 143 3166225431
P 129 143 3166225431
P 130 143 3166225431
P 131 143 3166225431
P 132 143 3166225431
P 133 143 3166225431
P 134 143 3166225431
P 135 143 3166225431
P 136 143 3301491736
P 137 143 3301491736
P 138 143 3301491736
P 139 143 3301491736
P 140 143 3301491736
P 141 143 3301491736
P 142 143 3301491736
P 143 143 3301491736
P 144 143 3436758041
P 145 143 3436758041
P 146 143 3436758041
P 147 143 3436758041
P 148 143 3436758041
P 149 143 3436758041
P 150 143 3436758041
P 151 143 3436758041
P 152 143 3572024346
P 153 143 3572024346
P 154 143 3572024346
P 155 143 3572024346
P 156 143 3572024346
P 157 143 3572024346
P 158 143 3572024346
P 159 143 3572024346
P 160 143 3707290651
P 161 143 3707290651
P 162 143 3707290651
P 163 143 3707290651
P 164 143 3707290651
P 165 143 3707290651
P 166 143 3707290651
P 167 143 3707290651
P 40 144 1728631821
P 41 144 1728631821
P 42 144 1728631821
P 43 144 1728631821
P 44 144 1728631821
P 45 144 1728631821
P 46 144 1728631821
P 47 144 1728631821
P 48 144 1863898126
P 49 144 1863898126
P 50 144 1863898126
P 51 144 1863898126
P 52 144 1863898126
P 53 144 1863898126
P 54 144 1863898126
P 55 144 1863898126
P 56 144 1999164431
P 57 144 1999164431
P 58 144 1999164431
P 59 144 1999164431
P 60 144 1999164431
P 61 144 1999164431
P 62 144 1999164431
P 63 144 1999164431
P 64 144 2134430736
P 65 144 2134430736
P 66 144 2134430736
P 67 144 2134430736
P 68 144 2134430736
P 69 144 2134430736
P 70 144 2134430736
P 71 144 2134430736
P 72 144 2269697041
P 73 144 2269697041
P 74 144 2269697041
P 75 144 2269697041
P 76 144 2269697041
P 77 144 2269697041
P 78 144 2269697041
P 79 144 2269697041
P 80 144 2404963346
P 81 144 2404963346
P 82 144 2404963346
P 83 144 2404963346
P 84 144 2404963346
P 85 144 2404963346
P 86 144 2404963346
P 87 144 2404963346
P 88 144 2540229651
P 89 144 2540229651
P 90 144 2540229651
P 91 144 2540229651
P 92 144 2540229651
P 93 144 2540229651
P 94 144 2540229651
P 95 144 2540229651
P 96 144 2675495956
P 97 144 2675495956
P 98 144 2675495956
P 99 144 2675495956
P 100 144 2675495956
P 101 144 2675495956
P 102 144 2675495956
P 103 144 2675495956
P 104 144 2810762261
P 105 144 2810762261
P 106 144 2810762261
P 107 144 2810762261
P 108 144 2810762261
P 109 144 2810762261
P 110 144 2810762261
P 111 144 2810762261
P 112 144 2946028566
P 113 144 2946028566
P 114 144 2946028566
P 115 144 2946028566
P 116 144 2946028566
P 117 144 2946028566
P 118 144 2946028566
P 119 144 2946028566
P 120 144 3081294871
P 121 144 3081294871
P 122 144 3081294871
P 123 144 3081294871
P 124 144 3081294871
P 125 144 3081294871
P 126 144 3081294871
P 127 144 3081294871
P 128 144 3216561176
P 129 144 3216561176
P 130 144 3216561176
P 131 144 3216561176
P 132 144 3216561176
P 133 144 3216561176
P 134 144 3216561176
P 135 144 3216561176
P 136 144 3351827481
P 137 144 3351827481
P 138 144 3351827481
P 139 144 3351827481
P 140 144 3351827481
P 141 144 3351827481
P 142 144 3351827481
P 143 144 3351827481
P 144 144 3487093786
P 145 144 3487093786
P 146 144 3487093786
P 147 144 3487093786
P 148 144 3487093786
P 149 144 3487093786
P 150 144 3487093786
P 151 144 3487093786
P 152 144 3622360091
P 153 144 3622360091
P 154 144 3622360091
P 155 144 3622360091
P 156 144 3622360091
P 157 144 3622360091
P 158 144 3622360091
P 159 144 3622360091
P 160 144 3757626396
P 161 144 3757626396
P 162 144 3757626396
P 163 144 3757626396
P 164 144 3757626396
P 165 144 3757626396
P 166 144 3757626396
P 167 144 3757626396
P 40 145 1728631821
P 41 145 1728631821
P 42 145 1728631821
P 43 145 1728631821
P 44 145 1728631821
P 45 145 1728631821
P 46 145 1728631821
P 47 145 1728631821
P 48 145 1863898126
P 49 145 1863898126
P 50 145 1863898126
P 51 145 1863898126
P 52 145 1863898126
P 53 145 1863898126
P 54 145 1863898126
P 55 145 1863898126
P 56 145 1999164431
P 57 145 1999164431
P 58 145 1999164431
P 59 145 1999164431
P 60 145 1999164431
P 61 145 1999164431
P 62 145 1999164431
P 63 145 1999164431
P 64 145 2134430736
P 65 145 2134430736
P 66 145 2134430736
P 67 145 2134430736
P 68 145 2134430736
P 69 145 2134430736
P 70 145 2134430736
P 71 145 2134430736
P 72 145 2269697041
P 73 145 2269697041
P 74 145 2269697041
P 75 145 2269697041
P 76 145 2269697041
P 77 145 2269697041
P 78 145 2269697041
P 79 145 2269697041
P 80 145 2404963346
P 81 145 2404963346
P 82 145 2404963346
P 83 145 2404963346
P 84 145 2404963346
P 85 145 2404963346
P 86 145 2404963346
P 87 145 2404963346
P 88 145 2540229651
P 89 145 2540229651
P 90 145 2540229651
P 91 145 2540229651
P 92 145 2540229651
P 93 145 2540229651
P 94 145 2540229651
P 95 145 2540229651
P 96 145 2675495956
P 97 145 2675495956
P 98 145 2675495956
P 99 145 2675495956
P 100 145 2675495956
P 101 145 2675495956
P 102 145 2675495956
P 103 145 2675495956
P 104 145 2810762261
P 105 145 2810762261
P 106 145 2810762261
P 107 145 2810762261
P 108 145 2810762261
P 109 145 2810762261
P 110 145 2810762261
P 111 145 2810762261
P 112 145 2946028566
P 113 145 2946028566
P 114 145 2946028566
P 115 145 2946028566
P 116 145 2946028566
P 117 145 2946028566
P 118 145 2946028566
P 119 145 2946028566
P 120 145 3081294871
P 121 145 3081294871
P 122 145 3081294871
P 123 145 3081294871
P 124 145 3081294871
P 125 145 3081294871
P 126 145 3081294871
P 127 145 3081294871
P 128 145 3216561176
P 129 145 3216561176
P 130 145 3216561176
P 131 145 3216561176
P 132 145 3216561176
P 133 145 3216561176
P 134 145 3216561176
P 135 145 3216561176
P 136 145 3351827481
P 137 145 3351827481
P 138 145 3351827481
P 139 145 3351827481
P 140 145 3351827481
P 141 145 3351827481
P 142 145 3351827481
P 143 145 3351827481
P 144 145 3487093786
P 145 145 3487093786
P 146 145 3487093786
P 147 145 3487093786
P 148 145 3487093786
P 149 145 3487093786
P 150 145 3487093786
P 151 145 3487093786
P 152 145 3622360091
P 153 145 3622360091
P 154 145 3622360091
P 155 145 3622360091
P 156 145 3622360091
P 157 145 3622360091
P 158 145 3622360091
P 159 145 3622360091
P 160 145 3757626396
P 161 145 3757626396
P 162 145 3757626396
P 163 145 3757626396
P 164 145 3757626396
P 165 145 3757626396
P 166 145 3757626396
P 167 145 3757626396
P 40 146 1728631821
P 41 146 1728631821
P 42 146 1728631821
P 43 146 1728631821
P 44 146 1728631821
P 45 146 1728631821
P 46 146 1728631821
P 47 146 1728631821
P 48 146 1863898126
P 49 146 1863898126
P 50 146 1863898126
P 51 146 1863898126
P 52 146 1863898126
P 53 146 1863898126
P 54 146 1863898126
P 55 146 1863898126
P 56 146 1999164431
P 57 146 1999164431
P 58 146 1999164431
P 59 146 1999164431
P 60 146 1999164431
P 61 146 1999164431
P 62 146 1999164431
P 63 146 1999164431
P 64 146 2134430736
P 65 146 2134430736
P 66 146 2134430736
P 67 146 2134430736
P 68 146 2134430736
P 69 146 2134430736
P 70 146 2134430736
P 71 146 2134430736
P 72 146 2269697041
P 73 146 2269697041
P 74 146 2269697041
P 75 146 2269697041
P 76 146 2269697041
P 77 146 2269697041
P 78 146 2269697041
P 79 146 2269697041
P 80 146 2404963346
P 81 146 2404963346
P 82 146 2404963346
P 83 146 2404963346
P 84 146 2404963346
P 85 146 2404963346
P 86 146 2404963346
P 87 146 2404963346
P 88 146 2540229651
P 89 146 2540229651
P 90 146 2540229651
P 91 146 2540229651
P 92 146 2540229651
P 93 146 2540229651
P 94 146 2540229651
P 95 146 2540229651
P 96 146 2675495956
P 97 146 2675495956
P 98 146 2675495956
P 99 146 2675495956
P 100 146 2675495956
P 101 146 2675495956
P 102 146 2675495956
P 103 146 2675495956
P 104 146 2810762261
P 105 146 2810762261
P 106 146 2810762261
P 107 146 2810762261
P 108 146 2810762261
P 109 146 2810762261
P 110 146 2810762261
P 111 146 2810762261
P 112 146 2946028566
P 113 146 2946028566
P 114 146 2946028566
P 115 146 2946028566
P 116 146 2946028566
P 117 146 2946028566
P 118 146 2946028566
P 119 146 2946028566
P 120 146 3081294871
P 121 146 3081294871
P 122 146 3081294871
P 123 146 3081294871
P 124 146 3081294871
P 125 146 3081294871
P 126 146 3081294871
P 127 146 3081294871
P 128 146 3216561176
P 129 146 3216561176
P 130 146 3216561176
P 131 146 3216561176
P 132 146 3216561176
P 133 146 3216561176
P 134 146 3216561176
P 135 146 3216561176
P 136 146 3351827481
P 137 146 3351827481
P 138 146 3351827481
P 139 146 3351827481
P 140 146 3351827481
P 141 146 3351827481
P 142 146 3351827481
P 143 146 3351827481
P 144 146 3487093786
P 145 146 3487093786
P 146 146 3487093786
P 147 146 3487093786
P 148 146 3487093786
P 149 146 3487093786
P 150 146 3487093786
P 151 146 3487093786
P 152 146 3622360091
P 153 146 3622360091
P 154 146 3622360091
P 155 146 3622360091
P 156 146 3622360091
P 157 146 3622360091
P 158 146 3622360091
P 159 146 3622360091
P 160 146 3757626396
P 161 146 3757626396
P 162 146 3757626396
P 163 146 3757626396
P 164 146 3757626396
P 165 146 3757626396
P 166 146 3757626396
P 167 146 3757626396
P 40 147 1728631821
P 41 147 1728631821
P 42 147 1728631821
P 43 147 1728631821
P 44 147 1728631821
P 45 147 1728631821
P 46 147 1728631821
P 47 147 1728631821
P 48 147 1863898126
P 49 147 1863898126
P 50 147 1863898126
P 51 147 1863898126
P 52 147 1863898126
P 53 147 1863898126
P 54 147 1863898126
P 55 147 1863898126
P 56 147 1999164431
P 57 147 1999164431
P 58 147 1999164431
P 59 147 1999164431
P 60 147 1999164431
P 61 147 1999164431
P 62 147 1999164431
P 63 147 1999164431
P 64 147 2134430736
P 65 147 2134430736
P 66 147 2134430736
P 67 147 2134430736
P 68 147 2134430736
P 69 147 2134430736
P 70 147 2134430736
P 71 147 2134430736
P 72 147 2269697041
P 73 147 2269697041
P 74 147 2269697041
P 75 147 2269697041
P 76 147 2269697041
P 77 147 2269697041
P 78 147 2269697041
P 79 147 2269697041
P 80 147 2404963346
P 81 147 2404963346
P 82 147 2404963346
P 83 147 2404963346
P 84 147 2404963346
P 85 147 2404963346
P 86 147 2404963346
P 87 147 2404963346
P 88 147 2540229651
P 89 147 2540229651
P 90 147 2540229651
P 91 147 2540229651
P 92 147 2540229651
P 93 147 2540229651
P 94 147 2540229651
P 95 147 2540229651
P 96 147 2675495956
P 97 147 2675495956
P 98 147 2675495956
P 99 147 2675495956
P 100 147 2675495956
P 101 147 2675495956
P 102 147 2675495956
P 103 147 2675495956
P 104 147 2810762261
P 105 147 2810762261
P 106 147 2810762261
P 107 147 2810762261
P 108 147 2810762261
P 109 147 2810762261
P 110 147 2810762261
P 111 147 2810762261
P 112 147 2946028566
P 113 147 2946028566
P 114 147 2946028566
P 115 147 2946028566
P 116 147 2946028566
P 117 147 2946028566
P 118 147 2946028566
P 119 147 2946028566
P 120 147 3081294871
P 121 147 3081294871
P 122 147 3081294871
P 123 147 3081294871
P 124 147 3081294871
P 125 147 3081294871
P 126 147 3081294871
P 127 147 3081294871
P 128 147 3216561176
P 129 147 3216561176
P 130 147 3216561176
P 131 147 3216561176
P 132 147 3216561176
P 133 147 3216561176
P 134 147 3216561176
P 135 147 3216561176
P 136 147 3351827481
P 137 147 3351827481
P 138 147 3351827481
P 139 147 3351827481
P 140 147 3351827481
P 141 147 3351827481
P 142 147 3351827481
P 143 147 3351827481
P 144 147 3487093786
P 145 147 3487093786
P 146 147 3487093786
P 147 147 3487093786
P 148 147 3487093786
P 149 147 3487093786
P 150 147 3487093786
P 151 147 3487093786
P 152 147 3622360091
P 153 147 3622360091
P 154 147 3622360091
P 155 147 3622360091
P 156 147 3622360091
P 157 147 3622360091
P 158 147 3622360091
P 159 147 3622360091
P 160 147 3757626396
P 161 147 3757626396
P 162 147 3757626396
P 163 147 3757626396
P 164 147 3757626396
P 165 147 3757626396
P 166 147 3757626396
P 167 147 3757626396
P 40 148 1728631821
P 41 148 1728631821
P 42 148 1728631821
P 43 148 1728631821
P 44 148 1728631821
P 45 148 1728631821
P 46 148 1728631821
P 47 148 1728631821
P 48 148 1863898126
P 49 148 1863898126
P 50 148 1863898126
P 51 148 1863898126
P 52 148 1863898126
P 53 148 1863898126
P 54 148 1863898126
P 55 148 1863898126
P 56 148 1999164431
P 57 148 1999164431
P 58 148 1999164431
P 59 148 1999164431
P 60 148 1999164431
P 61 148 1999164431
P 62 148 1999164431
P 63 148 1999164431
P 64 148 2134430736
P 65 148 2134430736
P 66 148 2134430736
P 67 148 2134430736
P 68 148 2134430736
P 69 148 2134430736
P 70 148 2134430736
P 71 148 2134430736
P 72 148 2269697041
P 73 148 2269697041
P 74 148 2269697041
P 75 148 2269697041
P 76 148 2269697041
P 77 148 2269697041
P 78 148 2269697041
P 79 148 2269697041
P 80 148 2404963346
P 81 148 2404963346
P 82 148 2404963346
P 83 148 2404963346
P 84 148 2404963346
P 85 148 2404963346
P 86 148 2404963346
P 87 148 2404963346
P 88 148 2540229651
P 89 148 2540229651
P 90 148 2540229651
P 91 148 2540229651
P 92 148 2540229651
P 93 148 2540229651
P 94 148 2540229651
P 95 148 2540229651
P 96 148 2675495956
P 97 148 2675495956
P 98 148 2675495956
P 99 148 2675495956
P 100 148 2675495956
P 101 148 2675495956
P 102 148 2675495956
P 103 148 2675495956
P 104 148 2810762261
P 105 148 2810762261
P 106 148 2810762261
P 107 148 2810762261
P 108 148 2810762261
P 109 148 2810762261
P 110 148 2810762261
P 111 148 2810762261
P 112 148 2946028566
P 113 148 2946028566
P 114 148 2946028566
P 115 148 2946028566
P 116 148 2946028566
P 117 148 2946028566
P 118 148 2946028566
P 119 148 2946028566
P 120 148 3081294871
P 121 148 3081294871
P 122 148 3081294871
P 123 148 3081294871
P 124 148 3081294871
P 125 148 3081294871
P 126 148 3081294871
P 127 148 3081294871
P 128 148 3216561176
P 129 148 3216561176
P 130 148 3216561176
P 131 148 3216561176
P 132 148 3216561176
P 133 148 3216561176
P 134 148 3216561176
P 135 148 3216561176
P 136 148 3351827481
P 137 148 3351827481
P 138 148 3351827481
P 139 148 3351827481
P 140 148 3351827481
P 141 148 3351827481
P 142 148 3351827481
P 143 148 3351827481
P 144 148 3487093786
P 145 148 3487093786
P 146 148 3487093786
P 147 148 3487093786
P 148 148 3487093786
P 149 148 3487093786
P 150 148 3487093786
P 151 148 3487093786
P 152 148 3622360091
P 153 148 3622360091
P 154 148 3622360091
P 155 148 3622360091
P 156 148 3622360091
P 157 148 3622360091
P 158 148 3622360091
P 159 148 3622360091
P 160 148 3757626396
P 161 148 3757626396
P 162 148 3757626396
P 163 148 3757626396
P 164 148 3757626396
P 165 148 3757626396
P 166 148 3757626396
P 167 148 3757626396
P 40 149 1728631821
P 41 149 1728631821
P 42 149 1728631821
P 43 149 1728631821
P 44 149 1728631821
P 45 149 1728631821
P 46 149 1728631821
P 47 149 1728631821
P 48 149 1863898126
P 49 149 1863898126
P 50 149 1863898126
P 51 149 1863898126
P 52 149 1863898126
P 53 149 1863898126
P 54 149 1863898126
P 55 149 1863898126
P 56 149 1999164431
P 57 149 1999164431
P 58 149 1999164431
P 59 149 1999164431
P 60 149 1999164431
P 61 149 1999164431
P 62 149 1999164431
P 63 149 1999164431
P 64 149 2134430736
P 65 149 2134430736
P 66 149 2134430736
P 67 149 2134430736
P 68 149 2134430736
P 69 149 2134430736
P 70 149 2134430736
P 71 149 2134430736
P 72 149 2269697041
P 73 149 2269697041
P 74 149 2269697041
P 75 149 2269697041
P 76 149 2269697041
P 77 149 2269697041
P 78 149 2269697041
P 79 149 2269697041
P 80 149 2404963346
P 81 149 2404963346
P 82 149 2404963346
P 83 149 2404963346
P 84 149 2404963346
P 85 149 2404963346
P 86 149 2404963346
P 87 149 2404963346
P 88 149 2540229651
P 89 149 2540229651
P 90 149 2540229651
P 91 149 2540229651
P 92 149 2540229651
P 93 149 2540229651
P 94 149 2540229651
P 95 149 2540229651
P 96 149 2675495956
P 97 149 2675495956
P 98 149 2675495956
P 99 149 2675495956
P 100 149 2675495956
P 101 149 2675495956
P 102 149 2675495956
P 103 149 2675495956
P 104 149 2810762261
P 105 149 2810762261
P 106 149 2810762261
P 107 149 2810762261
P 108 149 2810762261
P 109 149 2810762261
P 110 149 2810762261
P 111 149 2810762261
P 112 149 2946028566
P 113 149 2946028566
P 114 149 2946028566
P 115 149 2946028566
P 116 149 2946028566
P 117 149 2946028566
P 118 149 2946028566
P 119 149 2946028566
P 120 149 3081294871
P 121 149 3081294871
P 122 149 3081294871
P 123 149 3081294871
P 124 149 3081294871
P 125 149 3081294871
P 126 149 3081294871
P 127 149 3081294871
P 128 149 3216561176
P 129 149 3216561176
P 130 149 3216561176
P 131 149 3216561176
P 132 149 3216561176
P 133 149 3216561176
P 134 149 3216561176
P 135 149 3216561176
P 136 149 3351827481
P 137 149 3351827481
P 138 149 3351827481
P 139 149 3351827481
P 140 149 3351827481
P 141 149 3351827481
P 142 149 3351827481
P 143 149 3351827481
P 144 149 3487093786
P 145 149 3487093786
P 146 149 3487093786
P 147 149 3487093786
P 148 149 3487093786
P 149 149 3487093786
P 150 149 3487093786
P 151 149 3487093786
P 152 149 3622360091
P 153 149 3622360091
P 154 149 3622360091
P 155 149 3622360091
P 156 149 3622360091
P 157 149 3622360091
P 158 149 3622360091
P 159 149 3622360091
P 160 149 3757626396
P 161 149 3757626396
P 162 149 3757626396
P 163 149 3757626396
P 164 149 3757626396
P 165 149 3757626396
P 166 149 3757626396
P 167 149 3757626396
P 40 150 1728631821
P 41 150 1728631821
P 42 150 1728631821
P 43 150 1728631821
P 44 150 1728631821
P 45 150 1728631821
P 46 150 1728631821
P 47 150 1728631821
P 48 150 1863898126
P 49 150 1863898126
P 50 150 1863898126
P 51 150 1863898126
P 52 150 1863898126
P 53 150 1863898126
P 54 150 1863898126
P 55 150 1863898126
P 56 150 1999164431
P 57 150 1999164431
P 58 150 1999164431
P 59 150 1999164431
P 60 150 1999164431
P 61 150 1999164431
P 62 150 1999164431
P 63 150 1999164431
P 64 150 2134430736
P 65 150 2134430736
P 66 150 2134430736
P 67 150 2134430736
P 68 150 2134430736
P 69 150 2134430736
P 70 150 2134430736
P 71 150 2134430736
P 72 150 2269697041
P 73 150 2269697041
P 74 150 2269697041
P 75 150 2269697041
P 76 150 2269697041
P 77 150 2269697041
P 78 150 2269697041
P 79 150 2269697041
P 80 150 2404963346
P 81 150 2404963346
P 82 150 2404963346
P 83 150 2404963346
P 84 150 2404963346
P 85 150 2404963346
P 86 150 2404963346
P 87 150 2404963346
P 88 150 2540229651
P 89 150 2540229651
P 90 150 2540229651
P 91 150 2540229651
P 92 150 2540229651
P 93 150 2540229651
P 94 150 2540229651
P 95 150 2540229651
P 96 150 2675495956
P 97 150 2675495956
P 98 150 2675495956
P 99 150 2675495956
P 100 150 2675495956
P 101 150 2675495956
P 102 150 2675495956
P 103 150 2675495956
P 104 150 2810762261
P 105 150 2810762261
P 106 150 2810762261
P 107 150 2810762261
P 108 150 2810762261
P 109 150 2810762261
P 110 150 2810762261
P 111 150 2810762261
P 112 150 2946028566
P 113 150 2946028566
P 114 150 2946028566
P 115 150 2946028566
P 116 150 2946028566
P 117 150 2946028566
P 118 150 2946028566
P 119 150 2946028566
P 120 150 3081294871
P 121 150 3081294871
P 122 150 3081294871
P 123 150 3081294871
P 124 150 3081294871
P 125 150 3081294871
P 126 150 3081294871
P 127 150 3081294871
P 128 150 3216561176
P 129 150 3216561176
P 130 150 3216561176
P 131 150 3216561176
P 132 150 3216561176
P 133 150 3216561176
P 134 150 3216561176
P 135 150 3216561176
P 136 150 3351827481
P 137 150 3351827481
P 138 150 3351827481
P 139 150 3351827481
P 140 150 3351827481
P 141 150 3351827481
P 142 150 3351827481
P 143 150 3351827481
P 144 150 3487093786
P 145 150 3487093786
P 146 150 3487093786
P 147 150 3487093786
P 148 150 3487093786
P 149 150 3487093786
P 150 150 3487093786
P 151 150 3487093786
P 152 150 3622360091
P 153 150 3622360091
P 154 150 3622360091
P 155 150 3622360091
P 156 150 3622360091
P 157 150 3622360091
P 158 150 3622360091
P 159 150 3622360091
P 160 150 3757626396
P 161 150 3757626396
P 162 150 3757626396
P 163 150 3757626396
P 164 150 3757626396
P 165 150 3757626396
P 166 150 3757626396
P 167 150 3757626396
P 40 151 1728631821
P 41 151 1728631821
P 42 151 1728631821
P 43 151 1728631821
P 44 151 1728631821
P 45 151 1728631821
P 46 151 1728631821
P 47 151 1728631821
P 48 151 1863898126
P 49 151 1863898126
P 50 151 1863898126
P 51 151 1863898126
P 52 151 1863898126
P 53 151 1863898126
P 54 151 1863898126
P 55 151 1863898126
P 56 151 1999164431
P 57 151 1999164431
P 58 151 1999164431
P 59 151 1999164431
P 60 151 1999164431
P 61 151 1999164431
P 62 151 1999164431
P 63 151 1999164431
P 64 151 2134430736
P 65 151 2134430736
P 66 151 2134430736
P 67 151 2134430736
P 68 151 2134430736
P 69 151 2134430736
P 70 151 2134430736
P 71 151 2134430736
P 72 151 2269697041
P 73 151 2269697041
P 74 151 2269697041
P 75 151 2269697041
P 76 151 2269697041
P 77 151 2269697041
P 78 151 2269697041
P 79 151 2269697041
P 80 151 2404963346
P 81 151 2404963346
P 82 151 2404963346
P 83 151 2404963346
P 84 151 2404963346
P 85 151 2404963346
P 86 151 2404963346
P 87 151 2404963346
P 88 151 2540229651
P 89 151 2540229651
P 90 151 2540229651
P 91 151 2540229651
P 92 151 2540229651
P 93 151 2540229651
P 94 151 2540229651
P 95 151 2540229651
P 96 151 2675495956
P 97 151 2675495956
P 98 151 2675495956
P 99 151 2675495956
P 100 151 2675495956
P 101 151 2675495956
P 102 151 2675495956
P 103 151 2675495956
P 104 151 2810762261
P 105 151 2810762261
P 106 151 2810762261
P 107 151 2810762261
P 108 151 2810762261
P 109 151 2810762261
P 110 151 2810762261
P 111 151 2810762261
P 112 151 2946028566
P 113 151 2946028566
P 114 151 2946028566
P 115 151 2946028566
P 116 151 2946028566
P 117 151 2946028566
P 118 151 2946028566
P 119 151 2946028566
P 120 151 3081294871
P 121 151 3081294871
P 122 151 3081294871
P 123 151 3081294871
P 124 151 3081294871
P 125 151 3081294871
P 126 151 3081294871
P 127 151 3081294871
P 128 151 3216561176
P 129 151 3216561176
P 130 151 3216561176
P 131 151 3216561176
P 132 151 3216561176
P 133 151 3216561176
P 134 151 3216561176
P 135 151 3216561176
P 136 151 3351827481
P 137 151 3351827481
P 138 151 3351827481
P 139 151 3351827481
P 140 151 3351827481
P 141 151 3351827481
P 142 151 3351827481
P 143 151 3351827481
P 144 151 3487093786
P 145 151 3487093786
P 146 151 3487093786
P 147 151 3487093786
P 148 151 3487093786
P 149 151 3487093786
P 150 151 3487093786
P 151 151 3487093786
P 152 151 3622360091
P 153 151 3622360091
P 154 151 3622360091
P 155 151 3622360091
P 156 151 3622360091
P 157 151 3622360091
P 158 151 3622360091
P 159 151 3622360091
P 160 151 3757626396
P 161 151 3757626396
P 162 151 3757626396
P 163 151 3757626396
P 164 151 3757626396
P 165 151 3757626396
P 166 151 3757626396
P 167 151 3757626396
P 40 152 1778967566
P 41 152 1778967566
P 42 152 1778967566
P 43 152 1778967566
P 44 152 1778967566
P 45 152 1778967566
P 46 152 1778967566
P 47 152 1778967566
P 48 152 1914233871
P 49 152 1914233871
P 50 152 1914233871
P 51 152 1914233871
P 52 152 1914233871
P 53 152 1914233871
P 54 152 1914233871
P 55 152 1914233871
P 56 152 2049500176
P 57 152 2049500176
P 58 152 2049500176
P 59 152 2049500176
P 60 152 2049500176
P 61 152 2049500176
P 62 152 2049500176
P 63 152 2049500176
P 64 152 2184766481
P 65 152 2184766481
P 66 152 2184766481
P 67 152 2184766481
P 68 152 2184766481
P 69 152 2184766481
P 70 152 2184766481
P 71 152 2184766481
P 72 152 2320032786
P 73 152 2320032786
P 74 152 2320032786
P 75 152 2320032786
P 76 152 2320032786
P 77 152 2320032786
P 78 152 2320032786
P 79 152 2320032786
P 80 152 2455299091
P 81 152 2455299091
P 82 152 2455299091
P 83 152 2455299091
P 84 152 2455299091
P 85 152 2455299091
P 86 152 2455299091
P 87 152 2455299091
P 88 152 2590565396
P 89 152 2590565396
P 90 152 2590565396
P 91 152 2590565396
P 92 152 2590565396
P 93 152 2590565396
P 94 152 2590565396
P 95 152 2590565396
P 96 152 2725831701
P 97 152 2725831701
P 98 152 2725831701
P 99 152 2725831701
P 100 152 2725831701
P 101 152 2725831701
P 102 152 2725831701
P 103 152 2725831701
P 104 152 2861098006
P 105 152 2861098006
P 106 152 2861098006
P 107 152 2861098006
P 108 152 2861098006
P 109 152 2861098006
P 110 152 2861098006
P 111 152 2861098006
P 112 152 2996364311
P 113 152 2996364311
P 114 152 2996364311
P 115 152 2996364311
P 116 152 2996364311
P 117 152 2996364311
P 118 152 2996364311
P 119 152 2996364311
P 120 152 3131630616
P 121 152 3131630616
P 122 152 3131630616
P 123 152 3131630616
P 124 152 3131630616
P 125 152 3131630616
P 126 152 3131630616
P 127 152 3131630616
P 128 152 3266896921
P 129 152 3266896921
P 130 152 3266896921
P 131 152 3266896921
P 132 152 3266896921
P 133 152 3266896921
P 134 152 3266896921
P 135 152 3266896921
P 136 152 3402163226
P 137 152 3402163226
P 138 152 3402163226
P 139 152 3402163226
P 140 152 3402163226
P 141 152 3402163226
P 142 152 3402163226
P 143 152 3402163226
P 144 152 3537429531
P 145 152 3537429531
P 146 152 3537429531
P 147 152 3537429531
P 148 152 3537429531
P 149 152 3537429531
P 150 152 3537429531
P 151 152 3537429531
P 152 152 3672695836
P 153 152 3672695836
P 154 152 3672695836
P 155 152 3672695836
P 156 152 3672695836
P 157 152 3672695836
P 158 152 3672695836
P 159 152 3672695836
P 160 152 3807962141
P 161 152 3807962141
P 162 152 3807962141
P 163 152 3807962141
P 164 152 3807962141
P 165 152 3807962141
P 166 152 3807962141
P 167 152 3807962141
P 40 153 1778967566
P 41 153 1778967566
P 42 153 1778967566
P 43 153 1778967566
P 44 153 1778967566
P 45 153 1778967566
P 46 153 1778967566
P 47 153 1778967566
P 48 153 1914233871
P 49 153 1914233871
P 50 153 1914233871
P 51 153 1914233871
P 52 153 1914233871
P 53 153 1914233871
P 54 153 1914233871
P 55 153 1914233871
P 56 153 2049500176
P 57 153 2049500176
P 58 153 2049500176
P 59 153 2049500176
P 60 153 2049500176
P 61 153 2049500176
P 62 153 2049500176
P 63 153 2049500176
P 64 153 2184766481
P 65 153 2184766481
P 66 153 2184766481
P 67 153 2184766481
P 68 153 2184766481
P 69 153 2184766481
P 70 153 2184766481
P 71 153 2184766481
P 72 153 2320032786
P 73 153 2320032786
P 74 153 2320032786
P 75 153 2320032786
P 76 153 2320032786
P 77 153 2320032786
P 78 153 2320032786
P 79 153 2320032786
P 80 153 2455299091
P 81 153 2455299091
P 82 153 2455299091
P 83 153 2455299091
P 84 153 2455299091
P 85 153 2455299091
P 86 153 2455299091
P 87 153 2455299091
P 88 153 2590565396
P 89 153 2590565396
P 90 153 2590565396
P 91 153 2590565396
P 92 153 2590565396
P 93 153 2590565396
P 94 153 2590565396
P 95 153 2590565396
P 96 153 2725831701
P 97 153 2725831701
P 98 153 2725831701
P 99 153 2725831701
P 100 153 2725831701
P 101 153 2725831701
P 102 153 2725831701
P 103 153 2725831701
P 104 153 2861098006
P 105 153 2861098006
P 106 153 2861098006
P 107 153 2861098006
P 108 153 2861098006
P 109 153 2861098006
P 110 153 2861098006
P 111 153 2861098006
P 112 153 2996364311
P 113 153 2996364311
P 114 153 2996364311
P 115 153 2996364311
P 116 153 2996364311
P 117 153 2996364311
P 118 153 2996364311
P 119 153 2996364311
P 120 153 3131630616
P 121 153 3131630616
P 122 153 3131630616
P 123 153 3131630616
P 124 153 3131630616
P 125 153 3131630616
P 126 153 3131630616
P 127 153 3131630616
P 128 153 3266896921
P 129 153 3266896921
P 130 153 3266896921
P 131 153 3266896921
P 132 153 3266896921
P 133 153 3266896921
P 134 153 3266896921
P 135 153 3266896921
P 136 153 3402163226
P 137 153 3402163226
P 138 153 3402163226
P 139 153 3402163226
P 140 153 3402163226
P 141 153 3402163226
P 142 153 3402163226
P 143 153 3402163226
P 144 153 3537429531
P 145 153 3537429531
P 146 153 3537429531
P 147 153 3537429531
P 148 153 3537429531
P 149 153 3537429531
P 150 153 3537429531
P 151 153 3537429531
P 152 153 3672695836
P 153 153 3672695836
P 154 153 3672695836
P 155 153 3672695836
P 156 153 3672695836
P 157 153 3672695836
P 158 153 3672695836
P 159 153 3672695836
P 160 153 3807962141
P 161 153 3807962141
P 162 153 3807962141
P 163 153 3807962141
P 164 153 3807962141
P 165 153 3807962141
P 166 153 3807962141
P 167 153 3807962141
P 40 154 1778967566
P 41 154 1778967566
P 42 154 1778967566
P 43 154 1778967566
P 44 154 1778967566
P 45 154 1778967566
P 46 154 1778967566
P 47 154 1778967566
P 48 154 1914233871
P 49 154 1914233871
P 50 154 1914233871
P 51 154 1914233871
P 52 154 1914233871
P 53 154 1914233871
P 54 154 1914233871
P 55 154 1914233871
P 56 154 2049500176
P 57 154 2049500176
P 58 154 2049500176
P 59 154 2049500176
P 60 154 2049500176
P 61 154 2049500176
P 62 154 2049500176
P 63 154 2049500176
P 64 154 2184766481
P 65 154 2184766481
P 66 154 2184766481
P 67 154 2184766481
P 68 154 2184766481
P 69 154 2184766481
P 70 154 2184766481
P 71 154 2184766481
P 72 154 2320032786
P 73 154 2320032786
P 74 154 2320032786
P 75 154 2320032786
P 76 154 2320032786
P 77 154 2320032786
P 78 154 2320032786
P 79 154 2320032786
P 80 154 2455299091
P 81 154 2455299091
P 82 154 2455299091
P 83 154 2455299091
P 84 154 2455299091
P 85 154 2455299091
P 86 154 2455299091
P 87 154 2455299091
P 88 154 2590565396
P 89 154 2590565396
P 90 154 2590565396
P 91 154 2590565396
P 92 154 2590565396
P 93 154 2590565396
P 94 154 2590565396
P 95 154 2590565396
P 96 154 2725831701
P 97 154 2725831701
P 98 154 2725831701
P 99 154 2725831701
P 100 154 2725831701
P 101 154 2725831701
P 102 154 2725831701
P 103 154 2725831701
P 104 154 2861098006
P 105 154 2861098006
P 106 154 2861098006
P 107 154 2861098006
P 108 154 2861098006
P 109 154 2861098006
P 110 154 2861098006
P 111 154 2861098006
P 112 154 2996364311
P 113 154 2996364311
P 114 154 2996364311
P 115 154 2996364311
P 116 154 2996364311
P 117 154 2996364311
P 118 154 2996364311
P 119 154 2996364311
P 120 154 3131630616
P 121 154 3131630616
P 122 154 3131630616
P 123 154 3131630616
P 124 154 3131630616
P 125 154 3131630616
P 126 154 3131630616
P 127 154 3131630616
P 128 154 3266896921
P 129 154 3266896921
P 130 154 3266896921
P 131 154 3266896921
P 132 154 3266896921
P 133 154 3266896921
P 134 154 3266896921
P 135 154 3266896921
P 136 154 3402163226
P 137 154 3402163226
P 138 154 3402163226
P 139 154 3402163226
P 140 154 3402163226
P 141 154 3402163226
P 142 154 3402163226
P 143 154 3402163226
P 144 154 3537429531
P 145 154 3537429531
P 146 154 3537429531
P 147 154 3537429531
P 148 154 3537429531
P 149 154 3537429531
P 150 154 3537429531
P 151 154 3537429531
P 152 154 3672695836
P 153 154 3672695836
P 154 154 3672695836
P 155 154 3672695836
P 156 154 3672695836
P 157 154 3672695836
P 158 154 3672695836
P 159 154 3672695836
P 160 154 3807962141
P 161 154 3807962141
P 162 154 3807962141
P 163 154 3807962141
P 164 154 3807962141
P 165 154 3807962141
P 166 154 3807962141
P 167 154 3807962141
P 40 155 1778967566
P 41 155 1778967566
P 42 155 1778967566
P 43 155 1778967566
P 44 155 1778967566
P 45 155 1778967566
P 46 155 1778967566
P 47 155 1778967566
P 48 155 1914233871
P 49 155 1914233871
P 50 155 1914233871
P 51 155 1914233871
P 52 155 1914233871
P 53 155 1914233871
P 54 155 1914233871
P 55 155 1914233871
P 56 155 2049500176
P 57 155 2049500176
P 58 155 2049500176
P 59 155 2049500176
P 60 155 2049500176
P 61 155 2049500176
P 62 155 2049500176
P 63 155 2049500176
P 64 155 2184766481
P 65 155 2184766481
P 66 155 2184766481
P 67 155 2184766481
P 68 155 2184766481
P 69 155 2184766481
P 70 155 2184766481
P 71 155 2184766481
P 72 155 2320032786
P 73 155 2320032786
P 74 155 2320032786
P 75 155 2320032786
P 76 155 2320032786
P 77 155 2320032786
P 78 155 2320032786
P 79 155 2320032786
P 80 155 2455299091
P 81 155 2455299091
P 82 155 2455299091
P 83 155 2455299091
P 84 155 2455299091
P 85 155 2455299091
P 86 155 2455299091
P 87 155 2455299091
P 88 155 2590565396
P 89 155 2590565396
P 90 155 2590565396
P 91 155 2590565396
P 92 155 2590565396
P 93 155 2590565396
P 94 155 2590565396
P 95 155 2590565396
P 96 155 2725831701
P 97 155 2725831701
P 98 155 2725831701
P 99 155 2725831701
P 100 155 2725831701
P 101 155 2725831701
P 102 155 2725831701
P 103 155 2725831701
P 104 155 2861098006
P 105 155 2861098006
P 106 155 2861098006
P 107 155 2861098006
P 108 155 2861098006
P 109 155 2861098006
P 110 155 2861098006
P 111 155 2861098006
P 112 155 2996364311
P 113 155 2996364311
P 114 155 2996364311
P 115 155 2996364311
P 116 155 2996364311
P 117 155 2996364311
P 118 155 2996364311
P 119 155 2996364311
P 120 155 3131630616
P 121 155 3131630616
P 122 155 3131630616
P 123 155 3131630616
P 124 155 3131630616
P 125 155 3131630616
P 126 155 3131630616
P 127 155 3131630616
P 128 155 3266896921
P 129 155 3266896921
P 130 155 3266896921
P 131 155 3266896921
P 132 155 3266896921
P 133 155 3266896921
P 134 155 3266896921
P 135 155 3266896921
P 136 155 3402163226
P 137 155 3402163226
P 138 155 3402163226
P 139 155 3402163226
P 140 155 3402163226
P 141 155 3402163226
P 142 155 3402163226
P 143 155 3402163226
P 144 155 3537429531
P 145 155 3537429531
P 146 155 3537429531
P 147 155 3537429531
P 148 155 3537429531
P 149 155 3537429531
P 150 155 3537429531
P 151 155 3537429531
P 152 155 3672695836
P 153 155 3672695836
P 154 155 3672695836
P 155 155 3672695836
P 156 155 3672695836
P 157 155 3672695836
P 158 155 3672695836
P 159 155 3672695836
P 160 155 3807962141
P 161 155 3807962141
P 162 155 3807962141
P 163 155 3807962141
P 164 155 3807962141
P 165 155 3807962141
P 166 155 3807962141
P 167 155 3807962141
P 40 156 1778967566
P 41 156 1778967566
P 42 156 1778967566
P 43 156 1778967566
P 44 156 1778967566
P 45 156 1778967566
P 46 156 1778967566
P 47 156 1778967566
P 48 156 1914233871
P 49 156 1914233871
P 50 156 1914233871
P 51 156 1914233871
P 52 156 1914233871
P 53 156 1914233871
P 54 156 1914233871
P 55 156 1914233871
P 56 156 2049500176
P 57 156 2049500176
P 58 156 2049500176
P 59 156 2049500176
P 60 156 2049500176
P 61 156 2049500176
P 62 156 2049500176
P 63 156 2049500176
P 64 156 2184766481
P 65 156 2184766481
P 66 156 2184766481
P 67 156 2184766481
P 68 156 2184766481
P 69 156 2184766481
P 70 156 2184766481
P 71 156 2184766481
P 72 156 2320032786
P 73 156 2320032786
P 74 156 2320032786
P 75 156 2320032786
P 76 156 2320032786
P 77 156 2320032786
P 78 156 2320032786
P 79 156 2320032786
P 80 156 2455299091
P 81 156 2455299091
P 82 156 2455299091
P 83 156 2455299091
P 84 156 2455299091
P 85 156 2455299091
P 86 156 2455299091
P 87 156 2455299091
P 88 156 2590565396
P 89 156 2590565396
P 90 156 2590565396
P 91 156 2590565396
P 92 156 2590565396
P 93 156 2590565396
P 94 156 2590565396
P 95 156 2590565396
P 96 156 2725831701
P 97 156 2725831701
P 98 156 2725831701
P 99 156 2725831701
P 100 156 2725831701
P 101 156 2725831701
P 102 156 2725831701
P 103 156 2725831701
P 104 156 2861098006
P 105 156 2861098006
P 106 156 2861098006
P 107 156 2861098006
P 108 156 2861098006
P 109 156 2861098006
P 110 156 2861098006
P 111 156 2861098006
P 112 156 2996364311
P 113 156 2996364311
P 114 156 2996364311
P 115 156 2996364311
P 116 156 2996364311
P 117 156 2996364311
P 118 156 2996364311
P 119 156 2996364311
P 120 156 3131630616
P 121 156 3131630616
P 122 156 3131630616
P 123 156 3131630616
P 124 156 3131630616
P 125 156 3131630616
P 126 156 3131630616
P 127 156 3131630616
P 128 156 3266896921
P 129 156 3266896921
P 130 156 3266896921
P 131 156 3266896921
P 132 156 3266896921
P 133 156 3266896921
P 134 156 3266896921
P 135 156 3266896921
P 136 156 3402163226
P 137 156 3402163226
P 138 156 3402163226
P 139 156 3402163226
P 140 156 3402163226
P 141 156 3402163226
P 142 156 3402163226
P 143 156 3402163226
P 144 156 3537429531
P 145 156 3537429531
P 146 156 3537429531
P 147 156 3537429531
P 148 156 3537429531
P 149 156 3537429531
P 150 156 3537429531
P 151 156 3537429531
P 152 156 3672695836
P 153 156 3672695836
P 154 156 3672695836
P 155 156 3672695836
P 156 156 3672695836
P 157 156 3672695836
P 158 156 3672695836
P 159 156 3672695836
P 160 156 3807962141
P 161 156 3807962141
P 162 156 3807962141
P 163 156 3807962141
P 164 156 3807962141
P 165 156 3807962141
P 166 156 3807962141
P 167 156 3807962141
P 40 157 1778967566
P 41 157 1778967566
P 42 157 1778967566
P 43 157 1778967566
P 44 157 1778967566
P 45 157 1778967566
P 46 157 1778967566
P 47 157 1778967566
P 48 157 1914233871
P 49 157 1914233871
P 50 157 1914233871
P 51 157 1914233871
P 52 157 1914233871
P 53 157 1914233871
P 54 157 1914233871
P 55 157 1914233871
P 56 157 2049500176
P 57 157 2049500176
P 58 157 2049500176
P 59 157 2049500176
P 60 157 2049500176
P 61 157 2049500176
P 62 157 2049500176
P 63 157 2049500176
P 64 157 2184766481
P 65 157 2184766481
P 66 157 2184766481
P 67 157 2184766481
P 68 157 2184766481
P 69 157 2184766481
P 70 157 2184766481
P 71 157 2184766481
P 72 157 2320032786
P 73 157 2320032786
P 74 157 2320032786
P 75 157 2320032786
P 76 157 2320032786
P 77 157 2320032786
P 78 157 2320032786
P 79 157 2320032786
P 80 157 2455299091
P 81 157 2455299091
P 82 157 2455299091
P 83 157 2455299091
P 84 157 2455299091
P 85 157 2455299091
P 86 157 2455299091
P 87 157 2455299091
P 88 157 2590565396
P 89 157 2590565396
P 90 157 2590565396
P 91 157 2590565396
P 92 157 2590565396
P 93 157 2590565396
P 94 157 2590565396
P 95 157 2590565396
P 96 157 2725831701
P 97 157 2725831701
P 98 157 2725831701
P 99 157 2725831701
P 100 157 2725831701
P 101 157 2725831701
P 102 157 2725831701
P 103 157 2725831701
P 104 157 2861098006
P 105 157 2861098006
P 106 157 2861098006
P 107 157 2861098006
P 108 157 2861098006
P 109 157 2861098006
P 110 157 2861098006
P 111 157 2861098006
P 112 157 2996364311
P 113 157 2996364311
P 114 157 2996364311
P 115 157 2996364311
P 116 157 2996364311
P 117 157 2996364311
P 118 157 2996364311
P 119 157 2996364311
P 120 157 3131630616
P 121 157 3131630616
P 122 157 3131630616
P 123 157 3131630616
P 124 157 3131630616
P 125 157 3131630616
P 126 157 3131630616
P 127 157 3131630616
P 128 157 3266896921
P 129 157 3266896921
P 130 157 3266896921
P 131 157 3266896921
P 132 157 3266896921
P 133 157 3266896921
P 134 157 3266896921
P 135 157 3266896921
P 136 157 3402163226
P 137 157 3402163226
P 138 157 3402163226
P 139 157 3402163226
P 140 157 3402163226
P 141 157 3402163226
P 142 157 3402163226
P 143 157 3402163226
P 144 157 3537429531
P 145 157 3537429531
P 146 157 3537429531
P 147 157 3537429531
P 148 157 3537429531
P 149 157 3537429531
P 150 157 3537429531
P 151 157 3537429531
P 152 157 3672695836
P 153 157 3672695836
P 154 157 3672695836
P 155 157 3672695836
P 156 157 3672695836
P 157 157 3672695836
P 158 157 3672695836
P 159 157 3672695836
P 160 157 3807962141
P 161 157 3807962141
P 162 157 3807962141
P 163 157 3807962141
P 164 157 3807962141
P 165 157 3807962141
P 166 157 3807962141
P 167 157 3807962141
P 40 158 1778967566
P 41 158 1778967566
P 42 158 1778967566
P 43 158 1778967566
P 44 158 1778967566
P 45 158 1778967566
P 46 158 1778967566
P 47 158 1778967566
P 48 158 1914233871
P 49 158 1914233871
P 50 158 1914233871
P 51 158 1914233871
P 52 158 1914233871
P 53 158 1914233871
P 54 158 1914233871
P 55 158 1914233871
P 56 158 2049500176
P 57 158 2049500176
P 58 158 2049500176
P 59 158 2049500176
P 60 158 2049500176
P 61 158 2049500176
P 62 158 2049500176
P 63 158 2049500176
P 64 158 2184766481
P 65 158 2184766481
P 66 158 2184766481
P 67 158 2184766481
P 68 158 2184766481
P 69 158 2184766481
P 70 158 2184766481
P 71 158 2184766481
P 72 158 2320032786
P 73 158 2320032786
P 74 158 2320032786
P 75 158 2320032786
P 76 158 2320032786
P 77 158 2320032786
P 78 158 2320032786
P 79 158 2320032786
P 80 158 2455299091
P 81 158 2455299091
P 82 158 2455299091
P 83 158 2455299091
P 84 158 2455299091
P 85 158 2455299091
P 86 158 2455299091
P 87 158 2455299091
P 88 158 2590565396
P 89 158 2590565396
P 90 158 2590565396
P 91 158 2590565396
P 92 158 2590565396
P 93 158 2590565396
P 94 158 2590565396
P 95 158 2590565396
P 96 158 2725831701
P 97 158 2725831701
P 98 158 2725831701
P 99 158 2725831701
P 100 158 2725831701
P 101 158 2725831701
P 102 158 2725831701
P 103 158 2725831701
P 104 158 2861098006
P 105 158 2861098006
P 106 158 2861098006
P 107 158 2861098006
P 108 158 2861098006
P 109 158 2861098006
P 110 158 2861098006
P 111 158 2861098006
P 112 158 2996364311
P 113 158 2996364311
P 114 158 2996364311
P 115 158 2996364311
P 116 158 2996364311
P 117 158 2996364311
P 118 158 2996364311
P 119 158 2996364311
P 120 158 3131630616
P 121 158 3131630616
P 122 158 3131630616
P 123 158 3131630616
P 124 158 3131630616
P 125 158 3131630616
P 126 158 3131630616
P 127 158 3131630616
P 128 158 3266896921
P 129 158 3266896921
P 130 158 3266896921
P 131 158 3266896921
P 132 158 3266896921
P 133 158 3266896921
P 134 158 3266896921
P 135 158 3266896921
P 136 158 3402163226
P 137 158 3402163226
P 138 158 3402163226
P 139 158 3402163226
P 140 158 3402163226
P 141 158 3402163226
P 142 158 3402163226
P 143 158 3402163226
P 144 158 3537429531
P 145 158 3537429531
P 146 158 3537429531
P 147 158 3537429531
P 148 158 3537429531
P 149 158 3537429531
P 150 158 3537429531
P 151 158 3537429531
P 152 158 3672695836
P 153 158 3672695836
P 154 158 3672695836
P 155 158 3672695836
P 156 158 3672695836
P 157 158 3672695836
P 158 158 3672695836
P 159 158 3672695836
P 160 158 3807962141
P 161 158 3807962141
P 162 158 3807962141
P 163 158 3807962141
P 164 158 3807962141
P 165 158 3807962141
P 166 158 3807962141
P 167 158 3807962141
P 40 159 1778967566
P 41 159 1778967566
P 42 159 1778967566
P 43 159 1778967566
P 44 159 1778967566
P 45 159 1778967566
P 46 159 1778967566
P 47 159 1778967566
P 48 159 1914233871
P 49 159 1914233871
P 50 159 1914233871
P 51 159 1914233871
P 52 159 1914233871
P 53 159 1914233871
P 54 159 1914233871
P 55 159 1914233871
P 56 159 2049500176
P 57 159 2049500176
P 58 159 2049500176
P 59 159 2049500176
P 60 159 2049500176
P 61 159 2049500176
P 62 159 2049500176
P 63 159 2049500176
P 64 159 2184766481
P 65 159 2184766481
P 66 159 2184766481
P 67 159 2184766481
P 68 159 2184766481
P 69 159 2184766481
P 70 159 2184766481
P 71 159 2184766481
P 72 159 2320032786
P 73 159 2320032786
P 74 159 2320032786
P 75 159 2320032786
P 76 159 2320032786
P 77 159 2320032786
P 78 159 2320032786
P 79 159 2320032786
P 80 159 2455299091
P 81 159 2455299091
P 82 159 2455299091
P 83 159 2455299091
P 84 159 2455299091
P 85 159 2455299091
P 86 159 2455299091
P 87 159 2455299091
P 88 159 2590565396
P 89 159 2590565396
P 90 159 2590565396
P 91 159 2590565396
P 92 159 2590565396
P 93 159 2590565396
P 94 159 2590565396
P 95 159 2590565396
P 96 159 2725831701
P 97 159 2725831701
P 98 159 2725831701
P 99 159 2725831701
P 100 159 2725831701
P 101 159 2725831701
P 102 159 2725831701
P 103 159 2725831701
P 104 159 2861098006
P 105 159 2861098006
P 106 159 2861098006
P 107 159 2861098006
P 108 159 2861098006
P 109 159 2861098006
P 110 159 2861098006
P 111 159 2861098006
P 112 159 2996364311
P 113 159 2996364311
P 114 159 2996364311
P 115 159 2996364311
P 116 159 2996364311
P 117 159 2996364311
P 118 159 2996364311
P 119 159 2996364311
P 120 159 3131630616
P 121 159 3131630616
P 122 159 3131630616
P 123 159 3131630616
P 124 159 3131630616
P 125 159 3131630616
P 126 159 3131630616
P 127 159 3131630616
P 128 159 3266896921
P 129 159 3266896921
P 130 159 3266896921
P 131 159 3266896921
P 132 159 3266896921
P 133 159 3266896921
P 134 159 3266896921
P 135 159 3266896921
P 136 159 3402163226
P 137 159 3402163226
P 138 159 3402163226
P 139 159 3402163226
P 140 159 3402163226
P 141 159 3402163226
P 142 159 3402163226
P 143 159 3402163226
P 144 159 3537429531
P 145 159 3537429531
P 146 159 3537429531
P 147 159 3537429531
P 148 159 3537429531
P 149 159 3537429531
P 150 159 3537429531
P 151 159 3537429531
P 152 159 3672695836
P 153 159 3672695836
P 154 159 3672695836
P 155 159 3672695836
P 156 159 3672695836
P 157 159 3672695836
P 158 159 3672695836
P 159 159 3672695836
P 160 159 3807962141
P 161 159 3807962141
P 162 159 3807962141
P 163 159 3807962141
P 164 159 3807962141
P 165 159 3807962141
P 166 159 3807962141
P 167 159 3807962141
P 40 160 1829303311
P 41 160 1829303311
P 42 160 1829303311
P 43 160 1829303311
P 44 160 1829303311
P 45 160 1829303311
P 46 160 1829303311
P 47 160 1829303311
P 48 160 1964569616
P 49 160 1964569616
P 50 160 1964569616
P 51 160 1964569616
P 52 160 1964569616
P 53 160 1964569616
P 54 160 1964569616
P 55 160 1964569616
P 56 160 2099835921
P 57 160 2099835921
P 58 160 2099835921
P 59 160 2099835921
P 60 160 2099835921
P 61 160 2099835921
P 62 160 2099835921
P 63 160 2099835921
P 64 160 2235102226
P 65 160 2235102226
P 66 160 2235102226
P 67 160 2235102226
P 68 160 2235102226
P 69 160 2235102226
P 70 160 2235102226
P 71 160 2235102226
P 72 160 2370368531
P 73 160 2370368531
P 74 160 2370368531
P 75 160 2370368531
P 76 160 2370368531
P 77 160 2370368531
P 78 160 2370368531
P 79 160 2370368531
P 80 160 2505634836
P 81 160 2505634836
P 82 160 2505634836
P 83 160 2505634836
P 84 160 2505634836
P 85 160 2505634836
P 86 160 2505634836
P 87 160 2505634836
P 88 160 2640901141
P 89 160 2640901141
P 90 160 2640901141
P 91 160 2640901141
P 92 160 2640901141
P 93 160 2640901141
P 94 160 2640901141
P 95 160 2640901141
P 96 160 2776167446
P 97 160 2776167446
P 98 160 2776167446
P 99 160 2776167446
P 100 160 2776167446
P 101 160 2776167446
P 102 160 2776167446
P 103 160 2776167446
P 104 160 2911433751
P 105 160 2911433751
P 106 160 2911433751
P 107 160 2911433751
P 108 160 2911433751
P 109 160 2911433751
P 110 160 2911433751
P 111 160 2911433751
P 112 160 3046700056
P 113 160 3046700056
P 114 160 3046700056
P 115 160 3046700056
P 116 160 3046700056
P 117 160 3046700056
P 118 160 3046700056
P 119 160 3046700056
P 120 160 3181966361
P 121 160 3181966361
P 122 160 3181966361
P 123 160 3181966361
P 124 160 3181966361
P 125 160 3181966361
P 126 160 3181966361
P 127 160 3181966361
P 128 160 3317232666
P 129 160 3317232666
P 130 160 3317232666
P 131 160 3317232666
P 132 160 3317232666
P 133 160 3317232666
P 134 160 3317232666
P 135 160 3317232666
P 136 160 3452498971
P 137 160 3452498971
P 138 160 3452498971
P 139 160 3452498971
P 140 160 3452498971
P 141 160 3452498971
P 142 160 3452498971
P 143 160 3452498971
P 144 160 3587765276
P 145 160 3587765276
P 146 160 3587765276
P 147 160 3587765276
P 148 160 3587765276
P 149 160 3587765276
P 150 160 3587765276
P 151 160 3587765276
P 152 160 3723031581
P 153 160 3723031581
P 154 160 3723031581
P 155 160 3723031581
P 156 160 3723031581
P 157 160 3723031581
P 158 160 3723031581
P 159 160 3723031581
P 160 160 3858297886
P 161 160 3858297886
P 162 160 3858297886
P 163 160 3858297886
P 164 160 3858297886
P 165 160 3858297886
P 166 160 3858297886
P 167 160 3858297886
P 40 161 1829303311
P 41 161 1829303311
P 42 161 1829303311
P 43 161 1829303311
P 44 161 1829303311
P 45 161 1829303311
P 46 161 1829303311
P 47 161 1829303311
P 48 161 1964569616
P 49 161 1964569616
P 50 161 1964569616
P 51 161 1964569616
P 52 161 1964569616
P 53 161 1964569616
P 54 161 1964569616
P 55 161 1964569616
P 56 161 2099835921
P 57 161 2099835921
P 58 161 2099835921
P 59 161 2099835921
P 60 161 2099835921
P 61 161 2099835921
P 62 161 2099835921
P 63 161 2099835921
P 64 161 2235102226
P 65 161 2235102226
P 66 161 2235102226
P 67 161 2235102226
P 68 161 2235102226
P 69 161 2235102226
P 70 161 2235102226
P 71 161 2235102226
P 72 161 2370368531
P 73 161 2370368531
P 74 161 2370368531
P 75 161 2370368531
P 76 161 2370368531
P 77 161 2370368531
P 78 161 2370368531
P 79 161 2370368531
P 80 161 2505634836
P 81 161 2505634836
P 82 161 2505634836
P 83 161 2505634836
P 84 161 2505634836
P 85 161 2505634836
P 86 161 2505634836
P 87 161 2505634836
P 88 161 2640901141
P 89 161 2640901141
P 90 161 2640901141
P 91 161 2640901141
P 92 161 2640901141
P 93 161 2640901141
P 94 161 2640901141
P 95 161 2640901141
P 96 161 2776167446
P 97 161 2776167446
P 98 161 2776167446
P 99 161 2776167446
P 100 161 2776167446
P 101 161 2776167446
P 102 161 2776167446
P 103 161 2776167446
P 104 161 2911433751
P 105 161 2911433751
P 106 161 2911433751
P 107 161 2911433751
P 108 161 2911433751
P 109 161 2911433751
P 110 161 2911433751
P 111 161 2911433751
P 112 161 3046700056
P 113 161 3046700056
P 114 161 3046700056
P 115 161 3046700056
P 116 161 3046700056
P 117 161 3046700056
P 118 161 3046700056
P 119 161 3046700056
P 120 161 3181966361
P 121 161 3181966361
P 122 161 3181966361
P 123 161 3181966361
P 124 161 3181966361
P 125 161 3181966361
P 126 161 3181966361
P 127 161 3181966361
P 128 161 3317232666
P 129 161 3317232666
P 130 161 3317232666
P 131 161 3317232666
P 132 161 3317232666
P 133 161 3317232666
P 134 161 3317232666
P 135 161 3317232666
P 136 161 3452498971
P 137 161 3452498971
P 138 161 3452498971
P 139 161 3452498971
P 140 161 3452498971
P 141 161 3452498971
P 142 161 3452498971
P 143 161 3452498971
P 144 161 3587765276
P 145 161 3587765276
P 146 161 3587765276
P 147 161 3587765276
P 148 161 3587765276
P 149 161 3587765276
P 150 161 3587765276
P 151 161 3587765276
P 152 161 3723031581
P 153 161 3723031581
P 154 161 3723031581
P 155 161 3723031581
P 156 161 3723031581
P 157 161 3723031581
P 158 161 3723031581
P 159 161 3723031581
P 160 161 3858297886
P 161 161 3858297886
P 162 161 3858297886
P 163 161 3858297886
P 164 161 3858297886
P 165 161 3858297886
P 166 161 3858297886
P 167 161 3858297886
P 40 162 1829303311
P 41 162 1829303311
P 42 162 1829303311
P 43 162 1829303311
P 44 162 1829303311
P 45 162 1829303311
P 46 162 1829303311
P 47 162 1829303311
P 48 162 1964569616
P 49 162 1964569616
P 50 162 1964569616
P 51 162 1964569616
P 52 162 1964569616
P 53 162 1964569616
P 54 162 1964569616
P 55 162 1964569616
P 56 162 2099835921
P 57 162 2099835921
P 58 162 2099835921
P 59 162 2099835921
P 60 162 2099835921
P 61 162 2099835921
P 62 162 2099835921
P 63 162 2099835921
P 64 162 2235102226
P 65 162 2235102226
P 66 162 2235102226
P 67 162 2235102226
P 68 162 2235102226
P 69 162 2235102226
P 70 162 2235102226
P 71 162 2235102226
P 72 162 2370368531
P 73 162 2370368531
P 74 162 2370368531
P 75 162 2370368531
P 76 162 2370368531
P 77 162 2370368531
P 78 162 2370368531
P 79 162 2370368531
P 80 162 2505634836
P 81 162 2505634836
P 82 162 2505634836
P 83 162 2505634836
P 84 162 2505634836
P 85 162 2505634836
P 86 162 2505634836
P 87 162 2505634836
P 88 162 2640901141
P 89 162 2640901141
P 90 162 2640901141
P 91 162 2640901141
P 92 162 2640901141
P 93 162 2640901141
P 94 162 2640901141
P 95 162 2640901141
P 96 162 2776167446
P 97 162 2776167446
P 98 162 2776167446
P 99 162 2776167446
P 100 162 2776167446
P 101 162 2776167446
P 102 162 2776167446
P 103 162 2776167446
P 104 162 2911433751
P 105 162 2911433751
P 106 162 2911433751
P 107 162 2911433751
P 108 162 2911433751
P 109 162 2911433751
P 110 162 2911433751
P 111 162 2911433751
P 112 162 3046700056
P 113 162 3046700056
P 114 162 3046700056
P 115 162 3046700056
P 116 162 3046700056
P 117 162 3046700056
P 118 162 3046700056
P 119 162 3046700056
P 120 162 3181966361
P 121 162 3181966361
P 122 162 3181966361
P 123 162 3181966361
P 124 162 3181966361
P 125 162 3181966361
P 126 162 3181966361
P 127 162 3181966361
P 128 162 3317232666
P 129 162 3317232666
P 130 162 3317232666
P 131 162 3317232666
P 132 162 3317232666
P 133 162 3317232666
P 134 162 3317232666
P 135 162 3317232666
P 136 162 3452498971
P 137 162 3452498971
P 138 162 3452498971
P 139 162 3452498971
P 140 162 3452498971
P 141 162 3452498971
P 142 162 3452498971
P 143 162 3452498971
P 144 162 3587765276
P 145 162 3587765276
P 146 162 3587765276
P 147 162 3587765276
P 148 162 3587765276
P 149 162 3587765276
P 150 162 3587765276
P 151 162 3587765276
P 152 162 3723031581
P 153 162 3723031581
P 154 162 3723031581
P 155 162 3723031581
P 156 162 3723031581
P 157 162 3723031581
P 158 162 3723031581
P 159 162 3723031581
P 160 162 3858297886
P 161 162 3858297886
P 162 162 3858297886
P 163 162 3858297886
P 164 162 3858297886
P 165 162 3858297886
P 166 162 3858297886
P 167 162 3858297886
P 40 163 1829303311
P 41 163 1829303311
P 42 163 1829303311
P 43 163 1829303311
P 44 163 1829303311
P 45 163 1829303311
P 46 163 1829303311
P 47 163 1829303311
P 48 163 1964569616
P 49 163 1964569616
P 50 163 1964569616
P 51 163 1964569616
P 52 163 1964569616
P 53 163 1964569616
P 54 163 1964569616
P 55 163 1964569616
P 56 163 2099835921
P 57 163 2099835921
P 58 163 2099835921
P 59 163 2099835921
P 60 163 2099835921
P 61 163 2099835921
P 62 163 2099835921
P 63 163 2099835921
P 64 163 2235102226
P 65 163 2235102226
P 66 163 2235102226
P 67 163 2235102226
P 68 163 2235102226
P 69 163 2235102226
P 70 163 2235102226
P 71 163 2235102226
P 72 163 2370368531
P 73 163 2370368531
P 74 163 2370368531
P 75 163 2370368531
P 76 163 2370368531
P 77 163 2370368531
P 78 163 2370368531
P 79 163 2370368531
P 80 163 2505634836
P 81 163 2505634836
P 82 163 2505634836
P 83 163 2505634836
P 84 163 2505634836
P 85 163 2505634836
P 86 163 2505634836
P 87 163 2505634836
P 88 163 2640901141
P 89 163 2640901141
P 90 163 2640901141
P 91 163 2640901141
P 92 163 2640901141
P 93 163 2640901141
P 94 163 2640901141
P 95 163 2640901141
P 96 163 2776167446
P 97 163 2776167446
P 98 163 2776167446
P 99 163 2776167446
P 100 163 2776167446
P 101 163 2776167446
P 102 163 2776167446
P 103 163 2776167446
P 104 163 2911433751
P 105 163 2911433751
P 106 163 2911433751
P 107 163 2911433751
P 108 163 2911433751
P 109 163 2911433751
P 110 163 2911433751
P 111 163 2911433751
P 112 163 3046700056
P 113 163 3046700056
P 114 163 3046700056
P 115 163 3046700056
P 116 163 3046700056
P 117 163 3046700056
P 118 163 3046700056
P 119 163 3046700056
P 120 163 3181966361
P 121 163 3181966361
P 122 163 3181966361
P 123 163 3181966361
P 124 163 3181966361
P 125 163 3181966361
P 126 163 3181966361
P 127 163 3181966361
P 128 163 3317232666
P 129 163 3317232666
P 130 163 3317232666
P 131 163 3317232666
P 132 163 3317232666
P 133 163 3317232666
P 134 163 3317232666
P 135 163 3317232666
P 136 163 3452498971
P 137 163 3452498971
P 138 163 3452498971
P 139 163 3452498971
P 140 163 3452498971
P 141 163 3452498971
P 142 163 3452498971
P 143 163 3452498971
P 144 163 3587765276
P 145 163 3587765276
P 146 163 3587765276
P 147 163 3587765276
P 148 163 3587765276
P 149 163 3587765276
P 150 163 3587765276
P 151 163 3587765276
P 152 163 3723031581
P 153 163 3723031581
P 154 163 3723031581
P 155 163 3723031581
P 156 163 3723031581
P 157 163 3723031581
P 158 163 3723031581
P 159 163 3723031581
P 160 163 3858297886
P 161 163 3858297886
P 162 163 3858297886
P 163 163 3858297886
P 164 163 3858297886
P 165 163 3858297886
P 166 163 3858297886
P 167 163 3858297886
P 40 164 1829303311
P 41 164 1829303311
P 42 164 1829303311
P 43 164 1829303311
P 44 164 1829303311
P 45 164 1829303311
P 46 164 1829303311
P 47 164 1829303311
P 48 164 1964569616
P 49 164 1964569616
P 50 164 1964569616
P 51 164 1964569616
P 52 164 1964569616
P 53 164 1964569616
P 54 164 1964569616
P 55 164 1964569616
P 56 164 2099835921
P 57 164 2099835921
P 58 164 2099835921
P 59 164 2099835921
P 60 164 2099835921
P 61 164 2099835921
P 62 164 2099835921
P 63 164 2099835921
P 64 164 2235102226
P 65 164 2235102226
P 66 164 2235102226
P 67 164 2235102226
P 68 164 2235102226
P 69 164 2235102226
P 70 164 2235102226
P 71 164 2235102226
P 72 164 2370368531
P 73 164 2370368531
P 74 164 2370368531
P 75 164 2370368531
P 76 164 2370368531
P 77 164 2370368531
P 78 164 2370368531
P 79 164 2370368531
P 80 164 2505634836
P 81 164 2505634836
P 82 164 2505634836
P 83 164 2505634836
P 84 164 2505634836
P 85 164 2505634836
P 86 164 2505634836
P 87 164 2505634836
P 88 164 2640901141
P 89 164 2640901141
P 90 164 2640901141
P 91 164 2640901141
P 92 164 2640901141
P 93 164 2640901141
P 94 164 2640901141
P 95 164 2640901141
P 96 164 2776167446
P 97 164 2776167446
P 98 164 2776167446
P 99 164 2776167446
P 100 164 2776167446
P 101 164 2776167446
P 102 164 2776167446
P 103 164 2776167446
P 104 164 2911433751
P 105 164 2911433751
P 106 164 2911433751
P 107 164 2911433751
P 108 164 2911433751
P 109 164 2911433751
P 110 164 2911433751
P 111 164 2911433751
P 112 164 3046700056
P 113 164 3046700056
P 114 164 3046700056
P 115 164 3046700056
P 116 164 3046700056
P 117 164 3046700056
P 118 164 3046700056
P 119 164 3046700056
P 120 164 3181966361
P 121 164 3181966361
P 122 164 3181966361
P 123 164 3181966361
P 124 164 3181966361
P 125 164 3181966361
P 126 164 3181966361
P 127 164 3181966361
P 128 164 3317232666
P 129 164 3317232666
P 130 164 3317232666
P 131 164 3317232666
P 132 164 3317232666
P 133 164 3317232666
P 134 164 3317232666
P 135 164 3317232666
P 136 164 3452498971
P 137 164 3452498971
P 138 164 3452498971
P 139 164 3452498971
P 140 164 3452498971
P 141 164 3452498971
P 142 164 3452498971
P 143 164 3452498971
P 144 164 3587765276
P 145 164 3587765276
P 146 164 3587765276
P 147 164 3587765276
P 148 164 3587765276
P 149 164 3587765276
P 150 164 3587765276
P 151 164 3587765276
P 152 164 3723031581
P 153 164 3723031581
P 154 164 3723031581
P 155 164 3723031581
P 156 164 3723031581
P 157 164 3723031581
P 158 164 3723031581
P 159 164 3723031581
P 160 164 3858297886
P 161 164 3858297886
P 162 164 3858297886
P 163 164 3858297886
P 164 164 3858297886
P 165 164 3858297886
P 166 164 3858297886
P 167 164 3858297886
P 40 165 1829303311
P 41 165 1829303311
P 42 165 1829303311
P 43 165 1829303311
P 44 165 1829303311
P 45 165 1829303311
P 46 165 1829303311
P 47 165 1829303311
P 48 165 1964569616
P 49 165 1964569616
P 50 165 1964569616
P 51 165 1964569616
P 52 165 1964569616
P 53 165 1964569616
P 54 165 1964569616
P 55 165 1964569616
P 56 165 2099835921
P 57 165 2099835921
P 58 165 2099835921
P 59 165 2099835921
P 60 165 2099835921
P 61 165 2099835921
P 62 165 2099835921
P 63 165 2099835921
P 64 165 2235102226
P 65 165 2235102226
P 66 165 2235102226
P 67 165 2235102226
P 68 165 2235102226
P 69 165 2235102226
P 70 165 2235102226
P 71 165 2235102226
P 72 165 2370368531
P 73 165 2370368531
P 74 165 2370368531
P 75 165 2370368531
P 76 165 2370368531
P 77 165 2370368531
P 78 165 2370368531
P 79 165 2370368531
P 80 165 2505634836
P 81 165 2505634836
P 82 165 2505634836
P 83 165 2505634836
P 84 165 2505634836
P 85 165 2505634836
P 86 165 2505634836
P 87 165 2505634836
P 88 165 2640901141
P 89 165 2640901141
P 90 165 2640901141
P 91 165 2640901141
P 92 165 2640901141
P 93 165 2640901141
P 94 165 2640901141
P 95 165 2640901141
P 96 165 2776167446
P 97 165 2776167446
P 98 165 2776167446
P 99 165 2776167446
P 100 165 2776167446
P 101 165 2776167446
P 102 165 2776167446
P 103 165 2776167446
P 104 165 2911433751
P 105 165 2911433751
P 106 165 2911433751
P 107 165 2911433751
P 108 165 2911433751
P 109 165 2911433751
P 110 165 2911433751
P 111 165 2911433751
P 112 165 3046700056
P 113 165 3046700056
P 114 165 3046700056
P 115 165 3046700056
P 116 165 3046700056
P 117 165 3046700056
P 118 165 3046700056
P 119 165 3046700056
P 120 165 3181966361
P 121 165 3181966361
P 122 165 3181966361
P 123 165 3181966361
P 124 165 3181966361
P 125 165 3181966361
P 126 165 3181966361
P 127 165 3181966361
P 128 165 3317232666
P 129 165 3317232666
P 130 165 3317232666
P 131 165 3317232666
P 132 165 3317232666
P 133 165 3317232666
P 134 165 3317232666
P 135 165 3317232666
P 136 165 3452498971
P 137 165 3452498971
P 138 165 3452498971
P 139 165 3452498971
P 140 165 3452498971
P 141 165 3452498971
P 142 165 3452498971
P 143 165 3452498971
P 144 165 3587765276
P 145 165 3587765276
P 146 165 3587765276
P 147 165 3587765276
P 148 165 3587765276
P 149 165 3587765276
P 150 165 3587765276
P 151 165 3587765276
P 152 165 3723031581
P 153 165 3723031581
P 154 165 3723031581
P 155 165 3723031581
P 156 165 3723031581
P 157 165 3723031581
P 158 165 3723031581
P 159 165 3723031581
P 160 165 3858297886
P 161 165 3858297886
P 162 165 3858297886
P 163 165 3858297886
P 164 165 3858297886
P 165 165 3858297886
P 166 165 3858297886
P 167 165 3858297886
P 40 166 1829303311
P 41 166 1829303311
P 42 166 1829303311
P 43 166 1829303311
P 44 166 1829303311
P 45 166 1829303311
P 46 166 1829303311
P 47 166 1829303311
P 48 166 1964569616
P 49 166 1964569616
P 50 166 1964569616
P 51 166 1964569616
P 52 166 1964569616
P 53 166 1964569616
P 54 166 1964569616
P 55 166 1964569616
P 56 166 2099835921
P 57 166 2099835921
P 58 166 2099835921
P 59 166 2099835921
P 60 166 2099835921
P 61 166 2099835921
P 62 166 2099835921
P 63 166 2099835921
P 64 166 2235102226
P 65 166 2235102226
P 66 166 2235102226
P 67 166 2235102226
P 68 166 2235102226
P 69 166 2235102226
P 70 166 2235102226
P 71 166 2235102226
P 72 166 2370368531
P 73 166 2370368531
P 74 166 2370368531
P 75 166 2370368531
P 76 166 2370368531
P 77 166 2370368531
P 78 166 2370368531
P 79 166 2370368531
P 80 166 2505634836
P 81 166 2505634836
P 82 166 2505634836
P 83 166 2505634836
P 84 166 2505634836
P 85 166 2505634836
P 86 166 2505634836
P 87 166 2505634836
P 88 166 2640901141
P 89 166 2640901141
P 90 166 2640901141
P 91 166 2640901141
P 92 166 2640901141
P 93 166 2640901141
P 94 166 2640901141
P 95 166 2640901141
P 96 166 2776167446
P 97 166 2776167446
P 98 166 2776167446
P 99 166 2776167446
P 100 166 2776167446
P 101 166 2776167446
P 102 166 2776167446
P 103 166 2776167446
P 104 166 2911433751
P 105 166 2911433751
P 106 166 2911433751
P 107 166 2911433751
P 108 166 2911433751
P 109 166 2911433751
P 110 166 2911433751
P 111 166 2911433751
P 112 166 3046700056
P 113 166 3046700056
P 114 166 3046700056
P 115 166 3046700056
P 116 166 3046700056
P 117 166 3046700056
P 118 166 3046700056
P 119 166 3046700056
P 120 166 3181966361
P 121 166 3181966361
P 122 166 3181966361
P 123 166 3181966361
P 124 166 3181966361
P 125 166 3181966361
P 126 166 3181966361
P 127 166 3181966361
P 128 166 3317232666
P 129 166 3317232666
P 130 166 3317232666
P 131 166 3317232666
P 132 166 3317232666
P 133 166 3317232666
P 134 166 3317232666
P 135 166 3317232666
P 136 166 3452498971
P 137 166 3452498971
P 138 166 3452498971
P 139 166 3452498971
P 140 166 3452498971
P 141 166 3452498971
P 142 166 3452498971
P 143 166 3452498971
P 144 166 3587765276
P 145 166 3587765276
P 146 166 3587765276
P 147 166 3587765276
P 148 166 3587765276
P 149 166 3587765276
P 150 166 3587765276
P 151 166 3587765276
P 152 166 3723031581
P 153 166 3723031581
P 154 166 3723031581
P 155 166 3723031581
P 156 166 3723031581
P 157 166 3723031581
P 158 166 3723031581
P 159 166 3723031581
P 160 166 3858297886
P 161 166 3858297886
P 162 166 3858297886
P 163 166 3858297886
P 164 166 3858297886
P 165 166 3858297886
P 166 166 3858297886
P 167 166 3858297886
P 40 167 1829303311
P 41 167 1829303311
P 42 167 1829303311
P 43 167 1829303311
P 44 167 1829303311
P 45 167 1829303311
P 46 167 1829303311
P 47 167 1829303311
P 48 167 1964569616
P 49 167 1964569616
P 50 167 1964569616
P 51 167 1964569616
P 52 167 1964569616
P 53 167 1964569616
P 54 167 1964569616
P 55 167 1964569616
P 56 167 2099835921
P 57 167 2099835921
P 58 167 2099835921
P 59 167 2099835921
P 60 167 2099835921
P 61 167 2099835921
P 62 167 2099835921
P 63 167 2099835921
P 64 167 2235102226
P 65 167 2235102226
P 66 167 2235102226
P 67 167 2235102226
P 68 167 2235102226
P 69 167 2235102226
P 70 167 2235102226
P 71 167 2235102226
P 72 167 2370368531
P 73 167 2370368531
P 74 167 2370368531
P 75 167 2370368531
P 76 167 2370368531
P 77 167 2370368531
P 78 167 2370368531
P 79 167 2370368531
P 80 167 2505634836
P 81 167 2505634836
P 82 167 2505634836
P 83 167 2505634836
P 84 167 2505634836
P 85 167 2505634836
P 86 167 2505634836
P 87 167 2505634836
P 88 167 2640901141
P 89 167 2640901141
P 90 167 2640901141
P 91 167 2640901141
P 92 167 2640901141
P 93 167 2640901141
P 94 167 2640901141
P 95 167 2640901141
P 96 167 2776167446
P 97 167 2776167446
P 98 167 2776167446
P 99 167 2776167446
P 100 167 2776167446
P 101 167 2776167446
P 102 167 2776167446
P 103 167 2776167446
P 104 167 2911433751
P 105 167 2911433751
P 106 167 2911433751
P 107 167 2911433751
P 108 167 2911433751
P 109 167 2911433751
P 110 167 2911433751
P 111 167 2911433751
P 112 167 3046700056
P 113 167 3046700056
P 114 167 3046700056
P 115 167 3046700056
P 116 167 3046700056
P 117 167 3046700056
P 118 167 3046700056
P 119 167 3046700056
P 120 167 3181966361
P 121 167 3181966361
P 122 167 3181966361
P 123 167 3181966361
P 124 167 3181966361
P 125 167 3181966361
P 126 167 3181966361
P 127 167 3181966361
P 128 167 3317232666
P 129 167 3317232666
P 130 167 3317232666
P 131 167 3317232666
P 132 167 3317232666
P 133 167 3317232666
P 134 167 3317232666
P 135 167 3317232666
P 136 167 3452498971
P 137 167 3452498971
P 138 167 3452498971
P 139 167 3452498971
P 140 167 3452498971
P 141 167 3452498971
P 142 167 3452498971
P 143 167 3452498971
P 144 167 3587765276
P 145 167 3587765276
P 146 167 3587765276
P 147 167 3587765276
P 148 167 3587765276
P 149 167 3587765276
P 150 167 3587765276
P 151 167 3587765276
P 152 167 3723031581
P 153 167 3723031581
P 154 167 3723031581
P 155 167 3723031581
P 156 167 3723031581
P 157 167 3723031581
P 158 167 3723031581
P 159 167 3723031581
P 160 167 3858297886
P 161 167 3858297886
P 162 167 3858297886
P 163 167 3858297886
P 164 167 3858297886
P 165 167 3858297886
P 166 167 3858297886
P 167 167 3858297886
